tree
version=v4
num_class=1
num_tree_per_iteration=1
label_index=0
max_feature_idx=70
objective=quantile
feature_names=Column_0 Column_1 Column_2 Column_3 Column_4 Column_5 Column_6 Column_7 Column_8 Column_9 Column_10 Column_11 Column_12 Column_13 Column_14 Column_15 Column_16 Column_17 Column_18 Column_19 Column_20 Column_21 Column_22 Column_23 Column_24 Column_25 Column_26 Column_27 Column_28 Column_29 Column_30 Column_31 Column_32 Column_33 Column_34 Column_35 Column_36 Column_37 Column_38 Column_39 Column_40 Column_41 Column_42 Column_43 Column_44 Column_45 Column_46 Column_47 Column_48 Column_49 Column_50 Column_51 Column_52 Column_53 Column_54 Column_55 Column_56 Column_57 Column_58 Column_59 Column_60 Column_61 Column_62 Column_63 Column_64 Column_65 Column_66 Column_67 Column_68 Column_69 Column_70
feature_infos=[66131:160560] [-20:34.149999999999999] [25.719044:100] [36.971664299722725:71.559848645091535] [0:23] [0:6] [1:10] [1:31] [0:1] [0:1] [0:0.99270887409805397] [66131:160560] [66131:160560] [66131:160560] [72233.041666666672:137142.20833333334] [2057.6408592873181:22024.617595875727] [-9183:8446] [-20:34.149999999999999] [-20:34.149999999999999] [-20:34.149999999999999] [-16.568749999999998:29.675000000000001] [0.52945401875049547:7.951298487978419] [-5.8000000000000007:5.5499999999999972] [25.719044:100] [25.719044:100] [25.719044:100] [45.313373250000005:95.04641233333335] [0.97911827352794878:23.426507825749582] [-30.049300000000002:30.860949999999995] [36.971664299722725:71.559848645091535] [36.971664299722725:71.559848645091535] [36.971664299722725:71.559848645091535] [45.760024263258238:67.819212344444352] [0.67909628204517791:7.5954539582083802] [-8.6935655667746659:7.6341842441526993] [6201:33428] [6201:33428] [6201:33428] [7216.916666666667:32362.625] [18440:75926] [18440:75926] [18440:75926] [24497.5:64836.833333333336] [25199:33959] [25199:33959] [26474:33959] [25316:33930.166666666664] [43:6933] [43:6933] [43:6933] [83.541666666666671:5366.375] [366:3539] [366:3539] [366:3539] [431.45833333333331:2835.4583333333335] [0:12186] [0:12186] [0:12186] [281.875:5366.791666666667] [85:6739] [85:6739] [85:6739] [718.33333333333337:3117.0833333333335] [29:9938] [29:9938] [29:9938] [157.125:8964.4166666666661] [68553:162721] [68553:162721] [68553:162721] [74746.875:140862.16666666666]
tree_sizes=3564 3633 3980 3898 4046 4203 4230 4155 4048 4397 4064 4572 4393 4230 4219 4319 4320 4557 4649 4400 4656 4595 4683 4496 4416 4987 5255 4841 5168 5000 5169 4924 4510 5267 5427 5433 5433 5439 5394 5195 5452 5452 5433 5457 5446 5440 5466 5462 5455 5454 5472 5460 5459 5465 5478 5487 5457 5478 5465 5451 5496 5493 5450 5470 5447 5449 5465 5474 5467 5447 5479 5481 5456 5497 5483 5471 5459 5466 5457 5474 5445 5471 5456 5477 5475 5443 5464 5467 5470 5454 5454 5474 5448 5471 5458 5452 5465 5466 5434 5468 5463 5458 5472 5471 5481 5455 5453 5477 5504 5476 5459 5478 5485 5489 5473 5455 5448 5484 5479 5458 5468 5477 5478 5457 5484 5470 5465 5473 5479 5470 5470 5447 5488 5450 5480 5491 5503 5471 5474 5517 5487 5467 5479 5447 5482 5466 5471 5470 5503 5477 5495 5473 5491 5495 5477 5483 5482 5466 5475 5483 5483 5459 5485 5504 5482 5472 5495 5503 5517 5506 5488 5480 5506 5490 5513 5497 5528 5510 5518 5469

Tree=0
num_leaves=43
num_cat=0
split_feature=38 38 36 5 5 20 36 58 37 19 54 66 38 48 21 46 47 16 12 47 34 46 16 35 19 16 1 60 38 5 50 3 1 33 0 38 30 16 0 0 54 27
split_gain=231.434 41.7409 35.602 20.7858 18.4184 14.8715 13.3658 12.7892 10.9627 9.7826 8.29285 7.80491 5.97365 6.16519 5.79548 4.93564 5.44142 4.58238 3.90362 4.71456 5.69047 3.70465 3.5586 2.70747 2.30341 1.5854 1.54862 1.54373 1.3896 3.88642 5.2202 1.06989 0.97244 0.952081 0.8331 0.750724 0.681719 0.405235 0.687824 0.161109 0.0371569 0.0350696
threshold=23782.395833333339 28101.208333333336 26663.000000000004 4.5000000000000009 2.5000000000000004 25.775000000000002 19921.500000000004 3820.541666666667 17968.500000000004 26.975000000000005 1843.666666666667 2246.7500000000005 23031.604166666668 319.50000000000006 3.5798534878763069 32131.041666666668 218.50000000000003 4724.0000000000009 146437.50000000003 684.50000000000011 0.29498923813204675 33830.791666666679 1920.5000000000002 29234.500000000004 24.225000000000005 -4258.4999999999991 24.325000000000006 750.50000000000011 21663.875000000004 5.5000000000000009 387.58333333333343 68.855247053115974 20.675000000000001 2.2507807240625062 106608.00000000001 28298.916666666668 62.327032901371162 3079.0000000000005 107660.00000000001 113893.50000000001 2426.6041666666674 16.891622103097138
decision_type=2 2 2 2 2 2 2 2 2 2 2 2 2 2 2 2 2 2 2 2 2 2 2 2 2 2 2 2 2 2 2 2 2 2 2 2 2 2 2 2 2 2
left_child=5 2 4 18 9 12 11 33 -4 15 34 14 28 22 -7 -2 21 23 19 20 -3 -17 27 31 26 -18 -8 -14 40 37 -31 36 -15 -6 -9 -21 -10 -30 -39 -26 -1 -38
right_child=1 3 8 -5 7 6 24 10 17 -11 -12 -13 13 32 -16 16 25 -19 -20 35 -22 -23 -24 -25 39 -27 -28 -29 29 30 -32 -33 -34 -35 -36 -37 41 38 -40 -41 -42 -43
leaf_value=26578.131157662869 26869.293240070343 26937.882241503001 26907.513239841461 26817.429241573809 26809.278239351512 26851.80324165821 26807.682229779959 26902.563237817289 26857.020236765147 26837.853242187499 26828.01322180271 26935.413227567671 26817.864240490198 26840.98824198365 26805.798236483337 26853.468241461516 26921.253219957351 26905.812238706349 26877.402228828669 26925.225228528976 26860.755240960119 26939.823236050604 26893.653220036031 26916.330235263111 26794.587225499152 26950.527241599561 26876.658237091302 26846.58324140072 26777.517228238583 26791.230240427256 26910.54924110174 26837.337240676879 26790.123240606787 26845.458237091301 26905.509237539769 26990.751239738463 26778.633238396644 26842.023237566948 26783.139220538138 26762.820206466913 26803.9232399559 26798.622236710788
leaf_weight=5139 21 34 21 34 66 21 20 27 20 26 20 36 22 20 26 30 22 32 20 23 23 34 20 22 20 138 20 21 200 24 24 25 86 26 20 215 213 20 29 94 21 20
leaf_count=5139 21 34 21 34 66 21 20 27 20 26 20 36 22 20 26 30 22 32 20 23 23 34 20 22 20 138 20 21 200 24 24 25 86 26 20 215 213 20 29 94 21 20
internal_value=26825.2 26825.2 26825.2 26825.2 26825.2 26825.2 26825.2 26825.2 26825.2 26825.2 26825.2 26825.2 26825.2 26825.2 26825.2 26825.2 26825.2 26825.2 26825.2 26825.2 26825.2 26825.2 26825.2 26825.2 26825.2 26825.2 26825.2 26825.2 26825.2 26825.2 26825.2 26825.2 26825.2 26825.2 26825.2 26825.2 26825.2 26825.2 26825.2 26825.2 26825.2 26825.2
internal_weight=6995 1132 783 349 430 5863 237 159 353 271 67 83 5626 169 47 245 224 332 315 295 57 64 63 300 154 160 40 43 5457 297 48 278 106 92 47 238 253 249 49 114 5160 233
internal_count=6995 1132 783 349 430 5863 237 159 353 271 67 83 5626 169 47 245 224 332 315 295 57 64 63 300 154 160 40 43 5457 297 48 278 106 92 47 238 253 249 49 114 5160 233
is_linear=0
shrinkage=1


Tree=1
num_leaves=42
num_cat=0
split_feature=38 41 5 64 20 36 50 21 5 66 6 51 27 66 38 48 21 41 10 59 50 41 25 53 50 25 3 38 5 49 36 1 44 49 16 51 25 54 15 1 1
split_gain=227.789 41.4041 50.1579 20.0292 14.9337 13.3658 12.0947 10.4503 8.60688 8.57569 6.90285 6.84267 6.82818 6.6083 5.63203 5.67973 5.18787 5.17975 4.12647 3.39206 3.26291 2.91251 2.68569 2.1366 1.57459 1.45168 1.26403 1.13432 3.47941 5.02733 1.02233 0.97244 0.950816 0.707921 0.449189 0.427508 0.13188 0.0371569 0.0296287 0.0174607 0.016021
threshold=23782.395833333339 55692.000000000007 3.5000000000000004 1321.0000000000002 25.775000000000002 19921.500000000004 1023.2291666666669 2.9720306029655208 2.5000000000000004 6552.0208333333348 6.5000000000000009 1587.5000000000002 4.4636946352417199 2246.7500000000005 23031.604166666668 319.50000000000006 3.5798534878763069 49652.000000000007 0.46472317204376884 449.00000000000006 1432.4375000000002 42852.500000000007 84.580555000000018 2053.5000000000005 289.27083333333343 84.075152500000016 68.475151584439146 21663.875000000004 5.5000000000000009 195.50000000000003 21725.000000000004 20.675000000000001 33907.500000000007 2058.5000000000005 -4426.9999999999991 668.50000000000011 85.017375000000015 2426.6041666666674 7285.5757550506314 24.125000000000004 22.825000000000006
decision_type=2 2 2 2 2 2 2 2 2 2 2 2 2 2 2 2 2 2 2 2 2 2 2 2 2 2 2 2 2 2 2 2 2 2 2 2 2 2 2 2 2
left_child=4 2 3 8 14 13 32 12 17 19 -10 25 -8 16 27 21 -6 40 26 -5 -19 -16 30 24 -21 -9 -3 37 35 -30 -7 -17 38 34 -26 -29 -14 -1 -4 -12 -2
right_child=1 18 6 9 5 22 7 11 10 -11 39 -13 36 -15 15 31 -18 20 -20 23 -22 -23 -24 -25 33 -27 -28 28 29 -31 -32 -33 -34 -35 -36 -37 -38 -39 -40 -41 -42
leaf_value=-239.65601925451756 45.002182398676851 -63.593234747392884 -38.288529059730834 37.887804980574046 25.805902220964452 19.36046211591183 114.26846065993311 70.906445507955581 62.002100849103627 24.200180350184418 -14.654348805606386 31.283550102557626 -16.130462760063214 106.90758855314259 23.332551230578837 15.315352536642603 -18.818952798664611 67.454177816748597 66.783258592659521 82.54417571389672 13.413316434817313 33.850403170037239 48.790246492874644 53.927546087758344 107.13140077843669 120.80846010203364 28.370078565466354 1.3808069432518275 83.386522753357923 -24.372921812617786 -51.135309905107064 -34.023698798918772 16.231249014151143 76.193239338970201 153.78515221559999 -49.392674686215884 2.7343348802908189 -20.637699430274914 -13.620880427241282 -13.892350061595462 62.742165942533994
leaf_weight=5139 20 143 94 20 21 20 34 20 26 24 33 22 45 36 30 20 26 24 25 21 23 33 21 20 20 40 31 32 20 28 113 86 20 21 322 217 20 21 20 20 24
leaf_count=5139 20 143 94 20 21 20 34 20 26 24 33 22 45 36 30 20 26 24 25 21 23 33 21 20 20 40 31 32 20 28 113 86 20 21 322 217 20 21 20 20 24
internal_value=-3.17372e-05 0.0122878 0.0149373 0.0199045 -0.00241101 0.00495993 0.00517931 0.0102374 0.0110935 0.0232381 0.00379267 0.0181608 0.00363269 0.014657 -0.00272214 0.00266115 0.00713376 0.0173875 -0.000120543 0.0242278 0.0103185 0.00979398 -0.000253083 0.024833 0.025345 0.023411 -0.00177484 -0.00288945 -0.00107035 0.00629938 -0.00184824 -0.00155514 -0.00163311 0.0258276 0.0261941 -0.00250502 -0.00202765 -0.00299355 -0.00270815 -0.00237288 0.0248299
internal_weight=6995 1132 933 618 5863 237 315 181 170 448 79 82 99 83 5626 169 47 91 199 424 47 63 154 404 384 60 174 5457 297 48 133 106 134 363 342 249 65 5160 114 53 44
internal_count=6995 1132 933 618 5863 237 315 181 170 448 79 82 99 83 5626 169 47 91 199 424 47 63 154 404 384 60 174 5457 297 48 133 106 134 363 342 249 65 5160 114 53 44
is_linear=0
shrinkage=0.03


Tree=2
num_leaves=46
num_cat=0
split_feature=38 38 12 5 5 58 38 10 58 16 48 31 47 13 53 62 26 35 52 31 47 16 53 35 68 12 41 66 5 68 52 20 12 20 20 2 35 35 21 2 20 26 11 38 16
split_gain=218.561 40.6077 31.7932 19.8349 19.7755 16.3184 14.3532 10.5938 10.9635 9.53944 8.30362 5.34381 4.51018 5.53798 5.47507 4.30517 4.10753 3.88986 3.83668 3.57003 3.89776 5.18592 3.08217 5.07612 3.83571 2.44747 2.07812 1.88922 1.42597 5.34738 1.00306 0.845152 0.611001 0.594348 0.538126 1.18353 0.528694 0.432669 0.324287 0.139324 0.0848418 0.0726328 0.0922499 0.0406746 0.267982
threshold=23782.395833333339 28101.208333333336 113091.00000000001 4.5000000000000009 2.5000000000000004 3847.5000000000005 21189.729166666668 0.74305326206722599 4130.7500000000009 5160.5000000000009 344.50000000000006 60.856531390662646 703.50000000000011 100346.50000000001 2105.5000000000005 2306.0833333333335 82.968855375000018 29234.500000000004 1353.5000000000002 62.925986152251461 218.50000000000003 -4001.4999999999995 1597.5000000000002 25456.500000000004 113385.00000000001 92190.000000000015 46551.000000000007 1287.3541666666667 2.5000000000000004 129097.00000000001 919.50000000000011 26.621875000000006 128977.00000000001 -6.8677083333333329 25.630208333333339 76.015440000000012 27578.500000000004 23896.000000000004 3.4510229603928253 72.420938000000021 25.842708333333338 83.248059854166669 113247.00000000001 20314.291666666668 3509.5000000000005
decision_type=2 2 2 2 2 2 2 2 2 2 2 2 2 2 2 2 2 2 2 2 2 2 2 2 2 2 2 2 2 2 2 2 2 2 2 2 2 2 2 2 2 2 2 2 2
left_child=6 2 4 12 19 33 34 22 16 10 -4 -11 13 -3 30 -7 27 28 -10 38 26 -22 23 25 -25 -8 -21 -9 29 -12 -14 37 -31 -6 43 -36 41 -27 -2 -29 -23 -24 -43 -1 -45
right_child=1 3 9 -5 5 15 7 8 18 11 17 -13 14 -15 -16 -17 -18 -19 -20 20 21 40 36 24 -26 31 -28 39 -30 32 -32 -33 -34 -35 35 -37 -38 -39 -40 -41 -42 42 -44 44 -46
leaf_value=-270.26028212733291 125.94928837531994 106.22197735445373 95.061691149188775 -7.1056651478562634 15.74431154372658 78.625405613026459 19.664313194968617 13.765205999904309 45.671374784668984 68.840082447084484 48.539754185997019 58.0287437497703 121.76940632729678 47.742733296651387 45.415657954665207 62.00953340392239 47.446923053881001 51.733506182679903 59.492344477137628 56.727538659270657 38.877556043200769 67.882570329504532 -68.2042721910002 107.83905324908729 16.762530108754326 -28.377737298938555 68.681735575557511 -16.011217451215014 -44.063784948843498 29.692084071826162 156.26168359254692 23.625554772163898 -59.271206199935023 -21.629695496141373 -40.460315555795852 6.9632098309113335 1.5324315597842493 5.1688848945318746 174.13162183908096 -22.034179495246754 60.596765867118677 -82.041933406507198 -64.655313086251866 -77.348257877302387 -1.1662562722685106
leaf_weight=4890 67 23 27 34 20 33 30 35 32 20 22 33 25 36 21 21 24 26 20 20 28 43 261 24 20 122 21 20 191 20 210 20 80 71 45 20 25 29 20 53 20 20 21 125 27
leaf_count=4890 67 23 27 34 20 33 30 35 32 20 22 33 25 36 21 21 24 26 20 20 28 43 261 24 20 122 21 20 191 20 210 20 80 71 45 20 25 29 20 53 20 20 21 125 27
internal_value=-4.46034e-05 0.0120228 0.00822117 0.0205385 0.0147075 0.00607857 -0.00237519 0.00147996 0.00774036 0.00257695 0.000844031 0.0144633 0.022888 0.0152284 0.0246349 0.0191312 0.00311128 -0.000424654 0.019405 0.0204016 0.0171915 0.0206806 -0.000529628 0.00200734 0.0112245 -7.149e-10 0.00934306 0.000582793 -0.00136059 0.00115479 0.0259549 -0.00140269 -0.00176823 -0.00164654 -0.00294649 -0.000184333 -0.00243962 -0.00218398 0.0252124 -0.00213406 0.0254834 -0.00279047 -0.00145985 -0.0029815 -0.00238659
internal_weight=6995 1132 783 349 364 145 5863 756 184 419 366 53 315 59 256 54 132 339 52 219 132 91 572 245 44 201 41 108 313 122 235 171 100 91 5107 65 327 151 87 73 63 302 41 5042 152
internal_count=6995 1132 783 349 364 145 5863 756 184 419 366 53 315 59 256 54 132 339 52 219 132 91 572 245 44 201 41 108 313 122 235 171 100 91 5107 65 327 151 87 73 63 302 41 5042 152
is_linear=0
shrinkage=0.03


Tree=3
num_leaves=45
num_cat=0
split_feature=70 19 5 6 35 58 27 43 42 61 47 20 59 6 49 11 61 37 20 12 43 30 59 53 32 58 35 42 68 18 13 1 59 49 35 20 62 17 59 66 32 16 70 3
split_gain=169.615 67.6647 35.5443 26.3476 18.9072 11.985 10.3998 7.87901 9.78481 7.48063 7.21302 6.46907 6.4332 5.41588 5.38358 5.32284 4.81644 4.70013 3.24915 6.69195 3.034 2.70605 3.02504 2.62673 1.97194 2.2456 1.97144 2.82366 1.7531 1.55403 1.23995 1.1402 0.583593 0.581291 0.577262 0.413859 2.65221 0.393914 1.95923 0.184751 0.179403 0.0444606 0.351885 0.0308656
threshold=114998.43750000001 24.325000000000006 3.5000000000000004 6.5000000000000009 26904.000000000004 3306.7500000000005 17.31162914393207 33742.500000000007 58429.958333333336 2391.5000000000005 929.50000000000011 -6.8677083333333329 966.50000000000011 6.5000000000000009 758.00000000000011 118518.50000000001 374.50000000000006 17256.000000000004 25.630208333333339 89798.000000000015 33929.500000000007 63.263681648586761 657.50000000000011 1742.5000000000002 65.274129353811531 1840.6250000000002 25031.000000000004 42050.291666666679 109701.00000000001 25.225000000000005 110899.50000000001 -7.2249999999999988 765.50000000000011 1570.5000000000002 29234.500000000004 24.67604166666667 2186.8958333333339 -3.9749999999999996 739.50000000000011 503.37500000000006 61.963118501117556 4724.0000000000009 106660.50000000001 59.460342664267003
decision_type=2 2 2 2 2 2 2 2 2 2 2 2 2 2 2 2 2 2 2 2 2 2 2 2 2 2 2 2 2 2 2 2 2 2 2 2 2 2 2 2 2 2 2 2
left_child=4 2 3 14 11 -5 12 8 17 13 -9 -1 16 -3 28 -16 -7 -4 20 -20 26 22 -15 -18 43 -26 35 -28 -2 -14 -23 -17 -21 -32 39 37 -37 38 -13 -11 -30 -39 -43 -19
right_child=1 9 7 5 -6 6 -8 10 -10 34 -12 18 29 21 15 31 23 24 19 32 -22 30 -24 -25 25 -27 27 -29 40 -31 33 -33 -34 -35 -36 36 -38 41 -40 -41 -42 42 -44 -45
leaf_value=47.336491708779903 156.82998465610402 83.50319182733412 63.198086268895963 -14.204828136735086 139.22214386946013 20.955366722456539 -7.0167667534478584 91.819765720235267 51.393114353347286 -7.2435316640385823 118.55898767225452 79.39288913823485 38.082449603535458 58.802125632974054 38.352946012619093 162.84607115704523 62.056544644656611 -70.9206490687978 28.274379910183264 11.719999859135154 81.589148732483878 7.3501703779423924 26.676245907896245 63.306342559185971 43.683557331570988 -4.4524289294092796 100.86114186194278 -45.870142459880483 81.249928052901268 1.5688584204507308 -19.952452339823445 41.740160335289652 -33.426492642767464 10.593247304641629 24.553393223008047 -94.45314862549462 40.68951929760162 -229.70166629632195 -29.896606108715094 -88.7297150955756 145.18802549988658 -213.76849216145681 0.92073015991041751 -17.835408090012539
leaf_weight=37 39 28 39 46 34 21 31 22 37 20 28 20 21 20 24 24 73 20 25 20 20 37 38 35 23 32 20 28 20 22 65 20 66 20 23 117 20 4920 96 271 223 120 21 109
leaf_count=37 39 28 39 46 34 21 31 22 37 20 28 20 21 20 24 24 73 20 25 20 20 37 38 35 23 32 20 28 20 22 65 20 66 20 23 117 20 4920 96 271 223 120 21 109
internal_value=-9.6068e-05 0.00911467 0.0140579 0.0183275 -0.00246563 0.010839 0.0139734 0.0057949 0.00367935 0.000499904 0.0167066 -0.00260339 0.0168565 0.00491591 0.0236418 0.0159031 0.0202169 0.0012909 -0.0026881 0.00237624 -0.00279315 0.00298168 0.00831325 0.0227845 -0.000700707 0.00402904 -0.00283714 0.00318087 0.025491 0.00668213 0.00041769 0.0221088 -0.00156794 -0.00155112 -0.00241643 -0.00289212 -0.00122538 -0.00293562 -0.00116279 -0.00278255 0.0264829 -0.00297564 -0.00233877 -0.00274206
internal_weight=6995 1431 909 599 5564 249 203 310 260 522 50 5530 172 208 350 68 129 223 5493 111 5382 180 58 108 184 55 5362 48 282 43 122 44 86 85 314 5314 137 5177 116 291 243 5061 141 129
internal_count=6995 1431 909 599 5564 249 203 310 260 522 50 5530 172 208 350 68 129 223 5493 111 5382 180 58 108 184 55 5362 48 282 43 122 44 86 85 314 5314 137 5177 116 291 243 5061 141 129
is_linear=0
shrinkage=0.03


Tree=4
num_leaves=47
num_cat=0
split_feature=38 35 20 36 37 20 36 58 5 37 37 67 50 52 25 38 28 68 60 13 42 27 38 25 62 53 19 5 60 38 62 36 22 58 1 68 44 20 11 47 5 13 37 11 11 2
split_gain=210.106 38.8009 26.2553 23.6052 14.9899 13.548 11.4153 11.2353 11.8913 7.32032 6.33025 5.86346 5.73229 5.65325 5.38101 4.81424 4.57732 4.29933 5.08923 4.42319 4.14615 3.56007 2.84607 2.7951 2.71766 2.37595 2.24698 1.99105 6.83403 1.26869 3.22248 2.8161 1.05516 1.84338 0.557845 0.50702 0.422319 0.418361 0.357116 0.287872 0.215544 0.182532 0.179924 0.0376481 0.025486 0.016021
threshold=23782.395833333339 29384.500000000004 -8.9552083333333314 25945.000000000004 17968.500000000004 25.842708333333338 20078.000000000004 3787.1458333333335 1.5000000000000002 25826.500000000004 15517.500000000002 117220.50000000001 2733.1666666666674 1501.5000000000002 75.558027500000023 23031.604166666668 -1.6837300000000004 113823.50000000001 635.50000000000011 100148.50000000001 49267.583333333336 16.200583495405112 28101.208333333336 84.580555000000018 2232.5416666666674 1885.5000000000002 22.725000000000005 2.5000000000000004 1728.5000000000002 20314.291666666668 945.20833333333337 17889.000000000004 1.1750000000000009 3880.6666666666674 -6.2749999999999995 137023.00000000003 33824.500000000007 25.393750000000001 108405.00000000001 780.50000000000011 3.5000000000000004 90261.500000000015 20049.000000000004 89460.500000000015 111059.00000000001 85.077210000000022
decision_type=2 2 2 2 2 2 2 2 2 2 2 2 2 2 2 2 2 2 2 2 2 2 2 2 2 2 2 2 2 2 2 2 2 2 2 2 2 2 2 2 2 2 2 2 2 2
left_child=5 2 11 7 -5 15 10 8 9 45 -7 -2 22 39 20 29 -15 18 -17 -20 -3 -12 27 38 -24 40 34 28 -6 37 -31 -32 41 -34 -10 -30 -13 -1 -8 -9 -16 -33 -29 -43 -19 -4
right_child=1 14 3 4 12 6 23 13 26 -11 21 36 -14 16 25 17 -18 44 19 -21 -22 -23 24 -25 -26 -27 -28 42 35 30 31 32 33 -35 -36 -37 -38 -39 -40 -41 -42 43 -44 -45 -46 -47
leaf_value=-255.96940267900638 100.64307983911067 143.70040147616575 118.44541552373659 72.86874764794463 65.430045118762351 110.027893071261 3.5260419181492528 85.040582705233987 13.851887446151412 17.699032573863878 38.098749523694821 85.230143897147315 54.307317672731465 98.41473593569205 156.36041506602476 -11.382572482929767 48.586683188019094 -27.257340497897918 5.460066519682341 97.211491767542356 146.90441608740994 -4.3986184695451147 4.5258986198550053 44.386164324942229 29.192907653438887 39.23881448769265 47.453737529212255 -11.111054446165118 26.91625590918547 77.011102464087799 36.081827661172753 -0.35114109449435799 -29.454155971805818 19.171953510907237 -11.899230758883041 -55.443518657318513 108.93958754862466 0.038613720614960205 -51.564692795913203 65.486354473698967 112.73320758867899 -43.592924498264345 -46.3236780127191 -64.749922546406836 -56.214578760181482 57.332357299289633
leaf_weight=4880 28 21 20 38 28 24 20 57 20 33 37 72 28 27 134 34 39 20 22 31 29 21 27 21 22 20 21 20 23 20 24 20 30 20 56 74 20 21 96 20 30 20 201 440 62 24
leaf_count=4880 28 21 20 38 28 24 20 57 20 33 37 72 28 27 134 34 39 20 22 31 29 21 27 21 22 20 21 20 23 20 24 20 30 20 56 74 20 21 96 20 30 20 201 440 62 24
internal_value=-0.000100357 0.0117313 0.00888876 0.00686673 0.0025244 -0.00238543 0.00492926 0.0131693 0.00801264 0.0168093 0.0137759 0.0219567 0.000893405 0.019413 0.0226185 -0.00266987 0.0128442 0.00230633 0.00695752 0.0127684 0.0137126 0.00831325 -3.03728e-05 -0.00035011 0.00672098 0.0250136 0.000988671 -0.000996822 0.00201439 -0.00282406 -0.00147884 -0.00191121 -0.00237125 0.00173653 -0.00137976 -0.00173018 0.0256352 -0.00298096 -0.00219638 0.0249805 0.026234 -0.00280567 -0.0027137 -0.00292763 -0.0025944 0.0248299
internal_weight=6995 1132 898 778 461 5863 219 317 174 77 82 120 423 143 234 5644 66 169 87 53 50 58 395 137 49 184 97 346 125 5475 574 554 530 50 76 97 92 4901 116 77 164 480 221 460 82 44
internal_count=6995 1132 898 778 461 5863 219 317 174 77 82 120 423 143 234 5644 66 169 87 53 50 58 395 137 49 184 97 346 125 5475 574 554 530 50 76 97 92 4901 116 77 164 480 221 460 82 44
is_linear=0
shrinkage=0.03


Tree=5
num_leaves=49
num_cat=0
split_feature=38 20 49 5 47 38 36 38 36 24 20 6 33 29 66 59 20 14 16 59 41 51 33 23 65 19 66 11 56 5 69 53 23 46 20 60 47 66 51 36 28 30 38 25 3 22 16 0
split_gain=201.94 37.9148 33.6562 27.9132 15.7659 11.5947 10.7879 12.5842 9.43476 8.37545 6.66293 7.53431 6.59226 6.0645 5.88101 4.37016 4.24272 4.01141 3.70835 3.72176 3.47871 3.15658 3.11188 3.96409 4.27352 4.18871 2.38464 2.24411 1.61963 2.407 1.47905 1.36639 0.937067 0.857346 0.628728 1.72162 0.507265 0.746951 0.481465 0.342097 0.177264 0.149643 0.109771 0.614826 0.104479 0.0367959 0.0331775 0.0108939
threshold=23782.395833333339 -8.9552083333333314 236.50000000000003 2.5000000000000004 493.50000000000006 21320.541666666672 23818.500000000004 28101.208333333336 18687.500000000004 75.98955500000001 26.456250000000001 1.5000000000000002 2.2640938101978585 64.960454725833117 4116.1875000000009 449.00000000000006 26.335416666666671 100861.39583333334 4632.0000000000009 719.50000000000011 48904.500000000007 1716.5000000000002 2.5471285840270546 67.988417000000013 2763.0000000000005 23.625000000000004 781.83333333333337 117514.00000000001 16.500000000000004 2.5000000000000004 111998.00000000001 774.50000000000011 94.765770000000018 33805.458333333336 25.630208333333339 647.50000000000011 329.50000000000006 3067.8958333333339 668.50000000000011 25789.000000000004 7.2200010000000008 57.894045499459331 20188.229166666668 95.121055000000013 68.475151584439146 1.7 4632.0000000000009 99765.000000000015
decision_type=2 2 2 2 2 2 2 2 2 2 2 2 2 2 2 2 2 2 2 2 2 2 2 2 2 2 2 2 2 2 2 2 2 2 2 2 2 2 2 2 2 2 2 2 2 2 2 2
left_child=5 9 3 15 33 34 21 18 12 -2 11 -6 -7 31 -11 -3 26 -10 28 -20 36 -4 32 41 25 -25 -14 -16 29 -8 47 -9 38 -5 42 -36 37 -17 -19 -30 45 -24 -1 46 -41 -40 -44 -26
right_child=1 2 6 4 10 8 7 13 17 14 -12 -13 16 -15 27 20 -18 22 19 -21 -22 -23 23 24 30 -27 -28 -29 39 -31 -32 -33 -34 -35 35 -37 -38 -39 40 44 -42 -43 43 -45 -46 -47 -48 -49
leaf_value=-250.02431709960513 146.79544910759836 18.615490917987117 79.55845956026171 -12.422126688327641 97.278692781134851 -20.412598208395924 33.471887897179386 -4.5117031264324856 92.403827435468543 18.65603988437044 59.928245601883553 -30.048754862796251 38.386378888838443 95.199487607628001 99.659271788884126 40.359624602396217 108.34122417045786 6.2823351167192287 66.349169919946945 14.813096590735862 52.162746120428416 35.171479187441136 -5.3159042477579641 54.308752206898866 -52.95439110528487 11.430902681570485 6.4550808792900982 104.87275897770515 7.9659374385709647 -32.988753911652616 16.959818285942536 56.832947659903212 10.418951989931331 18.076372743115403 5.1445887167119899 -30.181190775232249 107.15409343453499 106.69802509799295 -48.759393192627023 -42.043648110036166 -68.539415383036385 -43.230998400052776 -80.818996259492693 3.3093283537271438 -0.43633683724668648 -1.188750882266677 -6.104779574061717 -15.992036790041157
leaf_weight=4867 150 23 23 74 24 25 21 22 24 22 39 25 20 38 30 30 20 27 21 33 20 20 20 22 21 24 26 23 21 23 23 28 21 29 20 55 105 37 328 220 20 68 151 21 31 20 20 20
leaf_count=4867 150 23 23 74 24 25 21 22 24 22 39 25 20 38 30 30 20 27 21 33 20 20 20 22 21 24 26 23 21 23 23 28 21 29 20 55 105 37 328 220 20 68 151 21 31 20 20 20
internal_value=-0.000186131 0.0114133 0.00867159 0.0150923 0.00671899 -0.00242636 0.00346039 0.00210216 0.00111096 0.0224434 0.0160386 0.00855397 0.0101427 0.0122928 0.0141411 0.0225105 0.0151135 -0.000173955 -0.000316131 0.00693161 0.0240031 0.017819 -0.000649732 0.00243816 0.00623978 0.0132104 0.00995662 0.019548 -0.00156596 0.0037415 0.00117005 0.00532934 -0.00212689 -0.00122212 -0.00292924 -0.000159788 0.025398 0.0228912 -0.00246014 -0.0024366 -0.00274654 -0.0022815 -0.0029697 -0.00220198 -0.00274791 -0.00290434 -0.00280538 -0.00218978
internal_weight=6995 1132 907 406 191 5863 501 458 729 225 88 49 91 88 75 215 66 638 370 54 192 43 614 198 110 46 46 53 316 44 64 50 416 103 5134 75 172 67 395 272 368 88 5059 192 251 348 171 41
internal_count=6995 1132 907 406 191 5863 501 458 729 225 88 49 91 88 75 215 66 638 370 54 192 43 614 198 110 46 46 53 316 44 64 50 416 103 5134 75 172 67 395 272 368 88 5059 192 251 348 171 41
is_linear=0
shrinkage=0.03


Tree=6
num_leaves=49
num_cat=0
split_feature=38 41 26 62 25 38 26 46 26 33 40 54 36 33 24 27 62 47 10 29 59 27 33 25 29 56 32 41 54 16 37 21 64 57 10 66 12 38 25 60 29 1 16 26 19 59 60 18
split_gain=195.949 37.2815 22.4421 20.5436 12.0186 11.3601 9.87808 11.734 10.6139 8.88063 9.32687 10.7525 8.84225 6.26502 6.11122 5.12246 4.88623 4.8361 3.60761 3.52924 3.38003 3.65361 3.05902 3.84971 4.56986 3.48519 2.94282 4.62862 1.86341 1.82721 1.32731 1.29085 1.26257 0.637614 0.589217 1.37096 0.428845 0.368131 0.953394 0.632237 0.175159 0.162105 0.154772 0.0681265 0.0488337 0.0349731 0.120825 0.0323933
threshold=23782.395833333339 55692.000000000007 65.218555333333356 1520.3541666666667 55.59511100000001 21320.541666666672 69.03998443750001 33830.791666666679 72.819922687500011 1.6213543999208819 56670.000000000007 1740.541666666667 18687.500000000004 2.2640938101978585 73.94873250000002 7.842704723041801 945.20833333333337 648.50000000000011 0.46472317204376884 63.33758742312633 1020.5000000000001 15.562855274498837 2.4348261545010814 77.024443000000005 60.550043389035935 13.500000000000002 65.514579987561731 49652.000000000007 1152.8333333333337 4875.0000000000009 24245.000000000004 3.4378955583045738 2150.5000000000005 40.500000000000007 0.87900005428953576 1391.2708333333337 121938.00000000001 19764.104166666668 96.273427500000011 349.50000000000006 55.046517518631099 -1.4749999999999999 -2153.4999999999995 68.409651208333344 -1.4749999999999999 676.50000000000011 602.50000000000011 26.175000000000001
decision_type=2 2 2 2 2 2 2 2 2 2 2 2 2 2 2 2 2 2 2 2 2 2 2 2 2 2 2 2 2 2 2 2 2 2 2 2 2 2 2 2 2 2 2 2 2 2 2 2
left_child=5 2 -2 15 36 37 32 9 -9 14 11 17 13 -7 -8 42 -14 30 33 -15 21 -13 34 29 -25 -26 -12 -28 44 41 -11 -16 -6 -3 45 -36 -5 -1 39 -39 -41 -24 -4 -34 -10 46 -18 -35
right_child=1 18 3 4 6 12 7 8 28 10 26 20 16 19 31 -17 22 -19 -20 -21 -22 -23 23 24 25 -27 27 -29 -30 -31 -32 -33 43 47 35 -37 -38 38 -40 40 -42 -43 -44 -45 -46 -47 -48 -49
leaf_value=-249.06359436724142 154.69594770380866 24.670043564842967 -66.441435122872349 29.369780899580537 49.278043249281204 -19.800220262144016 26.682530950194796 9.06003806834131 79.534612104922658 -5.5524029210293691 -39.438301347411205 60.175409091264072 95.889587819666005 73.303175513630961 -9.3498515372332545 122.10004681539908 -25.826592174282339 102.23421665558563 58.243651634462481 18.565149496884551 83.701463386814154 94.583845454405136 -0.16466886804835618 -14.896159291705523 5.7993639221717785 52.675318740358392 42.297658541265257 0.54815314658910708 60.44872814325597 15.162076878733151 16.243176763858301 25.240226480607596 56.574367968959045 -8.1407723588013106 12.504745689260206 -28.311512010317209 -8.784940340579924 2.9196168157541931 6.7651374580997201 -3.1055857623904046 -56.207822697240658 -79.192050870914215 -29.121588749689746 82.671504162354367 104.59220314241799 -65.622123509488759 -8.1805317927540084 -52.201573455681242
leaf_weight=4783 103 20 20 20 21 25 20 24 20 30 30 94 24 36 60 21 43 31 25 30 28 20 20 35 20 31 21 29 29 20 22 20 55 20 22 40 28 32 20 21 278 97 78 22 87 265 21 134
leaf_count=4783 103 20 20 20 21 25 20 24 20 30 30 94 24 36 60 21 43 31 25 30 28 20 20 35 20 31 21 29 29 20 22 20 55 20 22 40 28 32 20 21 278 97 78 22 87 265 21 134
internal_value=-0.000224729 0.0112013 0.0137156 0.0120672 0.013998 -0.00243148 0.0150475 0.0135056 0.020406 0.0107677 0.0133137 0.016446 0.00106981 0.00981339 0.00296703 0.000503778 -0.000173955 0.00779783 -0.000572577 0.0146596 0.0214708 0.0237949 -0.000698584 0.00209771 0.00707317 0.0127984 0.00445693 0.00892215 0.0236517 -0.00100657 0.00213052 -0.000711611 0.0238838 -0.00211947 -0.0023012 0.000338164 -0.000436591 -0.00292924 -0.00196525 -0.00235578 -0.00278837 -0.00245944 -0.00235474 0.0257588 0.0255462 -0.00280766 -0.00201248 -0.00278391
internal_weight=6995 1132 933 830 711 5863 663 565 160 405 305 225 729 91 100 119 638 83 199 66 142 114 614 223 86 51 80 50 136 137 52 80 98 174 391 62 48 5134 351 331 299 117 98 77 107 329 64 154
internal_count=6995 1132 933 830 711 5863 663 565 160 405 305 225 729 91 100 119 638 83 199 66 142 114 614 223 86 51 80 50 136 137 52 80 98 174 391 62 48 5134 351 331 299 117 98 77 107 329 64 154
is_linear=0
shrinkage=0.03


Tree=7
num_leaves=48
num_cat=0
split_feature=38 20 37 38 35 36 26 12 58 33 47 66 62 26 16 45 51 7 47 60 20 38 50 22 16 56 5 25 20 19 27 36 67 48 33 2 66 39 23 70 3 37 38 20 29 15 15
split_gain=191.947 37.5375 33.7808 15.7731 15.2987 16.7913 10.3457 10.2935 12.0216 10.1807 7.6736 7.4266 7.06212 6.07066 5.61317 5.54007 5.47759 5.08722 5.02311 5.01708 4.94883 4.92745 2.65716 2.14412 1.69072 1.48499 1.93076 1.43933 1.34813 3.53568 1.33636 1.2473 0.993847 0.579337 0.56142 0.489178 0.186552 0.184621 0.15411 0.144848 0.268225 0.113736 0.0637504 0.352584 0.0324442 0.00607215 0.0134613
threshold=24390.437500000004 -8.9552083333333314 17861.500000000004 21545.250000000004 30210.500000000004 25789.000000000004 79.561720062500015 107524.50000000001 3918.4375000000005 1.6213543999208819 218.50000000000003 2316.5416666666674 954.50000000000011 82.612597000000022 5160.5000000000009 32712.500000000004 974.00000000000011 22.500000000000004 703.50000000000011 945.50000000000011 -6.8677083333333329 28101.208333333336 1607.8958333333337 1.3249999999999995 3914.5000000000005 17.500000000000004 2.5000000000000004 66.778745000000001 25.630208333333339 22.475000000000005 15.245917796700335 29680.000000000004 113823.50000000001 1253.5000000000002 3.3682299556705035 89.168762500000014 503.37500000000006 48211.500000000007 87.714340000000007 113759.64583333336 62.397218077148104 29263.000000000004 20716.104166666672 23.586458333333336 56.524715025001306 15669.107368414092 16186.239334838052
decision_type=2 2 2 2 2 2 2 2 2 2 2 2 2 2 2 2 2 2 2 2 2 2 2 2 2 2 2 2 2 2 2 2 2 2 2 2 2 2 2 2 2 2 2 2 2 2 2
left_child=3 6 15 28 5 9 37 8 12 -4 -11 13 -5 16 21 17 -10 -3 -8 30 -17 25 31 34 32 26 -7 -25 39 -30 -12 -23 44 -22 36 -18 -9 -2 41 42 -41 -27 45 -44 -14 -1 -47
right_child=1 2 4 7 -6 14 18 23 11 10 19 -13 24 -15 -16 20 35 -19 -20 -21 33 22 -24 27 -26 38 -28 -29 29 -31 -32 -33 -34 -35 -36 -37 -38 -39 -40 40 -42 -43 43 -45 -46 46 -48
leaf_value=-230.35368327036645 118.80486206868775 -0.25597130190434342 -9.9709647577683711 123.77212150677605 128.36856691130976 31.488451392435991 28.777923239101803 -15.125845539959675 24.694429444359269 0.62840021490091758 55.146549784199848 97.591021671350475 -19.653597889658084 35.014691903792489 51.539342894573544 32.072689599745836 -8.379163715657187 56.68864669772298 104.72884278829335 47.323767672493197 95.844516479763911 28.588189671928685 47.058540675591189 -11.947519817500625 19.303714294515949 -33.30922541554628 -31.235042248746318 24.938744501391064 15.838139745592494 -33.200968723758962 60.130634272514186 -12.244489725257928 7.9596227322045809 98.682683056161295 8.2093117558677768 0.83089214024144542 -51.692309626243606 139.40872663515839 2.3949331313126456 -47.35563643666233 1.7411763461599532 -17.487561151410628 -69.676887757780534 5.9763919155025782 -21.78862228928303 -14.251812637134247 -50.793148044456352
leaf_weight=4891 20 21 37 25 36 20 32 20 30 23 60 37 20 21 31 20 38 23 21 21 99 24 33 22 25 214 28 28 24 62 20 23 28 22 24 20 310 147 20 36 20 29 90 20 135 20 25
leaf_count=4891 20 21 37 25 36 20 32 20 30 23 60 37 20 21 31 20 38 23 21 21 99 24 33 22 25 214 28 28 24 62 20 23 28 22 24 20 310 147 20 36 20 29 90 20 135 20 25
internal_value=-0.000237596 0.0117615 0.00874891 -0.00229606 0.00537877 0.00419825 0.0227487 0.00167028 0.0052229 0.0124395 0.0165592 0.0119713 0.00097812 0.00797433 0.00104478 0.02 0.00446084 0.0105442 0.0110734 0.0201187 0.0229199 6.13647e-05 0.00670412 -0.00165553 -0.000821721 -0.00163934 0.00318087 0.00413174 -0.00289528 0.000801393 0.0235581 0.00203822 -0.00183506 0.0252188 -0.00248235 -0.000877798 -0.00280824 0.0264273 -0.00253136 -0.00295819 -0.0013369 -0.00273961 -0.00297557 -0.00215259 -0.0027853 -0.00299325 -0.00226164
internal_weight=6995 1024 804 5971 619 583 220 783 379 161 124 146 233 109 422 185 88 44 53 101 141 391 80 404 208 311 48 50 5188 86 80 47 183 121 354 58 330 167 263 5102 56 243 5046 110 155 4936 45
internal_count=6995 1024 804 5971 619 583 220 783 379 161 124 146 233 109 422 185 88 44 53 101 141 391 80 404 208 311 48 50 5188 86 80 47 183 121 354 58 330 167 263 5102 56 243 5046 110 155 4936 45
is_linear=0
shrinkage=0.03


Tree=8
num_leaves=47
num_cat=0
split_feature=35 14 44 10 58 5 20 69 5 48 57 20 61 19 5 45 54 30 42 24 49 45 52 65 16 55 25 35 65 55 35 15 5 53 40 59 10 25 70 34 42 65 50 1 14 1
split_gain=150.642 49.761 47.4136 26.4354 15.293 19.263 10.8897 7.66814 6.62436 10.3629 6.22763 10.8273 5.59492 6.36584 5.24481 5.03704 3.30792 3.15645 3.04517 5.23634 2.7163 2.61607 2.57284 2.33641 1.51285 1.9336 1.42551 1.40966 1.645 1.39069 0.921211 1.0402 0.676976 1.29629 0.637732 0.61872 0.415032 0.630995 0.233085 1.007 0.185793 0.150688 0.0652789 0.103889 0.0354247 0.0276365
threshold=27755.000000000004 107221.31250000001 32508.500000000004 0.56392291514228221 3913.3333333333335 1.5000000000000002 -8.9552083333333314 119617.50000000001 3.5000000000000004 1602.0000000000002 15.500000000000002 26.201041666666672 598.50000000000011 24.525000000000002 1.0000000180025095e-35 32492.500000000004 1461.0416666666667 67.086867996869799 56080.354166666672 85.483390000000014 1477.5000000000002 33824.500000000007 1699.5000000000002 5635.5000000000009 5160.5000000000009 4.5000000000000009 91.763573000000008 28605.500000000004 5278.0000000000009 1919.5000000000002 25153.500000000004 16688.361582596968 3.5000000000000004 1531.5000000000002 44652.000000000007 602.50000000000011 0.46472317204376884 59.891283000000008 108857.16666666669 -1.2951781274674905 43402.291666666679 601.50000000000011 1607.8958333333337 26.525000000000002 103471.25000000001 31.625000000000004
decision_type=2 2 2 2 2 2 2 2 2 2 2 2 2 2 2 2 2 2 2 2 2 2 2 2 2 2 2 2 2 2 2 2 2 2 2 2 2 2 2 2 2 2 2 2 2 2
left_child=1 21 7 6 5 15 -3 17 20 -10 11 14 16 18 -8 -5 -6 -2 19 -14 27 30 -15 -23 25 -7 34 28 -4 -9 31 38 33 -16 -12 -17 42 -38 -1 -40 -41 -27 -36 -44 -42 -31
right_child=2 3 8 4 12 24 10 29 9 -11 26 -13 13 22 32 35 -18 -19 -20 -21 -22 23 -24 -25 -26 41 -28 -29 -30 45 -32 -33 -34 -35 36 -37 37 -39 39 40 44 -43 43 -45 -46 -47
leaf_value=-226.78510720752772 54.45577452712601 41.629466731238054 67.202378944345483 7.3070437439236233 18.315626626961048 33.084693884729234 33.059409432466481 19.475145372676387 2.161799508484656 101.17990019445948 13.99142617383739 58.113314049064869 96.952821167222282 55.777263468201646 26.52250441381533 48.481513551678958 -1.2455309571627002 22.102895476505203 56.563809305334772 46.541663043849681 54.561363031804312 -14.494841444940937 19.913092514979368 64.551177042416057 26.994587052544276 -1.7530740878781672 18.380775841920737 133.34581123822076 89.165182298797745 -27.582065732637094 69.22065061614876 5.5040931820312879 -38.096424245149272 -39.276810034202519 -56.429682426507803 71.306025093650632 -22.733015168659797 15.248833336252689 3.4901201290020305 -4.777338096707437 -9.3322604695568661 -12.772997164018713 -1.0502223650367764 -62.600872510382288 -67.891344857515008 -11.38716622289205
leaf_weight=4828 34 27 20 23 20 20 22 31 31 33 30 32 35 22 20 23 24 39 55 32 28 33 25 28 20 22 20 192 24 76 37 23 81 25 385 26 28 21 20 37 20 127 20 26 230 20
leaf_count=4828 34 27 20 23 20 20 22 31 31 33 30 32 35 22 20 23 24 39 55 32 28 33 25 28 20 22 20 192 24 76 37 23 81 25 385 26 28 21 20 37 20 127 20 26 230 20
internal_value=-0.00028906 -0.00154753 0.0151165 0.00393361 0.00946003 0.00457296 0.00037444 0.00358321 0.0221365 0.0133385 -0.000333757 0.00448084 0.0154294 0.0179184 0.00103309 0.017767 0.00578231 0.0113269 0.0215479 0.017079 0.0242522 -0.00281102 0.00840764 0.00333879 -0.00044421 -0.0013838 -0.0019751 0.025324 0.020068 -0.000849725 -0.00288387 -0.00291794 -0.00130849 0.00159645 -0.00228779 0.0232179 -0.00255572 0 -0.00294678 -0.00211006 -0.00257053 -0.00257545 -0.00285317 -0.0016269 -0.00286685 -0.00265349
internal_weight=6995 6467 528 1211 474 261 737 200 328 64 710 180 213 169 148 72 44 73 122 67 264 5256 47 61 189 169 530 236 44 127 5195 5158 126 45 510 49 480 49 5135 307 287 149 431 46 250 96
internal_count=6995 6467 528 1211 474 261 737 200 328 64 710 180 213 169 148 72 44 73 122 67 264 5256 47 61 189 169 530 236 44 127 5195 5158 126 45 510 49 480 49 5135 307 287 149 431 46 250 96
is_linear=0
shrinkage=0.03


Tree=9
num_leaves=51
num_cat=0
split_feature=38 43 8 49 26 58 17 38 33 49 33 47 46 53 23 10 16 60 12 55 30 23 42 50 49 24 65 53 27 22 38 47 3 2 34 15 22 38 10 33 25 42 1 34 10 0 36 13 14 15
split_gain=176.923 34.8643 26.6112 23.6322 11.924 11.8153 13.4409 10.0102 9.36141 7.97829 10.3218 7.3475 9.31334 6.91596 5.84124 4.57406 4.39065 3.85532 3.75782 5.46737 3.58259 4.00335 3.30727 2.91183 1.73928 1.45151 1.35154 1.34121 1.31195 1.23298 1.21815 1.1005 0.991849 0.986874 0.648239 0.582268 0.435983 0.402625 1.05676 0.374222 0.347988 0.347326 0.255031 0.211463 0.198514 0.197062 0.177428 0.0310092 0.0281784 0.0351577
threshold=23782.395833333339 33742.500000000007 1.0000000180025095e-35 410.50000000000006 66.740217979166673 3306.7500000000005 -6.7749999999999995 21086.333333333339 1.9664555722151065 390.50000000000006 3.3960413297119856 553.50000000000011 33830.791666666679 751.50000000000011 94.077660000000023 0.46472317204376884 36.500000000000007 378.50000000000006 108495.00000000001 84.500000000000014 64.083887953455005 83.285052000000022 45798.375000000007 1897.791666666667 553.50000000000011 95.80966500000001 6621.0000000000009 1707.5000000000002 2.3648904345248898 0.87500000000000011 28298.916666666668 198.50000000000003 68.855247053115974 86.548084500000016 0.083721363407342167 5321.002837331197 1.0249999999999988 19645.750000000004 0.96386255839173451 2.9314937315072092 87.710680000000011 55336.979166666679 -7.8749999999999991 1.1190141140196881 0.87900005428953576 116647.00000000001 21114.000000000004 89959.500000000015 99255.416666666672 17032.225944144044
decision_type=2 2 2 2 2 2 2 2 2 2 2 2 2 2 2 2 2 2 2 2 2 2 2 2 2 2 2 2 2 2 2 2 2 2 2 2 2 2 2 2 2 2 2 2 2 2 2 2 2 2
left_child=7 3 11 5 -5 6 13 37 14 10 16 12 -3 -2 23 30 25 -10 19 33 21 -17 -12 27 35 39 -8 -7 -13 -21 32 -11 43 -18 -22 -14 -20 -1 44 47 46 -19 -4 -6 48 -15 -33 -9 -39 -50
right_child=1 2 42 4 15 8 26 9 17 31 22 28 24 45 -16 20 18 41 36 29 34 -23 -24 -25 -26 -27 -28 -29 -30 -31 -32 40 -34 -35 -36 -37 -38 38 -40 -41 -42 -43 -44 -45 -46 -47 -48 -49 49 -51
leaf_value=-230.10952616499267 17.466244215563915 1.3925098642042899 10.667516993888894 69.558469169264285 -37.533576976741109 -5.3847315988648612 -11.881190963959408 -1.1177390433651304 17.216684257657981 8.0647772881445867 15.067811231860777 86.370501505099227 77.622205741329154 38.79907380761869 33.932924921468164 39.698938157695629 49.943891408421948 91.140361427623503 -37.111422538427867 82.22613859614259 17.204947728074121 1.7503313409116839 94.553504097908885 40.999560736014679 47.468795230669393 9.4447321167452838 57.071187499607539 39.518041021582782 134.23048415904731 22.93785940290719 19.035724294376589 -1.6422410253033626 12.578489752044886 -5.1448450358584497 -5.1892864106452361 95.423645328595157 5.7316801959077877 -8.8491879124857586 2.8546743487723454 6.7323935179945655 0.082703136565840579 72.361032086537008 -35.139405933989906 -26.772384040397441 -3.2575782476912152 45.507679657774986 -62.054429568716053 -22.882178885450159 -45.417260956175966 -5.3428522981826321
leaf_weight=4756 23 29 20 31 189 27 72 20 21 26 20 20 20 20 24 30 20 22 29 22 31 20 28 24 23 23 20 20 165 20 26 21 36 24 24 34 20 20 34 30 37 72 32 35 33 22 332 111 217 20
leaf_count=4756 23 29 20 31 189 27 72 20 21 26 20 20 20 20 24 30 20 22 29 22 31 20 28 24 23 23 20 20 165 20 26 21 36 24 24 34 20 20 34 30 37 72 32 35 33 22 332 111 217 20
internal_value=-0.000344814 0.0105123 0.0185019 0.00703333 0.00218195 0.0126015 0.00633991 -0.00244171 0.0172632 0.000712552 0.00393898 0.0220337 0.0156362 0.0167742 0.0102208 0.000751725 0.0019743 0.0230408 0.00608438 0.00986063 0.00610847 0.0119162 0.0169023 0.00582278 0.0210895 -0.00102662 -0.00100977 0.00140127 0.0256726 0.0176009 -0.00120587 -0.00212689 -0.00183391 0.00238095 0.00076225 0.024122 -0.000488799 -0.00292849 -0.00187905 -0.00204842 -0.00253012 0.0256642 -0.00120921 -0.00258367 -0.00247156 0.0240143 -0.00282073 -0.002746 -0.00275379 -0.00285955
internal_weight=6995 1132 343 789 422 367 157 5863 210 783 367 291 106 65 95 391 319 115 135 86 105 50 48 71 77 184 92 47 185 42 286 416 260 44 55 54 49 5080 324 161 390 94 52 224 290 42 353 131 257 237
internal_count=6995 1132 343 789 422 367 157 5863 210 783 367 291 106 65 95 391 319 115 135 86 105 50 48 71 77 184 92 47 185 42 286 416 260 44 55 54 49 5080 324 161 390 94 52 224 290 42 353 131 257 237
is_linear=0
shrinkage=0.03


Tree=10
num_leaves=47
num_cat=0
split_feature=38 43 5 49 5 20 26 38 20 12 20 44 11 13 45 20 59 62 16 62 26 10 58 25 0 15 63 62 27 0 16 59 59 29 38 10 21 25 33 29 2 0 61 23 23 31
split_gain=170.994 33.377 25.447 23.1678 18.1789 12.8715 12.1154 8.47123 8.09894 6.40187 6.33494 11.9524 6.25904 7.67561 5.89304 5.10334 4.35807 4.2749 4.36008 3.81154 3.6709 2.82058 3.1669 2.46542 1.5986 1.3807 1.28798 1.5244 1.25907 0.934264 2.00243 0.845346 0.713365 0.614903 0.466784 1.00012 0.407888 0.345241 0.339397 0.316314 0.255031 0.17615 0.152456 0.0360056 0.128595 0.0308699
threshold=23782.395833333339 33742.500000000007 4.5000000000000009 410.50000000000006 2.5000000000000004 26.456250000000001 66.740217979166673 21320.541666666672 -8.5416666666666643 107524.50000000001 26.335416666666671 31501.500000000004 118024.50000000001 106499.50000000001 32393.500000000004 -8.5416666666666643 487.50000000000006 954.50000000000011 3263.5000000000005 1944.291666666667 79.561720062500015 0.46472317204376884 3771.2708333333335 75.044795000000008 108622.50000000001 18020.251053713586 1304.5000000000002 2435.8541666666674 16.740949173085479 112046.00000000001 1094.5000000000002 545.50000000000011 729.50000000000011 63.33758742312633 19645.750000000004 0.96386255839173451 2.2297920011717056 95.399860000000018 3.3682299556705035 68.855247053115974 81.643815000000004 89228.500000000015 419.50000000000006 87.11200700000002 91.584970000000013 68.893286965451821
decision_type=2 2 2 2 2 2 2 2 2 2 2 2 2 2 2 2 2 2 2 2 2 2 2 2 2 2 2 2 2 2 2 2 2 2 2 2 2 2 2 2 2 2 2 2 2 2
left_child=7 3 12 4 16 8 -5 34 -6 10 17 -12 13 29 -7 -8 -2 -9 24 -20 -15 28 36 -18 25 41 27 -25 39 -3 -31 -10 -11 -14 -1 37 -23 42 45 -17 -4 -19 -36 -44 -45 -34
right_child=1 2 40 6 5 14 15 9 31 32 11 -13 33 20 -16 21 23 18 19 -21 -22 22 -24 26 -26 -27 -28 -29 -30 30 -32 -33 38 -35 35 -37 -38 -39 -40 -41 -42 -43 43 44 -46 -47
leaf_value=-223.20624038004286 36.882281553202965 92.466115137105746 10.347491484072197 67.471715094186365 27.880188474629939 22.787051306237892 34.746329224480888 86.003913289138367 17.300905284339919 5.0348433546717333 -44.991195005474196 92.02626425210714 106.82081668696203 64.714013444907295 50.944383260310168 -35.763683642450829 44.397537452944839 1.1662010978179125 2.1818201869481801 33.318817273072938 1.8388512922363054 7.5517554837023422 54.522745127395041 33.504922885714045 4.0893173516698367 5.1117050655051637 88.630123916057229 45.634862353732856 27.887162748521817 62.332092313335913 92.489283086019995 -12.381526157323185 -46.766475432980471 130.47286477473332 -1.1263876842541876 2.7520303478780246 -15.330694402651948 2.5206879671383122 7.2642856352930067 0.31812656203677731 -33.004938608146958 -18.160282555539997 -30.505785113933001 -9.8264048141286473 -58.676382529991784 -98.758820836917266
leaf_weight=4756 30 32 20 31 23 20 28 22 23 38 22 27 32 25 32 216 26 20 27 28 28 27 32 31 21 21 59 26 38 28 21 97 292 125 21 35 25 20 23 25 32 166 240 20 42 22
leaf_count=4756 30 32 20 31 23 20 28 22 23 38 22 27 32 25 32 216 26 20 27 28 28 27 32 31 21 21 59 26 38 28 21 97 292 125 21 35 25 20 23 25 32 166 240 20 42 22
internal_value=-0.000426299 0.0102473 0.0180647 0.00684324 0.0123563 0.00605843 0.0020398 -0.00248776 0.00138365 0.000534905 0.00343123 0.013442 0.0215184 0.0166667 0.0188292 0.000598312 0.0194712 0.00180924 0.000805368 0.00838475 0.00768362 -0.000347013 0.00445898 0.0216819 -0.00101271 -0.00182521 0.0235917 0.0200701 -0.00180581 0.0224908 0.0195519 -0.00172356 -0.00219142 0.025627 -0.00291755 -0.00188046 -5.75823e-05 -0.00237832 -0.00263423 -0.00261302 -0.00120921 -0.00265986 -0.00261839 -0.00279047 -0.00198068 -0.00289398
internal_weight=6995 1132 343 789 367 195 422 5863 143 729 354 49 291 134 52 391 172 305 283 55 53 363 84 142 228 207 116 57 279 81 49 120 375 157 5134 378 52 343 337 241 52 186 323 302 62 314
internal_count=6995 1132 343 789 367 195 422 5863 143 729 354 49 291 134 52 391 172 305 283 55 53 363 84 142 228 207 116 57 279 81 49 120 375 157 5134 378 52 343 337 241 52 186 323 302 62 314
is_linear=0
shrinkage=0.03


Tree=11
num_leaves=53
num_cat=0
split_feature=20 5 20 49 50 0 54 52 5 41 1 47 15 52 51 66 45 2 10 51 43 12 20 50 45 5 45 65 20 30 57 16 17 58 63 10 16 15 15 31 40 50 33 16 20 10 23 22 3 1 24 1
split_gain=125.299 48.8356 39.3843 22.1364 14.5916 14.1211 8.93134 12.5077 9.51047 8.26016 6.0797 10.6637 5.67865 6.01827 5.0527 5.05215 4.45756 4.15986 4.04143 3.51324 2.42423 2.36146 2.26645 1.96272 1.93815 1.55029 2.72505 1.40859 1.33378 1.25113 1.09513 0.835222 0.656227 3.23499 0.630995 0.483576 0.338322 1.37632 0.332911 0.575419 0.259128 0.203931 0.167978 0.163675 0.0518956 0.40997 0.508783 0.0358184 0.0344701 0.0302439 0.0148719 0.0101748
threshold=-4.6718749999999991 4.5000000000000009 25.305208333333336 410.50000000000006 1992.8125000000002 120010.50000000001 1712.6458333333335 1574.5000000000002 2.5000000000000004 39441.000000000007 -7.8749999999999991 515.50000000000011 15028.27450830158 940.50000000000011 955.50000000000011 526.95833333333337 33816.500000000007 72.584687000000017 0.56392291514228221 1604.5000000000002 33712.500000000007 115214.50000000001 25.842708333333338 342.72916666666669 32722.500000000004 1.5000000000000002 32455.500000000004 3756.5000000000005 28.444791666666671 64.224159273741734 12.500000000000002 3263.5000000000005 -3.0249999999999995 839.87500000000011 7491.5000000000009 0.87900005428953576 5045.0000000000009 13061.381562423361 17144.329907923024 61.547936636292441 42881.000000000007 1153.2708333333337 1.2738123365487728 4777.5000000000009 23.695833333333336 0.87900005428953576 86.548084500000016 1.0249999999999988 57.363340839320848 -1.1249999999999998 98.127205000000018 -2.3249999999999997
decision_type=2 2 2 2 2 2 2 2 2 2 2 2 2 2 2 2 2 2 2 2 2 2 2 2 2 2 2 2 2 2 2 2 2 2 2 2 2 2 2 2 2 2 2 2 2 2 2 2 2 2 2 2
left_child=1 5 12 4 6 9 14 19 22 21 11 23 16 -14 -4 -15 32 -18 28 41 51 40 -9 -11 -6 26 31 29 30 -7 -5 -17 33 -2 -19 49 44 -38 -16 -40 -1 -8 -29 48 50 -46 -47 -32 -27 -3 -34 -12
right_child=2 35 3 18 24 27 7 8 -10 10 20 -13 13 15 38 25 17 34 -20 -21 -22 -23 -24 -25 -26 43 -28 42 -30 -31 47 -33 36 -35 -36 -37 37 -39 39 -41 -42 -43 -44 -45 45 46 -48 -49 -50 -51 -52 -53
leaf_value=90.570468552096898 99.754657966761059 -20.792728580553099 13.860480715320531 5.3023734774628171 35.15889509148559 63.537796590753146 88.028006072024269 35.753834080074526 -17.07524430947328 42.272605641438894 -5.0375778964578295 92.909195968124052 54.445627627895611 27.787724129622848 -3.3067174036304019 -39.754330667306576 114.52232650403151 -23.559205485212338 28.958027419929895 60.227367172935082 41.319420935789836 61.839766471718889 53.800431260317502 -3.4990469475632708 76.299841268389571 -4.8320455741685873 57.353391098309089 136.28143790514764 32.606886842998598 106.09022406808933 -35.350372688540233 8.9335082979300555 -196.31102813697535 -46.27212617207956 11.046730739641143 11.295809294193949 -148.83591099303177 9.2329752820088746 1.3057862910287987 -10.19267290877538 84.347419362877503 48.271365205657418 121.25503368608668 -0.031254610199146098 -74.845463326050179 -21.666504897138726 4.0045109247582342 -24.860894822471685 -27.055833199226669 -81.085789892958914 -70.005039918528993 -14.917120990023831
leaf_weight=21 20 101 23 20 26 23 31 20 65 34 20 40 33 31 68 48 20 28 35 29 26 21 32 21 43 20 20 20 21 29 252 20 4657 93 21 24 78 20 21 23 35 22 111 20 275 27 24 20 189 20 34 20
leaf_count=21 20 101 23 20 26 23 31 20 65 34 20 40 33 31 68 48 20 28 35 29 26 21 32 21 43 20 20 20 21 29 252 20 4657 93 21 24 78 20 21 23 35 22 111 20 275 27 24 20 189 20 34 20
internal_value=-0.000477764 0.0130525 -0.0016696 0.00478498 0.00957083 0.0182237 0.00695899 0.0109995 0.00466268 0.0133683 0.00945996 0.0143218 -0.00252391 0.00100761 0.000977053 -0.00014651 -0.0027785 0.00477569 -0.000749785 0.0199878 0.00240545 0.0214786 0.0142226 0.00566243 0.0221418 -0.00128666 0.00207718 0.0245112 -0.00183967 0.0199808 -0.00237248 -0.000748899 -0.00287887 -0.000583555 0 -0.00194349 -0.00292898 -0.0011315 -0.00163247 0.000340135 0.0247594 0.0246328 0.02627 -0.00259275 -0.00296347 -0.0025299 -7.13856e-10 -0.00287762 -0.00284075 -0.00272502 -0.0029929 -0.00216958
internal_weight=6995 566 6429 751 403 421 334 199 117 238 161 95 5678 381 135 348 5297 69 348 82 66 77 52 55 69 317 88 183 313 52 292 68 5228 113 49 145 5115 98 112 44 56 53 131 229 5017 326 51 272 209 121 4691 40
internal_count=6995 566 6429 751 403 421 334 199 117 238 161 95 5678 381 135 348 5297 69 348 82 66 77 52 55 69 317 88 183 313 52 292 68 5228 113 49 145 5115 98 112 44 56 53 131 229 5017 326 51 272 209 121 4691 40
is_linear=0
shrinkage=0.03


Tree=12
num_leaves=51
num_cat=0
split_feature=38 1 49 5 5 20 38 38 10 47 58 59 14 1 23 65 36 24 33 51 30 25 39 31 25 38 66 38 5 25 33 38 25 2 10 56 65 59 67 60 24 1 16 42 42 31 40 2 0 15
split_gain=156.977 31.511 25.842 19.697 18.3273 15.0504 10.9137 8.54813 7.25379 6.19242 5.43946 4.55207 4.37246 4.14743 3.92228 3.95596 3.73258 6.44164 3.58118 3.15712 3.05699 2.92656 2.50259 2.44499 2.41982 2.04125 2.01559 1.42635 1.21749 2.346 2.8872 0.725063 2.18547 0.677631 0.554639 0.545295 0.485002 0.333536 0.644342 0.239154 0.229599 0.211105 0.19806 0.217359 0.186088 0.166071 0.205541 0.124978 0.119544 0.0938794
threshold=24390.437500000004 -6.7749999999999995 236.50000000000003 4.5000000000000009 2.5000000000000004 26.456250000000001 21465.645833333339 28853.895833333336 0.87900005428953576 729.50000000000011 3918.4375000000005 828.50000000000011 117481.25000000001 22.975000000000005 79.364975000000001 858.50000000000011 19921.500000000004 80.139925000000019 1.2738123365487728 999.50000000000011 60.611335332659159 70.603069500000018 46400.500000000007 62.609952339885133 86.363725000000002 23367.541666666668 3239.6250000000005 28853.895833333336 1.5000000000000002 76.503270000000015 2.9954814945034758 19645.750000000004 96.273427500000011 83.099332500000017 0.96386255839173451 16.500000000000004 3937.5000000000005 1370.5000000000002 126904.50000000001 310.50000000000006 76.718035000000015 -9.5249999999999986 -3337.4999999999995 46057.625000000007 38872.125000000007 65.960456598932467 66884.000000000015 93.320215000000005 105171.00000000001 18394.631617299332
decision_type=2 2 2 2 2 2 2 2 2 2 2 2 2 2 2 2 2 2 2 2 2 2 2 2 2 2 2 2 2 2 2 2 2 2 2 2 2 2 2 2 2 2 2 2 2 2 2 2 2 2
left_child=6 3 4 9 14 27 31 11 16 12 20 13 22 33 -3 -16 17 -8 -18 -12 -10 -15 -2 -7 -21 47 -11 -6 29 40 -31 -1 34 -4 39 -13 -28 38 -37 -33 -20 -5 -17 -44 -41 -39 -47 -19 -22 -30
right_child=1 2 7 41 5 23 8 -9 10 26 19 35 -14 21 15 42 18 25 28 24 48 -23 -24 -25 -26 -27 36 -29 49 30 -32 32 -34 -35 -36 37 -38 45 -40 44 -42 -43 43 -45 -46 46 -48 -49 -50 -51
leaf_value=-211.22070872036821 70.701325064612391 54.045694594799144 2.0388998390165805 -72.215192291026113 -14.547160949502178 47.780224012737996 85.387169675440148 78.727076229556047 42.322315639170832 36.327585531714988 35.167375774073975 12.845915847149913 17.955403023412323 16.527304074674483 37.549025222088922 69.823900055517612 103.96935536337115 -15.824826582965557 -30.511631585664556 32.252400077078875 -11.933373161087586 61.306869797404694 60.805565091803729 43.241462570828034 82.788425920789592 16.977626883298498 96.998642695616496 72.031698193530929 -50.902081735362813 -0.16648583377784767 26.758716216945601 -0.63226838744389358 6.8248667919590282 -10.5020293478764 1.5700151704182645 -12.841233474514596 128.84175542181745 -18.611638111564787 13.712888760054518 -5.1894712759626662 1.1804801900030946 9.6981924607241297 63.217987640321503 84.245094097458832 -39.085785527888689 8.2739866152646329 -15.295274969502479 -1.1777082634806961 -2.4628320425327255 -5.4323168965728641
leaf_weight=4756 23 33 20 22 77 23 21 32 20 34 20 27 32 20 25 20 22 39 91 20 35 23 24 23 20 23 36 25 336 35 24 30 23 28 33 25 122 159 20 20 29 20 26 64 299 20 21 20 20 35
leaf_count=4756 23 33 20 22 77 23 21 32 20 34 20 27 32 20 25 20 22 39 91 20 35 23 24 23 20 23 36 25 336 35 24 30 23 28 33 25 122 159 20 20 29 20 26 64 299 20 21 20 20 35
internal_value=-0.00052494 0.0103261 0.00682604 0.0182625 0.0132205 0.00548953 -0.0023865 0.00170083 0.000848043 0.0212246 0.00719467 0.00038006 0.0140329 0.006191 0.0200059 0.0222946 -0.000417717 0.00483026 -0.00136864 0.0139268 0.00175766 0.0129466 0.0198726 0.019718 0.00890274 0.000986601 0.0241593 -0.000910872 -0.00184876 0.000167503 0.00507614 -0.00289473 -0.00165885 6.23693e-05 -0.00220623 -0.00155458 0.0256357 -0.00200734 0.000266075 -0.00256087 -0.00222315 -0.000783849 0.0247684 0.0256049 -0.00280163 -0.00253373 -0.000729928 -0.00192893 -0.00185118 -0.00282943
internal_weight=6995 1024 711 313 316 148 5971 395 810 271 135 363 79 91 168 135 675 103 572 60 75 43 47 46 40 82 192 102 550 179 59 5161 405 48 382 272 158 245 45 349 120 42 110 90 319 200 41 59 55 371
internal_count=6995 1024 711 313 316 148 5971 395 810 271 135 363 79 91 168 135 675 103 572 60 75 43 47 46 40 82 192 102 550 179 59 5161 405 48 382 272 158 245 45 349 120 42 110 90 319 200 41 59 55 371
is_linear=0
shrinkage=0.03


Tree=13
num_leaves=49
num_cat=0
split_feature=38 43 5 69 5 38 20 37 7 10 14 58 47 46 20 40 62 7 3 60 12 38 20 53 25 21 37 21 33 54 59 47 38 25 37 18 23 11 18 30 5 19 4 60 64 1 15 30
split_gain=150.877 37.3053 19.408 17.4422 19.3099 11.5702 10.0247 9.53667 8.5016 7.72368 7.41858 7.28296 6.22643 7.3041 5.16933 4.4339 4.26345 3.67511 3.04749 3.01407 2.99808 4.2718 2.86374 2.60178 2.37571 1.98117 3.6212 1.72805 1.28201 2.42184 0.898348 0.770388 0.725063 2.18547 0.748509 0.583593 0.498038 0.426416 0.364975 0.606317 0.253719 0.435983 0.205541 0.171568 0.159993 0.0947969 0.0371486 0.0363286
threshold=24390.437500000004 33742.500000000007 4.5000000000000009 120588.50000000001 2.5000000000000004 21465.645833333339 26.456250000000001 20049.000000000004 17.500000000000004 0.74305326206722599 120287.85416666667 3918.4375000000005 747.50000000000011 33830.791666666679 -8.5416666666666643 56079.000000000007 945.20833333333337 14.500000000000002 62.661194003519576 1502.5000000000002 96281.000000000015 23202.083333333339 25.775000000000002 1033.5000000000002 69.084330000000008 2.1034451338021598 28650.000000000004 2.8039515809495472 2.9197932596452953 1781.0000000000002 536.50000000000011 1762.5000000000002 19645.750000000004 96.273427500000011 13623.000000000002 23.925000000000001 56.105232500000007 108940.50000000001 25.975000000000005 66.260735804484895 1.0000000180025095e-35 21.975000000000005 10.500000000000002 2492.0000000000005 173.50000000000003 21.475000000000005 18625.288607118473 56.480615888746179
decision_type=2 2 2 2 2 2 2 2 2 2 2 2 2 2 2 2 2 2 2 2 2 2 2 2 2 2 2 2 2 2 2 2 2 2 2 2 2 2 2 2 2 2 2 2 2 2 2 2
left_child=5 3 12 4 8 32 14 -8 10 16 22 23 13 -3 -6 31 -7 -13 -19 27 21 45 -2 -11 -14 -15 -27 -5 44 37 -16 -10 -1 34 -34 -25 -26 -30 39 -21 41 -36 -4 -40 -22 -18 -46 -42
right_child=1 2 42 19 6 9 7 -9 15 11 -12 17 24 25 30 -17 20 18 -20 38 28 -23 -24 35 36 26 -28 -29 29 -31 -32 -33 33 -35 40 -37 -38 -39 43 -41 47 -43 -44 -45 46 -47 -48 -49
leaf_value=-204.88408745875716 36.25471398295165 4.1990355580340122 -33.176636394693844 0.96676056272874888 18.238865535373989 110.54179260657365 45.22708022583069 14.856042269492688 75.020524669880487 44.064464233621166 -8.1098616038641094 18.907807387333733 66.395629336872815 85.252814331298012 44.419511726884288 42.275595627977104 -24.938866038348959 80.448772834175429 34.908810612358288 -4.1094101200636892 -2.9936761385553936 26.896616831374995 12.543677970199273 -10.902491892710788 128.32774210533864 22.907723652050574 58.483159036871797 50.843037793431861 -33.977006114339275 43.512730918570199 -13.362074286659764 52.382393502688181 1.9745694065867792 6.6201207882002908 3.0574727947326332 5.0254101399408668 119.00945998015602 1.7426879833401709 -14.646909821020836 25.558689421467154 -4.7053606024467358 -32.584486795296073 9.4072466869023987 -33.696207322759449 -46.889735210026579 -1.1423770155763 -30.511583862129566 -43.61079523222017
leaf_weight=4756 20 26 21 22 37 21 39 32 67 27 33 28 24 32 31 38 22 29 32 22 22 29 20 66 20 20 29 20 53 20 122 20 26 23 20 20 133 34 20 20 20 29 20 136 367 20 20 287
leaf_count=4756 20 26 21 22 37 21 39 32 67 27 33 28 24 32 31 38 22 29 32 22 22 29 20 66 20 20 29 20 53 20 122 20 26 23 20 20 133 34 20 20 20 29 20 136 367 20 20 287
internal_value=-0.000546383 0.0100918 0.0184928 0.00617937 0.00960575 -0.00237142 0.00422826 0.0138397 0.0166734 0.00095914 0.00845417 0.00604156 0.0212777 0.0154622 0.000615465 0.0214388 -0.00072521 0.0124579 0.0165957 -0.00036235 -0.00120593 0.00455696 0.0171322 0.000954906 0.0247657 0.0199014 0.0158859 0.00691211 -0.00200543 0.000896358 -0.00180274 0.0252124 -0.00289473 -0.00165885 -0.00220623 -0.00156794 0.026179 -0.00123995 -0.00192327 0.000498812 -0.0025695 -0.000488799 -0.000729928 -0.00259449 -0.00277194 -0.00149644 -0.00291398 -0.00289157
internal_weight=6995 1024 325 699 459 5971 261 71 198 810 73 202 284 107 190 125 608 89 61 240 587 71 40 113 177 81 49 42 516 107 153 87 5161 405 382 86 153 87 198 42 356 49 41 156 409 42 387 307
internal_count=6995 1024 325 699 459 5971 261 71 198 810 73 202 284 107 190 125 608 89 61 240 587 71 40 113 177 81 49 42 516 107 153 87 5161 405 382 86 153 87 198 42 356 49 41 156 409 42 387 307
is_linear=0
shrinkage=0.03


Tree=14
num_leaves=49
num_cat=0
split_feature=20 5 70 58 60 43 46 47 46 61 7 20 47 0 45 2 66 64 25 44 21 28 59 16 63 70 10 7 64 25 65 25 25 10 51 58 1 63 41 5 48 51 44 49 51 47 16 1
split_gain=113.038 42.5373 39.2453 26.0472 18.9931 15.9825 15.3295 10.1061 9.49457 9.32274 8.92065 5.05421 5.32697 5.02923 4.30221 4.15986 3.67853 2.94713 2.63991 2.38842 2.08432 2.27252 1.95647 1.92727 1.76948 1.63233 3.91471 5.86373 1.27673 3.08296 1.14581 1.81049 0.72702 0.711301 0.646208 0.635751 2.17984 0.630995 0.563522 0.555302 1.39644 0.547693 0.385886 0.261211 0.431682 0.0357175 0.0296287 0.0204276
threshold=-4.6718749999999991 4.5000000000000009 121160.58333333336 4680.229166666667 828.50000000000011 31778.500000000004 32520.750000000004 816.50000000000011 33830.791666666679 3164.5000000000005 14.500000000000002 26.335416666666671 532.50000000000011 120010.50000000001 33816.500000000007 72.584687000000017 1374.416666666667 859.50000000000011 69.084330000000008 33802.500000000007 2.1034451338021598 0.18752800000000039 956.50000000000011 -591.49999999999989 5697.5000000000009 108489.95833333334 0.87900005428953576 20.500000000000004 271.50000000000006 59.03048900000001 1130.5000000000002 81.174935000000019 70.936142000000004 1.0000000180025095e-35 1702.5000000000002 746.97916666666686 -2.0249999999999995 7491.5000000000009 41564.000000000007 1.0000000180025095e-35 319.50000000000006 624.50000000000011 32475.500000000004 186.50000000000003 1251.5000000000002 398.50000000000006 -1885.4999999999998 26.125000000000004
decision_type=2 2 2 2 2 2 2 2 2 2 2 2 2 2 2 2 2 2 2 2 2 2 2 2 2 2 2 2 2 2 2 2 2 2 2 2 2 2 2 2 2 2 2 2 2 2 2 2
left_child=1 6 11 4 5 38 13 8 19 33 17 14 16 32 25 -16 -13 -7 -9 -8 -10 -22 34 -19 -20 35 39 30 29 -6 31 -28 -1 -5 -12 36 -2 -17 -4 40 -27 -3 45 44 -41 -30 -43 -14
right_child=2 41 3 9 28 10 7 18 20 -11 22 12 47 -15 15 37 -18 23 24 -21 21 -23 -24 -25 -26 26 27 -29 42 -31 -32 -33 -34 -35 -36 -37 -38 -39 -40 43 -42 46 -44 -45 -46 -47 -48 -49
leaf_value=-5.0849733705746196 67.751262861482928 8.2700276592119568 5.108745771129132 49.562315144291944 -19.302295461105942 -6.4729937535930837 31.743701962204142 64.403760456766648 81.930711980970372 12.130178689771709 43.561371792561324 0.18316732207719524 -0.46320519612005223 18.75371312387211 107.36297164811734 -22.06862477527568 19.670385245826537 8.605086880836037 116.75206000307776 -5.3306637259926211 56.967276484952535 38.026235075176437 31.478209564777412 47.179732974534261 87.465936302392123 6.0748625878686919 7.5637648569061655 27.022758512711189 -5.7150405847594943 30.363883472063463 -8.3806421381249034 -13.291101048985226 2.4541340034059611 81.610874875514682 23.31380935123531 -196.06756483499441 -65.556270493080575 8.1237254212679986 -7.8697878334864253 5.2784596846243446 -19.63500454882297 -31.584949916954759 1.2837178960272313 -57.076566321901964 -15.805356480473392 -28.074831982530601 -27.561197286786218 -28.189586840418759
leaf_weight=33 22 31 20 20 35 20 21 24 32 26 42 20 20 27 20 28 36 20 156 31 20 31 23 20 26 29 21 33 20 20 62 20 20 53 20 4699 76 21 58 21 56 20 20 508 33 246 94 41
leaf_count=33 22 31 20 20 35 20 21 24 32 26 42 20 20 27 20 28 36 20 156 31 20 31 23 20 26 29 21 33 20 20 62 20 20 53 20 4699 76 21 58 21 56 20 20 508 33 246 94 41
internal_value=-0.000593559 0.0122576 -0.00172559 0.00518474 0.00268569 0.0094935 0.0170838 0.0198593 0.0134123 0.0193744 0.0153825 -0.00252077 0.00363792 0.00520599 -0.00264892 0.00477569 0.0103209 0.00643927 0.0240611 0.00328215 0.0197112 0.0157339 0.0216451 0.0111471 0.0253213 -0.00274135 -0.00146342 0.00315209 -0.00175902 0.00239564 -0.000349176 0.00350365 -0.000112995 0.02487 0.0244928 -0.00294928 -0.000519878 0 -0.00142126 -0.00243857 -0.000141011 -0.00173673 -0.00256903 -0.00278064 -0.000720888 -0.00287486 -0.00270815 -0.00245499
internal_weight=6995 566 6429 663 564 223 421 341 135 99 145 5766 117 80 5649 69 56 60 206 52 83 51 85 40 182 5580 783 136 341 55 103 41 53 73 62 4797 98 49 78 647 85 145 286 562 54 266 114 61
internal_count=6995 566 6429 663 564 223 421 341 135 99 145 5766 117 80 5649 69 56 60 206 52 83 51 85 40 182 5580 783 136 341 55 103 41 53 73 62 4797 98 49 78 647 85 145 286 562 54 266 114 61
is_linear=0
shrinkage=0.03


Tree=15
num_leaves=50
num_cat=0
split_feature=38 43 49 0 5 20 38 25 20 12 58 59 62 16 64 64 55 46 43 58 56 20 68 5 33 0 35 64 2 63 33 64 38 25 24 33 67 33 23 5 52 34 60 11 3 3 15 15 0
split_gain=141.25 35.4941 21.3325 18.0148 13.2113 14.1545 9.83003 7.82623 7.3632 6.67506 7.38772 6.01186 5.91692 5.20706 4.55157 4.47189 4.23011 4.14839 3.90988 3.89073 4.38612 3.08399 2.97953 2.92656 2.78741 2.33197 1.96459 1.62891 1.42568 1.2483 1.11562 1.04737 0.80973 2.14913 0.799332 1.19199 0.760988 0.375569 0.567924 0.361186 0.580366 0.318226 0.208851 0.133907 0.0362762 0.0362361 0.0346325 0.0335702 0.0134613
threshold=24390.437500000004 33742.500000000007 236.50000000000003 117033.50000000001 2.5000000000000004 26.456250000000001 21465.645833333339 84.580555000000018 -8.5416666666666643 107524.50000000001 4924.3125000000009 456.50000000000006 954.50000000000011 4632.0000000000009 2864.5000000000005 716.50000000000011 48.500000000000007 33830.791666666679 31778.500000000004 3918.4375000000005 19.500000000000004 25.775000000000002 128521.00000000001 1.0000000180025095e-35 1.9664555722151065 108622.50000000001 29617.000000000004 1250.5000000000002 84.284243000000018 5697.5000000000009 1.7101502930883263 150.50000000000003 19645.750000000004 96.273427500000011 84.643112000000016 1.9302257735672936 92489.000000000015 2.6716388614981703 76.328957500000016 1.0000000180025095e-35 1343.5000000000002 0.36735611278718855 635.50000000000011 110015.50000000001 55.046517518631099 59.361276478237585 4922.8544610327908 4021.2395731393867 109406.50000000001
decision_type=2 2 2 2 2 2 2 2 2 2 2 2 2 2 2 2 2 2 2 2 2 2 2 2 2 2 2 2 2 2 2 2 2 2 2 2 2 2 2 2 2 2 2 2 2 2 2 2 2
left_child=6 2 4 7 11 41 32 17 14 10 12 -2 -8 26 -4 -15 30 48 -7 25 27 -12 -17 -22 -13 47 34 -21 29 -5 -9 -11 -1 36 42 -36 -34 45 43 40 -38 -6 -10 -39 -41 -33 -44 -14 -3
right_child=1 3 8 28 5 18 9 16 13 31 21 24 19 15 -16 22 -18 -19 -20 20 23 -23 -24 -25 -26 -27 -28 -29 -30 -31 -32 37 33 -35 35 -37 39 38 -40 44 -42 -43 46 -45 -46 -47 -48 -49 -50
leaf_value=-193.32513895702289 13.766728068962156 -18.613754630838073 9.3146396127310549 116.47967103177254 -4.6761236663902856 39.230806403539226 101.62180536948186 73.694261387936152 -6.4735912664252142 20.307184954636238 37.934998603258741 28.896524661110831 -4.2613228214645815 -1.5784681052056473 25.323694115903425 56.817579578082579 43.915661585969843 43.283963981492533 43.350163652410629 7.050362315480438 17.570361292366538 82.84764427635217 42.819713764484796 26.21207625375369 68.981729651681903 8.4603921654115535 36.97872608689697 -3.4283274570192441 74.902423338556389 87.301571228817437 82.578354090952217 -14.861927121378825 1.7484193929871252 5.7872912518839748 -8.3024356122764402 25.297553814382375 0.96052134024866098 -9.9546638246698933 7.9580251472541921 -4.9545162573915249 -23.716724623752036 2.8114757866689035 -4.0902700085331389 -22.644495192101111 -50.139291409770863 -51.671521602423887 -27.156353271902827 -13.082279603333895 -4.3628495406115295
leaf_weight=4756 20 25 32 135 59 20 25 21 33 26 25 37 20 27 20 20 22 35 26 24 20 20 25 23 70 34 23 42 20 20 27 20 25 23 32 20 23 20 23 20 31 20 20 47 283 280 195 161 20
leaf_count=4756 20 25 32 135 59 20 25 21 33 26 25 37 20 27 20 20 22 35 26 24 20 20 25 23 70 34 23 42 20 20 27 20 25 23 32 20 23 20 23 20 31 20 20 47 283 280 195 161 20
internal_value=-0.000640735 0.00965238 0.00583607 0.0178468 0.0128163 0.00585132 -0.00240659 0.0101732 0.00189219 0.00066288 0.00346359 0.0196381 0.00197651 0.000485952 0.0124952 0.00778086 0.0175036 0.00370786 0.0190672 0.000879358 0.00549954 0.0149002 0.0135698 0.0129466 0.022465 -0.00145049 -0.00113278 0.000590014 0.0243975 0.0254159 0.0225156 -0.0019827 -0.00288892 -0.00158479 -0.0017894 0.0015547 -0.00212772 -0.00237631 -0.000632631 -0.0024867 -0.000166359 -0.00182048 -0.00250302 -0.00205663 -0.00289014 -0.00288904 -0.00284519 -0.00281612 -0.00226164
internal_weight=6995 1024 699 325 252 125 5971 150 447 810 394 127 349 395 52 72 70 80 46 324 109 45 45 43 107 215 323 66 175 155 48 416 5161 405 300 52 382 390 90 357 54 79 248 67 303 300 215 181 45
internal_count=6995 1024 699 325 252 125 5971 150 447 810 394 127 349 395 52 72 70 80 46 324 109 45 45 43 107 215 323 66 175 155 48 416 5161 405 300 52 382 390 90 357 54 79 248 67 303 300 215 181 45
is_linear=0
shrinkage=0.03


Tree=16
num_leaves=50
num_cat=0
split_feature=38 35 49 5 20 10 59 20 38 50 10 45 4 53 66 45 30 2 19 17 7 13 14 5 66 59 63 15 56 20 19 36 17 65 5 37 60 59 38 38 25 38 0 2 30 0 10 10 2
split_gain=134.828 35.8917 18.5841 22.3087 11.9513 8.63935 8.56301 7.43445 6.99008 6.37882 6.34186 5.69611 5.66147 5.27044 4.6782 4.55475 4.03901 3.77051 3.69668 3.17473 3.08051 2.98824 3.0187 2.47849 2.04315 1.80997 1.5269 1.4427 1.0586 0.739739 2.33091 0.674745 1.8342 0.369895 0.364101 0.72828 0.794313 0.351974 0.345748 0.254785 0.990246 0.297567 0.226322 0.128595 0.118875 0.118061 0.0364778 0.0352007 0.0266453
threshold=23782.395833333339 29617.000000000004 404.50000000000006 2.5000000000000004 26.456250000000001 0.35201941816566318 449.00000000000006 -8.5416666666666643 21465.645833333339 270.56250000000006 0.87900005428953576 32393.500000000004 17.500000000000004 1174.5000000000002 3794.8541666666674 32482.500000000004 67.086867996869799 79.167630000000017 26.325000000000006 -8.3749999999999982 21.500000000000004 85627.000000000015 101284.47916666667 2.5000000000000004 4211.3958333333348 657.50000000000011 1021.5000000000001 4830.1685052305847 16.500000000000004 25.630208333333339 22.375000000000004 20210.500000000004 22.825000000000006 8378.5000000000018 1.5000000000000002 26362.500000000004 913.50000000000011 609.50000000000011 28101.208333333336 19902.895833333336 95.614495000000019 19981.729166666668 118024.50000000001 90.149890000000013 68.475151584439146 104377.00000000001 0.74305326206722599 0.96386255839173451 77.725755000000007
decision_type=2 2 2 2 2 2 2 2 2 2 2 2 2 2 2 2 2 2 2 2 2 2 2 2 2 2 2 2 2 2 2 2 2 2 2 2 2 2 2 2 2 2 2 2 2 2 2 2 2
left_child=8 2 3 6 7 19 -2 14 29 -8 21 -6 16 -12 -5 -11 27 18 23 -4 45 -10 -23 -7 -14 -19 -17 -3 -21 39 -31 32 43 -28 35 36 -33 -29 -9 -1 41 -41 -27 -24 -30 -15 -36 -43 -37
right_child=1 12 5 4 11 17 9 38 10 15 13 -13 24 20 -16 26 -18 25 -20 28 -22 22 31 -25 -26 42 33 37 44 30 -32 34 -34 -35 46 48 -38 -39 -40 40 -42 47 -44 -45 -46 -47 -48 -49 -50
leaf_value=-184.65978334460229 5.0380597134309841 115.78098547928093 21.922747742332543 1.8409125326190137 15.521176339475621 51.658679349483648 21.655053761201785 -10.694551459932239 72.573893010046206 21.732269820193785 20.354160852445453 42.493658584051587 66.755305842237888 -15.21723913193699 76.341944908838443 33.917540164651371 104.12011019160104 48.388431028266623 15.397733341012898 22.593718440934794 31.341313515286359 69.538419878251247 -14.430867385051908 55.330623346870723 84.339934716392108 -11.487839338504635 74.585223368562453 93.644528701830964 -22.251375844682848 5.9701985241383513 -24.830855113842755 -5.5009659501785508 5.056507721867713 75.586988095745156 -53.495105833868941 -68.559464411471453 5.6750599650678684 104.32513607521715 0.40597783179839275 -3.1033996397280688 1.410082136356845 -41.66890224466281 5.0201241114321107 -0.88028162806603805 -1.6486115730497706 -1.126965464332722 -3.1741264967070046 -19.937954647701531 -0.64563613197293801
leaf_weight=4795 27 21 24 22 20 28 27 120 24 33 38 32 24 34 26 29 22 21 21 36 26 21 42 32 22 25 85 23 211 20 62 25 21 22 299 69 23 96 35 25 20 219 20 20 28 20 20 20 20
leaf_count=4795 27 21 24 22 20 28 27 120 24 33 38 32 24 34 26 29 22 21 21 36 26 21 42 32 22 25 85 23 211 20 62 25 21 22 299 69 23 96 35 25 20 219 20 20 28 20 20 20 20
internal_value=-0.000687911 0.00878986 0.00624932 0.0103598 0.00428067 0.00183591 0.0172927 0.000974889 -0.00251846 0.0194748 0.000286283 0.0171017 0.0200529 0.00662997 0.011289 0.021644 0.0227082 0.00779062 0.0121332 -0.00108325 0.00220974 -0.000991269 -0.00144081 0.0159235 0.0106074 0.00240545 0.0240926 0.0246039 -0.00200654 -0.00290055 -3.65415e-05 -0.00188091 0.000577617 0.0258263 -0.00233501 -0.00100657 0.00193347 0.0259446 -0.00220503 -0.00294619 -0.00203802 -0.00253313 -0.000931265 -0.00198068 -0.00273526 -0.00182995 -0.00289564 -0.00286073 -0.00262626
internal_weight=6995 1132 924 478 255 446 223 203 5863 196 702 52 208 118 48 169 162 147 81 299 80 584 560 60 46 66 136 140 275 5161 82 539 83 107 456 137 48 119 155 5079 284 264 45 62 239 54 319 239 89
internal_count=6995 1132 924 478 255 446 223 203 5863 196 702 52 208 118 48 169 162 147 81 299 80 584 560 60 46 66 136 140 275 5161 82 539 83 107 456 137 48 119 155 5079 284 264 45 62 239 54 319 239 89
is_linear=0
shrinkage=0.03


Tree=17
num_leaves=53
num_cat=0
split_feature=38 43 49 0 47 38 10 58 26 55 36 37 36 50 65 62 38 5 54 66 36 66 4 45 66 12 66 58 2 4 10 62 26 38 67 36 65 51 29 50 29 65 32 24 47 24 12 16 42 49 13 0
split_gain=130.917 33.7279 19.1264 17.9615 14.5645 9.76582 8.17741 6.86148 6.17748 6.21122 5.02474 7.94526 4.87031 4.93866 4.51073 4.49067 4.20931 4.09736 3.54848 4.72536 3.34546 3.3305 3.20539 3.17986 2.76922 2.69575 2.66131 2.18212 3.99151 1.57038 1.39156 1.90009 1.19335 0.992713 2.07733 0.964756 1.50006 0.9381 0.903908 1.1644 0.745221 0.571064 2.52005 0.401988 0.302805 0.162407 0.185354 0.156963 0.0371486 0.0362528 0.122356 0.0186711
threshold=24390.437500000004 33742.500000000007 236.50000000000003 116234.50000000001 493.50000000000006 21465.645833333339 0.74305326206722599 3918.4375000000005 84.315601333333362 15.500000000000002 24832.000000000004 25171.500000000004 27371.500000000004 1897.791666666667 873.50000000000011 945.20833333333337 27726.625000000004 2.5000000000000004 1421.2291666666667 2316.5416666666674 29680.000000000004 4577.1458333333348 16.500000000000004 33809.500000000007 3966.7500000000005 121938.00000000001 3260.2500000000005 4936.7083333333348 74.584037000000009 6.5000000000000009 0.56392291514228221 2263.8125000000005 71.229673750000003 19645.750000000004 91869.500000000015 17889.000000000004 1193.0000000000002 1762.5000000000002 68.475151584439146 1558.9583333333337 64.014273847436314 949.50000000000011 62.735830550393722 95.607850000000013 609.50000000000011 95.115425000000016 95149.000000000015 3914.5000000000005 39510.979166666679 1874.0000000000002 134209.00000000003 102726.50000000001
decision_type=2 2 2 2 2 2 2 2 2 2 2 2 2 2 2 2 2 2 2 2 2 2 2 2 2 2 2 2 2 2 2 2 2 2 2 2 2 2 2 2 2 2 2 2 2 2 2 2 2 2 2 2
left_child=5 2 4 8 17 33 15 23 9 26 11 -4 14 -14 -6 -7 30 -2 -9 32 25 -11 44 37 -24 -18 -3 41 -29 -16 38 -32 -20 -1 -35 36 -36 -8 49 -40 -22 42 -17 48 -5 46 -37 -44 -43 -12 -51 -19
right_child=1 3 10 22 12 6 7 18 -10 21 16 -13 13 -15 29 27 20 51 19 -21 40 -23 24 -25 -26 -27 -28 28 -30 -31 31 -33 -34 34 35 45 -38 -39 39 -41 -42 43 47 -45 -46 -47 -48 -49 -50 50 -52 -53
leaf_value=-181.98559128797413 27.149851295346316 31.820799798256438 44.399309179792809 58.422711113075728 60.058256707943265 97.826242499869807 -10.059647509472866 26.550147240094571 -33.979946919502886 -8.2251776677810504 -26.81656549474063 -2.9987702873513515 -24.438913456814237 32.899155370557068 53.626556040021946 15.019489386060302 2.4999524981637626 -13.017963456045369 -22.695211752772369 72.015997648195551 -6.541061466433689 37.345619085436674 72.16594050625794 41.445852486462677 84.179720526445266 37.244812947494871 79.171986357585268 -13.421344638636237 61.374664011301917 46.889488255661583 -6.8012203565498339 43.933487234534432 20.362350989766401 4.0336825302608403 3.0146548427023014 -1.778416926852922 -3.3281662957601625 6.6740854107156977 22.447827710333609 -8.1949867725858994 17.078012824250049 -30.095506125791381 -54.048156954104613 1.0025862362512878 112.37773783499502 -6.0524937639528451 -46.151073775458535 -0.10794145451454824 -25.117920433386704 -0.78217541596405049 -55.360179721788271 -3.9805014387425821
leaf_weight=4756 38 20 20 25 29 21 73 27 30 25 157 20 21 20 20 23 25 20 21 21 27 30 21 20 34 27 36 34 20 68 27 23 20 23 22 20 37 20 20 20 24 20 83 20 104 20 283 20 367 20 37 36
leaf_count=4756 38 20 20 25 29 21 73 27 30 25 157 20 21 20 20 23 25 20 21 21 27 30 21 20 34 27 36 34 20 68 27 23 20 23 22 20 37 20 20 20 24 20 83 20 104 20 283 20 367 20 37 36
internal_value=-0.000696488 0.00921297 0.00549278 0.0172009 0.0121023 -0.00239654 0.00066288 0.00589312 0.00909993 0.0123672 0.001758 0.0118953 0.017666 0.00861314 0.0208027 -0.00107055 0.000751657 0.00270988 0.0121212 0.00806763 0.00599418 0.00511797 0.023384 0.000954906 0.0170962 0.0113436 0.0194118 -0.00156362 0.00415896 0.0242111 -0.00101611 0.00353293 0.00204379 -0.00287729 -0.00143668 -0.00197069 0.00152284 -0.00135338 -0.00192444 0.00216958 0.000469667 -0.00214969 -0.00035686 -0.00269713 0.0260263 -0.00261839 -0.00279116 -0.00238603 -0.00291398 -0.00270434 -0.00189142 -0.00240642
internal_weight=6995 1024 699 325 252 5971 810 202 141 111 447 40 158 41 117 608 407 94 89 62 103 55 184 113 55 52 56 587 54 88 304 50 41 5161 405 382 59 93 254 40 51 533 126 407 129 323 303 103 387 214 57 56
internal_count=6995 1024 699 325 252 5971 810 202 141 111 447 40 158 41 117 608 407 94 89 62 103 55 184 113 55 52 56 587 54 88 304 50 41 5161 405 382 59 93 254 40 51 533 126 407 129 323 303 103 387 214 57 56
is_linear=0
shrinkage=0.03


Tree=18
num_leaves=54
num_cat=0
split_feature=38 35 10 20 58 5 19 38 10 50 58 4 51 12 47 35 26 30 65 38 62 25 59 3 26 7 20 1 47 51 21 33 54 29 36 43 15 20 31 55 2 11 32 7 5 65 34 2 33 1 3 1 38
split_gain=125.794 35.335 18.391 13.049 12.355 8.59825 7.9083 7.43519 7.02081 6.29595 5.98532 5.94025 5.80576 5.79535 5.194 4.98065 4.89146 3.79013 3.3566 3.32156 3.11277 3.07407 2.8728 2.69199 2.36146 2.34055 2.15943 2.93312 2.02564 1.46251 1.36683 0.971952 2.74009 1.11101 0.87383 0.853632 0.734544 0.50078 0.386074 0.374347 0.332984 0.296722 0.260911 0.166694 0.116522 0.110809 0.058012 0.113264 0.0357346 0.0321286 0.026333 0.0247308 0.0242084
threshold=23782.395833333339 29617.000000000004 0.35201941816566318 -8.9552083333333314 4680.229166666667 2.5000000000000004 24.375000000000004 19645.750000000004 0.87900005428953576 1992.8125000000002 3918.4375000000005 17.500000000000004 999.50000000000011 111226.00000000001 381.50000000000006 27755.000000000004 68.839395958333341 67.086867996869799 7262.5000000000009 27378.833333333339 945.20833333333337 83.507432500000007 536.50000000000011 65.054165685307382 83.39921479166668 23.500000000000004 26.993750000000006 29.175000000000001 847.50000000000011 1205.5000000000002 1.432916286544663 2.9197932596452953 1867.8958333333335 65.299830622194193 22851.500000000004 32075.500000000004 15896.916639659466 27.490625000000005 67.811589735769516 4333.0000000000009 82.379243000000017 120715.00000000001 58.100086620472595 28.500000000000004 2.5000000000000004 215.50000000000003 -1.1311007756114397 85.483390000000014 1.4072605280394948 -1.3749999999999998 61.203442825267352 -3.4749999999999996 19550.000000000004
decision_type=2 2 2 2 2 2 2 2 2 2 2 2 2 2 2 2 2 2 2 2 2 2 2 2 2 2 2 2 2 2 2 2 2 2 2 2 2 2 2 2 2 2 2 2 2 2 2 2 2 2 2 2 2
left_child=7 2 3 19 5 6 14 52 20 18 24 17 -12 15 23 25 -13 29 22 -2 -9 -14 -7 -4 35 34 31 -28 -21 -3 -15 42 33 40 -5 -10 -16 38 48 -31 49 50 -22 45 -36 -44 47 -47 -32 -33 -24 -37 -1
right_child=1 11 4 13 -6 9 -8 8 10 -11 12 16 21 30 36 -17 -18 -19 -20 28 26 -23 41 -25 -26 -27 27 -29 -30 39 37 32 -34 -35 44 51 -38 -39 -40 -41 -42 -43 43 -45 -46 46 -48 -49 -50 -51 -52 -53 -54
leaf_value=-178.51642248225659 27.736720163614137 72.394352298652692 36.217770095724255 15.159570714325675 69.711516997771909 36.232454948580902 6.9148771632467847 67.063517978138265 6.4738628483942282 48.505817720945011 25.341581808408989 81.377929526033085 -3.4953174375467828 22.173190176766884 55.144010007157441 60.395841538967666 -2.4256128440321802 97.625174750803154 66.225003144977748 6.1602854295074767 -3.6232558309108649 16.190873916268558 -11.610456144718613 28.186493627979711 14.219818380235035 22.946769134016463 73.375815168159832 -82.142860462614692 80.893773046200565 107.28456742119883 -11.919581132611942 -11.251589526856154 10.031757380416101 0.98531538119424489 -1.5466485575386673 -16.864658999321477 36.03445780887877 19.461438510536158 21.774392879023605 88.060619620379299 0.26049275032378622 4.5753931391678595 -17.661873770907349 -14.41023314282679 -39.226418711131927 -19.637825492148718 -31.800981605634139 -0.49079482331885477 -21.979694032079912 -24.338049508274377 -7.6758260920616701 -24.446984510843645 -59.564633811280238
leaf_weight=4729 22 30 36 21 42 35 38 20 20 27 28 24 22 20 46 26 22 22 22 21 27 20 20 31 24 20 20 20 26 88 20 20 20 29 20 20 20 24 20 22 34 20 29 20 33 31 496 20 247 129 67 58 27
leaf_count=4729 22 30 36 21 42 35 38 20 20 27 28 24 22 20 46 26 22 22 22 21 27 20 20 31 24 20 20 20 26 88 20 20 20 29 20 20 20 24 20 22 34 20 29 20 33 31 496 20 247 129 67 58 27
internal_value=-0.000709354 0.00844537 0.00592468 0.00218612 0.0107275 0.00892295 0.0138165 -0.00247753 -0.00026014 0.00452119 0.00495055 0.0196204 0.0119401 0.000319219 0.0172652 0.00597002 0.00995662 0.0223381 0.00228519 0.0143271 -0.00135723 0.00477435 0.00057002 0.0112668 0.00090909 0.00270988 -0.00162217 0.00516209 0.00968153 0.0241756 -0.00172153 -0.00194363 -0.000271435 -0.00128713 0.000202428 -0.0011315 0.0232829 -0.00221794 -0.00257053 0.0258583 -0.00216275 -0.00184874 -0.00256139 -0.0026925 -0.00180791 -0.00278598 -0.0028843 -0.00176125 -0.00287533 -0.00277666 -0.00261768 -0.00257362 -0.002993
internal_weight=6995 1132 924 520 404 362 171 5863 1107 191 192 208 70 451 133 120 46 162 164 69 915 42 142 67 122 94 895 40 47 140 331 855 232 212 74 98 66 311 287 110 183 107 623 596 53 576 547 51 267 149 87 78 4756
internal_count=6995 1132 924 520 404 362 171 5863 1107 191 192 208 70 451 133 120 46 162 164 69 915 42 142 67 122 94 895 40 47 140 331 855 232 212 74 98 66 311 287 110 183 107 623 596 53 576 547 51 267 149 87 78 4756
is_linear=0
shrinkage=0.03


Tree=19
num_leaves=51
num_cat=0
split_feature=38 35 10 58 20 5 19 44 38 50 10 58 69 51 47 5 51 15 44 62 30 3 33 50 20 30 50 24 20 21 15 11 33 54 29 61 21 2 17 66 55 13 22 0 63 55 22 36 29 38
split_gain=119.285 34.45 18.6777 12.7185 12.5475 9.50084 7.9083 7.68201 7.28809 6.7509 6.67773 6.25774 6.08616 5.80576 5.194 4.98023 4.47555 7.91726 4.26371 3.11277 3.07407 2.69199 2.15589 4.24801 2.04947 1.99635 1.94596 1.86774 1.34632 1.02058 1.76127 0.931947 0.864262 2.76465 1.12314 0.818294 0.558497 0.336507 0.32548 0.324293 1.06777 0.299463 0.341884 0.247645 0.184769 0.126666 0.109742 0.0380023 0.0323933 0.0242084
threshold=23782.395833333339 29617.000000000004 0.35201941816566318 4680.229166666667 -10.968749999999998 2.5000000000000004 24.375000000000004 32340.500000000004 19645.750000000004 1992.8125000000002 0.87900005428953576 3918.4375000000005 106220.50000000001 999.50000000000011 381.50000000000006 1.5000000000000002 1225.5000000000002 5228.9088802274446 33816.500000000007 945.20833333333337 58.834096264860143 65.054165685307382 1.9374445927077437 1307.8541666666667 27.095833333333335 60.910097558033947 1448.0000000000002 54.322213000000005 -8.5416666666666643 3.6212333628824873 17751.219545686952 118024.50000000001 2.9197932596452953 1867.8958333333335 65.299830622194193 671.50000000000011 2.4550833644689525 82.379243000000017 21.375000000000004 4051.5208333333335 22.500000000000004 88812.000000000015 1.1250000000000002 104168.50000000001 8185.0000000000009 9.5000000000000018 0.049999999999999885 17440.500000000004 63.657621198053256 19550.000000000004
decision_type=2 2 2 2 2 2 2 2 2 2 2 2 2 2 2 2 2 2 2 2 2 2 2 2 2 2 2 2 2 2 2 2 2 2 2 2 2 2 2 2 2 2 2 2 2 2 2 2 2 2
left_child=8 2 4 5 18 6 14 -3 49 22 19 25 15 -13 21 -6 17 -9 -2 -10 -15 -4 31 36 32 -12 43 -18 -14 45 46 -7 41 34 37 -16 -24 48 -27 40 -29 -21 44 -17 47 -30 -31 -43 -34 -1
right_child=1 7 3 -5 12 9 -8 16 10 -11 11 13 28 20 35 26 27 -19 -20 24 -22 -23 23 -25 -26 38 -28 39 29 30 -32 -33 33 -35 -36 -37 -38 -39 -40 -41 -42 42 -44 -45 -46 -47 -48 -49 -50 -51
leaf_value=-173.16092980778885 59.857835971867615 10.262396509061325 35.131236992852493 67.620171487838704 68.57760776499093 -7.4778971641573877 6.7074308483493965 -2.3558326895729516 65.051612438794109 47.050643189316609 12.696080649685873 24.581334354156677 11.591932868518706 15.705147698780513 34.709494208585298 14.023178902959481 79.577128860525875 72.040451464446704 24.515741700953576 -0.96398403326534621 -8.9366676170621542 27.340898819140371 7.4309952405853492 59.089049440207333 58.835815349803397 -15.616281553777791 56.36350086947909 104.26874886181602 -32.026234517360471 -5.2704366882644686 22.682532001193966 6.3060217676911137 -23.762302976015015 9.7308046590035975 0.95575591975846153 56.541363978990958 -19.207463911822003 0.25267796781408225 1.0333823946583682 106.18577706209071 69.746290669508468 -11.129050497542149 -0.44590409424548438 -17.828988436123467 -5.7622212761069767 -16.971288340389904 -9.1286491316249556 -40.651950152082428 -4.1839145169743359 -57.77769479694178
leaf_weight=4729 22 20 36 42 32 71 38 22 20 27 38 28 25 20 25 20 20 25 20 39 22 31 22 26 29 64 35 29 27 29 20 20 134 20 29 41 25 34 20 70 22 20 39 30 20 240 20 511 20 27
leaf_count=4729 22 20 36 42 32 71 38 22 20 27 38 28 25 20 25 20 20 25 20 39 22 31 22 26 29 64 35 29 27 29 20 20 134 20 29 41 25 34 20 70 22 20 39 30 20 240 20 511 20 27
internal_value=-0.000760819 0.00815387 0.00566497 0.0105048 0.00189771 0.0086744 0.0138165 0.0191879 -0.00248265 0.00405023 -0.000287238 0.00479438 0.000508261 0.0119401 0.0172652 0.00645602 0.0210686 0.0128662 0.0176009 -0.00135723 0.00477435 0.0112668 0.00173675 0.00558139 -0.00162217 0.00066339 0.00260869 0.0237704 -0.00141235 -0.00191907 0.00130246 -0.00131723 -0.00188777 -0.000328976 -0.00132658 0.0232829 0.000127388 -0.00218501 -0.00189061 0.0252188 0.0227789 -0.0024702 -0.00263854 -0.00113773 -0.0028307 -0.00276301 -0.0017108 -0.0029373 -0.00278391 -0.002993
internal_weight=6995 1132 924 404 520 362 171 208 5863 191 1107 192 478 70 133 117 188 47 42 915 42 67 164 73 895 122 85 141 361 336 69 91 866 237 217 66 47 188 84 121 51 629 590 50 551 267 49 531 154 4756
internal_count=6995 1132 924 404 520 362 171 208 5863 191 1107 192 478 70 133 117 188 47 42 915 42 67 164 73 895 122 85 141 361 336 69 91 866 237 217 66 47 188 84 121 51 629 590 50 551 267 49 531 154 4756
is_linear=0
shrinkage=0.03


Tree=20
num_leaves=54
num_cat=0
split_feature=38 35 58 49 5 38 17 44 47 21 21 12 2 4 16 5 33 22 59 41 51 16 33 5 51 38 44 17 28 15 18 60 38 11 59 25 11 14 64 33 21 59 22 41 58 62 30 19 34 0 34 3 7
split_gain=116.806 34.2126 17.4498 12.998 17.5776 7.87501 7.71725 7.55714 6.53136 6.12376 6.05506 5.54846 5.13125 4.88875 4.63982 10.5663 3.91422 3.8777 3.18769 3.08745 3.01819 2.59613 2.48261 2.46217 2.45997 2.35642 2.30675 1.83093 1.79858 1.03317 0.992251 0.94972 0.836567 1.9889 0.675438 0.620428 0.58063 0.494089 0.468269 0.409476 0.468946 0.389487 0.322683 0.620803 0.286166 0.230336 0.442836 0.197062 0.140502 0.0947969 0.0433208 0.122356 0.0353253
threshold=23782.395833333339 29617.000000000004 4712.6250000000009 404.50000000000006 2.5000000000000004 21465.645833333339 -8.3749999999999982 32340.500000000004 493.50000000000006 1.7595590997074488 2.8999886732031461 107524.50000000001 79.167630000000017 17.500000000000004 36.500000000000007 5.5000000000000009 3.4890058207104118 -0.59999999999999865 456.50000000000006 48734.500000000007 1336.5000000000002 -591.49999999999989 1.9664555722151065 3.5000000000000004 1426.5000000000002 22855.354166666668 32486.500000000004 -6.7749999999999995 -6.6415915000000032 18020.251053713586 -7.8749999999999991 647.50000000000011 19550.000000000004 87598.500000000015 729.50000000000011 95.80966500000001 91938.500000000015 108158.37500000001 192.50000000000003 2.9197932596452953 3.758921143013398 695.50000000000011 0.29999999999999943 41974.000000000007 1639.4791666666667 1489.3958333333337 61.835488954276357 21.275000000000002 -1.3219172550289604 112813.50000000001 -0.81027045088389815 59.576948477020373 6.5000000000000009
decision_type=2 2 2 2 2 2 2 2 2 2 2 2 2 2 2 2 2 2 2 2 2 2 2 2 2 2 2 2 2 2 2 2 2 2 2 2 2 2 2 2 2 2 2 2 2 2 2 2 2 2 2 2 2
left_child=5 2 3 4 9 32 12 -3 42 30 27 14 24 23 16 25 29 -11 -19 -4 -20 -12 -22 41 -5 37 -27 -10 -8 36 -2 -30 -1 -34 -13 45 -7 -16 -33 -36 -41 -9 -6 -44 -40 46 -35 -24 -38 -29 51 -47 -46
right_child=1 7 19 6 8 11 28 13 10 17 21 34 -14 -15 15 -17 -18 18 20 -21 22 -23 47 -25 -26 26 -28 49 31 -31 -32 38 33 35 39 -37 48 -39 44 40 -42 -43 43 -45 52 50 -48 -49 -50 -51 -52 -53 -54
leaf_value=-167.96610191355518 43.410707189377476 9.9545246137895074 66.218211400556697 30.366918021840501 -7.5402952207553184 1.8764991077258126 24.682718588351772 100.58454365113992 52.15289854205669 22.627634244464119 31.098381586981809 1.5365668892940201 -7.3661804857534587 74.475651866172313 -23.259258608802092 48.011643481450051 48.806529492105966 3.8745409094884331 24.460715404173531 38.947379249830711 23.09436915813378 62.623931443260382 38.43602987156833 57.576211946800754 52.882624167149423 1.0599103895091431 75.283089876002947 -20.421799939557509 4.5662551321803626 0.70814786501545601 70.508489167159652 17.980228083888441 4.3837766532118563 -2.4735026230520361 -39.452095517417362 0.54081802977595161 -7.6919919252715836 7.8351773936895155 -0.83798653153969016 -65.475889611292615 3.9711257915673244 102.61232125476882 7.2194837628935611 -4.8933716293602405 -70.483284266157298 -39.339671150654013 1.5346840360132785 24.596829260934548 -17.747498542323473 -6.1123427867105002 -31.585069820316605 -41.36251920767193 -14.272797554203994
leaf_weight=4729 31 20 37 20 84 20 24 20 29 31 22 38 25 38 39 31 24 20 22 20 26 22 22 37 21 21 21 20 34 22 28 25 37 30 273 20 23 20 26 26 25 93 21 27 20 20 20 20 119 22 268 37 225
leaf_count=4729 31 20 37 20 84 20 24 20 29 31 22 38 25 38 39 31 24 20 22 20 26 22 22 37 21 21 21 20 34 22 28 25 37 30 273 20 23 20 26 26 25 93 21 27 20 20 20 20 119 22 268 37 225
internal_value=-0.000773685 0.00804787 0.00556758 0.00450467 0.00806531 -0.00247753 0.000706974 0.0190437 0.00269526 0.0146777 0.00792354 0.000499928 0.010121 0.0209091 0.00325492 0.00765329 0.0004469 0.0112261 0.0138692 0.0216462 0.0162819 0.0166667 0.0194273 0.0233644 0.0166423 0.00290801 0.00833729 0.00244726 -0.00104208 -0.00102662 0.0228426 -0.00162678 -0.00288311 -0.0016038 -0.00207954 -0.00223235 -0.00186922 -0.000913706 -0.00217832 -0.002527 -7.13856e-10 0.0256233 -0.00183952 6.23693e-05 -0.00254519 -0.00251133 -0.000538923 0.0240143 -0.00255454 -0.00149644 -0.00280529 -0.00189142 -0.00286414
internal_weight=6995 1132 924 867 447 5863 420 208 247 200 115 702 66 188 340 132 208 141 110 57 90 44 68 150 41 101 42 71 354 184 59 330 5161 432 362 395 162 59 296 324 51 113 132 48 271 375 50 42 142 42 325 57 245
internal_count=6995 1132 924 867 447 5863 420 208 247 200 115 702 66 188 340 132 208 141 110 57 90 44 68 150 41 101 42 71 354 184 59 330 5161 432 362 395 162 59 296 324 51 113 132 48 271 375 50 42 142 42 325 57 245
is_linear=0
shrinkage=0.03


Tree=21
num_leaves=53
num_cat=0
split_feature=38 26 49 5 47 17 51 37 50 38 61 49 62 29 60 16 33 17 59 58 27 13 61 42 3 63 25 56 43 35 16 48 21 64 42 12 56 19 20 23 62 28 38 46 43 22 5 33 3 15 12 38
split_gain=114.221 34.0047 21.0434 16.4281 12.5435 9.5353 8.25317 7.08776 6.68005 6.64921 5.33628 5.15448 5.40468 4.99265 3.38085 4.50922 3.38067 5.81351 2.86012 5.18238 3.56434 4.5119 2.83293 2.64125 2.41744 2.15577 2.06787 1.53101 1.37516 1.12301 0.963371 1.15701 0.814668 0.927842 0.628764 0.619579 0.455754 0.426754 0.397063 0.317377 0.292909 0.288292 0.260987 0.211499 0.198227 0.162571 0.141671 0.43471 0.139863 0.0351793 0.0283783 0.0259493
threshold=23782.395833333339 66.131399854166673 236.50000000000003 2.5000000000000004 493.50000000000006 -8.3749999999999982 1232.5000000000002 19885.000000000004 270.56250000000006 19645.750000000004 598.50000000000011 176.50000000000003 945.20833333333337 62.985818092556947 785.50000000000011 4632.0000000000009 1.9664555722151065 -5.2249999999999988 729.50000000000011 4130.7500000000009 16.200583495405112 85627.000000000015 727.50000000000011 48637.208333333343 56.34161146042257 3422.5000000000005 81.526085000000009 10611.000000000002 31552.500000000004 27755.000000000004 3197.5000000000005 327.50000000000006 1.3268299140386297 173.50000000000003 39510.979166666679 113091.00000000001 4342.5000000000009 21.275000000000002 26.335416666666671 58.789800500000005 2186.8958333333339 -3.9140360000000025 26291.208333333339 33805.458333333336 33898.500000000007 1.8000000000000005 1.5000000000000002 2.9197932596452953 69.417183656134057 5281.1365981300614 101525.50000000001 19550.000000000004
decision_type=2 2 2 2 2 2 2 2 2 2 2 2 2 2 2 2 2 2 2 2 2 2 2 2 2 2 2 2 2 2 2 2 2 2 2 2 2 2 2 2 2 2 2 2 2 2 2 2 2 2 2 2
left_child=9 13 3 8 43 6 35 22 -3 44 -10 23 -13 -2 15 29 17 -12 19 30 21 -21 -6 24 -11 -8 -9 32 -23 36 40 -32 -16 -34 -20 -4 -7 42 -22 -15 -14 -35 -18 -5 51 46 47 50 49 -43 -36 -1
right_child=1 2 5 4 7 14 25 26 10 11 16 12 18 39 27 -17 37 -19 34 20 38 28 -24 -25 -26 -27 -28 -29 -30 -31 31 -33 33 41 45 -37 -38 -39 -40 -41 -42 48 -44 -45 -46 -47 -48 -49 -50 -51 -52 -53
leaf_value=-164.37018285079455 78.414276364561857 9.4376149099330409 29.278132393366562 -6.9074157176153372 33.186229927141085 -52.520165026681674 27.52577973238802 -0.19015983821332053 6.9237254700264081 6.7189938386739172 56.955964731848191 57.242306151504479 -43.291861756988084 95.611188717903616 9.8570669263967634 21.601108632594443 53.924024775051386 13.068749501663131 4.5369935803195274 -0.22329303727703667 0.78512588572126873 13.501964284440882 52.976160929614245 70.4201918473577 -5.2180616514759617 37.761113172675572 61.740153422176128 38.242619023310091 14.526298092056727 27.809202126952375 3.1407082093679533 -5.1026440175370187 20.163587862321965 -0.85732879193696043 -0.38260083314146043 -14.877885926666615 16.49376570872526 62.281209644263299 -6.2899554140859841 99.554003395770565 -0.20489125825602122 -6.5189589342076788 65.800471569261504 -0.30501056627803846 -0.77411954923129089 -0.56120850474442641 -44.722015785791967 0.46678179597073249 -0.48072337584962971 -18.828651378036742 -36.1685093844238 -69.790959195384289
leaf_weight=4710 20 27 20 79 22 32 29 34 23 20 33 24 165 32 20 22 31 37 32 22 20 20 37 22 35 30 20 21 23 23 24 20 20 38 20 23 20 30 24 71 26 20 47 30 20 20 483 25 23 218 82 26
leaf_count=4710 20 27 20 79 22 32 29 34 23 20 33 24 165 32 20 22 31 37 32 22 20 20 37 22 35 30 20 21 23 23 24 20 20 38 20 23 20 30 24 71 26 20 47 30 20 20 483 25 23 218 82 26
internal_value=-0.000807995 0.00791538 0.00609454 0.0109242 0.0050923 0.00219996 0.0104897 0.0120955 0.0165848 -0.00249288 0.0184684 -0.000395629 -0.00095816 0.0228107 0.000341281 0.00531411 0.0202302 0.0149358 -0.00129709 0.000915431 0.00632447 0.0107834 0.0192893 0.00708171 0.00348457 0.0177665 0.00415896 -0.000991392 0.0164269 0.00175766 -0.00158231 0.00238095 -0.00148629 -0.00186149 -0.00245129 0.000417633 -0.000633398 0.023617 -0.000204082 0.0254898 -0.00251177 -0.00228686 0.0250064 -0.00214482 -0.00298038 -0.00266148 -0.00274873 -0.00179386 -0.00264267 -0.00286014 -0.00267385 -0.00299297
internal_weight=6995 1132 1009 450 222 559 102 113 228 5863 201 1107 1030 123 457 97 178 70 1006 344 109 65 59 77 55 59 54 360 43 75 235 44 339 319 662 43 52 108 44 103 191 299 78 109 4756 630 610 127 261 238 102 4736
internal_count=6995 1132 1009 450 222 559 102 113 228 5863 201 1107 1030 123 457 97 178 70 1006 344 109 65 59 77 55 59 54 360 43 75 235 44 339 319 662 43 52 108 44 103 191 299 78 109 4756 630 610 127 261 238 102 4736
is_linear=0
shrinkage=0.03


Tree=22
num_leaves=54
num_cat=0
split_feature=35 14 66 10 7 37 20 42 4 62 23 25 20 58 49 25 0 29 54 32 45 29 39 24 21 59 20 51 41 54 54 35 66 2 59 48 62 3 20 63 16 55 12 19 1 43 27 45 20 43 17 25 0
split_gain=96.8172 35.7199 29.9066 19.8826 15.9962 6.43574 6.41451 6.28198 6.05064 5.99984 4.86633 3.85293 5.54843 3.82788 3.38427 3.43776 3.90928 3.27795 3.61468 4.56011 3.14758 3.05504 2.67348 2.49282 2.27353 1.82069 1.38633 1.31816 1.5568 1.18852 1.15471 0.935918 0.745134 0.820601 0.696099 0.413643 0.41266 0.753287 0.383795 0.791336 0.344909 0.301272 0.17785 0.16342 0.148475 0.0865038 0.0677133 0.0433659 0.714614 0.19081 0.0400272 0.0281409 0.0253042
threshold=28605.500000000004 107221.31250000001 2366.6875000000005 0.56392291514228221 22.500000000000004 19751.000000000004 -9.4843749999999982 46522.895833333336 17.500000000000004 1854.9583333333337 77.739388000000019 87.583745000000008 26.456250000000001 4680.229166666667 1606.5000000000002 76.114935000000017 123243.00000000001 62.912113095154687 2348.5625000000005 63.26292827384507 33816.500000000007 64.725987614925216 42237.500000000007 95.80966500000001 3.0961695348175691 676.50000000000011 -8.5416666666666643 1930.5000000000002 41641.000000000007 706.95833333333337 1408.6458333333337 25153.500000000004 417.52083333333343 91.769973000000007 594.50000000000011 195.50000000000003 2947.3750000000005 56.040432182700982 25.630208333333339 2693.0000000000005 5397.5000000000009 229.50000000000003 95598.500000000015 -6.7749999999999995 24.025000000000002 33898.500000000007 8.0465130251635753 33052.500000000007 23.253125000000001 32484.500000000004 -8.3749999999999982 68.900650000000013 100941.00000000001
decision_type=2 2 2 2 2 2 2 2 2 2 2 2 2 2 2 2 2 2 2 2 2 2 2 2 2 2 2 2 2 2 2 2 2 2 2 2 2 2 2 2 2 2 2 2 2 2 2 2 2 2 2 2 2
left_child=1 20 41 6 7 24 -3 10 14 -10 -5 23 25 21 15 16 -4 30 19 -19 31 -7 35 26 -6 -13 -8 28 -21 -27 -9 36 -28 40 -17 -22 38 -38 45 -40 42 -2 -34 -44 -31 47 -36 50 49 -49 -1 -32 -30
right_child=2 3 8 4 5 13 11 17 9 -11 -12 12 -14 -15 -16 34 -18 18 -20 27 22 -23 -24 -25 -26 29 32 -29 52 44 51 -33 33 -35 46 -37 37 -39 39 -41 -42 -43 43 -45 -46 -47 -48 48 -50 -51 -52 -53 -54
leaf_value=-0.080320302953209813 0.21271892527318367 25.409416851638071 29.183037704830809 18.502044142583216 28.644536130569787 -6.417318268571699 9.561354918604847 6.0752002271143777 72.880080434309534 22.386366532404026 44.634408612189745 12.105060976376949 36.773798468866623 45.560007184105324 25.862008326640385 78.276467575803267 98.305366123972064 52.906281676680898 19.879937397993551 6.0291579731387994 -20.231287974617324 32.095306673922813 41.161358784327973 22.341973060199329 63.737200882183409 23.055399516780636 16.835913605502075 37.07898007402563 -6.7521611051462243 -20.730923264412901 -12.49279714085792 37.013961922141931 -0.10633807722624808 0.76308947794916515 92.622325029378672 3.5570453122484444 1.1122028455238318 -187.55969624056223 -7.5558531142101639 4.5906975570115227 1.0271974971726299 -3.5386591231708207 -4.7851277097755229 -36.136714387141993 -1.4890095159627319 -5.6618969548140736 50.615222444460414 -12.077604968475661 3.7197569365271934 -65.751289524798423 -158.49101657139406 -16.767979638969997 -4.5958820092267247
leaf_weight=20 21 28 26 21 20 27 20 36 25 39 23 23 29 20 26 25 24 25 33 22 26 27 21 20 51 20 25 23 20 66 20 36 20 35 98 20 20 36 41 20 22 60 23 511 20 39 22 20 20 463 4476 80 61
leaf_count=20 21 28 26 21 20 27 20 36 25 39 23 23 29 20 26 25 24 25 33 22 26 27 21 20 51 20 25 23 20 66 20 36 20 35 98 20 20 36 41 20 22 60 23 511 20 39 22 20 20 463 4476 80 61
internal_value=-0.000816572 -0.00164638 0.014201 0.00266501 0.00736594 0.015796 -0.000107877 0.00399615 0.0187724 0.0105304 0.0146258 -0.000586261 0.00362429 0.00951417 0.0211398 0.0225115 0.015509 0.00252109 0.00513308 0.00313699 -0.00277115 0.00526802 0.00366617 -0.00157521 0.0222785 0.000929511 -0.00189758 0.00078509 -0.000640156 -0.000706881 -0.000991918 -0.00285489 -0.00214589 -0.00235641 0.0248932 -0.00032538 -0.00288879 -0.00026738 -0.00291699 -0.000490999 -0.00262975 -0.00184957 -0.00277748 -0.00288148 -0.00226481 -0.00294575 0.0259534 -0.00295733 -0.00263566 -0.00286897 -0.00299259 -0.00266733 -0.0025894
internal_weight=6995 6629 366 1371 509 145 862 364 285 64 44 834 158 74 221 195 50 320 184 151 5258 54 67 676 71 129 656 126 103 106 136 5191 636 611 145 46 5155 56 5099 61 576 81 554 534 86 5038 120 4999 503 483 4496 100 81
internal_count=6995 6629 366 1371 509 145 862 364 285 64 44 834 158 74 221 195 50 320 184 151 5258 54 67 676 71 129 656 126 103 106 136 5191 636 611 145 46 5155 56 5099 61 576 81 554 534 86 5038 120 4999 503 483 4496 100 81
is_linear=0
shrinkage=0.03


Tree=23
num_leaves=52
num_cat=0
split_feature=35 14 66 10 58 5 35 4 62 35 40 5 45 14 49 55 5 47 45 18 18 58 70 33 53 35 40 5 51 45 45 2 70 49 2 35 12 4 12 55 56 22 10 16 34 18 43 35 26 36 35
split_gain=97.3712 33.2522 28.5476 17.1621 12.0598 8.9413 7.06576 5.89383 5.99984 5.08111 4.3625 5.69816 4.78815 5.30306 4.11474 3.99921 3.73366 4.18713 3.63887 4.9823 3.39191 3.21258 3.17278 2.86498 2.79697 2.39786 3.59149 2.03626 1.8504 1.21977 1.01485 1.29629 0.660523 2.2482 0.614484 0.631436 0.877183 0.585145 0.400404 0.315023 0.302533 0.229176 0.205004 0.171749 0.170033 0.166133 0.110927 0.066914 0.0373537 0.140937 0.0353655
threshold=28605.500000000004 107221.31250000001 2366.6875000000005 0.56392291514228221 4107.9791666666679 1.5000000000000002 19983.000000000004 17.500000000000004 1854.9583333333337 21528.500000000004 50753.000000000007 1.5000000000000002 32486.500000000004 112169.91666666667 1606.5000000000002 7.5000000000000009 3.5000000000000004 1004.5000000000001 32776.500000000007 23.375000000000004 -8.3749999999999982 3647.6041666666674 122015.41666666669 1.9664555722151065 1091.5000000000002 25031.000000000004 44423.500000000007 5.5000000000000009 646.50000000000011 32639.500000000004 33824.500000000007 79.541347000000016 108489.95833333334 88.500000000000014 91.356087500000015 28212.000000000004 130242.00000000001 15.500000000000002 87458.000000000015 7847.5000000000009 229.50000000000003 1.7499999999999998 0.46472317204376884 -369.49999999999994 -1.5085801457098496 -4.8249999999999984 33898.500000000007 23600.000000000004 91.779906979166682 18812.500000000004 16214.500000000002
decision_type=2 2 2 2 2 2 2 2 2 2 2 2 2 2 2 2 2 2 2 2 2 2 2 2 2 2 2 2 2 2 2 2 2 2 2 2 2 2 2 2 2 2 2 2 2 2 2 2 2 2 2
left_child=1 25 40 10 5 9 24 14 -9 -5 11 12 -3 -14 16 28 37 -18 19 -8 -12 29 39 -24 -6 30 -27 41 -7 -11 32 -32 46 -34 35 42 -37 45 -35 44 -2 43 -22 -17 -13 -4 48 50 -1 -50 -40
right_child=2 3 7 4 6 15 18 8 -10 21 20 22 13 -15 -16 27 17 -19 -20 -21 34 -23 23 -25 -26 26 -28 -29 -30 -31 31 -33 33 38 -36 36 -38 -39 47 -41 -42 -43 -44 -45 -46 -47 -48 -49 49 -51 -52
leaf_value=-150.76628623876101 0.087830501235918179 -1.931653621658693 90.791661820378565 10.500896274267674 11.322732140544051 6.7156097232740875 33.16871269876286 70.693678021280292 21.714775536431951 12.285871729634241 16.366738864201263 -7.9119499700672744 16.680423103483268 31.381723209072007 25.086148076841198 -3.8728365191133762 35.20946744183221 50.911016407919682 66.743532274774594 17.094042986956442 -48.685123729592547 36.727943223818379 -15.598713952867135 24.74817353211467 1.7368197306294562 55.038408322112346 -27.315810625624032 24.852914869030435 60.031848196413257 43.093102529989636 39.940740908594243 -22.591480830627081 3.7934132945099082 0.22557598317594077 16.887889708583558 19.76761905566558 -33.029976164660489 67.590564888405027 -0.59640788583667736 0.33510212407626583 -6.3609684239251179 0.46458017771849358 -8.8982112490222978 -7.2350007785667572 -11.957929090274439 96.227805359851928 -4.3760397800945068 -29.945158494050474 -181.14128963264949 -11.715276819421396 -38.662727037129514
leaf_weight=4706 31 35 99 33 21 21 35 25 39 20 20 20 32 34 26 20 20 28 37 30 413 24 27 28 37 23 33 23 21 24 20 25 28 30 20 21 25 20 20 20 50 26 39 137 128 28 33 38 55 20 227
leaf_count=4706 31 35 99 33 21 21 35 25 39 20 20 20 32 34 26 20 20 28 37 30 413 24 27 28 37 23 33 23 21 24 20 25 28 30 20 21 25 20 20 20 50 26 39 137 128 28 33 38 55 20 227
internal_value=-0.000859459 -0.00169163 0.014201 0.00246809 0.00683559 0.00369522 0.0136602 0.0186671 0.0105304 0.0112166 -0.000107877 0.00263807 0.00854599 0.013298 0.0210041 0.000616686 0.0225115 0.0150312 0.0184231 0.0140092 -0.00176733 0.0159031 -2.68945e-05 0.0062069 0.00521515 -0.00277686 0.00336898 -0.0010917 0.00904988 0.0207483 -0.00284366 0.00159645 -0.00288302 -0.00159137 -0.00224088 -0.00245132 0.000845986 0.0249218 -0.00232307 -0.00208804 -0.00147966 -0.00216275 -0.00279363 -0.00259707 -0.00257259 0.025775 -0.00297439 -0.00267275 -0.00298676 -0.00215712 -0.00286524
internal_weight=6995 6629 366 1371 509 349 160 285 64 101 862 324 101 66 221 248 195 48 102 65 538 68 223 55 58 5258 56 206 42 44 5202 45 5157 343 518 498 46 147 315 168 81 183 452 157 148 127 4814 285 4781 75 247
internal_count=6995 6629 366 1371 509 349 160 285 64 101 862 324 101 66 221 248 195 48 102 65 538 68 223 55 58 5258 56 206 42 44 5202 45 5157 343 518 498 46 147 315 168 81 183 452 157 148 127 4814 285 4781 75 247
is_linear=0
shrinkage=0.03


Tree=24
num_leaves=51
num_cat=0
split_feature=38 26 49 5 59 17 50 50 33 17 55 62 38 39 10 33 3 62 11 49 27 30 28 33 37 54 19 61 66 70 49 59 26 33 65 2 54 26 58 49 36 64 14 1 43 26 1 60 3 2
split_gain=107.528 33.4774 21.2711 16.9028 8.15877 8.02562 7.9114 6.02023 6.87202 8.72051 5.6547 8.59134 4.81754 4.50002 4.47973 4.90747 3.62773 3.12228 2.58498 2.14331 2.0895 2.05342 1.95 1.87265 1.81136 1.80104 1.47289 1.01979 0.748103 0.683694 1.97994 0.714338 1.25708 0.655787 1.76831 0.565309 0.54523 0.495882 0.224378 0.216652 0.169811 0.479924 0.121907 0.117436 0.110892 0.0373409 0.140937 0.0362895 0.0353253 0.0310092
threshold=23782.395833333339 66.131399854166673 404.50000000000006 2.5000000000000004 449.00000000000006 -8.3749999999999982 2073.2708333333335 270.56250000000006 1.9664555722151065 -5.2249999999999988 8.5000000000000018 1967.7083333333335 21465.645833333339 50961.500000000007 0.87900005428953576 2.4670214171337248 62.985818092556947 945.20833333333337 119571.50000000001 171.50000000000003 14.533039092177896 64.79318542647114 -6.2016469999999968 1.9374445927077437 20629.500000000004 2335.729166666667 21.275000000000002 811.50000000000011 526.95833333333337 108489.95833333334 88.500000000000014 498.50000000000006 66.371523187500017 2.8553659985088409 949.50000000000011 57.536420000000007 2465.1250000000005 86.346851250000029 1695.291666666667 308.50000000000006 20210.500000000004 1120.0000000000002 112386.89583333334 22.575000000000006 33898.500000000007 91.779906979166682 4.0250000000000012 586.50000000000011 69.417183656134057 68.421878000000007
decision_type=2 2 2 2 2 2 2 2 2 2 2 2 2 2 2 2 2 2 2 2 2 2 2 2 2 2 2 2 2 2 2 2 2 2 2 2 2 2 2 2 2 2 2 2 2 2 2 2 2 2
left_child=12 16 3 4 -3 13 10 -6 9 -9 11 -5 29 21 17 27 -2 -14 20 -19 49 -4 -7 -13 -17 -11 42 -16 -24 44 -31 32 -32 40 -35 -18 37 38 -30 -36 41 -21 -10 -34 45 -1 -47 -33 -40 -12
right_child=1 2 5 6 7 22 -8 8 26 25 18 23 14 -15 15 24 35 19 -20 33 -22 -23 28 -25 -26 -27 -28 -29 36 30 31 47 43 34 39 -37 -38 -39 48 -41 -42 -43 -44 -45 -46 46 -48 -49 -50 -51
leaf_value=-150.78048696150816 71.841790791219751 -2.6692027652397767 25.020708698451028 -7.4988831497187025 12.935640765099695 22.382398754369881 31.643825723004941 53.08536429218352 50.552820130186277 -3.1979307777389576 -16.567952122556676 54.204931461881884 57.180874469314084 31.835129311695582 -5.1544873328850525 18.727947188741634 91.971954924396002 51.449273598787023 20.154706969479964 0.64760988612068704 23.350414110674151 -17.700011988531646 18.037710830053925 58.79544384414006 15.14779628887487 19.579172851119303 46.869443506843837 8.9789705918089009 -0.89428096584274241 3.9574848260439079 4.2167005158756794 -4.8106591397136365 -1.7232718543860921 5.4948073485475932 -0.57726415903994477 89.813704682469975 16.626135096377382 2.6341523728990168 -17.520992937471288 -36.461621071536698 -34.763960694311805 -5.0356394631083043 57.37403289217896 -1.3754094906507039 -4.2447585866916775 -11.363818514838766 -164.11071270767764 -51.151346414291922 -2.1573311112225353 -7.4624147852353078
leaf_weight=4641 20 26 23 33 27 32 23 34 20 27 20 20 20 32 38 21 27 29 28 22 24 22 21 29 21 27 38 38 32 25 22 20 40 23 28 76 29 24 225 65 346 51 62 21 33 20 55 284 20 111
leaf_count=4641 20 26 23 33 27 32 23 34 20 27 20 20 20 32 38 21 27 29 28 22 24 22 21 29 21 27 38 38 32 25 22 20 40 23 28 76 29 24 225 65 346 51 62 21 33 20 55 284 20 111
internal_value=-0.000919502 0.00754439 0.00573779 0.009725 0.0152585 0.000971527 0.00469629 0.0170225 0.0187554 0.0122928 0.00321388 0.00975639 -0.00255428 0.00980545 -0.000217918 0.00510584 0.0223233 -0.00129944 0.000262151 -0.00171778 -0.00123791 0.00359202 -0.000798748 0.0177189 0.0133254 0.00471349 0.0234555 0.000512483 -0.00145258 -0.00287148 -0.00168163 -0.00221648 0.000216606 -0.00215287 -0.0001292 0.0246169 -0.00180854 -0.00219196 -0.00255503 -0.00199785 -0.0027058 -0.00131327 0.0258343 -0.00196399 -0.00297404 -0.00298658 -0.00215712 -0.0028905 -0.00286414 -0.002746
internal_weight=6995 1132 1009 549 261 460 288 235 208 88 265 82 5863 77 702 118 123 584 183 564 155 45 383 49 42 54 120 76 351 5161 412 387 83 535 116 103 330 301 277 93 419 73 82 61 4749 4716 75 304 245 131
internal_count=6995 1132 1009 549 261 460 288 235 208 88 265 82 5863 77 702 118 123 584 183 564 155 45 383 49 42 54 120 76 351 5161 412 387 83 535 116 103 330 301 277 93 419 73 82 61 4749 4716 75 304 245 131
is_linear=0
shrinkage=0.03


Tree=25
num_leaves=58
num_cat=0
split_feature=38 26 49 5 20 38 1 59 19 38 50 30 33 17 43 62 49 29 42 16 25 2 22 4 67 5 3 2 25 30 67 12 19 55 50 31 21 35 59 28 16 18 38 19 27 43 70 24 26 38 12 14 49 14 44 3 1
split_gain=101.448 31.2815 22.2436 13.5371 9.11992 8.0031 7.02536 6.86988 5.9782 5.55683 5.48851 4.99964 4.48391 8.14158 4.33324 4.22214 4.37513 4.13901 3.6153 2.82301 2.903 2.69052 2.15728 2.2351 2.09124 1.85174 1.81796 1.63118 1.41328 1.20035 2.25545 1.0466 0.861304 0.704876 0.682095 0.655919 0.568162 0.906538 0.399246 0.95862 0.387179 0.324099 0.311449 0.211105 0.195828 0.194053 0.185549 0.594064 0.179268 0.170008 0.430466 0.6473 0.0467958 0.103889 0.0302208 0.0122353 0.01158
threshold=23782.395833333339 66.131399854166673 236.50000000000003 2.5000000000000004 26.456250000000001 29182.895833333336 -6.7749999999999995 449.00000000000006 -1.4749999999999999 19645.750000000004 270.56250000000006 65.158984430170236 1.9664555722151065 -5.2249999999999988 31901.000000000004 945.20833333333337 131.50000000000003 62.985818092556947 48494.791666666679 4632.0000000000009 74.49027000000001 79.055660000000003 1.5000000000000007 14.500000000000002 126904.50000000001 1.0000000180025095e-35 56.34161146042257 79.754282500000016 84.770855000000012 63.189451080680989 107385.00000000001 86604.000000000015 21.275000000000002 8.5000000000000018 4362.666666666667 61.874914903536727 3.6473520581347043 28212.000000000004 1059.5000000000002 -0.52537699999999876 5273.5000000000009 -0.72499999999999987 26291.208333333339 26.125000000000004 6.4977204273321734 33898.500000000007 106968.27083333334 88.479875000000007 86.18017031250001 23031.604166666668 104502.00000000001 114819.02083333334 430.50000000000006 105688.27083333336 33907.500000000007 63.960171929411011 22.475000000000005
decision_type=2 2 2 2 2 2 2 2 2 2 2 2 2 2 2 2 2 2 2 2 2 2 2 2 2 2 2 2 2 2 2 2 2 2 2 2 2 2 2 2 2 2 2 2 2 2 2 2 2 2 2 2 2 2 2 2 2
left_child=9 17 3 7 5 33 11 -3 -7 45 -9 21 13 -12 -6 -11 18 -2 26 36 35 -4 25 -24 55 27 -17 41 -15 30 -29 -27 42 -5 44 -21 38 56 39 -8 49 -18 -14 -25 -19 46 -1 52 -40 54 51 -51 53 -48 -33 -13 -38
right_child=1 2 6 4 14 8 19 10 -10 15 12 24 32 28 -16 16 22 34 -20 20 -22 -23 23 43 -26 31 -28 29 -30 -31 -32 40 -34 -35 -36 -37 37 -39 48 -41 -42 -43 -44 -45 -46 -47 47 -49 -50 50 -52 -53 -54 -55 -56 -57 -58
leaf_value=-153.324808427194 69.751897535119511 -0.58559357070218598 35.139609572138824 10.43612177634175 24.423757459658283 -6.0861023250819013 14.467987699879217 8.9370701092619775 63.87804216561468 51.048039625552363 51.492803363418034 -6.976538738268502 47.130344059500061 -2.7811160842031439 31.772514994747073 4.7253335901863673 0.62632439159884512 90.577567583862262 63.159052057969397 16.160682844620826 33.26902144440843 30.921718762817829 15.040637389695688 -6.3141858119943475 13.339138187052761 4.361407619276858 -8.7707863950262972 0.75480384619176477 12.41021592356314 -0.89008304518704662 6.514461681216801 -45.355298030200387 53.576910977184902 -7.2385417723605725 90.313630212073363 -13.681609108835998 -33.350216772474582 18.138789418777854 -13.982279489471349 -6.5679333098014689 0.28014134049520956 -11.640872276706862 57.648208288121218 0.50032253349730305 76.661073135708037 -0.32241510310639571 0.017468658063292251 2.4781145431518419 -0.87067393785184599 1.0116513666697431 -44.078906111569601 -12.205647723183196 -63.452131051466559 -61.731849462329791 -13.890498142932966 -3.5439518872560685 -39.672657707003786
leaf_weight=4562 20 22 37 27 21 20 22 23 28 24 34 23 29 20 25 20 20 55 21 20 29 31 30 22 22 20 29 31 21 34 20 553 32 101 22 26 20 37 194 36 33 63 47 20 26 20 20 20 20 26 92 26 108 26 23 20 22
leaf_count=4562 20 22 37 27 21 20 22 23 28 24 34 23 29 20 25 20 20 55 21 20 29 31 30 22 22 20 29 31 21 34 20 553 32 101 22 26 20 37 194 36 33 63 47 20 26 20 20 20 20 26 92 26 108 26 23 20 22
internal_value=-0.000915213 0.00730589 0.00555941 0.0105243 0.00522737 0.0020954 0.00155607 0.0156642 0.0125364 -0.00250311 0.0173654 0.00757325 0.0191043 0.0133422 0.017115 -0.000585314 -0.000864187 0.0215922 0.0063766 -0.000316828 0.00495339 0.0132599 -0.00136808 0.00361997 0.00156682 -0.00175327 0.00183299 0.00108864 0.00423358 0.0040188 0.00692759 -0.00237486 0.023062 -0.00180328 0.0240349 0.000195227 -0.00145258 0.000758533 -0.00210584 5.16344e-05 -0.00255743 -0.00187726 0.024954 -0.000783849 0.0254501 -0.00294885 -0.0029613 -0.00194716 -0.00270434 -0.00270379 -0.00172797 0.00040307 -0.00258923 -0.0016269 -0.0029422 -0.00222738 -0.00220903
internal_weight=6995 1132 1009 450 222 176 559 228 48 5863 206 133 183 75 46 1107 1083 123 70 426 75 68 1013 72 65 941 49 168 41 85 51 773 108 128 103 46 351 79 272 58 753 83 76 42 81 4756 4736 174 214 720 144 52 154 46 576 43 42
internal_count=6995 1132 1009 450 222 176 559 228 48 5863 206 133 183 75 46 1107 1083 123 70 426 75 68 1013 72 65 941 49 168 41 85 51 773 108 128 103 46 351 79 272 58 753 83 76 42 81 4756 4736 174 214 720 144 52 154 46 576 43 42
is_linear=0
shrinkage=0.03


Tree=26
num_leaves=61
num_cat=0
split_feature=38 26 49 47 5 10 1 38 57 18 10 30 29 58 7 10 61 62 54 16 54 27 5 37 53 5 37 24 42 28 48 24 3 54 51 37 57 14 68 18 30 28 10 38 34 61 53 27 64 16 1 15 38 43 34 40 22 70 14 15
split_gain=98.745 31.7489 20.9393 13.7827 12.0189 8.56384 6.50922 5.95377 5.8396 5.2862 4.82311 4.20609 4.13901 3.98165 4.53721 3.67169 3.53995 3.16187 3.10137 2.74779 6.2346 2.5654 2.40785 3.42673 2.28998 2.18025 1.87319 1.72232 1.47229 1.40257 1.26587 1.23298 0.864369 0.849399 0.814158 0.744849 0.71271 1.04451 0.437778 0.57781 0.432454 0.34357 0.313657 0.310435 0.72702 0.301834 0.761429 0.201015 0.18054 0.159119 0.159338 0.216412 0.143203 0.134752 0.0908875 0.209562 0.0383475 0.0329298 0.145302 0.0243236
threshold=23782.395833333339 66.131399854166673 236.50000000000003 493.50000000000006 2.5000000000000004 0.35201941816566318 -6.7749999999999995 18539.750000000004 9.5000000000000018 -3.4749999999999996 0.87900005428953576 65.564732701440519 62.985818092556947 3918.4375000000005 20.500000000000004 0.74305326206722599 693.50000000000011 945.20833333333337 1915.3333333333335 4632.0000000000009 2322.2916666666674 3.2997585510167542 1.0000000180025095e-35 17210.500000000004 1205.5000000000002 2.5000000000000004 20049.000000000004 75.98955500000001 55110.333333333343 -5.106137000000003 223.50000000000003 83.099332500000017 68.855247053115974 2090.4166666666674 2376.5000000000005 21467.500000000004 15.500000000000002 108302.18750000001 93787.500000000015 20.075000000000006 60.611335332659159 -3.9140360000000025 0.87900005428953576 27378.833333333339 -0.0086114884751076187 393.50000000000006 1244.5000000000002 6.4977204273321734 249.50000000000003 5733.5000000000009 -4.8249999999999984 5377.3041635644158 20454.458333333336 33875.000000000007 -1.0408354121801684 44423.500000000007 1.7499999999999998 107686.77083333336 104469.39583333336 12735.756101914243
decision_type=2 2 2 2 2 2 2 2 2 2 2 2 2 2 2 2 2 2 2 2 2 2 2 2 2 2 2 2 2 2 2 2 2 2 2 2 2 2 2 2 2 2 2 2 2 2 2 2 2 2 2 2 2 2 2 2 2 2 2 2
left_child=7 12 3 4 9 8 11 53 31 21 17 15 -2 29 24 27 -7 -9 -11 32 35 -3 23 -19 -15 -10 -18 -4 -13 -12 -20 -5 41 47 -34 -21 37 -25 39 -24 -31 -8 -6 48 -45 46 -40 -14 -43 50 51 -47 -42 57 55 -52 -56 -1 -59 -38
right_child=1 2 6 5 42 16 19 10 25 18 13 28 33 14 -16 -17 26 22 30 20 -22 -23 38 36 -26 -27 -28 -29 -30 40 -32 -33 34 -35 -36 -37 59 -39 45 -41 52 43 -44 44 -46 49 -48 -49 -50 -51 54 -53 -54 -55 56 -57 -58 58 -60 -61
leaf_value=-150.32510619286808 67.659340609065922 56.572835985849856 18.07377651175965 59.16184262711451 -9.4287694229691219 24.421129704577787 6.5216678978963767 53.934007046468075 10.71043577184428 -11.858507046387553 5.2501938506122983 -17.171879220251299 87.124567179495799 6.9607978075687891 24.466601801224073 38.214236264601496 52.748808029265284 32.737641322249573 37.325040664939394 6.5663460481703293 39.936830262205312 26.583789334952503 -1.8871137904750048 -8.9413593694576843 -0.27573452111250152 -12.180973873703516 43.280798522880829 14.50268748110364 13.503119960245094 6.6833078568563051 9.6384121679541277 53.032677884592893 -6.1923767101906231 87.828476994797882 16.952410950887746 -5.309549532886253 -2.2758439338694969 6.1506321706314671 1.183894263028014 4.1643484628011089 0.16958293922917264 0.80625703263838711 3.7583967696573106 18.581962533810046 -3.6374508029733126 -11.277576300290265 -23.844330435815831 74.361240941636837 -33.006518539384601 -0.19406109602883848 -28.076469173750652 0.53292162178748193 -14.255247792544985 -4.0567452592661359 -55.107747600275886 -3.3433947480616268 -2.8850623652849028 -3.1430960533059777 -65.204029829477619 -16.777774863209938
leaf_weight=4512 20 22 24 22 87 36 28 20 31 23 28 34 57 23 21 26 64 38 20 20 20 30 20 26 26 29 23 29 20 29 21 20 21 20 21 35 20 20 20 20 20 20 22 20 33 23 37 26 208 20 46 20 58 28 605 26 20 20 61 56
leaf_count=4512 20 22 24 22 87 36 28 20 31 23 28 34 57 23 21 26 64 38 20 20 20 30 20 26 26 29 23 29 20 29 21 20 21 20 21 35 20 20 20 20 20 20 22 20 33 23 37 26 208 20 46 20 58 28 605 26 20 20 61 56
internal_value=-0.000910924 0.00719989 0.00544049 0.0102577 0.00498445 0.0155131 0.00155607 -0.00247753 0.00902057 0.0117054 -0.000630385 0.00734786 0.0215922 0.00356899 0.00937232 0.0117573 0.0208611 -0.0014637 0.00585023 -0.000246422 0.00495339 0.0188292 -0.00169895 0.00166771 0.00427699 0.00294509 0.0241791 0.00711864 0.000831792 0.000532938 0.0108029 0.0176009 -0.00136713 0.0240349 0.00263658 -0.000217787 -0.000761671 0.0021475 -0.00233112 0.000673316 -0.0010084 -0.00192171 -0.00214482 -0.0022412 -0.000112995 -0.00248195 -0.000315237 0.0254874 -0.00272249 -0.00264044 -0.0027118 -0.000835268 -0.0021895 -0.00297332 -0.00282313 -0.00170596 -0.00294673 -0.00298622 -0.00221948 -0.00256242
internal_weight=6995 1132 1009 450 225 225 559 5863 102 116 1242 133 123 205 70 79 123 1037 64 426 75 52 1017 160 49 60 87 53 54 135 41 42 351 103 42 55 122 46 857 40 107 309 109 281 53 817 57 83 228 760 740 43 78 4621 697 72 625 4593 81 76
internal_count=6995 1132 1009 450 225 225 559 5863 102 116 1242 133 123 205 70 79 123 1037 64 426 75 52 1017 160 49 60 87 53 54 135 41 42 351 103 42 55 122 46 857 40 107 309 109 281 53 817 57 83 228 760 740 43 78 4621 697 72 625 4593 81 76
is_linear=0
shrinkage=0.03


Tree=27
num_leaves=56
num_cat=0
split_feature=38 43 49 39 47 33 38 62 5 36 58 63 18 36 26 24 19 47 66 21 66 5 41 47 64 55 24 21 38 11 3 33 37 16 42 39 25 28 21 26 43 53 34 4 35 44 60 30 24 32 1 26 3 1 2
split_gain=91.3248 30.6568 15.7109 15.5554 11.3371 7.97838 7.36071 5.44527 4.85016 4.66601 5.88947 4.6242 3.97521 3.9471 7.44947 3.52883 3.65289 3.42039 3.26408 4.6194 2.66862 2.31926 1.80354 1.69416 1.43115 1.28108 1.21851 1.16589 0.92172 2.04241 0.662798 0.599876 0.582268 0.572102 0.533709 0.511294 0.490785 0.442105 0.39185 0.789696 0.407365 0.351765 0.299637 0.268839 0.198205 0.186452 0.177014 0.159697 0.115862 0.0774747 0.0373609 0.0366817 0.0261715 0.0186711 0.01158
threshold=24390.437500000004 33742.500000000007 236.50000000000003 46559.500000000007 493.50000000000006 1.9810884900192802 21545.250000000004 945.20833333333337 1.5000000000000002 21114.000000000004 4130.7500000000009 2237.0000000000005 -3.9749999999999996 25789.000000000004 71.133471187500021 82.379243000000017 23.575000000000006 807.50000000000011 4116.1875000000009 2.4550833644689525 763.81250000000011 2.5000000000000004 40571.500000000007 929.50000000000011 150.50000000000003 10274.000000000002 80.958815000000016 1.1565133129809799 18539.750000000004 84319.000000000015 63.657621198053256 2.7301371330202744 18656.000000000004 -4326.4999999999991 38445.500000000007 52459.500000000007 96.273427500000011 -2.6933950000000055 3.0788573973207378 79.66643400000001 32500.500000000004 670.50000000000011 -1.5531329473257498 3.5000000000000004 20710.000000000004 33841.500000000007 539.50000000000011 64.083887953455005 98.127205000000018 63.716072248466766 -1.6749999999999996 63.833932437500003 68.855247053115974 -2.3249999999999997 83.099332500000017
decision_type=2 2 2 2 2 2 2 2 2 2 2 2 2 2 2 2 2 2 2 2 2 2 2 2 2 2 2 2 2 2 2 2 2 2 2 2 2 2 2 2 2 2 2 2 2 2 2 2 2 2 2 2 2 2 2
left_child=6 2 4 8 21 17 28 -8 12 10 20 -5 -3 14 -4 16 -12 -6 19 -13 -9 -2 -10 32 -11 27 -19 -15 45 -30 -20 44 -7 -33 -31 -16 41 -35 46 40 52 -36 -43 -39 -26 48 -29 -22 -1 50 -44 -46 -40 -23 -24
right_child=1 3 13 11 5 23 7 9 22 24 15 18 -14 25 35 -17 -18 26 30 -21 47 53 54 -25 31 -27 -28 38 29 34 -32 33 -34 37 36 -37 -38 43 39 -41 -42 42 49 -45 51 -47 -48 -49 -50 -51 -52 -53 -54 -55 -56
leaf_value=-143.49065450801118 17.271984337316784 57.759512578117686 25.089406664631959 21.303954817086659 26.888044920527612 54.562972875111143 72.567355763074062 9.571336973063806 42.261449114754441 12.440110418480591 59.303034471602764 81.09337436391057 59.514058477422623 7.0355329828043498 -2.3699247660901266 0.30882337244322705 15.580309222782731 11.041515963675653 92.1273441941062 56.725269121220364 -7.7695254462446393 -1.9359868102525621 -1.3309942843474742 31.956640100618561 -12.065075285769822 35.389777878782162 -14.804920736413219 0.89157589226099954 6.1208953428356976 2.8930923046481127 76.934609011573244 15.435820800907294 24.172987050079094 5.6963235358394222 2.5664960517591049 3.877434833149918 0.85148984084126134 0.21562337064031437 -19.001784072891464 19.360479810886812 10.980188734747928 1.2701550179087204 -11.003319629940766 -10.886685566210399 -21.130881750619437 -0.34404204532704169 -6.0098022879716151 -0.59749517558912735 -15.46452613565981 -2.5103399925143095 -28.673871974744472 -34.093292943026178 -8.1861731107281184 -6.951426101318245 -31.834266937406955
leaf_weight=4568 38 28 22 23 25 34 27 31 36 25 29 36 21 27 24 28 24 24 20 29 90 20 20 33 37 23 22 20 24 21 90 20 20 20 20 23 24 24 66 24 25 25 20 71 20 21 173 20 32 38 395 317 20 36 22
leaf_count=4568 38 28 22 23 25 34 27 31 36 25 29 36 21 27 24 28 24 24 20 29 90 20 20 33 37 23 22 20 24 21 90 20 20 20 20 23 24 24 66 24 25 25 20 71 20 21 173 20 32 38 395 317 20 36 22
internal_value=-0.000996698 0.00727956 0.00373337 0.0148939 0.00972233 0.01463 -0.00241664 0.00029115 0.00665618 -0.000178549 0.00347141 0.0201565 0.014053 0.000348915 0.00694645 0.00991369 0.0144633 0.00708861 0.0218275 0.0163134 -0.000212616 0.00143464 0.00195903 0.0207348 -0.00170193 -0.000848982 0.0021475 -0.00130104 -0.00282589 -0.00167166 0.0250409 -0.00205068 0.024122 -0.000310882 -0.00205487 0.000127388 -0.0022467 -0.00114683 -0.00180128 -0.000532939 -0.00162016 -0.00245132 -0.00261661 -0.00201893 -0.00267041 -0.00296683 -0.00267219 -0.00242507 -0.00297972 -0.00279409 -0.00291978 -0.00290122 -0.00261324 -0.00240642 -0.00220903
internal_weight=6995 1024 699 325 252 158 5971 783 127 756 222 198 49 447 69 81 53 71 175 65 141 94 78 87 534 378 46 355 5188 567 110 509 54 135 543 47 522 115 328 135 111 498 478 95 374 4621 193 110 4600 453 415 337 86 56 42
internal_count=6995 1024 699 325 252 158 5971 783 127 756 222 198 49 447 69 81 53 71 175 65 141 94 78 87 534 378 46 355 5188 567 110 509 54 135 543 47 522 115 328 135 111 498 478 95 374 4621 193 110 4600 453 415 337 86 56 42
is_linear=0
shrinkage=0.03


Tree=28
num_leaves=60
num_cat=0
split_feature=38 26 49 0 50 43 25 33 26 38 26 62 49 44 31 36 27 62 20 22 4 5 51 24 39 5 23 60 30 54 13 22 21 20 28 25 53 66 28 59 37 3 33 62 15 24 1 50 44 64 13 26 25 12 21 11 11 35 62
split_gain=86.6022 30.9022 20.7483 12.7228 8.63352 5.77078 5.6889 8.03123 8.72851 5.46267 5.08519 4.29259 4.58984 3.99228 3.57222 3.34504 2.74339 2.70088 2.53895 2.17728 2.63786 1.98598 2.53158 1.89559 1.63055 1.62551 1.78154 1.77906 2.0619 1.52029 3.07407 1.13878 1.11147 0.884032 0.752 1.14462 0.681972 1.88532 1.64436 0.545303 0.513172 0.4864 0.951238 0.338254 0.308965 0.30563 0.442836 0.239646 0.187283 0.171394 0.145967 0.143659 0.268543 0.089577 0.0472935 0.023442 0.0227143 0.0216295 0.146544
threshold=23782.395833333339 65.218555333333356 230.50000000000003 117514.00000000001 2404.8958333333339 33742.500000000007 84.770855000000012 1.6314754799674629 71.869189625000004 18539.750000000004 77.065874500000021 945.20833333333337 131.50000000000003 32497.500000000004 63.485560151823826 24688.000000000004 11.001846022778752 1907.9583333333337 24.539583333333336 1.5000000000000007 14.500000000000002 2.5000000000000004 1205.5000000000002 87.596105000000009 47759.000000000007 1.0000000180025095e-35 78.119260000000011 480.50000000000006 63.189451080680989 2444.0833333333335 115214.50000000001 -0.049999999999999871 1.1565133129809799 -7.5281249999999993 -3.9140360000000025 74.49027000000001 1129.5000000000002 2900.666666666667 -0.04034199999999543 609.50000000000011 19382.000000000004 68.475151584439146 1.9874782706489673 2109.5833333333335 4922.8544610327908 97.815970000000007 15.125000000000002 831.52083333333337 33841.500000000007 8238.5000000000018 107209.00000000001 64.522752104166685 87.364355000000003 130242.00000000001 1.2010590658223237 104870.00000000001 111350.00000000001 18452.500000000004 2721.0416666666674
decision_type=2 2 2 2 2 2 2 2 2 2 2 2 2 2 2 2 2 2 2 2 2 2 2 2 2 2 2 2 2 2 2 2 2 2 2 2 2 2 2 2 2 2 2 2 2 2 2 2 2 2 2 2 2 2 2 2 2 2 2
left_child=9 17 3 4 6 15 21 31 -9 45 -7 -11 16 -5 -10 18 -13 39 -4 25 -21 22 -3 -18 -12 26 50 -28 -29 32 -31 -8 -17 -15 35 53 37 38 -27 -2 -23 44 -43 -39 -36 48 -47 -22 57 51 -14 52 56 -34 -35 -42 -38 -1 -59
right_child=1 2 5 13 -6 10 7 8 14 11 24 12 19 33 -16 29 23 -19 -20 20 47 40 -24 -25 -26 36 27 28 -30 30 -32 -33 34 54 41 -37 49 43 -40 -41 55 42 -44 -45 -46 46 -48 -49 -50 -51 -52 -53 -54 -55 -56 -57 -58 58 -60
leaf_value=-142.83886392905814 76.286392921303303 -1.0971971614205511 16.054671479139646 14.003141426732677 34.485922040697368 34.432721290397424 -6.07136522596128 3.9469697159741552 55.814048985397797 45.721557552499604 -4.5353768180838561 -4.0484240945624501 -0.13424350854993808 45.927441442521619 22.471426386100909 6.8244669933201907 58.380670624294751 42.566459849032356 15.110832481133642 11.298351133964385 -7.2117401317050147 19.952262737608187 45.7264976069957 5.7315209757284862 27.821531778151684 3.3969164614064202 -1.485551973564389 8.1529830311499811 -1.3978220373543089 28.956494433700733 -9.0359234525706231 15.615251004664948 -4.0802018432955647 57.092096336846282 -0.60809962772315429 37.725119694343419 -59.133845377755968 -18.527422848237503 -0.93557506525811451 83.764932309024459 -27.407908943593331 -6.3054249650269227 17.468553065860352 0.6680874427911172 -13.198534795934894 -131.66063315377801 1.695385993366743 0.39599566260555275 -0.33372078396725552 -0.86785785744439237 -10.017090957583974 -38.955890931943763 1.6837456657642975 -20.542833174705319 50.780703891879554 -19.946091497429617 -17.124335035341161 -30.932864157401308 -1.2421225491464953
leaf_weight=4448 20 24 21 20 34 22 34 30 37 24 24 29 20 26 35 27 22 20 35 32 28 20 34 23 24 22 35 31 20 20 22 24 20 20 26 20 49 129 26 65 20 30 21 22 254 30 20 20 21 20 62 588 20 20 31 52 20 81 21
leaf_count=4448 20 24 21 20 34 22 34 30 37 24 24 29 20 26 35 27 22 20 35 32 28 20 34 23 24 22 35 31 20 20 22 24 20 20 26 20 49 129 26 65 20 30 21 22 254 30 20 20 21 20 62 588 20 20 31 52 20 81 21
internal_value=-0.00100528 0.00659041 0.00500049 0.00991612 0.00719268 0.001295 0.00560142 0.00953779 0.0146033 -0.00247241 0.00937232 -0.000702843 -0.000953124 0.0195263 0.0202635 0.000191823 0.0062753 0.0220932 0.0071123 -0.00142383 0.00333333 0.00137908 0.0057315 0.0109091 0.00380457 -0.00178461 0.000910172 0.00393728 0.00751468 -0.000645513 0.00477435 0.000567986 -0.00119828 0.0226459 -0.00161084 0.00144759 -0.00229327 -0.000723255 0.00442827 0.0244653 -0.00133551 -0.00217457 0.000469667 -0.00238253 -0.00266691 -0.00294735 -0.000538923 -0.00106029 -0.00297303 -0.00273705 -0.00222899 -0.0028179 -0.00161616 -0.00142145 0.0251272 -0.00253814 -0.00251809 -0.00298609 -0.00238002
internal_weight=6995 1132 1027 441 344 586 310 160 102 5863 70 1242 1218 97 72 516 74 105 56 1144 80 150 58 45 48 1064 168 86 51 460 42 58 418 77 391 60 896 199 48 85 92 331 51 151 280 4621 50 48 4571 697 82 677 89 40 51 72 69 4550 102
internal_count=6995 1132 1027 441 344 586 310 160 102 5863 70 1242 1218 97 72 516 74 105 56 1144 80 150 58 45 48 1064 168 86 51 460 42 58 418 77 391 60 896 199 48 85 92 331 51 151 280 4621 50 48 4571 697 82 677 89 40 51 72 69 4550 102
is_linear=0
shrinkage=0.03


Tree=29
num_leaves=58
num_cat=0
split_feature=35 14 10 47 43 49 49 5 33 64 51 0 12 33 65 48 5 60 60 37 54 61 70 49 47 24 50 41 2 42 45 41 17 16 57 47 35 66 40 24 53 0 53 53 4 2 22 1 15 1 36 10 35 5 1 24 24
split_gain=75.2135 31.3005 16.9152 9.47116 8.79712 6.62661 6.30573 7.73973 4.81553 4.61607 4.56571 4.17469 4.64505 3.9351 3.74567 2.95527 2.81506 2.72421 3.95226 3.05513 2.61411 2.58723 2.52105 3.06686 5.95368 4.29311 2.40081 2.25155 2.14122 2.12026 1.91669 1.8599 1.59686 1.32425 1.27507 0.789278 0.697743 0.652593 0.624767 0.561631 0.464871 1.06793 0.30312 0.668361 0.297972 0.17475 0.156837 0.159345 0.163756 0.133907 0.133626 0.122449 0.0298486 0.0290381 0.0256635 0.00155541 0.0127303
threshold=29384.500000000004 107550.81250000001 0.74305326206722599 493.50000000000006 33742.500000000007 230.50000000000003 415.50000000000006 2.5000000000000004 1.9533806450950231 2383.5000000000005 1287.5000000000002 117514.00000000001 114126.50000000001 2.0675439820252595 3828.5000000000005 1947.0000000000002 2.5000000000000004 441.50000000000006 838.50000000000011 17770.000000000004 2296.2916666666674 1359.5000000000002 104356.62500000001 201.50000000000003 603.50000000000011 91.356087500000015 944.52083333333337 44297.000000000007 86.833815000000016 58728.625000000007 32712.500000000004 45035.500000000007 -8.3749999999999982 5733.5000000000009 10.500000000000002 171.50000000000003 20571.000000000004 462.56250000000006 36403.000000000007 93.560390000000027 794.50000000000011 109406.50000000001 1355.5000000000002 1219.5000000000002 15.500000000000002 91.356087500000015 1.8000000000000005 -7.8749999999999991 17144.329907923024 7.8250000000000002 29432.500000000004 0.56392291514228221 19823.500000000004 1.0000000180025095e-35 17.875000000000004 90.919585000000012 94.402335000000008
decision_type=2 2 2 2 2 2 2 2 2 2 2 2 2 2 2 2 2 2 2 2 2 2 2 2 2 2 2 2 2 2 2 2 2 2 2 2 2 2 2 2 2 2 2 2 2 2 2 2 2 2 2 2 2 2 2 2 2
left_child=1 22 6 13 30 27 7 9 -7 28 21 12 -6 16 -13 29 20 -15 26 -20 -4 -11 36 24 25 35 -19 -5 -3 39 -2 -30 -8 37 -12 -24 52 -34 -25 50 41 49 43 -39 -16 51 47 -42 55 -40 -9 -44 -1 -37 -18 -49 -57
right_child=4 2 3 5 11 8 32 15 -10 10 34 14 -14 17 44 -17 54 18 19 -21 -22 -23 23 38 -26 -27 -28 -29 31 -31 -32 -33 33 -35 -36 53 -38 42 40 -41 46 -43 45 -45 -46 -47 -48 48 -50 -51 -52 -53 -54 -55 -56 56 -58
leaf_value=-138.19549668576076 0.17847302099907431 -11.726971448265191 0.5163661685810792 52.786120350218667 57.033886372258422 -1.0193266015255098 12.786286655770917 -8.4641627398513197 35.295596352551982 -1.447648481922007 47.8323436367222 49.173951385619915 -8.3897794996202002 0.27987499027463952 80.929543442769528 38.775925656190516 -1.760825803139991 33.971916192513127 51.466712424644918 0.016249346090101219 33.922615208764967 17.802835718357514 0.57801758749308674 1.5286787245491733 82.535770394207617 15.090565938736077 7.9136082160494174 16.450942025099959 17.455711786516318 21.87668449599974 37.968205036208602 1.9751367588125111 15.385786229044713 8.167897222106312 32.307701035244513 -0.14420609990084871 1.1189759289129908 -22.43434417141146 -18.086753616130181 11.993195444733203 -0.17754672977425057 5.2808443388298318 -34.645436337738438 0.36660693719746795 59.264669721275332 -1.1778207855539116 -1.7819828322374089 -57.594841225449727 -0.29594076126041846 -1.1681336229279771 -6.8563162445174433 -2.9038393131258102 -32.218744761393317 -19.76220639002252 -4.9708343288465935 -3.204175757523978 -26.345939005781158
leaf_weight=4398 30 39 31 37 22 31 35 170 26 22 20 37 20 33 67 26 20 20 20 37 20 20 23 28 20 20 22 29 21 33 25 25 29 28 27 20 35 37 47 22 21 20 436 22 33 20 20 431 22 20 25 29 24 88 63 21 28
leaf_count=4398 30 39 31 37 22 31 35 170 26 22 20 37 20 33 67 26 20 20 20 37 20 20 23 28 20 20 22 29 21 33 25 25 29 28 27 20 35 37 47 22 21 20 436 22 33 20 20 431 22 20 25 29 24 88 63 21 28
internal_value=-0.00101814 -0.00159737 0.00226561 0.007633 0.0156984 0.0145248 0.000339747 0.00305932 0.0069352 0.00801264 0.0127946 0.018928 0.0104751 0.00443066 0.021488 -5.43289e-05 0.000782997 0.00810749 0.0105954 0.00535902 0.00634051 0.00548694 -0.00267589 -0.00115065 0.00241964 0.000357379 0.0176009 0.0210136 0.00296122 -0.00106757 0.00511797 0.00735358 -0.00157994 -0.00194643 0.0192357 -0.00160183 -0.00295888 -0.00226139 -0.00208327 -0.00215569 -0.00228059 -0.00020666 -0.0024977 -0.000406092 0.0245455 -0.00274583 -0.00260726 -0.00270694 -0.00281418 -0.00205663 -0.00267555 -0.0028639 -0.00299247 -0.00269195 -0.00259928 -0.00293064 -0.00232179
internal_weight=6995 6761 1475 389 234 123 1086 450 57 174 89 179 42 266 137 276 134 132 99 57 51 42 5286 829 171 151 42 66 85 250 55 46 636 601 47 131 4457 573 658 217 630 87 544 59 100 485 543 523 502 67 195 465 4422 108 83 480 49
internal_count=6995 6761 1475 389 234 123 1086 450 57 174 89 179 42 266 137 276 134 132 99 57 51 42 5286 829 171 151 42 66 85 250 55 46 636 601 47 131 4457 573 658 217 630 87 544 59 100 485 543 523 502 67 195 465 4422 108 83 480 49
is_linear=0
shrinkage=0.03


Tree=30
num_leaves=60
num_cat=0
split_feature=38 35 10 70 5 44 20 38 10 47 15 38 59 36 57 40 65 5 69 24 31 62 64 57 65 5 69 43 40 44 70 35 2 0 21 31 52 0 44 16 12 44 12 17 16 24 24 3 69 31 0 21 2 21 22 0 34 1 0
split_gain=83.3986 28.3987 14.4373 9.31689 8.74594 6.92881 6.20365 5.85503 4.82311 4.6675 5.95736 3.86478 4.82222 3.79622 3.74374 3.56004 3.39825 3.38128 3.63782 3.31784 3.29606 3.16187 2.93924 2.5001 2.4173 2.40785 3.48017 2.0685 1.55121 1.38323 2.44582 1.1678 0.935726 0.908744 0.895889 0.961226 0.890583 0.811592 0.662642 0.501333 0.462208 0.413064 0.404513 0.332932 0.292114 0.258764 0.168655 0.247645 0.128967 0.136562 0.247645 0.0448571 0.035851 0.0331291 0.0356858 0.0280186 0.0262677 0.0245299 0.0145858
threshold=23782.395833333339 29617.000000000004 0.35201941816566318 133964.58333333334 1.5000000000000002 32451.500000000004 -10.968749999999998 18539.750000000004 0.87900005428953576 965.50000000000011 5228.9088802274446 25483.687500000004 883.50000000000011 21853.000000000004 11.500000000000002 42237.500000000007 7322.5000000000009 4.5000000000000009 105721.50000000001 75.219467500000022 60.917536178604678 945.20833333333337 1120.0000000000002 4712.5000000000009 3828.5000000000005 1.0000000180025095e-35 100155.50000000001 32364.500000000004 46822.500000000007 32280.500000000004 129030.81250000001 28468.000000000004 79.754282500000016 102000.50000000001 1.2010590658223237 67.811589735769516 1410.5000000000002 120010.50000000001 32713.500000000004 5733.5000000000009 86261.000000000015 33841.500000000007 113458.50000000001 -6.7749999999999995 -1005.4999999999999 86.833815000000016 97.815970000000007 57.884703960391285 90757.000000000015 53.900143290747515 108940.50000000001 3.1928404050339894 50.810230000000011 4.3150580507072567 1.6499999999999992 101418.00000000001 -1.5085801457098496 -1.825 107399.50000000001
decision_type=2 2 2 2 2 2 2 2 2 2 2 2 2 2 2 2 2 2 2 2 2 2 2 2 2 2 2 2 2 2 2 2 2 2 2 2 2 2 2 2 2 2 2 2 2 2 2 2 2 2 2 2 2 2 2 2 2 2 2
left_child=7 2 6 4 11 -3 19 41 21 10 -7 12 36 -6 17 20 29 18 28 -2 -10 -9 27 -5 -11 26 -23 -17 -8 30 -15 44 57 -34 -16 45 -4 -26 -24 40 -27 46 -20 -42 -31 52 -1 -48 -45 50 -50 -39 -36 54 56 -46 -51 -28 -19
right_child=1 5 3 23 13 9 14 8 15 24 -12 -13 -14 16 34 22 -18 58 42 -21 -22 25 38 -25 37 39 32 -29 -30 31 -32 -33 33 -35 35 -37 -38 51 -40 -41 43 -43 -44 48 55 -47 47 -49 49 53 -52 -53 -54 -55 -56 -57 -58 -59 -60
leaf_value=-131.06661007599308 58.273170965125459 5.1437854197703965 -1.1542577729528061 49.779012015877129 31.823174830106648 -1.8877444121748033 61.780090507299306 46.291246323780662 16.050153902235021 47.984736688191539 46.833794115840668 39.474705962113269 48.916662074856177 17.809673156649616 5.794525382647806 5.0548472993485349 46.379368908751744 -5.0480345548704086 15.452820090352818 7.6561394045009044 -0.018768720664894704 40.559743828526798 -4.2497429044837878 19.653727663127054 62.333748312571181 0.23217562059771693 -0.16981236738885686 3.4912746195499409 22.33876713657499 0.091237521823148676 -2.3753196574402313 5.4614745397635795 -2.8692484263764815 2.9861200193790185 -78.194575001026905 14.877394194057565 4.1972701720128001 76.282138623317195 3.4852007281194077 0.39650748648880718 0.038439029492821901 1.1727228250331123 -0.75546798663840353 -8.626919351171864 -11.808126844270699 -2.7155930876099079 -131.54198040287332 1.1918074354036603 -27.275980315254845 -44.499328169455275 0.93718327606384177 88.396681319588126 -13.422709654540785 -29.220381429484512 -1.8294623644423937 -5.7864016477348494 -41.137493197543549 -12.370675496965109 -37.05407979058927
leaf_weight=4550 20 23 21 31 31 26 21 20 38 33 28 36 32 28 20 20 25 20 20 22 20 30 79 20 20 27 20 21 24 21 20 20 24 29 20 21 20 58 27 24 22 21 22 24 20 29 30 20 30 25 20 20 254 20 20 79 645 57 27
leaf_count=4550 20 23 21 31 31 26 21 20 38 33 28 36 32 28 20 20 25 20 20 22 20 30 79 20 20 27 20 21 24 21 20 20 24 29 20 21 20 58 27 24 22 21 22 24 20 29 30 20 30 25 20 20 254 20 20 79 645 57 27
internal_value=-0.00102243 0.00643141 0.00417163 0.00842613 0.00667799 0.0164488 0.000859449 -0.00246218 -0.000630385 0.0183793 0.0108133 0.0137489 0.00968536 0.00350266 -0.000106673 0.00356899 0.00205537 0.0041387 0.00764638 0.0119002 0.00986231 -0.0014637 0.0010605 0.0204305 0.0214645 -0.00169895 0.00166771 0.00788321 0.0135698 0.000653907 0.00505197 -0.000835118 -0.000438125 0.00259887 -0.00176984 -0.00215674 0.00277372 0.0238838 -0.00155514 -0.00233112 -0.00245589 -0.00295384 0.0012114 -0.00258653 -0.00197336 -0.0025932 -0.0029732 -0.00113773 -0.00268971 -0.00275885 -0.00113773 0.0253905 -0.00287851 -0.00286861 -0.00290827 -0.00266398 -0.00295031 -0.00256809 -0.00229299
internal_weight=6995 1132 924 404 353 208 520 5863 1242 185 54 109 73 244 478 205 213 134 87 42 58 1037 147 51 131 1017 160 41 45 188 48 140 130 53 344 324 41 98 106 857 833 4621 42 806 120 303 4600 50 784 760 50 78 274 710 690 99 670 77 47
internal_count=6995 1132 924 404 353 208 520 5863 1242 185 54 109 73 244 478 205 213 134 87 42 58 1037 147 51 131 1017 160 41 45 188 48 140 130 53 344 324 41 98 106 857 833 4621 42 806 120 303 4600 50 784 760 50 78 274 710 690 99 670 77 47
is_linear=0
shrinkage=0.03


Tree=31
num_leaves=57
num_cat=0
split_feature=35 70 20 52 55 56 62 45 58 16 63 28 21 59 5 33 61 19 37 20 60 20 54 25 51 53 70 40 10 10 44 61 65 64 33 21 52 15 53 48 51 15 11 37 64 25 15 35 19 29 26 23 25 1 5 2
split_gain=68.0181 27.296 14.8668 10.2306 7.3723 5.74191 5.55931 4.64063 7.65197 4.04451 4.58364 4.73279 3.90988 3.61739 3.93525 4.16065 3.68831 2.86441 2.65571 2.57118 2.97835 2.5866 2.92576 2.4224 2.38371 2.18448 1.88374 3.90564 2.85105 1.83989 1.86463 1.76678 1.5228 1.19476 1.10747 1.06939 0.824934 0.796612 0.623304 0.420161 1.10605 1.63544 0.41839 0.392814 0.323947 0.298522 0.279667 0.266042 0.489178 0.231865 0.277796 0.199701 0.197043 0.199701 0.031415 0.0267963
threshold=29384.500000000004 114061.66666666667 27.865625000000005 1595.5000000000002 22.500000000000004 4.5000000000000009 1918.6875000000002 33802.500000000007 817.22916666666686 3197.5000000000005 1570.5000000000002 -0.020734999999994837 3.8958552269583047 1059.5000000000002 3.5000000000000004 2.0133698993506592 1273.5000000000002 -3.0249999999999995 17770.000000000004 -10.361458333333331 1153.5000000000002 26.201041666666672 1748.5625000000002 85.414955500000005 1144.5000000000002 1511.5000000000002 105951.89583333336 40621.500000000007 0.87900005428953576 0.74305326206722599 33824.500000000007 1336.5000000000002 4974.0000000000009 859.50000000000011 1.6314754799674629 1.2010590658223237 2056.5000000000005 18394.631617299332 822.50000000000011 429.50000000000006 1387.5000000000002 12864.199472302831 109406.50000000001 23768.500000000004 173.50000000000003 70.747552500000012 15369.256205891246 20571.000000000004 -0.97499999999999987 66.260735804484895 66.588850541666687 75.111830000000012 87.710680000000011 24.225000000000005 1.0000000180025095e-35 90.411025000000009
decision_type=2 2 2 2 2 2 2 2 2 2 2 2 2 2 2 2 2 2 2 2 2 2 2 2 2 2 2 2 2 2 2 2 2 2 2 2 2 2 2 2 2 2 2 2 2 2 2 2 2 2 2 2 2 2 2 2
left_child=1 7 3 5 24 23 17 26 -9 19 25 -12 -4 14 15 16 33 -6 -8 20 -7 35 -23 -3 -2 -11 47 28 31 42 -31 46 44 -5 -35 -21 -20 49 -26 40 -29 -42 54 -27 -15 -43 -28 -1 -49 50 -37 -44 -46 -54 -10 -16
right_child=4 2 12 13 6 9 18 8 29 10 11 -13 -14 32 55 -17 -18 -19 36 21 -22 22 -24 -25 38 43 27 39 -30 30 -32 -33 -34 34 -36 37 -38 -39 -40 -41 41 45 51 -45 52 -47 -48 48 -50 -51 -52 -53 53 -55 -56 -57
leaf_value=-128.88080650287702 47.450999011331632 35.024277834544939 11.694767301067657 -4.5422245903149152 77.996531809786035 8.6787102118499355 23.928423101278838 71.105888213256719 -1.0565037917668059 15.727493421597988 31.021225883790642 11.780944207115269 54.076664234137809 10.446603071712484 -14.604055901706509 16.664589501154257 26.900275827945269 38.551059943063649 16.235703443997231 6.0570713048399307 10.46164441532151 -0.37522447107223111 20.340584504595533 51.490502196821261 65.458564399653113 -7.2321824497253315 -3.1525744255629395 -16.831126525361697 9.8830574521658594 -29.864423851816625 18.643938716595041 3.9177775392912775 32.712002808777541 -5.7067224289334719 27.820755984547493 -0.34231886335806805 -6.7753072816305826 2.0232621232066914 75.099563182366069 -60.142482231127168 3.0105279501652151 0.089691181636694803 -7.3592397138178471 3.7206823642151545 -28.412056912915617 -17.671907173079958 0.72286635804894495 -55.951943719200365 1.4668257468109149 0.051369916659284982 -9.0312674061131997 4.1619257422582816 -3.0365471471147232 0.32661357370204713 -26.807810751359046 -3.3801933540287941
leaf_weight=4504 32 20 20 53 30 30 29 28 20 21 39 23 26 23 70 34 21 20 27 24 23 25 29 24 39 27 40 149 27 21 37 20 20 20 24 26 25 34 32 319 35 20 20 21 377 48 20 38 20 23 121 20 20 20 117 20
leaf_count=4504 32 20 20 53 30 30 29 28 20 21 39 23 26 23 70 34 21 20 27 24 23 25 29 24 39 27 40 149 27 21 37 20 20 20 24 26 25 34 32 319 35 20 20 21 377 48 20 38 20 23 121 20 20 20 117 20
internal_value=-0.00109534 -0.00164618 0.00233924 0.00170035 0.0148014 0.00493433 0.0100229 -0.00255783 0.00132269 0.0039455 0.00842105 0.0143478 0.0190672 -0.000645208 0.00231722 0.00526627 0.00256562 0.0179042 0.00510481 0.00218442 0.00824859 0.00103155 0.00693161 0.0153061 0.0208341 0.00303907 -0.00275319 -0.00126972 0.00397759 -0.000433859 0.00418244 0.00108614 -0.00221039 6.17913e-05 0.0037415 -0.000355108 0.000978886 -0.001073 0.0239662 -0.0022588 -0.00132091 0.00104753 -0.00196499 -0.000436591 -0.0025835 -0.00162996 -0.00144759 -0.00297297 -0.000877798 -0.0019224 -0.00236574 0.000673316 -0.00277631 -0.000673317 -0.00275711 -0.00263041
internal_weight=6995 6761 1258 1212 234 510 131 5503 263 466 131 62 46 702 242 152 118 50 81 335 53 282 54 44 103 69 5240 678 107 235 58 80 460 97 44 228 52 204 71 571 252 103 177 48 440 68 60 4562 58 170 147 40 417 40 137 90
internal_count=6995 6761 1258 1212 234 510 131 5503 263 466 131 62 46 702 242 152 118 50 81 335 53 282 54 44 103 69 5240 678 107 235 58 80 460 97 44 228 52 204 71 571 252 103 177 48 440 68 60 4562 58 170 147 40 417 40 137 90
is_linear=0
shrinkage=0.03


Tree=32
num_leaves=52
num_cat=0
split_feature=38 26 49 5 47 37 50 45 10 38 4 33 54 62 54 43 20 10 64 58 20 25 37 46 52 33 48 21 21 36 14 40 15 24 11 70 67 40 40 44 11 35 3 70 21 34 22 20 64 35 10
split_gain=77.0473 30.7432 14.8995 10.696 7.5541 5.90204 5.37124 8.67596 5.09442 4.82895 4.54799 4.20898 3.58104 3.55859 3.1521 4.6113 2.9335 2.96931 2.92247 2.45892 2.43855 3.00308 2.28666 1.78453 1.66075 3.38339 1.66054 1.06473 1.27738 1.01568 0.955637 0.888664 1.36904 1.42659 1.30576 0.954887 0.783846 1.46713 0.583898 0.409203 0.398529 0.387585 0.318062 0.295473 1.42966 0.28696 0.265601 0.128049 0.149647 0.126373 0.128561
threshold=23782.395833333339 65.218555333333356 236.50000000000003 2.5000000000000004 493.50000000000006 19885.000000000004 270.56250000000006 32776.500000000007 0.46472317204376884 18539.750000000004 16.500000000000004 1.6314754799674629 2113.1666666666674 945.20833333333337 2322.2916666666674 33742.500000000007 27.280208333333338 0.87900005428953576 1181.5000000000002 4652.0208333333339 -8.5416666666666643 81.526085000000009 17770.000000000004 32351.479166666668 1418.5000000000002 1.9972803736981795 1914.5000000000002 3.6212333628824873 3.7819026412339771 28650.000000000004 115187.06250000001 47759.000000000007 16319.050998973231 84.284243000000018 113609.00000000001 101209.08333333336 125890.00000000001 57941.000000000007 42811.500000000007 33841.500000000007 87480.500000000015 24510.500000000004 68.855247053115974 106073.47916666669 2.4979293947508254 0.43639633826948204 0.29999999999999943 -5.2260416666666663 809.50000000000011 27578.500000000004 0.74305326206722599
decision_type=2 2 2 2 2 2 2 2 2 2 2 2 2 2 2 2 2 2 2 2 2 2 2 2 2 2 2 2 2 2 2 2 2 2 2 2 2 2 2 2 2 2 2 2 2 2 2 2 2 2 2
left_child=9 12 3 6 46 11 -3 22 20 39 29 -6 30 -11 15 36 17 31 23 38 21 -4 -8 -19 -24 -26 -7 42 -29 -9 -2 32 34 -34 35 -15 41 -38 -20 43 -37 -10 -22 -1 -45 -30 -5 -42 -49 50 -33
right_child=1 2 8 4 5 26 7 10 14 13 -12 -13 -14 16 -16 -17 -18 18 19 -21 27 -23 24 -25 25 -27 -28 28 45 -31 -32 49 33 -35 -36 40 37 -39 -40 -41 47 -43 -44 44 -46 -47 -48 48 -50 -51 -52
leaf_value=-125.55165483022458 84.086228573141895 1.4970702395647677 10.967996318373235 -7.514221394128259 9.608496843738136 -8.1978483938354003 2.9914989155691307 51.863339356486208 0.8089521145384716 38.956617779356627 25.339671940035164 38.220996240505016 71.983303285767406 1.4228209744065823 32.890776266002995 30.05811756699854 52.696179795762603 8.0322178681646754 0.15749716235821637 7.9518066303683268 -20.996783321977706 -1.3218607067297685 5.6487773363143212 3.0956213484776742 11.89414210634488 13.966813603797677 44.498965217875387 17.221617166141968 1.8693846483593697 32.389631118941423 70.971482887334048 -60.051618430052642 3.9601100375001015 -0.36972608207552327 2.1107370094123059 0.16448975618903622 15.255665320612785 -4.1913618750625208 -2.4756510842813131 0.57822306555292791 -0.34294535708693397 -6.0647928307235066 0.033399971688016838 3.114831335371949 -60.62981801732694 -14.939444199482466 -0.25650908733851219 -1.1548825856049549 -16.789119897939202 -3.4550390349455786 -0.71119790111961423
leaf_weight=4486 21 27 24 71 20 34 32 59 34 24 26 39 22 20 29 35 20 27 31 22 227 25 21 27 29 23 20 23 28 20 62 472 30 33 20 30 21 21 93 21 24 43 25 20 94 33 38 24 291 26 28
leaf_count=4486 21 27 24 71 20 34 32 59 34 24 26 39 22 20 29 35 20 27 31 22 227 25 21 27 29 23 20 23 28 20 62 472 30 33 20 30 21 21 93 21 24 43 25 20 94 33 38 24 291 26 28
internal_value=-0.00110392 0.00606042 0.00447473 0.00849488 0.00374156 0.00917772 0.0129313 0.0145502 0.00121985 -0.00248776 0.020666 0.015736 0.0215224 -0.000823606 0.00534134 0.00360156 -0.00105164 -0.00124447 0.00208396 -0.00010267 -0.000732278 0.00549898 0.00839201 0.00804066 0.0113269 0.0142226 0.00194085 -0.00165129 0.00124851 0.0242731 0.0244043 -0.00191464 -0.000959543 0.00313788 -0.00159863 -0.00198921 0.000755667 0.00406176 -0.00176471 -0.00293437 -0.00234083 -0.00101167 -0.00262991 -0.00295363 -0.00139352 -0.000981997 -0.00186984 -0.00263639 -0.00279911 -0.00276563 -0.00287343
internal_weight=6995 1132 1027 459 222 113 237 210 568 5863 105 59 105 1242 183 154 1218 1198 200 146 385 49 105 54 73 52 54 336 84 79 83 998 472 63 409 389 119 42 124 4621 369 77 252 4600 114 61 109 339 315 526 500
internal_count=6995 1132 1027 459 222 113 237 210 568 5863 105 59 105 1242 183 154 1218 1198 200 146 385 49 105 54 73 52 54 336 84 79 83 998 472 63 409 389 119 42 124 4621 369 77 252 4600 114 61 109 339 315 526 500
is_linear=0
shrinkage=0.03


Tree=33
num_leaves=61
num_cat=0
split_feature=38 26 10 58 47 49 38 58 21 12 42 5 62 4 65 20 10 51 54 27 7 55 50 48 20 20 28 55 14 43 51 62 40 39 44 29 42 70 20 34 44 56 53 50 70 21 7 20 24 24 0 65 11 10 57 2 21 21 53 0
split_gain=72.0772 27.3533 14.3746 11.2264 8.86421 7.13593 5.02296 4.45983 4.34095 4.32529 3.74395 3.72542 3.52825 3.14313 3.75855 2.90784 2.88062 2.84815 2.66022 2.40462 2.28227 1.90513 2.11855 1.77254 1.63031 2.07439 1.55677 1.49471 1.4283 1.33601 1.32199 1.1213 1.02047 1.25801 1.01125 0.880098 0.81077 0.748316 0.627613 0.566316 0.407919 0.376791 0.335381 0.295659 0.292882 1.42966 0.226322 0.222714 0.148735 0.199701 0.148069 0.132248 0.255031 0.114268 0.062648 0.107871 0.0546385 0.123689 0.0259171 0.0140354
threshold=23782.395833333339 65.218555333333356 0.74305326206722599 746.97916666666686 381.50000000000006 208.50000000000003 18539.750000000004 4969.916666666667 1.5261035388849338 128977.00000000001 59129.854166666672 4.5000000000000009 945.20833333333337 2.5000000000000004 2661.5000000000005 27.280208333333338 0.87900005428953576 1256.5000000000002 2348.5625000000005 12.042128634081804 20.500000000000004 9.5000000000000018 2404.8958333333339 186.50000000000003 -6.5718749999999995 25.305208333333336 -0.60711450000000144 278.50000000000006 121754.02083333336 32585.500000000004 1541.5000000000002 2246.3541666666674 47759.000000000007 51668.000000000007 32092.500000000004 65.992144226213895 38699.000000000007 119442.18750000001 26.621875000000006 -0.83674077261546731 33841.500000000007 1.5000000000000002 1164.5000000000002 2733.1666666666674 106073.47916666669 2.4979293947508254 11.500000000000002 -2.1364583333333327 86.416165000000021 91.584970000000013 108405.00000000001 1227.5000000000002 92422.500000000015 0.74305326206722599 15.500000000000002 81.798932000000022 1.3268299140386297 1.2462023656899992 910.50000000000011 110354.00000000001
decision_type=2 2 2 2 2 2 2 2 2 2 2 2 2 2 2 2 2 2 2 2 2 2 2 2 2 2 2 2 2 2 2 2 2 2 2 2 2 2 2 2 2 2 2 2 2 2 2 2 2 2 2 2 2 2 2 2 2 2 2 2
left_child=6 10 3 -3 18 58 40 9 -7 11 30 13 -8 14 -5 16 32 -10 29 42 27 24 23 -23 -15 -26 31 46 -19 59 -2 -25 33 35 -29 36 -14 -28 41 -13 44 47 -18 -11 56 -46 -21 -38 -39 -50 51 52 -43 54 55 -34 57 -1 -6 -4
right_child=1 2 4 7 5 8 12 -9 17 43 -12 39 15 21 -16 -17 19 28 -20 20 -22 22 -24 26 25 -27 37 34 -30 -31 -32 -33 53 -35 -36 -37 38 48 -40 -41 -42 50 -44 -45 45 -47 -48 -49 49 -51 -52 -53 -54 -55 -56 -57 -58 -59 -60 -61
leaf_value=-108.57185582094935 49.470951666548189 51.535316405823167 -8.3007858086514208 0.28998638970298102 43.6967298508631 0.51907032871583503 37.787919245975928 32.308747699152789 21.970743415368265 -42.426172199677239 55.465062950734698 9.3132744828157961 1.3801363451743744 37.698718792333231 23.985703679969394 51.11529440188972 3.8026637565794301 29.382218595842396 15.99713242249171 0.4630237278457896 12.725531813982485 10.333783129077265 19.527798736538465 -0.063239531223420589 -0.94346980343050424 20.142607500660116 7.2196980805386968 0.91966910913605737 15.75295288214628 13.739644463076379 73.139747842941134 32.854425386000401 -30.800365203686393 2.5303625286748046 6.4535944580942068 1.7686693947163681 -11.213559681656621 -4.825900986822953 2.3202653467057495 -26.428513005321093 0.56087637358633269 0.15809905674400174 -23.889545421709311 0.06289484892716285 3.02138639531075 -58.810923476807176 -2.9630517045646867 0.73821096409888542 3.2284822790803966 -19.212412977885663 -0.62263761859651212 -17.318350449338464 -8.9504138030372289 -0.68986196408599587 -55.13047461819248 -2.7710279345250792 -122.47566280935236 -47.028665781144866 46.358104498549913 -1.3322964735786909
leaf_weight=38 30 23 26 21 26 30 24 24 22 176 22 32 20 20 30 20 30 26 20 20 21 26 28 32 28 20 30 23 31 35 53 24 28 23 23 24 22 95 26 96 21 20 58 26 20 94 25 20 20 20 39 246 32 28 450 20 4428 20 20 20
leaf_count=38 30 23 26 21 26 30 24 24 22 176 22 32 20 20 30 20 30 26 20 20 21 26 28 32 28 20 30 23 31 35 53 24 28 23 23 24 22 95 26 96 21 20 58 26 20 94 25 20 20 20 39 246 32 28 450 20 4428 20 20 20
internal_value=-0.00113394 0.00579542 0.00429948 0.00224873 0.0104608 0.014971 -0.00247241 0.00160807 0.0107241 0.00118078 0.0203806 0.00262593 -0.000775301 0.00407257 0.0110372 -0.00100238 -0.00119439 0.0144121 0.00350148 0.00208396 0.00500446 0.00302536 0.00189749 0.000995548 0.00753304 0.00442827 0.000108547 0.00289791 0.0179685 0.00103576 0.0233213 0.0044385 -0.00185452 -0.000832451 0.00670282 -0.00118905 -0.00151023 -0.00134464 -0.00180696 -0.00180328 -0.00292788 -0.00212081 -0.00160045 -0.00253835 -0.00294711 -0.00139352 -0.000931265 0.000498812 -0.0023094 -0.000673317 -0.00245625 -0.00268702 -0.00120921 -0.00276563 -0.00287292 -0.00168399 -0.00298589 -0.0019105 0.0249241 -0.00227766
internal_weight=6995 1132 1027 771 256 155 5863 748 109 724 105 522 1242 394 51 1218 1198 79 101 200 112 343 275 247 68 48 221 91 57 81 83 56 998 472 46 449 425 165 405 128 4621 379 88 202 4600 114 45 42 135 40 337 298 52 526 498 48 4486 58 46 46
internal_count=6995 1132 1027 771 256 155 5863 748 109 724 105 522 1242 394 51 1218 1198 79 101 200 112 343 275 247 68 48 221 91 57 81 83 56 998 472 46 449 425 165 405 128 4621 379 88 202 4600 114 45 42 135 40 337 298 52 526 498 48 4486 58 46 46
is_linear=0
shrinkage=0.03


Tree=34
num_leaves=63
num_cat=0
split_feature=35 14 20 10 47 53 20 25 36 26 49 35 26 31 23 49 35 12 31 21 5 52 52 47 12 62 35 49 42 24 59 22 22 21 65 5 65 26 12 24 17 51 20 60 54 24 31 0 26 23 28 32 0 61 24 12 15 21 21 53 18 30
split_gain=59.9336 27.1157 15.2145 11.3635 6.65804 6.47844 5.70792 5.66694 5.65702 5.4973 5.47448 4.11695 4.0864 3.18881 3.1568 3.48813 3.45617 3.77332 3.77526 2.73209 2.37628 3.65858 3.22863 2.17176 2.42278 2.08464 1.71051 2.34807 1.705 1.63118 1.55767 1.29945 1.27639 1.09783 1.56867 0.90966 0.887482 1.09758 0.712404 0.69781 0.611586 2.27975 0.491277 0.440926 0.436932 0.412206 0.411129 0.606317 0.359455 0.255031 0.160648 0.159125 0.199701 0.136021 0.109018 0.0542301 0.113264 0.0425977 0.133907 0.0324522 0.10363 0.0378052
threshold=29617.000000000004 107221.31250000001 27.865625000000005 0.74305326206722599 493.50000000000006 1775.5000000000002 -11.271874999999998 75.558027500000023 28496.500000000004 78.253181729166684 230.50000000000003 25456.500000000004 66.864685604166681 63.210042740630712 83.099332500000017 231.50000000000003 21876.500000000004 97826.000000000015 59.363757545346175 3.0504357871555365 1.5000000000000002 1531.5000000000002 1220.5000000000002 3883.5000000000005 116463.50000000001 2141.2708333333339 18177.000000000004 167.50000000000003 52152.479166666672 97.168125000000018 811.50000000000011 -1.0000000180025095e-35 1.4000000000000015 1.2860606712538212 5315.5000000000009 1.0000000180025095e-35 1056.5000000000002 73.739114104166674 87458.000000000015 91.138620000000017 -1.0000000180025095e-35 1373.5000000000002 24.776041666666675 750.50000000000011 1056.8541666666667 79.044240000000016 68.033732468797083 116647.00000000001 64.982578770833342 93.320215000000005 -6.6415915000000032 58.627895797405266 105171.00000000001 382.50000000000006 98.127205000000018 97042.500000000015 12966.425780250882 1.3268299140386297 1.2462023656899992 2920.5000000000005 27.525000000000002 57.690252470954661
decision_type=2 2 2 2 2 2 2 2 2 2 2 2 2 2 2 2 2 2 2 2 2 2 2 2 2 2 2 2 2 2 2 2 2 2 2 2 2 2 2 2 2 2 2 2 2 2 2 2 2 2 2 2 2 2 2 2 2 2 2 2 2 2
left_child=1 11 3 6 12 7 9 -2 -4 -3 25 26 -5 -13 32 16 49 -18 -19 -12 21 28 -22 24 43 -6 42 -28 -14 38 -26 -32 33 34 -8 -17 37 -24 -29 -20 41 44 54 -9 51 -44 48 -48 -35 -16 -50 52 -40 -52 57 56 -42 58 -1 61 -61 -55
right_child=5 2 8 4 10 -7 14 23 -10 -11 19 13 20 -15 15 35 17 18 39 -21 22 -23 36 -25 30 -27 27 29 -30 -31 31 -33 -34 46 -36 -37 -38 -39 40 -41 55 -43 45 -45 -46 -47 47 -49 50 -51 53 -53 -54 59 -56 -57 -58 -59 -60 60 -62 -63
leaf_value=-44.749946587533472 53.440883121995135 41.662194742798292 49.435363647134153 27.454153648704349 41.905504787992122 2.0121694189430896 -6.8085410896576652 75.030674736245089 16.519885004213165 -2.5994970565542421 -0.020976092017889501 63.51768737164813 30.041666605799172 -0.8686013777299606 -16.350864509971924 0.37669308091892045 17.904672491897923 34.382140734652779 -14.470305209213272 32.304569467479581 9.9077754332296042 29.946189964480695 8.5623092747600609 68.961635228166813 33.838538959728794 16.363706378069296 3.5182693941431387 0.50115319750167131 -5.3738329324676544 13.34142852855183 25.893495154049486 34.443990305293468 11.194021843282801 0.073739961225044282 13.503097180226035 -13.789204667996719 -2.2026055989684492 -5.1519370745185737 -23.967426874525351 10.096559930625205 -56.713851633972396 3.6924785242372788 -1.1823129675967052 46.290734354772148 0.52382023014799295 1.3274139254134705 -68.412715870385384 13.744069292847547 -2.6955755859176174 0.31002131434420988 -1.2371273122677251 -20.041346489589433 0.51816250097866501 -2.7066658950625362 -15.072226419651868 -48.1868667343645 -1.50683635928392 -118.05258157003249 -45.617805807710518 -10.745210734288557 -92.265674623647172 -14.156731163771642
leaf_weight=47 38 25 29 20 24 28 36 20 20 20 36 22 20 22 32 28 23 31 30 21 32 20 20 31 25 31 20 24 25 22 22 22 34 20 25 111 104 28 20 20 31 20 23 22 24 26 22 20 20 20 24 118 20 20 33 322 20 4428 20 23 42 469
leaf_count=47 38 25 29 20 24 28 36 20 20 20 36 22 20 22 32 28 23 31 30 21 32 20 20 31 25 31 20 24 25 22 22 22 34 20 25 111 104 28 20 20 31 20 23 22 24 26 22 20 20 20 24 118 20 20 33 322 20 4428 20 23 42 469
internal_value=-0.00113823 -0.00162485 0.00189627 0.00134747 0.0058095 0.0147189 -0.000202722 0.0168073 0.0183299 0.0102439 0.0119625 -0.0026459 0.003233 0.00646258 -0.000654224 0.00197221 0.00505445 0.00821326 0.00510481 0.00535902 0.0021678 0.00709677 0.000407387 0.0195707 0.0174977 0.0187296 -0.00272341 -0.00126345 0.00226164 -0.00159395 0.0138929 0.0173469 -0.00168455 -0.00195535 0.00186579 -0.00146657 -0.0014004 0.00193347 -0.00189284 0 -0.00210746 -0.000757052 -0.00292718 0.0233017 -0.00182867 0 -0.00231329 0.000498812 -0.0025093 -0.00120921 -0.00264337 -0.00240987 -0.000673317 -0.00273482 -0.00295952 -0.00283034 -0.00176125 -0.00297257 -0.00205663 -0.00283162 -0.00202765 -0.00293192
internal_weight=6995 6787 1525 1476 381 208 1095 180 49 45 112 5262 269 44 1050 295 156 104 81 57 249 65 184 142 111 55 5218 641 45 621 69 44 755 721 61 139 152 48 599 50 575 202 4577 42 182 49 660 42 618 52 598 158 40 578 4528 373 51 4495 67 554 65 489
internal_count=6995 6787 1525 1476 381 208 1095 180 49 45 112 5262 269 44 1050 295 156 104 81 57 249 65 184 142 111 55 5218 641 45 621 69 44 755 721 61 139 152 48 599 50 575 202 4577 42 182 49 660 42 618 52 598 158 40 578 4528 373 51 4495 67 554 65 489
is_linear=0
shrinkage=0.03


Tree=35
num_leaves=63
num_cat=0
split_feature=14 45 5 50 7 25 59 45 47 18 61 7 36 53 22 60 58 14 49 14 66 24 10 46 58 53 50 50 26 10 26 55 22 49 13 55 40 10 33 39 52 58 1 5 13 65 26 11 10 30 1 66 26 13 36 33 49 15 3 16 15 0
split_gain=51.0038 35.6106 23.4581 11.7513 8.66864 6.15533 5.51433 5.39405 11.846 4.11986 4.12397 3.78833 4.09339 3.19166 3.12485 3.06576 2.86401 2.72936 4.80131 2.76061 2.60536 2.42474 2.24236 2.01944 1.86556 1.84077 1.48154 1.48148 1.25515 2.74585 2.80469 3.26051 1.14247 1.05855 1.12246 0.986662 0.890049 0.79672 1.60646 0.758324 0.714719 0.558687 1.15584 0.430422 0.655919 0.337681 0.311238 0.297332 0.257057 0.378145 0.181293 0.180782 0.528114 0.163656 0.0436933 0.353418 0.0374501 0.0374434 0.0311485 0.0310801 0.0293413 0.026944
threshold=109369.31250000001 32776.500000000007 1.5000000000000002 2733.1666666666674 10.500000000000002 71.59551500000002 719.50000000000011 33802.500000000007 666.50000000000011 -8.3749999999999982 1859.5000000000002 23.500000000000004 23710.500000000004 1393.5000000000002 -0.19999999999999948 2350.5000000000005 4130.7500000000009 101546.58333333334 145.50000000000003 105898.00000000001 417.52083333333343 76.718035000000015 0.35201941816566318 31427.979166666672 889.47916666666686 2012.5000000000002 340.47916666666674 1307.8541666666667 66.371523187500017 0.46472317204376884 63.440081124999999 32.500000000000007 0.7999999999999996 224.50000000000003 101525.50000000001 4986.5000000000009 43746.000000000007 0.74305326206722599 2.4248048366761972 55478.000000000007 1924.5000000000002 746.97916666666686 -1.6749999999999996 1.0000000180025095e-35 99952.000000000015 5985.5000000000009 86.495670041666685 109406.50000000001 0.46472317204376884 63.91400450429061 -6.7749999999999995 2900.666666666667 70.621859437500021 92181.000000000015 16973.500000000004 1.3644039283361507 201.50000000000003 19362.23857826526 62.117553259885469 -5147.4999999999991 14908.001870506474 122674.00000000001
decision_type=2 2 2 2 2 2 2 2 2 2 2 2 2 2 2 2 2 2 2 2 2 2 2 2 2 2 2 2 2 2 2 2 2 2 2 2 2 2 2 2 2 2 2 2 2 2 2 2 2 2 2 2 2 2 2 2 2 2 2 2 2 2
left_child=7 6 15 4 5 -4 11 17 24 10 39 16 14 40 -13 35 25 41 19 -19 21 -11 -15 -18 -9 36 -6 -7 29 53 -31 -32 -14 34 -22 -3 -2 47 -39 -8 -5 42 -1 44 -30 46 51 58 61 -50 -45 57 -53 -20 -43 -56 -52 -35 -26 -57 -38 -28
right_child=1 2 3 13 26 27 9 8 -10 20 -12 12 32 22 -16 -17 23 18 28 -21 33 -23 -24 -25 37 -27 48 -29 43 30 31 -33 -34 45 -36 -37 60 38 -40 -41 -42 54 -44 50 -46 -47 -48 -49 49 -51 56 52 -54 -55 55 59 -58 -59 -60 -61 -62 -63
leaf_value=2.4716249337849896 4.3274437505916508 55.435133448013538 15.09061294183442 54.08367786144035 12.816705172068389 28.970045316522597 -2.060275923528756 27.902402002662971 71.307609739783786 -29.749886125998177 8.6502711306808315 13.409808825725806 -0.70606504443186924 22.453876392489999 23.772236246376622 32.316965699632192 -0.96286064887234168 3.4965003291256123 -1.6897393183365057 0.34162535557377594 17.860107834062156 14.304851585028299 42.747039887094381 8.186981618316997 -22.783392278877169 31.977549038068855 -20.32717662763768 46.24430497179091 0.31361966371273775 -48.869340379099057 0.24268867802729263 13.792449113870795 16.378372662506806 -24.644272571579897 -1.8898588462358639 48.836774463497335 -0.88529655563763443 -9.6898727926531443 5.3725432758603349 3.2939468357066248 59.348619010933717 -119.97472242920725 -41.192077178592996 -0.43968836495082186 -1.4190250292397677 0.38170616813001901 -0.017734328653171563 -0.73874558473572371 0.24930404026118513 -5.4804682741689064 -37.671700615260171 5.9608735148739713 -40.974580884328404 -55.655084749343736 -23.00871152613875 -92.296333190281089 -35.514979641802029 -2.6551536139973533 -2.8554644303033525 -85.893238522335182 -5.981395849843361 -6.7799627333022823
leaf_weight=20 21 70 31 20 21 20 28 21 24 20 31 23 33 22 24 26 20 31 20 32 24 20 20 36 113 22 71 21 20 32 24 21 20 407 29 23 20 32 20 24 21 4083 42 20 26 20 23 36 27 22 20 20 47 102 38 22 408 20 20 310 91 20
leaf_count=20 21 70 31 20 21 20 28 21 24 20 31 23 33 22 24 26 20 31 20 32 24 20 20 36 113 22 71 21 20 32 24 21 20 407 29 23 20 32 20 24 21 4083 42 20 26 20 23 36 27 22 20 20 47 102 38 22 408 20 20 310 91 20
internal_value=-0.00112107 0.0038701 0.0110595 0.00676685 0.00329472 0.0119417 0.000809304 -0.00243593 0.00172491 -0.000639462 0.00563177 0.00415027 0.00896104 0.0164621 0.015414 0.0224181 0.00184198 -0.00264651 -0.000972094 0.00694136 -0.0014712 0.00591022 0.0104751 0.00764706 -0.000260224 -0.000253083 -0.00055866 0.019562 -0.00169673 0.000301355 0.00474708 0.00957871 0.00316384 -0.00197763 0.0020339 0.0250054 -0.00161242 -0.00108548 0.00213052 0.00040307 0.0224818 -0.00292618 -4.83099e-05 -0.00250759 0.000195227 -0.00237945 -0.00252949 -0.00209344 -0.00169165 0 -0.00279179 -0.00268974 -0.00116244 -0.00248157 -0.00296558 -0.00258579 -0.00292222 -0.00292203 -0.00274981 -0.00289973 -0.00270027 -0.00263447
internal_weight=6995 1458 435 316 233 72 1023 5537 266 713 83 310 100 83 47 119 210 5271 756 63 630 40 42 56 242 154 161 41 693 199 77 45 53 590 53 93 132 221 52 52 41 4515 62 494 46 537 517 169 140 49 448 494 67 122 4453 370 428 427 133 332 111 91
internal_count=6995 1458 435 316 233 72 1023 5537 266 713 83 310 100 83 47 119 210 5271 756 63 630 40 42 56 242 154 161 41 693 199 77 45 53 590 53 93 132 221 52 52 41 4515 62 494 46 537 517 169 140 49 448 494 67 122 4453 370 428 427 133 332 111 91
is_linear=0
shrinkage=0.03


Tree=36
num_leaves=63
num_cat=0
split_feature=35 70 10 58 47 43 66 53 25 35 20 1 57 47 66 1 5 20 41 56 16 47 12 58 21 69 26 5 45 3 53 46 66 15 16 20 27 55 41 3 35 17 19 34 60 0 60 68 0 2 15 2 26 23 21 30 21 2 1 0 63 63
split_gain=57.6469 24.8753 15.2595 9.42498 7.19342 7.42485 7.31637 6.20297 5.30442 5.05166 4.9083 4.92285 3.65104 3.43231 5.57429 4.12971 2.66273 3.72269 3.51718 3.60024 2.55374 2.45601 2.9253 2.28707 2.90982 2.10028 2.09855 2.08654 1.89173 2.43981 1.74613 1.46328 1.08845 2.93016 0.882539 1.15974 0.881747 0.656913 0.562112 0.530291 0.505532 0.992464 1.57008 0.476138 0.440926 0.340835 0.328148 0.278435 0.258515 0.185146 0.136731 0.127429 0.0558142 0.118061 0.0456521 0.130819 0.0318457 0.0307175 0.0289332 0.0170267 0.0144421 0.0132983
threshold=29617.000000000004 105951.89583333336 0.74305326206722599 4804.4375000000009 493.50000000000006 33756.500000000007 2669.354166666667 1775.5000000000002 75.558027500000023 19823.500000000004 27.865625000000005 -6.7749999999999995 15.500000000000002 553.50000000000011 3239.6250000000005 -10.574999999999998 2.5000000000000004 26.705208333333335 44297.000000000007 1.0000000180025095e-35 3791.0000000000005 3883.5000000000005 116463.50000000001 3918.4375000000005 3.2270840523225073 115118.00000000001 77.465505833333353 2.5000000000000004 33802.500000000007 58.478649087941911 1219.5000000000002 33805.458333333336 571.08333333333337 16936.400637279829 5397.5000000000009 26.071875000000006 12.876192793597692 3953.0000000000005 40958.500000000007 62.86388036797856 18749.500000000004 -0.97499999999999987 -1.6749999999999996 -0.28779651604781259 750.50000000000011 90286.500000000015 2832.5000000000005 95140.500000000015 119571.50000000001 95.72173500000001 5810.1049126243815 63.705346000000013 85.740744979166678 83.099332500000017 1.3268299140386297 57.690252470954661 4.3669781528232141 95.241310000000013 21.725000000000005 96412.500000000015 271.50000000000006 173.50000000000003
decision_type=2 2 2 2 2 2 2 2 2 2 2 2 2 2 2 2 2 2 2 2 2 2 2 2 2 2 2 2 2 2 2 2 2 2 2 2 2 2 2 2 2 2 2 2 2 2 2 2 2 2 2 2 2 2 2 2 2 2 2 2 2 2
left_child=1 28 10 4 20 6 26 8 -2 -5 11 13 16 30 -15 -16 18 46 19 -13 31 22 44 25 -25 43 -6 -24 40 59 50 37 33 -14 38 -36 -20 45 39 51 54 42 -42 -22 -10 -4 47 -18 -8 52 -3 -34 -40 -54 55 -1 -49 -47 -43 -30 61 -56
right_child=7 2 3 9 5 -7 48 -9 21 -11 -12 12 32 14 15 -17 17 -19 36 -21 23 -23 27 24 -26 -27 -28 -29 29 -31 -32 -33 34 -35 35 -37 -38 -39 49 -41 41 58 -44 -45 -46 57 -48 56 -50 -51 -52 -53 53 -55 60 -57 -58 -59 -60 -61 -62 -63
leaf_value=-112.02042789407103 50.174602624894902 -4.6230988159393966 0.14771768988326467 4.3643711415042921 3.0979265654123602 44.623275539113422 -20.007849528236985 1.5230939804287493 71.247239059799483 46.493342446464339 36.755380360672099 10.418836749343159 -14.954823856926376 -2.4455183432848551 54.584944003785999 8.3907630191932316 -0.76812663128483938 22.841305830207443 0.29737157473872661 29.844063568337695 3.8786413923834981 65.821778168397316 16.796060611598808 10.750689206506982 0.90042254600675398 20.699003142701688 14.783437413177591 34.993697698572845 -40.705362526246503 12.104113256079366 8.203894457850236 21.18133390772191 -2.194690696214336 13.378986051200394 14.830852459662468 -2.0501534853404109 -15.536041176050484 2.2249590092732672 -30.93578864031452 1.396328867669544 -54.919440146966956 -21.015616639911496 2.3266482400756603 -3.2179783531453361 43.258753496752007 -7.1886629098213533 0.16928054055589306 -28.447188916922695 0.32766676223711 -1.5366148033648834 0.22124326785664605 -23.350801337431506 -63.23872683299026 -0.70720084980530418 -90.357577981472858 -28.664978979699768 -0.5381098063676748 -3.3690985531713857 -1.4598528813560652 -12.610800289558016 -116.53730018737511 -106.3392762204973
leaf_weight=44 38 50 32 38 21 23 33 28 20 28 31 23 57 24 20 31 24 20 34 28 21 31 30 25 29 24 32 39 32 32 27 25 20 31 21 23 33 31 756 30 21 87 20 42 22 107 28 124 20 20 20 41 34 20 59 20 20 20 20 20 4228 63
leaf_count=44 38 50 32 38 21 23 33 28 20 28 31 23 57 24 20 31 24 20 34 28 21 31 30 25 29 24 32 39 32 32 27 25 20 31 21 23 33 31 756 30 21 87 20 42 22 107 28 124 20 20 20 41 34 20 59 20 20 20 20 20 4228 63
internal_value=-0.00112107 -0.00159833 0.00107608 0.00537833 0.00392084 0.00999225 0.00658812 0.0144306 0.0164742 0.0160212 -0.000413182 -0.000650376 -0.00124577 0.00413132 0.00894807 0.0145597 0.00148159 -0.000485887 0.00510584 0.0110372 0.00171019 0.0191485 0.0169577 0.00484763 0.00970425 0.00179104 0.0144633 0.0130246 -0.00283141 0.00160523 0.000370751 -0.000334729 -0.00211376 0.00105562 -0.00240597 0.00170068 0.000536512 -0.00124671 -0.00260558 -0.000329309 -0.00291379 -0.00115463 0.00277372 -0.00104596 0.0233017 -0.00203646 -0.00175931 -0.00226651 -0.00124294 -0.00285146 -0.002097 -0.00196399 -0.00292186 -0.00182995 -0.00297207 -0.00201248 -0.00276891 -0.002738 -0.00268908 -0.00236085 -0.00298545 -0.00248157
internal_weight=6995 6787 2141 551 485 129 106 208 180 66 1590 1559 1387 172 75 51 334 216 118 51 356 142 111 141 54 87 53 69 4646 84 97 215 1053 88 965 44 67 190 921 91 4562 148 41 63 42 159 196 168 53 830 70 61 810 54 4414 64 144 127 107 52 4350 122
internal_count=6995 6787 2141 551 485 129 106 208 180 66 1590 1559 1387 172 75 51 334 216 118 51 356 142 111 141 54 87 53 69 4646 84 97 215 1053 88 965 44 67 190 921 91 4562 148 41 63 42 159 196 168 53 830 70 61 810 54 4414 64 144 127 107 52 4350 122
is_linear=0
shrinkage=0.03


Tree=37
num_leaves=63
num_cat=0
split_feature=43 50 70 49 20 5 33 40 58 50 27 13 70 62 49 70 16 11 55 40 1 60 25 4 20 20 11 10 5 16 59 28 4 25 24 27 4 24 13 36 13 22 20 26 64 19 23 1 5 21 32 15 21 14 20 59 51 34 57 1 24 23
split_gain=53.0915 27.7535 18.7137 9.48316 8.63339 8.24784 6.7135 5.68765 4.02109 3.94112 3.80045 3.78713 3.18327 4.72898 3.6172 3.12638 3.02919 3.08923 2.98892 2.13313 2.90853 2.47114 1.86173 1.84772 1.60271 1.48845 3.73043 1.47045 2.17122 1.27231 1.15696 1.07665 0.863761 0.855524 0.843594 0.605217 0.602722 0.600481 0.596129 0.511391 0.667005 0.494983 1.64926 0.471652 0.412953 0.632241 0.381806 0.369175 0.208348 0.517156 0.185328 0.16345 0.14599 0.199701 0.103956 0.32254 0.103568 0.0716034 0.0674107 0.0922499 0.0375649 0.105656
threshold=33742.500000000007 289.27083333333343 116468.52083333336 404.50000000000006 27.865625000000005 1.5000000000000002 2.1993993938896703 45927.500000000007 4969.916666666667 2404.8958333333339 2.8605848036535377 110538.00000000001 104356.62500000001 945.20833333333337 145.50000000000003 110285.58333333336 4962.0000000000009 104377.00000000001 100.50000000000001 46269.500000000007 22.625000000000004 602.50000000000011 78.88113300000002 16.500000000000004 -8.107291666666665 25.630208333333339 94419.000000000015 0.74305326206722599 3.5000000000000004 -1568.4999999999998 811.50000000000011 -6.6415915000000032 14.500000000000002 66.558410000000023 94.922370000000015 13.620675256281347 5.5000000000000009 83.099332500000017 107209.00000000001 20210.500000000004 107209.00000000001 1.1750000000000009 24.603125000000006 86.346851250000029 223.50000000000003 28.725000000000005 75.611508000000015 22.475000000000005 1.5000000000000002 1.7595590997074488 62.598818466241489 5208.2541038636655 2.8621324634268261 105688.27083333336 -0.17604166666666665 3705.5000000000005 1117.5000000000002 0.093086553684717202 15.500000000000002 23.375000000000004 90.919585000000012 89.748497000000015
decision_type=2 2 2 2 2 2 2 2 2 2 2 2 2 2 2 2 2 2 2 2 2 2 2 2 2 2 2 2 2 2 2 2 2 2 2 2 2 2 2 2 2 2 2 2 2 2 2 2 2 2 2 2 2 2 2 2 2 2 2 2 2 2
left_child=2 27 12 4 9 23 -6 29 24 11 -9 16 39 -14 15 -15 19 -18 30 20 35 -22 -13 -3 32 41 -27 36 -29 -7 -12 33 -5 -26 38 -4 37 -2 56 50 -41 48 -43 44 45 -33 -28 -17 49 -16 54 -46 53 -51 55 -1 -21 -32 59 -53 -50 -62
right_child=1 5 3 8 6 7 -8 10 -10 -11 18 22 13 14 25 47 17 -19 -20 34 21 -23 -24 -25 31 26 46 28 -30 -31 57 43 -34 -35 -36 -37 -38 -39 -40 40 -42 42 -44 -45 51 -47 -48 -49 60 52 -52 58 -54 -55 -56 -57 -58 -59 -60 -61 61 -63
leaf_value=-67.997029574938324 1.3373845931615613 64.710068915274093 1.9560779679153202 -0.55520285763359878 5.0273667063557079 26.883644355746391 45.125291655592143 4.1581326853620215 26.717776581577215 14.122124562955706 59.891729068446558 3.0038946979997982 63.360760220407627 4.5213255491316611 1.3999615581277187 6.0509683771072087 10.668054732940888 7.0862034441194099 36.118218505638104 -0.71944701138432254 14.410507115316546 14.469949794011137 20.879591915537901 40.670908920759715 -7.1807300897789359 3.5703141823214635 -8.168803297940304 11.697915803641251 -3.7999587174072365 -9.1064711195900454 56.87376890130156 12.501232084975294 8.4697016098339049 15.255371729246324 4.3339035924597189 -7.5189278524915357 -17.609075109144072 -8.2219226824849354 4.179571684786282 0.79454120374682669 -34.757097628360341 -17.72451861745153 1.2616352490320506 0.13130867301950266 -9.4131554909237369 -15.947954709428323 0.33201750494546822 -17.241059811781561 -54.458254589339639 -2.2234680015661281 -1.9818463380690892 -91.088740533793199 -10.709911211251484 0.075524362456237254 -118.86118784995379 2.3383155352159335 -4.9529467306443031 63.277937326239112 -21.904445559985977 -0.0065818580625274853 -17.252987518237571 -6.3075760586982357
leaf_weight=111 23 56 37 20 21 20 27 26 34 35 22 20 27 28 20 20 20 21 39 29 25 26 22 35 20 28 65 23 24 24 25 20 20 20 26 35 93 28 20 20 27 66 20 24 20 24 28 21 503 20 21 21 90 20 4205 20 127 20 376 20 44 23
leaf_count=111 23 56 37 20 21 20 27 26 34 35 22 20 27 28 20 20 20 21 39 29 25 26 22 35 20 28 65 23 24 24 25 20 20 20 26 35 93 28 20 20 27 66 20 24 20 24 28 21 503 20 21 21 90 20 4205 20 127 20 376 20 44 23
internal_value=-0.00115538 0.00871644 -0.00184761 0.00169985 0.00481368 0.0149607 0.0169023 0.0111244 -0.000765628 0.00349357 0.0142392 0.00265376 -0.00257375 -0.00106148 -0.00140046 0.00520984 0.00166348 0.00934306 0.0167672 0.000682866 0.00380179 0.00927593 0.0111876 0.0223271 -0.00135362 -0.00189624 0.0011891 -7.14881e-10 0.00458599 0.00170068 0.0206557 -0.00178316 0.00441396 0.00291771 -0.00120238 -4.16096e-05 -0.00151978 0.00105675 -0.00195911 -0.00292432 0.000127388 -0.00236323 -0.000174217 -0.00216195 -0.00236957 0.000340135 -0.00167562 -7.13515e-10 -0.00262047 -0.00157895 -0.00295793 -0.00264928 -0.00228286 -0.000673317 -0.00297157 -0.0020595 -0.00259449 0.0235477 -0.00277631 -0.00145985 -0.00288897 -0.00205663
internal_weight=6995 458 6537 1110 491 267 48 176 619 443 132 408 5427 1023 996 69 366 41 106 325 123 51 42 91 585 927 121 191 47 44 67 545 40 40 202 72 144 51 176 4404 47 806 86 505 481 44 93 41 720 150 4357 437 130 40 4336 131 156 45 417 41 570 67
internal_count=6995 458 6537 1110 491 267 48 176 619 443 132 408 5427 1023 996 69 366 41 106 325 123 51 42 91 585 927 121 191 47 44 67 545 40 40 202 72 144 51 176 4404 47 806 86 505 481 44 93 41 720 150 4357 437 130 40 4336 131 156 45 417 41 570 67
is_linear=0
shrinkage=0.03


Tree=38
num_leaves=63
num_cat=0
split_feature=35 70 20 19 5 5 55 50 31 40 43 17 54 26 23 26 5 17 59 42 25 22 32 66 5 35 24 50 61 52 55 32 36 19 21 33 35 31 34 3 43 60 54 6 1 1 26 39 59 14 1 40 39 32 66 61 32 2 21 33 23 3
split_gain=51.7748 23.737 12.2772 8.02597 7.3252 7.04876 6.70872 5.38762 5.24474 4.54142 3.81751 4.18628 4.06569 3.97095 3.6053 3.53716 3.28357 3.04118 2.84614 2.53917 5.044 2.5259 3.93423 2.42219 1.99747 1.94082 2.36142 1.72728 1.70539 1.5405 1.35856 1.33421 1.44186 3.5854 1.33824 1.12697 1.10747 0.691469 0.595117 0.449422 0.40515 0.395012 0.417495 1.24073 0.359204 0.340846 0.31142 0.227924 0.21611 0.193247 0.56196 0.189809 0.434646 0.186294 0.177625 0.155228 0.148181 0.0876919 0.0379917 0.139324 0.0368552 0.0272299
threshold=29617.000000000004 106660.50000000001 27.865625000000005 24.525000000000002 1.5000000000000002 2.5000000000000004 22.500000000000004 2563.0416666666674 65.425137400253746 38083.500000000007 33848.500000000007 -5.5249999999999995 1781.0000000000002 68.839395958333341 87.908297500000018 68.597154562500009 1.5000000000000002 -11.074999999999998 572.50000000000011 52152.479166666672 73.254585000000006 1.0749999999999995 63.583821536077849 417.52083333333343 3.5000000000000004 19334.500000000004 91.584970000000013 1058.6875000000002 2433.5000000000005 1251.5000000000002 92.500000000000014 64.906798790204704 22117.500000000004 21.175000000000001 1.3538784410014537 2.0743084684982653 26140.000000000004 56.165651037111537 0.083721363407342167 57.218199758839077 33875.000000000007 1261.0000000000002 1761.8125000000002 7.5000000000000009 -5.5249999999999995 23.625000000000004 63.975351979166668 43746.000000000007 2541.0000000000005 100861.39583333334 21.575000000000006 41830.500000000007 43073.500000000007 62.598818466241489 6898.5208333333348 1336.5000000000002 65.407471734804645 82.226833000000013 1.3268299140386297 1.5454016765660639 54.67879150000001 61.203442825267352
decision_type=2 2 2 2 2 2 2 2 2 2 2 2 2 2 2 2 2 2 2 2 2 2 2 2 2 2 2 2 2 2 2 2 2 2 2 2 2 2 2 2 2 2 2 2 2 2 2 2 2 2 2 2 2 2 2 2 2 2 2 2 2 2
left_child=1 25 3 5 -4 8 24 9 10 -7 12 -12 13 19 36 16 -8 -11 -16 20 -3 31 39 -5 35 40 37 -17 47 -25 45 46 33 -33 -34 38 -14 -27 -2 -23 49 42 43 -31 -29 -10 -19 57 -39 53 61 52 -48 58 60 -44 -36 -15 59 -1 -53 -51
right_child=6 2 4 23 -6 7 15 -9 30 17 11 -13 14 28 18 27 -18 21 -20 -21 -22 22 -24 29 -26 26 -28 44 -30 41 -32 32 34 -35 56 -37 -38 48 -40 -41 -42 -43 55 -45 -46 -47 51 -49 -50 50 -52 54 -54 -55 -56 -57 -58 -59 -60 -61 -62 -63
leaf_value=-25.976123802543654 61.621960821937328 1.3017556601502103 43.774241427990795 11.57243698673572 3.5094220551817434 6.5154485225680787 65.919939438299124 44.697800667190947 -4.8341922443005085 36.184100899062905 36.875688728152198 12.093961334194235 8.0516173357773617 -2.0679996856913179 12.029459036189017 12.51857130098678 32.58879378067725 -0.78375708776317021 20.004993956754088 0.26187242884906958 64.142345261266229 1.3045747580835185 12.493903144918347 14.172680665776131 20.577066811437405 3.4853820873747172 18.606068388903235 16.70216820451493 7.5705109479588613 3.4094883277033525 15.369647529435811 -0.50948912155808757 2.2737039826221981 16.439275072918967 -3.0764637326373085 59.197762709421362 -6.860631268151665 -47.81150820172499 61.853356877339252 -10.62808358423959 0.72982129307436983 -52.257487050977602 -9.4185521012610138 -10.756223192109895 -3.0549657793152454 0.79701907842080821 -14.639167861614574 -1.8259417812981396 -4.2680371822478547 -104.62960509741524 1.844099506521347 -128.48195007478199 0.67180481483903165 -1.9223909479270231 -0.37018095821754476 -0.92596085035879683 -5.485752812113855 0.35687935491409278 -109.11973565281281 -53.834791288882407 -17.547912111209836 -1.0620886814353963
leaf_weight=20 21 28 26 33 23 39 23 21 77 22 25 22 24 21 24 25 22 34 37 25 25 20 27 20 26 30 25 20 28 22 28 21 37 20 21 29 20 85 22 31 21 488 79 31 20 20 58 63 30 73 20 20 21 21 20 20 85 20 4329 53 334 20
leaf_count=20 21 28 26 33 23 39 23 21 77 22 25 22 24 21 24 25 22 34 37 25 25 20 27 20 26 30 25 20 28 22 28 21 37 20 21 29 20 85 22 31 21 488 79 31 20 20 58 63 30 73 20 20 21 21 20 20 85 20 4329 53 334 20
internal_value=-0.00117254 -0.00162485 0.0010616 0.000698125 0.0158859 0.00207344 0.0135656 0.000389844 0.00493944 0 0.00676885 0.0147771 0.00556014 0.00312708 0.0103901 0.00841962 0.0149002 -0.000505772 0.0151227 0.00848912 0.0122034 -0.000833 0.00426376 -0.00191314 0.0192966 -0.00279622 0.000335096 0.00387097 -2.27108e-05 -0.00231329 -0.000335732 -0.00143049 0.000733296 0.00569343 -0.00067086 0.0219279 0.0037415 -0.00111647 0.0185151 -0.000587085 -0.0029137 -0.00257304 -0.00120316 0.000903954 0 -0.00203914 -0.00225416 -0.00181556 -0.0021894 -0.00293314 -0.00164456 -0.00246303 -0.00106195 -0.00296534 -0.0027506 -0.00236125 -0.00240339 -7.13515e-10 -0.00297881 -0.00213406 -0.00290596 -0.00264232
internal_weight=6995 6787 2060 2011 49 1318 208 831 487 810 362 47 315 210 105 110 45 771 61 78 53 749 78 693 98 4727 170 65 132 660 125 671 184 41 143 72 44 145 43 51 4557 640 152 53 40 97 487 104 115 4536 113 453 79 4423 374 99 106 41 4402 73 354 93
internal_count=6995 6787 2060 2011 49 1318 208 831 487 810 362 47 315 210 105 110 45 771 61 78 53 749 78 693 98 4727 170 65 132 660 125 671 184 41 143 72 44 145 43 51 4557 640 152 53 40 97 487 104 115 4536 113 453 79 4423 374 99 106 41 4402 73 354 93
is_linear=0
shrinkage=0.03


Tree=39
num_leaves=60
num_cat=0
split_feature=35 70 16 49 55 8 25 62 50 62 27 60 62 1 13 16 43 27 54 53 66 33 50 66 70 21 9 35 33 25 21 30 67 66 2 35 24 65 55 36 33 60 43 16 18 13 18 60 64 54 34 33 36 13 26 11 12 22 0
split_gain=50.3028 21.1076 13.2 7.80497 6.66977 6.45824 5.16418 4.83548 4.29465 6.41376 3.79177 3.62037 5.09765 4.07695 5.44117 3.89267 4.14782 3.08468 3.01579 3.22172 2.75466 2.31377 4.3125 2.29248 2.13241 2.04904 1.95797 1.59219 1.40519 1.283 1.28236 1.18552 1.04079 0.898243 0.667005 0.666851 1.18575 0.652108 0.571519 0.544884 0.412103 0.877391 0.311487 0.283466 0.648577 0.27645 0.236459 0.174226 0.499347 0.150386 0.133742 0.0449396 0.708112 0.041866 0.126224 0.0284936 0.0210531 0.0155981 0.0101748
threshold=29617.000000000004 105951.89583333336 6014.0000000000009 201.50000000000003 22.500000000000004 1.0000000180025095e-35 70.057347000000007 1706.0416666666667 308.85416666666669 2186.8958333333339 11.192435707109238 828.50000000000011 2009.8125000000002 -6.2749999999999995 108019.50000000001 1275.0000000000002 32484.500000000004 11.87830545885714 2068.0625000000005 1701.5000000000002 3572.5625000000005 1.9874782706489673 1076.8541666666667 3794.8541666666674 119442.18750000001 3.4649130852014784 1.0000000180025095e-35 22887.000000000004 2.0997801232966595 89.639267500000017 2.9122736836160041 63.524576638003211 121617.50000000001 417.52083333333343 82.379243000000017 18749.500000000004 89.748497000000015 6525.0000000000009 29.500000000000004 16674.000000000004 2.8473123617061558 502.50000000000006 33862.500000000007 4632.0000000000009 29.825000000000006 86580.500000000015 -6.7749999999999995 994.50000000000011 951.50000000000011 1915.3333333333335 -1.3983359883374005 1.3644039283361507 16973.500000000004 98338.500000000015 69.848357208333354 111059.00000000001 111507.50000000001 -2.149999999999999 101418.00000000001
decision_type=2 2 2 2 2 2 2 2 2 2 2 2 2 2 2 2 2 2 2 2 2 2 2 2 2 2 2 2 2 2 2 2 2 2 2 2 2 2 2 2 2 2 2 2 2 2 2 2 2 2 2 2 2 2 2 2 2 2 2
left_child=1 27 3 5 23 8 -4 -6 34 28 24 12 32 14 -13 21 18 46 -17 -20 -16 38 29 -2 -11 -8 -9 35 -10 58 -25 -28 40 -15 -3 42 39 43 -14 -37 49 45 51 47 56 -42 -7 48 -35 50 -5 52 -1 54 -49 -48 -45 -55 -23
right_child=4 2 6 11 7 17 25 26 9 10 -12 13 15 33 20 16 -18 -19 19 -21 -22 22 -24 30 -26 -27 31 -29 -30 -31 -32 -33 -34 37 -36 36 -38 -39 -40 -41 41 -43 -44 44 -46 -47 55 53 -50 -51 -52 -53 -54 57 -56 -57 -58 -59 -60
leaf_value=-114.89605148818778 50.280421149826473 -2.0894586718814985 -0.084951585521456693 -0.072934352574060821 60.429624594827906 -0.20666717970778187 8.4292871120283301 -1.5713815527633763 65.579862625516057 18.040727405578814 38.452137429257427 -1.2145176785432719 -11.078269126674714 9.6171804534999001 0.55476417462226191 19.869371202135149 -0.43831563575511867 25.854961115289949 -0.80683489630681682 19.750913820709101 18.07025247702763 -2.9614448568568839 15.035008848052826 60.132254787762427 -4.2968395282491016 36.289228269253442 14.804945025112056 4.5144667315608791 44.60344823701881 3.4268026716603299 39.585596451696155 31.628494376266342 12.663400582066199 1.2644058510667362 2.9132450609137299 1.4210703793434889 3.7849956722272688 1.0086642272371633 1.0576415874277902 -39.056188315034042 0.35867982511192714 1.0897145945569282 -5.6644487168874846 -1.087123434349869 1.414514895495165 -15.038824145096171 -14.092348588428701 -0.059453286926899614 -18.676470951634339 -1.6482052268508289 -6.5709446468563169 -105.54587894424733 6.6645739602704825 -12.184767709691409 -74.491090574388338 -7.5699218738808085 -14.572606320674291 -39.33585752183 -0.4811096345401315
leaf_weight=216 36 27 24 25 33 25 32 35 20 28 38 60 77 31 25 32 34 23 21 28 39 20 21 33 39 27 20 29 20 25 29 22 22 21 20 34 20 20 21 110 21 21 28 20 23 46 83 20 48 37 171 4189 20 32 40 20 43 651 20
leaf_count=216 36 27 24 25 33 25 32 35 20 28 38 60 77 31 25 32 34 23 21 28 39 20 21 33 39 27 20 29 20 25 29 22 22 21 20 34 20 20 21 110 21 21 28 20 23 46 83 20 48 37 171 4189 20 32 40 20 43 651 20
internal_value=-0.00124973 -0.00169557 0.000767829 0.000292988 0.0132773 0.00442437 0.012491 0.00814714 0.00807392 0.0106272 0.00667935 -0.000531748 0.00124747 -0.00159911 0.00350524 0.00411234 0.00844483 -0.000198545 0.0121332 0.00733197 0.00959438 0.00138512 0.00498258 0.0189908 0.00232489 0.0172589 0.00396887 -0.00283141 0.0208728 0.00110599 0.0225604 0.00833729 -0.00124162 -0.00226952 0.000127388 -0.00287583 -0.000968922 -0.00244091 -0.00174312 -0.00193616 -0.00168172 3.40515e-05 -0.00294536 -0.00256208 -0.000871081 -0.00160954 -0.00203747 -0.00273735 -0.00121563 -0.00234234 -0.00267721 -0.00296536 -0.00247776 -0.00287445 -0.00194676 -0.00267701 -0.00247227 -0.00295125 -0.00216958
internal_weight=6995 6787 2141 2058 208 343 83 110 192 145 105 1715 642 1073 124 299 115 151 81 49 64 184 86 98 67 59 77 4646 40 65 62 42 343 949 47 4617 164 918 98 144 321 88 4453 898 86 67 128 812 69 233 196 4425 236 743 60 103 63 683 40
internal_count=6995 6787 2141 2058 208 343 83 110 192 145 105 1715 642 1073 124 299 115 151 81 49 64 184 86 98 67 59 77 4646 40 65 62 42 343 949 47 4617 164 918 98 144 321 88 4453 898 86 67 128 812 69 233 196 4425 236 743 60 103 63 683 40
is_linear=0
shrinkage=0.03


Tree=40
num_leaves=63
num_cat=0
split_feature=38 26 58 10 5 45 54 62 58 38 49 53 62 56 38 19 61 50 52 47 26 22 36 11 32 66 21 5 15 10 60 51 52 27 43 3 54 24 33 26 23 25 26 50 51 49 3 33 48 66 53 70 24 34 54 43 3 21 33 1 2 1
split_gain=56.5331 24.3183 11.0662 9.54513 7.91011 7.15824 4.95131 4.22465 3.89926 3.84081 4.6552 4.72253 3.22135 2.8645 2.89474 3.78918 2.85145 2.65694 3.48812 2.47729 2.36424 2.18277 2.07036 1.55252 2.37754 1.21297 1.17688 1.17496 0.995797 0.814346 1.35916 0.798211 0.797131 0.767128 0.721673 0.666521 1.20133 0.66221 0.564198 0.56236 2.56423 1.62468 0.448295 0.405321 0.867458 0.388833 0.606317 0.291994 0.20107 0.200137 0.158094 0.103932 0.640233 0.10293 0.0764517 0.216652 0.0680313 0.0577804 0.119544 0.033457 0.0312166 0.029828
threshold=23684.583333333339 65.218555333333356 746.97916666666686 0.74305326206722599 2.5000000000000004 32776.500000000007 2279.5416666666674 1918.6875000000002 4969.916666666667 16806.791666666668 106.50000000000001 1135.5000000000002 945.20833333333337 12.500000000000002 26824.250000000004 -1.1249999999999998 640.50000000000011 1307.8541666666667 1494.5000000000002 506.50000000000006 81.974856708333348 1.6000000000000005 22352.000000000004 104377.00000000001 62.735830550393722 1073.1041666666667 1.1565133129809799 1.0000000180025095e-35 17426.475499930977 0.46472317204376884 657.50000000000011 2086.5000000000005 1426.5000000000002 11.192435707109238 33875.000000000007 64.552390020467399 1256.0833333333337 76.514600000000016 2.3582451264928772 66.649984562500023 77.045006000000015 92.326580000000021 85.077195854166675 2404.8958333333339 2493.5000000000005 1845.5000000000002 67.086867996869799 2.3361820696444444 220.50000000000003 6982.0833333333348 782.50000000000011 105235.70833333336 84.643112000000016 -1.5085801457098496 2197.5208333333339 28341.500000000004 66.668401477669406 1.3268299140386297 1.9124208690685636 30.625000000000004 58.298707000000007 -3.9749999999999996
decision_type=2 2 2 2 2 2 2 2 2 2 2 2 2 2 2 2 2 2 2 2 2 2 2 2 2 2 2 2 2 2 2 2 2 2 2 2 2 2 2 2 2 2 2 2 2 2 2 2 2 2 2 2 2 2 2 2 2 2 2 2 2 2
left_child=9 7 -3 8 5 6 19 16 13 34 11 -11 -12 14 25 -16 -2 47 -19 -5 -17 27 -15 24 -23 -4 -24 28 42 35 -31 -32 -7 -13 51 -28 -37 -20 -27 40 50 -42 48 45 -45 60 -47 -6 -14 53 -29 54 -53 -41 57 -56 -18 58 -1 -52 -38 -59
right_child=1 2 3 4 17 32 -8 -9 -10 10 12 33 21 22 15 20 56 18 37 -21 -22 23 26 -25 -26 38 29 39 -30 30 31 -33 -34 -35 -36 36 43 -39 -40 49 41 -43 -44 44 -46 46 -48 -49 -50 -51 59 52 -54 -55 55 -57 -58 61 -60 -61 -62 -63
leaf_value=-25.396777307275546 56.021934995756695 40.475361570794028 11.397476139605663 -2.9872422545866231 -5.0488918341896287 32.079735432145654 25.648442709333143 25.631757840745031 25.004628886083022 25.033315499120057 30.387210663006979 -4.190186671500074 -1.3854016360043422 3.7424110340854324 -2.8152464289664412 13.299867590367535 59.545797978164586 31.961870911003402 3.4604773757458904 7.8433847848123008 49.580014786446071 -0.39811989623050492 2.6500163439710698 -2.0602064966838447 4.2826816367340346 -13.021513541767526 -17.61782026414377 0.056057042906137937 1.1295399505544554 10.722491101788991 -3.3839764920241961 10.910235702479946 41.330593461833018 8.7538428766097525 1.0444731602111408 7.5785069614250506 -56.418781162782615 -1.4897644060353255 12.326661383160692 -0.58634994152030806 -0.16193158888863429 3.6841398870910749 1.759301590186515 3.2004027336262832 -1.2916650497647149 -37.33102930155475 5.0963199122088829 5.4945333220078201 -1.7891901915867503 -0.63531103903104846 -32.792593979083769 -71.7467083996588 1.207161496875292 -27.612362304132926 -2.6712244845917739 -95.191648566705808 59.426869689707161 -111.75294103100596 -106.45027440480735 -43.993821067030737 -3.2104743485986793 -111.36766102781327
leaf_weight=20 29 29 23 33 45 25 20 22 24 21 24 29 39 37 23 20 37 23 20 27 20 28 29 34 24 53 177 20 34 21 42 20 20 25 21 29 20 23 31 33 21 20 26 20 21 22 20 20 77 38 158 101 20 760 28 65 20 24 35 20 114 4091
leaf_count=20 29 29 23 33 45 25 20 22 24 21 24 29 39 37 23 20 37 23 20 27 20 28 29 34 24 53 177 20 34 21 42 20 20 25 21 29 20 23 31 33 21 20 26 20 21 22 20 20 77 38 158 101 20 760 28 65 20 24 35 20 114 4091
internal_value=-0.0012626 0.0047882 0.00339073 0.00286762 0.00788364 0.0132854 0.00782771 0.0183441 0.00118653 -0.00246483 -0.00111103 0.0061518 -0.00151538 0.000796388 0.00421517 0.00931854 0.0213589 0.00270023 0.00694402 0.00344426 0.0148878 -0.00171384 -0.000214998 0.00289199 0.00616123 0.00117647 -0.000695198 -0.00203435 0.000221464 -0.00103735 0.00166065 -0.000531402 0.0228825 0.00138632 -0.00290391 -0.0015741 -0.000548558 0.00180974 -0.000463734 -0.00240819 -0.00110414 0.00569343 -0.000865588 -0.00132658 0.00131387 -0.00195911 0.000498812 -0.00156682 -0.00167959 -0.00277945 -0.00252903 -0.00293082 -0.00198183 -0.00288236 -0.002957 -0.00199785 0.025324 -0.00297763 -0.00185118 -0.00281303 -0.00275168 -0.00299191
internal_weight=6995 1159 1051 1022 256 125 80 108 766 5836 1431 75 1356 742 170 63 86 131 66 60 40 1332 572 86 52 107 535 1246 176 506 83 62 45 54 4405 423 246 43 84 1070 239 41 142 217 41 176 42 65 116 831 198 4384 121 793 4263 93 57 4170 55 178 134 4115
internal_count=6995 1159 1051 1022 256 125 80 108 766 5836 1431 75 1356 742 170 63 86 131 66 60 40 1332 572 86 52 107 535 1246 176 506 83 62 45 54 4405 423 246 43 84 1070 239 41 142 217 41 176 42 65 116 831 198 4384 121 793 4263 93 57 4170 55 178 134 4115
is_linear=0
shrinkage=0.03


Tree=41
num_leaves=63
num_cat=0
split_feature=38 26 37 33 26 38 10 59 49 70 5 60 21 59 10 20 33 12 44 36 47 44 66 18 35 36 30 25 31 18 18 17 35 41 64 68 13 5 44 44 28 25 2 15 52 43 51 29 43 35 52 70 15 28 29 20 21 25 1 53 30 1
split_gain=51.6491 24.42 10.8498 6.69945 5.70725 4.95624 4.81855 4.59304 4.13461 3.86592 3.52095 3.40286 3.83125 2.99745 2.96524 3.70499 2.77099 2.65688 4.17269 2.4566 3.96294 2.55414 2.3837 2.21079 1.75663 2.05687 1.61521 2.00721 2.94562 1.40911 2.85446 0.96522 0.84753 0.846293 0.744806 0.686955 0.720326 0.515622 0.651649 1.03769 0.50679 0.911049 0.449422 0.430097 0.397063 0.351932 0.599819 0.329708 0.316042 0.307272 0.300572 0.287985 0.653708 0.227658 0.146729 0.171416 0.0546235 0.120975 0.0505331 0.120975 0.0358184 0.0311321
threshold=23782.395833333339 65.218555333333356 17256.000000000004 2.4248048366761972 73.268114604166684 17451.541666666668 0.46472317204376884 956.50000000000011 357.00000000000006 138903.52083333334 2.5000000000000004 708.50000000000011 3.0106735681520034 657.50000000000011 0.96386255839173451 26.993750000000006 1.5454016765660639 103238.50000000001 32578.500000000004 23552.500000000004 229.50000000000003 33847.500000000007 1035.7708333333337 -5.5249999999999995 25153.500000000004 24193.000000000004 65.158984430170236 77.236397500000024 61.743871273378268 -9.0249999999999986 -10.574999999999998 25.475000000000005 18859.500000000004 51863.500000000007 223.50000000000003 91479.500000000015 109839.00000000001 1.5000000000000002 32460.500000000004 32562.500000000004 -4.242124999999997 69.27285000000002 71.666595000000015 18993.889149922255 1287.5000000000002 33067.500000000007 802.50000000000011 66.260735804484895 33862.500000000007 27578.500000000004 1574.5000000000002 106073.47916666669 13061.381562423361 -5.5696930000000036 68.203404069357106 -8.5416666666666643 1.3268299140386297 88.516272000000015 -1.6749999999999996 1321.5000000000002 61.567323831540556 -3.9749999999999996
decision_type=2 2 2 2 2 2 2 2 2 2 2 2 2 2 2 2 2 2 2 2 2 2 2 2 2 2 2 2 2 2 2 2 2 2 2 2 2 2 2 2 2 2 2 2 2 2 2 2 2 2 2 2 2 2 2 2 2 2 2 2 2 2
left_child=5 9 3 4 31 32 19 16 14 13 11 22 42 -2 15 24 -6 18 -16 20 -4 29 -8 -9 35 -26 27 44 -29 30 -21 -3 48 -34 -31 -7 37 38 -37 -40 41 -10 -13 54 -12 47 -47 53 51 58 -28 56 -53 -39 55 -36 57 -1 59 -42 -57 -58
right_child=1 2 6 -5 7 8 10 23 40 -11 26 12 -14 -15 17 -17 -18 -19 -20 21 -22 -23 -24 -25 25 -27 50 28 -30 34 -32 -33 33 -35 43 36 -38 45 39 -41 49 -43 -44 -45 -46 46 -48 -49 -50 -51 -52 52 -54 -55 -56 60 61 -59 -60 -61 -62 -63
leaf_value=-103.89822035118907 52.125056886395733 -2.5073939570944774 -1.4369062921296767 39.563166974331892 0.57979471624306933 2.061343669260753 11.683744820825082 34.234190394346228 -13.101452171455735 49.597237826044307 5.2688706361082636 1.7394747544625992 21.994462444107526 57.7264323265263 0.060342337384605933 39.686180235901425 34.179133159509199 -2.2493926887782352 12.723377607254017 -1.0431785820835828 35.230115085475916 26.494991394602291 9.3821367260574764 21.754377418611572 30.000451777584608 -6.6693044520637867 2.7497476104722751 36.592607957203313 2.4527427295514936 0.83334635011214331 8.6573193296635296 24.847053303452622 4.2264735104046434 -63.984590579583383 -1.0576239034353252 -2.2107398133008345 1.4470085434311455 -0.25193479576580285 1.9677226089680768 -2.4078657838016784 -17.000961189458703 1.9059124632297786 -3.1562247099930993 0.85497252790015066 -3.1938984000470243 -19.613629042495145 2.8198904634126678 0.58854954266858961 -4.6155101114486303 -1.2237274594248579 -2.665553982117324 0.62116989511489507 -45.243869421521083 -13.495064795188688 -0.096290176682472584 -8.4112012063991557 -120.94831036873653 -24.634873988057254 -55.827519216024065 -0.0035671461593789998 -20.472376302392178 -101.94360141705008
leaf_weight=36 29 41 24 22 33 33 23 20 70 23 20 20 30 53 29 28 20 25 26 40 22 21 33 26 22 20 20 23 26 31 39 20 20 20 20 42 20 34 27 24 36 38 31 38 24 28 28 21 27 26 49 25 55 242 39 20 23 20 511 20 252 4287
leaf_count=36 29 41 24 22 33 33 23 20 70 23 20 20 30 53 29 28 20 25 26 40 22 21 33 26 22 20 20 23 26 31 39 20 20 20 20 42 20 34 27 24 36 38 31 38 24 28 28 21 27 26 49 25 55 242 39 20 23 20 511 20 252 4287
internal_value=-0.0012626 0.00460295 0.00318956 0.00983525 0.00766396 -0.00239566 0.00175364 0.012109 -0.000797719 0.0183825 0.00481444 0.00835886 0.00436498 0.0214495 0.000924356 0.000158144 0.0059887 0.00632959 0.0100181 7.14148e-05 0.00670282 -0.000533894 0.0140642 0.0190672 -0.000388099 0.00548694 0.00179519 0.00438238 0.00855397 -0.000989356 0.00265487 0.000392798 -0.00287297 0.00142145 -0.00171707 -0.000889602 -0.00119073 -0.00144586 0.000515574 0.002818 -0.00239624 -0.000471786 -0.000587085 -0.00209699 -0.000204082 -0.00197111 0.000160427 -0.00238304 -0.00291208 -0.00274153 -0.00164978 -0.00293178 -0.00108614 -0.00266208 -0.00244639 -0.00268059 -0.00296489 -0.00187166 -0.00288838 -0.00187166 -0.00287762 -0.00297835
internal_weight=6995 1132 1027 182 160 5863 845 99 1350 105 299 137 81 82 649 569 53 80 55 546 46 500 56 46 541 42 162 93 49 479 79 61 4513 40 400 499 466 446 93 51 701 108 51 369 44 353 56 297 4473 593 69 4446 80 276 331 292 4366 56 567 56 272 4310
internal_count=6995 1132 1027 182 160 5863 845 99 1350 105 299 137 81 82 649 569 53 80 55 546 46 500 56 46 541 42 162 93 49 479 79 61 4513 40 400 499 466 446 93 51 701 108 51 369 44 353 56 297 4473 593 69 4446 80 276 331 292 4366 56 567 56 272 4310
is_linear=0
shrinkage=0.03


Tree=42
num_leaves=63
num_cat=0
split_feature=38 26 69 5 56 14 46 16 38 62 41 47 62 50 48 53 19 1 61 47 10 57 68 64 70 66 35 65 5 66 16 5 15 28 28 18 38 69 31 11 26 18 68 3 65 34 48 30 15 46 0 55 56 24 21 24 26 21 14 15 17 1
split_gain=48.9818 23.0224 9.63014 7.68662 6.57841 4.45116 5.01273 4.17241 4.11883 3.98308 3.79161 3.53272 2.93301 2.68525 2.67553 3.26 2.65249 2.34376 2.15258 2.04198 1.92283 2.1099 2.24845 2.49597 1.71205 1.69375 1.39035 1.67357 1.26279 1.08725 1.0062 0.892645 0.991445 0.878873 0.833107 1.20968 0.560394 0.551646 0.541613 0.52064 0.492419 0.388198 0.373804 0.33505 0.57781 0.420181 0.389542 0.950185 0.294236 0.236527 0.232994 0.209534 0.197724 0.268275 0.154306 0.0713324 0.0922499 0.0536854 0.120975 0.0329792 0.0323933 0.0306587
threshold=23684.583333333339 65.218555333333356 103379.00000000001 1.5000000000000002 4.5000000000000009 119256.50000000001 33911.395833333336 3855.5000000000005 16806.791666666668 1692.8958333333337 47372.500000000007 3195.0000000000005 945.20833333333337 1244.5208333333335 106.50000000000001 1049.5000000000002 21.475000000000005 -6.2749999999999995 2017.5000000000002 1272.5000000000002 0.87900005428953576 2827.5000000000005 110802.50000000001 1304.5000000000002 122592.43750000001 4406.729166666667 18452.500000000004 1353.5000000000002 2.5000000000000004 503.37500000000006 5561.5000000000009 1.5000000000000002 17658.678260064222 -3.6331600000000033 0.31229649999999515 -9.5249999999999986 28853.895833333336 101975.00000000001 61.874914903536727 100689.00000000001 81.349445854166689 21.475000000000005 89859.500000000015 68.855247053115974 1373.5000000000002 -0.34335443097249291 677.50000000000011 64.628931733802716 5769.2892468897617 33850.062500000007 123809.00000000001 5.5000000000000009 5.5000000000000009 82.379243000000017 3.5121450744641156 93.560390000000027 79.840491895833352 1.3268299140386297 94892.437500000015 4021.2395731393867 -1.825 -3.9749999999999996
decision_type=2 2 2 2 2 2 2 2 2 2 2 2 2 2 2 2 2 2 2 2 2 2 2 2 2 2 2 2 2 2 2 2 2 2 2 2 2 2 2 2 2 2 2 2 2 2 2 2 2 2 2 2 2 2 2 2 2 2 2 2 2 2
left_child=8 9 3 5 -5 6 -3 17 26 50 -9 -11 -10 19 15 -14 28 18 34 24 30 40 23 -23 -12 -20 49 -28 -6 -19 31 32 33 -16 35 -4 43 39 -15 -35 54 -17 -33 45 -45 46 47 -31 -36 57 -2 -30 53 -44 -22 59 -57 58 -1 -54 -39 -59
right_child=1 2 7 4 16 -7 -8 10 12 11 13 -13 14 38 20 41 -18 29 25 -21 21 22 -24 -25 -26 -27 27 -29 51 36 -32 42 -34 37 48 -37 -38 60 -40 -41 -42 -43 52 44 -46 -47 -48 -49 -50 -51 -52 -53 55 -55 -56 56 -58 61 -60 -61 -62 -63
leaf_value=-121.84186411219997 56.784481224669193 2.4587515000340319 -3.6253246102269392 31.519124311909589 11.265361442964576 36.935600288305167 32.557989030208134 24.34118144496864 28.575580789789189 23.052769230185707 13.186871993501631 55.099072068193934 20.368369447120962 2.0267593607295149 0.49180154483140981 -6.2810737449904908 19.240157077939358 11.160879811279022 1.9285811925824947 -0.26445280682493577 -3.9422877953907451 3.9929189973307442 -0.52656946290868178 0.18019175723306083 29.799394497150676 19.999030894756846 -51.904702718624321 3.1465429126038273 1.3270727370749338 2.3839812789439909 0.64712475933056612 0.58734183820890651 1.927005984610209 -1.5874172095333896 -1.8244433492864056 25.238420630010665 7.31090412302194 -0.099986398984115113 -12.737822282863268 1.0274798957059592 2.2580788173269166 5.207373422920667 0.26001491789188175 -7.1438579251814867 1.3208954453119501 -17.093971888315423 -10.362137658403563 -2.0748237502071394 2.5617956922118239 -10.273683223124312 57.63048649449739 -6.3925282825040552 -29.602608494796371 -35.753742261049233 0.1932498031908163 -0.65929178624280071 -2.3256862982951958 -117.31986105767439 -23.895827768415575 -37.613546746198139 -33.56383980477753 -100.48889019263189
leaf_weight=36 20 36 24 37 35 25 34 32 24 32 24 30 23 27 25 23 24 21 30 21 77 29 29 26 20 25 24 20 29 31 26 20 26 31 46 32 26 20 44 26 29 20 29 20 20 212 60 29 20 36 26 67 21 32 20 21 20 23 20 700 134 4246
leaf_count=36 20 36 24 37 35 25 34 32 24 32 24 30 23 27 25 23 24 21 30 21 77 29 29 26 20 25 24 20 29 31 26 20 26 31 46 32 26 20 44 26 29 20 29 20 20 212 60 29 20 36 26 67 21 32 20 21 20 23 20 700 134 4246
internal_value=-0.00130977 0.00432232 0.00296261 0.0076489 0.0041697 0.0146372 0.0106562 0.00119749 -0.00242885 0.0175116 0.0053718 0.0124155 -0.00102718 0.00315209 -0.00120674 0.00467473 0.00143133 1.50974e-05 0.00291361 0.0075576 -0.00149877 0.00112803 0.00481569 0.00838475 0.0112245 0.00784029 -0.00288348 0.00238095 -0.000228834 -0.00120258 -0.00198921 -0.00212831 -0.000583747 -0.00120712 0.00066339 0.00336898 -0.00155991 -0.00184747 -0.000843883 0.000630472 -0.00130849 -0.000139212 -0.00260467 -0.0018624 0.000673316 -0.00217706 -0.000724397 0.000948419 -0.0015885 -0.00293733 0.0242733 -0.00202914 -0.00270441 -0.000981997 -0.0023481 -0.00283821 -0.00145985 -0.00295762 -0.00187166 -0.00291222 -0.00278391 -0.00297112
internal_weight=6995 1159 1051 287 192 95 70 764 5836 108 168 62 1431 136 1407 66 155 596 177 65 1341 210 84 55 44 55 4405 44 131 419 1131 1105 262 236 122 56 398 211 71 57 126 43 843 372 40 332 120 60 66 4361 46 96 823 61 97 762 41 4325 56 721 154 4269
internal_count=6995 1159 1051 287 192 95 70 764 5836 108 168 62 1431 136 1407 66 155 596 177 65 1341 210 84 55 44 55 4405 44 131 419 1131 1105 262 236 122 56 398 211 71 57 126 43 843 372 40 332 120 60 66 4361 46 96 823 61 97 762 41 4325 56 721 154 4269
is_linear=0
shrinkage=0.03


Tree=43
num_leaves=63
num_cat=0
split_feature=38 26 37 33 26 10 5 38 62 33 60 47 49 7 44 45 62 36 27 58 38 28 54 22 34 34 47 35 45 54 64 28 40 3 11 20 62 49 33 37 55 3 49 49 43 35 35 23 7 3 34 0 1 36 43 0 20 26 54 24 35 32
split_gain=47.0516 23.3864 10.1016 7.71265 5.03693 4.48055 4.56627 4.44125 3.98308 3.87791 4.6307 3.53272 3.06428 4.17554 2.86434 3.58844 2.44086 2.41004 2.83687 2.41692 2.07681 1.93236 1.91552 1.5851 2.34882 1.49192 1.32143 1.26473 2.62609 1.21565 0.846528 0.810595 0.987142 1.84173 0.774849 0.71615 0.699592 0.530292 1.20039 0.524677 0.507096 0.399517 0.53584 0.392814 0.327892 0.318542 0.274557 0.480603 0.7102 0.268543 0.255294 0.232994 0.173057 0.153635 0.221479 0.107871 0.0877794 0.620449 0.0823645 0.330691 0.0608322 0.116522
threshold=23684.583333333339 65.218555333333356 17256.000000000004 2.4248048366761972 73.268114604166684 0.74305326206722599 2.5000000000000004 17451.541666666668 1692.8958333333337 1.740346205005453 1050.0000000000002 3195.0000000000005 357.00000000000006 22.500000000000004 32340.500000000004 32694.500000000004 961.70833333333337 23552.500000000004 10.484476000059759 2195.6250000000005 28853.895833333336 -1.4218409999999968 1381.3541666666667 1.1750000000000009 -0.62462742071692279 -0.21245586295287919 1369.0000000000002 18302.500000000004 32513.500000000004 1930.5208333333337 223.50000000000003 -3.6331600000000033 50492.500000000007 59.035069435353499 83779.500000000015 -9.4843749999999982 2252.3125000000005 226.50000000000003 2.2814562089568122 19247.500000000004 10274.000000000002 68.855247053115974 1118.5000000000002 219.50000000000003 33862.500000000007 27578.500000000004 21876.500000000004 72.068452500000021 11.500000000000002 60.721331475344073 0.15951048670325821 123809.00000000001 -10.574999999999998 16755.500000000004 32539.500000000004 102446.00000000001 1.0000000180025095e-35 70.789721791666679 2197.5208333333339 89.355252000000021 17718.500000000004 60.029291537553668
decision_type=2 2 2 2 2 2 2 2 2 2 2 2 2 2 2 2 2 2 2 2 2 2 2 2 2 2 2 2 2 2 2 2 2 2 2 2 2 2 2 2 2 2 2 2 2 2 2 2 2 2 2 2 2 2 2 2 2 2 2 2 2 2
left_child=7 8 3 4 29 17 14 27 51 10 36 -10 13 16 -7 25 -9 18 -4 21 39 -19 -15 34 -25 -16 35 44 -29 -3 -21 32 33 -14 -18 -23 -6 46 50 -8 41 52 -43 -26 56 -33 53 -48 -49 -37 -39 -2 -32 54 -36 -50 57 -1 60 -60 -58 -62
right_child=1 2 5 -5 9 6 20 12 11 -11 -12 -13 31 22 15 -17 23 19 -20 30 -22 26 -24 24 43 -27 -28 28 -30 -31 40 45 -34 -35 37 49 -38 38 -40 -41 -42 42 -44 -45 -46 -47 47 48 55 -51 -52 -53 -54 -55 -56 -57 58 -59 59 -61 61 -63
leaf_value=-70.201761185237487 55.080946787929115 -4.9740142628562127 -0.54983620110142339 37.838713223996855 -2.6672265005418097 9.6242641341547071 4.4743400597499923 27.718313366095561 22.36118615328019 36.017452727647395 23.772786224456578 53.446099906148092 -28.881505981921745 2.0493651948650875 18.041911460696863 19.410668830487761 0.72939150501784822 20.476275266473209 19.843889599869467 2.5876699087078592 26.507401287937313 12.641286236432066 36.013699357485343 3.9316869542440647 -1.6551974347900291 -2.4791742469345204 15.338256546101455 -30.279918689530501 4.0132472057401802 22.085122532135774 -0.10753716539222302 -50.443460929324175 -33.367728461307479 2.3813979291577563 -2.1586423997787225 0.26973448150103768 9.7811315870839124 -16.348762903116452 0.92350002166916068 -4.7762283911687557 11.5356637962373 -1.3178766073416606 0.94453016413713664 2.6337586665085326 -3.2584949726729135 -0.98909169739251779 -16.084749828320401 1.0121150464027766 -23.448927163506848 -5.4466758813747322 -0.0068695000139073412 55.901571899662457 -11.991428672820707 -4.3731339453326745 0.97818165988724914 -0.55660738857748637 -103.20452484920193 8.599770997288843 -34.851905566488178 2.6094380825964714 -66.626134792606493 -61.94043434101664
leaf_weight=116 20 40 37 23 21 24 21 24 32 35 21 30 30 20 25 20 25 35 38 36 30 31 22 29 27 23 22 54 20 24 20 542 56 35 24 20 23 51 38 56 22 23 22 21 26 25 57 34 28 69 23 26 290 172 20 20 4135 21 68 20 33 20
leaf_count=116 20 40 37 23 21 24 21 24 32 35 21 30 30 20 25 20 25 35 38 36 30 31 22 29 27 23 22 54 20 24 20 542 56 35 24 20 23 51 38 56 22 23 22 21 26 25 57 34 28 69 23 26 290 172 20 20 4135 21 68 20 33 20
internal_value=-0.0013012 0.00421879 0.00284844 0.00917157 0.00685558 0.00147552 0.00542441 -0.00239801 0.0175116 0.0110589 0.00663594 0.0124155 -0.000866148 0.00063297 0.0103257 0.00709251 -1.01171e-05 0.000288678 0.00535286 -0.000350789 0.00117647 0.00257482 0.00976247 -0.000411176 0.00357977 0.00255717 0.000992258 -0.00284638 0.00101215 0.000234009 -0.0016122 -0.00225403 -7.14665e-10 0.00248848 -0.00104247 -0.000224813 0.00102041 -0.00132306 0.00045495 -0.00140078 -0.0020366 -0.00231484 0.000266075 -0.000436591 -0.0029114 -0.00272968 -0.00189243 -0.000819555 0.000621193 -0.00161616 -0.00174089 0.0242733 -0.00269913 -0.00256826 -0.000884354 -0.00168399 -0.00293127 -0.00210066 -0.00295713 -0.00194098 -0.00297772 -0.00180791
internal_weight=6995 1159 1051 187 164 864 199 5836 108 100 65 62 1323 635 92 68 593 665 75 590 107 177 42 569 77 48 142 4513 74 64 413 688 121 65 492 120 44 467 112 77 377 355 45 48 4439 567 355 139 82 89 74 46 310 216 44 48 4413 137 4276 88 4188 53
internal_count=6995 1159 1051 187 164 864 199 5836 108 100 65 62 1323 635 92 68 593 665 75 590 107 177 42 569 77 48 142 4513 74 64 413 688 121 65 492 120 44 467 112 77 377 355 45 48 4439 567 355 139 82 89 74 46 310 216 44 48 4413 137 4276 88 4188 53
is_linear=0
shrinkage=0.03


Tree=44
num_leaves=63
num_cat=0
split_feature=38 26 58 37 62 10 5 45 54 61 70 48 70 12 35 55 1 48 53 54 10 64 5 46 47 46 11 26 27 26 2 61 35 70 26 66 3 28 2 33 5 13 16 22 38 35 44 42 27 48 1 2 16 31 1 20 26 49 38 20 54 54
split_gain=44.4772 21.2251 12.6744 11.9545 6.43559 5.64665 5.18112 5.39947 4.5453 4.26929 2.88721 3.03818 3.80093 2.63577 3.26918 2.55226 2.51849 2.50866 2.97131 3.52729 2.21279 2.28966 2.20717 2.15946 2.13961 2.04811 1.95799 1.64473 1.59965 2.02465 1.28806 1.20853 1.19589 1.20423 1.14955 1.00108 0.854325 0.852003 0.459797 0.405536 0.380402 1.11025 0.341013 0.270949 1.14205 0.311524 0.231211 0.221509 0.161109 0.150976 0.211105 0.15076 0.114924 0.107045 0.101766 0.0972243 0.646811 0.0953613 0.0932341 0.31975 0.0805539 0.239739
threshold=22766.104166666672 64.982578770833342 839.87500000000011 14381.500000000002 1918.6875000000002 0.74305326206722599 2.5000000000000004 32776.500000000007 2279.5416666666674 640.50000000000011 104356.62500000001 131.50000000000003 108080.89583333336 97627.500000000015 21162.500000000004 10697.500000000002 -5.2249999999999988 1914.5000000000002 1091.5000000000002 1256.0833333333337 0.74305326206722599 1216.5000000000002 5.5000000000000009 32326.354166666668 506.50000000000006 33805.458333333336 118518.50000000001 72.819922687500011 13.515331074537103 76.587373625000012 91.356087500000015 973.50000000000011 19334.500000000004 101209.08333333336 73.514275937500017 417.52083333333343 55.799412484928773 -0.91501200000000427 81.798932000000022 2.1070871895066818 1.5000000000000002 95365.500000000015 4777.5000000000009 0.92500000000000082 26178.354166666672 30210.500000000004 33815.500000000007 57819.604166666679 10.792352070542721 228.50000000000003 0.4250000000000001 77.725755000000007 -1972.4999999999998 68.033732468797083 22.275000000000002 1.0000000180025095e-35 70.621859437500021 182.50000000000003 17451.541666666668 19.597916666666674 2197.5208333333339 2264.1458333333335
decision_type=2 2 2 2 2 2 2 2 2 2 2 2 2 2 2 2 2 2 2 2 2 2 2 2 2 2 2 2 2 2 2 2 2 2 2 2 2 2 2 2 2 2 2 2 2 2 2 2 2 2 2 2 2 2 2 2 2 2 2 2 2 2
left_child=10 4 -3 -4 9 13 7 8 24 -2 32 12 -12 14 -5 16 17 18 37 -20 40 23 -23 -22 -7 28 -6 -16 51 39 35 -32 46 -34 -25 -18 -14 -15 -9 -30 41 -13 57 45 -45 49 55 -11 -43 50 -37 -8 -35 -51 -38 56 -1 -42 60 -60 -57 -62
right_child=1 2 3 5 26 6 25 38 -10 47 11 20 36 15 27 -17 30 -19 19 -21 21 22 -24 34 -26 -27 -28 -29 29 -31 31 -33 33 52 -36 43 54 -39 -40 -41 42 48 -44 44 -46 -47 -48 -49 -50 53 -52 -53 -54 -55 -56 58 -58 -59 59 -61 61 -63
leaf_value=-63.80686415987217 49.786661763393575 40.476660471054863 35.437723410929131 -3.3770832630653334 19.44400621052139 -3.9844497011842037 -0.59468541268107999 25.650418220697468 22.78391637599449 54.878390038981763 3.0586721425408809 0.4890925754573256 4.7757811983032257 9.5734450326263705 2.213463144470293 23.401912268096407 8.8003238957249614 19.563625891820969 24.701943222386376 -0.25137163040964045 3.0789453520919321 -6.5392081373932802 5.745977348158454 2.7185535073705029 6.3352185325675778 28.563574117234698 -14.902438185036743 13.271636534612748 -9.8415415935326873 9.4441098719144385 -0.88919970864468612 16.755275762475684 2.7213739763205416 -3.6220315659203073 -26.837002783528181 -42.664026967261336 -15.966158704225442 -4.796189999705418 16.435183082766333 3.8177918028772875 -7.4620311545113154 -1.063254296078026 0.060727856929300127 -10.962179185712078 0.82432900709234991 3.7085841041459955 -8.5705460449887312 51.732552072574364 -42.556017579543763 -18.298707908470874 0.35322935741475148 -3.3715010467900282 -16.478647309234823 -3.7439961630617873 -0.42586906490687282 -103.53752169034327 8.4683682871490511 -53.471588212007909 -41.586589255296943 1.1609224687720283 -1.8520281388588791 -32.966763608564627
leaf_weight=107 29 37 33 24 20 40 20 20 20 34 21 36 20 22 20 20 26 36 34 32 22 130 28 30 27 23 20 23 20 20 28 20 26 20 24 22 25 117 20 25 34 20 23 49 21 22 36 22 94 390 20 70 32 30 20 4043 20 555 60 20 26 67
leaf_count=107 29 37 33 24 20 40 20 20 20 34 21 36 20 22 20 20 26 36 34 32 22 130 28 30 27 23 20 23 20 20 28 20 26 20 24 22 25 117 20 25 34 20 23 49 21 22 36 22 94 390 20 70 32 30 20 4043 20 555 60 20 26 67
internal_value=-0.00127975 0.00338507 0.0022718 0.00177343 0.0152038 0.00130362 0.00485742 0.00948859 0.00523536 0.0198825 -0.00250655 -0.00111173 0.00428571 0.0001663 0.00590164 -0.000263188 -0.000510874 0.00209042 0.000789858 0.00603631 -0.00158117 0.000961127 -0.00108159 0.0052431 0.0014307 0.00153285 0.00516209 0.0108585 0.000270792 0.00387097 -0.00151409 0.00318087 -0.00284445 0.000806657 0.00194085 -0.00190829 0.000645161 -0.00168224 0.0186284 0.000266075 -0.00236583 -0.000979348 -0.00270054 -0.00218192 -0.000385165 -0.00243545 -0.00291019 0.0247594 -0.00244522 -0.00260333 -0.000783849 -0.00229745 -0.00178503 -0.00277791 -0.00159645 -0.00293017 -0.0020299 -0.00284162 -0.00295652 -0.00183521 -0.00297744 -0.00199785
internal_weight=6995 1456 1331 1294 125 1261 305 127 87 85 5539 1082 86 956 67 889 869 241 205 66 996 234 158 76 67 178 40 43 155 65 628 48 4457 78 54 580 65 139 40 45 762 150 612 554 70 484 4379 56 114 462 42 90 52 420 45 4343 127 589 4216 80 4136 93
internal_count=6995 1456 1331 1294 125 1261 305 127 87 85 5539 1082 86 956 67 889 869 241 205 66 996 234 158 76 67 178 40 43 155 65 628 48 4457 78 54 580 65 139 40 45 762 150 612 554 70 484 4379 56 114 462 42 90 52 420 45 4343 127 589 4216 80 4136 93
is_linear=0
shrinkage=0.03


Tree=45
num_leaves=63
num_cat=0
split_feature=70 45 5 50 44 56 27 16 70 62 47 19 61 59 61 33 48 5 40 17 21 10 65 68 36 11 56 11 11 5 29 63 12 44 15 63 2 48 20 68 33 21 64 36 13 2 29 32 21 11 66 27 20 13 49 39 22 22 59 46 42 62
split_gain=33.9976 24.183 16.7298 7.87655 8.67211 7.43359 5.18855 4.74121 4.6416 7.20889 3.88355 3.82491 5.3099 3.38679 3.15655 3.14268 3.13345 4.4668 2.29222 3.23813 3.44218 2.00941 1.73508 3.23152 1.72374 1.45248 1.20235 1.16029 1.0512 1.03245 1.18383 1.84614 0.964745 0.826785 0.815958 0.790178 0.741431 0.696007 0.876503 0.677785 0.574047 0.557797 0.530414 0.491642 0.667005 0.488515 0.452519 0.401858 0.386969 0.378912 0.331614 0.235393 0.226509 1.19611 0.170068 0.223217 0.163451 0.161779 0.150262 0.436626 0.182163 0.0396534
threshold=113529.97916666667 33144.000000000007 1.5000000000000002 2404.8958333333339 32322.500000000004 15.500000000000002 2.8605848036535377 3855.5000000000005 104356.62500000001 900.54166666666686 195.50000000000003 26.025000000000002 682.50000000000011 739.50000000000011 762.50000000000011 1.9664555722151065 131.50000000000003 3.5000000000000004 47627.500000000007 23.075000000000006 3.1804287116144785 0.87900005428953576 5217.5000000000009 110802.50000000001 24479.000000000004 119571.50000000001 3477.5000000000005 125234.00000000001 108940.50000000001 1.5000000000000002 60.721331475344073 4406.5000000000009 116463.50000000001 33841.500000000007 5569.2562516803318 503.50000000000006 85.285190000000014 1361.0000000000002 25.715625000000006 91285.500000000015 2.8760523301839407 1.1565133129809799 1976.5000000000002 20210.500000000004 107209.00000000001 92.912472500000021 69.417183656134057 62.598818466241489 2.6300477571532856 89228.500000000015 417.52083333333343 14.209543619075347 1.0000000180025095e-35 101937.50000000001 180.50000000000003 42990.500000000007 1.6000000000000005 0.34999999999999981 686.50000000000011 32131.041666666668 48287.291666666679 862.37500000000011
decision_type=2 2 2 2 2 2 2 2 2 2 2 2 2 2 2 2 2 2 2 2 2 2 2 2 2 2 2 2 2 2 2 2 2 2 2 2 2 2 2 2 2 2 2 2 2 2 2 2 2 2 2 2 2 2 2 2 2 2 2 2 2 2
left_child=8 3 10 7 35 6 -4 18 33 -10 -3 12 51 36 -8 -6 17 -11 19 28 -21 29 26 -24 -15 40 -23 -27 45 30 -18 42 -12 43 -16 -5 -14 38 -13 -31 -7 -20 -32 47 -45 57 50 52 -47 -19 -43 -9 53 -1 55 -41 -56 -2 59 -52 -60 -54
right_child=1 2 5 4 15 25 14 11 9 16 32 37 13 24 34 -17 21 49 41 20 -22 22 23 -25 -26 27 -28 -29 -30 39 31 -33 -34 -35 -36 -37 -38 -39 -40 54 -42 46 -44 44 -46 48 -48 -49 -50 -51 58 -53 61 -55 56 -57 -58 -59 60 -61 -62 -63
leaf_value=-38.290525153185214 -4.4833842182605403 14.563247305995038 -1.8224409295814594 5.8316391845857316 15.781331717617014 -8.1411686632938931 44.541443146448565 0.81763423042041639 58.897295397197688 5.1169183153678119 47.620688580004028 -2.0300856638657661 24.842672439843064 10.983743720521041 44.375229637540535 28.670342867195064 -6.403575444158629 1.0593270079889794 0.47243811529694285 -5.0802968135632884 11.517490576428283 -4.32227634805405 8.1930691534300983 -4.6847548952828175 -0.88942545945123141 10.503705945385457 2.6764400555051986 1.9953405072922725 1.0075902082768657 0.84511808766581853 -10.952583570038261 10.385669012866471 47.418354254943459 1.6980598200434118 51.269128905079739 -3.2977838872370855 21.504276318899361 -10.59803856424333 3.0098040170384013 -19.481791712362256 1.4823127557978391 10.484409258566229 0.40355284215847148 1.3679230892875607 -23.743445383780269 -1.491683342678513 0.16006289946569457 0.85720155391180786 0.66308783371082958 -3.0924013663219809 -3.6301629939386633 -1.7994076895373823 -102.28239784708417 7.1284759384118699 -48.875440496684512 0.055291961867083024 -1.8429617775795433 -0.14823550230587498 -1.1844938731857382 4.2476584096582215 -12.437070013152519 -94.477791508089553
leaf_weight=113 96 20 22 28 31 62 21 20 21 21 53 23 20 25 23 28 75 20 30 23 37 64 21 20 22 23 25 20 20 20 33 27 20 28 20 40 20 65 21 35 20 21 25 20 27 21 38 21 20 22 46 27 144 24 513 34 23 20 20 23 450 4080
leaf_count=113 96 20 22 28 31 62 21 20 21 21 53 23 20 25 23 28 75 20 30 23 37 64 21 20 22 23 25 20 20 20 33 27 20 28 20 40 20 65 21 35 20 21 25 20 27 21 38 21 20 22 46 27 144 24 513 34 23 20 20 23 450 4080
internal_value=-0.00130549 0.00263141 0.0102105 0.000762691 0.00783635 0.00551397 0.0122997 -4.60254e-05 -0.00241656 -0.000564509 0.0208163 0.00365282 0.00704698 0.0114351 0.0166147 0.0162437 -0.000941622 0.00551505 -0.00108889 0.00141712 0.0074376 -0.00139001 0.00205227 0.00715328 0.00585987 0.000815347 -0.000269361 0.00529002 -0.000609826 -0.00196408 0.000168644 0.00260869 0.0240492 -0.00283099 0.0212993 0.000484581 0.0178803 -0.000494959 0.00238095 -0.0025148 -0.00149817 -0.00203948 -0.000361446 -0.00286379 0.000127388 -0.00145131 -0.0022421 -0.00289656 0.00131387 -7.12596e-05 -0.00245849 -0.00101911 -0.0029167 -0.00166302 -0.00269708 -0.00121563 -0.00288193 -0.00245478 -0.00260434 -0.00121563 -0.00280153 -0.00295661
internal_weight=6995 1539 304 1235 127 211 86 1108 5456 999 93 243 134 87 64 59 978 63 865 237 60 915 130 41 47 125 89 43 177 785 160 85 73 4457 43 68 40 109 44 625 82 628 58 4429 47 157 598 4382 41 42 560 47 4361 137 605 69 536 116 539 69 470 4224
internal_count=6995 1539 304 1235 127 211 86 1108 5456 999 93 243 134 87 64 59 978 63 865 237 60 915 130 41 47 125 89 43 177 785 160 85 73 4457 43 68 40 109 44 625 82 628 58 4429 47 157 598 4382 41 42 560 47 4361 137 605 69 536 116 539 69 470 4224
is_linear=0
shrinkage=0.03


Tree=46
num_leaves=63
num_cat=0
split_feature=38 26 69 14 70 11 33 61 48 5 56 62 64 1 10 56 47 19 64 65 58 63 5 12 59 5 38 70 35 70 56 10 38 5 15 1 57 26 49 59 53 35 32 44 44 7 22 13 12 16 68 25 5 41 3 16 63 34 15 10 1 1
split_gain=40.9422 23.5546 8.03546 6.10228 5.20232 5.1553 5.20754 5.15159 4.5198 8.05372 4.2325 3.42482 3.31676 2.78664 2.38454 2.22907 2.17663 1.96413 1.94339 2.65082 2.4965 2.12106 1.85811 1.62549 2.66679 1.52907 2.41538 1.36048 1.18714 1.20423 1.17758 1.09442 0.879857 0.848871 1.098 0.964499 0.864543 0.844959 0.957495 1.64436 0.775512 0.75597 0.401845 0.314213 0.232477 0.226322 0.150782 0.149643 0.118912 0.114924 0.0950621 0.0882523 0.881683 1.81332 0.0340842 0.0327568 0.0354351 0.03547 0.0322366 0.0320736 0.0204276 0.0140354
threshold=24228.812500000004 65.218555333333356 103379.00000000001 131993.35416666669 104356.62500000001 119026.00000000001 1.6786645752830451 604.50000000000011 131.50000000000003 2.5000000000000004 16.500000000000004 945.20833333333337 2316.5000000000005 -11.074999999999998 0.56392291514228221 10755.000000000002 515.50000000000011 -2.6249999999999996 1216.5000000000002 3639.0000000000005 4914.0625000000009 1716.5000000000002 1.5000000000000002 128977.00000000001 4048.5000000000005 1.5000000000000002 25745.229166666668 123309.58333333336 19334.500000000004 101209.08333333336 1.5000000000000002 0.87900005428953576 26923.062500000004 1.5000000000000002 16936.400637279829 -0.42499999999999999 22.500000000000004 72.941770770833344 265.50000000000006 785.50000000000011 1605.5000000000002 23433.000000000004 62.598818466241489 32340.500000000004 33815.500000000007 12.500000000000002 1.1250000000000002 116463.50000000001 89633.500000000015 -1972.4999999999998 95024.500000000015 88.297410000000013 1.0000000180025095e-35 41270.500000000007 57.54426666562307 4962.0000000000009 8383.0000000000018 -1.5085801457098496 5300.7427717411601 0.87900005428953576 20.775000000000002 20.575000000000006
decision_type=2 2 2 2 2 2 2 2 2 2 2 2 2 2 2 2 2 2 2 2 2 2 2 2 2 2 2 2 2 2 2 2 2 2 2 2 2 2 2 2 2 2 2 2 2 2 2 2 2 2 2 2 2 2 2 2 2 2 2 2 2 2
left_child=4 3 5 17 28 6 30 -8 9 -6 32 -10 -12 16 33 23 -4 -2 19 21 41 22 -16 24 25 26 45 -26 42 -30 -3 61 -9 34 35 -13 -36 38 -27 -40 -25 48 44 -39 51 -15 59 -24 -20 -31 -35 -1 53 -53 -50 56 57 -52 -37 -45 -32 -11
right_child=1 2 13 -5 8 -7 7 10 11 31 12 14 -14 15 18 -17 -18 -19 20 -21 -22 -23 47 40 27 37 -28 -29 29 49 60 -33 -34 50 36 58 -38 43 39 -41 -42 -43 -44 46 -46 -47 -48 -49 54 -51 55 52 -54 -55 -56 -57 -58 -59 -60 -61 -62 -63
leaf_value=-93.95235559997937 50.660345899020172 15.082669152720351 1.6073577949572753 36.750097583414131 34.801938797438112 32.421662001590505 -1.3053306599861143 26.003241404499551 48.102667718928622 -1.2892580723032816 16.496661812596287 0.60690208174940929 1.1287357440655839 -4.4276170569995257 2.7073431239203298 20.336036787143755 22.301989791053135 24.441311755088854 -0.83179935935683136 2.774379471257014 4.2919043536880608 3.5907143650467859 -4.5048555747780794 0.5149412676567181 23.468722919343392 -0.86253745108365243 13.034432371675688 0.87514082603047227 3.1486754598571398 -3.7109337225385337 -1.2586151370618381 4.0341680054755145 29.517534132154477 -8.6523494498879199 2.6907692571010484 -5.4269767673638762 -7.3345381102337814 0.4747753787489174 14.508441552885472 -4.4421060177687091 -19.346622161067923 0.72709178504232286 0.83148550729449966 -5.095415958639693 -8.3643714582403099 11.079723813782001 -3.5778684600566493 -0.45674855795601649 -10.056529919531986 -14.879213697221781 -15.945199974382293 -53.224052544739315 -79.226482618791465 9.2721874969322187 -7.9188178759724179 -1.6285868917321489 -7.7495939124681321 -49.278866907009899 -29.560675943079115 -4.7440974155981168 -5.0694947052716204 -5.551865299504863
leaf_weight=3676 48 25 27 29 24 28 30 25 26 20 33 37 37 25 23 24 27 23 25 26 24 20 68 27 22 35 39 29 26 20 20 24 21 32 22 20 24 31 22 26 169 25 21 128 36 20 20 20 20 32 21 52 566 28 176 20 20 613 131 20 41 26
leaf_count=3676 48 25 27 29 24 28 30 25 26 20 33 37 37 25 23 24 27 23 25 26 24 20 68 27 22 35 39 29 26 20 20 24 21 32 22 20 24 31 22 26 169 25 21 128 36 20 20 20 20 32 21 52 566 28 176 20 20 613 131 20 41 26
internal_value=-0.00135266 0.00410427 0.00264325 0.017952 -0.0023181 0.00713956 0.00564843 0.00909651 -0.000778698 0.00557917 0.0119638 -0.00121025 0.00723252 0.000946317 -0.0014176 0.000386124 0.00748614 0.0227004 0.000435494 0.00309357 -0.00109959 0.00132723 -0.000270028 2.93583e-05 0.00109326 0.000188472 0.00374554 0.00751468 -0.00283099 0.000806657 -0.000174217 0.000385163 0.0190672 -0.00226253 -0.000679198 -0.00170654 0.00344902 -0.000861397 0.00166065 0.00442827 -0.00221826 -0.00201138 -0.00289649 -0.00192868 -0.00291664 -0.000931265 -0.00244497 -0.0022815 -0.00257802 -0.00178503 -0.00278289 -0.00293677 -0.002577 0.000337078 -0.00283019 -0.00286159 -0.00290323 -0.00294749 -0.00277962 -0.00277515 -0.00245499 -0.00227766
internal_weight=6995 1051 951 100 5944 260 232 146 1487 94 116 1393 70 691 1367 637 54 71 427 157 270 131 111 613 417 366 84 51 4457 78 86 70 46 940 234 188 46 282 83 48 196 246 4379 199 4358 45 168 88 221 52 706 4322 646 80 196 674 654 634 151 148 61 46
internal_count=6995 1051 951 100 5944 260 232 146 1487 94 116 1393 70 691 1367 637 54 71 427 157 270 131 111 613 417 366 84 51 4457 78 86 70 46 940 234 188 46 282 83 48 196 246 4379 199 4358 45 168 88 221 52 706 4322 646 80 196 674 654 634 151 148 61 46
is_linear=0
shrinkage=0.03


Tree=47
num_leaves=63
num_cat=0
split_feature=35 38 58 26 31 55 42 17 19 36 47 53 10 7 38 49 23 19 46 15 47 10 58 18 10 17 62 51 60 35 21 40 5 24 41 31 16 29 64 13 21 22 0 51 14 48 57 15 58 54 46 17 66 46 15 61 23 29 66 46 16 16
split_gain=39.6427 16.2414 10.2541 9.80599 8.28031 6.09285 5.02679 4.71878 4.31616 3.68399 5.41064 5.30274 2.61635 4.60188 2.49236 2.40043 2.76858 2.38884 1.74583 1.88966 1.58732 1.41158 1.83197 1.37544 1.37367 1.10169 0.918349 1.09561 1.30323 0.734288 0.815965 0.725302 0.721977 1.28676 0.616978 0.582336 0.575666 0.55256 0.549501 0.532104 0.489414 0.465804 0.458436 0.419349 1.02252 0.358381 0.35734 0.325158 0.241498 0.185356 0.560721 0.172058 0.561663 0.15873 0.15377 0.143845 0.216412 0.109742 0.0744585 0.0728747 0.0972268 0.0369405
threshold=29140.500000000004 22766.104166666672 4924.3125000000009 66.267224395833352 62.113135124275438 22.500000000000004 59129.854166666672 -12.974999999999998 -0.97499999999999987 24013.000000000004 493.50000000000006 1393.5000000000002 0.74305326206722599 9.5000000000000018 15383.958333333334 106.50000000000001 92.617955000000009 -2.6249999999999996 33737.666666666672 18513.871923435538 182.50000000000003 0.74305326206722599 4680.229166666667 26.725000000000005 0.46472317204376884 23.725000000000005 1222.4375000000002 1695.5000000000002 795.50000000000011 27755.000000000004 3.6473520581347043 47522.500000000007 1.0000000180025095e-35 92.912472500000021 38209.000000000007 65.329259163693607 4875.0000000000009 63.111672759775026 7995.0000000000009 85627.000000000015 1.1565133129809799 1.3249999999999995 151591.50000000003 1511.5000000000002 118063.47916666669 85.500000000000014 11.500000000000002 15896.916639659466 4122.5625000000009 2197.5208333333339 29012.062500000004 1.0750000000000004 2923.5000000000005 33815.187500000007 4021.2395731393867 3357.5000000000005 74.002380000000016 65.458665938400756 935.39583333333337 28208.229166666668 -919.99999999999989 5045.0000000000009
decision_type=2 2 2 2 2 2 2 2 2 2 2 2 2 2 2 2 2 2 2 2 2 2 2 2 2 2 2 2 2 2 2 2 2 2 2 2 2 2 2 2 2 2 2 2 2 2 2 2 2 2 2 2 2 2 2 2 2 2 2 2 2 2
left_child=1 14 7 6 -4 8 17 -3 -5 10 20 -12 29 -14 49 16 39 -2 19 -15 -9 32 26 -13 35 43 -23 38 -29 34 40 -10 33 37 -11 42 45 -17 47 -16 -31 53 -7 48 -45 -34 -42 54 -22 -1 -51 52 -47 61 -28 -54 -57 -46 -56 60 -53 -36
right_child=3 2 4 5 -6 24 -8 9 31 12 11 23 13 18 15 21 -18 -19 -20 -21 25 22 -24 -25 -26 -27 27 28 -30 30 -32 -33 36 -35 41 -37 -38 -39 -40 -41 46 -43 -44 44 57 51 -48 -49 -50 50 -52 59 55 -55 58 56 -58 -59 -60 -61 -62 -63
leaf_value=-103.35223131494624 49.443945570609948 30.392686004500892 34.399659909743328 3.2113055005716968 10.35083439755345 -2.9286522118417464 33.479211903802195 16.956631430195674 30.773631945718144 9.9837060026619326 22.751874466118412 6.1108471620361176 26.697226817014261 -3.0777748358840813 3.9212931213965128 -17.040521655305746 7.67117665648823 30.189460155248419 18.890447248490883 4.9237417957560563 -3.9788339295232276 4.6975223645860638 2.9073786915185917 -8.9173766552268923 14.562762635417565 7.2829567060533087 -5.5983782239794042 2.340229109238035 -3.5031083575545874 1.938502489056033 10.003984878730543 25.980174336761898 0.11243970336629515 2.3720374352926514 -24.481938546271518 2.9832370917238307 0.45375394060061436 0.5718990192925697 2.0231348696981728 -1.5858831378239835 0.15995258418051506 0.57708970973481699 4.8200934637909434 1.3111171007087563 -10.310783132701106 0.67040052742090506 -3.1987086792849113 0.24354744423232033 0.3569544867742459 5.767052607584441 -78.004742721414033 -1.9060504482819063 -45.686221438701729 -1.2979946581779105 -6.3789188835314423 -21.846983776905198 0.64705583535328159 -1.5633629783414353 -11.135725758502966 -54.492960517603585 -85.834638109468827 -4.8092838995056972
leaf_weight=3733 47 25 25 24 29 56 22 20 20 20 39 33 20 80 23 92 20 22 20 20 95 28 30 21 31 33 20 20 23 25 32 20 21 22 343 24 23 29 20 26 28 28 20 28 29 20 91 20 24 20 57 20 119 22 39 23 20 20 202 846 23 20
leaf_count=3733 47 25 25 24 29 56 22 20 20 20 39 33 20 80 23 92 20 22 20 20 95 28 30 21 31 33 20 20 23 25 32 20 21 22 343 24 23 29 20 26 28 28 20 28 29 20 91 20 24 20 57 20 119 22 39 23 20 20 202 846 23 20
internal_value=-0.00136124 -0.00182797 0.00138193 0.00957357 0.0141405 0.0057509 0.0177168 0.000760684 0.0133385 0.000461918 0.00304297 0.0092159 -0.000712856 0.00297644 -0.00250655 -0.00155804 0.00390738 0.0217077 0.000724396 -0.000869132 0.000722601 -0.00178724 -0.000231286 0.00304991 0.00201373 0 -0.000814298 -0.00124673 0.00320186 -0.00156625 5.11066e-05 0.0193766 -0.00228201 -0.000251573 -0.00223043 0.00026973 -0.00253968 -0.00148638 -0.00189306 0 -0.000895212 -0.00248366 -0.000985546 -0.000841408 0.00085603 -0.00263987 -0.00171285 -0.0022412 -0.00196474 -0.00293614 -0.00140078 -0.00271683 -0.00182867 -0.00275773 -0.00252777 -0.00242443 -0.000835268 -0.0017108 -0.00273745 -0.00289506 -0.00153132 -0.00290829
internal_weight=6995 6709 1170 286 54 195 91 1116 64 1091 342 93 749 140 5539 1729 69 69 120 100 249 1660 402 54 131 229 372 344 43 609 176 40 1258 143 433 100 1115 121 301 49 144 413 76 196 77 1092 119 281 119 3810 77 1071 182 385 261 162 43 49 241 889 43 363
internal_count=6995 6709 1170 286 54 195 91 1116 64 1091 342 93 749 140 5539 1729 69 69 120 100 249 1660 402 54 131 229 372 344 43 609 176 40 1258 143 433 100 1115 121 301 49 144 413 76 196 77 1092 119 281 119 3810 77 1071 182 385 261 162 43 49 241 889 43 363
is_linear=0
shrinkage=0.03


Tree=48
num_leaves=63
num_cat=0
split_feature=38 26 58 58 59 14 38 25 45 68 20 66 3 40 43 16 3 58 33 15 34 52 52 53 35 10 0 36 49 12 21 12 36 24 36 7 11 30 43 35 58 0 16 66 29 66 54 10 11 11 21 36 54 43 3 33 2 44 2 63 36 3
split_gain=37.9745 22.6522 7.91595 7.01472 6.23366 4.68824 4.1314 4.07243 4.54186 6.7532 3.96898 3.2647 3.2268 2.66913 2.46956 2.30572 2.14648 2.06282 1.89269 1.88268 1.77621 1.38712 1.53695 1.36158 1.25859 1.25428 1.22554 1.22141 1.48055 1.1245 0.848778 0.840437 0.831599 0.759924 0.74268 0.734074 0.540735 0.487082 0.42801 1.43211 0.667014 0.391636 0.599918 0.391296 1.02963 0.346644 0.743671 0.30664 0.291357 0.680326 0.183504 0.171963 0.155042 0.519215 0.138483 0.131255 0.417458 0.108421 0.0995474 0.0515249 0.116522 0.0288212
threshold=23684.583333333339 65.218555333333356 839.87500000000011 4924.3125000000009 1624.5000000000002 131993.35416666669 16895.416666666668 76.114935000000017 33867.500000000007 114509.50000000001 -10.361458333333331 1241.8333333333337 63.704059565231027 50753.000000000007 33742.500000000007 2257.0000000000005 65.158984430170236 4141.8958333333348 1.4444146861547489 17426.475499930977 -0.84921817265994537 1565.5000000000002 1280.5000000000002 2062.5000000000005 18749.500000000004 0.46472317204376884 111350.00000000001 23208.000000000004 227.50000000000003 97627.500000000015 1.1565133129809799 100346.50000000001 23818.500000000004 97.510710000000003 21725.000000000004 6.5000000000000009 83491.500000000015 61.75255473737959 32974.500000000007 16698.500000000004 4295.5833333333339 106351.50000000001 -225.49999999999997 696.18750000000011 66.132114683232174 1139.4583333333335 1397.6458333333337 0.87900005428953576 117033.50000000001 120715.00000000001 1.4659460287190229 25675.500000000004 2197.5208333333339 28341.500000000004 68.475151584439146 2.864446918904052 67.815885000000009 33179.000000000007 78.88113300000002 1522.0000000000002 18145.000000000004 63.704059565231027
decision_type=2 2 2 2 2 2 2 2 2 2 2 2 2 2 2 2 2 2 2 2 2 2 2 2 2 2 2 2 2 2 2 2 2 2 2 2 2 2 2 2 2 2 2 2 2 2 2 2 2 2 2 2 2 2 2 2 2 2 2 2 2 2
left_child=6 5 -3 7 -5 10 24 30 11 -10 -2 12 -9 15 29 19 25 27 -17 26 31 22 -21 34 38 58 33 28 -14 -13 -4 -20 -32 36 35 -22 -8 -31 52 40 50 45 -43 44 -34 46 -38 51 -39 -50 -40 -45 57 -54 -51 -15 -57 61 -16 60 -47 -1
right_child=1 2 3 4 -6 -7 13 8 9 -11 -12 14 17 55 16 18 -18 -19 20 21 23 -23 -24 -25 -26 -27 -28 -29 -30 37 32 -33 43 -35 -36 -37 41 48 39 -41 -42 42 -44 47 -46 59 -48 -49 49 54 -52 -53 53 -55 -56 56 -58 -59 -60 -61 -62 -63
leaf_value=-95.350035428641718 46.423132838421864 31.856720697589182 7.0820105719519084 32.513063293904146 15.684874777689137 34.643218298797578 0.10433214604901948 25.838321022599509 1.4157819998594285 28.011147951011967 52.022492015978258 10.43850017936259 6.4726352856333857 -41.23294807928162 -3.8952095485424412 22.567193985726707 10.993892589845789 7.5290651496636567 9.0894017419345765 0.55961382904405554 1.3239217739522977 -2.0960395254465234 31.991553539302036 1.1881967674101039 1.1100221351118311 6.7724750804442566 0.76301202747872265 -3.4667607140534726 -0.29359977810608079 0.49984650343351689 3.9131879203965223 1.0932682753698872 -16.614590487179324 1.3799493477633693 0.52223076157088899 -2.8172798527445222 0.72653623948777701 -3.1530000892144838 -6.8663453089673778 3.0612260391591226 1.6775972513506381 -0.68063593653555321 1.8274332491449956 -0.10176731329212647 7.7995788463246152 -4.9153357145435903 -5.5878649353470022 0.29918538340692286 0.64278359737086599 -1.0461931706590335 -56.929463052456477 -16.849854561878804 4.4740183786036818 -76.629099267587335 -0.18455100134287156 -82.748573839596631 0.29694158217014843 -18.634558744129254 0.24055272926003454 -21.224672790961254 -52.384492096140882 -94.498023568284935
leaf_weight=3876 42 31 38 21 22 29 30 21 29 26 37 20 27 389 24 21 32 37 20 20 26 24 20 33 36 28 33 35 21 29 35 20 40 22 33 99 20 126 20 26 20 37 20 21 27 20 55 23 21 52 249 225 22 66 20 64 26 33 20 339 33 84
leaf_count=3876 42 31 38 21 22 29 30 21 29 26 37 20 27 389 24 21 32 37 20 20 26 24 20 33 36 28 33 35 21 29 35 20 40 22 33 99 20 126 20 26 20 37 20 21 27 20 55 23 21 52 249 225 22 66 20 64 26 33 20 339 33 84
internal_value=-0.00136124 0.00359762 0.00224907 0.001791 0.0136427 0.016679 -0.0023466 0.00126497 0.0029097 0.0111071 0.0204804 0.002023 0.0059107 -0.000925148 0.000540177 1.29709e-05 0.00446686 0.00397169 0.00246331 -0.000900313 0.00166162 0.00397816 0.00740648 0.00043956 -0.00279619 0.00153953 -0.00141849 0.00129964 0.00442827 -0.000973518 -0.00101198 0.00740648 -0.00145513 -0.00174449 -0.000702088 -0.00177458 -0.00196535 -0.00153567 -0.00284229 -0.00175183 -0.00236596 -0.00219233 0.000105078 -0.00191907 8.94181e-05 -0.00247913 -0.000559255 -0.00243032 -0.00202647 -0.000708916 -0.00276477 -0.00274279 -0.00292568 -0.00160045 -0.00212205 -0.00274264 -0.00163152 -0.0029541 -0.00156463 -0.00283856 -0.00180791 -0.00296887
internal_weight=6995 1159 1051 1020 43 108 5836 977 568 55 79 513 141 1404 372 925 104 120 252 673 231 64 40 191 4432 72 609 83 48 268 409 40 371 576 158 125 554 248 4396 315 289 524 57 336 67 467 75 269 219 93 269 246 4081 88 72 479 90 3993 44 392 53 3960
internal_count=6995 1159 1051 1020 43 108 5836 977 568 55 79 513 141 1404 372 925 104 120 252 673 231 64 40 191 4432 72 609 83 48 268 409 40 371 576 158 125 554 248 4396 315 289 524 57 336 67 467 75 269 219 93 269 246 4081 88 72 479 90 3993 44 392 53 3960
is_linear=0
shrinkage=0.03


Tree=49
num_leaves=63
num_cat=0
split_feature=35 38 36 47 26 49 46 10 42 12 61 51 38 50 50 44 10 18 20 24 70 48 64 18 48 5 44 53 60 52 59 56 38 5 24 66 3 41 66 20 51 49 38 65 5 25 22 15 15 10 26 54 25 21 34 20 26 34 44 36 5 61
split_gain=38.1225 16.8513 7.52667 7.43939 6.36913 5.62922 5.47919 6.03181 5.11558 3.75446 3.35932 2.75747 2.46972 2.02643 1.98067 2.49796 1.8313 2.24267 1.75925 1.6947 2.51219 1.66288 1.45324 2.10981 1.18199 1.17191 1.1093 1.05165 1.96682 1.04015 0.88082 1.91137 2.67714 0.713959 1.62567 0.59322 0.570269 0.685118 0.536372 0.500384 1.01995 0.558688 0.442505 0.365276 0.36109 0.677631 0.328276 0.303574 0.817569 0.251942 0.532487 0.228866 1.14079 0.169202 0.16006 0.151828 0.150208 0.138823 0.129915 0.117774 0.0376682 0.282146
threshold=29617.000000000004 22766.104166666672 23552.500000000004 350.50000000000006 66.649984562500023 230.50000000000003 33777.666666666679 0.87900005428953576 59129.854166666672 116911.50000000001 640.50000000000011 1349.5000000000002 15383.958333333334 1341.0833333333337 2404.8958333333339 32340.500000000004 0.87900005428953576 22.375000000000004 -10.361458333333331 82.379243000000017 122592.43750000001 82.500000000000014 4351.0000000000009 -5.5249999999999995 220.50000000000003 1.5000000000000002 32556.500000000004 842.50000000000011 1330.0000000000002 1816.5000000000002 739.50000000000011 4285.5000000000009 25956.916666666668 1.0000000180025095e-35 90.709035000000014 462.56250000000006 64.79318542647114 43195.500000000007 946.81250000000011 26.456250000000001 1836.5000000000002 88.500000000000014 22475.083333333339 1974.5000000000002 1.0000000180025095e-35 72.341017000000008 -1.0000000180025095e-35 4902.9644940267963 4685.0726549797209 0.74305326206722599 67.795441666666676 2090.4166666666674 89.029785000000018 3.6706754685677914 -0.89165538268033007 2.7187500000000004 70.621859437500021 2.4352807397764065 33890.500000000007 13001.500000000002 1.5000000000000002 588.50000000000011
decision_type=2 2 2 2 2 2 2 2 2 2 2 2 2 2 2 2 2 2 2 2 2 2 2 2 2 2 2 2 2 2 2 2 2 2 2 2 2 2 2 2 2 2 2 2 2 2 2 2 2 2 2 2 2 2 2 2 2 2 2 2 2 2
left_child=1 12 3 19 8 10 14 13 18 -6 -5 -12 51 25 30 43 21 27 -2 20 24 -14 23 -11 -3 -8 -19 28 -18 36 31 56 -33 34 42 -32 -21 -38 -29 41 -41 -35 54 -16 45 -37 -24 48 -46 57 -51 -1 -53 -40 -23 -52 -4 58 59 -43 61 -61
right_child=4 2 6 5 9 -7 7 -9 -10 22 11 -13 16 -15 15 -17 17 26 -20 29 -22 33 46 -25 -26 -27 -28 38 -30 -31 35 32 -34 39 -36 44 37 -39 53 40 -42 49 -44 -45 47 -47 -48 -49 -50 50 55 52 -54 -55 -56 -57 -58 -59 -60 60 -62 -63
leaf_value=-98.096791437892463 44.409008907755926 -0.55175853000183828 0.1134512158446806 6.0175767650273055 22.105510856955693 4.8705174454992255 10.022266378126202 27.337162303493777 31.43553899772413 19.08446200816892 24.66379402141272 40.333312150401881 1.9239001144184575 39.826164287917102 0.36333754087502218 12.618833126250662 7.6544444850168656 0.068912331122159096 52.703225562991733 -0.98065906222095289 31.031806933123004 0.079422467888040985 -2.6762358718292512 2.2543267180910349 3.2802640907283998 -7.5104481180814826 7.177354999064228 0.6438274295101557 -3.6144710540083222 5.9434595147511695 9.064546142738692 -3.8306116237517021 25.353105494228139 0.97741283249216382 1.2960206163490653 -37.589599169816026 0.84685690439609695 -8.3003697551925537 -6.9704398159715284 0.98751628414913029 -50.409654206355164 -3.6711119201112887 0.53849513924605141 -2.1535681640107942 -1.5135765031064399 6.463229519745151 4.58261673676905 -7.9885990041824009 0.61076781541105774 0.30465862505096553 -9.4082342092859399 -49.04534491231955 8.5816065639621648 0.21241255412780788 -20.740501446061035 -8.7133917126742251 -4.8213743130685804 -53.066702485080164 -4.3044244448420486 0.37738418269840035 -49.244634080850091 -49.457315938749545
leaf_weight=3628 39 35 20 20 34 33 38 29 22 23 23 29 23 26 29 25 28 25 23 76 20 20 22 23 38 51 26 31 34 23 20 32 26 23 29 28 20 24 124 20 30 28 23 25 45 20 22 404 20 27 20 157 25 20 91 72 69 23 25 25 857 105
leaf_count=3628 39 35 20 20 34 33 38 29 22 23 23 29 23 26 29 25 28 25 23 76 20 20 22 23 38 51 26 31 34 23 20 32 26 23 29 28 20 24 124 20 30 28 23 25 45 20 22 404 20 27 20 157 25 20 91 72 69 23 25 25 857 105
internal_value=-0.00138697 -0.00177513 0.00137249 0.0051715 0.011259 0.0118173 -5.29166e-05 0.00530881 0.0176575 0.0068896 0.0165187 0.0205566 -0.00248488 0.0021894 -0.00106932 0.0034134 -0.00154069 0.000635195 0.0220773 0.00219822 0.00534909 -0.00197766 0.0036293 0.00735358 0.00270862 0 0.00634051 -0.000582034 0.00275362 0.000125785 -0.00159187 0.000448674 0.00469879 -0.00210916 -0.000220724 -0.00215602 -0.000974189 0.00170068 -0.00178184 -0.002352 0.000538921 -0.00247448 -0.00163311 -0.000166359 -0.00235544 6.23693e-05 -0.000204082 -0.00260925 -0.000645162 -0.00256577 -0.00120907 -0.00291252 -0.00182867 -0.00256072 -0.00243024 -0.0023127 -0.00228956 -0.0027147 -0.00276608 -0.00281943 -0.00287509 -0.00228286
internal_weight=6995 6787 1248 341 208 105 907 144 84 124 72 52 5539 115 763 79 1729 288 62 236 93 1441 90 46 73 89 51 237 62 143 684 147 58 1418 163 537 120 44 175 1255 50 1205 134 54 517 48 44 469 65 1182 119 3810 182 144 111 92 89 1063 1040 1015 987 130
internal_count=6995 6787 1248 341 208 105 907 144 84 124 72 52 5539 115 763 79 1729 288 62 236 93 1441 90 46 73 89 51 237 62 143 684 147 58 1418 163 537 120 44 175 1255 50 1205 134 54 517 48 44 469 65 1182 119 3810 182 144 111 92 89 1063 1040 1015 987 130
is_linear=0
shrinkage=0.03


Tree=50
num_leaves=63
num_cat=0
split_feature=38 26 37 42 70 17 66 62 36 65 33 2 48 5 37 7 19 38 10 64 58 26 16 40 38 21 37 21 18 28 44 5 58 11 38 10 32 3 44 0 5 41 32 28 56 16 60 5 1 31 21 31 5 31 24 27 22 50 16 43 1 15
split_gain=35.9691 21.5077 8.17277 4.9011 4.60951 4.4993 4.41038 3.74547 3.64159 3.43928 3.33064 4.77857 3.22208 6.79885 3.13463 2.61514 2.57994 2.42286 2.15076 2.42145 2.52451 2.17302 1.21519 1.77721 1.2713 1.03427 0.927572 1.50064 0.8561 0.839558 0.809383 0.787946 1.45696 0.710446 0.578825 0.470588 0.600307 0.424669 0.434103 0.421349 0.411456 0.765365 0.373101 0.313635 0.572455 0.278854 0.56912 0.246965 0.230955 0.217493 0.208222 0.405536 0.194504 0.693397 1.95025 0.367831 0.345714 0.135223 0.276951 0.13397 0.122067 0.185493
threshold=24390.437500000004 65.218555333333356 18139.500000000004 58728.625000000007 104356.62500000001 -11.774999999999999 4899.4166666666679 945.20833333333337 22851.500000000004 1039.5000000000002 1.6441191761379914 81.798932000000022 131.50000000000003 2.5000000000000004 22201.000000000004 14.500000000000002 -2.6249999999999996 29894.458333333336 0.74305326206722599 1181.5000000000002 4453.354166666667 67.137470062500014 4632.0000000000009 55767.000000000007 30183.791666666668 2.8621324634268261 29263.000000000004 3.2119193042213334 22.075000000000006 0.85355250000000293 33841.500000000007 1.0000000180025095e-35 4152.6458333333348 87598.500000000015 19902.895833333336 1.0000000180025095e-35 65.354671961815498 68.855247053115974 33841.500000000007 125883.50000000001 5.5000000000000009 42322.500000000007 62.649674168012488 -0.52537699999999876 108.50000000000001 -548.49999999999989 1624.5000000000002 1.0000000180025095e-35 28.375000000000004 54.166940803832304 2.4979293947508254 61.611007462692271 1.0000000180025095e-35 60.678510248335847 81.300510000000017 6.4977204273321734 0.49999999999999989 1028.2708333333335 -919.99999999999989 31578.500000000004 -0.97499999999999987 5422.0451293151473
decision_type=2 2 2 2 2 2 2 2 2 2 2 2 2 2 2 2 2 2 2 2 2 2 2 2 2 2 2 2 2 2 2 2 2 2 2 2 2 2 2 2 2 2 2 2 2 2 2 2 2 2 2 2 2 2 2 2 2 2 2 2 2 2
left_child=4 3 6 16 30 15 9 -6 14 -3 17 -12 13 -9 -7 -4 -2 -11 31 21 47 -20 24 -24 26 -23 37 -28 -27 -13 34 32 45 -15 42 60 40 38 43 -39 49 -42 52 44 -10 -14 -47 -21 -25 -37 51 -46 53 55 56 -1 -55 -54 -59 -51 61 -33
right_child=1 2 5 -5 7 8 -8 12 22 10 11 29 18 33 -16 -17 -18 -19 19 20 -22 25 23 48 -26 28 27 -29 -30 -31 -32 35 -34 -35 -36 36 -38 39 -40 -41 41 -43 -44 -45 50 46 -48 -49 -50 59 -52 -53 57 54 -56 -57 -58 58 -60 -61 -62 -63
leaf_value=2.8252744276370327 44.585055936852669 -3.8578848185929084 24.321344230938131 40.091663365728053 42.38122180923596 7.289893513138793 30.273782445647715 30.835190022049925 0.24235577902360539 -1.7283890935806538 4.329600128574568 38.631379359279542 -5.6680994522581614 4.192166975388826 -1.1607004185664043 0.1295224898470429 20.685355989830629 16.196192933280059 2.6826085097702932 -0.19239830196697533 6.3696405361790713 -0.90645461175357911 12.278428755025978 -2.3253440772124638 5.9817721538388877 -0.02037356502188294 -3.3941712519966707 9.8178327564188361 4.2400025534350387 17.407434819037761 2.3669857959561864 -15.229242953649509 1.8134016078247015 -2.7297146913522075 0.27259049941272029 -0.01999170358768193 0.5654927205330349 -0.60546899333257098 6.8094120933585742 0.53899373288978214 -2.0852881767337759 1.7926228467153325 -1.1772995554045933 -2.3652246882538086 0.49537405329628198 0.4477160756325731 -15.231714203149643 -6.0478035065798306 0.60377565147664025 -0.74383288427727934 -16.015702094382412 -3.9100120900110924 -84.814462846012248 -67.687545412373169 9.8853975098229405 -67.056365303341764 1.5538185970871867 0.75274242240580691 -44.448968691605707 -26.906681846329093 -50.77404445592645 0.34058017875066882
leaf_weight=23 47 37 24 30 27 29 27 24 24 40 30 26 60 20 23 22 21 21 20 30 30 32 39 26 23 21 39 24 37 20 28 35 30 50 39 29 24 23 24 20 25 23 22 249 20 22 26 152 20 25 71 25 3641 82 22 521 20 20 39 173 573 26
leaf_count=23 47 37 24 30 27 29 27 24 24 40 30 26 60 20 23 22 21 21 20 30 30 32 39 26 23 21 39 24 37 20 28 35 30 50 39 29 24 23 24 20 25 23 22 249 20 22 26 152 20 25 71 25 3641 82 22 521 20 20 39 173 573 26
internal_value=-0.00139984 0.00379357 0.00237447 0.017156 -0.00229104 0.000885394 0.0077275 -0.000857936 0.000265056 0.00594486 0.00814004 0.012339 -0.00106113 0.00430393 0.00788867 0.00995662 0.02163 0.00284779 -0.0014256 0.000717168 -0.00114569 0.00433242 -0.000363579 0.00296122 -0.00089098 0.00229745 -0.00120208 0.002187 0.00469879 0.0184165 -0.00277714 -0.00207264 2.17227e-05 -0.000385165 -0.0028096 -0.0023856 -0.00138415 -0.00167726 -0.00197531 0.00111369 -0.00178844 0.00068607 -0.00284208 -0.00222051 -0.00104925 -0.00158187 6.23693e-05 -0.00248764 -0.00097614 -0.00232497 -0.00193799 -0.000266076 -0.00286189 -0.00236641 -0.000314263 -0.00282852 -0.00208619 -0.00295046 -0.00142132 -0.00268047 -0.00285286 -0.001473
internal_weight=6995 1024 926 98 5971 725 201 1514 679 174 137 76 1487 94 52 46 68 61 1393 322 212 110 627 85 542 90 519 63 58 46 4457 1071 138 70 4429 933 299 456 413 43 275 48 4390 389 140 108 48 182 46 227 116 45 4368 668 124 544 102 3700 59 198 634 61
internal_count=6995 1024 926 98 5971 725 201 1514 679 174 137 76 1487 94 52 46 68 61 1393 322 212 110 627 85 542 90 519 63 58 46 4457 1071 138 70 4429 933 299 456 413 43 275 48 4390 389 140 108 48 182 46 227 116 45 4368 668 124 544 102 3700 59 198 634 61
is_linear=0
shrinkage=0.03


Tree=51
num_leaves=63
num_cat=0
split_feature=38 17 65 37 58 38 10 58 39 38 33 24 49 63 25 7 62 20 57 0 7 30 28 22 34 16 19 5 52 19 5 64 43 66 19 4 25 62 49 54 46 31 66 65 15 46 16 52 48 55 28 27 18 2 24 33 21 52 20 33 33 0
split_gain=34.7385 17.7385 7.37578 7.12127 6.25547 4.7901 3.70781 4.98481 3.46637 3.33195 2.80923 3.84999 2.64431 1.99072 2.33125 1.989 1.71593 1.49953 1.31287 2.21695 1.27364 1.21614 0.936906 0.927631 1.77427 0.803027 0.790514 0.752393 1.00509 1.16595 0.741515 0.711185 0.689732 0.677229 1.75191 0.675758 1.40182 0.667807 0.64137 0.59199 1.81297 0.54462 1.51849 0.453673 0.363158 0.355701 0.834108 1.24721 0.454843 0.332419 0.313869 0.449938 0.255898 0.235393 0.199133 0.191034 0.175159 0.0826 0.318226 0.0713435 0.660826 0.0354441
threshold=23684.583333333339 -12.974999999999998 4129.0000000000009 14381.500000000002 746.97916666666686 30183.791666666668 0.35201941816566318 4924.3125000000009 55146.000000000007 16806.791666666668 1.8656610044038298 85.285190000000014 375.50000000000006 1697.5000000000002 86.363725000000002 10.500000000000002 961.70833333333337 -11.271874999999998 12.500000000000002 122117.50000000001 22.500000000000004 62.079177798194671 -0.52537699999999876 1.1750000000000009 -1.1096401330093071 4875.0000000000009 21.475000000000005 1.0000000180025095e-35 955.50000000000011 21.575000000000006 1.5000000000000002 192.50000000000003 33875.000000000007 976.68750000000011 22.475000000000005 13.500000000000002 77.475430000000003 2109.5833333333335 219.50000000000003 2197.5208333333339 28928.208333333336 55.748189860444462 2923.5000000000005 4524.5000000000009 17032.225944144044 32745.875000000004 3678.0000000000005 836.50000000000011 82.500000000000014 10221.000000000002 -5.415922000000001 10.74907218507429 -0.97499999999999987 70.524830000000023 86.833815000000016 1.3644039283361507 1.2010590658223237 743.50000000000011 6.2885416666666671 2.9314937315072092 3.133119028881191 84046.000000000015
decision_type=2 2 2 2 2 2 2 2 2 2 2 2 2 2 2 2 2 2 2 2 2 2 2 2 2 2 2 2 2 2 2 2 2 2 2 2 2 2 2 2 2 2 2 2 2 2 2 2 2 2 2 2 2 2 2 2 2 2 2 2 2 2
left_child=9 2 -2 -3 -5 6 17 10 -7 32 30 15 16 14 -13 -12 -11 -6 19 22 23 -22 -19 27 -25 50 -24 28 -18 -30 -8 -20 39 34 -29 -17 53 -27 -26 45 -41 42 -35 -32 61 -1 48 -48 -47 54 51 -14 -44 -37 56 -50 -33 58 -57 -52 -61 -43
right_child=1 3 -4 4 5 8 7 -9 -10 12 11 13 25 -15 -16 35 20 18 31 -21 21 -23 26 24 38 37 -28 33 29 -31 43 49 -34 41 -36 36 -38 -39 -40 40 -42 44 52 -45 -46 46 47 -49 55 -51 59 -53 -54 -55 -56 57 -58 -59 -60 60 -62 -63
leaf_value=-89.755904737565587 19.693579476406715 24.513958230551523 44.254847442379578 34.972113080799431 5.5463343794021283 5.5180950824238471 20.837002208897694 26.424848345643287 27.573990001948978 18.808115372969411 8.3227026578406313 7.5272376039435578 -8.7161473579595583 9.0058713697415165 -0.033493235014876797 -3.0495188776310824 -4.1204451308638461 13.900866568559751 5.1376264163399945 30.810262253369878 29.175797024467794 0.18525762479229005 -9.4398267693247515 3.9223354229726359 -0.51268158998688884 -1.0336817368865625 12.546223553393718 0.91321861874359156 0.64761694052557661 -0.2441162317290998 -2.8475661317038585 -0.31550207944529118 3.204118616553457 1.7138942844234424 -7.2768729386801665 0.52628104924014041 5.6065593874393267 0.72786565155497418 2.4777883625686421 5.6018005550230168 -65.908647133296611 -1.3777426485533835 -0.15621532853338391 1.890906181427364 0.59230910469339182 0.68019647106214254 4.7326437259116005 -33.25761250435864 -3.560904843327513 3.9169677655665773 -40.858206322932062 0.87772202255351117 -11.768408456960817 -2.8404877084159694 -3.4646408436868481 -59.139661078231519 -8.0614959252554002 -65.753037966466749 4.3147119136569447 1.513762459122221 -70.988692664269635 -15.421350298101768
leaf_weight=3665 39 28 45 34 30 32 26 20 30 24 31 26 33 21 22 45 27 26 25 23 20 26 90 20 32 26 22 25 29 25 99 21 21 31 32 20 21 21 28 25 69 20 25 24 21 28 20 23 37 20 494 28 71 27 34 59 278 438 20 20 122 231
leaf_count=3665 39 28 45 34 30 32 26 20 30 24 31 26 33 21 22 45 27 26 25 23 20 26 90 20 32 26 22 25 29 25 99 21 21 31 32 20 21 21 28 25 69 20 25 24 21 28 20 23 37 20 494 28 71 27 34 59 278 438 20 20 122 231
internal_value=-0.00142986 0.00331291 0.0165874 0.00227142 0.00186802 0.00143915 0.000908421 0.0031955 0.00951691 -0.0023723 0.0023778 0.00458939 -0.00111103 0.0104197 0.00692308 0.0017696 0.00022704 -0.000622036 -0.000990541 0.00126629 -5.42912e-05 0.00475054 -0.000152064 -0.000418085 0.00258427 -0.00235049 -0.00136485 -0.000871347 0.00177558 0.00415896 -0.000764588 -0.0019598 -0.00278132 -0.00134839 0.00168126 -5.30511e-05 0.00180617 0.00140127 0 -0.00280765 -0.000414453 -0.00178903 -0.000141621 -0.00175467 -0.00254686 -0.00285937 -0.00217885 0.00180974 -0.00247896 -0.00231096 -0.00260795 -0.000490999 -0.00202914 -0.00101911 -0.00253978 -0.00266919 -0.00278837 -0.00281957 -0.00182048 -0.00280616 -0.0021323 -0.00286738
internal_weight=6995 1159 84 1075 1047 1013 951 382 62 5836 362 213 1431 69 48 144 687 569 539 161 663 46 138 617 80 744 112 537 81 54 149 378 4405 456 57 113 68 47 60 4384 94 399 127 123 272 4290 625 43 582 353 697 61 96 47 333 554 299 517 79 636 142 251
internal_count=6995 1159 84 1075 1047 1013 951 382 62 5836 362 213 1431 69 48 144 687 569 539 161 663 46 138 617 80 744 112 537 81 54 149 378 4405 456 57 113 68 47 60 4384 94 399 127 123 272 4290 625 43 582 353 697 61 96 47 333 554 299 517 79 636 142 251
is_linear=0
shrinkage=0.03


Tree=52
num_leaves=63
num_cat=0
split_feature=35 38 26 30 70 42 17 39 58 59 55 19 19 50 1 36 1 38 49 69 48 26 35 5 24 30 20 17 44 57 50 30 58 17 17 42 66 49 55 50 54 27 60 2 21 22 66 17 58 21 63 1 5 29 43 43 43 21 66 59 59 37
split_gain=35.911 13.7339 5.81965 5.65674 7.3586 4.54313 3.6694 3.1898 3.58489 2.80298 2.75311 2.75034 2.70173 2.34181 5.12412 1.97224 4.1568 1.64669 1.62324 2.22524 1.41249 1.30242 1.29519 1.2167 1.79627 3.07339 1.19012 3.06663 3.24795 1.12212 1.09005 1.65167 1.06855 1.03244 0.927802 2.10331 0.907704 0.883081 0.639528 0.551474 0.477394 1.27054 0.418846 0.333464 0.677631 0.331341 0.321975 0.299536 0.257707 0.264332 0.174832 0.199701 0.174506 0.169829 0.164808 0.142262 0.14021 0.132586 0.571519 0.0998065 0.214627 0.0610228
threshold=29617.000000000004 21954.166666666672 66.649984562500023 62.079177798194671 122592.43750000001 59129.854166666672 -11.774999999999999 44218.500000000007 1508.4375000000002 719.50000000000011 22.500000000000004 -0.97499999999999987 -5.9749999999999988 2404.8958333333339 24.125000000000004 21853.000000000004 23.075000000000006 15383.958333333334 219.50000000000003 131587.00000000003 131.50000000000003 85.91733172916669 25269.500000000004 2.5000000000000004 75.98955500000001 63.85781894423814 24.093750000000004 22.825000000000006 32524.500000000004 84.500000000000014 396.27083333333343 61.150558780542625 3535.6041666666674 19.775000000000002 -0.72499999999999987 38811.520833333336 2291.6250000000005 184.50000000000003 9561.0000000000018 1399.0208333333335 2090.4166666666674 16.504650616901333 1059.5000000000002 76.315037500000017 2.7348387612949958 1.5000000000000007 1035.7708333333337 21.275000000000002 4712.6250000000009 1.1565133129809799 271.50000000000006 24.025000000000002 1.5000000000000002 62.985818092556947 33875.000000000007 28122.500000000004 31536.000000000004 1.3731266739992116 2594.604166666667 511.50000000000006 449.00000000000006 26825.000000000004
decision_type=2 2 2 2 2 2 2 2 2 2 2 2 2 2 2 2 2 2 2 2 2 2 2 2 2 2 2 2 2 2 2 2 2 2 2 2 2 2 2 2 2 2 2 2 2 2 2 2 2 2 2 2 2 2 2 2 2 2 2 2 2 2
left_child=1 17 5 4 7 9 -5 30 -9 -2 11 -4 -10 15 -15 16 29 40 -14 22 21 33 -20 24 43 -26 34 28 47 56 42 -32 -27 -19 35 -22 -37 -12 -16 -39 61 53 -3 -17 -45 52 -34 -28 49 -25 51 -36 -29 -42 -38 -52 -8 58 -57 60 -51 -1
right_child=2 3 10 6 -6 -7 13 8 12 -11 37 -13 18 14 38 23 -18 20 19 -21 26 -23 -24 48 25 32 27 45 -30 -31 31 -33 46 -35 50 36 54 39 -40 -41 41 -43 -44 44 -46 -47 -48 -49 -50 59 55 -53 -54 -55 -56 57 -58 -59 -60 -61 -62 -63
leaf_value=-90.699791554685092 32.833270171415961 -8.2730460563126318 2.3344836330687229 27.306226036677462 29.454502381219299 28.698915542528326 -0.23953434074030383 38.725257477046803 14.891573389765009 41.173501218838737 -2.6545430733870816 27.107649235517478 -2.5486113273611424 25.051218784231157 -1.0104290470971122 -2.1983427998765759 6.4479462838987853 4.049333348258493 3.4747595468594361 -1.5443775644541549 3.1599777013863073 2.6750176951816651 2.1841395838206403 -0.1585624874542152 11.57512659893422 13.079688770681082 0.11410263336544353 -0.25865517775669483 4.3861129115773831 3.5593326075360991 18.305846293132031 -20.303485879692229 0.45012837238796644 -3.0625818100345796 0.74552484941104213 4.3297970883537635 -35.378614871532534 5.7847397668996408 4.1181907322810227 1.8201350504308345 -78.501689663028785 6.5288486354593358 0.32906936906810663 -3.6390514779762637 3.888158853384915 2.0109533164280666 -6.918638346593446 -0.12116141249796571 3.9152705296009871 -4.7725298613958325 -2.9476146601422806 -72.718178330650815 -42.294422473415928 -1.7561941968358166 -2.8293300759347053 0.73586017538316728 -2.5134909753555292 -39.473838085684363 -27.589722788859394 -10.892926788135252 -0.037092026727019133 -84.944841694095331
leaf_weight=3522 23 89 22 22 29 22 21 20 21 39 25 30 37 26 47 143 36 21 26 23 20 25 24 28 20 38 20 20 31 33 20 22 26 55 20 20 106 23 21 24 127 35 35 28 20 20 60 30 26 43 24 20 154 20 20 21 68 809 77 387 25 106
leaf_count=3522 23 89 22 22 29 22 21 20 21 39 25 30 37 26 47 143 36 21 26 23 20 25 24 28 20 38 20 20 31 33 20 22 26 55 20 20 106 23 21 24 127 35 35 28 20 20 60 30 26 43 24 20 154 20 20 21 68 809 77 387 25 106
internal_value=-0.00144701 -0.00182375 0.0108265 0.000747899 0.00409997 0.0169441 -0.000287095 0.00276253 0.00591661 0.0211111 0.00664786 0.0119194 0.00407323 -0.000533711 0.00398512 -0.000960983 0.00210626 -0.00253161 0.00215259 0.0047606 -0.00168925 0.00172107 0.00832335 -0.00153892 -0.000125336 0.00239417 -0.00193542 -0.000152672 0.00473489 -0.000515971 -9.03078e-05 0.00406176 0.000604351 -0.00019711 -0.00236391 -0.000270922 -0.00154004 0.00278779 -0.000308371 0.00522293 -0.00286528 -0.00133443 -0.00152297 -0.00204082 6.23693e-05 -0.0022102 -0.00121951 0 -0.00246317 -0.00262058 -0.00271857 -0.000673317 -0.00263642 -0.00256968 -0.00249802 -0.00280314 -0.00228956 -0.00286407 -0.00174312 -0.00279499 -0.00162996 -0.00294121
internal_weight=6995 6787 208 1464 346 84 1118 317 151 62 124 52 131 1096 94 1002 158 5323 110 73 1513 101 50 844 335 144 1412 275 81 122 166 42 124 76 1137 166 146 72 68 47 3810 182 124 191 48 194 86 50 509 483 971 40 174 147 126 931 89 907 98 455 68 3628
internal_count=6995 6787 208 1464 346 84 1118 317 151 62 124 52 131 1096 94 1002 158 5323 110 73 1513 101 50 844 335 144 1412 275 81 122 166 42 124 76 1137 166 146 72 68 47 3810 182 124 191 48 194 86 50 509 483 971 40 174 147 126 931 89 907 98 455 68 3628
is_linear=0
shrinkage=0.03


Tree=53
num_leaves=63
num_cat=0
split_feature=35 38 36 47 26 1 42 44 58 7 70 20 38 10 5 10 44 68 54 3 55 7 68 47 5 30 64 21 65 13 48 36 65 41 55 0 58 63 20 43 60 54 10 30 2 2 1 66 50 58 35 62 20 15 43 14 43 27 0 0 20 58
split_gain=33.2803 14.2878 7.988 8.24971 5.96984 5.70678 4.26954 4.15514 2.992 2.7313 2.69091 2.48073 2.28514 2.11105 3.35897 1.95808 2.96344 3.42992 2.69429 1.57494 1.47527 1.40626 1.34343 1.13443 1.10191 1.50999 2.50478 1.03171 0.942541 0.898911 0.86785 1.03947 0.86046 1.15389 0.68407 1.33265 1.46521 0.571513 0.549075 0.923424 0.504745 0.467998 1.49317 0.455754 0.387834 0.354834 0.334209 0.789868 0.321863 0.294493 0.269912 0.252455 0.206006 0.170234 0.161735 0.153486 0.143633 0.142853 0.102235 0.0995474 0.0987185 2.04188
threshold=29617.000000000004 22921.625000000004 23552.500000000004 366.50000000000006 66.649984562500023 -11.774999999999999 59129.854166666672 32630.500000000004 4914.0625000000009 19.500000000000004 119178.81250000001 -10.361458333333331 15338.187500000002 0.46472317204376884 1.5000000000000002 0.87900005428953576 32524.500000000004 99041.000000000015 1705.9791666666667 61.203442825267352 22.500000000000004 9.5000000000000018 124794.50000000001 184.50000000000003 1.0000000180025095e-35 60.611335332659159 2577.5000000000005 2.6913995729048716 5278.0000000000009 109234.50000000001 97.500000000000014 16266.500000000002 1208.5000000000002 45373.500000000007 2164.5000000000005 122117.50000000001 3561.8750000000005 2150.5000000000005 26.456250000000001 32448.500000000004 3912.5000000000005 2090.4166666666674 0.87900005428953576 62.327032901371162 95.72173500000001 91.356087500000015 1.0750000000000004 2770.541666666667 215.04166666666671 4152.6458333333348 22887.000000000004 1815.8958333333335 24.64479166666667 11951.355702526382 33862.500000000007 97713.916666666672 28122.500000000004 8.0465130251635753 146437.50000000003 105171.00000000001 21.602083333333336 4249.6458333333348
decision_type=2 2 2 2 2 2 2 2 2 2 2 2 2 2 2 2 2 2 2 2 2 2 2 2 2 2 2 2 2 2 2 2 2 2 2 2 2 2 2 2 2 2 2 2 2 2 2 2 2 2 2 2 2 2 2 2 2 2 2 2 2 2
left_child=1 12 3 8 6 -4 11 9 23 -5 -6 -2 41 34 27 24 52 18 -18 37 22 -16 -12 -3 25 57 43 -15 49 -22 31 -26 33 -25 35 40 -37 -19 46 -40 45 54 53 -27 51 48 47 -32 -7 -23 55 -34 -17 -43 60 -49 -48 -14 -36 -33 -1 -62
right_child=4 2 5 7 10 13 -8 -9 -10 -11 20 -13 15 14 21 16 17 19 -20 -21 29 28 -24 32 30 26 -28 -29 -30 -31 38 59 44 -35 58 36 -38 -39 39 -41 -42 42 -44 -45 -46 -47 56 50 -50 -51 -52 -53 -54 -55 -56 -57 -58 -59 -60 -61 61 -63
leaf_value=-98.164220862972471 39.176336502581179 2.197681553034966 26.344632886925339 3.4767191548503611 29.168730292300715 -0.69744543475414489 27.837948076252456 49.378572785489787 27.906446142977675 9.3101851316742934 14.161661224642316 47.421892072059229 -0.5441344542859714 2.4976558522283128 4.6756031298805585 -27.262901013701335 6.5874038893732569 0.75495470598473291 4.1442075598724344 3.7251510509697141 -2.9942236400566764 -2.2965401997984682 0.94484568951795866 4.8128372662769028 3.0578031711850091 0.40867431805137194 2.0117582270095058 20.058426548424574 4.711102415167689 6.8692409202703821 0.71378437012164708 -12.292498859176439 -0.099449590233260235 -2.0048056664204141 -15.289561782391193 10.437178793008279 -0.8936944745845391 -5.01840701821249 -64.61157732888303 1.2268968883100386 9.5410637791280006 -66.340904563485182 8.0778830877577281 -20.869266659990512 0.1930883073076351 1.9967925805583229 -2.8591862203380516 -6.6674393325305523 -4.4254930360190636 0.021626673606833433 0.22960745446608721 -2.6844150524192703 -0.042429968297965963 -1.7035083709307888 -2.2474709045494552 -33.091545112973307 -37.364418527608663 -12.981433746174195 -4.5187476863681644 -0.23595095806675526 -48.86330172357291 6.5868221827601516
leaf_weight=3213 39 23 31 26 20 24 22 23 26 38 21 23 21 26 20 115 23 20 24 27 40 107 20 28 22 20 29 27 39 23 21 24 39 22 255 25 30 61 28 21 20 129 31 32 21 30 24 20 175 39 22 68 33 20 23 158 972 73 32 20 345 22
leaf_count=3213 39 23 31 26 20 24 22 23 26 38 21 23 21 26 20 115 23 20 24 27 40 107 20 28 22 20 29 27 39 23 21 24 39 22 255 25 30 61 28 21 20 129 31 32 21 30 24 20 175 39 22 68 33 20 23 158 972 73 32 20 345 22
internal_value=-0.00142128 -0.00178397 0.00119337 0.00530086 0.010394 -0.000269288 0.0165874 0.0131573 0.00227213 0.00912636 0.00616438 0.020628 -0.00242013 -0.000734896 0.00152266 -0.00153969 0.000653249 0.00355899 0.0103185 0.000582793 0.00417867 -0.000204779 0.00861314 0.00101442 -0.00198262 0.000239862 0.00325524 0.00824859 -0.00103728 0.00123613 -0.00227686 0.00104387 0.000185288 0.00353293 -0.0017256 -0.000720159 0.00348457 -0.00147966 -0.00245241 0.000610997 -0.00166198 -0.00284053 -0.00131594 -0.000633398 -0.0011007 -0.00206897 -0.00257826 -0.00149254 -0.00253139 -0.00215606 -0.00208396 -0.00184874 -0.00237002 -0.00257545 -0.00291582 -0.00247614 -0.00281598 -0.00232731 -0.00277952 -0.00156463 -0.00293204 -0.00241896
internal_weight=6995 6787 1194 314 208 880 84 87 227 64 124 62 5593 849 258 1810 303 155 47 108 104 205 41 201 1507 175 81 53 185 63 1332 66 178 50 591 304 55 81 1266 49 249 3783 180 52 128 229 1217 221 199 146 200 107 148 149 3603 178 996 94 287 44 3580 367
internal_count=6995 6787 1194 314 208 880 84 87 227 64 124 62 5593 849 258 1810 303 155 47 108 104 205 41 201 1507 175 81 53 185 63 1332 66 178 50 591 304 55 81 1266 49 249 3783 180 52 128 229 1217 221 199 146 200 107 148 149 3603 178 996 94 287 44 3580 367
is_linear=0
shrinkage=0.03


Tree=54
num_leaves=63
num_cat=0
split_feature=35 35 10 58 17 62 25 17 21 65 66 43 53 25 55 25 5 66 51 57 58 20 66 30 40 43 56 66 24 31 2 65 59 10 20 5 54 44 53 0 58 29 0 43 16 24 32 57 61 20 45 66 35 36 65 70 20 43 15 14 14 16
split_gain=31.0759 11.684 7.05499 7.00633 5.97734 3.87529 3.41753 4.58526 3.16791 3.16527 2.60453 2.77803 3.04056 2.212 2.16788 2.70343 1.79601 3.42983 4.59332 1.80105 1.65791 1.49443 1.25457 2.60144 1.1905 1.14919 1.12464 1.18275 1.11813 1.10767 1.17339 1.10533 0.978192 0.623807 1.69138 1.95412 1.147 0.825782 0.601789 0.457868 0.448593 0.393174 0.38385 0.36291 0.323875 0.296877 0.283416 0.545595 0.748421 0.214851 0.174316 1.62074 0.172217 0.169429 0.168095 0.164808 0.161918 0.094355 0.0736175 0.0359003 0.034933 0.0381668
threshold=29617.000000000004 18452.500000000004 0.56392291514228221 4924.3125000000009 -12.974999999999998 945.20833333333337 76.114935000000017 -11.074999999999998 1.8794240399525999 4192.5000000000009 1668.5208333333337 32202.500000000004 1347.5000000000002 77.024443000000005 3236.0000000000005 86.808593000000016 1.5000000000000002 2514.8333333333335 1158.5000000000002 1013.5000000000001 889.47916666666686 24.717708333333338 1644.1458333333335 63.263681648586761 38083.500000000007 32478.500000000004 14.500000000000002 832.04166666666686 77.894230000000007 58.275616870035897 79.354280000000003 3972.5000000000005 3801.0000000000005 0.87900005428953576 18.953125000000004 1.0000000180025095e-35 1107.1458333333337 33041.000000000007 1262.5000000000002 107142.50000000001 4141.8958333333348 68.203404069357106 96924.500000000015 33862.500000000007 5397.5000000000009 93.090295000000012 65.573755602780366 31.500000000000004 1064.0000000000002 -8.5416666666666643 32978.000000000007 2643.7708333333335 16780.500000000004 17366.500000000004 5022.0000000000009 126979.70833333334 25.230208333333341 33100.500000000007 4156.7884902975429 108474.95833333336 98018.520833333358 4632.0000000000009
decision_type=2 2 2 2 2 2 2 2 2 2 2 2 2 2 2 2 2 2 2 2 2 2 2 2 2 2 2 2 2 2 2 2 2 2 2 2 2 2 2 2 2 2 2 2 2 2 2 2 2 2 2 2 2 2 2 2 2 2 2 2 2 2
left_child=1 21 5 6 9 -3 22 -8 -6 -2 11 -9 -13 -10 15 -15 17 38 39 28 -12 33 23 -4 -23 -14 27 -18 -20 30 -29 -26 40 43 52 -36 -37 42 -7 -19 49 -40 -38 50 46 55 53 48 -48 -22 57 -52 -35 -28 -24 -31 -49 59 -55 -1 -60 -62
right_child=4 2 3 -5 8 16 7 10 13 -11 20 12 25 14 -16 -17 26 18 19 -21 32 24 54 -25 31 -27 44 29 -30 45 -32 -33 -34 34 35 36 37 -39 41 -41 -42 -43 -44 -45 -46 -47 47 56 -50 -51 51 -53 -54 58 -56 -57 -58 -59 60 -61 61 -63
leaf_value=-86.464611060994883 34.64047990014447 47.897215601925133 3.4605718415345357 27.195632712035938 25.042703363770801 0.26964808741005319 25.140651839393147 -0.9185223901231514 -7.36727614273945 44.180410212225112 18.71724317254818 5.4774310540653008 16.375905763029845 20.654218622572149 0.39818976081043062 3.9573351056970107 3.5605251022765576 -12.076197402719286 5.2563205060847933 13.132890547460825 -0.20430219161360241 3.9831067916086007 -7.0382607362006109 -1.892191524486452 -1.281826789751241 0.65961856211180592 -1.1825687770100963 -2.5031218474651107 4.9012112546441102 -21.108343501392962 24.103193310870871 2.0076838099097478 3.9355498167950165 -64.55755683327763 9.4047874235589166 5.5436783869719397 -26.225478970740586 3.4121975789377186 -11.044530474384896 1.91572788902614 4.174784782565145 0.083711231367560271 0.11861585621693357 0.88910746016483944 1.2033447435330895 0.43056744661297319 -1.1834974578254742 -0.26596768425215517 8.0111400890004525 -1.6972526762133127 1.6675176954591386 -58.239288584953414 -14.493955286020576 -30.46952629662885 -0.023382849783257172 -0.027683826989537579 -43.853008469570639 -38.075062761796858 -10.751747163873567 -2.293852046044528 -25.515309400746311 -1.7304537216326679
leaf_weight=3457 20 23 29 32 35 27 22 28 33 34 24 28 34 26 28 32 26 43 28 22 26 25 119 44 77 34 20 20 21 106 20 22 20 517 33 26 151 22 179 39 20 31 20 23 20 20 27 38 20 93 34 248 22 39 20 20 98 37 20 21 552 20
leaf_count=3457 20 23 29 32 35 27 22 28 33 34 24 28 34 26 28 32 26 43 28 22 26 25 119 44 77 34 20 20 21 106 20 22 20 517 33 26 151 22 179 39 20 31 20 23 20 20 27 38 20 93 34 248 22 39 20 20 98 37 20 21 552 20
internal_value=-0.00145559 -0.00180607 8.33286e-05 0.00291049 0.00996156 -0.00101007 0.00209573 0.00401094 0.0069111 0.0185767 0.00304787 0.00640612 0.00883455 0.004534 0.00707317 0.0103787 -0.00120528 0.000530632 0.00403658 0.00962025 0.000753686 -0.0026255 -0.000862801 0.00229822 0.000604351 0.0053304 -0.00184317 9.90092e-05 0.012831 -0.000725417 0.00366583 -0.000847629 -0.00033941 -0.00271302 -0.00193402 8.32996e-05 -0.000931082 -0.00174003 -0.00172079 -0.000767358 -0.0012509 -0.00227035 -0.00245471 -0.00287349 -0.00232877 -0.00195072 -0.00242057 -0.00134353 0.00140127 -0.00196474 -0.00289642 -0.00213754 -0.00288258 -0.00271848 -0.00254493 -0.00249802 -0.00231448 -0.00295639 -0.00280463 -0.00297318 -0.00289309 -0.00294179
internal_weight=6995 6787 2052 573 208 1479 541 329 154 54 307 124 96 119 86 58 1456 390 153 71 183 4735 212 73 124 68 1066 212 49 186 40 99 159 4611 791 252 219 193 237 82 139 210 171 3820 854 146 834 183 47 119 3797 282 539 651 139 126 136 3515 631 3478 592 572
internal_count=6995 6787 2052 573 208 1479 541 329 154 54 307 124 96 119 86 58 1456 390 153 71 183 4735 212 73 124 68 1066 212 49 186 40 99 159 4611 791 252 219 193 237 82 139 210 171 3820 854 146 834 183 47 119 3797 282 539 651 139 126 136 3515 631 3478 592 572
is_linear=0
shrinkage=0.03


Tree=55
num_leaves=63
num_cat=0
split_feature=1 38 37 47 58 10 58 65 38 16 48 14 17 66 64 46 23 66 65 43 43 63 46 30 64 32 45 37 10 32 22 30 33 30 69 15 31 56 1 59 32 64 15 64 61 28 54 10 43 18 15 52 32 15 43 26 23 45 51 37 22 58
split_gain=30.9424 15.7591 9.55142 9.00197 7.2315 3.41327 4.48195 2.67547 2.61786 2.55608 2.34437 2.03689 1.97607 1.71693 2.56254 2.47779 1.85917 1.85878 3.10181 1.66421 1.47752 1.67633 1.40784 3.57139 1.31566 0.94391 1.21865 0.76458 0.729825 1.64412 2.2981 2.77113 1.51782 0.678093 0.735706 0.66262 0.962172 0.609574 0.551975 1.10277 1.55635 0.549498 0.467127 1.07349 0.441799 0.717128 0.371647 1.12336 0.351757 0.3121 0.224606 0.181119 0.176218 0.170234 0.161735 0.157737 0.146924 0.315768 0.14392 0.0973882 0.647847 0.0570731
threshold=-11.074999999999998 22921.625000000004 14381.500000000002 515.50000000000011 746.97916666666686 0.35201941816566318 4924.3125000000009 4129.0000000000009 15338.187500000002 4875.0000000000009 110.50000000000001 105898.00000000001 -12.974999999999998 1241.8333333333337 859.50000000000011 32131.041666666668 91.356087500000015 4471.2083333333348 6621.0000000000009 32870.000000000007 32478.500000000004 2505.0000000000005 33758.687500000007 64.79318542647114 4127.5000000000009 65.913130170975577 32556.500000000004 28496.500000000004 0.74305326206722599 62.535197410671756 0.35000000000000037 62.734785678965032 3.7644284496639906 60.910097558033947 98329.500000000015 17751.219545686952 66.617569866651323 4342.5000000000009 0.4250000000000001 1461.5000000000002 59.735016207061058 7242.5000000000009 17426.475499930977 1522.0000000000002 3164.5000000000005 1.5914749999999958 2090.4166666666674 0.87900005428953576 28122.500000000004 -9.0249999999999986 6079.0900122186458 636.50000000000011 60.747865559786355 11951.355702526382 33862.500000000007 87.034621854166673 82.559007500000021 32482.500000000004 629.50000000000011 25456.500000000004 1.2500000000000011 4924.3125000000009
decision_type=2 2 2 2 2 2 2 2 2 2 2 2 2 2 2 2 2 2 2 2 2 2 2 2 2 2 2 2 2 2 2 2 2 2 2 2 2 2 2 2 2 2 2 2 2 2 2 2 2 2 2 2 2 2 2 2 2 2 2 2 2 2
left_child=3 8 -3 41 -4 22 13 -5 46 10 11 19 50 14 25 -16 -17 24 37 -10 -11 -22 33 27 56 26 -7 58 38 32 -31 -32 51 -6 -35 49 44 -19 39 52 -41 -1 48 -44 45 -37 54 53 -40 -36 -9 -30 -12 -48 59 -51 57 -15 -24 61 -61 -2
right_child=1 2 4 7 5 6 -8 12 9 20 28 -13 -14 17 15 16 -18 18 -20 -21 21 -23 23 -25 -26 -27 -28 -29 29 30 31 -33 -34 34 35 36 -38 -39 42 40 -42 -43 43 -45 -46 -47 47 -49 -50 55 -52 -53 -54 -55 -56 -57 -58 -59 -60 60 -62 -63
leaf_value=-2.9317119100125142 -86.779189180372867 26.097199994835542 32.984964374274533 22.107014814454025 2.0082279100484017 7.5532880873217216 20.060433392287813 41.497862318183493 -0.98441642325058598 -0.10962796200473636 -22.931583737161954 -11.565992611285962 24.406029187272154 0.085496779747389076 -0.073829163150540111 6.0985601094497772 5.8971130921151262 -6.3943752055657814 22.107584019830192 3.9554279391701197 2.5929380076866475 0.30564705784783414 -2.3598754294012778 31.582168604186514 5.8924076842290258 -3.1915528150263968 -0.56305047710492018 8.6545155036814059 0.84527343122356224 -1.1115708529086643 2.8551963553990372 -0.17792881598247956 2.1013505318415246 1.0491928997074511 -0.55142042144100378 1.9436850879760437 7.2634958739937661 0.35460223706752569 0.021527746024075894 1.92265468130925 -19.249050616420288 1.8364610946898554 -47.260014322242696 1.3955980383804245 -16.010301496305058 -0.8409793294822312 -62.354314985977986 7.5534029724182625 -40.054477014215458 -17.447773990936465 37.266754717346878 -12.985831221190795 -0.25012167404869046 -1.8100927349853677 -2.2067200012178825 -1.2812399045423195 -1.6000841165222239 -1.8428792815095338 -14.845349482405007 -81.659553703951545 6.0222967519650759 -94.68986788923732
leaf_weight=21 3335 32 34 31 22 20 25 25 25 39 115 33 27 27 28 31 31 38 27 32 36 27 20 33 26 41 21 20 20 46 27 24 20 22 39 23 25 20 23 33 36 21 41 21 61 22 129 31 960 346 20 215 37 20 23 22 106 36 59 108 20 117
leaf_count=21 3335 32 34 31 22 20 25 25 25 39 115 33 27 27 28 31 31 38 27 32 36 27 20 33 26 41 21 20 20 46 27 24 20 22 39 23 25 20 23 33 36 21 41 21 61 22 129 31 960 346 20 215 37 20 23 22 106 36 59 108 20 117
internal_value=-0.00142557 -0.00171633 0.00131732 0.0122812 0.000891355 0.000498698 0.00246489 0.0170514 -0.00239867 -0.00145683 -0.00173351 0.00296337 0.0202635 0.00177173 0.00413132 0.00762486 0.0109662 0.000310603 0.0040188 0.00640981 0.00314398 0.00599049 -0.000810812 0.00197578 -0.00129165 0.000255785 0.00350365 -0.000847629 -0.00199679 -0.000775349 0.00253347 0.00692759 -0.00204626 -0.00144821 -0.00165506 -0.00187883 -7.1471e-10 5.16344e-05 -0.00233394 -0.000949797 0.00217077 0.000498812 -0.00262367 -4.83099e-05 -0.00127239 0.000931263 -0.00284846 -0.00148251 -0.00278303 -0.00247605 0.0242129 -0.00273075 -0.00238659 -0.00257545 -0.00291582 -0.00274654 -0.00227085 -0.00104596 -0.00219975 -0.00293204 -0.00203747 -0.00296428
internal_weight=6995 6850 1257 145 1225 1191 477 103 5593 1810 1708 90 72 452 172 90 62 280 85 57 102 63 714 132 195 82 41 99 1618 352 97 51 255 582 560 538 131 58 1266 221 69 42 1045 62 106 45 3783 180 983 407 45 235 152 149 3603 368 169 63 79 3580 128 3452
internal_count=6995 6850 1257 145 1225 1191 477 103 5593 1810 1708 90 72 452 172 90 62 280 85 57 102 63 714 132 195 82 41 99 1618 352 97 51 255 582 560 538 131 58 1266 221 69 42 1045 62 106 45 3783 180 983 407 45 235 152 149 3603 368 169 63 79 3580 128 3452
is_linear=0
shrinkage=0.03


Tree=56
num_leaves=63
num_cat=0
split_feature=17 14 65 25 5 45 51 22 23 26 50 28 14 56 30 12 16 66 46 45 64 16 14 14 25 25 49 14 19 66 30 48 50 13 20 44 7 18 26 3 10 19 20 49 58 54 3 58 27 54 56 43 64 1 12 15 65 61 2 20 13 42
split_gain=27.1335 14.482 8.13147 5.11725 4.7574 6.94431 6.68731 3.53486 3.31348 2.65033 2.41526 2.16878 2.09687 2.20022 2.45234 2.18781 1.81939 1.62275 1.58452 1.5128 1.96482 1.31561 1.18852 1.13125 1.13125 1.07386 0.952429 1.5575 0.920357 0.829749 0.797273 1.17533 0.943299 0.7609 0.662936 1.54539 0.559885 0.585265 0.554219 0.520669 0.518521 1.60114 1.03935 3.04178 0.470638 0.450628 0.707797 0.445082 0.40537 0.41436 0.40197 0.325931 0.639528 0.269822 0.445595 0.224606 0.149561 0.159741 0.199701 0.14496 0.600253 0.141078
threshold=-12.974999999999998 100040.43750000001 4129.0000000000009 75.980177500000011 1.5000000000000002 32776.500000000007 1245.5000000000002 1.2250000000000008 80.678505000000015 66.489010333333354 385.45833333333343 -3.0377059999999996 114819.02083333334 7.5000000000000009 66.365517971143419 84414.500000000015 4724.0000000000009 417.52083333333343 33830.791666666679 33794.500000000007 8378.5000000000018 5733.5000000000009 115923.60416666667 118455.85416666669 80.692977500000012 63.098327500000003 167.50000000000003 107812.31250000001 23.825000000000006 2570.0000000000005 63.91400450429061 272.50000000000006 2733.1666666666674 86580.500000000015 -6.5718749999999995 32508.500000000004 20.500000000000004 22.975000000000005 87.373883062500013 60.389750862887375 0.87900005428953576 22.925000000000001 21.546875000000004 224.50000000000003 4487.479166666667 2296.2916666666674 60.675692126353717 746.97916666666686 5.9909107575067795 2197.5208333333339 10977.000000000002 31939.500000000004 876.00000000000011 -4.3749999999999991 105340.50000000001 6079.0900122186458 7176.5000000000009 444.50000000000006 72.420938000000021 1.0000000180025095e-35 100346.50000000001 63422.895833333336
decision_type=2 2 2 2 2 2 2 2 2 2 2 2 2 2 2 2 2 2 2 2 2 2 2 2 2 2 2 2 2 2 2 2 2 2 2 2 2 2 2 2 2 2 2 2 2 2 2 2 2 2 2 2 2 2 2 2 2 2 2 2 2 2
left_child=2 19 -1 17 5 16 10 12 24 -9 39 28 15 14 23 -6 29 -3 21 40 -21 33 -15 -14 -8 -23 27 -17 -11 36 31 -24 44 -19 35 -35 -5 -38 50 -7 45 42 48 -44 -32 47 -47 -2 -42 -50 56 52 -28 54 -53 -4 57 58 -36 60 -49 -59
right_child=1 3 55 4 7 6 8 9 -10 11 -12 -13 13 22 -16 26 -18 18 -20 20 -22 25 30 -25 -26 -27 51 -29 -30 -31 32 -33 -34 34 38 -37 37 -39 -40 -41 41 -43 43 -45 -46 46 -48 59 49 -51 -52 53 -54 -55 -56 -57 -58 61 -60 -61 -62 -63
leaf_value=16.299453665851548 -0.031456270859190595 4.7412557166273563 40.252926448637943 -1.6866142883429951 3.3991608180546495 -2.0019602718953484 21.703545249042534 14.000446827506225 25.912701144496904 -0.70344532588630004 24.076613683965391 6.2034446912986674 12.49414651513248 3.1372507144215009 -0.37561359912689468 5.8599658655929057 20.747270176227509 1.0524030851115744 15.695346130031488 10.25754279453535 -29.356919243745629 -3.3215519538797489 8.1412413683387967 24.13488481235823 32.121413323148282 5.0830651044827757 0.95887511784632251 -17.037125340272443 1.4008117606817352 1.7399364122825736 -2.0328573521986182 -0.42101026627217741 5.7011129813333872 0.51181703549217172 1.1873925731766997 -6.0475765522987377 -0.35012824623326144 1.657019842633038 0.37551980942686419 1.0812406484571004 -0.49439325093090603 6.2263079260828311 -27.913685942281393 8.9676716798798424 1.3060039462187962 -61.845406529206116 1.6774423247307744 -42.184673467963265 -53.070281991709884 3.4007781627631726 1.5750314964249941 4.157357428448754 -0.5331607469751688 -31.424713574655964 -0.64397826145773762 36.148752075826444 -4.3492398168770725 -23.31728755345986 -10.366388273539419 -80.649997941073678 4.9484969142629804 -0.32629670980575204
leaf_weight=39 34 32 25 93 27 25 20 24 24 38 33 24 20 29 26 21 23 23 34 32 37 23 20 20 20 26 21 24 23 22 152 34 38 30 20 44 29 29 22 36 33 24 49 22 24 31 20 74 582 20 30 20 47 320 53 20 20 748 20 3479 20 23
leaf_count=39 34 32 25 93 27 25 20 24 24 38 33 24 20 29 26 21 23 23 34 32 37 23 20 20 20 26 21 24 23 22 152 34 38 30 20 44 29 29 22 36 33 24 49 22 24 31 20 74 582 20 30 20 47 320 53 20 20 748 20 3479 20 23
internal_value=-0.00141699 -0.00162348 0.0155172 0.000226151 0.00145685 0.0044479 0.00912713 0.000399959 0.0166147 0.00549954 0.00398512 0.00296122 -0.00021761 0.00153677 0.00649017 -0.00141812 0.000657827 -0.00129851 -0.00150127 -0.00264253 0.00173661 -0.00171412 0.000424099 0.0111471 0.0111471 0.00305499 -0.00186722 0.00226164 -7.14085e-10 -0.000381283 -0.000190228 0.00304991 -0.00102289 -0.00195592 -0.00208756 0.000607287 -0.00119126 0.00108434 -0.00231684 0.000392798 -0.00271211 -0.00196822 -0.00223056 0.00118143 -0.00195911 -0.00285968 -7.13856e-10 -0.00289928 -0.00261691 -0.00279522 -0.00243874 -0.00227716 -0.000308371 -0.00261002 -0.000902873 0.0242129 -0.00256287 -0.00262606 -0.000673317 -0.00293191 -0.00168969 -0.00272338
internal_weight=6995 6911 84 2454 1359 354 158 1005 64 109 94 85 896 363 66 533 196 1095 1063 4457 69 1029 297 40 40 49 506 45 61 173 268 54 214 980 957 74 151 58 883 61 4388 730 706 71 176 3658 51 3607 635 602 861 461 68 393 73 45 831 811 40 3573 94 771
internal_count=6995 6911 84 2454 1359 354 158 1005 64 109 94 85 896 363 66 533 196 1095 1063 4457 69 1029 297 40 40 49 506 45 61 173 268 54 214 980 957 74 151 58 883 61 4388 730 706 71 176 3658 51 3607 635 602 861 461 68 393 73 45 831 811 40 3573 94 771
is_linear=0
shrinkage=0.03


Tree=57
num_leaves=63
num_cat=0
split_feature=17 38 37 65 58 38 36 47 7 36 43 48 65 38 14 19 5 37 41 53 10 44 18 52 5 45 51 10 21 58 22 52 30 19 26 39 16 16 28 44 59 15 20 59 37 37 54 5 2 30 7 20 21 15 65 22 7 3 57 19 43 17
split_gain=26.0973 15.3265 8.91608 7.56204 6.8855 2.88075 2.81052 4.90422 3.06746 2.88575 3.54668 2.28228 1.94606 1.66875 1.54244 2.07535 1.46007 1.93273 3.09202 1.44133 1.42844 2.05427 2.36995 1.52692 1.34842 2.80502 3.11108 1.28781 0.938154 0.838851 1.29213 0.836487 0.833289 0.818616 1.49316 0.765365 0.729006 0.721539 0.678822 0.541284 0.526351 0.491195 1.46415 0.486262 0.48329 0.452752 0.44323 1.1715 2.91382 0.386969 0.307187 2.98834 0.468553 0.225777 0.192007 0.442081 0.18204 0.158952 0.157376 0.147984 0.146114 0.142723
threshold=-12.974999999999998 23031.604166666668 14381.500000000002 4129.0000000000009 746.97916666666686 15338.187500000002 23552.500000000004 366.50000000000006 22.500000000000004 30867.000000000004 33781.500000000007 131.50000000000003 1056.5000000000002 23902.812500000004 105898.00000000001 20.875000000000004 1.0000000180025095e-35 18375.000000000004 44633.500000000007 919.50000000000011 0.74305326206722599 32548.500000000004 19.975000000000005 1380.5000000000002 1.5000000000000002 32744.500000000004 1343.5000000000002 0.74305326206722599 1.1565133129809799 2236.6458333333335 0.049999999999999885 1758.0000000000002 65.788614133134459 24.225000000000005 81.83511591666668 44218.500000000007 4632.0000000000009 4875.0000000000009 -2.0213800000000002 33847.500000000007 323.50000000000006 17144.329907923024 25.935416666666672 229.50000000000003 25826.500000000004 18139.500000000004 2090.4166666666674 1.5000000000000002 79.961490000000012 63.407095867975777 4.5000000000000009 21.602083333333336 1.5514856339132252 18993.889149922255 5278.0000000000009 0.29999999999999943 9.5000000000000018 65.788614133134459 10360.500000000002 24.125000000000004 31493.500000000004 -0.72499999999999987
decision_type=2 2 2 2 2 2 2 2 2 2 2 2 2 2 2 2 2 2 2 2 2 2 2 2 2 2 2 2 2 2 2 2 2 2 2 2 2 2 2 2 2 2 2 2 2 2 2 2 2 2 2 2 2 2 2 2 2 2 2 2 2 2
left_child=3 5 -3 -1 -4 46 7 12 -9 24 31 14 13 -6 15 19 17 18 35 -7 37 40 29 -24 25 33 49 -10 32 30 -23 -11 -26 34 -8 -13 56 43 -19 41 -22 54 -43 -18 -5 -44 50 48 -48 -27 51 52 -2 -47 -30 -56 -14 -40 -35 -54 -58 -45
right_child=1 2 4 44 6 11 9 8 27 10 -12 16 36 -15 -16 -17 20 38 -20 -21 21 22 23 -25 28 26 -28 -29 39 -31 -32 -33 -34 58 -36 -37 -38 -39 57 -41 -42 42 45 61 -46 53 47 -49 -50 -51 -52 -53 59 -55 55 -57 60 -59 -60 -61 -62 -63
leaf_value=15.810470055875998 0.61205341710594319 24.739317765583323 35.213606328216926 33.085184183916134 4.4400198604850898 2.7974186546980162 -1.7846895853214975 3.0866532256647647 12.440966326743871 -16.022347967342657 32.976073848519718 -10.362717769713512 -0.32782020291292685 1.7073657973420895 -3.7780308931277107 -0.64467988115354435 0.21757535081245435 0.37508261003652771 7.3646560348069006 4.757733085495647 0.25800404538199023 -9.4147517356488297 4.5676932611693628 0.51756120247661519 -0.61064900495360286 3.6644418953845372 15.20154734098691 15.381469002480912 -3.836460591216011 -6.2486990404176908 6.8739493797430677 8.581255976946311 1.8122249019151828 -10.009614786131142 21.300109423463169 0.95521387260465507 8.6954756877915305 0.46157205404262619 -13.807603831363496 4.2381765710813113 -14.669233754804353 6.9051282292916873 2.2425034918699742 -2.5710136462329078 40.093333866089701 -16.327182731664834 -28.871674498757525 -84.001053104586646 8.8829825977657357 -2.5924960857168595 -88.681662239474932 7.9406782664682414 -67.518542271021715 -0.24472229838888962 -1.5027128972909851 0.18674031849688746 -1.6797193258829368 -0.065624352642245615 -0.012076485064995824 -8.8185491497786685 -0.595021762803979 -39.417118726224508
leaf_weight=39 30 31 38 20 28 21 22 25 23 23 20 25 26 27 42 22 27 32 20 21 38 22 27 28 27 20 25 20 332 55 27 26 20 84 21 23 20 28 88 37 170 21 22 106 25 100 36 123 21 21 3020 24 504 30 60 21 21 20 20 25 80 995
leaf_count=39 30 31 38 20 28 21 22 25 23 23 20 25 26 27 42 22 27 32 20 21 38 22 27 28 27 20 25 20 332 55 27 26 20 84 21 23 20 28 88 37 170 21 22 106 25 100 36 123 21 21 3020 24 504 30 60 21 21 20 20 25 80 995
internal_value=-0.00144701 -0.00164952 0.00129657 0.0151605 0.000902309 -0.00232683 0.000508141 0.00320992 0.0101762 -0.000255226 0.00564399 -0.00134887 0.000846115 0.00566243 0.00291235 0.00585023 -0.00161169 0.000735223 0.00488987 0.00976247 -0.00193421 -0.000294198 0.00226273 0.00729583 -0.000720191 0.00135148 0.00649017 0.0150348 -0.00138338 -0.00037464 0.00244399 0.001222 0.00267516 -0.000938138 0.0025058 0.00068607 -0.000938138 -0.00245221 -0.00126338 -0.00169475 -0.00226334 -0.00191947 -0.000554593 -0.00257158 0.0235477 -0.00159763 -0.00280088 -0.00131594 0.00220665 0.00131387 -0.00287419 -0.0022226 -0.00267215 -0.00228286 -0.00248366 -0.00110974 -0.00179386 -0.00241443 -0.00239193 -0.00288036 -0.00237389 -0.00267006
internal_weight=6995 6911 1291 84 1260 5620 1222 270 68 952 69 1837 202 55 106 64 1731 208 68 42 1523 367 159 55 883 213 66 43 670 104 49 49 47 147 43 48 147 1156 140 623 208 586 173 1128 45 152 3783 180 57 41 3603 583 559 130 413 81 127 108 104 529 101 1101
internal_count=6995 6911 1291 84 1260 5620 1222 270 68 952 69 1837 202 55 106 64 1731 208 68 42 1523 367 159 55 883 213 66 43 670 104 49 49 47 147 43 48 147 1156 140 623 208 586 173 1128 45 152 3783 180 57 41 3603 583 559 130 413 81 127 108 104 529 101 1101
is_linear=0
shrinkage=0.03


Tree=58
num_leaves=63
num_cat=0
split_feature=17 38 37 58 65 35 16 16 58 18 70 53 69 23 68 15 26 32 7 51 42 4 37 53 37 64 5 23 51 45 45 14 48 38 27 27 61 16 22 64 52 63 22 3 20 15 52 46 38 35 58 22 42 68 45 51 37 55 64 2 39 45
split_gain=25.068 14.0279 8.37215 7.42903 7.01318 2.7444 2.84135 2.55933 3.68709 2.0791 2.43329 1.8852 2.12209 1.61349 1.57927 2.29849 2.1883 1.73381 1.5717 1.50185 2.81128 1.48336 1.10259 1.03945 0.988519 1.0163 0.981405 0.988911 1.06578 1.01486 1.20968 0.962303 0.93457 0.849657 0.923073 0.846293 0.797131 0.718149 0.637112 0.56828 0.537546 0.866964 0.531406 0.867698 0.521547 0.43739 2.6173 1.17262 2.60803 0.429641 0.427489 0.317476 1.20261 0.303687 0.234873 0.473375 0.164241 0.157393 0.148049 0.199701 0.140917 0.129113
threshold=-12.974999999999998 22766.104166666672 14381.500000000002 746.97916666666686 4129.0000000000009 16214.500000000002 5733.5000000000009 3914.5000000000005 4914.0625000000009 23.375000000000004 129030.81250000001 1332.5000000000002 108740.50000000001 85.285190000000014 95140.500000000015 12541.452972875255 76.267999812500008 53.950883913349266 9.5000000000000018 1336.5000000000002 46189.333333333336 10.500000000000002 26993.000000000004 1164.5000000000002 17968.500000000004 2721.0000000000005 1.5000000000000002 67.420459500000007 2301.5000000000005 32978.000000000007 33620.000000000007 115671.22916666667 106.50000000000001 17451.541666666668 9.9953410217683754 7.3380255495386537 863.50000000000011 -3029.9999999999995 -0.37499999999999994 223.50000000000003 1803.5000000000002 3911.5000000000005 0.29999999999999943 63.58619113139202 24.67604166666667 9772.086953093285 743.50000000000011 29187.479166666668 12905.437500000002 20125.500000000004 4626.0833333333339 1.1000000000000001 52152.479166666672 117220.50000000001 33815.500000000007 955.50000000000011 16255.500000000002 6.5000000000000009 6943.0000000000009 76.015440000000012 72930.500000000015 32703.000000000004
decision_type=2 2 2 2 2 2 2 2 2 2 2 2 2 2 2 2 2 2 2 2 2 2 2 2 2 2 2 2 2 2 2 2 2 2 2 2 2 2 2 2 2 2 2 2 2 2 2 2 2 2 2 2 2 2 2 2 2 2 2 2 2 2
left_child=4 5 -3 21 -1 33 14 9 11 10 19 12 -9 22 15 17 23 -7 -13 37 -21 -4 -12 -17 25 -11 27 56 29 49 -31 38 -28 45 -35 -14 -6 -5 -22 -26 41 -33 58 53 -20 -2 -47 48 -48 -29 -49 54 -53 -44 -34 -56 -16 -19 -39 -60 -41 -46
right_child=1 2 3 7 36 6 -8 8 -10 24 13 18 35 -15 26 16 -18 57 44 20 31 -23 -24 -25 39 -27 32 28 -30 30 -32 40 51 34 -36 -37 -38 42 -40 60 -42 -43 43 -45 61 46 47 50 -50 -51 -52 52 -54 -55 55 -57 -58 -59 59 -61 -62 -63
leaf_value=15.336155954199716 -81.144845654684246 23.653613205944477 44.056041952324243 1.1740452726649449 36.969739630141241 2.0068163797638849 2.7556711859282164 4.3688491546427191 17.717871733663561 12.335033322714157 -0.17376614567965518 18.898220215261002 22.578065842630259 7.5237751374863189 -0.17029425805000065 1.2442649744530714 5.7313648636574834 -0.15850295112781662 3.9283456972086221 19.839139937637086 1.0012860527965117 13.224938666851164 14.40684265063442 -4.3933277164325037 0.22607885218736662 -2.9576480763955613 0.31001848863056808 -8.8970468981156579 0.89330920939535385 3.0091374240240043 -31.810825759588852 -0.99428588876949708 -42.171395210002231 -25.157624825701959 1.9769143027390454 -1.3734533299384715 33.873934101312933 -2.2224334794830454 2.6101821650791663 -12.03697055455342 6.0415334621121435 0.25618655246143557 -3.992592529673908 8.5688877119954281 -4.2575665789908763 7.552904099775712 -44.563668993703558 -44.140607570102802 8.8474928641062789 0.39407465589711271 1.5900426823041358 -11.258559849463818 0.74788555902059228 0.052313069129117824 -9.5990140629682372 2.3232818951298908 -46.160921409462603 -25.304420402712264 -8.2981751503052248 0.25061711837852885 -0.036217291302811074 -0.47050877721949963
leaf_weight=39 3140 33 20 35 20 27 30 27 27 20 28 24 20 20 20 27 22 21 20 21 21 20 21 23 35 25 31 72 24 32 24 78 737 33 33 20 25 173 20 342 27 37 41 20 81 39 40 734 20 37 20 58 21 29 35 20 104 115 20 20 24 23
leaf_count=39 3140 33 20 35 20 27 30 27 27 20 28 24 20 20 20 27 22 21 20 21 21 20 21 23 35 25 31 72 24 32 24 78 737 33 33 20 25 173 20 342 27 37 41 20 81 39 40 734 20 37 20 58 21 29 35 20 104 115 20 20 24 23
internal_value=-0.00147275 -0.00167123 0.00104293 0.000672092 0.0148038 -0.00234406 -0.00123438 0.000277114 0.00306072 -0.000357583 0.00077565 0.00172943 0.00590164 0.00607815 -0.00142542 0.000816673 0.00528433 -0.00114041 -0.000141797 9.40779e-05 0.00213131 0.0133915 0.00305499 0.00173653 -0.00191661 0.00226164 -0.00186158 -0.000402428 0.000951877 7.26825e-05 0.00336898 0.000917531 -0.00236448 -0.0027479 0.000590014 0.00142145 0.0228825 -0.00112689 0.0049635 -0.00239342 -0.000232232 -0.00114683 -0.00160343 0.000299666 -0.00152297 -0.00280384 -0.00218732 -0.00255374 0.00144759 -0.00159487 -0.00287628 -0.0025485 -0.000682681 -0.00124108 -0.00273072 -0.000762251 -0.00248993 -0.0025349 -0.0024214 -0.000673317 -0.00274515 -0.00239193
internal_weight=6995 6911 1372 1339 84 5539 1480 1299 242 1057 611 215 67 69 1450 235 72 163 148 542 204 40 49 50 446 45 1215 313 189 165 56 183 902 4059 66 40 45 338 41 401 142 115 303 90 124 3993 853 814 60 109 754 871 79 70 792 55 124 136 213 40 366 104
internal_count=6995 6911 1372 1339 84 5539 1480 1299 242 1057 611 215 67 69 1450 235 72 163 148 542 204 40 49 50 446 45 1215 313 189 165 56 183 902 4059 66 40 45 338 41 401 142 115 303 90 124 3993 853 814 60 109 754 871 79 70 792 55 124 136 213 40 366 104
is_linear=0
shrinkage=0.03


Tree=59
num_leaves=63
num_cat=0
split_feature=17 38 37 58 65 24 50 35 23 36 17 70 66 39 16 46 47 16 66 24 68 33 23 14 44 47 38 17 44 61 5 23 12 47 66 62 60 12 62 5 34 44 13 65 30 63 47 68 24 14 22 36 15 52 46 38 58 29 3 58 68 25
split_gain=25.0944 13.6683 7.431 7.45538 7.01318 3.47341 2.80086 2.7444 2.52468 2.34056 2.94424 3.40544 2.33269 3.13642 1.86153 1.83723 1.96635 1.55126 1.62468 1.41696 1.41505 2.09934 1.9384 1.13742 0.896955 0.867749 0.849657 0.866724 0.834578 0.797131 0.783294 0.997812 1.30159 2.5942 0.779081 0.754924 0.753385 1.43955 1.60486 0.972197 0.707797 0.644342 0.564695 0.557794 1.0052 0.53539 0.496022 0.423455 0.387941 0.655919 0.343744 0.658149 0.338956 2.15997 0.921275 2.05108 0.427489 0.333002 0.230955 0.210141 0.146115 0.243727
threshold=-12.974999999999998 22766.104166666672 14381.500000000002 746.97916666666686 4129.0000000000009 82.559007500000021 2404.8958333333339 16214.500000000002 90.709035000000014 23552.500000000004 23.725000000000005 123689.93750000001 2487.0000000000005 56670.000000000007 4875.0000000000009 33805.458333333336 1105.0000000000002 3914.5000000000005 1154.4375000000002 76.122080000000011 96109.500000000015 2.8760523301839407 82.932975000000013 107812.31250000001 32460.500000000004 184.50000000000003 17451.541666666668 20.175000000000001 32806.500000000007 863.50000000000011 1.5000000000000002 67.420459500000007 103858.00000000001 979.50000000000011 462.56250000000006 1667.0208333333337 1107.5000000000002 117319.00000000001 2267.2916666666674 1.5000000000000002 -0.4682215086226193 32995.500000000007 90420.000000000015 2064.0000000000005 62.661194003519576 576.50000000000011 498.50000000000006 112820.50000000001 93.844555000000014 102058.04166666667 1.0249999999999988 18545.500000000004 9772.086953093285 743.50000000000011 29187.479166666668 12905.437500000002 4626.0833333333339 65.872401334420161 58.278912758072813 4739.7500000000009 98687.000000000015 75.980177500000011
decision_type=2 2 2 2 2 2 2 2 2 2 2 2 2 2 2 2 2 2 2 2 2 2 2 2 2 2 2 2 2 2 2 2 2 2 2 2 2 2 2 2 2 2 2 2 2 2 2 2 2 2 2 2 2 2 2 2 2 2 2 2 2 2
left_child=4 7 -3 5 -1 -4 9 26 12 10 17 19 45 -14 20 34 35 25 -19 -12 21 24 42 41 -9 -5 52 -28 -26 -6 31 -22 43 -34 -11 -17 37 39 40 -36 -39 -16 -23 44 -33 -8 57 -37 50 -50 60 -52 -2 -54 55 -55 -56 -27 -30 -38 61 -32
right_child=1 2 3 6 29 -7 8 14 -10 15 11 -13 13 -15 23 16 -18 18 -20 -21 30 22 -24 -25 28 46 27 -29 58 -31 48 32 33 -35 36 47 59 38 -40 -41 -42 -43 -44 -45 -46 -47 -48 -49 49 -51 51 -53 53 54 56 -57 -58 -59 -60 -61 -62 -63
leaf_value=14.876071275573745 -78.710500285043665 22.944004809766142 12.375733599707759 0.76946128084690624 35.860647441236992 41.650829803639681 0.10423963847156652 -31.94904899433147 8.4091611135287589 6.6911925083583226 -1.642064140242286 19.710806223090273 0.70231051117250354 23.393281840530744 -4.1577224993783011 6.6013575312476265 22.223912674056741 -0.26133720222674811 12.527549317030109 4.7940263185278083 -16.718566488529941 -3.1584821690870744 3.9498194161798597 2.0122401098290332 1.1237913884507866 -0.76829560844903211 -1.3365194888577701 2.0629306933493661 1.4317343575409418 32.857716078273533 -42.962230373141644 1.2135886150182895 2.6748100054458308 -5.4178539869112194 5.5509756978866429 6.619219743668932 -3.8418442791389245 4.9619740203625504 14.60267161682612 -2.7589062640379636 -1.6051019439345526 2.246812901171297 1.4268752348171663 -5.1334846739202487 -2.1130073870738131 -1.739546069545215 1.7670305436527309 -11.2151656286937 6.033215717156752 -31.746187712205412 0.59738317691761011 -10.282515199962598 7.3263169767824516 -43.226758923892497 -42.816389342999756 8.5820680781830383 1.5423414018350536 0.21310571949592352 -1.8449638361340652 -1.8303694359021743 -38.838657446202255 0.29744393713657491
leaf_weight=39 3140 33 20 23 20 20 20 119 24 21 26 22 28 25 25 22 34 21 20 20 118 25 39 30 23 124 46 20 20 25 29 28 20 28 30 22 407 20 24 150 31 20 28 70 24 49 20 63 20 26 31 46 39 40 734 20 20 20 26 33 665 20
leaf_count=39 3140 33 20 23 20 20 20 119 24 21 26 22 28 25 25 22 34 21 20 20 118 25 39 30 23 124 46 20 20 25 29 28 20 28 30 22 407 20 24 150 31 20 28 70 24 49 20 63 20 26 31 46 39 40 734 20 20 20 26 33 665 20
internal_value=-0.00148132 -0.00167991 0.000999198 0.000649689 0.0148038 0.0133915 0.000254021 -0.00234406 0.00416838 -0.000239355 0.00205674 0.00753304 0.00238329 0.00711864 -0.00123438 -0.00103605 0.00208363 0.000407715 0.00569343 0.00279826 -0.00148175 0.000417707 0.00413681 0.00335553 -0.00138756 -0.000737574 -0.0027479 0.000590014 0.00130246 0.0228825 -0.00195716 -0.000593545 0.000864197 0.00505197 -0.0016548 5.60217e-05 -0.00182995 -0.000517445 0.00295606 -0.00198223 -7.13856e-10 0.000266075 0.000338982 -0.000761671 0.0015547 -0.00121563 -0.00151737 -0.00119859 -0.00242265 0.000195227 -0.00257869 -0.000622569 -0.00280384 -0.00225765 -0.00259059 0.000948419 -0.00287628 -0.00214434 -0.00097614 -0.0025835 -0.00278532 -0.0010998
internal_weight=6995 6911 1372 1339 84 40 1299 5539 146 1153 296 68 122 53 1480 857 141 228 41 46 1405 280 92 75 188 187 4059 66 69 45 1125 288 170 48 716 107 695 255 75 180 51 45 53 122 52 69 164 85 837 46 791 77 3993 853 814 60 754 144 46 440 714 49
internal_count=6995 6911 1372 1339 84 40 1299 5539 146 1153 296 68 122 53 1480 857 141 228 41 46 1405 280 92 75 188 187 4059 66 69 45 1125 288 170 48 716 107 695 255 75 180 51 45 53 122 52 69 164 85 837 46 791 77 3993 853 814 60 754 144 46 440 714 49
is_linear=0
shrinkage=0.03


Tree=60
num_leaves=63
num_cat=0
split_feature=17 38 65 62 20 36 36 43 23 33 62 5 38 12 16 26 11 55 29 26 44 1 12 1 37 35 18 38 16 23 38 1 66 43 26 38 58 10 36 16 37 33 35 27 50 40 31 50 16 20 56 18 46 32 37 64 7 27 20 63 22 60
split_gain=24.1372 12.9187 6.48488 6.17014 5.24262 9.21278 3.81357 4.66787 2.86222 3.5618 2.13702 2.20383 3.65855 2.61116 3.45352 1.93517 2.03259 1.74413 1.73491 1.70526 1.6229 1.36794 1.27154 1.22982 1.0443 1.03448 1.22353 0.980969 0.967367 0.863761 0.855524 0.854729 0.844924 0.626013 0.620447 0.551452 1.26451 1.53214 0.807274 0.531075 0.521061 0.488818 0.457613 1.38916 1.13209 0.493112 2.31117 0.396423 0.343745 0.341364 0.330537 0.322685 0.257428 0.255518 0.24114 0.205603 0.163951 0.153811 0.164972 0.807337 0.122747 0.0902793
threshold=-12.974999999999998 18187.812500000004 4129.0000000000009 900.54166666666686 27.865625000000005 25675.500000000004 30554.500000000004 33781.500000000007 67.251952000000003 1.9124208690685636 1471.5833333333337 1.5000000000000002 26425.270833333339 107524.50000000001 3335.0000000000005 68.597154562500009 112813.50000000001 8.5000000000000018 61.567323831540556 68.732322520833335 33841.500000000007 -3.4749999999999996 86129.000000000015 21.725000000000005 25971.000000000004 28212.000000000004 -10.124999999999998 26291.208333333339 4724.0000000000009 76.587395000000015 23902.812500000004 30.625000000000004 661.68750000000011 32556.500000000004 77.237716062500013 13003.604166666668 4680.229166666667 0.35201941816566318 10896.500000000002 5733.5000000000009 18231.000000000004 2.0036654590100595 17718.500000000004 9.9344040546028864 458.27083333333343 31259.000000000004 61.431304970480582 89.375000000000014 1018.5000000000001 -10.361458333333331 11187.000000000002 23.475000000000005 33899.687500000007 62.535197410671756 14551.000000000002 223.50000000000003 5.5000000000000009 4.8634873158457319 1.0000000180025095e-35 1868.5000000000002 1.2250000000000008 3912.5000000000005
decision_type=2 2 2 2 2 2 2 2 2 2 2 2 2 2 2 2 2 2 2 2 2 2 2 2 2 2 2 2 2 2 2 2 2 2 2 2 2 2 2 2 2 2 2 2 2 2 2 2 2 2 2 2 2 2 2 2 2 2 2 2 2 2
left_child=2 20 -1 -3 6 -6 8 41 49 19 40 12 15 14 17 -12 33 23 -16 29 35 -18 -19 -13 -4 39 -27 52 34 -10 -23 -7 -24 51 -29 -2 38 -38 -37 -15 -11 -8 45 44 -44 46 56 -47 -34 -5 55 -17 -21 57 -36 -51 -40 -49 59 -59 -57 -56
right_child=1 3 24 4 5 31 7 -9 9 10 11 13 -14 25 18 16 21 22 -20 27 -22 30 32 -25 -26 26 -28 28 -30 -31 -32 -33 48 -35 54 36 37 -39 42 -41 -42 -43 43 -45 -46 47 -48 53 -50 50 -52 -53 -54 -55 61 60 -58 58 -60 -61 -62 -63
leaf_value=14.429789137306583 -120.73886757102127 41.350974014132106 29.721443368482166 0.23048166289718644 23.598170244071198 -0.50127828729590784 8.2103194962780925 28.120431115849307 2.9959125753034703 0.23176631605185061 1.9010584582076064 0.96236982690372175 16.278518467535541 -9.2386047986274189 2.6956994122832505 -0.40953677615061773 11.1333920798862 0.93204585889535085 12.450505692978137 -21.859592999681972 3.9049568194647399 0.8046823394326611 4.784075107687114 6.3733450000471699 37.089781265140012 -0.29517275036225066 7.0751981446333829 0.39538273301019039 17.414185393732506 0.078454611532473809 -0.30957533986802604 5.321493829973897 -14.859359404563461 0.84346758787564891 1.5224565680223854 1.7028417870597568 -33.735742209708675 4.3872591448622025 -4.8548060568609177 1.2185244377509401 -8.4873724221514699 -12.491056776243525 -2.6863097061259187 -24.462502862194942 2.9097896134474546 2.9958759412170055 7.3458135346088298 -3.6086879597900139 0.19473234953180693 -12.656018147182849 1.2528353901975051 0.79670636557890673 -0.047722386628573435 -0.097856286733451869 -3.2082826361083274 -26.697734095116914 -46.649893567590588 5.0419744780841027 -41.062606738722728 -46.826078729417844 -3.4605132191573755 -1.4288122936609597
leaf_weight=39 2381 22 21 20 22 33 24 34 20 33 29 26 24 178 37 62 21 22 24 390 20 20 20 23 24 20 27 39 25 20 20 20 105 28 23 25 20 20 20 24 125 25 26 114 20 20 21 23 21 36 22 20 32 31 91 451 103 24 1627 99 29 30
leaf_count=39 2381 22 21 20 22 33 24 34 20 33 29 26 24 178 37 62 21 22 24 390 20 20 20 23 24 20 27 39 25 20 20 20 105 28 23 25 20 20 20 24 125 25 26 114 20 20 21 23 21 36 22 20 32 31 91 451 103 24 1627 99 29 30
internal_value=-0.00152421 -0.00171897 0.0144471 0.000106166 -4.44432e-05 0.00774967 -0.000309446 0.00599278 -0.000555894 9.49901e-05 0.00131999 0.00198908 0.0044846 0.000922025 0.00292341 0.00313343 0.00189363 0.00113312 0.00923077 -0.00156245 -0.00264013 0.00628478 -0.000303392 0.00610998 0.0222173 -0.00130068 0.00267516 -0.00194731 -0.000245075 0.00441396 0.00291771 0.000903954 -0.0013347 -0.000517712 -0.00101584 -0.0026779 -0.00232821 0.00291771 -0.0024272 -0.00224147 -0.00184061 0 -0.00249096 -0.000918177 0.00344902 -0.00261725 -0.000895212 -0.00275149 -0.00226011 -0.0024028 -0.00254785 -0.00186358 -0.00277896 -0.00279863 -0.00193616 -0.00270297 -0.00248578 -0.00284586 -0.00287812 -0.00175467 -0.00286815 -0.00247729
internal_weight=6995 6911 84 2317 2295 75 2220 83 2137 1579 909 751 224 527 278 200 171 217 61 670 4594 61 168 49 45 249 47 630 208 40 40 53 146 110 183 4574 2193 40 2153 202 158 49 2128 160 46 1968 144 1824 126 558 538 82 422 1804 144 516 123 1773 1750 123 480 121
internal_count=6995 6911 84 2317 2295 75 2220 83 2137 1579 909 751 224 527 278 200 171 217 61 670 4594 61 168 49 45 249 47 630 208 40 40 53 146 110 183 4574 2193 40 2153 202 158 49 2128 160 46 1968 144 1824 126 558 538 82 422 1804 144 516 123 1773 1750 123 480 121
is_linear=0
shrinkage=0.03


Tree=61
num_leaves=63
num_cat=0
split_feature=38 26 58 10 35 10 21 58 49 2 17 45 29 24 40 64 12 59 28 64 45 53 62 26 58 27 15 20 66 1 3 48 70 60 10 43 38 19 23 46 59 23 16 28 26 16 31 40 35 48 48 46 58 53 10 63 16 50 55 40 40 22
split_gain=20.5911 12.486 4.50196 4.52103 3.87931 3.74699 3.4348 3.33438 2.62993 2.81621 2.33705 3.27575 2.05626 2.04453 1.62745 1.55846 1.44364 1.48405 1.4481 1.41947 1.92159 2.16215 1.37982 1.31358 1.15461 2.72299 1.1443 1.08662 2.44455 0.95844 1.80606 1.62468 1.4099 1.56495 0.816337 0.838017 0.723345 0.940307 0.605968 0.462335 0.805185 1.11851 0.429806 0.430215 0.648067 0.339351 0.774177 3.50466 0.329836 0.32753 0.321837 0.351094 0.313017 0.302564 0.244058 0.23375 0.174938 0.170989 0.168154 1.00979 0.165342 0.14955
threshold=23684.583333333339 64.982578770833342 4924.3125000000009 1.0000000180025095e-35 16127.500000000002 0.87900005428953576 2.3436348861963445 839.87500000000011 102.50000000000001 85.886405000000011 -11.774999999999999 33867.500000000007 60.611335332659159 96.707233000000016 51322.000000000007 3849.0000000000005 128977.00000000001 4089.5000000000005 -6.6415915000000032 792.00000000000011 32202.500000000004 1716.5000000000002 917.06250000000011 76.927218104166684 4141.8958333333348 14.570933194082363 5723.4805197723572 25.573958333333337 2514.8333333333335 1.0750000000000004 63.46394751495923 215.50000000000003 101020.58333333336 956.50000000000011 0.96386255839173451 28122.500000000004 17451.541666666668 21.875000000000004 59.620587500000006 33830.791666666679 828.50000000000011 76.587395000000015 5561.5000000000009 -2.2590465000000033 79.013964833333347 2523.5000000000005 60.728503532414301 36968.500000000007 27578.500000000004 1602.0000000000002 398.50000000000006 32502.062500000004 4924.3125000000009 1182.5000000000002 1.0000000180025095e-35 271.50000000000006 -2795.4999999999995 105.41666666666667 1.0000000180025095e-35 32445.000000000004 31106.000000000004 1.7499999999999998
decision_type=2 2 2 2 2 2 2 2 2 2 2 2 2 2 2 2 2 2 2 2 2 2 2 2 2 2 2 2 2 2 2 2 2 2 2 2 2 2 2 2 2 2 2 2 2 2 2 2 2 2 2 2 2 2 2 2 2 2 2 2 2 2
left_child=4 5 7 -4 36 6 -2 -3 9 -6 11 -9 -11 16 19 -8 17 18 -12 20 -10 -22 -21 -19 38 -26 -25 29 53 30 32 -32 33 -24 35 -31 45 -38 -20 42 -41 -42 43 44 -40 58 52 -48 -16 -45 56 -52 57 -29 -51 -18 -34 -47 59 -1 -37 -62
right_child=1 2 3 -5 8 -7 15 10 14 12 13 -13 -14 -15 48 -17 55 23 24 22 21 -23 27 26 25 -27 -28 28 -30 34 31 -33 50 -35 -36 60 37 -39 39 40 41 -43 -44 49 -46 46 47 -49 -50 54 51 -53 -54 -55 -56 -57 -58 -59 -60 -61 61 -63
leaf_value=3.8562645680169654 30.692502915489346 20.013086180751767 -0.0035505149583023154 22.127578466005858 -1.8632675728688741 38.512681826965782 -7.4915646823597406 -1.3334920573046321 -2.3096583420553665 0.66181553105010571 5.3435300822226379 16.693358255398355 20.445237163352949 4.3083032089824291 -46.212588783800093 22.899604515833573 -0.28155153829230006 -0.087034733996732977 6.4980366336186144 11.233386491325104 0.68277300600065727 2.0802996333733437 -8.7884959266019305 26.041114860157595 7.8862207873430243 -2.5090198206283674 6.2781996379172709 0.070545239932683274 2.1114360660058269 1.0930533438615211 -0.30531693317552722 1.9339208693690644 -17.989693747429833 6.2819794031961038 0.54122224842110833 -1.0885430843093837 -1.1072499499776003 3.2096113915879556 -3.1120340186414222 -4.5635281619065209 -6.5026643657026693 8.8106747502010592 4.0406377733333638 -2.5999979527885375 2.8824336103438708 -9.7924810276861773 9.4285199561053368 -35.907910391121924 0.21000577997973899 -0.91127206614466971 -10.622445429002171 0.32531301441983179 -0.040308442146924361 -6.8477513950579878 0.64961442002830749 -8.0745674037219715 -8.3844006266222451 -34.280448495745134 -73.67012053703003 -58.317846748861278 -22.548621873260526 -1.2333470834861429
leaf_weight=20 31 31 20 24 41 20 22 27 41 21 32 26 22 22 505 33 27 26 20 22 37 21 25 23 29 35 21 20 39 25 21 20 20 25 33 20 39 20 31 31 25 34 20 294 23 22 35 101 24 24 36 27 25 50 20 188 157 447 3218 105 529 23
leaf_count=20 31 31 20 24 41 20 22 27 41 21 32 26 22 22 505 33 27 26 20 22 37 21 25 23 29 35 21 20 39 25 21 20 20 25 33 20 39 20 31 31 25 34 20 294 23 22 35 101 24 24 36 27 25 50 20 188 157 447 3218 105 529 23
internal_value=-0.00150277 0.00214822 0.00115658 0.0105442 -0.00222837 0.0119604 0.00916376 0.000743236 -0.00106923 0.00410226 0.00043247 0.00655367 0.00946636 7.78287e-05 -0.00132376 0.0045735 -0.00013952 0.000527539 5.33887e-05 -0.000705231 0.00272452 0.00624785 -0.00101914 0.00466476 -0.000281523 0.00351014 0.00782313 -0.00117466 0.00164986 -0.00149828 -0.000181215 0.00569343 -0.00102379 0.00353293 -0.00218537 -0.0024418 -0.00274621 0.000507613 -0.00075273 -0.00096196 0.000965593 0.00304568 -0.00139044 -0.00161438 0.000831792 -0.0027953 -0.00213776 -0.000110214 -0.00271026 -0.0020142 -0.00198667 -9.50879e-05 -0.00268974 -0.00166904 0.000340135 -0.00228731 -0.00264258 -0.00286506 -0.00291825 -0.00177458 -0.0026796 -0.00277667
internal_weight=6995 1159 1053 44 5836 106 86 1009 1804 84 978 53 43 925 1720 55 903 688 618 1191 99 58 1092 70 586 64 44 1070 109 961 331 41 290 50 630 597 4032 59 522 502 90 59 412 392 54 3973 630 136 529 338 240 63 494 70 44 215 177 469 3343 125 572 552
internal_count=6995 1159 1053 44 5836 106 86 1009 1804 84 978 53 43 925 1720 55 903 688 618 1191 99 58 1092 70 586 64 44 1070 109 961 331 41 290 50 630 597 4032 59 522 502 90 59 412 392 54 3973 630 136 529 338 240 63 494 70 44 215 177 469 3343 125 572 552
is_linear=0
shrinkage=0.03


Tree=62
num_leaves=63
num_cat=0
split_feature=38 17 65 36 7 66 46 35 10 12 53 60 64 11 32 60 17 65 33 19 40 26 7 37 61 5 40 29 36 64 43 68 18 22 0 38 19 44 30 30 32 39 17 11 11 15 40 52 44 43 34 64 24 5 7 30 36 65 51 49 13 55
split_gain=20.0395 11.9679 6.1456 5.96271 6.7072 6.14154 3.38726 3.14264 2.81779 2.92989 2.94257 2.36592 2.29316 2.1916 2.06925 1.83732 1.76883 1.54403 1.52101 1.94857 1.49807 1.26459 2.44845 1.11911 1.02953 0.975237 1.44507 1.96446 1.15756 1.07046 0.946707 0.917107 1.58699 0.894807 0.776997 0.710314 0.940307 0.602005 0.597641 0.53734 0.906914 0.48994 0.481151 0.846293 0.455754 0.436985 2.61269 1.62299 0.619827 0.504992 0.429504 0.401895 0.580719 0.32231 0.474388 1.40187 0.306798 0.198208 0.619398 0.176038 0.15076 0.149377
threshold=22766.104166666672 -12.974999999999998 4129.0000000000009 23552.500000000004 18.500000000000004 2794.9375000000005 33758.687500000007 16127.500000000002 0.35201941816566318 85034.500000000015 960.50000000000011 657.50000000000011 827.50000000000011 118024.50000000001 63.044606792071079 657.50000000000011 23.275000000000002 1056.5000000000002 1.7859196492217813 -6.7749999999999995 46149.500000000007 87.751469500000013 15.500000000000002 17140.500000000004 3357.5000000000005 2.5000000000000004 55478.000000000007 66.793973993220405 25132.000000000004 223.50000000000003 28207.500000000004 101441.00000000001 22.725000000000005 1.2250000000000008 110015.50000000001 17451.541666666668 21.875000000000004 33841.500000000007 61.477814772128369 60.721331475344073 61.857261048487381 45830.500000000007 23.175000000000001 103759.00000000001 117514.00000000001 9772.086953093285 29866.500000000004 743.50000000000011 28999.500000000004 33100.500000000007 1.0139148043605462 2976.0000000000005 82.226833000000013 1.0000000180025095e-35 11.500000000000002 60.611335332659159 28805.500000000004 4867.5000000000009 1541.5000000000002 1926.0000000000002 87149.500000000015 1.0000000180025095e-35
decision_type=2 2 2 2 2 2 2 2 2 2 2 2 2 2 2 2 2 2 2 2 2 2 2 2 2 2 2 2 2 2 2 2 2 2 2 2 2 2 2 2 2 2 2 2 2 2 2 2 2 2 2 2 2 2 2 2 2 2 2 2 2 2
left_child=7 2 -2 4 15 11 23 35 21 10 -10 16 14 39 -11 42 -6 -17 -15 -20 -4 30 -23 -5 -19 26 27 28 -25 -28 -9 32 33 41 -7 45 -37 53 -27 -8 -41 60 -3 -44 -29 61 -47 -48 -49 -50 -33 -42 -53 54 55 -32 -31 59 -59 -40 -14 -1
right_child=1 3 20 6 5 34 13 8 9 12 -12 -13 31 18 -16 17 -18 24 19 -21 -22 22 -24 25 -26 38 29 44 -30 56 37 50 -34 -35 -36 36 -38 -39 57 40 51 -43 43 -45 -46 46 47 48 49 -51 -52 52 -54 -55 -56 -57 -58 58 -60 -61 -62 -63
leaf_value=-65.264559554352786 13.641203595812637 -0.86013003688723833 38.843206011362902 5.6020248338281444 2.1706811733248279 24.925751743380879 -4.3388430138365521 1.1826134846177268 1.724854596457621 -0.18311864199048697 0.26471701667323927 -0.25313549192544177 -0.32575639802756823 1.6824328169463136 1.9969945502760185 5.100803556077194 7.4088628202989106 -1.161404516322097 16.18779792101471 21.617192736605041 29.464638527489825 -71.321794231780487 1.6872233650181585 0.55112371168446839 10.625936914494741 0.43576654319919061 5.4722817009945404 -1.2527943845796476 19.60302232197882 -3.5899345265345177 -22.885285449970464 -6.0224706954348584 4.5213299856335958 2.8537990089686138 38.705059973528769 -1.0740324514782387 3.1133230498403517 0.5793246190207153 -7.5068086621245085 6.2789399341560248 -3.2144135956532378 0.70986040154955221 1.4929650156353342 -1.3776262518747593 0.10645410068461465 8.4251326651130594 5.5335919200848052 2.8695081455535174 -36.094254623079664 0.26435700523672928 1.1475591296240641 -4.4405564519406289 10.892783736418172 -40.355191097406845 -16.499379952452681 1.9730991128630708 -0.03583137993949069 -2.7929734037227103 2.9557008044464879 -11.83249165755063 -8.9047320494806907 -73.654271681684889
leaf_weight=141 39 79 21 32 28 20 31 21 22 32 20 32 20 38 33 33 20 40 25 35 24 32 23 20 30 20 23 32 20 145 30 200 20 21 21 39 20 32 329 20 26 20 20 20 20 21 34 23 740 30 26 32 26 787 78 20 36 74 25 20 70 2984
leaf_count=141 39 79 21 32 28 20 31 21 22 32 20 32 20 38 33 33 20 40 25 35 24 32 23 20 30 20 23 32 20 145 30 200 20 21 21 39 20 32 329 20 26 20 20 20 20 21 34 23 740 30 26 32 26 787 78 20 36 74 25 20 70 2984
internal_value=-0.00145559 0.00167502 0.0126635 0.000999198 0.00442437 0.0101073 -0.000139929 -0.00227907 -0.00110676 0.000774633 0.00833729 0.00520599 4.74999e-05 0.00303732 0.00525346 0.00131022 0.00941788 0.0042483 0.0064526 0.00943428 0.0202217 -0.00199981 0.00239564 -0.00107399 0.00166904 -0.00130742 3.03944e-05 0.00315961 0.00815461 -0.00136698 -0.00225287 -0.000843278 0.000953011 -0.000228834 0.019562 -0.00271645 0.000507613 -0.00239468 -0.0021598 0.000532938 0.00158501 -0.00133515 -0.00120907 0.00142145 -0.000633398 -0.0027651 -0.00214715 -0.00241567 -0.00269323 -0.00283989 -0.00205661 0.000178358 0.00160069 -0.00253743 -0.0011007 0.00113772 -0.00215351 -0.00239009 -0.00115035 -0.00273274 -0.00229745 -0.00293175
internal_weight=6995 1456 84 1372 343 121 1029 5539 1507 484 42 80 442 233 65 222 48 103 98 60 45 1023 55 796 70 764 296 92 40 204 968 377 151 131 41 4032 59 947 468 135 104 110 119 40 52 3973 848 827 793 770 226 84 58 915 128 50 181 448 99 349 90 3125
internal_count=6995 1456 84 1372 343 121 1029 5539 1507 484 42 80 442 233 65 222 48 103 98 60 45 1023 55 796 70 764 296 92 40 204 968 377 151 131 41 4032 59 947 468 135 104 110 119 40 52 3973 848 827 793 770 226 84 58 915 128 50 181 448 99 349 90 3125
is_linear=0
shrinkage=0.03


Tree=63
num_leaves=63
num_cat=0
split_feature=38 62 36 13 33 27 16 20 35 70 39 40 10 12 53 64 9 16 30 44 70 1 59 54 54 26 45 68 24 66 40 65 5 7 7 31 44 68 48 24 15 40 52 38 54 44 5 5 48 38 32 22 28 66 30 15 44 3 49 45 15 36
split_gain=17.6546 11.9094 6.41102 3.61028 4.63328 6.31739 4.43217 3.32987 3.27166 2.94718 4.03457 3.83551 2.61549 2.52469 2.69001 1.70055 1.67903 1.42398 1.87568 1.77918 1.76906 1.42693 1.56072 1.93293 1.40733 1.25324 2.60788 1.1863 1.07687 1.03075 1.43174 0.968909 0.671904 1.21185 1.93312 2.15754 0.714801 0.663542 0.703387 0.646803 0.627673 2.71533 1.31049 0.868453 1.1043 0.697287 1.10018 0.564021 0.805288 0.328562 0.592565 0.509298 0.838629 0.370281 0.31827 0.300548 0.262545 0.47883 0.200739 0.19357 0.565693 0.169829
threshold=22766.104166666672 1022.7083333333334 32351.500000000004 100148.50000000001 1.6786645752830451 3.6972998181812655 5045.0000000000009 -15.120833333333332 16214.500000000002 129030.81250000001 52352.000000000007 42237.500000000007 0.35201941816566318 85034.500000000015 960.50000000000011 1414.5000000000002 1.0000000180025095e-35 3984.0000000000005 63.189451080680989 32556.500000000004 121451.83333333336 -9.0249999999999986 945.50000000000011 1204.9583333333337 1404.5000000000002 87.751469500000013 32776.500000000007 110609.50000000001 84.857410000000016 1164.604166666667 46269.500000000007 684.50000000000011 1.5000000000000002 11.500000000000002 6.5000000000000009 60.30176809062494 33841.500000000007 97109.500000000015 243.50000000000003 91.138620000000017 8817.9909082744016 29293.000000000004 743.50000000000011 17451.541666666668 1639.479166666667 32995.500000000007 3.5000000000000004 2.5000000000000004 201.50000000000003 25745.229166666668 62.838937594065733 -0.74999999999999944 4.7546849999999994 503.37500000000006 62.079177798194671 18513.871923435538 28999.500000000004 57.940655370606727 195.50000000000003 27408.500000000004 4812.7926346519716 24341.500000000004
decision_type=2 2 2 2 2 2 2 2 2 2 2 2 2 2 2 2 2 2 2 2 2 2 2 2 2 2 2 2 2 2 2 2 2 2 2 2 2 2 2 2 2 2 2 2 2 2 2 2 2 2 2 2 2 2 2 2 2 2 2 2 2 2
left_child=8 16 3 4 47 -6 9 -5 40 11 -11 -7 25 14 -14 24 -2 21 20 55 -19 22 -9 -24 -15 32 -27 28 -26 30 -13 -17 33 34 -10 -36 -34 38 -33 49 59 -42 -43 45 -45 56 -47 48 -3 53 -51 52 -52 -23 -31 -20 57 -44 -39 60 -1 -35
right_child=1 2 -4 7 5 6 -8 17 12 10 -12 29 13 15 -16 31 -18 18 19 -21 -22 39 23 -25 27 26 -28 -29 -30 54 -32 37 36 61 35 -37 -38 58 -40 -41 41 42 43 44 -46 46 -48 -49 -50 50 51 -53 -54 -55 -56 -57 -58 -59 -60 -61 -62 -63
leaf_value=2.5960059101876665 37.636283315407574 -2.8943163008674597 32.813404293204528 28.780338277338508 27.726389452912727 20.982708908008991 16.170389685671825 -0.82345288150401352 -50.483364230998681 14.286225967841871 -0.1137372293952562 4.2109155601407888 1.6894307706829761 3.1185760931832456 0.25677550617299844 0.13847039052231883 37.720710700041714 2.8303955016747646 -3.3641125516527044 18.859081826184731 9.1302447064063106 0.56178301726311741 9.4634153799015195 0.059729355247827659 1.9926700029929276 -66.61292327480156 1.6744054249684337 -9.4256401768848459 -0.031890618067850873 0.066293676351536324 -0.4164609729149148 2.3803096355854203 -40.884126292922673 -35.67455829112339 0.75232085315287622 5.7548495881215853 0.60488990272122733 -0.35943653451499752 -24.231198185112696 0.51466009286576564 8.6034656937015903 4.2159592301428814 -141.44155019628235 2.8569865223160917 -2.6406288849706918 2.8687551167883485 -58.754799394318681 -1.8246099935839646 9.0509048716151845 0.27907054690570632 1.9408887569114579 -0.74568205459940162 -2.5420539807275797 -13.518922609021159 -2.5471745172063356 1.6032831865028065 -44.028760231710848 3.6656310215670356 -22.07225272387311 -73.487640974133086 -24.606480688747215 -4.4802561064029227
leaf_weight=20 20 21 25 20 25 23 23 53 45 22 20 28 21 27 20 37 21 31 90 23 32 21 24 38 34 32 22 37 32 22 29 35 670 127 37 20 31 36 24 33 20 39 36 22 24 25 36 89 21 31 20 216 32 290 93 20 905 20 173 2817 95 20
leaf_count=20 20 21 25 20 25 23 23 53 45 22 20 28 21 27 20 37 21 31 90 23 32 21 24 38 34 32 22 37 32 22 29 35 670 127 37 20 31 36 24 33 20 39 36 22 24 25 36 89 21 31 20 216 32 290 93 20 905 20 173 2817 95 20
internal_value=-0.0014899 0.00144839 0.000983675 0.00071002 0.00304975 0.00519818 0.00379469 -0.000286419 -0.00226282 0.00255588 0.00976247 0.00098411 -0.00105196 0.000775047 0.00788321 9.65288e-05 0.0173723 -0.000543969 0.00172871 -0.000270474 0.00599049 -0.00113573 0.00192876 0.00516908 0.00297463 -0.00192112 0.00249538 0.00133851 0.00376702 -0.000540384 0.00273205 -0.00112094 -0.00217556 -0.000818949 0.00167483 0.00535902 -0.00265297 -0.00175681 0.00101523 -0.0016887 -0.00270356 -0.0020921 -0.00229248 -0.00249134 0.00149675 -0.00267391 0.000392798 -0.00160183 0.0012114 -0.0019128 -0.00118355 -0.00164491 0.000978886 -0.00260367 -0.0021894 -0.00188011 -0.00287171 -0.00080214 -0.0025538 -0.00293749 -0.00166812 -0.00256968
internal_weight=6995 1456 1415 1390 416 285 260 974 5539 237 42 195 1480 476 41 435 41 954 196 133 63 758 115 62 130 1004 54 103 66 172 57 305 950 249 102 57 701 268 59 643 4059 1127 1107 1068 46 1022 61 131 42 610 299 268 52 311 115 110 961 56 209 2932 115 147
internal_count=6995 1456 1415 1390 416 285 260 974 5539 237 42 195 1480 476 41 435 41 954 196 133 63 758 115 62 130 1004 54 103 66 172 57 305 950 249 102 57 701 268 59 643 4059 1127 1107 1068 46 1022 61 131 42 610 299 268 52 311 115 110 961 56 209 2932 115 147
is_linear=0
shrinkage=0.03


Tree=64
num_leaves=63
num_cat=0
split_feature=38 26 10 7 37 58 1 38 47 4 55 61 70 30 47 36 26 1 67 50 51 70 19 12 46 51 3 23 15 40 18 23 44 19 26 53 50 44 2 54 46 66 3 67 1 60 24 22 7 22 15 63 3 17 43 24 65 11 15 28 24 24
split_gain=16.3516 12.317 5.64774 4.03367 3.80672 3.04468 4.07781 2.51338 2.46208 2.24765 2.6451 2.13577 2.05498 1.5347 2.98643 1.84783 3.46707 2.21183 1.17972 1.13883 1.01429 1.3527 1.33815 1.75294 1.69493 1.33349 0.988598 0.927072 1.37984 1.23506 1.39687 1.07723 1.67915 2.48014 2.02914 0.794318 0.779333 1.46017 0.743805 0.736352 2.25893 0.700724 1.61637 0.621135 0.59194 0.934373 0.518928 0.504473 0.44532 1.13256 2.67132 0.755557 1.51863 0.357442 0.32239 0.237732 0.206049 0.201308 0.192236 0.166062 0.353176 0.161109
threshold=21954.166666666672 64.892538958333333 0.87900005428953576 22.500000000000004 13983.500000000002 746.97916666666686 -3.9749999999999996 15338.187500000002 127.50000000000001 17.500000000000004 10274.000000000002 702.50000000000011 108080.89583333336 66.132114683232174 301.50000000000006 20981.500000000004 73.268114604166684 -11.774999999999999 118349.50000000001 2404.8958333333339 774.50000000000011 124606.62500000001 27.725000000000005 109575.00000000001 32493.125000000004 1343.5000000000002 55.465836581206318 70.851287500000026 12735.756101914243 42237.500000000007 22.725000000000005 80.678505000000015 32556.500000000004 1.0750000000000004 77.065874500000021 1355.5000000000002 2404.8958333333339 32322.500000000004 85.483390000000014 2197.5208333333339 29012.062500000004 1035.7708333333337 64.436202522094277 141529.00000000003 -5.2249999999999988 2200.5000000000005 67.486255000000014 1.1750000000000009 4.5000000000000009 1.3000000000000005 9772.086953093285 7372.5000000000009 53.75578859283474 -1.825 32659.500000000004 81.494348000000016 8378.5000000000018 146437.50000000003 18169.599754664552 -1.4644275000000027 92.617955000000009 89.748497000000015
decision_type=2 2 2 2 2 2 2 2 2 2 2 2 2 2 2 2 2 2 2 2 2 2 2 2 2 2 2 2 2 2 2 2 2 2 2 2 2 2 2 2 2 2 2 2 2 2 2 2 2 2 2 2 2 2 2 2 2 2 2 2 2 2
left_child=7 2 3 11 -3 6 -6 39 12 10 13 -2 -9 14 18 16 -16 -17 41 20 -19 22 23 -22 -25 -26 -14 53 31 30 38 32 61 -34 -35 -5 43 -38 -30 48 -41 42 -7 58 45 -11 -43 54 49 51 -51 -1 -53 -10 -31 -23 -48 -46 -15 60 -33 -29
right_child=1 4 -4 35 5 9 -8 8 27 44 -12 -13 26 36 15 17 -18 19 -20 -21 21 55 -24 24 25 -27 -28 28 29 47 -32 59 33 34 -36 -37 37 -39 -40 40 -42 46 -44 -45 57 -47 56 -49 -50 50 -52 52 -54 -55 -56 -57 -58 -59 -60 -61 -62 -63
leaf_value=-56.708504402060136 28.847934303551039 20.750080086351105 35.343226475230317 6.6240048665595452 23.225504332058783 -2.6056928240401289 -4.9582103897659273 3.1019831973438352 0.27678754305016312 -0.50989173204408444 16.351462736329587 26.215798289234446 2.7574239561175538 -3.1424135872041297 0.55047026661447118 14.462879344515038 3.9355723577887827 -6.966506483761556 1.5518932511165611 4.8327481457636265 -0.53729638805835633 -1.0577225625460269 -23.066464797959945 12.817786113574014 11.991458772540609 0.035751836051545222 -6.8969648524728306 -34.822130661075803 -0.093575613525306564 -12.807542137839063 4.7351478184263494 -7.1506344115475358 -10.946228925026094 3.266720489969992 0.22662850823817154 -3.9526306336104682 -2.365202554122138 2.5315292312346105 0.9117122234458318 5.7535988098653217 -52.150661855974889 1.0559767245247227 4.0703224032532885 0.69639393438491759 -36.624218074469034 6.975277758860404 -1.816508936636219 0.31060375336570389 -73.519317316567864 -49.620900776019653 9.3827986545284414 -62.586944139065345 7.6586520840892618 -38.93578104098124 0.070945162643995183 0.40554292904752742 0.02310763200095195 -0.095641166601694638 -0.047101686233452407 -29.094258969506686 0.85355112333874361 -0.54444911906838522
leaf_weight=450 29 20 24 23 31 26 26 30 36 52 21 30 20 239 20 26 22 49 30 25 26 55 23 20 32 34 43 94 35 81 22 100 40 32 30 27 31 21 24 20 55 21 21 37 268 20 225 31 3114 64 23 37 20 525 29 20 29 38 31 322 26 20
leaf_count=450 29 20 24 23 31 26 26 30 36 52 21 30 20 239 20 26 22 49 30 25 26 55 23 20 32 34 43 94 35 81 22 100 40 32 30 27 31 21 24 20 55 21 21 37 268 20 225 31 3114 64 23 37 20 525 29 20 29 38 31 322 26 20
internal_value=-0.00151563 0.00107111 0.0098272 0.00687443 0.00031187 0.000138239 0.0069352 -0.00232872 -0.00130316 -0.000125163 0.00056729 0.0121827 0.00341568 0.000355563 0.00117171 0.00312695 0.00904988 0.00231216 -0.000775349 0.00153115 0.000926283 0.00184198 0.00364175 0.00500446 0.00707317 0.00467473 0.000285261 -0.00160874 -0.000998759 0.00104007 0.00399507 -0.00168499 4.16467e-05 0.00285015 0.00661836 0.000538921 -0.00123643 0.00213052 0.00152284 -0.00274537 0.000159786 -0.00131326 0.00203822 -0.001817 -0.00211849 0.000291261 -0.00189749 -0.000637846 -0.00280494 -0.00203501 0.00110218 -0.00257937 0.000630472 -0.00256639 -0.00160763 -0.00135819 -0.00227863 -0.0026952 -0.00232136 -0.00252399 -0.00154639 -0.00244522
internal_weight=6995 1672 133 109 1539 1519 57 5323 1540 1462 1084 59 93 1063 704 352 42 310 352 284 259 210 135 112 86 66 63 1447 886 222 81 664 216 102 62 50 359 52 59 3783 75 322 47 307 378 72 275 141 3708 594 87 507 57 561 110 75 254 306 270 448 126 114
internal_count=6995 1672 133 109 1539 1519 57 5323 1540 1462 1084 59 93 1063 704 352 42 310 352 284 259 210 135 112 86 66 63 1447 886 222 81 664 216 102 62 50 359 52 59 3783 75 322 47 307 378 72 275 141 3708 594 87 507 57 561 110 75 254 306 270 448 126 114
is_linear=0
shrinkage=0.03


Tree=65
num_leaves=63
num_cat=0
split_feature=17 70 50 10 58 66 32 61 1 58 53 27 50 13 44 5 44 31 3 0 29 25 35 70 52 33 33 35 66 47 24 66 61 33 56 50 28 10 15 5 54 13 63 59 51 27 54 26 32 51 57 44 61 28 15 0 26 65 35 0 33 24
split_gain=16.1791 11.3914 6.49245 4.26863 4.89391 3.86004 3.86564 3.5318 3.03134 7.26013 3.02044 3.28081 2.31067 2.30818 2.10814 2.08736 3.00599 1.77606 2.96427 1.43861 1.30137 1.14467 1.12834 1.39985 1.05162 0.991062 0.845676 1.26512 1.22185 1.57862 0.763812 1.16434 1.20528 0.997128 0.865025 1.22092 0.743218 0.705697 1.43134 3.63857 3.05588 0.634242 0.922912 0.627339 0.602603 0.541378 0.537075 0.512887 0.419962 0.632241 0.367929 0.344025 0.291015 0.336334 0.278375 0.25141 0.214238 0.309808 0.187707 0.61175 0.655494 0.17262
threshold=-12.974999999999998 104027.87500000001 1028.2708333333335 0.56392291514228221 4680.229166666667 2872.8333333333335 59.559166906041362 682.50000000000011 -3.9749999999999996 652.25000000000011 2105.5000000000005 11.932624448225834 2404.8958333333339 90596.500000000015 33841.500000000007 3.5000000000000004 32497.500000000004 54.964888829772768 61.645634194576935 117033.50000000001 62.804537608028589 83.166527500000015 19183.000000000004 101209.08333333336 1238.5000000000002 1.6786645752830451 1.8062653261032633 27038.000000000004 1568.6458333333337 493.50000000000006 85.077210000000022 895.29166666666686 588.50000000000011 1.9874782706489673 10799.000000000002 771.16666666666686 2.5106375000000019 0.87900005428953576 8817.9909082744016 1.0000000180025095e-35 1107.1458333333337 94673.500000000015 1181.5000000000002 545.50000000000011 1541.5000000000002 5.9909107575067795 2175.7500000000005 87.034621854166673 58.688789603012715 802.50000000000011 10977.000000000002 32945.000000000007 2929.5000000000005 0.6459740000000026 4021.2395731393867 102446.00000000001 79.561720062500015 1144.5000000000002 16127.500000000002 80227.500000000015 1.3805495156371248 95.80966500000001
decision_type=2 2 2 2 2 2 2 2 2 2 2 2 2 2 2 2 2 2 2 2 2 2 2 2 2 2 2 2 2 2 2 2 2 2 2 2 2 2 2 2 2 2 2 2 2 2 2 2 2 2 2 2 2 2 2 2 2 2 2 2 2 2
left_child=2 14 -1 8 10 20 -7 -4 9 -3 12 -12 17 15 22 16 -10 18 55 36 -6 24 37 -24 -21 -20 61 28 29 41 34 32 -32 -34 50 -36 52 58 45 -40 -41 -28 46 -17 -26 -39 -43 56 49 -30 54 -42 -11 -54 -15 -5 57 -33 -2 -60 -61 -19
right_child=1 3 7 4 5 6 -8 -9 13 19 11 -13 -14 30 -16 43 -18 26 25 21 -22 -23 23 -25 44 -27 27 -29 48 -31 31 47 33 -35 35 -37 -38 38 39 40 51 42 -44 -45 -46 -47 -48 -49 -50 -51 -52 -53 53 -55 -56 -57 -58 -59 59 60 -62 -63
leaf_value=0.5838331311711269 -67.444195914113834 36.683247544922345 27.295933812453853 0.12070298040592589 -0.79519410402529944 2.9363901756699065 20.078956637638488 29.165519025203377 -0.039568579509485773 -2.5564644366651912 -5.6322113935860392 6.6947707064341433 8.1097537674618394 -1.4910626869061168 3.1143775131443547 0.17215281235078575 8.0584492271328738 -2.4099097125871589 4.9119007012021827 27.06045844596423 7.3269061912143334 -0.45027341188656733 2.8155897987063652 -7.5094259290335996 -0.45831562246230695 10.548834205774533 -1.2145307765817117 8.152005366998198 -5.512721810980163 2.0091646066832536 -22.459404504095193 -17.773329167912905 0.16411049935961572 5.8805109990949749 -14.121384680022855 11.007010096392907 2.7030928510475269 1.8097120760935734 11.726223132447206 7.6009022575372827 -23.572526378940672 -5.1623118130697652 1.3026072437941112 -12.287463957781151 17.247889243262311 -41.129112054993293 0.12818154602050014 0.64981534170955468 -6.7935839976231263 0.30992230791479031 -1.0482226374340602 2.1829275830887855 1.2073739163662665 -14.5935465562748 -17.853750045012294 -2.4089045600155208 -14.676449945525428 0.63503779983395769 2.3696147012900322 0.86210233960445481 -35.855826842659205 0.35047523106117695
leaf_weight=29 3200 20 20 20 25 29 23 35 29 107 23 38 32 25 27 25 26 142 20 21 24 27 23 37 29 23 56 20 24 31 20 25 21 22 22 20 27 26 22 21 144 30 20 49 25 489 24 20 135 20 32 22 28 20 901 31 106 24 20 32 367 20
leaf_count=29 3200 20 20 20 25 29 23 35 29 107 23 38 32 25 27 25 26 142 20 21 24 27 23 37 29 23 56 20 24 31 20 25 21 22 22 20 27 26 22 21 144 30 20 49 25 489 24 20 135 20 32 22 28 20 901 31 106 24 20 32 367 20
internal_value=-0.00148132 -0.00164084 0.0115933 -1.20921e-05 0.00177385 0.00795252 0.0136468 0.0176407 -0.000879661 0.00182506 0.000888449 0.00726678 0.000282363 -0.00148343 -0.00255231 0.00232378 0.00675136 -0.000121734 0.00366631 0.000580781 0.00183299 0.00343781 -0.00260408 0.00144759 0.00535286 0.00946636 -0.00081019 0 -0.000432227 0.00145251 -0.00188272 -0.000340194 0.00313788 0.00598608 -0.00224678 0.00192399 -0.00100494 -0.00266077 -0.00179395 0.000286943 -0.00105826 0 0.00182186 -0.000931175 0.00304991 -0.00264415 -0.000166359 -0.00161051 -0.00214405 0.000340135 -0.00243294 -0.00243829 -0.00181818 6.23693e-05 -0.00254292 -0.00117417 -0.00220503 -0.000488799 -0.0028333 -0.00220473 -0.00246555 -0.0026095
internal_weight=6995 6911 84 2481 810 101 52 55 1671 304 709 61 648 1367 4430 129 55 616 94 284 49 102 4403 60 75 43 522 360 340 161 1238 238 63 43 1000 42 182 4343 724 209 187 130 74 74 54 515 54 175 179 44 958 166 155 48 926 51 155 49 3619 419 399 162
internal_count=6995 6911 84 2481 810 101 52 55 1671 304 709 61 648 1367 4430 129 55 616 94 284 49 102 4403 60 75 43 522 360 340 161 1238 238 63 43 1000 42 182 4343 724 209 187 130 74 74 54 515 54 175 179 44 958 166 155 48 926 51 155 49 3619 419 399 162
is_linear=0
shrinkage=0.03


Tree=66
num_leaves=63
num_cat=0
split_feature=38 26 10 49 25 35 5 45 49 40 38 36 19 45 5 52 27 22 11 28 43 35 27 14 66 43 55 16 35 17 65 51 27 37 19 20 10 52 37 5 54 44 14 32 24 53 66 16 13 13 24 29 35 45 17 1 30 30 12 51 14 24
split_gain=16.9524 10.4614 3.81858 3.62551 3.41246 3.22995 2.5579 5.43725 3.31038 1.9938 1.80484 2.78839 1.65742 2.51185 2.41752 2.55137 2.57935 2.09386 2.04259 1.70071 1.59519 1.54002 1.51486 2.22248 1.43936 1.408 1.23715 1.21144 1.12948 1.12264 1.08509 1.7854 1.04025 1.95799 1.07186 0.945187 2.43618 3.35705 1.84111 2.69694 1.35771 2.52859 0.845668 1.2502 0.698799 0.565518 1.66492 1.30887 0.425813 0.413643 0.369337 0.362477 0.347863 0.334446 0.857273 0.316264 0.285705 0.523743 0.255211 0.235393 0.228732 0.165456
threshold=23262.041666666668 64.982578770833342 0.87900005428953576 201.50000000000003 77.236397500000024 16307.000000000002 1.5000000000000002 33867.500000000007 169.50000000000003 52039.500000000007 25592.687500000004 27480.500000000004 -0.72499999999999987 32722.500000000004 2.5000000000000004 1232.5000000000002 11.192435707109238 1.1250000000000002 89996.500000000015 -5.7641350000000022 33781.500000000007 27578.500000000004 11.834496649738256 115923.60416666667 417.52083333333343 28122.500000000004 10529.000000000002 2001.5000000000002 30210.500000000004 -0.87499999999999989 6692.0000000000009 1050.5000000000002 14.570933194082363 20505.000000000004 22.925000000000001 18.665625000000002 0.74305326206722599 726.50000000000011 12491.000000000002 1.0000000180025095e-35 1740.541666666667 32630.500000000004 108474.95833333336 63.26292827384507 82.932975000000013 1360.5000000000002 3022.604166666667 386.50000000000006 85237.000000000015 113458.50000000001 72.954772000000006 55.581439951662212 27427.000000000004 27408.500000000004 5.7250000000000005 21.975000000000005 61.477814772128369 59.731136345543938 126137.50000000001 794.50000000000011 100040.43750000001 94.402335000000008
decision_type=2 2 2 2 2 2 2 2 2 2 2 2 2 2 2 2 2 2 2 2 2 2 2 2 2 2 2 2 2 2 2 2 2 2 2 2 2 2 2 2 2 2 2 2 2 2 2 2 2 2 2 2 2 2 2 2 2 2 2 2 2 2
left_child=5 2 3 -2 24 35 8 22 -6 12 21 27 61 17 15 29 -17 25 -16 49 -5 44 28 -24 -3 -14 45 -12 56 -15 51 59 33 -25 -34 53 60 -38 -39 -40 41 48 -27 -44 -10 46 47 -26 -41 -19 -48 -20 -11 54 -1 -45 57 -8 -58 -32 -37 -7
right_child=1 4 -4 20 6 9 7 -9 10 52 11 -13 13 14 18 16 -18 19 30 -21 -22 -23 23 32 26 42 -28 -29 -30 -31 31 -33 34 -35 -36 36 37 38 39 40 -42 -43 43 55 -46 -47 50 -49 -50 -51 -52 -53 -54 -55 -56 -57 58 -59 -60 -61 -62 -63
leaf_value=4.3116920477827421 30.649379927567669 5.5680018868827954 34.291227386097333 -3.4204110871674667 19.505973944543253 -29.188274575558601 -13.976815183754074 19.073068428619944 0.57823799907011875 -47.305884171697016 9.7556701964623418 -3.5463857091184736 0.83588683503848593 3.1204260454697796 4.4432332997821451 2.4185967930582954 3.8841461143781593 -0.64744846375397991 1.2526028541902805 2.9714492173348486 16.288043384731445 21.601731920104378 4.7755403027593708 10.621363290971626 -1.4953798130981482 -21.266757450752134 13.022901536093865 17.30794200782222 2.4838571031331784 -0.38973949533253166 -7.6780910039869985 4.3334925870746828 -2.4739049358217104 -0.12164240658360767 3.3747218441274542 -51.101331528241147 9.3235593970779505 -17.398624956221436 9.011899031563452 0.45920621483415308 -18.023960116573939 6.9601434460627596 0.92421914676234318 -2.082935283971131 -0.69743497513635533 -8.3490200174291402 0.12057931188666351 15.867584683640381 -7.7031929717294325 0.91486821015750852 -6.0812399079324075 -16.294324195530965 0.12360395467087454 -69.4463164356021 -21.191092713016676 0.065890649544396246 -1.0630712615943434 0.42394898758683403 0.13418827582807638 0.057266113475599734 -15.254411102982543 0.33996097412932103
leaf_weight=20 36 22 20 38 22 221 22 23 33 405 32 27 25 21 26 32 20 26 20 37 21 20 20 20 28 403 20 21 21 33 27 25 71 20 28 796 23 189 23 21 68 23 26 50 67 267 20 29 32 20 116 104 24 2777 79 30 183 22 25 20 35 20
leaf_count=20 36 22 20 38 22 221 22 23 33 405 32 27 25 21 26 32 20 26 20 37 21 20 20 20 28 403 20 21 21 33 27 25 71 20 28 796 23 189 23 21 68 23 26 50 67 267 20 29 32 20 116 104 24 2777 79 30 183 22 25 20 35 20
internal_value=-0.00146417 0.00163434 0.0102693 0.00769716 0.000788736 -0.002168 0.00217988 0.000883322 0.00482215 -0.00102904 0.00358321 0.00707865 -0.000392042 0.00017141 0.00229503 0.00602262 0.0107678 -0.000952845 0.000499774 0.0034657 0.00304568 0.00122398 0.000118028 0.00245129 -0.00108146 -0.00164576 -0.00143095 0.0110734 -0.00123032 0.00138632 -0.000535442 0.00237171 0.00107836 0.00516209 -0.000544905 -0.00261741 -0.00190645 7.91341e-05 -0.000631846 0.0016517 0.000104094 0.00287779 -0.00199175 0.000367577 -0.000269731 -0.00175397 -0.000497152 0.00378284 -0.000677967 -0.00032538 -0.00231448 -0.00224819 -0.00278257 -0.00291541 -0.00115035 -0.00146067 -0.00179691 0.000340135 -0.00226334 -0.00101911 -0.00281555 -0.00261302
internal_weight=6995 1294 115 95 1179 5701 677 455 222 1615 200 80 1186 945 328 106 52 617 222 83 59 120 432 159 502 534 480 53 273 54 196 72 139 40 99 4086 1210 379 356 167 144 76 509 106 100 460 193 57 53 46 136 124 429 2876 99 80 252 44 208 47 831 241
internal_count=6995 1294 115 95 1179 5701 677 455 222 1615 200 80 1186 945 328 106 52 617 222 83 59 120 432 159 502 534 480 53 273 54 196 72 139 40 99 4086 1210 379 356 167 144 76 509 106 100 460 193 57 53 46 136 124 429 2876 99 80 252 44 208 47 831 241
is_linear=0
shrinkage=0.03


Tree=67
num_leaves=63
num_cat=0
split_feature=38 62 36 37 33 17 36 38 10 33 68 22 39 64 60 36 33 26 50 62 17 24 18 62 9 1 66 16 16 5 59 57 51 63 37 35 38 56 26 25 44 44 62 1 47 68 57 25 11 39 47 35 7 62 29 14 15 45 26 38 35 28
split_gain=16.2805 12.0336 6.4842 3.95268 7.63832 3.5515 4.14111 2.93531 2.90514 2.8965 4.7874 5.35018 2.42168 2.4504 3.17284 2.18836 2.05953 3.79847 2.48958 2.13181 1.95603 2.56114 1.8332 1.82711 1.67903 1.32613 2.02562 1.32077 1.1328 1.12656 0.874506 0.819419 1.13854 2.10765 0.793977 1.99545 0.743048 0.682039 0.591614 1.17429 1.65167 0.565069 0.538666 0.532104 0.518736 0.502635 0.491794 1.15893 0.404513 0.341859 0.304091 0.276832 0.270045 0.260869 0.413643 0.243727 0.231656 0.363106 0.213397 0.205253 0.30208 0.180289
threshold=22766.104166666672 1022.7083333333334 32351.500000000004 18139.500000000004 2.7456389481002508 -11.774999999999999 30554.500000000004 13206.91666666667 0.56392291514228221 2.8473123617061558 91672.000000000015 0.72500000000000109 42343.500000000007 916.50000000000011 471.50000000000006 23818.500000000004 1.7101502930883263 73.268114604166684 1448.0000000000002 2325.4375000000005 23.825000000000006 76.718035000000015 -5.2249999999999988 1778.4583333333335 1.0000000180025095e-35 7.5250000000000012 3289.5000000000005 4550.5000000000009 4875.0000000000009 1.0000000180025095e-35 973.50000000000011 23.500000000000004 2301.5000000000005 2030.5000000000002 27690.500000000004 28212.000000000004 25592.687500000004 1.5000000000000002 81.609745500000017 79.168490000000006 32539.500000000004 33841.500000000007 1334.5833333333337 16.225000000000005 677.50000000000011 79632.500000000015 21.500000000000004 89.206675000000004 111350.00000000001 49996.500000000007 1836.5000000000002 30210.500000000004 28.500000000000004 2735.0208333333335 56.089847568766039 105030.31250000001 14401.689679922138 32471.500000000004 89.465987479166685 28101.208333333336 28212.000000000004 3.2799129999999939
decision_type=2 2 2 2 2 2 2 2 2 2 2 2 2 2 2 2 2 2 2 2 2 2 2 2 2 2 2 2 2 2 2 2 2 2 2 2 2 2 2 2 2 2 2 2 2 2 2 2 2 2 2 2 2 2 2 2 2 2 2 2 2 2
left_child=7 24 3 4 16 6 30 -1 28 12 11 23 53 14 -14 20 37 19 22 -18 27 -22 -19 -11 -2 -12 55 36 31 -15 -5 32 41 -34 38 44 49 -3 51 52 -41 45 -31 -25 48 -9 56 -48 -36 -7 58 59 -40 61 -55 -27 -47 -58 -33 -17 -61 -10
right_child=1 2 -4 5 -6 15 -8 8 9 10 25 -13 13 29 -16 34 17 18 -20 -21 21 -23 -24 43 -26 26 -28 -29 -30 42 -32 50 33 -35 35 -37 -38 -39 39 40 -42 -43 -44 -45 -46 46 47 -49 -50 -51 -52 -53 -54 54 -56 -57 57 -59 -60 60 -62 -63
leaf_value=-100.95778835204175 34.516187704366644 7.6900092872094445 29.234355345810165 -0.90774705507398379 18.867163731046084 -1.6848327457510122 24.752697896914384 1.1188454266225052 -15.592076913939062 5.1072761653482655 -31.364959852307869 8.4661578246797884 -17.161384643347247 0.95179694831045347 2.3154746741052481 -6.2929145262066344 -0.83438726825180776 15.735088015119242 24.979570493829083 13.129024862441211 -0.51921532466970399 5.4410756293831133 -0.45733058802340237 -9.9615953421492502 33.985291765975738 -2.9187503756931155 3.9140627381881981 7.6945690032022549 1.7929814782600892 7.4454096138380335 7.3212474426944203 -48.348413734342223 -34.045126220936481 1.0332875273742796 -17.316492142138397 6.1387141186481653 1.0967263726526713 -1.3613683835030481 -8.8149550224744022 -1.5523445704181429 16.838703763733136 0.47942461444555334 -5.4995417691989212 0.43732904988613847 -22.45770121349388 -30.000983946936749 -7.1542375768728066 4.6054486127972831 1.493161450209544 0.15846394697122979 -12.257354190895084 0.26704238510117184 0.15979552249141257 -1.3011319560444283 1.013997769557093 0.10329498831414204 -25.30165187939809 2.0493761129848052 -0.598846997389887 0.046821237179546872 -0.72126058445441354 -6.1584438798825527
leaf_weight=2493 20 31 25 25 23 78 25 22 405 22 107 27 27 38 39 372 73 20 27 28 25 24 24 26 21 29 27 24 25 20 26 1223 36 24 22 37 27 75 102 22 20 38 144 23 71 441 76 25 20 20 26 23 20 26 20 20 30 23 37 39 67 20
leaf_count=2493 20 31 25 25 23 78 25 22 405 22 107 27 27 38 39 372 73 20 27 28 25 24 24 26 21 29 27 24 25 20 26 1223 36 24 22 37 27 75 102 22 20 38 144 23 71 441 76 25 20 20 26 23 20 26 20 20 30 23 37 39 67 20
internal_value=-0.00145559 0.00136598 0.000898876 0.000623695 0.00366656 -0.000214857 0.00603154 -0.00219783 -0.00157086 -0.00026174 0.00232657 0.00767584 -0.00125017 0.00101828 0.00603631 -0.000687001 0.00227616 0.00430564 0.00962025 0.000534124 0.00213528 0.00733197 0.00510204 0.00329114 0.0173723 -0.000524304 0.00248357 0.000402414 -0.00222842 -0.00060861 0.00105675 -0.00230873 -0.00148511 0.00244592 -0.00137652 0.000579613 -0.000815348 -0.000989633 -0.00182228 -0.000237661 0.00406176 -0.0018501 -0.00170018 0 -0.00137931 -0.00207098 -0.00223828 -0.000296737 0.0012114 -0.00204893 -0.00276417 -0.00233486 -0.00174447 -0.00254723 -0.00032538 -0.0010998 -0.00262902 -0.000677967 -0.00283073 -0.00249111 -0.00127239 -0.00278052
internal_weight=6995 1456 1415 1390 301 1089 76 5539 3046 1020 281 98 739 268 66 1013 278 172 71 101 198 49 44 71 41 183 76 149 2026 202 51 2001 715 60 815 150 125 106 665 164 42 655 164 49 113 617 595 101 42 98 1286 501 122 471 46 49 494 53 1260 478 106 425
internal_count=6995 1456 1415 1390 301 1089 76 5539 3046 1020 281 98 739 268 66 1013 278 172 71 101 198 49 44 71 41 183 76 149 2026 202 51 2001 715 60 815 150 125 106 665 164 42 655 164 49 113 617 595 101 42 98 1286 501 122 471 46 49 494 53 1260 478 106 425
is_linear=0
shrinkage=0.03


Tree=68
num_leaves=63
num_cat=0
split_feature=35 17 35 20 70 50 56 10 61 19 57 16 44 51 5 56 66 36 36 30 33 46 51 14 64 56 20 10 37 33 17 50 31 64 34 1 24 44 65 65 24 47 1 59 25 25 57 66 1 16 5 40 42 31 17 41 2 57 59 35 40 10
split_gain=16.7023 9.12521 6.73043 5.6923 4.91668 4.58562 3.83585 3.6573 2.62944 2.03626 1.96315 1.89027 2.03146 2.01458 1.88263 2.4316 2.06036 1.80268 1.76696 1.669 1.17702 1.39156 1.64046 1.67303 1.25552 1.1566 1.14408 2.40056 2.26618 2.80022 3.67586 1.21038 1.11531 1.04376 0.980433 0.92309 0.865879 1.43166 0.943856 0.765694 0.71019 0.653745 0.869927 0.646811 0.626534 0.942889 0.621569 1.05433 0.614576 0.588648 0.495183 0.368408 1.77362 0.384232 0.318772 0.28212 0.265106 0.234085 1.25482 0.223467 0.206826 0.333156
threshold=27755.000000000004 -11.774999999999999 16307.000000000002 27.865625000000005 119178.81250000001 1028.2708333333335 12.500000000000002 0.35201941816566318 682.50000000000011 1.0750000000000004 28.500000000000004 6490.5000000000009 32524.500000000004 1723.0000000000002 1.5000000000000002 24.500000000000004 2514.8333333333335 16266.500000000002 31731.000000000004 61.150558780542625 1.8062653261032633 32131.041666666668 1336.5000000000002 120604.41666666667 1363.0000000000002 10441.000000000002 18.665625000000002 0.87900005428953576 12491.000000000002 2.8979711966441326 18.125000000000004 455.72916666666669 66.441779001453611 4093.0000000000005 -0.95027462788891615 -14.324999999999998 93.320215000000005 32437.500000000004 6692.0000000000009 6349.5000000000009 74.350305000000006 227.50000000000003 21.575000000000006 1117.5000000000002 85.828678000000011 89.823943000000014 3753.5000000000005 5595.3750000000009 -3.4749999999999996 -1704.9999999999998 1.5000000000000002 36097.000000000007 42397.083333333336 59.130434641287152 -10.124999999999998 45693.500000000007 82.379243000000017 1.0000000180025095e-35 785.50000000000011 26280.500000000004 42990.500000000007 0.74305326206722599
decision_type=2 2 2 2 2 2 2 2 2 2 2 2 2 2 2 2 2 2 2 2 2 2 2 2 2 2 2 2 2 2 2 2 2 2 2 2 2 2 2 2 2 2 2 2 2 2 2 2 2 2 2 2 2 2 2 2 2 2 2 2 2 2
left_child=2 5 26 7 6 -2 -3 10 -7 46 14 12 20 17 15 39 -17 -14 25 -15 -11 33 -23 24 -24 32 57 51 43 31 -31 -30 44 41 -19 -10 38 -38 59 55 -40 42 -22 -29 54 -46 -9 -48 -12 -42 -36 52 53 -28 -6 -4 -47 58 -1 -16 61 -52
right_child=1 4 3 -5 18 8 -8 9 35 11 48 -13 13 19 36 16 -18 34 -20 -21 21 22 23 -25 -26 -27 27 28 29 30 -32 -33 -34 -35 50 -37 37 -39 40 -41 49 -43 -44 -45 45 56 47 -49 -50 -51 60 -53 -54 -55 -56 -57 -58 -59 -60 -61 -62 -63
leaf_value=6.4265632938296164 4.1994106320674964 33.684166811436391 -0.015741925421887053 18.475329841712977 0.022234723105242129 22.958542015873377 0.76864401783954395 -3.9953194995044088 30.68962025286088 -4.3513200770538489 0.27871717397015666 5.0315468398545207 3.8770736506504511 0.30079459965973016 -24.414510614996871 -0.02865241481136226 4.0996227675440844 5.5450787410698057 22.551250560355289 14.161588945097765 -0.89872218645773716 -3.6876497853978214 3.8144013898603792 0.060096138752383968 0.53052782535061949 11.989938242149121 -25.152681985552835 -18.847651226993335 3.7285940707269147 12.813113056196334 0.077547837197896582 -7.6513463738783898 4.1467150420314196 4.4168487310619646 0.20975884198090441 18.749144421671318 -4.4525918667502564 0.88390798722253228 -19.832807388135297 5.3082467547205461 -9.5226462772551628 -1.6761164624851455 1.1163884558362571 1.6625340409931488 1.9066307281984081 -0.65010052427751475 -11.614374549275714 1.2857716336722016 -39.757207786327704 4.6442094193614913 -1.1491689916575454 -46.25750657671307 3.7888052332233246 0.38947782336234749 -2.6833333609468624 -12.419403166470152 0.44935408325462756 -65.520780214030594 -42.121562384164598 -0.17796091417890969 -4.3357502634090093 0.22230136827079242
leaf_weight=23 23 31 34 25 31 22 33 167 22 122 35 26 34 21 292 26 37 37 27 26 27 25 24 33 24 21 169 107 27 20 21 58 35 20 31 22 30 21 37 24 26 96 32 20 33 35 38 23 786 20 20 727 27 34 173 57 20 2741 112 33 51 21
leaf_count=23 23 31 34 25 31 22 33 167 22 122 35 26 34 21 292 26 37 37 27 26 27 25 24 33 24 21 169 107 27 20 21 58 35 20 31 22 30 21 37 24 26 96 32 20 33 35 38 23 786 20 20 727 27 34 173 57 20 2741 112 33 51 21
internal_value=-0.00142986 0.00369816 -0.00184905 -0.000579565 0.001913 0.0124579 0.00959438 -0.000732143 0.016475 0.000771628 -0.00166038 0.00160722 0.00128086 0.00345914 -0.000404961 0.00220662 0.00694136 0.00208655 0.000591841 0.00904459 -1.48854e-05 0.00104589 0.0037606 0.00584464 0.00941788 8.6175e-06 -0.00258804 -0.00180729 0.000782299 0.00363997 0.010073 0.000493536 -0.00042189 -0.000582525 0.000730793 0.0207483 -0.00142453 0.00223092 -0.00188924 -0.000364901 0.000938627 -0.00143134 0.00101523 -0.0020299 -0.00103732 0.00105562 -0.00167032 0.000883796 -0.00263062 0.00344902 -0.00053615 -0.00249504 -0.00142112 -0.00239291 -0.00195492 -0.00164654 -0.00130672 -0.00291541 -0.00164323 -0.00262073 -0.00166124 -7.13515e-10
internal_weight=6995 528 6467 2381 439 89 64 2356 66 898 1458 670 644 241 637 178 63 194 375 47 403 281 106 81 48 348 4086 1210 253 126 41 85 327 175 160 44 459 51 408 115 83 155 59 127 292 88 228 61 821 46 123 957 230 203 204 91 55 2876 135 325 92 41
internal_count=6995 528 6467 2381 439 89 64 2356 66 898 1458 670 644 241 637 178 63 194 375 47 403 281 106 81 48 348 4086 1210 253 126 41 85 327 175 160 44 459 51 408 115 83 155 59 127 292 88 228 61 821 46 123 957 230 203 204 91 55 2876 135 325 92 41
is_linear=0
shrinkage=0.03


Tree=69
num_leaves=63
num_cat=0
split_feature=17 35 50 49 58 63 20 36 16 61 4 5 35 55 51 55 27 65 26 62 59 62 26 30 65 4 16 38 31 58 20 22 25 20 35 17 16 61 36 16 26 56 33 34 35 54 20 33 48 17 3 24 33 38 49 34 20 60 48 27 55 51
split_gain=16.6954 10.1168 7.71506 4.37345 3.28265 3.62573 2.95124 7.43356 2.87641 2.50995 2.00246 2.11774 2.09841 1.87781 2.76358 1.83904 1.83705 2.94571 2.43764 2.64219 1.63933 1.91038 1.8951 1.62324 1.36916 1.24717 1.17339 1.14794 1.12183 1.05621 1.02157 1.56316 3.35918 1.00397 0.919775 1.17784 0.828642 0.783224 1.10392 0.747123 0.739756 0.734731 0.721417 1.29388 0.708491 1.04382 0.645671 0.644342 0.60277 0.597941 0.595774 0.546997 1.07545 2.81409 0.538274 0.45783 0.342233 0.318754 0.317644 0.270669 0.256526 0.391406
threshold=-11.774999999999999 16307.000000000002 1028.2708333333335 195.50000000000003 889.47916666666686 6349.5000000000009 27.490625000000005 25675.500000000004 6258.5000000000009 682.50000000000011 17.500000000000004 1.5000000000000002 29617.000000000004 7.5000000000000009 698.50000000000011 4.5000000000000009 12.840676285256205 2237.0000000000005 79.66643400000001 2067.3958333333335 676.50000000000011 2009.8125000000002 64.423343541666682 66.365517971143419 1424.5000000000002 14.500000000000002 -1287.4999999999998 25592.687500000004 56.434637438754407 4504.0625000000009 18.665625000000002 1.5749999999999995 84.580555000000018 24.776041666666675 13869.000000000002 21.075000000000006 3509.5000000000005 622.50000000000011 21625.500000000004 4875.0000000000009 84.843522041666688 6911.0000000000009 2.5191009724571538 -0.35242888228830432 27755.000000000004 2218.1666666666674 25.935416666666672 3.1139278473828025 230.50000000000003 -14.324999999999998 63.91400450429061 79.541347000000016 2.8979711966441326 12905.437500000002 86.500000000000014 0.58005721383213082 -8.107291666666665 1083.5000000000002 167.50000000000003 4.1071066407557408 44.500000000000007 1426.5000000000002
decision_type=2 2 2 2 2 2 2 2 2 2 2 2 2 2 2 2 2 2 2 2 2 2 2 2 2 2 2 2 2 2 2 2 2 2 2 2 2 2 2 2 2 2 2 2 2 2 2 2 2 2 2 2 2 2 2 2 2 2 2 2 2 2
left_child=2 30 47 4 5 25 13 -8 10 -4 11 16 20 14 57 26 17 18 19 -5 21 42 -23 -14 -10 -3 -16 40 -19 41 -2 33 34 51 -33 -36 -15 -24 -39 56 -20 -18 -13 -44 58 60 -40 -1 -38 -11 -42 -32 54 -54 -53 -30 -12 -6 -22 -60 61 -46
right_child=1 3 9 8 6 -7 7 -9 24 49 39 12 23 36 15 -17 29 28 27 -21 44 22 37 -25 -26 -27 -28 -29 55 -31 31 32 -34 -35 35 -37 48 38 46 -41 50 -43 43 -45 45 -47 -48 -49 -50 -51 -52 52 53 -55 -56 -57 -58 -59 59 -61 -62 -63
leaf_value=-1.7807443335781734 -61.953705213573393 10.019438219462478 22.269785755397194 3.2968025549470763 -4.4130585747240145 32.888687525497375 17.981805087643153 -0.35663859571387402 -0.63922445417370066 29.326039273825451 -0.19291800501804177 -3.4760578168542593 12.39254715658636 -3.4861815615486251 -5.5386487805830766 25.646492404451045 -3.2702941441171212 2.167452683445334 -8.2615411947369566 0.7723688027478367 0.25708521756127489 6.9244405711370787 -6.5152897183276783 -2.5133417932087276 4.9934159503473339 -2.6138173562766744 5.3871271278937902 15.2947457594139 -0.72120415898655132 0.87938246884257076 -44.407455978231248 -48.306528373592386 6.3305871445174864 0.56535916940557829 7.3994010261031278 -3.9070303074569077 3.7395043774308285 4.9076451374665702 0.34096811136000155 2.2820128007471241 1.1493246575105116 0.60494059533403921 0.74779745901388395 -11.173096221560387 -0.72373465096224932 5.2446112153265618 -1.0484999561345252 5.6764134919836868 -2.3032932577970291 17.784502397252368 -0.36434038008947001 0.20327237513305246 -56.15951830475823 6.8202556211715324 -19.597802081716107 5.0711327941275854 -45.952890341076298 0.012206056435075781 -0.37377578651789151 -21.503975516118203 -0.34028904216026684 0.06510521449244222
leaf_weight=25 2876 23 22 21 46 20 22 33 20 23 38 149 28 185 20 24 123 23 25 23 22 27 29 20 32 21 20 22 101 22 672 76 22 20 23 28 24 32 27 27 20 27 25 28 21 24 29 20 20 23 20 24 52 35 258 20 574 32 27 606 48 26
leaf_count=25 2876 23 22 21 46 20 22 33 20 23 38 149 28 185 20 24 123 23 25 23 22 27 29 20 32 21 20 22 101 22 672 76 22 20 23 28 24 32 27 27 20 27 25 28 21 24 29 20 20 23 20 24 52 35 258 20 574 32 27 606 48 26
internal_value=-0.00145559 -0.00164383 0.00997347 -0.000252138 0.00231993 0.00865835 0.00135884 0.00784029 -0.000800053 0.0163436 -0.000962247 -0.000397499 -0.00107097 0.000388035 0.00310345 0.00772231 0.0013554 0.00287895 0.00613272 0.0119048 -0.00133649 0.000372724 0.00301874 0.00505197 0.00616123 0.0037415 0.00366583 0.00316877 -6.24573e-05 -0.00106334 -0.00259539 -0.00185687 0.00100604 -0.0022618 -0.000849725 0.00223092 -0.00128328 0.00133219 0.00275823 -0.0023846 0.00110599 -0.00197868 -0.00149926 0.00146893 -0.00210438 0 0.000160427 0.000266075 0.00238095 0.0203688 0.00366583 -0.0023917 -0.00144676 0.00144661 -0.00235023 -0.00123865 -0.00260252 -0.00065301 -0.00249122 -0.0026157 -0.00138801 0.000127388
internal_weight=6995 6882 113 2796 490 64 426 55 2306 68 2254 1615 1168 371 142 64 447 275 131 44 1120 346 144 48 52 44 40 87 144 172 4086 1210 149 1061 127 51 229 117 88 639 65 150 202 53 774 119 56 45 44 46 40 1041 369 87 282 121 612 78 655 633 95 47
internal_count=6995 6882 113 2796 490 64 426 55 2306 68 2254 1615 1168 371 142 64 447 275 131 44 1120 346 144 48 52 44 40 87 144 172 4086 1210 149 1061 127 51 229 117 88 639 65 150 202 53 774 119 56 45 44 46 40 1041 369 87 282 121 612 78 655 633 95 47
is_linear=0
shrinkage=0.03


Tree=70
num_leaves=63
num_cat=0
split_feature=70 26 2 40 20 47 26 7 33 38 32 62 22 10 33 48 26 32 53 57 50 56 69 64 7 64 54 17 64 61 15 43 54 27 64 45 21 59 60 43 10 58 66 53 20 66 65 12 65 65 30 68 3 42 69 29 17 11 25 25 32 11
split_gain=15.552 11.2966 4.56205 3.93728 5.10395 3.13438 2.99938 2.69144 2.57207 2.40769 3.9942 2.48588 2.03381 2.11592 2.74066 1.61045 2.55191 1.76534 1.56744 1.55634 1.6302 1.54306 1.51105 1.49788 2.06098 2.15069 1.20159 1.07954 0.98249 0.951478 2.07512 1.05054 0.910752 2.4037 0.877567 1.65466 0.790614 0.730268 0.705698 1.08193 0.611584 1.40162 0.746801 1.00268 0.540626 1.38011 0.919747 0.445641 0.438616 0.452348 0.41101 0.358173 0.753287 0.260359 0.253045 0.205808 0.174714 0.211105 0.165454 0.488243 0.149433 0.239646
threshold=110882.95833333336 64.892538958333333 52.056273000000012 54705.500000000007 27.865625000000005 3318.0000000000005 63.833932437500003 11.500000000000002 1.6213543999208819 14368.85416666667 54.110982222259238 900.54166666666686 -0.74999999999999944 0.87900005428953576 2.053969312638086 110.50000000000001 85.91733172916669 57.167328492007861 812.50000000000011 15.500000000000002 389.60416666666669 10755.000000000002 122147.50000000001 1250.5000000000002 21.500000000000004 598.50000000000011 2279.5416666666674 23.275000000000002 951.50000000000011 2929.5000000000005 5627.9433352897277 31318.500000000004 2090.4166666666674 16.504650616901333 223.50000000000003 31780.500000000004 3.3445306717063414 1039.5000000000002 973.50000000000011 32202.500000000004 0.87900005428953576 3994.854166666667 1910.4166666666667 1255.5000000000002 0.15208333333333338 1668.5208333333337 2064.0000000000005 110126.50000000001 7176.5000000000009 642.50000000000011 63.657621198053256 81027.500000000015 56.524715025001306 48637.208333333343 121144.00000000001 60.675692126353717 -1.3749999999999998 94845.000000000015 82.247665000000012 84.580555000000018 66.021628370248862 103351.00000000001
decision_type=2 2 2 2 2 2 2 2 2 2 2 2 2 2 2 2 2 2 2 2 2 2 2 2 2 2 2 2 2 2 2 2 2 2 2 2 2 2 2 2 2 2 2 2 2 2 2 2 2 2 2 2 2 2 2 2 2 2 2 2 2 2
left_child=9 2 -2 4 7 6 18 8 37 32 -11 -12 -10 19 -15 16 17 -13 -4 20 -14 34 -7 24 36 -26 40 -27 -21 31 -31 -25 -1 -34 35 -5 50 -3 39 -36 44 42 43 -42 45 -17 -47 -48 49 -33 -9 52 -46 -30 60 -44 57 -53 -40 -60 -51 -62
right_child=1 3 5 21 -6 22 -8 23 12 10 11 15 13 14 -16 26 -18 -19 -20 28 -22 -23 -24 29 25 27 -28 -29 53 30 -32 48 33 -35 38 -37 -38 -39 58 -41 41 -43 55 -45 51 46 47 -49 -50 54 -52 56 -54 -55 -56 -57 -58 -59 59 -61 61 -63
leaf_value=-79.7389951054748 -3.5605604152602139 -7.7476481119913645 31.608882766473982 -16.091021488145181 17.260145467764733 16.826368722688219 6.9825180980873895 0.18494544556504144 9.2706676461375128 8.5695193543201178 19.354202726860013 2.0104979213570182 -0.7433530828155287 10.679137766513042 0.2434548136627589 3.1437729930006593 4.6570065410443195 -5.0912650761188969 -0.20841289300875446 0.86636970953943493 20.752755502048782 4.3770203611757585 24.704786745659586 3.7861085813414324 -0.18102424634422806 1.3410545822520981 0.53783097053328888 11.14535277678708 0.037402336637893045 5.0589579987285225 -0.83132548617871249 0.12887299227059124 -68.538028947154459 7.3048759769763283 -11.356536017220693 3.9191965210099915 4.1483647567098396 0.23709038522373299 -22.260007575938459 0.64417345425441352 1.1247730547291093 1.7364115275046599 -7.7578561108999002 -13.269563447179076 -22.204218389645188 0.73282100572284525 -17.987562522213377 0.24566656332461786 3.0519246909121613 -2.9495031668392606 -2.0605476570805705 -40.98507542909865 3.6609984782369831 -3.5263306458249524 -0.085870589334700223 -3.2642485786300006 -36.672350723313869 0.33513702893776831 1.1785219121488588 -0.82039895319859868 0.073265913321487616 -0.63704106067954003
leaf_weight=2943 31 60 31 32 31 22 31 26 29 28 30 20 20 20 32 24 25 82 31 26 27 23 20 23 20 21 38 21 23 24 35 37 109 35 34 26 29 39 433 30 35 34 163 29 36 20 263 27 23 267 61 22 20 54 27 35 1094 20 21 75 20 28
leaf_count=2943 31 60 31 32 31 22 31 26 29 28 30 20 20 20 32 24 25 82 31 26 27 23 20 23 20 21 38 21 23 24 35 37 109 35 34 26 29 39 433 30 35 34 163 29 36 20 263 27 23 267 61 22 20 54 27 35 1094 20 21 75 20 28
internal_value=-0.0014513 0.000895281 0.00836243 0.00016263 0.00133711 0.0107476 0.00760473 0.000958572 0.00317177 -0.00230374 -0.00150213 -0.00165981 0.00490697 0.00381494 0.00904031 -0.00179055 0.00146341 -0.000617043 0.00371981 0.00197868 0.00649681 -0.00161549 0.0176009 -0.000140463 0.00220662 0.00661836 -0.00201441 0.0104751 -5.81966e-05 -0.00101012 0.00253807 -0.00151023 -0.00283373 -0.000478835 -0.00188911 0.00160069 -0.0001292 -0.000847629 -0.00223571 0.000702027 -0.00212557 -0.000861196 -0.00161389 0.00117005 -0.00236878 -0.00128405 -0.00182844 -0.00226474 -0.00187267 -0.00212081 -0.00158439 -0.00267008 -0.00026738 -0.00178988 -0.00246419 -0.00252903 -0.00278585 -0.000783849 -0.00259686 -0.00140479 -0.0027039 -0.00106029
internal_weight=6995 1863 166 1697 1023 135 93 992 330 5132 2045 2017 231 202 52 1987 127 102 62 150 47 674 42 662 178 62 1860 42 103 484 59 425 3087 144 651 58 116 99 593 64 1822 296 262 64 1526 334 310 290 402 379 87 1192 56 77 342 198 1136 42 529 96 315 48
internal_count=6995 1863 166 1697 1023 135 93 992 330 5132 2045 2017 231 202 52 1987 127 102 62 150 47 674 42 662 178 62 1860 42 103 484 59 425 3087 144 651 58 116 99 593 64 1822 296 262 64 1526 334 310 290 402 379 87 1192 56 77 342 198 1136 42 529 96 315 48
is_linear=0
shrinkage=0.03


Tree=71
num_leaves=63
num_cat=0
split_feature=35 56 20 35 10 47 19 10 62 11 66 48 66 58 40 29 37 1 19 34 4 16 52 20 10 52 35 68 54 35 31 54 12 3 19 27 52 10 28 33 6 19 2 40 16 54 18 19 16 3 21 26 25 33 21 45 18 2 27 34 2 0
split_gain=16.0255 6.84936 6.71667 5.17742 3.69226 3.64619 3.12234 2.92085 3.86403 2.81312 2.54441 2.18775 1.8025 2.7664 2.18363 1.72413 2.44891 1.55349 1.57205 2.39191 2.05697 1.35472 1.2934 1.25709 2.70141 3.75926 1.94972 2.76452 1.11209 1.21592 1.06258 0.897827 1.49702 0.862725 0.78767 0.781726 1.37129 0.76553 1.09415 1.72856 0.828 0.651358 0.612464 0.871904 0.908617 0.819568 0.511086 0.619579 0.446949 0.442597 0.400632 0.364306 0.34553 0.552071 0.329045 0.302414 0.875495 0.29257 0.269212 0.230425 0.226322 0.177394
threshold=27755.000000000004 12.500000000000002 27.865625000000005 16127.500000000002 0.35201941816566318 3318.0000000000005 -1.1249999999999998 0.46472317204376884 1882.5416666666667 84319.000000000015 3944.7083333333335 1602.0000000000002 1391.2708333333337 4712.6250000000009 43836.000000000007 63.657621198053256 17256.000000000004 0.4250000000000001 -0.42499999999999999 1.3110996514655542 1.5000000000000002 2621.5000000000005 1691.5000000000002 18.609375000000004 0.74305326206722599 726.50000000000011 13395.000000000002 88273.000000000015 2175.7500000000005 22271.500000000004 66.967892017424887 1740.541666666667 93330.500000000015 61.093732408019356 19.625000000000004 3.822255081547842 681.50000000000011 1.0000000180025095e-35 0.017657499999998553 2.2640938101978585 9.5000000000000018 26.425000000000001 73.520695000000003 45046.000000000007 1018.5000000000001 1073.6458333333335 14.925000000000002 13.375000000000002 -90.499999999999986 64.083887953455005 3.5627189730790394 87.954510104166687 94.625710000000012 1.9810884900192802 1.432916286544663 27355.000000000004 6.9250000000000016 77.037553000000017 17.022673600133494 1.0361624970849592 91.138620000000017 106030.50000000001
decision_type=2 2 2 2 2 2 2 2 2 2 2 2 2 2 2 2 2 2 2 2 2 2 2 2 2 2 2 2 2 2 2 2 2 2 2 2 2 2 2 2 2 2 2 2 2 2 2 2 2 2 2 2 2 2 2 2 2 2 2 2 2 2
left_child=2 5 3 23 17 6 50 21 -9 -6 -8 -10 15 35 -15 16 -11 18 49 20 -20 30 -18 55 46 -26 33 -28 34 -30 54 32 -29 -27 -17 36 -14 40 -39 60 51 -24 43 44 45 -37 47 -25 57 -5 -2 -19 -44 -54 -3 56 -1 -22 59 -56 -40 -57
right_child=1 7 -4 4 9 -7 10 8 11 12 -12 -13 13 14 -16 28 22 37 19 -21 48 -23 41 24 25 26 27 31 29 -31 -32 -33 -34 -35 -36 42 -38 38 39 -41 -42 -43 52 -45 -46 -47 -48 -49 -50 -51 -52 -53 53 -55 58 61 -58 -59 -60 -61 -62 -63
leaf_value=5.4378516783514694 -1.2867210174139199 0.082005940470886621 16.863811429799409 -16.83622308067465 4.1098128140999393 24.477781581810127 15.169631349236633 30.3219685602471 -0.82887324036717303 2.4508545895553779 17.698546338572964 7.0257169460899007 -0.50473661403344039 0.92904317950433069 7.0303533957622051 0.54908916765841653 1.4577182659044514 -31.607556128239018 3.2603718954986936 16.342064543391022 -8.8036214561150388 3.4772617311144458 6.3733995698186039 -21.736726450332196 10.126530686555304 -20.862108353100904 6.0720808164909572 -0.25457504331022235 -1.2556101075813701 9.5040669247584031 1.8437362993594431 -8.9494905149817114 6.6725732878818373 2.8368780593866192 -0.84665186462819819 -3.4504623494607825 0.8949122708462236 -11.865938101186801 -5.863311201714799 3.6026219970559983 0.5350879467464994 -6.1923365219498949 -4.8054062594421412 -5.1694092863416197 7.0039909854080564 2.5229740564685534 -43.474051264813674 2.2182446277841747 0.57969346471825289 0.5144378513265323 14.148148156611919 0.14338258387646263 -4.4652255001736947 0.55374962838567621 -2.0476971638610362 -62.142871593702068 -40.316433310448517 0.21885974498448571 0.19739254158625216 -0.013862879097959684 0.16135523142219477 -11.386951633413863
leaf_weight=20 32 35 25 112 20 29 39 25 46 31 33 27 28 36 22 22 35 983 22 23 66 20 28 23 24 205 21 39 21 30 26 40 22 23 89 54 21 81 25 25 36 33 262 90 24 22 783 20 27 28 20 21 28 23 131 2734 56 22 34 31 20 22
leaf_count=20 32 35 25 112 20 29 39 25 46 31 33 27 28 36 22 22 35 983 22 23 66 20 28 23 24 205 21 39 21 30 26 40 22 23 89 54 21 81 25 25 36 33 262 90 24 22 783 20 27 28 20 21 28 23 131 2734 56 22 34 31 20 22
internal_value=-0.00143844 0.00358455 -0.00184905 -0.00190978 -0.000807851 0.00893534 0.00664786 0.00139163 0.00584098 0.000685452 0.0106935 0.00229822 0.000433766 -0.000486806 0.0057315 0.00238672 0.00500393 -0.00173027 0.000189936 0.00222986 0.000700218 -0.000173223 0.00259105 -0.00256765 -0.00174736 0.000360865 -0.000419881 0.00262899 0.00031462 0.00399217 -0.000770129 0.000534124 0.00284779 -0.00206488 -0.00135014 -0.00114653 0.00244399 -0.00221644 -0.000198545 0.00252496 -0.00250649 -7.14085e-10 -0.00150268 -0.000142031 0.00176823 0.000118265 -0.00270548 0.000417633 -0.000886187 -0.00211992 0.000978886 -0.00266806 -0.00231875 -7.13856e-10 -0.00142795 -0.00291409 -0.000985546 -0.00194098 -0.00191229 -0.00242443 -0.000931265 -0.00296615
internal_weight=6995 528 6467 6442 2410 153 124 375 98 919 72 73 899 610 58 289 127 1491 300 160 137 277 96 4032 1200 374 350 122 162 51 257 101 61 228 111 552 49 1191 151 70 1040 61 503 190 100 76 826 43 115 140 52 1004 313 51 231 2832 76 88 196 162 45 2756
internal_count=6995 528 6467 6442 2410 153 124 375 98 919 72 73 899 610 58 289 127 1491 300 160 137 277 96 4032 1200 374 350 122 162 51 257 101 61 228 111 552 49 1191 151 70 1040 61 503 190 100 76 826 43 115 140 52 1004 313 51 231 2832 76 88 196 162 45 2756
is_linear=0
shrinkage=0.03


Tree=72
num_leaves=63
num_cat=0
split_feature=38 17 58 21 58 67 38 24 10 30 58 66 66 36 43 69 50 54 45 12 28 0 61 57 20 70 54 56 36 59 0 39 47 66 14 62 43 10 20 58 20 63 70 21 28 1 2 51 67 52 16 7 55 12 11 26 41 32 38 60 30 63
split_gain=14.7696 8.2895 4.76401 5.87336 5.14206 3.46664 2.7288 2.33229 2.17882 3.3607 1.86076 3.17371 1.78183 1.70923 2.30993 1.58584 2.64687 1.3667 2.15744 1.20905 1.45604 1.21519 1.43513 1.00959 0.880925 1.747 1.38267 0.827516 0.773361 1.21865 0.847991 0.76096 1.10836 0.748059 1.49361 1.15448 0.83911 2.43644 0.88571 0.623821 0.534391 1.11688 0.512325 0.512074 0.460669 0.449422 0.436259 0.397587 0.983384 0.465678 0.38751 0.385951 0.368682 0.329373 0.632241 0.250517 0.779961 0.215375 0.191815 0.176332 0.156542 0.15526
threshold=22645.729166666672 -14.324999999999998 4924.3125000000009 4.0471720308942665 839.87500000000011 132806.50000000003 13206.91666666667 82.769125000000017 0.56392291514228221 50.228523321055953 3837.1458333333335 3861.7083333333335 946.81250000000011 30554.500000000004 33781.500000000007 93722.000000000015 674.00000000000011 1478.1250000000002 32393.500000000004 128977.00000000001 -8.3969000000000005 125883.50000000001 3488.0000000000005 23.500000000000004 24.881250000000005 112024.54166666667 2296.2916666666674 6.5000000000000009 14324.500000000002 1361.5000000000002 105171.00000000001 49339.000000000007 578.50000000000011 1194.6666666666667 115671.22916666667 2435.8541666666674 33854.500000000007 0.74305326206722599 -11.271874999999998 4141.8958333333348 1.0000000180025095e-35 2464.5000000000005 133964.58333333334 3.1928404050339894 -1.378602999999998 16.525000000000002 85.077210000000022 1312.5000000000002 103571.50000000001 1245.5000000000002 4875.0000000000009 19.500000000000004 4588.5000000000009 97206.500000000015 97534.500000000015 87.751469500000013 45148.500000000007 65.63299160996948 21465.645833333339 229.50000000000003 54.299756328952917 7491.5000000000009
decision_type=2 2 2 2 2 2 2 2 2 2 2 2 2 2 2 2 2 2 2 2 2 2 2 2 2 2 2 2 2 2 2 2 2 2 2 2 2 2 2 2 2 2 2 2 2 2 2 2 2 2 2 2 2 2 2 2 2 2 2 2 2 2
left_child=6 5 4 -4 7 -2 -1 -3 23 -10 12 17 15 19 43 -11 -17 18 45 20 -6 33 -23 24 26 -26 27 28 29 -8 60 47 -33 34 -22 39 38 -38 -35 57 41 -29 -21 -15 46 -12 51 -14 49 -49 55 -40 -53 54 -46 59 -57 -36 -19 -25 -30 -55
right_child=1 2 3 -5 13 -7 8 -9 9 10 11 -13 31 14 -16 16 -18 58 -20 42 21 22 -24 50 25 -27 -28 40 30 -31 -32 32 -34 36 35 -37 37 -39 44 -41 -42 -43 -44 -45 53 -47 -48 48 -50 -51 -52 52 -54 61 -56 56 -58 -59 -60 -61 -62 -63
leaf_value=-90.914897616357564 21.584938494018868 4.4721201930348347 16.276916850395363 -1.1126937075290197 3.3227876903314124 25.800006791654035 4.6719031725123061 29.514528169663116 7.3905610972680948 -9.4342174626731161 -7.4802650906457595 5.2195333384041422 -11.533621898162512 -11.290143874727574 16.170637132088633 7.4469348934954418 -0.48152057754746025 -1.090562072405068 3.0222749801433921 -32.959004255820091 0.99478215485589971 -0.14229309014192645 1.9456314381589708 -0.67085635674446242 1.700405868893986 -5.9807825989340966 1.7249762180078638 3.0837268183129476 -4.9212975197437805 -17.420166580973579 0.23945361135292242 2.803529787973758 -26.889344621174658 0.54535150779184449 -0.20483544696914877 4.3348517621723444 -2.0736744760844341 7.7332567764833753 -3.0607716706379291 0.31133695654987986 -41.423472444925615 -32.149571806785652 0.37947615597652939 4.8101999975488887 -0.2130091301645021 1.3312206647709692 4.2894167164925792 0.47959230585056178 4.1467018277242422 -26.454818451169551 1.0173774952944417 0.13331715112210588 -0.7517645857988805 -1.8056707034559611 2.6180549164342746 -37.945483754137634 0.81558071933939835 -1.7563900717102117 -0.11167493980661009 -44.256448541294901 -15.708788505497296 -0.13623629609511553
leaf_weight=2493 31 23 39 37 22 25 20 22 24 27 31 38 439 37 38 27 22 77 28 224 37 36 35 21 33 32 25 27 20 21 20 21 21 39 30 33 46 22 56 32 388 49 36 22 24 20 21 37 30 139 20 20 20 337 20 57 22 84 32 1169 82 35
leaf_count=2493 31 23 39 37 22 25 20 22 24 27 31 38 439 37 38 27 22 77 28 224 37 36 35 21 33 32 25 27 20 21 20 21 21 39 30 33 46 22 56 32 388 49 36 22 24 20 21 37 30 139 20 20 20 337 20 57 22 84 32 1169 82 35
internal_value=-0.00151134 0.0011449 0.000697918 0.00800263 0.000284212 0.0124599 -0.00222656 0.0102439 -0.0016177 -0.000479716 -0.0007522 0.00163202 -0.00146246 -5.74236e-05 0.00376931 0.00287779 0.00610998 1.59482e-05 0.00303413 -0.000367216 0.000126435 -5.17751e-05 0.00371308 -0.00219082 -0.00128016 0.00202765 -0.00161478 -0.00189444 -3.6788e-05 0.00350365 -0.00125307 -0.00194732 0.00192399 -0.000367948 0.00115224 0 -0.0008858 0.0022467 -0.00126377 -0.00112936 -0.0025404 -0.00019711 -0.00217993 0 -0.00158695 -0.000587085 5.12375e-05 -0.00220431 -0.0010917 -0.00195911 -0.0026949 -0.000780438 0.00142145 -0.0020548 0.000340135 -0.00276101 -0.00106195 -0.0021823 -0.00214482 -0.00287119 -0.00238002 -0.00234614
internal_weight=6995 1483 1427 76 1351 56 5512 45 3019 1013 989 226 763 1306 97 76 49 188 79 1209 949 927 71 2006 717 65 652 627 163 41 122 687 42 856 216 179 640 68 572 146 464 76 260 59 533 51 117 645 206 176 1289 96 40 416 44 1269 79 114 109 1190 102 372
internal_count=6995 1483 1427 76 1351 56 5512 45 3019 1013 989 226 763 1306 97 76 49 188 79 1209 949 927 71 2006 717 65 652 627 163 41 122 687 42 856 216 179 640 68 572 146 464 76 260 59 533 51 117 645 206 176 1289 96 40 416 44 1269 79 114 109 1190 102 372
is_linear=0
shrinkage=0.03


Tree=73
num_leaves=63
num_cat=0
split_feature=38 17 25 37 62 38 10 66 54 16 63 63 21 48 63 5 21 61 1 28 34 25 39 45 33 33 12 66 44 66 5 62 31 15 28 49 21 54 5 22 39 5 61 15 21 34 45 15 39 52 25 7 27 22 49 19 44 56 20 1 25 12
split_gain=14.3771 8.25973 4.04243 3.59752 3.4186 3.31328 2.13107 2.43125 3.79093 2.07983 1.99698 3.30112 2.74577 1.78623 1.77845 2.51341 1.7567 2.67377 1.74678 1.24362 1.97572 1.15943 1.37006 2.59961 1.45757 1.10929 1.15063 0.949953 1.78732 1.12643 0.857437 1.69732 2.02731 1.24705 0.848976 0.81034 1.32438 0.741632 2.82039 0.665244 0.663762 0.645077 0.846624 0.989209 0.564232 0.843823 0.552033 1.76362 0.519647 0.482371 0.443046 0.405536 0.385668 0.38135 0.356912 0.57781 0.356595 0.340498 0.328447 1.30527 0.326796 0.306822
threshold=22645.729166666672 -14.324999999999998 78.88113300000002 14034.500000000002 879.64583333333337 14889.958333333334 0.56392291514228221 1910.4166666666667 1192.2708333333337 3914.5000000000005 2361.5000000000005 5074.5000000000009 2.7055288766867678 82.500000000000014 1341.5000000000002 4.5000000000000009 1.2010590658223237 3254.0000000000005 20.175000000000001 -6.6415915000000032 -0.24035466622331822 77.024443000000005 45700.500000000007 33851.500000000007 2.7456389481002508 2.5669209549373408 83876.000000000015 1139.4583333333335 32305.500000000004 3239.6250000000005 1.5000000000000002 1304.9583333333337 61.431304970480582 16104.393339390279 -1.7890584999999992 215.50000000000003 2.6300477571532856 2090.4166666666674 1.0000000180025095e-35 0.67500000000000082 48211.500000000007 2.5000000000000004 4404.0000000000009 18020.251053713586 2.3833052700510624 0.56900258358441047 27355.000000000004 4782.7200145241313 49688.500000000007 1144.5000000000002 80.150345000000016 24.500000000000004 9.0822834112898132 -0.75000000000000033 1032.5000000000002 27.525000000000002 33859.500000000007 4.5000000000000009 24.881250000000005 22.575000000000006 65.420243000000013 118799.00000000001
decision_type=2 2 2 2 2 2 2 2 2 2 2 2 2 2 2 2 2 2 2 2 2 2 2 2 2 2 2 2 2 2 2 2 2 2 2 2 2 2 2 2 2 2 2 2 2 2 2 2 2 2 2 2 2 2 2 2 2 2 2 2 2 2
left_child=5 2 -2 -3 -5 37 13 8 -8 16 19 12 -12 -7 40 18 17 61 -16 20 -11 41 39 24 27 -9 -27 28 51 53 31 32 -15 44 -31 36 -28 46 -39 57 49 42 43 52 45 -33 47 -1 -21 -10 -36 -24 -18 -29 -50 -56 58 -23 -32 -60 -51 -6
right_child=1 3 -4 4 9 6 7 25 14 10 11 -13 -14 30 15 -17 21 -19 -20 48 -22 22 23 -25 -26 26 35 29 -30 34 56 33 -34 -35 50 -37 -38 38 -40 -41 -42 -43 -44 -45 -46 -47 -48 -49 54 60 -52 -53 -54 -55 55 -57 -58 -59 59 -61 -62 -63
leaf_value=5.1181301278488149 28.026646942128856 16.664115145959776 14.92705074639286 30.278433996286044 -4.7368634272434846 0.59643343020174378 7.4381308727488928 -11.733443417941888 0.58320861431020965 -0.65568934159507453 7.288501279036641 -0.39010156243475275 14.186932253869314 -0.16257140458145458 0.39083097397256139 -7.7897315128219748 0.2116998904075286 11.825402274846242 5.4800256764302349 6.9366246274579133 2.6650455219431004 0.014044329712884007 0.079878438793879722 10.934490590292823 3.3071981113760569 1.9992983601951784 -8.5356587239451418 1.4768527485541494 3.9399012380050209 2.6036202478896904 -34.357814421628483 -2.8727533574763604 4.9598361053370077 0.81176950500718259 4.9174046506377671 -4.5181029872076985 1.9720856444419301 7.4529519898711847 -81.538748835519868 0.07078991346849936 1.2003866347912453 -16.439489948555803 -27.434931376099051 4.1005767542839449 -31.916240047723502 3.1254454048628224 -65.604143258315773 -27.288452345274031 -1.9129867904775888 0.71015941523627402 -0.65644867861629608 -0.80052802768680953 -11.616648454499149 -1.6880060298753456 1.5456190714897766 -10.221864610151973 0.12118970214878784 -1.0322699796431409 3.8180785916932658 -27.121627725357094 -4.9975213216526972 0.090366762789598959
leaf_weight=20 24 23 32 21 22 34 35 252 20 22 22 20 25 21 30 32 28 29 21 36 29 34 20 23 29 36 23 30 26 24 871 42 20 21 21 97 27 38 121 33 20 263 102 23 189 22 3156 60 59 20 51 25 25 139 20 20 34 160 20 114 116 23
leaf_count=20 24 23 32 21 22 34 35 252 20 22 22 20 25 21 30 32 28 29 21 36 29 34 20 23 29 36 23 30 26 24 871 42 20 21 21 97 27 38 121 33 20 263 102 23 189 22 3156 60 59 20 51 25 25 139 20 20 34 160 20 114 116 23
internal_value=-0.00145559 0.00116513 0.0124599 0.00071894 0.000523466 -0.00216125 -0.00122715 8.22925e-05 0.00219313 0.00033837 0.00279731 0.00724292 0.0115924 -0.00191701 0.000926283 0.00454874 -0.000209717 0.00425101 0.00868884 0.00117679 0.00516634 -0.000525519 0.000312144 0.00139912 0.00077239 -0.00133762 0.000425996 0.000205295 0.00329114 -0.000611091 -0.00208921 -0.000704539 0.0049635 -0.00156512 0.0019667 -0.000734195 0.00233533 -0.00274278 -0.000716531 -0.00153237 -0.000766611 -0.0017003 -0.000286357 0.00208936 -0.00215725 0.000234009 -0.00284138 -0.000337079 -0.000310882 -0.00144138 0.000291261 -0.000266076 -0.000112995 -0.00209344 -0.00145308 0.000673316 -0.00250602 -0.0022102 -0.0026087 -0.00118568 -0.00209405 -0.000266076
internal_weight=6995 1483 56 1427 1404 5512 2117 729 294 1383 253 67 47 1388 259 83 1130 74 51 186 51 1056 615 388 365 435 183 336 71 265 1354 315 41 274 96 147 50 3395 159 227 176 441 178 76 253 64 3236 80 135 156 72 45 53 169 99 40 1039 194 1005 134 136 45
internal_count=6995 1483 56 1427 1404 5512 2117 729 294 1383 253 67 47 1388 259 83 1130 74 51 186 51 1056 615 388 365 435 183 336 71 265 1354 315 41 274 96 147 50 3395 159 227 176 441 178 76 253 64 3236 80 135 156 72 45 53 169 99 40 1039 194 1005 134 136 45
is_linear=0
shrinkage=0.03


Tree=74
num_leaves=63
num_cat=0
split_feature=14 1 20 36 51 56 11 58 10 60 48 16 29 57 58 51 63 34 34 22 22 62 23 46 46 14 53 49 57 5 34 49 30 59 15 18 1 13 64 54 66 44 1 66 20 65 29 3 61 59 15 45 57 58 51 12 61 14 65 5 2 45
split_gain=12.0643 8.03694 3.79322 6.24468 3.39533 2.67312 3.8685 3.67623 2.24315 2.06631 1.83802 1.45526 1.69617 2.34438 1.44004 1.76274 1.64251 1.67919 1.31053 1.26256 1.14813 2.72747 2.00786 1.10946 1.29979 2.69388 0.915682 0.909665 0.90684 1.20234 1.61868 1.39488 1.33725 1.09758 0.798977 0.791468 0.995395 1.0502 1.00096 0.741196 1.90329 0.712794 1.38369 0.638308 0.597451 0.553463 1.00804 0.545524 0.513103 0.468659 0.461164 0.415595 1.49266 0.405755 0.689869 0.324084 0.632241 0.45735 0.640709 0.226322 0.209431 0.197951
threshold=99694.770833333343 -14.324999999999998 27.865625000000005 25675.500000000004 1920.5000000000002 7.5000000000000009 108147.50000000001 839.87500000000011 1.0000000180025095e-35 3912.5000000000005 86.500000000000014 2478.5000000000005 60.675692126353717 285.00000000000006 4652.0208333333339 1387.5000000000002 2000.5000000000002 -0.41419239592389084 -1.4273733744391526 -1.0000000180025095e-35 1.2500000000000011 1751.8125000000002 85.886405000000011 32078.125000000004 32270.708333333339 117619.12500000001 2171.0000000000005 898.50000000000011 2918.0000000000005 2.5000000000000004 0.58005721383213082 2694.5000000000005 63.657621198053256 5271.0000000000009 17290.142862815159 28.825000000000006 23.925000000000001 117319.00000000001 1021.5000000000001 2197.5208333333339 3002.6666666666674 33600.500000000007 -1.0000000180025095e-35 3260.2500000000005 1.6343750000000004 6960.5000000000009 63.58619113139202 65.247518714891086 774.50000000000011 647.50000000000011 14541.766736606651 27408.500000000004 1.5000000000000002 3306.7500000000005 974.00000000000011 99319.500000000015 795.50000000000011 118983.83333333336 4728.0000000000009 1.5000000000000002 85.077210000000022 32978.000000000007
decision_type=2 2 2 2 2 2 2 2 2 2 2 2 2 2 2 2 2 2 2 2 2 2 2 2 2 2 2 2 2 2 2 2 2 2 2 2 2 2 2 2 2 2 2 2 2 2 2 2 2 2 2 2 2 2 2 2 2 2 2 2 2 2
left_child=11 4 5 -4 -2 6 10 -8 28 19 -3 39 20 59 15 26 -16 -18 -17 48 44 -22 -23 50 25 -25 45 -5 29 30 34 32 -32 -34 -7 36 37 38 -26 41 -41 51 -43 -19 -13 53 -47 -12 -9 -40 -20 52 -1 -10 -55 56 -31 -57 -59 -14 -56 -53
right_child=1 2 3 27 -6 8 7 9 14 -11 47 12 13 -15 16 18 17 43 23 -21 21 22 -24 24 35 -27 -28 -29 -30 55 31 -33 33 -35 -36 -37 -38 -39 49 40 -42 42 -44 -45 -46 46 -48 -49 -50 -51 -52 61 -54 54 60 57 -58 58 -60 -61 -62 -63
leaf_value=4.6090337270135979 19.715898295227579 1.1529852940851339 15.497285169074537 -1.6479013435814882 21.544151469246959 -2.2772430330033626 29.377887771490919 16.170329109359436 -4.2901602885686811 25.062719946078932 -3.0264567781505733 1.1952544226829342 0.68723728113228133 9.0037558125357968 -0.75720443002957161 3.8760894080062562 6.1353767791054299 -0.099840983751625562 0.13031128996226093 6.0431246255732303 -30.694729990865934 8.3209820931559104 -6.5035486295179794 2.4534665703423792 5.1257953816823107 0.90283318072309016 0.3250082132182755 1.3768372536180788 -33.949552721792934 -29.650165215452304 4.0349548188084565 -24.11433057109717 -0.906549783499904 2.375965988872017 1.0106495868717333 1.3473200410461876 -4.0217588525521943 9.6856034080617963 3.7349171927872722 -35.197685485680175 3.4993407160479668 5.9341857438340266 -37.044098758824617 1.8005050021964246 -24.413366524913936 -2.3146863633327595 4.6138270510232564 0.86659695626181632 -2.9370295991592132 -1.6037718157284577 -3.9956175928911399 -59.69942613930931 -20.959234649854661 1.8924061962048857 -1.1555216401666668 -28.65540708008994 1.3957885753520445 -1.3130145942046416 0.99429876933187222 -17.312878838347263 -0.25650314394478729 -13.578547266639966
leaf_weight=24 33 23 22 27 23 125 20 22 306 27 149 21 20 27 40 20 34 22 25 29 75 25 21 20 38 32 31 26 384 24 35 24 28 20 38 22 71 26 27 60 28 28 48 20 462 47 23 20 52 74 76 3225 129 26 52 285 20 57 20 25 27 185
leaf_count=24 33 23 22 27 23 125 20 22 306 27 149 21 20 27 40 20 34 22 25 29 75 25 21 20 38 32 31 26 384 24 35 24 28 20 38 22 71 26 27 60 28 28 48 20 462 47 23 20 52 74 76 3225 129 26 52 285 20 57 20 25 27 185
internal_value=-0.00146417 0.000158558 -8.87196e-05 0.00655126 0.0113904 -0.000292553 0.00216603 0.00577615 -0.00069086 0.003897 -0.000640292 -0.00242011 -0.00113149 0.00320388 0.000283259 -0.000101793 0.00343669 0.00603154 0.00130828 0.00192046 -0.0016537 0.00094137 0.00670282 0.000934079 0.00182844 0.00616123 -0.00129467 0.000903954 -0.00166682 -0.000998374 0.000544242 0.00341737 0.00527076 0.00193347 -0.00132434 0.000941495 0.000419313 0.00170806 0.000647016 -0.002653 3.40515e-05 -0.0027188 0.000118265 0.00192399 -0.00231008 -0.00162129 0.000813123 -0.00173862 -0.000121458 -0.000890208 -0.00178042 -0.00278016 -0.00121489 -0.0020433 -0.00039962 -0.00203152 0.000340135 -0.00232809 -0.000233464 -0.000931265 -0.00182048 -0.00284948
internal_weight=6995 2592 2536 75 56 2461 342 150 2119 130 192 4403 676 72 1059 943 116 76 431 103 604 121 46 411 310 52 512 53 1060 676 270 107 83 48 163 258 236 165 139 3727 88 3639 76 42 483 481 70 169 74 101 101 3563 153 411 105 406 44 362 77 45 79 3410
internal_count=6995 2592 2536 75 56 2461 342 150 2119 130 192 4403 676 72 1059 943 116 76 431 103 604 121 46 411 310 52 512 53 1060 676 270 107 83 48 163 258 236 165 139 3727 88 3639 76 42 483 481 70 169 74 101 101 3563 153 411 105 406 44 362 77 45 79 3410
is_linear=0
shrinkage=0.03


Tree=75
num_leaves=63
num_cat=0
split_feature=38 17 20 44 25 49 38 58 35 68 33 70 65 66 58 1 47 60 46 35 46 10 10 22 21 13 33 49 39 33 65 26 26 69 7 44 25 24 46 21 47 24 26 22 59 46 66 45 26 56 22 12 10 33 35 30 33 35 42 26 58 28
split_gain=11.5874 7.28319 3.78237 5.03871 3.33938 2.45146 2.00678 2.02605 3.07407 2.00073 6.43424 6.09626 1.59376 3.09253 2.52566 4.35287 1.76775 2.70601 1.556 2.25103 1.89205 3.00531 1.43848 1.39735 1.28699 1.16662 1.10202 0.992836 1.634 0.988672 1.30362 0.982704 0.970273 0.961737 0.925632 1.09033 1.11201 1.51368 1.90468 1.06641 0.89343 0.870861 0.85766 0.665713 0.756064 0.582832 0.566428 0.480263 0.452744 0.425772 0.410419 0.688202 0.380648 0.393522 0.367032 1.1004 0.435684 0.354086 0.352356 0.317836 0.308155 0.240231
threshold=17178.020833333336 -14.324999999999998 27.865625000000005 32610.500000000004 79.055660000000003 398.50000000000006 12877.937500000002 4680.229166666667 14777.500000000002 81692.000000000015 2.8854830094355965 87312.375000000015 4587.5000000000009 2086.479166666667 839.87500000000011 -3.9749999999999996 855.50000000000011 3912.5000000000005 32745.875000000004 17922.000000000004 32780.958333333343 0.46472317204376884 0.35201941816566318 1.2 2.1788737682471235 116095.50000000001 2.1993993938896703 195.50000000000003 39629.000000000007 1.8738217430516464 454.50000000000006 66.371523187500017 68.839395958333341 108160.00000000001 24.500000000000004 33016.000000000007 73.046520000000015 74.934580000000011 31790.250000000004 3.0106735681520034 3883.5000000000005 95.80966500000001 81.83511591666668 -1.0000000180025095e-35 1306.5000000000002 32630.958333333339 462.56250000000006 32313.500000000004 67.431146208333345 10517.500000000002 2.2000000000000011 90090.500000000015 0.96386255839173451 1.2738123365487728 25608.000000000004 61.695160674873513 2.6082265211454425 18859.500000000004 38872.125000000007 83.248059854166669 4347.541666666667 -0.91501200000000427
decision_type=2 2 2 2 2 2 2 2 2 2 2 2 2 2 2 2 2 2 2 2 2 2 2 2 2 2 2 2 2 2 2 2 2 2 2 2 2 2 2 2 2 2 2 2 2 2 2 2 2 2 2 2 2 2 2 2 2 2 2 2 2 2
left_child=6 4 5 26 -2 12 -1 9 -9 10 -8 -12 25 22 15 -15 43 24 50 20 21 -20 -14 40 -18 29 -4 28 -22 32 -31 -25 -3 34 35 36 37 48 -39 -36 46 -38 45 -16 61 -33 -7 -48 -32 54 57 -52 53 -29 58 -56 59 -11 -49 60 -57 -45
right_child=1 2 3 -5 -6 23 7 8 -10 18 11 -13 13 14 16 -17 17 -19 19 -21 27 -23 -24 31 -26 -27 -28 52 -30 30 33 42 -34 -35 39 -37 41 38 -40 -41 -42 -43 -44 44 -46 -47 47 49 -50 -51 51 -53 -54 -55 55 56 -58 -59 -60 -61 -62 -63
leaf_value=-89.383059509237626 26.413518248963367 1.2822884087586037 -1.3431536220970872 15.032366614002246 14.059842043902501 2.0932288200778988 -12.691717617126546 5.23640170674045 -30.945572345857133 -30.35585497067374 -12.979242344455807 10.669752389041175 3.2947823296387799 18.641341068105149 -3.0043457320906226 -3.9435477936186607 -0.89420159059367066 22.188400424728485 -30.048145782793743 1.7059703969693762 -15.919810013500317 9.9285719346085539 2.133920886111603 3.762974427911467 14.297929391893121 8.0696071156708644 2.5296796248898334 0.94774657576119004 4.4569865941455715 1.2392550271595317 -26.756701980562646 -6.1358603813906454 -2.392329616199707 -1.8532063483288646 -0.097193360181355132 1.8077558011315633 -0.83044921579169761 0.97390327540763799 0.20395113328725684 4.0903812305837679 9.9226704093722606 1.4331374941135444 2.578415694621873 -0.677141496981987 2.7732691646471737 0.15216531548720086 -41.609572880379282 0.0073332940418246902 0.14813218090745889 0.84481852841189253 1.6818121646204225 -12.707818842279741 0.23295416284907114 -26.823932449064127 0.36859741605947138 -2.3548407553478721 0.88236941950713255 0.20187671476978064 -11.794032703657622 1.6193258790065137 1.3501134832172865 -6.030524775496966
leaf_weight=2297 26 28 32 22 30 27 126 20 22 1393 23 30 21 39 116 31 45 20 21 28 33 20 24 23 26 21 21 20 20 37 37 53 219 113 20 26 191 20 24 21 26 20 25 33 27 27 348 31 29 20 20 47 31 313 25 167 20 22 312 28 21 37
leaf_count=2297 26 28 32 22 30 27 126 20 22 1393 23 30 21 39 116 31 45 20 21 28 33 20 24 23 26 21 21 20 20 37 37 53 219 113 20 26 191 20 24 21 26 20 25 33 27 27 348 31 29 20 20 47 31 313 25 167 20 22 312 28 21 37
internal_value=-0.00146417 0.00016739 -7.58231e-05 0.00655126 0.0108556 -0.000286364 -0.00237734 -0.001724 0.00477435 -0.00185273 0.00117253 0.0099435 0.000646477 0.00214746 0.00124298 0.0063766 4.93252e-05 0.00355653 -0.00212947 -0.000648016 -0.00115914 0.0049635 0.00957871 -0.00128003 0.000759493 -0.000130258 0.00146893 -0.00176936 0.0020339 -0.000320979 0.000395836 0.00166276 -0.00189397 -7.15113e-10 0.000703426 0.000190146 -0.000280287 0.00215259 0.00646258 0.0049635 -0.00165057 -0.00156324 0.000399619 -0.00143595 0.000370751 -0.00108614 -0.00179562 -0.00191647 -0.000680787 -0.00140843 -0.00261318 -0.000268257 -0.00233178 -0.00262984 -0.00155438 -0.000689392 -0.00133418 -0.00272207 -0.00220344 -0.00173531 -0.00218501 -0.00124108
internal_weight=6995 2509 2453 75 56 2378 4486 2189 42 2147 179 53 1225 419 374 70 304 91 1968 486 458 41 45 1153 71 806 53 417 53 785 538 128 247 501 388 347 321 110 44 41 1025 211 105 213 97 80 999 972 66 624 1482 67 364 333 604 261 236 1415 343 216 188 70
internal_count=6995 2509 2453 75 56 2378 4486 2189 42 2147 179 53 1225 419 374 70 304 91 1968 486 458 41 45 1153 71 806 53 417 53 785 538 128 247 501 388 347 321 110 44 41 1025 211 105 213 97 80 999 972 66 624 1482 67 364 333 604 261 236 1415 343 216 188 70
is_linear=0
shrinkage=0.03


Tree=76
num_leaves=63
num_cat=0
split_feature=38 17 5 31 25 66 27 16 38 12 22 32 38 36 48 29 21 28 20 29 26 19 16 32 48 19 63 56 35 55 25 33 40 66 68 53 54 36 21 38 2 0 31 35 23 0 51 66 2 56 66 68 47 3 2 23 21 49 42 1 64 48
split_gain=11.5266 7.28319 4.12726 4.34919 3.33938 2.99833 2.46008 2.44864 2.10585 2.59158 3.50875 3.07633 2.05057 3.78451 4.78074 1.94781 1.79798 1.51915 1.51248 1.49899 1.52966 2.14679 1.43353 2.3855 1.45568 1.76596 2.84271 1.38996 2.71186 1.35979 2.30084 2.1425 1.28423 1.1435 1.59331 2.22652 0.886568 0.712392 0.680054 1.37399 0.645856 0.611645 0.681709 0.594348 0.554752 0.593387 0.480486 0.409135 0.368682 0.32475 0.284836 0.275197 0.319998 0.333156 0.25141 0.220597 0.21356 0.888498 0.210825 0.199701 0.179705 0.608181
threshold=17178.020833333336 -14.324999999999998 1.5000000000000002 61.384169306036036 79.055660000000003 4862.7083333333339 11.353011493707362 6490.5000000000009 27726.625000000004 102594.00000000001 0.72500000000000109 62.535197410671756 12877.937500000002 11092.500000000002 222.50000000000003 67.542653650195362 3.5798534878763069 -6.6415915000000032 -7.5281249999999993 65.648235164429735 68.597154562500009 2.1250000000000004 2440.5000000000005 54.074724177376041 252.50000000000003 17.775000000000002 1041.5000000000002 2.5000000000000004 16698.500000000004 17.500000000000004 77.902535000000015 1.7101502930883263 32699.000000000004 1241.8333333333337 98202.000000000015 1360.5000000000002 2197.5208333333339 28939.000000000004 3.6598719203400454 23031.604166666668 72.420938000000021 119571.50000000001 61.743871273378268 15033.500000000002 88.067909500000013 111059.00000000001 1580.5000000000002 503.37500000000006 76.139252000000013 11292.000000000002 1020.0000000000001 93291.500000000015 525.50000000000011 62.248632444021553 59.620587500000006 80.678505000000015 1.5514856339132252 308.50000000000006 39848.666666666679 -7.2249999999999988 792.00000000000011 215.50000000000003
decision_type=2 2 2 2 2 2 2 2 2 2 2 2 2 2 2 2 2 2 2 2 2 2 2 2 2 2 2 2 2 2 2 2 2 2 2 2 2 2 2 2 2 2 2 2 2 2 2 2 2 2 2 2 2 2 2 2 2 2 2 2 2 2
left_child=12 4 3 5 -2 19 16 8 9 10 15 48 -1 14 -14 33 -7 -5 -19 20 21 -3 27 -24 25 43 -27 28 32 30 59 -32 -15 34 35 -4 56 -31 44 -40 54 -42 -43 -25 -20 46 -46 -11 -12 58 -36 -35 -53 -54 -39 -22 57 -29 -49 -10 61 -58
right_child=1 2 7 17 -6 6 -8 -9 29 47 11 -13 13 22 -16 -17 -18 18 38 -21 55 -23 23 24 -26 26 -28 36 -30 37 31 -33 -34 51 50 -37 -38 40 39 -41 41 42 -44 -45 45 -47 -48 49 -50 -51 -52 52 53 -55 -56 -57 60 -59 -60 -61 -62 -63
leaf_value=-86.701567723960522 25.621112701494486 -0.54505701973410314 -1.4047960115139524 3.5140573105632771 13.638046782585445 11.092398569073445 20.17195921654103 3.8711627267480502 -6.3076618713213115 3.0246713238647507 -3.7280809249088054 6.4137272932743254 -10.309321560691362 3.8933190588924003 9.1689828785704215 3.9676686770238065 -0.23524850549140794 2.2904353100948422 -4.0106069086284251 4.837796409292122 -5.4561794664864669 8.4301017526521473 5.1309440683298888 -11.149814502113014 -21.186313604892725 -3.5547540837580631 6.5172953382060781 -24.198890903184644 1.1063881531646429 -0.50726806406996616 3.595093756817024 19.825165866880553 -23.04330235561439 0.14090323309214045 -1.944174130683864 5.6661669613414967 2.647800083918614 5.9438665752645914 1.1041535212309534 -0.75380608113017278 -4.3199770592514826 3.9690651884706249 0.02186767685901362 2.0537049020769733 0.39583343399147897 7.3914366867381389 -0.34301655600864828 -0.88095547214458458 1.6250887309683981 0.68021162902651344 0.13189463147466887 -10.005819126560105 -0.23498641325422762 3.7547463759335993 -6.9782730479876829 -0.017916971398963179 0.83988065574106396 4.0194007566175225 -7.5422470084492446 2.0710145328729368 -34.026070451292789 -39.741367922468264
leaf_weight=2297 26 20 23 26 30 39 20 31 20 27 20 27 20 37 20 21 21 39 210 20 37 24 30 71 195 37 38 59 32 66 25 22 119 36 42 20 34 20 21 37 25 22 25 20 29 23 42 29 20 20 20 200 20 21 31 35 28 20 957 20 1324 105
leaf_count=2297 26 20 23 26 30 39 20 31 20 27 20 27 20 37 20 21 21 39 210 20 37 24 30 71 195 37 38 59 32 66 25 22 119 36 42 20 34 20 21 37 25 22 25 20 29 23 42 29 20 20 20 200 20 21 31 35 28 20 957 20 1324 105
internal_value=-0.00145988 0.00016739 -7.58231e-05 0.00198725 0.0108556 0.00545581 0.0100749 -0.000810453 -0.000957788 -0.00140111 0.000440331 0.00679583 -0.00237066 -0.00171029 0.00740648 -0.000610271 0.00693844 0.000224771 -0.000224384 0.00271124 0.00136951 0.00578231 -0.00188172 -0.000230121 -0.000913875 0.00113787 0.00455393 -0.00224731 0.000175438 0.00144513 0.0045465 0.00904459 -0.00144138 -0.00110704 0.00154139 0.00598608 -0.00253933 0 -0.000836786 0.00211704 0.00136474 0.00320388 0.00522293 -0.00164654 -0.00141072 0.000478214 -0.000843883 -0.0022418 0.00142145 -0.00234072 -0.00149759 -0.00212198 -0.00248859 -7.13515e-10 -0.00117417 -0.00128988 -0.00264631 -0.00106195 -0.00241862 -0.000673317 -0.00273008 -0.00162284
internal_weight=6995 2509 2453 643 56 216 80 1810 1779 1503 470 67 4486 2189 40 403 60 427 401 136 116 44 2149 391 361 166 75 1758 188 276 87 47 156 382 105 43 1570 189 362 58 123 72 47 91 304 94 71 1033 40 1006 62 277 241 41 51 72 1536 79 986 40 1457 133
internal_count=6995 2509 2453 643 56 216 80 1810 1779 1503 470 67 4486 2189 40 403 60 427 401 136 116 44 2149 391 361 166 75 1758 188 276 87 47 156 382 105 43 1570 189 362 58 123 72 47 91 304 94 71 1033 40 1006 62 277 241 41 51 72 1536 79 986 40 1457 133
is_linear=0
shrinkage=0.03


Tree=77
num_leaves=63
num_cat=0
split_feature=38 44 54 10 58 38 10 20 40 22 11 16 39 10 27 56 26 60 64 40 12 54 56 33 32 45 26 42 29 40 52 44 46 43 50 0 10 29 66 27 4 5 60 45 44 18 2 3 43 49 3 32 47 19 16 4 66 16 4 22 20 68
split_gain=12.4694 4.88864 7.54174 4.94201 3.72305 3.5487 3.48394 4.33403 5.13637 3.3112 1.90591 1.87467 1.70516 1.64893 1.6184 1.56467 2.67884 1.55667 3.21055 1.47193 1.79488 1.57682 1.5031 1.46177 1.23018 1.14224 1.33169 1.13732 2.01762 1.09163 1.6161 1.07435 3.65115 1.52453 1.02961 1.4309 0.906659 1.2016 0.900967 0.837293 0.65782 0.618531 0.885021 0.91178 2.59787 0.558138 0.546345 0.486708 1.74746 0.453037 0.405536 0.399007 0.36175 0.339663 1.17577 0.31793 0.724101 0.293799 0.281739 0.274517 0.261998 1.14281
threshold=22645.729166666672 32649.500000000004 1408.6458333333337 0.74305326206722599 839.87500000000011 13003.604166666668 0.74305326206722599 18.609375000000004 37229.500000000007 1.3000000000000005 133046.00000000003 4875.0000000000009 51668.000000000007 1.0000000180025095e-35 16.236178905084369 2.5000000000000004 79.561720062500015 3776.5000000000005 3128.5000000000005 55767.000000000007 117319.00000000001 1988.5000000000002 10755.000000000002 1.9810884900192802 53.887373948688911 31389.000000000004 83.248059854166669 51567.604166666672 61.886186547413232 33503.000000000007 860.50000000000011 32469.500000000004 32232.687500000004 31510.000000000004 452.64583333333343 88185.500000000015 0.74305326206722599 63.076878945035062 462.56250000000006 14.166610311549301 7.5000000000000009 1.5000000000000002 221.50000000000003 32722.500000000004 32969.000000000007 24.825000000000006 91.356087500000015 61.150558780542625 32556.500000000004 223.50000000000003 60.4974570066925 59.672272404696947 1679.5000000000002 -0.97499999999999987 -2071.4999999999995 2.5000000000000004 2794.9375000000005 -5147.4999999999991 2.5000000000000004 -1.0000000180025095e-35 24.776041666666675 98202.000000000015
decision_type=2 2 2 2 2 2 2 2 2 2 2 2 2 2 2 2 2 2 2 2 2 2 2 2 2 2 2 2 2 2 2 2 2 2 2 2 2 2 2 2 2 2 2 2 2 2 2 2 2 2 2 2 2 2 2 2 2 2 2 2 2 2
left_child=5 19 4 10 13 -1 11 24 9 14 12 15 -4 -3 49 16 29 36 -19 20 23 -22 38 45 -8 -10 27 34 -29 30 -7 32 33 39 35 -27 53 50 -21 -25 -33 42 -17 52 -45 -2 -35 -26 -49 -9 -38 -46 -44 58 -55 56 57 -40 -6 -31 -43 -62
right_child=1 2 3 -5 17 6 7 8 25 -11 -12 -13 -14 -15 -16 41 -18 18 -20 22 21 -23 -24 31 47 26 -28 28 -30 59 -32 40 -34 46 -36 -37 37 -39 55 -41 -42 60 43 44 51 -47 -48 48 -50 -51 -52 -53 -54 54 -56 -57 -58 -59 -60 -61 61 -63
leaf_value=-83.32446490945334 -0.97212230138940059 27.381403545220987 14.148838652882544 24.643351623810116 0.01066729936968425 9.5487122683454757 2.0953192627699999 -4.7769529169723457 -15.547485837648866 8.3140650454057763 17.204952468687068 1.3888346932963211 -0.4138105946082854 3.1707028352456588 6.590481700951127 2.0635222407781719 1.0507250882039589 21.409370582505041 -1.4974210146554445 2.7492957247644592 0.040605777031709894 13.797093438742115 3.2912117914838794 3.6627582370371115 -19.766874016337088 -1.1081901096415649 3.6726784191604946 0.97552625286513484 -0.051195864792091428 -24.726625900532664 -13.920529067692414 0.84303477474095478 3.9657080679836252 -1.7215891550057112 -6.7962042936049762 2.9731157338007717 0.27047503010402729 6.3586849399396774 -0.016957318307068255 0.86012789077820151 -1.244200356556399 -34.568802066528256 -24.037971412110782 1.4422840362796763 -20.144741868931078 7.9711318079564535 0.38564719572556461 -20.749853046114271 8.2528128078031138 1.3286054200975725 -1.0488193321877666 0.78738591452258189 0.16150000929951888 19.230410890874108 -0.94520776226231584 -5.0541704875437823 2.0077348639481305 -5.4006891316402168 -5.9463276302004067 -2.3278859342561269 3.0259524561844762 -40.90389507348192
leaf_weight=2381 159 20 20 32 21 23 38 25 66 37 21 33 37 21 21 33 31 20 34 28 31 21 23 20 284 31 32 20 27 114 21 23 22 53 82 25 20 28 22 33 65 1393 344 34 87 20 37 58 20 20 25 29 21 22 79 309 20 67 130 26 31 125
leaf_count=2381 159 20 20 32 21 23 38 25 66 37 21 33 37 21 21 33 31 20 34 28 31 21 23 20 284 31 32 20 27 114 21 23 22 53 82 25 20 28 22 33 65 1393 344 34 87 20 37 58 20 20 25 29 21 22 79 309 20 67 130 26 31 125
internal_value=-0.00141699 0.00102353 0.00333333 0.010327 0.0014925 -0.00207416 -0.00140845 0.000316753 0.00258741 0.00832202 0.00618438 -0.00198798 0.00325744 0.010073 0.00422088 -0.00209031 0.000334727 0.000553943 0.00526802 -0.000258106 0.000898574 0.00616123 -0.00145811 0.000256884 -0.00186703 0.00048746 0.00154767 0.000551053 0.00458599 -0.00102662 0.00306122 0.00173054 0.00316172 0.00138365 -0.000803766 0.00229946 -0.000221471 0.00270862 -0.00184936 0.00542373 -0.00091941 -0.00234038 -0.00146141 -0.00177053 0.000179879 -0.00180905 -0.000965594 -0.00241094 -0.000268887 0.000931263 -0.000266076 -0.00193799 -0.00258012 -0.0010829 0.000237388 -0.00220282 -0.000769937 -0.00195286 -0.00198544 -0.00233405 -0.00264928 -0.00144138
internal_weight=6995 1483 530 110 420 5512 3131 786 386 103 78 2345 57 41 66 2312 215 379 54 953 484 52 469 432 400 283 217 185 47 184 44 253 165 143 138 56 325 73 446 53 88 2097 548 515 150 179 90 362 78 45 45 116 365 252 101 418 109 89 151 140 1549 156
internal_count=6995 1483 530 110 420 5512 3131 786 386 103 78 2345 57 41 66 2312 215 379 54 953 484 52 469 432 400 283 217 185 47 184 44 253 165 143 138 56 325 73 446 53 88 2097 548 515 150 179 90 362 78 45 45 116 365 252 101 418 109 89 151 140 1549 156
is_linear=0
shrinkage=0.03


Tree=78
num_leaves=63
num_cat=0
split_feature=35 17 45 5 68 51 66 26 45 15 61 15 22 0 50 23 65 50 20 52 68 37 26 30 34 66 26 21 36 35 37 29 68 63 60 21 15 17 28 20 5 46 47 62 14 20 30 34 66 61 57 19 38 58 33 27 62 52 16 66 68 14
split_gain=12.3284 6.66654 4.45224 3.75315 3.64971 3.60691 3.87284 3.36191 3.03864 2.93777 2.53536 2.42493 1.84459 1.91742 1.73336 2.18567 4.37511 2.27337 1.58771 3.75899 1.57588 1.43221 1.4319 1.96548 1.32456 1.15017 2.71129 2.9481 1.10379 1.06033 2.28971 0.98727 1.34162 0.791336 0.777703 0.71073 0.705782 0.602326 0.71514 0.64284 0.577276 0.945229 1.65483 0.646291 0.846293 0.527478 0.509261 0.802614 0.480427 0.433588 0.490095 0.405378 0.372317 1.28389 1.98738 2.6739 0.371765 0.322615 0.482341 0.47906 0.281248 1.03609
threshold=16127.500000000002 -14.324999999999998 32497.500000000004 1.5000000000000002 91285.500000000015 1245.5000000000002 2487.0000000000005 68.308696812500003 32822.500000000007 9292.1705026093568 923.50000000000011 6975.9750510475915 1.1750000000000009 80227.500000000015 1307.8541666666667 82.559007500000021 4636.5000000000009 1558.9583333333337 21.250000000000004 674.50000000000011 81692.000000000015 23508.000000000004 67.876381458333341 60.263791152673555 -0.016157411021012532 1644.1458333333335 81.718432375000006 2.4979293947508254 31731.000000000004 27903.000000000004 27690.500000000004 56.285801858437814 100808.00000000001 7430.0000000000009 750.50000000000011 2.7055288766867678 13432.699223732898 -0.72499999999999987 2.8817179999999998 26.775000000000002 3.5000000000000004 31508.458333333339 336.50000000000006 2076.916666666667 95329.125000000015 24.776041666666675 59.997130874046853 0.68909867002575009 2643.7708333333335 2084.5000000000005 10247.500000000002 23.625000000000004 14124.395833333336 3837.1458333333335 3.7644284496639906 15.642222383443229 2735.0208333333335 1518.5000000000002 2677.5000000000005 6982.0833333333348 99425.500000000015 108474.95833333336
decision_type=2 2 2 2 2 2 2 2 2 2 2 2 2 2 2 2 2 2 2 2 2 2 2 2 2 2 2 2 2 2 2 2 2 2 2 2 2 2 2 2 2 2 2 2 2 2 2 2 2 2 2 2 2 2 2 2 2 2 2 2 2 2
left_child=18 10 12 5 -5 11 9 24 -9 -7 -2 46 13 -3 25 28 17 -17 36 -20 -21 35 23 -14 -8 26 45 -28 -16 49 48 32 -27 -34 51 -11 52 38 57 -39 41 42 -22 -43 -45 -6 -4 -48 -31 50 60 -24 -1 56 55 -55 -54 58 59 -33 61 -15
right_child=1 2 3 4 14 6 7 8 -10 21 -12 -13 22 29 15 16 -18 -19 19 20 40 -23 34 -25 -26 31 27 -29 -30 30 -32 37 33 -35 -36 -37 -38 39 -40 -41 -42 43 -44 44 -46 -47 47 -49 -50 -51 -52 -53 53 54 -56 -57 -58 -59 -60 -61 -62 -63
leaf_value=-75.190444122662484 17.955840312936893 2.49906528127008 -4.2939567870450839 1.214076198154902 0.13424044637735108 3.217061191060484 -1.41438958271298 1.398039443121589 13.272226881367425 1.0628031088596095 20.3050746506282 12.464457134001812 -0.022185765796756983 -13.462312385271328 -1.1756983702544319 5.2972707103876191 19.855406680437046 -1.4054256455783083 7.9952170124918656 6.7260522316401588 2.0367839539694366 1.7303661752045671 -0.011192317844245913 5.670066651261183 16.139288134158054 5.2199469700472498 -1.0465862256348475 3.0147904507459442 14.1159252679596 -2.2347019122542933 4.4170159658002817 -2.0516750641155239 -4.1694082480689305 2.1073112131540483 -4.9221989603801211 -1.6926981718151082 0.99928274777622694 -24.135557507647537 1.4731724303294178 3.232111747030912 -28.056706755989698 -10.819373340707449 -22.23434531930496 -2.5395914281551168 5.6924297636255705 -25.391228414340951 -0.28559765896334172 4.0019556580020659 0.055065588919465662 -52.075248601599554 1.4368512395891502 2.9106052702473821 -24.480536186480325 7.045149139151718 -10.859299191096245 -0.15948790929007792 1.0473735161838607 0.11203032934241287 8.0052284235689726 0.13532711126503319 -2.8239137777733032 0.83296924077544132
leaf_weight=2666 27 20 92 36 21 27 20 36 39 25 29 21 20 139 140 20 22 48 20 28 22 34 21 20 22 21 20 20 29 58 21 210 41 20 45 72 20 343 25 22 268 113 28 20 20 57 63 20 32 511 29 20 713 22 50 22 20 32 20 23 294 36
leaf_count=2666 27 20 92 36 21 27 20 36 39 25 29 21 20 139 140 20 22 48 20 28 22 34 21 20 22 21 20 20 29 58 21 210 41 20 45 72 20 343 25 22 268 113 28 20 20 57 63 20 32 511 29 20 713 22 50 22 20 32 20 23 294 36
internal_value=-0.00139126 7.69457e-05 -0.000119708 0.000910364 0 0.0031713 0.00538713 0.00953032 0.0133422 0.00229601 0.0103209 4.58942e-05 -0.00145723 -0.00183931 -0.000298916 0.00185257 0.00562708 0.00180617 -0.00247092 -0.00091312 -0.00143058 0.000411899 0.00197462 0.00665835 0.00263658 -0.000939322 0.00180356 0.00815461 -0.000141929 -0.00200607 0.000756075 -0.00137102 0.00171742 -0.000490999 -0.000174217 -0.00142122 -0.00270018 -0.00175085 -0.00076427 -0.00258012 -0.00184674 -0.000620385 0.00293413 -0.00180274 0.00142145 -0.00142126 -0.00109652 0.000577617 -0.00129856 -0.00231295 -0.00166834 0.00277372 -0.00273282 -0.00216177 0.00111583 0.00578231 -0.00258628 -0.00119958 -0.0015646 -0.00195624 -0.00190578 -0.000925186
internal_weight=6995 2963 2907 1641 1170 471 275 117 75 158 56 196 1266 1140 1134 259 90 68 4032 519 499 131 126 40 42 875 118 40 169 1120 111 757 82 61 86 97 3513 675 310 365 471 203 50 153 40 78 175 83 90 1009 498 41 3493 827 94 44 733 285 253 233 469 175
internal_count=6995 2963 2907 1641 1170 471 275 117 75 158 56 196 1266 1140 1134 259 90 68 4032 519 499 131 126 40 42 875 118 40 169 1120 111 757 82 61 86 97 3513 675 310 365 471 203 50 153 40 78 175 83 90 1009 498 41 3493 827 94 44 733 285 253 233 469 175
is_linear=0
shrinkage=0.03


Tree=79
num_leaves=63
num_cat=0
split_feature=38 17 49 25 35 16 25 36 26 69 7 67 5 14 38 36 2 32 7 32 44 27 18 26 70 36 60 48 38 27 35 49 16 35 34 34 48 53 1 22 68 11 68 24 28 44 30 17 18 24 26 1 2 29 68 45 49 33 60 27 36 36
split_gain=11.0634 6.44961 2.90841 2.83453 2.41244 1.94786 2.01998 1.89505 2.61763 3.74721 2.34823 1.94775 1.94955 2.08618 1.82224 3.75128 5.10949 1.96076 3.8166 4.18505 1.70386 2.85278 2.01982 1.42887 1.41387 1.83579 2.00474 1.40148 4.37082 1.36528 1.36487 1.27425 1.25279 1.2695 1.21287 1.20556 0.817217 1.39046 1.07217 0.747732 3.01311 0.62134 0.594413 0.583593 0.57609 0.834881 1.49874 0.532288 0.477756 0.460453 0.611783 0.382796 0.380663 0.368682 0.367066 0.360145 0.35723 0.352841 0.342241 0.753287 0.340433 0.574831
threshold=17178.020833333336 -14.324999999999998 404.50000000000006 79.055660000000003 19183.000000000004 4550.5000000000009 77.722240000000014 18411.000000000004 66.649984562500023 96581.000000000015 22.500000000000004 107017.00000000001 1.5000000000000002 104663.20833333336 13003.604166666668 11197.000000000002 74.002380000000016 54.166426310991405 6.5000000000000009 53.265685221864651 32539.500000000004 12.087232192642878 -5.2249999999999988 83.54759016666668 118928.87500000001 22851.500000000004 4514.0000000000009 95.500000000000014 15586.187500000002 4.1071066407557408 27578.500000000004 2211.5000000000005 2810.5000000000005 17822.500000000004 -0.62462742071692279 0.1053739126488651 1634.0000000000002 887.50000000000011 24.975000000000005 1.3000000000000005 90544.000000000015 90633.500000000015 70891.000000000015 52.077782000000006 -2.063247999999994 32630.500000000004 59.45941473000557 23.825000000000006 21.275000000000002 85.733235000000022 66.588850541666687 17.575000000000006 75.727855000000019 63.076878945035062 98687.000000000015 33144.000000000007 187.50000000000003 3.2360241800532905 207.50000000000003 11.001846022778752 22483.000000000004 21253.000000000004
decision_type=2 2 2 2 2 2 2 2 2 2 2 2 2 2 2 2 2 2 2 2 2 2 2 2 2 2 2 2 2 2 2 2 2 2 2 2 2 2 2 2 2 2 2 2 2 2 2 2 2 2 2 2 2 2 2 2 2 2 2 2 2 2
left_child=4 3 7 -2 14 30 23 8 9 -3 32 47 13 -13 42 16 -16 18 19 35 -15 22 29 43 55 -26 36 28 51 -22 44 34 48 -34 -32 -17 38 -38 56 58 -41 -20 -1 -7 45 -4 -47 52 -10 50 -36 -19 -9 -50 -46 -14 -27 -54 59 -29 61 -57
right_child=1 2 5 -5 -6 6 -8 11 10 -11 -12 12 24 20 15 17 -18 27 41 -21 21 -23 -24 -25 25 26 -28 39 -30 -31 31 -33 33 -35 49 -37 37 -39 -40 40 -42 -43 -44 -45 54 46 -48 -49 53 -51 -52 -53 57 -55 -56 60 -58 -59 -60 -61 -62 -63
leaf_value=1.9314809916069133 23.650841209625248 0.56543347744780581 -17.748981758520152 11.880452590874812 2.5471414969259878 3.531254018118521 7.5908216837578584 1.7634440083426546 -1.5208412899370525 4.5943641837267792 12.904515567767103 3.2740892208321224 -25.431407524013505 -0.39384229970518303 -22.3491948019715 -12.212131997287836 6.7700650647384144 0.23892360588946493 -66.215364525420839 8.4094240208103272 7.7626113323251626 10.046004826111121 -2.5648817514393092 1.1516037505265186 3.6417935876374967 5.2444080412699048 8.9646820760566541 1.2935371126179986 2.737516568892278 5.2139360093415306 2.3626566440872057 1.8313914341148898 1.1957291488193553 0.0047790482017059863 1.7095918013644595 3.6318829938658124 12.179613216883547 -1.2223292482062533 0.073023764210009168 6.1172973594285756 -22.682399526274708 1.6572554045012908 -80.088780693300308 -2.0016637418201619 0.95564213151481081 -2.0481070199671971 1.3637522609173569 0.75959081734820511 0.5714196275405784 0.54635724220794368 -2.1655290738591884 -6.4337703882765123 -1.3334740517067245 -0.20661000592638654 -27.703091651757848 -3.8850806316093109 -0.98697375512314856 0.37532538181234998 -27.590668343638516 -14.42750282899831 -2.9868495913021564 0.38256535205701958
leaf_weight=25 26 33 138 30 28 20 37 39 78 24 21 39 98 65 23 29 22 30 117 27 21 20 51 20 31 40 21 20 30 24 34 28 20 27 20 22 36 29 21 29 180 21 2356 66 20 30 24 27 20 20 127 87 223 20 586 24 130 20 1404 36 59 22
leaf_count=25 26 33 138 30 28 20 37 39 78 24 21 39 98 65 23 29 22 30 117 27 21 20 51 20 31 40 21 20 30 24 34 28 20 27 20 22 36 29 21 29 180 21 2356 66 20 30 24 27 20 20 127 87 223 20 586 24 130 20 1404 36 59 22
internal_value=-0.00133122 0.000263042 3.17958e-05 0.0103209 -0.00222354 -0.00104863 0.00222222 0.00101941 0.00340601 0.00903678 0.0016604 0.000458609 0.00130488 0.00366651 -0.00227922 -0.00162631 0.00691796 -0.00181733 0.000874594 0.00618438 0.00228603 0.00447028 0.00227888 8.48249e-05 0.000281745 0.00156767 0.000779501 -0.0021392 0.000652617 0.00691796 -0.00150716 0.000523788 0.000436099 0.00458599 -0.00029836 0.00105675 3.51418e-05 0.00294931 -0.000941916 -0.00238692 -0.000688666 -0.00210717 -0.00284742 -0.00156794 -0.00209372 -0.000640292 0.00249538 -0.00153349 -0.0011939 -0.00136445 -0.00195785 -0.00194705 -0.00192485 0.00142145 -0.00254909 -0.00165436 -0.00174603 -0.0023694 -0.0026279 -0.00026738 -0.00039962 0.00149675
internal_weight=6995 2509 2453 56 4486 1170 143 1283 243 57 186 1040 731 220 4458 2077 45 2032 216 78 181 116 96 106 511 308 277 1816 147 45 1027 229 165 47 201 51 256 65 191 1669 209 138 2381 86 798 192 54 309 118 167 147 117 282 40 606 203 170 243 1460 56 105 46
internal_count=6995 2509 2453 56 4486 1170 143 1283 243 57 186 1040 731 220 4458 2077 45 2032 216 78 181 116 96 106 511 308 277 1816 147 45 1027 229 165 47 201 51 256 65 191 1669 209 138 2381 86 798 192 54 309 118 167 147 117 282 40 606 203 170 243 1460 56 105 46
is_linear=0
shrinkage=0.03


Tree=80
num_leaves=63
num_cat=0
split_feature=38 17 61 10 20 38 54 33 10 20 33 38 15 5 32 3 69 55 51 36 37 26 25 13 27 69 56 0 68 62 43 27 25 64 54 53 21 59 61 50 21 44 33 62 14 40 15 15 48 68 36 50 49 23 59 24 33 24 3 59 64 20
split_gain=10.2829 5.82579 3.00633 2.99526 3.76047 2.3885 3.52485 4.03406 2.77595 3.47477 6.23883 4.32132 2.74075 2.34376 3.68253 4.02886 2.8148 1.90338 1.87092 2.99035 2.05626 1.49265 3.14441 1.93763 1.45373 1.35571 1.2036 1.35914 1.75919 1.53695 1.12284 1.10101 1.67772 1.54776 1.96873 1.01226 2.19954 1.0006 1.83053 0.888288 0.701666 0.722169 0.896474 0.863761 0.638583 0.634031 1.04669 0.568898 0.560409 0.526888 0.494 0.501957 0.459705 0.753561 0.677249 0.457253 1.31285 0.455244 0.420314 0.371051 0.291862 0.259113
threshold=17178.020833333336 -14.324999999999998 923.50000000000011 0.46472317204376884 27.865625000000005 13003.604166666668 2197.5208333333339 2.7016437406993354 0.74305326206722599 18.526041666666668 2.8854830094355965 14975.708333333336 9140.5397039149848 1.5000000000000002 62.915286903851459 63.189451080680989 102793.50000000001 6.5000000000000009 1041.5000000000002 14386.500000000002 13304.000000000002 65.923147458333332 77.902535000000015 101088.00000000001 5.9909107575067795 103563.00000000001 593.00000000000011 123243.00000000001 137023.00000000003 2246.3541666666674 33630.500000000007 3.822255081547842 82.613347500000017 1473.0000000000002 1413.6250000000002 2062.5000000000005 2.9570043194582527 487.50000000000006 493.50000000000006 2073.2708333333335 4.4481938912567456 33847.500000000007 1.5083325244737436 1973.6875000000002 109369.31250000001 24748.000000000004 5863.089950728162 10404.679111427195 217.50000000000003 117220.50000000001 17051.000000000004 2563.0416666666674 284.50000000000006 69.15921250000001 1210.5000000000002 92.050195000000016 1.9972803736981795 82.226833000000013 66.365517971143419 5726.5000000000009 1133.5000000000002 2.0770833333333338
decision_type=2 2 2 2 2 2 2 2 2 2 2 2 2 2 2 2 2 2 2 2 2 2 2 2 2 2 2 2 2 2 2 2 2 2 2 2 2 2 2 2 2 2 2 2 2 2 2 2 2 2 2 2 2 2 2 2 2 2 2 2 2 2
left_child=5 2 -2 13 21 45 8 -8 17 24 12 -12 -11 14 15 25 -17 18 -7 20 -20 22 -5 -24 -10 -3 27 40 29 -29 -26 32 49 34 44 37 -37 38 -36 48 41 50 -43 -44 -33 46 -1 -14 -16 -23 -15 55 53 -35 58 -52 -57 -56 -55 61 -39 -19
right_child=1 3 -4 4 -6 6 7 -9 9 10 11 -13 47 26 39 16 -18 59 19 -21 -22 31 23 -25 30 -27 -28 28 -30 -31 -32 33 -34 52 35 36 -38 60 -40 -41 -42 42 43 -45 -46 -47 -48 -49 -50 -51 51 -53 -54 54 57 56 -58 -59 -60 -61 -62 -63
leaf_value=-51.436323665463561 16.707639867259971 1.4648533520433427 19.290082629721621 -0.12285663865429111 12.378322129962479 -18.138706084979134 -31.116860145715162 5.4422950221703994 3.8714833117572738 2.7007072395322611 9.8657075632227293 6.2720829978986243 0.7820139883438384 1.9191927768721324 0.60239284217074307 1.0709156495682233 11.027609820428188 -16.646846961571686 4.9266641644003837 -9.5015448737728008 1.0139595597234756 -0.68109773096084181 0.24301234901299046 7.2213427649654154 -28.642958493024398 -3.114385757088912 -20.935753584088605 11.70093303115193 -3.6357564532011306 9.7083945914327305 3.5120740033554712 3.6238644472937138 5.1175646296042601 7.7494519926709824 -3.7533581530606508 -2.7397659639805121 12.53257688392153 -0.40301096533453085 0.82956948818673926 1.7689355285456623 2.1501163055180497 -10.382195166692776 -3.3436444133309897 9.2004399987331222 0.14269093633207047 -78.02331262687629 4.6251627134817301 -13.583510087348852 -2.8405934042344074 0.83273681352878726 -9.0362967051857748 6.9036640801362443 -6.1135158037860231 -1.3118130393842435 -0.12373803211312509 -17.367461544270267 2.6342885837118768 3.1433136010210667 0.70562531988065513 1.3736562555143288 0.32699286980984704 -39.603407334998337
leaf_weight=32 27 26 29 49 27 73 23 28 26 31 26 21 38 20 20 36 39 200 22 37 21 20 25 31 253 64 465 20 32 20 20 20 24 22 26 34 22 125 37 32 20 24 20 20 21 2329 20 95 195 27 411 21 150 129 26 42 23 26 25 20 37 1171
leaf_count=32 27 26 29 49 27 73 23 28 26 31 26 21 38 20 20 36 39 200 22 37 21 20 25 31 253 64 465 20 32 20 20 20 24 22 26 34 22 125 37 32 20 24 20 20 21 2329 20 95 195 27 411 21 150 129 26 42 23 26 25 20 37 1171
internal_value=-0.00130977 0.000227172 0.0097861 7.33694e-06 0.00138191 -0.00217004 -0.00143081 0.00634051 -0.00162553 0.000288178 0.00324017 0.0128662 0.000457038 -0.000791563 0.00114293 0.00461538 0.009747 -0.00225957 0.000901371 0.0040824 0.00946636 0.00103755 0.00439581 0.00925134 -0.00178536 0.000299666 -0.0014946 -0.000677463 0.00320388 0.00740648 -0.00243867 0.0005758 0.00413502 0.000209969 0.00174169 0.000832443 0.0044385 -5.33104e-05 0.00313788 -0.00116552 -0.0011479 -0.00134228 0.00163806 0.00441396 0.00788321 -0.00282223 0.00040307 -0.00139745 -0.0018689 0.00076433 -0.00171727 -0.00190706 -0.00108701 -0.000223587 -0.000800583 -0.0021109 0.000184331 0.00213052 -0.00181051 -0.00260945 -0.001314 -0.00266939
internal_weight=6995 2509 56 2453 903 4486 2105 51 2054 510 211 47 164 1550 412 165 75 1544 153 80 43 876 105 56 299 90 1138 673 72 40 273 771 71 700 322 281 56 225 63 247 601 581 64 40 41 2381 52 133 215 47 517 497 378 228 206 476 65 52 154 1391 162 1371
internal_count=6995 2509 56 2453 903 4486 2105 51 2054 510 211 47 164 1550 412 165 75 1544 153 80 43 876 105 56 299 90 1138 673 72 40 273 771 71 700 322 281 56 225 63 247 601 581 64 40 41 2381 52 133 215 47 517 497 378 228 206 476 65 52 154 1391 162 1371
is_linear=0
shrinkage=0.03


Tree=81
num_leaves=63
num_cat=0
split_feature=38 62 36 58 36 38 54 63 36 2 16 60 52 58 62 17 36 63 19 68 29 25 25 15 62 12 60 45 64 3 21 57 12 12 3 43 51 12 32 54 45 54 46 49 51 5 57 45 30 49 30 1 54 21 3 24 54 39 39 57 16 34
split_gain=10.2726 4.86292 4.36205 4.48863 4.78925 4.01482 3.61089 2.71618 2.31271 3.82554 1.99499 3.19025 3.55051 1.78214 1.64893 1.50783 1.86843 1.2305 1.61756 2.35477 1.36298 1.34267 1.13709 1.11107 2.36794 1.10136 0.995812 1.64276 1.0191 1.3252 2.00459 0.983225 2.50475 0.96522 0.964344 0.873959 1.50937 0.81224 0.787614 1.53445 0.751459 2.42331 1.52144 0.716669 0.708914 1.49027 0.672025 0.748317 0.652936 1.53979 0.664296 0.605032 0.582029 2.24252 0.498738 0.65562 0.495763 0.419171 0.3885 0.375885 0.379759 0.793961
threshold=23031.604166666668 862.37500000000011 31731.000000000004 4712.6250000000009 25249.000000000004 13003.604166666668 1761.8125000000002 4672.0000000000009 11197.000000000002 74.002380000000016 2257.0000000000005 1971.5000000000002 734.50000000000011 411.37500000000006 1962.1666666666667 -11.774999999999999 29432.500000000004 1341.5000000000002 15.675000000000002 99425.500000000015 57.608637564024576 74.644160000000014 87.364355000000003 17290.142862815159 2141.2708333333339 131125.50000000003 3867.5000000000005 33841.500000000007 1304.5000000000002 63.657621198053256 2.8374500975291066 1.0000000180025095e-35 79242.500000000015 140429.00000000003 63.704059565231027 33067.500000000007 887.50000000000011 67828.000000000015 62.838937594065733 1461.0416666666667 32732.500000000004 1732.229166666667 32411.791666666668 1502.5000000000002 1270.5000000000002 1.5000000000000002 27.500000000000004 32486.500000000004 61.477814772128369 608.50000000000011 60.263791152673555 -6.7749999999999995 2197.5208333333339 3.5627189730790394 65.648235164429735 72.156085000000019 1107.1458333333337 48540.500000000007 70077.000000000015 10562.500000000002 1649.0000000000002 -0.74346953406950422
decision_type=2 2 2 2 2 2 2 2 2 2 2 2 2 2 2 2 2 2 2 2 2 2 2 2 2 2 2 2 2 2 2 2 2 2 2 2 2 2 2 2 2 2 2 2 2 2 2 2 2 2 2 2 2 2 2 2 2 2 2 2 2 2
left_child=5 -2 3 13 6 37 -5 -4 9 -7 23 12 14 -3 -12 16 34 38 56 22 -21 -22 -20 31 -25 26 28 54 29 30 -17 32 -10 -6 -15 -34 -37 -1 -14 -40 51 42 -42 46 -44 -46 47 -31 49 50 -30 -33 59 -54 -28 -56 -19 -41 -27 60 -53 -62
right_child=1 2 7 4 33 8 -8 -9 10 -11 11 -13 17 15 -16 25 -18 18 19 20 21 -23 -24 24 -26 58 27 -29 48 43 -32 40 35 -35 -36 36 -38 -39 39 57 41 -43 44 -45 45 -47 -48 -49 -50 -51 -52 52 53 -55 55 -57 -58 -59 -60 -61 61 -63
leaf_value=1.773944501771366 25.589673613094206 7.5094338950827657 22.315510057458319 4.8294300277702948 -2.0651980041421192 -20.679549561369448 14.404742212479109 4.0154368888016814 5.0355776414492857 7.7480157524903932 7.8560606536144215 -17.73227205416315 -6.8013116121182779 6.0857247539711894 3.3613239406064745 -0.50497358415178462 14.38811060994777 1.2670117597640715 5.8626116592776496 -1.4362535132069179 1.2464733814232336 -0.024478833309638778 1.4357715927364878 0.90757498888542509 -7.0915709743654016 -15.072252067922973 -2.4085629121463858 17.741746347491453 -1.9507585743606717 -1.7413062279371994 9.194655902727396 0.31262975283039007 -16.478031619336797 1.6343439393405343 -1.8822681744527079 -1.9188112624447586 1.6017023929784455 -75.042375235503087 1.3404885455008388 -0.9774288628043003 1.0306833869249874 1.204762524803684 -20.581169165424726 1.9963910581531696 3.230906660117133 -13.395004897999849 -0.72985811071042694 5.4598098582097059 -0.78400788656247844 1.3520247627946373 1.4894955127075267 -31.764771954262407 -34.142823334124643 4.7479443768084515 -0.47297236898219147 1.977259320998523 -10.604530450548513 0.30427652388407095 -0.82816650415957194 -0.12051950733183091 0.51597945152930447 -15.576557718095042
leaf_weight=28 21 20 29 32 41 23 21 21 20 22 20 289 138 21 21 29 27 21 26 43 22 21 20 32 49 180 24 23 71 39 35 20 89 20 31 62 21 2353 20 35 36 33 341 22 37 66 98 35 401 26 31 1358 82 25 20 23 47 30 34 32 27 111
leaf_count=28 21 20 29 32 41 23 21 21 20 22 20 289 138 21 21 29 27 21 26 43 22 21 20 32 49 180 24 23 71 39 35 20 89 20 31 62 21 2353 20 35 36 33 341 22 37 66 98 35 401 26 31 1358 82 25 20 23 47 30 34 32 27 111
internal_value=-0.00126689 0.00105592 0.000830809 0.000494593 0.00617879 -0.00183573 0.0127684 0.00952096 -0.00114662 0.00558758 -0.0012426 0.000103571 0.00164835 -4.78959e-05 0.010073 -0.000202548 0.00379267 0.0008225 0.00253373 0.00447388 0.00149826 0.00529002 0.00995662 -0.00165909 0.00177558 -0.000494914 -2.05229e-05 0.00296337 -0.000365901 0.00117396 0.0049142 -0.00177832 0.000265486 0.000392798 0.00040307 -0.000889019 0.00129964 -0.00277183 -0.000699239 0.00155112 -0.0019607 -0.000947184 -0.00149344 -4.63686e-05 -0.00197928 0.000174587 -0.000714701 0.001417 -0.00112266 0.000725995 -0.000910872 -0.00227298 -0.00233747 -0.000168068 0.000536512 0.0025058 -0.00118943 -0.000645162 -0.0024241 -0.0024874 -0.00255665 -0.001021
internal_weight=6995 1375 1354 1304 114 5620 53 50 3239 45 3194 753 464 1190 41 1170 79 423 200 132 86 43 46 2441 81 1091 877 90 787 258 64 2360 192 61 52 172 83 2381 223 85 2168 513 480 194 444 103 172 74 529 128 102 1655 1635 107 67 43 68 65 214 1528 1496 138
internal_count=6995 1375 1354 1304 114 5620 53 50 3239 45 3194 753 464 1190 41 1170 79 423 200 132 86 43 46 2441 81 1091 877 90 787 258 64 2360 192 61 52 172 83 2381 223 85 2168 513 480 194 444 103 172 74 529 128 102 1655 1635 107 67 43 68 65 214 1528 1496 138
is_linear=0
shrinkage=0.03


Tree=82
num_leaves=63
num_cat=0
split_feature=35 38 10 58 47 56 10 20 14 1 36 23 51 63 50 50 35 15 22 66 48 67 27 21 52 25 63 35 37 70 0 12 45 13 61 67 47 56 48 66 16 12 16 1 48 15 12 3 69 31 50 65 50 32 1 63 45 33 36 43 19 40
split_gain=9.48774 5.75161 4.49141 7.07167 5.39214 3.39605 3.4994 3.30255 5.69521 2.25642 2.06436 2.07497 2.03075 1.98338 1.9594 4.13357 1.93072 2.4139 3.37885 1.66645 1.49936 1.40523 1.69266 2.2891 1.37593 2.02851 1.36704 2.36107 1.30842 2.02198 1.27314 1.67392 1.56551 1.17852 1.25003 4.52764 0.981006 0.864119 0.970331 0.810331 1.14324 0.800079 0.789303 0.78684 0.7654 0.793617 2.83877 0.709648 0.623747 0.59984 0.578227 0.560772 0.681281 0.51448 1.15584 0.459529 0.427403 2.42988 0.423336 0.33407 0.333002 0.328681
threshold=27755.000000000004 13003.604166666668 0.35201941816566318 4924.3125000000009 277.50000000000006 12.500000000000002 0.74305326206722599 18.368750000000002 87276.833333333358 -0.72499999999999987 26092.500000000004 69.728297500000011 1072.5000000000002 2114.5000000000005 674.00000000000011 633.33333333333348 13300.000000000002 10660.3282228603 0.95000000000000207 5635.6458333333348 222.50000000000003 107017.00000000001 14.209543619075347 3.0504357871555365 1188.5000000000002 83.355837000000022 1455.5000000000002 15424.500000000002 27948.500000000004 119178.81250000001 104377.00000000001 98713.500000000015 27408.500000000004 106248.00000000001 4554.5000000000009 144947.00000000003 1331.5000000000002 3382.5000000000005 212.50000000000003 1263.1250000000002 5160.5000000000009 67828.000000000015 4875.0000000000009 23.075000000000006 79.500000000000014 17032.225944144044 98713.500000000015 62.248632444021553 114509.50000000001 65.279489228911928 1399.0208333333335 5985.5000000000009 265.14583333333343 59.946402759470082 17.075000000000006 4513.5000000000009 28084.500000000004 3.2024072347547397 21497.500000000004 32888.500000000007 21.975000000000005 23943.500000000004
decision_type=2 2 2 2 2 2 2 2 2 2 2 2 2 2 2 2 2 2 2 2 2 2 2 2 2 2 2 2 2 2 2 2 2 2 2 2 2 2 2 2 2 2 2 2 2 2 2 2 2 2 2 2 2 2 2 2 2 2 2 2 2 2
left_child=1 41 9 7 13 6 28 30 -9 12 11 -7 51 -5 15 16 -10 18 -18 47 -15 24 23 39 25 -16 -19 -28 29 -2 32 -32 -4 -12 35 48 -31 -33 -39 40 -23 -1 44 -20 -11 56 -47 -14 -35 -36 -26 -3 -53 59 -55 -50 57 -46 -24 61 -48 -43
right_child=5 2 3 4 -6 10 -8 8 14 42 33 -13 19 20 21 -17 17 26 43 -21 -22 22 58 -25 50 -27 27 -29 -30 36 31 37 -34 34 49 -37 -38 38 -40 -41 -42 53 -44 -45 45 46 60 -49 55 -51 -52 52 -54 54 -56 -57 -58 -59 -60 -61 -62 -63
leaf_value=1.7207261667181954 24.656016510243465 -17.851036996825282 4.5672423284970085 -1.4780974417433252 14.110280958788763 20.129289281756442 15.39125859604024 4.0875193125490599 -4.8319612370880121 0.87944337580797927 -1.2347660604644257 0.048439137795197373 -1.1617501950541294 0.94946042680135101 3.5097291602390506 5.4594720057532635 -0.13810192785863071 -1.9407922435236529 8.2681449939663523 2.7068567658535088 5.623389194810315 0.87081488789296035 1.0220734406612471 5.2824419181359854 -4.5424008381566239 -0.13900766123390609 2.2709572377938314 -0.022399541871011112 14.879067871125997 11.832994890363068 6.0203225465751329 -3.1218943996461426 -22.113919734669512 0.80006030217275981 -17.964694810055565 9.9797371371914796 -1.825799245946286 -1.0950503167781465 0.99257931837656899 -7.3058443075108173 -0.35408337164521836 2.3426917679345602 2.281546644031557 5.9140979484390348 -42.12513113621354 1.0587903246595349 0.10160857834467193 0.63235985117692972 -0.47783555970899255 1.0421878123980046 0.5762845426987574 -11.129273905759995 2.3500389133250459 9.0064310065270536 -47.390442634898982 3.674714830695351 -30.660430154558028 1.5298030796474 -2.0048161953176398 -1.9162720587751234 -36.376046959628383 -76.061196478407652
leaf_weight=28 25 81 34 22 20 24 26 27 84 24 81 29 31 25 20 21 34 79 20 36 21 26 23 26 251 39 25 38 27 34 20 99 572 32 78 20 41 24 28 33 25 26 23 20 132 34 20 32 60 26 37 61 35 20 42 25 1663 25 72 25 124 2240
leaf_count=28 25 81 34 22 20 24 26 27 84 24 81 29 31 25 20 21 34 79 20 36 21 26 23 26 251 39 25 38 27 34 20 99 572 32 78 20 41 24 28 33 25 26 23 20 132 34 20 32 60 26 37 61 35 20 42 25 1663 25 72 25 124 2240
internal_value=-0.00124544 -0.00156144 -0.000877365 0.000261741 0.0085471 0.00261882 0.00638798 -0.000171726 0.00106321 -0.00174486 0.00107171 0.00655367 0.00079319 0.00444934 0.000639101 0.00250389 0.00158947 0.00309579 0.00748988 0.00423814 0.00800434 -0.000440138 0.00152121 0.00405994 -0.00160761 0.00253807 0.000781139 0.00408875 0.00429583 0.00266733 -0.00160597 0.000666276 -0.0022521 0.000158335 0.00121941 0.00310722 0.000159786 -0.000397089 0.00270633 0.00160523 0.00399217 -0.00273403 -0.0020889 0.0133915 -0.00215271 -0.00221761 -0.000286357 0.00123613 0.000819811 -0.00123919 -0.00246789 -0.00111801 0.000405827 -0.00279461 -4.83099e-05 -0.000493538 -0.00240481 -0.000878422 -0.00138801 -0.00286762 -0.00214434 -0.00290587
internal_weight=6995 6467 4086 1765 88 528 153 1677 900 2321 375 53 276 68 873 321 300 216 74 99 46 552 205 110 347 59 142 63 127 100 777 171 606 322 241 137 75 151 52 84 51 2381 2045 40 2022 1998 178 63 117 104 288 177 96 2353 62 85 1820 157 95 2291 144 2266
internal_count=6995 6467 4086 1765 88 528 153 1677 900 2321 375 53 276 68 873 321 300 216 74 99 46 552 205 110 347 59 142 63 127 100 777 171 606 322 241 137 75 151 52 84 51 2381 2045 40 2022 1998 178 63 117 104 288 177 96 2353 62 85 1820 157 95 2291 144 2266
is_linear=0
shrinkage=0.03


Tree=83
num_leaves=63
num_cat=0
split_feature=38 17 36 45 5 37 19 32 68 28 4 32 21 14 16 38 3 54 5 47 43 52 19 14 45 27 0 4 45 15 62 21 52 67 33 2 24 64 16 1 20 30 7 20 37 24 40 25 20 60 43 40 1 51 39 66 60 33 54 16 15 38
split_gain=9.15035 5.40157 3.86466 3.85066 3.66273 5.40351 3.20805 5.25455 3.10228 2.89614 3.95881 2.89843 2.0331 1.74797 1.48611 1.95317 2.13022 1.41799 3.76777 6.83307 1.41321 1.17341 3.5282 3.78821 2.631 3.31923 1.16099 1.04831 0.96945 2.72309 0.9287 2.94348 1.16508 1.51516 0.876583 1.34554 0.848399 1.47422 0.845998 0.832445 0.781091 0.996919 2.15034 0.780942 0.768519 0.762394 0.68094 2.24769 0.628113 0.613356 0.611081 1.15988 0.597598 0.920218 1.57624 0.745453 0.625906 0.571859 0.565138 0.467718 0.45531 0.419232
threshold=14889.958333333334 -11.774999999999999 30554.500000000004 32332.500000000004 2.5000000000000004 13879.500000000002 -0.97499999999999987 63.115473467833972 88880.000000000015 -4.9364050000000068 6.5000000000000009 59.87896685448063 3.8564052446041646 130650.14583333336 2973.0000000000005 25956.916666666668 64.79318542647114 2057.2500000000005 1.0000000180025095e-35 453.50000000000006 32602.500000000004 1742.5000000000002 21.375000000000004 106458.29166666667 32448.500000000004 12.743180727486889 123243.00000000001 16.500000000000004 27355.000000000004 4782.7200145241313 1125.8125000000002 4.0726272835566659 1188.5000000000002 83665.000000000015 2.0294279582233723 89.355252000000021 82.769125000000017 1120.0000000000002 5160.5000000000009 23.075000000000006 24.269791666666666 63.524576638003211 17.500000000000004 -3.2354166666666662 27948.500000000004 85.886405000000011 25456.000000000004 81.351347500000017 20.045833333333338 1340.5000000000002 32888.500000000007 33791.500000000007 -0.72499999999999987 807.50000000000011 42096.500000000007 5595.3750000000009 333.50000000000006 2.6481904976073585 1134.2708333333337 -646.49999999999989 5496.9263113933584 13443.520833333334
decision_type=2 2 2 2 2 2 2 2 2 2 2 2 2 2 2 2 2 2 2 2 2 2 2 2 2 2 2 2 2 2 2 2 2 2 2 2 2 2 2 2 2 2 2 2 2 2 2 2 2 2 2 2 2 2 2 2 2 2 2 2 2 2
left_child=17 2 12 27 5 -5 43 9 -6 -8 11 -11 59 21 36 39 -17 28 19 -19 -12 22 26 -24 -25 -26 52 30 29 -1 31 -3 33 -32 35 -35 -9 -38 -18 -16 58 42 -42 49 -43 -39 47 -30 -20 -7 61 -52 53 -10 -55 60 -54 -53 -34 -2 -56 -48
right_child=1 3 -4 4 8 6 7 14 13 10 20 -13 -14 -15 15 16 38 18 48 -21 -22 -23 23 24 25 -27 -28 -29 46 -31 32 -33 40 34 -36 -37 37 45 -40 -41 41 44 -44 -45 -46 -47 50 -49 -50 -51 51 57 56 54 55 -57 -58 -59 -60 -61 -62 -63
leaf_value=6.3877855697706316 12.91044290086626 -32.309675485367265 14.546766856870622 7.722318212866365 2.8625624408279853 -2.1155211959030922 9.0024303545115831 -1.0511462041799724 -11.246050303814602 1.280806964396408 1.9731044914123286 10.850290398115407 20.102014615932443 8.7684457404022833 0.26239026070543231 14.659964248607929 1.5165509353661633 13.992287314405955 -51.10623007776482 -21.192660692484306 -0.86936724031875845 -4.3255761320924924 -2.1615714135769668 0.042094332576246687 1.0881447744520245 5.2656480767506473 5.4828282385039921 -48.770267619711085 -61.302310632807746 -14.986354240762783 3.0721578553490785 3.4367651415859681 0.060421558545682014 2.119209503533539 -1.5615970887524555 -0.99457864623268288 3.2435078482266397 1.364644009065852 -0.21254719555843715 -2.0169314074676015 1.7718838828035344 -1.1323172566220425 -22.402976309719016 -17.640354329426611 2.1072963744412716 -1.5179446112041162 -72.053833268080865 5.712216974318129 2.6244305480169943 1.7650698108031435 4.3514799902779489 -22.724738347026982 0.57483672859330814 2.2878731953520073 -1.082497071631386 2.273447766544765 -8.0283509719505126 0.56555460893968645 -21.694918750625682 -2.7816290893213451 1.5805011657392558 -30.415781572440913
leaf_weight=20 20 31 36 37 30 21 25 157 209 31 39 39 23 28 26 25 21 20 143 24 73 338 45 28 20 38 20 414 54 60 35 20 26 20 118 32 30 22 22 45 32 163 31 185 23 53 2305 20 20 20 20 135 21 24 100 29 321 20 400 34 20 554
leaf_count=20 20 31 36 37 30 21 25 157 209 31 39 39 23 28 26 25 21 20 143 24 73 338 45 28 20 38 20 414 54 60 35 20 26 20 118 32 30 22 22 45 32 163 31 185 23 53 2305 20 20 20 20 135 21 24 100 29 321 20 400 34 20 554
internal_value=-0.00124544 -0.000190829 0.00625995 -0.000400907 0.000387936 0.00188727 0.00138473 0.00252097 -0.000637244 0.0064027 0.00505766 0.0106562 0.00241245 -0.000870197 0.000508601 0.00301941 0.00665198 -0.00236282 2.89708e-05 0.00782313 0.00152542 -0.00104361 -0.000459377 0.00407323 0.00777003 0.0114114 -0.00126193 -0.00165936 -0.00251906 0.00071161 -0.00109548 0.002818 -0.00132599 0.000643588 -0.000511465 0.00270633 -0.000812668 0.00125595 0.0025058 -0.000421942 -0.0019286 -0.000578082 0.00266244 -0.00165856 -0.00169264 -0.000958722 -0.0026032 0.000202428 -0.00206009 0.00204379 -0.00267262 -0.000925186 -0.00146251 -0.00063596 0.000970537 -0.000160967 -0.0023765 -0.00181818 -0.00271063 -0.000720888 -0.00122398 -0.0027785
internal_weight=6995 3600 113 3487 2142 871 834 608 1271 207 182 70 77 1241 401 139 68 3395 207 44 112 1213 875 131 86 58 744 1345 3188 80 931 51 880 205 170 52 262 105 43 71 675 249 63 226 186 75 3108 74 163 41 3034 175 724 382 173 149 342 155 426 54 120 2859
internal_count=6995 3600 113 3487 2142 871 834 608 1271 207 182 70 77 1241 401 139 68 3395 207 44 112 1213 875 131 86 58 744 1345 3188 80 931 51 880 205 170 52 262 105 43 71 675 249 63 226 186 75 3108 74 163 41 3034 175 724 382 173 149 342 155 426 54 120 2859
is_linear=0
shrinkage=0.03


Tree=84
num_leaves=63
num_cat=0
split_feature=38 26 10 37 38 10 58 36 66 50 48 58 58 32 12 0 32 13 36 28 21 11 55 40 57 5 17 63 48 67 60 59 40 44 47 61 66 32 34 66 69 1 65 47 39 45 15 48 23 70 32 1 17 54 7 68 22 66 13 21 66 57
split_gain=8.97042 4.07826 3.78234 3.76306 3.66152 3.74173 3.88664 4.47988 2.86157 2.4476 2.06925 2.02172 1.92447 1.73861 1.53054 2.24833 3.54562 1.92727 1.35109 1.34211 1.44255 1.2273 1.13145 1.72599 2.17713 1.25182 1.49609 3.7996 2.32659 1.4934 1.42913 1.11764 0.945548 2.84286 0.899072 0.853724 1.038 0.843623 1.62425 1.38405 0.774392 0.730806 2.10141 1.70987 0.845208 0.897171 0.629836 0.622929 0.587289 0.578882 0.508278 1.15584 0.481224 0.687308 0.479828 0.451854 0.446799 1.00849 0.538872 0.421452 0.37663 0.360801
threshold=23031.604166666668 64.982578770833342 0.87900005428953576 14034.500000000002 13003.604166666668 0.74305326206722599 3837.1458333333335 13338.000000000002 935.39583333333337 885.52083333333348 268.50000000000006 889.47916666666686 1377.3333333333337 56.152176295865466 128977.00000000001 117514.00000000001 63.342817965007917 113795.00000000001 15404.000000000002 -6.8332139999999937 1.1565133129809799 89996.500000000015 7.5000000000000009 33701.000000000007 1.5000000000000002 1.5000000000000002 5.2250000000000005 2671.0000000000005 215.50000000000003 109701.00000000001 192.50000000000003 695.50000000000011 25456.000000000004 29504.500000000004 1762.5000000000002 3707.0000000000005 1194.6666666666667 66.303793535058247 -0.35242888228830432 763.81250000000011 128933.50000000001 18.525000000000002 1659.5000000000002 225.50000000000003 50492.500000000007 33815.500000000007 12263.626650786273 80.500000000000014 86.548084500000016 138903.52083333334 59.946402759470082 17.075000000000006 -1.1249999999999998 827.20833333333337 3.5000000000000004 123244.00000000001 0.50000000000000033 5208.4166666666679 99952.000000000015 4.297165287746493 661.68750000000011 10696.000000000002
decision_type=2 2 2 2 2 2 2 2 2 2 2 2 2 2 2 2 2 2 2 2 2 2 2 2 2 2 2 2 2 2 2 2 2 2 2 2 2 2 2 2 2 2 2 2 2 2 2 2 2 2 2 2 2 2 2 2 2 2 2 2 2 2
left_child=4 2 12 -3 32 22 8 -8 9 -7 13 -5 -2 -9 15 35 17 -17 -15 -18 -21 -20 23 24 -6 26 27 28 -24 -29 -28 -14 33 -1 -32 36 37 38 39 -13 55 44 -43 -44 45 -10 54 -27 -48 -16 -34 -52 53 -49 -25 -22 59 58 -58 -38 -39 -54
right_child=1 3 -4 11 5 6 7 10 41 -11 -12 14 31 18 49 16 19 -19 21 20 40 -23 25 46 -26 47 30 29 -30 -31 34 -33 50 -35 -36 -37 56 60 -40 -41 -42 42 43 -45 -46 -47 48 52 -50 -51 51 -53 61 -55 -56 -57 57 -59 -60 -61 -62 -63
leaf_value=-60.844109814913651 15.459876241596094 12.255612977860716 21.11007316570738 12.800643275160841 6.8730543913264404 6.9230362758333603 7.7165862115262014 3.8893473565825114 -16.572725973490449 -2.2755889039934036 -0.35600883696518221 1.7645388080245497 8.8671163484028526 -0.79082557946110166 -8.9443644731832723 10.215151377078932 3.850963289915462 1.2990735974613361 1.0516483103254772 5.1244598192008732 0.46082004500431767 0.22356966815771129 0.54411446260800822 0.70081126593604992 -42.837721509999056 0.92190448680192116 2.6773648598537299 -40.665290776127549 3.7320989926224977 0.34574348811606898 -18.770461010127704 -2.6974680474606165 -71.526993171888606 5.5408504650885861 1.5760402703154881 2.3500721225932977 -1.1616681227519763 0.01919540787169095 -0.25154959094676721 5.3312850371556095 1.9271920150764852 -2.6935622294329424 0.40692070230045368 1.0336500271462088 1.1827584292943945 0.7397194045288068 -5.5089816223894639 -14.629872120933129 1.6453342501126553 1.775986163135872 8.623401744079084 -45.976010300123257 -28.774002337494213 1.4161357782010915 -17.418905132344953 -1.0138677249641159 0.23859073651183954 2.0593869616587135 -6.2319188199412636 2.4953875430776216 -0.47029253665188508 0.066102523702343707
leaf_weight=53 30 20 24 39 28 34 27 24 357 23 45 23 28 27 253 20 20 20 35 36 34 32 21 26 23 20 32 93 27 25 376 43 2246 20 22 26 350 25 46 33 31 95 31 22 21 31 20 53 20 20 20 42 1472 34 109 96 20 23 50 23 42 34
leaf_count=53 30 20 24 39 28 34 27 24 357 23 45 23 28 27 253 20 20 20 35 36 34 32 21 26 23 20 32 93 27 25 376 43 2246 20 22 26 350 25 46 33 31 95 31 22 21 31 20 53 20 20 20 42 1472 34 109 96 20 23 50 23 42 34
internal_value=-0.00124544 0.000925023 0.00609113 0.000405567 -0.00177702 -0.00111883 0.000652903 0.00440295 -0.000503176 0.00588441 0.00250153 0.000192667 0.00350148 0.0045978 -2.51875e-05 0.000558762 0.00294049 0.0111471 0.00270988 0.00140949 0.000639269 0.00500745 -0.00170506 0.000305174 0.00516634 -0.00191209 -0.000729744 0.00167971 0.00879418 -0.0011939 -0.00166705 0.000759493 -0.00267104 0.000656634 -0.00216277 -0.000363032 -0.000585735 0.00141928 0.00314398 0.00657754 -0.00055866 -0.00116317 0.000627953 0.00542373 -0.00181863 -0.0021412 -0.00109652 -0.00234703 0.00216958 -0.00199927 -0.00277761 -4.83099e-05 -0.00241416 -0.00020666 -0.00208734 -0.00159108 -0.00131946 0.000515574 -0.00124108 -0.00178504 -0.00116244 -0.00253967
internal_weight=6995 1375 125 1250 5620 3239 804 190 614 57 163 1230 101 118 1191 918 257 40 94 217 197 67 2435 226 51 2209 596 166 48 118 430 71 2381 73 398 661 635 169 102 56 161 557 148 53 409 388 175 1613 40 273 2308 62 1593 87 135 130 466 93 70 373 67 1506
internal_count=6995 1375 125 1250 5620 3239 804 190 614 57 163 1230 101 118 1191 918 257 40 94 217 197 67 2435 226 51 2209 596 166 48 118 430 71 2381 73 398 661 635 169 102 56 161 557 148 53 409 388 175 1613 40 273 2308 62 1593 87 135 130 466 93 70 373 67 1506
is_linear=0
shrinkage=0.03


Tree=85
num_leaves=63
num_cat=0
split_feature=38 55 47 5 49 10 38 21 37 44 21 51 49 51 42 10 15 1 5 25 68 23 15 46 20 36 54 42 69 60 19 38 52 56 28 29 12 69 38 58 39 36 48 64 57 55 15 2 38 1 66 29 58 52 21 18 43 28 43 21 20 30
split_gain=8.95954 4.73581 6.41772 3.54647 4.44688 4.71034 2.25056 2.67192 2.216 3.58594 3.18489 2.23737 2.19887 3.03285 2.02759 1.89977 1.87098 1.61902 1.55952 5.67687 4.24063 1.86364 2.84734 1.43433 1.42919 1.89199 1.44306 1.44886 1.42726 2.20189 1.71225 1.67911 1.78596 1.38244 1.30407 1.10127 1.75442 1.24538 1.06598 3.55849 3.75741 2.07485 1.03942 1.02814 0.954711 0.932066 0.862437 1.48297 0.844695 1.117 0.819197 0.776295 0.723065 2.04482 0.700519 0.538872 0.503032 0.498204 0.558896 0.491174 0.445689 0.427338
threshold=14975.708333333336 8.5000000000000018 3883.5000000000005 1.5000000000000002 110.50000000000001 0.35201941816566318 25592.687500000004 3.0788573973207378 19588.500000000004 32437.500000000004 3.8770337096091638 1173.5000000000002 211.50000000000003 802.50000000000011 48494.791666666679 0.35201941816566318 5422.0451293151473 -1.1249999999999998 1.0000000180025095e-35 88.297410000000013 79632.500000000015 82.051578000000021 8051.4022024962169 32466.500000000004 23.253125000000001 21625.500000000004 1262.9375000000002 37962.145833333343 95963.000000000015 628.50000000000011 23.375000000000004 21545.250000000004 1742.5000000000002 4.5000000000000009 -0.43550599999999834 66.260735804484895 106248.00000000001 85009.000000000015 14124.395833333336 3820.541666666667 39213.000000000007 14493.500000000002 90.500000000000014 223.50000000000003 875.50000000000011 593.00000000000011 17751.219545686952 74.584037000000009 22921.625000000004 -3.0249999999999995 2900.666666666667 66.260735804484895 4863.6875000000009 609.50000000000011 1.5261035388849338 14.825000000000001 33138.500000000007 -3.9140360000000025 32713.500000000004 1.3268299140386297 24.776041666666675 64.014273847436314
decision_type=2 2 2 2 2 2 2 2 2 2 2 2 2 2 2 2 2 2 2 2 2 2 2 2 2 2 2 2 2 2 2 2 2 2 2 2 2 2 2 2 2 2 2 2 2 2 2 2 2 2 2 2 2 2 2 2 2 2 2 2 2 2
left_child=18 2 12 4 5 -3 8 51 9 10 -6 -11 13 34 33 17 -13 23 19 21 -21 -1 55 -5 26 28 27 -17 50 30 -30 -31 -33 -15 -2 37 -37 -14 52 -40 41 -41 -19 -10 -29 -46 -44 -48 -47 -50 -26 61 -20 -54 59 -23 -39 58 -45 -25 -27 -8
right_child=1 3 -4 15 6 -7 7 -9 43 11 -12 16 35 14 -16 24 -18 42 38 20 -22 22 -24 54 25 60 -28 44 29 31 -32 32 -34 -35 -36 36 -38 56 39 40 -42 -43 46 57 45 48 47 -49 49 -51 -52 -53 53 -55 -56 -57 -58 -59 -60 -61 -62 -63
leaf_value=-46.371791936876448 4.504960915497092 -0.40626100852570585 20.211184547566976 2.1468097585372345 -5.452438049096811 10.941573532903972 1.0736977892021331 15.311088078309862 1.3381476220812578 -0.60857742713999241 1.5775982959074542 4.4659352487901849 4.293374023960526 5.8391894180284938 0.46379503756877694 0.88568933083763723 2.201331139480271 1.8570202437093786 -67.458873935319659 13.00645203630984 1.0964200256484764 -14.169738909267371 7.6800086154089895 -4.0462800345582099 -0.30136863390840735 0.017880735504547669 -2.8144826917348982 -6.061622640475627 2.5580767293451974 -0.63515393363148942 4.021699714089336 2.8100083953883841 0.20387342455817972 8.307172953754236 -0.68703762905403254 2.4016445260825487 -0.62314253619312654 -6.1766634456466321 -26.709359620498613 5.7141474557117586 -50.574810797948793 2.2653175797550604 -30.603490491795316 -2.5728053696124853 6.7259912664598298 -4.7674941397153994 -16.796433922826893 2.0955880091060299 -0.55935356036680917 2.0485280545424618 0.8487623755703656 1.0574535238843332 7.3203286671525696 -50.646581441577183 -0.70004648776438938 3.8128719712111545 0.070064889221933616 -4.6051446650146355 3.1278143559857163 0.64976784451361624 -0.6894238166573996 -2.2626639244074354
leaf_weight=406 33 21 20 22 141 24 29 39 24 28 39 37 20 35 25 31 37 20 2364 22 29 50 27 25 74 20 276 93 21 40 23 21 20 38 90 23 24 140 353 25 34 20 989 34 20 52 71 38 21 21 32 28 22 79 128 20 24 306 26 29 139 33
leaf_count=406 33 21 20 22 141 24 29 39 24 28 39 37 20 35 25 31 37 20 2364 22 29 50 27 25 74 20 276 93 21 40 23 21 20 38 90 23 24 140 353 25 34 20 989 34 20 52 71 38 21 21 32 28 22 79 128 20 24 306 26 29 139 33
internal_value=-0.00120685 -0.000146441 0.00264986 -0.00057713 0.00107434 0.0102439 0.000554237 0.0041828 -0.000138373 0.00188231 -0.00064964 0.0063761 0.00190445 0.00404342 0.00798165 -0.00120615 0.00910931 -0.00193102 -0.00229492 -0.000828371 0.00868884 -0.00180084 0.00191555 0.000514453 -0.000142684 0.00122276 -0.0011846 0.000516589 0.00295976 0.00513189 0.0105442 0.0021455 0.00642336 0.0105062 0.000877335 -0.000129815 0.00394904 -0.00118957 -0.0025743 -0.00118723 0.0045512 0.0102439 -0.00237993 -0.00160728 -0.00037663 0.0014461 -0.00250524 0 0.000159404 0.00334917 0.000367577 0.00129856 -0.00281611 -0.000296737 -0.000345964 -0.00124108 -0.00206581 -0.00200765 0.000449251 0.00249538 -0.00128221 -0.000531402
internal_weight=6995 3544 472 3072 846 45 801 129 672 282 180 102 452 221 98 2226 74 1322 3451 554 51 503 97 204 904 390 514 238 231 125 44 81 41 73 123 231 47 184 2897 432 79 45 1118 390 207 114 1098 109 94 42 106 90 2465 101 182 70 164 366 60 54 159 62
internal_count=6995 3544 472 3072 846 45 801 129 672 282 180 102 452 221 98 2226 74 1322 3451 554 51 503 97 204 904 390 514 238 231 125 44 81 41 73 123 231 47 184 2897 432 79 45 1118 390 207 114 1098 109 94 42 106 90 2465 101 182 70 164 366 60 54 159 62
is_linear=0
shrinkage=0.03


Tree=86
num_leaves=63
num_cat=0
split_feature=38 36 5 69 55 62 38 12 33 48 23 35 41 59 22 62 10 36 5 66 32 27 36 18 50 24 17 47 37 22 12 27 18 23 46 33 52 35 36 35 43 40 7 29 3 59 37 43 25 10 1 66 50 7 66 51 51 27 31 32 27 34
split_gain=9.68762 4.25505 3.73636 3.37576 3.19565 2.65963 2.3245 2.87107 4.97546 5.00703 2.48897 2.11197 2.07506 2.10248 2.05455 2.24178 2.01482 1.42124 1.41425 2.98713 1.52322 2.7058 1.51479 2.26343 1.36764 1.64728 1.35619 1.50763 1.68237 1.24113 2.02739 1.20754 1.12272 1.72407 1.50402 1.05985 2.01464 1.09699 1.02629 0.89467 1.32214 0.874839 1.40187 0.863642 0.858418 1.22087 0.748079 0.713832 0.694724 0.683717 1.13826 1.94072 1.90468 0.644451 0.628893 0.603047 1.06 0.649487 0.571513 0.54613 0.469722 0.59241
threshold=16895.416666666668 31731.000000000004 1.5000000000000002 91471.000000000015 15.500000000000002 879.64583333333337 12759.625000000002 80433.000000000015 2.973165806493395 223.50000000000003 81.646850000000015 18859.500000000004 57624.500000000007 456.50000000000006 0.69999999999999984 2449.479166666667 1.0000000180025095e-35 25575.000000000004 5.5000000000000009 1182.3333333333337 60.602053574540541 8.7531730704571338 18687.500000000004 18.875000000000004 683.43750000000011 87.370965000000012 -0.72499999999999987 390.50000000000006 19382.000000000004 2.2000000000000011 88003.500000000015 2.6360184033155138 16.525000000000002 89.546590000000023 32735.666666666672 2.7993292769649076 1225.5000000000002 19026.000000000004 16973.500000000004 21415.500000000004 31318.500000000004 24748.000000000004 15.500000000000002 67.382948223007915 66.132114683232174 973.50000000000011 25171.500000000004 33862.500000000007 72.499664500000009 0.87900005428953576 16.525000000000002 1354.9375000000002 446.81250000000006 7.5000000000000009 1060.5416666666667 1312.5000000000002 999.50000000000011 3.9772316838212971 64.107749000292415 60.137484377905714 8.5245359895990731 -0.025615956148897109
decision_type=2 2 2 2 2 2 2 2 2 2 2 2 2 2 2 2 2 2 2 2 2 2 2 2 2 2 2 2 2 2 2 2 2 2 2 2 2 2 2 2 2 2 2 2 2 2 2 2 2 2 2 2 2 2 2 2 2 2 2 2 2 2
left_child=6 2 3 -2 -3 -5 41 8 32 10 -10 29 13 -7 31 17 26 -16 22 -20 21 -21 23 -18 25 38 27 -4 -29 47 -31 -15 -8 -34 -35 37 -37 -33 -25 -24 -41 42 -1 -28 45 -30 58 49 -42 -9 60 -52 -53 -14 -50 56 57 -56 -45 -43 61 -51
right_child=1 4 16 5 -6 12 7 11 9 -11 -12 -13 53 14 15 -17 18 -19 19 20 -22 -23 39 24 -26 -27 43 28 44 30 -32 35 33 34 -36 36 -38 -39 -40 40 48 59 -44 46 -46 -47 -48 -49 54 50 51 52 -54 -55 55 -57 -58 -59 -60 -61 -62 -63
leaf_value=5.1625653150242883 10.335823744268822 19.912737682464662 -3.6166549997144379 22.576504683996866 4.8900501924071609 -6.1381170146378548 -28.68515089930909 -29.687233626726208 -3.6114989030921758 12.147605372677726 3.2607598856574409 1.5302703701228297 0.25546464627880211 5.6477461028456988 0.0080765822506806192 5.7793310149186974 -6.7294715791419311 11.448572964497005 2.6320848156298329 -6.4227730235947549 -0.24838039691452987 6.1081870501498798 -2.0150208249051724 -0.14048723366893259 -2.0998126344824346 4.0231312205864116 -31.427963780470076 16.954403349361939 -0.68985982745950125 6.5341132808262961 -6.3682655865950641 1.9379772312242611 -8.7031521495900783 6.8346686313385359 -0.72664951723708004 -0.26583456670767325 1.3941585095128319 -0.054673086284915046 1.0524576626644864 2.6593818054849576 -5.1384895495870886 -70.647796393308951 -54.718271025294676 1.1011703600010054 -0.56845051133819391 2.6731278398736271 2.3927560891595085 4.853601852963747 2.0504642750665201 -21.128233751141902 -7.0530925542950458 4.2377302795477343 0.13382029681292928 -15.27001367143675 0.53234469769169002 -1.026196810999036 3.8673684202635554 -1.5283928843663814 -8.0816900610538109 2.5900942416493065 -26.593918519296604 5.4673743331954112
leaf_weight=20 27 24 109 22 26 71 135 1463 49 25 27 29 28 23 36 25 56 20 22 30 80 36 230 25 27 28 577 30 30 21 63 21 43 24 22 37 39 195 24 24 108 2136 30 20 36 24 35 25 32 21 57 20 24 126 36 78 29 56 61 27 151 20
leaf_count=20 27 24 109 22 26 71 135 1463 49 25 27 29 28 23 36 25 56 20 22 30 80 36 230 25 27 28 577 30 30 21 63 21 43 24 22 37 39 195 24 24 108 2136 30 20 36 24 35 25 32 21 57 20 24 126 36 78 29 56 61 27 151 20
internal_value=-0.00120256 0.000264523 9.07239e-05 0.00201015 0.00892215 0.00156741 -0.00205162 -0.00136272 0.00123654 0.00676558 0.00287779 -0.00181036 0.00119787 0.00219653 0.00305226 0.00732429 -0.000605502 0.00390374 0.000384322 0.00287329 0.00129363 0.00467473 -0.000167309 0.00241724 0.00504323 0.00708171 -0.00159744 0.000392841 0.00272273 -0.00193663 0.00160523 0.00194224 -0.00124498 0.0013468 0.0054013 0.00140705 0.00445466 0.000319296 0.00366599 -0.000870006 4.95724e-05 -0.00274095 0.00113772 -0.00225941 0.00063263 0.00304991 7.75187e-05 -0.00210544 -0.000424654 -0.00217812 -0.000839305 0.00172107 0.00646258 -0.00181051 0.000493292 -0.000120543 0.0011891 -0.000358307 -0.00147966 -0.00283205 -0.00220198 0.000583941
internal_weight=6995 2563 2513 670 50 643 4432 2219 325 101 76 1894 621 467 396 81 1843 56 921 168 146 66 753 160 104 77 922 229 120 1865 84 315 224 89 46 292 76 216 49 593 363 2213 50 693 90 54 116 1781 339 1756 293 101 44 154 231 199 121 92 81 2163 192 41
internal_count=6995 2563 2513 670 50 643 4432 2219 325 101 76 1894 621 467 396 81 1843 56 921 168 146 66 753 160 104 77 922 229 120 1865 84 315 224 89 46 292 76 216 49 593 363 2213 50 693 90 54 116 1781 339 1756 293 101 44 154 231 199 121 92 81 2163 192 41
is_linear=0
shrinkage=0.03


Tree=87
num_leaves=63
num_cat=0
split_feature=38 26 38 37 17 60 20 33 17 24 50 52 58 16 50 50 0 16 15 24 58 26 43 14 3 52 27 66 55 66 24 21 20 38 24 40 44 45 59 25 65 38 50 18 48 2 58 58 61 20 18 51 34 18 48 3 45 41 11 65 28 32
split_gain=9.42017 4.33528 3.79748 3.45229 2.82461 2.45535 4.33307 5.42525 3.69318 3.38846 1.77745 1.74785 1.54359 1.44416 1.40914 2.3607 1.41618 1.29303 2.23187 2.1557 1.28702 2.41881 1.44607 1.26076 1.52782 1.04561 1.04301 1.30377 1.05984 1.01914 1.67522 1.84023 4.04661 1.26236 1.23617 0.938456 2.84286 0.930081 2.31975 2.5857 0.925198 0.840789 0.83568 0.823201 0.817351 0.808802 0.716528 0.694218 1.17047 0.687934 1.45005 1.75383 0.670995 0.956169 0.60618 1.07578 0.578933 0.574944 0.923424 0.55209 0.506244 0.503357
threshold=22921.625000000004 64.982578770833342 13003.604166666668 14034.500000000002 -14.324999999999998 1796.5000000000002 16.740625000000005 2.8854830094355965 18.425000000000001 79.541347000000016 817.60416666666686 822.50000000000011 889.47916666666686 3564.5000000000005 662.97916666666686 633.33333333333348 114664.00000000001 -1136.9999999999998 9140.5397039149848 75.98955500000001 4712.6250000000009 69.609501833333354 31991.000000000004 104880.66666666667 62.248632444021553 1144.5000000000002 11.306768180330273 1967.916666666667 1.5000000000000002 1241.8333333333337 64.937889000000013 2.9961116060582182 26.13333333333334 26291.208333333339 86.548084500000016 25456.000000000004 29504.500000000004 33867.500000000007 923.50000000000011 76.718035000000015 1373.5000000000002 23367.541666666668 503.62500000000006 23.175000000000001 89.500000000000014 59.258331500000004 4068.9583333333335 1828.354166666667 784.50000000000011 2.0770833333333338 0.62500000000000011 887.50000000000011 -0.81027045088389815 20.775000000000002 390.50000000000006 54.727633089963057 33581.500000000007 42788.000000000007 97695.500000000015 1424.5000000000002 -6.8332139999999937 59.946402759470082
decision_type=2 2 2 2 2 2 2 2 2 2 2 2 2 2 2 2 2 2 2 2 2 2 2 2 2 2 2 2 2 2 2 2 2 2 2 2 2 2 2 2 2 2 2 2 2 2 2 2 2 2 2 2 2 2 2 2 2 2 2 2 2 2
left_child=2 4 35 -3 -2 6 26 14 9 -9 11 -10 -5 45 15 17 25 42 19 43 22 59 57 60 -25 -16 27 -4 -29 30 -24 33 -33 -32 -35 36 -1 41 -39 -40 -34 -31 -8 -19 -7 -6 -27 48 -43 50 -46 -52 53 -13 -30 -56 -57 58 -14 -22 -20 -37
right_child=1 3 5 12 13 44 7 8 10 -11 -12 52 20 -15 16 -17 -18 18 23 -21 21 -23 29 24 -26 46 -28 28 54 37 31 32 40 34 -36 61 -38 38 39 -41 -42 47 -44 -45 49 -47 -48 -49 -50 -51 51 -53 -54 -55 55 56 -58 -59 -60 -61 -62 -63
leaf_value=-55.85956135531228 18.897018377779965 11.478746821982478 2.2836181119479457 12.402777891243106 -3.155355562207717 2.2058506222293799 -13.318673179263325 2.7478627720567843 4.750211887795154 5.8100741153033022 2.9270702682483289 -6.355093637689655 -0.41834933381362471 7.3135870980827002 1.5474373703499582 1.9960418736361791 0.39635048199215694 1.029146832753937 0.69676355821612912 3.5964500939101542 -2.6090474056965332 9.3122866677213221 -23.406739784469018 1.6545920351456305 -1.0698196467035059 -18.426450201113855 -38.368935168081634 3.3242422664849736 -22.299198188663986 0.49499938618146522 -1.1848255364021569 8.0300787942516276 -0.342777369552214 1.2525913184154713 -0.082714589618252954 -66.268967273831464 5.8276880457248668 -5.7684177060700863 -0.56772552268659515 5.818256098304774 0.64684156354918021 0.77278834947323105 1.7384461529452455 -28.001197826064967 -3.8202622844164069 7.7181932802357913 0.079790212968860713 -1.0491400223310472 -0.12521841451152471 -40.154208981334861 -20.92869954551594 4.663374008123693 -1.0586330911739927 1.3737108697318878 3.3018644191932021 -10.044267465048449 7.4262343055966937 -15.915117557470701 0.79153311059938991 1.5584179663696027 -8.4799159606425114 -3.9886791536558754
leaf_weight=53 39 21 29 39 27 23 118 33 27 31 36 23 28 20 27 22 25 25 21 32 24 21 49 24 22 305 430 36 364 29 55 31 24 37 35 2246 20 58 38 35 20 30 24 20 146 39 31 343 120 951 26 38 76 20 29 64 20 191 21 28 114 62
leaf_count=53 39 21 29 39 27 23 118 33 27 31 36 23 28 20 27 22 25 25 21 32 24 21 49 24 22 305 430 36 364 29 55 31 24 37 35 2246 20 58 38 35 20 30 24 20 146 39 31 343 120 951 26 38 76 20 29 64 20 191 21 28 114 62
internal_value=-0.00119827 0.000999215 -0.00174966 0.000474512 0.00633093 -0.001075 -0.000439328 0.00088912 0.00479073 0.0109984 0.00258649 0.00108829 0.000269882 0.00324042 -0.000292557 0.000902629 -0.0016001 0.000367407 0.0016389 0.0059144 7.88753e-05 0.00393981 -0.000165196 -0.000165655 0.00409978 -0.00208207 -0.00188561 -0.00100166 -0.00135646 0.000381594 0.00200717 0.00322118 0.00695073 0.000991345 0.00361997 -0.00265844 0.000656634 -0.000238862 0.00201373 0.00558139 0.00102041 -0.00081019 -0.00192118 0.00159645 -0.00216114 0.00104387 -0.00254389 -0.00110728 0.000579613 -0.00227371 -0.000699668 0.00304212 -0.000453401 0.0025058 -0.00173549 0.00015915 -0.00153389 -0.00223657 0.000610997 0.00040307 -0.00164323 -0.00276461
internal_weight=6995 1402 5593 1277 125 3212 2028 1056 246 64 182 146 1256 86 810 422 388 400 258 77 1217 73 1144 181 46 363 972 542 513 904 251 202 75 127 72 2381 73 653 131 73 44 522 142 45 1184 66 336 493 150 1161 210 64 119 43 477 113 84 240 49 52 135 2308
internal_count=6995 1402 5593 1277 125 3212 2028 1056 246 64 182 146 1256 86 810 422 388 400 258 77 1217 73 1144 181 46 363 972 542 513 904 251 202 75 127 72 2381 73 653 131 73 44 522 142 45 1184 66 336 493 150 1161 210 64 119 43 477 113 84 240 49 52 135 2308
is_linear=0
shrinkage=0.03


Tree=88
num_leaves=63
num_cat=0
split_feature=14 17 48 5 27 4 1 10 20 52 35 50 38 7 7 25 32 27 66 49 5 68 19 35 50 14 16 27 30 14 62 1 1 28 4 45 18 44 20 52 63 48 23 11 18 28 40 70 61 35 70 63 57 68 25 27 25 14 62 15 35 65
split_gain=9.39492 4.59848 3.5208 6.82423 2.92142 2.58346 2.24413 2.17961 4.25872 4.45038 2.58094 2.41573 1.89645 2.02623 2.14555 1.91238 2.01662 3.0477 1.82931 2.5461 1.58601 1.52701 3.31931 1.52074 2.50623 1.44808 1.78276 2.35316 1.44276 1.43627 1.39804 1.3053 1.23081 1.00949 1.00208 0.910113 0.907456 1.06599 0.887831 2.20456 0.861754 0.96074 0.798226 1.36264 1.70888 0.787135 1.38033 1.27245 1.43026 0.984464 1.64156 0.725649 0.716194 2.50444 0.645609 0.637291 0.587289 0.580818 0.570727 0.506479 0.425172 0.399398
threshold=99255.416666666672 -14.324999999999998 110.50000000000001 2.5000000000000004 4.8110908263530794 18.500000000000004 31.425000000000001 0.74305326206722599 18.463541666666668 726.50000000000011 13395.000000000002 852.77083333333337 16895.416666666668 11.500000000000002 5.5000000000000009 59.03048900000001 61.857261048487381 15.960523240012833 677.22916666666674 987.50000000000011 3.5000000000000004 81692.000000000015 15.275000000000002 15951.000000000002 278.66666666666669 105462.35416666667 2257.0000000000005 13.975368052715277 55.584599515146103 130650.14583333336 954.50000000000011 25.475000000000005 -3.4749999999999996 0.18752800000000039 7.5000000000000009 27355.000000000004 20.175000000000001 33907.500000000007 2.7187500000000004 1787.5000000000002 7372.5000000000009 180.50000000000003 83.426380000000009 98246.500000000015 23.075000000000006 -0.38859500000000219 46269.500000000007 111767.16666666667 852.50000000000011 27038.000000000004 127762.77083333336 1755.5000000000002 1.0000000180025095e-35 82979.000000000015 96.901600000000016 6.2396983966419297 87.710680000000011 102058.04166666667 2210.6875000000005 18839.341941028037 19183.000000000004 7262.5000000000009
decision_type=2 2 2 2 2 2 2 2 2 2 2 2 2 2 2 2 2 2 2 2 2 2 2 2 2 2 2 2 2 2 2 2 2 2 2 2 2 2 2 2 2 2 2 2 2 2 2 2 2 2 2 2 2 2 2 2 2 2 2 2 2 2
left_child=7 4 3 -3 -2 6 12 38 23 -10 21 20 -4 14 36 -16 17 -17 19 42 51 22 -11 35 -25 -18 33 -28 -5 30 -20 -31 55 34 -27 -9 37 -14 39 40 -1 -42 -15 -44 -45 46 47 57 56 -48 -51 -12 53 -40 60 58 -49 -32 -7 61 -54 -47
right_child=1 2 5 28 -6 32 -8 8 9 10 11 -13 13 18 15 16 25 -19 29 -21 -22 -23 -24 24 -26 26 27 -29 -30 31 45 -33 -34 -35 -36 -37 -38 -39 52 -41 41 -43 43 44 -46 59 49 48 -50 50 -52 -53 54 -55 -56 -57 -58 -59 -60 -61 -62 -63
leaf_value=-16.922634023929362 6.5068144338762659 9.7404824211042964 -26.590659556312463 0.75030581015287645 18.851074598546912 -0.92324005808584841 6.8428311862428313 5.3232201187129284 8.8739288786861401 -16.110060888391672 5.2401883373522482 -11.672115679267101 0.98302237586619279 -4.8938468842336 -4.9523371207220617 4.0071271652469216 2.1286740688251578 0.49424549863393091 8.1107213357630954 3.4979574888793343 2.4038079695598618 -14.892754048019816 12.433523021947337 4.6108019380673673 -8.3391872372650653 13.56173832463486 8.9432170212727353 -0.076446025610662313 -0.80914325660862385 7.237676221667229 1.2904826381842658 -0.71508696180183606 -32.869576312142485 -0.93621675705078578 -0.58529772631917065 -33.151718612260453 -9.0898155608091553 -2.5243150289880636 7.7967084658774786 4.1137410222566944 -33.351339191793457 7.6784857113483778 -0.59036968017980229 1.859290434689298 -0.023981590743900501 -1.6866536374592338 -1.2287930240097173 -1.5255896891553211 4.0284845304688268 1.649970239224225 -1.1120650964063179 4.3010936504184158 -48.209120415009522 -16.953285058682766 1.0466110929106434 2.2846604340027716 2.3736378597353367 -7.2568504328930965 0.9536174375834453 0.30499000880235222 -0.38886183753174286 1.0024490192225159
leaf_weight=182 34 26 170 29 22 54 20 24 24 26 21 24 23 33 38 35 36 27 32 30 21 183 20 22 39 28 35 25 47 37 22 23 453 100 32 664 106 41 23 20 26 21 24 22 21 526 218 20 22 34 31 25 2855 64 33 20 20 45 21 39 32 25
leaf_count=182 34 26 170 29 22 54 20 24 24 26 21 24 23 33 38 35 36 27 32 30 21 183 20 22 39 28 35 25 47 37 22 23 453 100 32 664 106 41 23 20 26 21 24 22 21 526 218 20 22 34 31 25 2855 64 33 20 20 45 21 39 32 25
internal_value=-0.00118969 0.000218812 3.35887e-05 0.00549461 0.00871658 -0.000189302 0.000323179 -0.00204732 -0.000883726 0.00187445 0.000927834 0.00520307 0.000217175 0.000512541 0.00206995 0.00339511 0.00415907 0.00903382 -0.0001544 0.00320523 0.00813711 -0.000759494 0.00409978 -0.00215459 0.00235679 0.00296369 0.00203089 0.00643927 0.000906701 -0.000556623 -0.000821004 0.00394343 -0.00200876 0.000356027 0.00344426 -0.00255922 -0.000687831 0.00210608 -0.00243697 -0.000698515 -0.00154518 0.00203822 0.00086913 0.00277198 0.00598608 -0.00102086 -7.2805e-06 0.00255616 0.00565217 -0.00118686 0.00202765 0.0112581 -0.00257989 6.88856e-05 -0.00265984 0.00107255 0.00216958 -0.000268257 -0.000159788 -0.00172344 -0.00270791 -0.00195972
internal_weight=6995 2646 2590 102 56 2488 1940 4349 1093 344 320 91 1920 1750 526 356 318 62 1224 130 67 229 46 749 61 256 220 60 76 1094 1034 60 548 160 60 688 170 64 3256 249 229 47 100 67 43 1002 412 129 62 283 65 46 3007 87 2920 95 40 67 75 590 2887 551
internal_count=6995 2646 2590 102 56 2488 1940 4349 1093 344 320 91 1920 1750 526 356 318 62 1224 130 67 229 46 749 61 256 220 60 76 1094 1034 60 548 160 60 688 170 64 3256 249 229 47 100 67 43 1002 412 129 62 283 65 46 3007 87 2920 95 40 67 75 590 2887 551
is_linear=0
shrinkage=0.03


Tree=89
num_leaves=63
num_cat=0
split_feature=38 17 4 41 20 36 45 51 53 26 42 35 1 57 34 66 54 17 52 43 64 57 65 65 35 70 64 10 20 35 45 25 30 25 3 38 47 35 59 54 42 32 33 66 54 25 56 35 28 58 44 20 51 28 36 53 22 3 61 34 2 16
split_gain=8.95585 4.37688 3.40368 3.08524 2.64304 3.45699 2.16452 2.22214 1.96607 2.07313 2.42648 2.68377 1.69499 1.56765 1.86597 2.71003 2.7302 1.56012 1.4981 1.74895 1.47963 1.96204 1.75422 2.29409 1.39608 1.5792 1.28844 1.21465 3.37713 6.38577 1.974 1.96484 2.725 1.11564 1.42077 1.11156 1.27476 1.18063 1.10376 0.984098 1.8136 0.983033 0.97474 0.970496 0.962734 0.957687 0.848384 0.967383 0.844656 0.836612 0.827613 0.824866 2.20072 0.79284 1.87208 0.787256 0.782441 0.688846 1.23743 0.677631 0.586373 0.584858
threshold=14975.708333333336 -14.324999999999998 18.500000000000004 46670.000000000007 27.865625000000005 25675.500000000004 31763.500000000004 961.50000000000011 1405.5000000000002 87.751469500000013 43921.625000000007 16633.500000000004 -1.3749999999999998 84.500000000000014 0.30374718162801534 1287.3541666666667 1806.5833333333335 19.775000000000002 1188.5000000000002 28122.500000000004 752.50000000000011 29.500000000000004 664.00000000000011 1004.0000000000001 23600.000000000004 119178.81250000001 531.50000000000011 0.56392291514228221 18.463541666666668 13350.000000000002 27355.000000000004 86.808593000000016 53.915034052541152 82.455082000000019 62.86388036797856 26178.354166666672 830.50000000000011 28055.000000000004 729.50000000000011 1056.8541666666667 47616.500000000007 58.100086620472595 1.9302257735672936 6069.104166666667 1134.2708333333337 79.364975000000001 27.500000000000004 16127.500000000002 0.14549149999999858 4804.4375000000009 32620.000000000004 2.7187500000000004 1473.5000000000002 -2.9605429999999937 20078.000000000004 692.50000000000011 0.8000000000000006 67.199431949855253 1191.5000000000002 0.14905878340524129 94.988837500000002 2726.5000000000005
decision_type=2 2 2 2 2 2 2 2 2 2 2 2 2 2 2 2 2 2 2 2 2 2 2 2 2 2 2 2 2 2 2 2 2 2 2 2 2 2 2 2 2 2 2 2 2 2 2 2 2 2 2 2 2 2 2 2 2 2 2 2 2 2
left_child=27 3 4 -2 6 -6 18 33 9 10 11 -9 39 24 15 16 -15 43 38 -20 21 -10 -23 -24 -12 -26 -25 51 30 31 -29 42 -33 53 41 37 -37 49 -3 -4 -41 -35 -30 -13 48 55 -40 61 -36 60 -21 52 -1 54 -8 -17 -47 58 -27 -34 -22 -48
right_child=1 2 12 -5 5 -7 7 8 20 -11 13 17 -14 14 -16 45 -18 -19 19 50 35 22 23 26 25 57 -28 28 29 -31 -32 32 59 34 44 36 -38 -39 46 40 -42 -43 -44 -45 -46 56 47 -49 -50 -51 -52 -53 -54 -55 -56 -57 -58 -59 -60 -61 -62 -63
leaf_value=-24.311752381444872 12.153254510601741 3.0643472208349696 -9.5904831233786236 15.928057499730196 9.9124936986625478 0.79158192294416174 -1.953188825458738 8.1628119100380321 4.9639424937658072 1.9425772619160551 -0.60358001482889623 7.2149450053392759 -40.312432275846405 5.4107495894606767 -0.83110615582184799 0.68741660933760995 0.53697100730219072 -6.3243536665253437 3.6988028910079289 -20.430966170914008 -4.1997189176182941 -7.2457712066611926 3.3297812170605496 -0.26852941138360331 5.0882243041097679 1.5954309636135953 0.34543811344607628 5.2354105625466332 5.0531103927964987 5.8381567057275516 -41.929312412568919 11.479848695062199 -52.170433413453154 1.2986187366263318 5.3406590173731194 8.9598381923235326 -0.42419211886567959 1.3123847634106787 -15.164885915849657 7.4584614724397875 0.00030807746380030033 -2.3701938223012711 -27.190654392740647 0.19136789046232716 9.5496206972917843 0.76055650158151222 2.5772610855872604 -13.179009732858402 -0.90067925602728383 1.5131526000839624 1.0995596222512454 -58.623326312794241 3.9903287915889489 -10.667215168249729 2.5010069567244884 -0.86976877103174033 5.1653907900987575 -0.4061725703690246 -0.19855604548083036 9.157844594304299 0.97415992341803581 1.1177948522000833
leaf_weight=100 31 27 47 25 22 38 43 30 21 26 201 24 604 24 73 21 20 25 23 493 309 55 21 47 32 21 24 29 28 38 793 20 28 28 24 33 67 21 47 22 55 179 183 24 29 21 20 20 30 30 36 2192 20 290 26 57 30 35 40 20 33 20
leaf_count=100 31 27 47 25 22 38 43 30 21 26 201 24 604 24 73 21 20 25 23 493 309 55 21 47 32 21 24 29 28 38 793 20 28 28 24 33 67 21 47 22 55 179 183 24 29 21 20 20 30 30 36 2192 20 290 26 57 30 35 40 20 33 20
internal_value=-0.00118969 -0.000129512 -0.000264041 0.00818182 0.000216296 0.00643927 7.66631e-05 0.000573456 0.00126145 0.00236472 0.00203952 0.00628516 -0.002089 0.00127282 0.00308411 0.00478336 0.0112245 0.00311901 -0.00137735 -0.00207028 8.16813e-05 0.00251636 0.00126445 0.00381107 -7.29269e-05 0.00236534 0.00118143 -0.00227754 -0.00146958 0.00115421 -0.0024851 -0.000408456 0.00400881 -0.000868896 0.000506721 -0.000742244 0.00206793 -0.00146528 0.00145414 0.00108783 0.00319066 -0.000811203 -0.00184747 0.00629938 0.00382671 0.00255616 5.60217e-05 0.00244592 0.00138632 -0.0018624 -0.00242676 -0.00267419 -0.000224813 -0.0019883 0.000868306 0.000422534 0.00575342 0.000405827 0.00235679 6.23693e-05 -0.00228881 0.00516209
internal_weight=6995 3544 3488 56 2760 60 2700 2014 1365 704 678 103 728 575 246 173 44 73 686 552 661 168 147 92 329 128 71 3451 1139 317 822 279 68 649 290 493 100 393 134 124 77 207 211 48 83 129 107 60 54 372 529 2312 120 359 69 78 51 96 61 48 342 40
internal_count=6995 3544 3488 56 2760 60 2700 2014 1365 704 678 103 728 575 246 173 44 73 686 552 661 168 147 92 329 128 71 3451 1139 317 822 279 68 649 290 493 100 393 134 124 77 207 211 48 83 129 107 60 54 372 529 2312 120 359 69 78 51 96 61 48 342 40
is_linear=0
shrinkage=0.03


Tree=90
num_leaves=63
num_cat=0
split_feature=38 17 45 51 40 25 22 62 69 52 59 42 62 11 60 5 14 38 56 33 43 45 4 69 31 5 25 65 23 38 59 15 36 42 60 14 63 38 28 4 38 38 33 5 37 42 7 20 31 11 45 52 3 53 51 48 43 5 23 56 59 66
split_gain=9.04271 4.37011 3.23857 2.81012 4.48112 2.7246 2.468 2.5764 2.6318 2.29671 1.92555 1.88907 1.7948 2.14339 1.71018 2.2973 1.88717 3.27397 1.82832 1.71547 2.55719 1.62812 1.56432 1.91353 2.22551 1.47444 5.37251 3.00598 1.79957 2.23089 1.75012 1.34938 1.26548 3.37964 1.09962 1.09579 1.01584 1.01407 1.09321 1.36423 1.18417 1.00251 1.9214 3.07147 5.37491 2.24769 0.99335 0.925699 1.07352 0.861451 0.762192 0.605127 0.60478 0.596518 1.81101 0.890206 1.15634 0.693056 0.804594 0.58066 1.02488 0.529192
threshold=14889.958333333334 -14.324999999999998 32202.500000000004 930.50000000000011 47186.500000000007 79.055660000000003 0.59999999999999887 1604.9375000000002 99001.500000000015 758.50000000000011 602.50000000000011 37962.145833333343 1944.291666666667 104168.50000000001 750.50000000000011 2.5000000000000004 96794.916666666686 17451.541666666668 14.500000000000002 2.8553659985088409 32562.500000000004 33859.500000000007 18.500000000000004 125871.50000000001 63.361203608198181 1.0000000180025095e-35 88.297410000000013 2176.5000000000005 82.051578000000021 12120.187500000002 1248.5000000000002 16845.904817374139 13950.500000000002 44595.458333333336 1020.5000000000001 100861.39583333334 444.50000000000006 22218.708333333339 -0.34903200000000106 6.5000000000000009 23138.979166666672 13443.520833333334 2.8473123617061558 2.5000000000000004 13155.500000000002 34805.375000000007 14.500000000000002 27.490625000000005 60.373561445307558 111059.00000000001 33926.500000000007 1117.5000000000002 64.083887953455005 1435.5000000000002 2101.5000000000005 1634.0000000000002 32505.500000000004 1.5000000000000002 87.908297500000018 27.500000000000004 1589.5000000000002 7731.3750000000009
decision_type=2 2 2 2 2 2 2 2 2 2 2 2 2 2 2 2 2 2 2 2 2 2 2 2 2 2 2 2 2 2 2 2 2 2 2 2 2 2 2 2 2 2 2 2 2 2 2 2 2 2 2 2 2 2 2 2 2 2 2 2 2 2
left_child=25 5 10 11 6 -2 14 -8 -9 -10 12 -4 32 -14 19 16 -16 -18 -19 -5 -21 22 23 47 -25 26 28 -28 -1 -30 -31 52 33 -3 -17 -36 -34 -13 39 -39 -41 -27 61 44 -44 -46 -11 53 -49 -20 -40 59 -26 54 55 -6 -57 58 -55 -12 -61 -43
right_child=1 2 3 4 21 -7 7 8 9 46 51 37 13 -15 15 34 17 18 49 20 -22 -23 -24 24 31 41 27 -29 29 30 -32 -33 36 -35 35 -37 -38 38 50 40 -42 42 43 -45 45 -47 -48 48 -50 -51 -52 -53 -54 57 -56 56 -58 -59 -60 60 -62 -63
leaf_value=-39.356172754705391 17.308909092031282 3.7646939279525196 6.6584072657001672 -0.36912923571992945 -0.42334067221536936 6.8636056334166504 -3.5592903453536495 3.9430206241196459 4.8486904236049186 -0.19549958973965983 -12.7016702148905 -20.756194223193958 2.9153081798026621 -0.59855031543543824 -1.0294449664448406 1.3893830007398247 8.2614777157033856 11.161606278775642 -0.99833974512572254 1.9951948086637854 -1.0990105279741573 10.71343861827828 -11.722121398791536 5.0123434857927505 0.49507780356763653 -63.201223563267554 11.778816012713188 1.5030565140057552 -17.345413544014178 9.5351755489666008 -1.5379182781064704 3.4611172748947459 4.2004732609180362 -7.4678417544180391 1.2653022824111395 -9.2197367692913552 -4.4437672027853621 9.8805279461367999 -1.7616355866569402 0.80716081284015839 -0.61922093626045971 -33.634480333996194 5.6930443832864972 -36.450166556998504 5.8051066673187908 -39.00890863931528 2.7410617827926225 7.6320750763694303 -0.71031385919026646 0.8898886412314112 0.31225794431799797 -23.357530235949469 -13.346356569946693 -1.6433957535426871 2.1902129927144407 0.29071459402135458 -0.021831709588052597 -2.0274614465680449 10.327121755326669 2.0421786234817962 -21.686803194261302 2.341189494549238
leaf_weight=403 26 23 23 177 178 30 27 36 21 38 47 372 20 22 21 34 20 25 24 31 22 31 273 27 29 2169 20 24 45 30 22 25 24 37 34 73 208 23 188 21 82 430 29 108 20 54 23 20 31 34 22 744 50 30 20 21 37 180 20 38 38 41
leaf_count=403 26 23 23 177 178 30 27 36 21 38 47 372 20 22 21 34 20 25 24 31 22 31 273 27 29 2169 20 24 45 30 22 25 24 37 34 73 208 23 188 21 82 430 29 108 20 54 23 20 31 34 22 744 50 30 20 21 37 180 20 38 38 41
internal_value=-0.00117254 -0.000124164 -0.000256483 0.000391788 0.00109236 0.00818182 0.00304171 0.00649207 0.00840813 0.0053715 -0.0015236 -0.00114895 0.00040407 0.00619952 0.00202383 0.00366654 0.00664786 0.00832202 0.00563177 0.00011734 0.00485876 -0.000188253 -0.000414409 0.000363717 0.00361556 -0.00228329 -0.000843596 0.00918367 -0.00173365 0.00191555 0.00616123 0.00158501 -0.000421089 0.00344426 0.00102055 -0.00044818 -0.00143473 -0.00142777 -0.000223149 0.00197462 0.000465567 -0.00255691 -0.00154376 0.000824253 0.00453928 0.000202428 0.00235679 -0.000424503 0.00340509 0.00263339 -0.0015564 -0.00226964 -0.000303414 -0.000833163 0.000152284 -0.000571792 0.00263339 -0.00194263 0.00113772 -0.000292446 0.00130092 -0.00261091
internal_weight=6995 3600 3544 2343 1612 56 640 145 118 82 1201 731 334 42 495 265 124 103 83 230 53 972 941 668 131 3395 544 44 500 97 52 104 292 60 141 107 232 708 336 126 103 2851 682 211 103 74 61 537 51 58 210 867 79 486 256 236 58 230 50 123 76 471
internal_count=6995 3600 3544 2343 1612 56 640 145 118 82 1201 731 334 42 495 265 124 103 83 230 53 972 941 668 131 3395 544 44 500 97 52 104 292 60 141 107 232 708 336 126 103 2851 682 211 103 74 61 537 51 58 210 867 79 486 256 236 58 230 50 123 76 471
is_linear=0
shrinkage=0.03


Tree=91
num_leaves=63
num_cat=0
split_feature=38 17 10 27 44 51 35 33 66 21 3 45 5 25 23 38 59 38 1 51 60 35 51 52 68 45 38 65 47 38 48 30 51 1 48 5 20 51 33 51 23 35 27 51 29 31 65 30 27 26 66 59 24 54 26 23 21 51 62 7 29 5
split_gain=9.12403 4.46437 3.59067 3.30875 2.69201 4.09709 2.6248 1.89736 1.81984 2.82853 2.23351 1.80881 1.75437 5.24807 2.08156 2.54488 2.19345 1.55854 1.54919 1.40819 1.49578 1.40057 1.39045 2.52487 2.97521 1.57234 1.43435 1.37823 1.27325 1.19049 1.5203 0.960495 0.940949 1.84568 0.927945 1.01301 1.76771 2.91548 1.32515 2.97752 0.917543 0.927212 1.3936 1.15403 1.49153 0.740075 0.755782 0.733519 1.36939 0.698899 1.39463 0.996294 0.693079 0.61513 0.566818 0.798649 0.532817 0.517016 0.49138 3.61832 0.483227 0.758899
threshold=14124.395833333336 -14.324999999999998 0.35201941816566318 4.8110908263530794 32556.500000000004 1716.5000000000002 27578.500000000004 2.7016437406993354 1273.1875000000002 3.9369196623593341 55.046517518631099 32492.500000000004 1.0000000180025095e-35 90.049918000000019 82.051578000000021 12120.187500000002 1248.5000000000002 24746.541666666672 -0.72499999999999987 822.50000000000011 2125.5000000000005 28212.000000000004 887.50000000000011 1220.5000000000002 83173.000000000015 31820.500000000004 19902.895833333336 6349.5000000000009 639.50000000000011 15586.187500000002 106.50000000000001 60.550043389035935 1108.5000000000002 17.775000000000002 82.500000000000014 1.5000000000000002 2.7187500000000004 1280.5000000000002 2.9314937315072092 1777.5000000000002 86.833815000000016 29899.000000000004 3.822255081547842 1024.5000000000002 61.203442825267352 54.757131149190116 2705.5000000000005 65.564732701440519 4.8634873158457319 77.161726875000014 661.68750000000011 536.50000000000011 72.719120000000018 1408.6458333333337 84.458704875000009 75.245998000000014 3.9477285114527292 1969.5000000000002 2414.5208333333339 8.5000000000000018 66.365517971143419 2.5000000000000004
decision_type=2 2 2 2 2 2 2 2 2 2 2 2 2 2 2 2 2 2 2 2 2 2 2 2 2 2 2 2 2 2 2 2 2 2 2 2 2 2 2 2 2 2 2 2 2 2 2 2 2 2 2 2 2 2 2 2 2 2 2 2 2 2
left_child=12 3 6 -2 22 7 18 29 -9 10 -10 -7 13 14 -1 -16 -17 21 19 -3 45 -8 -4 24 -24 53 -27 -12 -13 -6 -31 -28 33 -26 -20 36 37 -36 -38 -40 41 42 -32 52 -45 -21 -47 56 -49 -33 -51 -52 -44 -25 55 -34 -19 -53 -14 -60 -50 -62
right_child=1 2 4 -5 5 11 17 8 9 -11 27 28 58 -15 15 16 -18 47 34 20 -22 -23 23 25 32 26 31 -29 -30 30 40 49 54 -35 35 -37 38 -39 39 -41 -42 -43 43 44 -46 46 -48 48 60 50 51 57 -54 -55 -56 -57 -58 -59 59 -61 61 -63
leaf_value=-40.306366353570887 5.348474319107523 -12.196442750936379 -21.183597005975663 17.570456399327806 -11.277992402920018 0.57155410267482343 0.55029201261903427 -1.7916739164261355 1.9920978504329596 8.8751407429710785 -1.2362446859824718 9.060997065405747 -56.279982657696543 8.6304830488527671 -18.37910393951287 10.00255721190152 -1.5059382737815747 -0.95627632019825515 0.21365973333703384 2.277120994892182 1.8894079013355627 7.9199289614388544 7.3848927635300781 0.45027961204007083 -1.8794133829465423 0.62151685865893991 0.17828955852059697 2.0448653923490232 5.9347280259072273 4.4113137048953046 2.5707280798781702 -0.71038267881196449 2.047036777756273 2.2093863361796733 -3.4441142298908636 -22.429091664623112 -18.727973307516894 6.7473980499665478 -0.52770421294756253 3.4016180936791494 -2.4215779953325982 -1.1179751452496669 0.87034814198256916 -0.74906542166277479 6.7230099698598078 0.60668014635678114 -5.563615947474676 15.833412430773118 -3.4177255950662366 1.3603121120013792 0.33899943818091977 -1.0315170977104957 -1.0973001194197913 -21.396424758797334 0.78295281720138998 -0.60663355449685918 1.8809163686425736 0.23457644929588511 5.5222528619425706 -74.757619902455048 1.8776731384402452 -0.19438919792059831
leaf_weight=367 34 133 164 22 96 23 22 48 38 25 55 25 2206 32 48 33 24 151 35 20 39 22 21 32 22 25 28 20 21 23 24 137 20 33 54 1218 278 27 42 20 100 32 31 27 36 20 57 35 41 21 20 65 52 262 24 65 31 22 39 220 43 45
leaf_count=367 34 133 164 22 96 23 22 48 38 25 55 25 2206 32 48 33 24 151 35 20 39 22 21 32 22 25 28 20 21 23 24 137 20 33 54 1218 278 27 42 20 100 32 31 27 36 20 57 35 41 21 20 65 52 262 24 65 31 22 39 220 43 45
internal_value=-0.00115109 -0.000219816 -0.000339287 0.00818182 0.000736668 0.00218755 -0.00109554 0.00139351 0.00391725 0.0056698 0.00360743 0.00911722 -0.00241285 -0.00079151 -0.001595 0.00211227 0.00640981 0.00114586 -0.00154701 0.000557413 0.00271124 0.00646258 -0.000280929 0.000233345 0.00330632 -0.000691064 0.00076391 0.000559254 0.0125597 0.000270719 0.00114426 0.000163766 0.00191956 0.00511797 -0.00188698 -0.00199134 -0.000712421 0.00325524 -0.00166716 0.00227053 0.000566037 0.00173676 0.00262787 0.00149897 0.00456418 0.000679711 -0.000622569 0.000459404 0.00191956 -0.000384761 0.00119438 -0.000168068 -0.000794225 -0.00227474 0.000274976 -0.000846064 -0.000840198 -0.00158439 -0.00274309 -0.00148205 0.000464755 0.00173666
internal_weight=6995 4026 3970 56 1637 676 2333 607 186 138 113 69 2969 504 472 105 57 390 1943 269 136 44 961 797 185 612 318 75 46 421 325 293 164 55 1674 1639 421 81 340 62 302 202 170 146 63 97 77 346 164 265 128 107 83 294 109 85 182 87 2465 259 129 88
internal_count=6995 4026 3970 56 1637 676 2333 607 186 138 113 69 2969 504 472 105 57 390 1943 269 136 44 961 797 185 612 318 75 46 421 325 293 164 55 1674 1639 421 81 340 62 302 202 170 146 63 97 77 346 164 265 128 107 83 294 109 85 182 87 2465 259 129 88
is_linear=0
shrinkage=0.03


Tree=92
num_leaves=63
num_cat=0
split_feature=70 17 27 10 58 66 3 46 1 20 52 33 23 20 32 34 66 8 15 10 54 58 66 63 46 62 25 36 45 26 18 27 62 67 3 61 56 19 12 20 59 68 17 15 37 66 16 56 23 31 27 33 32 45 21 63 26 36 47 47 59 26
split_gain=7.92683 3.96273 3.30875 3.04795 2.56522 3.498 2.81074 2.5076 2.45025 2.3093 6.94707 7.27838 5.00811 2.26034 2.22205 2.17881 2.07263 1.95124 4.09894 2.61547 3.31909 1.59144 1.54184 2.17235 1.57049 1.55026 1.59643 1.50352 2.75191 1.43917 1.95131 2.36343 1.29469 1.12624 1.36316 1.68489 1.12811 1.11299 2.29168 1.47048 1.10459 1.67003 1.6058 1.05377 1.57701 1.0163 0.947205 0.893563 0.883734 0.840989 1.21506 0.826389 0.82076 0.781036 2.23817 0.681337 0.66221 0.656944 0.646236 0.527926 0.509882 0.469444
threshold=106291.77083333334 -14.324999999999998 4.8110908263530794 1.0000000180025095e-35 4712.6250000000009 2086.479166666667 59.035069435353499 32232.687500000004 -3.9749999999999996 17.180208333333336 681.50000000000011 3.2209115505971586 78.891633000000013 2.0770833333333338 54.216084192899793 -0.31595294570159632 1910.4166666666667 1.0000000180025095e-35 12735.756101914243 1.0000000180025095e-35 1284.3750000000002 889.47916666666686 1391.2708333333337 1363.0000000000002 32514.645833333339 2290.6250000000005 84.075152500000016 11903.500000000002 31614.500000000004 81.83511591666668 22.575000000000006 11.87830545885714 1000.0000000000001 117220.50000000001 66.668401477669406 3488.0000000000005 15.500000000000002 16.125000000000004 80433.000000000015 21.250000000000004 1297.5000000000002 108979.00000000001 -10.574999999999998 17426.475499930977 27271.000000000004 1060.5416666666667 4046.0000000000005 7283.5000000000009 93.844555000000014 62.81214113409473 15.349210846041855 1.2045655927374381 61.698128529323334 27355.000000000004 1.9139546136333958 8313.0000000000018 80.963975937500024 28388.500000000004 1105.0000000000002 5116.5000000000009 131.50000000000003 84.972390729166676
decision_type=2 2 2 2 2 2 2 2 2 2 2 2 2 2 2 2 2 2 2 2 2 2 2 2 2 2 2 2 2 2 2 2 2 2 2 2 2 2 2 2 2 2 2 2 2 2 2 2 2 2 2 2 2 2 2 2 2 2 2 2 2 2
left_child=9 2 -2 8 22 -6 -7 15 21 13 11 -11 60 14 -1 -8 -16 18 19 -14 27 -3 23 29 52 26 -25 56 48 46 -31 -32 -19 -23 35 36 -35 -22 -39 -40 47 -42 -43 -10 58 -27 49 61 -29 -5 -51 -18 -24 54 -15 -53 -21 -54 -45 -60 -12 -26
right_child=1 3 -4 4 5 6 7 -9 43 10 12 -13 17 53 16 -17 51 32 -20 20 37 33 24 25 40 45 -28 28 -30 30 31 -33 -34 34 -36 -37 -38 38 39 -41 41 42 -44 44 -46 -47 -48 -49 -50 50 -52 55 57 -55 -56 -57 -58 -59 59 -61 -62 -63
leaf_value=5.8570182375500206 5.1880200895342981 20.875998291428552 17.043342707347975 -0.50355453119806548 -1.4471331829550513 0.17018282283860542 8.6434378218605197 9.4294833243364167 -15.168111533731068 -31.545115342896786 0.37610190328001852 9.2184842829155738 -13.64276054615898 5.8358452279838389 3.3254611095277298 0.45365518093287288 6.6021231684777808 12.160168783700707 5.7877330102729942 -3.7597481711880847 -10.7531443416012 -2.349350970940927 0.19511813598498579 0.36892483889035854 -1.5323829916050471 4.9809354550270122 5.1769788847246145 1.2286472354798272 6.0117826181795246 -0.5974378160103575 0.26616346476267788 3.6914758280043243 -52.452105518902762 14.695106054953843 -1.3225558592673108 9.9004122989321317 -0.11967339685642507 7.5320385723750265 -28.84082233256094 4.324279997731991 1.4312781291937855 5.1870553794274761 -0.20222825165187916 1.7567039494552943 2.7443127407549186 -0.10112157389635011 -0.5689754134824816 3.6391670571588275 1.6064898144210447 1.3985730386878918 -2.3075341345003166 -19.551520623523881 -4.877508509892265 -43.801382221687163 -12.18104996261315 0.76888502577224516 8.9490438227596876 0.10689556508235695 -4.0864293920578962 0.74837874657201264 -40.699083954517029 0.91886383411496086
leaf_weight=23 34 25 22 43 35 35 20 20 680 34 27 39 150 20 37 22 20 30 38 23 73 74 22 21 149 20 24 34 21 23 33 21 177 22 33 26 63 22 59 23 31 24 71 29 32 25 94 20 20 29 26 375 245 2285 71 25 20 20 128 21 1054 33
leaf_count=23 34 25 22 43 35 35 20 20 680 34 27 39 150 20 37 22 20 30 38 23 73 74 22 21 149 20 24 34 21 23 33 21 177 22 33 26 63 22 59 23 31 24 71 29 32 25 94 20 20 29 26 375 245 2285 71 25 20 20 128 21 1054 33
internal_value=-0.00113823 0.000305868 0.00818182 0.000107185 0.00122864 0.00515518 0.00809475 0.0119324 -0.000984909 -0.001844 -0.0010135 0.00804377 -0.00138897 -0.00237912 -0.000493648 0.0076247 -0.000958216 0.00060426 0.00165183 0.000835767 0.00248051 0.00167832 0.000692947 0.00225564 -0.0002146 0.00629301 0.0102439 0.00637595 0.00894807 0.000891861 0.00435798 0.00748614 -0.00182521 0.000839064 0.00239417 0.0039964 0.00190364 -0.000101638 0.0018732 -0.00040195 0.0011978 0.00340206 0.00138801 -0.00171554 0.00012851 0.00226164 -0.000484124 -0.000163286 0.00526802 0.00155963 0.00402904 -0.00156391 -0.00183908 -0.00275872 -7.14471e-10 -0.00186703 0.00180974 -0.00230856 -0.000960135 -0.00177062 -0.00266395 -0.000840198
internal_weight=6995 2295 56 2239 1106 132 97 62 1133 4700 1844 73 1771 2856 480 42 457 690 483 445 295 243 974 359 615 90 45 118 75 269 77 54 207 218 144 111 85 177 104 82 328 126 95 890 210 45 192 202 54 98 55 420 287 2376 91 400 43 265 178 149 1081 182
internal_count=6995 2295 56 2239 1106 132 97 62 1133 4700 1844 73 1771 2856 480 42 457 690 483 445 295 243 974 359 615 90 45 118 75 269 77 54 207 218 144 111 85 177 104 82 328 126 95 890 210 45 192 202 54 98 55 420 287 2376 91 400 43 265 178 149 1081 182
is_linear=0
shrinkage=0.03


Tree=93
num_leaves=63
num_cat=0
split_feature=38 17 4 27 20 31 32 23 44 39 64 35 32 65 33 16 65 28 48 25 54 5 25 65 68 17 47 67 68 20 60 43 33 38 70 42 11 58 42 68 58 31 33 33 58 63 14 5 4 62 54 23 12 2 64 14 43 1 57 49 38 1
split_gain=8.96054 3.94428 3.04348 2.7323 1.96522 2.40814 2.01401 3.98157 1.84318 3.79414 1.89462 2.10856 2.91473 1.88152 2.11882 1.76084 1.74822 1.69862 1.81364 2.67636 1.73714 1.64793 4.61108 4.58203 1.91338 1.60036 1.82239 2.3052 1.43754 2.87974 4.12273 1.41746 3.08965 1.38578 2.89253 1.72342 1.29781 1.27638 3.45063 1.23677 1.149 0.893954 1.58194 2.02537 0.887084 1.14658 0.87465 0.731005 1.97272 0.727993 0.9241 0.726284 0.669654 0.688152 0.628899 1.16354 0.588972 0.501916 0.501804 0.688021 0.590126 0.473614
threshold=14124.395833333336 -14.324999999999998 18.500000000000004 4.8110908263530794 27.865625000000005 60.11674780162118 54.166426310991405 67.988417000000013 31523.500000000004 31845.500000000004 1606.5000000000002 27038.000000000004 61.214329269409305 4728.0000000000009 1.740346205005453 1275.0000000000002 7375.5000000000009 -9.5710625000000018 226.50000000000003 65.004539500000007 1404.5000000000002 1.0000000180025095e-35 79.547915000000003 2176.5000000000005 77548.500000000015 5.2250000000000005 895.50000000000011 125890.00000000001 81482.000000000015 16.740625000000005 1464.5000000000002 32295.500000000004 2.0842329548797096 23782.395833333339 123038.18750000001 54902.145833333336 103964.50000000001 4863.6875000000009 34015.812500000007 91838.500000000015 4652.0208333333339 54.563890724395662 2.3202696243542795 3.2730806780970885 4652.0208333333339 4178.5000000000009 103951.56250000001 1.0000000180025095e-35 3.5000000000000004 2581.354166666667 1906.7291666666667 89.355252000000021 125521.50000000001 84.432390000000012 2976.0000000000005 101546.58333333334 32809.000000000007 -3.9749999999999996 131.50000000000003 198.50000000000003 25071.208333333336 -6.7749999999999995
decision_type=2 2 2 2 2 2 2 2 2 2 2 2 2 2 2 2 2 2 2 2 2 2 2 2 2 2 2 2 2 2 2 2 2 2 2 2 2 2 2 2 2 2 2 2 2 2 2 2 2 2 2 2 2 2 2 2 2 2 2 2 2 2
left_child=21 3 4 -2 6 -6 7 -3 28 -10 13 41 -13 17 -15 52 -17 -11 19 -19 -20 22 56 24 -24 26 54 -28 29 -8 -31 32 -21 -22 35 -35 -16 -23 -39 -33 -30 42 -12 -44 47 46 -46 48 -43 -41 -51 -25 53 -14 55 -4 -1 -50 -49 -60 -61 -56
right_child=1 2 25 -5 5 -7 8 -9 9 10 11 12 15 14 36 16 -18 18 20 31 33 37 23 51 -26 -27 27 -29 40 30 -32 39 -34 34 -36 -37 -38 38 -40 49 -42 44 43 -45 45 -47 -48 58 57 50 -52 -53 -54 -55 61 -57 -58 -59 59 60 -62 -63
leaf_value=-30.932942976449564 5.0323794868482272 9.9826857926768344 3.6235768213297166 16.532042426127546 9.4459528686646301 -0.62498152088804193 -44.30146047268714 -1.0576807339296022 3.335090873110286 1.7705476437668937 -0.72185867027207162 6.3271353566696265 -0.39094948211877323 -0.49182983489921561 1.2989382860213838 0.10299746387190518 11.640579169691613 6.1231456644402424 1.5142912507256685 5.2195786926444194 -3.2026084514860411 -55.319989197181727 11.449014272612285 -19.388814720261767 8.4778469721150884 -51.117517225740471 6.7251291178981729 -2.3773472253821142 -10.430153622288165 3.9178910569754297 -13.189331153801973 1.4491454786561733 -0.99008264178850769 0.0088674748728500008 -0.41840621225958236 4.0949792826650242 4.0181972120962355 -48.184865743818627 7.389682025939428 -2.2274883817652076 1.6977414767582364 3.7174432560951876 2.7741926988761643 -2.3531673451367152 0.024206370066266202 -1.1522711376404431 4.1892365267084264 -12.965764604212033 0.13661491074151436 1.7568445685962892 -17.43020314454694 2.6295792213646987 1.7140558334065099 2.2868282741950989 0.0588237142070899 -3.7688930299619026 4.1016514952839476 -1.6172393855082228 1.6704935348593304 -5.0364903495092728 1.3836601406149964 -15.439773350697296
leaf_weight=371 34 20 20 22 28 32 44 30 20 22 101 24 136 26 20 29 21 20 37 22 240 2364 20 46 20 581 24 22 682 20 20 34 21 21 165 24 23 72 29 99 30 24 32 23 27 33 27 497 30 20 22 25 38 30 27 41 22 82 27 179 26 127
leaf_count=371 34 20 20 22 28 32 44 30 20 22 101 24 136 26 20 29 21 20 37 22 240 2364 20 46 20 581 24 22 682 20 20 34 21 21 165 24 23 72 29 99 30 24 32 23 27 33 27 497 30 20 22 25 38 30 27 41 22 82 27 179 26 127
internal_value=-0.00117254 -0.000249622 -0.000361956 0.00764706 6.80917e-05 0.00544093 -3.61795e-05 0.00592814 -0.000136179 0.000306466 0.000186639 -0.000486979 0.00184466 0.00133439 0.00607815 0.000885477 0.00592814 0.000891446 0.000637153 0.00278454 -0.000406488 -0.00242296 -0.000851022 0.00453645 0.0126434 -0.00196295 -7.14982e-10 0.0054013 -0.00137546 0.00231867 0.00815461 0.00180193 0.00668213 -0.000926462 0.000842455 0.00758315 0.0101624 -0.00274309 0.000534124 0.000582524 -0.00181576 -0.00107481 0.00101858 0.00511797 -0.00142107 0.00144661 0.00415896 -0.0017131 0.000286553 -0.000637846 0.00263658 -7.1425e-10 -0.00033807 -0.00117399 -0.00117155 0.00137479 -0.00238107 -0.00136485 -0.00209025 -0.000917709 -0.00152121 -0.00219987
internal_weight=6995 4026 3970 56 3128 60 3068 50 3018 2222 2202 1386 278 816 69 254 50 747 725 238 487 2969 504 111 40 842 261 46 796 84 40 218 43 450 210 45 43 2465 101 175 712 1108 156 55 952 87 54 865 136 141 42 71 204 166 215 61 393 112 729 232 205 154
internal_count=6995 4026 3970 56 3128 60 3068 50 3018 2222 2202 1386 278 816 69 254 50 747 725 238 487 2969 504 111 40 842 261 46 796 84 40 218 43 450 210 45 43 2465 101 175 712 1108 156 55 952 87 54 865 136 141 42 71 204 166 215 61 393 112 729 232 205 154
is_linear=0
shrinkage=0.03


Tree=94
num_leaves=63
num_cat=0
split_feature=38 36 10 58 66 43 61 17 15 33 39 51 44 64 66 54 24 5 25 23 38 65 5 44 45 14 27 15 51 15 42 58 42 5 29 31 37 64 65 65 44 15 20 15 28 55 61 20 15 63 56 5 12 23 64 27 14 65 29 45 63 2
split_gain=9.41469 3.89143 3.44921 4.14826 5.22502 3.09045 2.69923 2.69402 2.30799 2.1525 1.86692 1.82656 2.17024 2.3619 3.3988 1.83244 3.67417 1.73243 4.44603 2.34161 3.20131 1.66171 1.48621 1.40208 1.36447 1.86495 1.31649 2.19364 5.94306 2.36145 5.90957 1.26697 3.45063 1.24174 1.99457 1.26514 1.22239 1.61409 1.44929 2.824 1.08646 1.0603 1.14563 2.21705 0.977829 1.30057 1.05886 0.967945 0.842158 1.19747 0.780072 0.716515 0.674409 0.650567 0.676272 0.56272 0.777849 0.555841 0.512178 0.744626 0.504348 0.707088
threshold=14124.395833333336 30867.000000000004 1.0000000180025095e-35 3762.3333333333335 4771.6250000000009 32694.500000000004 2047.0000000000002 -0.72499999999999987 6616.9753522703031 2.0036654590100595 32215.500000000004 930.50000000000011 32548.500000000004 970.50000000000011 716.89583333333348 1381.3541666666667 89.915020000000013 1.0000000180025095e-35 90.049918000000019 85.886405000000011 12177.958333333334 7322.5000000000009 2.5000000000000004 31264.500000000004 31763.500000000004 94206.000000000015 11.622457972634605 5228.9088802274446 1280.5000000000002 11454.737904589418 48386.500000000007 4863.6875000000009 34015.812500000007 5.5000000000000009 59.813205816051934 54.964888829772768 23508.000000000004 4033.0000000000005 734.00000000000011 1386.5000000000002 33710.500000000007 16319.050998973231 25.935416666666672 17290.142862815159 -0.38859500000000219 2981.0000000000005 762.50000000000011 -13.637500000000001 18625.288607118473 932.50000000000011 3382.5000000000005 1.0000000180025095e-35 111507.50000000001 61.421256000000007 3066.0000000000005 10.321527254543836 100040.43750000001 3639.0000000000005 67.542653650195362 32313.500000000004 4780.0000000000009 79.354280000000003
decision_type=2 2 2 2 2 2 2 2 2 2 2 2 2 2 2 2 2 2 2 2 2 2 2 2 2 2 2 2 2 2 2 2 2 2 2 2 2 2 2 2 2 2 2 2 2 2 2 2 2 2 2 2 2 2 2 2 2 2 2 2 2 2
left_child=17 2 7 11 10 -6 47 8 44 -8 -5 40 15 14 -14 16 57 18 19 -1 -21 55 26 -12 -17 -26 27 28 -9 -29 -31 -19 -33 35 -35 -25 37 48 -38 -40 -4 -28 43 -43 45 46 -2 -3 -37 -50 60 -27 -48 -46 -55 56 -15 -13 -24 -60 61 -42
right_child=1 6 3 4 5 -7 9 22 -10 -11 23 12 13 21 -16 24 -18 31 -20 20 -22 -23 58 33 25 51 41 29 -30 30 -32 32 -34 34 -36 36 38 -39 39 -41 50 42 -44 -45 53 -47 52 -49 49 -51 -52 -53 -54 54 -56 -57 -58 -59 59 -61 -62 -63
leaf_value=-28.497893057584282 -4.0860645000800604 6.5150626545149235 -20.754266440167964 2.8855094720399963 8.7135436530527635 0.17774383222859008 16.118731731327667 -5.7063865188802376 12.00849325507706 5.1944067735245394 -34.6660210859363 -7.1615398278183795 -2.2908702529271943 5.4963275718674156 6.7824907351314874 -19.80756688149938 2.6195993202910413 -53.660389521266275 7.7515436007213445 -10.47079855743695 10.687283608796847 13.411897910198345 -33.153435797291493 0.41596173134718994 4.5075197318747735 0.28862468847082551 -27.091204070596298 -20.75026783522091 6.731266563341741 5.5317585224975545 -0.84005471638710993 -46.739319771504071 7.1679915651612367 -0.052896304465210653 3.5970725736405913 -0.40593057897571161 -1.4455392972950221 2.3442125404370855 5.7701741051327691 0.87994482274390429 2.5100222090895374 -13.317910873433304 -1.478430422004825 3.4600615319212538 1.9928773523639063 -1.5058829335485253 4.1631599826525916 -2.0478975466261766 -0.37955645356684381 1.1709111276760891 0.76931023259945586 -0.3999590262788022 1.4530306042881409 0.88769711899753512 -1.5213379146219279 -0.75528531127889731 -0.36319605394354321 1.1491014537849309 -10.630178420195573 1.2559273090013532 -2.0085695314416805 -2.7742777070875291
leaf_weight=396 21 23 376 22 21 20 21 40 33 23 56 47 20 33 35 265 20 2364 32 42 34 35 837 20 23 37 289 140 20 23 75 72 29 25 38 218 32 36 23 38 20 24 72 20 34 32 22 33 23 21 37 182 21 32 158 57 63 26 48 25 66 25
leaf_count=396 21 23 376 22 21 20 21 40 33 23 56 47 20 33 35 265 20 2364 32 42 34 35 837 20 23 37 289 140 20 23 75 72 29 25 38 218 32 36 23 38 20 24 72 20 34 32 22 33 23 21 37 182 21 32 158 57 63 26 48 25 66 25
internal_value=-0.00112107 -0.000175108 -0.00032475 0.000564766 0.0026606 0.0129927 0.00566433 -0.00121306 0.00115548 0.0112245 0.00188553 -0.000342331 0.000519511 0.00291238 0.00838475 -0.000444927 0.00341568 -0.00240275 -0.00079151 -0.00153146 0.00327201 0.00129187 -0.00173331 0.00152235 -0.00115954 0.000458488 -0.000691225 0.000815162 0.0059401 -0.000466191 0.00308868 -0.00273092 0.000534124 0.00205653 0.00599049 0.0014449 0.00105855 0.0001107 0.00406015 0.00677578 -0.0017344 -0.00180696 0.000594315 0.00442177 0.00036551 0.00290323 0.00538221 0.00122995 -0.000698208 0.00306122 0.000425388 -0.000383387 0.00807425 -0.000709505 -0.00140452 -3.91908e-05 0.00134235 0.000246237 -0.00253489 -8.20801e-05 -0.000810082 0.00159645
internal_weight=6995 4026 3926 1960 593 41 100 1966 353 44 552 1367 843 243 55 600 93 2969 504 472 76 188 1613 530 507 242 703 298 60 238 98 2465 101 474 63 411 391 298 93 61 524 405 116 44 320 96 64 56 262 44 148 219 43 224 190 153 96 73 910 73 111 45
internal_count=6995 4026 3926 1960 593 41 100 1966 353 44 552 1367 843 243 55 600 93 2969 504 472 76 188 1613 530 507 242 703 298 60 238 98 2465 101 474 63 411 391 298 93 61 524 405 116 44 320 96 64 56 262 44 148 219 43 224 190 153 96 73 910 73 111 45
is_linear=0
shrinkage=0.03


Tree=95
num_leaves=63
num_cat=0
split_feature=38 36 10 58 39 61 64 62 45 5 23 15 30 48 67 20 52 59 15 68 15 20 46 59 62 64 19 46 29 0 18 4 66 46 48 21 66 53 40 40 40 39 47 16 61 47 58 52 66 55 28 28 47 24 15 62 0 23 6 2 48 67
split_gain=8.59128 4.01205 3.2158 3.40082 4.63887 2.69923 2.58796 2.15705 2.1525 1.97714 3.43683 3.97908 1.81162 2.06317 1.73668 1.86019 2.93693 3.68512 2.31907 1.66493 3.42036 1.50397 2.86132 1.9607 1.4038 1.44265 4.25617 1.39614 1.31828 1.20955 1.44028 1.53073 1.05778 1.04541 1.01724 1.29317 1.40754 1.09731 1.11849 0.986287 1.33811 1.38622 1.15756 0.967945 0.935039 0.87842 0.861435 2.6158 0.849022 0.841194 0.83496 0.818308 0.779913 0.779569 1.03469 0.723961 0.695828 0.678553 0.649224 0.846293 0.575319 0.559293
threshold=14124.395833333336 30867.000000000004 1.0000000180025095e-35 3787.1458333333335 31580.500000000004 2047.0000000000002 4000.5000000000005 879.64583333333337 33841.500000000007 1.0000000180025095e-35 85.886405000000011 8051.4022024962169 54.190668326298301 224.50000000000003 105478.50000000001 16.740625000000005 1188.5000000000002 594.50000000000011 7855.4651152736906 75860.500000000015 5102.1800016720836 2.7187500000000004 29451.229166666668 4797.5000000000009 975.54166666666686 970.50000000000011 22.825000000000006 31359.687500000004 67.542653650195362 88512.000000000015 20.075000000000006 7.5000000000000009 2316.5416666666674 33758.687500000007 684.50000000000011 3.5974512252329336 677.22916666666674 1120.5000000000002 46400.500000000007 44423.500000000007 41074.000000000007 47905.500000000007 208.50000000000003 -2153.4999999999995 1434.5000000000002 929.50000000000011 4863.6875000000009 609.50000000000011 4805.3958333333339 17.500000000000004 -0.020734999999994837 2.3403540000000018 220.50000000000003 67.924362500000015 16186.239334838052 1222.4375000000002 115296.00000000001 81.646850000000015 9.5000000000000018 75.727855000000019 81.500000000000014 140246.50000000003
decision_type=2 2 2 2 2 2 2 2 2 2 2 2 2 2 2 2 2 2 2 2 2 2 2 2 2 2 2 2 2 2 2 2 2 2 2 2 2 2 2 2 2 2 2 2 2 2 2 2 2 2 2 2 2 2 2 2 2 2 2 2 2 2
left_child=9 2 7 14 -5 43 27 -2 -7 10 19 52 -8 -14 15 -4 17 -17 -19 20 -1 22 -9 32 -16 26 -26 -6 58 -29 -31 -32 -24 -34 37 36 -36 38 -33 40 -27 48 -41 -3 55 -30 -11 -48 -42 50 -35 -44 -12 -28 -55 -18 -38 -52 60 -60 -23 -47
right_child=1 5 3 4 6 8 12 21 -10 46 11 -13 13 -15 24 16 44 18 -20 -21 -22 28 23 -25 25 39 53 29 45 30 31 34 33 49 35 -37 56 -39 -40 42 41 -43 51 -45 -46 61 47 -49 -50 -51 57 -53 -54 54 -56 -57 -58 -59 59 -61 -62 -63
leaf_value=-72.0659653572705 20.166084712598117 13.342028611265881 -15.568615893711856 3.6530150470363201 -27.057181301164931 3.6137748737531696 -0.11964953075257449 4.5729997168958896 14.51756183860264 -52.050577835628282 -8.8175402562311707 10.784168109438687 9.7992311757626087 3.1017153778413884 14.975165813799968 6.7255893224781991 1.3590726022543713 1.8333764476502965 -1.6595153060014474 -26.567853055696162 7.6586993406778294 1.3120942307708894 2.8352174119627893 2.1399270721772061 4.0091810581312899 -2.6866354504815484 -14.501853842978983 -0.28788710918625648 1.6931213046467151 2.803932805278436 1.5823250150789621 0.51364344838406251 -2.6389762579482694 10.15781737501262 1.5330702044362992 5.6085728154698646 0.67985964445121938 -0.18191261753155807 -0.11055342000919227 0.46149554309010105 -0.37729536937030489 6.3709480205817206 -1.149276017197743 -2.8976936442552703 1.7380338070929242 -0.87177379591709536 11.313954755317589 -35.456544401066623 2.6104423108893191 -1.3725297137993944 10.630179289690853 0.99571466909330442 3.3683735119503329 1.6129426002976788 -4.1577709757607799 -4.0888935042131118 -0.44678672671088598 -1.6385735096410434 -37.983390846070314 3.4785810300942095 -26.703121466259326 1.2135911756049318
leaf_weight=33 21 23 464 22 67 23 21 22 21 2364 34 31 22 27 20 20 56 23 57 360 21 22 20 25 20 69 31 65 28 27 21 23 365 30 24 23 20 138 25 21 33 21 202 33 38 100 22 79 26 90 31 23 25 26 22 215 48 26 20 20 1118 28
leaf_count=33 21 23 464 22 67 23 21 22 21 2364 34 31 22 27 20 20 56 23 57 360 21 22 20 25 20 69 31 65 28 27 21 23 365 30 24 23 20 138 25 21 33 21 202 33 38 100 22 79 26 90 31 23 25 26 22 215 48 26 20 20 1118 28
internal_value=-0.00116825 -0.000264525 -0.000416445 0.000442324 0.00238702 0.00566433 0.00183996 -0.0012741 0.0112245 -0.00239264 -0.000672486 0.00462819 0.00723252 0.010387 -0.000359023 -0.00117512 0.000293326 0.00476523 0.00183521 -0.00183289 0.00304991 -0.00137885 -0.000137909 -0.000541646 0.0010212 0.000698239 0.00393542 0.0010476 -0.00194222 0.00170249 0.00240619 0.00183483 -0.00091265 -0.00116768 0.00127532 0.00349261 0.00185668 -8.06025e-05 0.00380457 -0.000106303 0.00181086 0.00445693 -0.00127997 0.00122995 -0.00114526 0.000634208 -0.00274309 -7.14548e-10 0.00203046 0.000711462 0.00282434 -0.00191915 0 0.000758533 0.00318087 -0.00177057 -0.000308371 0.000630472 -0.0022854 0.00142145 -0.00241821 -0.000398127
internal_weight=6995 4026 3926 1960 573 100 551 1966 44 2969 504 90 70 49 1387 873 409 100 80 414 54 1945 609 587 514 494 99 481 1336 414 349 322 562 542 301 115 92 186 48 395 149 80 246 56 309 156 2465 101 59 177 87 225 59 79 48 271 68 57 1180 40 1140 128
internal_count=6995 4026 3926 1960 573 100 551 1966 44 2969 504 90 70 49 1387 873 409 100 80 414 54 1945 609 587 514 494 99 481 1336 414 349 322 562 542 301 115 92 186 48 395 149 80 246 56 309 156 2465 101 59 177 87 225 59 79 48 271 68 57 1180 40 1140 128
is_linear=0
shrinkage=0.03


Tree=96
num_leaves=63
num_cat=0
split_feature=38 47 5 31 10 3 54 43 7 10 20 52 58 65 30 43 46 29 34 46 25 68 32 56 26 26 31 35 5 2 10 49 35 43 27 35 50 50 49 28 20 46 25 1 54 54 1 7 58 62 11 65 25 47 56 35 54 24 11 59 40 38
split_gain=8.45059 3.73701 3.3864 2.5268 2.28047 2.90339 2.2639 4.14027 1.89016 1.82542 3.67186 5.06544 2.80797 2.80254 3.20753 1.62566 2.83686 2.89319 1.78154 1.66807 1.38306 2.0263 2.49458 1.3268 1.29704 1.9364 1.31173 1.28778 1.24264 1.94951 1.24262 1.1851 1.44744 2.23103 2.92397 1.16017 1.99037 1.03895 2.53772 1.08026 0.900976 3.0051 1.12106 1.06476 0.872493 0.784232 0.776888 0.772602 0.706624 0.696094 1.07352 0.618142 0.572147 0.562338 1.00206 0.553872 0.838019 0.546772 0.764267 0.574047 0.530376 0.515974
threshold=17042.666666666668 5619.5000000000009 1.5000000000000002 61.827701310200858 1.0000000180025095e-35 53.038183727306766 2197.5208333333339 28464.000000000004 9.5000000000000018 0.56392291514228221 18.194791666666671 688.50000000000011 2599.0208333333339 1497.5000000000002 58.178132486030755 32510.500000000004 33645.916666666679 63.524576638003211 -0.068862447685120273 32270.708333333339 71.082690000000014 109985.50000000001 62.157542174811475 10.500000000000002 66.131399854166673 63.833932437500003 62.073733302339953 15424.500000000002 1.0000000180025095e-35 78.111267500000011 0.56392291514228221 295.00000000000006 21754.000000000004 32433.500000000004 14.166610311549301 15951.000000000002 330.85416666666669 1341.0833333333337 234.50000000000003 3.0632050000000004 2.7187500000000004 29451.229166666668 81.836917500000013 0.4250000000000001 2296.2916666666674 1650.604166666667 20.475000000000005 30.500000000000004 5105.6458333333348 2072.5208333333335 106030.50000000001 873.50000000000011 96.707233000000016 336.50000000000006 190.00000000000003 12366.500000000002 1439.4166666666667 85.077210000000022 102906.50000000001 5060.5000000000009 43637.500000000007 27212.333333333336
decision_type=2 2 2 2 2 2 2 2 2 2 2 2 2 2 2 2 2 2 2 2 2 2 2 2 2 2 2 2 2 2 2 2 2 2 2 2 2 2 2 2 2 2 2 2 2 2 2 2 2 2 2 2 2 2 2 2 2 2 2 2 2 2
left_child=6 2 3 8 23 -6 9 -8 60 40 35 -12 13 46 -15 18 17 -17 19 -10 44 51 -23 37 25 45 -27 -26 29 -14 -24 32 53 34 -34 47 -37 39 -39 -4 41 -1 -43 -44 -5 -7 -13 48 -11 50 -35 -22 -42 -29 -55 -30 -57 61 -59 -60 -2 -25
right_child=1 -3 4 20 5 24 7 -9 15 10 11 12 28 14 -16 16 -18 -19 -20 -21 21 22 30 57 27 26 -28 31 55 -31 -32 -33 33 49 -36 36 -38 38 -40 -41 52 42 43 -45 -46 -47 -48 -49 -50 -51 -52 -53 -54 54 -56 56 -58 58 59 -61 -62 -63
leaf_value=4.2308118996595532 4.1394568213684986 9.5438459963010693 -4.084388170653436 -6.3614413387316766 1.4038018057511947 -5.243769022869289 7.0754228144139253 -19.896434872955584 5.5627050546510013 -28.306980696988735 6.415627055685122 -3.4162565673788681 -12.843620187570073 1.7588539769242064 11.341983161936808 14.504008295930593 0.7902487433845633 6.8926647654097453 -0.25029691189464892 0.051682304189155037 0.29718918276016043 1.802907581024523 -0.014245327527693585 -24.664076769909101 2.1152071160683419 0.46289182285312624 4.7567029028492485 -0.32945120865406408 -36.892882575079526 10.248373950138019 8.012049555005694 -0.88539080666049597 5.1843190231905929 -0.13901911990632063 0.65379084364220863 3.3864428397096611 -23.736125325749356 18.811404398036856 -2.4561465779017584 1.5591898648965903 -41.587716378900041 -25.262996122404246 10.311277723909051 -29.345818936459224 0.72115292080169868 4.8370715023824919 1.9784089247032584 1.7412623128234199 4.1671858220155658 -0.23315587067472651 11.228529280205315 -0.39600372999545946 0.71689555884644351 -0.35500638907449189 3.2568988833209103 1.5126530104204645 -7.8995098561372874 2.2527391894031474 -6.0470775828012382 2.8010935705783888 -1.5025543362490612 -0.33451463213125993
leaf_weight=24 22 34 94 136 20 40 30 65 25 857 33 39 20 37 21 35 28 21 40 22 36 32 74 526 20 24 31 198 179 20 24 320 24 31 28 33 42 25 35 22 2619 173 31 23 21 20 20 27 20 90 20 103 36 30 26 37 73 23 62 20 39 115
leaf_count=24 22 34 94 136 20 40 30 65 25 857 33 39 20 37 21 35 28 21 40 22 36 32 74 526 20 24 31 198 179 20 24 320 24 31 28 33 42 25 35 22 2619 173 31 23 21 20 20 27 20 90 20 103 36 30 26 37 73 23 62 20 39 115
internal_value=-0.00112965 0.000251961 0.000116302 0.00196475 -0.000541728 0.00051079 -0.00191608 0.00264984 0.00448514 -0.00201622 -0.00114601 0.00100188 0.000154673 0.0041503 0.0088296 0.00610169 0.00909631 0.0129947 0.00316877 0.00713376 0.000584369 0.00189521 0.00458878 -0.00159744 0.000256068 0.00323197 0.00729583 -0.000175328 -0.00125798 0.00366583 0.00217125 -0.000375441 0.000617311 0.00257897 0.00788867 -0.00219998 0.00135819 0.000732538 0.00394343 -0.000904393 -0.00245174 -0.000716847 -0.00179657 0.00194085 -0.00164227 -0.000449252 -0.000406092 -0.00249862 -0.0026542 0.000595322 0.00340509 -0.000603883 -0.00261459 -0.000861866 0.00176471 -0.00195088 -0.000245232 -0.00215119 -0.000114178 -0.00149817 -7.14085e-10 -0.00248011
internal_weight=6995 2536 2502 658 1844 922 4459 95 232 4364 1458 479 446 117 58 171 84 56 87 47 426 269 130 922 902 115 55 787 329 40 98 767 447 193 52 979 75 176 60 116 2906 251 227 54 157 60 59 904 877 141 51 139 2655 254 56 289 110 746 105 82 61 641
internal_count=6995 2536 2502 658 1844 922 4459 95 232 4364 1458 479 446 117 58 171 84 56 87 47 426 269 130 922 902 115 55 787 329 40 98 767 447 193 52 979 75 176 60 116 2906 251 227 54 157 60 59 904 877 141 51 139 2655 254 56 289 110 746 105 82 61 641
is_linear=0
shrinkage=0.03


Tree=97
num_leaves=63
num_cat=0
split_feature=38 17 27 5 48 47 55 30 35 38 39 5 25 65 41 59 16 16 58 26 20 47 4 56 57 16 3 12 12 15 2 50 45 25 58 42 7 25 23 18 1 27 61 66 50 15 4 56 12 17 34 23 49 27 20 40 45 43 23 2 43 15
split_gain=7.77774 3.98181 2.7323 2.56999 4.22553 3.94586 2.301 4.33099 2.18411 2.14865 1.9752 1.92858 4.66439 5.13843 1.8796 1.74171 1.6356 1.7043 1.5654 1.49367 1.41241 1.55559 1.53605 1.7951 4.31006 1.37217 1.91493 1.55209 2.18777 1.4085 1.37612 1.31132 1.30641 2.31236 1.21128 3.45063 1.1975 1.18068 0.950495 1.70471 0.855286 0.845344 0.949612 0.831041 1.92087 0.862631 0.807386 0.789224 0.78684 0.752644 1.22249 0.726284 0.720699 0.81249 0.674463 1.12277 0.792715 0.538663 0.664078 0.567438 0.985731 0.472992
threshold=14124.395833333336 -14.324999999999998 4.8110908263530794 2.5000000000000004 110.50000000000001 98.500000000000014 8.5000000000000018 53.227655853327242 27427.000000000004 24849.416666666668 60981.500000000007 1.0000000180025095e-35 79.547915000000003 2176.5000000000005 30369.500000000004 676.50000000000011 1196.0000000000002 -2795.4999999999995 4152.6458333333348 66.961504020833345 -4.6718749999999991 186.50000000000003 16.500000000000004 68.500000000000014 65.500000000000014 2257.0000000000005 63.91400450429061 112216.50000000001 101088.00000000001 4934.4548631466187 75.855102000000016 1277.3125000000002 32620.000000000004 79.547915000000003 4863.6875000000009 34015.812500000007 24.500000000000004 83.007335000000026 79.965210000000013 15.225000000000001 22.275000000000002 4.6732196641443862 2457.5000000000005 1391.2708333333337 758.81250000000011 12162.307908044948 1.5000000000000002 100.50000000000001 74502.000000000015 -1.1249999999999998 -0.45878215069495448 89.355252000000021 102.50000000000001 11.834496649738256 25.573958333333337 45498.000000000007 27867.500000000004 33067.500000000007 92.617955000000009 86.071357500000019 33848.500000000007 5186.5062789114481
decision_type=2 2 2 2 2 2 2 2 2 2 2 2 2 2 2 2 2 2 2 2 2 2 2 2 2 2 2 2 2 2 2 2 2 2 2 2 2 2 2 2 2 2 2 2 2 2 2 2 2 2 2 2 2 2 2 2 2 2 2 2 2 2
left_child=11 2 -2 4 5 -3 7 -5 14 10 -10 12 38 48 -6 18 17 31 43 -9 21 -16 23 46 -25 29 27 28 30 -26 -27 -11 -18 -34 -13 -36 57 -20 -1 -40 -39 42 -17 44 45 -8 -22 -44 -14 50 -45 -15 53 -43 56 -56 -48 58 -21 60 -59 -24
right_child=1 3 -4 6 8 -7 15 19 9 16 -12 34 13 51 20 41 32 -19 37 36 22 -23 61 24 25 26 -28 -29 -30 -31 -32 -33 33 -35 35 -37 -38 40 39 -41 -42 52 47 49 -46 -47 54 -49 -50 -51 -52 -53 -54 -55 55 -57 -58 59 -60 -61 -62 -63
leaf_value=-35.174222201506232 4.3812515938375984 0.53631336244887662 14.863014735176925 10.049564582407271 3.4888943098578498 7.5795614664189328 5.7046090656558297 6.0358429917939569 5.7430429084564931 3.0239401978564322 3.2795807333424154 -49.617133390672521 10.318883818281524 -16.444206361832773 3.1673058030125367 -2.0211676460177714 -0.67055768446126596 -0.84371990593903046 0.016510272226595919 -15.687331684499656 0.98783434496883715 -0.0073794308874178191 -0.051994644488211401 5.10408196498393 3.7109602060802174 5.2112728904630563 -0.12881452376502547 8.9685700109868645 -0.29670182151355706 -12.153848596874047 0.25915078058759494 0.039319423166173921 12.10775868933929 0.48063794688263056 -43.163079385141131 6.4345549662483963 1.0407894985715187 2.3048483896201195 -40.169097723951083 5.0443476613950882 1.5688464126529118 -1.5438814678776924 -0.13326704800965528 4.2456768067656263 -0.15267266782727382 0.066415004952476903 4.2840057972464605 0.45124792218492138 8.4686967888257225 -23.96488188156318 -5.6632360162466222 2.8715494692783534 -11.693051030517358 0.63226462198367417 1.2380762381943016 -0.37916340884319538 -3.7932412475538611 13.288244449370529 1.6673313556921121 -0.32462337913046135 -3.736962717806819 -28.008810431079848
leaf_weight=314 34 26 22 20 20 27 30 26 21 20 22 2364 20 46 26 60 28 116 52 126 39 39 54 22 26 25 77 21 37 120 23 39 23 21 72 29 33 21 46 33 23 53 23 27 91 27 22 26 20 165 59 25 1263 33 31 37 414 22 20 54 20 320
leaf_count=314 34 26 22 20 20 27 30 26 21 20 22 2364 20 46 26 60 28 116 52 126 39 39 54 22 26 25 77 21 37 120 23 39 23 21 72 29 33 21 46 33 23 53 23 27 91 27 22 26 20 165 59 25 1263 33 31 37 414 22 20 54 20 320
internal_value=-0.0011468 -0.000286879 0.00764706 -0.000399739 0.000482872 0.00881356 -0.00105932 0.00128932 0.000211794 0.00257497 0.0087703 -0.00231181 -0.000612974 0.00480648 -0.000292662 -0.00144693 0.00148118 -6.8533e-05 8.48306e-05 0.000378611 -0.000432076 0.00387097 -0.000655312 1.67759e-05 0.00169182 0.000820419 0.00255598 0.00517436 0.00331375 -0.0013347 0.00754678 0.00406091 0.00528433 0.0085034 -0.00265791 0.000534124 -0.000261724 0.00352757 -0.00215212 0.000758533 0.00714286 -0.001969 0.000549953 -0.000736658 0.00103309 0.00535902 -0.00106058 0.00366599 0.0133915 -0.00179212 0.000452961 -7.1425e-10 -0.00217478 0.000452961 -0.00138663 0.00136564 -0.00182298 -0.00100372 -0.00215606 0.000718001 0.00334917 -0.00226945
internal_weight=6995 4026 56 3970 1696 53 2274 321 1643 290 43 2969 504 111 1353 1953 247 175 495 301 1333 65 1268 894 351 329 183 106 85 146 48 59 72 44 2465 101 275 96 393 79 44 1458 109 399 148 57 543 49 40 251 86 71 1349 86 504 68 436 242 146 96 42 374
internal_count=6995 4026 56 3970 1696 53 2274 321 1643 290 43 2969 504 111 1353 1953 247 175 495 301 1333 65 1268 894 351 329 183 106 85 146 48 59 72 44 2465 101 275 96 393 79 44 1458 109 399 148 57 543 49 40 251 86 71 1349 86 504 68 436 242 146 96 42 374
is_linear=0
shrinkage=0.03


Tree=98
num_leaves=63
num_cat=0
split_feature=35 17 4 27 20 52 33 10 35 54 12 45 64 14 12 1 25 62 56 4 68 37 1 33 35 20 45 15 31 67 40 59 45 54 45 13 29 56 40 62 30 46 26 15 40 25 65 26 21 35 54 49 52 1 27 2 5 10 5 26 29 66
split_gain=7.28469 3.72703 2.9316 2.7323 2.63648 6.54691 5.77204 3.01648 2.59256 2.43495 2.05795 2.44438 2.01781 5.42797 1.87127 1.64184 1.78574 1.53428 1.49692 1.40471 2.61301 1.55392 1.4537 1.41865 1.46405 1.2841 1.22117 2.51387 1.14739 1.39762 1.11284 1.56708 1.23685 1.08951 1.39942 1.05806 0.993964 0.968521 1.27958 2.13314 0.969227 0.922607 1.70556 0.959123 1.38378 0.90935 0.908504 1.0128 1.58237 0.903671 1.4747 1.6139 0.761567 1.4883 0.688451 0.649555 1.25415 2.24673 0.571262 1.63243 0.566253 0.553554
threshold=15951.000000000002 -14.324999999999998 18.500000000000004 4.8110908263530794 17.180208333333336 674.50000000000011 3.2209115505971586 0.56392291514228221 12210.500000000002 1100.2500000000002 78801.500000000015 32171.000000000004 1181.5000000000002 102277.04166666667 79923.000000000015 30.625000000000004 76.718035000000015 1036.0833333333337 1242.0000000000002 1.5000000000000002 113385.00000000001 13155.500000000002 -6.7749999999999995 2.2640938101978585 29899.000000000004 19.330208333333335 27355.000000000004 5357.3645422949821 61.827701310200858 117645.00000000001 46687.500000000007 838.50000000000011 32252.500000000004 1048.479166666667 33508.500000000007 134209.00000000003 65.158984430170236 68.500000000000014 47410.500000000007 2186.8958333333339 59.997130874046853 28668.354166666668 77.356655208333351 17751.219545686952 52199.000000000007 86.662060000000011 4728.0000000000009 79.66643400000001 2.9570043194582527 13807.500000000002 1639.479166666667 330.50000000000006 2156.5000000000005 10.575000000000001 3.0534163082769479 81.643815000000004 3.5000000000000004 1.0000000180025095e-35 1.5000000000000002 62.853088958333338 66.260735804484895 7731.3750000000009
decision_type=2 2 2 2 2 2 2 2 2 2 2 2 2 2 2 2 2 2 2 2 2 2 2 2 2 2 2 2 2 2 2 2 2 2 2 2 2 2 2 2 2 2 2 2 2 2 2 2 2 2 2 2 2 2 2 2 2 2 2 2 2 2
left_child=4 3 10 -2 26 6 -6 55 17 -10 -3 41 13 -13 -11 16 35 25 33 20 -18 -21 23 24 28 -9 27 -1 29 -23 31 36 -32 -4 -35 -14 -15 54 39 40 -39 42 -12 -43 -45 -22 47 -34 -49 -16 51 -51 61 -54 -24 -7 57 -57 59 -19 -40 -28
right_child=1 2 18 -5 5 7 -8 8 9 14 11 12 15 30 49 -17 19 58 -20 21 45 22 37 -25 -26 -27 52 -29 -30 -31 32 -33 46 34 -36 -37 -38 38 60 -41 -42 43 -44 44 -46 -47 -48 48 -50 50 -52 -53 53 -55 -56 56 -58 -59 -60 -61 -62 -63
leaf_value=5.8989257265299564 4.249814046022486 2.9320556788913583 -9.7576810410429147 14.417124293121645 -22.300774143040563 -66.006607622289764 9.9866506761798206 -2.6929637385891723 7.2230182395603046 4.4284990353683886 3.2226032595746168 6.3669210099264184 -2.414855606415212 -0.44379401325771045 -4.4908281408082047 5.9082962304901558 10.543839710476854 -16.025882625552658 -19.25924520565469 5.4847888025840446 1.1951910828907555 1.7634711751174046 1.5585057142138372 -0.16211402544938755 -0.93825126119299018 18.53345524820384 -38.700409465468553 -30.710984451405906 4.0657868871572092 9.2673752493354602 2.8780442925456358 1.5319805801072546 -0.62543287408994441 -2.6709225114239343 7.2354474086618517 1.2990710946421109 1.2431056282293558 -0.81460333758952375 -1.7284684084914965 5.7019976989093282 6.0275434616445418 -11.503367917057439 -7.8050147597066832 1.4358217534891786 -0.93518121802598109 -1.3455946000626644 1.3826192302580917 -0.015312702737888482 8.1634826717135578 3.924626239906249 -2.3086586724736455 -1.0850713782149712 4.3707002250347369 -99.079550843933404 -0.616082588559557 -9.7211530465172054 -68.251447556918194 5.4196573493509268 -45.054934360948437 8.4347417934324795 0.60743436831762465 -4.5351026130804959
leaf_weight=20 34 21 50 22 27 656 35 29 31 32 28 22 471 33 67 20 21 46 550 37 25 22 21 56 22 23 2173 36 31 20 22 25 127 21 31 28 20 46 59 25 33 481 38 22 42 24 23 72 22 33 61 30 20 35 357 41 118 38 231 20 20 149
leaf_count=20 34 21 50 22 27 656 35 29 31 32 28 22 471 33 67 20 21 46 550 37 25 22 21 56 22 23 2173 36 31 20 22 25 127 21 31 28 20 46 59 25 33 481 38 22 42 24 23 72 22 33 61 30 20 35 357 41 118 38 231 20 20 149
internal_value=-0.00111678 -1.28124e-05 -0.000157626 0.00764706 -0.00196654 -0.000982149 0.00855072 -0.0013907 0.000228817 0.00253837 0.000337742 0.000251392 0.000836218 0.00281071 0.00142537 0.000293699 0.000161596 -0.00144371 -0.00193682 0.00102552 0.00509272 0.000640768 0.000324392 0.00293845 0.0051735 0.00328215 -0.00257943 0.00176471 0.00722298 0.0104751 0.00187445 0.00503201 0.000935738 0.001381 0.00443378 -0.00125025 0.0020339 -0.000374266 0.00140907 0.0036023 0.0011378 -0.00137457 0.00195159 -0.00178316 0.00163806 0.001222 0.00030725 -0.000271371 0.00207226 0.000282574 0.00181305 0.00503962 -0.0026831 0.00076225 -0.0012457 -0.00253898 -0.00100457 0.00189633 -0.00228206 0.000136157 -0.00144121 -0.00276603
internal_weight=6995 3044 2988 56 3951 1518 62 1456 603 254 2336 2315 1704 366 223 1338 1318 349 652 819 70 749 712 151 95 52 2433 56 73 42 344 78 266 102 52 499 53 561 183 104 79 611 66 545 64 49 244 221 94 191 124 63 2377 55 378 853 197 79 297 66 79 2322
internal_count=6995 3044 2988 56 3951 1518 62 1456 603 254 2336 2315 1704 366 223 1338 1318 349 652 819 70 749 712 151 95 52 2433 56 73 42 344 78 266 102 52 499 53 561 183 104 79 611 66 545 64 49 244 221 94 191 124 63 2377 55 378 853 197 79 297 66 79 2322
is_linear=0
shrinkage=0.03


Tree=99
num_leaves=63
num_cat=0
split_feature=38 17 4 41 5 48 47 17 30 59 38 5 68 45 23 58 49 14 35 32 16 32 54 40 7 15 58 32 36 43 37 43 45 45 46 45 45 38 40 61 16 38 2 54 33 13 34 15 19 41 42 56 12 5 4 35 68 19 52 41 60 20
split_gain=8.1885 3.71093 2.67861 2.58498 2.18951 4.13301 3.5554 1.70136 1.55905 1.79102 1.50256 2.6037 6.0355 2.5767 2.56763 2.50812 2.42991 1.48745 1.37403 2.00287 1.46058 2.81261 1.37739 1.35754 1.28822 7.39088 1.27211 1.17128 1.02754 1.05762 1.22849 2.1554 1.35744 1.52648 1.08065 0.987194 0.97518 0.961696 1.47153 0.920978 0.86523 0.79949 1.09076 0.779165 0.774923 1.10677 0.742034 0.746613 2.13417 0.732233 0.726221 0.70844 0.687824 0.663609 0.646639 0.897574 1.47802 0.780915 2.4854 1.10375 0.773991 0.554037
threshold=15248.854166666668 -14.324999999999998 17.500000000000004 46670.000000000007 3.5000000000000004 106.50000000000001 98.500000000000014 -1.1249999999999998 53.607906094037169 348.50000000000006 11329.687500000002 1.0000000180025095e-35 77319.500000000015 29259.500000000004 82.051578000000021 4924.3125000000009 220.50000000000003 104663.20833333336 27328.000000000004 61.214329269409305 1275.0000000000002 65.274129353811531 1885.6250000000002 44918.000000000007 3.5000000000000004 4156.7884902975429 4924.3125000000009 54.770476094209307 12949.500000000002 31629.500000000004 24245.000000000004 32029.500000000004 32556.500000000004 32486.500000000004 32545.520833333336 32364.500000000004 32295.500000000004 14368.85416666667 34347.500000000007 3630.5000000000005 4875.0000000000009 15548.979166666668 83.426380000000009 2279.5416666666674 1.8862058519345721 114851.50000000001 0.99191280816125282 5300.7427717411601 1.8750000000000002 45373.500000000007 57231.062500000007 5220.5000000000009 86261.000000000015 1.5000000000000002 12.500000000000002 19026.000000000004 111716.00000000001 21.375000000000004 1691.5000000000002 42322.500000000007 666.50000000000011 -5.7708333333333321
decision_type=2 2 2 2 2 2 2 2 2 2 2 2 2 2 2 2 2 2 2 2 2 2 2 2 2 2 2 2 2 2 2 2 2 2 2 2 2 2 2 2 2 2 2 2 2 2 2 2 2 2 2 2 2 2 2 2 2 2 2 2 2 2
left_child=10 3 4 -2 5 6 -3 17 -6 23 -1 12 13 -12 36 24 -16 -4 26 -20 22 -22 -21 52 25 -13 27 -7 -29 41 31 -31 33 34 49 -11 -14 -27 -39 -19 -9 42 -30 -26 -24 -46 47 48 -34 -33 -49 -32 -10 -53 57 -56 -57 61 59 -59 -58 -37
right_child=1 2 7 -5 8 18 -8 40 9 35 11 15 14 -15 16 -17 -18 39 19 20 21 -23 44 -25 43 37 -28 28 29 30 51 32 46 -35 -36 54 -38 38 -40 -41 -42 -43 -44 -45 45 -47 -48 50 -50 -51 -52 53 -54 -55 55 56 60 58 -60 -61 -62 -63
leaf_value=-94.901762678946767 7.5698796220350264 0.57033417618256554 1.3786066904811141 11.526316034227856 3.0838112280188184 2.6514316325282437 7.5276366377999908 -32.488247899002808 0.60105949614976251 -11.167253578266232 2.5089463003900438 4.1673269651405462 -18.097401102328874 10.405323954919481 -1.0044777578732114 4.1843450761767951 8.1770064372104585 -1.6416251537139734 4.7992561266748606 -0.22365957588544813 8.4304841820982119 -0.62317659263098024 -0.98343402879015962 1.6335733715719156 -29.403260264832102 -26.457672507030697 2.2984385335604536 2.6720698594287295 -28.424471268463748 1.5853292974071906 -2.5914104230196382 0.68665922037404337 -0.2744059623873753 5.774463806061731 0.30690764737927156 0.66839429417279561 3.3008922810866266 9.2002115459171137 -10.073703322680206 3.4341328044450461 1.8332437424037766 -15.892075793067113 0.99654052510510827 7.4998911408843378 0.67626365929551036 5.5588454153432503 7.224869803504987 -1.7103162512123 9.9683276418613733 -4.7330819456570463 0.1573441685256603 -0.051911090233284531 -3.3794077404164704 0.30052217724634434 -3.2297227162486704 3.5355462777352522 5.2750935696022552 0.85556990165108626 -20.29280188879677 4.4987456703654969 -0.28360795494826724 -3.1776598290556852
leaf_weight=1092 31 31 20 25 29 20 22 644 20 291 21 21 224 20 34 32 34 112 23 129 25 25 25 36 1892 207 23 27 28 29 188 22 49 36 34 80 21 27 51 25 23 187 28 26 31 27 29 140 21 47 38 43 29 25 52 29 20 20 68 23 81 283
leaf_count=1092 31 31 20 25 29 20 22 644 20 291 21 21 224 20 34 32 34 112 23 129 25 25 25 36 1892 207 23 27 28 29 188 22 49 36 34 80 21 27 51 25 23 187 28 26 31 27 29 140 21 47 38 43 29 25 52 29 20 20 68 23 81 283
internal_value=-0.00109105 -1.82271e-06 -0.000135307 0.00764706 0.000367991 0.00116929 0.00937853 -0.00161267 -0.000650269 -0.000845849 -0.0020591 -0.00166545 0.000720135 0.0115328 -0.000689876 -0.00204113 0.00444934 0.00118396 0.000831344 0.00267275 0.00191148 0.00652695 0.000806223 0.00331375 -0.00216222 -0.000343026 0.00031062 0.000145292 -7.15182e-10 -0.000168415 0.00041934 0.00137497 0.000814707 0.00323508 0.00133851 -0.00122268 -0.00212974 -0.00162048 0.00119078 4.3763e-05 -0.00227552 -0.00187577 0.00122995 -0.00245086 0.00382671 0.0057315 -0.000389752 -0.000931077 0.00166904 -0.000781477 -0.0019708 -0.00122999 0 0.00136564 -0.00057156 0.000939044 0.00228286 -0.00115798 0.0010261 0.00668213 0.000534124 -0.00183421
internal_weight=6995 3293 3237 56 2413 1352 53 824 1061 1032 3702 2610 354 41 313 2256 68 157 1299 285 262 50 212 85 2224 306 1014 991 971 944 701 445 416 139 103 947 245 285 78 137 667 243 56 1918 83 58 277 248 70 69 178 256 49 68 656 182 130 474 111 43 101 363
internal_count=6995 3293 3237 56 2413 1352 53 824 1061 1032 3702 2610 354 41 313 2256 68 157 1299 285 262 50 212 85 2224 306 1014 991 971 944 701 445 416 139 103 947 245 285 78 137 667 243 56 1918 83 58 277 248 70 69 178 256 49 68 656 182 130 474 111 43 101 363
is_linear=0
shrinkage=0.03


Tree=100
num_leaves=63
num_cat=0
split_feature=38 17 41 4 16 17 51 29 15 45 44 48 20 45 52 57 49 65 5 25 40 2 33 44 1 36 38 59 21 61 33 66 58 42 38 63 26 20 68 31 11 69 66 52 52 58 12 36 22 25 36 48 2 25 15 66 26 29 43 14 54 36
split_gain=8.59711 3.84751 2.58498 2.37439 2.49743 2.3284 2.58035 2.36171 2.01257 2.25629 2.0347 1.94411 2.00116 1.82284 1.72492 3.89893 1.91336 2.53057 1.60175 4.73075 3.79709 2.02364 1.52835 1.85778 1.4975 1.3067 1.61351 1.27231 1.25877 1.29645 1.24859 1.17842 1.16583 3.45063 1.14578 1.13572 2.25902 1.09049 1.48547 1.08809 1.26896 1.23465 0.918146 2.41922 0.912122 0.780549 1.19461 0.749634 0.736059 0.732081 0.980165 1.10512 0.645371 0.927216 0.600481 0.593357 1.42367 0.555019 0.540101 0.530212 0.527209 1.6759
threshold=14124.395833333336 -14.324999999999998 46670.000000000007 18.500000000000004 2329.5000000000005 5.2250000000000005 1232.5000000000002 55.581439951662212 17290.142862815159 27408.500000000004 32610.500000000004 86.500000000000014 23.971875000000004 27242.500000000004 734.50000000000011 741.00000000000011 227.50000000000003 344.50000000000006 1.0000000180025095e-35 77.902535000000015 28970.500000000004 87.11200700000002 2.8347890358096994 32486.500000000004 13.975000000000001 13042.000000000002 15278.770833333336 931.50000000000011 1.7595590997074488 503.50000000000006 1.4072605280394948 661.68750000000011 4863.6875000000009 34015.812500000007 25167.062500000004 6960.5000000000009 75.584710750000013 -0.78541666666666654 116915.50000000001 54.563890724395662 122117.50000000001 125871.50000000001 1939.6458333333337 1205.5000000000002 1225.5000000000002 3572.0833333333335 105931.50000000001 15197.500000000002 0.59999999999999887 78.294570000000007 16829.500000000004 189.50000000000003 73.665250000000015 66.949765000000014 5377.3041635644158 3160.6875000000005 70.621859437500021 67.998069320122383 28122.500000000004 117818.18750000001 2045.6250000000002 10505.500000000002
decision_type=2 2 2 2 2 2 2 2 2 2 2 2 2 2 2 2 2 2 2 2 2 2 2 2 2 2 2 2 2 2 2 2 2 2 2 2 2 2 2 2 2 2 2 2 2 2 2 2 2 2 2 2 2 2 2 2 2 2 2 2 2 2
left_child=18 2 -2 4 8 6 -5 -8 9 13 25 -12 28 47 15 -6 17 -16 19 -1 24 -22 31 -24 -21 26 -11 -25 29 -13 -19 -10 60 -34 58 49 -37 38 -9 -18 -41 -42 43 -32 -33 -45 -47 -3 59 -31 -51 -52 53 -50 -40 -44 -57 -36 -27 -30 -20 -62
right_child=1 3 -4 5 14 -7 7 37 22 10 11 12 -14 -15 16 -17 39 30 32 20 21 -23 23 27 -26 34 -28 -29 48 35 42 44 33 -35 57 36 -38 -39 54 40 41 -43 55 45 -46 46 -48 -49 52 50 51 -53 -54 -55 -56 56 -58 -59 -60 -61 61 -63
leaf_value=-24.804115239977619 7.3427832333738694 -7.463239225780252 11.180526553200979 -10.665582463376927 -0.26482893665948704 -45.237681272581931 4.1352042817560397 4.6421037372384388 1.7469091137697961 -5.3880982035693865 1.5952747570445522 -27.709597635793557 3.2500158995185471 4.0330934862126622 5.6155764594144566 5.1098260117067351 1.5385491991379321 6.985508132317702 -48.000054982322716 5.9682734337738363 -13.981058063498692 9.3726872792783134 1.2993289986897805 6.1388815057254487 7.6879854507932555 2.328335817870995 2.6967575849528065 -3.6430457860834267 -4.818918202193573 -4.8231948507923432 1.9268440109027589 0.51783775619221861 -40.603466448741145 7.3973904878256382 -0.15127052226101476 9.6286800190144906 0.45860676690540225 -16.297450631019824 2.6872865448199619 -0.2714064015761693 -0.053642696394163976 2.6450254774374296 -1.2899585216881853 -0.86994602207166882 -0.754708392123975 0.48581694471276021 -0.088026908777539908 2.7283646618256996 -0.44811630035097516 -3.6110596230066485 -0.022815062866063853 8.5939044287437945 -0.35960413618473308 5.6541674626725191 -1.7613112050153206 2.8859390555070155 -0.27855638940625899 0.61444070918250726 -7.4615551024389308 2.8466584249065012 12.816331819297705 -42.669351664936762
leaf_weight=376 31 21 25 139 40 581 20 22 35 35 35 48 27 22 20 29 22 22 2214 20 59 29 31 20 20 22 22 24 370 59 30 23 72 29 106 21 34 29 23 355 45 35 58 39 109 27 35 22 20 32 23 25 52 30 28 26 44 34 960 39 21 129
leaf_count=376 31 21 25 139 40 581 20 22 35 35 35 48 27 22 20 29 22 22 2214 20 59 29 31 20 20 22 22 24 370 59 30 23 72 29 106 21 34 29 23 355 45 35 58 39 109 27 35 22 20 32 23 25 52 30 28 26 44 34 960 39 21 129
internal_value=-0.00105674 -0.000152754 0.00764706 -0.000263722 0.000116044 -0.00167795 0.000666411 0.00385749 -0.000391118 -0.000696421 -0.000877088 0.000272359 -3.46117e-05 0.00479263 0.00153065 0.00607815 0.00111199 0.00296911 -0.0022815 -0.000731998 0.00423888 0.000715096 0.00219331 0.00575233 0.0118953 -0.00167416 0.00273205 0.00170068 -0.000326651 0.00144981 0.00221985 0.000574506 -0.00259706 0.000534124 -0.0019009 0.00255023 0.0062069 0.00196866 0.00393981 -0.000105011 -0.000441279 0.0029588 0.001621 0.00338673 -0.000704013 0.0011276 0.00323671 0.00111369 -0.00117394 0.00107836 0.0029588 0.00567567 0.00108717 0.00353293 0.00105675 -0.000163935 0.00166904 0.000620984 -0.00226352 -0.0017453 -0.00273212 -0.000979348
internal_weight=6995 4026 56 3970 3128 842 261 122 2301 2059 1994 815 780 65 827 69 758 301 2969 504 128 88 242 75 40 1179 57 44 753 242 281 167 2465 101 1122 194 55 102 73 457 435 80 259 131 132 101 62 43 511 139 80 48 102 50 51 128 70 140 982 409 2364 150
internal_count=6995 4026 56 3970 3128 842 261 122 2301 2059 1994 815 780 65 827 69 758 301 2969 504 128 88 242 75 40 1179 57 44 753 242 281 167 2465 101 1122 194 55 102 73 457 435 80 259 131 132 101 62 43 511 139 80 48 102 50 51 128 70 140 982 409 2364 150
is_linear=0
shrinkage=0.03


Tree=101
num_leaves=63
num_cat=0
split_feature=38 17 27 4 5 48 47 17 54 15 5 5 20 68 29 35 36 27 66 47 20 52 65 26 52 33 5 18 45 45 39 66 26 41 54 56 40 40 27 64 55 33 45 42 30 56 29 7 52 63 21 38 35 63 26 53 64 0 34 40 48 39
split_gain=8.81819 3.81061 2.7323 2.62697 2.44278 2.9697 4.58341 2.17475 1.785 2.43756 3.94221 1.7067 2.89606 4.44657 2.33229 1.68557 2.40821 1.86443 3.03964 1.97392 1.64254 2.92043 2.18828 1.59269 1.56309 1.51732 1.30359 2.25442 1.26543 1.21384 1.38378 1.39313 3.96914 1.28496 1.1244 1.53669 1.16917 2.08961 1.10785 1.07945 1.05681 2.36512 0.919 1.0746 2.71376 2.64135 2.0874 0.917289 3.49534 3.62539 3.62015 0.901239 1.79148 0.882121 0.810368 0.753339 1.27013 0.70181 1.08873 1.30284 0.687141 0.655561
threshold=14124.395833333336 -14.324999999999998 4.8110908263530794 18.500000000000004 3.5000000000000004 106.50000000000001 98.500000000000014 5.2250000000000005 966.70833333333348 5377.3041635644158 1.5000000000000002 1.0000000180025095e-35 16.634375000000002 78507.000000000015 53.556141822244079 24216.000000000004 14324.500000000002 10.74907218507429 3448.416666666667 178.50000000000003 26.456250000000001 1494.5000000000002 1130.5000000000002 80.963975937500024 1393.5000000000002 3.2360241800532905 1.5000000000000002 29.675000000000001 27408.500000000004 31543.000000000004 32750.000000000004 895.29166666666686 80.504502437500022 42974.000000000007 1962.8958333333337 21.500000000000004 46559.500000000007 41912.500000000007 15.349210846041855 4846.5000000000009 20.500000000000004 1.7101502930883263 27791.000000000004 51042.291666666679 62.601076174498125 7658.0000000000009 63.704059565231027 5.5000000000000009 782.50000000000011 3566.5000000000005 4.6394393668987757 12956.97916666667 14424.500000000002 444.50000000000006 68.409651208333344 842.50000000000011 1269.0000000000002 98802.000000000015 -0.016157411021012532 43637.500000000007 86.500000000000014 66100.000000000015
decision_type=2 2 2 2 2 2 2 2 2 2 2 2 2 2 2 2 2 2 2 2 2 2 2 2 2 2 2 2 2 2 2 2 2 2 2 2 2 2 2 2 2 2 2 2 2 2 2 2 2 2 2 2 2 2 2 2 2 2 2 2 2 2
left_child=11 2 -2 4 5 6 60 8 -5 10 -10 12 -1 14 -14 16 17 18 -7 -19 28 22 -22 51 -12 -20 27 34 -6 -30 -31 32 33 -32 36 -36 37 -17 -21 -39 41 -28 -18 55 45 46 -45 48 49 -13 -51 -15 -53 -46 -55 56 -44 -58 -59 -60 -3 -42
right_child=1 3 -4 7 20 15 -8 -9 9 -11 24 47 13 23 -16 26 42 19 25 38 21 -23 -24 -25 -26 -27 40 -29 29 30 31 -33 -34 -35 35 -37 -38 39 -40 -41 61 -43 43 44 53 -47 -48 -49 -50 50 -52 52 -54 54 -56 -57 57 58 59 -61 -62 -63
leaf_value=-36.145360690373685 3.5112621485765958 0.8218363881743791 13.303405286705033 -14.170116226200408 2.6466766020377492 4.8895563756570306 6.8920470790281714 -43.880550834404488 4.9976208977760264 -1.5676926961152593 4.1914317968051318 -30.564909794412564 1.2504558030275075 -18.271319461305808 9.7705594448470254 -0.046909229243230322 2.9544939010924529 2.0537927022743747 -18.127359685677945 -8.2809148219539512 -0.086953841423266384 -0.93883166374028015 2.6807497294810845 7.6571744510568545 -2.9305058555386667 4.3972403052632458 -1.2369943245533797 7.4232281078319078 -26.42367889005364 1.9429586696809253 0.40438157298531358 -1.6899484228479975 5.0313790322482381 -18.70154121383154 -0.30120574367605052 2.3452177482643966 -1.7414890796998683 0.98875600551765741 4.400400635237669 4.3008130716370836 -0.18631435524628115 20.934505864834872 0.99137794337082152 4.2078692594404732 0.081786050435372973 -0.32728497221566133 0.46217186281845873 -46.522721910852859 -45.63183676227986 8.3798293290965837 -0.067102341572175137 5.3375282420698156 -9.2582925101961333 0.58831141258039621 -2.8149033326256911 -12.247206805624693 -16.838366739549766 -0.22731000386366898 10.096497239570327 -0.19721503017097328 -0.46668202487325872 2.0789135639596976
leaf_weight=273 34 21 22 107 24 24 25 581 20 73 28 36 23 109 22 44 32 22 29 82 26 73 36 29 33 20 35 20 294 21 20 732 21 59 27 43 75 20 35 25 171 29 20 20 37 24 21 2032 350 27 20 20 28 31 151 494 98 39 20 22 27 39
leaf_count=273 34 21 22 107 24 24 25 581 20 73 28 36 23 109 22 44 32 22 29 82 26 73 36 29 33 20 35 20 294 21 20 732 21 59 27 43 75 20 35 25 171 29 20 20 37 24 21 2032 350 27 20 20 28 31 151 494 98 39 20 22 27 39
internal_value=-0.00103101 -0.000115497 0.00764706 -0.00022594 0.000173587 0.000884144 0.00681258 -0.00171357 0.000551512 0.00262816 0.00621455 -0.0022714 -0.000672486 0.00179143 0.0102439 0.000634611 1.96537e-05 0.00292786 0.00681258 0.000862688 -0.000815405 0.0023094 0.00710145 -0.000241806 0.00235679 0.00244399 0.00205075 0.00360094 -0.00117838 -0.00132334 -0.000745517 -0.000940993 0.00236763 -0.000682681 0.00275523 0.00594864 0.00137111 0.0037037 -0.000666098 0.00824834 0.000601969 0.00397816 -0.000588644 -0.000755297 0.000791974 0.00617511 0.0108029 -0.00259706 -0.00132995 0.00418772 0.00968153 -0.00145131 0.00193347 -0.000794159 -0.00166392 -0.00139374 0.000150677 -0.000636517 0.00140567 0.00477435 0.00130977 -0.000414089
internal_weight=6995 4026 56 3970 3128 1822 73 842 261 154 81 2969 504 231 45 1749 1221 212 73 139 1306 135 62 186 61 49 528 254 1171 1147 853 832 100 79 234 70 164 89 117 45 274 64 1009 977 284 65 41 2465 433 83 47 157 48 219 182 693 199 179 81 42 48 210
internal_count=6995 4026 56 3970 3128 1822 73 842 261 154 81 2969 504 231 45 1749 1221 212 73 139 1306 135 62 186 61 49 528 254 1171 1147 853 832 100 79 234 70 164 89 117 45 274 64 1009 977 284 65 41 2465 433 83 47 157 48 219 182 693 199 179 81 42 48 210
is_linear=0
shrinkage=0.03


Tree=102
num_leaves=63
num_cat=0
split_feature=35 1 41 20 10 52 62 35 20 10 58 1 50 3 62 62 48 61 35 43 36 30 45 15 14 68 65 52 42 32 48 44 51 53 56 46 16 23 5 11 34 41 15 2 49 35 54 34 45 51 67 69 69 58 5 2 39 5 45 14 68 61
split_gain=7.24949 3.15426 2.99336 2.74375 5.36119 3.93979 3.26576 2.74364 2.79541 2.55763 2.20952 2.14983 2.14722 2.13612 2.01976 1.85155 1.72522 1.68757 1.60779 1.76141 1.5813 1.56079 1.53527 3.71629 1.51129 1.45889 1.86487 1.37441 1.28121 1.35192 1.36169 1.23436 2.50613 1.3766 1.14953 1.11469 1.10792 1.0268 2.04501 2.49948 1.00709 1.03347 0.942692 0.811805 0.799644 0.755745 1.2473 0.746563 0.729591 0.76016 1.26377 0.718595 1.55173 0.56108 0.558481 1.00577 0.546386 0.541674 1.97018 0.552532 0.530155 0.497342
threshold=15951.000000000002 -14.324999999999998 46670.000000000007 18.368750000000002 0.56392291514228221 674.50000000000011 1036.0833333333337 12167.500000000002 18.721875000000001 1.0000000180025095e-35 4914.0625000000009 -1.1249999999999998 619.52083333333337 59.510203483211491 1016.7500000000001 1222.4375000000002 81.500000000000014 3407.5000000000005 27427.000000000004 28122.500000000004 13994.000000000002 60.988770015193857 27355.000000000004 5127.8777898442577 117215.54166666667 137023.00000000003 1056.5000000000002 949.50000000000011 51567.604166666672 55.54517318000994 106.50000000000001 32556.500000000004 1723.0000000000002 1182.5000000000002 4184.5000000000009 33805.458333333336 -2745.9999999999995 81.646850000000015 3.5000000000000004 81905.500000000015 -0.75339525806043628 60788.000000000007 15028.27450830158 84.643112000000016 225.50000000000003 14882.500000000002 1810.0000000000002 3.5795097681973087 33206.500000000007 1245.5000000000002 117220.50000000001 101373.50000000001 95051.000000000015 889.47916666666686 1.5000000000000002 78.111267500000011 36251.000000000007 1.0000000180025095e-35 32694.500000000004 84200.791666666672 70891.000000000015 4589.5000000000009
decision_type=2 2 2 2 2 2 2 2 2 2 2 2 2 2 2 2 2 2 2 2 2 2 2 2 2 2 2 2 2 2 2 2 2 2 2 2 2 2 2 2 2 2 2 2 2 2 2 2 2 2 2 2 2 2 2 2 2 2 2 2 2 2
left_child=3 2 -2 22 37 -6 12 54 -9 11 20 14 -7 56 -3 -10 -13 36 19 -18 -11 -15 23 -1 -19 26 -20 -17 29 -22 -31 33 -33 34 51 57 -16 -5 39 -39 44 -42 48 -28 -35 -29 -47 60 -32 -50 -51 52 -30 -38 55 -8 -12 58 -21 -59 -24 -27
right_child=1 9 -4 4 5 6 7 8 15 10 13 16 -14 21 17 27 18 24 25 35 28 -23 47 -25 -26 61 43 45 31 30 42 32 -34 40 -36 -37 53 38 -40 -41 41 -43 -44 -45 -46 46 -48 -49 49 50 -52 -53 -54 -55 -56 -57 -58 59 -60 -61 -62 -63
leaf_value=7.8551719287152082 6.7233944592027024 17.995871893970463 12.060424360702047 -48.396776084759665 6.2707582993207209 1.9665455079527634 -10.89932046106644 2.362173442330282 5.0711414643212498 2.238431366515051 0.63890662742416948 2.1530707145293047 19.938512396533788 6.3875242916079884 4.1452540424645035 3.6412538556874341 2.6988334745675515 4.952991706479124 2.9635900157975055 -31.621327248254119 2.7967914830655731 2.0746289062016552 2.0043142675391934 -14.806667195825858 0.68258380121877515 2.0554172914212709 -1.1681000425246426 -6.9443812759610015 -0.025129905900918542 3.2948285001077733 -5.8968002896404901 0.0028376320932391522 6.9467937307783938 0.42866174987451816 0.38786246023726467 1.8580363286859725 0.74894820113418681 7.5239835863061177 -55.320456296983238 -6.3382193607376776 -0.38520329953987087 1.7545373444104853 1.2442486088619693 0.28982005023849022 -0.16228967067966682 3.2995387623342829 -6.7971647001137034 1.5308678320926101 -0.28576995344572331 5.8394970523678325 -0.45590110726461003 -0.2496990924726086 0.68673832720184202 -0.7748563106907671 -39.401378215129661 7.4124684460717658 -0.5847058798732665 0.20031790125298168 2.6054763524934357 -20.893433931969856 -31.157652931635798 -8.6355470009820561
leaf_weight=25 31 23 25 574 23 27 29 20 28 28 20 20 23 28 35 34 22 26 20 97 31 33 25 49 26 20 40 90 33 27 249 52 37 36 27 25 32 21 89 36 220 22 36 34 34 24 23 39 252 35 31 29 23 192 168 20 32 24 34 910 2584 93
leaf_count=25 31 23 25 574 23 27 29 20 28 28 20 20 23 28 35 34 22 26 20 97 31 33 25 49 26 20 40 90 33 27 249 52 37 36 27 25 32 21 89 36 220 22 36 34 34 24 23 39 252 35 31 29 23 192 168 20 32 24 34 910 2584 93
internal_value=-0.0010353 6.40576e-05 0.0071123 -0.00188302 -0.000702954 0.00164997 0.00106768 0.000227011 0.00260155 -6.72675e-05 0.000921602 -0.000846334 0.00832335 0.00493369 0.001302 0.00150678 -0.00138451 0.000655737 -0.00151922 -0.00197195 0.000541552 0.00873977 -0.00241468 0.00182186 0.00558541 0.000898116 0.00366631 0.000315604 0.000370496 -0.000499169 -0.000804635 0.00149678 0.0047138 0.000813487 0.00366637 -0.00214384 -0.0003242 -0.0023705 -0.00010267 0.00430823 -0.000201859 -0.00112763 -0.0011043 0.001417 0.00295292 -0.00100657 0.00203822 -0.00253427 -0.00140716 -0.000443258 0.00240545 0.00190364 0.00390374 -0.00111111 -0.00215569 0.000610997 0.00040307 -0.00229274 -0.000457667 -0.00254684 -0.0025963 -0.00137931
internal_weight=6995 3044 56 3951 1229 509 486 436 219 2988 1315 1673 50 113 334 199 1339 311 1319 1112 1202 61 2722 74 52 207 94 171 1174 661 630 513 89 424 112 1090 259 720 146 57 312 242 603 74 70 137 47 2648 567 318 66 85 56 224 217 49 52 1065 131 934 2609 113
internal_count=6995 3044 56 3951 1229 509 486 436 219 2988 1315 1673 50 113 334 199 1339 311 1319 1112 1202 61 2722 74 52 207 94 171 1174 661 630 513 89 424 112 1090 259 720 146 57 312 242 603 74 70 137 47 2648 567 318 66 85 56 224 217 49 52 1065 131 934 2609 113
is_linear=0
shrinkage=0.03


Tree=103
num_leaves=63
num_cat=0
split_feature=38 47 55 37 56 10 20 52 33 62 55 65 1 66 54 23 46 20 66 35 31 7 67 62 14 49 50 35 20 26 10 1 61 16 66 26 7 34 57 33 2 25 23 37 50 15 3 62 52 40 36 51 31 23 54 14 46 32 52 15 45 2
split_gain=7.63237 4.07342 2.44517 2.98162 4.83094 2.0371 2.77173 2.94315 2.34068 2.26617 2.02833 2.84287 2.70203 1.90151 1.87574 3.96638 5.63889 1.5798 2.51057 1.58796 1.66092 2.10149 1.4259 1.45684 1.39596 2.17122 1.32657 1.52394 1.20757 1.3738 1.87091 1.1358 1.11312 2.02731 1.09699 2.00985 1.08641 1.06298 1.05307 0.959479 1.63733 2.23015 0.95406 0.858875 0.810297 3.15828 3.66071 2.12186 0.726999 0.716363 0.677217 1.24752 0.828604 0.573962 1.02973 0.89635 1.48744 0.526274 0.523349 2.47822 0.557959 0.59241
threshold=14124.395833333336 5619.5000000000009 7.5000000000000009 13448.500000000002 2.5000000000000004 1.0000000180025095e-35 18.194791666666671 1212.5000000000002 2.0228758121583628 2222.7708333333339 4.5000000000000009 7176.5000000000009 21.725000000000005 4899.4166666666679 2045.6250000000002 77.920925000000025 29241.375000000004 1.6343750000000004 2215.3333333333335 27427.000000000004 66.441779001453611 16.500000000000004 104905.50000000001 1175.3333333333337 97275.750000000015 209.50000000000003 304.54166666666669 21528.500000000004 26.071875000000006 66.371523187500017 0.87900005428953576 -1.1249999999999998 3407.5000000000005 2973.0000000000005 696.18750000000011 79.397542437500007 8.5000000000000018 -0.50987809759723024 84.500000000000014 2.6481904976073585 67.815885000000009 84.075152500000016 70.524830000000023 18139.500000000004 227.41666666666671 6703.9393798290757 54.394301638308868 1638.1458333333337 1838.5000000000002 24748.000000000004 25789.000000000004 822.50000000000011 58.066244104272883 79.073075000000003 1421.2291666666667 101546.58333333334 32497.812500000004 54.718718554751042 654.50000000000011 7219.8949369092088 27242.500000000004 69.884347500000004
decision_type=2 2 2 2 2 2 2 2 2 2 2 2 2 2 2 2 2 2 2 2 2 2 2 2 2 2 2 2 2 2 2 2 2 2 2 2 2 2 2 2 2 2 2 2 2 2 2 2 2 2 2 2 2 2 2 2 2 2 2 2 2 2
left_child=14 2 3 4 -2 17 22 8 9 -8 -5 12 42 26 44 -16 38 18 -4 -19 37 -22 57 -24 25 -20 -9 39 29 30 -10 32 50 -34 35 -29 -36 -21 -17 -28 -41 -42 -12 48 45 47 -47 -1 -38 -49 51 -26 -53 54 55 56 -25 -7 59 -46 61 -60
right_child=1 -3 5 10 -6 6 7 13 28 -11 11 -13 -14 -15 15 16 -18 19 24 20 21 -23 23 53 31 -27 27 34 -30 -31 -32 -33 33 -35 36 -37 43 -39 -40 40 41 -43 -44 -45 58 46 -48 49 -50 -51 -52 52 -54 -55 -56 -57 -58 -59 60 -61 -62 -63
leaf_value=5.0268090794685518 3.7687968959532832 7.1227535519436431 3.1862574830663979 -0.27442656412027033 -4.0271028236661817 0.39779114222281531 4.9667531820625221 2.6762088708309428 0.25991960477753306 0.80119370242231913 4.9134388618405582 18.82748880483366 0.78568972484230715 6.0881897820517015 -33.49484084724282 13.229366817913986 -41.801165018431782 -22.71827451929607 -15.752053998679994 7.5358541651217461 2.3834975410710899 -3.4351420177901781 12.542491176510831 -16.748696754813654 -9.3362421463379128 6.1420710468028066 -0.65134443266464748 0.22494291075745401 1.3308090663942225 -0.13697753334970941 4.0167655235309887 -17.724952044498647 1.9620608751512709 -0.14800200889374954 3.8209935689826082 1.1961004362322696 -0.58399946393246316 -5.106914634417981 19.526353959774763 -3.9073060685232317 1.1192561657351137 -0.27786695183495724 -7.4261037413604996 -0.37479544220609373 -26.907077001036193 10.574588876207466 -1.6823927848820461 5.6564749813906054 6.243942211174053 -49.225416245274758 -1.083617686165854 0.063925979456494711 3.1126289439189501 -1.2707067264493681 1.464497454911907 -0.17857486068262346 3.0795751182258604 -16.460432620130117 -40.716848720790736 3.9934377793800939 -43.984701814615377 1.7311578101222738
leaf_weight=26 26 34 23 297 26 25 27 34 44 31 24 36 21 31 109 21 35 1137 24 22 24 25 27 22 36 23 347 38 26 91 22 162 20 21 37 21 26 111 21 38 21 20 71 110 152 28 44 20 21 497 92 26 27 109 21 127 32 370 21 20 1955 20
leaf_count=26 26 34 23 297 26 25 27 34 44 31 24 36 21 31 109 21 35 1137 24 22 24 25 27 22 36 23 347 38 26 91 22 162 20 21 37 21 26 111 21 38 21 20 71 110 152 28 44 20 21 497 92 26 27 109 21 127 32 370 21 20 1955 20
internal_value=-0.00105674 -0.000204914 -0.000293831 0.00166434 0.00846449 -0.00057575 0.000158896 0.00119988 0.00408129 0.00934595 0.000868403 0.00368836 0.00136951 0.000262061 -0.00221077 0.000693175 0.0059144 -0.00128927 0.000231226 -0.00181487 0.000774299 0.00549898 -0.00123585 0.000186335 -0.000278358 0.00458599 -5.04845e-05 -0.000344574 0.00239213 0.00137492 0.00467473 -0.000882583 0.000499774 0.0049635 0.00149348 0.00507614 0.000386398 -0.000946657 0.0133254 -0.00144332 0.00151707 0.00569343 -0.000757099 -0.000687461 -0.00240595 -0.00143391 0.00445215 -0.00222059 0.00267516 -0.00264552 -0.000496964 0.0013468 0.00429378 -0.000385729 0.000549232 -0.000165655 0.00304991 -0.00246014 -0.00268023 -0.00106334 -0.002818 0.000583941
internal_weight=6995 4026 3992 501 52 3491 1718 985 241 58 449 152 116 744 2969 186 77 1773 454 1319 182 49 733 338 431 47 713 679 183 157 66 384 222 41 253 59 194 133 42 426 79 41 95 157 2783 615 72 543 47 517 181 89 53 311 202 181 54 395 2168 172 1996 41
internal_count=6995 4026 3992 501 52 3491 1718 985 241 58 449 152 116 744 2969 186 77 1773 454 1319 182 49 733 338 431 47 713 679 183 157 66 384 222 41 253 59 194 133 42 426 79 41 95 157 2783 615 72 543 47 517 181 89 53 311 202 181 54 395 2168 172 1996 41
is_linear=0
shrinkage=0.03


Tree=104
num_leaves=63
num_cat=0
split_feature=38 36 4 53 57 32 23 20 58 3 33 20 14 12 19 37 20 14 23 20 32 40 52 21 26 43 59 27 43 23 57 70 42 58 40 0 49 52 20 33 37 59 42 31 66 51 34 33 7 0 24 14 43 33 70 66 0 70 23 58 57 27
split_gain=6.77251 2.918 2.36184 2.33265 3.03477 2.01625 3.98157 1.92012 2.9561 2.75365 2.10467 3.24268 2.30303 1.80094 3.18767 1.54692 1.40505 2.1458 1.40328 2.98083 5.06375 1.58494 1.50053 1.12433 1.84504 5.94595 1.93651 1.8806 2.05588 1.5224 1.39424 1.12323 2.06858 3.05168 1.84566 1.10635 1.10107 0.965124 3.27262 4.80756 2.43868 0.946368 1.15953 1.37641 0.921988 0.915698 2.0652 0.904735 0.876499 0.839618 1.15052 0.766715 0.706577 0.648779 0.626065 0.618523 0.615047 0.561872 0.983059 0.482673 0.463682 0.791785
threshold=14039.687500000002 30867.000000000004 18.500000000000004 688.50000000000011 131.50000000000003 54.166426310991405 67.988417000000013 16.740625000000005 1626.0208333333337 63.076878945035062 2.8204131660094212 19.868750000000006 117818.18750000001 105054.50000000001 1.0750000000000004 20505.000000000004 2.7187500000000004 96594.687500000015 82.051578000000021 20.268750000000001 58.627895797405266 35375.000000000007 1838.5000000000002 2.2411475313306934 85.740744979166678 32833.500000000007 719.50000000000011 12.913877785682132 30413.500000000004 76.587395000000015 42.500000000000007 111088.50000000001 48937.333333333336 4936.7083333333348 33503.000000000007 127250.00000000001 2033.5000000000002 698.50000000000011 17.180208333333336 3.2209115505971586 17968.500000000004 140.50000000000003 52152.479166666672 64.576366309625726 7464.0208333333348 1280.5000000000002 1.3110996514655542 2.2507807240625062 26.500000000000004 99992.500000000015 92.050195000000016 90794.333333333343 31991.000000000004 1.9207672081072118 77805.479166666672 1553.8333333333337 85065.500000000015 127515.54166666667 77.517140000000012 1840.6250000000002 741.00000000000011 9.8297455269765539
decision_type=2 2 2 2 2 2 2 2 2 2 2 2 2 2 2 2 2 2 2 2 2 2 2 2 2 2 2 2 2 2 2 2 2 2 2 2 2 2 2 2 2 2 2 2 2 2 2 2 2 2 2 2 2 2 2 2 2 2 2 2 2 2
left_child=18 2 5 -3 -5 6 -2 9 -9 49 23 -12 31 14 15 -11 17 -4 37 22 21 -21 44 -10 26 -26 27 28 -25 -30 -31 34 33 -33 -13 51 52 38 40 -40 -1 -29 -43 47 54 -19 -47 48 -44 -7 60 -28 -37 -54 -20 -34 -36 -15 -59 -6 -51 -62
right_child=1 3 16 4 59 7 -8 8 10 13 11 12 -14 57 -16 -17 -18 45 19 20 -22 -23 -24 24 25 -27 35 41 29 30 -32 32 55 -35 56 36 -38 -39 39 -41 -42 42 43 -45 -46 46 -48 -49 -50 50 -52 -53 53 -55 -56 -57 -58 58 -60 -61 61 -63
leaf_value=-37.072612363850638 8.3516493709310176 -7.0934201334007101 5.2655070872203895 13.1829933766175 -1.1787994479269999 -18.079376962828903 -0.20561787620509675 2.4250805168649054 -4.2243736731119066 -2.5368865488738717 2.9437217671330878 2.3234305749259572 7.2574594075061833 -0.16362627852953454 7.433850438271846 11.696607833602179 -40.699898172540763 -12.998154701378299 3.0662863372475737 3.3357750590980344 14.429734351136963 -20.291923053277678 4.6157463101761111 -9.3623741155506792 -3.3460541691659489 6.4341397555028408 1.9942030402846327 1.8272628765892693 -0.2924421932224861 1.2316567630353747 6.4710059762439798 2.2853618927245085 0.35683196843063802 0.24066281898757355 1.6983955232382109 -9.6840695062612028 4.6294903945252344 -42.079890963299995 -55.389373092838802 10.794238237498373 4.8672320587536779 -6.0238921276390771 -0.23432466550691183 3.5631712579283863 1.1033479967782978 -0.91431914981563145 4.9755985207809541 0.60363753706489398 0.5666921674967379 -1.7330639797150951 4.5332755586535569 -1.8035367723097671 -0.29436504892319354 2.7100380804143702 -41.00001808004216 -1.4726225290014066 -4.99641154027747 3.1061931907078524 -0.053552806788271533 2.7075384117066994 0.49803676414725667 -27.194511877269679
leaf_weight=470 20 26 27 30 24 583 30 23 245 39 24 23 24 180 36 20 569 149 22 36 21 52 32 23 40 21 22 27 20 28 34 30 24 33 29 43 23 1745 33 24 29 117 108 33 22 65 21 36 25 220 24 486 25 40 455 41 125 23 22 20 103 51
leaf_count=470 20 26 27 30 24 583 30 23 245 39 24 23 24 180 36 20 569 149 22 36 21 52 32 23 40 21 22 27 20 28 34 30 24 33 29 43 23 1745 33 24 29 117 108 33 22 65 21 36 25 220 24 486 25 40 455 41 125 23 22 20 103 51
internal_value=-0.00108676 -0.000290817 -0.000419565 0.00476523 0.00748988 -4.03452e-05 0.00592814 -0.000138623 0.000502793 -0.00101453 0.000360185 0.00242991 0.00164084 0.00139644 0.00485804 0.000507613 -0.00184093 -1.14467e-05 -0.00218286 -0.000932667 0.0035747 0.000374574 -0.00186406 -0.000161164 0.000229345 0.00530278 -5.22895e-05 0.00144979 0.0049667 0.00719854 0.00951691 0.000924286 0.00306791 0.00694136 -0.000609826 -0.0011172 0.00132723 -0.00252923 -0.0014296 0.00535902 -0.00221198 0.000372724 -7.52122e-05 0.00129144 -0.00227209 -0.00094428 0.00149826 0.000177409 -0.000946657 -0.0018041 -0.000730973 -0.00175359 2.77514e-05 0.00202765 -0.00255292 -0.000645162 -0.00181051 -5.33104e-05 0.00292683 0.00238095 -0.00114675 9.73387e-05
internal_weight=6995 4054 3954 100 74 3123 50 3073 1772 1301 1749 353 329 320 95 59 831 262 2941 640 109 88 531 1396 1151 61 1090 451 105 82 62 305 128 63 177 639 131 2301 556 57 499 346 319 202 499 235 86 169 133 981 398 508 108 65 477 65 154 225 45 44 374 154
internal_count=6995 4054 3954 100 74 3123 50 3073 1772 1301 1749 353 329 320 95 59 831 262 2941 640 109 88 531 1396 1151 61 1090 451 105 82 62 305 128 63 177 639 131 2301 556 57 499 346 319 202 499 235 86 169 133 981 398 508 108 65 477 65 154 225 45 44 374 154
is_linear=0
shrinkage=0.03


Tree=105
num_leaves=63
num_cat=0
split_feature=38 17 4 58 27 46 16 8 16 21 48 61 45 45 43 59 32 17 47 67 54 34 35 68 31 46 43 24 54 21 39 17 32 66 0 54 66 61 23 14 45 46 21 11 16 32 32 16 36 40 60 50 33 60 59 31 43 66 66 29 52 64
split_gain=6.85912 3.51127 2.59874 2.93163 2.53895 2.30603 1.94006 1.74197 1.7573 1.72152 1.71064 4.09481 1.77624 2.90617 2.14785 1.96371 2.19053 1.68559 1.72301 2.3052 1.48883 2.18272 1.45496 1.54656 1.44122 2.73801 1.49858 1.26953 2.87514 2.70538 2.07899 1.36329 3.30887 1.14198 1.07022 1.1363 1.19182 1.12187 0.963474 1.17684 0.941734 0.931947 0.906714 1.89051 0.914453 1.47697 2.57917 1.13465 0.82105 0.802636 0.79944 1.69319 0.782271 0.717593 0.714276 0.643507 1.74315 0.626643 1.06999 0.597609 0.575522 2.28443
threshold=13497.729166666668 -14.324999999999998 18.500000000000004 4652.0208333333339 4.8634873158457319 31359.687500000004 -3395.4999999999995 1.0000000180025095e-35 5273.5000000000009 3.7819026412339771 89.500000000000014 1307.5000000000002 27791.000000000004 27242.500000000004 31820.500000000004 207.50000000000003 60.188888720832416 5.2250000000000005 895.50000000000011 125890.00000000001 1885.6250000000002 -0.085365825308123519 24216.000000000004 104403.00000000001 54.757131149190116 32873.708333333343 31901.000000000004 83.59222800000002 1827.6875000000002 3.4090230202344207 35331.500000000007 1.6250000000000002 53.339074539183606 2872.8333333333335 83491.500000000015 651.89583333333337 895.29166666666686 956.50000000000011 93.844555000000014 86886.895833333358 27408.500000000004 31872.166666666672 3.6212333628824873 122674.00000000001 1275.0000000000002 65.453776785691204 64.384539856287716 3678.0000000000005 15197.500000000002 23943.500000000004 427.50000000000006 1023.2291666666669 2.0294279582233723 163.50000000000003 1430.5000000000002 61.690537872363656 33756.500000000007 5814.7500000000009 6625.2291666666679 67.998069320122383 2156.5000000000005 3066.0000000000005
decision_type=2 2 2 2 2 2 2 2 2 2 2 2 2 2 2 2 2 2 2 2 2 2 2 2 2 2 2 2 2 2 2 2 2 2 2 2 2 2 2 2 2 2 2 2 2 2 2 2 2 2 2 2 2 2 2 2 2 2 2 2 2 2
left_child=27 4 3 7 -2 -5 41 10 50 -8 11 53 13 48 15 16 -14 18 33 -20 21 -11 24 -24 25 -16 -26 31 40 -30 -31 32 -1 -4 -28 -36 37 52 60 -40 -29 -7 44 -44 55 46 47 -46 -12 -33 51 -9 -37 -3 -27 56 -25 -35 -59 -57 -17 -62
right_child=1 2 17 5 -6 6 9 8 -10 20 12 -13 14 -15 22 38 -18 -19 19 -21 -22 -23 23 42 26 54 34 28 29 30 -32 49 -34 57 35 36 -38 -39 39 -41 -42 -43 43 -45 45 -47 -48 -49 -50 -51 -52 -53 -54 -55 -56 59 -58 58 -60 -61 61 -63
leaf_value=4.8228567269184444 2.646346978793527 0.29355405215284813 3.0021946153268457 7.4135890940550127 11.98363109159544 2.1595932342147024 -0.038521687424583895 -6.7298175273814049 0.28073620969477137 1.7915234798725761 -12.467179992150772 5.8387996417720016 5.9045586817501796 3.7093566250387089 2.3702233900089604 -15.61467569737836 -5.4064377809154189 -42.132788314254327 6.6899002656465978 -3.5080338211207556 6.4704424885128988 -0.11783932184702051 0.58289511623387302 7.692643676384014 1.4626699392492859 -0.56428785845998164 4.0150416211023199 1.6461226359152505 -60.775758982830197 4.6283369620183068 13.996842320602905 3.3607068295939722 -18.490490537376818 -11.323959134929 2.7570241273153826 4.3052625331894596 -1.5451465224009406 -1.8020327625298016 1.1934569091194602 -0.27400660058811394 -24.006791610101466 -1.9857620904228264 0.89398723942237002 5.1171378482715948 10.142195977741288 -0.090173426883852506 9.0782867844958677 -0.64121448222440958 2.3300443097439598 -44.86692404839566 -9.9514095582589768 1.8290582631019336 -0.050367076441493908 -5.7011607889168658 2.3340396182905532 -0.30020248983534542 -0.55728529085961831 2.3139910823452192 -2.4406453979341531 0.16630038780356124 -31.801912740218402 5.2895097294148483
leaf_weight=20 35 20 20 21 21 20 58 75 32 33 29 23 20 24 24 534 43 635 24 22 29 34 28 34 20 68 20 20 33 37 21 28 43 141 20 35 579 39 20 82 418 71 34 22 21 58 22 22 23 2041 668 21 21 32 33 148 69 23 39 49 76 20
leaf_count=20 35 20 20 21 21 20 58 75 32 33 29 23 20 24 24 534 43 635 24 22 29 34 28 34 20 68 20 20 33 37 21 28 43 141 20 35 579 39 20 82 418 71 34 22 21 58 22 22 23 2041 668 21 21 32 33 148 69 23 39 49 76 20
internal_value=-0.00107818 -0.000341248 -0.000439682 -5.60157e-05 0.0071123 0.00296505 0.00212974 -0.000315628 -0.00152619 0.00418559 9.99085e-05 0.00455393 -4.82775e-05 0.00445466 -0.000208228 -0.00144888 0.00361331 -0.00186816 0.000111482 0.0054013 0.00664932 0.00411326 0.000511675 0.00178663 -0.000237459 0.00273381 -0.000747855 -0.00227725 -0.000952562 0.00388584 0.0077969 -0.00260448 0.00171157 -0.000968176 -0.000978855 -0.00117995 -0.00139297 0.00170347 -0.00188909 0.000793339 -0.00196531 -0.00131723 0.00137758 0.00497326 0.000893405 0.00307067 0.00617511 0.00180974 0.00040307 -0.00273742 -0.00181783 0.000718001 0.0044385 -5.75823e-05 0.000534124 0 0.00192046 -0.00165436 0.000821255 -0.00100457 -0.0023282 -0.000156088
internal_weight=6995 4334 4278 3374 56 266 245 3108 796 154 2312 75 2237 76 2161 795 63 904 269 46 96 67 1366 507 859 125 734 2661 529 91 58 2132 63 223 714 694 674 95 732 102 438 91 479 56 423 123 65 43 52 2069 764 96 56 52 101 300 103 203 62 197 630 96
internal_count=6995 4334 4278 3374 56 266 245 3108 796 154 2312 75 2237 76 2161 795 63 904 269 46 96 67 1366 507 859 125 734 2661 529 91 58 2132 63 223 714 694 674 95 732 102 438 91 479 56 423 123 65 43 52 2069 764 96 56 52 101 300 103 203 62 197 630 96
is_linear=0
shrinkage=0.03


Tree=106
num_leaves=63
num_cat=0
split_feature=38 5 48 1 17 35 65 20 27 59 34 1 44 49 35 14 5 68 38 45 43 61 22 4 26 46 61 48 16 53 66 43 16 16 40 29 35 31 47 4 26 17 30 46 63 17 45 1 16 54 20 60 63 70 38 7 22 16 56 54 36 17
split_gain=6.86495 4.0639 3.25677 3.14515 3.13017 2.4498 3.60989 2.91398 2.27183 2.15196 2.38878 3.50273 1.95736 1.82435 1.45702 1.74511 1.39013 2.29434 6.24944 2.09631 1.326 1.28654 1.2705 1.22467 1.1611 2.21152 2.09519 4.00194 1.50112 1.7098 1.14935 1.12882 1.12697 1.9629 1.84794 1.54995 1.50834 1.70219 1.17639 1.1031 1.08476 1.05366 3.59141 1.04717 1.04471 1.04066 1.02803 0.902695 0.854777 0.851079 2.3368 0.788829 0.697574 0.671337 0.664172 0.61953 0.846293 0.59973 0.57982 0.567614 1.07433 0.634232
threshold=13497.729166666668 2.5000000000000004 106.50000000000001 22.175000000000001 -14.324999999999998 13157.500000000002 1778.5000000000002 18.296875000000004 4.8634873158457319 676.50000000000011 -0.75339525806043628 21.725000000000005 31461.000000000004 189.50000000000003 24216.000000000004 104663.20833333336 1.0000000180025095e-35 77319.500000000015 11329.687500000002 29259.500000000004 32845.500000000007 493.50000000000006 2.024999999999999 7.5000000000000009 70.946293125000025 28095.812500000004 444.50000000000006 221.50000000000003 2621.5000000000005 842.50000000000011 1194.6666666666667 31795.500000000004 -2482.4999999999995 956.50000000000011 46822.500000000007 63.704059565231027 27427.000000000004 65.279489228911928 2526.5000000000005 1.5000000000000002 81.83511591666668 1.6250000000000002 53.536709177168191 32270.708333333339 4205.5000000000009 -7.8749999999999991 32381.500000000004 -3.4749999999999996 3461.0000000000005 2279.5416666666674 20.268750000000001 686.50000000000011 299.00000000000006 133964.58333333334 25264.229166666672 3.5000000000000004 0.09999999999999977 4724.0000000000009 11105.000000000002 2045.6250000000002 10505.500000000002 13.375000000000002
decision_type=2 2 2 2 2 2 2 2 2 2 2 2 2 2 2 2 2 2 2 2 2 2 2 2 2 2 2 2 2 2 2 2 2 2 2 2 2 2 2 2 2 2 2 2 2 2 2 2 2 2 2 2 2 2 2 2 2 2 2 2 2 2
left_child=16 2 3 -2 8 6 -6 -8 -4 10 11 23 -13 30 24 -16 17 18 -1 -20 -19 -14 47 -3 25 -7 27 -27 -28 -30 -11 -17 34 -34 -33 -35 -36 -38 40 -32 -37 42 -18 -39 46 -41 -25 -12 55 54 -51 -31 -52 58 -26 56 -47 -50 -15 -43 -61 -62
right_child=1 9 4 -5 5 14 7 -9 -10 13 22 12 21 53 15 31 41 20 19 -21 -22 -23 -24 44 49 26 28 -29 29 51 39 32 33 35 36 38 37 43 -40 45 -42 59 -44 -45 -46 48 -48 -49 57 50 52 -53 -54 -55 -56 -57 -58 -59 -60 60 61 -63
leaf_value=-62.31910829089712 0.16092290676080245 -19.173092403752356 2.7505308660219776 7.2639224555435682 -19.130661509401637 4.969011297159212 3.9754832246666405 6.2053103727077623 11.624122158847554 5.2028867415469842 4.1437917704793534 0.16516164443160344 0.72735395245016199 -8.5025558851603726 3.5145671873082294 -6.2319524313586649 4.6781710251109052 -21.578520568217488 4.3675630858242078 8.3630396348762783 5.3754742899334396 4.6878763171898603 0.25976340064161435 0.59794507685546672 -4.4607153306160585 3.3120112235324259 -7.4351103239572538 -0.007180710492298994 3.7935362816900935 3.9747666503870054 20.777268121917341 1.3122996546634684 -0.50279243361964754 8.7014549939282944 -4.4623536862370088 -0.38026975734989998 -0.20117865327949314 0.35925960040876465 10.805807718141393 2.0734851333475208 2.1566524576991597 -49.112850811559525 -7.6451324643299623 4.4097476499208907 -2.3004682878850526 2.635634022350037 8.0494517920097248 -0.90723773403400365 1.605152371845844 3.771314064435646 0.073516760745978113 -0.14789479611389739 -7.3476301283364043 1.6967945668400102 0.78427113433031248 -6.7998105270887459 -7.6214993468587986 -0.60192855427692449 1.9545784051933848 11.979689755379624 9.1831211324759945 -52.813917509004348
leaf_weight=59 33 60 32 34 27 20 21 24 21 20 39 22 20 1451 32 60 20 340 21 20 28 28 23 28 526 20 285 41 24 21 22 32 144 34 39 82 25 20 23 25 25 1979 57 23 20 20 23 372 23 20 24 69 57 26 25 183 20 26 20 21 20 96
leaf_count=59 33 60 32 34 27 20 21 24 21 20 39 22 20 1451 32 60 20 340 21 20 28 28 23 28 526 20 285 41 24 21 22 32 144 34 39 82 25 20 23 25 25 1979 57 23 20 20 23 372 23 20 24 69 57 26 25 183 20 26 20 21 20 96
internal_value=-0.00104387 -0.000306639 0.000750362 0.00724292 0.000506096 0.000285697 0.00570042 0.0109091 0.00768362 -0.00110477 0.000396787 0.00310293 0.0085164 -0.00162573 5.02656e-05 0.00133556 -0.00224343 -0.00074984 0.00326673 0.0122628 -0.00185004 0.0119127 -0.000850035 0.000183066 -0.000559139 0.000556133 0.000123885 0.00530278 -0.000661489 0.00223488 0.000353877 0.00089923 0.0014225 0.00039922 0.00366643 0.00265082 0.00173669 0.00444934 0.0011299 -7.52122e-05 -0.000168068 -0.00256076 0.00085603 0.00807425 0.0028692 -0.000565467 0.00516634 -0.00124057 -0.00111356 -0.00138476 0.0011276 0.000299666 -0.00110974 -0.00207601 -0.00185084 -0.00190946 0.00142145 0.00244399 -0.00216165 -0.00268655 -0.000787747 -0.00193799
internal_weight=6995 4334 1863 67 1796 1743 72 45 53 2471 635 201 70 1836 1671 539 2661 468 100 41 368 48 434 131 1132 480 460 61 399 114 339 507 447 308 139 164 107 68 130 319 107 2193 77 43 71 297 51 411 272 652 101 90 81 1497 551 223 40 49 1471 2116 137 116
internal_count=6995 4334 1863 67 1796 1743 72 45 53 2471 635 201 70 1836 1671 539 2661 468 100 41 368 48 434 131 1132 480 460 61 399 114 339 507 447 308 139 164 107 68 130 319 107 2193 77 43 71 297 51 411 272 652 101 90 81 1497 551 223 40 49 1471 2116 137 116
is_linear=0
shrinkage=0.03


Tree=107
num_leaves=63
num_cat=0
split_feature=38 17 10 20 1 27 39 64 2 5 25 40 51 63 42 5 25 60 56 51 33 12 43 28 65 2 22 26 7 15 62 38 10 35 27 27 13 27 26 34 70 63 61 1 32 35 66 49 43 43 37 70 46 38 55 60 34 39 60 69 13 40
split_gain=7.6545 3.30821 2.66193 2.87364 2.68945 2.53895 2.53054 2.23344 2.04489 1.94448 3.7607 4.83989 1.70864 1.64257 1.63407 1.61908 1.56349 1.65261 1.48759 1.78665 3.29107 3.21474 1.58559 1.47229 1.52153 1.40684 1.40487 1.36498 1.31231 3.38505 3.59758 1.29393 3.25775 1.25631 1.21562 2.17088 1.174 1.11857 4.0539 1.56717 1.56326 1.73811 1.7073 1.11736 1.0995 1.32785 1.35149 1.00899 0.805571 1.06132 0.771401 1.4328 0.71033 1.08079 0.698604 0.856552 0.684108 0.655201 0.632238 0.920893 0.94449 0.823934
threshold=14039.687500000002 -14.324999999999998 1.0000000180025095e-35 16.740625000000005 -1.4749999999999999 4.8634873158457319 30944.500000000004 3849.0000000000005 75.239993000000013 1.0000000180025095e-35 77.902535000000015 28970.500000000004 1225.5000000000002 6567.5000000000009 55110.333333333343 2.5000000000000004 78.88113300000002 2288.0000000000005 4401.5000000000009 1380.5000000000002 2.8347890358096994 100346.50000000001 32713.500000000004 -8.813032999999999 809.50000000000011 88.69239300000001 1.8500000000000005 81.349445854166689 5.5000000000000009 4368.3357237731243 2414.5208333333339 12272.020833333336 0.56392291514228221 28055.000000000004 12.493026207407771 14.312936742710031 116095.50000000001 11.74608173378904 83.248059854166669 -0.76593789222234665 111254.91666666667 1095.5000000000002 717.50000000000011 13.975000000000001 54.293812720449104 15878.500000000002 1990.2083333333337 86.500000000000014 33067.500000000007 33477.500000000007 22826.000000000004 117057.97916666667 32527.937500000004 16895.416666666668 21.500000000000004 2616.0000000000005 -0.52013136773799562 28808.000000000004 945.50000000000011 112820.50000000001 99673.000000000015 42990.500000000007
decision_type=2 2 2 2 2 2 2 2 2 2 2 2 2 2 2 2 2 2 2 2 2 2 2 2 2 2 2 2 2 2 2 2 2 2 2 2 2 2 2 2 2 2 2 2 2 2 2 2 2 2 2 2 2 2 2 2 2 2 2 2 2 2
left_child=9 5 4 14 12 -2 -5 23 -9 10 31 43 -3 16 44 18 17 -14 19 -6 22 -22 33 27 -25 -13 37 -8 29 -11 57 -1 -33 52 -10 -36 -35 47 39 40 -39 -42 -43 -12 -4 -46 -47 -26 -48 -50 -41 -52 -21 -54 55 -17 -20 -31 -51 60 61 -60
right_child=1 2 3 6 15 -7 7 8 34 28 11 25 13 -15 -16 54 -18 -19 56 20 21 -23 -24 24 26 -27 -28 -29 -30 30 -32 32 -34 36 35 -37 -38 38 -40 50 41 42 -44 -45 45 46 48 -49 49 58 51 -53 53 -55 -56 -57 -58 -59 59 -61 -62 -63
leaf_value=-37.029206766885324 2.4844406434491639 -0.19476996798815355 2.1857129043139727 1.9569179247470001 -7.3790654341872743 11.27539849408217 0.83180991335370646 -1.7620237583356437 0.39347541411490766 4.4566540105354182 5.6543042388679021 -5.908526669179305 0.51724994942702063 8.1624619056029815 0.66900924799219141 -4.1360103090793938 -0.32206823138775437 11.046253789189745 6.7684403357482052 -12.821201127556078 5.0075499410851352 0.22807496955929471 6.6701210804647442 -0.32862589365659345 1.7277623268939137 7.7196829303088697 1.0413127032315794 2.2521158876833716 -39.51502020389286 7.7040515260369391 6.435565569036422 -20.099377549709082 5.8720336123301218 -0.0038136968115936227 6.4345737801580087 3.3523790372221058 4.5179113494502694 -0.38264916354629852 4.2609477205475281 -0.12557610446843392 -0.19694586551596466 0.43318521624795059 5.5627978580807245 6.6394022597038349 -17.055746642710307 1.9622149606882291 -3.6433920116228466 -0.3492288374133769 2.8699275143360961 -2.6924858062768431 -3.3313527063343562 1.5533474461978785 -21.067958748158379 0.87913183325842559 -29.4736880329035 2.5297294117850706 -30.972643783378015 -44.114090723243187 0.75034204768733759 -0.45245296058958301 2.4251369525152358 -0.57372713285166133
leaf_weight=278 35 172 32 29 171 21 45 30 22 22 20 61 39 26 40 192 62 27 31 150 32 30 21 279 21 27 39 20 2010 21 38 76 20 24 25 24 22 42 25 201 20 39 25 20 287 25 205 183 31 136 20 28 20 21 748 23 206 348 25 31 20 32
leaf_count=278 35 172 32 29 171 21 45 30 22 22 20 61 39 26 40 192 62 27 31 150 32 30 21 279 21 27 39 20 2010 21 38 76 20 24 25 24 22 42 25 201 20 39 25 20 287 25 205 183 31 136 20 28 20 21 748 23 206 348 25 31 20 32
internal_value=-0.000966677 -0.000120619 -0.000222857 0.000557265 -0.000990532 0.0071123 0.00156297 0.00132616 0.00557863 -0.00213186 -0.000424219 0.00400468 0.00149954 0.00379624 -0.000739498 -0.00147242 0.00236534 0.00558245 -0.000399671 0.000537568 0.00186504 0.00806763 0.000360325 0.000887447 0.000575859 3.40515e-05 0.00138081 0.00525346 -0.00248206 -0.000964811 -0.00159175 -0.00194868 0.00103018 -0.000328976 0.00835443 0.010998 0.00409978 0.00101804 0.00194201 0.00115169 0.00387787 0.00624257 0.00865835 0.0126434 -0.00103022 -0.00125363 -0.000320729 -0.000779031 -0.000681109 0.000370774 -0.000216781 0.00318087 -0.00141287 0.00204379 -0.00228014 -0.000753139 -0.00235344 -0.00250339 -0.000282672 0.00141536 0.00319066 0.00115587
internal_weight=6995 4054 3998 1981 2017 56 1117 1088 101 2941 502 128 326 154 864 1691 128 66 728 491 320 62 258 987 922 88 643 65 2439 429 407 374 96 237 71 49 46 604 400 375 126 84 64 40 824 792 505 204 480 275 249 48 191 41 963 215 237 369 244 108 77 57
internal_count=6995 4054 3998 1981 2017 56 1117 1088 101 2941 502 128 326 154 864 1691 128 66 728 491 320 62 258 987 922 88 643 65 2439 429 407 374 96 237 71 49 46 604 400 375 126 84 64 40 824 792 505 204 480 275 249 48 191 41 963 215 237 369 244 108 77 57
is_linear=0
shrinkage=0.03


Tree=108
num_leaves=63
num_cat=0
split_feature=38 62 38 45 38 48 20 51 32 62 46 45 34 34 9 64 38 26 28 5 62 21 47 7 15 38 31 34 16 22 45 54 66 50 34 44 61 67 20 7 70 27 26 20 38 62 53 52 52 61 22 62 70 47 63 42 3 31 26 14 46 70
split_gain=6.51688 3.16453 2.65375 2.58661 2.44781 2.59756 5.01545 5.29586 4.57148 3.25611 3.61492 3.35848 2.54341 2.16933 2.0614 2.23442 2.2808 1.97802 2.33265 1.8108 2.17522 1.94726 1.69814 1.66024 5.64683 1.63962 1.91277 1.43768 1.31151 1.53006 1.27819 1.14228 1.01156 1.00849 1.26189 1.00529 1.00136 1.27458 0.97129 0.987024 0.935282 0.92636 1.07821 0.822356 3.55926 0.808002 0.75007 0.943633 0.873552 1.11527 0.714242 1.25497 0.962901 1.03279 0.873609 0.624399 0.626768 0.603363 0.578405 0.57781 0.57781 0.540191
threshold=16895.416666666668 900.54166666666686 31184.958333333339 33841.500000000007 11226.833333333334 277.50000000000006 16.634375000000002 822.50000000000011 56.152176295865466 1168.8333333333337 29159.833333333336 27408.500000000004 -0.055696050977061866 -0.76593789222234665 1.0000000180025095e-35 1181.5000000000002 25264.229166666672 70.318433729166685 1.9903299999999968 3.5000000000000004 2490.0833333333335 2.8136003713857511 223.50000000000003 2.5000000000000004 4021.2395731393867 12499.583333333334 59.190450841377434 -1.08930295879529 6490.5000000000009 1.4750000000000016 32051.500000000004 2279.5416666666674 1007.1458333333334 231.02083333333334 1.0000000180025095e-35 32620.000000000004 4833.5000000000009 144947.00000000003 27.865625000000005 11.500000000000002 102110.35416666667 15.882260671025746 66.023247645833337 2.9406250000000003 14411.291666666668 2177.604166666667 2628.5000000000005 1646.5000000000002 1455.5000000000002 727.50000000000011 -0.3499999999999997 2241.1250000000005 119178.81250000001 217.50000000000003 842.50000000000011 33358.166666666672 53.75578859283474 66.187911390147931 84.146895020833341 97713.916666666672 32367.750000000004 77805.479166666672
decision_type=2 2 2 2 2 2 2 2 2 2 2 2 2 2 2 2 2 2 2 2 2 2 2 2 2 2 2 2 2 2 2 2 2 2 2 2 2 2 2 2 2 2 2 2 2 2 2 2 2 2 2 2 2 2 2 2 2 2 2 2 2 2
left_child=4 -2 13 -4 -1 6 23 8 12 10 -9 -11 -8 14 -3 16 27 18 22 20 33 -22 -17 24 -6 -12 -27 -16 30 -30 35 43 -19 34 -13 -15 37 38 39 41 -41 42 -32 44 -7 -42 47 48 49 -47 52 -52 53 -44 -53 56 -26 -38 -35 -23 -18 -25
right_child=1 2 3 -5 5 31 7 9 -10 11 25 19 -14 28 15 17 60 32 -20 -21 21 59 -24 61 55 26 -28 -29 29 -31 36 -33 -34 58 -36 -37 57 -39 -40 40 45 -43 50 -45 -46 46 -48 -49 -50 -51 51 54 -54 -55 -56 -57 -58 -59 -60 -61 -62 -63
leaf_value=-84.655184530010771 14.536115325053387 -2.6229172032028236 -3.5624429042131354 10.359765796600716 4.4355804311400124 4.9231156354192116 9.9896947188515455 12.834620691999421 -15.644380499579317 3.1223672102133806 -5.8090586961649162 4.2160439594958499 5.2664999410885542 -17.398913653238033 0.47135590135289335 1.9561728470481181 -0.9860115753790536 1.7458602770343619 -2.8297415233000391 -36.035831852519976 5.6997968800018253 -8.1638418236148365 2.3765199207344496 1.5906138170711468 -18.704031831301403 5.6943443694070703 0.25541150320912553 5.2005589651636388 -0.02631980421334372 4.1597927514311408 3.4174536914550475 3.5315470682405006 -0.49809999472865474 -10.770264670296894 -1.0620919079695459 1.7774462306027945 -11.484128746342227 4.9982873616231354 4.0345136807772599 3.3656800867962784 -1.9051221391364503 -0.48724884217133924 0.78637750731523204 -28.83372559907825 -10.604328214433279 0.31315134129388211 1.2240325684604358 -0.84460965627245121 1.708926580232822 -0.26949733627997002 -0.42113801224840947 -0.045564158865327213 0.0024154836318126317 2.6498512952268984 7.6069678068547457 -9.4788708413983702 8.2921932412212715 0.61739870271967712 0.47084711156375991 0.95335345225824086 2.1644837592452846 -20.94119329810329
leaf_weight=1064 34 125 24 28 21 21 25 30 20 37 38 20 24 334 37 35 20 25 26 249 30 20 39 35 24 28 36 28 20 23 25 34 181 174 22 21 207 24 23 21 514 71 21 1259 123 39 20 120 30 108 162 24 40 27 36 96 21 31 39 20 20 922
leaf_count=1064 34 125 24 28 21 21 25 30 20 37 38 20 24 334 37 35 20 25 26 249 30 20 39 35 24 28 36 28 20 23 25 34 181 174 22 21 207 24 23 21 514 71 21 1259 123 39 20 120 30 108 162 24 40 27 36 96 21 31 39 20 20 922
internal_value=-0.00104387 0.000159182 3.55851e-05 0.00673704 -0.00174026 -0.0013423 -0.000621408 0.00117104 0.00911722 0.000427936 0.00470098 -0.000490919 0.014053 -0.000104155 0.00158366 0.0026125 0.00639391 0.00130349 0.00476523 -0.00106079 0.000406028 0.00509272 0.00748988 -0.00192476 0.000869833 0.00196866 0.0049142 0.00986175 -0.000571841 0.00459397 -0.000690691 -0.00230882 -0.000363902 -0.000870248 0.00334917 -0.00231484 -0.000314951 9.19398e-06 -0.000117088 -0.000231302 -0.000813286 0.000982516 0.00164727 -0.00244174 -0.000270646 -0.000974613 0.000208136 -0.000161562 0.00121965 0.000244731 0.00115124 0.000229626 0.00343927 0.00629938 0.00394343 -0.00127569 0.00159645 -0.00210416 -0.0017175 0.000673316 0.000673316 -0.002401
internal_weight=6995 2563 2529 52 4432 3368 1931 812 69 743 132 611 49 2477 536 411 105 306 100 574 325 70 74 1119 162 102 64 65 1941 43 1898 1437 206 255 42 355 1543 1305 1281 1258 852 406 335 1403 144 831 317 297 177 147 310 222 88 48 60 141 45 238 213 40 40 957
internal_count=6995 2563 2529 52 4432 3368 1931 812 69 743 132 611 49 2477 536 411 105 306 100 574 325 70 74 1119 162 102 64 65 1941 43 1898 1437 206 255 42 355 1543 1305 1281 1258 852 406 335 1403 144 831 317 297 177 147 310 222 88 48 60 141 45 238 213 40 40 957
is_linear=0
shrinkage=0.03


Tree=109
num_leaves=63
num_cat=0
split_feature=38 17 58 54 27 70 36 53 42 61 5 52 66 15 44 57 0 40 24 54 21 51 64 61 5 20 3 17 33 34 24 58 0 24 21 15 65 45 54 14 43 43 5 59 69 13 27 31 26 59 53 60 60 24 65 43 28 47 17 27 17 40
split_gain=6.62947 3.49749 3.11022 4.6114 2.53895 2.202 3.53162 2.15879 3.03133 2.2074 2.06017 2.51297 2.20191 1.9709 2.08873 1.90431 2.25105 1.5446 1.47276 2.38871 2.40259 2.06035 1.46872 1.36859 1.33805 2.64405 2.98592 1.1866 2.56257 1.1644 1.10031 1.63818 1.47765 2.02046 2.06072 1.61856 1.08346 1.06094 1.02909 1.93231 1.14487 2.00628 0.983692 0.952471 0.937513 2.86208 0.867959 1.17817 0.851386 0.795041 0.711209 0.673316 1.2596 0.656406 0.696037 0.639992 0.852008 0.633634 0.632124 0.629046 0.59513 0.559243
threshold=13389.583333333334 -14.324999999999998 4652.0208333333339 887.79166666666686 4.8634873158457319 123038.18750000001 22117.500000000004 1446.5000000000002 53910.145833333343 382.50000000000006 2.5000000000000004 2122.0000000000005 2103.7708333333335 10606.121757481131 29819.000000000004 35.500000000000007 105456.50000000001 28970.500000000004 83.59222800000002 1827.6875000000002 3.4090230202344207 1728.5000000000002 1341.5000000000002 3028.5000000000005 2.5000000000000004 16.634375000000002 56.34161146042257 1.6250000000000002 3.6115081214024438 0.02115352917114777 66.732063000000011 3837.1458333333335 99992.500000000015 82.769125000000017 1.7595590997074488 5186.5062789114481 6960.5000000000009 33802.500000000007 2175.7500000000005 91825.041666666686 32171.000000000004 32271.000000000004 4.5000000000000009 1566.5000000000002 101603.00000000001 91131.000000000015 15.960523240012833 59.190450841377434 83.847391833333347 140.50000000000003 2004.5000000000002 983.50000000000011 1202.5000000000002 83.285052000000022 6349.5000000000009 31629.500000000004 -8.1822994999999974 201.50000000000003 -7.2249999999999988 9.6049910925424768 17.175000000000001 38523.500000000007
decision_type=2 2 2 2 2 2 2 2 2 2 2 2 2 2 2 2 2 2 2 2 2 2 2 2 2 2 2 2 2 2 2 2 2 2 2 2 2 2 2 2 2 2 2 2 2 2 2 2 2 2 2 2 2 2 2 2 2 2 2 2 2 2
left_child=18 4 7 -4 -2 43 -7 8 10 42 11 12 13 14 -3 29 22 -12 27 24 -21 -22 -17 44 25 59 -27 28 -1 -16 -14 32 60 -34 -35 -36 38 49 55 -40 -41 -42 -10 46 45 -11 47 -5 -15 -19 -8 -39 -53 -54 -55 -9 -57 -58 -46 -20 -32 -48
right_child=1 2 3 5 -6 6 50 36 9 23 17 -13 30 48 15 16 -18 37 19 20 21 -23 -24 -25 -26 26 -28 -29 -30 -31 31 -33 33 34 35 -37 -38 51 39 40 41 -43 -44 -45 58 -47 61 -49 -50 -51 -52 52 53 54 -56 56 57 -59 -60 -61 -62 -63
leaf_value=4.2710588611073312 2.2661812932273651 -3.487938063678178 4.1896091155418294 -0.51020592563330402 10.626343565361626 6.7693406792875042 -0.19107461785408683 -22.053259397905368 0.28510584281472995 -0.046227677237360022 2.098288626125508 5.2846531816518167 -12.323593671419324 -5.3232200708788415 -1.3593157720278439 4.2458848845721358 0.32484572951574014 0.57853216444544175 3.2702451309503702 -54.794110816962181 12.680546787675834 6.7054071583536476 5.4940036111335129 2.6135946863976294 -51.615811805178772 6.6711693079679062 -2.400438729314931 -40.256222438884706 -30.853174078538881 3.5090833956874667 -16.934685928558089 2.4393782990157415 -0.11149512520518078 11.051898112565807 0.25754666997267628 -1.9365140640873797 2.4637035192737655 -3.3081174927053594 5.5374269585167628 -22.884619597229879 6.6696787018383965 -0.045835282984249742 1.7420954086561611 -21.164611273987987 0.28349805315985299 0.56512013441593534 0.37148831698210261 2.5296183230158586 1.9021345146483797 -8.2222990949083083 5.01333767242149 4.9827280552820108 -0.76240698053021327 -0.0036954585700380415 7.9743976007416961 0.38990717331504909 0.49566881818601716 -1.8841085978574839 -0.89822015635921104 -46.734705118444239 1.0631854577510831 -4.9746150006707541
leaf_weight=20 35 28 20 22 21 22 33 432 20 45 21 25 162 51 20 20 21 21 20 32 22 36 20 35 276 22 20 2027 38 20 173 39 141 22 25 27 22 108 20 130 26 181 21 119 31 24 32 27 20 1054 33 20 61 30 24 34 34 664 86 92 32 36
leaf_count=20 35 28 20 22 21 22 33 432 20 45 21 25 162 51 20 20 21 21 20 32 22 36 20 35 276 22 20 2027 38 20 173 39 141 22 25 27 22 108 20 130 26 181 21 119 31 24 32 27 20 1054 33 20 61 30 24 34 34 664 86 92 32 36
internal_value=-0.00103959 -0.000327328 -0.00042431 0.00231037 0.0071123 0.00143474 0.00548241 -0.000660886 -0.000105432 0.00294162 -0.00047229 0.000684316 0.000394592 0.00313343 0.00534469 0.00735905 0.0107038 -0.00120529 -0.00223869 -0.00080177 0.0036293 0.00728055 0.0148878 0.00173677 -0.00173681 0.000486696 0.00691211 -0.00259556 0.00160069 0.00216958 -0.000483015 0.00026138 -0.000278506 0.00145049 0.00546559 0.00213052 -0.00153976 -0.00133601 -0.00163697 -0.000218427 -0.000765352 0.000608401 0.00934306 -6.35331e-05 0.000693175 0.00347323 0.00184458 0.00488798 -0.000843883 -0.00174123 0.00195159 0.000444261 0.00186528 0.000625542 0.00304991 -0.00206941 -0.00152028 -0.00174903 -0.000922289 -0.00190009 -0.00210629 -0.000308371
internal_weight=6995 4390 4334 344 56 324 88 3990 2447 262 2185 846 821 200 129 101 61 1339 2605 520 90 58 40 221 430 154 42 2085 58 40 621 459 420 215 74 52 1543 1318 1521 357 337 207 41 236 186 69 117 49 71 1075 66 243 135 115 54 1164 732 698 117 112 205 68
internal_count=6995 4390 4334 344 56 324 88 3990 2447 262 2185 846 821 200 129 101 61 1339 2605 520 90 58 40 221 430 154 42 2085 58 40 621 459 420 215 74 52 1543 1318 1521 357 337 207 41 236 186 69 117 49 71 1075 66 243 135 115 54 1164 732 698 117 112 205 68
is_linear=0
shrinkage=0.03


Tree=110
num_leaves=63
num_cat=0
split_feature=38 17 27 40 35 38 10 30 7 1 50 35 66 62 50 45 58 59 52 66 22 1 31 31 30 62 38 50 70 66 28 27 35 16 26 70 59 21 45 2 13 66 11 35 61 59 26 14 15 21 5 13 22 62 66 16 41 28 15 70 41 59
split_gain=6.6799 3.04322 2.53895 2.46321 2.47789 2.3982 2.57195 4.38154 3.56071 2.12977 2.22099 4.17035 2.09774 2.0705 2.37791 2.0664 1.84217 1.9219 2.39932 2.4765 1.78138 1.50169 2.1517 1.96236 1.4614 1.40367 1.3837 1.97581 1.34864 1.29705 1.26676 1.19312 2.05172 1.72418 4.88147 1.18974 1.17339 1.12147 1.06248 1.76388 1.03951 1.02052 0.993127 1.32877 0.989464 1.55522 0.970331 0.895597 0.875345 0.858411 0.768706 1.92147 2.88482 3.12763 0.736191 0.692468 0.822229 0.651305 0.69075 0.638418 0.633943 0.609758
threshold=17178.020833333336 -14.324999999999998 4.8634873158457319 47627.500000000007 27903.000000000004 11154.500000000002 0.74305326206722599 49.854664890784001 14.500000000000002 12.275000000000002 421.37500000000006 13300.000000000002 1182.3333333333337 1168.8333333333337 619.52083333333337 27480.500000000004 4196.1458333333348 1306.5000000000002 1126.5000000000002 5131.479166666667 1.3000000000000005 21.725000000000005 61.058858370346933 63.361203608198181 65.382037901920725 2421.2500000000005 22921.625000000004 1058.6875000000002 123038.18750000001 1845.2708333333337 -8.6062199999999986 11.781532764944286 18072.500000000004 1961.0000000000002 63.975351979166668 79815.979166666686 828.50000000000011 3.8132762319106202 27408.500000000004 75.855102000000016 93256.000000000015 8445.3125000000018 108405.00000000001 25608.000000000004 3254.0000000000005 1050.0000000000002 82.735170583333357 105462.35416666667 15978.948075601515 3.6083874065902877 2.5000000000000004 83673.500000000015 -0.37499999999999994 1882.5416666666667 1139.4583333333335 4632.0000000000009 54398.500000000007 -3.0377059999999996 5337.8227718113003 122204.37500000001 58227.500000000007 4797.5000000000009
decision_type=2 2 2 2 2 2 2 2 2 2 2 2 2 2 2 2 2 2 2 2 2 2 2 2 2 2 2 2 2 2 2 2 2 2 2 2 2 2 2 2 2 2 2 2 2 2 2 2 2 2 2 2 2 2 2 2 2 2 2 2 2 2
left_child=5 2 -2 12 30 -1 31 8 -8 15 11 25 21 14 -12 -9 17 42 49 46 -13 47 -23 -24 37 -11 48 -28 -26 -30 36 32 33 35 -35 -7 -5 -6 39 -33 54 50 57 -44 45 -31 -20 -3 -18 -19 51 52 -37 -54 -32 -42 -57 58 -14 -45 -58 -53
right_child=1 3 -4 4 24 6 7 9 -10 10 13 20 16 -15 -16 -17 26 18 19 -21 -22 22 23 -25 28 -27 27 -29 29 44 40 38 -34 34 -36 41 -38 -39 -40 -41 55 -43 43 59 -46 -47 -48 -49 -50 -51 -52 61 53 -55 -56 56 60 -59 -60 -61 -62 -63
leaf_value=-84.242402735594652 2.1981958544305429 1.8507124430810906 10.307553258400826 0.45217443327217993 -0.21569869955069926 2.9682231507674981 7.3502584060039959 4.2918571423332237 -1.8866197600562533 -4.6179171374024106 -5.5036447060458 2.3812101508319943 4.7974945415879313 -6.2450075831028808 17.481392622991986 -14.734456552686725 -0.15330201083649142 -0.071375965483534767 1.7551970059543069 10.850652067092254 5.2678049371569875 2.5540018355018379 -0.072925676409562268 5.2441665341613826 9.9564440287184102 2.9804004957661383 4.6161669621939936 0.073483340579994866 -0.53209425597802229 3.1071861123581468 1.7131906203140486 -13.646983632517646 5.286267287090209 4.8471591139781944 -1.5592470603857977 -17.31495223196568 -0.058164555110209383 4.5306033092857998 -21.942658949267894 2.9850578212571852 -10.119289359133552 4.0617552044799723 9.2675805970392293 -0.70100120921552411 3.4249480644360428 -2.1414263872614199 -1.6027895845451683 -0.094797323294333866 0.69046198536715564 2.5017225854413918 -27.614061836370766 -25.100988657342587 6.8863952562460566 0.33438919248970939 -1.9998618948084843 -0.23181080265864398 1.9492795727303118 -4.3169085815395869 -0.71602117558434675 5.2765837404770544 -0.017636014764253246 5.9083707409469053
leaf_weight=1036 35 23 21 20 126 21 29 20 27 77 23 30 20 174 30 384 51 127 28 26 37 21 32 34 33 27 34 20 73 23 33 27 26 21 59 54 20 33 1466 20 786 32 30 72 23 37 24 50 38 20 499 279 28 39 25 103 20 373 34 20 21 21
leaf_count=1036 35 23 21 20 126 21 29 20 27 77 23 30 20 174 30 384 51 127 28 26 37 21 32 34 33 27 34 20 73 23 33 27 26 21 59 54 20 33 1466 20 786 32 30 72 23 37 24 50 38 20 499 279 28 39 25 103 20 373 34 20 21 21
internal_value=-0.0010353 0.000203259 0.0071123 4.40252e-05 -0.000795728 -0.00172867 -0.00134692 7.34173e-05 0.00818182 -0.000489965 0.00106255 0.00364699 0.00111967 -0.000871863 0.00429378 -0.00202673 0.000562642 -1.16271e-05 0.00231897 0.0065685 0.00947839 0.00429107 0.00695752 0.00422088 0.00138753 -8.6456e-05 0.00368973 0.00748614 0.00317292 0.0019795 -0.00153779 -0.00181822 -0.00105088 -0.00125914 0.0029588 -0.00160929 0.00366583 -0.000716531 -0.00236336 0.00203822 -0.00175185 -0.00176767 -0.000972501 0.00140049 0.00454874 0.00244592 0.00270633 0.00106703 0.0013468 4.07879e-05 -0.00195305 -0.000997389 0.00218002 0.00634873 0.00211704 -0.00199656 -6.24573e-05 -0.00165769 0.00138632 -0.000358307 0.00350365 -0.00228924
internal_weight=6995 2509 56 2453 1376 4486 3450 858 56 802 398 171 1077 227 53 404 917 774 225 78 67 160 87 66 348 104 143 54 189 156 1028 2592 1079 1053 80 973 40 159 1513 47 988 952 549 122 83 60 52 73 89 147 920 421 121 67 58 930 144 427 54 92 41 300
internal_count=6995 2509 56 2453 1376 4486 3450 858 56 802 398 171 1077 227 53 404 917 774 225 78 67 160 87 66 348 104 143 54 189 156 1028 2592 1079 1053 80 973 40 159 1513 47 988 952 549 122 83 60 52 73 89 147 920 421 121 67 58 930 144 427 54 92 41 300
is_linear=0
shrinkage=0.03


Tree=111
num_leaves=63
num_cat=0
split_feature=38 17 10 58 39 25 66 62 62 5 25 40 58 70 51 52 63 48 1 51 2 69 33 7 26 65 5 14 28 44 43 66 23 38 53 47 57 29 45 21 20 22 29 66 57 20 29 34 20 40 20 15 33 6 54 10 54 36 59 22 27 30
split_gain=6.16231 2.97143 2.55163 3.11689 3.80929 2.24462 2.20716 2.15437 2.90366 1.8295 3.7607 5.71317 1.74897 4.22561 1.74417 3.799 1.91519 1.78088 1.64584 1.58073 1.48336 1.47478 1.40474 1.63718 1.4751 1.35838 1.34632 1.32928 1.31281 2.12162 1.44466 1.28299 1.25048 1.91247 1.17702 1.15499 1.94891 1.59014 1.10331 3.32743 1.05694 1.056 1.57805 1.32928 0.981782 1.97659 0.956169 0.906843 0.904025 0.854325 0.842581 0.837943 0.817569 0.792878 0.79095 1.83206 0.730405 0.724684 0.68096 0.657121 0.900318 1.35361
threshold=14039.687500000002 -14.324999999999998 1.0000000180025095e-35 3837.1458333333335 31580.500000000004 78.650432500000008 2850.2083333333335 2735.0208333333335 2651.6458333333339 1.0000000180025095e-35 77.902535000000015 28970.500000000004 4863.6875000000009 89195.625000000015 999.50000000000011 1168.5000000000002 3983.5000000000005 90.500000000000014 -1.0000000180025095e-35 892.50000000000011 86.227727500000015 94845.500000000015 1.7982186724377891 10.500000000000002 84.146895020833341 1927.5000000000002 2.5000000000000004 109071.70833333336 -6.6415915000000032 31709.500000000004 32456.500000000004 8445.3125000000018 78.652277500000011 12272.020833333336 1994.5000000000002 621.50000000000011 5.5000000000000009 55.581439951662212 29212.500000000004 4.3308417747776433 24.823958333333337 -0.074999999999999276 65.382037901920725 1073.1041666666667 3073.5000000000005 25.842708333333338 55.046517518631099 -0.40483136868481745 25.079166666666669 40807.000000000007 -0.78541666666666654 18993.889149922255 3.5498987222212954 1.5000000000000002 2045.6250000000002 0.87900005428953576 1421.2291666666667 24688.000000000004 5334.5000000000009 0.22500000000000123 9.8297455269765539 61.327146405491554
decision_type=2 2 2 2 2 2 2 2 2 2 2 2 2 2 2 2 2 2 2 2 2 2 2 2 2 2 2 2 2 2 2 2 2 2 2 2 2 2 2 2 2 2 2 2 2 2 2 2 2 2 2 2 2 2 2 2 2 2 2 2 2 2
left_child=9 5 18 14 -5 -2 19 8 21 10 32 20 31 -14 53 16 22 -17 35 27 -12 47 -16 -24 -25 -13 38 -6 29 -19 -31 54 -1 -34 41 37 -37 -3 39 52 50 42 -21 -44 45 48 -33 -8 -42 -18 -40 -28 -20 59 -11 -56 -43 -30 -47 -4 61 -61
right_child=1 2 3 4 6 -7 7 -9 -10 12 11 25 13 -15 15 17 49 28 26 34 -22 -23 23 24 -26 -27 51 -29 57 30 -32 46 33 -35 -36 36 -38 -39 40 -41 44 56 43 -45 -46 58 -48 -49 -50 -51 -52 -53 -54 -55 55 -57 -58 -59 -60 60 -62 -63
leaf_value=-28.972153191683741 9.5576511849261916 6.9240604113350646 -1.6536694161211192 2.3523746778830468 0.069018690898353441 1.2641863748575668 0.41465252048194939 -0.11962925404345179 5.4383005817736247 -39.978186542693635 7.124169909825679 7.2544891120875672 -32.496322327560407 8.5787826281352793 0.19933090920545476 1.8384163543302723 -2.1763759081409209 -4.602082541546741 -37.273108315531708 -0.28045284943155735 5.9918855033962242 3.7600288338276835 5.813534864177397 -0.017779028029934842 3.4935989447068785 -2.3337164253176241 -23.108818566775827 0.35755624857880353 -1.3874171107559095 2.0496503570084488 0.04144701974988467 3.9165085667406432 -30.567180644739231 5.3067863514222733 0.92851385709521173 17.203340948347027 0.18083541656726981 -0.19933513632953029 2.7225285865491315 5.3519409349365503 0.58597720062933034 1.0736736868975711 5.0796271758845037 0.013226565729134731 -18.85239220305796 -0.2855781613770827 -3.1287763939281685 -1.1483259751819237 3.7219673759804581 4.7166644628818428 -18.506422364066264 1.8096687701134644 3.8793396329921466 -12.222551030901419 -29.992418060911753 17.031059900545593 -0.49308659972363816 0.15225313625833223 0.51948218317038219 1.9582165152115572 -24.232521401603485 -0.057758287199839178
leaf_weight=290 23 29 127 22 22 33 20 34 20 2148 20 23 71 30 23 31 45 40 45 95 20 30 30 21 21 65 861 20 464 20 23 20 51 33 48 31 95 281 30 20 21 28 20 22 79 53 23 23 25 20 382 24 20 324 118 29 150 129 21 38 31 40
leaf_count=290 23 29 127 22 22 33 20 34 20 2148 20 23 71 30 23 31 45 40 45 95 20 30 30 21 21 65 861 20 464 20 23 20 51 33 48 31 95 281 30 20 21 28 20 22 79 53 23 23 25 20 382 24 20 324 118 29 150 129 21 38 31 40
internal_value=-0.0010353 -0.000276018 -0.000372928 0.000390691 0.00230103 0.00657754 0.00178726 0.00523997 0.00760473 -0.00208085 -0.000424219 0.00400468 -0.00242057 0.00142433 -0.00034896 0.000491292 0.00466583 -0.000449725 -0.00112439 0.000696124 0.0133915 0.0047606 0.0073817 0.00944521 0.00548694 -0.000238366 -0.00157485 0.00619952 -0.000776513 0.00274368 0.00737819 -0.002588 -0.00194868 0.00124851 4.95724e-05 0.000502178 0.00292625 -0.000474041 -0.000581814 0.00260869 -0.00103093 -0.000609331 0.00135667 0.00619952 0.00075339 0.00247294 0.0025058 0.00111369 0.00735358 0.000645161 -0.00190002 -0.00235228 -0.000645162 -0.00165506 -0.00268485 -0.000530252 -0.00213925 -0.00127466 -0.000526317 -0.000317663 0.00137488 0.00311139
internal_weight=6995 4054 3998 1981 554 56 532 127 93 2941 502 128 2439 101 1427 867 160 707 2017 405 40 73 95 72 42 88 1581 42 676 83 43 2338 374 84 363 436 126 310 696 85 611 315 137 42 199 120 43 43 46 65 412 885 65 560 2295 147 178 593 74 236 109 78
internal_count=6995 4054 3998 1981 554 56 532 127 93 2941 502 128 2439 101 1427 867 160 707 2017 405 40 73 95 72 42 88 1581 42 676 83 43 2338 374 84 363 436 126 310 696 85 611 315 137 42 199 120 43 43 46 65 412 885 65 560 2295 147 178 593 74 236 109 78
is_linear=0
shrinkage=0.03


Tree=112
num_leaves=63
num_cat=0
split_feature=14 47 62 9 35 10 20 52 50 5 17 16 28 58 62 63 21 64 34 60 30 50 58 54 64 63 65 64 3 56 5 24 33 65 30 15 66 63 47 7 15 70 42 65 29 62 54 24 43 10 56 24 56 15 37 33 52 12 35 37 1 24
split_gain=5.45261 3.24832 3.18077 2.25158 2.12289 2.63899 5.45259 6.42168 3.1208 3.1893 2.65086 3.62277 1.9283 1.86354 1.70688 1.70514 1.69766 1.54893 1.71912 1.49626 2.1463 1.48571 2.15505 1.46111 2.38134 1.38159 1.34571 1.47842 1.28343 1.20573 1.19346 1.18047 1.13125 1.09459 2.47671 1.89386 1.04564 1.63121 0.978743 0.969246 2.50361 1.11349 0.967789 0.939289 1.38123 0.933379 0.810418 1.1244 0.75448 0.733007 0.730226 1.43197 0.794171 0.670277 0.650104 0.736322 1.05923 0.641232 0.606614 0.661302 0.883214 0.598539
threshold=99255.416666666672 5619.5000000000009 900.54166666666686 1.0000000180025095e-35 10919.000000000002 0.35201941816566318 16.634375000000002 636.50000000000011 425.04166666666674 4.5000000000000009 1.2750000000000001 986.50000000000011 -1.4218409999999968 4652.0208333333339 1146.4791666666667 1907.0000000000002 4.4311515577959044 1654.5000000000002 -0.74346953406950422 1083.5000000000002 62.912113095154687 510.14583333333343 4955.5208333333348 2264.1458333333335 3294.0000000000005 7537.0000000000009 3756.5000000000005 951.50000000000011 67.542653650195362 652.50000000000011 4.5000000000000009 92.912472500000021 2.2562314801243382 4867.5000000000009 65.382037901920725 5021.7677002107148 1311.7500000000002 1321.0000000000002 3318.0000000000005 7.5000000000000009 4068.1998427587737 77805.479166666672 38872.125000000007 2915.5000000000005 63.33758742312633 1587.4583333333337 2045.6250000000002 85.733235000000022 32271.000000000004 0.56392291514228221 108.50000000000001 73.94873250000002 4.5000000000000009 16936.400637279829 14386.500000000002 1.9124208690685636 842.50000000000011 70957.000000000015 22644.500000000004 21946.500000000004 -1.3749999999999998 64.937889000000013
decision_type=2 2 2 2 2 2 2 2 2 2 2 2 2 2 2 2 2 2 2 2 2 2 2 2 2 2 2 2 2 2 2 2 2 2 2 2 2 2 2 2 2 2 2 2 2 2 2 2 2 2 2 2 2 2 2 2 2 2 2 2 2 2
left_child=4 2 -2 29 46 10 39 -8 9 12 11 25 26 17 16 48 -10 18 19 20 32 -17 -23 57 -25 -6 27 -9 38 30 33 45 -5 50 35 -35 37 -22 42 40 -7 -41 -19 61 49 -14 -1 -48 -15 -45 52 -52 -4 -24 55 -44 -57 -12 -56 -60 -61 -20
right_child=1 -3 3 13 5 6 7 8 14 -11 23 -13 31 15 -16 21 -18 28 43 -21 36 22 53 24 -26 -27 -28 -29 -30 -31 -32 -33 -34 34 -36 -37 -38 -39 -40 41 -42 -43 54 44 -46 -47 47 -49 -50 -51 51 -53 -54 -55 58 56 -58 -59 59 60 -62 -63
leaf_value=-75.473858521968253 13.842058986120497 4.8069529453143067 1.7214010688476742 2.6513921038626518 -6.4590350954054232 3.7960887967369139 8.9151614232310443 5.7355401546103559 -4.9475682643032508 -12.906608506397935 2.8106352906975665 4.5187300497320368 2.2190313170392026 5.0291619559863969 -7.09677170564989 0.025234517932450327 8.4241726429377994 0.79260853932088504 -9.0219152793001491 -1.8601339735859419 0.021895599255295894 6.0172573469144162 1.8179492669331003 -70.169385507447529 3.0397612095217319 7.6441317260997979 3.7758579182371665 3.5145910079816383 0.25789257844004576 -15.528692921597534 -26.34018491135588 2.9137957218173485 1.6564148488569803 2.8882529357557107 6.8585371718865611 -0.95667357678290399 -2.7535476367814153 3.4507856453835068 1.9232196741102863 1.8068977657905696 -1.987452278464741 -20.697765743646578 -0.8107481160045118 1.2460700098510873 -0.012058737516657148 -4.3997630338097382 -9.7747943045440238 15.185023009606349 -1.5475882159159566 0.94964204546078812 -6.7431190151522493 4.1548194388026758 -0.51070570799993464 -0.11505242697564383 -6.9658359615972065 -0.0586040985631157 0.54086963724523551 -26.646224984286924 -0.523165368879978 -0.033191202933447739 1.3715935263558794 0.020689488280832214
leaf_weight=1071 31 34 26 20 93 21 28 27 25 67 20 22 27 21 199 49 27 22 86 31 41 34 20 30 23 21 20 35 22 424 182 23 20 27 36 68 22 30 21 20 188 511 56 22 36 32 33 24 43 25 28 24 252 22 323 42 25 1762 109 119 28 225
leaf_count=1071 31 34 26 20 93 21 28 27 25 67 20 22 27 21 199 49 27 22 86 31 41 34 20 30 23 21 20 35 22 424 182 23 20 27 36 68 22 30 21 20 188 511 56 22 36 32 33 24 43 25 28 24 252 22 323 42 25 1762 109 119 28 225
internal_value=-0.0010353 3.74128e-05 -8.15443e-05 -0.000197591 -0.00168863 -0.00129459 -0.000213584 0.00217016 0.00135034 0.00386845 -0.00197859 0.00204996 0.00612431 0.000544877 -0.000955795 0.00333157 0.00385796 0.000144894 0.00134922 0.00393053 0.00531931 0.0053717 0.00800263 -0.0022789 0.00259887 -7.88789e-05 0.00939099 0.00710145 -0.000727416 -0.00125387 -0.000429172 0.00281364 0.0111471 0.000377358 0.00270023 0.000126182 0.00277121 0.00455696 -0.000942156 -0.00186056 -0.000114778 -0.00254189 -0.00113106 0.000266429 0.00310469 0.000507613 -0.00281092 0.000630472 -0.000608425 0.00649681 -0.000536202 0.00270633 -0.00115426 0.00334917 -0.00132887 0.00063363 0.00277198 -0.00242579 -0.00175099 -0.00064428 0.000652617 -0.000482161
internal_weight=6995 2646 2612 2581 4349 3221 1250 510 482 231 1971 136 164 1514 251 189 52 1325 558 164 133 125 76 1835 53 114 82 62 767 1067 643 82 40 461 131 95 93 71 745 740 209 531 724 394 83 59 1128 57 64 47 330 52 278 42 702 123 67 1782 579 256 147 311
internal_count=6995 2646 2612 2581 4349 3221 1250 510 482 231 1971 136 164 1514 251 189 52 1325 558 164 133 125 76 1835 53 114 82 62 767 1067 643 82 40 461 131 95 93 71 745 740 209 531 724 394 83 59 1128 57 64 47 330 52 278 42 702 123 67 1782 579 256 147 311
is_linear=0
shrinkage=0.03


Tree=113
num_leaves=63
num_cat=0
split_feature=38 17 24 10 58 14 51 23 56 46 13 38 36 7 32 15 32 10 51 52 66 25 64 50 16 53 27 58 62 21 27 64 35 70 28 3 67 42 34 21 51 19 28 36 35 1 34 36 44 58 45 33 22 61 22 28 35 29 12 24 35 31
split_gain=6.74467 2.88165 2.80603 2.45718 2.59195 3.15085 2.37741 2.55344 1.94039 1.5326 1.74857 1.36072 2.71922 3.13672 8.1456 3.22358 1.97331 1.43556 1.35527 4.52006 2.91488 1.91624 1.71245 1.9648 1.32386 1.21687 1.20901 1.71014 4.87049 4.11633 2.0131 1.22346 1.18917 1.91322 1.89371 1.06685 1.01673 1.09211 1.01402 1.27535 1.66196 2.2106 1.31067 0.960965 0.989986 0.852596 0.84571 0.94533 1.14277 0.813977 0.772979 2.93709 0.767295 0.689371 0.687742 0.666495 0.64498 0.609261 1.41816 0.913349 0.595395 0.840929
threshold=14039.687500000002 -14.324999999999998 64.188787500000004 1.0000000180025095e-35 3579.7500000000005 88720.291666666672 812.50000000000011 78.652277500000011 8.5000000000000018 31359.687500000004 81346.000000000015 11154.500000000002 12031.500000000002 13.500000000000002 51.21916346605348 10469.154360491912 59.946402759470082 0.87900005428953576 949.50000000000011 1168.5000000000002 3552.2291666666674 86.363725000000002 716.50000000000011 510.14583333333343 6684.5000000000009 710.50000000000011 10.792352070542721 2609.3125000000005 1882.5416666666667 3.3958827735771528 5.1578559932197985 970.50000000000011 22271.500000000004 124905.29166666667 -2.3206729999999989 63.58619113139202 104905.50000000001 39787.666666666672 -0.93618084471183127 3.1804287116144785 1360.5000000000002 18.025000000000002 0.18752800000000039 28388.500000000004 29899.000000000004 -4.8249999999999984 -0.81027045088389815 18411.000000000004 32639.500000000004 2248.9166666666674 31720.500000000004 1.9972803736981795 -0.05000000000000001 3123.0000000000005 -0.074999999999999276 -0.6579554999999998 27038.000000000004 64.354798707297775 98130.000000000015 80.139925000000019 28212.000000000004 66.855984824184972
decision_type=2 2 2 2 2 2 2 2 2 2 2 2 2 2 2 2 2 2 2 2 2 2 2 2 2 2 2 2 2 2 2 2 2 2 2 2 2 2 2 2 2 2 2 2 2 2 2 2 2 2 2 2 2 2 2 2 2 2 2 2 2 2
left_child=11 2 -2 8 18 -6 7 -7 38 -8 -11 -1 13 14 -13 17 53 49 36 20 21 -20 23 -21 32 -22 27 -10 29 -29 -30 -32 46 34 35 -34 -5 -38 -3 40 42 -42 45 -24 -45 -40 47 48 -12 -16 -14 -52 -41 -15 -23 -35 -33 -28 59 -59 -60 -62
right_child=1 3 -4 4 5 6 9 -9 26 10 24 12 50 16 15 -17 -18 -19 19 22 25 54 43 -25 -26 -27 57 28 30 -31 31 56 33 55 -36 -37 37 -39 39 52 41 -43 -44 44 -46 -47 -48 -49 -50 -51 51 -53 -54 -55 -56 -57 -58 58 60 -61 61 -63
leaf_value=-78.759128332140364 9.2205491032646414 -3.6951891419268965 0.79845993166686335 -14.870308009696062 3.7131936070307905 0.18138745530616018 -16.342478780265733 1.7618869900371672 -1.5490717165051342 3.8777361103111696 2.251796074993559 6.3943875019666452 -28.492585655115899 -14.692434725206576 0.89093571641059977 8.0273989666410159 11.334197958409653 4.6930723929986922 5.747202842542392 2.3292121094975262 2.8181603064691485 1.5528193670567416 -1.5282002070031058 -0.014340916245277167 3.7057997487828578 -1.4963861324458638 -21.296893379986994 0.62532301218206499 1.684852291184042 5.9907694564171239 7.406954980576046 -19.785279129601825 6.6954684313199113 -0.26975600542257822 1.525365455064422 -0.89849696161443371 0.24358042780211012 -0.19847312642681239 17.059812496770562 -5.7627751586273277 13.486130092941169 0.32933455988002935 -0.26889103135110964 4.8314134147571952 -0.65960000554010567 0.60759259807416022 -0.10737495256568114 -0.076981651652736585 -0.026905168425038716 -16.554288737183121 6.3094465891432714 -15.166305253941108 3.0223822757488792 7.6156458467352932 0.18726234271172523 4.8118996816898107 0.36000556056693084 -6.7710524447013647 -11.075515300630851 4.4076985257522843 -0.18416699654583762 1.7866043040314938
leaf_weight=1036 24 63 32 337 22 21 84 20 420 38 23 22 1088 367 20 22 31 36 34 37 33 20 428 82 20 64 703 20 20 20 20 148 21 57 23 27 32 160 20 59 20 22 53 36 32 20 217 28 25 160 20 111 20 28 22 38 29 21 232 20 67 20
leaf_count=1036 24 63 32 337 22 21 84 20 420 38 23 22 1088 367 20 22 31 36 34 37 33 20 428 82 20 64 703 20 20 20 20 148 21 57 23 27 32 160 20 59 20 22 53 36 32 20 217 28 25 160 20 111 20 28 22 38 29 21 232 20 67 20
internal_value=-0.000966677 -0.000172419 0.00657754 -0.000267878 0.00048155 0.00201024 0.00162124 0.00861314 -0.0010054 0.00113791 0.00175208 -0.00206045 -0.00158102 -6.55888e-05 0.00252595 0.000894581 -0.00165454 -0.000208238 -0.000286995 0.000498667 0.00478336 0.00918528 -0.000702326 0.00251889 0.00125235 0.00129763 -0.00137751 -0.000381037 0.00154026 0.0111471 -0.000221097 -0.00115677 0.000914833 0.00294401 0.00666667 0.00318087 -0.00146286 0.000265486 0.00132082 0.002312 0.00408586 0.00904988 0.00180451 -0.00148156 0.00180617 0.00591022 -0.00022518 0.00248357 0.00505197 -0.00131594 -0.0024313 -0.000228834 -0.000682681 -0.00223235 0.00477435 0.000126182 -0.00196499 -0.00200922 -0.000991392 0.00423358 -0.00167346 0.000413317
internal_weight=6995 4054 56 3998 1981 664 642 41 2017 601 517 2941 1905 686 260 238 426 216 1317 788 173 76 615 119 479 97 1740 677 257 40 217 197 459 166 71 48 529 192 277 214 135 42 93 496 68 40 293 76 48 180 1219 131 79 395 42 95 177 1063 360 41 319 87
internal_count=6995 4054 56 3998 1981 664 642 41 2017 601 517 2941 1905 686 260 238 426 216 1317 788 173 76 615 119 479 97 1740 677 257 40 217 197 459 166 71 48 529 192 277 214 135 42 93 496 68 40 293 76 48 180 1219 131 79 395 42 95 177 1063 360 41 319 87
is_linear=0
shrinkage=0.03


Tree=114
num_leaves=63
num_cat=0
split_feature=45 35 70 17 24 16 62 69 7 33 64 28 29 25 32 60 27 3 24 19 63 36 69 20 1 21 41 47 57 20 3 5 25 7 16 63 12 4 20 43 28 64 25 65 32 24 56 19 62 40 64 56 63 55 48 21 50 2 61 45 50 24
split_gain=5.8216 3.79366 6.89194 2.63543 2.80603 1.90017 2.68096 1.77447 1.74908 2.55254 4.0323 2.34501 1.69035 1.66517 2.1494 1.57584 2.45301 1.87667 1.68854 1.66801 1.54916 3.365 1.98291 1.51311 1.48927 1.66832 1.4821 1.46228 1.44822 1.38651 1.8513 1.24464 2.76365 3.14533 1.28464 1.22571 2.01397 1.07408 1.10857 1.19857 1.17666 0.95229 0.917345 1.09124 0.98459 0.904025 0.875036 0.919376 1.43281 0.788355 0.727014 0.726994 0.704559 0.685633 0.646666 0.60484 1.8308 0.588879 0.559307 0.477855 1.01887 0.464999
threshold=31741.000000000004 10979.500000000002 90513.854166666672 -14.324999999999998 64.188787500000004 2288.5000000000005 1108.2916666666667 91471.000000000015 8.5000000000000018 3.2024072347547397 4802.0000000000009 1.8365625000000068 66.260735804484895 69.084330000000008 53.887373948688911 1971.5000000000002 14.209543619075347 53.422355429728903 94.687018000000009 24.225000000000005 1588.5000000000002 13432.500000000002 89866.000000000015 24.717708333333338 0.4250000000000001 2.3186307004211617 53564.500000000007 2526.5000000000005 1231.0000000000002 25.230208333333341 60.849426768978482 1.0000000180025095e-35 76.300842500000002 13.500000000000002 1891.0000000000002 1095.5000000000002 99118.000000000015 1.5000000000000002 -7.5281249999999993 32521.500000000004 0.31229649999999515 842.50000000000011 77.902535000000015 2535.5000000000005 65.407471734804645 76.122080000000011 4342.5000000000009 1.0750000000000004 1529.6250000000002 48211.500000000007 4765.0000000000009 1.0000000180025095e-35 2721.0000000000005 20.500000000000004 87.500000000000014 4.3669781528232141 674.00000000000011 97.283113000000014 549.50000000000011 27408.500000000004 314.97916666666669 57.341395000000013
decision_type=2 2 2 2 2 2 2 2 2 2 2 2 2 2 2 2 2 2 2 2 2 2 2 2 2 2 2 2 2 2 2 2 2 2 2 2 2 2 2 2 2 2 2 2 2 2 2 2 2 2 2 2 2 2 2 2 2 2 2 2 2 2
left_child=8 -2 -3 4 -4 7 -7 20 9 23 13 -12 24 -11 -15 16 18 -18 19 28 -5 -22 50 55 25 37 -21 51 53 30 45 32 58 -34 -35 41 -37 -9 39 -39 46 -14 -38 -44 -45 -30 47 -40 -49 -41 -23 -17 -19 -8 -26 59 -57 -33 -10 60 -1 -27
right_child=1 2 3 5 -6 6 15 12 31 10 11 -13 35 14 -16 27 17 52 -20 26 21 22 -24 -25 54 61 -28 -29 29 -31 -32 57 33 34 -36 36 42 38 40 49 -42 -43 43 44 -46 -47 -48 48 -50 -51 -52 -53 -54 -55 -56 56 -58 -59 -60 -61 -62 -63
leaf_value=2.7120489827738004 -98.792137374438497 6.2479215062167865 8.9439326301666746 -0.49782382290248123 0.77450613371688326 5.445449689323377 0.54725412426590947 9.0075692133001244 1.0770737576735794 -26.662274657374869 5.2887112977159232 1.3043093368411052 1.53282913932029 13.322908205362634 -0.50231503236015451 4.0742003141577277 0.90531507309441828 -0.23325958285121542 -0.82354152777115841 -0.10397105826936447 7.1598954507274755 -0.54589706778170666 0.89469365560199554 2.9812511836950089 3.7973789907271347 1.0593555187800645 0.58424888670538677 11.966132039901755 0.47296932199793329 0.034637992556098146 5.9971476178598797 -28.169516986073386 6.332950055692903 -14.418203603350083 5.7017721607497247 2.7286314164455758 -6.9602293129148709 1.0120323847646444 -3.0317002519429308 0.87999877022239459 -6.8477051043497026 -1.5045661142203812 -0.19096874788155629 0.15420721942498303 3.9763962849391397 3.5054355502226762 1.0382104883583159 5.5218883079543595 -0.14513966710647763 -2.9657126204644362 3.5691941327407828 -1.9491452613907556 1.6159219410537511 -0.18213407476247082 -5.8235267034578326 -3.4064440320678071 5.6025626891617026 0.2295127740314335 -27.950314594988335 -24.180724984960875 -27.520504262586414 -1.6404659181872574
leaf_weight=27 363 20 24 47 32 33 23 35 22 92 22 20 31 31 50 21 25 206 27 43 30 61 25 23 25 30 32 21 21 22 26 2192 27 49 22 26 49 20 69 36 101 97 44 29 27 25 34 22 44 21 21 270 20 21 959 110 32 22 242 519 39 296
leaf_count=27 363 20 24 47 32 33 23 35 22 92 22 20 31 31 50 21 25 206 27 43 30 61 25 23 25 30 32 21 21 22 26 2192 27 49 22 26 49 20 69 36 101 97 44 29 27 25 34 22 44 21 21 270 20 21 959 110 32 22 242 519 39 296
internal_value=-0.000966677 -8.94596e-05 0.000250396 0.000134804 0.00657754 1.39292e-05 0.00123071 -0.000451563 -0.00182147 -0.000727386 0.00214784 0.0104751 -0.000712747 0.000103985 0.00325524 0.000881583 0.00194258 -0.000119475 0.00411079 0.00501173 0.00236285 0.00398249 0.00145658 -0.00155579 -0.00108327 -2.96575e-05 0.00135819 -0.000778597 0.00697321 0.00908608 0.0111096 -0.00223012 -0.000588236 0.00370031 0.000337552 0.00134609 0.00298115 0.00131117 0.000795159 0.00396887 -9.99637e-05 -0.000866511 0.00160966 0.00326673 0.00604278 0.00735358 0.00141928 0.00031088 0.0028593 0.00168126 -0.000767358 -0.00133975 -0.000995136 0.00238095 -0.00183823 -0.00179893 -2.11126e-05 -0.00249718 -0.00219235 -0.00222526 0.000136157 -0.00160994
internal_weight=6995 3454 3091 3071 56 3015 836 2179 3541 965 215 42 1995 173 81 803 491 251 240 213 184 137 107 750 1692 708 75 312 138 94 72 2576 362 98 71 303 175 382 347 77 270 128 149 100 56 46 169 135 66 57 82 291 226 44 984 727 142 2214 264 585 66 326
internal_count=6995 3454 3091 3071 56 3015 836 2179 3541 965 215 42 1995 173 81 803 491 251 240 213 184 137 107 750 1692 708 75 312 138 94 72 2576 362 98 71 303 175 382 347 77 270 128 149 100 56 46 169 135 66 57 82 291 226 44 984 727 142 2214 264 585 66 326
is_linear=0
shrinkage=0.03


Tree=115
num_leaves=63
num_cat=0
split_feature=38 5 25 64 53 62 14 59 17 36 44 58 36 27 15 21 16 23 15 1 5 25 13 4 38 58 42 46 13 27 1 46 44 21 46 66 1 68 47 23 38 2 37 37 59 66 36 10 32 22 21 0 55 15 11 61 66 31 19 27 51 22
split_gain=7.41593 3.03584 2.43564 2.30911 2.50302 2.16016 2.1333 1.71948 2.73041 2.23882 2.08413 1.56165 2.14314 1.97766 2.09382 7.19918 1.61918 2.30847 4.60552 1.60365 1.55199 2.61219 2.11511 1.70417 1.90189 1.46103 3.61965 1.42158 2.24518 1.89473 1.9745 1.41903 1.41575 1.4372 1.32302 1.27801 1.634 1.24163 1.18759 1.00751 1.61324 0.962661 0.938794 1.99531 0.882788 1.04519 1.90462 0.961819 1.31542 0.854729 0.850473 0.846293 0.803919 2.17946 0.801474 0.824002 0.792432 0.823749 0.780549 1.07372 0.766235 0.680068
threshold=14039.687500000002 2.5000000000000004 77.902535000000015 173.50000000000003 2355.5000000000005 879.64583333333337 130650.14583333336 676.50000000000011 22.175000000000001 14661.500000000002 31392.500000000004 4863.6875000000009 21725.000000000004 12.57204097246858 12263.626650786273 2.9428012567366628 896.50000000000011 70.660660000000021 5228.9088802274446 -2.6249999999999996 1.0000000180025095e-35 76.300842500000002 77072.500000000015 11.500000000000002 12091.270833333334 4863.6875000000009 33906.479166666679 31712.583333333336 95149.000000000015 15.960523240012833 22.375000000000004 33758.687500000007 32868.000000000007 1.9503007477585816 33890.083333333343 8303.6666666666679 1.4750000000000003 81027.500000000015 327.50000000000006 78.652277500000011 12400.020833333334 89.168762500000014 26104.500000000004 27480.500000000004 348.50000000000006 5814.7500000000009 21853.000000000004 0.56392291514228221 61.087338466662651 0.050000000000000495 1.1565133129809799 142185.50000000003 7314.5000000000009 5281.1365981300614 100689.00000000001 444.50000000000006 6140.3333333333348 64.450450358389404 23.575000000000006 10.384259433663233 2196.5000000000005 0.89999999999999913
decision_type=2 2 2 2 2 2 2 2 2 2 2 2 2 2 2 2 2 2 2 2 2 2 2 2 2 2 2 2 2 2 2 2 2 2 2 2 2 2 2 2 2 2 2 2 2 2 2 2 2 2 2 2 2 2 2 2 2 2 2 2 2 2
left_child=20 3 44 -2 5 -5 7 8 9 -4 -10 13 -13 14 16 58 37 18 19 -18 21 39 -23 -24 -25 35 -27 -15 29 30 -29 -9 41 -34 -33 -22 -37 -7 -12 -1 -41 -19 -30 -44 47 50 -47 -3 -49 -35 -46 -14 54 -54 -39 -56 60 -58 59 -16 -57 -11
right_child=1 2 6 4 -6 11 -8 31 10 61 38 12 51 27 15 -17 17 32 -20 -21 25 22 23 24 -26 26 -28 28 42 -31 -32 34 33 49 -36 36 -38 52 -40 40 -42 -43 43 -45 45 46 -48 48 -50 -51 -52 -53 53 -55 55 56 57 -59 -60 -61 -62 -63
leaf_value=-26.863869100735048 2.2903688245691161 -8.82258229566267 3.8574188698242713 12.485749766399371 -18.253813826168166 5.5778181055580847 5.2164730844785536 -0.96675487436816965 -0.47747940805283701 -2.5778359322820674 3.4214343885966358 4.7404499036456622 -0.21505675081311432 -17.439494610025967 1.1754730334272439 6.1226740539461471 5.5172169660263943 -3.3269219330545288 -2.085818891004235 3.9624307886673225 -35.520915588978404 6.0173315327366126 -5.513682265609031 -2.8845829490425232 6.6983173718121547 -31.292496709800005 9.5216535041416588 0.56122157450960142 -0.73052630721994882 -1.1465402612784761 2.9600535295878903 6.3251095669714523 4.9830771423328306 -0.31393713258108474 -0.14186583042457857 3.9917654323498781 -5.8778813596881587 -8.6771638953748376 2.7126189491905599 -35.303911189800125 4.3323557957766354 0.45399615021187745 1.4986243451169234 -20.956466624657857 0.39295168321894935 -3.8838434605668404 1.2533306809401326 -0.29208523662196278 1.2547424004029812 2.2989563277158416 -12.429159809744224 7.2451168553563381 5.5440286210004652 -2.9863142410239067 1.6728572336234826 -0.41583663894598216 1.8176952055132578 -0.067880757391386687 -4.1919552388678092 -0.28870691537519272 6.9433972186795501 1.1237419805318067
leaf_weight=278 33 44 34 22 219 20 21 609 24 184 25 22 20 185 28 32 25 81 44 23 2285 37 62 20 23 71 30 22 172 29 23 45 29 33 76 20 33 177 27 50 32 27 30 42 32 62 23 23 30 20 998 20 22 38 24 160 28 20 39 34 20 34
leaf_count=278 33 44 34 22 219 20 21 609 24 184 25 22 20 185 28 32 25 81 44 23 2285 37 62 20 23 71 30 22 172 29 23 45 29 33 76 20 33 177 27 50 32 27 30 42 32 62 23 23 30 20 998 20 22 38 24 160 28 20 39 34 20 34
internal_value=-0.00092379 -9.10197e-05 -0.000811838 0.000843967 0.000691867 0.00112765 0.000222407 3.11873e-05 0.00183785 0.0003213 0.00681997 0.000987173 0.00565217 0.000782005 0.00160697 0.00509391 0.00101631 0.00283942 0.00674267 0.0131601 -0.00207065 -0.000543717 0.00289233 0.000685061 0.00529002 -0.00238367 0.0011276 -0.00072749 0.00048098 0.00506073 0.00891352 -0.000776607 0.000931088 0.00390987 0.00218002 -0.00253668 0.0020339 0 0.0101919 -0.0019078 0.000986601 -0.00130435 -0.000897174 0.00195562 -0.00173501 -0.00197471 0.00119859 0.000988671 0.00372881 0.000903954 -0.00223959 0.00142145 -0.000294419 0.00294509 -0.000755069 0.0003213 -0.000223587 0.00318087 0.0011276 0.00323671 -0.00114936 -0.000784045
internal_weight=6995 4054 2291 1763 1730 1511 1079 1058 328 252 76 1489 62 1427 924 133 791 282 92 48 2941 502 142 105 43 2439 101 503 318 74 45 730 190 82 121 2338 53 509 52 360 82 108 244 72 1212 1115 85 97 53 53 1030 40 489 60 429 252 228 48 101 62 180 218
internal_count=6995 4054 2291 1763 1730 1511 1079 1058 328 252 76 1489 62 1427 924 133 791 282 92 48 2941 502 142 105 43 2439 101 503 318 74 45 730 190 82 121 2338 53 509 52 360 82 108 244 72 1212 1115 85 97 53 53 1030 40 489 60 429 252 228 48 101 62 180 218
is_linear=0
shrinkage=0.03


Tree=116
num_leaves=63
num_cat=0
split_feature=38 61 58 45 44 22 7 31 51 44 36 63 30 29 52 36 66 15 59 55 61 17 38 36 7 42 54 66 33 45 15 36 51 41 47 54 19 22 46 43 27 27 37 19 2 0 51 0 62 36 59 35 64 45 70 61 1 58 22 19 43 63
split_gain=6.28237 2.51812 2.32641 4.06104 2.41174 2.26885 2.0223 2.05026 1.88768 3.35005 2.41478 2.08189 3.47137 2.37698 1.70083 2.47265 1.66068 2.7008 2.21138 1.75233 1.6582 1.51624 1.48403 2.60429 2.85591 3.0332 6.85101 2.36716 1.70371 1.6099 1.57967 1.39657 1.34198 1.80889 1.26315 1.25411 1.33872 1.2533 1.25221 1.7533 1.55055 3.14772 1.53306 1.71584 1.1152 1.92727 1.06568 1.04983 0.943697 0.943615 0.804594 0.765912 0.821525 0.75023 2.95055 0.731246 0.717744 0.673212 0.647089 0.908744 0.637112 0.63659
threshold=14039.687500000002 3885.5000000000005 3647.6041666666674 28030.000000000004 31311.500000000004 2.1000000000000005 22.500000000000004 59.89624619625156 949.50000000000011 32556.500000000004 14386.500000000002 2778.5000000000005 55.281353732815433 59.623080685763405 1558.5000000000002 19921.500000000004 2698.8750000000005 5321.002837331197 572.50000000000011 15.500000000000002 2047.0000000000002 -11.774999999999999 10983.22916666667 11841.500000000002 13.500000000000002 34458.416666666679 662.02083333333337 1047.3333333333337 3.6542135122883193 28385.000000000004 9455.7009116510926 21725.000000000004 930.50000000000011 42788.000000000007 5619.5000000000009 1115.604166666667 1.0750000000000004 0.8000000000000006 32557.458333333339 31778.500000000004 12.042128634081804 15.960523240012833 23508.000000000004 20.775000000000002 93.090295000000012 111059.00000000001 2661.5000000000005 104870.00000000001 1242.8125000000002 14612.500000000002 765.50000000000011 24216.000000000004 6869.0000000000009 31720.500000000004 91579.541666666672 2886.5000000000005 -1.6749999999999996 4863.6875000000009 -0.55000000000000038 -6.2749999999999995 32433.500000000004 1588.5000000000002
decision_type=2 2 2 2 2 2 2 2 2 2 2 2 2 2 2 2 2 2 2 2 2 2 2 2 2 2 2 2 2 2 2 2 2 2 2 2 2 2 2 2 2 2 2 2 2 2 2 2 2 2 2 2 2 2 2 2 2 2 2 2 2 2
left_child=22 2 8 -4 -5 6 32 31 47 10 11 12 -10 -14 15 -9 17 -11 -19 20 50 -21 -1 24 25 26 -24 -26 29 -28 -27 -8 33 -6 56 36 -12 61 39 -34 -41 42 43 -42 45 -17 51 -2 -49 -23 -18 52 -37 57 -55 -29 58 -25 -3 -60 -33 -20
right_child=1 34 3 4 5 -7 7 14 9 16 35 -13 13 -15 -16 44 19 18 37 21 -22 49 23 53 27 30 28 55 -30 -31 -32 60 38 -35 -36 46 -38 -39 -40 40 41 -43 -44 -45 -46 -47 -48 48 -50 -51 -52 -53 -54 54 -56 -57 -58 -59 59 -61 -62 -63
leaf_value=-80.825748638250644 -13.305483306805261 -0.27256646765679987 5.7955280717051068 -14.373613107704591 1.6740775733730704 1.3713739262777673 5.7248629653625596 -0.7453385618618581 4.276682419890383 4.4777769566682952 -1.7890600722992616 -27.037410371184727 5.3271049238430894 -5.8290206998623004 -0.37508686703242139 3.6981850831498742 8.3491602893655745 4.3114794312351128 -1.4339985101206993 3.4488055112740033 10.43566333645026 1.7988641084056507 11.027158544340862 -25.817908156617598 10.840916599517282 -7.3843185319040963 3.0089134235820012 -13.256474617684418 8.9322165071912742 -33.011356814292725 4.9994602551495442 7.0277633496956531 -4.0515484390563019 0.025097158275826991 3.9401931616347929 -8.2198253629690967 2.8480345569254486 1.616315937850872 -0.77661281151687356 -0.8673539307593765 2.5093621540177202 -0.043820802719070878 7.1951131972005076 0.02626752962072592 0.062455946218277811 0.55717347328963984 1.8029450079410438 2.6336301135130991 -0.11971108721506384 -1.8810022466699485 -1.2595787853759246 -0.0002980593123119944 2.4780059527940352 6.4719496236008682 -13.844636514175017 8.098078235795926 -25.532034408032747 2.5045909246346212 -0.16581265147700225 3.4111918031030655 0.029545800867995593 0.88813003493799603
leaf_weight=980 617 30 20 148 23 37 22 33 31 27 23 44 27 63 75 20 20 29 51 28 38 22 20 1159 38 110 20 338 20 44 25 20 99 30 21 600 23 24 178 40 25 56 23 27 25 20 30 23 220 217 30 143 34 24 116 27 619 20 24 29 21 25
leaf_count=980 617 30 20 148 23 37 22 33 31 27 23 44 27 63 75 20 20 29 51 28 38 22 20 1159 38 110 20 338 20 44 25 20 99 30 21 600 23 24 178 40 25 56 23 27 25 20 30 23 220 217 30 143 34 24 116 27 619 20 24 29 21 25
internal_value=-0.000953811 -0.000187219 0.000160307 0.00142342 0.00112894 0.00180209 0.00143264 0.003723 -0.000336529 0.00029429 -0.00069836 0.0026166 0.00465731 0.00163152 0.0020104 0.00461774 0.00227744 0.00486227 0.00302091 0.00113207 0.00480136 -6.73912e-05 -0.00200945 -0.00152975 3.27045e-05 0.00263488 0.00648415 -0.00150335 0.00267539 0.000234009 -0.000310882 0.00836767 0.000347235 0.00485876 -0.00179228 -0.00134334 0.00344902 0.00086913 -0.000180764 0.00109959 0.00294565 0.00453089 0.0085486 0.00558541 0.00801843 0.0111471 -0.00162062 -0.00146146 0.000197449 -0.0008532 0.00113772 -0.0018376 -0.00228513 -0.00229247 -0.00019272 -0.00225144 -0.00201253 -0.00253923 0.000577617 0.00259887 0.0049635 -0.000985546
internal_weight=6995 4054 3331 942 922 774 737 236 2389 1529 1018 165 121 90 173 98 511 156 129 355 88 267 2941 1961 642 239 104 403 84 64 135 63 501 53 723 853 46 100 448 270 171 131 75 52 65 40 807 860 243 239 50 777 634 1319 140 365 702 1179 83 53 41 76
internal_count=6995 4054 3331 942 922 774 737 236 2389 1529 1018 165 121 90 173 98 511 156 129 355 88 267 2941 1961 642 239 104 403 84 64 135 63 501 53 723 853 46 100 448 270 171 131 75 52 65 40 807 860 243 239 50 777 634 1319 140 365 702 1179 83 53 41 76
is_linear=0
shrinkage=0.03


Tree=117
num_leaves=63
num_cat=0
split_feature=38 10 50 43 62 52 56 24 20 39 3 26 24 16 50 18 1 15 67 14 54 13 69 34 1 21 62 1 33 15 45 26 16 63 45 35 10 41 56 35 49 53 52 70 66 21 67 55 62 26 34 34 17 18 67 61 49 4 24 16 54 49
split_gain=5.75129 3.03951 2.03927 1.98496 2.88805 2.54596 1.58321 1.50366 2.84716 6.13268 1.48435 2.69804 2.40667 1.43894 1.43215 1.83546 1.41825 1.99617 1.56551 1.42489 1.89697 1.43045 2.61305 1.34176 1.99344 1.29724 1.32527 1.10594 2.53865 1.03634 2.89281 1.44151 1.28892 1.34551 1.14944 0.998471 2.60803 0.873937 0.865118 0.861425 0.822002 0.934377 0.810504 1.35495 1.7171 0.953467 0.858551 0.780398 1.11792 0.766423 1.6228 1.10628 0.72809 0.725856 0.68656 1.11311 0.594531 0.570529 0.91826 0.55961 0.819568 0.553605
threshold=13497.729166666668 0.46472317204376884 2563.0416666666674 30413.500000000004 1097.2708333333335 1212.5000000000002 1446.0000000000002 83.59222800000002 20.268750000000001 36634.500000000007 53.919408896820826 71.425747291666681 60.860996500000006 -2430.4999999999995 334.83333333333343 15.225000000000001 22.375000000000004 10606.121757481131 135985.50000000003 107550.81250000001 1413.6250000000002 96853.500000000015 97919.000000000015 2.4352807397764065 -0.57499999999999984 4.397917918013138 849.41666666666674 1.4750000000000003 3.6115081214024438 11824.819774598882 29690.500000000004 87.034621854166673 779.00000000000011 2150.5000000000005 27408.500000000004 13010.500000000002 0.46472317204376884 30369.500000000004 9.5000000000000018 14735.000000000002 189.50000000000003 1948.5000000000002 1678.5000000000002 109784.39583333334 895.29166666666686 3.5627189730790394 142816.00000000003 4930.0000000000009 1845.729166666667 81.83511591666668 -0.21245586295287919 0.81766080515989981 -6.7749999999999995 22.925000000000001 117645.00000000001 774.50000000000011 83.500000000000014 11.500000000000002 86.548084500000016 3914.5000000000005 1906.7291666666667 225.50000000000003
decision_type=2 2 2 2 2 2 2 2 2 2 2 2 2 2 2 2 2 2 2 2 2 2 2 2 2 2 2 2 2 2 2 2 2 2 2 2 2 2 2 2 2 2 2 2 2 2 2 2 2 2 2 2 2 2 2 2 2 2 2 2 2 2
left_child=7 2 6 14 5 -5 23 27 25 -10 11 12 -6 -4 15 39 18 -18 40 -19 -21 22 53 29 -25 35 -27 28 -1 32 -31 42 34 -34 -2 -9 -37 -8 -35 -3 57 47 43 -32 -45 -46 -44 -42 -49 51 -51 -23 -39 -22 56 -56 -36 58 -12 -54 -61 -47
right_child=1 3 13 4 10 -7 37 8 9 -11 16 -13 -14 -15 -16 -17 17 19 -20 20 21 49 -24 24 -26 26 -28 -29 -30 30 31 -33 33 38 54 36 -38 52 -40 -41 41 -43 46 44 45 61 -48 48 -50 50 -52 -53 59 -55 55 -57 -58 -59 -60 60 -62 -63
leaf_value=5.4654310885010418 3.3730942863370981 -18.371629762822668 3.2232393380300213 0.49236735390242009 0.29104196515261721 6.1195397174891486 3.3759156697268824 -45.993714615475433 12.697087254146124 -2.7565218280921702 2.3059015088741286 -0.10599520531007058 3.6608340485912949 0.25406479950671823 -15.606855497435886 3.4583585008894446 6.0650950230111862 -3.4878076847092223 4.2916959905701102 0.37661900422014177 2.161313996643432 -0.32092118868437891 7.2104245050163058 8.3505262573424446 -15.878071782467657 8.6642500119755272 -0.56817196201180498 -33.347874862760747 -27.542819809046598 3.513637546957582 -10.743623090651504 5.0920069231159415 2.9691948001537378 9.0079129525180868 6.7025382112891538 -25.379683001307988 7.8828290085476782 0.14885347167395704 -0.16383271792988915 2.0938495742425909 -0.23920790339448667 0.71029369717992652 -5.5172663620752536 3.5527423910084486 -2.204933943953876 2.9211428739439005 3.7065905201934943 3.1756082456052499 -1.6169375762533316 4.9705205905984959 -0.28390868917594692 0.71109829589755591 -22.966513347780712 -0.22513856763715059 0.71171025176653591 -0.14868490322157049 -13.230536052578676 -0.014522314861231853 -0.031515429631289685 -21.985993024534476 1.1210854024570016 0.090638812532411767
leaf_weight=20 36 53 38 36 20 30 21 336 23 36 31 39 20 54 234 30 21 92 22 27 25 123 23 28 26 20 54 2075 37 24 73 23 25 32 20 40 20 35 104 20 502 34 235 34 52 44 20 23 26 24 31 20 841 27 22 84 724 69 23 54 22 38
leaf_count=20 36 53 38 36 20 30 21 336 23 36 31 39 20 54 234 30 21 92 22 27 25 123 23 28 26 20 54 2075 37 24 73 23 25 32 20 40 20 35 104 20 502 34 235 34 52 44 20 23 26 24 31 20 841 27 22 84 724 69 23 54 22 38
internal_value=-0.000953811 -0.000278951 -0.000894763 0.0007458 0.00128328 0.00739788 -0.00105002 -0.00205178 -0.000612361 0.00558376 0.000950003 0.00493047 0.010399 0.00348534 -0.00129932 0.00162949 0.000671857 0.00207698 -0.000119162 0.00158378 0.00258914 0.00182351 0.00535286 -0.000479899 0.00415896 -0.00139758 0.00222672 -0.00240749 0.00168126 -0.000639583 0.000419811 -4.62346e-05 -0.00119186 0.00126629 -0.00164203 -0.00208281 0.00144759 -0.00201007 6.61271e-05 -0.000902873 -0.000368593 -0.000840883 -0.000393067 0.000846121 0.00233789 0.000782997 -0.00157585 -0.00114317 0.00244399 0.000469459 0.00348457 -0.00067086 -0.00214578 0.0015547 -0.00186684 0.000367577 -0.00218922 0.00185215 0.00415896 -0.00230945 0.000118265 0.00281364
internal_weight=6995 4334 2709 1625 1288 66 2617 2661 529 59 1222 79 40 92 337 103 1143 413 730 392 300 273 75 1644 54 470 74 2132 57 1590 543 519 1047 161 886 396 60 973 136 73 708 585 496 241 168 134 255 551 49 198 55 143 952 52 850 106 744 123 54 917 76 82
internal_count=6995 4334 2709 1625 1288 66 2617 2661 529 59 1222 79 40 92 337 103 1143 413 730 392 300 273 75 1644 54 470 74 2132 57 1590 543 519 1047 161 886 396 60 973 136 73 708 585 496 241 168 134 255 551 49 198 55 143 952 52 850 106 744 123 54 917 76 82
is_linear=0
shrinkage=0.03


Tree=118
num_leaves=63
num_cat=0
split_feature=38 50 61 5 25 40 61 2 57 36 58 20 32 3 3 62 22 64 47 66 3 5 37 55 40 66 52 31 24 58 36 57 27 63 64 44 66 18 25 3 60 61 3 54 2 41 30 67 22 44 34 58 58 36 2 20 50 69 59 43 51 1
split_gain=5.61652 2.48732 2.5885 2.29133 3.55819 4.19966 2.32395 2.2867 1.9917 1.7419 1.63911 3.77243 1.63862 2.11849 1.88486 3.37072 1.71117 1.6263 1.58622 1.58019 1.55873 1.55544 1.71383 1.5779 1.42798 1.51543 2.75771 1.49604 1.30323 1.04389 1.8328 2.20924 2.78422 1.5904 1.20111 1.03491 1.17876 1.02756 1.15912 0.919092 0.865572 1.07509 0.812829 0.801177 0.705308 0.685885 0.685095 1.70084 0.664478 1.25218 0.964347 0.811197 1.02789 0.785152 0.74703 0.833893 1.6634 1.32879 0.605766 0.602291 0.57781 0.57612
threshold=14039.687500000002 2563.0416666666674 4011.0000000000005 1.0000000180025095e-35 76.300842500000002 28970.500000000004 229.50000000000003 86.703075000000027 92.500000000000014 11391.500000000002 4863.6875000000009 16.995833333333337 54.216084192899793 55.5321165683253 59.870102863903476 900.54166666666686 2.2000000000000011 1414.5000000000002 221.50000000000003 8445.3125000000018 66.793973993220405 1.5000000000000002 13448.500000000002 8446.5000000000018 48356.000000000007 2514.8333333333335 1482.5000000000002 57.154902932751071 75.839925000000008 3498.291666666667 23818.500000000004 411.50000000000006 14.009072161366939 1570.5000000000002 827.50000000000011 32620.000000000004 3044.8750000000005 22.575000000000006 91.323085000000006 49.451635340714056 441.50000000000006 956.50000000000011 67.542653650195362 1439.4166666666667 83.974107000000018 37323.500000000007 59.507625236460946 115943.00000000001 0.60000000000000042 33535.000000000007 -0.63394700234270462 1626.0208333333337 1508.4375000000002 21497.500000000004 67.815885000000009 18.194791666666671 458.27083333333343 91659.500000000015 4482.5000000000009 32783.500000000007 733.50000000000011 -1.6749999999999996
decision_type=2 2 2 2 2 2 2 2 2 2 2 2 2 2 2 2 2 2 2 2 2 2 2 2 2 2 2 2 2 2 2 2 2 2 2 2 2 2 2 2 2 2 2 2 2 2 2 2 2 2 2 2 2 2 2 2 2 2 2 2 2 2
left_child=3 2 9 4 6 7 -1 -6 20 -2 19 -12 13 60 16 -16 39 -7 -18 61 -3 22 -17 24 25 27 46 -24 -21 35 31 34 -33 -34 -31 42 40 -29 -39 -14 -37 -42 -23 44 -36 -43 -27 -48 51 54 -51 52 53 -41 -50 -56 57 -57 -53 -8 -11 -5
right_child=1 8 -4 10 5 17 59 -9 -10 12 11 -13 14 -15 15 21 18 -19 -20 28 -22 29 23 -25 -26 26 -28 37 -30 30 -32 32 33 -35 43 36 -38 38 -40 48 41 45 -44 -45 -46 -47 47 -49 49 50 -52 58 -54 -55 55 56 -58 -59 -60 -61 -62 -63
leaf_value=3.6787958686993818 5.1121932256686904 8.6844747326339871 -9.4478851112195024 3.6396863826642516 7.2372898873476332 5.2450629307730043 -24.772874291873308 3.6075992524988352 0.28136775762616112 -27.783245054166123 -54.413740616541752 8.4624548813659821 4.7782382134371755 6.0034403501112816 12.196449253654656 3.3304813936959654 2.211891914858457 -7.2043763787644544 -3.5274073150695644 4.9662119223103884 1.0357622978776586 -4.7465157141015055 4.2224285125609882 5.1255669914413069 -0.16658348465036701 -0.025746567531232396 4.2712096583880745 -2.0778536261877196 -1.800910746811208 2.1406087394019249 -0.81111627378966378 1.2509789203425312 -1.0519948167987137 4.1871162789487082 -0.10858203567864629 3.9146783718684754 -0.28312662831832697 -0.33065375290751764 0.27716107479817986 -5.5233181332081935 -0.35911366059977134 -0.0018483027419551943 0.3063684770695379 -0.59439656727566992 5.1260987434856249 4.6960067430039292 3.6095076954563758 -0.34712449114473998 -9.2924246663952026 2.4362630444160733 -0.52745046021164554 -7.5987897980212846 1.296498365501505 0.79836760252072303 -10.734453313545099 0.14246213111877604 -0.2131998630161355 2.9364866379716101 3.2742717468428637 4.7380490372098176 1.9346860093173777 -33.600648675005168
leaf_weight=22 20 20 650 23 22 39 317 20 99 20 64 37 23 21 28 27 26 61 21 20 37 471 27 38 131 44 20 101 23 24 167 33 33 24 23 24 262 49 22 107 30 20 29 125 20 29 24 25 145 27 23 688 23 34 73 32 52 23 20 21 20 2272
leaf_count=22 20 20 650 23 22 39 317 20 99 20 64 37 23 21 28 27 26 61 21 20 37 471 27 38 131 44 20 101 23 24 167 33 33 24 23 24 262 49 22 107 30 20 29 125 20 29 24 25 145 27 23 688 23 34 73 32 52 23 20 21 20 2272
internal_value=-0.000919502 -0.000194619 -0.000344014 -0.00191765 -6.57247e-05 0.00394792 -0.00165787 0.0119002 0.00351698 9.22902e-07 -0.00229757 0.00142433 -5.29731e-05 0.00481178 -0.00014777 0.000468623 -0.00101587 0.00056943 0.00458599 -0.00245969 0.00798599 0.000307886 0.00171817 0.00129703 0.000785375 0.00189362 0.00466843 0.000301355 0.00320186 -0.000235143 0.000935203 0.00241404 0.00629301 0.00220665 0.000577823 -0.000846146 0.000361544 -0.000714701 0.00202532 -0.00122589 0.00308438 0.00151707 -0.00173365 -0.000303392 0.00320186 0.00427699 0.00244898 0.00488798 -0.0013375 -0.000271928 0.00413174 -0.00179223 9.1407e-05 -0.000850461 -0.000959705 0.00031649 0.00201681 0.00566243 -0.00223274 -0.00228039 0.000673316 -0.00256721
internal_weight=6995 4054 3898 2941 502 142 360 42 156 3248 2439 101 3228 61 3167 1850 1317 100 47 2338 57 1822 508 481 443 312 113 199 43 1314 449 282 90 57 192 865 365 172 71 1270 103 79 500 168 43 49 93 49 1247 375 50 872 164 141 325 180 107 55 708 338 40 2295
internal_count=6995 4054 3898 2941 502 142 360 42 156 3248 2439 101 3228 61 3167 1850 1317 100 47 2338 57 1822 508 481 443 312 113 199 43 1314 449 282 90 57 192 865 365 172 71 1270 103 79 500 168 43 49 93 49 1247 375 50 872 164 141 325 180 107 55 708 338 40 2295
is_linear=0
shrinkage=0.03


Tree=119
num_leaves=63
num_cat=0
split_feature=38 4 10 1 5 38 51 1 51 1 23 4 51 45 38 62 4 39 62 36 64 16 52 52 70 26 62 13 53 19 52 19 36 1 58 19 21 61 5 43 52 58 3 21 25 19 67 30 58 54 57 36 52 54 60 65 28 26 51 39 21 12
split_gain=6.47245 2.58764 2.41533 2.94395 3.48988 3.96341 2.89685 2.26257 2.37081 2.25703 7.316 2.07933 2.27152 1.98038 1.78931 1.62815 1.62792 1.52884 1.47876 1.35761 2.77901 1.52129 1.67823 1.5362 1.29794 2.33905 1.26546 1.25414 1.40591 1.24761 1.18349 1.13502 1.0986 1.6139 1.09085 0.931155 1.32986 0.923071 0.91685 1.55971 1.47049 1.41681 3.55975 1.09567 2.18211 1.08011 2.08703 0.867155 0.860025 0.855898 1.07158 0.832181 0.806667 0.980956 2.14117 0.900296 0.913349 0.792042 0.76369 0.738795 0.727841 0.700716
threshold=15248.854166666668 17.500000000000004 0.56392291514228221 16.125000000000004 2.5000000000000004 11154.500000000002 842.50000000000011 3.0250000000000004 1232.5000000000002 6.0750000000000002 47.904905000000007 20.500000000000004 1393.5000000000002 27355.000000000004 30517.645833333336 1059.3333333333335 1.5000000000000002 42881.000000000007 900.54166666666686 13908.500000000002 4000.5000000000005 2205.5000000000005 734.50000000000011 657.50000000000011 134795.29166666672 69.609501833333354 1845.729166666667 101298.00000000001 1985.0000000000002 24.025000000000002 1691.5000000000002 24.225000000000005 10842.500000000002 18.975000000000005 2646.729166666667 27.125000000000004 2.9570043194582527 622.50000000000011 2.5000000000000004 31778.500000000004 1737.5000000000002 2569.541666666667 62.397218077148104 3.2668650347706252 73.402207000000018 2.1250000000000004 109701.00000000001 63.189451080680989 3599.5416666666674 2057.2500000000005 84.500000000000014 25132.000000000004 849.50000000000011 1137.916666666667 695.50000000000011 5278.0000000000009 0.33780599999999344 83.39921479166668 681.50000000000011 31580.500000000004 3.7819026412339771 131125.50000000003
decision_type=2 2 2 2 2 2 2 2 2 2 2 2 2 2 2 2 2 2 2 2 2 2 2 2 2 2 2 2 2 2 2 2 2 2 2 2 2 2 2 2 2 2 2 2 2 2 2 2 2 2 2 2 2 2 2 2 2 2 2 2 2 2
left_child=2 14 9 13 5 -5 -7 8 -3 10 -1 -10 -13 -4 18 -6 -12 32 -2 20 -20 24 23 -23 38 -26 -24 29 -29 34 -16 -30 -8 -34 -28 -33 -37 -36 39 -21 52 45 -43 48 -45 -41 -47 -14 51 -15 -51 -44 -40 54 -54 -56 -57 -55 -17 -18 -46 -32
right_child=1 7 3 4 15 6 17 -9 11 -11 16 12 47 49 30 58 59 -19 19 21 -22 22 26 -25 25 -27 27 28 31 -31 61 35 33 -35 37 36 -38 -39 40 41 -42 42 43 44 60 46 -48 -49 -50 50 -52 -53 53 57 55 56 -58 -59 -60 -61 -62 -63
leaf_value=5.8466915654492526 9.5902612638718718 -6.1720190925615297 3.1137058153425263 -30.270787781954368 7.6468417606040147 10.706742145475525 7.1186445666518807 -26.671778651636725 -0.056777543281044417 -32.817769646260885 12.363228222396904 2.6021811385506788 3.3225872947298796 -16.037523706488038 -1.9721712983605171 2.3547599256570999 3.8392684555018568 -0.33758322654179423 0.36663933082252531 -10.908250499791546 3.0294675936100242 0.22799346495923009 -1.767558478258362 3.107689386887734 -0.15127293099538394 1.8766122683486934 3.3480435620589049 -0.20484199435761624 3.8082844577512902 1.0514530845876426 8.9011316370597307 -0.32748911341727349 -0.044860211499916397 4.2700035962542344 0.26230715270440702 -1.4811289205337252 1.1455173392241618 0.03710333401923456 -6.9527474924852966 -0.85155648133960271 -10.91073537929223 6.1459357676158737 0.15778465569754282 6.5232315228622939 0.085123581045557922 5.7501178439546123 -0.16896408436063476 -1.2647709151274515 -0.53500025076155033 -2.8013037371129847 17.733493478184734 1.0917485204882669 2.6393196511857493 0.1062469444646874 -6.591585321346229 4.633518354428273 -0.2288961139459397 -10.087938345423067 -15.894571920355393 -10.593725362051986 -0.84190048683893515 1.2038025528006542
leaf_weight=29 29 123 24 45 33 24 20 585 53 2141 34 20 21 769 21 27 26 23 61 144 28 28 127 20 24 22 30 166 25 25 21 28 30 33 20 31 21 101 234 157 256 22 36 20 32 22 43 22 86 27 20 22 20 337 50 20 21 79 153 244 20 20
leaf_count=29 29 123 24 45 33 24 20 585 53 2141 34 20 21 769 21 27 26 23 61 144 28 28 127 20 24 22 30 166 25 25 21 28 30 33 20 31 21 101 234 157 256 22 36 20 32 22 43 22 86 27 20 22 20 337 50 20 21 79 153 244 20 20
internal_value=-0.000833727 0.000133005 -0.00169444 -0.000603372 0.00155372 0.00469446 0.00735588 -0.00132144 0.00112923 -0.00223475 5.40371e-05 0.00421189 0.00789223 -0.00160338 0.000619658 -0.00101361 -0.00131207 0.00517436 0.000488554 0.000404944 0.0040404 0.000262111 0.00152869 0.00692308 -0.000208746 0.00475054 0.00107124 0.00182509 0.000531169 0.00379898 0.00565217 0.00325404 0.00707581 0.00503962 0.00273991 0.00146067 0.00385796 0.00143683 -0.000351614 0.000571097 -0.000902567 0.00142795 0.00303654 0.00184637 0.00486824 -0.000283657 0.00294931 0.00389791 0.000312282 -0.00185639 0.00203822 0.00314974 -0.000236501 0.000409789 0.00291629 0.000922063 0.00423358 -0.000252344 -0.00214881 -0.00209922 0.0015547 0.00861314
internal_weight=6995 3293 3702 1228 388 175 130 824 239 2474 333 116 63 840 2469 213 304 106 2407 2378 89 2289 622 48 1667 46 574 447 271 176 62 105 83 63 151 80 52 121 1621 604 1017 460 238 216 72 222 65 43 144 816 47 58 761 527 111 91 41 416 180 270 52 41
internal_count=6995 3293 3702 1228 388 175 130 824 239 2474 333 116 63 840 2469 213 304 106 2407 2378 89 2289 622 48 1667 46 574 447 271 176 62 105 83 63 151 80 52 121 1621 604 1017 460 238 216 72 222 65 43 144 816 47 58 761 527 111 91 41 416 180 270 52 41
is_linear=0
shrinkage=0.03


Tree=120
num_leaves=63
num_cat=0
split_feature=38 5 38 12 44 10 44 2 1 51 21 16 68 41 45 46 45 44 66 5 64 12 58 42 28 63 55 53 42 63 60 29 9 16 56 45 38 48 14 1 19 50 57 62 54 36 12 54 47 24 10 62 1 15 66 54 50 56 61 21 58 58
split_gain=5.90941 2.38662 2.69463 6.05102 2.76687 2.3284 2.44392 2.08886 1.92849 2.64861 2.4584 2.2584 2.20697 3.47857 1.87916 2.27982 1.82663 1.78792 1.63636 1.6169 2.0096 1.53662 1.41268 2.84035 1.36779 1.44781 1.25475 1.24824 1.62228 2.51933 1.30335 1.18396 1.16797 1.34719 1.11276 1.68544 1.36342 1.49288 1.10298 1.06285 2.18797 1.00981 1.45739 0.991062 0.949465 2.31268 0.924348 0.874101 0.871807 1.01247 0.852349 0.812655 0.765235 0.756467 0.88827 1.06397 0.861718 0.740857 0.725251 0.752991 0.672 0.663971
threshold=14039.687500000002 1.0000000180025095e-35 11226.833333333334 76576.000000000015 27744.500000000004 0.74305326206722599 31523.500000000004 82.226833000000013 0.87500000000000011 818.50000000000011 2.276717214927038 -177.49999999999997 81482.000000000015 34791.500000000007 33816.500000000007 31872.166666666672 31720.500000000004 32531.500000000004 8492.9375000000018 2.5000000000000004 173.50000000000003 73431.500000000015 4863.6875000000009 33906.479166666679 2.8817179999999998 3700.5000000000005 10697.500000000002 1994.5000000000002 43921.625000000007 4473.5000000000009 937.50000000000011 59.732221208782086 1.0000000180025095e-35 -4063.4999999999995 3077.5000000000005 29212.500000000004 16038.708333333336 191.50000000000003 107221.31250000001 22.375000000000004 19.975000000000005 338.62500000000006 268.00000000000006 1659.416666666667 2045.6250000000002 10556.000000000002 121938.00000000001 1843.666666666667 187.50000000000003 58.613870000000006 0.87900005428953576 2479.6875000000005 -11.074999999999998 12162.307908044948 1792.7916666666667 1873.7083333333337 1121.8958333333335 2.5000000000000004 727.50000000000011 1.3731266739992116 3800.7291666666674 4680.229166666667
decision_type=2 2 2 2 2 2 2 2 2 2 2 2 2 2 2 2 2 2 2 2 2 2 2 2 2 2 2 2 2 2 2 2 2 2 2 2 2 2 2 2 2 2 2 2 2 2 2 2 2 2 2 2 2 2 2 2 2 2 2 2 2 2
left_child=1 2 -1 4 -4 8 41 14 9 52 11 31 13 -10 15 38 47 -17 22 20 -14 -6 44 -24 25 -13 34 28 29 30 -19 -11 -21 -34 35 -22 -37 -38 -8 57 -41 42 -7 -16 -3 -46 58 -5 -12 -50 -47 53 -2 -39 55 -55 -57 -9 59 -33 -58 -35
right_child=5 18 3 16 21 6 7 39 12 10 48 24 19 -15 43 17 -18 27 -20 32 26 -23 23 -25 -26 -27 -28 -29 -30 -31 -32 46 33 61 -36 36 37 51 -40 40 -42 -43 -44 -45 45 50 -48 -49 49 -51 -52 -53 -54 54 -56 56 60 -59 -60 -61 -62 -63
leaf_value=-42.517464884951728 7.1562399561649928 -32.345280759786256 -0.10606076523209913 -21.118842931707704 7.8097229163953381 -2.8895596616158041 0.37753676320177404 1.7022303434851964 -12.823262609981473 5.961543714938454 0.19756865371737983 3.2350444662663338 2.7370937232277464 4.474539116485615 3.7031269723185747 -0.3082145276634975 5.8606297062569039 1.8366869394357141 3.6281666822641427 -23.285425666616913 4.9987953148106588 4.1544983358176237 -27.232795534163348 9.0880638729854013 7.0019336782152353 0.71134330103704035 5.2071174715429391 1.0032490038396176 -0.04129022134948316 -0.60784423328503445 2.9265773238246826 -0.56503400285350891 3.1137610894627747 -2.2565792467960781 -11.170956888868613 -11.076083487577471 4.2016594864918986 -13.456830381842597 1.0729866467067044 5.2156852825009601 0.01279741710320271 -4.9868706105669975 3.0734850892619492 1.0296762237207839 13.052613287979568 -46.48264233089936 1.4164566098368612 1.702116721451727 2.6838509077907409 -3.7092574094210664 9.340780244474173 -2.4635076067972608 -7.9109280993980811 -0.32851026510245052 2.170214045341317 -1.7073157425270475 5.7925388903177071 -0.18456342084416619 -0.74344263323374637 1.1272017303624586 0.33716840281989691 0.72866235864015527
leaf_weight=209 20 2152 24 152 23 30 21 37 43 20 21 31 23 26 23 91 34 24 39 706 38 29 71 30 27 43 37 26 108 39 20 21 27 444 386 161 28 56 23 23 75 176 32 20 23 101 21 31 38 133 23 55 299 66 26 32 23 244 77 30 22 62
leaf_count=209 20 2152 24 152 23 30 21 37 43 20 21 31 23 26 23 91 34 24 39 706 38 29 71 30 27 43 37 26 108 39 20 21 27 444 386 161 28 56 23 23 75 176 32 20 23 101 21 31 38 133 23 55 299 66 26 32 23 244 77 30 22 62
internal_value=-0.000812284 -0.00183605 4.18236e-05 0.00190379 0.00918528 -6.88199e-05 0.00117676 0.00199587 -0.000484206 0.000798873 0.00225276 0.00409848 -0.000928752 0.00434153 0.00352316 0.00278614 -0.000635652 0.00185979 -0.00222377 -0.00109621 -0.000163677 0.013071 -0.00232365 0.0011276 0.00765579 0.00546559 -0.00038383 0.00334408 0.00248038 0.00563177 0.0105442 0.00195151 -0.00181099 -0.000742826 -0.000611354 0.000307631 -0.000179067 0.000983446 0.00918367 0.000395673 0.00308868 -0.00147417 0.00178744 0.00946636 -0.00247662 -0.000122366 0.00100604 -0.00183506 -0.000327955 -0.00105202 -0.00176471 0.000310603 -0.0012974 0.0011195 0.00212892 0.001174 0.00357977 -0.000533619 2.34185e-05 0.002818 0.00625277 -0.00109662
internal_weight=6995 2941 502 293 76 4054 1012 774 3042 781 462 270 2261 69 395 352 217 308 2439 2192 953 52 2400 101 101 74 930 217 191 83 44 169 1239 533 893 507 469 308 44 379 98 238 62 43 2299 147 149 183 192 171 124 280 319 225 169 143 77 281 128 51 45 506
internal_count=6995 2941 502 293 76 4054 1012 774 3042 781 462 270 2261 69 395 352 217 308 2439 2192 953 52 2400 101 101 74 930 217 191 83 44 169 1239 533 893 507 469 308 44 379 98 238 62 43 2299 147 149 183 192 171 124 280 319 225 169 143 77 281 128 51 45 506
is_linear=0
shrinkage=0.03


Tree=121
num_leaves=63
num_cat=0
split_feature=70 4 0 64 5 66 17 10 17 26 15 4 52 52 64 31 3 21 64 0 54 63 24 62 21 43 1 2 52 70 48 58 52 27 40 34 22 0 60 61 28 66 53 11 67 53 32 12 2 65 34 34 29 59 54 36 17 58 33 1 30 44
split_gain=4.90797 2.57198 2.42327 2.69141 2.33117 2.81345 4.29492 2.53121 2.87827 2.93301 3.5071 2.78798 2.52478 1.92605 5.37816 1.76281 1.71838 1.70083 1.47198 1.84483 1.61519 2.09052 1.46787 1.62071 1.42356 2.25696 1.41038 1.26888 1.26268 1.15768 1.1016 1.06522 1.08693 1.0288 1.77073 1.00832 0.978664 0.940133 0.934392 1.37585 1.48234 0.918218 1.74123 1.42684 0.891257 0.788297 1.3815 0.769621 0.76757 1.64354 0.752684 0.728147 0.643739 0.628783 0.62811 1.8753 1.03603 0.652959 2.76144 0.607325 1.58388 0.605278
threshold=101623.62500000001 18.500000000000004 123243.00000000001 2150.5000000000005 2.5000000000000004 7731.3750000000009 1.4750000000000003 0.35201941816566318 17.575000000000006 84.729747375000017 7594.4699308155114 15.500000000000002 1133.5000000000002 2138.5000000000005 3881.0000000000005 65.611487402068732 63.189451080680989 1.5514856339132252 1181.5000000000002 83340.500000000015 1413.6250000000002 1008.5000000000001 64.430105000000012 1795.5833333333337 2.8477421577789044 32295.500000000004 -3.4749999999999996 75.727855000000019 1719.5000000000002 79450.625000000015 212.50000000000003 4427.979166666667 1426.5000000000002 16.308047289794079 36677.000000000007 -0.81027045088389815 -0.32499999999999923 87334.500000000015 870.50000000000011 622.50000000000011 -4.1575699999999989 5683.604166666667 1315.5000000000002 108622.50000000001 144947.00000000003 836.50000000000011 57.503574033244199 107765.50000000001 89.546590000000023 2064.0000000000005 0.3355176445290376 -0.95027462788891615 63.407095867975777 131.50000000000003 2045.6250000000002 10556.000000000002 13.375000000000002 1626.0208333333337 2.7456389481002508 8.3250000000000011 60.550043389035935 33600.500000000007
decision_type=2 2 2 2 2 2 2 2 2 2 2 2 2 2 2 2 2 2 2 2 2 2 2 2 2 2 2 2 2 2 2 2 2 2 2 2 2 2 2 2 2 2 2 2 2 2 2 2 2 2 2 2 2 2 2 2 2 2 2 2 2 2
left_child=4 2 15 44 7 53 -7 13 9 29 -11 12 30 48 -15 18 -5 -18 20 -20 21 -2 23 -19 25 -22 47 -27 31 -9 -10 41 35 45 -35 -33 -29 -8 39 -26 -41 -21 43 -43 -4 46 51 -3 59 -50 -14 -31 -45 -6 57 -56 -57 58 -55 60 -1 -28
right_child=1 26 3 16 5 6 37 8 11 10 -12 -13 50 14 -16 -17 17 22 19 28 24 -23 -24 -25 38 27 61 36 -30 33 -32 32 -34 34 -36 -37 -38 -39 -40 40 -42 42 -44 52 -46 -47 -48 -49 49 -51 -52 -53 -54 54 55 56 -58 -59 -60 -61 -62 -63
leaf_value=-6.3480071033011702 1.4635294500430962 1.361459800244796 -0.16149783016846744 5.3660425161267602 0.23588518185570426 5.6833989055915053 -9.0563068279785259 2.5474047023587052 3.6549608935867912 10.025615298424505 -1.2055587168685213 -1.5641283425301944 1.5627330477035499 -26.81782174925543 5.5090248361556844 -2.6393955569729206 6.5923088991593168 -0.073747366389788016 3.6590210130167775 -0.11637735254927684 0.69624669980821963 0.054495712901138152 -0.42234047342251624 6.79394489820411 -0.21321043293834563 2.1822786006699824 -27.450985797952679 2.0773217869605118 -5.6270967535096323 2.5887580952272371 6.0703039255896183 1.1244391747265463 3.3796325663495703 5.4393012504899882 -19.205232216249659 -0.2368738857630108 -1.0523590517314645 3.0498540087912507 -7.9399882537279547 -0.11427481697585405 4.5301944891117518 -14.123085210786465 1.4148814383406647 4.3709867507348719 1.8039928728115326 -11.64966798886269 5.1505112079005242 0.0048869204219147066 4.0783696237589266 -10.540484351378007 -0.39715673370564114 -15.149251391259092 0.10603443540768825 -20.334934993651753 12.661034889340156 11.442042853202675 -44.334327876350933 -30.162808092009712 3.9173612081519655 -28.465915350181223 4.5983998423814612 1.0311290911174829
leaf_weight=161 20 26 159 21 20 33 81 25 25 20 20 75 32 63 20 343 24 21 32 684 20 33 52 33 56 20 439 26 173 22 31 37 34 32 30 56 47 32 80 28 40 108 32 37 28 303 20 69 22 69 24 96 26 155 23 20 123 1815 27 688 26 58
leaf_count=161 20 26 159 21 20 33 81 25 25 20 20 75 32 63 20 343 24 21 32 684 20 33 52 33 56 20 439 26 173 22 31 37 34 32 30 56 47 32 80 28 40 108 32 37 28 303 20 69 22 69 24 96 26 155 23 20 123 1815 27 688 26 58
internal_value=-0.000820861 0.000133118 0.000593365 0.002937 -0.00148218 -0.00210983 0.00190965 -0.000670141 0.000651569 -0.000406619 0.00740648 0.00388028 0.00687779 -0.00162425 0.00274368 0.000181667 0.00591661 0.00458878 0.000604115 9.84326e-05 0.00226155 0.00711864 0.00291235 0.00637708 0.00143803 0.00413793 -0.00162642 0.00212674 -9.09787e-05 -0.00100549 0.0113904 0.00031062 0.00287962 -0.00132379 0.00227053 0.00116004 0.000246237 -0.000848807 -4.40967e-05 0.00157131 0.00444934 -5.41096e-05 0.00171344 0.00049094 0.000513094 -0.00183632 2.17227e-05 0.00170347 -0.0020029 0.000592754 0.00229946 -0.0011939 0.00408875 -0.0023801 -0.00242985 -0.00063215 -0.00192872 -0.00257774 -0.000840198 -0.00227631 -0.000737574 -0.00226916
internal_weight=6995 2862 2270 338 4133 2329 146 1804 755 568 40 187 112 1049 83 1932 151 130 1589 1219 370 53 106 54 317 113 592 93 1187 528 56 1014 127 503 62 93 73 113 204 124 68 887 203 171 187 441 138 95 966 91 56 118 63 2183 2163 166 143 1997 182 875 187 497
internal_count=6995 2862 2270 338 4133 2329 146 1804 755 568 40 187 112 1049 83 1932 151 130 1589 1219 370 53 106 54 317 113 592 93 1187 528 56 1014 127 503 62 93 73 113 204 124 68 887 203 171 187 441 138 95 966 91 56 118 63 2183 2163 166 143 1997 182 875 187 497
is_linear=0
shrinkage=0.03


Tree=122
num_leaves=63
num_cat=0
split_feature=38 10 17 24 58 20 50 22 46 62 42 66 48 58 33 38 23 16 51 29 51 54 22 55 3 30 37 49 16 32 3 62 65 66 26 20 44 43 20 1 53 57 49 31 52 50 42 66 31 48 50 20 25 57 64 4 56 3 66 52 65 33
split_gain=5.63653 4.22816 4.25883 4.03214 3.82061 2.06885 3.29736 3.93206 2.87208 2.7997 3.40855 3.46821 2.50887 2.22316 3.03612 2.12847 2.04509 2.25604 2.00497 1.90121 1.88091 1.87723 2.38557 1.52438 1.4339 1.89829 1.3393 1.2441 1.24154 1.27064 3.01785 1.20505 1.07775 0.998868 0.978691 0.920488 0.881348 0.947947 2.01845 1.61612 0.878192 1.6125 1.10103 0.843504 0.824924 0.951925 1.03552 0.820116 0.800114 0.794318 0.793852 1.64698 0.720054 1.27733 0.708457 0.675117 1.08082 0.672275 0.648366 0.6434 1.51342 0.632338
threshold=10983.22916666667 0.35201941816566318 1.4750000000000003 49.471368000000005 4863.6875000000009 14.759375000000002 220.97916666666671 1.3000000000000005 32630.958333333339 1146.4791666666667 42397.083333333336 2545.4791666666674 145.50000000000003 2041.7291666666667 1.9374445927077437 14656.395833333334 75.611508000000015 4230.0000000000009 822.50000000000011 66.260735804484895 818.50000000000011 1408.6458333333337 1.6000000000000005 5249.5000000000009 59.035069435353499 60.988770015193857 12313.500000000002 85.500000000000014 -140.99999999999997 63.77420220995122 62.327032901371162 1133.4791666666667 4728.0000000000009 8492.9375000000018 72.699550020833343 27.865625000000005 31809.500000000004 32313.500000000004 25.230208333333341 21.475000000000005 1405.5000000000002 20.500000000000004 2211.5000000000005 54.641001373358286 698.50000000000011 369.95833333333343 42050.291666666679 2487.0000000000005 64.825221352839989 1446.5000000000002 389.60416666666669 25.167708333333341 53.56265650000001 9983.5000000000018 1237.0000000000002 10.500000000000002 1.0000000180025095e-35 64.960454725833117 5595.3750000000009 1163.5000000000002 1260.0000000000002 2.7016437406993354
decision_type=2 2 2 2 2 2 2 2 2 2 2 2 2 2 2 2 2 2 2 2 2 2 2 2 2 2 2 2 2 2 2 2 2 2 2 2 2 2 2 2 2 2 2 2 2 2 2 2 2 2 2 2 2 2 2 2 2 2 2 2 2 2
left_child=-1 2 3 -2 5 8 7 26 33 10 11 -8 -12 14 -11 -15 17 23 57 35 -6 22 50 31 -22 -26 -7 -23 44 30 34 -10 40 54 -30 52 -29 38 39 -38 41 -21 47 -33 -20 46 -46 -42 -47 -31 -17 -52 -4 61 -3 -18 -57 -5 -58 60 -39 -54
right_child=1 4 19 18 20 6 9 -9 16 13 12 -13 -14 15 -16 21 55 -19 28 32 24 27 -24 -25 25 -27 -28 36 29 49 -32 43 -34 -35 -36 -37 37 59 -40 -41 42 -43 -44 -45 45 48 -48 -49 -50 -51 51 -53 53 -55 -56 56 58 -59 -60 -61 -62 -63
leaf_value=-74.325121417981308 5.8086397878485228 1.7627488978705188 -34.903259376058713 -8.0348736993424019 9.1744470961877109 5.4301907529357543 -4.0467501670599821 6.9471668308110628 3.2748548840286427 1.4825195525959687 1.8271463913481527 7.4513035527827576 12.556514786139799 -12.771366656036522 4.5953274319956954 -1.7381074341350411 -5.5819444598411536 6.0562908831666604 -3.3491873680524784 -0.048088245955129942 0.051908561422133431 4.5054948388691898 2.8915615856176302 5.4521333258839206 3.8888210969704091 0.43754556316596438 -1.4091399819835346 -0.89333445456469152 -5.4183564858158446 -0.16912992420142201 11.31008689714618 0.60898124941093768 2.2113070035805396 3.4147657867133021 2.3268403256460801 3.5327000155259389 0.27591058621437931 2.7596202508494705 -0.27740307763831618 4.0484346506269011 -5.3056730188176955 2.6560351821461996 6.148691836638144 -1.5064065305931935 -0.19116926003891671 -0.47459556687497967 4.1331703753665368 0.4774837324999277 1.5911747579964779 2.92573361364289 0.88742888892862948 -0.17131492279123686 -16.687019595162031 4.583022410435972 -10.125195096241127 3.2991679326362333 -0.89565832935796141 7.0022705098710265 0.20312378750258847 -0.14048660627025703 -0.67914581503798843 -9.9862764407073445
leaf_weight=980 21 26 681 232 24 21 69 21 20 43 24 38 22 285 25 31 75 23 45 28 59 20 25 36 23 25 27 170 20 27 29 26 20 26 31 27 20 24 62 24 186 20 25 69 22 127 35 20 20 23 23 22 1079 20 649 21 95 23 27 264 21 749
leaf_count=980 21 26 681 232 24 21 69 21 20 43 24 38 22 285 25 31 75 23 45 28 59 20 25 36 23 25 27 170 20 27 29 26 20 26 31 27 20 24 62 24 186 20 25 69 22 127 35 20 20 23 23 22 1079 20 649 21 95 23 27 264 21 749
internal_value=-0.00082515 -0.000480791 -0.00115296 0.0010258 0.000459861 0.000183227 0.00100226 0.00738061 -0.000773946 0.000636085 0.00442848 0.00145658 0.0112581 8.49771e-05 0.0053304 -0.000272425 0.00127773 0.00370477 0.000591389 -0.00165388 0.00544622 0.000607562 0.00439169 0.00234282 0.00369748 0.00754678 0.00255717 -1.98321e-05 0.00197837 0.00435819 0.00670412 0.000625542 0.000601805 -0.00192555 0.00223092 -0.00191894 -0.000276876 0.000462538 0.00291235 0.00782313 0.000107488 0.00380457 -0.00064907 -0.000757099 0.000722601 0.00154336 0.00483362 -0.00138282 0.000244731 0.000538921 0.00169514 0.00425721 -0.00197857 -0.00166712 -0.00215079 -0.000646493 0.000545073 -0.00145825 -0.000515971 -0.000368813 0.00292683 -0.001751
internal_weight=6995 6015 3510 655 2505 2374 1281 69 1093 1212 153 107 46 1059 68 991 392 174 634 2855 131 706 101 151 107 48 48 605 379 130 80 115 299 701 51 2556 585 415 106 44 279 48 231 95 249 204 57 206 147 50 76 45 2529 1848 675 218 143 255 122 309 45 1828
internal_count=6995 6015 3510 655 2505 2374 1281 69 1093 1212 153 107 46 1059 68 991 392 174 634 2855 131 706 101 151 107 48 48 605 379 130 80 115 299 701 51 2556 585 415 106 44 279 48 231 95 249 204 57 206 147 50 76 45 2529 1848 675 218 143 255 122 309 45 1828
is_linear=0
shrinkage=0.03


Tree=123
num_leaves=63
num_cat=0
split_feature=44 6 39 62 52 33 60 42 18 17 25 20 7 15 33 62 15 22 29 14 23 54 40 63 40 52 29 17 39 40 10 21 25 8 64 41 12 27 18 37 64 27 24 12 51 24 51 31 62 0 57 52 62 4 24 23 24 47 15 16 43 48
split_gain=3.86918 2.62745 2.02745 1.99476 1.98067 1.79087 1.78328 2.25484 2.08389 1.72727 1.67836 2.37371 3.91733 8.46983 2.80081 2.41406 3.43746 3.38564 2.73585 3.0305 1.74858 1.58713 1.51304 2.33637 1.69861 1.50842 1.47876 2.28516 1.34145 1.24483 1.25111 1.16569 1.13761 1.09205 2.08214 2.00198 2.98821 1.82223 2.48573 1.27301 1.10854 1.07269 1.03157 1.25145 2.20822 1.27446 1.19261 1.07989 1.02168 1.0163 0.95371 1.07062 0.911754 0.782867 1.08244 1.06666 0.772658 1.40709 0.729725 0.590197 0.887618 0.584407
threshold=32009.500000000004 7.5000000000000009 67774.500000000015 900.54166666666686 812.50000000000011 1.9207672081072118 2093.0000000000005 36776.208333333336 29.575000000000006 3.0250000000000004 53.798578000000006 16.934375000000003 2.5000000000000004 4183.6861239567615 4.6936990184090268 1146.4791666666667 9455.7009116510926 -0.54999999999999793 55.863231587942884 92288.750000000015 41.053168500000005 1124.4583333333337 39871.000000000007 1755.5000000000002 35862.500000000007 1320.5000000000002 67.748846923452206 23.725000000000005 60495.000000000007 40222.000000000007 0.87900005428953576 1.3538784410014537 74.272800000000004 1.0000000180025095e-35 3752.5000000000005 34466.000000000007 79923.000000000015 11.781532764944286 20.275000000000002 16090.000000000002 4802.0000000000009 15.562855274498837 62.722511500000003 93642.500000000015 1194.5000000000002 89.546590000000023 1894.5000000000002 60.678510248335847 2024.979166666667 84590.000000000015 55.500000000000007 1418.5000000000002 1815.8958333333335 1.5000000000000002 74.122065000000006 75.730885000000015 85.285190000000014 729.50000000000011 5723.4805197723572 3984.0000000000005 31607.500000000004 179.50000000000003
decision_type=2 2 2 2 2 2 2 2 2 2 2 2 2 2 2 2 2 2 2 2 2 2 2 2 2 2 2 2 2 2 2 2 2 2 2 2 2 2 2 2 2 2 2 2 2 2 2 2 2 2 2 2 2 2 2 2 2 2 2 2 2 2
left_child=10 2 3 -2 -3 -4 7 -5 21 28 -1 12 13 -12 15 16 -13 -18 -19 41 -14 29 23 -23 49 33 42 -28 53 -9 31 -31 -26 34 37 -36 -37 38 -17 -35 -38 -20 50 44 -44 -46 -45 -48 -6 -25 -24 -52 -15 54 -8 -56 57 -49 -53 -27 -61 -11
right_child=1 4 5 6 48 -7 9 8 -10 61 11 14 20 52 -16 25 17 18 19 -21 -22 22 26 24 32 59 27 -29 -30 30 -32 -33 -34 39 35 36 40 -39 -40 -41 -42 -43 43 46 45 -47 47 56 -50 -51 51 58 -54 -55 55 -57 -58 -59 -60 60 -62 -63
leaf_value=-25.762117315941641 10.167622408996692 2.168688507001781 -0.15650955934686667 6.8797696827949322 -18.86765531633619 7.954222212835357 -0.38213998896648677 -11.933290731972962 3.6750551687196586 6.344936635325956 5.6764696643265511 -18.752097702901345 4.0891813371089736 4.058291420443898 5.715569242044241 4.4679410904470567 -3.1889428700069749 3.0840323261736775 12.88210254848819 0.65766011749163744 -19.662205442339861 -0.24215124259187709 7.2205055724415779 1.3718157950780692 0.26543920005832139 -16.065416401436355 0.51293628880713771 -0.019680932713903889 7.6716529639008471 2.8881009587799054 1.2769869923225512 -0.40697376777819533 4.9335684698402718 -5.0936850408137406 -4.2059764896651926 5.6275183095087202 5.9345083702723924 -4.3555799383055867 -5.4009977843580463 1.3864130696705341 -0.41983543564795295 5.1826511733644622 -8.4530739747118773 -0.37299202405442128 3.6965641695559777 0.066000350724814166 2.6173391569948796 3.3717555466666291 3.3082616052719147 -0.21259931002923754 3.3675575422387589 2.4630061934070517 -32.708086090005395 -0.11750921882123541 4.672593311330818 1.0609938121522398 -1.3072854125839224 -0.52381360688066325 -2.9255183642253746 -8.0787496391327807 0.40742408636635469 -27.854124279407767
leaf_weight=856 34 20 23 38 506 33 27 239 32 21 29 79 23 20 22 25 55 30 20 26 1643 58 20 20 20 450 26 37 22 46 39 278 34 172 48 23 20 196 20 29 32 20 36 397 27 33 31 20 20 25 28 28 65 249 22 22 42 34 42 22 20 421
leaf_count=856 34 20 23 38 506 33 27 239 32 21 29 79 23 20 22 25 55 30 20 26 1643 58 20 20 20 450 26 37 22 46 39 278 34 172 48 23 20 196 20 29 32 20 36 397 27 33 31 20 20 25 28 28 65 249 22 22 42 34 42 22 20 421
internal_value=-0.000812284 -8.85288e-06 0.000401341 0.000270822 -0.00189526 0.00604278 0.000167764 0.00073431 0.000559637 -0.00100625 -0.00143266 -0.00110518 -0.00181844 0.00354952 -0.000132916 -0.000316992 0.00246415 0.00512243 0.00852237 0.0119365 -0.00218774 0.000401897 0.00116167 0.00385741 0.00665994 -0.000925173 0.000629134 0.00503962 0.000587547 -0.000802193 0.000297438 -0.000305462 0.0102588 0.00012741 0.00111233 0.0042892 0.0073502 -0.00049772 0.00492239 -0.00164098 0.00328215 0.0171322 0.000247933 -0.000237059 0.00290323 0.00643927 -0.000818547 0.00169945 -0.00225242 0.00226164 0.00281964 0.00155963 -0.00119859 8.43479e-05 0.0028692 0.00578231 9.36517e-05 0.00249538 -0.000385165 -0.00213981 0.0012114 -0.0022461
internal_weight=6995 3050 2504 2448 546 56 2414 1630 1592 784 3945 3089 1780 114 1309 1287 230 151 96 66 1666 1560 958 157 99 1057 801 63 342 602 363 324 54 565 364 123 75 241 45 201 52 40 738 620 96 60 524 127 526 45 118 98 85 320 71 44 96 54 70 492 42 442
internal_count=6995 3050 2504 2448 546 56 2414 1630 1592 784 3945 3089 1780 114 1309 1287 230 151 96 66 1666 1560 958 157 99 1057 801 63 342 602 363 324 54 565 364 123 75 241 45 201 52 40 738 620 96 60 524 127 526 45 118 98 85 320 71 44 96 54 70 492 42 442
is_linear=0
shrinkage=0.03


Tree=124
num_leaves=63
num_cat=0
split_feature=38 5 25 70 70 70 49 45 17 44 37 54 10 63 14 10 70 48 45 19 62 7 1 29 58 32 54 31 20 35 45 46 62 22 62 15 66 35 16 42 32 46 14 42 13 16 25 57 67 3 35 28 70 1 66 66 29 66 7 20 64 64
split_gain=5.47407 4.25868 3.19664 3.31436 2.83302 4.23875 6.49106 2.36396 2.31838 2.29782 4.77642 2.51978 2.48083 2.32892 2.16874 1.86778 1.86126 1.73043 2.14236 1.65734 1.60314 1.49275 1.36512 1.38571 1.25497 1.35961 1.21806 1.34382 1.21045 3.45553 1.39931 1.80432 1.29858 1.07384 1.06439 1.34118 1.06298 1.00019 1.33979 2.00332 1.22352 1.50007 1.05214 1.34435 0.983666 0.918697 0.914923 1.29535 0.913687 1.06244 0.880287 0.86796 0.864311 0.852596 0.843045 0.84267 1.43701 0.812295 0.810322 1.52961 1.43714 3.38377
threshold=10983.22916666667 2.5000000000000004 68.535995000000014 79450.625000000015 89338.166666666672 90623.520833333343 208.50000000000003 27355.000000000004 12.675000000000002 29764.500000000004 13246.500000000002 2080.5833333333339 1.0000000180025095e-35 1755.5000000000002 96794.916666666686 1.0000000180025095e-35 101902.93750000001 203.50000000000003 29910.500000000004 16.125000000000004 1059.3333333333335 5.5000000000000009 0.87500000000000011 55.581439951662212 4039.0625000000005 66.551783488466739 1439.4166666666667 59.771302579959368 4.7468750000000011 13761.500000000002 32610.500000000004 32862.250000000007 1988.3958333333337 0.92500000000000082 1209.3333333333335 6387.8015661321451 7512.5833333333348 18584.500000000004 -2348.4999999999995 48755.916666666679 63.716072248466766 32315.770833333336 119746.89583333336 55585.937500000007 114851.50000000001 630.00000000000011 59.891283000000008 8.5000000000000018 118767.00000000001 66.365517971143419 28912.500000000004 -0.6579554999999998 92380.791666666686 20.275000000000002 2545.4791666666674 2487.0000000000005 58.829333957138523 4237.0625000000009 8.5000000000000018 23.586458333333336 6555.0000000000009 7360.0000000000009
decision_type=2 2 2 2 2 2 2 2 2 2 2 2 2 2 2 2 2 2 2 2 2 2 2 2 2 2 2 2 2 2 2 2 2 2 2 2 2 2 2 2 2 2 2 2 2 2 2 2 2 2 2 2 2 2 2 2 2 2 2 2 2 2
left_child=-1 2 28 -4 -3 6 -6 -5 -8 11 12 -9 -11 -14 -12 22 -16 -15 33 -13 45 -18 23 -7 25 58 27 -26 29 -2 46 32 -32 -19 35 -23 54 53 39 -39 -41 44 -40 -44 -42 -17 -30 -48 -25 57 -24 -45 -21 -36 -31 -28 -57 -50 59 60 -22 -62
right_child=1 4 3 7 5 15 8 9 -10 10 14 19 13 17 16 20 21 18 -20 52 24 34 50 48 26 -27 55 -29 30 36 31 -33 -34 -35 37 -37 -38 38 42 40 41 -43 43 51 -46 -47 47 -49 49 -51 -52 -53 -54 -55 -56 56 -58 -59 -60 -61 61 -63
leaf_value=-71.875660054886978 5.9483750392464199 -24.414072714910247 6.0170047050509998 5.4627100403290338 16.350901921187486 5.8049800241338714 4.0654035641143063 -27.185722646878236 -12.332975145143386 -0.27092184118517598 -6.3672394376726116 -10.19373128044937 0.11261429988408732 5.061668672808195 5.5137416413183988 0.28773300556495535 -26.914566476247764 3.9197129258455048 0.84764869098226991 2.3462704510615251 -10.412857222250326 7.3853270473243997 -20.759016312657049 -6.3871767331805156 0.093208436531559649 0.3688925037980702 -0.30455569594597304 4.4896715808458474 -18.65517507537237 3.9060244838731046 0.64781419515184879 -15.731250880463939 12.131061015226717 10.594332314416018 1.5329300835698558 6.0705719578898609 0.71618117016910399 2.1591023130989559 -0.079388210966792827 -0.53302685078299961 -0.42192381845711935 0.42768426696998224 5.1390119475179539 -0.42909518104966077 1.1463785063155159 2.8715805652378883 3.3162926426648474 -1.1208594582834064 1.7556775033489724 -1.7560285115778635 1.2258695685913099 6.4974042921729458 5.4786893389444185 0.54464913486010935 -7.8181967728226676 -0.053024119739401653 3.2445055694839655 10.175383022088221 -1.8175112757558451 0.84827026016801166 1.7943468364120774 -0.23147561542199965
leaf_weight=980 35 832 29 21 30 29 31 233 63 49 221 22 39 25 23 21 70 22 37 24 148 23 911 189 40 27 103 27 505 20 27 35 23 20 20 23 31 36 285 50 61 37 22 43 22 20 21 221 35 28 23 44 20 20 150 58 22 23 623 36 20 67
leaf_count=980 35 832 29 21 30 29 31 233 63 49 221 22 39 25 23 21 70 22 37 24 148 23 911 189 40 27 103 27 505 20 27 35 23 20 20 23 31 36 285 50 61 37 22 43 22 20 21 221 35 28 23 44 20 20 150 58 22 23 623 36 20 67
internal_value=-0.00082515 -0.000485778 0.000425433 0.00130037 -0.00118464 -0.000691116 0.00471394 0.00110508 0.000797024 0.000961705 0.00155272 -0.00138415 0.00588756 0.0078826 0.000716928 -0.000966084 0.00146323 0.0102305 0.0079646 0.00376702 -0.000126228 0.00120222 -0.0017858 -2.95962e-05 -0.000333021 -0.000846814 0.00154738 0.00500745 -0.000834192 0.00105464 -0.00137363 0.00225617 0.00592814 0.0126128 0.00163096 0.00605206 -0.000447539 0.00130761 0.000994833 0.00295488 0.00156966 0.00322231 -2.28376e-05 0.00247479 0.000938627 0.00569343 -0.00179093 -0.000260224 -0.000697929 0.00184669 -0.00235414 0.000757749 0.00714286 0.00591022 -0.0013933 0.000262151 0.00258427 0.00418244 -0.00105022 0.000309848 -0.000561464 0.00247991
internal_weight=6995 6015 2609 1541 3406 2574 124 1512 94 1491 1192 299 192 143 1000 2450 779 104 79 66 1212 756 1238 304 1171 921 250 67 1068 236 832 85 50 42 686 46 201 640 600 206 170 120 394 109 83 41 747 242 275 86 934 87 44 40 170 183 80 58 894 271 235 87
internal_count=6995 6015 2609 1541 3406 2574 124 1512 94 1491 1192 299 192 143 1000 2450 779 104 79 66 1212 756 1238 304 1171 921 250 67 1068 236 832 85 50 42 686 46 201 640 600 206 170 120 394 109 83 41 747 242 275 86 934 87 44 40 170 183 80 58 894 271 235 87
is_linear=0
shrinkage=0.03


Tree=125
num_leaves=63
num_cat=0
split_feature=38 9 1 5 20 31 43 24 45 43 67 21 30 25 36 45 25 2 29 47 52 42 30 62 10 2 19 33 25 30 49 66 62 10 34 20 42 66 2 44 19 66 19 49 31 58 12 36 63 28 25 1 23 16 14 50 2 43 64 33 14 23
split_gain=5.31684 3.67612 3.13152 3.01615 3.31231 3.97473 3.28189 2.77118 2.37487 2.72217 2.28679 2.18043 2.14835 2.10488 2.82144 2.52313 1.58488 2.20143 1.54227 1.52483 1.28582 2.05049 1.95358 1.18998 1.68572 1.24912 1.36342 1.93039 2.32691 1.61338 1.65258 1.43542 1.52969 2.77269 1.46018 1.40187 1.12627 1.0948 1.72351 2.08687 1.42222 1.18519 2.03147 1.08361 1.0031 1.00193 0.894465 0.849077 0.870117 0.960559 0.826831 0.765327 3.39458 1.05235 1.57788 0.759803 0.762972 0.759229 0.771899 0.72672 0.655919 0.647315
threshold=10983.22916666667 1.0000000180025095e-35 0.87500000000000011 1.0000000180025095e-35 14.63854166666667 61.743871273378268 29719.500000000004 52.077782000000006 27408.500000000004 28122.500000000004 120588.50000000001 3.839827222347544 49.033209878280836 52.669568000000005 11391.500000000002 32639.500000000004 75.558027500000023 86.227727500000015 66.132114683232174 3561.0000000000005 1079.5000000000002 42750.354166666679 60.611335332659159 1036.0833333333337 0.56392291514228221 65.745802500000011 1.0750000000000004 2.61987397956208 92.93734000000002 67.382948223007915 83.500000000000014 1209.3541666666667 2177.604166666667 0.87900005428953576 -0.76593789222234665 25.021875000000001 42871.937500000007 1263.1250000000002 73.009477500000017 32371.500000000004 18.125000000000004 2794.9375000000005 14.275000000000002 2211.5000000000005 63.598052292940729 4652.0208333333339 121550.00000000001 20522.500000000004 7321.5000000000009 -0.43550599999999834 78.650432500000008 8.3250000000000011 47.427121500000005 1762.0000000000002 90232.312500000015 1992.8125000000002 91.356087500000015 32313.500000000004 1166.5000000000002 1.9041409504521238 96688.375000000015 61.421256000000007
decision_type=2 2 2 2 2 2 2 2 2 2 2 2 2 2 2 2 2 2 2 2 2 2 2 2 2 2 2 2 2 2 2 2 2 2 2 2 2 2 2 2 2 2 2 2 2 2 2 2 2 2 2 2 2 2 2 2 2 2 2 2 2 2
left_child=-1 2 7 4 10 13 8 -2 9 -5 59 -11 -8 -6 16 -16 -15 -18 51 23 -9 22 -22 24 -14 -25 47 29 31 30 -28 35 33 -33 -34 -29 -36 38 39 -32 41 42 -39 45 -40 55 61 -27 -49 -50 -48 52 -4 -54 -55 56 -20 -46 -59 -3 -44 -23
right_child=1 3 18 6 5 -7 12 20 -10 11 -12 -13 19 14 15 -17 17 -19 43 -21 21 46 -24 25 -26 26 27 28 -30 -31 37 32 34 -35 36 -37 -38 40 44 -41 -42 -43 60 -45 57 -47 50 48 49 -51 -52 -53 53 54 -56 -57 -58 58 -60 -61 -62 -63
leaf_value=-69.719390253240348 5.0262418370940738 1.5183639732043388 6.2289634530584612 -24.155206735556579 -1.1891528702827132 -0.027662660810568802 7.3234495475026158 -0.58015586557839838 -16.476207683500075 3.2789324136047897 7.6291279959334153 1.069631925663191 -1.6745616006364159 -2.4591508156310034 6.0591352109103616 3.5651392746208432 5.4315175447313955 2.7985062506253042 -9.1089956134561696 6.5944306003697992 0.058985428399757782 1.9220852180206609 10.456018320753856 -1.7556831642285655 2.6318537447067194 -14.479693470900244 2.9380284722336425 -3.3919361847510325 -0.060718101418579536 0.99739920310804642 0.062423702583174694 4.0593424147123889 1.4359423932114597 9.2543413991393422 1.2208849837022111 1.2781763488800337 -0.22809211574265295 2.7864501525583583 -0.070511268706070621 5.8901620571493032 -3.7471834942947475 -0.40926588132997965 -20.312909058967829 6.190425174114325 4.1270501538342881 1.2749645353512533 8.2950536012338354 -0.15285839244657121 2.3555849456009064 -1.7993493823119679 -0.09018083321772366 -27.041712556838103 -10.749410665781516 16.768933783144877 -14.196897088749374 0.87501719864353922 0.31616650006899361 -0.15809742914359581 2.2537376232619248 -8.6446660141376253 1.5340930518487168 -0.52229185193629712
leaf_weight=980 20 26 22 33 21 110 32 210 875 21 20 20 29 25 38 36 22 26 153 34 20 23 20 437 32 172 25 30 88 38 30 21 24 21 22 20 25 23 203 22 254 163 26 26 26 31 34 174 20 22 25 1474 272 20 31 20 24 39 20 140 20 85
leaf_count=980 20 26 22 33 21 110 32 210 875 21 20 20 29 25 38 36 22 26 153 34 20 23 20 437 32 172 25 30 88 38 30 21 24 21 22 20 25 23 203 22 254 163 26 26 26 31 34 174 20 22 25 1474 272 20 31 20 24 39 20 140 20 85
internal_value=-0.000855171 -0.00052069 -0.00139716 0.00010613 0.0023594 0.00443366 -0.000236757 0.00090597 -0.00170056 0.00344129 -0.000725417 0.00861314 0.000425887 0.00733492 0.00860639 0.012753 0.0043502 0.00754678 -0.00188414 0.000304353 0.00037401 0.00205698 0.00815461 0.000196929 0.00432078 6.71714e-05 0.000473136 0.00099728 0.00332139 0.000337419 6.34466e-05 0.00544451 0.00732095 0.0119002 0.00455696 0.00113772 0.00140127 -0.000163419 0.0011379 0.00616123 -0.00108003 0.000607496 0.00390738 0.000295159 0.000218673 -0.000355108 0.000574506 -0.00105901 0.000180471 0.00406176 0.0035533 -0.00219009 -0.000904086 -0.00168988 0.00223092 -0.00115677 -0.0017956 0.00296122 0.00101523 -0.00189645 0.000195227 -0.00102683
internal_weight=6995 6015 2510 3505 464 278 3041 437 949 74 186 41 2092 168 147 74 73 48 2073 2060 417 207 40 2026 61 1965 1528 1140 251 889 851 163 113 42 71 50 47 826 340 52 486 232 69 254 288 228 167 388 216 42 59 1819 345 323 51 197 177 85 59 166 46 108
internal_count=6995 6015 2510 3505 464 278 3041 437 949 74 186 41 2092 168 147 74 73 48 2073 2060 417 207 40 2026 61 1965 1528 1140 251 889 851 163 113 42 71 50 47 826 340 52 486 232 69 254 288 228 167 388 216 42 59 1819 345 323 51 197 177 85 59 166 46 108
is_linear=0
shrinkage=0.03


Tree=126
num_leaves=63
num_cat=0
split_feature=70 40 18 66 35 45 33 51 23 70 40 39 70 40 35 20 5 35 50 25 35 35 32 18 3 48 27 47 18 40 66 26 63 22 49 66 20 24 18 29 20 70 64 12 63 53 22 66 54 39 28 44 39 61 22 56 60 15 61 29 56 69
split_gain=4.35462 3.12724 4.44233 4.37684 3.82065 2.68137 2.78737 2.45361 2.15822 2.96027 3.03272 2.22123 1.70103 2.49884 2.08329 1.67116 1.57446 1.78358 5.26076 2.15354 1.86167 1.40775 1.30147 1.23904 1.22719 2.00982 1.31452 1.16599 1.14421 1.27917 1.47078 1.13468 1.40831 1.58889 1.40206 1.07456 1.06062 1.73734 1.18065 0.960202 0.954815 4.50032 0.932699 0.931441 0.921821 0.87465 0.868796 1.17713 2.48573 1.05869 0.82216 0.755822 1.2868 1.9385 0.750623 1.38248 0.739078 0.730883 0.720547 1.42134 0.718783 0.699437
threshold=89338.166666666672 37669.000000000007 9.3750000000000018 7731.3750000000009 27427.000000000004 29329.500000000004 2.2169844653506616 1518.5000000000002 73.198120000000017 94110.500000000015 33378.500000000007 37207.500000000007 101623.62500000001 52670.500000000007 19499.500000000004 -2.9656249999999997 2.5000000000000004 13550.500000000002 251.77083333333334 71.724057000000002 13807.500000000002 12751.500000000002 61.214329269409305 19.975000000000005 60.06501166503768 93.500000000000014 2.8605848036535377 5619.5000000000009 27.775000000000002 46559.500000000007 895.29166666666686 69.99939670833335 2925.5000000000005 0.09999999999999977 221.50000000000003 750.06250000000011 16.995833333333337 83.59222800000002 14.275000000000002 67.542653650195362 4.7468750000000011 91121.812500000015 5432.5000000000009 106499.50000000001 1976.5000000000002 1070.5000000000002 0.89999999999999913 2039.9583333333337 1796.7708333333337 39729.000000000007 4.6129855000000015 32009.500000000004 66884.000000000015 4236.0000000000009 2.6000000000000005 7658.0000000000009 502.50000000000006 10404.679111427195 1213.5000000000002 62.021563620449186 6.5000000000000009 104619.50000000001
decision_type=2 2 2 2 2 2 2 2 2 2 2 2 2 2 2 2 2 2 2 2 2 2 2 2 2 2 2 2 2 2 2 2 2 2 2 2 2 2 2 2 2 2 2 2 2 2 2 2 2 2 2 2 2 2 2 2 2 2 2 2 2 2
left_child=16 2 15 5 12 6 -4 21 -7 10 -10 -12 14 24 40 -2 17 36 19 -19 -20 -8 -6 60 46 -26 -27 42 29 30 35 32 -32 34 -34 -28 -1 38 -38 -31 41 -3 43 -24 -43 -25 -14 48 -48 -49 -17 -45 61 -54 -42 -56 -41 -18 -33 -60 -11 -53
right_child=1 4 3 -5 22 8 7 -9 9 23 11 -13 13 -15 -16 50 57 18 20 -21 -22 -23 27 45 25 26 28 -29 -30 39 31 58 33 -35 -36 -37 37 -39 -40 56 54 44 -44 51 -46 -47 47 49 -50 -51 -52 52 53 -55 55 -57 -58 -59 59 -61 -62 -63
leaf_value=-21.26385071771406 1.8846170959667807 7.9591566539842811 -14.007689477492377 4.0428148960289443 4.0119303963666013 -2.4841534874388533 9.4639090427417081 5.2642289766843096 -0.21513773720152912 0.55441061026371463 8.9523919309721194 1.839029988986508 -2.0716367156276299 -7.88744607141175 4.0542559012072257 -11.982684845164171 -28.659812695252946 1.5887178293723294 8.3334970974031695 7.6487198326788599 -14.600377969536581 -0.53400064566774941 4.3051320805374971 -0.086131731869410824 3.8727592490242273 1.7779732597921851 0.47133686818104675 2.7787034147903169 4.2438582445243318 -0.50865651125572064 0.018792984031843919 -0.12047791429278495 0.88323264677024682 2.6177649756391093 -0.76965936359506304 4.976246568768425 3.5394382044874013 2.9346318979105339 -30.317260354436279 -0.14464526339388606 -23.309303439706131 1.9816833727125458 -0.81973708998186845 -9.5648775834656661 -9.5741067448283186 4.5912581767811025 1.526493676340221 2.3730388309252315 -3.3627171353453464 -4.4960933917966894 4.9307146115853273 0.62941421632007255 10.880795054326153 0.88268794145347873 1.531828110697911 -28.66106537689593 4.641473133308061 9.306708199465314 -0.7844134024766044 2.8013807920230827 -1.2222175723494997 -0.0016092414311892267
leaf_weight=516 21 20 20 29 27 131 22 29 23 25 32 27 367 627 24 299 1138 22 21 30 132 22 23 27 28 22 46 34 29 368 107 160 21 24 29 28 22 20 67 24 1149 35 77 62 191 27 25 24 20 67 22 81 20 29 20 29 20 20 53 37 75 229
leaf_count=516 21 20 20 29 27 131 22 29 23 25 32 27 367 627 24 299 1138 22 21 30 132 22 23 27 28 22 46 34 29 368 107 160 21 24 29 28 22 20 67 24 1149 35 77 62 191 27 25 24 20 67 22 81 20 29 20 29 20 20 53 37 75 229
internal_value=-0.000859459 -0.000387051 0.00129226 0.00312819 -0.000721966 0.002406 0.00696026 0.00968536 0.00124217 0.00296061 0.00756395 0.0111675 -0.00108762 -0.000543249 -0.00187385 -0.00132417 -0.00204768 -0.00104445 0.00137494 0.00961612 -0.00141084 0.00510204 0.00153066 0.000486696 0.000120071 0.000731854 0.000498915 0.00121059 0.000326603 0.000137389 0.00115225 0.000473207 0.00228603 0.00546559 0.00233533 0.00506073 -0.00184291 0.000824931 -0.000942762 -0.00109925 -0.00202133 -0.000304755 0.000852043 0.00138482 -0.00152587 0.00415896 -0.00108527 0.000947832 0.00492239 -0.000987926 -0.00186858 0.00105438 0.0015873 0.00610998 -0.00237126 0.001222 0.00306122 -0.00276401 -0.00082767 0.00129856 -0.00146853 0.000861012
internal_weight=6995 5007 831 489 4176 460 93 73 367 236 82 59 3594 2126 1468 342 1988 830 205 52 153 44 582 154 1499 996 968 555 946 917 505 431 181 74 50 74 625 109 89 412 1444 246 521 444 226 54 503 136 45 91 321 421 359 49 1198 49 44 1158 250 90 100 310
internal_count=6995 5007 831 489 4176 460 93 73 367 236 82 59 3594 2126 1468 342 1988 830 205 52 153 44 582 154 1499 996 968 555 946 917 505 431 181 74 50 74 625 109 89 412 1444 246 521 444 226 54 503 136 45 91 321 421 359 49 1198 49 44 1158 250 90 100 310
is_linear=0
shrinkage=0.03


Tree=127
num_leaves=63
num_cat=0
split_feature=38 10 45 36 62 45 54 21 29 46 30 70 50 49 45 49 19 61 25 59 24 46 40 27 13 5 12 20 20 18 5 4 37 25 48 58 27 47 53 54 50 6 66 17 36 21 54 53 58 22 24 15 40 29 1 59 54 40 54 58 24 66
split_gain=5.36636 4.81784 2.83097 3.85476 2.57128 4.37234 2.88026 2.84323 2.53934 2.04306 4.8995 2.02205 1.83455 1.82988 1.71462 1.58023 1.52921 1.77469 1.64891 2.15519 5.46006 1.66343 1.9254 1.44152 1.48338 1.22297 1.73448 2.76399 1.56045 3.81996 1.21271 1.23314 1.2778 2.01762 1.17935 1.1628 2.78005 1.14027 1.09738 1.22733 1.74664 1.39852 0.983198 1.10592 1.389 0.967483 0.928138 2.09623 0.97204 0.915489 0.908678 0.977551 0.874189 1.52558 0.867458 0.854494 0.756743 1.90453 1.71345 1.06685 0.69451 0.6926
threshold=10914.79166666667 0.56392291514228221 32051.500000000004 13001.500000000002 1209.3333333333335 29601.500000000004 902.64583333333337 4.7205067387856632 57.787689994162015 29653.604166666672 49.033209878280836 133964.58333333334 3228.9166666666674 180.50000000000003 27408.500000000004 284.50000000000006 1.0750000000000004 1261.0000000000002 87.710680000000011 1418.5000000000002 71.379440000000002 32780.958333333343 47072.500000000007 6.1154141032137126 122544.50000000001 2.5000000000000004 75258.000000000015 17.072916666666671 4.7468750000000011 5.2250000000000005 1.0000000180025095e-35 2.5000000000000004 16161.500000000002 86.052543000000014 485.50000000000006 1851.0208333333337 12.655668186457403 2178.0000000000005 2105.5000000000005 1694.0625000000002 1607.8958333333337 8.5000000000000018 417.52083333333343 1.0000000180025095e-35 14441.000000000002 3.0504357871555365 1391.8958333333337 1426.5000000000002 2025.3125000000002 -0.59999999999999865 59.063432500000005 6932.6264046867236 42990.500000000007 58.414427296644483 26.725000000000005 4632.0000000000009 1732.229166666667 51322.000000000007 1938.6875000000002 3800.7291666666674 85.733235000000022 7162.666666666667
decision_type=2 2 2 2 2 2 2 2 2 2 2 2 2 2 2 2 2 2 2 2 2 2 2 2 2 2 2 2 2 2 2 2 2 2 2 2 2 2 2 2 2 2 2 2 2 2 2 2 2 2 2 2 2 2 2 2 2 2 2 2 2 2
left_child=-1 2 25 8 5 7 -7 -3 -4 14 -11 30 -13 -8 15 -6 23 38 19 21 -21 22 -19 24 60 26 27 -2 29 -28 31 49 33 -33 -15 36 -27 -30 39 40 41 46 -32 44 -44 -40 47 48 -18 -5 -46 55 53 -20 -24 -52 -45 58 59 -58 -12 -16
right_child=1 4 3 11 9 6 13 -9 -10 10 16 12 -14 34 61 -17 17 18 52 20 -22 -23 54 -25 -26 35 28 -29 37 -31 42 32 -34 -35 -36 -37 -38 -39 45 -41 -42 -43 43 56 50 -47 -48 -49 -50 -51 51 -53 -54 -55 -56 -57 57 -59 -60 -61 -62 -63
leaf_value=-70.755573209458319 -8.9519741501310612 -15.888610421871219 4.6547668854770343 3.5133851178648254 -1.2399845486248602 -2.9034643105866622 0.71175246205296894 9.0275069534813603 -0.076295773799756259 9.4897568136040924 -0.32748301165469457 4.1166256584367851 0.36427223459551611 10.150455949326711 -19.199611296787854 4.4741145182999986 5.0906186035539633 4.6642528719661991 -0.043844012606958013 -0.26556446646056731 4.2871981301823965 -1.0740518657425291 0.65058285631646739 -7.9760245780811703 2.2803663116189554 -17.359448263359127 -10.73992120104351 3.6320266501042933 -15.542319393900861 5.2028187589945531 2.264714335071659 3.3511710619069803 -0.131528948484995 -0.11234358884035703 4.1250001092700259 -26.350681929969696 4.3802441680195185 4.1456172053035623 0.009050861568600705 -0.15800877054040779 0.23420008553839322 0.85831028339871984 6.4086850869658756 -13.780890811504912 2.8482237018570227 1.7930985637243151 -0.35256925868141498 6.6802853637768642 -0.21272857246069482 4.3937412118492833 -0.24839143899341681 3.5481656459100184 -1.7722007750119455 4.6516659506279572 -0.097992859995632037 4.14688264941082 5.6972919721389648 -13.686664340167454 -0.10632066443034704 2.4814606873804133 0.92913764321799786 0.26230432668087844
leaf_weight=952 62 115 28 26 23 23 35 20 20 24 97 33 51 34 335 24 26 26 50 23 28 31 20 202 20 78 59 36 736 22 21 20 167 27 24 1140 33 23 20 281 21 30 23 596 25 25 118 35 104 23 366 20 58 37 21 30 23 233 70 36 23 63
leaf_count=952 62 115 28 26 23 23 35 20 20 24 97 33 51 34 335 24 26 26 50 23 28 31 20 202 20 78 59 36 736 22 21 20 167 27 24 1140 33 23 20 281 21 30 23 596 25 25 118 35 104 23 366 20 58 37 21 30 23 233 70 36 23 63
internal_value=-0.000807995 -0.00047757 -0.0010772 -0.00020728 0.000718714 0.00356033 0.00782946 -8.88238e-05 0.00817048 0.000312729 0.000906749 -0.000434055 0.00410226 0.0101826 -0.00144237 0.00394904 0.000655041 0.00127345 0.00321319 0.00543259 0.0104501 0.00278287 0.00545454 -0.00106109 0.00126338 -0.00180622 -0.000981772 0.00278287 -0.00142483 0.00251541 -0.000659399 0.00120867 0.000210181 0.00458599 0.0134768 -0.00242187 0.000486048 -0.00184956 0.000404483 6.82809e-05 0.001302 0.000728201 -0.00100201 -0.00109908 9.69611e-05 0.00492239 6.35811e-05 0.00152635 -0.000207533 0.00549898 -0.000272048 -0.000612834 0.000909717 0.00282434 0.00131387 -0.000946731 -0.00168145 -0.000588236 0.00232378 0.00609137 0 -0.00208742
internal_weight=6995 6043 4027 1838 2016 251 116 135 48 1765 1320 1790 84 93 445 47 1296 954 294 149 51 98 67 342 140 2189 938 98 840 81 1706 263 214 47 58 1251 111 759 660 615 334 313 1443 1422 464 45 283 165 130 49 441 416 145 87 41 396 958 362 129 59 120 398
internal_count=6995 6043 4027 1838 2016 251 116 135 48 1765 1320 1790 84 93 445 47 1296 954 294 149 51 98 67 342 140 2189 938 98 840 81 1706 263 214 47 58 1251 111 759 660 615 334 313 1443 1422 464 45 283 165 130 49 441 416 145 87 41 396 958 362 129 59 120 398
is_linear=0
shrinkage=0.03


Tree=128
num_leaves=63
num_cat=0
split_feature=38 10 20 52 68 17 70 35 67 20 22 49 39 24 61 3 45 61 70 41 66 28 25 56 60 35 38 66 66 47 61 11 45 45 17 20 41 5 25 53 52 25 38 38 33 28 56 23 65 13 48 16 52 44 20 23 7 46 55 3 3 16
split_gain=5.27861 4.33084 2.90114 2.4128 2.46894 2.30213 2.18046 2.13891 1.80987 2.84669 2.0286 1.69456 1.66807 1.62223 1.62006 1.36131 2.01468 1.42127 1.34057 2.30297 1.49823 2.13383 1.30879 1.32715 1.23385 1.21903 1.99806 1.37358 1.13702 1.08474 1.28771 1.06888 1.08373 1.82357 1.00483 1.45294 0.96074 0.960088 1.11991 1.25198 3.33745 4.04944 1.38014 1.25246 1.16402 1.38594 0.911515 1.29219 1.16644 0.844758 0.827459 1.58669 0.80669 0.796597 1.51953 2.84279 1.5684 1.07675 0.939977 0.952924 1.00912 0.881894
threshold=10914.79166666667 1.0000000180025095e-35 18.526041666666668 1238.5000000000002 80768.000000000015 1.2750000000000001 123038.18750000001 27427.000000000004 80012.000000000015 20.803125000000005 0.90000000000000135 2211.5000000000005 31195.500000000004 51.644671500000008 172.50000000000003 59.870102863903476 31901.000000000004 1020.5000000000001 79450.625000000015 30738.500000000004 7512.5833333333348 -1.542310499999999 85.828678000000011 21.500000000000004 1796.5000000000002 13300.000000000002 15096.562500000002 4985.166666666667 648.91666666666674 1171.0000000000002 2047.0000000000002 122674.00000000001 27408.500000000004 27242.500000000004 21.575000000000006 24.776041666666675 44898.000000000007 2.5000000000000004 53.56265650000001 2152.5000000000005 2030.5000000000002 72.341017000000008 16263.583333333334 21086.333333333339 3.9795567807577115 1.329582500000001 9.5000000000000018 61.421256000000007 1538.0000000000002 93742.000000000015 366.50000000000006 -1005.4999999999999 1094.5000000000002 29329.500000000004 12.655208333333336 90.544850000000011 4.5000000000000009 32527.937500000004 7193.5000000000009 60.131510212924141 60.4974570066925 2329.5000000000005
decision_type=2 2 2 2 2 2 2 2 2 2 2 2 2 2 2 2 2 2 2 2 2 2 2 2 2 2 2 2 2 2 2 2 2 2 2 2 2 2 2 2 2 2 2 2 2 2 2 2 2 2 2 2 2 2 2 2 2 2 2 2 2 2
left_child=-1 5 6 8 12 13 18 37 -4 10 -10 22 -5 -2 -11 -16 -17 52 19 -3 31 24 -9 -24 49 -6 -27 28 34 -8 -31 32 33 -20 -28 -36 -37 38 -7 40 42 -42 44 -44 -40 -46 47 -15 -48 -22 51 -49 -18 -34 57 56 -56 -55 59 -59 -61 -62
right_child=1 2 3 4 25 7 29 11 9 14 -12 -13 -14 46 15 16 17 -19 20 -21 21 -23 23 -25 -26 26 27 -29 -30 30 -32 -33 53 -35 35 36 -38 -39 39 -41 41 -43 43 -45 45 -47 48 50 -50 -51 -52 -53 -54 54 55 -57 -58 58 -60 60 61 -63
leaf_value=-68.632906013174548 4.2370760460820591 -30.62297557533843 -12.024963959268314 -0.39321209504527677 -17.894689280937818 -22.379824639181706 1.4057157623304697 -1.0578817252312471 3.2131602993921975 5.0933447077698606 5.4384292087415567 5.2210903992547708 10.163776443115353 13.079676709143888 0.019608381468173661 2.8739109177779105 -0.90109410941582369 1.6663527653356192 -19.355838671426827 5.9266833833202366 1.1841985374546156 -1.7015319148077015 -0.23178440757904512 0.76187878236947237 -0.064230441973719757 2.6030317682316926 -0.76945099253922744 2.9390312299741481 -0.053986908375703725 -0.23331577440242221 2.9439007669181905 1.5690818337387016 -19.353761215540221 2.8168789926908855 1.5938908205530526 1.325605501526113 -0.28920362443021103 -22.270352153444332 -14.442036039680232 -24.884715427896332 6.7664170513363295 -12.26174062722761 3.3785044961148252 0.060855373089453546 10.117736557996936 -6.9031167262889568 0.5040362328170741 -0.018620390165120904 -0.22957865379263145 5.9075409276918212 -1.9975230596933866 9.9911381025473407 0.38740330192761346 -20.122702554930676 7.3908354123023638 7.5322828430520454 -12.602093794820181 -2.5571361110477713 2.2544678325130381 0.90130348338097688 -0.24325885785203108 2.1474127972674735
leaf_weight=952 24 26 40 22 150 267 20 130 37 22 34 26 25 27 170 39 40 23 29 32 20 75 20 28 20 33 27 27 572 42 21 21 441 21 20 21 26 1321 359 153 28 24 26 47 24 35 24 57 323 22 49 29 45 328 25 22 77 189 20 21 131 46
leaf_count=952 24 26 40 22 150 267 20 130 37 22 34 26 25 27 170 39 40 23 29 32 20 75 20 28 20 33 27 27 572 42 21 21 441 21 20 21 26 1321 359 153 28 24 26 47 24 35 24 57 323 22 49 29 45 328 25 22 77 189 20 21 131 46
internal_value=-0.00082515 -0.000497428 0.000304754 0.00132401 0.000441988 -0.00130085 -0.000542115 -0.00168442 0.00312597 0.00372348 0.00919831 0.00124939 0.00713376 0.000483961 0.00256561 0.00200568 0.00411965 0.0019704 -0.000794969 0.00366609 -0.000968769 0.00201313 0.000185288 0.00442827 0.00613526 7.87574e-05 0.000590827 0.000242389 -2.25199e-05 0.00418772 0.002187 -0.00126905 -0.00137545 0.00293413 0.00302869 0.00500745 0.00203822 -0.00194781 -0.00122106 -0.000581814 8.83808e-05 0.00731286 -0.000671962 0.00311901 -0.00134178 0.00253807 0.000117854 0.00198026 -0.000743302 0.00904988 0.000754996 0.00254355 0.00014101 -0.00154373 -0.0010057 0.00205479 -2.93837e-05 -0.00152632 -0.000486368 -0.000821494 0.000620898 -0.000101638
internal_weight=6995 6043 3022 1373 923 3021 1649 2488 450 410 71 204 47 533 339 317 147 108 1566 58 1508 137 178 48 62 876 726 693 666 83 63 1371 1350 50 94 67 47 2284 963 696 543 52 491 73 418 59 509 162 347 42 135 86 85 1300 859 124 102 735 407 387 198 177
internal_count=6995 6043 3022 1373 923 3021 1649 2488 450 410 71 204 47 533 339 317 147 108 1566 58 1508 137 178 48 62 876 726 693 666 83 63 1371 1350 50 94 67 47 2284 963 696 543 52 491 73 418 59 509 162 347 42 135 86 85 1300 859 124 102 735 407 387 198 177
is_linear=0
shrinkage=0.03


Tree=129
num_leaves=63
num_cat=0
split_feature=35 9 20 52 44 15 1 23 0 62 35 52 32 29 45 27 57 66 17 16 24 33 39 20 45 31 52 21 56 49 66 47 19 19 53 56 52 52 70 30 44 53 62 69 16 22 23 10 16 62 32 20 45 24 42 42 42 65 2 33 5 48
split_gain=4.02625 3.92998 3.23015 3.23782 2.6306 2.89339 2.42705 5.14507 2.40667 2.32523 2.04222 1.95504 1.92715 1.55305 1.86428 1.53303 1.41441 1.38381 1.65077 1.32658 1.30505 1.71529 2.14954 1.31711 1.63105 1.27182 1.25963 1.42777 2.05988 1.55374 1.23752 1.80869 1.754 1.41668 1.63726 1.18521 2.00925 1.10512 0.960721 1.02115 1.43166 0.912714 0.892974 1.00246 0.978212 0.913349 0.86718 1.77674 1.32741 0.838297 0.977195 1.45232 1.39049 2.07247 0.819113 1.33921 1.01932 0.699657 0.683843 1.28769 2.52379 0.988903
threshold=10858.500000000002 1.0000000180025095e-35 16.634375000000002 1238.5000000000002 27744.500000000004 6137.8781562976856 8.3250000000000011 47.904905000000007 96037.500000000015 975.54166666666686 27578.500000000004 1780.5000000000002 59.87896685448063 58.663517981803651 33052.500000000007 9.4744638800112106 4861.5000000000009 1241.8333333333337 30.625000000000004 -4122.4999999999991 96.273427500000011 1.8253087353706388 38128.500000000007 18.665625000000002 29846.500000000004 56.108397616962527 1133.5000000000002 2.2411475313306934 11.500000000000002 368.50000000000006 2770.541666666667 394.50000000000006 2.3750000000000004 -11.774999999999999 1366.5000000000002 91.500000000000014 2690.5000000000005 1691.5000000000002 77805.479166666672 49.033209878280836 29314.000000000004 1104.5000000000002 1882.5416666666667 89482.500000000015 2373.5000000000005 -1.0000000180025095e-35 79.073075000000003 0.46472317204376884 -3029.9999999999995 1222.4375000000002 63.044606792071079 25.079166666666669 32140.000000000004 84.857410000000016 42871.937500000007 46916.020833333343 45091.500000000007 890.00000000000011 81.300510000000017 2.5965529812628292 1.5000000000000002 204.50000000000003
decision_type=2 2 2 2 2 2 2 2 2 2 2 2 2 2 2 2 2 2 2 2 2 2 2 2 2 2 2 2 2 2 2 2 2 2 2 2 2 2 2 2 2 2 2 2 2 2 2 2 2 2 2 2 2 2 2 2 2 2 2 2 2 2
left_child=12 6 15 4 -4 -6 7 8 -2 11 58 -5 -1 -11 17 30 35 19 41 -15 21 22 -7 24 -23 -25 -9 28 -28 -30 31 32 -3 34 -32 -12 -37 -31 -17 40 -40 -19 43 -35 54 -46 47 -27 -48 -21 -51 52 -52 -54 -45 56 -56 -49 -8 61 -61 -60
right_child=1 2 3 9 5 20 10 26 -10 13 16 -13 -14 14 -16 38 -18 18 -20 49 -22 23 -24 25 -26 46 27 -29 29 37 33 -33 -34 42 -36 36 -38 -39 39 -41 -42 -43 -44 44 45 -47 48 57 -50 50 51 -53 53 -55 55 -57 -58 -59 59 60 -62 -63
leaf_value=-54.190441760191085 5.282266959191662 0.40656971059606889 -13.015373355456271 -4.9257285284045373 4.8194474427836687 7.7013200837976576 -31.395156479656553 -1.0464480418358588 3.3962196565855649 -4.5732419385651708 0.033269791513638861 4.7206342023585046 11.005727681531916 3.3956681289049562 2.2746506028189524 2.9931585168715813 -23.247771764259522 0.50475577329097443 10.227483635221899 3.9319026646066644 -0.26569955184860944 3.0457656221550988 0.54587885099089295 -0.30342468808131867 2.4724179772370127 -0.065942004268268239 12.770450809640518 -1.2801463179061796 -0.8926813612031137 3.8495672161332561 -0.84686329717469655 -0.37488773063976322 7.7701868434324304 4.4530740736191756 2.7677436277706851 0.38484264664800411 5.2672994989383897 0.098897026436234187 -17.508226357011857 -10.842935732290396 8.223994328043748 -0.80060189285526728 -1.4305504946357002 -2.8318567142764905 -0.11287566816525645 1.8657819549342285 3.1352381951806154 0.53082988436000778 0.19961766045539955 -4.6878546672856567 0.34181894056836709 -0.037939613803985063 4.5547804209512535 0.010548635430297158 0.99511652978789988 -3.6374207815603405 7.0726805892162732 3.4563557373742451 6.2357718486736786 5.9278638492446207 -9.1017235422011797 -19.851941736241184
leaf_weight=1077 20 20 70 20 25 22 1228 433 20 253 65 36 23 20 35 25 54 37 21 26 46 22 35 73 30 37 23 152 81 25 20 21 21 36 25 29 22 23 30 817 21 293 324 138 21 20 20 21 121 98 48 180 27 22 35 61 21 38 20 21 43 304
leaf_count=1077 20 20 70 20 25 22 1228 433 20 253 65 36 23 20 35 25 54 37 21 26 46 22 35 73 30 37 23 152 81 25 20 21 21 36 25 29 22 23 30 817 21 293 324 138 21 20 20 21 121 98 48 180 27 22 35 61 21 38 20 21 43 304
internal_value=-0.000893769 -0.000582179 9.63349e-05 0.00102559 0.00288698 0.0036666 -0.00146541 -6.17688e-05 0.010399 8.8701e-05 -0.00207435 0.00604278 -0.00256068 -0.000223565 0.000416305 -0.000842341 0.00104056 0.000104908 -0.00128169 0.00126811 0.00312191 0.00365068 0.00851138 0.0028749 0.00731286 0.00211867 -0.000634921 0.000838539 0.00289941 0.00139427 0.000141527 0.0042029 0.00788321 -0.00021395 0.00492239 0.0029199 0.00634051 0.00567567 -0.00168626 -0.00185578 0.00223092 -0.00180854 -0.00057156 0.000514904 -5.06593e-05 0.00423358 0.00318853 0.00540062 0.0016584 0.000882572 0.000511863 0.00142909 0.00438723 0.00794297 -0.000752647 0.001076 0.0044385 0.00862944 -0.00240394 -0.00129091 0.0025741 -0.00206418
internal_weight=6995 5895 3332 1676 560 490 2563 777 40 1116 1786 56 1100 1060 807 1656 170 772 351 421 465 419 57 362 52 310 737 304 152 129 763 62 41 701 45 116 51 48 893 868 51 330 656 332 296 41 237 96 141 401 375 277 97 49 255 117 56 59 1616 388 64 324
internal_count=6995 5895 3332 1676 560 490 2563 777 40 1116 1786 56 1100 1060 807 1656 170 772 351 421 465 419 57 362 52 310 737 304 152 129 763 62 41 701 45 116 51 48 893 868 51 330 656 332 296 41 237 96 141 401 375 277 97 49 255 117 56 59 1616 388 64 324
is_linear=0
shrinkage=0.03


Tree=130
num_leaves=63
num_cat=0
split_feature=38 10 17 20 36 61 32 39 68 1 35 50 5 22 51 66 28 65 54 69 20 70 63 34 52 22 15 28 16 29 68 15 16 45 45 20 63 58 26 21 21 20 5 56 16 23 15 66 44 49 66 56 54 35 44 26 43 66 7 63 32 37
split_gain=5.44734 4.54699 3.16308 2.76782 3.62711 3.45935 2.09932 1.92776 1.83245 3.5071 1.7785 1.74019 3.37941 2.77519 2.94936 1.72024 1.87627 1.69074 1.61185 1.56235 1.43649 1.42531 1.38066 1.35965 1.54862 1.20845 2.43093 2.0206 1.3855 1.98436 1.64184 1.1131 1.18674 0.98434 1.82357 1.23804 1.62687 0.978761 1.28795 2.36569 0.951616 0.913349 0.871485 1.00083 1.17329 1.57648 1.16665 2.45083 1.10017 0.796063 0.781235 0.997234 0.978054 1.92995 0.765869 0.790162 0.758806 0.75537 0.730281 1.3078 2.42122 1.57285
threshold=10914.79166666667 1.0000000180025095e-35 1.6250000000000002 18.526041666666668 10842.500000000002 213.50000000000003 53.082929159613933 51322.000000000007 84541.000000000015 16.225000000000005 27427.000000000004 440.06250000000006 4.5000000000000009 1.45 822.50000000000011 7512.5833333333348 -1.3194100000000046 1538.0000000000002 656.83333333333337 106220.50000000001 23.586458333333336 77805.479166666672 7907.5000000000009 1.0695300113618276 2690.5000000000005 -0.32499999999999923 13896.228533963103 1.6807864999999966 6014.0000000000009 64.014273847436314 116468.50000000001 9772.086953093285 2677.5000000000005 27408.500000000004 27242.500000000004 1.0000000180025095e-35 1676.0000000000002 4804.4375000000009 80.963975937500024 3.0504357871555365 4.7892008387879903 26.542708333333341 2.5000000000000004 3304.0000000000005 1196.0000000000002 55.826556500000009 11951.355702526382 2514.8333333333335 32649.500000000004 88.500000000000014 2215.3333333333335 9.5000000000000018 1089.3333333333337 29899.000000000004 31884.000000000004 80.196606500000016 32533.500000000004 2487.0000000000005 7.5000000000000009 4433.5000000000009 54.770476094209307 14620.500000000002
decision_type=2 2 2 2 2 2 2 2 2 2 2 2 2 2 2 2 2 2 2 2 2 2 2 2 2 2 2 2 2 2 2 2 2 2 2 2 2 2 2 2 2 2 2 2 2 2 2 2 2 2 2 2 2 2 2 2 2 2 2 2 2 2
left_child=-1 2 6 7 5 -5 -2 15 9 -7 42 12 13 14 -6 21 18 -8 -17 -9 40 -3 -20 57 -25 26 -22 54 37 30 -30 32 -16 34 -23 36 -35 38 -27 -40 49 -39 43 44 46 -46 -4 48 -48 -13 -19 52 -52 -54 -28 -56 -38 -12 59 60 -37 -62
right_child=1 3 10 4 11 8 17 19 -10 -11 23 20 -14 -15 31 16 -18 50 22 -21 25 33 -24 24 -26 28 27 -29 29 -31 -32 -33 -34 35 -36 58 56 41 39 -41 -42 -43 -44 -45 45 -47 47 -49 -50 -51 51 -53 53 -55 55 -57 -58 -59 -60 -61 61 -63
leaf_value=-64.948205579973603 4.734414555854582 6.4751715495940374 -11.164269338355796 10.392504599931957 6.1756252179605315 -6.8104684924215881 0.41043664357823584 0.13311262849550209 -3.7185433644861874 5.7677667461251314 -0.5662607289968683 0.83514248480905184 -0.24677270934945172 3.6194314478071581 4.2888931761967637 3.6443829695071828 -3.6647885662664534 1.2587002565283221 4.934360013893027 0.19990951650466304 2.7992979152643538 -18.675772873522348 -3.6662046464331928 -2.3512264635451818 4.6698989221813347 -0.30965049740313039 1.2869752513414483 -0.161190729458948 0.083144714124703478 -0.28985762239446544 1.7259479668456861 -0.73564921966645325 -0.21054833884354707 2.3350332374437137 2.6763991272506864 8.9537913891234737 -9.5461183519366433 -3.2689576979117931 -0.039116133652588307 3.3119103743613807 3.3354241588370019 4.6915344994012349 -22.323935802772361 -28.770096789865033 4.4406950624324262 -1.8095855176271973 -7.4511944623399629 4.1230188772490184 1.5616701820729482 -3.5147875699009865 -0.17446106922666454 -0.3289506773467275 16.181388390819702 0.58180186806535972 4.1668354590315841 0.12690680860310899 0.053375869467562981 3.41475253876134 -17.557312836627297 -13.846860996749752 -15.0726329163152 1.9908438780858941
leaf_weight=952 20 27 380 26 24 20 28 22 25 20 135 29 116 40 32 20 71 20 20 98 20 29 25 20 20 250 21 73 21 27 20 51 25 21 21 21 77 21 107 25 23 20 1301 345 20 40 111 30 26 295 95 339 22 40 21 21 262 29 740 108 60 27
leaf_count=952 20 27 380 26 24 20 28 22 25 20 135 29 116 40 32 20 71 20 20 98 20 29 25 20 20 250 21 73 21 27 20 51 25 21 21 21 77 21 107 25 23 20 1301 345 20 40 111 30 26 295 95 339 22 40 21 21 262 29 740 108 60 27
internal_value=-0.000760819 -0.000427927 -0.0012512 0.000394096 0.00138956 0.00717892 0.000771139 -0.000432964 0.00341014 0.00740648 -0.00171666 0.000975742 0.0030302 0.00570017 0.00356548 -0.000721994 0.00249081 0.000413526 0.00617511 0.00322231 0.000377225 -0.00103797 0.00292683 0.000955413 0.00591022 0.00121465 0.00351698 0.00204996 0.000476481 0.00444934 0.00861314 0.00141536 0.00430823 -0.00117488 0.00293413 -0.00133349 0.000158289 -0.000155992 -0.00063596 0.00174867 -0.00117545 0.00423358 -0.00195997 -0.00126352 -0.000523802 0.00344426 -0.000965089 0.00111311 -0.000568929 -0.00160136 1.74378e-05 -0.000211652 0.00175684 0.00468599 0.00599049 0.00833729 -0.000336185 -0.000237661 -0.00189834 -0.000347062 0.0019704 -0.00020666
internal_weight=6995 6043 3021 3022 1373 91 564 1649 65 40 2457 1282 288 172 132 1529 136 544 65 120 994 1393 45 204 40 647 156 136 491 68 41 108 57 1366 50 1316 360 423 382 132 347 41 2253 952 607 60 547 167 137 324 516 496 157 62 63 42 339 164 956 216 108 87
internal_count=6995 6043 3021 3022 1373 91 564 1649 65 40 2457 1282 288 172 132 1529 136 544 65 120 994 1393 45 204 40 647 156 136 491 68 41 108 57 1366 50 1316 360 423 382 132 347 41 2253 952 607 60 547 167 137 324 516 496 157 62 63 42 339 164 956 216 108 87
is_linear=0
shrinkage=0.03


Tree=131
num_leaves=63
num_cat=0
split_feature=38 9 43 68 19 53 17 23 45 54 27 51 53 41 35 31 3 62 31 31 44 26 30 65 25 11 16 2 37 58 45 41 25 0 66 35 55 55 42 30 66 50 59 16 70 50 28 3 18 30 19 25 7 18 66 0 59 58 60 2 33 60
split_gain=5.13379 4.19696 2.66985 4.24216 3.62578 3.21668 2.39779 3.25682 2.12291 2.20934 3.5039 1.97109 2.15105 1.86369 1.74325 1.55145 1.50967 1.84459 1.56167 2.05005 3.04404 2.16931 1.52962 1.48878 1.46035 1.41023 1.40872 2.13299 1.2393 1.23477 1.21909 1.16084 1.13971 1.44136 1.06062 1.05827 1.16698 1.23512 1.55046 2.00786 1.3348 1.75293 1.04669 1.01125 0.974854 0.894742 1.00857 0.979229 1.21938 1.63439 0.852596 0.766107 0.896139 0.73273 1.21214 1.20435 1.10437 2.23086 0.927924 0.675044 1.83831 0.66365
threshold=10914.79166666667 1.0000000180025095e-35 29779.000000000004 86961.000000000015 15.125000000000002 688.50000000000011 8.3250000000000011 47.904905000000007 27408.500000000004 2045.6250000000002 13.975368052715277 1033.5000000000002 758.50000000000011 36768.500000000007 27578.500000000004 65.279489228911928 60.131510212924141 1036.0833333333337 56.896156965338641 53.125849487782489 32497.500000000004 70.129450687500011 49.274372858277459 1538.0000000000002 91.763573000000008 130727.00000000001 -4001.4999999999995 90.411025000000009 14034.500000000002 4924.3125000000009 31720.500000000004 47175.500000000007 92.326580000000021 79780.000000000015 2487.0000000000005 13300.000000000002 55.500000000000007 8610.5000000000018 39121.125000000007 53.311158856223287 2039.9583333333337 516.33333333333337 828.50000000000011 510.50000000000006 77805.479166666672 1341.0833333333337 6.931809999999996 66.668401477669406 -6.2749999999999995 65.158984430170236 17.575000000000006 65.958205000000007 17.500000000000004 -10.574999999999998 1493.4583333333337 92836.500000000015 270.50000000000006 3124.5000000000005 719.50000000000011 81.300510000000017 2.9314937315072092 1130.5000000000002
decision_type=2 2 2 2 2 2 2 2 2 2 2 2 2 2 2 2 2 2 2 2 2 2 2 2 2 2 2 2 2 2 2 2 2 2 2 2 2 2 2 2 2 2 2 2 2 2 2 2 2 2 2 2 2 2 2 2 2 2 2 2 2 2
left_child=-1 6 8 4 5 -4 7 -2 11 44 -11 -3 -13 -12 59 -16 22 -18 19 -19 42 -22 -5 -9 34 -17 27 -20 -15 53 -6 -31 33 -32 -7 -24 -37 38 39 -38 41 -40 -21 -26 -10 46 -25 48 49 -47 -23 -42 -53 58 55 56 -55 -58 -28 -8 -61 -60
right_child=1 2 3 16 30 24 14 23 9 10 13 12 -14 28 15 25 17 18 26 20 21 50 35 45 43 -27 29 -29 -30 31 32 -33 -34 -35 -36 36 37 -39 40 -41 51 -43 -44 -45 -46 47 -48 -49 -50 -51 -52 52 -54 54 -56 -57 57 -59 61 60 -62 -63
leaf_value=-62.999759412574377 4.3793427347361504 -11.344796463386469 -2.3037191520682705 3.0440892071214312 -24.148081772781509 2.2454504883403854 -28.661578549768169 0.57862574840655934 2.3625030299715855 -20.461774462338983 14.822208799475526 5.5993628730368883 1.7036938947811686 0.53367902047083093 -2.6334609472065762 -0.057277607389078833 6.4422597738008758 -0.14710483395072366 0.85961260029305187 0.2620903665899959 7.3795281639839567 0.9142556438972923 -12.216747621654653 -0.86864205845103337 3.8074892526088573 4.5620097766291732 -3.9179065911018269 4.1779787304217475 3.5752928163537159 1.0934405648044223 3.7479135846869891 7.1767278005814363 -0.42408080113802743 0.36438965039392157 8.6851780553654372 -4.2711190170757263 -0.49571620140438338 -6.3939937071369792 3.3584425576691448 7.8111332086543159 -5.7777889199593924 -0.33916241937616892 -17.380725663535063 2.6293621454730869 -16.512790618476483 0.37673513495042726 7.0081574747744328 -1.5543215209580139 -0.59194635987387734 13.552978419092847 1.2351212686907147 0.57903320162274641 -0.8712881864546238 -5.1013832358744056 -0.74531661326165288 -0.02797494262758779 5.1136491802755648 0.30427215848973693 0.2780544001325328 -12.581753338989875 2.0258068278817856 0.60742033054062849
leaf_weight=952 39 29 28 29 56 29 1202 29 27 81 21 23 36 38 94 39 32 74 35 20 23 20 205 567 23 37 32 21 22 25 22 20 25 27 21 248 21 119 38 25 86 36 32 23 830 21 35 25 22 20 20 87 47 23 388 327 21 38 20 359 30 51
leaf_count=952 39 29 28 29 56 29 1202 29 27 81 21 23 36 38 94 39 32 74 35 20 23 20 205 567 23 37 32 21 22 25 22 20 25 27 21 248 21 119 38 25 86 36 32 23 830 21 35 25 22 20 20 87 47 23 388 327 21 38 20 359 30 51
internal_value=-0.00079084 -0.000467641 0.00020005 0.000759587 0.00442739 0.00809831 -0.00140288 3.95655e-06 -0.00101888 -0.00140712 0.00179519 0.00343927 0.00659898 0.00621455 -0.00201011 0.000864197 0.000327307 0.00102365 0.000829341 0.00333157 0.0058384 0.0102694 -0.000573797 -0.000450564 0.0107076 0.00406045 0.00035361 0.00497326 0.00344426 7.61817e-05 0.000899308 0.00492239 0.00344129 0.00610998 0.0143114 -0.000792677 -0.000237591 0.000653452 0.00157895 0.00670282 0.000765045 0.00425101 0.00040307 0.00670282 -0.0020161 -0.000734677 -0.00115097 0.00207718 0.00408875 0.00715328 0.00591022 -0.000395276 0.00100671 -0.000163316 -0.00047422 0.000659985 0.00390987 0.00609137 0.00221144 -0.00231915 -0.0012182 0.00413502
internal_weight=6995 6043 3524 2417 254 124 2519 758 1107 1019 162 88 59 81 1761 170 2163 1222 1190 189 115 63 941 719 96 76 1001 56 60 945 130 45 74 49 50 912 707 459 340 46 294 74 52 46 857 690 602 88 63 41 40 220 134 900 797 409 82 59 103 1591 389 71
internal_count=6995 6043 3524 2417 254 124 2519 758 1107 1019 162 88 59 81 1761 170 2163 1222 1190 189 115 63 941 719 96 76 1001 56 60 945 130 45 74 49 50 912 707 459 340 46 294 74 52 46 857 690 602 88 63 41 40 220 134 900 797 409 82 59 103 1591 389 71
is_linear=0
shrinkage=0.03


Tree=132
num_leaves=63
num_cat=0
split_feature=38 9 66 5 38 10 21 13 56 26 43 62 15 1 35 31 49 13 57 38 50 66 53 1 49 57 66 33 53 49 68 42 19 21 4 42 26 45 51 16 1 46 52 42 27 10 54 30 26 58 3 48 16 26 31 31 15 46 18 56 13 33
split_gain=5.2001 2.70693 1.98745 2.16753 2.52571 4.18188 1.97566 1.92389 1.80933 1.77368 2.10972 2.35724 1.8934 1.64982 1.42911 1.46797 1.41566 1.22738 1.58799 1.54016 1.46164 1.16796 1.37416 1.26396 1.45396 1.17965 1.62623 1.3293 1.3135 1.46939 1.24173 1.16086 1.13265 1.10147 1.36996 1.5305 1.50738 1.56646 1.36493 1.09999 1.75727 3.77769 1.207 1.77781 1.08079 1.06816 2.12981 1.22115 1.32544 1.02492 1.00049 1.00596 0.898624 0.878848 1.09013 0.909261 0.855409 0.835665 1.66069 0.817547 0.803021 0.756491
threshold=13057.562500000002 1.0000000180025095e-35 8445.3125000000018 1.0000000180025095e-35 12091.270833333334 0.56392291514228221 4.397917918013138 77247.500000000015 4401.5000000000009 71.051470270833349 31820.500000000004 1168.8333333333337 18839.341941028037 20.075000000000006 28055.000000000004 66.967892017424887 83.500000000000014 87566.500000000015 22.500000000000004 15383.958333333334 458.27083333333343 1241.8333333333337 1418.5000000000002 21.375000000000004 214.50000000000003 468.00000000000006 5595.3750000000009 2.1149563054880112 1083.5000000000002 357.00000000000006 90651.000000000015 32958.229166666679 28.575000000000006 4.0011601011083062 8.5000000000000018 40035.687500000007 67.431146208333345 33106.500000000007 1940.5000000000002 -1419.4999999999998 6.0750000000000002 29483.875000000004 1138.5000000000002 42750.354166666679 6.4977204273321734 0.74305326206722599 2057.2500000000005 48.439697762812472 86.495670041666685 4914.0625000000009 61.645634194576935 563.50000000000011 3984.0000000000005 79.561720062500015 63.598052292940729 61.384169306036036 10319.467488841645 28631.166666666672 16.525000000000002 6.5000000000000009 104287.00000000001 3.0346117635244938
decision_type=2 2 2 2 2 2 2 2 2 2 2 2 2 2 2 2 2 2 2 2 2 2 2 2 2 2 2 2 2 2 2 2 2 2 2 2 2 2 2 2 2 2 2 2 2 2 2 2 2 2 2 2 2 2 2 2 2 2 2 2 2 2
left_child=2 8 3 4 6 -6 -1 -8 14 10 11 13 16 56 39 -16 -11 19 -19 -12 -21 23 25 -18 -25 61 28 -28 29 30 -27 -13 33 34 -20 -36 38 52 -37 57 41 -41 59 -44 -29 -5 47 -47 -49 -33 -45 -52 -38 -26 55 -55 -3 58 -2 -43 -51 -23
right_child=1 9 -4 45 5 -7 7 -9 -10 12 17 31 -14 -15 15 -17 21 18 32 20 -22 22 -24 24 53 26 27 44 -30 -31 -32 49 -34 -35 35 36 37 -39 -40 40 -42 42 43 50 -46 46 -48 48 -50 60 51 -53 -54 54 -56 -57 -58 -59 -60 -61 -62 -63
leaf_value=-26.524263532111512 -12.875722810801047 -3.2166949332687245 2.1406400436525406 -42.618761971069056 -6.514672301031502 4.4964906370617381 5.4054249332571178 -2.7115511138512822 -24.247436951144156 2.6866472492013682 6.3094257372476097 1.8988655368688576 0.22447094316943247 5.1053515206859892 0.4298309443110962 3.3851380273629434 -1.2230455227045967 -0.30037931196543788 1.5308229613387476 0.016447561105311218 4.2097977161054416 -1.7474648754189024 -5.581216600300098 2.9587303583398374 -0.056408960066411259 3.3549308157375748 2.8153050282536531 0.23473430454965791 -9.503526213463406 0.55794561525173092 -0.32016609054699779 -7.8158088850109175 -20.810498653940169 6.8014103766171123 2.1789540474886775 -0.29649668217248143 0.1993329734635152 3.9914646798458806 1.653176964479832 10.221721475823442 -13.608632888097695 2.2987457675919618 3.3932980554367309 -14.676930866302477 -19.359199302862145 8.1520009452520661 11.388730618073968 -19.624077066243192 6.9905426057909592 -0.15105804247399018 -0.14301502386436687 2.7877733078266318 -0.066573985737218247 1.4286141531888548 4.4947389966132798 -0.29601679088653016 0.60622200653946012 -10.064990163156155 6.3606832478199751 -6.7911115470283585 1.4084783705367876 0.58674666080143512
leaf_weight=255 44 20 31 1476 57 31 22 52 447 24 20 31 33 22 190 26 126 127 29 43 20 413 343 21 111 20 23 21 87 27 131 344 35 26 34 120 34 26 22 27 200 36 25 35 20 37 38 387 23 26 23 20 42 60 33 46 29 721 20 111 20 52
leaf_count=255 44 20 31 1476 57 31 22 52 447 24 20 31 33 22 190 26 126 127 29 43 20 413 343 21 111 20 23 21 87 27 131 344 35 26 34 120 34 26 22 27 200 36 25 35 20 37 38 387 23 26 23 20 42 60 33 46 29 721 20 111 20 52
internal_value=-0.000786551 -0.000192975 -0.00191524 -0.00201463 -4.31558e-05 0.00446084 -0.00125798 0.00303644 -0.00105034 0.000426139 0.0013709 -6.70603e-05 -0.000207404 0.0049789 -0.000541913 0.00170754 -0.000360055 0.0025999 0.00202383 0.00599278 0.00361331 -0.000475198 -0.000965615 0.000921681 0.00208041 -0.000275785 0.00109389 0.00538221 4.52652e-05 0.00153285 0.000357379 -0.000926147 0.00302363 0.0035665 0.00304787 0.00238403 0.00153625 0.00431929 -0.00044335 -0.000929404 0.000201215 0.00175388 0.000587764 0.00308438 0.00204379 -0.00243231 -0.00119975 -0.00178484 -0.00226043 -0.00137657 0.000806657 0.00389791 0.00208936 0.00142743 0.00301941 0.00149859 0.00183299 -0.00162018 0.00163806 -0.00114208 0.00279826 -0.00125134
internal_weight=6995 4586 2409 2378 417 88 329 74 1925 2661 1070 492 1591 71 1478 216 1558 578 495 83 63 1534 1137 397 271 794 329 64 265 178 151 421 368 333 307 278 244 102 142 1262 477 277 250 103 41 1961 485 447 410 390 78 43 76 250 139 106 49 785 64 147 46 465
internal_count=6995 4586 2409 2378 417 88 329 74 1925 2661 1070 492 1591 71 1478 216 1558 578 495 83 63 1534 1137 397 271 794 329 64 265 178 151 421 368 333 307 278 244 102 142 1262 477 277 250 103 41 1961 485 447 410 390 78 43 76 250 139 106 49 785 64 147 46 465
is_linear=0
shrinkage=0.03


Tree=133
num_leaves=63
num_cat=0
split_feature=38 10 17 24 37 29 65 57 50 35 12 58 39 64 35 44 12 53 13 5 54 64 25 43 25 62 51 65 21 50 68 34 51 24 25 64 24 31 22 56 66 16 29 64 39 44 70 39 59 53 33 37 57 0 0 49 33 56 21 70 29 35
split_gain=5.09079 3.73629 2.62401 4.64072 2.42813 2.16812 2.03353 1.93054 2.4664 2.93802 6.35038 3.42671 2.78284 3.11069 1.96383 2.39079 1.74899 1.66739 1.61112 1.55505 1.82188 4.09348 3.81154 2.17466 1.29152 1.26834 1.70765 1.80818 1.78784 1.17332 1.94067 1.17281 1.107 1.67891 1.09649 1.04111 1.85676 0.918195 1.45871 0.878402 2.04533 0.877187 1.65167 0.863421 2.11522 0.832345 1.20428 0.815724 0.805566 0.757897 0.999139 0.754876 0.733411 1.36227 0.69781 0.666823 0.654081 0.634137 0.62445 1.37017 0.606612 0.890583
threshold=10914.79166666667 0.35201941816566318 1.6250000000000002 48.345931000000007 7989.5000000000009 66.668401477669406 4636.5000000000009 28.500000000000004 334.83333333333343 13010.500000000002 89419.500000000015 4544.0000000000009 37836.500000000007 3533.5000000000005 17317.500000000004 32556.500000000004 101088.00000000001 1405.5000000000002 112216.50000000001 2.5000000000000004 1766.5416666666667 3849.0000000000005 72.646115000000023 32649.500000000004 59.230238000000007 1321.2291666666667 1587.5000000000002 1227.5000000000002 4.7205067387856632 742.58333333333337 133943.50000000003 2.7096736142450415 1072.5000000000002 88.067909500000013 94.687018000000009 2177.5000000000005 69.771185000000017 55.5491399512456 0.34999999999999981 4861.5000000000009 4211.3958333333348 6258.5000000000009 63.774949867853586 1363.0000000000002 36251.000000000007 32524.500000000004 122592.43750000001 48356.000000000007 2033.0000000000002 1262.5000000000002 1.9810884900192802 14441.000000000002 1.0000000180025095e-35 82885.500000000015 105787.50000000001 2138.0000000000005 1.4190598437555242 20.500000000000004 2.8136003713857511 90153.395833333343 62.459168534789903 22887.000000000004
decision_type=2 2 2 2 2 2 2 2 2 2 2 2 2 2 2 2 2 2 2 2 2 2 2 2 2 2 2 2 2 2 2 2 2 2 2 2 2 2 2 2 2 2 2 2 2 2 2 2 2 2 2 2 2 2 2 2 2 2 2 2 2 2
left_child=-1 2 3 -2 -3 19 17 43 9 11 12 37 13 -11 25 41 -17 -7 60 20 34 23 -23 35 -12 26 27 -10 -28 -20 -31 32 47 39 57 -22 -37 -9 -39 -34 -41 56 -43 44 -6 52 51 -5 -49 50 -26 -47 53 -45 -52 -19 -16 58 59 -4 61 -18
right_child=1 4 5 31 7 6 -8 8 14 10 24 -13 -14 -15 15 16 18 55 29 -21 21 22 -24 -25 49 -27 28 -29 -30 30 -32 -33 33 -35 -36 36 -38 38 -40 40 -42 42 -44 45 -46 46 -48 48 -50 -51 54 -53 -54 -55 -56 -57 -58 -59 -60 -61 -62 -63
leaf_value=-60.800982698098196 4.5238428880691322 2.6327658076490676 7.9819871847512145 -5.0869468966005131 6.4756694433424276 3.9885150692565841 2.546203712093003 -8.2407751511047138 -0.071486271196164616 7.082519352219057 2.174234924276512 10.966805308748217 2.3095601870213378 5.9048756920002559 0.28934580578354069 3.9104330522299064 -0.51132526392618816 -0.6684114449935783 0.27956706313519941 -20.532656282134926 -21.105155469217816 6.8095034562800674 0.041613766247882697 5.3023529298462702 2.7430519977546219 -2.7214482877462767 -13.596236580795882 6.093533772991206 8.7098579388223474 6.1512438762405433 3.1781192771133968 4.4151094791685823 -0.062634004547402783 4.4222127022113726 3.5311018270328369 4.2301738846995312 -6.6270081964300598 3.1771101555892365 -10.190290505143254 1.0021673791339996 -2.9276055777764252 1.3737349750954804 -0.13744942129959081 1.3800788808122388 -0.025311628494730516 0.23764216773379931 1.6193015240958313 2.8386286807787919 -1.3093104350944864 -3.2177086672674799 -3.5242217040020072 -2.3784410689938427 -5.320991896055788 -42.787599978802717 1.3280135282739951 4.8965531227752965 -0.061983699228186001 -16.710438311472927 -12.968748341091194 -6.3203926293952719 -0.26241345945187106 5.575064438313925
leaf_weight=952 20 34 26 264 20 40 20 147 29 28 37 20 30 29 25 30 21 173 31 1473 212 28 27 24 26 424 108 28 20 20 20 35 235 26 23 22 34 21 21 21 24 20 22 20 119 114 26 22 23 75 30 156 373 28 20 20 283 554 126 51 45 20
leaf_count=952 20 34 26 264 20 40 20 147 29 28 37 20 30 29 25 30 21 173 31 1473 212 28 27 24 26 424 108 28 20 20 20 35 235 26 23 22 34 21 21 21 24 20 22 20 119 114 26 22 23 75 30 156 373 28 20 20 283 554 126 51 45 20
internal_value=-0.000799417 -0.00047757 -0.00110868 0.000577525 0.000403555 -0.00150573 0.00113789 0.00029323 0.000899944 0.00269572 0.00473282 0 0.0114351 0.0153415 0.000138731 0.00146341 0.00420096 0.00033462 0.00290261 -0.00176416 -0.000920948 0.00088159 0.00838475 -0.000523794 0.00161084 -0.00102446 0.00103728 0.00535902 -0.000866511 0.00624473 0.00965087 0.000133825 -0.000165827 0.00110748 -0.0017267 -0.00130921 0.00229946 -0.00123744 0.00263658 0.000417707 0.00425721 0 0.00406176 -0.000858545 0.00129403 -0.00128016 -5.06593e-05 -0.00143643 0.00226164 0.000357379 0.00248357 -0.000655314 -0.00213726 0.00130977 0 -0.000807872 -0.000555015 -0.00192577 -0.000472674 0.00163424 0.000104529 0.00277372
internal_weight=6995 6043 3523 670 2520 2853 253 2486 1630 484 275 209 87 57 1146 537 187 233 157 2600 1127 347 55 292 188 609 185 57 128 71 40 650 615 306 780 268 56 189 42 280 45 350 42 856 139 717 296 309 45 151 76 270 421 48 50 193 308 757 203 77 86 41
internal_count=6995 6043 3523 670 2520 2853 253 2486 1630 484 275 209 87 57 1146 537 187 233 157 2600 1127 347 55 292 188 609 185 57 128 71 40 650 615 306 780 268 56 189 42 280 45 350 42 856 139 717 296 309 45 151 76 270 421 48 50 193 308 757 203 77 86 41
is_linear=0
shrinkage=0.03


Tree=134
num_leaves=63
num_cat=0
split_feature=35 5 12 65 10 46 1 46 45 37 22 35 12 26 25 46 45 43 20 36 63 62 16 22 50 16 40 36 17 59 5 30 42 32 62 23 23 34 66 2 32 60 56 23 48 33 47 29 59 64 54 25 16 46 0 35 5 59 45 21 21 34
split_gain=4.24304 3.78793 3.20734 4.24063 2.38264 2.04026 1.91537 2.52398 1.74437 2.96924 1.9266 1.64615 1.6247 2.58203 1.85808 1.81277 1.51238 1.62062 1.47694 1.32936 1.58716 1.32692 1.26744 1.23485 1.55122 1.18514 2.11009 1.54196 2.93786 1.09207 1.14013 1.07882 1.06136 1.03021 1.00883 0.994192 0.988041 1.14492 0.963705 0.893439 0.879864 0.84828 1.11768 1.04535 1.35321 0.917845 0.841127 0.801333 1.16982 0.848238 2.98872 2.66288 1.01211 2.66034 5.0099 0.737423 0.705261 0.691181 0.688354 0.988265 0.685018 1.10062
threshold=10858.500000000002 1.0000000180025095e-35 73431.500000000015 4160.0000000000009 1.0000000180025095e-35 29687.604166666668 -0.72499999999999987 32444.937500000004 32051.500000000004 18656.000000000004 2.024999999999999 27328.000000000004 113458.50000000001 81.83511591666668 86.189047000000016 32506.895833333339 27408.500000000004 28164.000000000004 21.857291666666672 11441.500000000002 2296.0000000000005 969.10416666666686 -3099.4999999999995 1.5000000000000007 1140.6458333333335 1735.5000000000002 38808.500000000007 13788.500000000002 20.475000000000005 5834.0000000000009 2.5000000000000004 60.131510212924141 44643.687500000007 59.793851171932722 1133.4791666666667 82.932975000000013 67.815885000000009 0.030855533115811799 8303.6666666666679 86.416165000000021 65.842769852174129 983.50000000000011 24.500000000000004 78.465275000000005 350.50000000000006 2.1149563054880112 907.50000000000011 67.542653650195362 719.50000000000011 3573.0000000000005 1893.0000000000002 80.692977500000012 1434.5000000000002 29600.020833333336 89339.500000000015 28912.500000000004 1.5000000000000002 1850.0000000000002 27355.000000000004 3.1084864193732882 2.3186307004211617 1.3110996514655542
decision_type=2 2 2 2 2 2 2 2 2 2 2 2 2 2 2 2 2 2 2 2 2 2 2 2 2 2 2 2 2 2 2 2 2 2 2 2 2 2 2 2 2 2 2 2 2 2 2 2 2 2 2 2 2 2 2 2 2 2 2 2 2 2
left_child=18 2 3 -2 6 16 7 -3 10 12 34 -11 13 14 15 -10 17 -6 33 20 -7 -21 23 24 -23 38 27 -27 -29 47 -31 46 -33 -1 36 -16 -4 -38 40 41 -24 43 -43 -34 45 -45 -28 49 -49 -8 52 -52 58 54 -54 -50 -44 -13 59 -51 61 -9
right_child=1 4 8 -5 5 19 29 60 9 11 -12 57 -14 -15 35 -17 -18 -19 -20 21 -22 22 25 -25 -26 26 31 28 -30 30 -32 32 39 -35 -36 -37 37 -39 -40 -41 -42 42 56 44 -46 -47 -48 48 55 50 51 -53 53 -55 -56 -57 -58 -59 -60 -61 -62 -63
leaf_value=-52.099742103120995 10.439582924109244 5.0374430710345584 -19.023820419366494 0.34602446214008403 -21.228914843661741 -0.18774574157799398 -23.630823153383481 0.12644722429897445 1.4679216440185827 -0.15451928716339752 2.5264442722079079 6.8154435561755591 -2.215261246108629 -0.037120875069378438 4.5051860627659215 4.0253199233005015 -13.360479537007828 2.129249139980431 2.0337876606686653 1.6711708941670143 7.0051343150354484 3.2921764589190441 -0.18670288713213978 -6.3737998802512728 0.16124612031817284 0.097800011518764191 -0.39061809611225878 3.0306817228077003 0.11847276747378786 5.877573182114924 -16.618701150771702 0.8321769619279481 -0.16742498529189015 9.5377488838725224 -13.764148700144597 3.8018565953528283 0.15395730793420789 6.8382798209921223 2.7077914966394863 -0.18109440522150064 0.19089349700274369 7.1478433854608685 1.763028318779388 -0.020469248321866973 0.44901278834912639 0.36633283088820651 1.4674493078022977 3.7577165654324434 -3.1769403353637435 6.3000327724575103 6.1167849064648809 -34.196061642313417 -3.7001454723744183 -14.921461952579982 19.046325148914608 1.5924291204199024 -0.5583805587332521 0.2717898158390778 -12.330545669318031 -16.712885244390613 -0.30054814880936886 7.2100648456174525
leaf_weight=1049 22 22 25 29 24 21 1255 173 26 200 26 30 24 42 27 20 611 35 29 27 35 34 731 20 36 46 179 28 24 39 45 23 44 22 264 20 27 21 33 133 52 21 39 30 31 20 21 26 85 24 24 21 22 73 20 21 140 28 592 25 136 23
leaf_count=1049 22 22 25 29 24 21 1255 173 26 200 26 30 24 42 27 20 611 35 29 27 35 34 731 20 36 46 179 28 24 39 45 23 44 22 264 20 27 21 33 133 52 21 39 30 31 20 21 26 85 24 24 21 22 73 20 21 140 28 592 25 136 23
internal_value=-0.000795129 -0.000475311 0.00140055 0.00868884 -0.000783753 -0.000107051 -0.00141084 0.000635413 0.000919112 0.00224407 -0.000594878 0.000244091 0.00546826 0.00675055 0.00953813 0.0138612 -0.00151768 0.00304568 -0.00250614 0.00042588 0.00497326 0.0002751 0.000167348 0.0036293 0.00552068 -2.63314e-05 0.000808625 0.00492355 0.00846449 -0.001731 0.00160523 0.000211422 0.000985241 -0.00268883 -0.00121032 0.00522293 0.00188782 0.00442827 -0.000827105 0.000661427 -0.00104201 0.00151338 0.000284857 0.00345324 0.00547472 0.00233533 -0.00163418 -0.00186052 0.00038607 -0.00200623 -0.0012358 0.00625277 -0.00168629 0.000886185 0.00691211 -0.000989633 -0.000469012 0.00469879 -0.00215255 0.001222 -9.03414e-06 0.00111678
internal_weight=6995 5895 831 51 5064 2438 2626 354 780 417 363 258 159 135 93 46 670 59 1100 1768 56 1712 1685 90 70 1595 779 98 52 2272 84 681 481 1071 337 47 73 48 816 458 783 325 200 125 81 50 200 2188 132 2056 801 45 756 115 42 106 179 58 641 49 332 196
internal_count=6995 5895 831 51 5064 2438 2626 354 780 417 363 258 159 135 93 46 670 59 1100 1768 56 1712 1685 90 70 1595 779 98 52 2272 84 681 481 1071 337 47 73 48 816 458 783 325 200 125 81 50 200 2188 132 2056 801 45 756 115 42 106 179 58 641 49 332 196
is_linear=0
shrinkage=0.03


Tree=135
num_leaves=63
num_cat=0
split_feature=38 4 17 66 67 20 54 48 45 66 54 13 20 62 39 62 46 27 46 52 62 21 17 25 61 2 20 70 45 50 20 21 16 29 35 13 4 16 62 54 26 61 16 53 30 39 21 41 52 70 7 7 16 26 56 50 16 53 4 16 26 2
split_gain=4.70492 2.89113 3.07618 4.30717 2.58395 2.39685 4.2544 2.36957 2.42817 1.80317 3.35681 2.9357 2.36668 1.93412 1.64582 1.65926 2.3845 2.72215 1.84591 1.82633 1.87343 1.9298 1.5031 1.82316 1.47539 2.66026 1.46505 1.31059 1.39856 2.10765 1.26189 1.23207 1.19631 1.99247 1.13509 1.51823 1.04109 1.28476 1.38903 1.42363 1.23515 1.03951 0.984508 1.14668 0.939403 1.56254 0.923846 0.885976 0.866724 0.825584 0.819773 1.1217 1.27853 0.933656 0.773707 1.9366 0.751476 0.724389 0.921637 0.721184 0.9398 0.837997
threshold=10914.79166666667 17.500000000000004 5.4750000000000005 2719.1041666666674 93358.500000000015 16.995833333333337 706.95833333333337 231.50000000000003 27355.000000000004 7512.5833333333348 662.02083333333337 90261.500000000015 -0.17604166666666665 1016.7500000000001 51884.000000000007 1160.979166666667 29241.375000000004 15.782614211588411 29721.791666666668 1200.5000000000002 2203.9166666666674 3.5884094660227785 20.475000000000005 92.326580000000021 1408.5000000000002 85.285190000000014 18.609375000000004 77805.479166666672 27408.500000000004 330.85416666666669 14.356250000000001 2.5940768234375438 6014.0000000000009 64.014273847436314 27427.000000000004 127506.00000000001 5.5000000000000009 -3701.4999999999995 969.10416666666686 1161.6458333333337 73.149843937500009 3357.5000000000005 -3099.4999999999995 682.50000000000011 55.584599515146103 39629.000000000007 3.0961695348175691 38020.500000000007 1138.5000000000002 122592.43750000001 11.500000000000002 5.5000000000000009 -2795.4999999999995 71.133471187500021 10611.000000000002 778.06250000000011 -3616.4999999999995 2062.5000000000005 15.500000000000002 779.00000000000011 86.495670041666685 73.520695000000003
decision_type=2 2 2 2 2 2 2 2 2 2 2 2 2 2 2 2 2 2 2 2 2 2 2 2 2 2 2 2 2 2 2 2 2 2 2 2 2 2 2 2 2 2 2 2 2 2 2 2 2 2 2 2 2 2 2 2 2 2 2 2 2 2
left_child=-1 5 3 -3 -5 9 -7 8 -8 12 11 -11 13 -2 15 16 17 -10 -17 20 21 31 23 -23 50 -26 -22 30 29 -29 -14 -20 34 -34 36 -36 -9 -38 -39 40 -40 42 43 -15 45 -12 -28 -48 -18 -43 51 -21 -53 -54 -4 -56 -45 -41 -59 -30 61 -61
right_child=1 2 54 4 -6 6 7 32 14 10 44 -13 27 41 -16 18 48 -19 19 24 26 22 -24 -25 25 -27 46 28 59 -31 -32 -33 33 -35 35 -37 37 38 39 57 -42 49 -44 56 -46 -47 47 -49 -50 -51 -52 52 53 -55 55 -57 -58 58 -60 60 -62 -63
leaf_value=-57.671284270383559 6.2758573659250692 3.6379604931104899 -28.978857774392829 3.1464355037771541 -0.41012125229450452 10.751559194924123 6.5968414556756354 -18.692200204542786 14.549404810632025 0.26002165296105195 -0.097655707450794854 11.877486415803315 -18.144178656352846 -2.8432563614731396 7.0294155339165059 -17.538917516841117 3.7004262908858849 1.1507363645745703 2.9642391821970611 -4.1677793124443649 3.9255823635524716 2.4060948504902506 -0.091151113001798442 0.0067778823461095428 -1.0442884751990871 3.6007812406933262 -2.484446946078728 4.6049769722281413 -15.465781059594109 -12.506114390971497 6.8550986870214841 3.7847735384132197 0.87281427331306849 -0.26597153515138366 0.072795494654983126 4.2575939288820734 2.8332553714371334 5.2418098326163092 -0.11914574362162751 -0.33291123145701768 5.1872332879807956 0.51014761073183601 -0.14820599735532136 0.16204866595888007 -6.2883614356101853 2.8978364719111145 3.0809685893852685 -0.038591187642128759 -0.84813344479954367 2.3378385559764525 -0.53090708521998042 3.5095025595842251 1.0182199506987135 -0.12647449586857162 -38.891094403295639 9.9808916339407752 5.9137215277527346 3.684566660094629 -0.26060429096121596 0.84865087897474156 4.6033508201207738 -17.4234856492102
leaf_weight=952 35 24 1090 24 286 21 20 495 22 20 62 20 22 21 25 153 20 29 21 59 21 28 49 20 31 31 85 24 883 36 20 22 25 26 112 22 20 20 23 398 21 145 421 20 62 23 28 37 46 23 200 34 28 36 56 21 21 21 51 125 37 222
leaf_count=952 35 24 1090 24 286 21 20 495 22 20 62 20 22 21 25 153 20 29 21 59 21 28 49 20 31 31 85 24 883 36 20 22 25 26 112 22 20 20 23 398 21 145 421 20 62 23 28 37 46 23 200 34 28 36 56 21 21 21 51 125 37 222
internal_value=-0.000846593 -0.000537142 -0.00167877 0.000853037 -8.70694e-05 -0.000159178 0.000520411 0.000394892 0.00144675 -0.000857679 0.00195617 0.00965087 -0.00111527 0.000319195 0.00124085 0.00104689 0.00440649 0.00927593 0.000597893 0.0012286 0.00297011 0.00554604 0.00315139 0.00692308 -5.72663e-05 0.0042029 0.000841612 -0.00183624 -0.00200286 0.00244592 0.00334917 0.0108585 -0.000493478 0.00399217 -0.000689714 0.00190157 -0.00102374 -0.000124527 -0.000410036 -0.00071776 0.00442177 -4.60766e-05 -0.000757608 0.00275362 -0.000122366 0.00190364 -0.000179881 0.00248848 0.000590014 0.00198096 -0.000806497 0.000802036 0.00278287 0.000234009 -0.00240596 0.000466925 0.00569343 -0.00120613 0.00153953 -0.00221608 -0.0011169 -0.00160761
internal_weight=6995 6043 1501 334 310 4542 2300 2279 1045 2242 187 40 2055 686 1025 1000 117 51 883 730 311 140 97 48 419 62 171 1369 1327 60 42 43 1234 51 1183 134 1049 554 534 514 44 651 483 62 147 85 150 65 66 168 357 157 98 64 1167 77 41 470 72 1267 384 347
internal_count=6995 6043 1501 334 310 4542 2300 2279 1045 2242 187 40 2055 686 1025 1000 117 51 883 730 311 140 97 48 419 62 171 1369 1327 60 42 43 1234 51 1183 134 1049 554 534 514 44 651 483 62 147 85 150 65 66 168 357 157 98 64 1167 77 41 470 72 1267 384 347
is_linear=0
shrinkage=0.03


Tree=136
num_leaves=63
num_cat=0
split_feature=38 5 13 15 38 32 14 54 62 35 32 32 45 38 4 1 68 68 10 36 61 7 53 15 45 57 14 57 10 50 11 44 64 23 20 51 45 5 28 59 5 60 44 43 65 19 63 1 11 62 23 61 36 62 53 53 20 13 17 47 36 34
split_gain=4.47395 2.71458 2.49129 4.36453 1.81358 2.09235 2.70021 1.67584 5.56793 2.22303 1.63844 3.929 1.53147 2.48899 1.40282 1.62221 1.22572 1.21592 1.1789 2.15702 1.8621 1.2304 2.13915 1.14393 3.41414 1.69452 2.21608 1.32546 1.62157 1.97013 1.27759 1.18525 1.58188 1.10757 1.03935 1.89129 1.01442 0.961095 0.949549 0.929651 1.33689 1.04222 1.02813 1.09676 1.18331 1.74262 2.22795 0.892505 0.867458 0.86135 1.07478 1.2006 0.857287 0.830211 0.934788 0.749604 0.746156 0.933753 0.736883 0.717794 0.708486 0.673281
threshold=10914.79166666667 1.0000000180025095e-35 77471.000000000015 5357.3645422949821 14039.687500000002 54.718718554751042 84589.541666666672 684.37500000000011 1938.979166666667 14252.500000000002 60.237202269525277 63.044606792071079 32313.500000000004 23902.812500000004 18.500000000000004 1.4750000000000003 77868.000000000015 107616.50000000001 0.74305326206722599 10842.500000000002 280.50000000000006 7.5000000000000009 1473.5000000000002 11824.819774598882 29259.500000000004 2.5000000000000004 108302.18750000001 1080.0000000000002 0.96386255839173451 409.10416666666669 127250.00000000001 32524.500000000004 1021.5000000000001 57.324194000000013 4.522916666666668 901.50000000000011 27355.000000000004 5.5000000000000009 -8.6062199999999986 5834.0000000000009 2.5000000000000004 956.50000000000011 31345.500000000004 31285.500000000004 2261.5000000000005 22.375000000000004 1799.0000000000002 31.075000000000006 100431.00000000001 1304.9583333333337 67.815885000000009 1369.5000000000002 11441.500000000002 1424.9375000000002 726.50000000000011 829.50000000000011 1.0000000180025095e-35 87450.000000000015 4.3250000000000002 222.50000000000003 11990.500000000002 -0.83674077261546731
decision_type=2 2 2 2 2 2 2 2 2 2 2 2 2 2 2 2 2 2 2 2 2 2 2 2 2 2 2 2 2 2 2 2 2 2 2 2 2 2 2 2 2 2 2 2 2 2 2 2 2 2 2 2 2 2 2 2 2 2 2 2 2 2
left_child=58 2 3 -2 7 6 -6 8 -3 52 16 12 48 -14 23 37 -4 -15 34 20 -20 22 -21 27 -25 26 -26 30 31 -30 36 -29 -33 -8 35 -9 -7 -16 -18 41 -41 42 -27 -44 59 -46 -47 55 -12 50 -40 -52 -10 54 -34 -43 57 -38 -1 61 -58 -45
right_child=1 4 10 -5 5 14 33 18 9 -11 11 -13 13 17 15 -17 38 -19 19 21 -22 -23 -24 24 25 39 -28 28 29 -31 -32 32 53 -35 -36 -37 56 -39 49 40 -42 47 43 44 45 46 -48 -49 -50 -51 51 -53 -54 -55 -56 -57 60 -59 -60 -61 -62 -63
leaf_value=6.3225152907534499 -30.756375426780345 7.0833367894480208 3.2529694038003933 4.3462252720805026 4.4467476608450722 4.9525668499211788 3.5631492508430891 -7.6257228149900635 4.4195791666284618 10.457578579932569 1.9686019607877323 -0.12634830174987191 6.2023066195749879 -1.6155676917336941 -0.152550333071901 -23.929754118013676 1.9820057209784612 5.9181923154244931 8.8151342730373798 -1.7858624021825917 -0.47050370131621383 -12.585594524849984 10.658984337924336 4.917006610889298 2.5908135201623654 -1.4073543134072926 0.026311230913963909 -2.3027992466901712 2.8958064838483715 -0.09499951467520526 5.3504272783037763 4.3407235635584449 -1.2505829850096046 -0.32407675193794477 -26.322912296025528 9.539743301751745 5.6545867465742399 3.6234233067580797 -18.973041794809248 6.0110155214684138 -7.9330444282783628 0.19124919901493398 3.8727252325287336 1.8080802534664639 -0.038939215967257336 7.51893552725954 0.045817228137246049 2.2027494895788542 -0.25898753897688453 -3.6097082080335072 0.52070228175797539 4.0283660521667777 -12.730577794126656 -0.20241144754762178 3.2547247532809043 -1.884297244507521 2.07476629170091 -0.1491918448069415 -58.241121184833901 -0.058438737502628929 -9.45902671130575 0.089947754824895934
leaf_weight=20 24 21 39 36 29 30 20 32 38 20 20 139 38 21 132 544 28 30 22 37 23 247 24 28 20 88 33 198 31 32 31 22 22 85 1002 20 21 31 38 21 25 29 26 20 57 24 22 24 21 306 39 26 180 108 39 444 28 431 932 246 583 48
leaf_count=20 24 21 39 36 29 30 20 32 38 20 20 139 38 21 132 544 28 30 22 37 23 247 24 28 20 88 33 198 31 32 31 22 22 85 1002 20 21 31 38 21 25 29 26 20 57 24 22 24 21 306 39 26 180 108 39 444 28 431 932 246 583 48
internal_value=-0.000863748 -0.000561964 0.00105825 0.00693844 -0.000811555 -0.00042916 0.00324385 -0.00162955 0.000578926 -0.000718186 0.000579787 0.00245262 0.00620292 0.00841751 -0.000573282 -0.00176496 -0.000472591 0.00399217 -0.00203824 -0.000526764 0.00558758 -0.00143135 0.00235679 -0.000263631 0.000451908 0.000191642 0.00542373 -0.000789925 0.000577305 0.00503962 -0.00134241 -0.000138783 0.00153846 0.000970504 -0.00254151 0.0015547 -0.00151496 0.000846106 -0.000933426 -6.42405e-05 0.00409978 -0.000253867 0.00066654 0.00125931 0.000877487 0.00366634 0.00800434 -0.00124321 0.00131387 -0.00130531 0.00104753 0.00341014 -0.00160935 0.000532229 0.00333879 -0.00153456 -0.00167059 -0.000736563 -0.00277597 -2.8654e-05 -0.00235641 0.00268722
internal_weight=6995 6043 805 60 5238 3572 134 1666 259 238 745 269 130 89 3438 707 476 51 1407 353 45 308 61 2731 1155 1127 53 1576 452 63 1124 389 191 105 1054 52 1093 163 437 1074 46 1028 531 443 417 103 46 497 41 409 103 65 218 169 61 473 1063 452 952 314 611 68
internal_count=6995 6043 805 60 5238 3572 134 1666 259 238 745 269 130 89 3438 707 476 51 1407 353 45 308 61 2731 1155 1127 53 1576 452 63 1124 389 191 105 1054 52 1093 163 437 1074 46 1028 531 443 417 103 46 497 41 409 103 65 218 169 61 473 1063 452 952 314 611 68
is_linear=0
shrinkage=0.03


Tree=137
num_leaves=63
num_cat=0
split_feature=38 5 70 36 49 24 49 12 57 58 58 9 35 14 19 54 67 14 21 34 30 57 10 16 70 21 7 66 10 5 35 43 56 2 21 18 34 10 42 16 64 26 66 12 43 52 33 52 12 24 19 43 10 38 20 37 49 41 39 5 43 41
split_gain=4.59547 2.86612 2.75321 2.08639 3.23683 2.50633 2.35612 1.9595 3.56754 1.99798 1.75552 1.65714 1.47817 1.50774 4.54619 1.387 1.71715 2.00881 1.77391 1.36579 2.15507 1.27918 1.25525 1.22919 1.76196 1.21224 1.19717 2.09386 1.44693 1.1133 1.21435 1.51974 1.2439 1.2436 1.09304 1.27308 1.61141 1.44146 1.04211 1.00653 1.05195 1.66423 0.93262 1.36775 1.27165 0.918111 1.7091 0.907651 0.900836 0.849663 1.2939 0.84863 0.844437 0.761332 0.700847 0.698402 0.640536 0.635007 0.607231 0.59755 0.594038 0.844565
threshold=10914.79166666667 1.0000000180025095e-35 85533.625000000015 11441.500000000002 203.50000000000003 84.857410000000016 90.500000000000014 75258.000000000015 14.500000000000002 4652.0208333333339 3145.1666666666674 1.0000000180025095e-35 13300.000000000002 84589.541666666672 15.825000000000001 851.12500000000011 86817.500000000015 96794.916666666686 2.4049303803828272 -0.76593789222234665 67.382948223007915 2918.0000000000005 0.46472317204376884 779.00000000000011 91268.770833333358 3.3633895140514274 8.5000000000000018 2487.0000000000005 0.74305326206722599 4.5000000000000009 17404.000000000004 29120.500000000004 3.5000000000000004 82.043580000000006 3.6351815399507954 20.875000000000004 -1.16760792599036 0.87900005428953576 33311.041666666679 6490.5000000000009 192.50000000000003 81.83511591666668 855.08333333333348 98912.500000000015 33000.500000000007 1212.5000000000002 1.740346205005453 1094.5000000000002 126137.50000000001 81.300510000000017 -0.57499999999999984 32171.000000000004 0.74305326206722599 11226.833333333334 9.9114583333333357 17861.500000000004 740.50000000000011 31088.000000000004 30726.500000000004 2.5000000000000004 31820.500000000004 34290.500000000007
decision_type=2 2 2 2 2 2 2 2 2 2 2 2 2 2 2 2 2 2 2 2 2 2 2 2 2 2 2 2 2 2 2 2 2 2 2 2 2 2 2 2 2 2 2 2 2 2 2 2 2 2 2 2 2 2 2 2 2 2 2 2 2 2
left_child=54 7 53 4 5 6 -4 8 -2 10 15 21 -13 14 -14 52 -17 22 -19 20 34 23 -18 29 -25 -20 27 -6 -29 30 38 -32 33 -33 42 36 37 -36 -5 40 41 -21 43 -15 -44 59 -47 -10 -34 -26 -51 -50 -9 -3 -1 -41 -53 -23 -42 -46 -60 -62
right_child=1 2 3 11 26 -7 -8 9 47 -11 -12 12 13 19 -16 16 17 18 25 39 -22 57 -24 24 49 -27 -28 28 -30 -31 31 32 48 -35 35 -37 -38 -39 -40 55 58 -43 44 -45 45 46 -48 -49 51 50 -52 56 -54 -55 -56 -57 -58 -59 60 -61 61 -63
leaf_value=5.8698996094024887 -4.1631292700126545 7.1835983314756389 -3.6674247408694733 4.997707740991487 -8.8997441250837497 8.5506802448462409 4.5250871597460423 -6.8727619335103256 8.7955378770194823 3.9184049216861578 -0.34426767698272909 -6.9111049600342005 5.8680809560463949 4.1840369460778666 -17.002981869061724 3.439617414491694 -12.505753536016906 8.0962887055391768 -0.1329932308095588 -2.6545903976527563 2.6672954743083137 1.0912299393400389 2.492403333587347 7.9549157849857481 -0.34264360642674951 3.1064748017343877 -21.97852757037807 0.15023903298062799 16.861339952714168 -29.86146122191014 6.2448289457828796 -0.027998242276477979 -0.41446376081609665 8.1366062176143057 -3.8700317053859168 -0.14933518696321244 2.8698770559353486 0.95088835160056706 -10.735028429226301 -0.10945926888650781 1.5824512929194177 2.4587150817746455 -0.50052826966979524 -0.32154921775723383 0.92355212823435762 -0.79277055337984348 3.9383674521429262 3.8718566221299913 -0.47350207916511677 -15.275331299834463 6.2894676072722477 0.1304566772378474 0.33935041533124971 -18.125409372054268 -55.118839568262814 2.0842776823544362 4.1097849570107332 -22.29125109100001 -2.0997924016892808 -5.8549774918044717 0.39530977923427041 -0.065963161525164446
leaf_weight=21 27 29 25 27 36 22 28 91 23 37 333 464 39 34 39 27 95 25 37 32 22 22 35 34 133 24 86 25 21 353 21 21 311 20 27 51 36 27 288 20 20 24 239 25 23 23 23 25 34 22 23 21 26 617 931 22 23 512 349 33 46 866
leaf_count=21 27 29 25 27 36 22 28 91 23 37 333 464 39 34 39 27 95 25 37 32 22 22 35 34 133 24 86 25 21 353 21 21 311 20 27 51 36 27 288 20 20 24 239 25 23 23 23 25 34 22 23 21 26 617 931 22 23 512 349 33 46 866
internal_value=-0.000838016 -0.000532178 -0.000788645 -0.000529824 0.00217194 0.0073502 0.00372881 0.00113278 0.00575233 0.000653334 0.000285672 -0.000681521 -0.000172699 0.000176723 0.00426376 0.00174118 0.00303579 0.00212402 0.00567944 1.08123e-05 0.00125732 -0.00135757 -0.000207533 -0.000856435 0.00123055 0.00284779 -0.000124926 0.00244823 0.00670282 -0.00125458 -0.000606971 0.000385723 0 0.0049635 0.000875993 0.0031467 0.00529412 0.00194085 -0.00203745 -0.000495976 -0.000641688 0.00336898 6.74824e-05 0.0035533 -0.000527705 0.00226249 0.0054013 0.0106653 -0.000524288 1.68438e-05 0.00359202 0.00234315 -0.000922289 -0.00262343 -0.00277597 0.00406176 0.00510204 -0.00260064 -0.000819609 -0.00026738 -0.000903973 -0.000496657
internal_weight=6995 6043 5238 4592 243 75 53 805 75 730 693 4349 2484 2020 78 360 243 216 86 1942 563 1865 130 1331 212 61 168 82 46 1119 766 451 430 41 541 141 90 54 315 1379 1337 56 400 59 341 102 46 48 389 178 45 78 117 646 952 42 44 534 1281 56 1261 912
internal_count=6995 6043 5238 4592 243 75 53 805 75 730 693 4349 2484 2020 78 360 243 216 86 1942 563 1865 130 1331 212 61 168 82 46 1119 766 451 430 41 541 141 90 54 315 1379 1337 56 400 59 341 102 46 48 389 178 45 78 117 646 952 42 44 534 1281 56 1261 912
is_linear=0
shrinkage=0.03


Tree=138
num_leaves=63
num_cat=0
split_feature=38 36 14 5 65 27 68 5 1 30 19 64 60 54 31 45 63 45 15 52 16 27 39 56 21 38 35 61 14 49 26 10 54 30 26 39 45 29 52 17 34 55 35 23 5 38 40 11 29 3 19 37 23 27 35 65 63 34 25 54 36 16
split_gain=4.58618 2.36134 2.41591 1.75754 2.21242 4.04619 2.05899 1.75418 1.5733 2.90514 1.43816 2.64074 1.27245 1.2467 1.56174 1.20787 1.60279 1.1758 1.25493 1.94968 1.46556 1.14787 1.86881 1.38738 1.68401 1.41603 1.64436 1.21489 1.7941 1.63059 1.61983 1.09666 2.10983 1.2106 1.32037 1.0698 1.99706 1.51827 1.75534 1.0603 1.05046 1.56422 1.03648 1.28475 1.00045 1.18125 0.965844 0.969773 1.01443 1.54568 1.70835 0.888138 0.928707 0.880589 1.4302 0.871125 1.67721 0.696852 0.690551 1.00013 1.5862 0.728542
threshold=13057.562500000002 11313.000000000002 91117.937500000015 1.0000000180025095e-35 1927.5000000000002 12.876192793597692 82781.000000000015 2.5000000000000004 1.2750000000000001 53.915034052541152 28.575000000000006 223.50000000000003 1330.0000000000002 628.22916666666686 55.748189860444462 32935.500000000007 7907.5000000000009 27408.500000000004 10197.672242682556 910.50000000000011 -57.499999999999993 10.74907218507429 30854.000000000004 10197.000000000002 3.8958552269583047 13255.312500000002 13395.000000000002 3407.5000000000005 91117.937500000015 669.50000000000011 78.403375604166683 0.74305326206722599 2057.2500000000005 48.439697762812472 86.495670041666685 42706.500000000007 33028.000000000007 63.58619113139202 1270.5000000000002 -0.27499999999999997 -0.74346953406950422 8.5000000000000018 13010.500000000002 66.641512500000019 3.5000000000000004 24534.937500000004 46559.500000000007 98246.500000000015 63.657621198053256 60.263791152673555 1.8750000000000002 12109.500000000002 74.173773000000025 7.2229676460896046 14586.000000000002 1557.5000000000002 3566.5000000000005 -0.36337650472108857 77.236397500000024 871.89583333333337 22483.000000000004 -726.49999999999989
decision_type=2 2 2 2 2 2 2 2 2 2 2 2 2 2 2 2 2 2 2 2 2 2 2 2 2 2 2 2 2 2 2 2 2 2 2 2 2 2 2 2 2 2 2 2 2 2 2 2 2 2 2 2 2 2 2 2 2 2 2 2 2 2
left_child=3 2 -2 4 5 -1 -7 10 9 -5 11 -3 17 14 -14 -15 55 -9 39 20 -20 22 -13 25 -25 26 -23 46 -29 -30 -31 -10 33 -33 -35 51 -37 38 -38 58 41 -21 -6 -44 45 -43 47 53 49 57 -51 52 -27 -24 -55 56 -17 -49 -19 -60 -61 -62
right_child=1 7 -4 8 42 6 -8 12 31 -11 -12 21 13 15 -16 16 -18 18 19 40 -22 23 27 24 -26 35 -28 28 29 30 -32 32 -34 34 -36 36 37 -39 -40 -41 -42 44 43 -45 -46 -47 -48 48 -50 50 -52 -53 -54 54 -56 -57 -58 -59 59 60 61 -63
leaf_value=8.1281285878223173 -1.7724301121751609 2.6399029065050388 3.3789690729907882 3.2492804952928505 -16.839695020745463 6.0398614394590471 -27.503349866382866 2.5226721567827912 -37.702338834709259 -34.450470800997259 -18.49812887137136 1.4888995389112856 -8.8688269458984461 -9.7177171309188388 6.3345488940186394 1.5642822365803148 4.8329719603968444 -6.5033403367207505 2.0235975239820903 3.627684126383576 4.754812883302499 4.9273683036653795 -6.7841486226647003 -0.0012352529490688546 5.0760532251075414 -5.0914622196786823 -2.5891740195088113 6.9939286712348121 -0.068186777935494672 2.1602886688612895 1.3815843963574399 8.4262713109027718 10.26712416563706 -16.473355069607329 5.8022524225381424 -0.063689108341962397 0.28393714714067009 -0.18879520942809833 7.800783709255815 -15.517982329751039 -0.060821813560079735 4.0127295899317739 -13.891361007661697 7.4775496783390274 -0.10893633068358639 -0.18643053178220101 -0.22409605655983714 0.23299658033526971 -0.072508586830671046 1.4797085948096305 7.6025151030655262 -9.385861041309365 1.4730805255211672 2.7281205952171454 -0.10888436666309491 -1.3051514301448521 -3.3946727766677061 -0.37002424186823984 -0.14818718079883775 2.7137657730294373 7.0100433146098124 -0.44919435199763891
leaf_weight=27 22 40 31 20 245 31 60 26 1462 30 145 20 21 975 27 22 22 146 21 37 21 22 77 39 25 23 26 20 72 21 36 37 38 377 23 461 22 21 20 344 315 21 26 33 130 22 156 49 80 39 28 331 29 21 84 212 37 43 91 22 46 25
leaf_count=27 22 40 31 20 245 31 60 26 1462 30 145 20 21 975 27 22 22 146 21 37 21 22 77 39 25 23 26 20 72 21 36 37 38 377 23 461 22 21 20 344 315 21 26 33 130 22 156 49 80 39 28 331 29 21 84 212 37 43 91 22 46 25
internal_value=-0.000855171 -0.000297639 0.0059887 -0.00191524 -0.000149254 0.00332769 0.000263446 -0.000371932 -0.00228876 0.00293413 0.000306137 0.000538474 -0.000884984 -0.00153864 0.00318087 -0.0017199 -2.04715e-05 -0.000203615 -0.00033841 0.000698289 0.00691211 0.000363718 0.00125854 -0.000288491 0.00397816 -0.000577951 0.00442827 0.00100399 0.00342052 0.0020914 0.00588441 -0.00242528 -0.00116186 -0.00175704 -0.00224194 -0.000846655 2.86198e-05 0.00503962 0.00833729 -0.00121495 0.000194248 0.00184198 -0.00150937 0.00203046 0.000623916 0.00459397 0.000374285 0.00112562 0.00238394 0.00377121 0.00724292 -0.00205168 0.0015547 -0.000510709 0.00125595 -0.000663962 0.00253807 0.00120521 0 0.00122216 0.00341568 0.00118143
internal_weight=6995 4586 53 2409 422 118 91 4533 1987 50 1950 1805 2583 1316 48 1268 293 1267 1241 567 42 1765 746 1019 64 955 48 726 149 129 57 1937 475 437 400 907 524 63 42 674 525 210 304 59 173 43 577 421 239 159 67 383 52 182 105 271 59 92 330 184 93 71
internal_count=6995 4586 53 2409 422 118 91 4533 1987 50 1950 1805 2583 1316 48 1268 293 1267 1241 567 42 1765 746 1019 64 955 48 726 149 129 57 1937 475 437 400 907 524 63 42 674 525 210 304 59 173 43 577 421 239 159 67 383 52 182 105 271 59 92 330 184 93 71
is_linear=0
shrinkage=0.03


Tree=139
num_leaves=63
num_cat=0
split_feature=35 10 1 5 18 13 24 50 68 70 70 29 53 32 24 49 49 21 16 63 49 24 51 58 17 62 39 61 26 63 40 55 51 58 44 49 50 5 19 46 41 30 57 49 42 68 15 48 3 2 29 51 27 17 45 34 17 61 0 3 24 63
split_gain=3.75273 2.96695 3.17102 2.84455 3.20347 4.51296 2.63623 2.17636 1.89768 1.79572 1.72597 1.50356 1.53403 1.34827 1.33544 2.11823 2.06071 1.37363 1.33226 2.41348 4.20032 1.38839 1.261 1.20406 1.94094 1.1694 1.48536 1.76383 0.892749 0.92645 2.2093 1.01434 0.957204 1.22364 1.23946 1.19135 0.990083 1.47276 1.80822 1.23522 0.840842 1.02402 0.940896 0.824595 0.817226 1.25249 0.869888 0.800173 1.46545 1.38261 2.22098 0.869578 1.72296 0.97585 1.71362 0.791315 0.783792 0.815981 0.745244 0.74185 0.733893 0.624934
threshold=10858.500000000002 1.0000000180025095e-35 3.0250000000000004 1.0000000180025095e-35 9.1250000000000018 77471.000000000015 48.345931000000007 944.52083333333337 106426.00000000001 85758.645833333358 86264.937500000015 66.514243533064715 1405.5000000000002 59.87896685448063 59.063432500000005 229.50000000000003 210.50000000000003 4.4311515577959044 -675.49999999999989 2602.5000000000005 208.50000000000003 82.769125000000017 974.00000000000011 4680.229166666667 19.775000000000002 1235.3125000000002 41403.000000000007 717.50000000000011 50.476544937500002 7491.5000000000009 33869.500000000007 4170.5000000000009 940.50000000000011 3966.2083333333335 32884.000000000007 83.500000000000014 308.85416666666669 3.5000000000000004 9.9250000000000025 31531.604166666668 40256.500000000007 58.609548265762804 10611.000000000002 2211.5000000000005 52152.479166666672 97948.000000000015 4812.7926346519716 223.50000000000003 58.829333957138523 81.300510000000017 61.75255473737959 2826.0000000000005 11.353011493707362 8.5250000000000021 28321.500000000004 0.5428341955573438 -11.074999999999998 3357.5000000000005 83340.500000000015 63.076878945035062 58.325799000000011 3266.0000000000005
decision_type=2 2 2 2 2 2 2 2 2 2 2 2 2 2 2 2 2 2 2 2 2 2 2 2 2 2 2 2 2 2 2 2 2 2 2 2 2 2 2 2 2 2 2 2 2 2 2 2 2 2 2 2 2 2 2 2 2 2 2 2 2 2
left_child=13 2 6 4 8 -6 -2 14 -3 -5 -11 47 -13 -1 -7 16 -16 -17 56 20 -20 60 -23 25 -25 26 58 -28 -27 32 -31 55 33 -30 -35 -34 37 38 -37 -38 41 -41 44 -14 -42 -46 -47 48 -4 -50 -51 53 -53 54 -49 -32 -8 -58 -12 -43 -21 -26
right_child=1 3 11 9 5 7 18 -9 -10 10 23 12 43 -15 15 17 -18 -19 19 21 -22 22 -24 24 61 28 27 -29 29 30 31 -33 35 34 -36 36 39 -39 -40 40 42 59 -44 -45 45 46 -48 51 49 50 -52 52 -54 -55 -56 -57 57 -59 -60 -61 -62 -63
leaf_value=-42.993086411414282 3.5801922812765232 -4.0106321103267373 -14.053277308896757 -13.375702224803458 6.8064521531364193 -11.564658464250234 5.2863882711695167 -0.19296262380966298 5.004779911506537 7.5337436125518122 1.3361167494407609 4.4647659498591326 -0.33767313629695173 7.9520114279094063 6.023533560751904 4.0327182679306643 -0.070398817544567768 2.7461555089682967 -7.7984452162280204 1.2119552667431479 2.5896385015995258 0.034670791304952819 7.5667601728887206 1.704386085444082 -0.060793765256600178 0.45218093185470354 0.621466651137488 1.6791898227026298 -7.3840815388212384 2.570758523108168 -0.50949766497604221 1.8993263855820146 2.4551788356979878 -0.071133505256464266 1.2177181617269044 0.18377578124752542 -6.1335142071056872 -13.645694482870985 2.6684724530045267 6.8717809117948434 -4.3200757322221799 -0.1261834841371049 1.8535490109826138 5.0038969223579581 2.2074283984170702 0.669827947888467 -0.058091530826208902 3.9479732060802477 -6.5075424082284385 6.6229047492092779 0.24578504877102239 3.7941813398013617 -6.933440174482671 -27.029962491740079 -8.0209729507047438 2.0753565142949393 -2.6000450816532732 0.7880183816755143 -1.9550814892517911 1.0711629614523837 -0.17223813652369788 0.799013808078327
leaf_weight=1077 21 132 411 269 26 29 31 56 24 20 36 35 190 23 32 34 51 20 21 26 24 29 30 32 89 20 37 23 466 22 89 23 21 53 22 39 300 43 39 21 179 77 38 22 20 21 261 28 118 31 48 22 89 1298 105 27 284 52 72 35 138 44
leaf_count=1077 21 132 411 269 26 29 31 56 24 20 36 35 190 23 32 34 51 20 21 26 24 29 30 32 89 20 37 23 466 22 89 23 21 53 22 39 300 43 39 21 179 77 38 22 20 21 261 28 118 31 48 22 89 1298 105 27 284 52 72 35 138 44
internal_value=-0.000842305 -0.000541467 -0.00119092 0.000155166 0.00248701 0.00460701 0.000653863 0.00320126 -0.000864831 -0.000230098 5.53218e-05 -0.00169705 0.000509914 -0.0024516 0.00493076 0.00617068 0.00310469 0.0108133 0.000302314 0.00191346 0.00824834 0.000618556 0.00456853 -2.51275e-05 0.00243489 -0.00023134 0.00215943 0.0059401 -0.000454271 -0.000526141 0.00163873 0.000215671 -0.00074124 -0.00177416 0.00175766 -0.000227585 -0.000369025 0.00218002 0.00464789 -0.000696356 3.22029e-05 0.00216379 -0.000508573 -0.000438473 -0.000873 6.95127e-05 -0.000436016 -0.001952 -0.00102121 0.00109589 0.00417193 -0.00231697 0.000216021 -0.00251555 -4.50796e-05 -0.000904393 -0.00086625 -0.00129426 2.77514e-05 0.000990187 -0.000786107 0.000811419
internal_weight=6995 5895 3053 2842 404 248 656 222 156 2438 2169 2397 247 1100 166 137 83 54 635 268 45 223 59 2149 165 1984 168 60 1816 1796 161 139 1635 541 75 1094 1073 121 78 952 652 133 519 212 481 302 282 2150 608 197 79 1542 111 1431 133 116 367 336 108 112 164 133
internal_count=6995 5895 3053 2842 404 248 656 222 156 2438 2169 2397 247 1100 166 137 83 54 635 268 45 223 59 2149 165 1984 168 60 1816 1796 161 139 1635 541 75 1094 1073 121 78 952 652 133 519 212 481 302 282 2150 608 197 79 1542 111 1431 133 116 367 336 108 112 164 133
is_linear=0
shrinkage=0.03


Tree=140
num_leaves=63
num_cat=0
split_feature=35 10 1 36 45 23 66 20 52 58 54 5 37 35 46 20 2 50 53 16 36 35 54 20 46 66 59 28 47 1 35 64 54 63 44 36 16 17 46 33 53 29 7 31 66 61 55 26 45 26 63 26 47 49 50 51 53 26 49 19 64 63
split_gain=3.94876 3.03581 2.50403 2.22232 3.42884 2.13588 2.44197 1.91454 3.29462 3.1985 2.0874 1.90826 2.84091 1.84055 1.82004 1.87204 2.04796 2.10244 1.71133 2.28274 1.66119 1.595 1.48273 1.55825 1.31374 1.30083 1.29953 1.41434 1.28835 1.19568 1.79991 1.19137 2.49236 2.27392 1.00884 0.946435 0.870853 2.53274 1.35667 0.864486 0.837854 0.805282 1.2002 0.800593 0.921007 0.79046 1.11605 0.992911 0.874918 0.872768 0.78167 0.900423 0.774768 0.890776 1.7056 1.08587 0.737009 0.716018 0.80579 0.728017 0.70802 0.702174
threshold=10858.500000000002 1.0000000180025095e-35 3.0250000000000004 10017.000000000002 29315.500000000004 61.187628000000011 2923.5000000000005 14.63854166666667 1238.5000000000002 2041.7291666666667 1107.1458333333337 1.0000000180025095e-35 15517.500000000002 22507.000000000004 27671.708333333336 21.352083333333336 94.523912500000009 389.60416666666669 1154.5000000000002 2440.5000000000005 14546.500000000002 27427.000000000004 2045.6250000000002 21.857291666666672 32482.625000000004 8492.9375000000018 4632.0000000000009 1.3655325000000007 221.50000000000003 -2.0249999999999995 29384.500000000004 3752.5000000000005 1893.0000000000002 3770.0000000000005 31523.500000000004 20522.500000000004 1196.0000000000002 15.525000000000002 29653.604166666672 2.3730762149496694 1701.5000000000002 60.611335332659159 11.500000000000002 60.728503532414301 661.68750000000011 3357.5000000000005 3298.5000000000005 74.005179562500004 33841.500000000007 67.946232750000021 444.50000000000006 80.504502437500022 243.50000000000003 217.50000000000003 330.85416666666669 1200.5000000000002 860.50000000000011 68.732322520833335 195.50000000000003 17.675000000000001 4235.5000000000009 6692.0000000000009
decision_type=2 2 2 2 2 2 2 2 2 2 2 2 2 2 2 2 2 2 2 2 2 2 2 2 2 2 2 2 2 2 2 2 2 2 2 2 2 2 2 2 2 2 2 2 2 2 2 2 2 2 2 2 2 2 2 2 2 2 2 2 2 2
left_child=22 2 5 4 -3 6 -2 13 9 10 -9 12 -10 25 -11 16 17 18 19 -16 -8 31 23 -1 -23 52 61 -28 -24 30 -22 -4 36 -34 -13 40 41 38 -38 -14 57 -33 -43 44 -36 46 -15 -47 49 -48 51 -45 -5 54 -54 -56 -55 59 -59 -17 -49 -7
right_child=1 3 21 7 -6 26 20 8 11 14 -12 34 39 45 15 35 -18 -19 -20 -21 29 24 28 -25 -26 -27 27 -29 -30 -31 -32 32 33 -35 43 -37 37 -39 -40 -41 -42 42 -44 50 -46 47 48 60 -50 -51 -52 -53 53 56 55 -57 -58 58 -60 -61 -62 -63
leaf_value=-48.947535269303259 2.6276892614858598 -21.592887898946834 -20.679293917216157 -11.610241821211019 7.6090387480835222 -0.58618119541802149 3.2037577781271587 4.0807492573790629 4.3137818975417117 -9.7303358369313759 1.7969356577221538 -10.667707382473772 0.53028525079449451 -0.11158089374634754 7.523391547827214 4.1781970066511285 -6.3941601949806106 1.0592334308470117 -0.070616102226538052 0.73549849446735993 14.335043411209844 -0.01952243321031397 -24.132617118137912 3.5619047668648265 3.6576899947487163 1.6625840979589042 6.7802738775652935 -0.47176128510884163 7.7475856883110685 -9.8487805721748725 -0.98669365275139931 -12.250058293785631 7.2049315755384926 -2.8687773396646099 0.96063117168120926 1.6696663025028284 10.502619717589363 -43.614405715352532 -2.9383207951242167 -0.50966525858381317 0.47770066454824045 4.1934862334634362 -12.328709916199861 -0.11636488925894245 0.043116094666206854 2.367846956321952 0.032595691271557869 0.52564495236638331 -0.12814776645059986 0.53569326645141035 -0.16166118466943127 2.0069005943121598 7.0845886476976121 0.20571160072711892 -15.993730816963913 2.679122501882953 -8.4576369408605725 3.0410734432264492 -0.11540661595674188 -0.16606656198587924 -0.65748704904059541 0.85439512545032803
leaf_weight=1015 20 22 1445 613 33 325 28 21 35 67 20 280 30 158 33 51 21 27 34 23 22 178 24 29 26 31 20 24 32 68 29 492 30 23 28 32 33 65 21 38 27 31 53 43 210 29 21 20 28 26 278 30 30 53 62 21 156 21 106 49 35 120
leaf_count=1015 20 22 1445 613 33 325 28 21 35 67 20 280 30 158 33 51 21 27 34 23 22 178 24 29 26 31 20 24 32 68 29 492 30 23 28 32 33 65 21 38 27 31 53 43 210 29 21 20 28 26 278 30 30 53 62 21 156 21 106 49 35 120
internal_value=-0.000773685 -0.000465133 -0.00112214 0.000239611 0.0062069 0.000516689 0.00344704 0.000120555 0.000847682 0.00274572 0.0108029 -0.000188253 0.00366634 -0.000729484 0.00206475 0.00279415 0.0056698 0.00722459 0.00496115 0.00818182 0.00208022 -0.0015719 -0.00242433 -0.00268078 0.000955413 -0.00138185 -0.00047843 0.00442177 0.00229946 0.000503778 0.00399217 -0.0018084 -0.000830104 0.00542373 -0.000648948 0.00139462 -0.00131204 0.00100756 0.00582255 4.40521e-05 0.000767414 -0.00179656 0.000891795 5.09244e-05 0.00139857 0.00124882 0.00033462 0.00374554 0.00335553 0.00585987 -0.000854458 0.00188782 -0.00158486 -0.00038187 0.00175066 -0.000433214 -0.0015495 0.00015852 -0.00132179 0.00206793 0.00130671 -0.000970569
internal_weight=6995 5895 3053 2842 55 656 167 2787 1504 532 41 972 103 1283 491 424 138 117 90 56 147 2397 1100 1044 204 966 489 44 56 119 51 2193 748 53 869 286 695 119 54 68 254 576 84 589 238 317 233 84 75 47 351 73 935 322 113 83 209 227 127 100 55 445
internal_count=6995 5895 3053 2842 55 656 167 2787 1504 532 41 972 103 1283 491 424 138 117 90 56 147 2397 1100 1044 204 966 489 44 56 119 51 2193 748 53 869 286 695 119 54 68 254 576 84 589 238 317 233 84 75 47 351 73 935 322 113 83 209 227 127 100 55 445
is_linear=0
shrinkage=0.03


Tree=141
num_leaves=63
num_cat=0
split_feature=38 25 30 10 37 50 70 38 17 66 48 45 54 45 18 50 49 29 40 67 59 45 66 37 43 51 37 18 22 66 25 26 38 32 67 14 70 10 33 17 25 32 59 26 33 55 33 26 58 21 51 28 28 66 58 29 43 52 32 36 35 49
split_gain=4.99099 2.75052 2.8616 4.20057 2.4445 2.304 1.97824 1.68419 1.472 3.01671 1.35561 1.39822 4.26188 1.55224 1.46975 1.24147 1.64281 1.84701 1.22943 1.78336 1.62931 2.20758 1.51246 1.94202 1.41591 1.77521 2.13036 1.39643 1.46873 1.38961 2.25594 1.45615 2.36555 1.31465 1.53275 1.44306 3.15282 1.92383 1.63792 1.77142 2.34305 1.55779 1.27458 1.26474 1.24552 1.23442 1.61129 1.10422 1.03596 1.41724 1.0269 1.15634 0.961664 0.912151 0.901081 0.862905 0.766793 0.757739 0.846293 0.750076 0.743326 2.0939
threshold=10914.79166666667 59.561895500000006 49.854664890784001 0.74305326206722599 7989.5000000000009 310.31250000000006 85533.625000000015 11768.72916666667 9.9250000000000025 3205.3958333333335 79.500000000000014 27791.000000000004 1089.3333333333337 29091.000000000004 17.875000000000004 212.83333333333334 83.500000000000014 61.695160674873513 38523.500000000007 100646.00000000001 1059.5000000000002 32694.500000000004 2669.354166666667 18656.000000000004 32949.500000000007 1629.5000000000002 27803.500000000004 9.5750000000000011 -0.7000000000000004 1007.1458333333334 90.673425000000009 76.927218104166684 24086.354166666668 60.701864357137467 95294.000000000015 86279.791666666672 92550.041666666686 0.56392291514228221 2.8204131660094212 19.225000000000005 92.326580000000021 57.339665320521128 937.50000000000011 75.584710750000013 2.8979711966441326 7193.5000000000009 2.2562314801243382 58.883924708333346 2078.1875000000005 3.0961695348175691 1336.5000000000002 -0.71676700000000071 0.31229649999999515 6492.666666666667 4652.0208333333339 66.668401477669406 32029.500000000004 2040.5000000000002 55.459663452924531 11947.500000000002 27427.000000000004 2211.5000000000005
decision_type=2 2 2 2 2 2 2 2 2 2 2 2 2 2 2 2 2 2 2 2 2 2 2 2 2 2 2 2 2 2 2 2 2 2 2 2 2 2 2 2 2 2 2 2 2 2 2 2 2 2 2 2 2 2 2 2 2 2 2 2 2 2
left_child=-1 8 3 7 -4 -5 48 -3 9 47 -8 12 -12 57 -14 59 17 -17 27 -20 29 60 23 52 -24 53 -27 -18 -29 30 31 56 -33 34 35 -30 37 -37 -38 40 -40 -39 45 -44 -36 54 -47 -2 49 -6 -11 -52 -23 -26 -31 -10 -21 -13 -59 -15 -22 -62
right_child=1 2 4 5 6 -7 10 -9 55 50 11 13 14 15 -16 16 18 -19 19 20 21 22 24 -25 25 26 -28 28 33 42 -32 32 -34 -35 44 36 38 41 39 -41 -42 -43 43 -45 -46 46 -48 -49 -50 -51 51 -53 -54 -55 -56 -57 -58 58 -60 -61 61 -63
leaf_value=-49.038103226291085 9.1594191538923759 2.0166702845230424 3.503727749085781 9.2309022817403665 -22.365238874894864 4.399955513886983 0.95443258973614675 -6.5456531767943993 -17.013750230857024 -7.1029229303073871 6.7615017620669686 -16.036791736718438 -2.2897006696177469 2.75814894083017 5.4318315086186404 4.4186188188221545 -9.2917561960088193 -0.19473004807450378 -0.77477354319186376 4.567840273513033 -7.1595536264719843 0.54365315142705539 -6.33688011010649 -0.35506793767840461 -0.093014992284113959 8.230550023124156 1.344313897579082 -0.88068138677526309 -1.8813089942072572 -0.13376603638791132 2.2445487391495913 4.0629187937509581 0.30926238370265635 -1.5102738096897197 0.40219046456740143 1.382554764037236 -10.989000048721016 2.7955504466853633 1.2967848576059646 -0.069464815527720866 0.094157403027051279 7.4606171232274265 1.5668345722250441 0.046344249362329136 3.990349370733878 6.4420998007714996 -0.014103047503167571 4.8037528609183173 -18.004788868244074 4.410964978226203 1.149629487238518 -0.051372821796810499 7.3058812478346651 0.80435748180699895 1.0940645590225064 1.7247609096756455 -0.15755918727846796 4.3579034362208491 -8.5950198213914142 -7.1798583200491679 -0.098453588121162672 4.2361799024677067
leaf_weight=952 21 22 37 34 34 21 33 85 1042 249 21 242 63 22 20 32 112 32 614 21 518 20 128 32 182 21 28 65 68 423 20 27 39 41 21 30 62 21 24 34 23 22 29 38 29 29 40 21 441 34 21 37 33 23 38 22 45 20 20 359 135 23
leaf_count=952 21 22 37 34 34 21 33 85 1042 249 21 242 63 22 20 32 112 32 614 21 518 20 128 32 182 21 28 65 68 423 20 27 39 41 21 30 62 21 24 34 23 22 29 38 29 29 40 21 441 34 21 37 33 23 38 22 45 20 20 359 135 23
internal_value=-0.00075653 -0.000437855 -8.35842e-05 0.00383097 -0.000226271 0.0105626 -0.000291125 0.000336134 -0.00159649 8.59345e-05 -6.19573e-05 -0.000114166 0.00331412 -0.000209242 0.000216606 -3.59689e-05 0.000160468 0.0049142 5.98404e-05 -0.00022146 0.000233074 -0.000477649 0.00110469 0.00472385 0.000290499 0.00159386 0.00672098 0.00134215 0.00210634 0.00132159 0.0038856 0.00242998 0.00558245 0.00283124 0.00345705 0.00258712 0.00378991 0.00886457 0.001174 0.00399507 0.0077707 0.0129466 0.000663205 0.00456036 0.00832335 0.000164119 0.00390738 0.0076247 -0.00205068 0.00136564 -0.000937806 0.00263339 0.00824859 0.000351048 -0.000390372 -0.00215111 -0.000680787 -0.00235023 0.00142145 -0.00165311 -0.00157521 0.000208728
internal_weight=6995 6043 4630 162 4468 55 4431 107 1413 349 3922 3889 104 3785 83 3503 3122 64 3058 2506 1892 1143 467 85 382 254 49 552 440 749 152 132 66 375 334 284 216 73 143 81 47 43 597 67 50 530 69 42 509 68 307 58 53 205 461 1064 66 282 40 381 676 158
internal_count=6995 6043 4630 162 4468 55 4431 107 1413 349 3922 3889 104 3785 83 3503 3122 64 3058 2506 1892 1143 467 85 382 254 49 552 440 749 152 132 66 375 334 284 216 73 143 81 47 43 597 67 50 530 69 42 509 68 307 58 53 205 461 1064 66 282 40 381 676 158
is_linear=0
shrinkage=0.03


Tree=142
num_leaves=63
num_cat=0
split_feature=70 40 18 66 35 4 5 64 40 63 33 15 17 1 70 23 64 33 17 5 35 48 65 41 43 1 31 24 49 16 20 18 66 1 43 44 24 67 53 12 51 42 28 60 66 25 56 28 27 60 16 67 44 30 11 30 42 10 63 35 25 0
split_gain=4.11743 3.15851 4.81175 4.35792 3.05309 1.99626 1.97225 1.54394 2.52181 1.81389 1.59874 1.50594 2.53278 1.84482 1.94394 3.56253 2.39247 2.29898 1.65337 1.38033 1.41526 1.81216 1.88445 1.94887 1.88371 1.57922 3.24831 1.33216 1.28964 1.47756 1.18092 1.80051 2.88466 1.10911 1.10613 2.91937 1.06114 1.0517 1.05073 1.02621 1.00128 0.96588 0.972548 0.953124 1.32737 2.87167 1.30199 0.909479 0.893185 1.74355 1.39047 1.21023 0.863761 0.815875 1.66202 0.807083 1.24721 0.715712 1.63985 0.733827 0.832348 0.718173
threshold=89338.166666666672 38437.500000000007 9.3750000000000018 7731.3750000000009 17317.500000000004 18.500000000000004 1.0000000180025095e-35 2577.5000000000005 41594.000000000007 3741.5000000000005 1.9972803736981795 5164.9042243936883 12.125000000000002 15.725000000000001 91939.854166666672 67.019027000000008 1414.5000000000002 2.8760523301839407 19.225000000000005 2.5000000000000004 10979.500000000002 252.50000000000003 3708.5000000000005 39312.500000000007 28030.000000000004 17.875000000000004 54.964888829772768 76.122080000000011 94.500000000000014 -1637.4999999999998 0.65104166666666685 -0.27499999999999997 3205.3958333333335 16.525000000000002 32833.500000000007 32782.500000000007 82.226833000000013 144947.00000000003 688.50000000000011 111507.50000000001 1033.5000000000002 43272.916666666679 4.6129855000000015 923.50000000000011 1007.1458333333334 90.673425000000009 20.500000000000004 0.96326949999999922 9.9953410217683754 3867.5000000000005 -2844.4999999999995 107385.00000000001 32040.500000000004 61.255133575186377 113893.50000000001 49.854664890784001 36292.062500000007 0.46472317204376884 192.50000000000003 13300.000000000002 58.042242500000008 99033.000000000015
decision_type=2 2 2 2 2 2 2 2 2 2 2 2 2 2 2 2 2 2 2 2 2 2 2 2 2 2 2 2 2 2 2 2 2 2 2 2 2 2 2 2 2 2 2 2 2 2 2 2 2 2 2 2 2 2 2 2 2 2 2 2 2 2
left_child=19 2 41 11 30 6 7 10 -9 -10 -6 -4 -13 -14 15 -15 -17 28 36 20 -1 22 24 -24 33 26 -26 -20 29 -16 31 -3 -33 -22 37 -36 -19 43 -37 -7 -28 42 55 44 45 46 47 -8 49 50 -40 -52 -39 54 -45 56 -2 -32 -59 -60 61 -61
right_child=1 4 3 -5 5 39 34 8 9 -11 -12 12 13 14 17 16 -18 18 27 -21 21 -23 23 -25 25 -27 40 -29 -30 -31 57 32 -34 -35 35 38 -38 52 48 -41 -42 -43 -44 53 -46 -47 -48 -49 -50 -51 51 -53 -54 -55 -56 -57 -58 58 59 60 -62 -63
leaf_value=-32.377905157206605 3.0579530721457884 -8.7418395188651612 -33.033391687327168 4.9020677455280213 0.33273307139111863 0.7084650674845665 4.37464531715161 -0.17473465535979207 5.0113192277191336 1.5362648254313935 -0.1113344503382994 5.3189835151039278 -2.1188946798771515 -11.370843791318753 -6.6153213754846742 11.072968615097974 4.27352271705628 1.2722905966793832 4.4839634232062648 -20.297701291175272 -23.980787722189518 -10.803127541360627 -9.9076059212556391 7.3744738121493612 18.237840568612111 -0.18918513657513789 -0.80790052717936189 -0.02564341680004838 -6.4451247951365405 3.1152657890320152 -24.093156526095282 5.5093887498448533 -1.853405572137933 1.8103064531937112 3.6803501568171271 -1.0859028544856448 4.3610669233508776 0.17377532391833994 5.0776558979479853 -10.627704224490005 4.3352660246230004 2.0296651993261654 3.6717495762415679 -0.16184019483864889 -0.065791322078873629 2.3330143199882527 -0.094439827748786787 0.48606716421910706 -0.59603606669346587 6.7583784735391621 0.43477226326828633 -0.14406239378550986 1.7705832610786669 -0.78812514073204853 1.6683484600846517 -10.250112608913344 -2.2912817561594081 4.9467255437831943 -10.826944073941673 4.9088391231005515 -0.4505059866419705 -1.0280864376096561
leaf_weight=228 20 79 54 32 30 103 22 36 30 35 94 38 81 21 20 23 30 31 24 1158 54 214 167 24 24 28 31 64 105 31 908 21 33 22 28 104 28 20 28 419 38 23 25 65 348 26 73 35 53 36 20 157 20 547 24 323 23 31 282 24 256 24
leaf_count=228 20 79 54 32 30 103 22 36 30 35 94 38 81 21 20 23 30 31 24 1158 54 214 167 24 24 28 31 64 105 31 908 21 33 22 28 104 28 20 28 419 38 23 25 65 348 26 73 35 53 36 20 157 20 547 24 323 23 31 282 24 256 24
internal_value=-0.00075653 -0.000297179 0.00121373 0.00297372 -0.000673133 2.03979e-05 0.00048823 0.00311861 0.00587537 0.00940092 0.000846091 0.00233957 0.00286031 0.00223314 0.00311854 0.00748988 0.0116384 0.00203893 0.00473147 -0.00191188 -0.000972173 -0.000204286 0.00101262 -0.0010989 0.00307458 0.00540049 0.00728249 0.00207718 -0.000480462 0.00340509 -0.00165913 0.00103681 0.00526802 -0.000591328 0.000117676 0.00142924 0.00862944 -0.000353361 0.000761115 -0.00161463 0.00390738 -0.00125332 -0.00161084 -0.000523639 0.000446339 0.00274824 0.000899308 0.00430823 0.0016831 0.00246371 0.00137494 0.00037267 0.00441396 -0.00129697 0.0013468 -0.00200765 0.00180974 -0.00189627 -0.00109869 -0.0014588 -0.000424203 0.00318087
internal_weight=6995 5007 996 582 4011 2353 1831 225 101 65 124 550 496 458 377 74 53 303 147 1988 830 602 388 191 197 121 93 88 156 51 1658 133 54 76 1606 426 59 1180 398 522 69 414 391 1140 504 156 130 57 294 241 205 177 40 636 89 366 43 1525 617 586 304 48
internal_count=6995 5007 996 582 4011 2353 1831 225 101 65 124 550 496 458 377 74 53 303 147 1988 830 602 388 191 197 121 93 88 156 51 1658 133 54 76 1606 426 59 1180 398 522 69 414 391 1140 504 156 130 57 294 241 205 177 40 636 89 366 43 1525 617 586 304 48
is_linear=0
shrinkage=0.03


Tree=143
num_leaves=63
num_cat=0
split_feature=38 5 66 11 30 12 4 20 36 45 38 19 20 51 67 48 53 63 62 67 52 21 28 18 34 63 44 67 22 66 67 42 54 19 3 21 45 67 27 42 0 32 22 30 2 35 3 42 25 14 11 36 54 39 25 48 2 53 62 27 56 21
split_gain=4.88533 3.34621 4.17272 4.04808 3.40594 4.52336 2.45335 1.94931 1.83344 3.07849 2.36201 1.78609 1.73646 3.99373 3.66839 3.40396 3.2827 2.00312 1.92392 1.75687 1.72041 1.89561 1.49008 1.42359 1.32699 1.32682 1.44466 1.16995 1.77609 1.49145 1.14845 1.13397 1.12679 1.19205 1.77964 1.04466 1.80163 1.0114 1.00868 1.5585 1.62446 1.40185 1.19885 0.928389 0.925242 0.88029 1.4112 0.981272 0.8255 1.35962 1.63726 0.954722 1.00596 0.808937 0.79735 1.06641 0.795943 0.7119 0.702217 1.92089 0.787789 1.77025
threshold=10914.79166666667 2.5000000000000004 7657.6250000000009 84444.500000000015 55.657568433620256 85418.000000000015 19.500000000000004 4.3229166666666679 10556.000000000002 29414.500000000004 15227.854166666668 8.9750000000000014 17.072916666666671 822.50000000000011 96924.000000000015 208.50000000000003 1277.5000000000002 123.50000000000001 900.54166666666686 89879.500000000015 2623.5000000000005 3.1084864193732882 -8.6062199999999986 23.375000000000004 1.2775751238284487 1779.5000000000002 31744.500000000004 86350.000000000015 -0.42500000000000066 2188.0625000000005 81855.500000000015 52467.437500000007 2133.166666666667 21.575000000000006 64.436202522094277 2.1788737682471235 27867.500000000004 119174.00000000001 8.5245359895990731 45972.895833333343 104377.00000000001 55.459663452924531 -1.0000000180025095e-35 46.735554734315343 66.440730000000016 24216.000000000004 64.436202522094277 52729.229166666672 67.141087500000012 88247.645833333358 78102.500000000015 13994.000000000002 1499.1041666666667 59154.000000000007 66.778745000000001 1320.0000000000002 67.988417000000013 812.50000000000011 1235.3125000000002 9.8875429141196634 3.5000000000000004 2.5159899350551846
decision_type=2 2 2 2 2 2 2 2 2 2 2 2 2 2 2 2 2 2 2 2 2 2 2 2 2 2 2 2 2 2 2 2 2 2 2 2 2 2 2 2 2 2 2 2 2 2 2 2 2 2 2 2 2 2 2 2 2 2 2 2 2 2
left_child=-1 6 8 -4 5 -5 12 11 9 -3 43 37 18 14 -14 16 25 -17 44 35 22 -22 -19 31 38 -15 -27 28 -24 -30 -31 48 33 54 -35 36 -20 -8 39 40 41 -21 -42 -10 -2 -29 -47 -48 -12 50 -50 52 -51 -41 55 -33 -26 -56 59 -53 61 -60
right_child=1 2 3 4 -6 -7 7 -9 10 -11 23 -13 13 15 -16 17 -18 20 19 24 21 -23 27 -25 56 26 -28 45 29 30 -32 32 -34 34 -36 -37 -38 -39 -40 53 42 -43 -44 -45 -46 46 47 -49 49 51 -52 58 -54 -55 57 -57 -58 -59 60 -61 -62 -63
leaf_value=-46.796714925994287 0.64297906830191176 -8.2461860976227346 -4.1429886793969812 0.1435310051653273 -1.1021070250417224 4.929854170512594 -1.1294565755076305 -24.919394604089074 8.7754155043842843 7.4434550477890573 -9.0610997990311883 3.3052327283306848 9.05008405494236 -0.018962470822773466 0.27593769803317209 0.56516610672627621 5.8232215269569814 2.3161087916396927 5.5880723179685212 6.940902742731927 -0.84617416088375375 5.1404391406371559 -7.5692628730659059 -2.8525270640114644 9.9800011135173836 3.4098085368830966 1.9479416346491987 -0.58164232360461898 2.5637046678688047 -1.1446468502294396 2.8168443580581086 -0.057851804007313941 -0.58982364882567717 0.0075805093169915008 7.4787175883562469 -14.895224868270155 -30.878281106313757 0.8421502150262935 -0.94059920668118258 -0.143601167097402 0.17158413659031252 -2.8441742457123929 1.2007598761945106 -19.204886489888292 5.8545689540856571 4.5943363392075183 2.8760580749861635 -0.096620203758716952 -0.13840969850136098 4.2087996133126984 5.2345746761957743 -4.2948701460756178 -0.12013946914317772 1.4847452977721967 0.54300261947319062 1.0216316528754719 0.881309892195976 -0.078070189305438575 4.7297083364371897 3.8759348516826546 -0.89162009004784037 -3.9616109590886879
leaf_weight=952 20 31 57 22 32 38 56 336 22 23 207 21 36 48 30 21 21 32 20 39 29 39 35 642 21 23 20 491 22 27 23 20 48 22 22 281 40 27 324 123 37 71 38 1288 22 21 36 133 20 20 25 61 23 26 38 21 30 62 43 25 563 49
leaf_count=952 20 31 57 22 32 38 56 336 22 23 207 21 36 48 30 21 21 32 20 39 29 39 35 642 21 23 20 491 22 27 23 20 48 22 22 281 40 27 324 123 37 71 38 1288 22 21 36 133 20 20 25 61 23 26 38 21 30 62 43 25 563 49
internal_value=-0.000777974 -0.000462677 -0.00108028 0.00382294 0.00771987 0.0119301 0.000343629 -0.00169734 -0.00130439 0.00415896 -0.00139704 0.0018732 0.000757193 0.00160611 0.00875945 0.00113995 0.00607493 0.000527994 -8.51578e-05 -0.000339968 0.000307397 0.00488987 -6.95044e-05 -0.000722098 0.000507685 0.00355653 0.00737819 -0.000331177 0.00257703 0.00528433 0.00233533 -0.000137106 0.00175032 0.0028201 0.00714286 -0.00211082 0.00144759 -7.22029e-05 0.000141315 0.001302 0.00314425 0.00079019 0.00655126 -0.00237921 0.00619952 -0.000792836 0.000931088 0 -0.000564618 -0.000137499 0.00492239 -0.000432344 0.00389791 -0.000965795 0.00144578 0.0049635 0.00516634 0 -0.000688167 0.00184669 -0.0010258 0.00153094
internal_weight=6995 6043 3424 149 92 60 2619 440 3275 54 3221 104 2179 1087 66 1021 112 909 1092 1050 888 68 820 1911 709 91 43 788 107 72 50 1269 233 185 44 341 60 83 658 334 185 110 75 1310 42 681 190 169 1036 829 45 784 43 149 141 41 51 100 741 86 655 92
internal_count=6995 6043 3424 149 92 60 2619 440 3275 54 3221 104 2179 1087 66 1021 112 909 1092 1050 888 68 820 1911 709 91 43 788 107 72 50 1269 233 185 44 341 60 83 658 334 185 110 75 1310 42 681 190 169 1036 829 45 784 43 149 141 41 51 100 741 86 655 92
is_linear=0
shrinkage=0.03


Tree=144
num_leaves=63
num_cat=0
split_feature=35 5 66 43 62 54 20 44 24 37 48 28 64 47 20 21 59 59 20 19 51 66 49 29 57 56 14 20 44 29 63 56 33 27 47 49 63 24 59 49 21 47 26 47 37 51 6 44 22 35 40 27 64 59 10 44 2 22 56 30 57 26
split_gain=4.23554 3.23904 4.10551 2.8174 3.30057 2.45677 2.97222 2.44467 2.21923 2.56229 2.05384 2.12782 2.06837 2.21492 1.90348 2.97908 1.78859 1.77363 1.65362 2.12898 1.59769 2.58689 1.52538 1.52505 1.49502 1.53817 1.39647 1.24327 1.21504 1.45729 1.83317 1.20167 1.14123 2.15749 1.657 1.61797 1.87594 1.37033 1.49191 1.18454 1.0897 1.0693 1.02833 1.40837 2.14257 0.960888 1.80274 2.07186 1.12986 0.846263 0.843642 0.738985 0.718383 0.691632 0.646961 1.18565 0.677631 0.637137 0.60572 0.578038 0.685118 0.572423
threshold=11324.500000000002 2.5000000000000004 7512.5833333333348 28579.000000000004 1714.166666666667 2045.6250000000002 19.330208333333335 31264.500000000004 64.937889000000013 10202.500000000002 82.500000000000014 -8.6062199999999986 223.50000000000003 907.50000000000011 4.7468750000000011 4.0815417721431695 1072.5000000000002 2586.5000000000005 21.857291666666672 17.275000000000002 2777.0000000000005 2444.5833333333339 299.50000000000006 67.542653650195362 6.5000000000000009 1.5000000000000002 78797.208333333343 15.434375000000005 32556.500000000004 59.361276478237585 6960.5000000000009 5279.5000000000009 2.6595705161211503 9.4196349976560985 272.50000000000006 398.50000000000006 5876.0000000000009 78.449890000000025 2288.0000000000005 84.500000000000014 1.432916286544663 167.50000000000003 70.946293125000025 553.50000000000011 19588.500000000004 1212.5000000000002 6.5000000000000009 32508.500000000004 1.4750000000000016 13445.000000000002 47522.500000000007 5.61979142748506 4974.0000000000009 348.50000000000006 0.35201941816566318 32322.500000000004 84.166860000000014 2.1000000000000005 10611.000000000002 67.748846923452206 23.500000000000004 89.465987479166685
decision_type=2 2 2 2 2 2 2 2 2 2 2 2 2 2 2 2 2 2 2 2 2 2 2 2 2 2 2 2 2 2 2 2 2 2 2 2 2 2 2 2 2 2 2 2 2 2 2 2 2 2 2 2 2 2 2 2 2 2 2 2 2 2
left_child=5 8 7 -4 -5 18 -7 51 14 -10 -11 22 13 -13 15 40 23 -6 -1 -20 57 -22 -12 45 25 -18 27 -14 32 41 31 42 39 37 -35 36 -36 38 -34 -28 -2 -30 43 44 -31 49 47 -47 50 -9 54 -3 -49 -51 -48 -56 -57 -16 -26 61 -61 -41
right_child=1 2 3 4 17 6 -8 16 9 10 11 12 26 -15 20 -17 24 -19 19 -21 21 -23 -24 -25 58 -27 28 -29 29 30 -32 -33 33 34 35 -37 -38 -39 -40 59 -42 -43 -44 -45 -46 46 48 52 -50 53 -52 -53 -54 -55 55 56 -58 -59 -60 60 -62 -63
leaf_value=-39.101238323491309 1.8854231161758295 1.4954943860841226 -9.4893524253208703 3.6843453654445306 -0.046410349078416999 -1.6460676349722698 11.039708946742055 1.6427220179001616 6.6134159511056501 11.510615855304469 0.013462472852070535 -0.092117218097336626 -0.70890501434724895 3.734414175146902 -9.828030727852056 6.3904935644725267 5.175564914656932 9.6144709207461911 3.4214134907232912 -9.4291483649676948 -15.261622412690755 9.1765157949750513 7.0821052277942931 3.8455985883377912 -5.4734715049589404 -0.14887099290033493 2.1268485797299284 5.5770725295874808 0.83673885719148 3.9565022002907217 6.4305390913961604 1.6028410583006401 -0.42965758769858764 -3.1713087656119123 4.9601230495086348 -0.64778860790712933 -8.2078017156502963 4.4969464418849867 6.9206975455216133 -0.80467770696022578 -0.64594907883228592 -3.3072805836629451 -0.058056222931658658 -0.036031772043655756 0.86654687277377695 4.4927861517115639 -0.79398260000869136 -2.1030331588983939 0.65864308712908171 1.7444290079542704 -1.5388850440425321 -16.444217003104939 2.1985268627910068 -3.1390360932505339 0.73663506735296158 2.0864476899846949 -0.5721288189376893 0.33137441644347609 1.8631948923075383 -0.44908381050913226 4.7642271797014182 0.28844175401113503
leaf_weight=1207 33 38 45 32 46 54 21 29 27 39 22 20 27 21 571 32 33 20 20 24 23 20 26 34 805 135 20 29 21 23 21 31 37 172 29 59 22 29 20 484 159 151 164 53 40 32 51 42 39 44 100 1081 33 379 20 20 28 38 38 24 20 38
leaf_count=1207 33 38 45 32 46 54 21 29 27 39 22 20 27 21 571 32 33 20 20 24 23 20 26 34 805 135 20 29 21 23 21 31 37 172 29 59 22 29 20 484 159 151 164 53 40 32 51 42 39 44 100 1081 33 379 20 20 28 38 38 24 20 38
internal_value=-0.000769396 -0.000411706 -0.00105919 0.00389937 0.00675841 -0.00229621 0.00295606 -0.00129818 0.00038191 0.0010245 0.000871444 0.000703636 0.000509291 0.00715328 -0.000838946 0.00153949 -0.000629935 0.0028593 -0.0026137 0.00306122 -0.00166079 0.00389791 0.00692308 0.000380683 -0.00148353 0.00108864 0.000326926 0.00497326 0.00014608 0.00133902 0.00250226 0.00190935 -0.000481082 0.000823145 -0.000436016 0.00242507 0.00634051 0.00498258 0.00220665 -0.00130524 0.000109317 -0.000889019 0.00127454 0.00343669 0.00646593 0.000117488 0.00126541 0.00453781 -8.13645e-05 -0.00080292 -0.000931082 -0.00240729 0.00175766 -0.00114867 0.000755667 0.00268722 6.23693e-05 -0.00205878 -0.00199976 -0.00156333 0.00170068 -0.00184447
internal_weight=6995 5669 3124 143 98 1326 75 2981 2545 1669 1642 1603 1555 41 876 224 1862 66 1251 44 652 43 48 851 1011 168 1514 56 1458 504 332 311 954 368 282 110 51 86 57 586 192 172 280 116 63 817 365 107 258 452 219 1119 75 423 119 68 48 609 843 566 44 522
internal_count=6995 5669 3124 143 98 1326 75 2981 2545 1669 1642 1603 1555 41 876 224 1862 66 1251 44 652 43 48 851 1011 168 1514 56 1458 504 332 311 954 368 282 110 51 86 57 586 192 172 280 116 63 817 365 107 258 452 219 1119 75 423 119 68 48 609 843 566 44 522
is_linear=0
shrinkage=0.03


Tree=145
num_leaves=63
num_cat=0
split_feature=38 45 70 45 49 53 10 65 12 27 31 50 35 15 16 62 47 12 66 35 16 17 19 5 51 62 59 7 33 5 54 42 42 61 15 2 54 45 31 22 14 29 52 16 21 35 29 34 25 14 35 44 12 63 51 27 47 51 9 38 38 51
split_gain=4.98384 2.85867 8.13425 2.25156 2.89751 4.0483 2.0474 2.69886 2.98818 5.86573 3.34118 1.91488 4.26308 1.75777 1.69024 2.39649 1.71605 1.53404 1.6789 2.17664 1.52394 1.1597 1.07519 1.32446 3.06275 1.97275 1.00622 0.987849 0.985069 0.951426 1.09145 2.02412 1.93768 2.36433 1.25817 1.68638 1.04294 1.51854 2.06028 1.29213 0.829979 1.41928 1.46273 1.54432 1.3206 1.30044 1.14986 1.05428 1.27929 1.04947 1.02788 0.788045 1.25431 0.915561 1.04355 1.26309 0.763358 0.762553 1.0464 0.806858 1.09435 1.31054
threshold=10914.79166666667 31741.000000000004 90513.854166666672 27408.500000000004 224.50000000000003 794.50000000000011 0.74305326206722599 3793.0000000000005 82646.000000000015 14.703498060773644 59.599065359762569 348.54166666666674 13010.500000000002 5569.2562516803318 2288.5000000000005 1235.3125000000002 2526.5000000000005 93642.500000000015 1311.7500000000002 15080.500000000002 3678.0000000000005 4.3250000000000002 25.575000000000006 1.0000000180025095e-35 1320.5000000000002 2076.916666666667 5834.0000000000009 20.500000000000004 1.9041409504521238 3.5000000000000004 894.54166666666686 39510.979166666679 32958.229166666679 4589.5000000000009 11673.20289029479 63.705346000000013 2311.4166666666674 31498.500000000004 64.249319348485812 -0.64999999999999891 107812.31250000001 65.158984430170236 1955.5000000000002 6258.5000000000009 2.9333654355289478 19823.500000000004 59.035069435353499 -0.84921817265994537 84.580555000000018 109736.85416666667 27201.000000000004 33815.500000000007 120997.00000000001 4433.5000000000009 887.50000000000011 3.4679896699079698 594.50000000000011 668.50000000000011 1.0000000180025095e-35 14737.04166666667 15338.187500000002 1212.5000000000002
decision_type=2 2 2 2 2 2 2 2 2 2 2 2 2 2 2 2 2 2 2 2 2 2 2 2 2 2 2 2 2 2 2 2 2 2 2 2 2 2 2 2 2 2 2 2 2 2 2 2 2 2 2 2 2 2 2 2 2 2 2 2 2 2
left_child=21 3 -3 4 -2 -6 29 8 9 -8 -11 12 -10 -7 22 20 17 18 -17 -20 -16 -1 23 24 28 56 51 -27 -4 30 31 32 -5 -34 -32 -36 37 38 39 -37 44 42 43 47 45 46 -19 -42 49 -49 -51 57 53 -53 55 -55 -26 -25 -59 -60 61 -61
right_child=1 2 14 6 5 13 7 -9 11 10 -12 -13 -14 -15 15 16 -18 40 19 -21 -22 -23 -24 26 25 27 -28 -29 -30 -31 34 -33 33 -35 35 36 -38 -39 -40 -41 41 -43 -44 -45 -46 -47 -48 48 -50 50 -52 52 -54 54 -56 -57 -58 58 59 60 -62 -63
leaf_value=7.2865126687000847 -8.7130430985219984 4.9048550664770127 1.1992050572481736 6.7122996179574743 4.9150901063374368 1.8242644396701513 -0.54351349843105634 -6.1598590018947474 -9.5498434428469299 11.951002570531832 0.59370771379706344 -1.6916959701464074 6.4428196018913741 -3.9506838333801713 4.2487390968698406 -0.038430338343813021 9.0734905837404956 3.7457435449395482 1.7246983469634112 0.18881230971274549 0.45974323228797526 -47.233519012441803 -21.433463849896324 -16.057712119595262 4.1896085602647348 -0.30104089648613569 4.724865513018667 0.75396888032420184 -0.90448675459961914 -23.895159484892829 -12.237088270342877 7.9115286103763669 -5.5515916370789249 12.407608974423864 -25.341917972470181 -1.6947121849468998 -0.31794724410899494 -7.895843889981311 9.2329149170591798 3.9349259671587049 1.5627131661068974 -0.24012440106581581 -0.090241664160219323 1.8538461343833328 -5.8205148341030384 -1.074754299563663 0.42496345309272437 0.88428026428343387 -0.40979826819824816 -0.10116731165368703 2.8605942771879103 -1.170203405625508 8.4040504416178976 5.0793130080376345 1.3304976566898701 -4.9823395724772288 4.9712568933346004 -1.0796872908583601 -5.1183177538629963 0.0066842386299598971 0.023694486069778104 5.5585210141987149
leaf_weight=20 60 20 42 31 27 20 68 283 25 42 25 204 21 38 30 53 26 20 27 35 25 932 239 236 24 22 35 23 120 923 754 30 178 22 81 22 25 29 26 27 20 97 136 27 161 33 30 22 42 52 20 122 26 20 25 69 25 530 90 31 505 22
leaf_count=20 60 20 42 31 27 20 68 283 25 42 25 204 21 38 30 53 26 20 27 35 25 932 239 236 24 22 35 23 120 923 754 30 178 22 81 22 25 29 26 27 20 97 136 27 161 33 30 22 42 52 20 122 26 20 25 69 25 530 90 31 505 22
internal_value=-0.000726509 -0.000408069 0.000230686 -0.00107393 0.00256375 0.00613396 -0.00126238 0.000184103 0.0018229 0.00541821 0.0117139 -0.000107958 0.0054013 0.00160069 0.000104829 0.001237 0.000816377 0.000557347 0.00375326 0.00710145 0.00729583 -0.00274446 -0.000333168 -0.000100657 0.00190941 0.00621679 -0.00040325 0.00159645 -0.000573721 -0.00171361 -0.00116072 0.000551512 -0.000389443 -0.00148426 -0.00162743 0.000414088 0.00255616 0.00389049 0.0061518 0.00244399 0 0.000814707 0.00178627 0.00353905 -0.00138878 0.00166065 0.00473054 0.00236387 0.00138868 0.0033475 0.00153953 -0.000510113 0.000995802 0.000292248 0.00223488 0.0006734 0.010387 -0.000791317 -0.000476191 0.000328652 0.000757928 0.00485876
internal_weight=6995 6043 3082 2961 145 85 2816 668 385 135 67 250 46 58 3062 856 801 775 115 62 55 952 2206 1967 256 94 1711 45 162 2148 1225 261 231 200 964 210 129 104 75 49 660 416 319 183 244 83 50 156 136 94 72 1676 262 236 114 89 49 1414 1178 648 558 53
internal_count=6995 6043 3082 2961 145 85 2816 668 385 135 67 250 46 58 3062 856 801 775 115 62 55 952 2206 1967 256 94 1711 45 162 2148 1225 261 231 200 964 210 129 104 75 49 660 416 319 183 244 83 50 156 136 94 72 1676 262 236 114 89 49 1414 1178 648 558 53
is_linear=0
shrinkage=0.03


Tree=146
num_leaves=63
num_cat=0
split_feature=38 45 70 45 49 53 52 10 36 17 68 16 53 39 26 50 37 34 70 5 16 17 38 60 27 21 69 70 56 5 20 18 69 45 4 23 3 24 36 16 63 68 34 17 21 2 63 27 36 24 64 22 2 26 64 27 7 23 37 59 4 17
split_gain=4.74606 2.99524 8.14264 2.05143 2.66436 3.50059 2.11658 1.69477 2.43562 1.97202 3.89616 1.6156 1.81741 1.64699 1.60126 2.82498 2.21201 1.44737 1.18623 1.17722 1.42711 1.14936 1.07286 1.14364 1.37801 2.50546 1.76159 1.34682 1.05566 1.0334 1.16299 3.35559 1.11326 2.27064 1.15171 1.22897 1.5206 1.63439 0.995718 0.909678 0.873064 0.836435 0.829368 0.813783 0.748412 1.32268 1.08238 1.38899 1.23745 0.858256 1.17302 1.22587 1.22982 0.83819 0.746274 0.720307 2.06665 1.77682 0.691552 1.04963 0.87194 0.686448
threshold=10914.79166666667 31741.000000000004 90513.854166666672 27408.500000000004 224.50000000000003 940.50000000000011 1094.5000000000002 0.56392291514228221 10842.500000000002 15.725000000000001 84160.000000000015 2288.5000000000005 635.50000000000011 36634.500000000007 85.568137270833361 413.08333333333343 12155.500000000002 0.52565685930853345 78354.479166666672 1.0000000180025095e-35 -5253.9999999999991 4.3250000000000002 29182.895833333336 1935.5000000000002 14.131264280853296 3.0788573973207378 111998.00000000001 99112.500000000015 108.50000000000001 2.5000000000000004 4.7468750000000011 4.5750000000000002 77917.000000000015 28162.500000000004 3.5000000000000004 71.666595000000015 59.035069435353499 79.754282500000016 16973.500000000004 927.50000000000011 471.50000000000006 120156.00000000001 1.5590750575505086 28.725000000000005 1.432916286544663 83.285052000000022 7372.5000000000009 10.263457024472396 28650.000000000004 72.524117500000017 809.50000000000011 -0.32499999999999923 89.168762500000014 50.476544937500002 421.50000000000006 14.131264280853296 7.5000000000000009 80.828570000000013 15030.000000000002 1141.5000000000002 1.5000000000000002 6.0750000000000002
decision_type=2 2 2 2 2 2 2 2 2 2 2 2 2 2 2 2 2 2 2 2 2 2 2 2 2 2 2 2 2 2 2 2 2 2 2 2 2 2 2 2 2 2 2 2 2 2 2 2 2 2 2 2 2 2 2 2 2 2 2 2 2 2
left_child=21 3 -3 4 -2 6 -6 29 9 -9 -11 19 28 17 18 16 -16 -14 -10 20 -4 -1 23 24 25 38 -27 -26 -13 30 31 -5 33 -32 35 39 -37 -38 -15 -34 -20 -40 58 -29 45 46 47 48 -21 53 51 52 -51 -46 -25 -42 57 -57 59 -22 -60 -31
right_child=1 2 11 7 5 -7 -8 8 14 10 -12 12 13 22 15 -17 -18 -19 40 44 42 -23 -24 54 27 26 -28 43 -30 61 32 -33 34 -35 -36 36 37 -39 41 -41 55 -43 -44 -45 49 -47 -48 -49 -50 50 -52 -53 -54 -55 -56 56 -58 -59 60 -61 -62 -63
leaf_value=7.067917288639106 -8.4516518055663497 4.7577094144826892 0.66439769739911092 -14.249397015817687 4.3635726195979645 -0.9912118513586905 3.2229842026704132 -0.78178262736193538 10.200388679684282 6.7888821521109648 -0.2545009756881198 4.9906595120534325 0.081401929591634517 2.4396846146901416 1.0397707493637802 -12.530867547120858 5.5156865245343649 2.6516062312416602 3.2530920741695262 -0.1626390285457342 2.3977198825434258 -45.816513442068569 6.3606087557616675 2.6133119617954303 1.5067157101379702 0.46121461277261711 1.9599502766406525 -0.12735558002625433 2.4182450715416746 -0.042955881964827837 -13.10903496429135 6.4923459956131673 -9.6816639659818513 3.3062808505425543 -12.101907174247508 -26.639461836873984 7.618716695960436 0.017505458013596736 -0.28373508511777396 1.9808740213533647 -9.1353837716782742 1.629013783512667 2.9440596193517026 1.4777406232967354 0.62655523284243209 -5.8851137296175944 6.5081549907723169 1.812320391271828 1.6413781413847044 5.1378350173235612 -0.11665229394368525 -0.34913213068191506 1.2560094420396999 -2.748730361527596 -1.203656373341687 8.2725528328295184 -8.1953726310361539 0.0039610300847856359 3.5123619250631082 -0.19706054575467297 -0.16043396367135035 -24.665755796114347
leaf_weight=20 60 20 23 51 23 36 26 56 20 38 25 22 28 36 24 46 21 25 26 114 20 932 34 20 26 32 26 184 22 119 27 32 96 23 487 20 20 21 69 20 422 40 22 26 28 73 20 20 36 23 926 27 26 606 266 20 162 34 21 24 197 1006
leaf_count=20 60 20 23 51 23 36 26 56 20 38 25 22 28 36 24 46 21 25 26 114 20 932 34 20 26 32 26 184 22 119 27 32 96 23 487 20 20 21 69 20 422 40 22 26 28 73 20 20 36 23 926 27 26 606 266 20 162 34 21 24 197 1006
internal_value=-0.000743664 -0.000432891 0.000220953 -0.00111445 0.00235699 0.00578143 0.010998 -0.00129434 -0.000211386 0.00377834 0.0074168 9.50321e-05 0.00120196 0.000875507 -0.000828281 0.00289791 0.00824834 0.0059887 -0.00132875 -0.000333168 0.00138717 -0.00271295 0.000513766 0.00026479 0.00122979 0.00304284 0.00831325 -0.000317663 0.00714286 -0.00179647 -0.000963493 0.00238267 -0.00135695 0.00293413 -0.00168499 0.00037267 0.00382979 0.00715328 0.000909717 -0.00142119 -0.00154947 -0.000494959 0.000791974 -0.00112803 -0.000612923 0.00086659 0.00219358 0.0013933 0.000379746 -0.000852638 -0.000302366 0.00327201 0.00610998 -0.0017174 -0.00120587 -0.00177245 -0.000347062 0.00471349 0.000309042 0.0037415 -0.00037139 -0.00238379
internal_weight=6995 6043 3082 2961 145 85 49 2816 894 119 63 3062 856 812 775 91 45 53 684 2206 307 952 759 725 439 203 58 236 44 1922 797 83 714 50 664 177 61 41 145 116 664 109 284 210 1899 263 190 170 150 1636 1002 76 49 634 286 638 216 54 262 44 218 1125
internal_count=6995 6043 3082 2961 145 85 49 2816 894 119 63 3062 856 812 775 91 45 53 684 2206 307 952 759 725 439 203 58 236 44 1922 797 83 714 50 664 177 61 41 145 116 664 109 284 210 1899 263 190 170 150 1636 1002 76 49 634 286 638 216 54 262 44 218 1125
is_linear=0
shrinkage=0.03


Tree=147
num_leaves=63
num_cat=0
split_feature=38 4 17 46 44 30 45 50 58 66 66 21 45 70 52 49 15 36 40 45 66 66 58 45 49 2 65 31 11 22 5 51 56 36 40 57 64 52 66 66 31 60 30 29 65 15 5 64 19 18 36 22 26 48 51 1 19 65 1 60 59 61
split_gain=4.78759 3.17328 2.6477 3.09757 2.1375 4.22691 2.49389 2.31782 2.23774 2.03061 1.87864 1.68036 1.53788 3.10458 2.99515 3.18462 2.87281 2.20182 1.6487 1.52873 1.40772 1.79357 1.98337 3.42046 1.46713 1.26629 1.13173 1.11846 1.42134 1.01824 0.987976 3.45004 2.04579 1.66226 0.98325 0.979875 1.52497 1.41053 1.90441 1.74378 1.1298 1.03367 1.28869 3.07135 0.978625 0.963363 0.888967 1.02803 0.85192 1.45898 0.821322 0.80205 0.787943 2.78012 0.787297 0.758293 1.09758 0.75372 0.750637 0.742959 0.927664 0.73738
threshold=10914.79166666667 17.500000000000004 3.0250000000000004 32411.791666666668 27744.500000000004 49.854664890784001 27408.500000000004 394.37500000000006 4283.3958333333348 2739.3750000000005 7401.8750000000009 3.839827222347544 29438.500000000004 90373.083333333358 636.50000000000011 208.50000000000003 10266.052439999399 9932.5000000000018 31746.000000000004 31701.500000000004 7288.0208333333348 895.29166666666686 2902.3958333333335 30544.500000000004 176.50000000000003 95.528635000000023 2064.0000000000005 65.512233024856229 130727.00000000001 -1.1249999999999998 1.0000000180025095e-35 1380.5000000000002 1610.5000000000002 19424.500000000004 64652.500000000007 42.500000000000007 1321.0000000000002 812.50000000000011 4471.2083333333348 5547.1041666666679 57.218199758839077 527.50000000000011 57.364054739396686 59.198375995488462 2296.0000000000005 12369.387074094206 1.5000000000000002 876.00000000000011 13.525000000000002 9.8250000000000011 14441.000000000002 -0.37499999999999994 86.346851250000029 215.50000000000003 1232.5000000000002 22.475000000000005 23.625000000000004 1328.0000000000002 32.70000000000001 358.50000000000006 477.50000000000006 4833.5000000000009
decision_type=2 2 2 2 2 2 2 2 2 2 2 2 2 2 2 2 2 2 2 2 2 2 2 2 2 2 2 2 2 2 2 2 2 2 2 2 2 2 2 2 2 2 2 2 2 2 2 2 2 2 2 2 2 2 2 2 2 2 2 2 2 2
left_child=-1 4 3 -3 48 8 7 11 10 -5 -6 -7 16 14 -14 -16 52 -15 -18 20 21 22 23 -19 -22 27 -17 29 -29 -21 31 50 33 -33 -30 36 44 38 -37 -40 -38 42 -39 -44 57 -20 47 -43 -2 -50 -31 -46 -8 -54 -11 -24 -57 -32 -4 -45 -61 -48
right_child=1 2 58 9 5 6 12 -9 -10 54 -12 -13 13 17 15 26 18 19 45 25 24 -23 55 -25 -26 -27 -28 28 34 30 35 32 -34 -35 -36 37 40 41 39 -41 -42 46 43 59 51 -47 61 -49 49 -51 -52 -53 53 -55 -56 56 -58 -59 -60 60 -62 -63
leaf_value=-41.483173972602309 -18.150095096249093 3.0835084406841826 -21.2393465380432 1.8158766263767565 -0.10669515184546323 5.6452042327347138 -13.036171612359508 -15.84585731268673 10.050757809975618 -8.4718470183318573 1.3713445518742824 0.83699234225156771 -13.028836310862937 3.013328661400577 14.466909396682921 4.4049530943074302 9.5080188332732636 -6.0438639213905416 -1.3635844154561254 -2.6362600044514228 -2.5224650153133132 -17.711222635664754 -10.027312300888047 10.146320815156548 5.3353583643664724 -0.39067358492147869 -0.41233477467951979 -0.77693462708533745 2.8900538174974773 2.8120635963917029 2.6006285651898486 3.3292297558128712 0.16626081373008122 5.9604430168351685 -0.048235875909513649 3.4687085598574607 0.15686303033846224 -3.2151153757268571 -16.0739046588102 1.8661267695426613 -0.48489579803595756 4.2943870819954899 4.3266194868020076 -0.03984334461670367 3.5844836206679469 4.3052002215414031 -0.050842826962402339 0.058740886383583248 6.186773900094094 -4.4839039093504205 -0.051202260797365264 1.1607829215210901 5.0649513343579855 -12.24867024073685 0.17139473197930533 1.2253869433966793 -6.0823323472301611 -1.6037902820390164 4.7124716515838081 4.9539050883650964 -0.042811656767815225 5.7924056151669419
leaf_weight=952 324 22 1202 23 44 34 502 22 29 131 22 23 37 25 39 41 21 27 34 126 21 549 69 21 21 163 32 327 24 20 29 25 42 21 24 32 192 24 31 21 463 27 27 37 21 28 354 49 30 81 142 21 20 64 98 20 28 26 25 23 21 22
leaf_count=952 324 22 1202 23 44 34 502 22 29 131 22 23 37 25 39 41 21 27 34 126 21 549 69 21 21 163 32 327 24 20 29 25 42 21 24 32 192 24 31 21 463 27 27 37 21 28 354 49 30 81 142 21 20 64 98 20 28 26 25 23 21 22
internal_value=-0.000735087 -0.000422962 -0.00161881 0.00103977 -2.70807e-05 0.000184071 3.5143e-05 0.00530973 0.00643533 8.32996e-05 0.00331316 0.00851138 -7.01744e-05 0.000197604 0.00442656 0.00687779 -0.00138096 -3.85292e-06 0.00382671 -7.66973e-05 -0.00124984 -0.00156701 0.00116293 0.00629938 0.00406176 0.000302043 0.00311901 0.000494679 -0.000991736 0.000806747 0.00100413 0.0027469 0.00752554 0.0119089 0.00380457 0.000695021 -4.38779e-05 0.00153121 0.00517241 0.0015547 -0.000567853 0.00100154 0.00333838 0.00474561 0.00346035 0.00130435 0.000311877 0.00327201 -0.00202712 0.000216021 0.000129549 0.00691211 -0.00212421 0.000535077 -0.000759494 -0.000922289 0.00193347 0.00076225 -0.00221498 0.00177558 0.00442177 -0.000279182
internal_weight=6995 6043 1501 274 4542 4107 4012 79 95 252 66 57 3933 3264 149 112 669 3115 83 3090 756 714 165 48 42 2334 73 2171 375 1796 1670 250 88 46 48 1420 752 668 84 52 655 584 132 108 97 62 452 76 435 111 162 42 586 84 229 117 48 55 1227 81 44 376
internal_count=6995 6043 1501 274 4542 4107 4012 79 95 252 66 57 3933 3264 149 112 669 3115 83 3090 756 714 165 48 42 2334 73 2171 375 1796 1670 250 88 46 48 1420 752 668 84 52 655 584 132 108 97 62 452 76 435 111 162 42 586 84 229 117 48 55 1227 81 44 376
is_linear=0
shrinkage=0.03


Tree=148
num_leaves=63
num_cat=0
split_feature=35 5 66 27 63 62 46 4 20 19 63 16 28 47 47 50 65 39 20 3 27 23 54 62 27 67 23 17 40 30 41 58 54 33 25 37 68 21 17 40 16 50 37 30 56 18 40 58 15 55 33 60 62 31 21 3 40 49 46 33 17 27
split_gain=3.61271 2.35823 4.25168 3.69464 4.59342 2.41744 1.9895 1.98107 2.20681 2.89928 1.66781 1.46843 2.31277 1.7107 1.49001 2.2572 2.2845 1.44667 1.41666 1.40479 2.04183 1.29581 1.24161 1.22667 1.19845 1.1654 1.04456 1.00365 1.97708 1.19884 1.10353 1.50405 2.33875 1.51549 0.967492 1.12228 1.16996 0.93478 0.897139 0.87449 0.863761 0.850206 0.826106 0.808452 0.793718 0.787931 0.739522 0.733501 0.750336 0.76832 0.733298 0.75599 1.29173 0.737264 0.681122 1.17339 0.697671 1.3491 0.891773 0.942809 0.85481 0.634258
threshold=10858.500000000002 2.5000000000000004 7512.5833333333348 10.903331258302538 7321.5000000000009 1962.1666666666667 31224.312500000004 19.500000000000004 4.3229166666666679 8.6750000000000025 123.50000000000001 1094.5000000000002 3.9950859999999975 2381.0000000000005 207.50000000000003 220.97916666666671 3117.5000000000005 31845.500000000004 21.857291666666672 55.655204753984712 9.4744638800112106 70.524830000000023 2045.6250000000002 969.10416666666686 14.927342918978011 119174.00000000001 66.440730000000016 17.075000000000006 36097.000000000007 55.657568433620256 45820.500000000007 3615.8958333333335 1657.9166666666667 2.7016437406993354 62.043169000000006 13047.000000000002 86304.000000000015 1.9139546136333958 0.87500000000000011 49339.000000000007 244.50000000000003 2563.0416666666674 25727.500000000004 61.327146405491554 5553.5000000000009 -6.7749999999999995 25456.000000000004 1321.1666666666667 16845.904817374139 10377.000000000002 1.5924375329129676 416.50000000000006 1889.2291666666667 57.077043501684585 1.1089842150028508 62.117553259885469 51884.000000000007 1017.0000000000001 32423.208333333336 2.9091119649644352 -10.574999999999998 4.9592235686954576
decision_type=2 2 2 2 2 2 2 2 2 2 2 2 2 2 2 2 2 2 2 2 2 2 2 2 2 2 2 2 2 2 2 2 2 2 2 2 2 2 2 2 2 2 2 2 2 2 2 2 2 2 2 2 2 2 2 2 2 2 2 2 2 2
left_child=18 7 6 38 -5 -6 61 10 9 25 -2 14 13 19 -12 16 -16 -8 22 20 -13 47 46 40 -24 -9 45 44 29 -29 -30 32 -32 -33 -22 36 -36 43 -4 -34 -19 42 50 -21 -23 -25 -1 -17 49 -49 -28 52 53 -52 55 -53 57 58 59 -56 -60 -3
right_child=1 2 3 4 5 -7 17 8 -10 -11 11 12 -14 -15 15 21 -18 23 -20 37 34 27 24 26 -26 -27 41 28 30 -31 31 33 39 -35 35 -37 -38 -39 -40 -41 -42 -43 -44 -45 -46 -47 -48 48 -50 -51 51 54 -54 -55 56 -57 -58 -59 60 -61 -62 -63
leaf_value=9.5928542849944911 0.46944508283367214 1.0995796910208795 0.72211143969493485 4.8550259167896925 2.4015066085598509 -0.2675383140238769 0.79996471748353193 -1.4487485245692855 -22.919230268310134 3.7919254650285357 -0.51784441790810787 5.1982672687729261 3.657965388838782 6.2136441152368107 14.016884606734758 4.7149405901883297 0.38207609603641102 -4.6922348109786274 2.2405613260091548 0.93122112147535552 -10.106265417274471 -0.90656717271402276 -22.632314565429922 0.80358267009672013 8.6909408748075574 0.67687735264520366 -0.92115834004927644 2.2477465243375812 -0.078737514705562339 6.1509975369091832 -6.066813113811552 -8.4449046651315705 4.4713077014455198 0.49330114243785772 0.097964059708791837 -16.7991903989228 7.5986944159541148 -0.0265987848743361 -8.1997684568312685 4.4704528495511626 2.3999607603749014 2.4449347720586991 -9.3986923202488839 0.0020589117196756364 0.52807722608495566 -16.309915406653012 -41.71463339503957 -1.8342667859509887 3.7191732315459789 2.8676383395981317 1.7870459999460433 -0.52003073042902948 3.1661186160681125 -0.69096708024875575 0.051131079083839827 3.5581915188344269 -1.2161938003463892 5.1740714524954221 1.956545047328704 4.7840839384265959 -0.56842549888813387 -15.697178126792906
leaf_weight=20 23 40 26 24 20 35 20 55 342 22 300 31 38 25 30 20 39 20 29 20 30 259 32 32 24 27 221 31 115 20 29 54 20 22 20 23 20 518 55 26 20 32 192 30 34 507 995 353 29 23 22 20 26 46 112 20 179 23 23 36 363 1153
leaf_count=20 23 40 26 24 20 35 20 55 342 22 300 31 38 25 30 20 39 20 29 20 30 259 32 32 24 27 221 31 115 20 29 54 20 22 20 23 20 518 55 26 20 32 192 30 34 507 995 353 29 23 22 20 26 46 112 20 179 23 23 36 363 1153
internal_value=-0.00079084 -0.000495667 -0.00103395 0.00372892 0.00834387 0.00348457 -0.00128029 0.000172367 -0.00164761 0.00216138 0.000545804 0.000458524 0.00152563 0.00113792 -0.000113241 0.000393985 0.00564399 -0.000678649 -0.00236979 0.000853922 0.00374698 4.05751e-05 -0.00254878 -0.000765008 0.00176471 -0.00040195 -0.000878594 0.000929355 0.00210028 0.00751468 0.00104848 0.00273991 0.00575233 -0.00019711 0.00148228 0.00361331 0.00665835 0.00021651 -0.000739828 0.00995662 0.00441396 -0.000419741 -0.000542437 0.00413174 -0.000327534 -0.00199221 -0.00278987 -0.00122795 -0.00151074 -0.0018745 -0.000219962 0.000168945 0.00270988 0.000484581 -0.000135293 0.00366583 -0.000346421 0.00017232 -0.00012919 0.00184335 -0.000893552 -0.0022429
internal_weight=6995 5895 3267 160 79 55 3107 2628 446 104 2182 2159 755 717 1404 1104 69 1914 1100 692 124 1035 1071 1894 56 82 1854 610 317 51 266 151 75 76 93 63 40 568 81 46 40 1315 1283 50 293 539 1015 425 405 376 1091 870 94 68 776 40 736 557 534 148 386 1193
internal_count=6995 5895 3267 160 79 55 3107 2628 446 104 2182 2159 755 717 1404 1104 69 1914 1100 692 124 1035 1071 1894 56 82 1854 610 317 51 266 151 75 76 93 63 40 568 81 46 40 1315 1283 50 293 539 1015 425 405 376 1091 870 94 68 776 40 736 557 534 148 386 1193
is_linear=0
shrinkage=0.03


Tree=149
num_leaves=63
num_cat=0
split_feature=38 4 17 68 0 66 16 36 31 25 43 66 70 38 20 54 34 51 58 42 62 17 46 45 14 4 27 16 45 58 31 31 62 21 62 51 16 66 26 47 5 23 0 37 48 61 57 65 17 66 0 36 30 54 39 36 38 48 52 64 31 42
split_gain=4.3472 2.2729 3.15855 2.99478 2.15546 1.75843 1.74978 1.8859 2.40747 1.87829 1.6072 1.58201 1.5956 2.28225 1.57276 1.47345 2.97963 1.65643 1.64418 1.60031 1.36407 1.78687 1.89543 1.09988 1.0437 1.01721 1.73854 1.62071 0.99721 2.07645 0.929336 1.80969 2.24361 0.878621 2.39606 0.822836 0.767059 0.949402 0.73915 0.739078 0.71897 1.05425 1.08631 2.17227 1.56353 2.26384 1.23322 1.39977 1.32179 0.910736 1.20182 0.93161 0.715809 0.786788 1.117 0.70324 0.656817 0.607081 1.11126 0.60317 0.590349 0.553184
threshold=10914.79166666667 18.500000000000004 5.4750000000000005 95024.500000000015 123243.00000000001 2825.0625000000005 779.00000000000011 10842.500000000002 55.893889803626188 80.999163000000024 31939.500000000004 8492.9375000000018 109895.79166666667 19550.000000000004 9.9114583333333357 1204.9583333333337 -0.93618084471183127 1299.5000000000002 2306.354166666667 38571.395833333336 2521.9166666666674 27.825000000000006 32193.812500000004 33847.500000000007 104663.20833333336 8.5000000000000018 9.9344040546028864 2726.5000000000005 27408.500000000004 1932.0625000000002 65.611487402068732 64.66783627860768 2186.8958333333339 4.7205067387856632 1284.5625000000002 1232.5000000000002 -2910.4999999999995 4577.1458333333348 85.457779500000001 207.50000000000003 2.5000000000000004 67.988417000000013 98041.000000000015 12574.500000000002 215.50000000000003 2391.5000000000005 29.500000000000004 5158.5000000000009 17.175000000000001 7587.3125000000009 88047.500000000015 10675.000000000002 58.55069928822914 727.91666666666674 44218.500000000007 28650.000000000004 23202.083333333339 106.50000000000001 1426.5000000000002 842.50000000000011 49.745192438809504 51848.416666666679
decision_type=2 2 2 2 2 2 2 2 2 2 2 2 2 2 2 2 2 2 2 2 2 2 2 2 2 2 2 2 2 2 2 2 2 2 2 2 2 2 2 2 2 2 2 2 2 2 2 2 2 2 2 2 2 2 2 2 2 2 2 2 2 2
left_child=14 4 3 -3 6 -5 11 8 -8 -10 -6 12 28 -14 -1 16 19 25 -19 -9 21 23 -23 36 -15 26 -18 -28 29 -2 31 52 -33 57 -35 -7 -12 -38 56 -40 41 60 43 46 -44 -46 48 -48 -43 51 -51 -42 -26 54 -54 -22 -27 58 -17 -55 -30 -59
right_child=1 2 -4 5 10 35 7 15 9 -11 20 -13 13 24 -16 33 17 18 -20 -21 55 22 -24 -25 30 38 27 -29 40 -31 -32 32 -34 34 -36 -37 37 -39 39 -41 49 42 44 -45 45 -47 47 -49 -50 50 -52 -53 53 59 -56 -57 -58 61 -60 -61 -62 -63
leaf_value=7.4169291064634892 4.4086804696754323 2.8295328665673791 -22.885541725306002 1.6804680931791849 -2.32200308406762 -6.7451782262857227 -0.85927834861908903 8.0282757583655151 11.203287389774953 2.1398407251922387 0.80464050781652618 1.2102582704479403 1.9832657481624512 5.1806888265521485 -40.469015075585062 -0.096178654059494023 -1.2105146407919567 6.1652518005513102 -0.013703670429001625 0.95226920113197122 -0.40679621049142517 0.30040233437803426 5.2308647420018275 4.9793115315655907 0.25214197185255594 -1.1797008132652518 8.5327296318427717 -0.023792240978249234 3.203944826517044 -0.48667214898613009 -1.6950862682973835 -0.48986088376826931 3.8561898084701309 8.2275737379926372 -6.487080879426717 0.5360437562785455 -0.44371313735264978 4.5875035957803556 -2.6212652781929329 4.6972193975415761 2.7586080881957726 -11.580421312400331 -0.057550288180504769 -5.4116156863998057 6.4227144602258051 -0.092728770735434424 7.8677705961318933 -1.2871451159676577 5.7037307323968367 -6.9712474101307675 3.444422202196769 -14.848702374415591 3.6195506232174917 0.40574500438473388 -1.3399439771748225 1.1857260393703981 0.62224716069651431 -0.42979142606423576 3.665995275232885 -0.19967678922239596 -6.733165354515422 0.0081682198068123539
leaf_weight=21 20 22 974 20 74 140 46 28 20 29 31 24 32 22 931 43 36 25 21 34 49 20 24 33 28 305 33 21 20 66 162 29 33 25 35 95 67 20 24 20 38 61 55 245 30 24 29 20 39 26 30 1034 21 36 21 20 36 560 23 388 310 247
leaf_count=21 20 22 974 20 74 140 46 28 20 29 31 24 32 22 931 43 36 25 21 34 49 20 24 33 28 305 33 21 20 66 162 29 33 25 35 95 67 20 24 20 38 61 55 245 30 24 29 20 39 26 30 1034 21 36 21 20 36 560 23 388 310 247
internal_value=-0.000765108 -0.000467641 -0.00160659 0.00121256 -0.000169655 0.000282242 -0.000345525 0.000443175 0.00454259 0.00916497 0.00213842 -0.000793501 -0.00085985 0.000299183 -0.00264993 0.000184024 0.00136855 0.000621761 0.00605206 0.00758454 0.00323741 0.00452076 0.00986394 0.00293845 -3.64823e-05 8.84017e-05 0.00296337 0.00637708 -0.00129842 0.00184669 -0.000238129 0.000339866 0.00516908 -0.000552996 0.00294509 -0.000433859 0.00154953 6.88856e-05 -0.000576474 0.00306122 -0.00143797 -0.000763414 9.54078e-05 -0.00063182 0.00274977 0.00637708 0.00221328 0.00610998 0.00026973 -0.00193334 0.00176471 -0.00212947 -0.000261081 -0.000547094 0.00334917 -0.000347323 -0.00105541 -0.00079716 0.00195159 -0.000940817 -0.00208119 -0.0010259
internal_weight=6995 6043 1251 277 4792 255 4454 1611 95 49 338 2843 2819 772 952 1516 583 521 46 62 264 195 44 151 740 475 90 54 2047 86 718 556 62 933 60 235 118 87 385 44 1961 833 503 394 109 54 149 49 100 1128 56 1072 494 466 42 69 341 873 66 424 330 807
internal_count=6995 6043 1251 277 4792 255 4454 1611 95 49 338 2843 2819 772 952 1516 583 521 46 62 264 195 44 151 740 475 90 54 2047 86 718 556 62 933 60 235 118 87 385 44 1961 833 503 394 109 54 149 49 100 1128 56 1072 494 466 42 69 341 873 66 424 330 807
is_linear=0
shrinkage=0.03


Tree=150
num_leaves=63
num_cat=0
split_feature=38 70 70 45 36 14 32 43 62 45 30 43 3 68 43 25 56 12 26 56 18 33 60 25 20 43 70 32 23 52 4 59 19 27 47 48 69 21 45 5 57 48 25 45 2 35 50 31 48 55 54 21 65 39 1 20 62 51 50 21 32 3
split_gain=4.29453 2.32069 4.89428 4.74457 3.03995 2.38459 1.72574 2.93666 1.62603 1.66914 3.08847 2.3588 2.7525 1.57068 1.47239 1.99976 1.3624 1.79691 1.35346 1.25726 1.42995 1.16922 1.11061 1.85218 1.08225 1.06338 1.55854 1.03365 1.65683 0.949228 1.61942 1.52964 1.26797 1.56433 1.13142 0.937998 0.921277 0.914375 0.816478 1.01574 1.5374 1.19042 1.97598 0.82518 0.744849 0.742774 1.75271 1.31132 1.09861 2.05641 0.945637 0.715232 0.697545 0.694399 0.801332 0.719979 0.691264 0.796847 1.04924 0.810141 0.685898 0.955815
threshold=10914.79166666667 89338.166666666672 90275.416666666672 30544.500000000004 9932.5000000000018 84431.875000000015 48.494143947143918 27658.500000000004 1125.8125000000002 28282.000000000004 54.667005876187964 31778.500000000004 67.748846923452206 82372.500000000015 32271.000000000004 80.150345000000016 2.5000000000000004 83448.500000000015 60.568502229166675 10611.000000000002 29.825000000000006 1.2738123365487728 973.50000000000011 85.414955500000005 9.9114583333333357 31939.500000000004 112936.58333333336 58.755677110572968 67.815885000000009 1287.5000000000002 2.5000000000000004 1297.5000000000002 6.9750000000000005 14.166610311549301 311.50000000000006 223.50000000000003 82843.000000000015 2.5338246144724512 32029.500000000004 2.5000000000000004 10755.000000000002 167.50000000000003 82.114790000000013 29190.500000000004 82.932975000000013 13550.500000000002 251.77083333333334 57.862908324179593 213.50000000000003 138.50000000000003 2279.5416666666674 2.5774993797452663 6293.0000000000009 32750.000000000004 0.4250000000000001 26.335416666666671 2394.6458333333339 1312.5000000000002 276.18750000000006 2.1227758909360297 59.202090833072567 63.524576638003211
decision_type=2 2 2 2 2 2 2 2 2 2 2 2 2 2 2 2 2 2 2 2 2 2 2 2 2 2 2 2 2 2 2 2 2 2 2 2 2 2 2 2 2 2 2 2 2 2 2 2 2 2 2 2 2 2 2 2 2 2 2 2 2 2
left_child=24 6 3 5 -4 -3 7 -2 13 10 -10 29 16 -6 15 -14 17 -13 -7 25 -21 -15 -19 37 -1 26 -18 28 -23 30 34 32 -32 35 -11 -34 -35 -24 43 40 41 42 -40 -27 -12 50 47 -47 49 -48 -8 -16 -29 -41 -55 -56 57 59 -59 -43 -60 -62
right_child=1 2 4 -5 8 18 45 -9 9 11 44 12 14 21 51 -17 19 22 -20 20 -22 27 23 -25 -26 38 -28 52 -30 -31 31 -33 33 36 -36 -37 -38 -39 39 53 -42 56 -44 -45 -46 46 48 -49 -50 -51 -52 -53 -54 54 55 -57 -58 58 60 -61 61 -63
leaf_value=7.1944212332696083 -10.217571491309736 12.787319914345298 2.8464449955852356 5.2134472432114194 5.8232622991777383 3.8890166193341393 -13.210051216206578 10.192853389478076 4.9230352799744903 1.2006340824387485 -7.9474520165315408 1.3161311170585788 2.3368250844999943 5.117955014606606 0.55595834732138716 0.69423295576815092 1.2254468944420382 -2.437476745376995 -3.6304770345945547 -0.15583307219339076 6.1272929103322493 -3.8877594302343299 7.2946346159908186 0.15833485593989652 -39.254944623317513 5.1380504588317555 -0.21238573395594923 -0.45970070173265859 5.5879872106810771 -11.607533451609958 -24.505553291636133 -14.450790687333336 7.3233361346147081 1.3885654921968218 2.2438848982738961 0.14383825557046714 -0.14479787756587498 0.85625741098238006 6.3247464177339809 0.14197423881897134 3.0196408276938826 0.22807339108779692 0.13000750182808093 -11.94151566667632 2.928733714151516 0.81730131326745192 -22.537941192336348 5.7953556888300799 -5.9765085868089329 4.601491677707882 7.4255643034971301 -4.2176218479961305 3.3888134802972192 -0.060661076908867656 -5.176769020261025 0.073804551495272944 -0.21337042432404929 1.9779676396350596 -0.2273199630058465 -0.60490112848116473 0.5239261744628273 0.0015709776216934581
leaf_weight=21 36 22 25 23 21 33 942 25 25 41 35 27 26 22 26 20 29 73 73 47 37 20 22 98 931 22 34 159 22 601 103 351 21 20 22 31 102 24 20 20 21 83 38 434 20 39 26 20 284 21 21 29 38 418 490 84 144 23 42 173 82 213
leaf_count=21 36 22 25 23 21 33 942 25 25 41 35 27 26 22 26 20 29 73 73 47 37 20 22 98 931 22 34 159 22 601 103 351 21 20 22 31 102 24 20 20 21 83 38 434 20 39 26 20 284 21 21 29 38 418 490 84 144 23 42 173 82 213
internal_value=-0.000807995 -0.000512321 -0.000186646 0.00512243 -0.000366451 0.00283372 -0.00157627 0.00333879 -0.000425772 -0.000575389 0.00370786 -0.00065997 -0.000169341 0.00177597 0.00468843 0.0086551 -0.000352471 0.00178206 0.000933081 -0.000565992 0.0030321 0.001126 0.000856747 0.00239417 -0.00268144 -0.000694908 0.00313788 0.000501881 0.00477435 -0.00172046 -0.000955 -0.00141856 0.00023818 0.0018093 0.00361331 0.00616123 -2.45707e-05 0.00735358 -0.000801006 -0.000518611 0.000250267 4.03367e-05 0.00418244 -0.00194036 -0.000217787 -0.00180031 -0.000684441 0.00406091 -0.00154032 0.00267516 -0.00224899 0.00130671 -0.000395739 -0.00115898 -0.00127306 -0.00200139 -0.000272333 0.000160687 0.0010747 -0.00111285 0.000640759 0.00115893
internal_weight=6995 6043 4629 151 4478 128 1414 61 4453 4171 80 4091 2799 282 101 46 2698 244 106 2454 84 261 217 144 952 2370 63 239 42 1292 691 628 277 174 63 52 122 46 2307 1851 839 818 58 456 55 1353 390 59 331 47 963 55 197 1012 992 574 760 616 360 256 337 295
internal_count=6995 6043 4629 151 4478 128 1414 61 4453 4171 80 4091 2799 282 101 46 2698 244 106 2454 84 261 217 144 952 2370 63 239 42 1292 691 628 277 174 63 52 122 46 2307 1851 839 818 58 456 55 1353 390 59 331 47 963 55 197 1012 992 574 760 616 360 256 337 295
is_linear=0
shrinkage=0.03


Tree=151
num_leaves=63
num_cat=0
split_feature=38 10 20 51 45 27 48 7 51 36 62 57 3 5 62 35 50 20 63 21 21 64 36 14 15 64 4 20 7 47 58 27 20 3 55 64 53 58 43 54 23 33 34 65 64 64 28 3 45 7 21 15 34 62 24 53 44 33 29 65 27 31
split_gain=4.44692 2.98038 2.21319 2.34437 2.09431 1.98463 1.83576 3.68558 2.06039 1.83115 1.71684 3.15917 1.68402 1.85033 1.66096 2.08835 2.05426 1.46913 1.44445 1.99927 1.3949 1.80986 1.2922 1.43034 1.26776 1.2664 1.87804 2.69195 1.30845 1.13975 1.3295 1.09527 1.07202 1.06685 1.02694 0.992362 2.00132 0.958912 1.48808 0.930601 0.89218 1.12639 0.8911 0.913708 0.885129 0.998149 1.16591 1.40775 0.827783 0.817053 0.750719 1.11966 1.21318 1.18319 1.27058 1.72165 0.712711 0.792782 0.695023 0.64512 0.602422 0.599918
threshold=10914.79166666667 0.35201941816566318 14.759375000000002 609.50000000000011 32348.000000000004 10.433519650135734 213.50000000000003 22.500000000000004 812.50000000000011 12359.500000000002 1235.3125000000002 192.50000000000003 58.538182730268808 1.5000000000000002 975.54166666666686 12097.000000000002 425.04166666666674 19.091666666666672 1633.0000000000002 3.5121450744641156 2.5479171403366121 1522.0000000000002 14275.500000000002 88247.645833333358 18993.889149922255 3598.5000000000005 1.5000000000000002 8.6218750000000011 8.5000000000000018 895.50000000000011 1799.5416666666667 14.974421652097863 9.9114583333333357 57.478701518025517 894.00000000000011 3028.5000000000005 1366.5000000000002 4085.9166666666674 32111.500000000004 1150.0833333333337 74.797465000000003 1.3040067647656899 0.3355176445290376 4384.5000000000009 2030.5000000000002 1822.5000000000002 -8.6062199999999986 61.886186547413232 31720.500000000004 1.5000000000000002 3.1084864193732882 17290.142862815159 0.83898672004891151 1866.7291666666667 71.617225000000005 1707.5000000000002 32519.500000000004 2.7070494784410335 68.203404069357106 4728.0000000000009 7.3380255495386537 54.166940803832304
decision_type=2 2 2 2 2 2 2 2 2 2 2 2 2 2 2 2 2 2 2 2 2 2 2 2 2 2 2 2 2 2 2 2 2 2 2 2 2 2 2 2 2 2 2 2 2 2 2 2 2 2 2 2 2 2 2 2 2 2 2 2 2 2
left_child=32 4 5 -4 24 10 7 8 -5 -6 11 -3 -11 20 17 -16 22 31 -10 61 21 -14 39 -24 25 -2 27 -27 29 30 -28 -8 -1 -25 -29 36 59 -22 -39 -17 41 -37 43 -23 45 46 47 -18 -21 -7 -48 52 53 -52 -55 -56 -43 -58 -15 -12 -61 -20
right_child=1 2 3 6 9 49 14 -9 18 12 35 -13 13 58 15 16 44 -19 19 48 37 42 23 33 -26 26 28 34 -30 -31 -32 -33 -34 -35 -36 40 -38 38 -40 -41 -42 56 -44 -45 -46 -47 50 -49 -50 -51 51 -53 -54 54 55 -57 57 -59 -60 60 -62 -63
leaf_value=6.9785885962715328 -18.845826448657931 -0.36398801000378289 9.1540683475358371 1.9565126483866397 3.2399114397157334 1.0139380814877583 4.3579445193811619 5.2973708861427156 -0.25203182411816355 -4.6724500864305556 -1.47820335535722 4.0824227660934298 8.6198185182149967 -0.19151292231001107 -5.6225878981672981 -0.70750398413195725 -0.4787775840348884 8.2564286842419374 0.82232184861528657 0.84087143017764066 -0.19516445449984782 1.5570879099727977 3.492390687188172 -0.12075705787903517 1.3317476103622361 12.551693501040262 3.2921649916707083 7.6386436499176016 -10.505471904109307 4.2775085652098301 -2.0658755683732193 -0.75804750442487734 -38.077296284618001 4.4529372217733671 -8.5816897501625213 1.238783573623164 4.5216736612027661 4.4268946848059816 -0.06494820878014651 0.47165606812031119 -2.3948749742743098 -1.8183003241675981 5.2323010630540328 -1.044579510311384 -0.32121195471423436 1.0597127924150667 -0.211558941449938 0.92705576661753009 1.1459570326035302 -7.1899151497002656 -2.1597330548487919 -0.23301246545552207 3.3023669652224235 -0.1359757417997973 0.50643247537497804 1.4557828788404183 -0.28600787941882766 1.2819012338755811 1.5209530769640711 3.9722459940104065 -0.15494236703206113 -0.31541840115413572
leaf_weight=21 1322 31 28 21 24 23 24 21 96 307 44 36 23 726 234 57 22 20 20 20 132 20 33 27 26 31 33 28 471 34 134 28 931 21 45 20 22 27 34 22 200 114 33 37 181 29 213 22 20 470 39 67 22 30 41 30 46 30 36 32 27 37
leaf_count=21 1322 31 28 21 24 23 24 21 96 307 44 36 23 726 234 57 22 20 20 20 132 20 33 27 26 31 33 28 471 34 134 28 931 21 45 20 22 27 34 22 200 114 33 37 181 29 213 22 20 470 39 67 22 30 41 30 46 30 36 32 27 37
internal_value=-0.000743664 -0.00044282 0.000344033 0.00112413 -0.0010065 -0.000668433 0.000949108 0.00336878 0.00217188 -0.000102924 0.000483308 0.00500745 -0.00024871 0.000311768 0.000456931 0.00016237 0.000851535 0.00486824 0.00118073 0.00376931 0.00228357 0.00493369 0.0039163 0.00658446 -0.00160021 -0.00168295 -0.000715115 0.00302594 -0.00129891 0.000716061 -0.000287254 0.00213052 -0.00264993 0.00318087 -8.20801e-05 -7.84907e-05 0.0022542 0.000714655 0.00382979 0.0011378 -0.000797367 0.000556877 0.00296337 0.000630472 0.00014222 0.00078043 0.000450524 0.00510204 0.00890274 -0.00208071 -6.78651e-06 0.00117852 0.00253547 0.00147752 0.00320475 0.00540084 -0.000142031 0.00208936 -0.000476316 0.000465567 0.00253807 0.000105078
internal_weight=6995 6043 2520 1425 3523 1095 1397 235 214 1399 602 67 1375 1068 1162 1090 856 72 193 97 306 113 160 81 2124 2098 776 104 672 201 167 52 952 48 73 535 125 193 61 79 410 210 90 57 696 515 486 44 40 493 442 229 162 140 101 71 190 76 762 103 59 57
internal_count=6995 6043 2520 1425 3523 1095 1397 235 214 1399 602 67 1375 1068 1162 1090 856 72 193 97 306 113 160 81 2124 2098 776 104 672 201 167 52 952 48 73 535 125 193 61 79 410 210 90 57 696 515 486 44 40 493 442 229 162 140 101 71 190 76 762 103 59 57
is_linear=0
shrinkage=0.03


Tree=152
num_leaves=63
num_cat=0
split_feature=38 4 17 52 30 58 43 68 19 34 34 17 47 50 5 28 7 49 31 34 26 5 10 23 3 64 25 56 25 64 38 38 14 54 30 28 49 26 69 21 49 20 53 63 45 31 30 39 26 48 69 43 58 28 54 21 56 50 39 3 5 55
split_gain=4.14463 2.64219 2.6337 2.46812 2.05693 2.23571 2.04182 2.51779 1.65944 1.62485 1.56729 1.35449 1.16081 1.94932 2.04548 2.42915 2.34206 1.7161 1.55705 1.42721 1.34394 1.30401 2.94879 1.15437 1.02893 0.980983 1.33055 2.0458 1.02735 1.90381 0.848111 1.91757 1.51265 2.27653 1.0716 1.13964 0.916836 1.21137 1.17487 1.15038 1.02359 1.18872 1.05614 0.972664 0.940889 1.40721 1.39485 0.93318 0.80545 1.11928 0.793049 0.790535 0.754631 0.765781 1.18529 1.02571 0.693597 1.9366 0.649681 1.07711 1.21944 1.15044
threshold=10914.79166666667 17.500000000000004 5.4750000000000005 1860.5000000000002 48.439697762812472 4352.3125000000009 30205.500000000004 86780.000000000015 11.725000000000001 2.7096736142450415 0.19121126234826138 4.9250000000000016 209.50000000000003 334.83333333333343 4.5000000000000009 -6.0373200000000073 19.500000000000004 209.50000000000003 57.940160362136034 1.2095036810549262 67.946232750000021 5.5000000000000009 0.56392291514228221 89.355252000000021 63.960171929411011 173.50000000000003 74.898297500000012 7923.5000000000009 72.341017000000008 8741.5000000000018 17721.125000000004 19764.104166666668 102540.22916666667 1650.604166666667 55.228464383264047 -1.2771830000000006 225.50000000000003 60.361508041666674 119617.50000000001 2.2942739731561477 220.50000000000003 24.717708333333338 1269.5000000000002 684.50000000000011 32332.500000000004 63.598052292940729 65.158984430170236 35653.500000000007 61.693403729166675 161.50000000000003 87799.500000000015 32870.000000000007 4652.0208333333339 -2.5542999999999938 1094.2708333333337 2.9122736836160041 10611.000000000002 778.06250000000011 41999.500000000007 64.354798707297775 1.0000000180025095e-35 8.5000000000000018
decision_type=2 2 2 2 2 2 2 2 2 2 2 2 2 2 2 2 2 2 2 2 2 2 2 2 2 2 2 2 2 2 2 2 2 2 2 2 2 2 2 2 2 2 2 2 2 2 2 2 2 2 2 2 2 2 2 2 2 2 2 2 2 2
left_child=11 4 3 9 5 50 12 8 -8 -3 51 -1 -6 14 15 -14 17 -17 23 -18 -20 24 -23 -19 -15 26 27 -9 48 30 34 32 -32 -34 35 -30 37 -33 -38 -40 47 -42 -43 -41 -45 -46 -47 -39 -27 -50 -2 -10 53 54 55 -51 -4 -58 -49 60 -60 -62
right_child=1 2 56 -5 6 -7 7 25 10 -11 -12 -13 13 21 -16 16 19 18 20 -21 -22 22 -24 -25 -26 28 -28 -29 29 -31 31 36 33 -35 -36 -37 38 40 39 43 41 42 -44 44 45 46 -48 58 49 52 -52 -53 -54 -55 -56 -57 57 -59 59 -61 61 -63
leaf_value=6.0164466085311448 -4.7532087056818035 -0.1579045334701541 -21.579299532223633 3.1949569429164075 -20.643031897480153 10.426851303692922 1.9090808167545363 1.5210891097166255 -0.50587450000281964 2.0282742147164465 3.5568704277486138 -40.098390178137237 7.3039723306021189 -6.438719817613948 -21.825482068036312 10.983658623110541 -15.692214170066288 -0.92514576398293635 0.0090487160851518301 8.7224867140149218 5.7431671001354481 -21.687274824755903 9.6912818663530356 2.0385311003704345 3.1002838399396579 -8.2367316236198231 -0.62370054737004843 -0.35929731731066095 -0.064327117811780188 1.7122916878309526 -0.15899386551911504 4.3590224552427355 3.4463340570284702 1.21550325320681 -1.263022252287213 6.9503222287894522 -0.16365525484974541 0.32509979376005654 -2.2377899843991758 -8.5077175713156148 0.37932596748660757 2.945183172984787 -0.29396270523092216 -0.30253433851897477 -0.016475421265880676 4.1783893141080215 0.66780598833959948 -1.1731560597782646 4.8440252774006174 3.4018405864265779 0.93506548646093668 0.45806792953711972 0.55386399167210121 -1.8321911396885346 -0.029049177461287427 -0.64768809183285869 -34.820713902828487 10.251697865890366 4.2886731221333747 -0.058403773742803568 3.0014813387790356 -0.12340584855270315
leaf_weight=24 29 286 1090 22 359 20 39 29 81 26 37 928 36 720 94 26 129 54 20 20 35 41 23 33 25 145 21 24 49 22 30 21 20 26 376 30 425 22 53 23 20 28 44 35 30 28 35 113 23 25 34 21 37 407 148 21 56 21 38 185 39 94
leaf_count=24 29 286 1090 22 359 20 39 29 81 26 37 928 36 720 94 26 129 54 20 20 35 41 23 33 25 145 21 24 49 22 30 21 20 26 376 30 425 22 53 23 20 28 44 35 30 28 35 113 23 25 34 21 37 407 148 21 56 21 38 185 39 94
internal_value=-0.000777974 -0.000487499 -0.00157884 0.000763244 -0.000126154 0.00454874 -0.000213945 0.000268977 0.00372263 6.72854e-05 0.00215672 -0.00261842 -0.00106619 -0.000632912 0.000952806 0.0020051 0.00115421 0.00358715 0.00225897 -0.00156942 0.0062069 -0.00151279 0.0025741 -0.00020666 -0.00186821 3.71322e-05 0.00344129 0.0059887 -5.90262e-05 0.000340966 0.000229578 0.000618745 0.0052431 0.0086551 -0.000883323 0.0022756 0.000330873 0.00116702 -0.000467335 0.00139637 0.000905504 0.00381107 0.00195562 0.00273991 0.00377049 0.00534909 0.00789223 0.000354306 -0.000949014 -0.000499169 0.00171157 0.00020568 -0.00073813 -0.000998171 0.000540958 0.00475054 -0.00225174 0.000466925 6.39515e-05 0.000699241 0.00241964 0.00103681
internal_weight=6995 6043 1501 334 4542 83 4459 2844 178 312 139 952 1615 1256 447 353 317 168 142 149 55 809 64 87 745 2666 74 53 2592 1786 1764 1309 76 46 455 79 1233 604 629 204 583 92 72 151 128 93 63 491 806 661 63 102 638 601 194 46 1167 77 469 356 171 133
internal_count=6995 6043 1501 334 4542 83 4459 2844 178 312 139 952 1615 1256 447 353 317 168 142 149 55 809 64 87 745 2666 74 53 2592 1786 1764 1309 76 46 455 79 1233 604 629 204 583 92 72 151 128 93 63 491 806 661 63 102 638 601 194 46 1167 77 469 356 171 133
is_linear=0
shrinkage=0.03


Tree=153
num_leaves=63
num_cat=0
split_feature=38 66 10 30 45 70 64 24 62 31 13 22 39 31 19 51 56 30 11 44 3 32 26 32 49 53 8 64 54 19 44 34 63 63 60 64 52 38 2 66 18 43 60 40 24 60 56 3 17 27 32 34 33 42 50 56 29 27 0 14 42 50
split_gain=4.26823 2.29729 2.08739 3.00513 2.47048 3.46321 2.08617 2.48741 1.62191 2.60849 2.70616 2.05251 1.97149 1.2647 1.20464 1.65243 1.64486 1.26303 1.16065 1.15281 1.5032 1.72131 1.41786 2.50765 1.2932 1.23808 1.06171 1.03572 2.22049 1.98972 1.65855 0.924401 0.920271 1.5707 1.39615 1.04137 1.39486 0.910882 1.22186 1.43027 1.2436 0.998617 0.815117 0.99927 1.59461 1.57616 1.19159 0.723285 0.704195 0.667162 0.645993 1.43458 1.03953 0.841865 1.27504 1.18957 0.95139 0.658381 0.640626 0.610899 0.556104 1.3098
threshold=10914.79166666667 8492.9375000000018 0.74305326206722599 48.439697762812472 31701.500000000004 91579.541666666672 223.50000000000003 67.68663500000001 1254.2500000000002 57.218199758839077 79356.500000000015 0.17500000000000074 41208.500000000007 55.484303038629015 24.975000000000005 1173.5000000000002 11105.000000000002 54.667005876187964 117514.00000000001 32548.500000000004 53.919408896820826 56.152176295865466 84.610373750000008 56.427323785204116 210.50000000000003 1994.5000000000002 1.0000000180025095e-35 3598.5000000000005 1827.6875000000002 18.125000000000004 32620.000000000004 1.5135704706090147 1095.5000000000002 1588.5000000000002 2492.0000000000005 1716.5000000000002 1418.5000000000002 12681.375000000002 91.769973000000007 7657.6250000000009 14.125000000000002 27609.000000000004 708.50000000000011 43390.500000000007 86.548084500000016 1225.5000000000002 7.5000000000000009 67.542653650195362 4.3250000000000002 20.371805775721754 65.514579987561731 0.14905878340524129 1.6213543999208819 46916.020833333343 532.60416666666674 21.500000000000004 67.542653650195362 8.27033282926892 115296.00000000001 76666.000000000015 52881.041666666679 1023.2291666666669
decision_type=2 2 2 2 2 2 2 2 2 2 2 2 2 2 2 2 2 2 2 2 2 2 2 2 2 2 2 2 2 2 2 2 2 2 2 2 2 2 2 2 2 2 2 2 2 2 2 2 2 2 2 2 2 2 2 2 2 2 2 2 2 2
left_child=48 2 4 -4 26 -6 7 -7 9 -5 -11 -12 -13 -3 15 18 -16 -17 -8 22 21 -21 60 -24 -25 42 27 30 37 -30 47 32 -19 34 35 36 -34 59 39 41 -41 -39 -22 44 45 -44 -45 -2 -1 -50 53 52 -52 54 57 -56 -55 -35 -33 -29 -10 -62
right_child=1 13 3 8 5 6 14 -9 19 10 11 12 -14 -15 16 17 -18 31 -20 20 25 -23 23 24 -26 -27 -28 28 29 -31 -32 58 33 50 -36 -37 -38 38 -40 40 -42 -43 43 46 -46 -47 -48 -49 49 -51 51 -53 -54 56 55 -57 -58 -59 -60 -61 61 -63
leaf_value=6.8516768846198426 -13.380941320586444 0.046994557821529358 7.7395489995106885 -4.7446910533638293 4.2973954825264968 -2.3848152225423553 -1.548258201510341 4.3417866514560703 -1.9803560716568913 9.4980178079092425 -0.10713517069256595 1.1876925883879854 2.5345597673111988 0.95805589893693621 -11.595913285489482 1.6074185433428596 3.5885160172922923 -0.45220136233218139 2.4829766233075676 1.9235230318232417 -0.35509206545816913 0.017985628671023671 4.9337026079541602 3.2961652248000171 -0.094310310475514345 0.99987138699292155 -31.569443406252599 2.2304626207266418 3.1898402198319835 1.171449441842962 3.1754317976987001 2.7717607461913363 2.5366613236900402 0.18905695304118908 6.698287295458206 -0.49657631794547291 0.58092871452974348 4.5833051349747018 4.9937374190586938 -0.032759212993898668 8.1851533365715223 -2.9371794059977914 3.8480199096538774 4.2543058997490943 -0.13009365783006521 0.19120839352699751 -0.28695798380641274 0.24991126840713873 -40.995149932030706 2.9911466962521343 0.38861353664292847 -0.3468957595917142 4.9076170520741451 -0.30200736453688942 5.7093031233157028 2.4187098734780861 3.9127342689816129 -1.9126233154331669 0.32584113077991761 -14.8453597823114 0.3478015437534519 -0.034945825431676403
leaf_weight=20 845 22 34 72 26 32 795 25 530 22 65 36 31 23 473 30 29 193 31 21 71 24 20 21 82 33 581 20 24 39 29 20 21 39 24 38 30 35 20 21 20 279 33 26 50 30 131 25 910 22 20 23 21 261 21 22 30 74 26 262 20 142
leaf_count=20 845 22 34 72 26 32 795 25 530 22 65 36 31 23 473 30 29 193 31 21 71 24 20 21 82 33 581 20 24 39 29 20 21 39 24 38 30 35 20 21 20 279 33 26 50 30 131 25 910 22 20 23 21 261 21 22 30 74 26 262 20 142
internal_value=-0.000782263 -0.000487499 -0.000538671 0.000431697 -0.000861216 -0.00017317 -0.000298934 0.00535902 0.000223957 0.00256081 0.00476963 0.00311128 0.00679583 0.00625277 -0.000445726 -6.63145e-05 -0.0017387 0.000826335 -0.00103498 -0.000201767 0.00107373 0.00625277 -0.000861245 0.00209586 0.000174587 0.000441058 -0.00158038 -0.00118214 -0.000329122 0.00503962 -0.00186186 0.000611748 0.000374494 0.000937349 0.00413793 0.0023569 0.00516634 -0.000849187 0.000111969 -0.000287244 0.0049635 -0.000983764 -8.79515e-05 0.000655312 0.00281167 0.00599049 -0.000878422 -0.00209976 -0.00264993 -0.00277116 0.000223048 0.00304212 0.00642336 -0.000174458 0.00159513 0.00598608 -0.00113363 -5.30511e-05 0.00475054 -0.00213754 -0.00139142 0.000129549
internal_weight=6995 6043 5998 1494 4504 2304 2278 57 1460 226 154 132 67 45 2221 1719 502 893 826 1234 419 45 815 123 103 374 2200 1619 720 63 899 863 817 624 113 89 51 657 375 355 41 314 341 270 113 63 157 870 952 932 511 64 41 447 156 43 291 113 46 282 692 162
internal_count=6995 6043 5998 1494 4504 2304 2278 57 1460 226 154 132 67 45 2221 1719 502 893 826 1234 419 45 815 123 103 374 2200 1619 720 63 899 863 817 624 113 89 51 657 375 355 41 314 341 270 113 63 157 870 952 932 511 64 41 447 156 43 291 113 46 282 692 162
is_linear=0
shrinkage=0.03


Tree=154
num_leaves=63
num_cat=0
split_feature=38 9 17 16 36 20 62 41 66 58 46 54 19 63 17 29 41 24 17 66 70 38 5 67 11 61 2 67 11 59 22 47 2 64 0 39 65 66 68 58 45 34 7 33 63 40 49 27 64 35 24 59 66 66 63 34 26 16 36 34 65 32
split_gain=4.18345 2.42588 3.15527 2.52563 3.88396 2.33748 2.30128 2.28612 2.19501 1.86574 2.13316 2.42196 1.54982 1.54208 1.53011 1.50843 1.41301 1.58615 1.35449 1.21384 1.18858 1.18373 1.15639 1.10735 1.44801 2.66513 1.14942 1.10163 1.99344 1.09066 1.07617 1.05389 1.16454 1.13674 2.58765 1.58322 1.55899 2.66483 1.29881 3.46797 1.24814 1.02155 0.954063 1.45281 1.4672 1.91719 0.933701 0.926887 1.11291 0.935335 1.30359 1.2436 0.91714 1.37076 0.891353 0.88862 1.08992 0.793769 0.788062 1.78885 0.786443 0.750473
threshold=10914.79166666667 1.0000000180025095e-35 10.975000000000001 1170.5000000000002 13152.500000000002 17.180208333333336 1168.8333333333337 37233.000000000007 8492.9375000000018 1799.5416666666667 31224.312500000004 1030.8958333333335 18.125000000000004 2602.5000000000005 -10.574999999999998 66.260735804484895 42551.500000000007 71.08978500000002 4.9250000000000016 2487.0000000000005 77805.479166666672 14039.687500000002 1.5000000000000002 118767.00000000001 121243.00000000001 2047.0000000000002 44.986072500000006 87541.500000000015 78513.500000000015 4706.5000000000009 -0.45000000000000057 2381.0000000000005 51.345223000000011 3709.5000000000005 86940.500000000015 43637.500000000007 2855.5000000000005 1139.4583333333335 98391.000000000015 3627.7916666666674 32610.500000000004 0.68909867002575009 11.500000000000002 1.6638021946809285 598.50000000000011 48088.000000000007 2211.5000000000005 10.062009815274683 1269.0000000000002 13395.000000000002 57.082492000000009 923.50000000000011 3094.7083333333339 3572.5625000000005 3028.5000000000005 -0.90544791803263525 76.267999812500008 6258.5000000000009 27141.500000000004 0.22415864545451927 4034.5000000000005 54.421901885640381
decision_type=2 2 2 2 2 2 2 2 2 2 2 2 2 2 2 2 2 2 2 2 2 2 2 2 2 2 2 2 2 2 2 2 2 2 2 2 2 2 2 2 2 2 2 2 2 2 2 2 2 2 2 2 2 2 2 2 2 2 2 2 2 2
left_child=18 2 3 23 -5 8 7 -7 14 -8 22 12 -12 -6 58 -4 -9 21 -1 46 -16 -18 27 26 25 -25 -2 28 -11 -28 -15 32 -13 35 -35 52 38 40 39 -37 -38 -32 43 -40 -45 -46 60 48 -22 -50 51 -51 -34 -54 -36 56 -44 -57 59 -3 -17 -52
right_child=1 5 15 4 13 6 9 16 -10 10 11 31 -14 30 20 19 17 -19 -20 -21 47 -23 -24 24 -26 -27 29 -29 -30 -31 41 -33 33 34 54 36 37 -39 42 -41 -42 -43 55 44 45 -47 -48 -49 49 50 61 -53 53 -55 -56 57 -58 -59 -60 -61 -62 -63
leaf_value=5.6304029037365888 3.8340512925570605 1.0680564131260635 -17.334950164685448 11.429476470617596 2.030319899442941 7.4536321705971709 4.2485856392201358 -0.19280641233730444 0.9293141536927112 -0.168934477428026 6.0592792803064892 -31.10632200005762 0.42230215725985065 -1.6452989896660244 4.211984282091854 -2.4335910361835627 -2.3493755366442142 3.5627313014833168 -37.665583974832231 3.8679807197854217 0.68170098100462961 4.9856885215717197 -10.282774808271647 0.26015874953102375 -0.10130490714385665 2.3981565612418914 -3.524756507090308 -0.55900099617312182 4.9979291135501036 2.5514881918248258 -0.2689595863588114 8.8158955849391969 -0.25440195347490679 2.498509323872907 -0.13557970117544393 8.995821063721241 0.40222566422648021 -0.2892190590684986 -2.3713125588457542 -0.85717390932564841 4.8830719388531341 5.7663255088907706 -0.27924071016956087 -0.033099735221596975 0.23288201108479259 5.0785006010530784 5.4928087222207429 -6.3945867786317248 -23.208842961836819 8.7792972596768344 4.00351070814901 -2.9065789507052235 0.63781476447274388 -5.692130242013608 0.90653413821035711 -0.64007135744315624 0.94991282774319941 0.34700796455801769 -0.035327930487442483 -1.3289373257343338 0.804825010059668 -0.31465833395157039
leaf_weight=24 26 38 1422 32 36 37 26 69 33 26 22 81 39 82 31 169 24 28 928 30 23 21 330 35 55 21 489 31 28 29 27 24 278 29 41 20 39 44 40 26 22 25 31 27 27 22 21 818 133 20 43 21 26 22 37 210 38 22 62 24 20 491
leaf_count=24 26 38 1422 32 36 37 26 69 33 26 22 81 39 82 31 169 24 28 928 30 23 21 330 35 55 21 489 31 28 29 27 24 278 29 41 20 39 44 40 26 22 25 31 27 27 22 21 818 133 20 43 21 26 22 37 210 38 22 62 24 20 491
internal_value=-0.000769396 -0.00047757 -0.00118852 0.000287014 0.00322118 2.97941e-05 0.000792344 0.0040201 -0.00075298 0.000430943 0.000297705 0.000956216 0.00677578 0.0013933 -0.000903117 -0.00195115 0.00225897 0.005171 -0.00261842 0.0002374 -0.00115626 0.00159645 -0.00154662 -0.000613647 0.00210621 0.00550802 -0.00117442 0.00155112 0.00415896 -0.00148813 -6.71148e-05 0.000631949 0.000490712 0.000773149 0.00369748 0.000419415 0.00137828 0.00468126 0.000621895 0.0054013 0.00873977 0.00328215 8.63095e-05 0.0024031 0.00484888 0.00794297 -0.000556878 -0.00127429 -0.000492409 -0.000707528 -0.000177361 0.0049635 -0.00124195 0.00255717 0.000806657 -0.000797078 0.00217077 -0.00169324 0.00229653 0.00468599 -0.00123744 -0.000578544
internal_weight=6995 6043 2519 857 202 3524 1787 179 1737 1608 1582 1167 61 170 1704 1662 142 73 952 240 1580 45 415 655 111 56 544 85 54 518 134 1106 1082 1001 107 894 568 105 463 46 61 52 417 116 76 49 210 1549 731 708 575 41 326 48 78 301 69 232 124 62 189 534
internal_count=6995 6043 2519 857 202 3524 1787 179 1737 1608 1582 1167 61 170 1704 1662 142 73 952 240 1580 45 415 655 111 56 544 85 54 518 134 1106 1082 1001 107 894 568 105 463 46 61 52 417 116 76 49 210 1549 731 708 575 41 326 48 78 301 69 232 124 62 189 534
is_linear=0
shrinkage=0.03


Tree=155
num_leaves=63
num_cat=0
split_feature=38 1 4 5 22 20 46 66 18 58 13 67 55 66 32 48 26 47 62 56 70 66 26 66 4 26 17 4 37 24 23 34 41 16 17 24 64 63 43 31 46 66 27 1 13 40 27 49 32 24 16 2 54 57 20 52 23 14 3 65 35 13
split_gain=4.29789 2.48386 2.25351 2.40674 1.54859 1.53858 2.45463 2.15452 1.51368 2.22718 3.20986 1.75474 1.52192 1.50383 1.36078 1.30788 1.62076 1.31372 1.2644 1.19314 1.15338 1.45584 1.98737 2.09456 2.1997 2.2156 1.21304 1.10655 1.08121 1.07493 1.76672 1.23231 1.7638 0.962469 0.960692 1.26211 0.946115 1.24384 0.96457 1.43417 1.12296 2.04561 2.44517 0.903199 0.854086 0.837955 2.0262 0.837482 2.3836 2.11371 0.797728 1.18682 1.54088 0.66221 0.636605 0.630283 1.20153 1.30284 0.892035 0.710848 0.9241 0.770633
threshold=12471.16666666667 1.2750000000000001 17.500000000000004 4.5000000000000009 0.09999999999999977 4.3229166666666679 29545.020833333339 2739.3750000000005 4.9250000000000016 1626.0208333333337 83920.500000000015 100022.50000000001 4.5000000000000009 1668.5208333333337 60.137484377905714 213.50000000000003 86.757862645833356 3318.0000000000005 1419.2916666666667 190.00000000000003 86849.687500000015 2923.5000000000005 78.403375604166683 3114.9375000000005 3.5000000000000004 66.649984562500023 13.775000000000002 2.5000000000000004 12356.000000000002 85.285190000000014 89.355252000000021 -0.21245586295287919 40006.000000000007 6258.5000000000009 -0.27499999999999997 67.106830000000016 1041.5000000000002 123.50000000000001 32425.500000000004 56.957491878162919 32039.854166666672 763.81250000000011 12.042128634081804 -1.1249999999999998 104502.00000000001 27851.000000000004 14.703498060773644 106.50000000000001 55.385012859460097 68.262542500000009 3914.5000000000005 51.345223000000011 1775.5416666666667 131.50000000000003 27.490625000000005 1794.5000000000002 67.988417000000013 100460.77083333336 67.542653650195362 382.50000000000006 18749.500000000004 77818.000000000015
decision_type=2 2 2 2 2 2 2 2 2 2 2 2 2 2 2 2 2 2 2 2 2 2 2 2 2 2 2 2 2 2 2 2 2 2 2 2 2 2 2 2 2 2 2 2 2 2 2 2 2 2 2 2 2 2 2 2 2 2 2 2 2 2
left_child=1 -1 3 8 -5 6 -4 -8 11 10 -10 -2 -12 -13 45 16 29 20 19 27 -17 36 23 -23 25 -25 -26 -15 -28 30 31 -11 -33 34 35 -6 37 -22 39 -39 -41 -42 -43 -20 -37 46 -3 48 -47 -50 54 -52 -53 -34 -7 56 57 -38 59 60 -58 -61
right_child=2 14 5 4 33 50 7 -9 9 15 12 13 -14 18 -16 17 -18 -19 43 -21 21 22 -24 24 26 -27 28 -29 -30 -31 -32 32 53 -35 -36 44 55 38 -40 40 41 42 -44 -45 -46 47 -48 -49 49 -51 51 52 -54 -55 -56 -57 58 -59 -60 61 -62 -63
leaf_value=1.6076459697615979 -11.347554553079751 -2.0823817487474754 4.4664814047616987 -10.632532557075203 3.1861988766645055 -21.889227651726351 1.5885463472914474 -0.7595371950771197 2.19492741879878 -0.097548580012080416 -11.242852436553401 0.1281217879212555 4.2922931691188664 4.9798685694044273 5.2403527156605003 -10.290050107791576 4.8766920035160153 0.55569208449107133 0.054716668972609094 4.0623274568715102 0.283977214650036 5.2223105093818027 -4.2216879575213291 1.3415554694863745 -1.4266104927157228 7.2682049291936304 5.0507001201534507 -0.15522118761349649 0.31030944783367992 -0.15891445654728689 6.4990474977268935 4.3527515068190406 1.6794494137236895 0.34268322538012674 -0.1359339614111415 -2.2044494733912177 -16.252846961774221 3.2366388919048878 -0.14007383487419633 -0.29109434285086488 -0.21311359974973318 -0.025545125249362637 4.237854849775859 -4.2736346637275702 1.8453631528744154 -23.497522449700121 9.7997054969482136 -24.653107025303814 -10.692714233045393 11.937856095729652 -30.674084335507551 -4.6016946379589951 5.1410052672018516 -0.36864194638676517 6.6968134787222633 -3.9182586528064487 3.1574504471926197 7.4198313321234695 4.3239521329883432 3.4269969377902778 -0.52156309687245928 -0.19389310776930993
leaf_weight=32 285 126 32 626 23 795 24 319 20 84 27 21 34 20 21 153 22 36 336 25 21 32 85 27 63 29 23 57 55 98 20 21 20 22 250 50 22 22 120 134 54 25 29 172 26 124 30 1518 24 29 39 20 20 23 20 218 20 20 27 21 22 282
leaf_count=32 285 126 32 626 23 795 24 319 20 84 27 21 34 20 21 153 22 36 336 25 21 32 85 27 63 29 23 57 55 98 20 21 20 22 250 50 22 22 120 134 54 25 29 172 26 124 30 1518 24 29 39 20 20 23 20 218 20 20 27 21 22 282
internal_value=-0.000773685 -0.00198992 -0.000318203 4.47391e-05 -0.00122154 -0.0014136 0.000191948 -0.000542117 0.000492725 0.00097428 0.00584464 -0.000507587 0.00235679 0.00037078 -0.0021329 0.000756522 0.00261368 0.000407116 9.34266e-05 0.00314398 0.000269263 0.000550662 0.00234002 0.00379747 0.00261796 0.00764706 0.000595322 0.00124514 0.00311139 0.00195039 0.00340868 0.00224848 0.00538221 0.000307194 -6.87489e-05 0.0024218 5.78465e-06 0.00114046 0.000741994 0.0017607 0.00107807 0.003358 0.00748614 -0.000513679 0.000512483 -0.0022203 -9.6093e-05 -0.00241402 -0.00044043 0.00485876 -0.00209037 0.000758533 0.00441396 0.00180974 -0.00237026 -0.000716659 -2.17346e-05 0.00477435 -0.000572427 -0.000991018 0.00263658 -0.00150445
internal_weight=6995 1904 5091 3822 997 1269 375 343 2825 1909 81 916 61 631 1872 1828 288 1540 610 102 1504 1351 314 229 197 56 141 77 78 266 168 148 64 371 349 99 1037 405 384 264 242 108 54 508 76 1851 156 1695 177 53 894 79 40 43 815 632 414 42 372 345 42 303
internal_count=6995 1904 5091 3822 997 1269 375 343 2825 1909 81 916 61 631 1872 1828 288 1540 610 102 1504 1351 314 229 197 56 141 77 78 266 168 148 64 371 349 99 1037 405 384 264 242 108 54 508 76 1851 156 1695 177 53 894 79 40 43 815 632 414 42 372 345 42 303
is_linear=0
shrinkage=0.03


Tree=156
num_leaves=63
num_cat=0
split_feature=38 66 35 10 38 62 21 66 41 15 30 2 36 51 56 34 35 53 70 69 19 45 46 20 51 65 47 0 65 15 15 64 2 2 64 69 56 50 44 48 47 59 34 45 17 40 18 28 0 7 18 7 33 40 33 48 2 40 39 58 69 24
split_gain=4.34803 2.75275 2.78405 2.20136 2.67496 2.3966 3.2629 2.59421 2.04152 1.90606 1.88589 1.85417 1.50604 1.62064 1.36657 2.03122 1.32584 1.31269 1.2938 1.4277 1.20427 2.603 2.06841 1.29605 2.81154 2.05784 2.31826 2.79827 1.25297 1.45926 1.13804 2.95781 1.8456 1.0958 1.06724 2.19065 1.22381 1.09092 1.04925 1.02617 0.928648 0.913375 0.897211 0.995326 0.87896 1.05126 1.62822 0.894847 0.834433 1.04368 0.821929 0.818925 0.790655 0.781181 0.760775 1.40003 0.759282 0.73773 0.794313 0.72615 1.06449 1.45878
threshold=10094.47916666667 8492.9375000000018 13052.000000000002 0.56392291514228221 13057.562500000002 1235.3125000000002 4.6582043369725499 1060.5416666666667 42322.500000000007 18839.341941028037 45.725954650865255 86.416165000000021 12031.500000000002 940.50000000000011 1096.5000000000002 1.0139148043605462 11596.000000000002 2045.5000000000002 122377.95833333334 93851.000000000015 -0.42499999999999999 33079.000000000007 32581.729166666672 12.655208333333336 681.50000000000011 2855.5000000000005 331.50000000000006 92654.000000000015 3708.5000000000005 7855.4651152736906 11824.819774598882 4802.0000000000009 91.769973000000007 69.884347500000004 6608.5000000000009 89625.500000000015 10611.000000000002 742.58333333333337 32408.500000000004 78.500000000000014 2178.0000000000005 199.50000000000003 -0.81027045088389815 27355.000000000004 1.2750000000000001 36677.000000000007 15.975000000000001 3.9129400000000065 100689.00000000001 9.5000000000000018 23.175000000000001 16.500000000000004 3.0780641313775208 43518.500000000007 1.9207672081072118 333.50000000000006 69.728297500000011 40496.500000000007 38037.500000000007 3512.7083333333339 104389.00000000001 85.886405000000011
decision_type=2 2 2 2 2 2 2 2 2 2 2 2 2 2 2 2 2 2 2 2 2 2 2 2 2 2 2 2 2 2 2 2 2 2 2 2 2 2 2 2 2 2 2 2 2 2 2 2 2 2 2 2 2 2 2 2 2 2 2 2 2 2
left_child=-1 3 -3 4 39 6 7 -5 -9 12 -7 17 13 -6 15 30 -12 -11 19 -17 40 23 -23 -22 -25 48 28 -28 29 -27 42 32 59 -10 36 -36 -16 -38 50 -2 -18 -8 -14 -44 47 46 -46 -45 -26 56 -34 -35 -15 57 55 -21 -50 58 -24 60 -32 -62
right_child=1 2 -4 5 9 10 41 8 33 11 16 -13 14 52 34 18 20 -19 -20 54 21 22 53 24 25 26 27 -29 -30 -31 31 -33 38 51 35 -37 37 -39 -40 -41 -42 -43 43 44 45 -47 -48 -49 49 -51 -52 -53 -54 -55 -56 -57 -58 -59 -60 -61 61 -63
leaf_value=-45.334783432951816 2.9120111035666008 0.88863700410477142 -0.061298650514895962 5.5499947769926994 -8.6004069681819004 10.112866997175882 3.99670511023074 -3.9377995473695648 1.6113464154647101 -0.069957513117411177 -10.901227428258712 0.99141842268754821 -9.9300551819781262 1.3931971700082602 -10.143030206507341 10.085107409747957 -1.8608489444901435 4.6550067270242064 3.9266255590175998 -1.9264342960489236 -5.2746204779377512 1.6951327539627237 0.49996341779714221 6.5101800304445794 -0.13261388410311659 5.1687347503587189 7.7648014879792004 0.23556378217926682 -0.13128143187810679 0.10649414465737374 -10.082812898888429 2.0079967056778623 -1.4804306269080183 3.0355841932960761 3.2299729308009435 -1.500451930217634 -7.2788680992854946 5.4385027352014852 3.2190752263439806 -19.945590835370886 0.63171250348958663 8.7063825516896109 5.5902131904384769 -0.024593194344385252 -5.7865623802438222 -11.89336280140083 5.8535123991355116 4.3170785831802201 -0.027559701090594725 -0.047134884481481128 3.1650827808522539 -0.16288560387296486 2.7175871838511023 -0.12255589157786767 -0.90960047901816699 4.9044814064872746 4.6583640301171148 1.5012500556461825 -0.96333077380703369 -0.61613667611639067 -0.5495357668512566 10.670131369673271
leaf_weight=728 27 22 23 27 28 28 21 144 23 57 251 20 234 23 1044 31 281 22 28 22 247 20 23 39 318 21 21 21 113 26 28 23 31 23 20 90 34 27 39 1076 34 24 25 350 70 277 21 34 21 180 20 26 20 39 104 22 32 36 25 263 25 23
leaf_count=728 27 22 23 27 28 28 21 144 23 57 251 20 234 23 1044 31 281 22 28 22 247 20 23 39 318 21 21 21 113 26 28 23 31 23 20 90 34 27 39 1076 34 24 25 350 70 277 21 34 21 180 20 26 20 39 104 22 32 36 25 263 25 23
internal_value=-0.000717932 -0.000462416 0.00691796 -0.000516386 -0.00091412 0.000283416 0.00282194 0.00143151 0.000319296 -0.000455632 -0.000126683 0.00363269 -0.000593688 0.00371308 -0.000700843 -0.000141908 -0.000252275 0.00151707 0.00263641 0.00167504 8.4162e-05 0.000525336 0.00431866 0 0.000594621 0.000183242 0.00277585 0.00904988 0.00110556 0.00522293 -0.000537216 0.000710019 0.000139827 0.00445215 -0.00146655 0.00133515 -0.00174826 0.00235679 0.00396226 -0.00218113 -0.00156141 0.0102439 -0.00109781 -0.00060224 -0.000801756 -0.00185004 0.000922063 0.000195261 -0.000762113 0.00059202 0.00105675 0.00183299 0.00737819 0.00282697 0.000425388 0.0037415 0.00429378 0.00445898 0.00193347 -0.000867002 0.00169514 0.00442827
internal_weight=6995 6267 45 6222 4158 2064 288 243 216 3055 1776 99 2956 71 2885 1670 1748 79 207 179 1497 1182 143 1039 792 753 202 42 160 47 1463 452 429 72 1215 110 1105 61 90 1103 315 45 1011 777 752 368 91 384 551 233 51 49 43 123 148 44 53 84 48 339 76 48
internal_count=6995 6267 45 6222 4158 2064 288 243 216 3055 1776 99 2956 71 2885 1670 1748 79 207 179 1497 1182 143 1039 792 753 202 42 160 47 1463 452 429 72 1215 110 1105 61 90 1103 315 45 1011 777 752 368 91 384 551 233 51 49 43 123 148 44 53 84 48 339 76 48
is_linear=0
shrinkage=0.03


Tree=157
num_leaves=63
num_cat=0
split_feature=38 45 42 56 5 50 47 33 15 42 32 27 5 24 43 53 49 34 53 32 52 34 25 58 27 36 3 15 46 22 50 64 23 46 40 43 43 55 68 56 66 16 14 16 19 32 4 35 30 16 3 38 58 56 42 58 14 32 38 22 1 55
split_gain=4.26328 2.3743 3.58127 6.19656 1.78707 1.69145 2.07148 2.26884 3.12412 1.44936 1.35999 1.36367 1.45083 1.83946 1.73157 3.2402 3.09651 1.41119 3.23903 1.82364 1.81813 1.68664 1.33971 1.25309 1.92627 1.30527 3.87312 1.16781 2.23422 1.57023 2.50407 1.56128 1.57899 1.29635 1.42894 1.1739 1.16375 1.54594 1.12807 1.16683 1.12672 1.19093 1.02541 1.67772 1.18633 0.975668 0.938966 0.919429 0.916543 0.913832 0.855576 1.43336 0.823718 0.771617 0.76347 0.743411 0.662475 0.661411 0.653718 0.671189 0.644926 0.630872
threshold=10094.47916666667 31741.000000000004 36036.708333333336 9.5000000000000018 3.5000000000000004 243.95833333333334 220.50000000000003 3.2209115505971586 5127.8777898442577 32677.187500000004 57.622417560522088 14.131264280853296 1.5000000000000002 70.607397000000006 32569.500000000004 2355.5000000000005 308.50000000000006 -0.76593789222234665 1350.5000000000002 65.573755602780366 1944.5000000000002 -1.1096401330093071 94.158693000000014 2041.7291666666667 13.091906394380436 10556.000000000002 56.957491878162919 11760.762403578181 29102.520833333339 1.6000000000000005 334.83333333333343 5926.0000000000009 47.427121500000005 28460.854166666668 34791.500000000007 31716.500000000004 32473.500000000004 529.50000000000011 91838.500000000015 15.500000000000002 417.52083333333343 6014.0000000000009 101779.93750000001 2288.5000000000005 -1.1249999999999998 60.701864357137467 14.500000000000002 29617.000000000004 59.412736247396687 -225.49999999999997 54.868724792035216 12471.16666666667 1897.7916666666667 6880.5000000000009 44643.687500000007 2375.8958333333335 79125.895833333358 48.372679892149755 27378.833333333339 -0.074999999999999276 1.925 5975.5000000000009
decision_type=2 2 2 2 2 2 2 2 2 2 2 2 2 2 2 2 2 2 2 2 2 2 2 2 2 2 2 2 2 2 2 2 2 2 2 2 2 2 2 2 2 2 2 2 2 2 2 2 2 2 2 2 2 2 2 2 2 2 2 2 2 2
left_child=-1 4 3 60 5 6 22 9 -9 -8 -4 12 13 14 15 16 -12 18 19 53 21 -20 50 24 52 26 -25 29 -29 31 -31 -7 -33 56 -35 -30 37 -37 39 -13 -40 47 43 44 -19 -41 -43 -42 -16 54 -2 -52 -6 -14 -46 -50 -34 -27 -44 -60 -3 -15
right_child=1 2 10 -5 23 27 7 8 -10 -11 11 38 17 61 48 -17 -18 42 20 -21 -22 -23 -24 25 -26 57 -28 28 35 30 -32 32 33 34 -36 36 -38 -39 40 45 41 46 58 -45 49 -47 -48 -49 55 -51 51 -53 -54 -55 -56 -57 -58 -59 59 -61 -62 -63
leaf_value=-43.974739929963242 -19.53294628407258 2.658462379647665 -0.87468662077831827 3.3704419160225556 -12.793668784256997 -8.7285314312078999 5.3987524465273307 3.1189632763071491 16.04048571430808 -10.045153474817962 0.45447106331469911 -25.093291677047461 -2.4147469564602351 0.06971664607116855 -8.5428293580582384 -13.804929084524632 4.6154486034969135 -10.275229787939651 1.4338670796276274 0.86474464153263597 -0.54677118172896466 3.4665408012612797 0.92260610718568659 -13.20623401999242 5.1481379172071353 7.5290853865617633 6.4757768268658191 5.6117996986243712 -7.581503560566814 3.5364308333796068 -1.228345469033902 3.8750647281603792 2.74027579035902 5.8072252817123617 -0.021910753718331132 3.7020999089549718 -20.54303980532211 -0.49360233361486955 3.6358926744355995 3.5116475140329162 -0.72173662233998526 -0.074495787303151179 -0.37336500743017004 4.7006728488851426 0.93765102838648873 -0.37809173440170624 1.5288091504183887 3.9234187992085956 3.00189817401328 -0.075279231290408408 -6.2278135469963178 1.6479659466133212 1.5585829655449424 0.40010148106054161 6.1811090909750188 -0.064662438966328728 -11.684006414867765 -20.201976747179039 0.65692991680395052 -0.1033129822629584 -37.400947632433201 0.99099518395344632
leaf_weight=728 105 25 498 22 97 814 23 33 21 51 32 24 142 302 27 23 25 63 29 21 21 25 21 71 32 20 21 27 104 36 85 35 20 26 39 54 33 41 20 35 640 26 551 21 23 21 22 26 34 36 56 33 27 20 20 23 124 1103 109 134 23 52
leaf_count=728 105 25 498 22 97 814 23 33 21 51 32 24 142 302 27 23 25 63 29 21 21 25 21 71 32 20 21 27 104 36 85 35 20 26 39 54 33 41 20 35 640 26 551 21 23 21 22 26 34 36 56 33 27 20 20 23 124 1103 109 134 23 52
internal_value=-0.000739375 -0.00048635 0.000100157 0.00680456 -0.00106691 -0.000437932 0.00145147 0.00447307 0.00914972 0.00101215 -5.32009e-05 0.000226139 0.000702786 0.00203243 0.00466179 0.00782771 0.0116637 0.000133322 0.00210384 -3.27697e-05 0.0073502 0.0102588 -0.000334729 -0.0018817 0.000634208 -0.00220723 0.00120521 -0.000890759 0.000926283 -0.00129251 0.00193229 -0.0016643 0.000430151 -0.000545194 0.00294931 -1.29262e-05 0.00189695 0.00359621 -0.000784917 0.00258427 -0.00115652 -0.00135695 -0.000394944 0.00176579 0.00057002 0.00497326 0.00318087 -0.00168894 0.00160523 0.00303413 -0.00112829 0.0010101 -0.00103949 -0.00112893 0.00598608 0.00378284 -0.00214434 -0.00248954 -0.000842464 0.000444261 0.00068607 0.000804857
internal_weight=6995 6267 3115 70 3152 1781 343 128 54 74 3045 2547 1733 518 164 80 57 1215 258 183 75 54 215 1371 156 1215 92 1438 259 1179 121 1058 244 209 65 232 128 95 814 80 734 714 957 163 142 56 48 666 84 79 194 89 124 162 43 57 144 1123 794 243 48 354
internal_count=6995 6267 3115 70 3152 1781 343 128 54 74 3045 2547 1733 518 164 80 57 1215 258 183 75 54 215 1371 156 1215 92 1438 259 1179 121 1058 244 209 65 232 128 95 814 80 734 714 957 163 142 56 48 666 84 79 194 89 124 162 43 57 144 1123 794 243 48 354
is_linear=0
shrinkage=0.03


Tree=158
num_leaves=63
num_cat=0
split_feature=38 9 1 23 36 59 3 66 58 22 62 44 58 11 12 61 38 42 14 18 24 16 5 26 34 37 1 57 65 29 58 66 11 42 49 25 27 25 64 15 55 25 63 26 27 11 5 68 40 4 47 48 61 26 45 16 7 58 16 49 28 27
split_gain=4.00359 2.22488 2.63798 3.22737 2.82945 1.46678 1.42413 1.34574 1.41233 1.66171 1.57584 2.14733 2.2576 1.59704 2.47085 1.91752 1.57316 1.28996 1.28769 2.46326 1.65057 1.57771 1.28468 1.96402 1.27627 1.57375 2.07576 1.28653 1.27471 1.24592 1.23943 1.40863 1.21008 1.44216 1.09904 1.11157 0.999824 0.939148 0.90913 1.68561 0.895509 1.34437 0.991452 1.22842 0.946224 0.869956 0.863761 0.84302 1.09723 0.950278 1.16733 0.809676 0.794569 0.794558 0.863896 1.87263 0.951198 1.06331 0.774605 1.20404 0.894071 0.767237
threshold=10028.22916666667 1.0000000180025095e-35 11.975000000000001 47.904905000000007 13279.500000000002 4632.0000000000009 67.748846923452206 8492.9375000000018 4652.0208333333339 2.1500000000000017 1235.3125000000002 28446.000000000004 2078.1875000000005 77302.500000000015 75759.000000000015 1616.0000000000002 15227.854166666668 54237.833333333336 88357.833333333343 15.975000000000001 84.643112000000016 -2482.4999999999995 2.5000000000000004 86.495670041666685 -0.45878215069495448 13683.500000000002 9.2750000000000021 7350.0000000000009 1598.5000000000002 54.934148792927623 3841.0208333333339 1241.8333333333337 108405.00000000001 42575.479166666672 1056.5000000000002 86.808593000000016 10.384259433663233 88.516272000000015 1095.5000000000002 10001.438814659794 11111.500000000002 69.27285000000002 3000.5000000000005 63.833932437500003 13.275171745817127 90162.500000000015 2.5000000000000004 84541.000000000015 41676.000000000007 17.500000000000004 329.50000000000006 81.500000000000014 774.50000000000011 71.229673750000003 32873.500000000007 3461.0000000000005 21.500000000000004 1820.166666666667 5273.5000000000009 657.50000000000011 -8.1822994999999974 3.822255081547842
decision_type=2 2 2 2 2 2 2 2 2 2 2 2 2 2 2 2 2 2 2 2 2 2 2 2 2 2 2 2 2 2 2 2 2 2 2 2 2 2 2 2 2 2 2 2 2 2 2 2 2 2 2 2 2 2 2 2 2 2 2 2 2 2
left_child=-1 2 3 4 -2 28 51 8 10 40 11 12 -3 14 -13 37 22 -8 19 -18 -21 30 23 24 25 26 -12 29 46 -28 -20 -32 -30 -34 -19 -36 -7 47 39 -23 41 -10 -43 -44 -45 -46 -5 -15 -49 50 -50 -4 -35 54 -40 56 57 -56 60 -60 -41 -55
right_child=1 7 6 5 -6 36 17 -9 9 -11 16 13 -14 15 -16 -17 18 34 21 20 -22 38 -24 -25 -26 -27 27 -29 32 -31 31 -33 33 52 35 -37 -38 -39 53 58 -42 42 43 44 45 -47 -48 48 49 -51 -52 -53 -54 61 55 -57 -58 -59 59 -61 -62 -63
leaf_value=-42.145980498079759 4.5588291807365238 2.5132240688215246 0.44437917871308386 -0.077494884129188216 0.17048837403816794 2.2827880540541492 3.6904016211438364 0.73659635112875566 7.6973751004505946 11.864178990723087 7.2664577070983292 0.20381306584759332 -10.889038321789897 3.5820837535749339 9.3932001165197061 2.5904169515817821 -3.6206619480156643 -2.9462785644173333 0.13067510339690189 0.19809924471551979 3.0440286093670612 3.8224023559389946 -11.440432948405764 3.2950371892522852 -1.4194542522444205 -2.3732733369885759 2.3021951751900604 -1.6490472640803904 -4.0657043432857201 0.54274225961079714 3.232018808445519 0.41818735956860043 4.6448443687032874 3.0439034423556066 2.7961522456803061 -1.8038812241982805 2.2765828941094446 2.9144761897678562 -0.16106161030260216 1.3289671383404755 -26.912823465875658 -0.10202663795635981 -2.7123309586552491 0.033377769001615001 0.79848663204026971 4.5114587189253745 4.4762965722297805 -2.3615897150298184 0.19579917085753465 -7.2539269681075238 4.4676944807306871 -17.615888790966817 -0.089404881860695756 0.050083301137121734 -1.2570092737675052 3.2040460719574444 -13.8837190700922 1.0864740039876966 -0.048076809660874846 2.679357239320955 -0.31484580440315268 -0.4465426464016452
leaf_weight=700 35 34 32 20 36 41 27 33 26 27 25 28 156 24 26 26 48 66 122 21 22 27 684 24 358 92 20 36 525 32 38 26 21 39 26 24 30 25 199 27 39 70 24 27 27 22 20 106 35 24 28 1524 161 92 31 23 44 30 42 27 251 520
leaf_count=700 35 34 32 20 36 41 27 33 26 27 25 28 156 24 26 26 48 66 122 21 22 27 684 24 358 92 20 36 525 32 38 26 21 39 26 24 30 25 199 27 39 70 24 27 27 22 20 106 35 24 28 1524 161 92 31 23 44 30 42 27 251 520
internal_value=-0.00075653 -0.000516593 -0.00118305 0.000100204 0.00624473 -0.000406021 -0.0018857 -3.84402e-05 -9.40834e-05 0.00202594 -0.000259702 0.00127124 -0.00124671 0.00276622 0.00748614 0.00180157 -0.00053476 0.00096436 9.24463e-05 0.00355653 0.0087703 -0.00011607 -0.00132169 -0.000286153 -0.000649974 0.00122867 0.00360743 0.00139614 -0.000782344 0.00443378 0.00246642 0.00585023 -0.00106554 0.000786974 -0.000387598 0.00293413 0.00371308 0.00095415 -0.000484351 0.000761828 0.00119949 0.00203468 0.00104056 0.00296703 0.00484888 0.00733197 0.00441396 0.000304007 -0.000341793 0.00213548 0.00408875 -0.00214961 0 -0.000983921 0.000201772 0.00213115 0.000399619 0.00284779 0.000190146 0.00303907 -0.000507013 -0.00162228
internal_weight=6995 6295 2627 928 71 857 1699 3668 3635 262 3373 512 190 322 54 268 2861 143 1590 91 43 1499 1271 587 563 205 113 88 786 52 186 64 746 221 116 50 71 242 1313 374 235 196 170 100 76 49 40 217 193 87 63 1556 200 939 327 128 105 61 347 69 278 612
internal_count=6995 6295 2627 928 71 857 1699 3668 3635 262 3373 512 190 322 54 268 2861 143 1590 91 43 1499 1271 587 563 205 113 88 786 52 186 64 746 221 116 50 71 242 1313 374 235 196 170 100 76 49 40 217 193 87 63 1556 200 939 327 128 105 61 347 69 278 612
is_linear=0
shrinkage=0.03


Tree=159
num_leaves=63
num_cat=0
split_feature=38 4 17 46 5 44 30 45 58 58 21 16 47 33 20 14 40 51 11 33 61 20 4 47 62 4 21 5 3 29 44 40 18 19 29 38 28 29 70 38 62 67 61 48 5 21 33 51 62 49 28 15 28 30 56 48 70 50 61 39 47 40
split_gain=4.10013 2.37715 3.27282 3.74129 1.92577 1.8541 2.36972 1.88424 1.78057 2.20002 1.88672 2.75644 1.8758 1.72805 1.51925 1.48572 1.46017 1.35149 1.57864 1.23681 1.48572 0.958795 1.28238 0.907621 0.920619 2.15623 2.65716 1.7612 1.62181 2.4746 1.03445 1.61552 1.32866 1.55623 2.76368 1.90888 1.24385 1.16084 1.10646 1.59799 1.61406 1.03632 0.885938 0.885924 2.76939 1.02584 1.04726 0.806149 0.799693 1.05854 0.869809 1.20433 0.777656 0.761933 1.30235 0.73744 0.72285 0.649141 0.630721 0.605592 0.635832 0.583426
threshold=10028.22916666667 17.500000000000004 3.0250000000000004 32444.937500000004 1.0000000180025095e-35 27897.500000000004 49.033209878280836 27355.000000000004 4163.2500000000009 3324.7708333333335 4.3500598643876316 -1287.4999999999998 331.50000000000006 3.6889078262223696 4.7468750000000011 84589.541666666672 29708.500000000004 1232.5000000000002 112046.00000000001 1.6314754799674629 1318.5000000000002 15.434375000000005 12.500000000000002 5116.5000000000009 1227.7708333333337 9.5000000000000018 4.6582043369725499 1.5000000000000002 57.15126204093044 59.250113344422466 29764.500000000004 38700.000000000007 8.6250000000000018 12.675000000000002 54.315954582535859 12956.97916666667 -5.2170864999999997 57.478701518025517 110285.58333333336 19550.000000000004 2042.4583333333337 103170.00000000001 4675.5000000000009 90.500000000000014 2.5000000000000004 1.5261035388849338 2.508118397082916 822.50000000000011 2402.9166666666674 2409.5000000000005 0.85355250000000293 18839.341941028037 0.60087999999999664 58.079364796149626 21.500000000000004 331.50000000000006 133964.58333333334 2868.8333333333339 1155.5000000000002 40697.000000000007 445.50000000000006 45927.500000000007
decision_type=2 2 2 2 2 2 2 2 2 2 2 2 2 2 2 2 2 2 2 2 2 2 2 2 2 2 2 2 2 2 2 2 2 2 2 2 2 2 2 2 2 2 2 2 2 2 2 2 2 2 2 2 2 2 2 2 2 2 2 2 2 2
left_child=-1 4 3 -3 8 14 13 15 9 10 19 -12 16 -7 -6 -8 -10 -5 -19 20 -2 59 58 24 25 27 28 -9 -27 -30 42 32 41 34 -34 -36 -35 -37 43 40 -40 -32 -26 44 -33 46 -45 -38 49 50 52 -52 61 -49 -55 -31 -4 -50 -23 -21 -61 -41
right_child=1 2 56 17 5 6 7 23 12 -11 11 -13 -14 -15 -16 -17 -18 18 -20 21 -22 22 -24 -25 30 26 -28 -29 29 55 31 38 33 36 35 37 47 -39 39 48 -42 -43 -44 45 -46 -47 -48 53 57 -51 51 -53 -54 54 -56 -57 -58 -59 -60 60 -62 -63
leaf_value=-40.881601083137348 -0.27565645776823089 2.7341487341954793 -17.673218683217225 -4.1771974312303417 9.1052019582337564 9.2497559536509986 4.5536978175288567 2.4595117043363746 13.882904177575972 -0.21316716635490793 -0.38160761764258666 5.0695717577445905 4.3797365454538317 0.41503775759800621 -12.89917381908862 -0.41544282111508046 -0.25818785478635747 0.94328492158170962 0.036851885449779159 -8.0796384762784434 5.041887117783836 2.2241430966494282 3.5000422171449603 0.7547560869734159 -9.2639696411652146 -3.9483818207315355 9.5026386877682487 -9.2055020898100199 5.1173199186552756 -4.7922390641200412 -13.031363451102717 2.3173611852184779 -10.514709294994045 1.6439901076116441 3.5742708749039775 0.055767817224521114 3.6521731759429561 5.4869921760300757 -0.44254019335433759 0.54261816283312914 8.6444490882945324 1.5569706808024286 6.9665516523237008 -0.22906285711024563 -4.0671211266383978 -5.7394951100268079 6.3329983206184988 -0.16527918932097321 -0.3250297014792789 5.4685841877296832 -0.19775418177502313 4.3111414795410372 3.5507974044308694 -3.5311087275667457 2.876272958193947 0.63567412765325948 6.2694173244987832 1.3230249190389647 -1.8522220938882905 0.64000361252533045 -0.46242044575016883 -0.010060848328624
leaf_weight=700 20 28 1279 138 20 20 23 20 21 223 23 31 28 22 433 20 31 35 73 76 23 36 22 36 534 69 31 186 25 24 136 26 25 26 24 25 30 20 26 132 20 29 27 62 53 694 20 144 294 21 293 26 27 27 25 34 25 24 35 36 22 337
leaf_count=700 20 28 1279 138 20 20 23 20 21 223 23 31 28 22 433 20 31 35 73 76 23 36 22 36 534 69 31 186 25 24 136 26 25 26 24 25 30 20 26 132 20 29 27 62 53 694 20 144 294 21 293 26 27 27 25 34 25 24 35 36 22 337
internal_value=-0.000730798 -0.000487999 -0.0014961 0.00147756 -0.000150093 -0.000388011 -0.000161668 -0.000245335 0.00139691 0.00077865 0.00236038 0.00748614 0.00558052 0.00691211 -0.00219819 0.00598608 0.00213052 0.000280373 0.00280296 0.00132173 0.00598608 0.000422721 0.00277121 -0.000321782 -0.000371151 0.00100231 0.0033752 -0.0010917 0.00171598 0.00454874 -0.000542996 -0.000286428 0.0012209 0.00227969 0.00557917 0.00868307 0.0010353 0.00492239 -0.000662742 -7.24947e-05 0.0054013 -0.000981224 -0.00171093 -0.00148755 0.00151707 -0.00179745 0.00135201 0.000305174 -0.000293736 0.000190168 1.47214e-05 -0.00120339 0.000804273 -0.000382459 0.00270633 0.00108434 -0.0021233 -0.00157498 0.000759493 -0.00118568 0.00108434 0.000511617
internal_weight=6995 6295 1578 274 4717 4090 3637 3595 627 547 324 54 80 42 453 43 52 246 108 270 43 227 93 3552 3516 389 183 206 152 83 3127 2566 511 346 94 69 252 45 2055 1200 46 165 561 855 79 776 82 226 1154 836 815 319 496 196 52 58 1304 318 71 134 58 469
internal_count=6995 6295 1578 274 4717 4090 3637 3595 627 547 324 54 80 42 453 43 52 246 108 270 43 227 93 3552 3516 389 183 206 152 83 3127 2566 511 346 94 69 252 45 2055 1200 46 165 561 855 79 776 82 226 1154 836 815 319 496 196 52 58 1304 318 71 134 58 469
is_linear=0
shrinkage=0.03


Tree=160
num_leaves=63
num_cat=0
split_feature=38 17 38 4 18 16 54 27 16 0 26 5 66 38 64 49 50 41 17 23 26 37 41 64 54 16 19 31 41 57 66 53 56 60 34 28 14 35 11 20 53 40 21 27 58 19 41 22 50 11 23 18 11 34 3 34 4 11 27 25 15 21
split_gain=4.11633 2.0736 4.55154 2.69858 2.00151 1.77642 3.78861 3.01025 3.17632 2.63151 1.98939 1.79505 1.47568 1.47509 2.39788 2.48379 2.16492 4.57527 1.44548 4.86899 3.49569 1.40258 1.35487 1.93911 1.93575 1.83157 1.33756 1.28091 1.8412 1.22963 1.46101 1.53259 1.16662 1.55327 1.61263 1.33888 1.16427 1.75284 1.09596 2.66299 1.09138 1.30968 1.02077 1.19461 1.01967 0.970522 0.908614 0.88024 1.06436 1.01342 1.00315 0.943437 0.837748 1.72015 0.827783 0.808122 0.782 2.22612 0.845972 0.785544 0.767713 0.742395
threshold=10028.22916666667 1.2750000000000001 12120.187500000002 16.500000000000004 4.5750000000000002 723.00000000000011 1107.1458333333337 14.822701340692861 2621.5000000000005 89339.500000000015 84.610373750000008 4.5000000000000009 1644.1458333333335 14932.22916666667 3849.0000000000005 628.50000000000011 251.77083333333334 32052.500000000004 10.375000000000002 47.427121500000005 59.433645770833344 19382.000000000004 32840.500000000007 3650.5000000000005 1796.7708333333337 2726.5000000000005 12.075000000000001 58.598748882498121 41469.500000000007 1231.0000000000002 5635.6458333333348 629.50000000000011 7.5000000000000009 3867.5000000000005 1.0139148043605462 3.5796800000000037 83982.937500000015 13445.000000000002 77302.500000000015 19.330208333333335 2105.5000000000005 50961.500000000007 2.1981191386277863 10.204288242514249 1451.6041666666667 20.675000000000001 34171.000000000007 -1.0749999999999991 506.68750000000006 130727.00000000001 89.915020000000013 22.825000000000006 85578.000000000015 0.90865540349130935 57.54426666562307 0.29498923813204675 5.5000000000000009 98433.500000000015 15.245917796700335 80.361410000000021 10319.467488841645 2.1788737682471235
decision_type=2 2 2 2 2 2 2 2 2 2 2 2 2 2 2 2 2 2 2 2 2 2 2 2 2 2 2 2 2 2 2 2 2 2 2 2 2 2 2 2 2 2 2 2 2 2 2 2 2 2 2 2 2 2 2 2 2 2 2 2 2 2
left_child=-1 2 -2 4 -3 11 7 9 -9 10 -7 13 -4 16 26 27 17 -6 19 20 -5 22 -8 38 25 -25 -15 -16 -29 32 31 -31 33 34 35 -14 37 -19 39 -24 -23 -42 -28 -44 -32 -45 -40 -47 -49 50 -50 -52 -48 55 -11 60 -13 58 -58 -60 -54 -34
right_child=1 3 12 18 5 6 21 8 -10 54 -12 56 29 14 15 -17 -18 36 -20 -21 -22 40 23 24 -26 -27 42 28 -30 30 44 -33 61 -35 -36 -37 -38 -39 46 -41 41 -43 43 45 -46 47 52 48 49 -51 51 -53 53 -55 -56 -57 57 -59 59 -61 -62 -63
leaf_value=-39.655153050643207 3.6384723183512153 -13.108199890741593 0.1461646407671372 6.2345124986828679 8.7141353020928989 -1.3137530530813051 -2.8721912994177679 9.8204295417142369 3.7638096437711583 15.800140827515751 5.0694492334077914 -47.929368174321631 -0.72070245178097492 2.012342464105938 -0.65403356955456038 5.9912716169808427 -3.6134793665553873 -7.5714320847667018 -17.758221263729947 -5.5726870731353753 -0.28521550141694185 -0.27705433996068396 -5.3818560697733364 3.0236723539883998 3.5965332977629121 -0.16280420962041184 -7.2630336074579498 2.7713578925856925 0.38357212793919726 0.66357699883159793 3.2564266433913116 0.0019696168289784618 -0.0064664319340814475 5.4883108962437888 9.8062233088952677 5.7604579831206317 -2.267323280090177 6.961755790095113 0.58051429087869255 8.9991878992667278 -0.16738817862933347 3.9557887720884812 4.4647754931238586 -1.0483463887040638 0.2697071585717794 -4.3802192575982257 -0.54243028316250042 3.4990493005171466 -0.73449160135370717 3.8294655042612398 -0.17268928704386341 3.4054773165045926 2.1853297680658432 2.4043895442234859 1.2342565595683219 -0.95058028409033379 -14.695664342675054 3.9248657480352516 3.1425105200977099 -0.060146015129976707 -0.024120398467606687 -1.4114983713323321
leaf_weight=700 20 393 21 21 31 91 146 34 24 20 21 311 207 23 26 23 514 24 1307 214 22 186 23 23 27 27 109 28 40 24 20 221 297 35 25 21 102 20 28 20 33 23 43 107 34 67 106 29 109 34 25 25 38 23 20 62 171 20 31 66 140 320
leaf_count=700 20 393 21 21 31 91 146 34 24 20 21 311 207 23 26 23 514 24 1307 214 22 186 23 23 27 27 109 28 40 24 20 221 297 35 25 21 102 20 28 20 33 23 43 107 34 67 106 29 109 34 25 25 38 23 20 62 171 20 31 66 140 320
internal_value=-0.000726509 -0.000483234 0.000611998 -0.000753847 -0.000288288 -3.10375e-05 0.000925477 0.00455497 0.0103787 0.00230769 -2.67625e-05 -0.000571761 0.000377111 2.17526e-05 0.00100712 0.00491887 -0.000955 0.00189723 -0.00178953 0.000256709 0.00946636 7.95485e-05 0.000796259 0.00152001 0.0059144 0.00233533 0.000199614 0.00270988 0.00488987 0.000236691 0.00190572 0.000905752 -0.000311568 0.00125998 0.000426708 -0.000355108 -0.000308009 0.0037415 0.000743012 0.00529002 -0.00187113 0.00176471 -9.30494e-05 0.000546572 0.00637708 2.27208e-05 0.000241752 0.000933932 0.00185052 0.00102537 0 0.00353293 -0.000146303 0.000752565 0.00890274 0 -0.00194292 -0.000801806 -0.00153301 0.000679711 0.00102751 -0.00105007
internal_weight=6995 6295 1245 5050 3486 3093 1115 210 58 152 112 1978 1225 1379 688 117 691 177 1564 257 43 905 663 517 77 50 571 94 68 1204 299 245 905 288 253 228 146 44 440 43 242 56 548 439 54 396 397 289 222 193 159 50 369 263 40 240 599 288 268 97 178 617
internal_count=6995 6295 1245 5050 3486 3093 1115 210 58 152 112 1978 1225 1379 688 117 691 177 1564 257 43 905 663 517 77 50 571 94 68 1204 299 245 905 288 253 228 146 44 440 43 242 56 548 439 54 396 397 289 222 193 159 50 369 263 40 240 599 288 268 97 178 617
is_linear=0
shrinkage=0.03


Tree=161
num_leaves=63
num_cat=0
split_feature=38 17 38 66 18 5 38 40 47 26 17 55 4 17 26 15 66 68 24 70 38 56 29 37 11 21 27 49 29 27 11 31 63 40 27 1 51 55 22 51 50 31 66 46 46 30 51 24 11 18 64 3 51 30 21 16 52 3 63 12 64 52
split_gain=4.2268 2.41019 3.2528 2.05603 2.79408 2.10546 1.65304 1.4948 1.3545 1.26721 1.25712 2.6946 1.21069 1.69945 2.01923 1.45029 1.88825 1.18303 2.3974 1.3945 1.73142 1.7152 1.23029 1.34891 1.44781 1.10896 1.07712 1.41531 1.21473 1.04433 1.64067 1.03228 0.973692 0.972935 2.91248 0.965789 1.18923 1.40514 1.12804 0.962592 1.33401 1.76425 2.12497 1.32152 2.89763 1.00904 1.11176 3.00338 0.959449 1.31996 1.61866 0.926868 1.37705 1.12843 0.879342 0.855524 0.831756 0.8157 0.77407 0.7196 0.682204 2.0256
threshold=12471.16666666667 2.1750000000000003 11768.72916666667 7512.5833333333348 14.125000000000002 2.5000000000000004 15227.854166666668 56670.000000000007 5619.5000000000009 60.568502229166675 16.625000000000004 207.50000000000003 19.500000000000004 28.725000000000005 68.191970166666678 5377.3041635644158 3239.6250000000005 86780.000000000015 93.090295000000012 111088.50000000001 19550.000000000004 10611.000000000002 64.960454725833117 20343.500000000004 103964.50000000001 1.5514856339132252 13.683711157044741 83.500000000000014 53.75578859283474 19.273046119824645 89228.500000000015 61.874914903536727 3911.5000000000005 27851.000000000004 14.570933194082363 1.6250000000000002 860.50000000000011 40.500000000000007 -0.27499999999999858 774.50000000000011 243.95833333333334 53.215911082845182 3448.416666666667 32527.937500000004 32564.708333333339 67.542653650195362 1086.5000000000002 76.718035000000015 93212.500000000015 18.525000000000002 4564.5000000000009 64.224159273741734 1387.5000000000002 60.784961840910825 1.1565133129809799 97.500000000000014 2472.5000000000005 60.263791152673555 4991.5000000000009 81256.500000000015 3533.5000000000005 2040.5000000000002
decision_type=2 2 2 2 2 2 2 2 2 2 2 2 2 2 2 2 2 2 2 2 2 2 2 2 2 2 2 2 2 2 2 2 2 2 2 2 2 2 2 2 2 2 2 2 2 2 2 2 2 2 2 2 2 2 2 2 2 2 2 2 2 2
left_child=1 2 -1 5 25 8 9 17 12 10 11 -7 13 26 -15 16 -14 18 -8 35 -21 22 54 24 31 -5 27 -2 -28 33 -31 -24 -25 34 -3 36 -19 -38 -39 57 41 -41 -43 45 -45 46 47 -42 49 -37 -51 52 -46 -54 -22 -40 -30 -29 -59 -27 -48 -62
right_child=3 29 -4 4 -6 6 7 -9 -10 -11 -12 -13 15 14 -16 -17 -18 19 -20 20 21 -23 23 32 -26 59 28 39 56 30 -32 -33 -34 -35 -36 48 37 38 55 40 43 42 -44 44 51 -47 60 -49 -50 50 -52 -53 53 -55 -56 -57 -58 58 -60 -61 61 -63
leaf_value=3.7416364164459464 3.0611286772713204 -1.7135122810797143 -16.878931690352108 1.453677585263309 6.3705773783161534 -2.4558522099985098 3.8125762680676418 -3.513510317065057 2.5786251586374394 -16.783504678772896 -1.6913908702152696 9.1096659726608067 4.6950142899328231 -0.32566457959463502 6.1749173265173738 -15.76718142096634 -0.11233572113544922 -4.5626682304479695 -5.9225125872646736 7.207367935785876 2.5545696336464152 5.1706843714683854 0.45912664798717245 -1.5951565246968924 2.2572330030510654 0.19702816990576358 5.5212172307241847 -3.6762490151726643 -0.18218529580253598 7.585690106369845 -23.788633760199261 -0.29781550035334892 1.0346862169839652 -19.576604076498661 8.246445032490886 -2.1655632887699254 -4.1235965190687764 4.5366544140638494 0.96435292242263015 5.7318357252782208 -4.7719552774647864 -0.5541013116204111 4.4248917076504082 2.2937996876847477 0.0086830149012826971 4.2697555006902919 -0.3105989744116755 3.4328851249102064 -15.493236926702476 0.030723982145398881 3.1214259880402673 -0.38962605767933434 0.27610121463822612 4.6138887709911671 -0.089078389786631143 -0.63002434189041456 6.4491434388011379 -0.16211695994019001 4.5206999902204634 -0.27911527596353375 -0.11355589308030598 3.0210524260607321
leaf_weight=22 28 124 23 32 29 40 37 375 31 734 94 21 20 22 37 291 50 153 33 22 21 23 22 70 31 22 23 144 470 20 23 21 20 1660 32 113 46 20 20 22 40 62 38 32 95 23 298 21 320 81 21 59 38 26 435 20 24 44 28 115 112 22
leaf_count=22 28 124 23 32 29 40 37 375 31 734 94 21 20 22 37 291 50 153 33 22 21 23 22 70 31 22 23 144 470 20 23 21 20 1660 32 113 46 20 20 22 40 62 38 32 95 23 298 21 320 81 21 59 38 26 435 20 24 44 28 115 112 22
internal_value=-0.000705066 -0.00191114 0.00492239 -0.000253384 0.00274104 -0.000375223 -0.000915113 -0.00041437 0.000341412 -0.00198403 0.000464216 0.00382979 0.000246483 0.000581347 0.00558376 -0.00132927 0.00252496 0 0.00380884 -0.000180934 0.00082995 0.000541128 0.000237058 0.00246801 0.00546559 0.00124187 0.000400218 0.000919529 -0.000731001 -0.00207843 0.0025058 0.00180974 0 -0.00218876 5.76546e-05 -0.00103136 0.000463141 0.00291235 0.0059401 0.000747214 0.00118568 0.00410319 0.00236763 0.000716616 0.002507 -0.000145321 -0.000438046 0.00333879 -0.00176042 -0.000195259 0.00226249 0.00125172 0.00245129 0.00585023 -0.000559089 0.00291771 -0.0010504 -0.00104119 0.00153953 4.3763e-05 -0.000978941 0.000782997
internal_weight=6995 1904 45 5091 198 4893 2793 1904 2100 889 155 61 2069 1708 59 361 70 1529 70 1459 665 643 620 164 74 169 1649 1132 517 1859 43 43 90 1816 156 794 259 106 60 1104 888 122 100 766 250 516 493 61 535 215 102 218 159 64 456 40 494 216 72 137 432 134
internal_count=6995 1904 45 5091 198 4893 2793 1904 2100 889 155 61 2069 1708 59 361 70 1529 70 1459 665 643 620 164 74 169 1649 1132 517 1859 43 43 90 1816 156 794 259 106 60 1104 888 122 100 766 250 516 493 61 535 215 102 218 159 64 456 40 494 216 72 137 432 134
is_linear=0
shrinkage=0.03


Tree=162
num_leaves=63
num_cat=0
split_feature=35 66 66 54 45 59 59 5 23 44 11 14 62 32 64 24 49 66 33 51 54 50 44 66 51 58 43 13 54 24 35 35 4 1 65 58 22 30 32 30 5 21 39 3 57 28 2 66 17 45 24 51 41 55 2 50 21 70 60 4 52 26
split_gain=3.74065 2.64458 2.39032 3.14236 1.77345 1.90714 1.79278 2.225 1.83754 2.23992 3.89687 1.6649 1.53936 1.37311 1.36948 1.99718 1.352 2.57657 3.50402 1.34343 1.17095 3.71666 1.16493 1.11771 1.38337 1.30643 1.1137 1.09163 1.09021 2.49944 2.39543 1.10296 1.08026 2.77109 2.44613 1.35787 1.93027 1.07875 1.03874 1.25495 1.03165 1.0118 1.06236 1.39622 1.53527 1.35354 1.07954 0.955156 0.927464 0.846766 1.57924 1.17801 0.83221 0.801861 0.789514 2.0465 0.65937 1.3138 0.642218 0.813065 0.634492 0.64965
threshold=13727.500000000002 8492.9375000000018 7512.5833333333348 656.83333333333337 32610.500000000004 1770.5000000000002 545.50000000000011 1.5000000000000002 82.226833000000013 32969.000000000007 112046.00000000001 79125.895833333358 969.10416666666686 65.202607618586569 8061.0000000000009 88.479875000000007 102.50000000000001 4862.7083333333339 3.0491302417500807 860.50000000000011 1766.5416666666667 582.87500000000011 32610.500000000004 2979.354166666667 2744.5000000000005 1639.4791666666667 32271.000000000004 109839.00000000001 2045.6250000000002 82.769125000000017 11218.500000000002 11275.000000000002 1.5000000000000002 16.125000000000004 4317.0000000000009 4789.9375000000009 0.8000000000000006 48.761918564793611 58.925835398137387 63.58619113139202 1.5000000000000002 3.6473520581347043 45384.500000000007 65.247518714891086 7834.5000000000009 1.6807864999999966 85.733235000000022 1254.1250000000002 2.4250000000000003 32271.000000000004 88.27884250000001 1664.5000000000002 34171.000000000007 10907.000000000002 94.077660000000023 431.02083333333343 4.0351119711739658 103330.31250000001 657.50000000000011 10.500000000000002 1393.5000000000002 74.602816354166677
decision_type=2 2 2 2 2 2 2 2 2 2 2 2 2 2 2 2 2 2 2 2 2 2 2 2 2 2 2 2 2 2 2 2 2 2 2 2 2 2 2 2 2 2 2 2 2 2 2 2 2 2 2 2 2 2 2 2 2 2 2 2 2 2
left_child=1 16 4 -4 5 11 52 8 9 10 -8 -2 -9 22 -5 19 17 18 40 -16 47 -22 37 -7 25 -25 -23 -12 31 -30 -31 -18 33 34 -33 53 -37 -13 -11 58 -1 42 -15 44 46 -45 -44 -14 -49 50 51 -24 -6 -34 56 -56 -39 60 -40 -60 -58 -62
right_child=2 -3 3 14 6 23 7 12 -10 38 27 13 20 41 15 -17 28 -19 -20 -21 21 26 49 24 -26 -27 -28 -29 29 30 -32 32 35 -35 -36 36 -38 54 39 -41 -42 -43 43 45 -46 -47 -48 48 -50 -51 -52 -53 -54 -55 55 -57 57 -59 59 -61 61 -63
leaf_value=2.257078308149747 2.9649112035753356 0.64233181452966703 6.6393809529263184 -7.4396194886390896 0.33954585996712489 -11.383281316480682 5.8037905333913429 1.0490257150369442 -0.026825050218563788 -3.7362614818189321 0.42544011406218846 3.1752457814856938 3.1473339997416394 -0.054104368306705487 1.1108583553066658 -0.42964341708912845 -28.777147367221083 -14.055815342290664 9.0436208027857479 2.8067222500581277 3.9449964601542526 3.1303080563069705 3.3969683055105038 0.79007894114759281 7.4214222384162918 -0.78979714312525262 -0.032998617039148914 9.1701834377029208 -18.265266633552375 7.7686450779497385 -0.071923336424567524 2.3454451163906973 -4.9618874161409892 -14.867378006948091 5.5617332545978186 -0.76154638787770945 12.298477167678593 -0.70914244547159044 0.10147088160411034 -0.89744976879856952 -1.9409720755907494 -1.8761492250881822 5.3568369259991497 -0.20876069852269197 0.34442984292895362 2.0228837893519533 0.41468755033819832 -0.037333974448845328 -8.0020748132256116 -0.036061873557462966 -0.70730547914846809 -1.1490757232370676 -1.4037326842119651 2.9807451002727507 5.275694224738948 -0.23904824143428391 -9.0784395424182946 6.4639802519517335 0.19420494590879547 2.1491670363974036 -0.1279774656088071 1.9493868808737467
leaf_weight=39 25 28 29 59 28 783 23 21 100 44 44 20 20 26 20 34 1110 174 32 21 21 20 50 28 20 348 169 23 76 28 21 29 1000 58 20 36 20 628 21 26 76 33 21 68 36 32 21 423 195 95 25 21 266 22 21 64 72 20 21 36 84 21
leaf_count=39 25 28 29 59 28 783 23 21 100 44 44 20 20 26 20 34 1110 174 32 21 21 20 50 28 20 348 169 23 76 28 21 29 1000 58 20 36 20 628 21 26 76 33 21 68 36 32 21 423 195 95 25 21 266 22 21 64 72 20 21 36 84 21
internal_value=-0.000700777 -0.00155791 -0.000138426 0.00342121 -0.000282051 -0.000762266 0.000535607 0.00104879 0.00311446 0.00454851 0.00829079 -4.3388e-06 0.000241629 -0.000148002 0.00145414 0.00415446 -0.00165262 0.000168171 0.00309993 0.00861314 3.89098e-05 0.00198477 -0.000588708 -0.00164872 -0.000340824 -0.000757778 0.000634584 0.00456036 -0.00189538 0.000815347 0.00610998 -0.00204436 -0.00140241 0.00145658 0.00672098 -0.00168908 0.00283422 -0.00102892 0.00224848 0.00389049 0.000625542 0.00192324 0.00271925 0.00355418 0.0065685 0.00116883 0.0104751 -0.000597086 -0.000810549 0.00153846 0.00352757 0.00582278 -0.00156069 -0.00194012 -0.00118339 0.00155112 -0.00146891 3.04407e-05 0.00580026 0.00746059 -0.000779221 0.000685061
internal_weight=6995 2769 4226 163 4063 2562 1501 1207 338 238 90 1383 869 1358 134 75 2741 321 147 41 848 210 1121 1179 396 376 189 67 2420 125 49 2295 1185 107 49 1078 56 930 148 104 115 237 204 178 78 100 42 638 618 191 96 71 294 1022 910 85 825 197 78 57 177 105
internal_count=6995 2769 4226 163 4063 2562 1501 1207 338 238 90 1383 869 1358 134 75 2741 321 147 41 848 210 1121 1179 396 376 189 67 2420 125 49 2295 1185 107 49 1078 56 930 148 104 115 237 204 178 78 100 42 638 618 191 96 71 294 1022 910 85 825 197 78 57 177 105
is_linear=0
shrinkage=0.03


Tree=163
num_leaves=63
num_cat=0
split_feature=38 4 17 46 56 36 51 46 30 31 43 62 63 40 27 27 47 26 63 49 42 3 60 25 49 20 14 0 33 28 67 57 14 42 19 43 15 49 54 60 26 49 5 59 22 37 36 56 46 24 24 63 33 29 15 49 22 51 16 18 20 29
split_gain=4.20978 2.0421 3.20751 2.78671 2.02945 2.05489 1.63024 1.37863 1.61806 1.3923 1.32079 2.11935 2.35923 1.35561 1.81094 2.80886 1.41887 1.38182 1.30651 1.19779 1.10908 0.931543 0.898448 2.82085 1.14886 1.20598 2.27059 2.30666 1.47665 1.38807 1.26396 0.9523 0.864985 1.30771 2.39675 2.40606 0.862298 0.833679 1.71203 1.31758 0.830449 1.25229 0.781549 0.831279 0.895945 0.913615 0.999141 0.776088 0.76156 0.973604 2.1131 0.750665 0.900686 0.71548 1.06641 0.703394 1.04054 0.698202 0.674173 0.608206 0.835874 0.631876
threshold=10094.47916666667 17.500000000000004 3.0250000000000004 32411.791666666668 68.500000000000014 9624.5000000000018 1280.5000000000002 28594.187500000004 51.12993123474434 62.113135124275438 32855.000000000007 1116.9583333333337 6817.5000000000009 30775.000000000004 14.209543619075347 15.782614211588411 2381.0000000000005 76.68458772916668 2925.5000000000005 272.50000000000006 62692.250000000007 62.459168534789903 4482.5000000000009 64.790858000000014 231.50000000000003 17.583333333333336 88794.187500000015 77276.000000000015 2.973165806493395 2.1763924999999991 100022.50000000001 10.500000000000002 81790.812500000015 34805.375000000007 15.675000000000002 29369.500000000004 12464.054422857875 219.50000000000003 1585.1458333333337 657.50000000000011 65.792478375000016 208.50000000000003 4.5000000000000009 3527.0000000000005 -0.65000000000000113 16583.000000000004 25132.000000000004 7.5000000000000009 32998.375000000007 69.656073000000006 82.559007500000021 3840.5000000000005 1.8062653261032633 55.581439951662212 4830.1685052305847 182.50000000000003 -0.40000000000000019 2598.5000000000005 6684.5000000000009 4.0250000000000012 4.9677083333333343 57.15126204093044
decision_type=2 2 2 2 2 2 2 2 2 2 2 2 2 2 2 2 2 2 2 2 2 2 2 2 2 2 2 2 2 2 2 2 2 2 2 2 2 2 2 2 2 2 2 2 2 2 2 2 2 2 2 2 2 2 2 2 2 2 2 2 2 2
left_child=-1 4 3 -3 7 -6 -5 9 -9 -2 13 -12 48 14 17 -16 32 -7 -8 21 -4 -20 24 -24 25 30 27 -27 36 31 -10 -30 -15 34 35 53 -28 -38 -39 -40 41 -32 43 -26 -45 -46 -47 -25 49 -13 -51 -50 -53 54 -34 56 -42 -18 59 -35 -61 -62
right_child=1 2 20 6 5 10 18 8 22 -11 11 12 -14 16 15 -17 57 -19 19 -21 -22 -23 23 47 42 26 28 -29 29 -31 40 -33 33 58 -36 -37 37 38 39 -41 55 -43 -44 44 45 46 -48 -49 51 50 -52 52 -54 -55 -56 -57 -58 -59 -60 60 61 -63
leaf_value=-37.752976145747304 -16.376840865165907 2.4603021578582465 -16.333405094351974 -3.2837895193297837 14.079545039040919 -1.8140107548958948 0.97723609689677582 1.6017847280528557 -8.1746116792213286 2.1261613127533381 2.9911191150805641 -2.9348585781411578 0.57257067027587316 -11.716457664017867 11.935837839001136 2.9308372400824396 0.095043560662932416 2.6727054653933529 0.010206533580325305 -1.1250836320999891 6.8586717584056593 4.884409990543392 14.720724735159013 2.4462638887339154 -1.4994928584812095 4.8799039467695993 -2.4713568109494801 -0.031197585445889454 2.8657301598090044 -0.18115145510849914 1.4795544366973961 2.9055586635953548 -0.038552092235057317 -2.0973143864540105 -13.487798993289719 4.9135887336094051 -0.13379555062152901 1.5673430003351594 -0.41064455070869427 6.8295627741096077 2.0322822561723686 0.36695412685676954 -32.150289862244222 -4.2044306861448524 6.2748099590958555 -0.34768098145089898 0.5269965154511902 -1.1615871448855046 -0.24504322867718706 3.3589892650473687 -0.15579288938274366 0.38166032652124071 -0.30113938694428077 -0.91078757468369043 2.8070535016013194 -0.13621121777459044 -0.023239879905089633 4.64401760643704 1.31412836909682 4.3337868717972334 -1.7013175702306391 0.01401045361271829
leaf_weight=728 421 22 1273 147 24 68 23 22 396 37 20 25 31 99 20 31 37 20 23 38 24 21 22 24 469 38 155 35 35 32 41 20 20 175 61 25 125 27 74 20 32 21 213 85 28 29 25 62 102 27 26 20 45 23 21 154 67 23 23 31 236 754
leaf_count=728 421 22 1273 147 24 68 23 22 396 37 20 25 31 99 20 31 37 20 23 38 24 21 22 24 469 38 155 35 35 32 41 20 20 175 61 25 125 27 74 20 32 21 213 85 28 29 25 62 102 27 26 20 45 23 21 154 67 23 23 31 236 754
internal_value=-0.000670756 -0.000419333 -0.00135574 0.00158701 -0.000105407 0.000622011 0.000678302 -0.000640066 -0.000333171 -0.00214145 0.000513473 0.00236069 0.00166244 0.000183552 0.00301941 0.00751468 -7.26399e-05 0.000374574 0.00353949 0.00171742 -0.0019798 0.00510204 -0.000414518 0.00224792 -0.000551601 1.65074e-05 0.00105863 0.00599179 0.00031346 0.00385763 -0.000801576 0.00675136 -0.00025952 -6.13549e-05 0.00257828 0.00572391 -0.000448767 0.000646078 0.00242774 0.000478214 0.00060933 0.00371981 -0.0014062 -0.000872505 0.000933572 0.00317905 0.000831792 -0.000174217 0.000660954 0.00311139 0.00542373 -0.000466787 0.00202765 0.0025741 0.0049635 -0.000142237 0.00181635 0.00444259 -0.000388812 -0.00048909 -0.000205661 -0.00036057
internal_weight=6995 6267 1571 274 4696 1987 252 2709 2251 458 1963 296 276 1667 139 51 1528 88 105 82 1297 44 2229 108 2121 1272 561 73 488 87 711 55 1468 1369 150 89 401 246 121 94 315 62 849 636 167 82 54 86 245 78 53 167 65 64 41 253 99 60 1219 1196 1021 990
internal_count=6995 6267 1571 274 4696 1987 252 2709 2251 458 1963 296 276 1667 139 51 1528 88 105 82 1297 44 2229 108 2121 1272 561 73 488 87 711 55 1468 1369 150 89 401 246 121 94 315 62 849 636 167 82 54 86 245 78 53 167 65 64 41 253 99 60 1219 1196 1021 990
is_linear=0
shrinkage=0.03


Tree=164
num_leaves=63
num_cat=0
split_feature=38 66 54 17 26 5 38 12 40 31 46 40 67 33 62 10 27 31 38 34 61 58 19 11 12 54 34 51 43 54 66 3 49 69 17 42 65 25 63 46 0 26 63 33 45 17 44 39 16 61 49 22 33 60 62 60 62 62 34 28 10 62
split_gain=4.18189 2.66771 3.71049 5.25722 2.03755 2.01673 2.30467 1.91125 1.76837 2.22735 3.24044 2.2457 2.38475 1.75534 1.46767 1.36959 2.59924 2.80952 1.79366 1.6411 1.23706 1.17751 1.05826 1.9185 1.26934 1.45264 1.38762 1.20399 1.65683 1.56239 2.30179 2.19776 1.73766 2.46107 1.5523 2.44019 1.64132 2.10725 1.4323 1.42086 1.19312 1.13499 1.05223 1.64183 1.04693 1.72805 1.21063 1.30369 0.975104 0.961721 0.99335 1.13338 1.31372 1.09705 1.73026 0.966001 0.950832 0.89242 0.813077 0.797191 0.781411 1.48259
threshold=10028.22916666667 7657.6250000000009 667.04166666666686 5.4750000000000005 66.588850541666687 2.5000000000000004 15227.854166666668 89313.500000000015 37159.000000000007 56.108397616962527 33011.916666666679 35602.500000000007 90322.500000000015 2.2562314801243382 841.54166666666674 0.56392291514228221 13.975368052715277 56.711258593532868 11991.083333333334 0.49400407423684461 3885.5000000000005 4130.7500000000009 28.575000000000006 114243.50000000001 111854.50000000001 1827.6875000000002 -0.092129322059587779 2449.0000000000005 29120.500000000004 1270.5208333333337 4684.7083333333348 49.451635340714056 145.50000000000003 87497.500000000015 19.975000000000005 34668.895833333336 3793.0000000000005 89.437815000000015 1868.5000000000002 32795.708333333336 117514.00000000001 68.922835729166692 4205.5000000000009 4.4675250246539848 32404.500000000004 27.825000000000006 32092.500000000004 67774.500000000015 803.50000000000011 3707.0000000000005 182.50000000000003 -0.69999999999999973 2.61987397956208 434.50000000000006 1944.291666666667 403.50000000000006 2286.3541666666674 961.70833333333337 -0.5665433470433533 2.4687980000000036 0.87900005428953576 1751.8125000000002
decision_type=2 2 2 2 2 2 2 2 2 2 2 2 2 2 2 2 2 2 2 2 2 2 2 2 2 2 2 2 2 2 2 2 2 2 2 2 2 2 2 2 2 2 2 2 2 2 2 2 2 2 2 2 2 2 2 2 2 2 2 2 2 2
left_child=-1 5 3 -3 -4 14 15 13 9 48 11 12 -11 -6 -2 -7 -17 21 -19 -20 49 -18 23 27 26 -26 58 29 -29 30 32 -31 33 -16 35 36 37 -34 39 -37 -28 42 43 -40 45 -27 -46 56 -8 50 51 -10 -53 54 55 -52 -48 -55 -25 -9 -32 -62
right_child=1 2 4 -5 7 6 8 59 20 10 -12 -13 -14 -15 22 16 17 18 19 -21 -22 -23 -24 24 25 44 40 28 -30 31 60 -33 34 -35 -36 38 -38 -39 41 -41 -42 -43 -44 -45 46 -47 47 -49 -50 -51 53 52 -54 57 -56 -57 -58 -59 -60 -61 61 -63
leaf_value=-36.493264651143825 4.1822533293309938 3.3739739130801505 -11.123859602914305 -0.58532637394065523 4.7032774353409321 -19.99186531030751 -5.8950153804500172 -0.50260139371253987 2.0874048418660727 3.6005967951606515 -0.14608784145657175 4.1184582300566976 -0.6005219812682282 0.10241739595499835 0.29790696105051295 -14.343130453061926 -12.276857493624201 6.9087719265847127 -0.070549266610683073 5.6614755865914104 -12.006036534420122 3.0873705102915459 -15.991396635229419 0.18597741882312924 -0.23610955037735837 0.069201683463884847 4.7454873126438448 8.5525223428706951 -8.2085118459527813 4.9123384169067545 -1.6678564611045168 -0.21144518312813226 11.003524443352894 14.173289917014991 -3.9758286329463477 0.38331357824060425 -0.24735195589462175 4.2487538283555377 2.9564989774150336 2.8594285044157473 0.99563769660655643 -1.4566787274377253 -0.14578631656910274 -1.8237446062246481 -5.5413012413506859 5.3108509983996415 4.1205081736481022 8.1557833542710192 2.2787193307767843 0.76624052703694456 -0.067045562856644855 -0.17475128525569164 3.2850658493638147 0.50506097851928644 3.4579749541033897 1.5041471470841319 -0.29326914312879848 -0.24547844115166997 -2.5396516663521949 2.6383089947498664 3.6362836352857761 -1.5008632205678083
leaf_weight=700 31 35 97 28 20 1024 63 58 21 21 27 22 22 22 20 284 104 25 51 27 334 29 155 31 131 22 26 22 20 21 399 843 32 22 110 51 26 25 39 24 23 142 41 23 40 20 50 24 32 29 109 137 27 29 21 23 38 994 22 21 25 61
leaf_count=700 31 35 97 28 20 1024 63 58 21 21 27 22 22 22 20 284 104 25 51 27 334 29 155 31 131 22 26 22 20 21 399 843 32 22 110 51 26 25 39 24 23 142 41 23 40 20 50 24 32 29 109 137 27 29 21 23 38 994 22 21 25 61
internal_value=-0.000666467 -0.000421281 0.0024333 0.00884311 0.000563961 -0.000555196 -0.00102805 0.00317093 -0.000329654 0.0024372 0.00576547 0.00940092 0.00529002 0.00833729 8.20594e-05 -0.00189042 -0.000628726 0.00168996 0.00541222 0.00311139 -0.000631635 -0.00117205 1.18595e-06 0.000159285 0.0019808 0.00105198 0.00490695 -0.00023894 0.00477435 -0.000351348 0.000429766 -0.00129499 0.00175104 0.0076247 0.00126291 0.0021285 0.0067148 0.00956217 0.000927834 0.00455393 0.00855397 -0.000171359 0.00221144 0.00468599 0.00270479 0.00691211 0.00151874 0.00313113 -0.000757099 -0.000235236 -0.000352657 0.00168557 0.000822668 -0.000675964 0.00168517 0.00038607 0.00139614 -0.00103216 0.00146893 0.000379266 -0.00107607 0.00149826
internal_weight=6995 6295 281 63 218 6014 3455 121 1911 187 92 65 43 42 2559 1544 520 236 103 78 1724 133 2528 2373 427 325 102 1946 42 1904 1040 864 555 42 513 403 83 57 320 75 49 245 103 62 194 42 152 112 95 1390 1361 185 164 1176 153 132 88 1023 53 79 485 86
internal_count=6995 6295 281 63 218 6014 3455 121 1911 187 92 65 43 42 2559 1544 520 236 103 78 1724 133 2528 2373 427 325 102 1946 42 1904 1040 864 555 42 513 403 83 57 320 75 49 245 103 62 194 42 152 112 95 1390 1361 185 164 1176 153 132 88 1023 53 79 485 86
is_linear=0
shrinkage=0.03


Tree=165
num_leaves=63
num_cat=0
split_feature=38 66 54 1 35 3 62 40 37 7 24 9 1 63 34 31 41 36 33 24 70 51 53 64 62 67 4 44 39 46 3 62 22 1 55 66 16 24 16 58 70 16 24 36 24 64 55 22 23 59 34 46 56 58 67 63 60 45 5 56 56 31
split_gain=3.89282 2.26641 3.23708 4.46635 2.16412 1.79012 1.97321 2.70307 1.74255 1.71517 1.72142 1.55866 2.09262 2.58799 5.89373 1.40454 1.2896 1.53981 3.03507 2.9357 1.41518 1.31251 1.20647 1.16638 1.72851 2.35389 3.5702 1.22361 2.52396 1.47873 2.43377 1.12964 1.10297 1.09165 1.05761 1.03679 1.01591 1.75442 0.902461 0.856946 0.850683 0.848241 0.802836 0.979243 0.750083 1.10165 1.42127 1.14079 0.722443 0.707082 0.687225 0.681837 0.860225 0.663961 1.31248 0.662354 1.56091 0.618474 1.04573 1.81286 0.615205 0.600413
threshold=10028.22916666667 7512.5833333333348 667.04166666666686 5.7250000000000005 27038.000000000004 53.843108001980092 1538.7708333333337 34347.500000000007 27271.000000000004 14.500000000000002 81.494348000000016 1.0000000180025095e-35 12.675000000000002 2602.5000000000005 1.2095036810549262 61.295801853973906 28634.500000000004 9624.5000000000018 2.973165806493395 71.212648000000016 77805.479166666672 940.50000000000011 490.50000000000006 4846.5000000000009 1809.1875000000002 81377.500000000015 14.500000000000002 29275.500000000004 30726.500000000004 29323.729166666672 57.677411447858212 2222.7708333333339 -0.3499999999999997 22.625000000000004 3298.5000000000005 4684.7083333333348 6258.5000000000009 72.363675000000015 -2568.9999999999995 4863.6875000000009 106291.77083333334 2001.5000000000002 77.722240000000014 21853.000000000004 94.402335000000008 1907.0000000000002 19.500000000000004 -0.49999999999999967 57.747931000000008 4831.0000000000009 -0.24035466622331822 33805.458333333336 9.5000000000000018 3512.7083333333339 90664.000000000015 150.50000000000003 923.50000000000011 32610.500000000004 4.5000000000000009 301.00000000000006 8.5000000000000018 65.279489228911928
decision_type=2 2 2 2 2 2 2 2 2 2 2 2 2 2 2 2 2 2 2 2 2 2 2 2 2 2 2 2 2 2 2 2 2 2 2 2 2 2 2 2 2 2 2 2 2 2 2 2 2 2 2 2 2 2 2 2 2 2 2 2 2 2
left_child=-1 4 3 32 11 -4 7 -7 35 -10 60 12 13 14 15 48 -13 18 -18 -20 -19 39 -23 27 25 -25 -27 -24 -29 30 -30 -26 -3 -33 -8 61 38 -38 44 40 -22 -37 43 -42 45 46 47 -31 -2 51 -45 53 -53 -15 -55 56 -40 -14 59 -59 -11 -6
right_child=1 2 5 -5 8 6 34 -9 9 10 -12 16 57 49 -16 -17 17 20 19 -21 21 22 23 24 31 26 -28 28 29 36 -32 33 -34 -35 -36 41 37 -39 55 -41 42 -43 -44 50 -46 -47 -48 -49 -50 -51 -52 52 -54 54 -56 -57 -58 58 -60 -61 -62 -63
leaf_value=-35.398466711609494 0.86142752683355295 2.39741116488783 -3.2314068186782507 -1.0202567996944378 -0.12479994650027636 6.4753060082354725 -4.096220561379865 0.10519562977249662 3.0364539430596142 4.744982429168231 0.38823795786191118 -18.367243106624155 -19.454098564131286 -7.2514174063941601 3.5331002502097713 2.2262782774505827 -0.56035884688368687 4.7374434306492113 1.0398100034130542 19.7565036770288 -7.2481406219099638 1.0662267273362569 -3.8419334812194146 -4.7688987278759862 -10.039449541331305 4.890532336953771 0.40373144254618154 6.4974340493798071 -0.13453595099860244 2.7089118772365142 5.1150527426108052 1.4356329127387759 3.3374516791930637 -0.067183932068210009 2.2126130060807201 0.53467371591347035 1.5982564468433906 -0.19658346614057917 1.8373088836580196 4.4387577491118302 1.6756158414443527 1.1397699926582399 -0.093952352430973968 0.35605476190716312 -0.82009923619167147 -0.087615523988462604 -0.051238354396862459 5.0018932673382768 -2.1620854089280646 2.943195099159559 -1.4581881738460842 1.9533359562372508 -2.9820146806627648 -2.5706628721475155 8.5530012263733628 -0.10565071785175366 -9.4233071073676644 3.5408942259517895 -54.121258027867228 -17.357312109816977 -0.1212919505368069 0.16650548392070172
leaf_weight=700 23 20 122 26 334 23 75 20 29 33 20 190 1246 393 32 29 38 24 20 20 701 20 314 24 86 33 35 31 36 23 24 20 20 25 23 75 23 24 24 40 31 21 134 27 29 69 31 22 82 20 33 22 25 54 25 1024 32 30 69 45 79 73
leaf_count=700 23 20 122 26 334 23 75 20 29 33 20 190 1246 393 32 29 38 24 20 20 701 20 314 24 86 33 35 31 36 23 24 20 20 25 23 75 23 24 24 40 31 21 134 27 29 69 31 22 82 20 33 22 25 54 25 1024 32 30 69 45 79 73
internal_value=-0.000743664 -0.000507062 0.00191431 0.00785174 -0.000641123 0.00041049 0.00272147 0.00807425 0.000971239 0.00368715 0.00220288 -0.000843629 -0.0014806 -0.000144661 0.00312462 0.00033557 -0.000426554 -0.000274436 0.00387964 0.00965087 -0.000385833 -0.000446641 0 -7.46469e-05 0.00196324 0.00511401 0.00797357 -0.000342888 3.66346e-05 -0.000154288 0.00444259 -0.000228834 0.0141397 0.00359202 0.000336391 9.54078e-05 -0.000368919 0.00394904 -0.000533451 -0.00135079 -0.00153871 0.00290323 5.33089e-05 0.0022393 0.00146467 0.00235699 0.00484888 0.00824834 -0.00125595 -0.00115749 0 -0.00137546 0.00203822 -0.00172209 0.000758533 -0.000858255 0.00229946 -0.00215596 -0.000270646 0.00215712 0.000722568 -0.00056006
internal_weight=6995 6295 329 66 5966 263 141 43 664 161 132 5302 2095 705 166 134 3207 3017 78 40 2939 2915 1949 1929 223 92 68 1706 1392 1361 60 131 40 45 98 503 1301 47 1254 966 926 96 225 91 174 145 76 45 105 539 60 519 47 472 79 1080 56 1390 144 75 112 407
internal_count=6995 6295 329 66 5966 263 141 43 664 161 132 5302 2095 705 166 134 3207 3017 78 40 2939 2915 1949 1929 223 92 68 1706 1392 1361 60 131 40 45 98 503 1301 47 1254 966 926 96 225 91 174 145 76 45 105 539 60 519 47 472 79 1080 56 1390 144 75 112 407
is_linear=0
shrinkage=0.03


Tree=166
num_leaves=63
num_cat=0
split_feature=38 45 70 10 36 47 1 2 61 34 27 33 62 3 65 49 36 54 34 16 34 30 45 15 43 23 52 15 33 11 45 51 27 40 66 3 48 20 14 58 30 20 50 37 51 22 1 31 22 33 48 33 62 11 4 43 66 59 58 2 57 24
split_gain=3.5997 1.63533 4.03558 1.88666 2.78462 1.89378 1.72 4.33149 3.52257 2.2412 1.50339 2.77532 1.47336 1.31924 1.16276 1.11038 1.62595 1.28994 1.73299 1.35685 2.27303 1.04189 0.9976 0.943011 1.79299 0.933699 0.972251 1.72374 0.997128 0.904784 1.76207 0.896281 0.894121 1.39255 1.46023 1.2672 1.07784 0.835981 1.03988 0.811798 1.19335 0.773767 1.96078 1.64432 0.75889 0.701751 1.27443 0.653945 1.00585 1.023 2.12495 1.21862 0.925655 1.26398 0.902769 0.96612 0.69293 0.653182 0.642809 1.09831 1.09896 0.633695
threshold=10028.22916666667 31741.000000000004 90623.520833333343 0.74305326206722599 11495.000000000002 268.50000000000006 12.675000000000002 41.053168500000005 2929.5000000000005 1.4341257659853641 14.877661123999331 3.2517259061831916 900.54166666666686 57.787689994162015 1598.5000000000002 180.50000000000003 11391.500000000002 871.89583333333337 2.4352807397764065 6258.5000000000009 0.43639633826948204 57.222729934786919 27791.000000000004 18839.341941028037 32111.500000000004 60.429210500000003 812.50000000000011 7324.2703724934572 2.9441287252348602 80510.500000000015 27825.500000000004 2744.5000000000005 12.876192793597692 36403.000000000007 417.52083333333343 57.218199758839077 86.500000000000014 24.776041666666675 115187.06250000001 1675.0416666666667 55.228464383264047 12.913541666666669 421.37500000000006 12356.000000000002 619.50000000000011 -0.69999999999999973 -0.17499999999999996 64.996868124767232 0.59999999999999887 1.8253087353706388 1886.5000000000002 1.6047854164607809 2394.6458333333339 127250.00000000001 3.5000000000000004 32521.500000000004 5131.479166666667 4514.0000000000009 3918.4375000000005 89.748497000000015 3936.0000000000005 73.94873250000002
decision_type=2 2 2 2 2 2 2 2 2 2 2 2 2 2 2 2 2 2 2 2 2 2 2 2 2 2 2 2 2 2 2 2 2 2 2 2 2 2 2 2 2 2 2 2 2 2 2 2 2 2 2 2 2 2 2 2 2 2 2 2 2 2
left_child=-1 3 -3 6 5 10 7 -2 14 21 22 13 -4 -12 -9 16 -14 57 19 23 -21 -10 -5 32 -25 -8 27 -27 -29 -6 -31 37 36 35 -35 -34 -19 -28 -39 40 -16 -32 43 -43 -18 46 -46 48 -38 50 51 -50 53 54 -49 -56 -51 -17 -47 60 -60 -36
right_child=1 2 12 4 29 -7 25 8 9 -11 11 -13 15 -15 39 17 44 18 -20 20 -22 -23 -24 24 -26 26 31 28 -30 30 41 -33 33 34 61 -37 47 38 -40 -41 -42 42 -44 -45 45 58 -48 52 49 56 -52 -53 -54 -55 55 -57 -58 -59 59 -61 -62 -63
leaf_value=-34.336512710261218 4.7115783796987678 2.5160592028407831 3.1879978519498366 2.4003282703642279 -6.2068669050038077 10.57526169250051 -28.85867000217451 4.3462861257801526 3.1135590083897413 10.27860317103829 -1.3719851755094914 15.306781478448945 4.1825183068118195 3.7098636472265052 2.0665205304752994 -6.5186863262317534 2.1970549242872432 5.7829978562888922 3.7353058941539197 -0.12361154710864734 2.0870457529944551 -1.4252206308027295 -0.72187942210598499 5.8696876132507931 -0.36503501366898289 -2.7012560858686405 -9.6721016239604527 3.9098001486241798 8.836458407529804 2.6456854259706124 -11.074931920397914 5.241811697788318 0.49776950441994072 3.4015698230188463 -9.3386457284582534 -0.063035858254016183 -0.088924890089868439 7.9922659257643467 -0.42506924892242909 -9.4742817007408551 -8.4146739200459848 0.0095569849132609089 -0.4792110501997533 4.5095010777522244 1.875405262109487 -0.10344563424895407 -0.19950230811634143 -0.39281993699440548 0.79200473323554355 -0.11668752399312449 -2.8752782690358498 3.812534623920905 -9.7380415817087016 4.9084273666331901 0.46150972058311152 -0.078162018313325254 0.37397250414365085 0.36275876619967001 -0.66972539738591552 2.7120768113107321 0.28864270972761574 -0.048898104695844699
leaf_weight=700 26 23 37 20 179 22 652 36 32 39 26 22 22 20 20 478 38 36 34 23 22 47 73 36 32 58 867 21 22 39 165 26 22 29 481 26 626 26 42 485 21 26 132 25 22 252 39 30 26 106 26 28 40 28 33 27 24 25 47 31 27 350
leaf_count=700 26 23 37 20 179 22 652 36 32 39 26 22 22 20 20 478 38 36 34 23 22 47 73 36 32 58 867 21 22 39 165 26 22 29 481 26 626 26 42 485 21 26 132 25 22 252 39 30 26 106 26 28 40 28 33 27 24 25 47 31 27 350
internal_value=-0.000739375 -0.000511827 -2.39923e-05 -0.00099208 0.000320384 0.00353905 -0.00139953 -0.000148705 -0.000613146 0.00408975 0.00238361 0.00577092 -0.000117947 0.00149675 -0.00160648 -0.000190797 0.00113574 -0.000437001 -0.00010647 -0.000219395 0.00492239 0.0011378 -6.44475e-05 -0.000336474 0.00312775 -0.00191296 -0.00135863 0.00142433 0.00598608 -0.000715422 9.29985e-05 -0.00165436 -0.000459729 -0.00114635 -0.00142658 0.00380457 0.000142704 -0.00180943 0.00136564 -0.00196731 0.00204379 -0.000577421 0.000753686 0.00575342 0.000743257 0.00036594 0.00333879 -3.92322e-05 -0.00037675 0.00141361 0.0040824 0.00748614 0.00172675 0.00307367 0.00129856 0.00344426 -0.000207533 -0.00180084 -0.000134417 0.00182683 -0.000121458 -0.00166045
internal_weight=6995 6295 3126 3169 749 183 2420 706 680 118 161 68 3103 46 562 3066 478 2588 2085 2051 45 79 93 2006 68 1714 1062 101 43 566 387 961 1938 908 860 48 1030 935 68 526 41 348 183 51 456 418 61 994 836 210 80 54 158 118 90 60 130 503 357 105 74 831
internal_count=6995 6295 3126 3169 749 183 2420 706 680 118 161 68 3103 46 562 3066 478 2588 2085 2051 45 79 93 2006 68 1714 1062 101 43 566 387 961 1938 908 860 48 1030 935 68 526 41 348 183 51 456 418 61 994 836 210 80 54 158 118 90 60 130 503 357 105 74 831
is_linear=0
shrinkage=0.03


Tree=167
num_leaves=63
num_cat=0
split_feature=38 4 4 21 50 47 1 23 26 44 8 60 4 21 52 60 34 65 44 66 4 11 18 35 36 46 32 62 65 40 27 28 57 23 55 32 17 37 27 66 52 20 66 59 68 60 40 0 13 1 56 27 63 60 26 50 63 26 52 21 23 21
split_gain=3.83674 2.19085 2.63135 2.39028 2.9185 4.37398 2.18894 2.83859 3.27651 1.89114 1.89071 1.86435 2.38898 1.79437 2.86109 1.74946 1.66146 1.94566 1.3688 1.42384 1.90898 1.25923 1.22764 1.17701 1.61896 1.38126 2.21373 1.64439 1.1745 2.54148 3.82607 1.42865 2.22868 1.42978 1.12821 1.09489 1.5108 1.15025 1.05486 1.01622 1.01573 0.986889 1.6963 0.948256 0.947999 0.839558 1.12044 0.810288 0.791842 0.783945 0.882683 1.09461 0.770686 0.759514 0.684362 1.39882 1.64251 2.08055 2.52369 0.682657 0.663422 0.65339
threshold=10094.47916666667 17.500000000000004 12.500000000000002 3.7819026412339771 369.95833333333343 204.50000000000003 12.125000000000002 47.904905000000007 59.433645770833344 32437.500000000004 1.0000000180025095e-35 416.50000000000006 10.500000000000002 4.3308417747776433 818.50000000000011 1107.5000000000002 2.5746200386858189 5022.0000000000009 27744.500000000004 7162.666666666667 2.5000000000000004 82523.000000000015 9.1250000000000018 13010.500000000002 12241.000000000002 31309.645833333339 55.325834311110647 1209.3333333333335 2686.5000000000005 39604.500000000007 9.4744638800112106 2.2568905000000012 10.500000000000002 73.009477500000017 5730.5000000000009 62.996187150500297 24.025000000000002 18790.500000000004 4.2271452135378969 2570.0000000000005 1426.5000000000002 26.071875000000006 2487.0000000000005 5834.0000000000009 107187.00000000001 619.50000000000011 44535.000000000007 92234.500000000015 124153.50000000001 -1.1249999999999998 1446.0000000000002 4.8110908263530794 7372.5000000000009 173.50000000000003 66.864685604166681 640.72916666666686 3235.5000000000005 78.055808666666678 1705.5000000000002 4.1460846726418454 91.138620000000017 3.2668650347706252
decision_type=2 2 2 2 2 2 2 2 2 2 2 2 2 2 2 2 2 2 2 2 2 2 2 2 2 2 2 2 2 2 2 2 2 2 2 2 2 2 2 2 2 2 2 2 2 2 2 2 2 2 2 2 2 2 2 2 2 2 2 2 2 2
left_child=-1 2 10 23 5 -5 7 8 -3 21 16 12 47 14 -7 -15 18 -18 -2 28 -21 -6 -22 52 -25 -26 -27 -28 29 30 -20 32 -32 -34 38 -36 -37 -38 -29 -9 -35 -8 -43 54 53 -46 -47 -12 -39 50 51 -41 -4 -30 -31 56 57 58 -56 -57 -48 -55
right_child=1 6 3 4 9 13 41 39 -10 -11 11 -13 -14 15 -16 -17 17 -19 19 20 22 -23 -24 24 25 26 27 34 44 43 31 -33 33 40 35 36 37 48 -40 49 -42 42 -44 -45 45 46 60 -49 -50 -51 -52 -53 -54 61 55 59 -58 -59 -60 -61 -62 -63
leaf_value=-33.433539539184437 -15.645273137802382 4.8559323387619084 -8.3789704967960965 -0.17911018549513208 6.1996038586593158 10.848747260200051 -33.106182790160211 0.52962916738768728 0.076677441279543679 1.0099368108189397 -1.5981681894395177 -12.500536040912909 7.6334033942237154 2.4760753595949274 -2.2943759722602874 4.5815724639039441 -1.2098432534064243 10.227239614700723 5.2650980409646468 2.5115842684805214 -4.8575879423617687 -1.5460025565677216 2.4380883290357174 2.9250408283604816 -2.6540028005298195 1.8412151004000594 0.61804860158318387 0.24007172020041845 3.8381738535302725 -1.7251196554930437 3.2319256680962494 -0.32121561176300079 5.0865723645290668 -1.105242083912523 -0.047081258728158208 2.4124541002586728 0.98720581115089545 -0.42761424766312883 -0.12057172100638699 0.033645572701852505 1.2833941741940578 -10.137327671620602 8.2531577436536683 2.7102356186923924 -0.21441460015693753 2.7190818794700808 0.0046253590801180683 2.6136541351212434 1.1449891339879816 -6.4894661149325881 -0.11091005184051127 4.0803089351602937 0.86200994655341512 -0.15974997782562458 7.8886498472639932 -0.36451761697603324 -0.48116239361758939 -1.2596903343196695 1.4377660991598602 4.7618965343723838 0.85608050529156621 -5.5674536064736495
leaf_weight=728 237 35 166 50 23 24 968 20 47 31 103 798 22 20 29 37 25 25 29 34 66 147 20 31 153 29 27 40 20 149 37 71 20 69 93 27 21 44 252 37 38 83 26 36 49 26 194 35 29 244 88 23 33 370 29 360 37 46 30 20 20 375
leaf_count=728 237 35 166 50 23 24 968 20 47 31 103 798 22 20 29 37 25 25 29 34 66 147 20 31 153 29 27 40 20 149 37 71 20 69 93 27 21 44 252 37 38 83 26 36 49 26 194 35 29 244 88 23 33 370 29 360 37 46 30 20 20 375
internal_value=-0.000645024 -0.000404973 -7.98542e-05 0.00106347 0.0031404 0.0061649 -0.00137483 0.000273223 0.0053715 0.000716061 -0.000521224 -0.00165014 0.00129294 0.00950954 0.00542373 0.0132399 -7.52443e-05 0.00532934 -0.000190169 4.75495e-05 0.00322231 -0.000511465 0.000801393 0.000266638 0.000816244 0.000520206 0.00121153 0.000765334 -0.000139253 0.000611677 0.00312382 0.00183752 0.00338208 0.00146341 0.000373443 0.00203176 0.00391412 0.00207226 -0.000831908 -0.000735259 5.60217e-05 -0.00213351 0.000549953 -0.000322444 -0.000833887 0.000622621 0.00136193 -0.000152064 0.000246237 -0.00107881 0.000627953 0.00344426 -0.001778 -0.00138805 -0.000581136 -6.3207e-05 0.00247009 0.00439581 0.00812183 -0.00101815 0.000630546 -0.0015461
internal_weight=6995 6267 4696 1306 361 160 1571 494 82 201 3390 958 160 110 53 57 2432 50 2382 2145 120 170 86 945 746 715 562 533 2025 971 264 235 164 127 506 214 121 94 292 412 107 1077 109 707 1054 289 240 138 73 392 148 60 199 765 671 522 142 105 59 380 214 745
internal_count=6995 6267 4696 1306 361 160 1571 494 82 201 3390 958 160 110 53 57 2432 50 2382 2145 120 170 86 945 746 715 562 533 2025 971 264 235 164 127 506 214 121 94 292 412 107 1077 109 707 1054 289 240 138 73 392 148 60 199 765 671 522 142 105 59 380 214 745
is_linear=0
shrinkage=0.03


Tree=168
num_leaves=63
num_cat=0
split_feature=35 34 10 64 36 58 29 66 62 48 35 55 16 53 62 14 15 43 50 7 25 5 53 16 13 48 16 63 7 63 27 24 53 50 63 2 13 63 43 62 18 48 35 50 24 58 23 37 59 55 7 35 13 66 28 54 27 64 54 55 63 22
split_gain=3.42038 1.94564 2.24611 1.99508 2.47704 1.60003 2.29678 1.31622 1.5249 1.38463 1.29619 1.49663 1.72668 1.77258 1.28043 1.24212 1.23267 2.26057 1.26322 1.48117 1.40223 2.06484 3.32625 1.91167 1.23582 1.21992 1.18085 1.17736 2.03612 1.05946 0.989001 0.930683 1.04738 1.4097 1.74196 1.06978 1.86406 0.945503 0.92317 1.42264 1.1713 1.05593 1.09258 2.03585 1.74308 1.76107 1.02974 1.76594 0.867253 1.14157 1.51421 2.61305 1.04056 0.834916 1.13006 1.04151 1.33315 0.814599 5.12218 0.790486 0.787124 0.735163
threshold=10796.500000000002 2.7096736142450415 0.46472317204376884 4504.0000000000009 14099.500000000002 4789.9375000000009 53.422355429728903 7512.5833333333348 1529.6250000000002 186.50000000000003 27427.000000000004 2913.5000000000005 1170.5000000000002 655.50000000000011 2192.2708333333335 110561.43750000001 11760.762403578181 29145.500000000004 429.06250000000006 17.500000000000004 76.503270000000015 4.5000000000000009 1366.5000000000002 -1358.4999999999998 75632.000000000015 88.500000000000014 3678.0000000000005 249.50000000000003 15.500000000000002 2208.5000000000005 19.273046119824645 73.94873250000002 1244.5000000000002 649.77083333333337 1237.0000000000002 92.31474200000001 100346.50000000001 2893.5000000000005 32870.000000000007 1045.3958333333337 3.4750000000000005 84.500000000000014 13550.500000000002 369.95833333333343 76.514600000000016 1897.7916666666667 90.544850000000011 12790.500000000002 1107.5000000000002 5730.5000000000009 22.500000000000004 21415.500000000004 96853.500000000015 2246.7500000000005 0.88707850000000488 1906.7291666666667 15.526498704642714 3164.5000000000005 1867.8958333333335 8446.5000000000018 3770.0000000000005 -0.69999999999999973
decision_type=2 2 2 2 2 2 2 2 2 2 2 2 2 2 2 2 2 2 2 2 2 2 2 2 2 2 2 2 2 2 2 2 2 2 2 2 2 2 2 2 2 2 2 2 2 2 2 2 2 2 2 2 2 2 2 2 2 2 2 2 2 2
left_child=30 2 10 -3 -5 7 -7 27 -9 -10 11 12 16 -14 -8 -12 18 -18 19 20 -2 22 -22 -24 -19 -13 61 28 -4 -15 -1 -26 -33 34 -34 60 -37 -36 40 -40 -29 -42 -43 44 -44 -46 47 -41 49 52 51 59 53 54 55 56 -45 -27 -59 -51 -35 -17
right_child=1 3 5 4 -6 6 14 8 9 -11 15 25 13 29 -16 26 17 24 -20 -21 21 -23 23 -25 31 57 -28 38 -30 -31 -32 32 33 35 37 36 -38 -39 39 46 41 42 43 48 45 -47 -48 -49 -50 50 -52 -53 -54 -55 -56 -57 -58 58 -60 -61 -62 -63
leaf_value=-22.168765125939846 -2.9865531988844216 -1.0269424792714672 -0.071902174588864762 7.3762826276972486 0.50661364668142339 5.4019640877434059 0.63058310863290956 2.1320363738418497 0.67873175606820113 -1.2319848630817771 3.6569292716590613 6.9765506821879697 10.739006387927116 0.89268551614856217 -0.13487216384253045 0.57590284214763565 2.1778720147835644 4.0543258599689125 -19.188962074374 -12.497052697522097 0.41681512668354426 -16.875908238293647 7.0414672084868188 2.1145575769765754 -8.9167804422385881 -32.176055949141535 5.0390891958543653 -2.7239459048999892 4.4821307738125205 -0.075694835108116421 3.4217983681170359 -0.38876072481738971 -5.868444564031746 -2.7226315500507501 9.4150282019225919 2.7696406289025406 -0.22568703863707912 0.87035384886021805 1.50770946912912 0.67118576363493332 3.5434861068028711 -0.64806309703306497 0.13604494173602902 1.2575630962060926 0.20701937294821732 3.6503341625098908 -1.4174225122652369 0.094204548719570166 -5.4886781660875679 1.5331200652173007 -0.16214192664510582 3.6171208010787654 -0.24060736764752996 -0.25300576096417693 -0.63155746910109556 -0.032537818309088508 -0.040575394964154868 -3.7495493261313566 9.2194839665127049 -1.2068896917152225 0.5949956717789735 -0.056924425066296087
leaf_weight=1052 299 45 44 23 34 37 34 37 30 48 27 22 29 21 62 100 20 20 429 337 168 106 25 22 110 743 20 325 27 80 20 91 22 127 22 26 26 21 28 21 22 423 60 38 28 30 62 279 89 31 36 23 155 39 32 48 25 439 26 21 20 289
leaf_count=1052 299 45 44 23 34 37 34 37 30 48 27 22 29 21 62 100 20 20 429 337 168 106 25 22 110 743 20 325 27 80 20 91 22 127 22 26 26 21 28 21 22 423 60 38 28 30 62 279 89 31 36 23 155 39 32 48 25 439 26 21 20 289
internal_value=-0.000653601 -0.000370753 -0.000443216 0.00373163 0.00746059 0.000330349 0.00351615 0.000116935 0.00323197 0.000806657 -0.000891758 -0.00109809 -0.000593737 0.00274404 0.00103018 0.000639761 -0.000824917 0.000439516 -0.00128779 -0.000677046 0.000188679 0.0015696 0.0032636 0.0103185 2.47365e-05 -0.00192423 0.000219994 -7.1577e-05 0.00371308 0.00083086 -0.00221341 -0.000283811 0.000456209 0.00141992 0.00525346 0.000150677 0.00385796 0.0087703 -0.000221476 0.00106896 -0.000576802 -0.000106355 -0.000242093 0.000522057 0.00408975 0.0077969 0.000555095 0.00128957 -0.000256936 0.000274492 0.00291629 0.00535286 -0.000587364 0.000939044 0.00201258 0.00345634 0.00599049 -0.00205364 -0.00105784 0.0015547 -0.00114208 -0.000138783
internal_weight=6995 5923 5821 102 57 2134 133 2001 115 78 3687 3251 2021 130 96 436 1891 505 1386 957 620 321 215 47 485 1230 409 1886 71 101 1072 465 355 264 65 199 52 43 1815 390 1425 1100 1078 655 118 58 362 300 537 448 111 75 337 182 143 111 63 1208 465 52 147 389
internal_count=6995 5923 5821 102 57 2134 133 2001 115 78 3687 3251 2021 130 96 436 1891 505 1386 957 620 321 215 47 485 1230 409 1886 71 101 1072 465 355 264 65 199 52 43 1815 390 1425 1100 1078 655 118 58 362 300 537 448 111 75 337 182 143 111 63 1208 465 52 147 389
is_linear=0
shrinkage=0.03


Tree=169
num_leaves=63
num_cat=0
split_feature=38 10 30 27 38 66 64 44 11 66 12 40 59 59 46 44 62 27 31 33 24 1 16 5 25 7 11 5 43 34 33 70 16 36 52 69 50 58 25 11 13 64 50 59 36 26 28 54 27 30 51 50 68 14 11 64 56 2 56 64 19 61
split_gain=3.5255 2.47073 2.42958 3.11131 2.19004 1.86951 1.53403 2.50884 4.11142 3.35242 2.61143 1.89645 1.84005 1.8291 1.38183 1.32341 3.75317 2.04521 1.38385 1.4726 3.22305 2.0026 1.50724 1.28138 1.67549 2.83211 1.26821 1.43404 1.24366 1.11683 1.1153 1.07332 1.83369 1.5512 2.3214 0.954989 2.63567 1.23027 0.932205 0.929231 1.21018 1.59936 0.902393 0.871104 0.994641 1.01306 1.8206 0.86372 0.805747 0.759847 0.756226 1.36478 1.38401 1.50334 0.874322 0.699118 0.780915 0.860923 1.80965 0.672306 0.66662 0.820608
threshold=10028.22916666667 0.74305326206722599 49.033209878280836 12.655668186457403 13133.85416666667 8303.6666666666679 2505.0000000000005 29329.500000000004 86940.500000000015 2770.541666666667 86405.500000000015 37159.000000000007 666.50000000000011 1728.5000000000002 32078.125000000004 29275.500000000004 1016.7500000000001 15.526498704642714 60.917536178604678 2.7070494784410335 87.714340000000007 10.975000000000001 2523.5000000000005 1.0000000180025095e-35 75.558027500000023 20.500000000000004 106608.00000000001 1.0000000180025095e-35 32111.500000000004 -1.2734136886876113 2.7016437406993354 111767.16666666667 3678.0000000000005 23208.000000000004 1280.5000000000002 89142.500000000015 332.33333333333343 2550.4791666666674 75.558027500000023 86821.500000000015 87292.000000000015 2484.0000000000005 2404.8958333333339 4751.5000000000009 13432.500000000002 66.131399854166673 2.1763924999999991 647.43750000000011 3.9772316838212971 54.299756328952917 1158.5000000000002 285.00000000000006 98687.000000000015 104880.66666666667 122117.50000000001 123.50000000000001 16.500000000000004 85.077210000000022 11.500000000000002 2805.5000000000005 -0.72499999999999987 702.50000000000011
decision_type=2 2 2 2 2 2 2 2 2 2 2 2 2 2 2 2 2 2 2 2 2 2 2 2 2 2 2 2 2 2 2 2 2 2 2 2 2 2 2 2 2 2 2 2 2 2 2 2 2 2 2 2 2 2 2 2 2 2 2 2 2 2
left_child=-1 4 3 -3 5 23 13 8 12 -10 -11 -12 -8 14 55 35 17 -17 19 39 21 -21 -23 24 47 -26 43 38 -16 30 -20 -29 33 34 -33 -4 37 -37 -28 -18 41 -41 -15 44 45 46 -9 -2 -31 -24 -30 -52 53 -53 -54 -6 57 -57 -59 -35 -42 -62
right_child=1 2 15 -5 6 -7 7 26 9 10 11 -13 -14 42 28 16 18 -19 29 20 -22 22 49 -25 25 -27 27 31 50 48 -32 32 -34 59 -36 36 -38 -39 -40 40 60 -43 -44 -45 -46 -47 -48 -49 -50 -51 51 52 54 -55 -56 56 -58 58 -60 -61 61 -63
leaf_value=-31.638348188999672 4.653584294144169 0.51403930892255112 -7.6513861442721876 17.851038979483139 2.2743015755164739 0.44009475716885249 1.1533005483883429 6.4669888244672515 -11.074114722379274 1.3948620463673704 9.5367360011824989 7.1125478439574135 -4.9914239695739697 -10.028953925565999 11.640050362364089 7.7788091457337964 -0.4869417398147497 0.041407348723549876 -0.051820327612926514 -2.1660114559224524 1.5818942529385212 6.5304155411210525 -0.068974354558293288 -19.095608541863008 5.8098213616978613 -4.230110966958037 3.5468428561173453 -15.329000838927785 -2.8939948090443854 0.34186668029618505 0.48886960325245038 5.0659810015514317 4.8210929809435985 1.9614231003080282 -0.018091539191388409 4.2685998556913933 -2.1577449075712249 0.19945573316415866 0.45327462415239156 0.60321088350102248 -1.8056666050742287 -3.0437713082733024 0.68177816976494809 2.2505071077370538 -2.9841211240800041 -0.31728343993040986 -0.047599174798803941 -10.005054368564199 -0.19081951929739774 0.45274327954305765 3.2892275385849348 -0.00089905027328645302 -0.21927650966650528 2.8573881000400085 3.9483759235527112 -2.1601916594942376 -8.5361942455342259 -0.082375778970509878 4.6561137238064356 -0.040481521277285722 -0.12257737227543561 0.23051522671557484
leaf_weight=700 20 30 204 20 21 32 35 24 29 37 21 36 109 769 21 36 155 22 34 72 25 25 36 1061 26 28 27 146 111 26 24 23 21 29 31 22 85 20 57 37 55 20 38 29 715 73 27 134 394 38 27 33 192 27 32 65 261 40 20 295 53 140
leaf_count=700 20 30 204 20 21 32 35 24 29 37 21 36 109 769 21 36 155 22 34 72 25 25 36 1061 26 28 27 146 111 26 24 23 21 29 31 22 85 20 57 37 55 20 38 29 715 73 27 134 394 38 27 33 192 27 32 65 261 40 20 295 53 140
internal_value=-0.000632158 -0.000406984 0.000621702 0.00712575 -0.000750302 -0.00179848 -0.000350765 0.00026359 0.00294272 0.00696994 0.0097237 0.0137653 -0.000478835 -0.00100658 -3.17617e-05 0.000405751 0.000873248 0.00831325 0.000489374 0.00138546 0.00356451 0.00206896 0.00484359 -0.00198093 0.000158577 0.00471349 -0.000212411 0.000810681 0.0011239 -0.000734157 0.00314974 0.000242157 0.00105237 0.000563342 0.00526802 -0.0012685 0.00075531 0.00691211 0.00445898 0.000449901 0.00141593 0.00535902 -0.00202949 -0.000957264 -0.00113693 0.00132957 0.00457926 -0.00142116 -0.00127827 0.00263158 0.000760483 0.00152363 0.000897571 0.00494176 -0.00017403 -0.00129698 -0.00159285 0.000335731 0.00294509 -0.000212898 0.000495767 0.00133609
internal_weight=6995 6295 1573 50 4722 1301 3421 1764 267 123 94 57 144 1657 850 1523 1192 58 1134 656 196 171 99 1269 208 54 1497 629 443 478 58 545 399 378 54 331 127 42 84 460 305 57 807 868 839 124 51 154 420 74 422 311 284 60 224 407 386 125 60 324 248 193
internal_count=6995 6295 1573 50 4722 1301 3421 1764 267 123 94 57 144 1657 850 1523 1192 58 1134 656 196 171 99 1269 208 54 1497 629 443 478 58 545 399 378 54 331 127 42 84 460 305 57 807 868 839 124 51 154 420 74 422 311 284 60 224 407 386 125 60 324 248 193
is_linear=0
shrinkage=0.03


Tree=170
num_leaves=63
num_cat=0
split_feature=38 4 1 66 46 56 12 52 52 48 66 38 21 58 64 64 49 16 44 46 44 19 5 48 43 46 65 5 52 67 50 38 57 70 31 11 1 3 47 41 50 33 62 33 24 45 21 65 40 59 63 44 48 48 56 28 3 29 33 15 15 36
split_gain=3.66189 2.51613 2.2421 3.64382 2.22303 1.95487 2.30182 1.84369 1.86982 1.53018 1.30978 1.33621 1.39286 2.62634 1.53979 2.43084 1.55779 1.33525 1.25081 2.12964 1.16996 1.16961 1.2209 1.43932 1.16603 1.14236 1.14007 1.20902 1.63406 1.71572 1.69698 1.19625 1.10146 1.45178 1.02978 1.02209 0.990718 1.2609 1.62066 0.981654 2.04965 0.970237 1.09183 0.966665 2.43625 1.75373 1.90741 0.929971 1.52192 0.925448 1.08834 0.956165 0.918925 1.17483 0.89565 1.37223 1.5313 1.02891 1.60542 0.795546 0.783534 0.727235
threshold=10028.22916666667 17.500000000000004 3.0250000000000004 2719.1041666666674 32444.937500000004 68.500000000000014 80294.500000000015 580.50000000000011 1780.5000000000002 213.50000000000003 7657.6250000000009 12499.583333333334 4.1765216770158053 3684.1250000000005 2316.5000000000005 5432.5000000000009 249.50000000000003 2373.5000000000005 29275.500000000004 29300.229166666672 29314.000000000004 -2.0249999999999995 1.0000000180025095e-35 161.50000000000003 27609.000000000004 29331.187500000004 858.50000000000011 2.5000000000000004 2690.5000000000005 96575.000000000015 282.64583333333343 27378.833333333339 1.0000000180025095e-35 91268.770833333358 62.113135124275438 123809.00000000001 22.925000000000001 64.147373999574043 336.50000000000006 41270.500000000007 443.27083333333337 1.6314754799674629 2186.8958333333339 2.8553659985088409 88.69239300000001 32524.500000000004 4.0234522498006529 1687.0000000000002 37873.000000000007 973.50000000000011 5643.5000000000009 31311.500000000004 390.50000000000006 222.50000000000003 5.5000000000000009 3.9129400000000065 61.567323831540556 65.382037901920725 1.7101502930883263 4654.7853668268881 4812.7926346519716 11640.500000000002
decision_type=2 2 2 2 2 2 2 2 2 2 2 2 2 2 2 2 2 2 2 2 2 2 2 2 2 2 2 2 2 2 2 2 2 2 2 2 2 2 2 2 2 2 2 2 2 2 2 2 2 2 2 2 2 2 2 2 2 2 2 2 2 2
left_child=-1 5 3 -3 -5 18 7 -7 9 -9 11 61 25 14 17 16 -16 -14 32 20 -20 -21 23 -23 -12 -13 -27 28 29 30 -28 34 33 -2 49 -33 59 38 -38 -34 -41 -25 -43 54 45 47 -47 48 -45 51 -51 -29 53 -53 55 56 -24 58 -58 -31 -11 -8
right_child=1 2 -4 4 -6 6 10 8 -10 60 24 12 13 -15 15 -17 -18 -19 19 21 -22 22 43 41 -26 26 27 31 -30 36 -32 35 39 -35 -36 -37 37 -39 -40 40 -42 42 -44 44 -46 46 -48 -49 -50 50 -52 52 -54 -55 -56 -57 57 -59 -60 -61 -62 -63
leaf_value=-30.689197743329704 1.9929854880658131 2.0498304655588999 -13.73368832311019 2.5782962185836857 -0.081073505214541944 16.180867210381944 0.058554793568220347 3.8351673360474878 1.8491934496997771 1.8254158837170205 -0.29836509718175924 -8.7962616876880304 -0.31961830572046507 -1.3109201553672514 6.4160790666795862 0.35992287845040583 0.56052166488359734 4.2490212102824092 1.9134699868856568 -2.1315141249046978 6.103563266241772 4.1235061869379317 -0.79004016638718755 4.0712876988155582 2.7017955731569296 -0.10703992989528936 0.5743185901184783 -22.983993715238295 3.7249465373060433 2.4373438172347557 2.5318674235761125 0.76796283946564181 -15.292059294537841 -4.8895766447047464 -1.3271563532448998 -0.010157813175656632 0.17444585596298395 -0.065349710312046255 4.8406179391386672 5.6459601226037801 -21.789990626789944 -0.2929940127345067 1.9889559393574767 3.1781879455914628 1.6373952332524768 2.7975736720196225 -0.92914927407777137 -9.2560137240724085 -12.234841767984832 -0.2463300421442676 0.83338493357343568 0.50202053645717104 1.0408685868694436 -0.1497251945521022 -0.20758922266805743 2.1462229500839927 -0.087031544241684328 -0.30303183015171148 8.3281457265149719 -0.13302800828610661 -0.22706118941036502 -10.396166285387249
leaf_weight=700 20 23 1306 22 227 21 114 29 21 20 24 154 44 87 22 27 21 21 20 411 20 21 110 33 38 284 24 23 22 24 31 29 526 27 133 28 25 50 20 23 35 113 33 34 21 36 23 154 27 166 39 23 36 46 922 25 23 32 32 128 62 160
leaf_count=700 20 23 1306 22 227 21 114 29 21 20 24 154 44 87 22 27 21 21 20 411 20 21 110 33 38 284 24 23 22 24 31 29 526 27 133 28 25 50 20 23 35 113 33 34 21 36 23 154 27 166 39 23 36 46 922 25 23 32 32 128 62 160
internal_value=-0.000593559 -0.000364093 -0.00140105 0.00106946 0 -1.65363e-05 0.000695856 0.00423253 0.00288418 0.00129613 0.000400412 0.000249283 0.000601154 0.00279604 0.00541821 0.0085164 0.0129466 0.00202765 -0.000540223 -0.000185159 0.00665835 -0.000320473 3.66047e-05 0.00223388 0.00468599 0.000219437 0.000551675 0.00110495 0.00254551 0.00195631 0.00675136 0.000206461 -0.0017113 0.00267516 -0.000289638 0.00430823 0.000874139 0.00328076 0.00691796 -0.00206985 0.00160069 0.00134003 0.00026694 -0.000266834 0.00126059 0.00049252 0.00507614 -0.000753139 0.00235679 0.000594415 -0.000643589 0.00259953 0.00382493 0.00173661 -0.000663404 0.00104007 0.000182648 0.00316877 0.00566243 -0.000611441 -0.000767358 -0.00167457
internal_weight=6995 6295 1578 272 249 4717 1996 153 132 111 1843 1781 1507 222 135 70 43 65 2721 2090 40 2050 1639 200 62 1285 1131 847 324 302 55 523 631 47 466 57 247 95 45 584 58 179 146 1439 295 274 59 215 61 333 205 128 105 69 1144 222 197 87 55 152 82 274
internal_count=6995 6295 1578 272 249 4717 1996 153 132 111 1843 1781 1507 222 135 70 43 65 2721 2090 40 2050 1639 200 62 1285 1131 847 324 302 55 523 631 47 466 57 247 95 45 584 58 179 146 1439 295 274 59 215 61 333 205 128 105 69 1144 222 197 87 55 152 82 274
is_linear=0
shrinkage=0.03


Tree=171
num_leaves=63
num_cat=0
split_feature=38 45 5 30 62 66 14 28 37 24 36 66 20 35 62 36 69 0 15 35 64 10 62 3 21 35 61 11 2 55 3 12 47 2 31 15 32 39 58 2 14 13 58 62 13 58 63 5 45 21 22 28 21 30 35 42 64 52 20 35 60 30
split_gain=3.30472 1.73859 2.19012 1.94402 1.77276 2.11705 1.51904 1.46931 2.26844 2.03391 2.02928 1.71763 1.35612 3.34459 1.14457 1.11202 1.10626 1.09236 2.92256 1.29048 1.19405 1.0562 1.88896 3.60843 1.42631 1.02323 0.857604 1.81308 0.852596 0.808072 0.80546 1.00939 1.47321 0.800344 2.49871 0.97005 0.928798 1.53214 0.903496 1.705 0.786871 0.757158 1.45084 0.746213 0.982961 1.67487 1.17949 1.01341 1.89169 0.732236 1.23881 1.57462 1.39343 0.999441 1.02702 0.935589 0.755885 0.720026 1.31367 1.05433 0.690887 1.12
threshold=10028.22916666667 31741.000000000004 3.5000000000000004 56.90047481840633 1036.0833333333337 3044.8750000000005 86886.895833333358 -5.2909599999999974 13448.500000000002 72.156085000000019 12603.500000000002 8303.6666666666679 4.522916666666668 13761.500000000002 969.10416666666686 10376.500000000002 109449.00000000001 79356.500000000015 10197.672242682556 15571.500000000002 150.50000000000003 0.56392291514228221 1254.2500000000002 57.478701518025517 4.5202140094369714 15822.500000000002 4270.5000000000009 138903.50000000003 79.167630000000017 6130.5000000000009 63.960171929411011 104686.50000000001 283.50000000000006 91.769973000000007 55.81617920336052 11454.737904589418 48.765668141510034 28379.000000000004 1864.4166666666667 71.462423000000015 77295.812500000015 91310.500000000015 3572.0833333333335 1845.729166666667 124153.50000000001 4092.1458333333335 664.00000000000011 1.0000000180025095e-35 33106.500000000007 3.6803234016523718 -0.32499999999999923 0.29733500000000396 3.5974512252329336 63.189451080680989 18749.500000000004 57819.604166666679 3128.5000000000005 1944.5000000000002 23.005208333333336 27427.000000000004 819.50000000000011 60.313314408217387
decision_type=2 2 2 2 2 2 2 2 2 2 2 2 2 2 2 2 2 2 2 2 2 2 2 2 2 2 2 2 2 2 2 2 2 2 2 2 2 2 2 2 2 2 2 2 2 2 2 2 2 2 2 2 2 2 2 2 2 2 2 2 2 2
left_child=-1 2 3 4 5 -2 28 8 9 10 -6 12 13 -9 16 -5 -8 18 -16 41 -21 -4 23 24 -23 -22 27 43 -3 57 -17 32 -32 35 -35 36 37 -14 39 -38 -24 42 -19 -27 46 -46 -45 48 -48 50 51 56 -52 54 -53 -55 -49 -28 -59 -60 61 -51
right_child=1 6 21 15 7 -7 14 11 -10 -11 -12 -13 33 -15 17 30 -18 19 -20 20 25 22 40 -25 -26 26 29 -29 -30 -31 31 -33 -34 34 -36 -37 38 -39 -40 -41 -42 -43 -44 44 45 -47 47 49 -50 60 52 53 -54 55 -56 -57 -58 58 59 -61 -62 -63
leaf_value=-29.768521811029814 -0.021817750557918084 3.0770749715640879 -16.222865108119386 0.5798424045563727 -1.3775000139746143 6.3538982887790514 0.44979007467543441 8.2606109906408669 -5.3904787296390833 14.455257087443441 5.7814818925601275 0.61873509024482298 -0.36680681964553608 -2.7799486040613304 -0.26124587906732061 -4.9181344876107662 3.0308920920119657 -0.1249844414096936 4.7161967869498005 0.41522859268425455 0.61517465247285041 -5.1843090962054621 5.7011267748810601 6.914159900528265 4.3122795165399106 -0.12938725836365186 -0.19816023338481784 7.3669129191455687 0.15097784373574136 -23.943298769979339 -33.113047616833875 -0.41980085724551069 10.725897315780758 -1.1573710310983309 4.8216072044785268 2.8992702750268036 4.5581298990022647 5.2359089184926075 -5.3280493838324414 -23.179594149525411 -10.381879025895971 -2.48506725258633 0.65537341187760523 -0.38055585358877675 0.39306101353085771 4.7063716446996011 0.057712675602283617 8.1517139950178326 1.1716067303989148 0.91172058771742515 -0.016663762332667583 -0.10366381595122338 1.0068625702656835 -0.50382176000375867 2.4382267251681164 2.5347486012345448 1.8214518270271169 7.2047006977660883 -10.625913917634838 2.7989681476158621 -3.5027036134979199 -0.19230706428852812
leaf_weight=700 36 20 957 21 41 32 43 22 52 23 25 35 20 39 40 619 33 107 20 29 37 63 22 24 27 717 108 27 20 226 21 65 24 55 30 36 20 20 524 25 291 378 23 118 62 28 65 22 23 27 468 23 28 89 36 21 22 20 44 39 100 63
leaf_count=700 36 20 957 21 41 32 43 22 52 23 25 35 20 39 40 619 33 107 20 29 37 63 22 24 27 717 108 27 20 226 21 65 24 55 30 36 20 20 524 25 291 378 23 118 62 28 65 22 23 27 468 23 28 89 36 21 22 20 44 39 100 63
internal_value=-0.000610714 -0.000392687 -0.00088795 -0.000191587 0.000649212 0.0053304 0.000108441 0.000316409 0.0031467 0.00606061 0.00331316 -0.000163419 -0.000455063 0.00382979 3.20786e-05 -0.00135582 0.00366623 -5.88027e-05 0.00394343 -0.000141352 0.000143728 -0.00178383 -0.000533834 0.00276074 0 6.96193e-05 -6.31358e-06 0.000263008 0.00591022 -0.00120796 -0.00155534 0.00079019 0.00425721 -0.000817697 0.00190364 -0.00118121 -0.00146774 0.00291771 -0.00178176 0.00226164 -0.00174385 -0.00151742 0.000438124 0.000152188 0.0006125 0.0036293 0.000363767 0.000705095 0.00377979 0.0004004 0.000846142 0.00275927 1.81408e-05 0.00141928 0.00456853 -0.000245232 0.00782313 0.000113689 0.00192046 0.000216606 -0.00124671 0.00063263
internal_weight=6995 6295 3169 1785 1035 68 3126 967 141 89 66 826 791 61 3086 750 76 3010 60 2950 2442 1384 427 114 90 2413 2376 1939 40 437 729 110 45 730 85 645 609 40 569 45 313 508 130 1912 1195 90 1105 987 88 899 709 213 496 169 59 110 44 211 103 83 190 90
internal_count=6995 6295 3169 1785 1035 68 3126 967 141 89 66 826 791 61 3086 750 76 3010 60 2950 2442 1384 427 114 90 2413 2376 1939 40 437 729 110 45 730 85 645 609 40 569 45 313 508 130 1912 1195 90 1105 987 88 899 709 213 496 169 59 110 44 211 103 83 190 90
is_linear=0
shrinkage=0.03


Tree=172
num_leaves=63
num_cat=0
split_feature=38 1 45 48 31 35 45 46 54 70 15 14 37 54 20 35 19 67 48 25 55 5 16 55 36 44 53 50 62 5 50 64 48 66 45 24 70 48 64 2 14 64 70 40 30 70 50 51 16 14 34 41 34 23 26 25 51 30 24 26 50 29
split_gain=2.93181 2.33048 1.45376 1.60868 1.96925 4.59184 2.53893 5.12808 2.06901 1.71238 3.23111 1.47532 1.36344 1.666 1.80243 2.34993 1.85892 1.28301 1.41583 2.53313 1.17036 1.20941 1.19944 2.46487 1.73016 1.54928 1.87753 2.32706 1.14076 1.0656 1.15385 4.11887 1.28527 1.29751 0.942918 0.926593 1.85042 1.12592 1.32824 0.852596 0.849949 2.17377 0.818813 1.80668 1.54597 1.48215 1.18029 2.05405 0.935099 0.842487 1.1855 1.02166 0.905928 1.08161 0.823689 0.824935 0.80669 0.855524 0.773687 0.764143 0.731482 0.731424
threshold=10914.79166666667 6.0750000000000002 32348.000000000004 532.50000000000011 55.893889803626188 9901.0000000000018 27791.000000000004 28594.187500000004 1134.2708333333337 78354.479166666672 4902.9644940267963 86886.895833333358 12066.000000000002 647.43750000000011 19.330208333333335 12713.500000000002 15.675000000000002 99272.000000000015 161.50000000000003 81.526085000000009 91.500000000000014 3.5000000000000004 1094.5000000000002 6797.5000000000009 11947.500000000002 28318.000000000004 910.50000000000011 327.27083333333337 900.54166666666686 2.5000000000000004 623.79166666666674 3849.0000000000005 983.50000000000011 696.18750000000011 29898.500000000004 91.138620000000017 101209.08333333336 424.50000000000006 1397.5000000000002 79.167630000000017 76666.000000000015 2089.0000000000005 110882.95833333336 42990.500000000007 58.55069928822914 112024.54166666667 278.66666666666669 1158.5000000000002 -1529.9999999999998 118455.85416666669 0.90865540349130935 50953.000000000007 -0.45878215069495448 61.676530000000007 72.699550020833343 82.812487000000019 1324.5000000000002 60.784961840910825 60.211513500000009 59.838347062500013 1432.4375000000002 65.992144226213895
decision_type=2 2 2 2 2 2 2 2 2 2 2 2 2 2 2 2 2 2 2 2 2 2 2 2 2 2 2 2 2 2 2 2 2 2 2 2 2 2 2 2 2 2 2 2 2 2 2 2 2 2 2 2 2 2 2 2 2 2 2 2 2 2
left_child=1 -1 3 4 9 -6 7 8 -7 10 -2 39 13 -8 -15 16 -16 59 19 -19 -11 22 25 24 -24 26 27 -22 -20 30 -5 32 -32 -34 -26 42 -37 -38 -39 -4 41 -3 46 45 -45 -44 47 58 -47 60 52 -52 53 -51 -55 -56 -17 -58 -30 -13 -46 -14
right_child=2 40 11 29 5 6 12 -9 -10 20 -12 17 61 14 15 56 -18 18 28 -21 21 -23 23 -25 34 -27 -28 -29 35 -31 31 -33 33 -35 -36 36 37 38 -40 -41 -42 -43 43 44 49 48 -48 -49 -50 50 51 -53 -54 54 55 -57 57 -59 -60 -61 -62 -63
leaf_value=6.7752853378093834 -12.198535572502447 10.680963216107326 2.9847627224171438 -15.806041807717513 4.5765846888055313 4.3180573412758774 8.0292706496327018 4.6974553389547458 -5.5806202867617047 -10.628882363469426 9.5411220342609173 1.1447091504082376 -0.21690083970151836 -6.1930774112680478 2.0380418587126807 -1.8051605009035991 5.7824420282207534 5.6579731780991711 2.8605735841358526 -0.83883033293825793 5.7311186293858025 -9.4132695254675163 -0.7177096869574292 -13.174213206803044 3.8478863646242543 -8.2398295615392154 -1.3382685251845472 -18.429933914772114 2.54700076724383 -12.891051344572032 5.1653450022013239 5.6266861756130933 2.1888638073156357 -21.417525896813174 2.353236476229724 1.2492035337041547 -0.40021818178694757 0.93168558652836997 0.035810427011321234 0.14644850842366899 -29.547766167020093 -9.7692007438503072 2.5623646109765579 3.6604250892573473 -0.18683499930763375 1.7758528095998842 -5.0330627613436114 2.4441891909376916 -0.082096501078515197 8.0108694451988836 -0.58528667092000142 2.1331559923115191 -0.094469070404748681 -0.48908512472443938 -0.10076559279340309 2.4756150046522247 4.3327179448069657 -10.217259814530539 -0.086318168827010128 -0.40752162633940209 6.002186386268642 1.9503503471070058
leaf_weight=29 26 30 20 173 20 24 24 29 56 411 23 27 801 80 29 45 30 36 34 40 31 255 22 55 24 165 72 21 28 738 47 29 35 187 22 22 68 20 45 20 779 114 34 26 538 29 362 25 58 20 23 23 252 40 31 30 20 20 179 437 25 37
leaf_count=29 26 30 20 173 20 24 24 29 56 411 23 27 801 80 29 45 30 36 34 40 31 255 22 55 24 165 72 21 28 738 47 29 35 187 22 22 68 20 45 20 779 114 34 26 538 29 362 25 58 20 23 23 252 40 31 30 20 20 179 437 25 37
internal_value=-0.000597848 -0.00214578 -0.000353462 -0.000743432 -0.00028308 0.00055304 0.00031127 0.00467461 0.00071161 -0.00118712 0.00427699 0.000201035 -0.000124299 0.00182588 0.00100402 0.00301874 0.00761421 0.000106439 0.000439112 0.00445466 -0.00143864 -0.000656574 0.000342149 0.00282697 0.00665198 -0.000705639 0.00181305 0.00616123 0.000277704 -0.00163262 -0.000509447 0.000613887 -0.000535118 -0.00149933 0.00995662 0.000177306 0.00239845 0.00103681 0.00387097 0.00591022 -0.00241144 -0.000270646 -2.08933e-05 0.000451686 3.27341e-05 0.00391412 -0.000924088 0.000736751 0.00179104 -0.000155789 0.000858983 0.0054013 0.000289466 0.00242774 0.0011276 0.00333879 -0.000141011 0.00291771 -0.000231773 -0.00131222 -0.000916357 -0.000705167
internal_weight=6995 952 6043 3551 2342 1215 1195 109 80 1127 49 2492 1086 248 224 144 59 2452 1988 76 1078 667 412 123 68 289 124 52 1912 1209 471 298 269 222 46 1878 155 133 65 40 923 144 1723 1129 1008 121 594 232 87 982 419 46 373 121 101 61 85 40 207 464 563 838
internal_count=6995 952 6043 3551 2342 1215 1195 109 80 1127 49 2492 1086 248 224 144 59 2452 1988 76 1078 667 412 123 68 289 124 52 1912 1209 471 298 269 222 46 1878 155 133 65 40 923 144 1723 1129 1008 121 594 232 87 982 419 46 373 121 101 61 85 40 207 464 563 838
is_linear=0
shrinkage=0.03


Tree=173
num_leaves=63
num_cat=0
split_feature=38 1 4 1 14 43 16 2 5 0 6 28 5 67 40 67 70 38 51 66 12 64 32 52 55 32 51 42 19 64 7 65 18 62 42 47 47 61 32 70 12 47 61 46 67 24 39 14 64 24 13 32 11 51 70 26 51 16 2 66 55 18
split_gain=2.82952 2.3128 1.51232 2.26242 2.96856 3.507 1.75875 2.25066 1.51561 2.89172 5.36058 1.51195 3.02841 1.46359 1.4751 1.34969 1.49236 2.52316 1.92111 1.57363 1.26026 1.86597 1.17291 1.13748 2.03355 1.32762 1.96539 1.02328 0.985731 0.96887 1.56142 0.949579 1.03458 2.43495 1.41302 1.15309 1.62113 2.43765 2.19806 0.934931 1.26221 1.42963 1.96848 0.921009 0.875164 1.40709 0.841091 0.82403 2.17377 0.768018 1.97026 0.819323 0.802714 1.12083 0.955724 0.726255 0.771634 0.715862 1.33695 0.665465 0.645132 1.3292
threshold=10914.79166666667 6.0750000000000002 17.500000000000004 3.0250000000000004 104248.62500000001 32569.500000000004 779.00000000000011 73.520695000000003 1.0000000180025095e-35 77276.000000000015 4.5000000000000009 3.9950859999999975 3.5000000000000004 123838.00000000001 56670.000000000007 93358.500000000015 90513.854166666672 12832.85416666667 1086.5000000000002 8169.541666666667 83298.000000000015 2383.5000000000005 59.161074114009537 654.50000000000011 68.500000000000014 62.535197410671756 1220.5000000000002 62692.250000000007 12.875000000000002 7012.0000000000009 16.500000000000004 734.00000000000011 11.675000000000002 1016.7500000000001 30863.916666666668 249.50000000000003 563.50000000000011 640.50000000000011 57.855570651945186 103330.31250000001 93994.500000000015 205.50000000000003 1064.0000000000002 33890.083333333343 115573.00000000001 82.932975000000013 46149.500000000007 76666.000000000015 2089.0000000000005 57.082492000000009 117806.50000000001 64.814436483557586 133995.50000000003 2301.5000000000005 120169.52083333334 83.54759016666668 1225.5000000000002 3914.5000000000005 51.345223000000011 7816.0208333333339 8610.5000000000018 25.975000000000005
decision_type=2 2 2 2 2 2 2 2 2 2 2 2 2 2 2 2 2 2 2 2 2 2 2 2 2 2 2 2 2 2 2 2 2 2 2 2 2 2 2 2 2 2 2 2 2 2 2 2 2 2 2 2 2 2 2 2 2 2 2 2 2 2
left_child=1 -1 6 4 5 -4 8 11 9 10 -2 20 -13 55 -15 -10 17 -17 -19 39 21 -8 -7 24 -22 60 -27 29 -20 57 -31 -9 44 -34 -35 -36 37 -37 -39 -18 41 -41 46 49 -33 -46 -43 48 -3 50 -42 -51 54 -54 -53 -11 -57 -5 -59 -32 61 -25
right_child=2 47 3 27 -6 22 7 31 15 13 -12 12 -14 14 -16 16 19 18 28 -21 23 -23 -24 25 -26 26 -28 -29 -30 30 59 32 33 34 35 36 -38 38 -40 40 43 42 -44 -45 45 -47 -48 -49 -50 51 -52 52 53 -55 -56 56 -58 58 -60 -61 -62 -63
leaf_value=6.5720267776750925 -9.6927167932062233 10.360534319624099 2.4755145289309239 -21.24679319655305 -0.11384956933080084 -4.5652261713726254 6.5949639989482751 -0.33407827522014483 -3.2036791289443007 -0.19865547724835561 5.834119853866671 6.4322199712507739 -3.8521485091186012 3.2298235781329496 -0.15678003308130159 -16.988670175756326 -5.9166618313022559 7.0727518722977436 5.789873361776757 1.1002165959891825 -1.1562905413898568 0.37908494147173938 3.1074806243760524 -0.033059999454406241 14.630801458375403 0.65642590083372976 0.35195673539418915 6.3342722717558901 -15.275915757085961 5.4885919627772566 -18.130453649683826 -1.1628974690415659 7.8469233174477786 3.5658849662925451 -0.039438805950190427 -0.0074671031884646095 -0.22519084421135854 0.70559689699490602 3.9742109591932522 -0.60616749223588973 10.995654809562799 -0.014513941779700668 6.6058522848818795 1.5336884743246246 -0.079875303767984601 0.49059864210449455 0.78698873173807704 -28.661333182009514 -9.4761247215347808 -1.3502548352850781 -3.0860419019772936 3.0209837265317088 -0.33326437167047496 3.7203267782747345 -0.10661153625662226 -0.23952645849713353 0.54418749183825366 -24.849058898492459 6.8527526009735427 0.46302548420270156 -0.23609358964761451 3.583842110237665
leaf_weight=29 20 30 32 1011 184 29 26 150 967 223 24 29 21 21 21 44 396 20 22 23 23 40 27 212 21 20 134 24 20 26 58 308 21 21 306 39 50 20 31 32 25 57 21 38 34 20 24 779 114 539 26 20 22 32 226 25 20 46 39 25 85 23
leaf_count=29 20 30 32 1011 184 29 26 150 967 223 24 29 21 21 21 44 396 20 22 23 23 40 27 212 21 20 134 24 20 26 58 308 21 21 306 39 50 20 31 32 25 57 21 38 34 20 24 779 114 539 26 20 22 32 226 25 20 46 39 25 85 23
internal_value=-0.000593559 -0.00211427 -0.000353462 -0.00117914 0.00128997 0.00582293 -7.99197e-05 0.00070681 -0.000523023 0.00131319 0.0085034 0.00210535 0.00712575 0.000280554 0.00548694 -0.000778749 -0.000238171 0.0031951 0.00710145 -0.000486126 0.00166923 0.00558245 0.00122995 0.00116387 0.00578231 0.000727694 0.00301752 -0.00172809 0.00334917 -0.00185213 0.000824931 -0.000176983 0.00020821 0.00111248 0.000655105 0.000289172 0.00254818 0.00496115 0.00927593 -0.00061107 -0.000144055 0.00257271 0.00431929 -0.000539813 -0.00100249 0.00249538 0.0021455 -0.00237894 -0.000270646 -0.00073812 0.002818 -0.00095817 0.000289903 0.00360444 -0.000426657 -0.000525924 0.00292683 -0.00212116 0.000493536 -0.00115524 -0.000365511 0.000433857
internal_weight=6995 952 6043 1501 272 88 4542 1634 2908 354 44 634 50 310 42 2554 1587 106 62 1481 584 66 56 518 44 474 154 1229 42 1205 109 1000 850 488 467 446 140 90 51 1458 1062 134 102 928 362 54 81 923 144 890 51 839 300 54 246 268 45 1096 85 83 320 235
internal_count=6995 952 6043 1501 272 88 4542 1634 2908 354 44 634 50 310 42 2554 1587 106 62 1481 584 66 56 518 44 474 154 1229 42 1205 109 1000 850 488 467 446 140 90 51 1458 1062 134 102 928 362 54 81 923 144 890 51 839 300 54 246 268 45 1096 85 83 320 235
is_linear=0
shrinkage=0.03


Tree=174
num_leaves=63
num_cat=0
split_feature=38 34 17 63 4 4 21 58 58 26 1 66 2 44 46 42 58 63 36 36 65 0 37 11 44 38 36 30 25 42 32 47 22 59 54 32 28 20 13 64 0 60 27 61 21 67 64 21 16 2 35 41 66 60 23 22 70 42 5 48 47 25
split_gain=2.77655 1.94497 2.63646 2.41334 1.69253 1.78316 2.44801 4.21453 1.63328 1.8678 1.53536 2.05975 1.99882 1.35013 2.3363 1.33802 3.14197 2.20122 2.68839 2.38856 1.26678 1.17054 1.13999 1.54088 1.10577 1.10351 1.09752 1.75785 1.96333 1.09291 0.938071 1.06476 0.927882 0.983711 2.11868 1.74321 1.00383 1.13708 0.88499 1.38432 1.39653 1.03279 0.838457 1.39639 0.927834 0.815575 0.781694 1.24721 0.820011 1.32323 0.769127 0.678823 1.59619 1.20525 0.946583 0.717787 0.657541 2.01283 0.649837 0.811179 1.31714 0.84554
threshold=10028.22916666667 2.7096736142450415 11.575000000000001 5997.0000000000009 17.500000000000004 12.500000000000002 4.0726272835566659 1626.0208333333337 4130.7500000000009 79.840491895833352 9.9250000000000025 2698.8750000000005 44.986072500000006 29275.500000000004 29202.541666666672 36036.708333333336 3512.7083333333339 4672.0000000000009 15499.500000000002 11699.000000000002 1659.5000000000002 151591.50000000003 8231.5000000000018 78952.000000000015 29737.500000000004 17451.541666666668 18145.000000000004 62.985818092556947 94.687018000000009 34345.395833333343 52.17225975312769 218.50000000000003 1.8249999999999995 695.50000000000011 1413.6250000000002 62.248716533926 -5.2909599999999974 24.539583333333336 88812.000000000015 3681.5000000000005 87480.500000000015 3776.5000000000005 11.781532764944286 1446.5000000000002 4.7397897495822567 100646.00000000001 7426.0000000000009 2.8374500975291066 3914.5000000000005 51.345223000000011 16127.500000000002 42788.000000000007 1139.4583333333335 3776.5000000000005 64.13648000000002 -0.87499999999999989 82437.562500000015 32564.062500000004 3.5000000000000004 161.50000000000003 209.50000000000003 96.707233000000016
decision_type=2 2 2 2 2 2 2 2 2 2 2 2 2 2 2 2 2 2 2 2 2 2 2 2 2 2 2 2 2 2 2 2 2 2 2 2 2 2 2 2 2 2 2 2 2 2 2 2 2 2 2 2 2 2 2 2 2 2 2 2 2 2
left_child=56 4 3 -3 5 13 24 -8 9 42 11 -6 -13 38 -15 16 17 18 19 -16 -14 46 23 -17 30 58 27 28 -27 -26 31 -7 33 34 35 -31 37 -36 50 -40 -41 -42 -9 44 -44 -28 48 -48 -12 -50 -2 52 -47 54 -54 -56 57 -1 59 60 -24 -61
right_child=1 2 -4 -5 10 6 7 8 -10 -11 21 12 20 14 15 22 -18 -19 -20 -21 -22 -23 25 -25 29 26 45 -29 -30 32 -32 -33 -34 -35 36 -37 -38 -39 39 40 41 -43 43 -45 -46 51 47 -49 49 -51 -52 -53 53 -55 55 -57 -58 -59 -60 61 -62 -63
leaf_value=-23.502514760157663 -10.609626777337512 4.5572810036376614 -4.5320982978219133 1.8940410985075566 0.99715838798637912 -3.0269542277916384 4.5131418928204292 -5.2437999893053364 6.852439465372349 1.240113812131427 -29.639785378650828 4.6129114270137679 0.75316060871897028 11.703313075106678 1.2285582017105243 2.8106662538565543 -0.93355141149968479 -0.19091330089338024 -0.19769747711227878 4.682202843717004 -1.0362813985566404 6.1494912016615038 -0.0054543811273744906 -0.95993997510466456 7.1152473383529795 -0.12649895564371094 -0.38142307990038687 3.6977073879832507 2.3494501827480319 0.83945613720566259 -6.9797993316236786 4.3000645913567466 -0.067548623440771338 0.0093467783273120733 -5.2506223938735364 5.889629519475287 -0.095651617018534738 0.85057635438494905 -13.630500162777786 -1.17781670821916 6.4163384127788508 0.43751149353875507 -0.53008308698047613 3.6073901897491352 2.4404952177880896 2.1522907323409748 5.5700185534406881 -18.543360875114978 -25.400090221291538 6.6471700229442989 0.3324279025501739 -0.063695308056008426 2.8855635033386795 5.9935177931399242 2.6229993882192906 -0.29369714042706124 -36.92036405029345 4.7363492898827433 -15.894871769934111 -2.381633651809048 3.9798325110758137 2.536414649776253
leaf_weight=125 582 34 45 38 22 23 22 53 27 21 958 34 24 21 23 20 146 44 20 38 324 23 92 20 33 116 125 23 22 36 221 31 157 418 20 20 71 27 80 38 27 21 74 20 38 31 20 23 45 39 35 759 20 20 20 177 541 34 420 367 21 26
leaf_count=125 582 34 45 38 22 23 22 53 27 21 958 34 24 21 23 20 146 44 20 38 324 23 92 20 33 116 125 23 22 36 221 31 157 418 20 20 71 27 80 38 27 21 74 20 38 31 20 23 45 39 35 759 20 20 20 177 541 34 420 367 21 26
internal_value=-0.000645024 -0.000445109 0.00338172 0.00694868 -0.000518121 -0.000234672 0.000701927 0.00333987 0.00213642 0.00120815 -0.00139078 0.000185597 -0.000321906 -0.000601951 -0.000268368 -0.000351752 0.00163777 0.00513189 0.00806412 0.0111948 -0.00100833 -0.00196823 -0.000589707 0.00441396 6.24342e-05 -0.000680631 -0.000118804 0.00219739 0.000890658 0.000640582 -0.00157034 0.00194085 0.00040048 0.000947474 0.00284319 0.00764706 0.000533446 0.00394904 -0.00169327 0.000234798 0.00289199 0.00629938 0.000226904 0.00152157 0.000187332 -0.000445275 -0.00211225 0.00180974 -0.00227713 0.000535077 -0.00221682 -0.000163568 0.00113017 0.000278363 -0.000359282 -0.00100457 -0.00243822 -0.000716531 -0.00147392 -0.000740961 0.00148541 -0.00138896
internal_weight=6995 6295 117 72 6178 4666 1312 255 233 206 1512 404 382 3354 2571 2550 271 125 81 61 348 1108 2279 40 1057 2239 1313 161 138 782 275 54 749 592 174 56 118 47 783 166 86 48 185 132 112 1152 1085 43 1042 84 617 1027 268 237 217 197 700 159 926 506 113 393
internal_count=6995 6295 117 72 6178 4666 1312 255 233 206 1512 404 382 3354 2571 2550 271 125 81 61 348 1108 2279 40 1057 2239 1313 161 138 782 275 54 749 592 174 56 118 47 783 166 86 48 185 132 112 1152 1085 43 1042 84 617 1027 268 237 217 197 700 159 926 506 113 393
is_linear=0
shrinkage=0.03


Tree=175
num_leaves=63
num_cat=0
split_feature=38 5 62 59 10 52 17 32 45 29 16 65 64 5 18 22 33 26 64 11 41 53 36 50 16 42 47 48 19 7 21 24 61 52 67 24 13 21 67 60 3 47 42 1 50 48 64 41 19 12 48 17 52 56 44 13 62 10 30 70 63 41
split_gain=2.89738 1.77206 2.08452 1.86848 2.05174 2.63685 1.57348 4.64106 1.48329 1.38884 1.33921 1.31372 1.09447 1.25349 1.15264 1.37869 1.28899 1.5145 2.16883 2.21448 1.91534 3.97389 1.6442 1.27746 1.14794 1.9925 1.06788 1.03739 1.69236 1.03016 1.14153 1.01809 1.05259 1.74487 0.875031 1.25657 1.53511 0.910153 1.67449 1.46375 1.509 0.824016 1.24994 0.864852 0.819924 0.750283 0.73863 1.54997 1.59963 3.30095 1.12895 1.3351 0.872195 0.799334 0.733726 2.53655 0.735602 0.905201 0.99836 0.728865 1.00599 0.728333
threshold=10028.22916666667 2.5000000000000004 849.41666666666674 708.50000000000011 0.96386255839173451 1144.5000000000002 1.2750000000000001 53.037493598570244 27867.500000000004 67.382948223007915 5160.5000000000009 1731.5000000000002 192.50000000000003 1.5000000000000002 20.075000000000006 -0.64999999999999891 1.7612226582367498 64.202881270833345 1844.5000000000002 96037.500000000015 31338.000000000004 794.50000000000011 12204.500000000002 738.04166666666674 1891.0000000000002 38571.395833333336 1947.0000000000002 145.50000000000003 18.675000000000001 28.500000000000004 5.0581894755192343 52.372877500000008 3123.0000000000005 1366.5000000000002 104905.50000000001 77.894230000000007 106248.00000000001 3.3633895140514274 86817.500000000015 1473.5000000000002 56.040432182700982 1914.5000000000002 54237.833333333336 31.075000000000006 2563.0416666666674 498.50000000000006 3752.5000000000005 35871.500000000007 8.4750000000000014 91653.000000000015 525.50000000000011 15.725000000000001 949.50000000000011 11187.000000000002 29301.500000000004 75907.000000000015 1222.4375000000002 0.46472317204376884 58.96117622388406 111254.91666666667 3637.5000000000005 34605.500000000007
decision_type=2 2 2 2 2 2 2 2 2 2 2 2 2 2 2 2 2 2 2 2 2 2 2 2 2 2 2 2 2 2 2 2 2 2 2 2 2 2 2 2 2 2 2 2 2 2 2 2 2 2 2 2 2 2 2 2 2 2 2 2 2 2
left_child=-1 2 -2 4 8 -6 7 -5 -3 10 54 -7 13 -4 15 24 45 20 19 22 21 -18 -19 -22 -14 -26 -25 28 -16 30 34 -9 -33 -34 37 -36 -37 38 39 40 -20 -29 -43 -44 46 -17 53 -48 52 50 51 -50 -49 -8 -10 -56 57 -57 -59 -51 -61 -58
right_child=1 3 12 6 5 11 44 31 9 -11 -12 -13 14 -15 27 16 17 18 29 -21 23 -23 -24 26 25 -27 -28 41 -30 -31 -32 32 33 -35 35 36 -38 -39 -40 -41 -42 42 43 -45 -46 -47 47 48 49 59 -52 -53 -54 -55 55 56 61 58 -60 60 -62 -63
leaf_value=-26.119381418049617 2.633434689402133 2.5767018077799246 7.3373926538965666 3.2180653123642635 5.3119014682692418 5.9113341650887063 -10.383397919204441 2.3382267560706409 -19.370349680285415 2.8502024320852288 0.34368042968392482 -0.28576410640819594 -2.8440741391001851 -0.22868274304830799 -0.64467498526059663 -0.78659051395425827 13.392298981834811 2.1913383016482655 2.3760469437486651 5.0354586405404023 -1.3194098967610068 -0.62454955203879192 -0.03045248903256426 2.9685836286233953 7.5128985325558206 -0.30523527390177707 -0.094861181955230356 -0.34958811241939269 4.8500071266376246 1.0206511580109685 7.7957256494860818 -0.5639191120145608 -0.064267481966563025 0.7816191368695149 0.0028570384480700877 3.6387246724955467 0.031255433155647938 -0.73063617628828414 -0.11971089076574122 -2.6923303420418705 0.02676247818472749 5.558708477807385 -0.33631352275011062 3.8931691868438687 0.99503188524830977 1.0047562182731145 -7.4724319715788869 -11.058704746589935 6.7213034851101154 -4.6781231771928278 -1.3014313432098594 1.2805002156305318 0.44583282049027401 4.2893416529487673 4.42842738573533 -4.4244199811133988 1.0643810466824739 0.28777356728279258 4.0344221633004382 6.3811440158595216 -4.2142647131883848 -1.5415261694141653
leaf_weight=700 43 38 28 21 24 35 1395 24 130 20 32 32 312 25 23 162 21 40 27 27 307 34 50 24 20 46 26 733 30 26 35 340 135 35 90 24 36 109 134 22 20 23 105 28 20 56 269 137 35 77 20 38 52 23 25 62 21 42 27 22 20 458
leaf_count=700 43 38 28 21 24 35 1395 24 130 20 32 32 312 25 23 162 21 40 27 27 307 34 50 24 20 46 26 733 30 26 35 340 135 35 90 24 36 109 134 22 20 23 105 28 20 56 269 137 35 77 20 38 52 23 25 62 21 42 27 22 20 458
internal_value=-0.000649312 -0.000445109 0.000137373 -0.000879444 0.000263185 0.00454446 -0.00128647 0.000129706 -0.000189452 -0.000462612 -0.000662402 0.0014307 2.95101e-05 0.00429378 -5.67553e-05 0.000420483 0.000895204 0.00133162 0.00224496 0.00594364 -8.00784e-05 0.00511797 0.0036293 -0.000890508 -0.00116636 0.00240545 0.00353293 -0.00089481 0.00316384 0.00141082 0.00109837 -0.000410036 -0.000699863 0.00121693 0.000694654 0.00257828 0.0059401 -0.000201859 0.000974889 0.00477569 0.0077707 -0.00114048 0.000826393 -0.000270474 -0.00166074 -0.0011967 -0.00171975 -0.000890913 0.000284218 0.00207921 0.00631579 0.00804377 -0.00171338 -0.00210916 -0.000917528 -0.000491262 -0.000880184 0.0010984 0.00347323 -0.00120907 0.00192399 -0.00142768
internal_weight=6995 6295 2686 3609 946 91 2663 555 855 817 797 67 2643 53 2590 1648 1270 1052 640 117 412 55 90 357 378 66 50 942 53 523 497 534 510 170 462 150 60 312 203 69 47 889 156 133 2108 218 2088 670 401 212 93 73 189 1418 765 635 610 131 69 119 42 479
internal_count=6995 6295 2686 3609 946 91 2663 555 855 817 797 67 2643 53 2590 1648 1270 1052 640 117 412 55 90 357 378 66 50 942 53 523 497 534 510 170 462 150 60 312 203 69 47 889 156 133 2108 218 2088 670 401 212 93 73 189 1418 765 635 610 131 69 119 42 479
is_linear=0
shrinkage=0.03


Tree=176
num_leaves=63
num_cat=0
split_feature=38 66 54 65 34 25 5 61 43 45 16 5 58 62 1 48 64 36 33 54 52 52 64 26 34 17 36 12 45 28 21 59 47 50 5 63 5 18 16 62 47 21 47 37 40 48 16 50 35 49 27 42 25 45 28 28 58 54 70 1 52 14
split_gain=2.49223 1.79254 3.44064 3.18754 2.07331 1.74895 1.41568 2.97046 1.75843 2.07863 1.48717 2.55755 2.34396 2.27732 1.92878 1.37239 3.20979 1.13543 1.27295 2.6425 3.94281 1.3869 1.30346 1.12323 1.11156 1.09643 1.47491 1.22492 1.07165 0.971757 1.45252 2.83946 0.97607 0.879095 2.92181 1.96548 0.840761 1.08404 1.73041 1.61954 1.34914 1.24786 1.92847 0.831728 0.872472 1.96945 0.824525 0.813262 0.763398 0.883205 0.700171 1.51355 4.17114 0.989031 0.812065 1.17342 1.21909 1.1153 0.898144 0.851463 1.03277 2.23413
threshold=10028.22916666667 7512.5833333333348 667.04166666666686 5865.5000000000009 0.13444095153501226 55.59511100000001 1.0000000180025095e-35 191.00000000000003 28030.000000000004 27355.000000000004 779.00000000000011 5.5000000000000009 3684.1250000000005 1235.3125000000002 22.575000000000006 90.500000000000014 2000.5000000000002 9858.5000000000018 1.8955929111869179 1211.5000000000002 887.50000000000011 1955.5000000000002 3098.5000000000005 48.563695979166674 1.0952235981644487 12.125000000000002 12359.500000000002 84706.000000000015 27242.500000000004 -6.6415915000000032 2.9848299266439295 828.50000000000011 3883.5000000000005 229.18750000000003 2.5000000000000004 2778.5000000000005 4.5000000000000009 19.875000000000004 3678.0000000000005 2521.9166666666674 780.50000000000011 4.212763926662606 224.50000000000003 10564.000000000002 29866.500000000004 214.50000000000003 5273.5000000000009 212.83333333333334 25997.000000000004 218.50000000000003 13.349979110695633 35481.375000000007 77.024443000000005 31763.500000000004 -2.3206729999999989 0.87023300000000614 3994.854166666667 1973.5833333333335 127762.77083333336 -11.074999999999998 836.50000000000011 101284.47916666667
decision_type=2 2 2 2 2 2 2 2 2 2 2 2 2 2 2 2 2 2 2 2 2 2 2 2 2 2 2 2 2 2 2 2 2 2 2 2 2 2 2 2 2 2 2 2 2 2 2 2 2 2 2 2 2 2 2 2 2 2 2 2 2 2
left_child=33 5 3 4 -3 25 7 -7 -8 -10 23 15 13 -13 -14 16 -12 -9 19 20 -19 48 -23 -11 -16 26 27 -2 -4 30 31 -17 36 34 35 -1 37 38 39 40 41 -31 -43 -25 45 -45 -27 -46 -20 -50 51 52 -49 -53 -55 59 58 -58 -57 -56 -61 -62
right_child=1 2 28 -5 -6 6 8 17 9 10 11 12 14 -15 24 29 -18 18 21 -21 -22 22 -24 43 -26 46 -28 -29 -30 32 -32 -33 -34 -35 -36 -37 -38 -39 -40 -41 -42 42 -44 44 47 -47 -48 50 49 -51 -52 53 -54 54 55 56 57 -59 -60 60 61 -63
leaf_value=-1.4857360826819277 2.320018805397313 0.62697844142780168 2.9866991319791616 -0.091697367636713684 2.9480101610372484 3.9664834052886513 -13.494398335515344 7.2867322692093985 4.8657289702202844 0.34129891161812553 -0.52322635165598863 4.0151600364281537 8.0482665290681954 -2.7428380699195172 3.354739738170744 2.9270960841478559 8.8150801217789301 0.50525742703796395 -0.17452481623865349 -2.2261266563196642 4.9187098960363915 0.087395712776933115 6.3664662029766896 -7.29730980741033 -0.20637313495781714 -20.852064417242097 -0.57745440602720965 -2.281650976189884 -0.14281145649259797 -0.17667940799462301 -0.075785147760654856 -0.035079580455513515 7.2792353820350097 -33.638978202753584 -28.74004747705078 6.6257336522157999 -6.3569430838346195 -0.35606842665235749 -0.14646676769967329 1.9517295698360466 1.4376785309897326 -0.0031052999231467558 4.2478092724036784 -6.6406582359287762 -10.806656308536727 1.3951824768245511 0.95825713234640275 -6.7085725521275323 1.9422038353888702 -0.041112758760886027 -0.44934754312425396 -11.442331010803102 4.6273799862712028 -2.7671256933223689 1.4064778747485875 -0.52399003292059532 -0.20456727369483199 2.1007958256165868 2.6210052292368302 -3.0747961389646687 4.2802513616481166 0.09067426791630892
leaf_weight=20 23 20 32 25 21 22 401 28 27 24 31 38 26 99 33 20 25 29 387 53 21 42 24 210 25 803 194 21 231 188 105 29 20 563 97 20 165 351 170 24 33 37 20 23 192 24 23 64 30 25 701 296 34 120 36 256 34 24 27 87 30 192
leaf_count=20 23 20 32 25 21 22 401 28 27 24 31 38 26 99 33 20 25 29 387 53 21 42 24 210 25 803 194 21 231 188 105 29 20 563 97 20 165 351 170 24 33 37 20 23 192 24 23 64 30 25 701 296 34 120 36 256 34 24 27 87 30 192
internal_value=-0.000610714 -0.000421281 0.001732 0.00785174 0.0129927 -0.000540555 -0.000300484 0.00098926 -0.000502229 -0.000303899 -0.000363484 0.00039608 0.00336499 0.000919036 0.00731272 -0.000140383 0.0044385 0.000610232 0.000333824 0.00337536 0.00832335 -0.000277505 0.00376702 -0.000825156 0.00418244 -0.00164364 0.000138597 0.00510204 0.000182439 -0.000363997 0.00184945 0.00610998 -0.000705288 -0.00230967 -0.000131292 0.00665835 -0.000841009 -0.000444661 0.000489302 0.001857 0.00119741 0.000416156 0.00430823 -0.000892303 -0.000713519 0.0033121 -0.00216076 -0.000805505 -0.00088894 0.00239564 -0.000615434 -0.000172486 0.00339449 -0.000492696 4.83804e-05 0.000450371 -0.000791557 0.00314974 -0.00161074 0.00168647 0.00116467 0.00225574
internal_weight=6995 6295 329 66 41 5966 4902 661 4241 3840 3813 1439 221 137 84 1218 56 639 611 103 50 508 66 2374 58 1064 238 44 263 1162 154 49 1008 700 137 40 988 823 472 302 278 245 57 2350 2140 47 826 2093 442 55 1901 1200 98 1102 806 686 341 58 283 345 309 222
internal_count=6995 6295 329 66 41 5966 4902 661 4241 3840 3813 1439 221 137 84 1218 56 639 611 103 50 508 66 2374 58 1064 238 44 263 1162 154 49 1008 700 137 40 988 823 472 302 278 245 57 2350 2140 47 826 2093 442 55 1901 1200 98 1102 806 686 341 58 283 345 309 222
is_linear=0
shrinkage=0.03


Tree=177
num_leaves=63
num_cat=0
split_feature=35 10 62 21 42 0 20 66 25 59 35 43 44 30 35 47 29 12 58 16 9 20 50 43 24 54 25 66 20 31 21 15 35 57 16 24 52 39 39 31 5 24 70 42 31 11 18 66 16 58 0 66 27 31 66 54 5 70 20 20 29 48
split_gain=2.25555 1.86894 2.38886 4.1738 2.68881 4.94604 1.96548 2.92355 2.16951 1.83944 1.64949 4.20664 4.74332 1.29066 1.34169 1.26952 4.40259 2.17906 1.2436 1.15785 1.14529 1.3335 1.12797 1.73177 2.05458 1.09683 1.09163 1.02806 1.09452 1.48127 1.36958 1.02166 0.952078 0.923018 2.04402 1.66161 1.32101 0.957608 2.75551 0.887078 0.912064 0.878128 0.812834 0.779208 0.998838 1.68663 0.77284 0.759255 0.73207 1.06139 0.804868 0.744995 0.707159 0.905579 2.01762 0.671137 0.668501 1.17034 0.655282 0.661402 0.858096 1.28828
threshold=9224.0000000000018 0.35201941816566318 1284.5625000000002 4.7061214664154143 42397.083333333336 80372.500000000015 10.688541666666669 2086.479166666667 74.898297500000012 4584.0000000000009 16504.500000000004 28675.500000000004 28197.000000000004 45.725954650865255 11711.500000000002 307.50000000000006 53.622654207709694 85297.000000000015 4406.0208333333348 1547.5000000000002 1.0000000180025095e-35 26.673958333333339 232.85416666666671 29865.500000000004 68.731882500000012 1152.8333333333337 66.949765000000014 7288.0208333333348 7.6145833333333348 55.893889803626188 1.9755067216979285 18020.251053713586 27427.000000000004 7104.5000000000009 6490.5000000000009 76.122080000000011 1200.5000000000002 30854.000000000004 29847.000000000004 61.611007462692271 1.0000000180025095e-35 74.559315000000012 103330.31250000001 56246.458333333343 65.096843917611594 129770.50000000001 21.725000000000005 1273.1875000000002 1434.5000000000002 3380.229166666667 107660.00000000001 8169.541666666667 13.683711157044741 61.874914903536727 1438.1875000000002 624.60416666666686 5.5000000000000009 101020.58333333336 -6.8677083333333329 7.6145833333333348 63.657621198053256 340.50000000000006
decision_type=2 2 2 2 2 2 2 2 2 2 2 2 2 2 2 2 2 2 2 2 2 2 2 2 2 2 2 2 2 2 2 2 2 2 2 2 2 2 2 2 2 2 2 2 2 2 2 2 2 2 2 2 2 2 2 2 2 2 2 2 2 2
left_child=-1 6 3 4 39 -6 7 8 -2 15 22 12 -12 18 -15 48 17 -17 -4 -5 32 52 23 24 -8 -7 -11 33 30 -30 -29 -23 -13 37 35 -35 -37 38 -16 40 -3 -28 55 44 -34 -46 -27 -38 51 50 -50 -9 53 54 -22 -24 -18 -58 -39 -60 61 -61
right_child=1 2 13 19 5 25 10 9 -10 26 11 20 -14 14 27 16 56 -19 -20 -21 21 31 42 -25 -26 46 41 28 29 -31 -32 -33 43 34 -36 36 47 58 -40 -41 -42 -43 -44 -45 45 -47 -48 -49 49 -51 -52 -53 -54 -55 -56 -57 57 -59 59 60 -62 -63
leaf_value=-30.659626244799892 4.0105503983814321 0.39406484767166594 -1.2285332968550358 3.3156137683007141 6.4490437585823486 2.0734830179561001 -1.034877249282478 -3.971037428593946 0.3427521539648607 3.7293817157269422 -14.560475432944862 -11.295778225609778 7.5053599896416943 -7.5913151414114237 -6.5740769954297047 0.13013538007365036 -0.13655991535277595 6.4557196445020733 9.9277432133178891 3.2803999345831301 9.3464726179723385 5.2057788180310309 0.32867091489517769 -12.715854847423179 8.7690873390985971 -0.35394933313387306 -0.31621023790261032 0.89456481979502611 0.054602258949039507 3.6764285864223609 -3.8111195785301168 5.5475890772711738 -3.3775338326829791 -0.12707430625880051 1.3678162534817571 5.5839516564621681 2.299401235728967 0.080172163169614979 4.4219078621404213 0.58478478791000654 -4.0862960280522245 3.6329360259860479 0.77793968778675682 -0.2021647662080856 0.069399208253908509 4.4257390783493324 0.6565814052075154 -2.3156317455244095 -8.605659192195958 10.010453591209096 0.55453990811960274 0.18989652894650816 -1.7200530268162306 -0.13330470278480455 -0.63846607481733519 -20.098583069232976 2.8595701403747067 -2.2830598722792326 -1.36261428775928 -0.042957224554234147 -0.16814056885595391 1.906926804744606
leaf_weight=424 20 29 21 30 35 25 43 598 30 23 22 656 31 344 43 21 350 32 20 26 20 23 20 137 35 60 20 37 23 22 56 23 28 280 20 26 32 130 31 31 168 24 25 106 28 23 20 50 43 20 20 39 100 69 27 1207 21 30 434 410 192 62
leaf_count=424 20 29 21 30 35 25 43 598 30 23 22 656 31 344 43 21 350 32 20 26 20 23 20 137 35 60 20 37 23 22 56 23 28 280 20 26 32 130 31 31 168 24 25 106 28 23 20 50 43 20 20 39 100 69 27 1207 21 30 434 410 192 62
internal_value=-0.00065789 -0.000520462 9.25814e-05 0.00215751 0.000986144 0.00426124 -0.000937381 1.85881e-05 0.00712575 -0.000265894 -0.00140902 -0.000557911 0.00768362 -0.000298241 -0.000398249 -0.000544247 0.000693679 0.00881356 0.0049635 0.0097861 -0.000957303 0.000766882 -0.00207757 -5.57887e-05 0.00349552 0.000970504 0.00456036 -7.62953e-05 0.0024113 0.00625277 0.000515574 0.0054013 -0.00149804 -0.000278932 0.000962999 0.000471527 0.00363552 -0.000670456 0.00263158 -0.00101271 -0.0017656 0.00170068 -0.00242233 0.000388978 0.00265487 0.00516634 -0.000711611 0.00171742 -0.00132898 0.00129964 -0.000570524 -0.00167635 -0.000208238 0.00136951 0.00458599 -0.0025328 -0.000373972 0.002818 -0.00087208 -0.00111192 -0.000510466 0.000171573
internal_weight=6995 6571 2657 424 368 140 3914 1291 50 1241 2623 1156 53 2233 2192 1174 454 53 41 56 1103 262 1467 215 78 105 67 1848 138 45 93 46 841 1710 408 388 108 1302 74 228 197 44 1252 185 79 51 80 82 720 83 63 637 216 116 47 1227 401 51 1228 1098 664 472
internal_count=6995 6571 2657 424 368 140 3914 1291 50 1241 2623 1156 53 2233 2192 1174 454 53 41 56 1103 262 1467 215 78 105 67 1848 138 45 93 46 841 1710 408 388 108 1302 74 228 197 44 1252 185 79 51 80 82 720 83 63 637 216 116 47 1227 401 51 1228 1098 664 472
is_linear=0
shrinkage=0.03


Tree=178
num_leaves=63
num_cat=0
split_feature=38 66 54 1 4 18 66 51 55 5 44 70 65 36 36 62 16 50 2 15 50 7 67 14 35 50 54 20 66 23 57 70 43 53 66 59 59 33 57 66 62 39 28 70 50 53 28 54 5 40 5 67 14 39 35 29 29 62 33 45 1 55
split_gain=2.17796 1.54032 2.67326 2.16999 1.50974 1.93377 3.22514 2.00649 3.48779 1.76188 1.4547 3.06668 4.34853 2.66488 2.3994 1.71859 2.05587 2.07946 1.16996 1.15846 1.21271 2.23501 2.56718 1.01796 1.56244 2.02002 0.977431 0.966834 1.6963 0.933921 0.890186 3.2171 0.919386 2.12693 0.877769 0.855564 1.34451 1.17831 0.787124 1.17742 0.74712 1.11591 0.769093 0.759613 0.904466 1.37657 1.09133 2.08079 1.17978 0.975773 0.855347 1.35585 1.18137 0.939482 0.766435 0.878776 1.83921 1.70709 0.831424 0.71311 0.645284 0.614999
threshold=10214.500000000002 7657.6250000000009 662.02083333333337 6.0750000000000002 17.500000000000004 11.475000000000001 2215.3333333333335 866.50000000000011 8716.5000000000018 5.5000000000000009 29287.500000000004 86264.937500000015 3593.5000000000005 12359.500000000002 10896.500000000002 1045.3958333333337 2329.5000000000005 612.77083333333337 66.440730000000016 12464.054422857875 314.97916666666669 6.5000000000000009 93358.500000000015 78363.145833333358 9984.0000000000018 229.18750000000003 1818.1666666666667 26.071875000000006 2487.0000000000005 54.312407000000007 2.5000000000000004 90153.395833333343 32926.500000000007 1255.5000000000002 4017.479166666667 585.50000000000011 3627.5000000000005 2.0036654590100595 10466.500000000002 696.18750000000011 1227.7708333333337 38389.500000000007 -1.4644275000000027 110113.14583333334 640.72916666666686 1307.5000000000002 0.68630700000000655 1621.3958333333337 2.5000000000000004 40621.500000000007 2.5000000000000004 84442.000000000015 86626.270833333358 52199.000000000007 19983.000000000004 63.91400450429061 62.804537608028589 2349.0000000000005 1.1165558084245475 27242.500000000004 23.925000000000001 9.5000000000000018
decision_type=2 2 2 2 2 2 2 2 2 2 2 2 2 2 2 2 2 2 2 2 2 2 2 2 2 2 2 2 2 2 2 2 2 2 2 2 2 2 2 2 2 2 2 2 2 2 2 2 2 2 2 2 2 2 2 2 2 2 2 2 2 2
left_child=23 4 3 -3 10 6 -6 -8 9 -9 19 12 13 14 -12 16 17 -13 -19 20 21 -2 26 24 -1 -26 -23 -7 -29 -17 31 -31 -33 34 -34 -36 37 -37 40 -40 41 -32 -43 50 45 -45 48 -48 -47 -46 51 52 -42 60 -51 56 -56 -58 -57 -4 -53 -60
right_child=1 2 59 -5 5 27 7 8 -10 -11 11 15 -14 -15 -16 29 -18 18 -20 -21 -22 22 -24 -25 25 -27 -28 28 -30 30 38 32 33 -35 35 36 -38 -39 39 -41 43 42 -44 44 49 46 47 -49 -50 54 -52 53 -54 -55 55 58 57 -59 61 -61 -62 -63
leaf_value=-15.705783234826132 4.2803747823225713 2.8051470421648181 2.8514930870955326 -0.44964920338780551 3.6680472481574764 -24.420252242025168 -11.741446039757092 -0.13336104843406119 5.9123150316737938 3.5296768232276605 0.98154890912239756 -0.12597376768349158 -4.3325279750430559 3.8006267047507034 11.506941055057448 -12.245236308126369 2.4130981769690241 1.8885188526219834 6.2095824660475571 1.7133389740140477 -5.6381864770162613 -9.9862387146695646 9.9525830629679035 -34.220636683561047 16.057672732551936 -13.003452806229177 1.7063619942604704 -6.1788973547506796 6.9657469176651299 4.5882962873800333 6.3011230408881289 -1.0457696117734043 -0.35283542803994272 1.1614447921328683 -9.5180178969201155 0.0089143379433274453 -0.12696570043022287 2.0126031607804196 0.82086176895436602 0.034210330173929181 -6.2439498376460802 3.1859584002167316 -0.96169010543114775 -0.15948218863705108 1.8822519591200875 -1.3699198153216345 9.5139924701695904 0.37601547301845195 0.24684424454795018 -0.20586687737441589 -2.5853456646662862 -0.13255452331454484 1.3555566345171504 4.4223461777481301 -0.21479303455492346 1.4056673203414174 3.8168850506982399 -0.19858862224347495 0.68939728990022908 -0.052212933971565366 2.9894096372882477 -0.12429926213546269
leaf_weight=135 30 39 21 22 23 928 188 187 33 21 21 87 56 21 22 224 37 20 20 20 674 243 22 573 24 24 25 83 26 24 21 116 69 22 24 27 23 48 20 68 20 29 42 100 30 44 20 29 29 148 751 438 20 26 84 35 33 22 123 197 20 444
leaf_count=135 30 39 21 22 23 928 188 187 33 21 21 87 56 21 22 224 37 20 20 20 674 243 22 573 24 24 25 83 26 24 21 116 69 22 24 27 23 48 20 68 20 29 42 100 30 44 20 29 29 148 751 438 20 26 84 35 33 22 123 197 20 444
internal_value=-0.000640735 -0.000455836 0.00171981 0.00726678 -0.000558213 -0.00138607 0.00024552 -0.000335587 0.00146827 1.44154e-05 -0.000281811 1.04126e-05 0.00472107 0.0100624 0.0143387 -0.000158222 0.00283364 0.000991345 0.00665835 -0.00128094 -0.00142742 8.43479e-05 -0.000713548 -0.00216241 -0.000196615 0.00442827 -0.00153301 -0.00210009 0.000549953 -0.000313889 -0.0001709 0.00124044 0.000455788 0.00163304 0.000596546 0.00213759 0.00339449 0.00535286 -0.000364008 0.00241771 -0.000462901 0.00218241 0.000337552 -0.000564961 -7.15193e-10 0.00171544 0.00385749 0.00733197 0.00147743 -0.000417801 -0.00106815 -0.000131655 0.00516209 -0.000576328 -0.000600608 -0.000202403 0.00194105 0.0062069 -0.000702542 0.000151306 -0.000897185 -0.000983954
internal_weight=6995 6239 279 61 5960 1489 452 429 241 208 4471 3457 120 64 43 3337 164 127 40 1014 994 320 290 756 183 48 268 1037 109 3173 2949 353 329 213 191 122 98 75 2596 88 2508 92 71 2416 1141 222 122 49 73 919 1275 524 40 484 889 741 139 55 602 218 458 567
internal_count=6995 6239 279 61 5960 1489 452 429 241 208 4471 3457 120 64 43 3337 164 127 40 1014 994 320 290 756 183 48 268 1037 109 3173 2949 353 329 213 191 122 98 75 2596 88 2508 92 71 2416 1141 222 122 49 73 919 1275 524 40 484 889 741 139 55 602 218 458 567
is_linear=0
shrinkage=0.03


Tree=179
num_leaves=63
num_cat=0
split_feature=38 4 1 68 70 55 68 22 66 51 44 70 15 51 47 64 31 64 59 16 15 36 1 47 25 49 16 2 38 35 54 32 64 24 33 29 47 44 29 24 62 24 25 15 64 34 34 5 39 3 65 39 51 33 33 66 15 26 3 64 15 50
split_gain=2.42869 1.40409 1.71123 1.67961 2.57894 1.39088 2.90544 2.79956 1.53503 1.30938 1.29534 2.4541 2.08468 3.97699 2.10347 1.46487 1.39049 1.36744 1.21312 1.17012 1.95501 1.16294 1.18558 1.118 1.0959 1.06277 1.0466 1.94025 1.01848 1.18889 1.01428 1.72855 2.59975 1.02187 1.01329 0.991342 1.17451 0.971785 1.31535 0.976067 0.968783 0.917845 0.915251 0.892674 0.888046 0.75454 0.729094 0.838629 0.724029 0.944864 1.02507 1.69848 1.06545 0.832659 0.693424 0.668748 1.11071 0.667392 0.663048 0.660219 0.631026 1.0578
threshold=10028.22916666667 17.500000000000004 12.125000000000002 90772.000000000015 89260.729166666672 1707.0000000000002 84541.000000000015 2.1000000000000005 8085.354166666667 1232.5000000000002 29223.500000000004 90888.458333333343 8817.9909082744016 1756.5000000000002 525.50000000000011 1363.0000000000002 58.710116052492133 3681.5000000000005 1030.5000000000002 803.50000000000011 6240.4190861758716 14324.500000000002 17.575000000000006 272.50000000000006 88.297410000000013 201.50000000000003 3914.5000000000005 51.345223000000011 26178.354166666672 28605.500000000004 1621.3958333333337 59.793851171932722 716.50000000000011 76.122080000000011 4.8704808526199601 65.382037901920725 215.50000000000003 30457.500000000004 56.040432182700982 86.548084500000016 2057.6250000000005 67.106830000000016 86.808593000000016 18625.288607118473 7426.0000000000009 0.90865540349130935 -1.8182728105869932 2.5000000000000004 36634.500000000007 60.131510212924141 4587.5000000000009 43935.500000000007 1336.5000000000002 1.9664555722151065 1.4321555828209271 3944.7083333333335 5545.4665504486056 71.336670812500017 59.250113344422466 2693.0000000000005 12369.387074094206 649.77083333333337
decision_type=2 2 2 2 2 2 2 2 2 2 2 2 2 2 2 2 2 2 2 2 2 2 2 2 2 2 2 2 2 2 2 2 2 2 2 2 2 2 2 2 2 2 2 2 2 2 2 2 2 2 2 2 2 2 2 2 2 2 2 2 2 2
left_child=46 5 3 4 40 10 7 41 19 59 16 12 14 -14 15 -12 -2 -18 -17 28 -21 58 -23 -11 30 37 43 -28 -8 -30 31 33 -33 -22 -20 60 -37 42 -39 48 -3 -7 -13 44 -4 -38 47 -1 -40 -50 -51 -52 53 -53 -32 -25 -57 -34 -19 -5 -27 -62
right_child=1 2 26 9 -6 6 8 -9 -10 23 11 25 13 -15 -16 18 17 21 34 20 24 22 -24 55 -26 35 27 -29 29 -31 54 32 57 -35 -36 36 45 38 39 -41 -42 -43 -44 -45 -46 -47 -48 -49 49 50 51 52 -54 -55 -56 56 -58 -59 -60 -61 61 -63
leaf_value=4.7341677375641513 -10.830560365030953 -9.6616343133492872 -29.190723783509789 0.69417517643901216 4.2662082479296366 -2.0280417763096112 -1.0152157121136738 8.19044301463863 4.0251473405758249 0.49744893107005439 3.8187926273954624 -24.097463235379013 5.7519497838277456 1.7852139149319384 4.306034797533882 1.0872449064043532 -4.6842294551658226 -2.5050165229603523 -4.299952433733103 4.2008229038497342 -0.27605532086287998 4.6574032888687329 1.4432026758694927 -0.12942614189469434 0.779868250142425 -1.7517478262338615 -22.409500022445503 7.4227094575610018 2.1238757057477087 -0.041524694845179018 0.60752210899283721 1.6044534918897786 0.57321849344058551 0.79496975931708569 8.083191523279373 0.19441770542006284 -0.04660959117731172 6.3970225470431199 3.6016087831084067 -0.11281218278626991 3.2579649851872903 5.360429945117839 0.16676328230599938 6.2746830553654531 4.3530452213956243 1.6262285419682119 -26.230080801218875 -21.846507535679727 -0.10075265565614297 -0.082430018157347268 5.1223673719243443 -2.6371766358961941 7.4006759914514726 2.1614687041309111 -0.13637474583559211 3.8797998769673376 -0.50769149065118058 -1.2801865313602752 0.93924220740564857 -7.0055423775543524 0.16301947250190782 -0.18256549160719829
leaf_weight=20 589 37 954 38 33 30 466 23 21 26 32 112 22 28 35 23 90 49 200 40 96 23 21 58 39 900 46 39 25 47 20 29 22 40 23 20 385 38 21 132 22 20 22 22 23 21 648 32 114 81 29 38 26 37 268 26 32 29 24 222 162 205
leaf_count=20 589 37 954 38 33 30 466 23 21 26 32 112 22 28 35 23 90 49 200 40 96 23 21 58 39 900 46 39 25 47 20 29 22 40 23 20 385 38 21 132 22 20 22 22 23 21 648 32 114 81 29 38 26 37 268 26 32 29 24 222 162 205
internal_value=-0.000717932 -0.00053089 -0.001306 0.00015179 0.00381107 -0.00027093 0.000602419 0.00640219 0.000228526 -0.000678936 -0.000574799 -0.000260523 0.0020325 0.00772455 0.00111147 0.000226537 -0.00163924 0.000463543 -0.000548558 7.49257e-05 0.0010084 0.00261315 0.00646258 0.00162562 0.000530288 -0.000617132 -0.00197307 0.00119859 -0.000931054 0.00237171 0.000148779 0.00170754 0.00520599 -0.00033064 -0.00123711 -0.00101353 0.000232339 0.000410705 0.00100562 0.00057101 0 0.00233533 -0.00185682 -0.00224602 -0.00238256 -0.000110811 -0.00239537 0.000978886 0.00141289 0.00105198 0.00224538 0.003897 0.0020178 0.000159786 -0.00101007 0.000335917 0.00263339 0.00105675 0.000246237 -0.00194925 -0.00143477 -0.00037592
internal_weight=6995 6295 1578 494 92 4717 1215 73 1142 402 3502 2706 363 50 313 278 796 207 246 1121 583 117 44 142 543 2343 1084 85 538 72 504 216 80 136 223 1693 426 650 516 478 59 50 134 999 977 406 700 52 346 325 211 130 101 75 288 116 58 51 73 260 1267 367
internal_count=6995 6295 1578 494 92 4717 1215 73 1142 402 3502 2706 363 50 313 278 796 207 246 1121 583 117 44 142 543 2343 1084 85 538 72 504 216 80 136 223 1693 426 650 516 478 59 50 134 999 977 406 700 52 346 325 211 130 101 75 288 116 58 51 73 260 1267 367
is_linear=0
shrinkage=0.03


end of trees

feature_importances:
Column_38=360
Column_66=308
Column_5=304
Column_20=284
Column_35=258
Column_16=248
Column_58=232
Column_26=225
Column_62=221
Column_33=215
Column_1=211
Column_45=211
Column_21=208
Column_10=207
Column_36=205
Column_54=203
Column_25=196
Column_15=195
Column_24=185
Column_17=181
Column_27=177
Column_64=177
Column_50=176
Column_43=171
Column_51=171
Column_49=168
Column_47=165
Column_44=156
Column_52=156
Column_70=154
Column_3=152
Column_59=151
Column_2=148
Column_65=146
Column_30=142
Column_22=140
Column_40=139
Column_48=136
Column_14=134
Column_63=134
Column_34=133
Column_56=128
Column_19=127
Column_23=127
Column_32=125
Column_12=124
Column_61=124
Column_29=122
Column_37=122
Column_46=122
Column_53=121
Column_28=120
Column_31=119
Column_60=115
Column_0=111
Column_42=111
Column_11=104
Column_7=103
Column_4=102
Column_55=98
Column_18=96
Column_68=91
Column_39=86
Column_57=86
Column_13=83
Column_41=72
Column_67=67
Column_69=52
Column_9=16
Column_6=12
Column_8=7

parameters:
[boosting: gbdt]
[objective: quantile]
[metric: quantile]
[tree_learner: serial]
[device_type: cpu]
[data_sample_strategy: bagging]
[data: ]
[valid: ]
[num_iterations: 1500]
[learning_rate: 0.03]
[num_leaves: 63]
[num_threads: 24]
[seed: 42]
[deterministic: 0]
[force_col_wise: 0]
[force_row_wise: 0]
[histogram_pool_size: -1]
[max_depth: -1]
[min_data_in_leaf: 20]
[min_sum_hessian_in_leaf: 0.001]
[bagging_fraction: 0.8]
[pos_bagging_fraction: 1]
[neg_bagging_fraction: 1]
[bagging_freq: 0]
[bagging_seed: 400]
[bagging_by_query: 0]
[feature_fraction: 0.8]
[feature_fraction_bynode: 1]
[feature_fraction_seed: 30056]
[extra_trees: 0]
[extra_seed: 12879]
[early_stopping_round: 0]
[early_stopping_min_delta: 0]
[first_metric_only: 0]
[max_delta_step: 0]
[lambda_l1: 0.1]
[lambda_l2: 0.1]
[linear_lambda: 0]
[min_gain_to_split: 0]
[drop_rate: 0.1]
[max_drop: 50]
[skip_drop: 0.5]
[xgboost_dart_mode: 0]
[uniform_drop: 0]
[drop_seed: 17869]
[top_rate: 0.2]
[other_rate: 0.1]
[min_data_per_group: 100]
[max_cat_threshold: 32]
[cat_l2: 10]
[cat_smooth: 10]
[max_cat_to_onehot: 4]
[top_k: 20]
[monotone_constraints: ]
[monotone_constraints_method: basic]
[monotone_penalty: 0]
[feature_contri: ]
[forcedsplits_filename: ]
[refit_decay_rate: 0.9]
[cegb_tradeoff: 1]
[cegb_penalty_split: 0]
[cegb_penalty_feature_lazy: ]
[cegb_penalty_feature_coupled: ]
[path_smooth: 0]
[interaction_constraints: ]
[verbosity: -1]
[saved_feature_importance_type: 0]
[use_quantized_grad: 0]
[num_grad_quant_bins: 4]
[quant_train_renew_leaf: 0]
[stochastic_rounding: 1]
[linear_tree: 0]
[max_bin: 255]
[max_bin_by_feature: ]
[min_data_in_bin: 3]
[bin_construct_sample_cnt: 200000]
[data_random_seed: 175]
[is_enable_sparse: 1]
[enable_bundle: 1]
[use_missing: 1]
[zero_as_missing: 0]
[feature_pre_filter: 1]
[pre_partition: 0]
[two_round: 0]
[header: 0]
[label_column: ]
[weight_column: ]
[group_column: ]
[ignore_column: ]
[categorical_feature: ]
[forcedbins_filename: ]
[precise_float_parser: 0]
[parser_config_file: ]
[objective_seed: 16083]
[num_class: 1]
[is_unbalance: 0]
[scale_pos_weight: 1]
[sigmoid: 1]
[boost_from_average: 1]
[reg_sqrt: 0]
[alpha: 0.9]
[fair_c: 1]
[poisson_max_delta_step: 0.7]
[tweedie_variance_power: 1.5]
[lambdarank_truncation_level: 30]
[lambdarank_norm: 1]
[label_gain: ]
[lambdarank_position_bias_regularization: 0]
[eval_at: ]
[multi_error_top_k: 1]
[auc_mu_weights: ]
[num_machines: 1]
[local_listen_port: 12400]
[time_out: 120]
[machine_list_filename: ]
[machines: ]
[gpu_platform_id: -1]
[gpu_device_id: -1]
[gpu_use_dp: 0]
[num_gpu: 1]

end of parameters

pandas_categorical:null
