tree
version=v4
num_class=1
num_tree_per_iteration=1
label_index=0
max_feature_idx=70
objective=quantile
feature_names=Column_0 Column_1 Column_2 Column_3 Column_4 Column_5 Column_6 Column_7 Column_8 Column_9 Column_10 Column_11 Column_12 Column_13 Column_14 Column_15 Column_16 Column_17 Column_18 Column_19 Column_20 Column_21 Column_22 Column_23 Column_24 Column_25 Column_26 Column_27 Column_28 Column_29 Column_30 Column_31 Column_32 Column_33 Column_34 Column_35 Column_36 Column_37 Column_38 Column_39 Column_40 Column_41 Column_42 Column_43 Column_44 Column_45 Column_46 Column_47 Column_48 Column_49 Column_50 Column_51 Column_52 Column_53 Column_54 Column_55 Column_56 Column_57 Column_58 Column_59 Column_60 Column_61 Column_62 Column_63 Column_64 Column_65 Column_66 Column_67 Column_68 Column_69 Column_70
feature_infos=[66131:160560] [-20:34.149999999999999] [25.719044:100] [36.971664299722725:71.559848645091535] [0:23] [0:6] [1:10] [1:31] [0:1] [0:1] [0:0.99270887409805397] [66131:160560] [66131:160560] [66131:160560] [72233.041666666672:137142.20833333334] [2057.6408592873181:22024.617595875727] [-9183:8446] [-20:34.149999999999999] [-20:34.149999999999999] [-20:34.149999999999999] [-16.568749999999998:29.675000000000001] [0.52945401875049547:7.951298487978419] [-5.8000000000000007:5.5499999999999972] [25.719044:100] [25.719044:100] [25.719044:100] [45.313373250000005:95.04641233333335] [0.97911827352794878:23.426507825749582] [-30.049300000000002:30.860949999999995] [36.971664299722725:71.559848645091535] [36.971664299722725:71.559848645091535] [36.971664299722725:71.559848645091535] [45.760024263258238:67.819212344444352] [0.67909628204517791:7.5954539582083802] [-8.6935655667746659:7.6341842441526993] [6201:33428] [6201:33428] [6201:33428] [7216.916666666667:32362.625] [18440:75926] [18440:75926] [18440:75926] [24497.5:64836.833333333336] [25199:33959] [25199:33959] [25862:33959] [25316:33930.166666666664] [43:6933] [43:6933] [43:6933] [83.541666666666671:5366.375] [366:3539] [366:3539] [366:3539] [431.45833333333331:2835.4583333333335] [0:12186] [0:12186] [0:12186] [281.875:5366.791666666667] [85:6739] [85:6739] [85:6739] [718.33333333333337:3117.0833333333335] [29:9938] [29:9938] [29:9938] [157.125:8964.4166666666661] [68553:162721] [68553:162721] [68553:162721] [74746.875:140862.16666666666]
tree_sizes=3446 4667 3998 4073 4250 4599 4590 4431 5435 4766 5028 4994 4938 5209 5187 5439 4956 5479 5458 5377 5465 5452 5469 5473 5436 5469 5454 5487 5483 5471 5481 5489 5475 5476 5485 5482 5500 5498 5494 5495 5491 5488 5502 5461 5503 5524 5488 5515 5506 5480 5496 5488 5504 5461 5510 5482 5503 5509 5503 5502 5516 5510 5480 5515 5483 5479 5515 5518 5498 5528 5496 5508 5514 5528 5507 5515 5537 5516 5494 5537 5538 5483 5504 5511 5538 5517 5490 5485 5498 5518 5529 5534 5509 5497 5512 5519

Tree=0
num_leaves=42
num_cat=0
split_feature=47 57 0 16 42 0 47 16 34 47 47 16 30 61 63 15 7 27 62 0 42 18 66 16 4 35 63 34 16 16 47 66 7 18 21 1 61 0 32 18 18
split_gain=355.472 41.4242 16.8711 13.8868 11.0257 9.45312 7.85052 6.51089 5.49261 3.71079 3.48315 4.79307 4.69027 3.35855 2.60268 2.59574 2.4352 2.3023 2.08686 1.62175 3.22034 1.38721 1.26379 1.23257 0.422549 0.412175 0.370524 0.344779 0.334184 0.252168 0.247625 0.185139 0.145302 0.0841132 0.328146 0.0346061 0.024498 0.00736855 0.159415 0.0155235 0.0896649
threshold=1477.5000000000002 48.500000000000007 122117.50000000001 -2745.9999999999995 54404.875000000007 127918.00000000001 2239.0000000000005 -2568.9999999999995 0.10426257140102281 1387.5000000000002 1004.5000000000001 -299.49999999999994 64.436202522094277 2845.0000000000005 916.50000000000011 5185.4879018293677 23.500000000000004 4.8110908263530794 2273.7291666666674 116647.00000000001 53286.687500000007 27.375000000000004 3924.8958333333339 3655.0000000000005 20.500000000000004 29234.500000000004 4373.5000000000009 0.37717627953535177 4217.5000000000009 6684.5000000000009 1596.5000000000002 4254.3125000000009 18.500000000000004 -9.0249999999999986 2.2942739731561477 24.875000000000004 131.50000000000003 112374.00000000001 64.814436483557586 -4.8249999999999984 -5.9749999999999988
decision_type=2 2 2 2 2 2 2 2 2 2 2 2 2 2 2 2 2 2 2 2 2 2 2 2 2 2 2 2 2 2 2 2 2 2 2 2 2 2 2 2 2
left_child=2 3 10 6 9 7 27 8 -3 23 19 31 16 -8 -10 -9 22 -5 -6 25 28 26 24 32 -13 29 -17 -2 -21 33 -7 35 -4 34 -1 -12 -35 39 -39 40 -38
right_child=1 5 4 17 18 30 13 15 14 -11 11 12 -14 -15 -16 21 -18 -19 -20 20 -22 -23 -24 -25 -26 -27 -28 -29 -30 -31 -32 -33 -34 36 -36 -37 37 38 -40 -41 -42
leaf_value=1558.9706388366221 1550.2196447181702 1562.5376388072968 1549.1396443462372 1598.3396431231499 1560.0446423971653 1565.8916426181793 1563.3746443998814 1590.6296352624893 1568.3216431832313 1560.8966444599628 1545.8156439471245 1552.6016447353363 1581.7046394073964 1622.7416434979439 1567.367641811371 1591.0346266686915 1558.6856444764137 1589.3396427440643 1579.0976444649696 1534.7396446466446 1564.6886396062373 1571.0516446352005 1562.6096423721312 1563.4796437382697 1554.50964468956 1549.829634604454 1632.0806313621997 1556.4206445443631 1557.9296424150466 1552.547642698288 1676.1896226739884 1548.7646435987949 1553.4296442317964 1525.1246376764775 1532.9396445894242 1548.8606435930728 1524.6296435165405 1537.3796447753907 1545.8396447324753 1527.6896447753907 1525.5116428256035
leaf_weight=20 81 29 61 31 20 30 22 20 22 22 194 57 20 20 29 84 20 21 32 91 34 29 31 30 25 37 20 20 21 34 310 36 20 26 66 20 89 124 21 5057 30
leaf_count=20 81 29 61 31 20 30 22 20 22 22 194 57 20 20 29 84 20 21 32 91 34 29 31 30 25 37 20 20 21 34 310 36 20 26 66 20 89 124 21 5057 30
internal_value=1554 1554.02 1554 1554.01 1554.01 1554.02 1554 1554.02 1554.01 1554 1554 1554 1554 1554.01 1554.02 1554.02 1554 1554.02 1554.02 1554 1554 1554.02 1554 1554 1554 1554 1554.03 1554 1554 1554 1554.03 1554 1554 1554 1554 1554 1554 1554 1554 1554 1554
internal_weight=7006 768 6238 195 185 573 143 233 80 133 6053 403 153 42 51 153 133 52 52 5650 146 133 113 111 82 5504 104 101 112 5467 340 250 81 5433 86 214 5347 5321 145 5176 119
internal_count=7006 768 6238 195 185 573 143 233 80 133 6053 403 153 42 51 153 133 52 52 5650 146 133 113 111 82 5504 104 101 112 5467 340 250 81 5433 86 214 5347 5321 145 5176 119
is_linear=0
shrinkage=1


Tree=1
num_leaves=54
num_cat=0
split_feature=11 50 48 57 26 35 42 48 64 50 59 58 62 26 18 20 61 18 63 50 54 49 36 56 15 33 11 68 5 16 36 50 24 41 16 44 16 40 25 48 17 16 20 20 3 40 18 16 52 3 32 11 12
split_gain=247.412 46.7023 19.3349 17.0727 9.64214 7.89374 6.42424 6.26139 5.34665 4.72403 6.10871 4.4953 4.05746 4.71587 3.75618 3.24574 3.0623 2.83011 2.68848 2.65325 2.42286 2.56525 1.65554 1.61152 1.50663 1.34116 1.87265 1.1979 1.56819 1.14523 0.706956 0.689587 1.1402 0.6093 0.57781 0.519614 0.479758 0.466834 0.59241 0.299937 0.611362 0.804594 0.155343 0.141954 0.129724 0.0889595 0.043068 0.228523 0.0355791 0.0322366 0.0321191 0.14462 0.0207453
threshold=121732.00000000001 806.27083333333337 1320.0000000000002 48.500000000000007 82.447871562500026 28335.000000000004 54404.875000000007 1947.0000000000002 2744.5000000000005 1558.9583333333337 3801.0000000000005 2342.916666666667 2210.1041666666674 66.267224395833352 -7.8749999999999991 25.483333333333338 2350.5000000000005 26.025000000000002 421.50000000000006 750.41666666666686 1764.3125000000002 728.50000000000011 13579.500000000002 5630.0000000000009 5642.4666388289561 2.2814562089568122 126499.50000000001 121617.50000000001 3.5000000000000004 -4940.4999999999991 29159.000000000004 1140.6458333333335 54.992815000000007 64686.000000000007 -5253.9999999999991 29127.500000000004 6684.5000000000009 59154.000000000007 65.971255000000014 1109.5000000000002 21.275000000000002 -1005.4999999999999 -10.361458333333331 20.87916666666667 63.704059565231027 54908.500000000007 -4.8249999999999984 1227.0000000000002 2571.5000000000005 62.177398172533152 66.303793535058247 108101.50000000001 111034.00000000001
decision_type=2 2 2 2 2 2 2 2 2 2 2 2 2 2 2 2 2 2 2 2 2 2 2 2 2 2 2 2 2 2 2 2 2 2 2 2 2 2 2 2 2 2 2 2 2 2 2 2 2 2 2 2 2
left_child=2 15 5 9 14 17 7 25 11 34 -11 -6 13 -7 -4 33 -13 27 -16 23 -21 -22 -20 -19 -8 26 -5 30 -29 -26 36 32 -31 -2 -3 -24 39 -37 -39 42 -41 -42 -1 -25 -30 46 47 -44 50 -45 -48 -52 -15
right_child=1 3 4 6 8 12 24 -9 -10 10 -12 16 -14 52 18 -17 -18 19 22 20 21 -23 35 43 29 -27 -28 28 44 31 -32 -33 -34 -35 -36 37 -38 38 -40 40 41 -43 45 49 -46 -47 48 -49 -50 -51 51 -53 -54
leaf_value=-6.1064032546877698 -3.592358212198739 -3.5795898715496079 36.418521158523497 11.514718134889064 25.069929960114656 25.388860479676673 149.67931005020142 55.54224926848412 5.5450449331000904 10.039810290956478 56.473768870389463 2.8391939775112491 26.926960810840132 -8.6682195965980107 6.6246160656891329 5.2446692620468305 11.818960180170302 4.8547772312422826 7.5427132968992572 -1.1960234640298286 3.8070692270851851 9.7009427704236604 4.5799545816779164 -1.1552924019813553 62.694303981256489 57.492310208272933 10.812311159563063 9.9334603029014339 -19.703389287686633 18.267309675407407 2.419810386371664 114.68429987568855 32.134132725781555 3.9623559699451607 9.0551363674278154 -3.213709675019027 2.9235681870460506 -1.0813395529245919 4.100954579714263 -11.009833833254476 -9.9113787580962356 4.3152930797651727 -30.982489328684728 -5.9006905438613861 -6.0299475199613433 -11.700426793533332 -25.790689343261718 -4.0393780609460572 -2.2144717770910383 -4.3260207121610481 -21.059690060663225 -5.4571186974663002 -20.616079577400615
leaf_weight=24 79 20 28 20 34 21 26 39 30 21 26 26 33 20 35 39 21 29 20 25 21 20 20 21 21 43 29 28 43 20 21 251 24 20 20 147 31 21 20 90 30 20 105 131 20 38 4942 30 21 20 60 20 42
leaf_count=24 79 20 28 20 34 21 26 39 30 21 26 26 33 20 35 39 21 29 20 25 21 20 20 21 21 43 29 28 43 20 21 251 24 20 20 147 31 21 20 90 30 20 105 131 20 38 4942 30 21 20 60 20 42
internal_value=-0.000181985 0.0167641 -0.00205783 0.020616 0.0043049 -0.00249149 0.0228662 0.0171167 0.0118272 0.00833525 0.0147771 0.0158323 0.00524548 0.00166065 0.00142219 0.00110789 0.00968153 -0.00264711 0.000296465 0.000359415 0.00558245 0.010073 -0.000881193 -0.00134262 0.0250541 0.0214007 0.0177189 -0.002793 0.000592754 0.0256533 -0.00285028 0.0261674 0.0221088 -0.0017558 0.000673316 -0.00168669 -0.00287188 -0.00218501 0.000583941 -0.00289344 -0.00147752 0.00113772 -0.00293067 -0.00245787 -0.00199683 -0.00294185 -0.00295301 -0.0023094 -0.0029696 -0.00277962 -0.00297545 -0.00220974 -0.00246377
internal_weight=7006 698 6308 560 402 5906 473 131 111 87 47 81 116 83 291 138 47 5790 263 267 66 41 228 201 342 92 49 5523 91 316 5432 295 44 99 40 208 5411 188 41 5380 140 50 5240 172 63 5216 5178 135 5043 151 5022 80 62
internal_count=7006 698 6308 560 402 5906 473 131 111 87 47 81 116 83 291 138 47 5790 263 267 66 41 228 201 342 92 49 5523 91 316 5432 295 44 99 40 208 5411 188 41 5380 140 50 5240 172 63 5216 5178 135 5043 151 5022 80 62
is_linear=0
shrinkage=0.03


Tree=2
num_leaves=46
num_cat=0
split_feature=47 57 0 42 19 47 47 34 47 16 47 62 20 37 16 66 4 63 0 10 47 63 52 34 35 23 53 34 45 48 47 57 53 5 18 70 0 16 18 57 1 1 61 0 43
split_gain=298.971 33.2342 24.4289 11.9903 11.5044 6.48193 6.14279 5.50541 5.21623 5.94112 3.76689 3.6612 3.46346 3.38252 2.91617 2.43423 1.82812 1.73748 1.63196 2.32209 1.88614 1.26009 1.24642 1.16993 0.756183 0.738007 0.440926 0.350962 0.31886 0.301513 0.241816 0.668291 1.02629 0.171891 0.143203 0.141952 0.046142 0.0411133 0.322721 0.0348598 0.0333001 0.0329942 0.0294791 0.0243236 0.0210941
threshold=1576.0000000000002 48.500000000000007 122117.50000000001 54237.833333333336 4.0750000000000002 1661.0000000000002 2439.5000000000005 -1.0905774303575766 1293.5000000000002 -1287.4999999999998 1407.5000000000002 2195.3958333333339 20.511458333333337 24954.500000000004 -4940.4999999999991 1209.3541666666667 7.5000000000000009 4999.5000000000009 111709.50000000001 0.56392291514228221 796.50000000000011 699.50000000000011 1728.5000000000002 0.46079780671681553 28212.000000000004 83.485412000000011 1764.5000000000002 0.77689139346648528 32556.500000000004 1914.5000000000002 979.50000000000011 6373.5000000000009 1780.5000000000002 5.5000000000000009 29.325000000000006 118419.16666666667 114996.50000000001 4459.0000000000009 -1.825 9317.0000000000018 7.0250000000000012 -10.574999999999998 131.50000000000003 117514.00000000001 33929.500000000007
decision_type=2 2 2 2 2 2 2 2 2 2 2 2 2 2 2 2 2 2 2 2 2 2 2 2 2 2 2 2 2 2 2 2 2 2 2 2 2 2 2 2 2 2 2 2 2
left_child=2 4 8 10 16 13 23 -7 18 27 22 -5 -11 -3 -9 -14 -2 25 24 29 21 -21 -4 43 30 35 -13 -10 -23 33 37 40 -33 41 -24 36 -16 42 -39 -40 -32 -20 -1 -6 -44
right_child=1 5 3 11 6 7 -8 14 9 12 -12 26 15 -15 17 -17 -18 -19 19 20 -22 28 34 -25 -26 -27 -28 -29 -30 -31 31 32 -34 -35 -36 -37 -38 38 39 -41 -42 -43 44 -45 -46
leaf_value=-24.853024980996612 39.005596058533904 8.086039253831478 9.6503958788743667 8.9268304795368163 -2.3920135854380411 16.72225741195939 40.667532913984182 50.040472293335434 -7.7194073073680105 23.343910509906443 5.7610106254073115 23.115395673889797 5.2539602106363175 4.0807558604458194 17.95189696085653 -0.5243295245268671 50.937227728280945 54.183024636175205 -16.052805271397983 5.236720133068923 21.783990368428267 0.89120073488216678 -2.9876341419319679 3.100040277184998 4.836767888316297 33.813775013596057 19.307408146877172 0.6328602083575614 -7.8187788171552146 9.8327601716514383 -4.6560944602867265 -3.4513728835624691 1.1377519496610171 -1.4484912266636456 -2.9783813595949242 118.37647674839643 15.583315717395404 1.3392856494787324 -20.295324914045441 -12.390000096757548 -8.1876170356465749 -10.836569207559588 -25.293641559520964 -1.5439064512891989 -31.68950618883737
leaf_weight=24 21 28 35 31 56 22 33 28 88 28 36 20 20 28 28 28 23 20 21 26 30 30 58 21 20 29 22 20 51 23 20 27 24 20 20 292 22 23 204 20 154 256 4927 20 29
leaf_count=24 21 28 35 31 56 22 33 28 88 28 36 20 20 28 28 28 23 20 21 26 30 30 58 21 20 29 22 20 51 23 20 27 24 20 20 292 22 23 204 20 154 256 4927 20 29
internal_value=-0.000229087 0.0188109 -0.00224653 0.00752364 0.00749569 0.022764 0.00297463 0.0239946 -0.00260195 0.00236285 0.00261569 0.0174829 0.00879106 0.0129947 0.0247674 0.00380457 0.0207483 0.0254513 -0.00275657 -0.00102385 0.00223195 0.000336134 -5.30511e-05 -0.000803296 -0.00290072 0.0259337 0.0233017 -0.00213691 -0.00147966 -0.00242737 -0.00292236 -0.00191915 0.00105675 -0.00268597 -0.0021895 0.0263695 0.0238922 -0.00296493 -0.00250101 -0.00285141 -0.00280873 -0.00287983 -0.00298729 -0.00256242 -0.00299328
internal_weight=7006 671 6335 222 174 497 130 441 6113 184 149 73 76 56 419 48 44 391 5929 457 137 107 113 97 5472 371 42 108 81 320 5452 225 51 297 78 342 50 5227 247 224 174 277 4980 76 4956
internal_count=7006 671 6335 222 174 497 130 441 6113 184 149 73 76 56 419 48 44 391 5929 457 137 107 113 97 5472 371 42 108 81 320 5452 225 51 297 78 342 50 5227 247 224 174 277 4980 76 4956
is_linear=0
shrinkage=0.03


Tree=3
num_leaves=47
num_cat=0
split_feature=47 57 0 19 47 46 50 54 34 47 16 16 20 19 16 13 66 58 4 47 0 42 65 26 0 0 15 16 30 59 50 35 63 48 47 16 16 34 11 1 16 18 57 16 61 43
split_gain=282.001 30.4378 19.6269 11.4721 10.7123 10.3482 7.53892 6.33872 6.26929 5.08573 6.9784 5.04555 3.50761 3.43726 2.91537 2.53822 2.38317 2.27586 2.13668 1.73854 1.70323 1.85124 1.89931 1.4845 0.733332 0.690078 0.670753 0.636999 0.604211 0.528633 0.442088 0.425395 0.418336 0.268225 0.148508 0.679503 0.386969 0.148475 0.140967 0.140141 0.0411121 0.322721 0.0348598 0.0302439 0.029479 0.021094
threshold=1558.5000000000002 48.500000000000007 122117.50000000001 4.0750000000000002 1707.0000000000002 32545.520833333336 649.77083333333337 1334.2291666666667 0.81789552298973345 1257.5000000000002 -1287.4999999999998 -2390.9999999999995 20.511458333333337 28.125000000000004 -4940.4999999999991 127506.00000000001 1209.3541666666667 3350.3750000000005 7.5000000000000009 2381.0000000000005 111709.50000000001 53065.000000000007 921.50000000000011 69.493018333333353 128722.50000000001 130727.00000000001 5127.8777898442577 5273.5000000000009 68.203404069357106 590.50000000000011 1323.666666666667 27903.000000000004 4739.0000000000009 659.50000000000011 979.50000000000011 1947.5000000000002 3165.0000000000005 0.30330622150294678 110322.00000000001 -3.9749999999999996 4459.0000000000009 -1.825 9317.0000000000018 -2430.4999999999995 131.50000000000003 33929.500000000007
decision_type=2 2 2 2 2 2 2 2 2 2 2 2 2 2 2 2 2 2 2 2 2 2 2 2 2 2 2 2 2 2 2 2 2 2 2 2 2 2 2 2 2 2 2 2 2 2
left_child=2 3 9 18 11 6 -4 -6 19 20 43 -3 -12 24 -9 -15 -14 -13 -2 37 31 27 -23 -19 -8 39 -16 30 32 -24 38 34 -28 -31 40 -36 -37 -5 -22 -7 44 -42 -43 -11 -1 -46
right_child=1 4 5 8 7 25 13 14 -10 10 12 17 16 15 26 -17 -18 23 -20 -21 21 22 29 -25 -26 -27 28 -29 -30 33 -32 -33 -34 -35 35 36 -38 -39 -40 -41 41 42 -44 -45 45 -47
leaf_value=-24.10743423156671 37.503729973433195 1.1475664673283525 -7.6103552895687923 -2.3119965414911339 15.849484501087804 -4.889778077706679 10.889000110956282 48.539258124535372 40.065508547334154 -6.8824303263816171 21.73591038360723 6.4892810327558665 4.7337762933637437 2.8361477492865101 128.39933222976498 9.144344736755631 -0.54253880764267526 9.031501890760314 49.409110896432523 17.970419154992324 -2.7291617146384786 12.066517435103147 16.302369385842397 18.185959063811417 23.826063338158338 0.99762165425441252 109.39048045079106 3.6726128471820649 41.944479397934622 2.8544505971346101 3.219796154222081 3.877265813543787 62.782487209992738 -2.2236403244337106 -8.086203211906053 0.60897213513924753 -2.3474880399560569 -0.48683486617537081 -12.255732807612182 -2.5516232470334983 1.2991070799943676 -19.686465166624078 -12.018300093854821 -1.0760937639111086 -24.533720380695414 -30.738821003172248
leaf_weight=24 22 27 23 66 31 20 28 28 22 101 35 26 24 26 20 23 31 20 23 24 25 26 20 22 20 21 295 28 23 20 29 20 21 36 156 20 21 20 263 54 23 204 20 20 4926 29
leaf_count=24 22 27 23 66 31 20 28 28 22 101 35 26 24 26 20 23 31 20 23 24 25 26 20 22 20 21 295 28 23 20 29 20 21 36 156 20 21 20 263 54 23 204 20 20 4926 29
internal_value=-0.000301881 0.0179061 -0.00229176 0.0071485 0.0216098 0.00661088 0.0124646 0.0236857 0.00265708 -0.00260609 0.00196116 0.012429 0.00829079 0.0161277 0.0247378 0.010387 0.00348457 0.0167841 0.0202217 -0.000245232 -0.00277024 -0.000979647 0.00255632 0.0211639 0.0218919 -0.000757099 0.0254804 -0.00203419 0.0258331 0.000118265 -0.00242195 -0.00291672 0.0262227 -0.0013369 -0.00293301 -0.00207002 0.00131387 -0.00226481 -0.00278029 -0.00214575 -0.00296493 -0.00250101 -0.00285141 -0.00272502 -0.00298729 -0.00299328
internal_weight=7006 690 6316 177 513 215 120 418 132 6101 211 95 90 97 387 49 55 68 45 110 5890 447 102 42 48 95 359 345 339 76 317 5443 316 56 5423 197 41 86 288 74 5226 247 224 121 4979 4955
internal_count=7006 690 6316 177 513 215 120 418 132 6101 211 95 90 97 387 49 55 68 45 110 5890 447 102 42 48 95 359 345 339 76 317 5443 316 56 5423 197 41 86 288 74 5226 247 224 121 4979 4955
is_linear=0
shrinkage=0.03


Tree=4
num_leaves=49
num_cat=0
split_feature=47 47 55 57 0 70 19 51 46 59 0 47 4 4 1 50 52 58 57 25 47 51 5 4 58 60 0 59 46 22 4 18 62 35 34 1 18 62 34 52 29 54 54 21 1 68 19 68
split_gain=232.781 32.7255 15.5006 12.1619 11.6778 8.84598 5.72877 4.0295 3.74532 3.69993 3.04287 3.03769 3.57287 3.70148 2.84983 2.56446 3.38709 2.24622 2.22597 2.20311 1.98148 1.84793 1.95954 3.45202 0.98216 1.29168 0.971388 2.59088 0.853947 0.594604 0.542726 0.421405 0.409343 0.407908 0.350962 0.179554 0.168186 1.4642 0.158569 0.0556799 0.140302 0.0488952 0.0777093 0.0345794 0.0243236 0.0126355 0.0218392 0.122356
threshold=1477.5000000000002 1947.0000000000002 1841.5000000000002 48.500000000000007 121770.50000000001 125694.43750000001 4.0750000000000002 1622.5000000000002 32536.250000000004 3801.0000000000005 133995.50000000003 1004.5000000000001 7.5000000000000009 12.500000000000002 24.975000000000005 612.77083333333337 1975.5000000000002 3296.1875000000005 5607.0000000000009 83.182362500000025 1331.5000000000002 2051.5000000000005 1.5000000000000002 20.500000000000004 3144.4791666666674 4045.0000000000005 116647.00000000001 671.50000000000011 29227.937500000004 0.44999999999999957 21.500000000000004 28.325000000000006 1290.1041666666667 29234.500000000004 0.50393528533091836 6.0750000000000002 -4.8249999999999984 2246.0833333333335 1.0956431136095868 2196.5000000000005 63.704059565231027 2091.104166666667 2296.791666666667 1.5514856339132252 25.575000000000006 116468.50000000001 23.075000000000006 118767.00000000001
decision_type=2 2 2 2 2 2 2 2 2 2 2 2 2 2 2 2 2 2 2 2 2 2 2 2 2 2 2 2 2 2 2 2 2 2 2 2 2 2 2 2 2 2 2 2 2 2 2 2
left_child=4 2 8 6 11 15 -3 -4 34 -8 19 26 35 -14 30 44 -17 -16 -7 24 28 -19 -23 -24 29 -26 33 -28 -15 -5 -9 -18 -30 36 -2 -13 37 43 -29 45 41 -41 -43 -1 -6 -38 -47 -48
right_child=1 3 7 10 5 18 9 14 -10 -11 -12 12 13 20 17 16 31 21 -20 -21 -22 22 23 -25 25 -27 27 38 32 -31 -32 -33 -34 -35 -36 -37 39 -39 -40 40 -42 42 -44 -45 -46 46 47 -49
leaf_value=-10.170235243471332 -2.6945071178948639 40.630275126528147 11.912005932769363 111.53326427996059 -22.074419163644535 21.594797921430978 -2.1597797104966925 10.390681764666951 21.825438712121947 37.627541522801948 113.6527633444735 -4.0047023876693126 24.095463972080243 0.44952958325189279 4.442552677958199 6.289194077149034 -1.7899235964553251 11.468539365981103 22.718296802632246 33.014390713706312 4.0185605099062487 19.272061743507898 4.4859860559095219 11.000460305317793 17.890773292821539 14.693525231202612 11.661125295286885 -6.7702183196987979 0.39261056338419736 61.563493693954165 13.438704859740627 5.5147990904786566 -4.7545916701038724 -4.0462736322280648 1.8804597611332343 -9.263925303691714 -24.153384971810922 14.205969694432065 -7.1514047081265932 -12.821610775792982 -8.45432008938017 -3.6486681695578351 -8.435071024719921 -26.213850953501677 -6.9707800030292599 -21.865956084015348 -4.5449176193441438 -4.4206819661646426
leaf_weight=20 88 29 25 55 20 21 34 30 23 34 166 20 22 23 25 39 27 38 21 27 37 28 32 28 21 25 27 87 27 20 20 20 70 37 20 197 4907 21 20 133 20 23 24 193 56 69 20 37
leaf_count=20 88 29 25 55 20 21 34 30 23 34 166 20 22 23 25 39 27 38 21 27 37 28 32 28 21 25 27 87 27 20 20 20 70 37 20 197 4907 21 20 133 20 23 24 193 56 69 20 37
internal_value=-0.000503134 0.0150801 0.00841781 0.0208562 -0.00242237 0.00463008 0.0114933 0.0131756 0.000183066 0.00665198 0.0237345 -0.00266138 -0.000113608 0.00301507 0.0145898 0.00142505 0.00498258 0.0124686 0.0168884 0.0204794 0.00137492 0.0141079 0.0116118 0.00843594 0.0222461 0.0184165 -0.00283979 -0.000290828 -0.000474605 0.0245273 0.0208982 -0.000382166 -0.00173018 -0.00290129 -0.00213691 -0.00270843 -0.00292257 -0.00208885 -0.00240896 -0.00295924 -0.00238381 -0.00264853 -0.00165605 -0.00284374 -0.00256242 -0.00298146 -0.00249802 -0.00189142
internal_weight=7006 768 357 411 6238 204 97 226 131 68 314 6034 396 179 201 162 86 151 42 148 157 126 88 60 121 46 5638 134 120 75 50 47 97 5504 108 217 5467 234 107 5233 200 180 47 213 76 5033 126 57
internal_count=7006 768 357 411 6238 204 97 226 131 68 314 6034 396 179 201 162 86 151 42 148 157 126 88 60 121 46 5638 134 120 75 50 47 97 5504 108 217 5467 234 107 5233 200 180 47 213 76 5033 126 57
is_linear=0
shrinkage=0.03


Tree=5
num_leaves=53
num_cat=0
split_feature=47 47 16 0 14 19 13 47 46 46 47 16 20 11 16 28 16 47 53 47 25 24 6 28 52 47 0 65 13 47 34 16 18 59 16 38 66 0 46 0 11 65 16 1 3 14 11 51 16 18 18 18
split_gain=212.609 31.0362 19.2595 12.0416 9.61784 7.85699 6.67241 3.13926 3.10381 3.05085 2.94867 4.06917 3.17876 3.1615 2.32888 2.32458 4.12243 2.24883 2.06913 2.04467 1.77413 1.47442 2.09199 1.78015 1.5154 0.972062 0.971388 2.18628 0.946794 0.889155 0.769985 0.444141 0.374812 0.305346 0.284836 0.276297 0.193704 0.152851 0.130082 0.0709544 0.276791 0.0597287 0.116522 0.0347358 0.0316663 0.0294388 0.0273683 0.0269498 0.020108 0.163039 0.00304452 0.0108939
threshold=1504.5000000000002 2286.5000000000005 -2844.4999999999995 121770.50000000001 119490.12500000001 26.325000000000006 103858.00000000001 1947.0000000000002 32545.520833333336 32008.229166666668 1004.5000000000001 -299.49999999999994 21.534375000000001 104151.00000000001 -3029.9999999999995 3.997062500000006 -1106.4999999999998 2967.0000000000005 1581.5000000000002 2015.5000000000002 75.707967500000009 67.437565000000021 7.5000000000000009 -1.5420554999999962 2430.5000000000005 1247.0000000000002 116647.00000000001 590.50000000000011 123106.00000000001 918.50000000000011 0.28261239758228746 6684.5000000000009 26.125000000000004 652.50000000000011 2103.0000000000005 29432.020833333336 4254.3125000000009 130727.00000000001 33911.395833333336 112374.00000000001 109653.50000000001 123.50000000000001 2573.5000000000005 24.875000000000004 66.909935417343391 96297.187500000015 114628.00000000001 1732.5000000000002 4459.0000000000009 -1.4749999999999999 24.725000000000005 25.925000000000001
decision_type=2 2 2 2 2 2 2 2 2 2 2 2 2 2 2 2 2 2 2 2 2 2 2 2 2 2 2 2 2 2 2 2 2 2 2 2 2 2 2 2 2 2 2 2 2 2 2 2 2 2 2 2
left_child=3 2 5 10 8 28 -3 15 9 29 26 36 13 25 17 16 -4 -8 -6 -7 30 22 24 -23 -18 -13 31 -28 45 -5 -9 35 -19 -29 -14 38 43 -10 39 41 -41 42 -1 -12 -42 -2 -35 -16 -43 -50 -51 -52
right_child=1 6 7 4 18 19 14 20 37 -11 11 12 34 -15 47 -17 21 32 -20 -21 -22 23 -24 -25 -26 -27 27 33 -30 -31 -32 -33 -34 46 -36 -37 -38 -39 -40 40 44 48 -44 -45 -46 -47 -48 -49 49 50 51 -53
leaf_value=-22.347547514453147 -4.8669964480669856 20.493872873763777 -0.095484590145683362 -6.5461814760112427 15.980910131070289 5.3876643017212755 10.450985510035915 16.123405139826694 -2.7344806285500578 10.008064700370527 -7.8081867957060416 -0.53202094250481002 0.48965908119427309 22.158805801072571 94.571512059351988 11.563478744159335 6.5321406596433542 48.438682990425114 20.946958399138911 9.0013433112021524 26.582041106479977 24.236990457465236 13.499794308816012 17.456101699946323 18.43303119401051 6.2210864079832868 5.4647421347930969 4.6682107602171268 3.8109196553508937 4.0252083289408631 21.522506064502387 -0.64862719769733646 72.021188042430282 -0.22691423589002552 -1.4258914174575223 -0.30038100732893352 -6.232541809622469 -0.011987359175712165 -7.7155284559706798 0.45551059598476318 -14.533972343042178 -22.968549808278297 -2.2141175682891965 -6.7931159216165273 -7.1833236026274268 -3.094048919295239 -17.2075938322604 117.01062077781228 -13.544326387916586 -22.13151730203429 -9.1262771520648336 -8.269614799781662
leaf_weight=33 20 28 27 23 24 27 24 32 74 26 199 34 20 34 29 37 39 20 21 21 22 23 34 25 32 22 20 20 20 25 31 34 31 20 42 31 35 20 28 24 121 4968 20 20 20 92 74 135 20 164 20 21
leaf_count=33 20 28 27 23 24 27 24 32 74 26 199 34 20 34 29 37 39 20 21 21 22 23 34 25 32 22 20 20 20 25 31 34 31 20 42 31 35 20 28 24 121 4968 20 20 20 92 74 135 20 164 20 21
internal_value=-0.000605901 0.0144974 0.00993777 -0.00241454 0.00458939 0.00214881 0.0227106 0.014568 0.0012671 0.00587044 -0.00266194 -0.000184684 0.00368836 0.0072919 0.0243413 0.0126025 0.0111438 0.0197337 0.0168958 0.0125364 0.01953 0.0130503 0.010961 0.017526 0.00793249 0.00283422 -0.00283979 -0.000290828 -0.00161242 0.00130977 0.0221553 -0.00290129 0.0233659 -0.00191937 -0.00149759 -0.00292262 -0.00251476 -0.00232731 -0.00293872 -0.00294949 -0.00225318 -0.00297078 -0.00180791 -0.00284802 -0.002764 -0.00270294 -0.00264612 0.0264168 -0.00298203 -0.00258552 -0.00283764 -0.00218978
internal_weight=7006 749 482 6257 213 180 267 302 168 74 6044 406 152 90 239 217 180 75 45 48 85 153 105 48 71 56 5638 134 132 48 63 5504 51 114 62 5470 254 94 5439 5411 165 5246 53 219 141 112 94 164 5193 225 205 41
internal_count=7006 749 482 6257 213 180 267 302 168 74 6044 406 152 90 239 217 180 75 45 48 85 153 105 48 71 56 5638 134 132 48 63 5504 51 114 62 5470 254 94 5439 5411 165 5246 53 219 141 112 94 164 5193 225 205 41
is_linear=0
shrinkage=0.03


Tree=6
num_leaves=53
num_cat=0
split_feature=47 47 16 0 46 19 29 50 47 16 56 42 62 38 53 58 0 7 56 70 68 26 18 39 62 38 0 10 2 62 48 16 11 30 47 30 47 16 62 16 7 38 1 65 0 18 16 2 45 0 57 57
split_gain=200.781 28.5148 15.0004 13.3052 8.31321 6.98617 6.39662 5.31267 3.78213 4.86781 4.0343 3.58338 4.01342 3.19702 3.73169 2.97677 2.90778 2.73812 2.53282 2.37996 2.59273 1.93663 1.85543 1.73594 1.72198 1.66763 1.44393 1.50225 1.39905 0.867458 0.768007 0.663353 0.4442 0.34582 0.319755 0.292572 0.291239 0.734814 0.532259 0.307291 0.244058 0.223113 0.107871 0.0598249 0.114924 0.0380134 0.199566 0.036067 0.0280186 0.0275038 0.00645473 0.0108886
threshold=1558.5000000000002 2286.5000000000005 -2910.4999999999995 121770.50000000001 32545.520833333336 26.975000000000005 69.417183656134057 649.77083333333337 1293.5000000000002 -1287.4999999999998 5950.0000000000009 57231.062500000007 1171.6250000000002 29182.895833333336 1693.0000000000002 3751.4166666666674 130727.00000000001 19.500000000000004 23.500000000000004 125694.43750000001 126254.50000000001 71.108169937500008 26.025000000000002 56670.000000000007 2087.9166666666674 24390.437500000004 111709.50000000001 0.74305326206722599 72.420938000000021 1341.2291666666667 1696.5000000000002 5045.0000000000009 113569.50000000001 67.998069320122383 1257.5000000000002 65.564732701440519 1037.5000000000002 -422.49999999999994 1238.8333333333337 6684.5000000000009 20.500000000000004 27726.625000000004 22.075000000000006 123.50000000000001 99765.000000000015 -4.8249999999999984 1227.0000000000002 45.912775000000003 32556.500000000004 111059.00000000001 10611.000000000002 11042.500000000002
decision_type=2 2 2 2 2 2 2 2 2 2 2 2 2 2 2 2 2 2 2 2 2 2 2 2 2 2 2 2 2 2 2 2 2 2 2 2 2 2 2 2 2 2 2 2 2 2 2 2 2 2 2 2
left_child=3 2 5 8 7 22 16 -5 26 49 -11 12 -4 14 -14 17 18 25 -3 20 -9 -17 48 -22 -20 -16 36 30 -29 -12 31 47 42 -18 -6 -13 39 -38 -39 41 -36 43 -30 44 -1 46 -45 -28 -2 -10 -47 -52
right_child=1 6 11 4 34 -7 -8 19 9 10 29 35 13 -15 15 21 33 -19 24 -21 23 -23 -24 -25 -26 -27 27 28 32 -31 -32 -33 -34 -35 40 -37 37 38 -40 -41 -42 -43 -44 45 -46 50 -48 -49 -50 -51 51 -53
leaf_value=-19.294118404160777 -2.1462868698423647 104.58400958632389 22.384366944817998 -8.6066488025108754 -7.973821298631564 9.3916013552580981 19.354288157478372 8.8439015578167233 -6.5622158403492037 20.464649880185178 4.4826767613403105 42.812169722959084 0.0026838265003802063 17.937719504531188 -0.44257480586828052 2.8904672858012219 112.56309178953478 6.627521707476264 21.273975929788165 21.008423303692545 -0.23791310163115789 16.908403489300653 4.4593444310525454 8.1844218777118858 35.371463067096663 23.362903884387734 -7.1326149488477668 17.036690452678094 -4.267282643948425 -0.6615093003707605 3.3686515860877262 3.160833842414744 9.5599905391447759 93.167667108893738 -2.1723390714280981 12.065515439434089 -8.5370975294114011 -0.48995553419267268 0.41904949154293902 -2.8906565179458106 1.6450132435779261 -2.0153862966403246 -7.1474903337527076 -28.368675862969329 -2.147694041240523 -22.438489761354699 -9.3835082956868874 -9.7413458700342836 -5.1144324204875797 -1.9069107806746384 -15.8324905967734 -15.486452615855102
leaf_weight=32 79 35 24 24 62 34 20 23 75 32 20 23 30 26 29 22 142 35 22 35 20 29 25 27 25 26 20 27 20 21 34 21 23 23 24 21 124 28 30 28 20 38 28 119 20 4862 34 268 20 20 74 83
leaf_count=32 79 35 24 24 62 34 20 23 75 32 20 23 30 26 29 22 142 35 22 35 20 29 25 27 25 26 20 27 20 21 34 21 23 23 24 21 124 28 30 28 20 38 28 119 20 4862 34 268 20 20 74 83
internal_value=-0.000674413 0.0146892 0.00982746 -0.00235351 0.00464483 0.00248577 0.0223736 0.00975988 -0.00262453 0.0018025 0.00763338 0.0141909 0.0125916 0.0111416 0.00960842 0.0116513 0.0236989 0.00829079 0.0188916 0.0126736 0.00937232 0.0174951 -0.000797744 0.00522293 0.0141401 0.00402904 -0.00275084 -0.00108819 0.00217125 0.00131387 -0.00202856 -0.00250404 -7.1425e-10 0.0260569 -0.00155514 0.0221088 -0.00288427 -0.00166392 0.00108434 -0.00292565 0.000340135 -0.00294236 -0.00168399 -0.00295917 -0.00178503 -0.00297036 -0.0023906 -0.00288442 -0.00266398 -0.00264984 -0.00298739 -0.00259707
internal_weight=7006 690 423 6316 235 158 267 129 6081 168 73 265 221 197 171 141 247 90 82 105 70 51 124 47 47 55 5913 441 98 41 343 309 71 165 106 44 5472 182 58 5290 44 5262 48 5224 52 5172 153 288 99 95 5019 157
internal_count=7006 690 423 6316 235 158 267 129 6081 168 73 265 221 197 171 141 247 90 82 105 70 51 124 47 47 55 5913 441 98 41 343 309 71 165 106 44 5472 182 58 5290 44 5262 48 5224 52 5172 153 288 99 95 5019 157
is_linear=0
shrinkage=0.03


Tree=7
num_leaves=51
num_cat=0
split_feature=47 47 16 47 56 16 16 67 16 44 30 37 46 5 57 65 35 47 16 47 33 65 34 41 56 33 62 48 15 62 16 18 35 11 11 47 16 43 12 16 11 66 65 11 17 16 16 1 57 57
split_gain=193.785 27.4481 14.5419 10.7306 8.51851 8.47067 6.04806 4.09495 6.34693 4.42392 3.45131 4.18172 3.41074 3.33466 3.31802 3.06743 3.26529 2.2033 2.17094 3.58232 2.05961 2.05723 1.50359 1.48012 1.41602 1.22253 1.21344 1.20016 0.486845 0.480995 0.425033 0.374143 0.371666 0.907028 0.284836 0.231845 0.579865 0.459075 0.156542 0.154306 0.100337 0.253513 0.0589456 0.114924 0.0502652 0.194637 0.0372885 0.023442 0.00527459 0.0104431
threshold=1558.5000000000002 2286.5000000000005 -1136.9999999999998 1331.5000000000002 366.50000000000006 -814.49999999999989 -6234.9999999999991 113823.50000000001 3610.5000000000005 32569.500000000004 65.054165685307382 20049.000000000004 32497.812500000004 1.5000000000000002 8264.0000000000018 527.50000000000011 25608.000000000004 1387.5000000000002 -3029.9999999999995 2967.0000000000005 2.0926839072192673 1237.0000000000002 0.71343606105629587 44633.500000000007 8392.5000000000018 1.9747353080039731 2251.6041666666674 2286.5000000000005 16104.393339390279 1336.6041666666667 6684.5000000000009 26.825000000000006 28212.000000000004 114969.00000000001 116177.00000000001 1037.5000000000002 924.00000000000011 29585.500000000004 121182.50000000001 -2430.4999999999995 109362.50000000001 3473.3958333333339 123.50000000000001 97678.500000000015 -4.3749999999999991 1227.0000000000002 3294.0000000000005 -9.5249999999999986 10611.000000000002 11042.500000000002
decision_type=2 2 2 2 2 2 2 2 2 2 2 2 2 2 2 2 2 2 2 2 2 2 2 2 2 2 2 2 2 2 2 2 2 2 2 2 2 2 2 2 2 2 2 2 2 2 2 2 2 2
left_child=3 2 4 7 22 39 -3 30 27 15 11 25 21 -13 17 -10 26 -7 19 -8 -15 -6 38 -20 -16 -4 -17 29 -12 -9 35 -21 46 -34 -11 40 -37 -38 -2 -5 42 -42 43 -1 45 -44 -31 -35 -46 -50
right_child=1 6 10 5 12 14 18 8 9 34 28 13 -14 20 24 16 -18 -19 23 31 -22 -23 -24 -25 -26 -27 -28 -29 -30 32 -32 -33 33 47 -36 36 37 -39 -40 -41 41 -43 44 -45 48 -47 -48 -49 49 -51
leaf_value=-17.919849082646692 -1.9947793918332681 18.843219060796862 17.505580061266347 -5.444136732932618 10.363343809025375 7.2468780287253445 9.1136298347965319 0.040519169204676901 14.936904868818443 -5.3839439039914581 28.723753075554505 16.038346462534406 2.3790749309817243 -0.1157197807042126 0.061142358639377892 -2.0108838140351923 17.660176955279486 17.289397704710382 85.878873944482152 47.224791293111508 2.6941822846829098 7.3809072248263661 3.7663511408395154 108.179406309843 11.283719804225324 19.567751049699449 5.9487345248439283 19.191429080594887 35.969602489359751 -8.6740474321641639 0.089908635317136429 81.333654051037129 16.8817681465144 -18.146922942642536 1.5788500294458403 -6.4771572879738715 0.69186177936690529 -1.0370453010999983 0.097236335812640393 0.009756368391434761 -1.3293388293287238 -24.25533611993999 -30.495335068514056 -4.2116172037742139 -21.915335068514057 -13.425338845064349 -6.3120634462141147 -16.702220175160889 -15.405515890314291 -14.85322588394874
leaf_weight=32 82 20 34 77 28 21 23 37 24 42 20 37 27 33 30 33 23 36 28 27 28 32 28 147 32 23 20 23 31 385 35 22 25 20 20 118 27 29 20 20 23 50 93 20 4757 33 20 52 75 84
leaf_count=32 82 20 34 77 28 21 23 37 24 42 20 37 27 33 30 33 23 36 28 27 28 32 28 147 32 23 20 23 31 385 35 22 25 20 20 118 27 29 20 20 23 50 93 20 4757 33 20 52 75 84
internal_value=-0.000708669 0.0143849 0.00961475 -0.00235826 0.00417319 0.00420639 0.0219244 -0.00259127 -0.000468168 0.00475632 0.0153275 0.0130367 0.0114351 0.00920489 0.00957179 0.00866134 0.00563732 0.0148161 0.0232133 0.0185992 0.00481178 0.0154243 -0.000668717 0.0250828 0.00468599 0.0195447 0.00146893 -0.00198008 0.0221918 -0.00227045 -0.00287662 0.0232179 -0.00251544 -0.000803296 -0.00149759 -0.00289828 -0.00177484 0.000695186 -0.00238002 -0.0023481 -0.0029355 -0.00172367 -0.00295224 -0.00178503 -0.00296365 -0.00226011 -0.0029178 -0.00253814 -0.00298102 -0.00260214
internal_weight=7006 690 423 6316 217 216 267 6100 724 162 206 155 87 98 119 100 76 57 247 72 61 60 130 175 62 57 53 562 51 539 5376 49 502 97 62 5341 174 56 102 97 5167 73 5094 52 5042 126 405 72 4916 159
internal_count=7006 690 423 6316 217 216 267 6100 724 162 206 155 87 98 119 100 76 57 247 72 61 60 130 175 62 57 53 562 51 539 5376 49 502 97 62 5341 174 56 102 97 5167 73 5094 52 5042 126 405 72 4916 159
is_linear=0
shrinkage=0.03


Tree=8
num_leaves=63
num_cat=0
split_feature=11 11 70 50 16 42 19 19 51 67 16 7 45 10 52 7 68 56 70 39 59 16 35 53 32 7 2 20 19 67 16 51 48 53 57 66 66 16 43 39 55 43 11 16 20 19 10 52 2 17 30 15 67 2 1 1 22 65 40 40 40 40
split_gain=148.133 23.7664 17.563 15.022 11.4038 8.03715 9.52608 7.90444 5.01023 4.57891 4.68997 4.20183 3.91232 3.47261 3.33384 2.99706 2.78196 2.5377 2.44619 2.41812 2.26178 2.24056 2.17476 1.69979 1.62648 1.57085 1.54862 1.5262 1.40003 1.32508 1.13125 1.01619 0.939556 1.04623 1.40097 2.57022 1.79387 0.652051 0.563408 0.522197 0.359211 0.342366 0.296992 0.275985 0.248777 0.240555 0.138081 0.114793 0.113264 0.0447682 0.206657 0.036067 0.0354605 0.0302439 0.0267963 0.0243236 0.0170981 0.01555 0.0147724 0.00475092 0.00238142 0.00690633
threshold=127223.00000000001 109961.00000000001 123309.58333333336 806.27083333333337 -3930.4999999999995 47152.854166666679 -8.3749999999999982 26.725000000000005 1541.5000000000002 144947.00000000003 -5027.9999999999991 16.500000000000004 32232.500000000004 0.56392291514228221 2716.5000000000005 18.500000000000004 135985.50000000003 3241.0000000000005 99871.645833333343 51478.000000000007 1200.5000000000002 -1389.4999999999998 27427.000000000004 1658.5000000000002 64.482774892917192 23.500000000000004 67.019027000000008 25.483333333333338 30.325000000000006 141529.00000000003 -349.49999999999994 1800.5000000000002 817.50000000000011 1631.5000000000002 963.50000000000011 3737.7916666666674 991.79166666666686 5160.5000000000009 31727.500000000004 49996.500000000007 157.50000000000003 32212.500000000004 120694.00000000001 6684.5000000000009 25.483333333333338 29.325000000000006 0.87900005428953576 2376.5000000000005 71.125838000000016 -4.3749999999999991 62.86388036797856 4704.8619203012522 115118.00000000001 87.400145000000023 19.325000000000006 -4.8249999999999984 -2.6999999999999993 8741.5000000000018 44423.500000000007 33671.000000000007 53309.500000000007 54705.500000000007
decision_type=2 2 2 2 2 2 2 2 2 2 2 2 2 2 2 2 2 2 2 2 2 2 2 2 2 2 2 2 2 2 2 2 2 2 2 2 2 2 2 2 2 2 2 2 2 2 2 2 2 2 2 2 2 2 2 2 2 2 2 2 2 2
left_child=1 14 7 18 40 15 -7 29 13 10 -4 30 45 42 22 -6 27 21 -3 -19 23 -10 32 -21 37 -15 -16 -14 -22 48 -12 -13 43 51 53 36 -36 44 -11 54 -5 -33 55 47 46 -9 -20 49 -2 50 -1 -34 56 -35 -38 -8 -51 60 59 -59 -58 -62
right_child=2 3 9 4 5 6 8 12 17 38 11 31 16 25 26 -17 -18 19 24 20 28 -23 -24 -25 -26 -27 -28 -29 -30 -31 -32 41 33 34 35 -37 39 -39 -40 -41 -42 -43 -44 -45 -46 -47 -48 -49 -50 52 -52 -53 -54 -55 -56 -57 57 58 -60 -61 61 -63
leaf_value=-22.7665753237325 -1.9139382440157295 3.0778414783256003 6.6874914294913168 -11.1211479905846 17.180958375383725 98.558094457556493 -8.7720919363801801 34.498595867728937 4.2866868863821175 43.306594720458733 11.623119678324093 31.581987942318694 11.136212168724771 19.947224986849438 0.70358836081542109 5.8190034324364266 0.67052702825145682 -0.19399925535285259 -7.7583006089540003 4.7910238172902053 -0.44325556325930943 73.707907531109583 4.73739992442224 10.184610535691032 6.7362643655394123 24.83379867059794 6.6942629804834439 23.149826416514081 4.0453230550333528 5.0164751990844554 8.1599943120192417 35.127646696882771 -14.398534085266192 -6.8692660921634916 2.6415764256818579 12.592838242623525 -3.08606584630272 5.7661653430292468 104.074626552271 0.5353915554215195 4.553497518204904 108.12129381282435 3.8038703902331386 -3.6512909489821563 0.027461293458620303 43.038841487936971 -2.4417483017850028 -4.1551186874249462 -0.60375383611950861 -16.039948056652161 -3.6792745298359586 -9.3294185452133185 -12.969960585340834 -3.2689150232698254 -1.8496356652216617 -1.0980619423031401 -22.337875016458636 -12.979535875539549 -18.624285831393944 -27.800882091053136 -13.941762539306106 -14.036211023523807
leaf_weight=99 31 25 23 99 29 20 56 21 21 25 20 20 21 29 20 25 32 24 360 20 22 21 21 34 24 23 20 22 22 20 20 25 20 101 22 24 20 20 83 21 20 52 30 31 30 20 26 31 20 31 32 268 21 20 70 20 4511 32 20 64 24 28
leaf_count=99 31 25 23 99 29 20 56 21 21 25 20 20 21 29 20 25 32 24 360 20 22 21 21 34 24 23 20 22 22 20 20 25 20 101 22 24 20 20 83 21 20 52 30 31 30 20 26 31 20 31 32 268 21 20 70 20 4511 32 20 64 24 28
internal_value=-0.000768617 -0.00191876 0.0157811 0.00233677 0.00590565 0.00835395 0.00663841 0.00869054 0.00537411 0.0207124 0.0174079 0.0195186 0.0135142 0.001537 -0.00268595 0.0191312 0.00934754 0.00904936 -0.00144713 0.0068059 0.00889908 0.0154632 -0.002749 0.0130314 -0.00194958 0.00788867 0.00591022 0.0143387 0.0037415 0.000759493 0.0111471 0.0229248 -0.00278629 -0.00161632 -0.000291263 0.00156588 -4.50796e-05 -0.00237331 0.0255597 -0.00162016 -0.00221663 0.0245914 -0.00155514 -0.00292013 -0.00263158 0.0210219 -0.00283605 -0.00293802 -0.00176125 -0.00294996 -0.00228833 -0.00288442 -0.0029676 -0.00272502 -0.00263041 -0.00256242 -0.00297382 -0.00298006 -0.00245478 -0.00265349 -0.0029927 -0.00236085
internal_weight=7006 6551 455 1000 515 396 342 187 322 268 160 137 116 158 5551 54 75 164 485 122 98 42 5511 54 460 52 40 43 44 71 40 97 5490 566 278 157 133 436 108 111 119 77 106 4924 416 41 386 4893 51 4862 131 288 4731 121 90 76 4710 4679 116 96 4563 52
internal_count=7006 6551 455 1000 515 396 342 187 322 268 160 137 116 158 5551 54 75 164 485 122 98 42 5511 54 460 52 40 43 44 71 40 97 5490 566 278 157 133 436 108 111 119 77 106 4924 416 41 386 4893 51 4862 131 288 4731 121 90 76 4710 4679 116 96 4563 52
is_linear=0
shrinkage=0.03


Tree=9
num_leaves=55
num_cat=0
split_feature=47 47 16 13 61 0 10 38 63 14 46 9 47 45 56 26 57 16 30 0 36 63 16 2 47 16 21 38 53 26 16 41 51 14 13 16 1 1 47 18 17 18 10 51 65 25 16 15 0 1 57 18 28 1
split_gain=162.239 39.7367 17.8656 6.31937 6.12821 6.04946 7.89567 5.03108 4.54555 3.18623 3.1269 3.37265 3.11668 3.01991 2.8206 2.80304 2.79516 2.56923 2.08723 2.06054 1.95129 2.00567 1.66738 1.50901 1.45802 3.25024 1.10408 1.02788 0.963867 0.867458 0.84893 0.728173 0.488313 0.479127 0.425436 0.407739 0.236523 0.562948 0.387259 0.163266 0.159304 0.156754 0.473113 0.922911 0.115569 0.296411 0.0922499 0.0336797 0.0321286 0.0185977 0.157376 0.0290887 0.0179743 0.0161077
threshold=1407.5000000000002 2439.5000000000005 -2910.4999999999995 104686.50000000001 4270.5000000000009 117033.50000000001 0.56392291514228221 29032.895833333339 1570.5000000000002 121136.72916666667 32459.020833333339 1.0000000180025095e-35 2015.5000000000002 32594.500000000004 150.50000000000003 73.862892812500021 10197.000000000002 -3029.9999999999995 65.872401334420161 130727.00000000001 26825.000000000004 1473.0000000000002 4535.5000000000009 67.988417000000013 1257.5000000000002 70.500000000000014 1.7595590997074488 29182.895833333336 695.50000000000011 79.560051583333347 4875.0000000000009 48904.500000000007 1732.5000000000002 119490.12500000001 121938.00000000001 6684.5000000000009 26.125000000000004 26.425000000000001 1037.5000000000002 28.325000000000006 30.825000000000006 -4.8249999999999984 0.74305326206722599 688.50000000000011 150.50000000000003 56.793354000000008 1194.0000000000002 5255.6446674432145 121243.00000000001 25.225000000000005 10054.500000000002 26.825000000000006 15.515343000000007 -5.2249999999999988
decision_type=2 2 2 2 2 2 2 2 2 2 2 2 2 2 2 2 2 2 2 2 2 2 2 2 2 2 2 2 2 2 2 2 2 2 2 2 2 2 2 2 2 2 2 2 2 2 2 2 2 2 2 2 2 2
left_child=5 2 4 -3 48 24 30 9 13 10 11 14 18 -8 -4 -12 20 19 -6 -5 21 39 29 -23 27 -26 -9 35 -29 -13 33 -10 -19 40 -21 36 41 -38 -39 -16 47 42 -1 53 45 -43 -17 -7 -2 51 -51 52 -46 -44
right_child=1 3 7 17 12 6 8 26 31 -11 15 22 -14 -15 16 46 -18 32 -20 34 -22 23 -24 -25 25 -27 -28 28 -30 -31 -32 -33 -34 -35 -36 -37 37 38 -40 -41 -42 44 43 -45 49 -47 -48 -49 -50 50 -52 -53 -54 -55
leaf_value=-23.5695000907366 -3.3696901913647186 54.212126370862613 4.2014249897832228 17.074030948543456 5.1594092245174705 -11.580097640381281 8.6868140936820133 17.311807580107935 -2.3398548714736545 21.102077377338681 20.695179151674274 -2.027698361582233 6.6186489129828647 22.915605043095013 21.726539293085025 -1.3069483881924402 0.49089915093197312 94.070027110195852 -1.190878867285506 58.800920737386676 10.135674996407056 1.6103291403650162 12.455910082931094 15.493069770463999 -5.6050909192550566 4.0491652211066418 42.219567890178602 16.603603310085905 -14.909582514578394 2.8181946497840968 4.6601124689497784 16.877474501053662 105.09755683409027 5.0789437988796395 38.80213962035365 -0.010370903872550344 0.34174181310577301 -6.3551149717986961 0.4041463026173141 34.340562675778763 -1.5634541950283642 0.31971343771803129 -25.925707056344091 13.130516721465471 -20.492072354288336 -10.290217011239347 -0.084659470807706375 -3.2994062699549471 -1.1199996103500622 -5.8709845252482431 -0.97687927065866464 -1.2248874640526097 -11.315661238107678 -14.945924155404168
leaf_weight=172 129 20 23 29 20 20 33 24 26 34 37 21 24 20 30 21 20 20 23 21 23 20 25 23 69 34 21 23 21 20 20 20 121 24 20 36 30 162 20 21 20 20 20 22 4964 47 20 164 20 84 20 24 31 30
leaf_count=172 129 20 23 29 20 20 33 24 26 34 37 21 24 20 30 21 20 20 23 21 23 20 25 23 69 34 21 23 21 20 20 20 121 24 20 36 30 162 20 21 20 20 20 22 4964 47 20 164 20 84 20 24 31 30
internal_value=-0.000854256 0.0115974 0.00751127 0.0221722 0.000596945 -0.0025283 0.00131374 0.0114017 0.00847629 0.0101242 0.00912529 0.0109199 0.00813711 0.0144633 0.0132854 0.00387964 0.0149234 0.0237044 0.00320186 0.0187874 0.0167037 0.0186504 0.00512859 0.0136427 -0.00275754 0.000756546 0.0208869 -0.00282129 0.00170068 0.00131387 -0.00153567 0.00149675 0.0261091 -0.00206488 0.0232117 -0.00285687 -0.00287721 -0.0018529 -0.00248764 0.0227789 -0.00254287 -0.00291658 -0.00212618 -4.16096e-05 -0.00295312 -0.00160954 -0.00145985 -0.00281912 -0.00277666 -0.00297008 -0.00239193 -0.00298141 -0.00298733 -0.00233533
internal_weight=7006 830 599 231 216 6176 347 383 99 338 304 226 67 53 160 78 137 211 43 70 117 94 66 43 5829 103 45 5726 44 41 248 46 141 228 41 5682 5646 212 182 51 204 5434 244 72 5190 67 41 184 149 5123 104 5019 4995 50
internal_count=7006 830 599 231 216 6176 347 383 99 338 304 226 67 53 160 78 137 211 43 70 117 94 66 43 5829 103 45 5726 44 41 248 46 141 228 41 5682 5646 212 182 51 204 5434 244 72 5190 67 41 184 149 5123 104 5019 4995 50
is_linear=0
shrinkage=0.03


Tree=10
num_leaves=58
num_cat=0
split_feature=0 70 0 11 19 6 38 42 11 63 26 52 32 50 52 65 52 12 14 44 65 23 61 52 65 3 20 16 33 45 58 65 10 16 58 2 43 18 16 20 0 45 38 12 44 38 62 24 39 28 2 28 23 18 7 40 51
split_gain=133.652 38.8694 9.45708 5.62848 6.25595 5.16906 5.16364 6.06461 4.99527 6.19138 3.34663 3.32572 3.29374 2.98043 3.37811 2.85815 2.5362 2.50616 1.84407 1.68905 3.30192 1.40887 1.30886 1.13172 2.40008 3.27988 0.982813 2.94925 0.95298 1.47498 0.888198 1.34687 0.656241 0.633943 0.591545 0.461849 0.339072 0.330588 0.326829 0.325969 0.272048 4.3968 0.348377 0.761429 0.317009 0.226904 0.188148 0.176894 0.148475 0.125785 0.105922 0.0451622 0.13188 0.0399702 0.035851 0.0297211 0.0271678
threshold=122117.50000000001 123689.93750000001 110354.00000000001 142185.50000000003 -5.2249999999999988 8.5000000000000018 29182.895833333336 47040.520833333336 134904.00000000003 531.50000000000011 78.249357270833343 2777.0000000000005 65.842769852174129 731.18750000000011 1914.0000000000002 2281.5000000000005 1482.5000000000002 124315.50000000001 114349.70833333336 32451.500000000004 498.50000000000006 69.001615000000015 4886.5000000000009 2211.5000000000005 635.50000000000011 58.701807253780252 -6.5718749999999995 1336.5000000000002 1.943909141653956 32393.500000000004 3696.9166666666674 1216.5000000000002 0.74305326206722599 3113.5000000000005 2155.2291666666674 81.543725000000009 31727.500000000004 -12.974999999999998 3705.0000000000005 26.621875000000006 95816.500000000015 29056.000000000004 9978.8750000000018 100415.00000000001 29215.000000000004 27726.625000000004 911.56250000000011 92.31474200000001 45594.000000000007 -9.0113954999999972 71.773583000000016 10.543802000000005 50.212033500000011 -3.9749999999999996 25.500000000000004 51478.000000000007 586.50000000000011
decision_type=2 2 2 2 2 2 2 2 2 2 2 2 2 2 2 2 2 2 2 2 2 2 2 2 2 2 2 2 2 2 2 2 2 2 2 2 2 2 2 2 2 2 2 2 2 2 2 2 2 2 2 2 2 2 2 2 2
left_child=2 8 11 4 37 6 19 -8 13 -10 12 23 33 38 17 -14 35 21 -11 20 -4 -15 32 40 25 -25 27 48 29 -12 50 -32 39 -6 -26 -9 -5 -3 -2 55 51 -42 43 -43 -44 46 -46 -36 -21 -48 -16 53 -53 -1 -28 -22 -51
right_child=1 3 5 36 10 -7 7 16 9 18 28 -13 15 14 30 -17 -18 -19 -20 26 22 -23 -24 24 34 -27 54 -29 -30 -31 31 -33 -34 -35 47 -37 -38 -39 -40 -41 41 42 44 -45 45 -47 49 -49 -50 56 -52 52 -54 -55 -56 -57 -58
leaf_value=-23.687258236420426 -4.4665544389976457 113.44860394199755 6.2093974449504072 36.202863832059066 -0.7033093360598478 5.6653677089044407 15.153643353245323 -14.070713366145963 48.776679637325039 7.8184718652797693 12.640063773169041 6.5512640376234161 26.567043273238276 8.0054920100855931 -0.42467509419465327 10.976205358273972 41.978735317353731 3.0296720090284883 -0.11157959821632718 -18.471196852618512 -4.526947068938699 12.490876139895139 0.91594519409349751 -3.9460110747544834 1.7768871450272443 9.2766107850803063 -6.7579529624898322 16.989044402064525 22.111224120165843 17.612555450732586 4.7679293925439215 -0.60867792697121581 8.3625386092422698 29.153276763998296 -5.7310834189639133 14.793144579831253 97.496430824617022 71.781661297535834 1.042070926820978 1.4453535683097822 14.315539732076717 -6.4620370648963972 -0.51558321919490702 0.45417909716610499 -1.0086365666591028 -2.4889772448836776 -3.0395941224362684 -1.2783333594170878 -11.129046327355463 -5.6016442182541111 0.15745109352954259 -3.6501653787515647 -11.667204507216844 -22.642976595336226 -1.2407131682737313 -1.9242119774663833 -14.943982800410332
leaf_weight=20 65 42 31 22 21 39 21 33 26 23 26 28 38 21 27 25 20 30 25 20 20 24 31 22 21 24 254 27 27 23 33 23 39 20 172 20 68 20 20 20 21 37 25 20 20 35 29 20 66 25 20 20 45 3696 20 95 1301
leaf_count=20 65 42 31 22 21 39 21 33 26 23 26 28 38 21 27 25 20 30 25 20 20 24 31 22 21 24 254 27 27 23 33 23 39 20 172 20 68 20 20 20 21 37 25 20 20 35 29 20 66 25 20 20 45 3696 20 95 1301
internal_value=-0.000914204 0.0118368 -0.00226097 0.0191238 0.0166914 0.000884803 0.000301213 0.00685441 0.00464551 0.0115385 0.013809 -0.00268764 0.0102305 0.00269099 0.00490174 0.0145483 0.00270862 0.009747 0.00505197 -0.000683679 0.00130877 0.014235 -5.85088e-05 -0.00274009 -0.000787342 0.0054013 -0.00190648 0.000424402 0.0186465 0.0158859 0.00133851 0.00390374 -0.00108558 0.00350365 -0.00213984 -0.000677967 0.0256049 0.0249758 -0.00190364 -0.00208734 -0.00283504 -0.00248232 -0.00267609 -0.000315237 -0.00276775 -0.00282746 -0.00288852 -0.00267048 -0.00226481 -0.00293115 -0.00165605 -0.00297533 -0.00202765 -0.00299104 -0.00287851 -0.00271069 -0.00297489
internal_weight=7006 669 6337 332 242 756 717 94 337 74 180 5581 104 263 178 63 73 75 48 623 236 45 205 5553 259 46 387 113 76 49 103 56 174 41 213 53 90 62 85 135 5294 1513 1492 57 1435 1410 1375 192 86 1355 47 3781 65 3716 274 115 1326
internal_count=7006 669 6337 332 242 756 717 94 337 74 180 5581 104 263 178 63 73 75 48 623 236 45 205 5553 259 46 387 113 76 49 103 56 174 41 213 53 90 62 85 135 5294 1513 1492 57 1435 1410 1375 192 86 1355 47 3781 65 3716 274 115 1326
is_linear=0
shrinkage=0.03


Tree=11
num_leaves=58
num_cat=0
split_feature=47 47 16 16 68 47 20 0 10 65 32 15 30 19 34 22 28 28 47 28 34 60 66 0 51 47 16 19 50 58 53 33 28 11 50 26 17 62 0 57 54 21 54 65 60 0 50 7 33 19 16 15 16 47 59 47 0
split_gain=144.141 26.0794 11.3154 10.7375 10.3939 6.80539 4.36804 4.18911 5.3072 4.327 3.6049 3.37142 3.37279 3.36835 3.16832 2.49234 2.9377 2.77717 2.03728 2.00887 1.99606 2.06103 1.90877 1.84554 1.05321 1.04224 1.96695 1.19985 1.55243 1.63337 0.85499 0.757832 0.653062 0.63688 0.556022 1.4858 0.51051 1.36504 0.425813 0.350246 0.330521 0.342485 0.221399 0.196319 0.615305 0.887618 0.179554 0.107871 0.0883085 0.0527021 0.120975 0.0322895 0.0190799 0.0109493 0.0220415 0.0119978 0.0108939
threshold=1985.5000000000002 1331.5000000000002 -3203.4999999999995 -1074.4999999999998 132007.50000000003 2439.5000000000005 20.87916666666667 117033.50000000001 0.56392291514228221 975.00000000000011 65.142120425796136 17144.329907923024 68.203404069357106 28.225000000000005 0.78901808354421032 0.22500000000000123 -2.6974825000000027 2.2182549999999996 1707.0000000000002 -0.52537699999999876 0.030855533115811799 2968.5000000000005 1438.1875000000002 134995.00000000003 1762.5000000000002 979.50000000000011 -422.49999999999994 25.075000000000006 806.27083333333337 3498.291666666667 1501.5000000000002 1.7612226582367498 -3.4015749999999971 121732.00000000001 612.77083333333337 67.714599937500012 -4.3749999999999991 2227.5000000000005 121243.00000000001 3245.5000000000005 1323.9166666666667 1.4999849032782728 1490.7708333333337 439.50000000000006 248.50000000000003 91441.500000000015 1173.166666666667 19.500000000000004 2.2562314801243382 29.175000000000001 3113.5000000000005 18169.599754664552 6684.5000000000009 747.50000000000011 4918.5000000000009 770.50000000000011 105787.50000000001
decision_type=2 2 2 2 2 2 2 2 2 2 2 2 2 2 2 2 2 2 2 2 2 2 2 2 2 2 2 2 2 2 2 2 2 2 2 2 2 2 2 2 2 2 2 2 2 2 2 2 2 2 2 2 2 2 2 2 2
left_child=1 7 4 14 38 15 20 25 34 -10 19 12 -6 -12 39 17 -17 31 33 32 -5 -22 -21 -24 -7 36 -27 28 29 -28 -11 -4 -8 -16 -9 -36 37 40 -2 51 41 -1 -37 44 45 -38 -46 -34 -26 52 -51 -3 53 -45 55 -55 -29
right_child=2 3 5 6 11 24 10 8 9 30 13 -13 -14 -15 18 16 -18 -19 -20 22 21 -23 23 -25 48 26 27 56 -30 -31 -32 -33 47 -35 35 42 43 -39 -40 -41 -42 -43 -44 49 46 -47 -48 -49 -50 50 -52 -53 -54 54 -56 -57 -58
leaf_value=-1.0374274505351273 -1.6986085026922815 -2.2197280526598924 9.0176498719415772 23.126899935990529 21.679020667570096 87.672572745361435 2.4825653981692239 -8.0605097385239741 13.645335537683208 -1.9950160092547362 23.52937509563149 55.744273496987667 1.6966888889600928 8.130586415618497 1.3491518507126652 17.058079782291586 4.5289912480713603 22.899774757348357 5.8092997208852362 4.7599436952742655 17.482726196965388 15.382081518594598 -0.31039673590256861 10.292453217423285 99.692259564386617 -6.926038335614078 -2.3730196387886489 -1.1291704492502252 13.88607351184513 0.60181489078229222 15.245442987844037 38.773416743543386 -0.38472982146680657 -0.81253322281633289 10.02969813919824 0.45931595470210906 -23.562688544166889 12.548879178347363 4.9575589294707871 1.7576905222355161 0.78931647002709659 -22.074396827374471 -2.4504747242091764 -21.88267762826769 -11.2219454362285 0.86578662469899792 -0.39147527085152395 -0.078489781271407641 98.168535936446261 -14.20854927872919 -2.5878486054965322 -4.8819999049472935 -4.1102667913768363 -12.623302229907637 -6.4596890369780926 -7.1498103371332071 -0.58969721427697264
leaf_weight=23 32 132 20 24 29 31 24 126 34 34 21 35 20 33 24 21 22 20 29 29 23 20 26 20 98 184 38 20 21 21 22 23 28 20 20 26 22 26 21 20 20 201 53 4600 197 20 20 20 21 36 20 20 29 27 20 219 21
leaf_count=23 32 132 20 24 29 31 24 126 34 34 21 35 20 33 24 21 22 20 29 29 23 20 26 20 98 184 38 20 21 21 22 23 28 20 20 26 22 26 21 20 20 201 53 4600 197 20 20 20 21 36 20 20 29 27 20 219 21
internal_value=-0.000965588 -0.00201509 0.0166828 0.00447866 0.00967177 0.0204178 0.00862738 -0.00256176 0.000799745 0.00695893 0.00638488 0.0162307 0.010998 0.0130314 -4.89603e-05 0.0145052 0.0087703 0.0183518 0.005171 0.0039157 0.0152906 0.0192111 0.0073502 0.00344902 0.0245636 -0.00274533 -0.00102262 0.00193229 0.0040824 0.00152284 0.00176471 0.0226914 0.000291261 0.00102041 -0.0016526 0 -0.00284064 -0.00154387 -0.000677967 -0.00228356 -0.00224908 -0.00258367 -0.00182048 -0.00290724 -0.00206098 0.0012114 -0.00270843 -0.00168399 0.0259446 -0.00295086 -0.00187166 -0.00278107 -0.00296256 -0.0029685 -0.00264938 -0.00274279 -0.00218978
internal_weight=7006 6613 393 513 137 256 268 6100 315 90 201 84 49 54 245 106 43 63 73 147 67 43 75 46 150 5785 305 121 80 59 56 43 72 44 225 99 5480 270 53 172 244 224 79 5210 259 42 217 48 119 4951 56 152 4895 4866 266 246 41
internal_count=7006 6613 393 513 137 256 268 6100 315 90 201 84 49 54 245 106 43 63 73 147 67 43 75 46 150 5785 305 121 80 59 56 43 72 44 225 99 5480 270 53 172 244 224 79 5210 259 42 217 48 119 4951 56 152 4895 4866 266 246 41
is_linear=0
shrinkage=0.03


Tree=12
num_leaves=57
num_cat=0
split_feature=47 47 47 16 16 13 16 61 14 0 7 10 39 0 61 20 60 59 65 65 18 54 16 59 46 60 66 5 2 18 25 18 61 31 21 15 65 58 16 47 2 2 19 25 44 38 47 16 51 28 16 33 48 28 16 11
split_gain=131.279 22.1225 15.0784 9.8199 7.68303 5.2651 4.85143 4.17035 4.02164 3.90785 3.7162 3.63435 3.39954 3.23076 2.43202 2.30747 2.30256 2.00318 1.99919 1.81152 1.74447 1.49969 1.49139 1.47491 2.33001 1.2976 1.61867 0.815519 0.595774 0.522964 0.867458 0.51795 0.480463 0.368682 0.359952 0.376772 0.300193 0.851386 0.296448 0.233881 0.166405 0.154889 0.145686 0.143203 0.134045 0.268225 0.104742 0.391971 0.32485 0.321918 0.0346731 0.384131 0.0355572 0.0330179 0.0293932 0.026944
threshold=1762.5000000000002 2634.5000000000005 1331.5000000000002 -1074.4999999999998 -1922.9999999999998 116095.50000000001 -3701.4999999999995 4270.5000000000009 119490.12500000001 110354.00000000001 13.500000000000002 0.56392291514228221 54908.500000000007 134995.00000000003 4518.5000000000009 20.87916666666667 2787.5000000000005 3062.0000000000005 468.50000000000006 1237.0000000000002 -9.0249999999999986 1633.0833333333335 -2666.9999999999995 1328.5000000000002 32453.666666666668 4440.5000000000009 1047.3333333333337 5.5000000000000009 64.376362000000015 29.825000000000006 55.895052000000007 25.575000000000006 671.50000000000011 60.280450394866214 4.5095457783424662 4868.6892618071206 150.50000000000003 2754.5416666666674 6684.5000000000009 1272.5000000000002 58.557819500000008 50.579668000000005 1.5750000000000004 86.533292500000016 33890.500000000007 24390.437500000004 712.50000000000011 1947.5000000000002 1565.5000000000002 -3.4742949999999975 4092.0000000000005 4.1299079055695476 615.50000000000011 9.3327085000000043 1457.0000000000002 107851.00000000001
decision_type=2 2 2 2 2 2 2 2 2 2 2 2 2 2 2 2 2 2 2 2 2 2 2 2 2 2 2 2 2 2 2 2 2 2 2 2 2 2 2 2 2 2 2 2 2 2 2 2 2 2 2 2 2 2 2 2
left_child=2 3 9 7 27 17 13 22 15 36 -7 29 18 -3 -12 16 -6 42 -13 -9 -20 -8 43 -17 25 26 -25 40 -27 32 -31 55 -11 -33 35 -34 37 -1 39 44 -4 -23 -5 -2 46 -46 50 53 -49 -50 -38 52 -52 54 -48 -22
right_child=1 6 4 5 8 10 21 19 -10 11 14 12 -14 -15 -16 23 -18 -19 20 -21 31 41 -24 24 -26 28 -28 -29 -30 30 -32 33 34 -35 -36 -37 38 -39 -40 -41 -42 -43 -44 -45 45 -47 47 48 49 -51 51 -53 -54 -55 -56 -57
leaf_value=0.4056931483499312 -1.6216806475469712 13.913840045563983 -0.11710239722596022 33.287878729281289 14.696422824685344 0.58234384289003738 38.642398882339116 8.763237043526404 20.770176660320118 4.2088904772815017 11.863446991315433 6.1006234429886472 17.556398826892892 65.474008152735678 27.305225487248624 -0.61254121971992759 15.815025437912565 16.200771072085665 15.168762990610279 5.0497379818979811 -0.26368432758739896 107.20990840138677 7.4901128530106158 4.9263944664617103 -0.28750474300218903 -0.21897335288176048 3.9823228905730499 0.7965015536207648 3.3475745065957394 -1.6728611279664167 0.43966430006921903 -2.6347589162952629 -3.7892319981054405 2.7873784538160451 0.12790185080751609 -7.2266916362048237 -21.631743045069015 -12.796526580018076 -2.3197403994571246 -1.6604403205140792 -2.7379382937551999 96.748933854154345 19.824292138306973 0.088907559971598646 -30.088177383290706 3.0676232116277311 -8.9091973162590872 -5.6829222246297917 -0.43008693410503823 0.84174732082182269 -17.663785127048296 1.6781676899675222 -12.118000177596212 -4.5672542414765251 -0.76506214640452552 -4.7655523144527585
leaf_weight=20 58 38 20 23 24 31 21 32 23 36 27 28 29 24 32 31 26 21 22 35 20 20 26 22 35 20 29 22 20 21 20 20 38 20 20 350 4414 51 28 35 112 92 22 20 36 20 391 35 25 30 237 20 20 20 23 71
leaf_count=20 58 38 20 23 24 31 21 32 23 36 27 28 29 24 32 31 26 21 22 35 20 20 26 22 35 20 29 22 20 21 20 20 38 20 20 350 4414 51 28 35 112 92 22 20 36 20 391 35 25 30 237 20 20 20 23 71
internal_value=-0.00104266 0.0134285 -0.00220833 0.00863956 0.00355376 0.0140871 0.0214352 0.00364699 0.00702738 -0.0025716 0.00928968 -0.000448857 0.0028415 0.0143478 0.0137056 0.00567842 0.0113174 0.0205598 0.0012921 0.00947839 -3.91908e-05 0.0247032 -8.6456e-05 0.00385741 0.00530531 0.00783754 0.0110372 -0.00161583 0.00366583 -0.00188003 0.00131387 -0.001373 -0.00218194 0.00142145 -0.00247733 -0.0026823 -0.00284398 -0.000843883 -0.00287003 -0.0028863 -0.00252082 0.0261463 0.0242129 -0.0021895 -0.00290262 -0.0013369 -0.00291883 -0.00247854 -0.000632631 0.00076225 -0.00296732 -0.00255503 -0.00287048 -0.00285418 -0.00291959 -0.00263447
internal_weight=7006 522 6484 327 384 156 195 171 230 6100 90 695 210 62 59 207 50 66 181 67 153 133 104 157 126 91 51 154 40 485 41 131 444 40 408 388 5405 71 5334 5306 132 112 45 78 5271 56 5215 524 90 55 4691 277 257 434 414 91
internal_count=7006 522 6484 327 384 156 195 171 230 6100 90 695 210 62 59 207 50 66 181 67 153 133 104 157 126 91 51 154 40 485 41 131 444 40 408 388 5405 71 5334 5306 132 112 45 78 5271 56 5215 524 90 55 4691 277 257 434 414 91
is_linear=0
shrinkage=0.03


Tree=13
num_leaves=60
num_cat=0
split_feature=47 47 47 4 38 1 23 14 19 62 61 11 10 42 11 67 57 62 59 45 47 59 50 7 19 56 42 44 61 60 18 39 50 18 47 1 56 19 15 20 3 17 54 46 33 1 50 61 65 24 7 30 62 21 18 33 65 18 1
split_gain=124.84 20.1387 13.1736 6.85933 5.86478 5.32175 5.05376 4.41272 3.58584 3.57165 3.28648 3.15396 4.02657 3.14274 3.12882 2.97314 2.26088 2.25623 2.14687 2.11672 1.94401 1.27272 1.16854 1.16532 1.11704 1.10339 1.08583 0.906356 0.880389 0.872493 0.572186 0.635986 0.92627 0.538872 0.515229 0.788499 0.770466 0.846138 0.279159 0.405536 0.205541 0.188252 0.563705 0.165625 0.157393 0.152386 0.616967 0.219924 0.0717695 0.101766 0.0581785 0.101766 0.0514669 0.116522 0.0323786 0.0243875 0.320258 0.319415 0.0174607
threshold=1762.5000000000002 2634.5000000000005 1331.5000000000002 8.5000000000000018 29032.895833333339 27.975000000000005 70.524830000000023 119490.12500000001 28.375000000000004 2186.7500000000005 2886.5000000000005 109961.00000000001 0.56392291514228221 51369.604166666679 135995.50000000003 117958.50000000001 6266.0000000000009 1473.1250000000002 3627.5000000000005 32548.500000000004 2178.0000000000005 1163.5000000000002 859.58333333333337 15.500000000000002 28.825000000000006 9037.0000000000018 46964.458333333336 32355.500000000004 923.50000000000011 5225.0000000000009 29.825000000000006 45046.000000000007 398.81250000000006 -6.7749999999999995 907.50000000000011 3.2750000000000004 7847.5000000000009 25.225000000000005 4868.6892618071206 -8.5416666666666643 64.499953981133686 -4.3749999999999991 1150.0833333333337 33904.437500000007 3.1217798661229161 25.225000000000005 954.68750000000011 717.50000000000011 123.50000000000001 75.558027500000023 23.500000000000004 60.988770015193857 1560.7083333333337 3.4469974167722364 26.325000000000006 4.4158992724764818 8125.5000000000009 4.5750000000000002 26.525000000000002
decision_type=2 2 2 2 2 2 2 2 2 2 2 2 2 2 2 2 2 2 2 2 2 2 2 2 2 2 2 2 2 2 2 2 2 2 2 2 2 2 2 2 2 2 2 2 2 2 2 2 2 2 2 2 2 2 2 2 2 2 2
left_child=2 4 11 29 5 10 23 9 -7 16 21 34 30 33 -8 -15 22 -12 24 -17 27 -2 -5 -3 -18 58 -6 40 -25 44 31 32 -13 -14 41 -36 50 -38 39 -33 -19 42 43 -1 -4 48 47 -47 49 -43 -37 -52 53 -40 55 -50 -57 -58 -11
right_child=1 6 3 7 26 8 14 -9 -10 25 17 12 13 15 -16 19 18 20 -20 -21 -22 -23 -24 28 -26 -27 -28 -29 -30 -31 -32 38 -34 -35 35 36 37 -39 52 -41 -42 45 -44 -45 -46 46 -48 -49 54 -51 51 -53 -54 -55 -56 56 57 -59 -60
leaf_value=-20.729438355330199 6.2435523603819902 45.143919043331309 -1.7925725086858439 12.263728175256382 13.564301888877214 24.217748925038784 6.0431681914484976 20.742580919046265 18.366431280231563 -0.53029839806116441 15.258729806222053 -31.095899679315853 13.474592254950776 -0.19526725015431587 58.065393531785283 7.1205284855809943 -0.72769830623241816 0.38976144648457933 9.6460020706046627 25.011054191279822 9.5248834234893671 -2.2886585904367696 17.490826819476393 68.076553947363138 2.0956798351023558 2.3401621011744442 29.175560754456093 6.5562653938854547 97.845192762954369 2.2122417851190215 0.20240083976971543 4.1721885412667206 9.0416704668198271 -19.462017937892362 1.6746489711182742 -4.3388576554817497 0.20930488478860249 -0.82934336131509534 -8.959524339652317 -25.343666126428207 -1.3967416942871071 -17.942312517021669 2.2897910486585276 -0.58859245586739062 -1.6291778868246516 -4.3727802142533445 1.4079148218179998 -10.330181516771109 -19.912977359736963 0.027312063642108624 0.0053616940329162732 -10.481550645973712 -7.4460490800373487 -0.95278500323645632 -2.5014928919622323 -21.396224697832725 1.1313521577070054 -25.578508843482187 -0.36549435753745563
leaf_weight=109 20 20 115 28 24 39 24 21 39 20 31 28 20 32 28 31 25 20 20 28 29 57 24 29 31 25 22 25 94 21 39 20 26 50 21 182 25 21 33 25 21 25 20 20 21 34 20 192 4322 20 20 25 337 20 22 290 22 21 33
leaf_count=109 20 20 115 28 24 39 24 21 39 20 31 28 20 32 28 31 25 20 20 28 29 57 24 29 31 25 22 25 94 21 39 20 26 50 21 182 25 21 33 25 21 25 20 20 21 34 20 192 4322 20 20 25 337 20 22 290 22 21 33
internal_value=-0.00108548 0.0130262 -0.00222221 0.00316324 0.00845613 0.00680896 0.0206663 0.00649934 0.0134827 0.00513828 0.00422452 -0.00256176 -0.000644319 0.00350093 0.0124952 0.00717892 0.00822014 0.00720856 0.00484888 0.0111675 0.00485804 -0.000622569 0.013071 0.0236059 0.00176471 3.84116e-05 0.0184165 0.00195159 0.0247604 -0.00164227 -0.00191441 -0.00219587 0.000831792 -0.00124108 -0.00280535 -0.00156069 -0.00199927 0.00149675 -0.00257872 -0.000266076 -0.000729928 -0.00287624 -0.00177062 -0.00250968 -0.0025349 -0.00290876 -0.00213328 -0.00258735 -0.00294848 -0.00159645 -0.00272127 -0.00159645 -0.00283773 -0.00180791 -0.00296081 -0.00296707 -0.00262984 -0.000139212 -0.00237288
internal_weight=7006 522 6484 384 327 281 195 227 78 206 203 6100 689 161 52 91 128 126 76 59 95 77 52 143 56 78 46 66 123 157 528 489 54 70 5411 294 273 46 435 45 41 5117 149 129 136 4968 246 226 4722 45 227 45 390 53 4677 4655 333 43 53
internal_count=7006 522 6484 384 327 281 195 227 78 206 203 6100 689 161 52 91 128 126 76 59 95 77 52 143 56 78 46 66 123 157 528 489 54 70 5411 294 273 46 435 45 41 5117 149 129 136 4968 246 226 4722 45 227 45 390 53 4677 4655 333 43 53
is_linear=0
shrinkage=0.03


Tree=14
num_leaves=60
num_cat=0
split_feature=47 47 16 0 13 16 47 70 19 39 61 47 16 10 26 4 56 40 46 2 25 40 47 16 57 65 2 24 41 0 65 44 41 68 40 62 51 16 16 4 0 30 1 16 15 65 61 47 16 34 39 47 22 19 43 34 2 16 16
split_gain=119.503 23.1891 10.692 8.39594 6.90857 6.59383 5.3335 4.62867 4.54262 3.87538 3.79594 2.95562 3.85067 3.02584 2.24419 2.07613 2.46711 1.94159 1.76495 3.03857 1.60133 2.23196 1.51695 1.45696 1.26862 1.04669 0.829624 0.7722 0.766739 0.75051 1.07171 2.24358 0.749667 0.516145 0.392726 0.347301 0.712969 0.313158 0.28631 0.458964 0.248947 0.217754 0.172998 0.569153 0.107871 0.107239 0.296411 0.0810771 0.327388 0.403073 0.386969 0.153508 0.075536 0.035851 0.0331315 0.0307922 0.026333 0.0104967 0.00789286
threshold=1619.5000000000002 2795.0000000000005 -1074.4999999999998 122117.50000000001 126883.50000000001 -1845.4999999999998 4465.0000000000009 125264.02083333336 28.375000000000004 64652.500000000007 4270.5000000000009 979.50000000000011 -814.49999999999989 0.74305326206722599 73.862892812500021 14.500000000000002 24.500000000000004 66100.000000000015 32545.520833333336 64.869788000000014 75.707967500000009 66100.000000000015 1350.5000000000002 -2666.9999999999995 6783.5000000000009 1677.5000000000002 49.12895000000001 78.293720000000022 38296.000000000007 110354.00000000001 468.50000000000006 32469.500000000004 51105.000000000007 129097.00000000001 51478.000000000007 2153.9375000000005 1138.5000000000002 3484.5000000000005 3433.0000000000005 14.500000000000002 117514.00000000001 60.611335332659159 -4.3749999999999991 1227.0000000000002 16845.904817374139 150.50000000000003 431.50000000000006 621.50000000000011 2026.5000000000002 0.54148920762719055 42985.500000000007 639.50000000000011 1.0249999999999988 25.375000000000004 25411.500000000004 -0.84994705570369422 74.413295000000019 4092.0000000000005 4217.5000000000009
decision_type=2 2 2 2 2 2 2 2 2 2 2 2 2 2 2 2 2 2 2 2 2 2 2 2 2 2 2 2 2 2 2 2 2 2 2 2 2 2 2 2 2 2 2 2 2 2 2 2 2 2 2 2 2 2 2 2 2 2 2
left_child=3 2 10 11 8 6 17 18 15 25 23 29 40 22 -9 16 -4 -3 19 26 21 27 28 33 -24 -6 -5 -12 -14 42 31 -31 -17 56 41 52 -37 -20 -38 -40 53 -30 43 55 -28 46 -44 54 51 -50 -51 -49 -32 -13 -47 -1 -2 -56 -59
right_child=1 5 4 7 9 -7 -8 14 -10 -11 20 12 13 -15 -16 32 -18 -19 37 -21 -22 -23 24 -25 -26 -27 44 -29 34 30 35 -33 -34 -35 -36 36 38 -39 39 -41 -42 -43 45 -45 -46 47 -48 48 49 50 -52 -53 -54 -55 57 -57 -58 58 -60
leaf_value=-18.192837581308808 -0.93493678289393478 7.8249019030338758 21.856005572182848 3.2734875235587615 -0.58615570822632934 94.101522564532743 80.866402047735463 14.610831318928195 5.7090575794909819 24.518909238421678 1.6992485664529988 -5.4515626745201153 0.48176630760181355 19.335135120466258 17.440511187966525 29.628750752743745 21.651974811738359 25.753566559434656 -1.2957652393901791 6.6380753793686935 3.8848951529734426 6.3124198125065067 8.3133895100795758 8.1146453515197994 1.2442378318180147 9.5498328862730002 -0.59144392247566913 7.5798605236798302 -0.99482611188337944 5.9087504776390443 -15.569120731943062 -3.3541690879737143 30.403329667756324 0.66761724456790161 0.12826649368064821 10.133175733359538 -14.09572516818834 0.15474091453002825 -6.9257097974948376 1.0951017045676286 0.56072806091826344 0.024795741162971202 0.40590320902722582 1.6244089738653056 0.14553117931682166 -9.9388723559765779 -16.565258625387269 -12.672389582273796 -3.7585384830929467 -5.0576785269953195 0.89715358258521072 -10.586344410031225 -3.1964376972278736 -1.6667272328437761 -21.920720060374101 -25.901817599822341 -3.5007627298628394 -17.800875488587511 -17.261449209846276
leaf_weight=20 20 33 23 26 32 90 30 27 34 25 20 254 22 22 20 30 25 24 69 27 30 27 20 30 30 20 28 20 66 20 217 27 32 21 30 20 72 21 25 25 30 28 20 31 20 22 47 24 39 21 20 410 39 20 4119 108 67 27 260
leaf_count=20 20 33 23 26 32 90 30 27 34 25 20 254 22 22 20 30 25 24 69 27 30 27 20 30 30 20 28 20 66 20 217 27 32 21 30 20 72 21 25 25 30 28 20 31 20 22 47 24 39 21 20 410 39 20 4119 108 67 27 260
internal_value=-0.00112402 0.0113063 0.00771541 -0.00235929 0.0124559 0.0205308 0.014535 0.00316254 0.0163428 0.00513619 0.00324117 -0.00257404 -0.000407969 0.00262723 0.0115924 0.0193188 0.0144075 0.00903678 0.0010675 0.00379822 0.00778579 0.0103726 0.00142274 2.17227e-05 0.00592814 0.00040307 0.000607287 0.0148878 -0.00010267 -0.00277494 -0.00157717 0.00267516 0.0230435 -0.00158187 -0.00103949 -0.00208742 -0.000865588 -0.00196448 -0.00174447 0 -0.00259454 -0.0020085 -0.00287746 -0.0018479 -0.00168399 -0.00290951 -0.00160954 -0.00292649 -0.00252675 -0.000711611 0.00131387 -0.00285418 -0.00275283 -0.00287851 -0.00297216 -0.00274005 -0.00261768 -0.00297883 -0.00267503
internal_weight=7006 633 456 6373 221 177 87 238 144 77 235 6135 522 218 47 110 48 57 191 101 97 67 196 138 50 52 74 40 146 5613 445 47 62 108 124 398 142 90 122 50 304 94 5168 159 48 5009 67 4942 514 80 41 434 256 274 4428 128 87 4406 287
internal_count=7006 633 456 6373 221 177 87 238 144 77 235 6135 522 218 47 110 48 57 191 101 97 67 196 138 50 52 74 40 146 5613 445 47 62 108 124 398 142 90 122 50 304 94 5168 159 48 5009 67 4942 514 80 41 434 256 274 4428 128 87 4406 287
is_linear=0
shrinkage=0.03


Tree=15
num_leaves=63
num_cat=0
split_feature=0 70 11 1 0 46 38 21 0 42 65 63 26 1 20 23 1 67 0 46 68 11 65 59 1 16 2 52 26 43 70 54 57 56 39 54 49 68 65 16 25 11 0 46 12 63 67 59 0 61 16 43 38 33 1 16 38 33 57 34 38 0
split_gain=94.5286 30.7802 10.3657 10.6688 8.42341 7.31565 5.30719 6.54919 3.60778 3.25618 3.00015 2.92534 2.45063 3.15575 2.6915 2.69182 2.40347 1.79894 1.78672 1.60644 2.57309 1.53846 1.49262 1.28259 1.13859 1.02912 0.895474 0.72029 2.28443 0.710024 0.705236 1.18452 0.65521 0.55881 0.720751 1.94951 0.428845 0.389039 1.04368 0.335376 0.268907 0.388198 0.196249 1.08795 1.5444 0.721315 0.24194 0.178334 0.211105 0.141377 0.230955 0.108612 0.106064 0.624906 0.0737998 0.314334 0.0687006 0.0947969 0.0385115 0.0377425 0.0340635 0.0276365
threshold=122117.50000000001 122797.97916666667 143678.50000000003 -10.124999999999998 106608.00000000001 30321.291666666668 29182.895833333336 1.743771262206512 138055.50000000003 44799.937500000007 4587.5000000000009 531.50000000000011 79.838629145833337 25.925000000000001 26.775000000000002 76.634765000000016 -8.3749999999999982 131052.00000000001 117033.50000000001 32520.750000000004 124145.00000000001 137769.00000000003 468.50000000000006 4751.5000000000009 -11.774999999999999 -973.49999999999989 74.002380000000016 2515.5000000000005 85.650689750000012 31547.500000000004 122797.97916666667 1758.4375000000002 10360.500000000002 2751.5000000000005 59154.000000000007 1204.9583333333337 659.50000000000011 126254.50000000001 1087.5000000000002 6684.5000000000009 44.905927500000011 109653.50000000001 89564.000000000015 28701.333333333339 95002.500000000015 1741.5000000000002 90022.000000000015 199.50000000000003 94383.000000000015 529.50000000000011 -264.99999999999994 31727.500000000004 9903.3958333333339 2.1993993938896703 -4.3749999999999991 1227.0000000000002 27726.625000000004 2.1797166107733834 11105.000000000002 1.9365252025018658 26923.062500000004 94148.500000000015
decision_type=2 2 2 2 2 2 2 2 2 2 2 2 2 2 2 2 2 2 2 2 2 2 2 2 2 2 2 2 2 2 2 2 2 2 2 2 2 2 2 2 2 2 2 2 2 2 2 2 2 2 2 2 2 2 2 2 2 2 2 2 2 2
left_child=4 8 3 25 27 9 18 -8 10 -6 19 -10 14 -14 17 -16 -9 -5 24 20 -2 -15 -20 36 -7 -3 29 39 -29 -22 33 -32 37 34 35 -24 -19 40 -39 42 41 -26 -1 44 45 -44 -45 48 -48 50 -42 -4 53 -49 55 -54 59 -58 60 -51 -56 -47
right_child=1 2 51 12 5 6 7 16 11 -11 -12 -13 13 21 15 -17 -18 23 22 -21 26 -23 30 -25 32 -27 -28 28 -30 -31 31 -33 -34 -35 -36 -37 -38 38 -40 -41 49 -43 43 46 -46 61 47 52 -50 56 -52 -53 54 -55 58 -57 57 -59 -60 -61 -62 -63
leaf_value=-21.75524789886445 4.9250189228654531 62.052159182354899 32.925047727132977 24.57575209308855 8.4321970054653903 4.3976455706085176 12.775535107614056 35.767652994913128 34.673955894874993 10.743408537550753 9.1162525777645982 0.15492572688931003 7.2738779185725253 16.917295852327531 27.791172217490164 5.7210159423569857 -6.5243234734610907 4.4852839175991752 7.1648425558100541 -1.811299010204287 2.0829477306211133 22.37070424365411 -17.736215362389753 14.764819842853528 -3.1573219577255598 98.718039752987295 4.0379667675586592 -2.4101641073072568 3.8806066991862012 -0.57044094483071206 15.198480606283136 -0.61891196969969076 0.15402658473903239 -1.4239825810301803 -2.429206343512845 11.770435915277199 -2.0160254143774057 0.47988187227654411 -5.5967537043618725 -1.7918727885880548 -16.527820227959936 0.96500861412116323 0.84631020557162695 -6.0651505939101877 9.8926044541225995 -11.458728681558519 -12.501709065854403 0.25407752280103962 0.3729959591681502 -7.5034321710347873 0.58880176781576976 85.357215427543224 -23.278685006908365 -6.2344622617713492 -14.610488258019153 1.5756738416049307 -15.437919982955115 -4.0483541917989987 -15.010761450656174 -10.098923346028549 -12.172298099753482 -3.2311591565465201
leaf_weight=2898 22 20 20 29 26 23 30 21 20 24 28 23 28 20 22 20 51 20 32 94 36 22 20 28 23 42 28 76 20 65 24 29 37 79 24 20 28 21 38 24 26 20 24 32 24 76 22 20 20 457 20 54 70 89 1752 21 22 20 20 20 22 20
leaf_count=2898 22 20 20 29 26 23 30 21 20 24 28 23 28 20 22 20 51 20 32 94 36 22 20 28 23 42 28 76 20 65 24 29 37 79 24 20 28 21 38 24 26 20 24 32 24 76 22 20 20 457 20 54 70 89 1752 21 22 20 20 20 22 20
internal_value=-0.0011283 0.00959498 0.0156839 0.0130061 -0.00226097 0.00011381 -0.000414342 0.00608227 0.00278076 0.0113174 0.00149396 0.0108585 0.00983878 0.0145078 0.00758668 0.014038 0.00112344 0.0049667 -0.00111193 0.000416156 0.00234282 0.0197387 0.00119684 0.00248357 -0.00184019 0.0240097 0.000697133 -0.00276419 -0.000156088 -0.000593473 0.000198877 0.00316384 -0.00205795 -0.000880504 0.00117005 0.00366583 -0.000436591 -0.00227552 0 -0.00281237 -0.00250123 -0.000139212 -0.0028291 -0.00260522 -6.24573e-05 -0.00147377 -0.00278081 -0.00282157 -0.000783849 -0.00267563 -0.00097614 0.0257085 -0.00286295 -0.00186984 -0.00291868 -0.00197585 -0.00282027 -0.00149644 -0.00296472 -0.0029302 -0.00298123 -0.00265349
internal_weight=7006 669 353 279 6337 1107 1057 102 316 50 273 43 217 70 147 42 72 105 955 245 151 42 228 76 727 62 129 5230 96 101 196 53 704 143 64 40 48 667 59 5134 608 43 5110 2212 144 120 2068 2036 42 565 46 74 1994 109 1885 91 519 42 1794 477 1774 96
internal_count=7006 669 353 279 6337 1107 1057 102 316 50 273 43 217 70 147 42 72 105 955 245 151 42 228 76 727 62 129 5230 96 101 196 53 704 143 64 40 48 667 59 5134 608 43 5110 2212 144 120 2068 2036 42 565 46 74 1994 109 1885 91 519 42 1794 477 1774 96
is_linear=0
shrinkage=0.03


Tree=16
num_leaves=57
num_cat=0
split_feature=47 67 38 47 16 16 14 16 20 0 10 39 50 63 41 7 31 69 49 0 60 22 65 18 4 60 70 0 40 34 63 45 43 31 16 47 17 16 60 65 53 32 37 50 0 34 18 48 3 43 22 45 18 23 0 19
split_gain=111.056 18.0307 13.6481 12.0318 5.80332 4.92496 4.53653 4.38902 3.52925 3.19582 3.39073 3.60917 2.89469 2.08446 1.97556 1.68442 2.12518 1.59269 1.5226 2.52187 1.45732 1.25224 1.13871 1.18998 1.11736 1.09362 1.45989 1.69711 1.0702 0.915594 0.864929 0.665293 0.638308 0.467818 0.463175 0.387272 1.08962 0.740106 1.22878 1.36663 0.417221 0.83285 0.381613 0.362003 0.233587 0.173864 0.159449 0.178259 0.136731 0.0906013 0.0339489 0.035582 0.0293511 0.0311717 0.0266453 0.0209766
threshold=1762.5000000000002 146499.00000000003 29432.020833333336 1331.5000000000002 -1046.4999999999998 -1599.4999999999998 119490.12500000001 -5147.4999999999991 20.87916666666667 110354.00000000001 0.56392291514228221 54908.500000000007 1640.5833333333337 503.50000000000006 53297.500000000007 17.500000000000004 61.907848936457562 135985.50000000003 1202.5000000000002 127250.00000000001 3912.5000000000005 -0.24999999999999992 468.50000000000006 -9.0249999999999986 17.500000000000004 3494.0000000000005 111338.79166666667 110691.00000000001 62010.500000000007 -0.27060066059964777 421.50000000000006 32497.500000000004 32092.500000000004 62.571207213295118 5045.0000000000009 361.50000000000006 -4.8249999999999984 1271.5000000000002 248.50000000000003 8125.5000000000009 1878.5000000000002 58.478099786973708 14249.500000000002 1992.8125000000002 114243.50000000001 1.658420005067889 30.475000000000005 1914.5000000000002 52.580737980248735 33919.500000000007 -2.3249999999999988 33794.500000000007 26.125000000000004 38.149722500000003 118024.50000000001 29.175000000000001
decision_type=2 2 2 2 2 2 2 2 2 2 2 2 2 2 2 2 2 2 2 2 2 2 2 2 2 2 2 2 2 2 2 2 2 2 2 2 2 2 2 2 2 2 2 2 2 2 2 2 2 2 2 2 2 2 2 2
left_child=3 2 7 9 25 -4 8 28 24 35 34 22 13 -9 -14 18 -17 -3 -15 -20 -18 -10 -12 -24 -6 -5 27 -27 -2 -7 -23 32 -25 -32 42 49 -37 50 -39 40 45 48 44 46 -11 -40 47 -44 -42 55 -38 52 53 -52 -33 -1
right_child=1 17 5 4 6 29 -8 12 21 10 11 -13 14 15 -16 16 20 -19 19 -21 -22 30 23 31 -26 26 -28 -29 -30 -31 33 54 -34 -35 -36 36 37 38 39 -41 41 -43 43 -45 -46 -47 -48 -49 -50 -51 51 -53 -54 -55 -56 -57
leaf_value=-25.028182387702266 -3.3982772722896519 84.337615346039613 41.364023922021488 -5.915864509192172 15.362027290667053 78.510900229608282 18.494059721730306 23.056729548143625 3.4897443173467892 0.11979613820996954 5.0715639086529931 15.806872435590606 16.674218885760926 -1.3480386702755287 21.830812164743048 12.081021447745437 -1.4478530748804519 75.214900086377057 7.7297459614198134 -0.0083133770951359202 7.3386763864525983 2.2675916391039035 13.459574271944089 -2.268242156322688 12.95656160249094 -0.42392985392545035 -0.90477746783609969 2.9668529305897606 5.8591845621854848 83.638690626658388 -0.84053852693140085 -7.3385146657053122 5.052559081493194 0.27230105515650771 2.9197273284526823 1.3685572143399389 -3.7323963119049957 0.63656279913609148 -8.4695085450166054 7.0211333285738728 -3.2104496547380448 0.4282612329789966 -6.6126101282334986 10.88721375240574 -7.6639769947928365 -3.3186342029637954 -0.051524503113623187 -5.4081789646922429 -3.8972162835396902 -21.744710750672844 -6.663245705277288 -9.0732580105607941 -3.9737886868847188 -12.071227903556542 -3.0568378048193372 -13.272158333145319
leaf_weight=3794 44 68 28 105 20 20 23 34 38 20 28 29 20 31 30 30 29 29 22 31 31 29 22 22 20 22 33 20 27 48 44 69 20 30 23 27 20 20 254 20 20 24 357 20 23 21 21 21 50 38 23 20 23 1023 20 28
leaf_count=3794 44 68 28 105 20 20 23 34 38 20 28 29 20 31 30 30 29 29 22 31 31 29 22 22 20 22 33 20 27 48 44 69 20 30 23 27 20 20 254 20 20 24 357 20 23 21 21 21 50 38 23 20 23 1023 20 28
internal_value=-0.00114543 0.0121643 0.00948483 -0.00221758 0.00292892 0.0194485 0.00639392 0.00656335 0.00477084 -0.00254209 -0.000621494 0.00255593 0.00838047 0.00679 0.0149102 0.00542791 0.00829079 0.0238517 0.00231867 0.00542373 0.00494176 0.00250886 0.000960794 -3.91908e-05 0.0126434 -0.000982788 0.00175766 0.00548694 -7.1425e-10 0.0238326 0.000756546 -0.00114417 0.00192399 -0.000931175 -0.00200371 -0.00278848 -0.00237655 -0.00248403 -0.00137864 -0.0017579 -0.00217827 -0.000414453 -0.00221381 -0.00249105 0.000417633 -0.0027699 -0.00269106 -0.00283258 -0.002097 -0.00295251 -0.00288883 -0.00291433 -0.00294079 -0.00296817 -0.00262626 -0.00296774
internal_weight=7006 522 425 6484 384 96 204 329 181 6100 695 210 258 208 50 174 90 97 84 53 60 141 181 153 40 180 75 42 71 68 103 131 42 74 485 5405 1545 1518 409 389 369 94 462 419 43 275 399 378 70 3860 1109 1089 1069 1046 89 3822
internal_count=7006 522 425 6484 384 96 204 329 181 6100 695 210 258 208 50 174 90 97 84 53 60 141 181 153 40 180 75 42 71 68 103 131 42 74 485 5405 1545 1518 409 389 369 94 462 419 43 275 399 378 70 3860 1109 1089 1069 1046 89 3822
is_linear=0
shrinkage=0.03


Tree=17
num_leaves=63
num_cat=0
split_feature=47 67 19 47 16 16 19 17 36 24 43 47 10 54 43 19 66 26 47 28 60 34 16 18 15 61 70 0 18 38 49 55 32 43 17 62 51 49 13 60 69 26 1 22 43 65 0 57 26 16 60 0 18 34 22 22 48 52 65 50 26 19
split_gain=99.6847 18.7854 13.8869 10.9213 5.86947 5.60382 3.91123 3.26482 3.04059 2.9951 2.80801 2.47793 4.16586 3.35561 2.38557 2.36193 1.9009 1.69778 1.45396 1.38789 2.1294 1.32928 1.19666 1.45446 3.15906 1.12586 1.82098 1.01267 0.750861 1.86066 1.61298 0.618554 1.00086 0.517411 0.488543 1.11554 0.487359 0.463813 1.12257 0.38667 0.379323 0.250613 0.211105 0.192209 0.16586 0.165447 0.235393 0.135559 0.124978 0.0916417 0.0537644 0.116522 0.0415705 0.367188 0.0392616 0.0368159 0.0350471 0.0345463 0.0326825 0.380716 0.0305647 0.0139535
threshold=1762.5000000000002 148560.00000000003 -5.2249999999999988 1331.5000000000002 -1599.4999999999998 -1046.4999999999998 29.575000000000006 27.625000000000004 27141.500000000004 59.258331500000004 29343.000000000004 807.50000000000011 0.74305326206722599 922.89583333333337 33781.500000000007 27.125000000000004 3044.8750000000005 79.838629145833337 2239.0000000000005 -0.71526950000000145 4584.0000000000009 0.22372240827348125 427.50000000000006 22.375000000000004 6274.7296573523254 4327.0000000000009 111338.79166666667 132002.00000000003 25.925000000000001 21954.166666666672 352.50000000000006 7676.5000000000009 61.589153444099964 33742.500000000007 -4.3749999999999991 2246.0833333333335 600.50000000000011 1361.0000000000002 117319.00000000001 384.50000000000006 134814.50000000003 66.961504020833345 4.5750000000000002 -0.12499999999999999 25411.500000000004 123.50000000000001 97301.500000000015 28.500000000000004 82.607918250000026 6490.5000000000009 140.50000000000003 81083.000000000015 24.725000000000005 -0.65407940173230716 -0.19999999999999948 -1.8500000000000008 1253.5000000000002 2571.5000000000005 8547.5000000000018 401.89583333333337 83.245605416666692 -14.324999999999998
decision_type=2 2 2 2 2 2 2 2 2 2 2 2 2 2 2 2 2 2 2 2 2 2 2 2 2 2 2 2 2 2 2 2 2 2 2 2 2 2 2 2 2 2 2 2 2 2 2 2 2 2 2 2 2 2 2 2 2 2 2 2 2 2
left_child=3 2 14 11 7 25 9 15 10 21 -7 28 22 -14 -2 37 17 -11 -9 27 -21 -6 33 24 42 60 -27 48 34 39 -31 32 -25 55 35 36 -1 47 -39 -30 -3 -38 -24 -33 -36 46 -46 -4 -12 50 51 -47 57 -54 -16 -13 -43 58 61 -60 -5 -52
right_child=1 40 4 5 6 8 -8 18 -10 16 19 12 13 -15 54 -17 -18 -19 -20 20 -22 -23 23 31 -26 26 -28 -29 29 30 -32 43 -34 -35 44 -37 41 38 -40 -41 -42 56 -44 -45 45 49 -48 -49 -50 -51 52 -53 53 -55 -56 -57 -58 -59 59 -61 -62 -63
leaf_value=0.9598005675521164 76.892993705171918 82.457038899665363 -0.97263299263707059 -3.5170816468396411 8.7042929075903466 11.416765587394078 3.4833776628797146 2.0933904298723993 16.748218103104339 21.819502356778482 -0.54143600953230764 -1.4252040815336033 -8.3969765342130316 20.328428975517241 83.329872160585396 6.9543424908531186 11.740899808965366 21.979782342594635 10.099951343473647 8.9433247802049483 0.046791940762667718 11.786222445510854 0.8931968865884935 -1.0842443868732403 0.26664393608557158 2.0203960904491183 -0.97135973056580471 5.4366898792063729 0.61746591516200933 -1.9593792884211751 5.8103360548768768 -1.3738140329602202 1.909462551094359 5.9030397907773766 -8.6259119112246516 11.698543393858172 -8.3993763115699842 11.87992271951013 -1.1607193652463168 -10.169569820756141 73.548735771609316 -23.701353760248161 -3.5428900446421596 -0.97500331221778558 -16.47196625997627 -27.443740937628441 0.33360778915724465 -1.3639369510467712 -0.33364928011882244 -9.5051302649232934 -20.807392254176506 -5.1875950300860296 0.31579639723066016 -7.376240677410113 75.116273586816831 -6.9708953653624981 -17.521525370479885 -8.1911651729605168 -24.176223929660164 0.42154673552195399 -1.5222543725767008 -18.457551257489797
leaf_weight=24 21 55 35 105 22 25 33 20 37 26 39 20 20 37 20 30 36 36 24 27 31 20 20 31 22 27 28 25 20 28 23 34 22 27 22 23 29 20 29 160 20 212 22 103 27 33 20 46 20 36 34 20 20 112 29 330 20 21 142 20 20 4366
leaf_count=24 21 55 35 105 22 25 33 20 37 26 39 20 20 37 20 30 36 36 24 27 31 20 20 31 22 27 28 25 20 28 23 34 22 27 22 23 29 20 29 160 20 212 22 103 27 33 20 46 20 36 34 20 20 112 29 330 20 21 142 20 20 4366
internal_value=-0.00119253 0.0114174 0.0090718 -0.00220833 0.00677804 0.00269461 0.0108492 0.0033072 0.00609995 0.0130407 0.0043447 -0.0025175 -0.000815289 0.0069352 0.0213552 0.00129294 0.0159327 0.0191787 0.0105442 0.00268121 0.00624785 0.00619952 -0.00152115 5.90312e-05 0.00397816 -0.00114936 0.00239564 0.000178358 -0.00273332 -0.00103851 0.00399217 -0.00124671 0.00146893 -0.00259348 -0.00280828 -0.0016261 -0.00214662 -0.000438125 0.00183299 -0.00248196 0.0253262 -0.00252777 -0.000783849 -0.00231948 -0.00288235 -0.00289419 -0.00101911 -0.00184957 -0.00192893 -0.00291189 -0.00292381 -0.00180791 -0.00293568 -0.00229372 0.0250509 -0.00290489 -0.00285653 -0.00295346 -0.00295982 -0.00242443 -0.00273381 -0.0029788
internal_weight=7006 522 447 6484 377 384 173 204 204 140 167 6100 688 57 70 160 98 62 44 142 58 42 631 254 64 180 55 84 5412 231 51 190 53 377 5181 308 285 130 49 180 75 261 42 137 4873 4851 47 81 59 4804 4768 53 4715 132 49 350 232 4583 4562 162 125 4400
internal_count=7006 522 447 6484 377 384 173 204 204 140 167 6100 688 57 70 160 98 62 44 142 58 42 631 254 64 180 55 84 5412 231 51 190 53 377 5181 308 285 130 49 180 75 261 42 137 4873 4851 47 81 59 4804 4768 53 4715 132 49 350 232 4583 4562 162 125 4400
is_linear=0
shrinkage=0.03


Tree=18
num_leaves=63
num_cat=0
split_feature=47 47 47 23 4 56 0 10 47 21 0 43 11 50 12 66 19 47 55 39 2 10 63 12 65 47 4 59 51 54 30 14 50 56 17 14 29 47 67 56 52 65 4 45 53 64 34 45 67 13 46 23 31 48 65 38 33 14 15 47 62 47
split_gain=90.1257 17.7766 11.2744 6.21248 5.80722 5.82853 2.87559 3.17191 3.50485 2.72911 2.51864 2.65939 2.49104 3.17647 3.32926 2.3445 3.95529 1.76201 1.63066 1.5207 1.48127 1.42893 1.47035 1.0121 1.00086 0.900261 1.26583 1.09178 0.928739 0.876348 0.833252 0.74086 0.666338 0.823759 0.763874 0.660851 0.638026 0.490776 0.478889 0.363455 0.337502 0.456823 0.381984 1.14601 0.307991 0.256646 0.421405 0.245153 0.242006 0.227982 0.209481 0.181963 0.175373 0.167392 0.0947642 0.0732441 0.0972268 0.0656891 0.0995474 0.0585853 0.266675 0.153984
threshold=2115.5000000000005 1350.5000000000002 4465.0000000000009 73.665250000000015 7.5000000000000009 1242.0000000000002 110354.00000000001 0.74305326206722599 807.50000000000011 1.9755067216979285 142185.50000000003 29343.000000000004 142185.50000000003 1511.9375000000002 131937.00000000003 1263.1250000000002 27.375000000000004 2381.0000000000005 366.50000000000006 63290.000000000007 68.170009500000006 0.87900005428953576 1133.5000000000002 127223.00000000001 1427.5000000000002 816.50000000000011 7.5000000000000009 1711.5000000000002 1501.5000000000002 1839.9583333333335 59.812926910562247 107550.81250000001 705.27083333333348 10112.500000000002 -9.5249999999999986 119976.39583333336 55.914582341497614 1860.0000000000002 117645.00000000001 5412.5000000000009 1785.5000000000002 150.50000000000003 21.500000000000004 28585.000000000004 2419.5000000000005 328.50000000000006 -0.55501479566318668 32503.500000000004 146499.00000000003 93256.000000000015 33904.437500000007 48.345931000000007 62.219246454255192 2178.0000000000005 389.50000000000006 26923.062500000004 2.4481801040258624 113553.97916666669 5718.7514371988791 621.50000000000011 1201.7500000000002 639.50000000000011
decision_type=2 2 2 2 2 2 2 2 2 2 2 2 2 2 2 2 2 2 2 2 2 2 2 2 2 2 2 2 2 2 2 2 2 2 2 2 2 2 2 2 2 2 2 2 2 2 2 2 2 2 2 2 2 2 2 2 2 2 2 2 2 2
left_child=1 6 3 12 18 -6 25 32 21 17 11 -7 13 20 -15 16 -13 -5 52 23 -2 22 -9 -18 -14 40 51 30 -29 -11 -28 -20 49 34 -34 39 -30 -33 -36 -17 50 -42 45 -44 -41 46 -43 -23 -4 -8 55 -27 -3 -40 -47 59 -57 -51 -59 -1 -61 -62
right_child=2 4 48 9 5 10 7 8 -10 29 -12 15 24 14 -16 35 19 -19 31 -21 -22 47 -24 -25 -26 26 27 28 36 -31 -32 37 33 -35 38 -37 -38 -39 53 44 41 42 43 -45 -46 54 -48 -49 -50 57 -52 -53 -54 -55 -56 56 -58 58 -60 60 61 -63
leaf_value=-20.297120817342961 0.1410390027923043 -1.5057088186742835 95.658978496074141 10.580950696220205 15.771999274777762 9.5834976576805619 -2.0503578792307495 4.2385842078843581 19.94409228634337 5.0803387717966553 35.123006086474703 13.467198711091166 36.963337016274842 65.890566998581349 15.799035293047675 2.0474271989682356 1.9981078535186803 8.6269559717558799 1.6670416090841833 4.1334792026651019 13.166544858302503 -0.66563711496532341 -1.3490806327517864 -0.43468374652972896 57.482596340166829 -2.4963822058253489 -2.2044842300927736 -4.506194514922492 0.26268269457769994 -0.92955622475966271 0.19054085735464651 -1.1014622258148594 7.454248300341205 2.876363978942575 0.045886722318881155 15.477780365609371 0.98487073856781404 3.2718652500130823 -2.7990650000765891 -1.1504103726571531 0.3648310005171968 0.41247952773434077 0.4133253806227965 -12.72861824714877 1.4617918923162472 -2.4980565949408549 -9.6836131216582366 -9.725692403952845 88.311300341248739 -6.2326331239143311 -16.477942446849212 -6.9480390690926308 -3.0983899496806444 -0.99150067338485748 -15.077709939966134 -1.0719549431147044 -24.549458503035311 -25.182284667728872 -16.698563438844158 0.021376183176635182 -10.700997036368916 -10.128179272569305
leaf_weight=4057 23 37 23 25 27 32 31 22 35 22 20 24 24 34 31 36 21 21 36 21 22 24 23 35 22 20 86 20 21 29 28 31 20 28 23 22 20 21 116 58 24 20 20 41 32 33 27 53 45 267 39 226 113 20 412 20 23 24 20 26 23 227
leaf_count=4057 23 37 23 25 27 32 31 22 35 22 20 24 24 34 31 36 21 21 36 21 22 24 23 35 22 20 86 20 21 29 28 31 20 28 23 22 20 21 116 58 24 20 20 41 32 33 27 53 45 267 39 226 113 20 412 20 23 24 20 26 23 227
internal_value=-0.0012482 -0.00199429 0.0142759 0.0113315 0.00308956 0.00567815 -0.00246507 -0.000658548 0.00309357 0.00531411 0.00446363 0.00371398 0.015048 0.0125068 0.0167742 0.00264954 0.00617211 0.0106074 -0.000466191 0.00280156 0.00625277 0.00066339 0.00492239 0.000160427 0.0210195 -0.00270012 -0.0013536 0.000582524 0.00382979 0.000469667 -0.00113059 0.00275823 -0.00173739 -0.00037663 -0.00113903 0.000222822 0.00642336 0.00040307 -0.0018479 -0.000594767 -0.00281305 -0.00211055 -0.00228892 -7.14085e-10 -0.00163152 -0.00256655 -0.000382166 -0.00178988 0.0251542 -0.00255189 -0.00290413 -0.00274279 -0.00237842 -0.0025349 -0.00279038 -0.00292384 -0.00153132 -0.00279653 -0.00156463 -0.00293693 -0.00244477 -0.0027469
internal_weight=7006 6685 321 253 566 328 6119 706 157 97 301 281 156 110 65 249 101 46 238 77 45 122 45 56 46 5413 421 175 61 51 114 88 549 207 179 148 41 52 159 126 4992 577 553 61 90 492 47 77 68 342 4415 246 150 136 445 4376 43 311 44 4333 276 250
internal_count=7006 6685 321 253 566 328 6119 706 157 97 301 281 156 110 65 249 101 46 238 77 45 122 45 56 46 5413 421 175 61 51 114 88 549 207 179 148 41 52 159 126 4992 577 553 61 90 492 47 77 68 342 4415 246 150 136 445 4376 43 311 44 4333 276 250
is_linear=0
shrinkage=0.03


Tree=19
num_leaves=62
num_cat=0
split_feature=47 47 67 16 16 10 18 44 67 13 59 58 0 10 47 34 21 24 28 49 18 29 50 52 16 5 43 66 45 54 52 35 18 19 7 2 51 38 16 21 27 18 50 2 62 18 51 16 16 48 24 16 47 34 62 49 16 0 22 5 3
split_gain=80.9577 16.2899 11.4681 8.09444 7.37763 6.24737 4.4001 4.24855 3.66907 3.47074 3.01152 2.76503 2.50447 2.62191 2.95742 1.96788 1.91785 1.77616 1.55427 2.40158 1.48325 1.28289 1.08952 1.05538 1.45275 1.95425 2.85029 2.92397 1.54723 0.94935 0.872936 0.78402 0.727534 0.603765 1.16266 0.512792 0.344253 0.606317 0.437127 0.372438 0.331354 0.289254 0.595231 0.286257 0.280256 0.249837 0.504484 0.232985 0.226322 0.177975 0.161161 0.156963 0.0520548 0.360758 0.696452 0.0373396 0.0370304 0.0340842 0.0323417 0.0313654 0.016576
threshold=2115.5000000000005 1257.5000000000002 148560.00000000003 -1046.4999999999998 -1046.4999999999998 0.56392291514228221 28.825000000000006 29127.500000000004 143962.50000000003 108817.50000000001 2319.5000000000005 2135.3333333333335 110354.00000000001 0.74305326206722599 807.50000000000011 0.68909867002575009 3.0362923765300542 77.722240000000014 2.851652499999997 532.50000000000011 25.225000000000005 65.247518714891086 1711.3125000000002 1785.5000000000002 924.00000000000011 3.5000000000000004 30987.500000000004 2039.9583333333337 28614.000000000004 1954.1458333333337 1823.5000000000002 28763.500000000004 30.325000000000006 30.325000000000006 17.500000000000004 49.866806500000003 681.50000000000011 25956.916666666668 5045.0000000000009 4.5095457783424662 10.05051706239203 26.425000000000001 496.77083333333343 59.048847500000008 2273.7291666666674 -4.8249999999999984 591.50000000000011 1377.0000000000002 1860.0000000000002 2115.5000000000005 94.077660000000023 4535.5000000000009 621.50000000000011 1.5140737349128524 1660.3125000000002 2393.0000000000005 3058.5000000000005 123809.00000000001 2.1500000000000017 1.0000000180025095e-35 65.788614133134459
decision_type=2 2 2 2 2 2 2 2 2 2 2 2 2 2 2 2 2 2 2 2 2 2 2 2 2 2 2 2 2 2 2 2 2 2 2 2 2 2 2 2 2 2 2 2 2 2 2 2 2 2 2 2 2 2 2 2 2 2 2 2 2
left_child=1 12 3 9 15 7 16 -6 11 -2 -7 -9 23 32 20 43 22 30 19 -11 44 33 -5 41 50 26 27 -26 -29 -20 -17 -4 36 35 -35 -13 37 -14 39 49 -27 45 -43 -3 -15 46 -1 -48 -30 59 55 -37 -47 56 -55 -25 -54 -45 -42 -38 -32
right_child=2 4 31 6 5 10 -8 8 -10 18 -12 21 13 14 -16 17 -18 -19 29 -21 -22 -23 -24 24 25 40 -28 28 48 -31 60 -33 -34 34 -36 51 38 -39 -40 -41 58 42 -44 57 -46 52 47 -49 -50 -51 -52 -53 53 54 -56 -57 -58 -59 -60 -61 -62
leaf_value=1.6849323540564491 -1.343844711146932 -0.29047125368878335 39.930117426354535 18.375129487769133 11.650309375295077 24.44813365653583 11.360673692941681 10.359675899465532 26.93879611330793 53.69395368356745 8.6784417057140217 1.0934140828945356 -28.90036358683977 -7.1276112186644198 18.89473742640595 3.6192795617121334 64.88539770198696 3.4218458031262098 15.921991522673315 1.0199485145339851 1.5530166884522896 3.6319304526800851 81.499077212935319 -11.496139091438444 0.65754856018835817 0.20450418276041279 -14.059657282240739 1.012787859100619 -3.2158751632715958 2.2232329677920144 -0.72185822472568617 79.114532169478906 0.72821289170131021 -0.70749652912313166 3.0896183897347647 -0.69706632501794441 -3.7409428989151903 7.0092605112483861 3.4078237122928581 0.093976164010645749 -9.501437067617271 -4.3767746022673277 0.26590941815930852 -3.1674421570410636 0.14747779106186654 -20.0275831937977 -20.983446005391983 -4.683094464563518 0.040263118012926452 -1.8231750065850538 -11.713239086331891 -0.1390796578811932 -10.152016362348007 1.2158694511028889 -4.7421687007352435 -14.585791407257693 -6.955701963573337 -1.2112018628912684 -7.4586366368621491 -8.1629101426758712 -1.0670383404954464
leaf_weight=21 38 25 22 25 21 31 25 32 22 20 20 38 22 51 29 23 22 35 26 36 38 23 37 392 26 21 56 23 25 20 31 50 23 30 32 83 22 20 27 20 133 49 26 176 33 3933 114 30 20 20 22 20 353 21 35 20 20 20 20 338 20
leaf_count=21 38 25 22 25 21 31 25 32 22 20 20 38 22 51 29 23 22 35 26 36 38 23 37 392 26 21 56 23 25 20 31 50 23 30 32 83 22 20 27 20 133 49 26 176 33 3933 114 30 20 20 22 20 353 21 35 20 20 20 20 338 20
internal_value=-0.00127817 -0.00198531 0.0134351 0.0103573 0.0024058 0.00542743 0.0164986 0.00376619 0.00277401 0.00554604 0.0151468 0.00175513 -0.00248472 -0.000709066 0.00273991 -0.000808847 0.0197979 0.00247479 0.00843291 0.00497326 0.00066339 0.000570543 0.0225604 -0.00269715 -0.00165018 -0.000120334 0.00237841 0.00557917 0.0022467 0.0125597 -0.000121458 0.0240083 -0.00177403 -0.000177253 0.00227053 -0.00127569 -0.00203368 0.000498812 -0.00228986 -0.00254187 -0.00229179 -0.00286891 -0.000958722 -0.00244233 -0.00153389 -0.00289987 -0.00170806 -0.00235253 -0.000931265 -0.00275454 -0.00278507 -0.00238603 -0.00294422 -0.00257283 -0.00026738 -0.0029192 -0.00291075 -0.00283019 -0.0027825 -0.00290753 -0.00234834
internal_weight=7006 6685 321 249 682 352 109 301 280 140 51 258 6003 643 151 330 84 109 102 56 122 226 62 5360 758 324 150 94 68 46 74 72 492 203 62 141 469 42 427 400 174 4602 75 221 84 4527 165 144 45 380 434 103 4362 429 56 412 373 196 153 360 51
internal_count=7006 6685 321 249 682 352 109 301 280 140 51 258 6003 643 151 330 84 109 102 56 122 226 62 5360 758 324 150 94 68 46 74 72 492 203 62 141 469 42 427 400 174 4602 75 221 84 4527 165 144 45 380 434 103 4362 429 56 412 373 196 153 360 51
is_linear=0
shrinkage=0.03


Tree=20
num_leaves=63
num_cat=0
split_feature=47 47 47 16 16 4 0 56 17 16 50 47 14 34 18 34 59 35 3 2 21 60 61 57 48 16 34 5 7 34 28 27 21 16 26 33 56 57 59 21 18 70 0 47 2 17 64 5 18 19 19 53 64 22 3 1 50 56 1 16 47 2
split_gain=75.5972 13.9262 12.8116 8.9611 5.62971 5.34113 3.19841 2.93789 2.85273 2.78556 2.6212 2.46624 2.41826 2.41698 2.41087 2.10309 2.05571 1.72374 1.69244 1.38187 1.79865 1.31866 1.71625 1.25639 0.883088 1.10073 2.37978 1.24048 1.21718 1.0441 0.820955 0.750388 1.19747 0.724147 1.00299 0.487488 0.481841 0.463333 0.456266 0.655919 0.309707 0.335289 0.288384 0.254262 0.205541 0.198581 0.49038 0.749968 0.193646 0.205541 0.156113 0.151991 0.150316 0.255031 0.107757 0.105922 0.074503 0.0452199 0.124978 0.0370556 0.052654 0.0366492
threshold=2015.5000000000002 3883.5000000000005 1350.5000000000002 -1046.4999999999998 -160.49999999999997 16.500000000000004 110354.00000000001 4998.0000000000009 27.625000000000004 -3701.4999999999995 817.60416666666686 2795.0000000000005 117619.12500000001 1.3738235404919801 25.475000000000005 0.29416207820783319 973.50000000000011 25031.000000000004 65.054165685307382 58.789800500000005 2.5774993797452663 3996.0000000000005 2494.0000000000005 8795.5000000000018 630.50000000000011 1227.0000000000002 -0.6657388305594657 2.5000000000000004 15.500000000000002 0.54148920762719055 5.410610499999998 4.8634873158457319 2.1981191386277863 -1972.4999999999998 84.965960458333342 3.8965364450608919 7571.5000000000009 60.500000000000007 494.50000000000006 2.95553360562262 29.825000000000006 120528.27083333336 111059.00000000001 1914.5000000000002 59.911583500000006 -4.3749999999999991 5053.5000000000009 4.5000000000000009 26.825000000000006 26.025000000000002 -0.57499999999999984 2715.0000000000005 192.50000000000003 1.6500000000000015 52.670614136760484 23.375000000000004 758.81250000000011 7847.5000000000009 19.625000000000004 5561.5000000000009 224.50000000000003 44.502377500000009
decision_type=2 2 2 2 2 2 2 2 2 2 2 2 2 2 2 2 2 2 2 2 2 2 2 2 2 2 2 2 2 2 2 2 2 2 2 2 2 2 2 2 2 2 2 2 2 2 2 2 2 2 2 2 2 2 2 2 2 2 2 2 2 2
left_child=2 3 6 8 13 -6 24 -7 33 -3 35 12 -5 30 31 16 -16 -15 21 -14 -21 22 44 -24 45 38 -27 28 29 -28 43 32 -12 34 37 40 50 -2 39 -26 41 42 -8 56 -9 46 47 -1 51 -50 -33 52 53 -47 -29 -30 -4 -40 -59 -54 -61 -44
right_child=1 9 4 11 5 7 10 18 -10 -11 14 -13 19 17 15 -17 -18 -19 -20 20 -22 -23 23 -25 25 26 27 54 55 -31 -32 36 -34 -35 -36 -37 -38 -39 57 -41 -42 -43 61 -45 -46 48 -48 -49 49 -51 -52 -53 59 -55 -56 -57 -58 58 -60 60 -62 -63
leaf_value=5.6955259231116511 -1.2799356481155888 44.176417901721507 -1.8293960263318456 21.238069863766334 17.508929346660022 14.335521699031352 -0.4088969284412034 -0.72004649686056954 16.827623305492917 88.336621918723537 13.814907347589754 50.519937837392519 16.212032179984334 9.3532024890730199 9.7037845023855773 -0.37203372543165181 0.78092448109072243 -0.5086626745769468 16.774883930135097 19.684559493253445 -0.5284379876280848 -0.37922472085127623 7.3141909679057813 7.5728330908971913 0.43861662344888575 0.36754205065450357 -0.12487513961178721 -3.7921990799326144 -5.6922138588274569 0.64726490586226837 0.15308472758616798 0.90463188332071576 -5.2349097914151592 9.9801397238221696 8.097268286408239 0.17718749407999193 3.575725418514569 1.3378770400387299 -8.1930014634944417 -15.281793683881462 0.036417660529834445 -0.11121507457364281 -1.5930586378459721 0.76543173911584794 0.51014409633497915 -7.2645183223478877 -16.149529151965289 -26.075014172480078 0.22716695251558769 -4.3581533047985328 -6.5410708697849884 -6.8260507901476304 -17.942918968601692 0.17924527891865871 -4.8189171970461553 -0.75533409554854025 -1.4351147682862981 -14.858200815269106 -4.3730810295366869 -19.433187025072758 -7.8508030298331741 -7.1063340552141279
leaf_weight=23 44 25 37 30 39 20 27 21 35 61 21 37 20 25 36 29 27 22 33 21 20 56 20 21 20 31 23 29 27 20 29 20 23 21 22 32 21 39 428 26 20 35 20 25 20 32 91 24 20 21 81 24 4253 20 154 20 144 39 20 36 32 314
leaf_count=23 44 25 37 30 39 20 27 21 35 61 21 37 20 25 36 29 27 22 33 21 20 56 20 21 20 31 23 29 27 20 29 20 23 21 22 32 21 39 428 26 20 35 20 25 20 32 91 24 20 21 81 24 4253 20 154 20 144 39 20 36 32 314
internal_value=-0.00131243 0.0117889 -0.00205396 0.00861294 0.00250146 0.00598435 -0.00243565 0.00389325 0.00387337 0.0224042 -0.000531087 0.0145433 0.0117892 -0.000329671 0.00187137 0.00576547 0.00884311 0.00585987 0.00259497 0.00824877 0.0049635 0.00110789 0.00354446 0.00788321 -0.00268349 -0.00177757 -0.000325552 -0.00123032 0.00163152 0.00529002 -0.00158231 -0.000270922 0.00306122 0.00173672 0.000685061 -0.00192145 -0.00149877 -0.000794225 -0.00259989 0.000195227 -0.00219899 -0.00238576 -0.00265854 -0.00225619 -0.000729928 -0.0028485 -0.0016727 0.00076433 -0.00288434 -0.000729928 -0.00237389 -0.00290373 -0.00291692 -0.00120921 -0.00265429 -0.00165605 -0.00265047 -0.00287005 -0.00192893 -0.00293675 -0.00207049 -0.00290033
internal_weight=7006 375 6631 289 512 230 6119 191 161 86 706 128 91 282 258 92 63 47 171 61 41 138 82 41 5413 837 304 273 90 43 235 166 44 126 105 448 122 83 533 46 416 396 361 206 41 4576 138 47 4438 41 101 4397 4373 52 183 47 181 487 59 4321 68 334
internal_count=7006 375 6631 289 512 230 6119 191 161 86 706 128 91 282 258 92 63 47 171 61 41 138 82 41 5413 837 304 273 90 43 235 166 44 126 105 448 122 83 533 46 416 396 361 206 41 4576 138 47 4438 41 101 4397 4373 52 183 47 181 487 59 4321 68 334
is_linear=0
shrinkage=0.03


Tree=21
num_leaves=63
num_cat=0
split_feature=47 67 47 16 16 38 18 59 5 19 60 46 59 42 14 59 1 47 31 15 34 27 15 28 50 4 51 35 48 52 42 24 18 67 43 20 1 12 18 13 46 28 47 19 16 14 17 19 43 0 4 50 26 16 38 15 23 18 61 52 17 1
split_gain=71.3892 14.0762 11.5692 8.68148 7.95953 7.89499 5.09883 3.55906 2.3989 2.30026 2.10868 1.6344 2.71302 1.84734 2.40365 2.02098 1.91338 1.89468 1.60147 1.59689 1.5834 2.03102 1.57747 1.46376 1.13364 2.45858 3.68173 2.52188 3.85861 1.12083 1.07469 1.06666 0.893608 0.742966 0.699951 0.593559 0.576472 1.03358 0.494848 0.638308 0.394189 0.386378 0.707043 0.319426 0.309246 0.301982 0.221479 0.190604 0.189016 0.216412 0.188412 0.300207 0.165085 0.130101 0.0945964 0.0383842 0.0373106 0.0365494 0.583063 0.0380602 0.0356283 0.0277665
threshold=2015.5000000000002 148560.00000000003 816.50000000000011 -1046.4999999999998 -160.49999999999997 25071.208333333336 28.825000000000006 1624.5000000000002 2.5000000000000004 -5.2249999999999988 1653.0000000000002 32520.750000000004 1999.5000000000002 34417.625000000007 93303.750000000015 3437.5000000000005 19.125000000000004 1541.5000000000002 61.670862942293482 17290.142862815159 1.294866917703928 12.085621139676443 6221.9859169545371 0.61913250000000641 633.33333333333348 14.500000000000002 1410.5000000000002 14139.000000000002 873.50000000000011 2232.5000000000005 56562.625000000007 75.980177500000011 22.475000000000005 150416.00000000003 31220.000000000004 -8.5416666666666643 -1.4749999999999999 114203.00000000001 28.975000000000005 120459.50000000001 33921.458333333336 5.410610499999998 1407.5000000000002 24.325000000000006 6684.5000000000009 115422.12500000001 27.375000000000004 27.125000000000004 25438.500000000004 86098.500000000015 13.500000000000002 1008.2708333333335 83.39505489583334 3655.0000000000005 29432.020833333336 5127.8777898442577 45.386785500000009 24.725000000000005 630.50000000000011 2472.5000000000005 -11.774999999999999 24.225000000000005
decision_type=2 2 2 2 2 2 2 2 2 2 2 2 2 2 2 2 2 2 2 2 2 2 2 2 2 2 2 2 2 2 2 2 2 2 2 2 2 2 2 2 2 2 2 2 2 2 2 2 2 2 2 2 2 2 2 2 2 2 2 2 2 2
left_child=2 3 24 9 20 11 8 18 35 -2 -11 12 32 -14 16 46 -15 -17 -7 30 41 -22 -10 -9 40 36 52 -28 -29 -30 31 -12 -6 -3 -23 -5 37 -26 43 -40 44 47 -43 -34 45 48 -16 54 49 -1 55 -52 -27 -13 56 -38 -4 59 -59 60 -50 -45
right_child=1 33 4 6 5 7 -8 23 22 10 19 53 13 14 15 17 -18 -19 -20 -21 21 34 -24 -25 25 26 27 28 29 -31 -32 -33 38 -35 -36 -37 50 -39 39 -41 -42 42 -44 61 -46 -47 -48 -49 57 -51 51 -53 -54 -55 -56 -57 -58 58 -60 -61 -62 -63
leaf_value=-19.055219918610831 47.494905946058836 57.154901549453257 -2.121327264174067 77.769424538327158 0.48335604134665999 21.786169461388102 8.7112620381377557 -1.2885731536475908 7.6874676446878674 -4.064048298208661 0.53096159870068715 -1.7016265534446695 -2.5406172783518683 0.65939405966458087 0.72615647986582332 3.1971518550248232 6.4215165454960434 7.3189228590139805 14.951010966915163 8.5654570230698912 11.389177195262368 2.4079314499192885 61.837553446733871 11.292742332689146 8.5813000498415342 -3.930458506036496 -1.4070703272515295 3.5465170713109644 0.97864773312522002 -0.7302184727669101 -0.50542070127077166 7.2807337577331124 0.0023029884136870596 71.660903118218968 -0.76478556828165867 16.177735616786791 -4.8640347853535024 -17.491715806006845 -1.5202964436695567 1.5627191977215982 1.463516311587276 -6.9223743591979412 0.1510213659075974 -0.20086913939290429 -2.448729932823404 -0.89797138040879376 -0.41501540285729449 -0.30062878355450778 -5.2933204512998522 0.2470332408489273 -7.6285481347850572 0.09188883492202736 -2.5500652646805206 -1.3135349209296265 -1.59835721186225 -21.327697157922998 -4.7547673307480052 0.56335896640508021 -11.75050256630959 -8.8568317264525938 -17.11534486697272 -0.70553013554046307
leaf_weight=23 22 25 20 32 20 35 31 31 22 42 22 66 22 20 20 22 20 34 33 30 20 27 21 20 20 107 32 22 32 22 35 22 31 48 53 23 20 31 22 20 21 35 27 20 27 28 24 36 21 20 40 29 20 22 33 617 388 24 216 20 4041 77
leaf_count=23 22 25 20 32 20 35 31 31 22 42 22 66 22 20 20 22 20 34 33 30 20 27 21 20 20 107 32 22 32 22 35 22 31 48 53 23 20 31 22 20 21 35 27 20 27 28 24 36 21 20 40 29 20 22 33 617 388 24 216 20 4041 77
internal_value=-0.0013424 0.011389 -0.00206301 0.00851043 0.000603455 0.00321946 0.0144074 0.0100756 0.0177676 0.00409012 0.00273991 0.00135651 0.00227492 0.00512646 0.00640257 0.00386613 0.0126434 0.00764706 0.0145815 0.00494959 -0.00168049 0.00176823 0.0122506 0.00399217 -0.00265153 -0.00172664 0.000944278 0.00502313 0.00800263 0.00360444 0.00265487 0.00578231 -0.000142031 0.0232285 -0.000337079 0.0219964 -0.00255977 0.000469667 -0.000864198 0.00192399 -0.0028574 -0.0023261 -4.83099e-05 -0.00180328 -0.00287708 -0.00289682 -0.000884354 -0.0026158 -0.00291677 -0.000835268 -0.00278289 -0.00121563 -0.00250197 -0.0022815 -0.00278848 -0.00294773 -0.0029184 -0.00293677 -0.00248646 -0.00296245 -0.00296965 -0.00265706
internal_weight=7006 375 6631 302 1198 559 129 119 98 173 151 440 352 162 140 100 40 56 68 109 639 100 43 51 5433 992 235 108 76 54 79 44 190 73 80 55 757 51 170 42 4441 539 62 128 4420 4393 44 477 4365 43 706 69 127 88 441 637 408 4322 240 4082 4062 97
internal_count=7006 375 6631 302 1198 559 129 119 98 173 151 440 352 162 140 100 40 56 68 109 639 100 43 51 5433 992 235 108 76 54 79 44 190 73 80 55 757 51 170 42 4441 539 62 128 4420 4393 44 477 4365 43 706 69 127 88 441 637 408 4322 240 4082 4062 97
is_linear=0
shrinkage=0.03


Tree=22
num_leaves=63
num_cat=0
split_feature=67 0 18 0 16 21 52 48 45 37 4 53 3 57 0 14 39 53 14 35 21 45 33 46 28 33 40 35 28 14 40 25 20 2 53 18 17 56 52 58 16 60 18 10 40 2 23 48 16 33 28 26 16 26 66 28 17 43 3 34 48 18
split_gain=55.2114 18.6282 8.95853 7.59426 5.08267 4.31283 4.05944 3.66865 2.68729 2.16076 2.08833 3.08074 3.20684 2.08869 2.02255 1.96937 1.88703 2.33494 1.62834 1.57809 1.53994 1.87444 1.93253 1.32084 1.22187 1.2002 1.18306 1.21614 0.874506 0.856076 1.15797 0.826533 0.726978 1.09225 0.723164 0.521346 0.628808 0.386797 0.363767 0.748118 1.50967 0.347613 0.300752 0.652334 0.276951 0.276593 0.266969 0.221499 0.172761 0.94173 0.206899 0.169892 0.16822 0.516349 0.158047 0.0688048 0.089577 0.0368356 0.0359307 0.0351878 0.138483 0.0360696
threshold=142816.00000000003 117033.50000000001 -12.974999999999998 146437.50000000003 4724.0000000000009 3.6606786763336303 2515.5000000000005 873.50000000000011 32393.500000000004 28792.500000000004 8.5000000000000018 1961.5000000000002 60.611335332659159 12.500000000000002 140429.00000000003 115422.12500000001 56079.000000000007 1615.5000000000002 124456.89583333336 28335.000000000004 2.3186307004211617 32492.500000000004 1.8656610044038298 31525.854166666668 4.1554579999999968 1.9124208690685636 66884.000000000015 27328.000000000004 0.48147749999999695 86048.479166666672 49339.000000000007 48.579506500000001 25.079166666666669 74.002380000000016 734.50000000000011 25.925000000000001 23.725000000000005 9037.0000000000018 1994.5000000000002 2342.916666666667 694.50000000000011 523.50000000000011 -8.3749999999999982 0.56392291514228221 53936.000000000007 50.810230000000011 33.862966500000006 1886.5000000000002 3655.0000000000005 4.4158992724764818 -6.8376879999999955 52.997469291666668 1757.5000000000002 72.460250854166688 736.72916666666686 -4.9416094999999975 22.375000000000004 27689.500000000004 55.021003844380438 2.9754201011495671 381.50000000000006 24.625000000000004
decision_type=2 2 2 2 2 2 2 2 2 2 2 2 2 2 2 2 2 2 2 2 2 2 2 2 2 2 2 2 2 2 2 2 2 2 2 2 2 2 2 2 2 2 2 2 2 2 2 2 2 2 2 2 2 2 2 2 2 2 2 2 2 2
left_child=1 7 9 5 15 6 18 19 -6 -3 31 13 29 -12 -8 23 17 -10 -2 35 21 28 -23 -4 41 -21 34 -28 -17 -13 -31 -9 54 44 -22 38 -37 -36 42 40 -40 -15 43 -1 -34 -5 -44 58 59 50 -50 -38 -41 -54 -25 56 -43 -52 -33 61 -61 -48
right_child=3 2 4 45 8 -7 14 10 16 -11 11 12 -14 24 -16 20 -18 -19 -20 25 26 22 -24 32 -26 -27 27 -29 -30 30 -32 47 33 -35 37 36 51 -39 39 52 -42 55 46 -45 -46 -47 48 -49 49 -51 57 -53 53 -55 -56 -57 -58 -59 -60 60 -62 -63
leaf_value=-15.544461723227384 25.922444323329881 64.545724470675864 2.8987408421208052 80.847952872893018 -0.3845890836933567 2.625761434551364 -0.26418716307471685 4.2729563957266476 4.7546306489182184 61.155586783889234 12.674770921277025 -4.3180639869708664 6.0293136043131534 0.086313712949626781 18.752663122001657 -1.0600548652814388 21.260662672812963 8.5979168481725292 81.859546637236079 8.6828207641027522 23.750437938528062 26.54876248508225 6.6018295852274775 -0.71601987912103326 8.3892813310672611 -8.3053110958820042 -0.01846151454862131 6.8458944743327024 3.1857713420333695 0.37952271630989248 -0.047246560385319082 -9.2261269996580726 0.057967675999831006 2.7505935178928529 -2.1603580192842542 0.39477790153707532 -1.0987165144455415 1.0136443672697393 -10.549961396544553 -9.7898922477772281 0.85171063784303347 -13.323476255989689 -0.703112719834601 1.3800434348422366 -0.88667218195623032 65.701480512703299 -16.528320314575748 -0.58719469354790477 -2.7727102417158993 5.2132024355110573 -13.389566130577306 -3.654777890471598 0.20330890719467135 -6.4507788325688109 -1.3166177840699167 -2.8707452463222367 -0.74926743913588711 -13.4446682903738 -4.0374331540006603 -22.676374028551795 -2.1753278064205386 -3.227258249339199
leaf_weight=47 32 24 24 20 33 33 20 24 35 21 31 25 37 20 22 25 34 28 24 27 20 29 25 22 22 29 26 20 26 34 34 20 20 22 78 30 30 29 30 163 23 20 31 24 39 32 4170 33 36 31 20 87 20 44 176 169 20 332 259 52 20 73
leaf_count=47 32 24 24 20 33 33 20 24 35 21 31 25 37 20 22 25 34 28 24 27 20 29 25 22 22 29 26 20 26 34 34 20 20 22 78 30 30 29 30 163 23 20 31 24 39 32 4170 33 36 31 20 87 20 44 176 169 20 332 259 52 20 73
internal_value=-0.00141091 -0.00184755 0.00259093 0.0148443 0.00176346 0.0109382 0.0140979 -0.00240115 0.00712529 0.0155654 -0.000429088 0.00099733 0.00481937 -0.000755052 0.00691211 0.000557563 0.00963955 0.00646593 0.0194118 -0.0026779 0.00238403 0.00525214 0.00914972 -0.00110855 -0.00167264 0.00229946 0.000623916 0.00475054 0.00105675 0.00180451 0.00356828 -0.00218685 -0.00169832 0.000665844 -0.000849725 -0.00273147 -0.000938138 -0.00184874 -0.00278239 -0.00170296 0.00146893 -0.00233086 -0.00284423 -0.000843883 -0.00142132 0.0245873 -0.00287339 -0.00260494 -0.00289157 -0.00227631 -0.0026823 -0.00194705 -0.00245707 -0.00107644 -0.00268047 -0.00269727 -0.00142145 -0.00290543 -0.00288069 -0.00295057 -0.00212205 -0.00296387
internal_weight=7006 6823 756 183 711 131 98 6067 130 45 748 412 130 282 42 581 97 63 56 5319 278 105 54 303 251 56 173 46 51 93 68 336 279 81 127 5263 147 107 5116 280 53 229 4836 71 59 52 4765 312 4734 419 388 117 227 64 198 209 40 352 279 4315 72 4243
internal_count=7006 6823 756 183 711 131 98 6067 130 45 748 412 130 282 42 581 97 63 56 5319 278 105 54 303 251 56 173 46 51 93 68 336 279 81 127 5263 147 107 5116 280 53 229 4836 71 59 52 4765 312 4734 419 388 117 227 64 198 209 40 352 279 4315 72 4243
is_linear=0
shrinkage=0.03


Tree=23
num_leaves=63
num_cat=0
split_feature=47 47 11 17 16 10 43 59 47 47 60 54 39 42 47 16 29 34 69 42 24 4 59 16 61 62 56 32 16 47 51 26 44 13 49 4 55 54 34 51 33 22 28 22 43 51 52 43 22 52 17 3 16 17 18 16 35 18 61 4 4 51
split_gain=61.0613 13.418 10.8971 6.57149 6.30563 4.75992 4.09692 3.28933 3.05526 2.91264 2.90948 2.65849 2.56303 2.21581 2.03398 3.09091 3.91818 1.75841 1.45563 1.62217 1.42737 1.36803 3.04317 1.28512 1.0628 0.992697 0.796782 0.66888 0.891168 1.05365 0.823873 1.05737 0.587518 0.577174 1.05521 1.79991 0.559328 1.58262 2.55715 0.70165 0.387492 0.328464 0.274206 0.266636 0.197624 0.188558 0.177007 0.140242 0.137353 0.128019 0.125079 0.089577 0.0812703 0.280611 0.0654025 0.101766 0.0369302 0.0363525 0.0360791 0.0345524 0.0323082 0.356355
threshold=2239.0000000000005 1257.5000000000002 146437.50000000003 -10.574999999999998 -1046.4999999999998 0.56392291514228221 29133.500000000004 2492.0000000000005 3883.5000000000005 2015.5000000000002 3867.5000000000005 1653.3541666666667 63290.000000000007 56562.625000000007 747.50000000000011 3963.0000000000005 63.85781894423814 0.71343606105629587 114509.50000000001 58429.958333333336 79.044240000000016 21.500000000000004 4880.5000000000009 291.50000000000006 529.50000000000011 1473.1250000000002 10377.000000000002 60.029291537553668 5561.5000000000009 453.50000000000006 600.50000000000011 85.738332000000028 32340.500000000004 109575.00000000001 719.50000000000011 19.500000000000004 3073.5000000000005 1784.3541666666667 -0.92152700072759675 1969.5000000000002 4.4689483311944107 0.42500000000000077 3.8472740000000027 -1.2500000000000002 32009.500000000004 2430.5000000000005 2515.5000000000005 33742.500000000007 -1.6499999999999997 2376.5000000000005 4.5750000000000002 62.021563620449186 2897.5000000000005 23.475000000000005 -10.124999999999998 -726.49999999999989 29140.500000000004 27.675000000000001 131.50000000000003 1.5000000000000002 21.500000000000004 1741.5000000000002
decision_type=2 2 2 2 2 2 2 2 2 2 2 2 2 2 2 2 2 2 2 2 2 2 2 2 2 2 2 2 2 2 2 2 2 2 2 2 2 2 2 2 2 2 2 2 2 2 2 2 2 2 2 2 2 2 2 2 2 2 2 2 2 2
left_child=1 14 3 8 17 6 -6 -7 -2 12 18 -12 21 -13 27 23 32 43 -5 -20 25 26 -23 47 -25 -19 42 45 30 51 31 -29 -17 34 41 -36 40 52 -39 -40 54 50 46 -3 -4 49 -8 48 -16 57 -26 -30 -38 -54 55 -32 58 60 -56 -45 -1 -62
right_child=2 4 44 10 5 7 9 -9 -10 -11 11 13 -14 -15 15 16 -18 20 19 -21 -22 22 -24 24 33 -27 -28 28 29 -31 36 -33 -34 -35 35 -37 37 38 39 -41 -42 -43 -44 59 -46 -47 -48 -49 -50 -51 -52 -53 53 -55 56 -57 -58 -59 -60 -61 61 -63
leaf_value=-16.618601513373836 19.117931538203425 -0.014267600131164303 79.855032964605115 -3.9208186863199708 10.66923373235335 20.597795407178189 -0.71190079573862219 7.2950574765791325 81.719344847278492 14.217562079028994 24.184322849192281 11.363110467914085 17.410395102740956 6.6543665185347702 -1.4780613743725537 0.60136880239136925 16.974513292656752 6.8362390672399806 0.060620246571619449 29.710457752550749 3.0673432508995 12.622775444241757 -0.72430923366675326 0.29749445750312553 -3.2798876682421998 -0.90815847230540503 1.0377795070393629 7.6234641282730893 -0.52315716610421603 5.6343842034701037 -24.96762413635599 -13.810519383541642 -1.7968041491281028 -1.9426427416160059 -0.79556267722900031 0.54734655410383515 -16.636788898076652 0.92505206155249675 -2.5686773139762518 0.47314897426780905 5.0567993310818027 0.48352635626525814 1.6566672237802651 -0.7614190818167621 62.226345816246521 -11.346606334615924 -0.06714950334280062 -4.4412596875534751 -8.6683946639254756 -7.6490021678531761 -1.979560177392595 -1.6941879487496332 0.13532876046743358 -2.5949455911215886 -20.776674943566775 -3.0531023208856287 -17.157513373642878 -3.184415816813337 -17.082218469001145 -2.6224874617870215 -12.582841979005243 -2.5169290892052918
leaf_weight=3505 27 27 22 31 20 35 102 20 33 23 25 30 39 37 26 21 20 27 27 23 31 23 23 22 22 54 26 22 20 21 25 22 24 63 29 22 187 21 48 30 21 25 20 20 30 20 36 23 337 28 58 20 21 48 21 20 20 20 907 192 226 38
leaf_count=3505 27 27 22 31 20 35 102 20 33 23 25 30 39 37 26 21 20 27 27 23 31 23 23 22 22 54 26 22 20 21 25 22 24 63 29 22 187 21 48 30 21 25 20 20 30 20 36 23 337 28 58 20 21 48 21 20 20 20 907 192 226 38
internal_value=-0.00145373 -0.00203092 0.0121431 0.00934363 0.00184236 0.00459275 0.00314322 0.0127405 0.0179201 0.00222869 0.00634315 0.01 0.00133779 0.00679583 -0.00249471 -0.000957955 0.00525346 -0.00102535 0.0021455 0.00532934 0.00206066 0.00011734 0.00475054 -0.0016074 9.9543e-05 -7.14374e-10 -0.00102662 -0.00269436 -0.002143 0.00137479 -0.00229708 0.00170068 0.000266075 -0.000520311 0.000442024 0.00399217 -0.00242787 -0.00138553 0.00181635 -0.00065301 -0.00278967 -0.00125595 -0.00184061 -0.00248432 0.0245873 -0.00290532 -0.0023244 -0.00268065 -0.00282567 -0.00292054 -0.00220974 -0.00142145 -0.00263569 -0.00164978 -0.00287584 -0.00159645 -0.00293324 -0.00293579 -0.00296412 -0.002843 -0.00294341 -0.00253313
internal_weight=7006 6721 285 233 718 367 312 55 60 292 173 92 269 67 6003 692 65 351 81 50 112 230 46 627 241 81 184 5311 1474 61 1413 44 45 219 156 51 1369 355 99 78 1014 105 158 239 52 3837 138 386 363 3817 80 40 256 69 993 45 948 3789 928 212 3769 264
internal_count=7006 6721 285 233 718 367 312 55 60 292 173 92 269 67 6003 692 65 351 81 50 112 230 46 627 241 81 184 5311 1474 61 1413 44 45 219 156 51 1369 355 99 78 1014 105 158 239 52 3837 138 386 363 3817 80 40 256 69 993 45 948 3789 928 212 3769 264
is_linear=0
shrinkage=0.03


Tree=24
num_leaves=63
num_cat=0
split_feature=67 38 11 26 48 63 21 16 38 42 52 65 44 59 12 42 48 49 37 39 16 50 67 26 2 38 40 43 52 53 30 67 4 44 4 12 17 17 2 28 10 2 52 16 7 62 2 43 33 36 53 1 16 46 36 64 38 57 57 2 23 51
split_gain=51.2138 15.0211 8.67056 7.1831 6.82208 4.69879 3.51131 3.4317 3.44191 3.32272 3.13612 2.09493 1.84266 2.09776 1.68899 1.62066 1.4366 1.7208 1.90534 1.2846 2.10884 2.00736 4.67181 1.14389 1.13761 0.96259 0.925014 0.837045 1.28516 0.82966 0.855524 0.669333 0.65557 0.634485 1.48226 0.590381 0.531498 0.422337 0.405479 0.392467 0.413687 0.386969 0.333716 0.302564 0.217477 0.20008 0.516349 0.197624 0.191643 0.524311 0.170766 0.166658 0.159328 0.138831 0.134876 0.116122 0.100515 0.298522 0.0782724 0.089577 0.0696544 0.335449
threshold=142816.00000000003 29032.895833333339 146437.50000000003 67.137470062500014 770.50000000000011 5088.0000000000009 3.6606786763336303 4724.0000000000009 25071.208333333336 46755.062500000007 2493.5000000000005 725.50000000000011 30813.500000000004 2350.5000000000005 125154.00000000001 55993.125000000007 2078.5000000000005 1488.5000000000002 24120.500000000004 47905.500000000007 473.00000000000006 649.77083333333337 117958.50000000001 71.108169937500008 78.705185000000014 13694.125000000002 65454.500000000007 31958.500000000004 1635.5000000000002 709.50000000000011 65.158984430170236 135985.50000000003 13.500000000000002 28134.500000000004 19.500000000000004 117002.50000000001 27.625000000000004 -6.7749999999999995 42.817653500000006 5.7311200000000051 0.56392291514228221 78.35260000000001 2376.5000000000005 1684.5000000000002 28.500000000000004 2893.1041666666674 85.336810000000014 32009.500000000004 3.8644389435609523 13787.500000000002 2715.0000000000005 -5.9749999999999988 3655.0000000000005 33911.395833333336 13147.000000000002 123.50000000000001 26291.208333333339 9.5000000000000018 11390.000000000002 64.13648000000002 40.3230225 1473.5000000000002
decision_type=2 2 2 2 2 2 2 2 2 2 2 2 2 2 2 2 2 2 2 2 2 2 2 2 2 2 2 2 2 2 2 2 2 2 2 2 2 2 2 2 2 2 2 2 2 2 2 2 2 2 2 2 2 2 2 2 2 2 2 2 2 2
left_child=1 4 6 5 19 14 10 11 35 -5 23 12 13 25 -3 -12 31 43 -19 42 38 27 32 -2 -10 -6 39 28 -22 30 -11 33 -23 34 54 -9 -33 -35 -21 40 52 -20 45 -18 48 50 -47 -4 -39 -50 53 -29 -14 55 -13 -1 58 -58 60 -60 61 -57
right_child=2 3 47 9 7 -7 -8 8 24 29 15 16 26 -15 -16 -17 17 18 41 20 21 22 -24 -25 -26 -27 -28 51 -30 -31 -32 36 -34 37 -36 -37 -38 44 -40 -41 -42 -43 -44 -45 -46 46 -48 -49 49 -51 -52 -53 -54 -55 -56 56 57 -59 59 -61 -62 -63
leaf_value=-0.88204217205302771 74.316411818656235 65.523471805710386 77.459381975666972 6.6349600452310193 -0.65949745856162056 10.9975955238436 2.1107353778300491 1.4942190269726607 11.748533826822495 29.546299522975083 16.984237878569147 -4.2020385704374892 -0.96125503882435503 12.530605300880628 60.876703153771885 4.7706513417386409 -1.3926709527460588 5.6638642584747263 -1.1033562056854758 0.25855782508657255 0.60295846727603475 -8.0952720922595791 12.377570383356403 15.553146506904701 8.9865840012168388 0.39889782049529016 5.774655192027911 0.51665100738193759 -3.9829571343612424 -7.3224806892942107 -9.0354720012951635 -1.4926049302587892 1.266429677735897 4.1445223983618051 5.3624188572843128 -0.62273698663391253 3.4117088438328071 -2.1190848826085222 -12.260785828681987 0.1162910212158102 0.046796102541478125 1.3846015846183399 0.18934741727878671 1.3695626198315192 -0.37380586151265721 0.16549377742259516 -14.870081499560548 60.35955544175912 0.84535582849007562 -3.793275459430884 -5.7287826719664015 -8.2706230617496814 -0.38742782024586708 -4.2749606415260333 -3.0070467079829255 -12.348834778631828 0.71461796131961186 -19.327559776561415 -1.0113943511830099 -16.605397475436003 -16.042683454803601 0.23536268298850377
leaf_weight=29 27 26 22 24 37 30 33 21 34 20 20 20 89 31 21 25 50 21 21 20 23 41 33 26 20 30 20 20 32 68 20 26 23 29 25 41 29 510 428 20 24 20 24 20 32 20 44 30 20 46 21 113 20 25 48 72 20 48 20 20 4214 20
leaf_count=29 27 26 22 24 37 30 33 21 34 20 20 20 89 31 21 25 50 21 21 20 23 41 33 26 20 30 20 20 32 68 20 26 23 29 25 41 29 510 428 20 24 20 24 20 32 20 44 30 20 46 21 113 20 25 48 72 20 48 20 20 4214 20
internal_value=-0.00146658 -0.00188712 0.014189 0.00602582 -0.00213771 0.0133074 0.0100229 -0.000190937 0.00472868 0.00174867 0.0128746 -0.000674186 0.00163777 0.00492355 0.0192357 0.00691796 -0.00136081 0.00152157 0.00516908 -0.00261521 -0.00144046 0.000568221 0.00407827 0.0178531 0.0102588 0.00187779 -0.000207973 -0.00122807 0.00185118 -0.000471786 0.00291771 -0.00184945 -0.000608425 -0.0020915 0.00019334 -4.83099e-05 0.00130671 -0.00242976 -0.00272484 -0.00101894 -0.00162284 0.00131387 -0.00280265 -0.00166904 -0.0025999 -0.00282138 -0.00107644 0.0245873 -0.0027339 -0.00113465 -0.00284556 -0.00252442 -0.0024198 -0.00285826 -0.00207049 -0.00287097 -0.00288371 -0.00162996 -0.0029026 -0.00142145 -0.00291563 -0.00198697
internal_weight=7006 6823 183 209 6614 77 131 1304 116 132 98 1188 271 98 47 45 917 132 62 5310 733 285 97 53 54 67 173 188 55 108 40 785 64 730 93 62 55 637 448 153 133 41 4577 70 608 4553 64 52 576 66 4489 133 109 4468 68 4443 4414 68 4346 40 4306 92
internal_count=7006 6823 183 209 6614 77 131 1304 116 132 98 1188 271 98 47 45 917 132 62 5310 733 285 97 53 54 67 173 188 55 108 40 785 64 730 93 62 55 637 448 153 133 41 4577 70 608 4553 64 52 576 66 4489 133 109 4468 68 4443 4414 68 4346 40 4306 92
is_linear=0
shrinkage=0.03


Tree=25
num_leaves=63
num_cat=0
split_feature=0 70 5 0 50 23 3 58 55 38 5 16 1 67 49 34 12 51 5 2 28 62 18 43 18 42 21 2 44 20 29 21 70 11 57 2 1 34 16 49 59 56 59 16 4 18 62 50 43 53 65 18 34 34 51 21 16 29 1 2 59 1
split_gain=48.3288 21.1237 6.93137 5.90032 4.20455 4.0341 3.58298 3.4861 3.43254 2.78498 2.2588 2.2253 3.24429 2.161 2.14861 2.06456 2.08682 1.83274 1.71576 3.11632 1.65267 1.62066 1.44346 1.166 1.14277 1.13728 1.04118 0.92879 0.729241 1.11986 0.724919 0.654103 0.638011 0.792292 0.589926 0.588922 0.528118 0.454215 0.968067 0.44941 0.422184 0.319705 0.597361 0.298658 0.277965 0.214121 0.669104 0.321171 0.187008 0.178778 0.148181 0.144111 0.106058 0.0876177 0.450699 0.707043 0.0679045 0.354672 0.0365717 0.0388397 0.0364537 0.0347103
threshold=122117.50000000001 129030.81250000001 2.5000000000000004 140429.00000000003 623.79166666666674 73.520695000000003 65.872401334420161 2321.666666666667 2164.5000000000005 24746.541666666672 1.0000000180025095e-35 1.0000000180025095e-35 -8.3749999999999982 126254.50000000001 1279.5000000000002 0.14895914860584017 125831.50000000001 1785.5000000000002 1.5000000000000002 56.105232500000007 4.1554579999999968 1252.1666666666667 20.775000000000002 32258.500000000004 22.725000000000005 56354.812500000007 1.833738624292538 77.563045000000002 32158.500000000004 24.67604166666667 65.382037901920725 2.1227758909360297 116761.43750000001 113847.00000000001 6.5000000000000009 31.348176000000006 -1.4749999999999999 -0.92152700072759675 2026.5000000000002 1529.0000000000002 3882.5000000000005 7571.5000000000009 671.50000000000011 6684.5000000000009 18.500000000000004 24.375000000000004 1056.0416666666667 555.27083333333337 33940.000000000007 2737.5000000000005 7695.0000000000009 29.475000000000005 1.0956431136095868 1.4751221336119331 1732.5000000000002 4.0733080565196014 3897.0000000000005 63.189451080680989 0.87500000000000011 53.48647350000001 5120.5000000000009 21.975000000000005
decision_type=2 2 2 2 2 2 2 2 2 2 2 2 2 2 2 2 2 2 2 2 2 2 2 2 2 2 2 2 2 2 2 2 2 2 2 2 2 2 2 2 2 2 2 2 2 2 2 2 2 2 2 2 2 2 2 2 2 2 2 2 2 2
left_child=4 3 5 9 32 18 -5 11 36 27 21 22 -13 -11 -4 31 -17 26 -3 -20 25 -10 34 -18 -22 37 -14 28 29 -2 -31 -15 35 -34 -6 -1 -9 38 -12 58 -41 42 -39 45 -44 48 -47 61 49 53 -36 -30 -43 56 60 -56 -37 -58 -38 -60 -55 -48
right_child=1 2 14 6 7 -7 -8 8 10 13 20 12 17 15 -16 16 23 -19 19 -21 24 -23 -24 -25 -26 -27 -28 -29 51 30 -32 -33 33 -35 50 43 39 41 -40 40 -42 52 44 -45 -46 46 47 -49 -50 -51 -52 -53 -54 54 55 -57 57 -59 59 -61 -62 -63
leaf_value=0.070956167865937406 2.4758982451107752 72.57978878034379 7.559428462630275 7.7271196104063478 2.0642314267475914 45.88187440545223 32.108486622044055 8.9730920580371549 6.6767518997888677 8.3551032854837324 -11.479542070041685 19.933335766532675 12.483187213901576 15.186778215664861 45.456869733045963 6.9972291906604243 4.948302030723986 2.6293263647709093 54.687176720551655 65.279882028689897 7.8189252646981586 0.06859924005749668 10.590826648346786 -0.39519363566224408 -0.2852350043314234 7.573518954655178 -6.2053084242200054 5.5691456239633021 -0.95296129291846188 -0.63213685927788155 1.6547111123869473 -1.902231678987726 5.5885049928217478 -13.877352420184781 -5.5225107950797856 -15.18181819966436 -4.5496163336322883 0.19019891884750301 0.52468738052172781 -2.0261067575491829 0.30366318134557202 -1.9376905682934842 0.030507277533512456 -1.6827663471018584 -0.88097922652281324 0.54697531312700698 -4.8608217696310785 0.038955936466302639 -4.721750364425974 -3.5397412308031901 -0.21513131951933873 -0.32248841045708765 -0.14012107686258743 -12.476323190162915 -3.0445809171845841 0.82204715027204012 -13.134255319322037 0.63633506987799615 -0.79147394270509774 -10.588599341728102 -10.332612411113569 -8.007446058410169
leaf_weight=38 25 43 38 38 35 22 20 26 20 24 24 25 20 21 29 22 32 23 20 28 23 25 20 23 25 25 48 31 100 52 30 49 31 35 85 3681 20 21 24 24 26 142 34 27 55 27 20 23 20 21 21 22 29 297 35 27 161 20 20 816 20 198
leaf_count=38 25 43 38 38 35 22 20 26 20 24 24 25 20 21 29 22 32 23 20 28 23 25 20 23 25 25 48 31 100 52 30 49 31 35 85 3681 20 21 24 24 26 142 34 27 55 27 20 23 20 21 21 22 29 297 35 27 161 20 20 816 20 198
internal_value=-0.00147943 0.00618742 0.014975 0.00294418 -0.00228938 0.0195225 0.0119277 -0.00098726 -0.0016054 0.00172582 0.000550212 0.00207867 0.00524548 0.00469901 0.00724292 0.00330387 0.00669261 0.00256861 0.0223271 0.0181497 -0.000156678 0.00691796 -0.00018622 0.00348457 0.00505197 -0.000872636 4.40521e-05 -0.000219147 -0.000890442 0.000896358 -0.000767358 -0.000385165 -0.00274935 0.000136157 -0.00127569 -0.00279127 -0.00264242 -0.00134913 0.00130977 -0.0027646 0 -0.0018143 -0.000517712 -0.00282231 -0.00161616 -0.00284104 -0.0019806 -0.00248859 -0.00289414 -0.00290772 -0.00240339 -0.00248157 -0.00263004 -0.00292141 -0.00243735 -4.83099e-05 -0.00296808 -0.00231916 -0.00292606 -0.00296017 -0.00289499 -0.00284732
internal_weight=7006 669 180 489 6337 113 58 1656 1379 431 447 277 116 171 67 147 77 91 91 48 402 45 161 55 48 354 68 260 229 107 82 70 4681 66 141 4615 932 329 48 906 50 281 110 4577 89 4550 268 241 4282 4262 106 122 171 4241 379 62 3862 181 856 836 317 218
internal_count=7006 669 180 489 6337 113 58 1656 1379 431 447 277 116 171 67 147 77 91 91 48 402 45 161 55 48 354 68 260 229 107 82 70 4681 66 141 4615 932 329 48 906 50 281 110 4577 89 4550 268 241 4282 4262 106 122 171 4241 379 62 3862 181 856 836 317 218
is_linear=0
shrinkage=0.03


Tree=26
num_leaves=63
num_cat=0
split_feature=47 47 47 16 16 10 47 70 28 22 0 16 0 34 43 24 34 28 29 53 55 62 0 43 16 38 42 49 4 60 54 66 30 54 52 52 35 37 70 30 37 22 63 27 21 18 21 53 62 61 0 1 57 0 28 24 37 0 16 40 62 1
split_gain=55.9645 11.9842 11.9665 5.44154 4.99941 3.51552 2.77597 2.69192 2.56413 2.26727 2.06733 3.65942 1.98063 1.91783 1.79754 1.69872 1.67351 2.74531 1.503 1.34818 1.09171 1.05081 0.868812 2.04168 1.66945 2.78792 1.49415 0.863012 1.27374 0.830975 0.659451 0.989109 1.18137 0.579788 1.51732 0.562632 0.558313 0.768284 0.490855 0.464329 0.377398 0.309624 0.296186 0.595335 0.265106 0.228388 0.44917 0.169137 0.163118 0.162381 0.127429 0.109742 0.107968 0.287297 0.0850342 0.255568 0.0464938 0.120975 0.0447635 0.126224 0.0375475 0.0342385
threshold=2239.0000000000005 1350.5000000000002 4465.0000000000009 -1922.9999999999998 -1046.4999999999998 0.56392291514228221 3318.0000000000005 121905.20833333336 4.1554579999999968 -0.9250000000000006 116647.00000000001 4369.0000000000009 140429.00000000003 0.71343606105629587 29343.000000000004 79.044240000000016 0.14895914860584017 -0.21347649999999871 64.224159273741734 1366.5000000000002 3162.5000000000005 1473.1250000000002 90363.000000000015 29681.500000000004 1947.5000000000002 13551.437500000002 36511.937500000007 811.00000000000011 19.500000000000004 192.50000000000003 1941.1875000000002 1263.1250000000002 64.881778897014868 2091.104166666667 2138.5000000000005 1860.5000000000002 28055.000000000004 19885.000000000004 127515.54166666667 62.734785678965032 7562.5000000000009 -1.2500000000000002 192.50000000000003 14.822701340692861 4.2256396342175888 -8.3749999999999982 2.2942739731561477 2715.0000000000005 2662.541666666667 923.50000000000011 114664.00000000001 19.775000000000002 10517.500000000002 107660.00000000001 7.8707664999999993 56.105232500000007 9671.0000000000018 99765.000000000015 5561.5000000000009 47522.500000000007 924.47916666666686 30.825000000000006
decision_type=2 2 2 2 2 2 2 2 2 2 2 2 2 2 2 2 2 2 2 2 2 2 2 2 2 2 2 2 2 2 2 2 2 2 2 2 2 2 2 2 2 2 2 2 2 2 2 2 2 2 2 2 2 2 2 2 2 2 2 2 2 2
left_child=1 10 3 9 13 8 16 -7 12 -2 22 38 14 41 -6 21 19 -18 35 -5 -4 -15 54 24 27 44 -27 48 51 -25 31 32 -16 34 -11 -13 40 -38 49 -33 -31 -3 43 -42 -26 46 -44 52 -24 -12 -39 -29 56 -54 -1 -56 57 -47 60 -60 -58 -51
right_child=2 4 20 6 5 7 -8 -9 -10 33 11 18 -14 15 30 -17 17 -19 -20 -21 -22 -23 23 29 25 26 -28 28 -30 36 -32 39 -34 -35 -36 -37 37 50 -40 -41 42 -43 45 -45 -46 47 -48 -49 -50 61 -52 -53 53 -55 55 -57 58 -59 59 -61 -62 -63
leaf_value=-15.995093667579017 6.7759341812646214 0.025035488637250528 75.098537569672203 35.941256826299501 5.6563204744921967 6.0614156274570457 52.418490632363302 20.817793066797709 10.608554024530493 -2.3071011600601543 -0.54833204104241029 1.3383072560027733 25.103338582034681 3.4756767143451737 2.6646798634928324 2.7143470090162247 14.206944374966557 23.108106685771553 9.6321552244273096 2.9882624416073051 71.022067928939819 -0.86517974161684097 -8.304542314063335 0.6598731365115369 -2.7711301085851727 0.75741573945839491 2.0249966476743322 -6.0165346673673685 0.44965482966823855 0.19358547006942589 -0.502913123630363 -0.6158347216637029 0.012473642923686547 -1.4777487195217822 10.20575585179988 -0.34960905503031714 7.2294019201107096 -5.7059106524569199 15.925858460585403 1.8349525805483478 -8.4416245358193169 -1.6733165370023766 1.419409024608121 0.072336437862340258 0.15678831635154222 -8.9186818889478747 -10.465319540501563 -0.017258464161283224 -2.3781255504505672 -3.9717250733599134 -7.8288261112589224 -0.050591749568662712 -8.0725295636121572 0.35465061032944584 -1.7575982083495532 -14.674055768388021 -4.8280554927976675 -3.5109741597759809 -6.7787335406910918 -0.50368081509047313 -12.072937335651812 -1.0739786058151108
leaf_weight=2968 23 23 36 24 22 24 21 20 37 29 20 37 25 20 20 31 21 21 35 29 32 49 144 25 35 21 25 29 29 20 62 39 20 29 20 24 24 41 24 29 54 181 21 35 20 36 62 21 21 181 20 20 43 20 24 60 20 20 40 20 1860 20
leaf_count=2968 23 23 36 24 22 24 21 20 37 29 20 37 25 20 20 31 21 21 35 29 32 49 144 25 35 21 25 29 29 20 62 39 20 29 20 24 24 41 24 29 54 181 21 35 20 36 62 21 21 181 20 20 43 20 24 60 20 20 40 20 1860 20
internal_value=-0.00150512 -0.0020577 0.0115117 0.00804238 0.00197808 0.00474002 0.0124806 0.012585 0.00336482 0.00290801 -0.00245526 -0.000175902 0.00210041 -0.000720159 0.00104633 0.00266733 0.0102208 0.0147506 0.00477627 0.00655367 0.022511 0 -0.00258926 -0.00219544 -2.61559e-05 0.00320475 0.0086551 -0.00138215 0.00119078 -0.00250745 0 0.00141536 0.00516209 0.000422534 0.00244399 0.00186579 -0.00256587 -0.000141011 -0.00212974 -0.000748899 -0.00265525 -0.00239589 -0.00269215 -0.000942762 -0.00130672 -0.0027627 -0.00115524 -0.00282535 -0.0026166 -0.00257802 -0.00196399 -0.0017108 -0.0028527 -0.0015214 -0.00293994 -0.00189061 -0.00289314 -0.00187166 -0.00292098 -0.00194676 -0.00295038 -0.00283441
internal_weight=7006 6721 285 217 602 298 116 44 254 101 6119 341 217 304 192 100 95 42 96 53 68 69 5778 2726 344 101 46 243 78 2382 170 108 40 78 49 61 2357 85 245 68 2272 204 2252 89 55 2163 83 2080 165 221 61 49 2059 63 3052 84 1996 56 1940 60 1880 201
internal_count=7006 6721 285 217 602 298 116 44 254 101 6119 341 217 304 192 100 95 42 96 53 68 69 5778 2726 344 101 46 243 78 2382 170 108 40 78 49 61 2357 85 245 68 2272 204 2252 89 55 2163 83 2080 165 221 61 49 2059 63 3052 84 1996 56 1940 60 1880 201
is_linear=0
shrinkage=0.03


Tree=27
num_leaves=63
num_cat=0
split_feature=47 47 47 16 16 16 20 39 20 39 57 16 35 24 49 45 11 34 24 65 26 59 16 38 55 55 47 16 36 32 62 59 59 63 34 43 37 11 38 23 54 18 56 66 50 41 18 7 25 62 11 28 18 16 3 44 70 11 37 47 16 29
split_gain=53.2476 12.6702 10.8909 5.19495 4.35597 2.48779 2.75267 2.39208 2.24791 2.15721 3.15269 1.83576 3.9758 3.64763 1.81106 1.73551 1.72301 1.71393 1.90969 1.70308 2.16819 1.608 2.16951 1.29042 1.09171 1.05566 0.99001 1.09274 0.809679 1.20535 0.786487 0.775167 1.78974 0.650322 1.22092 0.645303 0.59241 0.559324 0.397803 0.644763 0.38604 0.927229 0.299415 0.295917 0.268637 0.419171 0.16521 0.205541 0.156113 0.154556 0.226322 0.127959 0.118254 0.267419 0.103889 0.0825521 0.470646 0.59241 0.165461 0.0724095 0.59423 0.0331473
threshold=2239.0000000000005 4465.0000000000009 1272.5000000000002 -1922.9999999999998 5045.0000000000009 -1046.4999999999998 20.87916666666667 63290.000000000007 18.836458333333336 68971.500000000015 131.50000000000003 1134.0000000000002 26280.500000000004 73.408489000000017 1630.5000000000002 32610.500000000004 140414.00000000003 0.71343606105629587 79.044240000000016 468.50000000000006 82.84859800000001 3437.5000000000005 2026.5000000000002 22855.354166666668 3162.5000000000005 9026.5000000000018 594.50000000000011 6014.0000000000009 15255.000000000002 58.752602006358934 1473.1250000000002 3437.5000000000005 4482.5000000000009 391.50000000000006 0.42504966562929886 25499.500000000004 22722.500000000004 132885.00000000003 29432.020833333336 79.819300000000013 1243.291666666667 21.975000000000005 10529.000000000002 503.37500000000006 799.00000000000011 49876.500000000007 -4.8249999999999984 16.500000000000004 63.117460500000007 2795.6458333333335 96393.000000000015 15.515343000000007 -8.3749999999999982 -489.49999999999994 62.804537608028589 29339.500000000004 91506.770833333343 85140.500000000015 15075.500000000002 830.50000000000011 291.50000000000006 53.01234533039905
decision_type=2 2 2 2 2 2 2 2 2 2 2 2 2 2 2 2 2 2 2 2 2 2 2 2 2 2 2 2 2 2 2 2 2 2 2 2 2 2 2 2 2 2 2 2 2 2 2 2 2 2 2 2 2 2 2 2 2 2 2 2 2 2
left_child=2 3 11 14 5 17 8 31 21 10 -5 38 19 -14 37 -6 -12 44 30 20 23 22 -7 33 -3 -9 35 28 29 40 -19 48 -33 34 -13 -21 -15 -2 51 -40 -28 -42 -35 -37 45 -4 47 -45 -8 55 -51 52 53 -1 -34 56 58 -58 -48 -54 61 -61
right_child=1 24 4 9 15 6 7 25 -10 -11 16 12 13 36 -16 -17 -18 18 -20 26 -22 -23 -24 -25 -26 -27 27 -29 -30 -31 -32 32 54 42 -36 43 -38 -39 39 -41 41 -43 -44 46 -46 -47 49 -49 -50 50 -52 -53 59 -55 -56 -57 57 -59 -60 60 -62 -63
leaf_value=-18.458680011675042 -3.4122399435225943 72.845581442582031 -4.3681831386712719 46.335461010534935 4.1236596924261484 2.9217382834786694 -0.65075629309576943 14.4727030205314 12.015321642795987 34.830101920761763 3.4297930038071462 0.48317521794764923 13.095480242939516 4.2302747424379863 6.3788045420099531 9.2121005536738014 18.795925072706368 8.0943939113652359 2.6329165987457404 0.45462208573387414 1.3280344333537644 -0.90114455338843102 22.999557860546759 2.8984395841584409 68.891405891071628 13.926743891521527 -4.3749301865881396 6.2692439850256205 -1.4178859264796446 0.34226970516761923 -0.91763650731213542 2.3271000548404621 -1.5245220361092624 -4.4575032928293732 -4.219463720355499 -0.4386860765336803 -9.7013327301015639 12.846216056975289 -5.5042790379502211 10.569171285991423 0.62341090182117154 -3.4235246660120859 0.10130057796468191 7.1391943632401338 -1.8281212822570896 0.093308137622535564 -14.553485047970545 -16.368016968833988 -0.02075341337260312 -20.271549675521825 0.10140486932538852 -5.6134339118283787 -15.611280935948399 -4.1332106137920857 -0.04985382862446238 -12.10256365190372 -11.809136340615289 0.67806241564586289 -7.0560099496187583 -3.9374130100656095 0.091089749964622907 -6.1522418257729736
leaf_weight=66 37 36 35 35 26 30 81 22 25 28 33 20 20 20 39 21 20 25 31 21 21 20 20 22 32 22 53 25 151 31 53 23 26 112 22 25 21 25 34 22 20 38 24 20 169 30 274 21 20 25 20 27 3400 37 20 1045 21 20 22 21 35 266
leaf_count=66 37 36 35 35 26 30 81 22 25 28 33 20 20 20 39 21 20 25 31 21 21 20 20 22 32 22 53 25 151 31 53 23 26 112 22 25 21 25 34 22 20 38 24 20 169 30 274 21 20 25 20 27 3400 37 20 1045 21 20 22 21 35 266
internal_value=-0.00150084 0.0111961 -0.00203985 0.00762782 0.00150193 0.000860297 0.00281462 0.000910789 0.00706625 0.0119638 0.00956867 -0.00245147 -0.00173549 0.00579378 0.00261128 0.0103185 0.00485876 -0.000891869 0.00219982 -0.00196094 0.000515603 0.0042368 0.00712575 -0.000434783 0.022511 0.00714286 -0.00226134 -0.000726187 -0.00124872 0.000358901 -0.000268887 -0.000687831 0.00173661 -0.00129702 0.00192399 -0.00258173 0.000583941 -0.000531402 -0.00283795 -0.00026738 -0.00108011 0.000567986 -0.00231448 -0.00265622 -0.00234515 -0.000645162 -0.00271167 -0.000729928 -0.00237389 -0.00276645 -0.000931265 -0.00287454 -0.00288934 -0.00180407 -0.0016269 -0.00282396 -0.00236725 0.000583941 -0.00278622 -0.00291851 -0.00243092 -0.00288401
internal_weight=7006 285 6721 217 699 652 309 214 95 116 88 6022 2114 61 101 47 53 343 109 2053 221 70 50 200 68 44 1832 318 293 142 78 170 69 178 42 1514 41 62 3908 56 111 58 136 1493 234 65 1468 41 101 1427 45 3852 3825 103 46 1382 337 41 296 3722 322 287
internal_count=7006 285 6721 217 699 652 309 214 95 116 88 6022 2114 61 101 47 53 343 109 2053 221 70 50 200 68 44 1832 318 293 142 78 170 69 178 42 1514 41 62 3908 56 111 58 136 1493 234 65 1468 41 101 1427 45 3852 3825 103 46 1382 337 41 296 3722 322 287
is_linear=0
shrinkage=0.03


Tree=28
num_leaves=63
num_cat=0
split_feature=47 47 0 0 45 20 4 63 0 60 39 41 30 0 4 20 54 66 40 19 65 56 33 60 63 42 62 49 15 17 64 54 41 27 53 4 53 4 28 47 26 62 23 61 19 17 31 62 15 19 28 1 1 22 47 33 65 23 42 30 1 24
split_gain=49.4545 16.7114 6.97234 5.17846 5.21444 2.98707 2.95531 2.03923 1.98771 2.36544 2.94111 1.9798 1.8601 1.6707 1.51358 1.40987 1.30822 1.76149 2.4688 1.10321 0.893975 0.970917 1.81666 1.54862 1.21022 0.85772 0.759498 0.720084 0.71618 0.665942 0.945469 0.879894 0.638583 0.591952 0.565848 0.519019 0.405442 0.947067 1.25458 0.537188 0.394746 0.352131 0.299601 0.224483 0.416609 0.199701 0.189648 0.179715 0.559063 0.699592 0.175218 0.136731 0.111538 0.102082 0.0896607 0.294816 1.34255 0.183615 0.536514 0.145882 0.255031 0.0637006
threshold=3318.0000000000005 1350.5000000000002 142185.50000000003 142185.50000000003 33824.500000000007 20.747916666666672 21.500000000000004 1008.5000000000001 116647.00000000001 666.50000000000011 51478.000000000007 51315.000000000007 64.354798707297775 121770.50000000001 7.5000000000000009 26.705208333333335 2135.0000000000005 1263.1250000000002 59610.500000000007 22.975000000000005 690.50000000000011 6350.5000000000009 2.053969312638086 1008.5000000000001 249.50000000000003 57231.062500000007 1267.8125000000002 198.50000000000003 4886.4832064743314 -4.3749999999999991 2744.5000000000005 1351.291666666667 62840.000000000007 11.654976738122004 2419.5000000000005 16.500000000000004 1948.5000000000002 18.500000000000004 3.4475519999999951 563.50000000000011 85.307853041666689 2231.9375000000005 31.348176000000006 2084.5000000000005 27.975000000000005 29.475000000000005 58.440874327927851 2746.6458333333335 10884.824951886889 13.425000000000002 6.0684030000000009 18.525000000000002 27.825000000000006 -0.80000000000000038 246.50000000000003 4.4158992724764818 8125.5000000000009 44.986072500000006 35249.937500000007 47.954823619617862 18.975000000000005 69.170876000000007
decision_type=2 2 2 2 2 2 2 2 2 2 2 2 2 2 2 2 2 2 2 2 2 2 2 2 2 2 2 2 2 2 2 2 2 2 2 2 2 2 2 2 2 2 2 2 2 2 2 2 2 2 2 2 2 2 2 2 2 2 2 2 2 2
left_child=1 8 5 4 11 6 12 -4 20 10 -10 -2 19 26 -14 28 17 18 -15 27 21 46 23 -23 -24 -20 -7 -3 -11 30 -22 41 -9 -26 52 -18 42 40 39 -39 -38 53 -31 44 -30 -27 -1 54 49 -49 -28 -29 -19 -32 -44 57 -57 58 -56 60 -59 -35
right_child=3 2 7 -5 -6 13 -8 32 9 15 -12 -13 14 16 -16 -17 35 34 25 -21 29 22 24 -25 33 45 50 51 43 36 31 -33 -34 61 -36 -37 37 38 -40 -41 -42 -43 47 -45 -46 -47 -48 48 -50 -51 -52 -53 -54 -55 55 56 -58 59 -60 -61 -62 -63
leaf_value=-0.46031664544159229 -2.0366703258776018 5.1648137862947259 33.095342991772725 67.693705318185678 63.218165731214228 0.45008238869856287 12.129177664462974 14.966139330764598 -11.096456922748994 7.9966167556416012 15.465879308904915 22.294828939373723 2.7484437186888702 6.6560054196105058 31.923153882749048 6.9137697122911321 0.62833487139051891 -0.23840539732436128 5.9434832792052648 5.7498563261802769 6.8062900630254388 1.2574359985622854 0.46867996140921686 0.0011136346022026045 0.18372298820679733 1.5543854112663529 -0.78699007084859129 -3.2995530068207093 -1.2427633847760917 -0.66146832704503966 -3.2351483891283976 6.361005809908912 14.011920164297155 -4.0913149997647071 2.228760729092603 -0.57404564008814618 -8.6958541494780803 -11.939496946425997 0.50201417193023745 0.2927914443235069 0.12708207860446083 5.3015430602009532 -21.68816862340217 -3.640549662918815 0.91709487566501147 -1.1440359514159353 -8.8573252438766747 -13.346331696048862 -10.677434995887591 0.27880488090669864 -0.0092386765128727628 -0.081176458897637499 -1.1467388223002475 -14.492339022679225 0.7663598725036157 -9.8743020439553018 7.6213457398978504 0.15488962455607466 -7.6702885119213393 -9.9176185553776879 -6.6144943536054068 -4.3030088918515119
leaf_weight=36 21 33 21 41 30 34 24 21 20 24 20 30 33 21 35 29 36 20 21 20 31 20 20 20 20 20 159 50 47 27 31 21 20 113 39 68 322 55 25 29 20 20 2711 181 20 20 234 21 104 23 20 20 30 190 20 70 20 20 81 1403 32 39
leaf_count=36 21 33 21 41 30 34 24 21 20 24 20 30 33 21 35 29 36 20 21 20 31 20 20 20 20 20 159 50 47 27 31 21 20 113 39 68 322 55 25 29 20 20 2711 181 20 20 234 21 104 23 20 20 30 190 20 70 20 20 81 1403 32 39
internal_value=-0.00155222 -0.00188826 0.0022899 0.017371 0.012873 0.00143365 0.00437936 0.0119324 -0.00241114 -0.000175902 0.00665835 0.00692759 0.00310832 0.000129071 0.00709251 -0.00109598 0.00167939 0.00329632 0.00646772 0.000877335 -0.00254253 -0.00132045 9.04775e-05 0.00591022 -0.0011088 0.00333879 -0.00185828 -0.000349176 -0.00177508 -0.00265821 -0.00124872 -0.00184281 0.00788321 -0.00193492 0.0003367 -0.000951009 -0.00274046 -0.00186212 0.000549953 -0.00117717 -0.00263958 -0.00236416 -0.00282717 -0.00226119 -0.000715351 0.000673316 -0.0025435 -0.00284611 -0.00176232 0.00102041 -0.00264657 -0.002097 -0.00173653 -0.0027137 -0.00288219 -0.00268817 -0.000965594 -0.00278581 -0.00148368 -0.00287403 -0.00120921 -0.00258383
internal_weight=7006 6884 765 122 81 703 215 62 6119 341 40 51 191 488 68 301 275 171 82 123 5778 502 232 40 192 61 213 103 272 5276 293 262 41 172 89 104 4983 451 109 84 342 241 4532 248 67 40 270 4505 148 44 179 70 50 221 4357 1646 90 1556 101 1455 52 152
internal_count=7006 6884 765 122 81 703 215 62 6119 341 40 51 191 488 68 301 275 171 82 123 5778 502 232 40 192 61 213 103 272 5276 293 262 41 172 89 104 4983 451 109 84 342 241 4532 248 67 40 270 4505 148 44 179 70 50 221 4357 1646 90 1556 101 1455 52 152
is_linear=0
shrinkage=0.03


Tree=29
num_leaves=63
num_cat=0
split_feature=47 47 16 0 18 0 13 25 48 50 55 29 54 13 33 17 31 51 52 44 1 61 24 49 31 16 34 37 37 41 51 39 47 5 1 10 16 16 1 54 12 2 32 43 0 4 27 18 16 54 61 64 22 14 48 0 28 47 40 52 55 16
split_gain=46.92 16.0222 6.79265 5.79475 4.65599 3.61576 3.35053 2.62019 2.30981 2.11056 3.48061 3.07798 2.01967 2.74832 1.88301 1.70167 1.63766 1.35978 1.16571 1.23462 1.31694 1.12412 1.1276 1.1248 1.85266 1.12404 1.8468 1.07716 1.43577 2.80756 1.07751 0.666019 0.613356 0.594221 0.562083 0.805663 0.545129 0.492171 0.455329 0.449422 0.413643 0.377181 0.374939 0.354059 0.776888 0.246788 0.385344 0.218578 0.425273 0.196417 0.676671 0.172801 0.14462 0.137619 0.132908 0.119544 0.0981626 0.0396624 0.393728 0.39474 0.0585165 0.101766
threshold=3318.0000000000005 1350.5000000000002 -1046.4999999999998 142185.50000000003 -11.774999999999999 142185.50000000003 117806.50000000001 77.920925000000025 1860.0000000000002 612.77083333333337 4384.0000000000009 64.224159273741734 1880.2083333333337 108019.50000000001 1.9302257735672936 -10.124999999999998 64.283264473654597 1329.5000000000002 2301.5000000000005 32305.500000000004 29.825000000000006 3198.5000000000005 72.910545500000026 1135.0000000000002 65.261257126571763 70.500000000000014 -0.86877849347578351 23970.000000000004 13237.000000000002 42215.000000000007 1920.5000000000002 46149.500000000007 1914.5000000000002 2.5000000000000004 -1.4749999999999999 0.56392291514228221 6490.5000000000009 -2390.9999999999995 -7.8749999999999991 1496.7083333333337 123741.00000000001 31.348176000000006 64.482774892917192 25438.500000000004 88115.500000000015 13.500000000000002 12.659611257506258 -9.0249999999999986 121.00000000000001 1964.6250000000002 1986.0000000000002 101.50000000000001 -1.4499999999999995 119256.50000000001 1792.5000000000002 98632.500000000015 15.515343000000007 246.50000000000003 28970.500000000004 1061.5000000000002 1.0000000180025095e-35 -1106.4999999999998
decision_type=2 2 2 2 2 2 2 2 2 2 2 2 2 2 2 2 2 2 2 2 2 2 2 2 2 2 2 2 2 2 2 2 2 2 2 2 2 2 2 2 2 2 2 2 2 2 2 2 2 2 2 2 2 2 2 2 2 2 2 2 2 2
left_child=1 9 21 4 -2 6 7 12 -7 36 15 17 31 -14 -9 -11 -6 -12 19 20 -8 38 37 -24 -25 -19 -27 28 55 -30 -31 -4 -26 -32 35 54 41 52 -3 -33 -21 -1 43 44 -43 -36 -47 48 -45 51 -51 -49 -23 -20 -17 -28 57 -53 59 -59 61 -60
right_child=3 2 5 -5 16 8 18 14 -10 10 11 -13 13 -15 -16 34 -18 25 53 40 -22 22 23 24 32 26 27 -29 29 30 33 39 -34 -35 45 -37 -38 -39 -40 -41 -42 42 -44 47 -46 46 -48 49 -50 50 -52 56 -54 -55 -56 -57 -58 58 60 -61 -62 -63
leaf_value=-0.22464681017574742 64.984565986988798 2.5687332662103888 5.294381043248193 65.662894158640114 -1.9990575594878979 11.186027164656531 5.7558174896977858 21.511597659812161 32.8134188364333 5.9425327920851752 -1.9655771412572203 7.4441881583134286 0.73460751473356622 16.542052663376872 14.829388244875584 -13.008461392437463 8.7138705859198069 -4.599263989743589 -0.51779548091934169 0.21550625622059225 0.42851453754050717 0.11534409515085911 -0.78233240711746854 5.6663049708378335 -0.21097600645323386 0.56237650655292026 -4.2375127901356135 -1.4526536577984808 0.54009439240239943 1.101816186476658 0.04913403635745206 -0.89140523900314628 4.931088407010221 -1.4146808883630742 -12.819712925503572 14.11902748593652 0.5267175657021177 6.4104436194683085 -3.2444293721382818 3.6585316434071098 -0.46685762834909439 -15.693599602584332 0.30106285695616608 -22.392094763177262 0.43609478851433442 0.9302021446741241 -6.8783354228112596 -4.061802125900571 1.273709579931483 -11.322761179038254 0.3851998672572719 -20.773188337170886 -0.77698751092550866 -0.45848584702621775 0.28662140327984842 0.057775479587581058 -11.086352336570833 0.22270546871340846 -22.237662773709889 -9.9564261048744314 -8.9450883588755694 -0.47955156661295217
leaf_weight=36 36 27 20 41 22 25 22 26 30 32 113 33 21 25 21 46 23 50 51 20 21 20 25 20 21 26 35 47 21 36 31 31 20 37 827 24 39 27 166 20 26 39 21 37 20 23 34 21 22 72 26 2630 60 20 20 20 33 28 25 26 1569 20
leaf_count=36 36 27 20 41 22 25 22 26 30 32 113 33 21 25 21 46 23 50 51 20 21 20 25 20 21 26 35 47 21 36 31 31 20 37 827 24 39 27 166 20 26 39 21 37 20 23 34 21 22 72 26 2630 60 20 20 20 33 28 25 26 1569 20
internal_value=-0.00155222 -0.00187955 0.00221147 0.0168796 0.0121332 0.00506463 0.00384141 0.00685558 0.012196 -0.00239153 -0.0013896 0.000801602 0.00440649 0.00930586 0.0128662 -0.00237054 0.00558758 9.37268e-05 0.000730793 0.0030303 0.00668213 -0.000582751 0.00102537 0.00358885 0.00579378 0.00114814 0.0019676 0.00108322 0.00214881 0.00393285 0.0018732 0.00118143 0.00204379 -0.000308371 -0.00259624 -0.000299668 -0.00270342 -0.0010084 -0.00220611 -0.000587085 -0.00032538 -0.00273335 -0.0027574 -0.00277599 -0.000406092 -0.0028266 -0.000840631 -0.00280633 -0.000913706 -0.00283072 -0.00143731 -0.00286138 -0.00220974 -0.00210971 -0.00204236 -0.00185118 -0.00287456 -0.00288756 -0.00274624 -0.000166359 -0.00283068 -0.00159645
internal_weight=7006 6884 765 122 81 379 324 164 55 6119 1455 449 117 46 47 1006 45 416 160 89 43 386 193 86 61 303 253 227 180 125 104 71 41 68 974 90 4664 107 193 51 46 4625 4589 4568 59 884 57 4509 59 4450 98 4352 80 71 66 55 4331 4298 1668 54 1614 45
internal_count=7006 6884 765 122 81 379 324 164 55 6119 1455 449 117 46 47 1006 45 416 160 89 43 386 193 86 61 303 253 227 180 125 104 71 41 68 974 90 4664 107 193 51 46 4625 4589 4568 59 884 57 4509 59 4450 98 4352 80 71 66 55 4331 4298 1668 54 1614 45
is_linear=0
shrinkage=0.03


Tree=30
num_leaves=63
num_cat=0
split_feature=47 47 47 16 19 16 70 13 47 10 16 54 29 16 34 43 28 3 47 57 19 1 34 10 24 53 3 16 19 53 53 5 40 59 1 16 48 68 39 17 62 64 52 22 4 45 46 61 47 22 48 48 22 47 22 43 16 35 4 45 4 16
split_gain=48.2608 12.9546 7.23001 4.86749 4.64166 4.16445 4.14465 2.2478 2.20144 3.07535 2.42122 2.07687 1.9646 1.77568 1.71866 1.63236 1.57958 1.46938 1.2795 1.09023 1.6859 1.00059 1.03205 1.44992 0.998004 0.974255 0.837843 0.780899 0.809252 0.84325 1.41072 0.964344 0.676671 0.575377 0.672914 0.565102 0.906843 0.529248 0.562282 0.416229 1.17659 0.541983 0.334807 0.622607 0.449337 1.08316 0.334775 0.28459 0.218856 0.173238 0.170702 0.16803 0.199701 0.147754 0.100237 0.0993613 0.422143 0.632241 0.197802 0.0805686 0.089577 0.0373467
threshold=2795.0000000000005 1350.5000000000002 4465.0000000000009 -160.49999999999997 27.625000000000004 -951.49999999999989 122204.37500000001 117806.50000000001 747.50000000000011 0.56392291514228221 1169.5000000000002 1932.5833333333335 64.224159273741734 -2965.4999999999995 0.28261239758228746 29287.500000000004 0.48147749999999695 62.327032901371162 1914.5000000000002 8301.0000000000018 24.525000000000002 25.275000000000002 0.074485010940378529 0.56392291514228221 72.910545500000026 887.50000000000011 65.872401334420161 70.500000000000014 27.825000000000006 1860.5000000000002 2054.5000000000005 2.5000000000000004 53936.000000000007 2200.5000000000005 24.525000000000002 4962.0000000000009 350.50000000000006 126254.50000000001 64652.500000000007 -4.3749999999999991 2246.0833333333335 2744.5000000000005 1785.5000000000002 2.4000000000000017 21.500000000000004 28585.000000000004 33758.687500000007 221.50000000000003 2239.0000000000005 -0.80000000000000038 1469.5000000000002 666.50000000000011 -0.19999999999999948 695.50000000000011 -1.6499999999999997 27577.500000000004 2469.0000000000005 12358.500000000002 20.500000000000004 27223.500000000004 17.500000000000004 4962.0000000000009
decision_type=2 2 2 2 2 2 2 2 2 2 2 2 2 2 2 2 2 2 2 2 2 2 2 2 2 2 2 2 2 2 2 2 2 2 2 2 2 2 2 2 2 2 2 2 2 2 2 2 2 2 2 2 2 2 2 2 2 2 2 2 2 2
left_child=1 8 5 14 6 11 19 -8 21 27 -11 -2 17 -4 48 -16 37 -12 32 20 25 39 23 -23 -20 -5 -7 46 29 33 -31 -32 -17 -29 -35 53 -37 -6 -39 40 41 -1 55 44 47 -46 54 -44 51 -43 61 52 -3 -24 -10 56 58 -58 -41 60 -57 -49
right_child=2 3 13 4 16 26 7 -9 9 10 12 -13 -14 -15 15 18 -18 -19 24 -21 -22 22 35 -25 -26 -27 -28 28 -30 30 31 -33 -34 34 -36 36 -38 38 -40 42 -42 49 43 -45 45 -47 -48 50 -50 -51 -52 -53 -54 -55 -56 59 57 -59 -60 -61 -62 -63
leaf_value=1.2354982925335414 9.7991416520853107 0.086034339659054535 31.648023597964908 5.6544926215583429 0.53244471470508725 45.631596929267332 21.004225015730409 11.810026487253928 -1.0580569584719559 -7.8230654054714615 2.4045069831325097 -2.1817613436423766 15.22697202312604 68.145388466924643 11.073768401194263 0.77520056545852967 12.527821093845585 -0.43671445228868083 0.81793533258541273 -1.1040839868020413 4.0417159689350548 -10.958728400267086 -9.6085059921777844 0.41541857418229577 5.0782507299710735 -0.40259535805607599 38.600517468277779 -0.94773090312524322 -1.2120203309248638 1.0191012048727712 0.20362148212943143 -3.9863681095737511 -0.44755863411308222 -1.7668671079514344 0.27194664191795326 -1.2852744223159889 0.45860980249215239 -0.38472659789370806 1.1587897403030412 -12.10784747710381 11.216496268974506 -9.0530975645865688 -0.20415850367117455 0.33583208915827056 0.42301194485890509 -8.3753434894371637 8.3735431357867061 -11.021629780238456 -0.33412897883860659 -15.81222371715079 -9.8018680181501683 -1.4803573462677253 -1.2971372235521577 -1.8543897667593892 -5.4467223457078218 -17.689930443143336 -13.772044803192324 3.1380974324232747 -5.4579217295396205 -14.578700243225841 -1.0051559208133618 -10.366690179548355
leaf_weight=22 36 20 21 22 23 21 34 25 31 36 29 32 31 47 21 26 38 23 37 21 22 37 162 39 38 27 20 77 84 21 21 31 72 33 20 23 20 72 21 299 22 38 26 28 20 35 22 393 26 221 21 145 20 23 349 20 24 20 39 3739 20 20
leaf_count=22 36 20 21 22 23 21 34 25 31 36 29 32 31 47 21 26 38 23 37 21 22 37 162 39 38 27 20 77 84 21 21 31 72 33 20 23 20 72 21 299 22 38 26 28 20 35 22 393 26 221 21 145 20 23 349 20 24 20 39 3739 20 20
internal_value=-0.00153509 -0.00193642 0.0139243 0.00189692 0.00475909 0.00907424 0.00849768 0.0147208 -0.00238172 -0.000916966 0.00352645 0.00444934 0.00635379 0.02163 -0.00025179 0.00177743 0.00107073 0.00270633 0.000797226 0.00446254 0.00624473 -0.00260398 -0.000917462 0.00208936 0.00375499 0.00305499 0.0166423 -0.00168916 -0.000480669 0.000531757 0.00311901 0.00040307 -0.00143731 -0.000899309 0.00146893 -0.00193336 0.00111369 -0.000645996 -0.00167562 -0.00270576 -0.00160343 -0.00213447 -0.00277609 -0.00205487 -0.0022947 0.000217785 -0.00254414 -0.00260161 -0.00213169 -0.00252412 -0.00278507 -0.00249595 -0.000673317 -0.00265802 -0.00275454 -0.00286943 -0.00236326 0.000340135 -0.00272405 -0.00291974 -0.00142145 -0.00291939
internal_weight=7006 6829 177 710 305 109 151 59 6119 808 119 68 83 68 405 194 154 52 173 92 71 5311 304 76 75 49 41 689 287 203 73 52 98 130 53 228 43 116 93 5007 303 281 4704 543 515 55 402 460 211 259 434 185 40 185 380 4161 382 44 338 3779 40 413
internal_count=7006 6829 177 710 305 109 151 59 6119 808 119 68 83 68 405 194 154 52 173 92 71 5311 304 76 75 49 41 689 287 203 73 52 98 130 53 228 43 116 93 5007 303 281 4704 543 515 55 402 460 211 259 434 185 40 185 380 4161 382 44 338 3779 40 413
is_linear=0
shrinkage=0.03


Tree=31
num_leaves=63
num_cat=0
split_feature=47 47 11 18 16 19 59 16 51 18 10 39 24 17 11 18 28 19 18 16 62 22 22 24 33 65 1 54 60 25 20 52 16 13 4 26 16 58 54 15 24 35 40 16 28 55 47 13 13 11 62 65 55 59 51 54 51 53 15 65 52 18
split_gain=43.4527 12.9204 6.95178 5.74959 4.87519 3.78839 3.15861 2.99604 2.69374 2.2762 2.81166 3.18313 2.18678 2.10345 1.83133 1.5033 1.63253 1.34752 1.265 1.56805 1.84498 1.21865 1.1367 1.12475 1.01357 0.869767 0.80414 0.75779 0.715802 0.687819 0.934788 0.58665 0.907276 1.30303 0.784106 1.8029 0.586209 0.808481 1.20858 1.41211 0.854729 0.541756 0.769751 0.439787 0.824934 0.417103 0.279017 1.05945 0.207915 0.649122 0.189315 0.138954 0.137001 0.478272 0.21049 0.491148 0.582744 0.322741 0.112683 0.110134 0.0852816 0.0850627
threshold=3195.0000000000005 1350.5000000000002 146437.50000000003 -11.774999999999999 -1046.4999999999998 27.625000000000004 4482.5000000000009 -199.49999999999997 2472.5000000000005 26.125000000000004 0.74305326206722599 50492.500000000007 57.324194000000013 26.425000000000001 140414.00000000003 -9.5249999999999986 -1.3164875000000007 27.975000000000005 -8.3749999999999982 121.00000000000001 2061.5833333333335 -0.30000000000000043 -1.2500000000000002 72.910545500000026 1.3040067647656899 1136.0000000000002 24.125000000000004 2135.0000000000005 348.50000000000006 54.779695000000011 25.842708333333338 1975.5000000000002 1994.5000000000002 96573.000000000015 19.500000000000004 74.32667585416668 1457.0000000000002 3820.541666666667 1305.4583333333337 10469.154360491912 75.361387000000022 29234.500000000004 45700.500000000007 4535.5000000000009 -4.9416094999999975 8342.5000000000018 1080.5000000000002 106800.50000000001 103238.50000000001 99979.500000000015 1588.7708333333337 359.50000000000006 2751.5000000000005 199.50000000000003 1573.5000000000002 1270.5208333333337 1613.5000000000002 2162.0000000000005 12320.177991892397 6048.0000000000009 474.50000000000006 -1.4749999999999999
decision_type=2 2 2 2 2 2 2 2 2 2 2 2 2 2 2 2 2 2 2 2 2 2 2 2 2 2 2 2 2 2 2 2 2 2 2 2 2 2 2 2 2 2 2 2 2 2 2 2 2 2 2 2 2 2 2 2 2 2 2 2 2 2
left_child=1 9 3 7 17 6 8 -2 12 18 28 -12 -6 -5 27 -14 -17 22 19 50 -21 -18 25 -19 -24 -3 31 29 -11 30 -7 41 34 -34 -33 -36 -28 38 -38 -40 -41 52 -43 46 -45 -8 51 -48 49 -39 -1 -30 61 -54 57 -56 -57 58 60 -26 -55 -20
right_child=2 4 -4 13 5 14 45 -9 -10 10 11 -13 15 -15 -16 16 21 23 26 20 -22 -23 24 -25 59 -27 36 -29 43 -31 -32 32 33 -35 35 -37 37 48 39 40 -42 42 -44 44 -46 -47 47 -49 -50 -51 -52 -53 53 54 55 56 -58 -59 -60 -61 -62 -63
leaf_value=-2.3635852663690997 42.717794243013643 2.3592706413619262 52.958216783393723 -2.4654829665933682 0.36363136070175955 5.4798300036222063 3.0899841046623391 66.607380154928492 24.780162763059867 0.85353913668206649 -2.8470498079846012 10.778976426890154 33.134669128970984 10.609156855218936 18.534919528331365 12.783739815513123 7.9065971234312364 -0.43948285934297493 -13.433370910803314 -1.9209007223158054 11.421050610189562 -0.6044840376922328 3.0219547941783649 4.9326599937030391 -1.2883166317358425 -1.1605844477051879 -7.6422318105390366 -0.49565486339834575 -0.89666776840492224 -0.27789185932824967 -0.78412349594542097 -5.7949712206692681 1.1462945082250733 -0.77157488210995595 -3.8479734218116675 0.49169593427679475 -10.00199211286713 -9.9780074369720335 0.6006977228698599 -0.32783608900831557 2.4907315226282027 5.5615356173708719 -15.201397485456948 -1.0660720096193239 1.3324752772513799 -1.061154649765417 0.21987419640935182 -0.98640010040837967 -1.8695289650688238 0.1832682639484238 -14.252058478675776 -6.7580838874754399 0.22204825655803978 -17.11030870331388 0.26444549998454836 0.13076007425470654 -4.0064687061052275 -2.0993379290026049 -6.9760460820875156 -0.25526019795472799 -10.507995016898551 -15.000290573682037
leaf_weight=32 20 29 41 22 33 39 25 22 29 20 23 27 25 35 26 21 20 23 300 39 21 21 20 22 223 31 149 57 24 33 22 274 34 29 40 22 37 40 23 33 20 25 33 25 27 21 22 47 78 23 74 155 27 39 21 22 171 25 30 27 1068 3020
leaf_count=32 20 29 41 22 33 39 25 22 29 20 23 27 25 35 26 21 20 23 300 39 21 21 20 22 223 31 149 57 24 33 22 274 34 29 40 22 37 40 23 33 20 25 33 25 27 21 22 47 78 23 74 155 27 39 21 22 171 25 30 27 1068 3020
internal_value=-0.00156935 -0.0019072 0.0149679 0.0105954 0.00181502 0.00424886 0.0071348 0.0190261 0.00925553 -0.00236211 -7.2954e-05 0.00652695 0.00721898 0.00430823 0.00105025 0.00971297 0.00710145 -0.000591843 -0.00250892 5.41835e-05 0.00394343 0.00350365 -0.00126325 0.00425721 -0.00209922 0.00244592 -0.00258566 -0.000198545 -0.00111528 0.00143464 0.00333879 -0.00268663 -0.00156352 0.00171157 -0.00218685 0.000821255 -0.00128008 -0.000389611 0.00148541 0.00366623 0.000903954 -0.0027797 5.16344e-05 -0.0014895 0.000978886 0.000195227 -0.00201935 -0.000347323 -0.00191354 -0.000570524 -0.00212064 -0.00264657 -0.0028151 -0.00254864 -0.00262699 -0.00172349 -0.00220611 -0.00279064 -0.00286518 -0.00262695 -0.00291573 -0.00292672
internal_weight=7006 6866 140 99 747 372 195 42 149 6119 370 50 120 57 177 87 62 375 5749 166 60 41 330 45 270 60 5583 151 320 94 61 5180 399 63 336 62 403 254 113 76 53 4781 58 300 52 46 248 69 141 63 106 179 4723 1403 1376 214 193 1162 1137 250 1107 3320
internal_count=7006 6866 140 99 747 372 195 42 149 6119 370 50 120 57 177 87 62 375 5749 166 60 41 330 45 270 60 5583 151 320 94 61 5180 399 63 336 62 403 254 113 76 53 4781 58 300 52 46 248 69 141 63 106 179 4723 1403 1376 214 193 1162 1137 250 1107 3320
is_linear=0
shrinkage=0.03


Tree=32
num_leaves=63
num_cat=0
split_feature=47 47 16 16 19 1 54 16 35 44 16 70 3 62 47 26 44 61 19 70 21 33 24 2 48 16 25 34 41 39 62 38 21 65 25 1 50 36 2 65 44 11 33 22 18 25 24 40 21 22 21 22 1 2 21 1 2 47 13 18 34 47
split_gain=41.4515 11.6211 6.83451 4.31835 3.51237 2.52261 2.3634 2.14456 4.08655 3.05182 2.08861 2.57184 2.01826 1.81555 1.79323 1.67373 1.47574 1.44994 1.38027 1.25292 1.20383 1.47975 1.12475 1.04923 1.04669 0.898876 1.16994 0.823063 0.729999 0.720002 1.60506 0.699294 0.821292 0.655382 0.629966 0.61482 0.461346 1.00993 0.405536 0.382633 0.438468 1.27724 0.325733 0.322887 0.301779 0.220293 0.397904 0.265663 0.378912 0.182042 0.170518 0.168146 0.163524 0.546342 0.846293 0.137619 0.0995474 0.0912852 0.296411 0.0846376 0.0864346 0.281289
threshold=3195.0000000000005 1387.5000000000002 -951.49999999999989 -1046.4999999999998 27.625000000000004 27.725000000000005 2176.7291666666674 1092.5000000000002 25997.000000000004 32539.500000000004 3012.0000000000005 122797.97916666667 65.872401334420161 2214.8958333333339 283.50000000000006 76.026661604166677 27431.000000000004 241.50000000000003 27.975000000000005 133964.58333333334 4.1085307479861983 1.9207672081072118 72.910545500000026 67.988417000000013 609.50000000000011 5561.5000000000009 75.049660000000017 0.71343606105629587 58572.500000000007 46047.500000000007 2536.2500000000005 29432.020833333336 2.2555035293969259 8378.5000000000018 71.606370000000013 26.425000000000001 431.02083333333343 10866.500000000002 79.22150000000002 173.50000000000003 29263.500000000004 94380.500000000015 1.3644039283361507 -0.074999999999999276 26.225000000000005 50.966982000000009 82.379243000000017 28970.500000000004 4.1085307479861983 2.9500000000000011 4.773081553091429 -1.2500000000000002 25.225000000000005 61.421256000000007 2.8363477439381488 12.275000000000002 77.563045000000002 630.50000000000011 90261.500000000015 -11.074999999999998 1.4751221336119331 830.50000000000011
decision_type=2 2 2 2 2 2 2 2 2 2 2 2 2 2 2 2 2 2 2 2 2 2 2 2 2 2 2 2 2 2 2 2 2 2 2 2 2 2 2 2 2 2 2 2 2 2 2 2 2 2 2 2 2 2 2 2 2 2 2 2 2 2
left_child=1 7 5 18 10 6 -2 31 14 -10 13 -12 23 20 29 -13 -16 -18 27 -4 21 -5 -20 43 -11 33 -27 42 34 49 44 45 -33 36 -29 -25 50 -38 -15 -39 41 55 -3 -6 -31 46 47 48 -1 -9 -19 -44 -42 -54 -55 -41 -30 -49 -59 -47 -61 -62
right_child=2 3 19 4 12 -7 -8 8 9 24 11 15 -14 38 16 -17 17 25 22 -21 -22 -23 -24 35 -26 26 -28 28 56 30 -32 32 -34 -35 -36 -37 37 39 -40 40 52 -43 51 -45 -46 59 -48 57 -50 -51 -52 -53 53 54 -56 -57 -58 58 -60 60 61 -63
leaf_value=-8.5788683557258096 27.026274879214689 2.2529224983451859 42.040180754951749 9.8073362638818651 2.8511862630660554 43.335371683700671 -2.3239480356671289 -15.341259892990802 10.975298008332526 -4.5825763304685552 3.7344002068795303 39.275541176922992 24.007099942473275 -0.87747672314945035 1.3458099103673489 12.435051452380714 0.56076988615155032 -7.6456600130788326 -0.42629837356268147 65.246384180482607 0.3876254196071659 18.709930877408883 4.7846801938919468 0.72907100555756688 7.9761947879464961 5.6623775233882068 -2.7715960089135598 2.0524583225656503 -0.73299538184841218 -7.1689239840334444 1.0117834470924052 9.4578223572082845 -11.5309863432137 0.47086798408631519 0.18683672415246078 4.7181207490314057 0.83730938468687843 0.057316401845866956 1.3215801755284267 -0.76219845753704307 -3.5201394193012647 0.50126896313586344 -0.044817775572420712 -0.5158787298448877 0.12176336467002234 -11.012200221721811 0.14167085166967888 -14.607037680500955 0.81805869700149458 -0.93671663812425054 -4.8184015574331003 -1.6745535144301247 -0.97185977620820785 -0.094840661070693194 0.47863827051564739 -3.7290176709676133 -0.06401990066119069 0.041345494069334271 -3.6541399754567734 -12.967730226637766 -10.08088847409782 -0.022116507946778653
leaf_weight=22 32 21 23 20 21 28 21 1101 31 32 32 20 21 25 31 21 27 263 23 36 20 22 22 33 20 27 28 23 24 91 20 22 40 23 20 20 28 22 20 20 153 28 21 78 20 38 27 236 20 20 20 182 102 20 20 51 20 20 47 3280 167 40
leaf_count=22 32 21 23 20 21 28 21 1101 31 32 32 20 21 25 31 21 27 263 23 36 20 22 22 33 20 27 28 23 24 91 20 22 40 23 20 20 28 22 20 20 153 28 21 78 20 38 27 236 20 20 20 182 102 20 20 51 20 20 47 3280 167 40
internal_value=-0.00161217 -0.00194215 0.0145396 0.00169229 0.00404418 0.00880395 0.00485876 -0.00236118 -0.00160639 0.00490975 0.00697946 0.0109166 0.000970537 0.0042577 -0.00186374 0.0159124 -0.000806396 -0.00104915 -0.000631846 0.022335 0.00758454 0.0104751 0.00425721 -0.000216963 0.00040307 -0.00128183 0.00239564 -0.00135005 0.00110218 -0.00259005 -0.000457667 -0.00277942 0.000338164 -0.00155579 0.00389791 0.00316384 -0.00171641 -0.0011011 -0.000266076 -0.00147801 -0.00169754 0 -0.00231593 -0.00205853 -0.00189019 -0.0028298 -0.00210427 -0.00238192 -7.12596e-05 -0.0028365 -0.00267044 -0.00268833 -0.00227719 -0.00149895 0.00142145 -0.00210971 -0.00156463 -0.00269218 -0.00160954 -0.00290545 -0.00292163 -0.00225978
internal_weight=7006 6866 140 709 353 81 53 6157 2198 83 180 73 173 107 2115 41 863 832 356 59 62 42 45 152 52 805 55 311 87 1252 131 3959 62 750 43 53 727 444 45 416 394 99 224 99 111 3897 372 345 42 1121 283 203 295 142 40 71 44 303 67 3525 3487 207
internal_count=7006 6866 140 709 353 81 53 6157 2198 83 180 73 173 107 2115 41 863 832 356 59 62 42 45 152 52 805 55 311 87 1252 131 3959 62 750 43 53 727 444 45 416 394 99 224 99 111 3897 372 345 42 1121 283 203 295 142 40 71 44 303 67 3525 3487 207
is_linear=0
shrinkage=0.03


Tree=33
num_leaves=63
num_cat=0
split_feature=47 47 29 0 47 10 0 63 34 58 43 18 61 58 12 22 61 55 45 61 34 1 24 56 1 40 10 34 20 24 46 18 20 53 58 18 62 51 25 48 50 38 34 36 22 43 65 21 45 43 1 47 1 22 62 2 25 40 0 1 11 62
split_gain=40.8094 14.116 4.33332 3.68257 3.6087 3.65073 3.40824 2.8772 2.42151 2.0235 2.01341 1.89436 1.81019 1.51679 1.40675 1.15098 1.1161 1.07481 1.40297 2.36395 1.05978 0.980014 0.936669 1.05358 0.820139 0.792892 0.750312 1.11492 0.964983 0.584858 0.58355 0.507287 0.794384 0.689914 0.526888 0.489515 1.42216 0.486996 0.48139 0.419704 0.942842 1.39191 0.367 0.35149 0.323609 0.302238 0.299142 0.554128 0.54563 0.297503 0.258515 0.160904 0.221479 0.155039 0.147739 0.0845955 0.0759791 0.281382 0.369175 0.174209 0.0727661 0.054795
threshold=3883.5000000000005 1661.0000000000002 67.086867996869799 142185.50000000003 684.50000000000011 0.56392291514228221 112046.00000000001 699.50000000000011 0.97458667083795814 2077.5416666666674 32340.500000000004 -12.974999999999998 2188.5000000000005 1588.229166666667 111034.00000000001 0.8000000000000006 923.50000000000011 2611.0000000000005 29254.500000000004 2229.0000000000005 0.52460659840888024 -10.124999999999998 68.177577000000014 75.500000000000014 23.275000000000002 63290.000000000007 0.46472317204376884 -0.84994705570369422 26.673958333333339 60.188884500000007 32482.625000000004 26.625000000000004 24.64479166666667 1948.5000000000002 3401.541666666667 -3.9749999999999996 2246.0833333333335 591.50000000000011 64.337945000000005 758.00000000000011 742.58333333333337 17178.020833333336 1.658420005067889 11119.500000000002 0.750000000000001 29223.500000000004 2429.5000000000005 1.8120814103916507 32585.500000000004 32126.000000000004 19.125000000000004 424.50000000000006 -5.9749999999999988 -1.7250000000000012 2563.6250000000005 69.15921250000001 52.184133500000009 28970.500000000004 84115.000000000015 22.275000000000002 127898.50000000001 891.89583333333348
decision_type=2 2 2 2 2 2 2 2 2 2 2 2 2 2 2 2 2 2 2 2 2 2 2 2 2 2 2 2 2 2 2 2 2 2 2 2 2 2 2 2 2 2 2 2 2 2 2 2 2 2 2 2 2 2 2 2 2 2 2 2 2 2
left_child=1 4 12 8 24 17 38 -5 11 -8 -11 -3 -2 16 -10 -12 -13 21 19 50 46 -6 -22 -24 35 -16 45 -28 44 -9 31 43 33 34 -33 36 37 -1 -7 56 42 -42 -41 -20 -29 -26 47 -15 -49 -34 -19 -39 -53 -23 -46 -45 57 58 -37 -59 -32 -58
right_child=2 3 -4 7 5 6 9 29 14 10 15 13 -14 20 25 -17 -18 18 30 -21 22 53 23 -25 26 -27 27 28 -30 -31 60 32 49 -35 -36 39 -38 51 -40 40 41 -43 -44 55 54 -47 -48 48 -50 -51 -52 52 -54 -55 -56 -57 61 59 -60 -61 -62 -63
leaf_value=1.7158899825429925 42.701378667075403 25.207272960893899 39.395562545880239 31.308476887691441 2.8164611510752691 0.23900377931616257 -4.6507124171935219 23.048497864731637 11.146586608663656 1.7833892301308392 10.90359383094078 -0.97598960625363773 62.481556087329984 1.1158897846895837 0.98950127918834441 11.55564178573117 11.138362170600654 0.043235351316608953 0.030504488493978757 1.3098927399575344 -0.86512070463789537 -0.18909401599684336 0.07882491969798934 4.100409091444412 -2.2781582707445636 5.2364599671939738 0.25907092633779888 0.10873309262054848 0.69852137031911954 3.4139012766566279 -1.4961091373765367 -0.49122164270450674 -0.31626911101461391 1.082785571219806 0.14675626727253713 -7.5005474553917297 10.312564458511002 -20.038952417487849 -3.0205326228506446 -10.791291563202112 0.80255520496098987 -9.4384572813766479 0.1757045670552983 -0.81365046678339903 -2.6618888953344997 -11.275264650082072 -1.1761532853328114 -0.62932103836694531 3.1104570856878269 1.1487703717981472 -1.5888149289350286 0.98625280359843115 -11.371295096222807 -5.543976899803762 -2.1406473750514423 -0.32152022606121416 -10.608453648870009 -13.48992521841347 0.79351693609145113 -4.6413803224194945 -0.50970251485107088 -14.872845657554681
leaf_weight=25 20 21 21 20 22 20 23 20 22 22 23 21 45 22 27 22 30 20 39 39 35 22 20 27 25 35 35 29 30 20 132 20 58 27 27 21 32 214 62 160 22 22 21 87 142 262 84 85 20 27 33 20 24 459 38 31 110 304 20 20 37 3583
leaf_count=25 20 21 21 20 22 20 23 20 22 22 23 21 45 22 27 22 30 20 39 39 35 22 20 27 25 35 35 29 30 20 132 20 58 27 27 21 32 214 62 160 22 22 21 87 142 262 84 85 20 27 33 20 24 459 38 31 110 304 20 20 37 3583
internal_value=-0.0016036 -0.00185937 0.0189199 0.00294638 -0.00224143 -0.000793068 0.00325973 0.00993344 0.00200401 0.0072919 0.00992548 0.000936729 0.022765 0.000392327 0.00659929 0.0135698 0.00516634 -0.00144153 -0.000551032 0.00283388 -0.000429888 -0.00245677 0.00244823 0.00522293 -0.00259231 0.0042029 -0.00149706 -0.000361183 -0.00110414 0.00516209 -0.00119975 -0.000427081 0.000754242 0.00303644 0.00076433 -0.00272526 -0.00156141 -0.00224656 -0.00113277 -0.00281011 -0.00151933 0.00238095 -0.00248482 -0.00164227 -0.00183644 -0.00257053 -0.00156324 -0.000613691 -0.00154139 -0.00119859 -0.00124294 -0.00263851 -0.000884354 -0.00274371 -0.00231538 -0.00246401 -0.00288091 -0.00241578 -7.13515e-10 -0.00271213 -0.00262567 -0.002926
internal_weight=7006 6920 86 509 6411 1252 172 60 449 90 67 365 65 344 84 45 51 1080 577 92 293 503 82 47 5159 62 561 274 239 40 485 316 159 74 47 4598 315 283 82 4283 225 44 181 157 209 287 211 127 105 85 53 258 44 481 180 118 4058 365 41 324 169 3693
internal_count=7006 6920 86 509 6411 1252 172 60 449 90 67 365 65 344 84 45 51 1080 577 92 293 503 82 47 5159 62 561 274 239 40 485 316 159 74 47 4598 315 283 82 4283 225 44 181 157 209 287 211 127 105 85 53 258 44 481 180 118 4058 365 41 324 169 3693
is_linear=0
shrinkage=0.03


Tree=34
num_leaves=63
num_cat=0
split_feature=47 47 29 0 47 63 10 54 20 34 35 51 30 67 51 59 54 26 56 68 25 27 17 18 34 20 36 24 32 10 22 39 7 31 55 31 18 20 47 18 12 52 31 65 17 65 26 61 35 55 34 11 21 13 25 65 67 22 25 46 22 15
split_gain=38.1518 13.4468 4.40812 3.81749 3.28662 2.9878 2.97542 2.4447 2.39528 3.01145 2.06061 1.5371 1.46112 1.77998 2.38767 1.24405 2.25183 1.2122 0.927441 1.12806 1.18797 2.65098 1.08113 0.896689 1.68985 1.37307 0.888002 0.637112 0.633943 0.600875 0.492169 0.472057 0.468646 0.54639 0.899709 0.455754 0.437475 0.800536 0.436818 0.671206 0.947373 0.672943 1.00721 1.24467 0.435983 0.432853 1.79705 0.412257 0.385931 0.368682 0.255031 0.242588 0.377614 0.222714 0.186473 0.55114 0.681244 0.182265 0.173173 0.168187 0.150208 0.143052
threshold=3883.5000000000005 1619.5000000000002 66.909935417343391 142185.50000000003 684.50000000000011 699.50000000000011 0.56392291514228221 1141.2708333333335 20.747916666666672 0.92284038861415152 25269.500000000004 1613.5000000000002 62.985818092556947 132806.50000000003 1558.5000000000002 5271.0000000000009 1964.6250000000002 62.063941000000007 366.50000000000006 109139.00000000001 59.598607500000007 11.39711976177029 -10.124999999999998 24.375000000000004 -0.93684769943504509 26.673958333333339 15805.500000000002 60.188884500000007 63.716072248466766 0.46472317204376884 -1.0249999999999984 39192.500000000007 16.500000000000004 56.336802349462097 8963.5000000000018 66.371568189822042 29.475000000000005 25.775000000000002 239.50000000000003 -8.3749999999999982 114628.00000000001 1975.5000000000002 59.231188056386436 2671.0000000000005 24.125000000000004 8125.5000000000009 63.975351979166668 630.50000000000011 29384.500000000004 1770.0000000000002 -0.055696050977061866 133834.50000000003 3.1139398478533065 94805.000000000015 50.707603000000013 2522.5000000000005 89604.500000000015 3.1499999999999999 49.394724000000004 30485.687500000004 -1.0999999999999985 15978.948075601515
decision_type=2 2 2 2 2 2 2 2 2 2 2 2 2 2 2 2 2 2 2 2 2 2 2 2 2 2 2 2 2 2 2 2 2 2 2 2 2 2 2 2 2 2 2 2 2 2 2 2 2 2 2 2 2 2 2 2 2 2 2 2 2 2
left_child=1 4 17 8 23 -5 18 -8 9 12 26 -12 50 14 28 29 -17 -2 22 20 32 -22 -6 38 -25 47 -9 -7 -14 30 49 -23 33 34 -20 -18 61 -38 48 40 -40 45 43 -43 -28 54 -47 53 57 -10 -3 -32 -53 -26 55 56 -41 -1 -24 -49 -44 -21
right_child=2 3 -4 5 6 27 7 10 15 -11 11 -13 13 -15 -16 16 35 -19 19 36 21 31 58 24 25 -27 44 -29 -30 -31 51 -33 -34 -35 -36 -37 37 -39 39 41 -42 42 60 -45 -46 46 -48 59 -50 -51 -52 52 -54 -55 -56 -57 -58 -59 -60 -61 -62 -63
leaf_value=-18.826611373881956 61.149128932864265 -1.0636970002361719 38.957793787633527 30.369222581060697 3.6539278948958533 22.357042928789696 -4.4337625146474418 0.65889026683959373 0.60918768074651397 10.394225079751093 13.567568178248685 3.7466322814291151 -0.55321495963186884 -0.8437115288736865 32.477181784139582 5.4633445541106003 -0.88831884762918223 50.433527996779816 0.14895632322021668 -0.8516539430723985 3.1413567428653901 -1.218420078611899 -0.88313404911085902 0.24110581054475186 -7.0991087407278055 0.92802341550168277 -0.8165076724651017 2.7059554160803492 13.060649441879479 2.9135624398135334 -0.69769784659791823 0.91064127084699764 -0.89200272047882656 -0.46698667170038921 -0.91545041453174103 3.9031685653738464 0.2862705211774596 -0.46104181998055993 5.0486510055926335 -8.4337006285390981 -11.05244698919163 1.427111255920763 -1.1336270549038896 -10.62381754884353 2.8806277789563981 5.9781489484832697 -11.511712459611511 -4.4158587666574833 2.7710384547699429 -0.081713711057562824 1.0763363299944146 4.1689325870422351 -1.8746723079627376 0.31129242764751469 -10.554172118108465 -8.0625792173560225 1.2165275104611952 -0.59593988476731696 -6.0267422518214069 -5.0431039117227909 -9.0082853198448607 -0.13535312081490952
leaf_weight=3116 20 32 27 20 20 20 47 21 20 29 27 25 21 30 22 34 32 39 28 211 23 23 20 20 22 26 29 21 20 22 118 37 67 45 22 20 22 52 25 20 26 20 20 29 20 20 110 20 22 20 20 21 25 20 1197 91 23 21 436 242 69 39
leaf_count=3116 20 32 27 20 20 20 47 21 20 29 27 25 21 30 22 34 32 39 28 211 23 23 20 20 22 26 29 21 20 22 118 37 67 45 22 20 22 52 25 20 26 20 20 29 20 20 110 20 22 20 20 21 25 20 1197 91 23 21 436 242 69 39
internal_value=-0.00162073 -0.00186804 0.018223 0.00264303 -0.00225573 0.00972177 -0.000847542 0.00283856 0.00174655 0.00456634 0.00508599 0.00961612 0.0027705 0.00502685 0.00789223 0.000163408 0.00324042 0.0228426 -0.00144675 -0.000622036 0.000905752 0.00382671 -0.00242596 -0.0025865 -0.0011054 -0.00162678 0.00166904 0.0049635 0.00350365 -0.000995136 -0.00151396 0.000449251 -0.000573721 0.000757097 0.00293413 -0.000633398 -0.00178649 0.000202428 -0.00269364 -0.00228895 0.00105675 -0.0023976 -0.000369298 0.00305499 -0.000488799 -0.00258709 -0.000899309 -0.00219993 -0.00290399 0.00142145 -0.00120921 -0.00224863 -0.00032538 0.000498812 -0.00274961 -0.00163311 0.00111369 -0.00293201 -0.00272967 -0.00264403 -0.00228956 -0.00238705
internal_weight=7006 6920 86 547 6373 61 1214 169 486 174 122 52 145 93 63 312 86 59 1045 569 245 83 476 5159 350 330 70 41 41 226 204 60 162 95 50 52 324 74 4809 1650 51 1599 138 49 49 1461 130 304 3159 40 52 164 46 42 1331 134 43 3137 456 262 89 250
internal_count=7006 6920 86 547 6373 61 1214 169 486 174 122 52 145 93 63 312 86 59 1045 569 245 83 476 5159 350 330 70 41 41 226 204 60 162 95 50 52 324 74 4809 1650 51 1599 138 49 49 1461 130 304 3159 40 52 164 46 42 1331 134 43 3137 456 262 89 250
is_linear=0
shrinkage=0.03


Tree=35
num_leaves=63
num_cat=0
split_feature=47 47 16 0 63 1 16 59 1 10 33 34 46 55 34 46 0 44 7 16 26 48 48 61 55 41 18 16 18 26 26 22 22 13 40 44 4 4 46 39 60 46 61 57 1 2 58 52 22 47 57 18 25 18 1 0 11 13 18 50 66 2
split_gain=35.4723 11.899 7.79122 3.92721 3.78799 2.64098 3.50351 3.27594 2.23593 2.06614 2.16369 1.67467 2.56081 1.58984 1.83257 2.2332 1.57407 1.1621 1.1468 1.08651 1.05537 1.15643 0.794189 1.68879 0.759504 0.670453 0.620167 1.01469 0.61545 0.574703 0.575535 0.555539 0.537419 0.942739 0.512857 0.519738 0.824511 0.502014 0.7016 0.470362 1.14918 0.45777 1.75539 0.544038 0.375604 0.33597 0.321235 0.31532 0.240835 0.960942 0.237811 0.175266 0.165601 0.380012 0.601302 0.333322 0.667005 0.154466 0.103931 0.485185 0.0676294 0.0995474
threshold=3883.5000000000005 1272.5000000000002 -2965.4999999999995 142185.50000000003 699.50000000000011 -5.5249999999999995 1.0000000180025095e-35 2877.5000000000005 24.225000000000005 0.56392291514228221 2.5904611525253451 0.25273376406352105 28567.083333333339 4333.0000000000009 0.20066878436285054 32169.333333333339 138055.50000000003 32280.500000000004 24.500000000000004 6684.5000000000009 79.005590333333345 1792.5000000000002 758.00000000000011 241.50000000000003 23.500000000000004 51105.000000000007 -8.3749999999999982 121.00000000000001 26.225000000000005 85.074108666666675 71.49409016666668 -1.2500000000000002 0.8249999999999994 111226.00000000001 31610.500000000004 33780.000000000007 10.500000000000002 19.500000000000004 28228.958333333336 56419.000000000007 4359.5000000000009 29677.854166666672 1572.5000000000002 10400.500000000002 -11.774999999999999 31.348176000000006 3696.9166666666674 2376.5000000000005 -1.3 847.50000000000011 3245.5000000000005 30.325000000000006 52.184133500000009 17.875000000000004 14.425000000000002 91441.500000000015 93253.000000000015 138057.50000000003 -4.8249999999999984 394.25000000000006 1060.5416666666667 78.172590000000014
decision_type=2 2 2 2 2 2 2 2 2 2 2 2 2 2 2 2 2 2 2 2 2 2 2 2 2 2 2 2 2 2 2 2 2 2 2 2 2 2 2 2 2 2 2 2 2 2 2 2 2 2 2 2 2 2 2 2 2 2 2 2 2 2
left_child=1 8 -2 5 -5 6 24 -8 19 41 13 31 -13 -11 15 -15 18 -6 29 22 -20 -22 26 -24 -3 -4 27 -1 44 30 39 -7 57 -34 -25 37 -37 60 -39 -14 -41 42 -10 45 -28 -43 -40 48 49 50 -46 -47 53 -50 -55 -56 -57 -33 59 -54 61 -36
right_child=2 3 25 4 17 11 7 -9 9 10 -12 12 16 14 -16 -17 -18 -19 20 -21 21 -23 23 34 -26 -27 28 -29 -30 -31 -32 32 33 -35 35 36 -38 38 46 40 -42 43 -44 -45 47 51 -48 -49 52 -51 -52 -53 58 54 55 56 -58 -59 -60 -61 -62 -63
leaf_value=-13.627134999041028 18.388186671314052 8.3405379674465703 42.646032653766426 29.458145903628868 -0.13479909222042144 0.30143257709125981 28.671676080546515 3.1404837307077389 -4.6932345589135736 -7.4160229411535372 -3.4656016269657131 9.0000212191191462 -0.27471109071121541 0.71150573000103567 -0.23316351280988384 5.0593130116231384 6.014797305020414 19.284411542334507 -0.60852719869152483 3.8517322559539928 4.04386520827323 2.3385825638982261 0.58420749939843553 0.096059934131350638 -2.6509800915125412 60.019481630289711 0.40651520751237247 3.6384278540232136 0.26556945398464155 4.3669509320981499 -0.46756674376021967 -0.80395313152013093 6.6728657057214997 -0.79345616408213415 -8.0137388898709307 10.828413301311784 -7.4240634862671078 0.26152511907144871 -4.0166448290390226 1.6106829631440458 -0.27660056164853236 -0.40703491703270855 0.72323757617959239 0.52996384160811671 -11.10301704177688 -6.3717389080360824 0.15269942739580458 -1.4976641550742307 -13.639380434437232 0.50835018464415183 -2.7198427586588094 -0.57516338108822895 -15.063380870041511 0.46623601221555411 -6.9132670185943041 1.5607897617463926 -7.6118931526004721 -0.011155329262452588 -12.99581256412511 5.8304683175316665 -5.0858875883248791 -0.99598673689719774
leaf_weight=68 28 30 24 20 26 27 37 26 44 22 63 20 40 34 31 35 37 23 26 28 21 35 21 20 45 34 21 35 23 22 125 213 20 25 24 21 22 26 61 23 36 36 23 32 219 318 20 25 241 28 30 20 93 23 85 20 27 21 3822 25 316 20
leaf_count=68 28 30 24 20 26 27 37 26 44 22 63 20 40 34 31 35 37 23 26 28 21 35 21 20 45 34 21 35 23 22 125 213 20 25 24 21 22 26 61 23 36 36 23 32 219 318 20 25 241 28 30 20 93 23 85 20 27 21 3822 25 316 20
internal_value=-0.00160789 -0.00184636 0.0175261 0.0013729 0.00824891 0.000796043 0.00458363 0.00979398 -0.00232693 -0.000670112 0.00200972 3.47265e-05 0.00135549 0.00434889 0.00596404 0.00868307 0.00077239 0.00366599 0.000100578 -0.0025296 0.00317905 0.00550802 -0.00256086 -0.00146979 0.000159786 0.0238038 -0.00268584 -0.000349176 -0.00273659 -0.000914263 -0.00137885 -0.00161712 -0.00202078 0.000931263 -0.00180532 -0.00199373 0.00111369 -0.00228645 -0.00044818 0.000302724 0.00203046 -0.00172479 0.000536512 -0.00210539 -0.00276105 -0.00242983 -0.00184957 -0.00277937 -0.00279769 -0.00190545 -0.00250502 -0.00272405 -0.00285395 -0.00223428 -0.00104449 -0.00183952 0.000127388 -0.00260145 -0.00291541 -0.00195597 -0.00282422 -0.00156463
internal_weight=7006 6920 86 898 69 829 138 63 6022 658 185 691 385 122 100 69 365 49 328 5364 82 56 5336 551 75 58 4785 103 4682 246 224 306 279 45 530 510 43 467 107 99 59 473 67 406 4659 374 81 4638 4613 277 249 338 4336 396 155 132 47 234 3940 118 360 44
internal_count=7006 6920 86 898 69 829 138 63 6022 658 185 691 385 122 100 69 365 49 328 5364 82 56 5336 551 75 58 4785 103 4682 246 224 306 279 45 530 510 43 467 107 99 59 473 67 406 4659 374 81 4638 4613 277 249 338 4336 396 155 132 47 234 3940 118 360 44
is_linear=0
shrinkage=0.03


Tree=36
num_leaves=63
num_cat=0
split_feature=47 47 16 0 63 16 48 16 34 21 34 16 14 66 34 59 54 17 17 44 47 16 34 12 35 50 61 18 41 12 65 17 62 28 35 47 55 2 55 57 50 54 15 31 46 47 35 43 57 27 31 11 26 12 54 23 1 62 21 16 54 58
split_gain=35.5041 11.2327 7.79122 4.56319 3.48836 2.62472 2.38637 2.17148 1.97862 1.80447 1.77123 2.58133 1.3983 1.16371 1.62242 1.01236 1.19112 1.70841 1.59704 0.891199 0.87867 1.85707 0.889118 0.80436 1.56062 1.09788 1.4135 0.697003 0.670453 0.659805 0.577419 0.46875 1.54648 0.463936 0.442332 0.416036 0.386862 0.758685 0.362447 0.360162 0.783047 0.825483 1.61652 0.333115 0.702449 0.318489 0.313657 0.276932 0.435983 0.276864 0.378912 0.268225 0.266867 0.258515 0.239279 0.162108 0.199701 0.151043 0.148339 0.120573 0.0725434 0.0787914
threshold=3883.5000000000005 1272.5000000000002 -2965.4999999999995 142185.50000000003 699.50000000000011 5561.5000000000009 739.00000000000011 1092.5000000000002 -0.86877849347578351 1.743771262206512 0.90907504926051186 1.0000000180025095e-35 121754.02083333336 3536.916666666667 1.229731010614689 3749.5000000000005 1868.0416666666667 27.375000000000004 29.975000000000005 32280.500000000004 684.50000000000011 4285.5000000000009 2.0092613823225602 114969.00000000001 12442.000000000002 742.58333333333337 1191.5000000000002 -11.074999999999998 51105.000000000007 96195.500000000015 2246.5000000000005 -4.3749999999999991 2191.9375000000005 7.2326595000000049 14275.500000000002 2239.0000000000005 2751.5000000000005 70.524830000000023 9796.0000000000018 6319.0000000000009 640.72916666666686 1716.2500000000002 14401.689679922138 55.405204086857523 28276.479166666668 419.50000000000006 11735.500000000002 33712.500000000007 37.500000000000007 17.621691490702599 54.732775308777036 103911.50000000001 68.074453104166679 102887.00000000001 1977.1875000000002 38.149722500000003 22.725000000000005 2720.0000000000005 3.7478493101492942 6684.5000000000009 557.16666666666686 1639.4791666666667
decision_type=2 2 2 2 2 2 2 2 2 2 2 2 2 2 2 2 2 2 2 2 2 2 2 2 2 2 2 2 2 2 2 2 2 2 2 2 2 2 2 2 2 2 2 2 2 2 2 2 2 2 2 2 2 2 2 2 2 2 2 2 2 2
left_child=1 6 -2 5 -5 9 20 43 -9 10 11 35 23 15 27 34 17 30 -19 -6 31 22 36 24 -10 29 -27 -15 -4 -26 -17 32 45 54 -11 -3 -22 46 -36 59 49 -42 -43 44 -8 58 -38 -45 -49 55 -51 -31 -25 -29 -18 56 -41 60 -1 -33 -57 -62
right_child=2 3 28 4 19 -7 7 8 12 13 -12 -13 -14 14 -16 16 33 18 -20 -21 21 -23 -24 52 25 26 -28 53 -30 51 -32 39 -34 -35 38 -37 37 -39 -40 40 41 42 -44 47 -46 -47 -48 48 -50 50 -52 -53 -54 -55 -56 57 -58 -59 -60 -61 61 -63
leaf_value=-17.292878503503598 17.836541071174633 -0.91157810093253733 41.366651674153438 28.574401526519999 -0.13075511945380888 6.4504883304091969 0.19415354024826034 1.8362682338551719 -4.9076599147326085 0.74253201382961198 11.395533912067547 11.577033006493721 10.729501797374034 17.777177688739783 9.7145760091375521 -0.15246521268233762 -0.19760457619240129 5.1550075856638768 1.2632658692034597 18.705879196064473 -7.1961915447319162 2.0171719370629493 0.31734785140823496 -0.31153725733728294 0.28662828700812315 0.053955061765708807 1.6946622607171735 3.0084805523355045 58.21889718138101 -4.4483497472466391 0.27644746932941422 -13.797215429294454 9.5392017012819181 3.1430714853704349 -0.93724550846684018 1.4902234753063346 -0.00011527238728751943 0.552445967440366 -0.06668397765257468 -12.605044559350208 -2.7284023211349377 1.6000774701883542 -4.8697264397669846 -6.3466034683296657 -8.5043511520860946 0.81159803458438606 -3.9692406390999597 5.981362959723155 -11.474696791632644 -9.6970534277982114 0.3015328281363705 0.15140846269852912 -0.48362305883265089 -0.99223933436679845 -0.4848117543975598 -16.413589847835031 0.48695792553196376 -3.8897662984381802 -9.7927638021710788 -0.19480510269058843 -5.3373015662254026 -10.39472602750747
leaf_weight=178 28 47 24 20 26 32 28 33 79 25 20 36 23 27 20 42 28 36 26 23 259 30 28 26 23 32 25 20 34 36 33 3451 23 21 233 24 22 35 35 20 52 22 27 317 59 20 87 20 29 22 20 20 100 33 91 39 20 22 21 29 40 705
leaf_count=178 28 47 24 20 26 32 28 33 79 25 20 36 23 27 20 42 28 36 26 23 259 30 28 26 23 32 25 20 34 36 33 3451 23 21 233 24 22 35 35 20 52 22 27 317 59 20 87 20 29 22 20 20 100 33 91 39 20 22 21 29 40 705
internal_value=-0.00161645 -0.00185503 0.0175261 0.00127269 0.00868307 0.000651308 -0.00232195 -0.000843431 0.000770586 0.000308618 0.00358773 0.00201681 0.000123592 -0.00030891 0.00266733 -0.000836696 0.000454709 0.00245077 0.00613526 0.00427699 -0.00256434 -0.00130124 -0.00180933 -0.000351804 0.000753137 0.00271124 0.00588441 0.00071161 0.0238038 0.000379266 -0.000559255 -0.00268727 -0.00137547 -0.00147752 -0.00206755 -0.00126582 -0.00217316 -0.000895212 -0.0024282 -0.0027576 -0.0022384 0.000237388 0.00305499 -0.0022644 -0.000551091 -0.0021634 -0.00214482 -0.00266321 -0.000488799 -0.00252337 -7.12596e-05 -0.0013369 -0.00226011 -0.00124294 -0.00221663 -0.00264153 -0.000673317 -0.00273539 -0.00253139 -0.00290423 -0.00280449 -0.00287478
internal_weight=7006 6920 86 898 69 829 6022 850 397 797 127 107 364 670 100 570 277 137 62 49 5172 461 431 341 215 136 57 80 58 79 75 4711 242 140 293 71 403 144 268 4469 989 101 49 453 87 219 109 366 49 888 42 56 126 53 119 846 40 806 199 3480 784 745
internal_count=7006 6920 86 898 69 829 6022 850 397 797 127 107 364 670 100 570 277 137 62 49 5172 461 431 341 215 136 57 80 58 79 75 4711 242 140 293 71 403 144 268 4469 989 101 49 453 87 219 109 366 49 888 42 56 126 53 119 846 40 806 199 3480 784 745
is_linear=0
shrinkage=0.03


Tree=37
num_leaves=63
num_cat=0
split_feature=47 0 16 0 63 59 4 48 16 47 7 64 50 28 48 60 57 44 18 1 50 16 11 64 58 41 41 58 51 63 47 18 34 26 34 16 25 0 33 22 13 40 16 48 30 15 5 62 47 19 28 4 52 21 13 4 53 22 24 0 49 4
split_gain=34.3645 10.4597 8.69179 4.20665 5.56509 3.19346 3.47594 2.30443 2.38407 2.24357 1.61883 1.49452 1.4152 1.60107 1.36741 1.24758 1.15618 1.05841 1.23021 0.857691 1.39546 1.03142 0.758466 0.724831 0.887618 0.670453 0.620576 0.553548 1.10674 0.658057 0.491177 0.851847 0.963947 0.478075 0.414472 0.400315 0.574362 0.369175 0.31349 0.261682 0.235393 0.233706 0.22785 0.421781 0.813458 0.492346 0.304896 0.221097 0.189156 0.429877 0.188218 0.216412 0.182061 0.179893 0.173805 0.172998 0.152835 0.14834 0.14462 0.134528 0.127208 0.0972268
threshold=3883.5000000000005 119026.00000000001 -2965.4999999999995 140429.00000000003 328.50000000000006 909.50000000000011 15.500000000000002 695.50000000000011 -1358.4999999999998 1596.5000000000002 28.500000000000004 2464.5000000000005 1558.9583333333337 2.6630045000000071 1380.5000000000002 248.50000000000003 3.5000000000000004 28134.500000000004 19.125000000000004 -4.3749999999999991 440.06250000000006 36.500000000000007 117974.00000000001 123.50000000000001 3918.4375000000005 51105.000000000007 61698.500000000007 4025.2708333333339 1587.5000000000002 192.50000000000003 703.50000000000011 26.525000000000002 1.560099111456829 85.738332000000028 -0.86877849347578351 -1775.9999999999998 76.312237500000023 114243.50000000001 4.2063290904454069 -1.2500000000000002 88933.000000000015 66100.000000000015 1947.5000000000002 232.50000000000003 51.449102152901112 4393.7437402251126 1.0000000180025095e-35 2651.1666666666674 953.50000000000011 20.575000000000006 12.421497999999998 4.5000000000000009 619.50000000000011 4.2615821506673344 80378.000000000015 22.500000000000004 2219.5000000000005 -1.8 47.904905000000007 136141.00000000003 179.50000000000003 15.500000000000002
decision_type=2 2 2 2 2 2 2 2 2 2 2 2 2 2 2 2 2 2 2 2 2 2 2 2 2 2 2 2 2 2 2 2 2 2 2 2 2 2 2 2 2 2 2 2 2 2 2 2 2 2 2 2 2 2 2 2 2 2 2 2 2 2
left_child=1 7 -2 5 -5 6 -3 19 55 15 12 26 22 35 -8 -10 -17 18 40 20 38 37 -7 24 -21 -4 -6 29 61 -19 42 32 39 41 -31 -14 -37 -22 52 -32 -18 53 50 -44 -45 -46 -47 60 54 -50 -25 -52 -1 57 -36 -9 -41 -24 -51 -59 -48 -29
right_child=2 3 25 4 11 10 14 8 9 -11 -12 -13 13 -15 -16 16 17 27 -20 23 21 -23 33 30 -26 -27 -28 28 -30 34 31 -33 -34 -35 48 36 -38 -39 -40 56 -42 -43 43 44 45 46 47 -49 49 58 51 -53 -54 -55 -56 -57 -58 59 -60 -61 -62 -63
leaf_value=-7.0048010603220572 17.301444839039394 24.514491967336262 40.125652123928845 31.345532618543782 -2.6063271021427448 3.5379734834427103 2.36765648011467 -2.6253274052861082 0.39341669490162501 6.6193170374676891 3.8121000955717688 19.960180832296597 -0.80966394419772758 7.9463140779607464 -1.8705357655521277 5.1501944218445663 0.13875147625459944 0.049291179723705329 0.37216076790518204 0.60749164166641212 1.9728588169486079 5.5193593949302251 -0.37698331545279162 -13.252686226689072 -6.7705972878889487 56.472330265939576 7.0933043843608008 -0.076946044783680348 0.17987693110781763 0.13349930275178593 -2.0582943298535428 0.72173864609335714 0.48357924356258447 0.014252933320834743 -5.9030863551880977 -0.24338652324313154 6.1826241469279299 -0.88920724442433896 0.8078923097272479 -4.9754660890760078 -2.2368369583387349 0.031673130449192254 -11.558261870755629 0.97842088871314792 0.71550360972662208 0.036665505576132691 -4.7123687788730635 -3.4620669980307603 0.60911195172259958 -0.01705109674336891 -9.7636449119399806 0.25662851379393514 -16.04798273621179 -0.065130131428576654 -5.9901718242056878 0.28572307532020375 -3.0593166356920922 -0.64106825141507773 -0.29902041659478978 -0.36873182144230598 -9.897719926286527 -7.4478089092757642
leaf_weight=38 28 38 24 21 24 36 24 433 21 38 27 20 23 24 40 23 20 25 39 20 20 25 20 3314 22 34 26 20 21 26 26 20 28 21 21 28 20 21 20 280 27 37 635 28 22 21 27 31 21 20 23 20 152 31 253 20 22 261 60 24 249 23
leaf_count=38 28 38 24 21 24 36 24 433 21 38 27 20 23 24 40 23 20 25 39 20 20 25 20 3314 22 34 26 20 21 26 26 20 28 21 21 28 20 21 20 280 27 37 635 28 22 21 27 31 21 20 23 20 152 31 253 20 22 261 60 24 249 23
internal_value=-0.00165499 -0.00188971 0.0171777 0.00146557 0.00750823 0.000619171 0.00549461 -0.00229502 -0.00105301 9.57294e-05 -0.000277124 0.00338088 -0.000651305 0.00264984 0.00117005 -0.000333818 -0.000590887 -0.000859227 0.00219512 -0.00256689 -0.000923579 0.0028593 -0.00138805 -0.00266097 0.0012114 0.0238038 0.000538921 -0.00140176 0.00117005 -0.00179535 -0.0026959 -0.0016352 -0.00197978 -0.00177366 -0.00209424 0.000337552 0.00193347 -7.13515e-10 -0.00212756 -0.00244133 -0.00101911 -0.00202627 -0.00278644 -0.00237489 -0.00156308 -0.0019623 -0.00225846 -0.00250081 -0.00235137 -0.00118694 -0.00290965 -0.000835268 -0.00250921 -0.00227611 -0.00276906 -0.00272788 -0.00269116 -0.00249754 -0.00220974 -0.00267275 -0.00277074 -0.00153132
internal_weight=7006 6920 86 745 91 654 102 6175 1111 658 552 70 525 95 64 620 599 576 86 5064 276 66 430 4788 42 58 50 490 64 426 4746 376 356 394 401 71 48 41 210 328 47 373 4370 1013 378 350 328 307 375 101 3357 43 190 336 274 453 302 305 80 285 276 43
internal_count=7006 6920 86 745 91 654 102 6175 1111 658 552 70 525 95 64 620 599 576 86 5064 276 66 430 4788 42 58 50 490 64 426 4746 376 356 394 401 71 48 41 210 328 47 373 4370 1013 378 350 328 307 375 101 3357 43 190 336 274 453 302 305 80 285 276 43
is_linear=0
shrinkage=0.03


Tree=38
num_leaves=63
num_cat=0
split_feature=47 47 3 48 11 66 28 33 61 34 4 59 18 34 22 61 35 28 56 51 54 49 2 15 52 43 18 21 33 15 61 52 22 1 50 55 61 52 22 69 56 28 1 2 51 35 48 47 40 41 22 29 25 13 35 48 39 67 1 66 29 48
split_gain=34.2394 10.7603 5.83363 3.5661 2.10547 2.7593 2.58379 2.17905 2.0961 1.76788 1.54415 1.44159 1.15657 1.59662 1.38906 1.14734 1.13827 2.44487 1.39462 1.03828 1.03222 0.915478 1.89135 1.78051 1.16203 1.0299 0.794168 2.15713 0.749634 0.703756 0.589899 0.867458 0.553502 0.549204 0.504368 0.489973 0.598412 0.389783 0.385403 0.376782 0.363881 0.29236 0.283744 0.266268 0.246781 0.226322 0.208865 0.188908 0.303149 0.688015 0.244574 0.728147 0.188996 0.431853 0.187522 0.178709 0.170543 0.453673 0.156679 0.155105 0.153831 0.125519
threshold=3883.5000000000005 1762.5000000000002 67.998069320122383 695.50000000000011 138856.00000000003 1273.1875000000002 1.2553060000000011 1.3040067647656899 2047.0000000000002 1.2776981883233456 5.5000000000000009 800.50000000000011 24.625000000000004 -0.22987597012591718 0.90000000000000135 241.50000000000003 25997.000000000004 -3.7282379999999971 16.500000000000004 1329.5000000000002 2135.0000000000005 309.50000000000006 61.187628000000011 14401.689679922138 1596.5000000000002 28487.500000000004 -9.0249999999999986 1.5853238808763421 1.9972803736981795 8817.9909082744016 863.50000000000011 1494.5000000000002 -1.0249999999999984 25.225000000000005 974.62500000000011 26.500000000000004 1627.5000000000002 2376.5000000000005 3.2000000000000006 89608.000000000015 1536.5000000000002 15.515343000000007 -11.774999999999999 61.187628000000011 1541.5000000000002 14931.500000000002 1564.5000000000002 277.50000000000006 28970.500000000004 34791.500000000007 -1.3 61.645634194576935 50.966982000000009 84471.000000000015 29234.500000000004 1886.5000000000002 47274.500000000007 104897.00000000001 25.825000000000006 855.08333333333348 52.785864572765256 1031.5000000000002
decision_type=2 2 2 2 2 2 2 2 2 2 2 2 2 2 2 2 2 2 2 2 2 2 2 2 2 2 2 2 2 2 2 2 2 2 2 2 2 2 2 2 2 2 2 2 2 2 2 2 2 2 2 2 2 2 2 2 2 2 2 2 2 2
left_child=1 3 8 12 7 6 -6 -3 -2 11 40 -9 26 14 -14 -12 19 -18 -19 39 21 44 24 25 -23 -24 27 -1 -7 -26 31 -15 -13 45 -20 36 -34 38 41 -17 55 42 -28 -37 -21 -27 -31 54 49 -49 51 60 53 -52 56 -5 -44 -58 -54 -32 -50 -22
right_child=2 4 -4 10 5 28 -8 9 -10 -11 15 32 13 30 -16 16 17 18 34 20 61 22 23 -25 29 33 37 -29 -30 46 59 -33 35 -35 -36 43 -38 -39 -40 -41 -42 -43 47 -45 -46 -47 -48 48 50 -51 52 -53 58 -55 -56 -57 57 -59 -60 -61 -62 -63
leaf_value=9.794316942739929 34.303838879410534 6.6121727064622116 27.891880816108952 -2.9987338032886464 12.171529716368928 -2.5390991095469664 29.310994946369263 14.358767672711299 53.695625388637744 4.5332105883585054 0.50758827009632168 1.4575801184862396 -3.1442867778281096 0.73415952786599448 1.4923262276410563 -0.4278436301090871 12.740406001165242 10.905796898386063 6.5761738637487595 0.43225360768883242 -0.14643724707330105 0.14293011590553464 0.27737802839706899 7.5673748910684715 0.39400740531946649 0.24651218233268285 -0.57526525400133077 -9.5339987315115664 8.37406561532514 -0.77884651574382535 -0.36365733962212365 -4.2430307674641252 -2.3187281668607058 0.13726296026392384 -1.6857838599615544 0.12674213982135404 3.7998925423336796 -0.85413084313365573 0.12240170403612703 -3.0722588511002042 0.090598483693651449 -4.7115406509630633 -16.990441287268517 -1.3972154426551431 -4.3820355101585085 -0.49386631166949208 -0.097635910942029433 -7.0422291361264557 -0.75127549260818927 1.8753089481437917 0.3801840512481941 0.6206509788229323 -7.9321753211637134 -6.5316776342830529 -0.60682207937612298 -1.4127999957936079 0.36750513619269809 -13.79915560242978 -2.849537522036703 -4.7632159413962558 -7.6164623943494858 -0.27548154908705252
leaf_weight=20 20 32 22 355 26 21 23 39 44 35 21 38 31 20 33 33 23 24 20 25 24 28 20 21 21 20 27 79 22 117 22 21 21 28 69 27 31 34 20 204 31 26 3056 121 63 25 39 34 20 21 34 22 1144 87 20 36 24 99 22 153 76 92
leaf_count=20 20 32 22 355 26 21 23 39 44 35 21 38 31 20 33 33 23 24 20 25 24 28 20 21 21 20 27 79 22 117 22 21 21 28 69 27 31 34 20 204 31 26 3056 121 63 25 39 34 20 21 34 22 1144 87 20 36 24 99 22 153 76 92
internal_value=-0.00162073 -0.00185503 0.0171777 -0.00216206 0.00270351 0.00674267 0.011609 0.0016129 0.0217629 0.00083627 -0.000779629 2.16521e-05 -0.00252123 -0.000631918 0.00351014 -8.50514e-05 -0.000251089 0.00227039 0.000424402 -0.000706487 3.44095e-05 0.000751657 0.00150423 0.00460123 -0.000204779 0.00277121 -0.00262934 0 0.00111369 -0.00111801 -0.00187413 0.00131387 -0.000844184 0.00106703 -0.00127946 -0.00148426 0.000978886 -0.00268459 -0.00270768 -0.00235344 -0.00228145 -0.00272554 -0.00274322 -0.00237002 -0.00194098 -0.000931265 -0.00182575 -0.00276105 -0.00246353 -0.000217787 -0.00254929 -0.0011939 -0.00267112 -0.00148638 -0.00289582 -0.00253132 -0.00291403 -0.00175467 -0.00279136 -0.00263849 -0.00234131 -0.00245478
internal_weight=7006 6920 86 6484 436 92 49 344 64 312 1339 277 5145 280 64 917 896 136 113 760 523 407 319 114 205 93 4865 99 43 177 216 41 238 73 89 200 52 4766 4732 237 422 4712 4686 148 88 45 156 4659 1460 55 1405 118 1287 121 3199 391 3179 123 1166 175 96 116
internal_count=7006 6920 86 6484 436 92 49 344 64 312 1339 277 5145 280 64 917 896 136 113 760 523 407 319 114 205 93 4865 99 43 177 216 41 238 73 89 200 52 4766 4732 237 422 4712 4686 148 88 45 156 4659 1460 55 1405 118 1287 121 3199 391 3179 123 1166 175 96 116
is_linear=0
shrinkage=0.03


Tree=39
num_leaves=63
num_cat=0
split_feature=0 70 18 48 2 24 39 16 46 43 34 44 58 16 13 25 17 62 15 18 60 2 49 22 21 55 46 17 16 2 23 50 55 28 17 27 60 60 25 55 22 22 43 61 50 60 53 48 23 39 16 2 7 52 34 59 16 40 30 41 57 65
split_gain=24.7675 8.68597 8.13877 5.46121 5.33793 4.28613 3.00585 2.99371 2.14167 2.10573 1.45899 1.21532 1.19049 1.86278 2.10124 2.09759 1.16432 1.97972 2.85163 1.06746 1.60273 1.00577 0.826415 1.705 0.78922 0.761746 1.32807 3.05883 1.067 1.52823 0.707797 0.679417 1.08734 1.2672 0.612379 0.699226 0.487679 0.519071 0.650822 0.451571 0.382097 0.363786 0.900473 0.343552 0.335887 0.274717 0.246976 0.232434 0.557358 0.217741 0.216412 0.199701 0.199701 0.364461 0.345329 0.672914 0.197527 0.185621 0.1729 0.121345 0.0806384 0.0705937
threshold=138055.50000000003 137066.41666666672 -12.974999999999998 739.00000000000011 75.625315000000015 73.561395000000019 68971.500000000015 5397.5000000000009 33795.479166666679 31884.000000000004 0.21243775060905892 32443.500000000004 2422.5000000000005 1169.5000000000002 102594.00000000001 39.363260500000003 -4.3749999999999991 2181.9583333333335 5021.7677002107148 24.625000000000004 262.50000000000006 71.125838000000016 198.50000000000003 -1.0000000180025095e-35 3.8967092284127367 2220.5000000000005 28508.104166666668 22.075000000000006 -3262.9999999999995 75.625315000000015 81.561320000000009 567.00000000000011 5234.5000000000009 -4.9416094999999975 26.425000000000001 16.680632828717552 1468.5000000000002 966.50000000000011 52.713714500000002 8512.0000000000018 3.2000000000000006 -1.2500000000000002 27549.500000000004 804.50000000000011 510.14583333333343 487.50000000000006 1129.5000000000002 350.50000000000006 38.149722500000003 40571.500000000007 427.50000000000006 63.936090500000013 17.500000000000004 2065.5000000000005 0.63961068073675886 3149.0000000000005 4535.5000000000009 28835.500000000004 66.365517971143419 34066.500000000007 1.0000000180025095e-35 2894.5000000000005
decision_type=2 2 2 2 2 2 2 2 2 2 2 2 2 2 2 2 2 2 2 2 2 2 2 2 2 2 2 2 2 2 2 2 2 2 2 2 2 2 2 2 2 2 2 2 2 2 2 2 2 2 2 2 2 2 2 2 2 2 2 2 2 2
left_child=2 5 4 16 8 6 11 12 -1 -8 -9 39 13 15 -15 -5 17 24 -19 40 -21 -16 23 -17 49 34 27 50 29 51 -20 43 -33 -34 59 -36 37 45 -39 -2 41 42 -18 -22 61 -30 -38 -43 -49 -4 -27 -28 -48 54 55 -54 57 -50 -24 -14 -59 -44
right_child=1 -3 3 7 -6 -7 9 10 -10 -11 -12 -13 25 14 21 22 19 18 30 20 31 -23 58 -25 -26 26 28 -29 36 -31 -32 32 33 -35 35 -37 46 38 -40 -41 -42 47 44 -45 -46 -47 52 48 56 -51 -52 -53 53 -55 -56 -57 -58 60 -60 -61 -62 -63
leaf_value=33.66565635448125 5.30558593707757 52.359875167657727 -9.7753313803011075 7.8262066409571851 -2.9522743725241662 33.608124713507067 11.737518396827586 9.0862987398591795 40.330791862362048 27.674076313218773 0.66524546912435278 13.846253466961979 -8.7338083728886975 3.3390542712046027 6.0175888381968932 27.047271240955393 1.8037903000212259 9.5004874344577317 -7.0816749878170686 2.1598305684127541 0.15856975478398999 -1.7146070331062533 -3.3393087489175191 -4.1097590566548661 1.96032800733367 0.15645743785117605 -1.2236661929751482 8.1230081693104577 0.022957703793754336 3.7576524811228063 2.7285596424923173 -3.6451510275995047 -0.037784406468282017 1.524647089257769 1.0872133794017211 -1.3214406940335981 0.010589764795168112 -0.19301786617270203 0.83754635938042188 -1.9908198003900333 0.11872965291504201 -13.407599258489331 -7.7959431258989387 -4.9293984630225651 0.36503210248902995 -0.54031874801842028 -0.72992877907692866 0.055434152958527168 -2.0678750070900733 -9.8995183256434984 -0.30980025288725987 0.24114550060309098 -0.6761666867501781 -0.52186868190357227 -0.63133822619144531 1.2545187952972601 -1.7564135636694396 -6.4553284453090578 -0.95571889364933893 -3.0850460711783247 -6.9816951609546321 -9.536730438769645
leaf_weight=22 22 28 34 20 29 26 24 24 22 20 39 20 24 36 20 20 36 20 31 20 21 29 137 25 24 20 20 20 29 22 20 39 26 22 30 25 34 22 33 43 20 3439 73 181 20 61 195 22 34 181 23 20 33 73 41 20 31 31 34 348 784 164
leaf_count=22 22 28 34 20 29 26 24 24 22 20 39 20 24 36 20 20 36 20 31 20 21 29 137 25 24 20 20 20 29 22 20 39 26 22 30 25 34 22 33 43 20 3439 73 181 20 61 195 22 34 181 23 20 33 73 41 20 31 31 34 348 784 164
internal_value=-0.00161217 0.00927362 -0.00190471 -0.00201286 0.00804377 0.00646035 0.0041828 -0.000398078 0.0146258 0.0105442 0.00599049 0.000846063 -0.000685242 0.000915602 0.00472385 -0.000444728 -0.00246459 -0.000667527 0.00371308 -0.00257621 -0.000854093 0.000610997 -0.00131883 0.00226164 -0.00198243 -0.00115817 -0.000517941 0.00361331 -0.000955066 0.00275362 -7.13856e-10 -0.00143203 0.000757749 0.00380457 -0.00214938 0.00076225 -0.00138607 8.27009e-05 0.00239564 -0.00110599 -0.00268989 -0.00270797 -0.00165814 -0.00238991 -0.00228705 -0.00129856 -0.00193133 -0.0027781 -0.00233123 -0.00256625 -0.000835268 -0.000673317 -0.00216239 -0.00136445 -9.56436e-05 0.00146893 -0.00245086 -0.0025368 -0.00227937 -0.00258801 -0.0026279 -0.0026065
internal_weight=7006 183 6823 6750 73 155 129 1477 44 44 63 85 1414 321 85 236 5273 310 71 4963 309 49 216 45 239 1093 666 63 603 62 51 289 87 48 427 55 541 145 55 65 4654 4634 293 202 257 90 396 4341 902 215 43 40 362 167 94 53 880 849 171 372 815 237
internal_count=7006 183 6823 6750 73 155 129 1477 44 44 63 85 1414 321 85 236 5273 310 71 4963 309 49 216 45 239 1093 666 63 603 62 51 289 87 48 427 55 541 145 55 65 4654 4634 293 202 257 90 396 4341 902 215 43 40 362 167 94 53 880 849 171 372 815 237
is_linear=0
shrinkage=0.03


Tree=40
num_leaves=63
num_cat=0
split_feature=47 47 3 41 0 47 10 70 58 62 69 11 34 60 50 41 53 54 1 24 50 50 26 52 60 56 50 0 21 40 11 36 48 66 17 34 52 1 50 4 41 57 49 34 7 1 10 5 32 21 19 57 57 3 24 19 49 26 1 12 44 15
split_gain=30.7012 11.1146 4.95247 2.76824 2.60518 2.4699 4.20376 3.44279 2.36415 1.72695 2.54514 2.7989 1.16226 1.47436 0.989257 1.75885 1.05081 1.01179 0.9639 0.929257 1.19918 1.62477 0.81947 0.614699 0.945785 0.595339 1.2975 1.18751 0.656687 0.626999 1.60621 0.576958 0.459205 0.608255 0.439614 0.653486 0.438336 0.305561 0.893116 0.30485 0.655919 0.302406 0.251013 0.677145 0.215003 0.166291 0.160498 0.355608 0.156705 0.164332 0.143279 0.138857 0.716388 0.231984 0.463959 0.421349 0.180519 0.132908 0.113264 0.0992279 0.0985733 0.0720056
threshold=3883.5000000000005 1596.5000000000002 67.998069320122383 49652.000000000007 142185.50000000003 796.50000000000011 0.74305326206722599 121160.58333333336 4152.6458333333348 1473.1250000000002 108979.00000000001 120694.00000000001 2.0092613823225602 4136.5000000000009 1640.5833333333337 52339.500000000007 860.50000000000011 1825.7500000000002 23.175000000000001 68.177577000000014 1277.3125000000002 1173.166666666667 85.898237666666674 1756.5000000000002 3494.0000000000005 7636.5000000000009 462.64583333333343 116647.00000000001 4.6213724512608056 45498.000000000007 94148.500000000015 11058.000000000002 758.00000000000011 1391.2708333333337 26.625000000000004 -0.17524148836872652 1418.5000000000002 -4.3749999999999991 501.35416666666674 21.500000000000004 38547.500000000007 5.5000000000000009 1509.5000000000002 -0.15006155688217501 2.5000000000000004 -10.574999999999998 0.56392291514228221 1.5000000000000002 64.666530285319922 4.2464773215346368 28.575000000000006 6319.0000000000009 6478.5000000000009 57.06116260452972 63.208194500000005 18.025000000000002 81.500000000000014 75.107959520833347 23.925000000000001 123220.50000000001 28093.500000000004 4581.2933162224681
decision_type=2 2 2 2 2 2 2 2 2 2 2 2 2 2 2 2 2 2 2 2 2 2 2 2 2 2 2 2 2 2 2 2 2 2 2 2 2 2 2 2 2 2 2 2 2 2 2 2 2 2 2 2 2 2 2 2 2 2 2 2 2 2
left_child=1 5 3 -2 9 18 12 -8 -6 10 -3 -12 31 -14 19 16 -16 -17 32 59 21 23 25 24 -21 28 50 29 -20 30 -28 -7 37 -34 42 -36 -37 38 46 41 -41 -35 44 -44 -33 -46 -1 -48 49 -38 -27 61 -53 56 55 -55 -54 -31 -25 -11 -43 -39
right_child=2 4 -4 -5 8 6 7 -9 -10 14 11 -13 13 -15 15 17 -18 -19 22 20 -22 -23 -24 58 -26 26 27 -29 -30 57 -32 34 33 39 35 36 48 51 -40 40 -42 60 43 -45 45 -47 47 -49 -50 -51 -52 52 53 54 -56 -57 -58 -59 -60 -61 -62 -63
leaf_value=-17.588849399770282 33.350106254971585 -0.14613693398524605 26.046880650220473 50.838381585688921 17.439769741874056 0.045338946915604132 -3.1810089620257025 12.027850103225706 18.850187471855005 -1.8889716732295481 12.072068378021111 0.94878496880192631 4.8505165734323006 -1.0053262228939273 11.843211395199079 6.2261678712137467 -2.3776524902295422 1.7109142094021523 -8.9039399883244581 -0.75528769161612774 -1.1783491092582936 4.8019890120589031 0.74885605054901339 -0.53837841119894447 3.4138368812420943 -6.4951618543691394 -2.6154336654050829 1.1276440850494394 0.31755377728353135 -1.0631461422920445 0.65215107544742079 -0.038406089357547253 0.26408119619637344 -0.57935778693858508 0.11409637778193736 0.081752843567244937 -0.42087294729494229 -11.938884751297973 2.3732359789537929 0.1889200577113733 -7.2544027264038444 -3.7776564367498278 0.062670580164689529 -0.74642638148941254 -0.42564301276875749 -2.4068117751256133 1.5304808846680737 -9.2041512713291471 -0.17714336851780643 -0.15634105546896676 -2.9469730529823117 1.4932722352168448 -13.154085660224796 -4.9879828070810799 -9.6024032026642239 0.88702884535223447 -9.1379930724034075 -0.18324354727797176 -0.28479999826529712 -1.0023409886177872 -8.9329113842446901 -12.171806028186651
leaf_weight=139 21 36 22 43 27 35 39 33 36 28 37 24 28 21 20 21 49 20 290 21 50 35 34 20 23 156 22 36 22 46 20 31 34 23 26 20 91 602 28 20 26 32 30 67 20 455 38 50 28 37 21 28 20 23 59 20 611 20 31 88 200 2773
leaf_count=139 21 36 22 43 27 35 39 33 36 28 37 24 28 21 20 21 49 20 290 21 50 35 34 20 23 156 22 36 22 46 20 31 34 23 26 20 91 602 28 20 26 32 30 67 20 455 38 50 28 37 21 28 20 23 59 20 611 20 31 88 200 2773
internal_value=-0.00166783 -0.00188971 0.0161324 0.0203588 0.00213566 -0.00224878 -0.000842785 0.0061165 0.00789223 0.00140727 0.00500515 0.00873977 -0.00141042 0.00305499 0.000539275 0.00297003 0 0.00788321 -0.00249875 -0.000354611 0.000982787 0.00251345 -0.00142108 0.00044164 0.00306122 -0.00166798 -0.000747431 0.00135323 -0.00260494 -0.000194265 0.00263658 -0.0016748 -0.00265018 -0.00155774 -0.00184077 -0.00060861 -0.00127768 -0.0027328 -0.00169345 -0.00199269 0.000195227 -0.00239906 -0.00224838 -0.000803296 -0.00251927 -0.00267733 -0.00232497 -0.00125993 -0.00182575 -0.00227166 -0.00247318 -0.00279611 -0.00240442 -0.00258628 -0.0012047 0.00111369 -0.00280463 -0.00204236 -0.00176125 -0.00245478 -0.00272727 -0.00288347
internal_weight=7006 6920 86 64 566 6354 961 72 63 503 97 61 889 49 406 110 69 41 5393 296 180 130 667 95 44 633 321 144 312 108 42 840 4726 335 805 202 176 4391 255 301 46 255 603 97 506 475 227 88 156 128 177 4136 761 733 102 43 631 66 51 116 232 3375
internal_count=7006 6920 86 64 566 6354 961 72 63 503 97 61 889 49 406 110 69 41 5393 296 180 130 667 95 44 633 321 144 312 108 42 840 4726 335 805 202 176 4391 255 301 46 255 603 97 506 475 227 88 156 128 177 4136 761 733 102 43 631 66 51 116 232 3375
is_linear=0
shrinkage=0.03


Tree=41
num_leaves=63
num_cat=0
split_feature=47 47 16 39 25 16 38 16 16 47 35 2 36 16 25 6 66 33 16 43 26 28 43 3 49 68 2 55 26 58 13 18 26 59 63 38 61 22 41 4 22 60 47 41 56 56 23 32 3 22 61 40 39 52 63 33 62 1 64 1 62 30
split_gain=30.6568 9.98713 7.72089 3.11709 2.84532 2.79239 2.0601 2.16528 2.04679 2.58583 2.11464 2.16489 1.14465 1.11422 2.87051 1.57738 1.44646 1.88164 1.11049 1.10898 1.03615 1.99146 1.4197 0.689817 0.678416 0.674753 0.610513 0.831382 0.578219 0.616897 0.638308 0.567627 1.01826 0.574443 0.564301 0.545544 0.645671 0.540816 0.428845 0.4203 0.535348 0.407632 0.382739 0.800066 0.953016 0.314695 0.252257 0.27717 0.692306 0.25141 0.241029 0.225451 0.172091 0.169835 0.16763 0.142927 0.138641 0.0947969 0.0929188 0.0761338 0.0722879 0.308213
threshold=3883.5000000000005 1272.5000000000002 -2112.4999999999995 68971.500000000015 63.46315950000001 5561.5000000000009 28853.895833333336 1.0000000180025095e-35 1092.5000000000002 234.50000000000003 26280.500000000004 82.25190000000002 30554.500000000004 5561.5000000000009 72.342355000000012 8.5000000000000018 3320.8958333333339 1.9207672081072118 -4063.4999999999995 28110.500000000004 79.005590333333345 4.1554579999999968 32258.500000000004 64.224159273741734 1469.5000000000002 85205.000000000015 49.12895000000001 92.500000000000014 85.221529895833342 3734.4166666666674 132158.00000000003 23.175000000000001 83.970482500000017 248.50000000000003 1741.5000000000002 29432.020833333336 784.50000000000011 0.15000000000000127 55432.500000000007 18.500000000000004 -1.5999999999999999 309.00000000000006 506.50000000000006 40571.500000000007 4037.0000000000005 529.50000000000011 40.3230225 61.698128529323334 61.327146405491554 -0.12499999999999999 3541.0000000000005 47627.500000000007 47410.500000000007 515.50000000000011 421.50000000000006 4.4158992724764818 1827.8958333333337 23.075000000000006 827.50000000000011 -4.3749999999999991 2608.8125000000005 53.680096144541359
decision_type=2 2 2 2 2 2 2 2 2 2 2 2 2 2 2 2 2 2 2 2 2 2 2 2 2 2 2 2 2 2 2 2 2 2 2 2 2 2 2 2 2 2 2 2 2 2 2 2 2 2 2 2 2 2 2 2 2 2 2 2 2 2
left_child=1 8 -2 5 -5 6 18 23 35 31 13 -12 -9 15 -15 25 17 -17 45 -20 26 28 -23 -8 41 -11 34 -28 29 -22 -31 59 33 -33 38 39 -37 -30 -21 -1 -41 -19 52 44 -44 58 -27 55 -49 -46 -4 -50 53 -42 -35 60 -53 -16 -3 -10 -48 -62
right_child=2 3 50 4 -6 -7 7 12 9 10 11 -13 -14 14 57 16 -18 24 19 20 21 22 -24 -25 -26 46 27 -29 37 30 -32 32 -34 54 -36 36 -38 -39 -40 40 42 -43 43 -45 49 -47 47 48 51 -51 -52 56 -54 -55 -56 -57 -58 -59 -60 -61 61 -63
leaf_value=-11.088282961989066 26.931746850316223 -1.3441809221399279 32.815951927442249 16.914522385180103 1.6784963435539693 8.8403145197888673 -1.3022924287649953 28.792345270194705 -9.2947114619070845 1.2814131917466565 10.157345781757924 -1.4159876146613946 3.8388676580792001 7.7747628415329553 -4.0076952333206446 0.69221775083525805 1.3804906709784386 0.24103579055773305 5.3090042776290698 -0.51812619112038028 -0.46739528358601212 5.2367041034665265 0.068334994696529552 4.4002936251566434 0.33749631533229896 0.2586296998801707 1.7291331947475652 -0.67759044533479829 -0.075108406092474295 -0.51284186027597256 5.5665050654681121 0.66666237938177664 0.42820470194223709 -1.1677503278882941 0.53945108302010936 5.7703805555981713 -10.665804814144762 6.6710791890170356 10.626402283654302 0.43599409425044855 -11.948178625848616 -3.1745486312792668 0.85849307552378273 -3.1959185553870908 0.18019069799609982 2.104865122811967 -5.1743977028033887 0.078317832093767775 -1.2874298811317093 -1.4042115444873207 51.158509341556616 -0.77929613914097162 -4.1158263613062465 -11.262892613950624 -9.0398750807184882 -0.011063062420474092 -1.8449974932208664 -0.22711413410305287 -1.8166079902886396 -13.23290064562666 0.63258654318399987 -2.913756291983423
leaf_weight=3191 39 32 20 29 29 35 27 20 39 33 27 21 20 22 22 38 20 38 20 28 77 23 24 37 21 21 33 169 22 22 20 20 22 20 21 27 29 22 20 31 22 108 27 88 20 21 321 38 25 31 27 23 20 396 117 21 111 20 147 919 20 53
leaf_count=3191 39 32 20 29 29 35 27 20 39 33 27 21 20 22 22 38 20 38 20 28 77 23 24 37 21 21 33 169 22 22 20 20 22 20 21 27 29 22 20 31 22 108 27 88 20 21 321 38 25 31 27 23 20 396 117 21 111 20 147 919 20 53
internal_value=-0.00165499 -0.00187671 0.0161324 0.00107226 0.0077969 0.000603499 0.000238479 0.00417867 -0.00231697 -0.00156862 -0.000454591 0.00567567 0.00965087 -0.000766413 0.00304212 -0.00104365 0.0011195 0.000351048 -0.00034232 0.000407104 0.000112242 0.00169919 0.00713376 0.000702027 -0.00100539 -0.00177901 -0.0011066 -0.00194458 0.000110361 -0.00095718 0.00192399 -0.00254859 -0.000971525 -0.00183323 0.00130246 -0.00272868 0.000160427 0.00306122 -0.000436591 -0.00277175 -0.00205007 -0.00174538 -0.00224963 -0.000993378 0.00119078 -0.00223388 -0.00199968 -0.0021124 -0.00115677 -0.00117417 0.0243312 -0.00203646 -0.00271856 -0.0028486 -0.00253829 -0.00255842 -0.00252796 -0.00149644 -0.00264657 -0.00284 -0.00268714 -0.00172367
internal_weight=7006 6920 86 898 58 840 805 104 6022 2140 1003 48 40 955 64 891 225 205 701 501 481 210 47 64 167 666 271 202 163 119 42 1137 179 157 69 3882 56 44 48 3826 635 146 604 166 78 200 633 612 197 51 47 159 438 418 137 415 134 42 179 958 394 73
internal_count=7006 6920 86 898 58 840 805 104 6022 2140 1003 48 40 955 64 891 225 205 701 501 481 210 47 64 167 666 271 202 163 119 42 1137 179 157 69 3882 56 44 48 3826 635 146 604 166 78 200 633 612 197 51 47 159 438 418 137 415 134 42 179 958 394 73
is_linear=0
shrinkage=0.03


Tree=42
num_leaves=63
num_cat=0
split_feature=47 16 47 16 34 16 29 31 60 28 47 18 34 34 2 47 40 53 60 34 34 46 65 19 32 5 47 16 56 50 15 52 31 52 18 50 47 55 65 38 57 30 20 16 20 46 61 28 13 24 32 48 0 48 28 2 69 1 17 62 14 58
split_gain=29.5188 9.89179 7.02611 3.81656 3.65109 2.26106 2.33434 2.2676 2.15507 1.61353 1.40925 1.37918 1.51814 1.34526 1.36353 0.99672 0.877764 0.85499 0.738015 0.628299 1.03415 0.613356 0.564987 1.01257 1.05138 0.635716 0.532583 0.94642 1.00492 0.90496 1.27308 1.04913 1.46276 0.524006 0.532485 0.515398 0.821786 0.486385 0.482342 0.405543 0.364567 0.363375 0.644342 0.358089 0.357826 0.343398 0.359815 0.341026 0.29602 0.778251 0.287651 0.923635 0.247645 0.212898 0.202583 0.192875 0.181357 0.177039 0.175252 0.155881 0.118061 0.106032
threshold=3195.0000000000005 -951.49999999999989 816.50000000000011 5397.5000000000009 0.15935477611940743 -1046.4999999999998 64.960454725833117 61.670862942293482 5379.5000000000009 0.86931550000000624 4465.0000000000009 24.375000000000004 -0.82555794740355271 1.3738235404919801 59.911583500000006 2078.5000000000005 65454.500000000007 1559.5000000000002 309.00000000000006 0.67588887759622207 0.55290988850446621 32169.333333333339 2600.5000000000005 26.525000000000002 58.24124124496084 2.5000000000000004 239.50000000000003 -177.49999999999997 2.5000000000000004 482.56250000000006 4654.7853668268881 1975.5000000000002 59.277823745800582 2001.5000000000002 28.825000000000006 746.35416666666674 594.50000000000011 21.500000000000004 590.50000000000011 29032.895833333339 4164.5000000000009 47.954823619617862 16.150000000000002 -2745.9999999999995 19.945833333333336 33758.687500000007 4270.5000000000009 12.421497999999998 84471.000000000015 64.14637500000002 62.598818466241489 1488.5000000000002 128722.50000000001 1087.5000000000002 -11.670561999999999 65.745802500000011 90372.000000000015 -11.774999999999999 -7.2249999999999988 2338.0208333333339 117619.12500000001 3132.3750000000005
decision_type=2 2 2 2 2 2 2 2 2 2 2 2 2 2 2 2 2 2 2 2 2 2 2 2 2 2 2 2 2 2 2 2 2 2 2 2 2 2 2 2 2 2 2 2 2 2 2 2 2 2 2 2 2 2 2 2 2 2 2 2 2 2
left_child=2 8 11 5 -5 15 13 -8 17 52 -3 26 -13 19 -15 45 43 -2 -14 20 22 -6 23 24 -7 -26 39 -28 -29 41 -31 38 -33 34 -25 44 53 -24 -32 47 -21 42 -30 60 -20 46 -4 54 49 -43 51 55 -9 -37 -1 -48 -46 -56 -50 -40 -17 -35
right_child=1 10 3 4 21 6 7 9 -10 -11 -12 12 18 14 -16 16 -18 -19 35 40 -22 -23 37 33 25 -27 27 28 29 30 31 32 -34 61 -36 36 -38 -39 59 -41 -42 48 -44 -45 56 -47 50 -49 58 -51 -52 -53 -54 -55 57 -57 -58 -59 -60 -61 -62 -63
leaf_value=-14.428843335178327 26.134689942934017 29.955286608071582 -2.8267423688443998 15.244555771671166 -0.64760631133669599 -0.42142869984510423 17.573803624325549 10.939087792862393 28.956295756349544 16.010354081787867 48.438349384130085 0.23196403054953951 0.86981587380039704 -0.7276551371207407 3.8489448517475586 -0.77879785921847211 3.4390565725910287 -2.5790832460762569 0.26245201185621148 0.48782873457302195 2.0367746063478096 5.0661170800443083 0.43234329103267255 -0.43503301328782157 3.9982022126233092 0.51264888031628586 -9.2047551011478195 6.1678752487485253 1.9990725297551188 3.69179886151014 0.22800458600175799 1.64314897917835 -2.2424283955701489 -0.061626442639887827 0.12552674746085538 -0.64685887462633107 1.4974867457763841 -1.2765670425404545 -4.3465535939435931 2.5598818238884062 -0.37748159279254839 0.93665338645556895 -5.6657294857919283 4.1361532060283048 -12.052110774603651 1.7415914603834735 -0.16891437511220711 -3.1364829304879169 -1.9108603851030594 -7.3609831273816289 -0.56741987199395805 1.6084000359320358 -1.5512841820908501 0.049141898884929952 -8.6878585899850194 -0.2232756285690507 -8.3131288024851528 -15.647351772214908 -6.2722224808535332 -1.0082811800755029 -0.36606304746749757 -0.48739170638157742
leaf_weight=39 22 23 414 20 21 24 30 20 25 31 36 37 28 29 39 20 27 34 20 33 32 20 25 22 27 23 933 23 20 26 22 23 26 25 22 52 21 94 146 20 112 20 25 20 20 29 26 24 20 61 63 20 30 21 21 38 218 3055 475 37 34 63
leaf_count=39 22 23 414 20 21 24 30 20 25 31 36 37 28 29 39 20 27 34 20 33 32 20 25 22 27 23 933 23 20 26 22 23 26 25 22 52 21 94 146 20 112 20 25 20 20 29 26 24 20 61 63 20 30 21 21 38 218 3055 475 37 34 63
internal_value=-0.00165927 0.01197 -0.00193778 -6.69884e-05 0.00726678 -0.000395744 0.000828072 0.00480648 0.00510481 0.0021455 0.0213198 -0.00243066 -0.000762408 4.73594e-05 0.00400881 -0.00160614 0.0011276 0.00176471 -0.00133386 -0.000483968 0.000184821 0.00204379 -0.00031375 0.000625909 0.00344129 0.00592814 -0.00256873 -0.0021582 -0.00147062 -0.00163134 -0.000203499 -0.000861866 0.00305499 -0.000931114 0.00170068 -0.00171258 0.000159404 -0.00196474 -0.00181375 -0.00280903 -0.00215024 -0.00227017 0.000266075 -0.000526317 -0.00240604 -0.00207931 -0.00224559 -0.00283648 -0.00247353 -0.000739828 -0.000938138 0.000178358 -0.00113773 -0.00131327 -0.00286411 -0.00154446 -0.00273415 -0.00289165 -0.00275096 -0.0023266 -0.00182995 -0.0022815
internal_weight=7006 140 6866 1433 61 1372 681 111 81 81 59 5433 417 570 68 691 101 56 380 502 357 41 325 206 74 50 5016 1857 924 901 280 254 49 132 44 352 94 119 205 3159 145 621 45 74 258 590 561 3139 576 81 147 84 50 73 3115 64 238 3076 495 183 54 88
internal_count=7006 140 6866 1433 61 1372 681 111 81 81 59 5433 417 570 68 691 101 56 380 502 357 41 325 206 74 50 5016 1857 924 901 280 254 49 132 44 352 94 119 205 3159 145 621 45 74 258 590 561 3139 576 81 147 84 50 73 3115 64 238 3076 495 183 54 88
is_linear=0
shrinkage=0.03


Tree=43
num_leaves=63
num_cat=0
split_feature=47 47 3 0 63 61 0 62 60 13 34 50 43 55 1 10 10 7 54 49 46 39 32 58 34 24 55 53 52 47 44 10 40 61 35 36 70 10 64 26 18 52 37 13 44 44 23 2 3 62 18 26 37 47 20 30 60 35 0 1 32 26
split_gain=27.2304 8.87793 5.22322 2.56152 3.48923 2.49028 2.0944 1.93173 1.92096 1.92749 1.62066 1.58386 1.42104 1.21249 2.85564 2.23904 2.20451 2.13392 2.89768 2.74478 2.04229 1.55477 1.13086 1.00054 1.29803 1.34998 1.68225 2.03882 0.872829 1.0129 0.845998 0.707269 1.03276 0.662944 0.603538 0.99136 0.584093 1.05205 0.473264 0.469806 0.376732 0.91253 0.318656 0.798211 0.300023 0.256371 0.449422 0.237768 0.22795 0.20921 0.47883 0.176459 0.170015 0.167417 0.519832 0.406028 0.677631 0.170823 0.156681 0.153212 0.132908 0.113264
threshold=3883.5000000000005 1596.5000000000002 67.998069320122383 142185.50000000003 699.50000000000011 2047.0000000000002 90363.000000000015 1171.6250000000002 199.50000000000003 91653.000000000015 0.30330622150294678 475.85416666666669 27577.500000000004 3773.0000000000005 -1.4749999999999999 0.74305326206722599 0.74305326206722599 9.5000000000000018 1539.8333333333337 578.50000000000011 32208.958333333339 45046.000000000007 59.30015834355742 1508.4375000000002 0.28261239758228746 62.691104500000002 4167.5000000000009 2487.5000000000005 2196.5000000000005 770.50000000000011 32280.500000000004 0.35201941816566318 54183.500000000007 2886.5000000000005 27578.500000000004 28255.000000000004 116468.52083333336 0.56392291514228221 173.50000000000003 69.106123708333357 29.475000000000005 1870.5000000000002 14106.000000000002 90596.500000000015 29100.000000000004 25439.500000000004 64.13648000000002 77.79651250000002 66.365517971143419 2696.4791666666674 20.575000000000006 87.369609208333358 9129.5000000000018 277.50000000000006 3.3802083333333339 47.954823619617862 1480.0000000000002 17597.000000000004 117514.00000000001 3.7250000000000005 65.407471734804645 71.49409016666668
decision_type=2 2 2 2 2 2 2 2 2 2 2 2 2 2 2 2 2 2 2 2 2 2 2 2 2 2 2 2 2 2 2 2 2 2 2 2 2 2 2 2 2 2 2 2 2 2 2 2 2 2 2 2 2 2 2 2 2 2 2 2 2 2
left_child=1 6 5 7 -5 -2 45 10 9 -8 -3 12 -10 14 16 22 21 -17 -19 20 -20 -13 28 -9 31 60 34 -28 29 -15 -6 -25 -33 -31 48 -36 38 -38 -14 -7 44 -42 43 -16 -24 46 -1 -46 -27 52 -51 -44 -40 -47 -55 56 -56 59 -23 -57 -26 -30
right_child=2 3 -4 4 30 39 8 23 11 -11 -12 13 36 15 42 17 -18 18 19 -21 -22 58 40 24 25 26 27 -29 61 33 -32 32 -34 -35 35 -37 37 -39 49 -41 41 -43 51 -45 47 53 -48 -49 -50 50 -52 -53 -54 54 55 57 -58 -59 -60 -61 -62 -63
leaf_value=0.1322252972782591 29.20115492938821 2.882339315214677 23.597297812335711 23.56467909454636 -2.3028192303599817 46.22512086063265 -3.5553880396854085 4.695302012628531 2.4907012772232537 1.2325194105381549 9.5159858539906228 3.7695914643914534 0.13795004162656563 0.85997090574562185 -4.1490467340179844 -3.8149489475251417 9.2944229771830464 -3.7449345775164438 -0.12033416171515124 6.9958243183911213 3.6222045577814721 -6.8885265183402202 0.19773251589266674 -1.2623690937987428 -0.95799621133809099 0.060938656752344056 9.0579611994285472 3.3699133496829763 -0.39162452713456181 -0.023201181517170658 15.530046296611538 -3.3763244871743221 10.51816457246098 0.48436949373482097 1.9934679530047021 -0.36913967073421666 -19.526947010565134 1.1946141883432437 -0.41060121355834139 47.106037818284875 0.77298810603466839 -0.37234218044777095 -7.5631541899140862 1.8611653767827581 -0.52603635811487304 -15.262896492788736 -11.040478923927672 -0.064286025936926547 -0.4449042791701826 1.1258408838492719 -5.355283500074866 -1.1815618285272962 -7.8508162832376271 0.1278365090760433 -3.3781274554568932 -0.34643199227134958 1.9454387259058474 -1.1593695259738472 -0.77624160868445435 -7.2840079728635452 -0.18670830719329418 -3.7319706270773354
leaf_weight=20 20 25 22 20 22 24 22 31 37 21 20 25 28 31 42 33 37 24 22 21 23 57 21 150 46 32 25 30 20 40 21 24 23 22 21 25 37 26 20 20 35 56 599 20 264 2252 31 29 31 20 36 21 1542 24 28 23 20 20 34 640 20 31
leaf_count=20 20 25 22 20 22 24 22 31 37 21 20 25 28 31 42 33 37 24 22 21 23 57 21 150 46 32 25 30 20 40 21 24 23 22 21 25 37 26 20 20 35 56 599 20 264 2252 31 29 31 20 36 21 1542 24 28 23 20 20 34 640 20 31
internal_value=-0.0016764 -0.00188538 0.0150871 0.00171171 0.0074168 0.0194228 -0.00220629 0.000989862 -0.00167926 0.00459397 0.00691796 -0.00176324 -0.00237959 -0.00104704 -0.00181056 -9.37368e-05 0.00188112 0.00355808 0.00596004 0.00921331 0.00492239 -0.0001292 -0.000917866 0.000399475 1.40475e-05 0.0015515 0.00301645 0.00729583 0.00135323 0.00309345 0.0025058 -0.0017656 0.00140127 0.000821255 0.000824931 0.00344902 -0.00250658 0.000285261 -0.00261527 0.0234694 -0.00173291 -7.14471e-10 -0.00264331 -0.000531402 -0.00222541 -0.00277329 -0.000587085 -0.00247697 -0.00104596 -0.00268278 -0.00080214 -0.00284954 -0.00274822 -0.00280935 -0.00239968 -0.00254411 6.23693e-05 -0.00273167 -0.00197585 -0.00281406 -0.00204236 -0.00176125
internal_weight=7006 6920 86 566 63 64 6354 503 3296 43 45 3253 1746 1507 835 672 153 123 90 66 45 116 549 458 427 230 164 55 144 93 43 197 47 62 109 46 1709 63 1646 44 405 91 682 62 314 3058 51 293 63 1618 56 620 1562 3007 755 731 48 683 91 663 66 51
internal_count=7006 6920 86 566 63 64 6354 503 3296 43 45 3253 1746 1507 835 672 153 123 90 66 45 116 549 458 427 230 164 55 144 93 43 197 47 62 109 46 1709 63 1646 44 405 91 682 62 314 3058 51 293 63 1618 56 620 1562 3007 755 731 48 683 91 663 66 51
is_linear=0
shrinkage=0.03


Tree=44
num_leaves=63
num_cat=0
split_feature=47 47 16 16 47 63 16 35 59 55 29 60 34 53 41 26 21 30 46 15 16 60 60 41 13 31 3 30 49 41 47 34 60 34 42 22 70 38 26 30 35 2 15 58 22 58 34 16 7 24 45 26 37 47 58 4 16 48 31 2 58 15
split_gain=26.0562 8.59562 8.33571 2.2099 2.24011 2.19718 1.92674 1.99794 1.84487 1.53944 2.005 4.71218 1.53121 1.36103 1.22887 1.10985 1.06688 0.962292 0.846313 0.845855 0.776239 0.775723 0.710817 1.43144 1.11588 0.672775 0.96259 0.613485 1.0249 1.35972 0.573207 0.784846 0.604228 0.502454 0.385943 0.369486 0.73985 0.375084 0.305246 0.300884 0.279667 0.277428 0.263681 0.93049 0.254682 0.245078 0.498067 0.271505 0.221479 0.207763 0.199145 0.507875 0.171848 0.156956 0.431621 0.153831 0.14392 0.10085 0.622018 0.0986601 0.0907638 0.250073
threshold=3883.5000000000005 1272.5000000000002 -2965.4999999999995 5733.5000000000009 2078.5000000000005 471.50000000000006 864.50000000000011 25997.000000000004 1370.5000000000002 2686.0000000000005 59.06838943815378 323.50000000000006 0.94347411550452887 643.50000000000011 51105.000000000007 84.72449020833335 3.7038653657823253 56.890201916459318 27214.270833333339 5036.6123526142173 6684.5000000000009 3363.5000000000005 4268.5000000000009 55692.000000000007 128204.50000000001 63.58176734756821 66.909935417343391 61.093732408019356 719.50000000000011 56032.500000000007 283.50000000000006 2.0092613823225602 309.00000000000006 -0.17524148836872652 48073.250000000007 -1.6499999999999997 85461.625000000015 30183.791666666668 53.826336166666671 64.354798707297775 21025.000000000004 65.275535000000005 4393.7437402251126 3828.7708333333335 1.0249999999999988 3627.7916666666674 0.030855533115811799 3433.0000000000005 14.500000000000002 79.754282500000016 27223.500000000004 78.778947125000016 14194.500000000002 1158.5000000000002 2851.9791666666674 18.500000000000004 2137.5000000000005 1233.0000000000002 57.435258323302655 84.898862000000008 1269.5208333333337 4021.2395731393867
decision_type=2 2 2 2 2 2 2 2 2 2 2 2 2 2 2 2 2 2 2 2 2 2 2 2 2 2 2 2 2 2 2 2 2 2 2 2 2 2 2 2 2 2 2 2 2 2 2 2 2 2 2 2 2 2 2 2 2 2 2 2 2 2
left_child=1 6 -2 4 13 -6 35 9 -9 20 18 -12 16 -3 -4 27 25 -15 -11 -19 42 44 23 -23 -25 56 -27 28 40 -30 38 32 -32 -24 41 36 -1 50 -20 -29 -13 -35 43 59 52 -34 -47 -48 -10 -36 51 -37 -21 57 -55 -38 -7 60 -59 -8 61 -52
right_child=2 3 14 -5 5 12 7 8 48 10 11 15 -14 17 -16 -17 -18 19 30 21 -22 22 33 24 -26 26 -28 39 29 -31 31 -33 45 34 49 37 55 -39 -40 -41 -42 -43 -44 -45 -46 46 47 -49 -50 -51 53 -53 -54 54 -56 -57 -58 58 -60 -61 -62 -63
leaf_value=1.196011715746309 11.225088590550492 11.320798408731211 32.109234473690591 10.491696492047291 20.544071158910054 -1.5675174299780774 -7.302273323912325 8.8390596026034025 -9.5850865797726961 0.20571161954325543 1.7845490732913174 -2.234138335133725 6.87825917792612 4.8126735406001329 45.956466391290867 3.0734452659278886 15.586048057543922 1.3300825187449945 -1.7284548407268556 -0.19470554640304405 1.7458133034075338 -0.26130032726136926 1.742702916378112 9.7349326028836529 0.0025700114741412788 4.4402658937060551 -0.18977804359170589 -0.58930812396144672 0.30563043921322119 -0.14804142854784791 0.52409135955275465 0.16721186340851873 -3.210768107563704 -0.83106374393998872 -0.59795493366168606 -13.821058605687011 -7.9137875288448054 2.2079681296015408 -7.5935411220360356 0.025453139789561208 0.032056877270437462 1.7256434285800077 -8.9525555982290967 4.9624120144409307 0.87990748344722669 0.44422020242098059 -4.0370388877708985 -0.094333060276582448 0.23091088022758754 -0.034368578747791818 -1.2891517399902992 0.57561846863509303 -1.1799321632443511 0.0882630861423329 -2.7064068569185951 -0.7142028292394611 -1.4848080067689926 0.8007077157879483 -9.6175244866861611 -4.4934223933578652 -10.561774644474735 -9.2102783126014778
leaf_weight=29 28 20 24 30 34 59 104 34 24 20 25 40 33 20 34 27 30 29 25 38 27 34 24 21 21 30 37 108 20 23 24 32 136 22 101 42 76 21 393 21 20 24 961 27 24 34 118 33 20 32 43 20 215 24 52 20 20 20 87 29 2980 283
leaf_count=29 28 20 24 30 34 59 104 34 24 20 25 40 33 20 34 27 30 29 25 38 27 34 24 21 21 30 37 108 20 23 24 32 136 22 101 42 76 21 393 21 20 24 961 27 24 34 118 33 20 32 43 20 215 24 52 20 20 20 87 29 2980 283
internal_value=-0.00165927 -0.0018637 0.0147387 0.00087184 0.000590945 0.00303579 -0.00227213 -0.00159219 0.00311139 -0.00175693 -0.000949869 0.00121436 0.00186514 -0.000355144 0.021222 0 0.000732538 -0.000614775 -0.00170777 -0.000840883 -0.00252678 -0.00110592 0 0.00248357 0.00619952 -0.000308009 0.00187779 -0.000659199 0.00104753 0.00459397 -0.00186392 -0.00100239 -0.00142567 -0.000915806 -0.00147404 -0.00269887 -0.00105516 -0.00275552 -0.00263334 -0.00204493 -0.00144759 0.000845986 -0.00264918 -0.00148033 -0.00223024 -0.00177515 -0.00103728 -0.0017869 -0.000884354 -0.00229902 -0.00277942 -0.00101449 -0.00251284 -0.00280989 -0.00137976 -0.00234131 -0.00219975 -0.00284082 -0.00184874 -0.00252442 -0.00287196 -0.00234591
internal_weight=7006 6920 86 898 868 243 6022 2325 78 2247 1099 284 209 625 58 259 176 605 815 585 1148 556 279 76 42 146 67 232 103 43 795 377 345 203 179 3697 125 3572 418 129 60 46 1121 160 277 321 185 151 44 133 3551 62 253 3489 76 96 79 3413 107 133 3306 326
internal_count=7006 6920 86 898 868 243 6022 2325 78 2247 1099 284 209 625 58 259 176 605 815 585 1148 556 279 76 42 146 67 232 103 43 795 377 345 203 179 3697 125 3572 418 129 60 46 1121 160 277 321 185 151 44 133 3551 62 253 3489 76 96 79 3413 107 133 3306 326
is_linear=0
shrinkage=0.03


Tree=45
num_leaves=63
num_cat=0
split_feature=47 16 47 16 39 58 16 16 47 55 28 50 10 33 56 16 18 29 41 21 47 21 31 65 62 30 47 27 62 30 15 18 59 63 70 18 59 37 27 55 39 33 40 37 17 64 59 52 57 12 64 17 27 52 59 16 2 22 15 52 48 31
split_gain=25.9608 8.33571 8.22766 3.19138 2.54842 2.06588 1.89491 1.59711 2.33452 1.47119 1.68395 1.40227 2.47652 1.73771 1.61685 1.568 1.35364 1.29564 1.22887 1.0708 1.06548 2.34689 1.24993 0.717455 0.700163 0.986616 0.579058 0.554893 0.517938 0.890583 0.769675 0.504632 0.717942 0.497471 0.792396 1.66023 0.581328 0.789805 0.745523 0.781117 0.428398 0.908651 0.414499 0.391198 0.386506 1.22101 0.358524 0.282998 0.189453 0.18289 0.265441 0.173628 0.167995 0.163032 0.162426 0.153377 0.152851 0.138314 0.226322 0.135438 0.12858 0.585843
threshold=3883.5000000000005 -2965.4999999999995 979.50000000000011 5733.5000000000009 68971.500000000015 4152.6458333333348 -4063.4999999999995 243.50000000000003 234.50000000000003 28.500000000000004 -1.3164875000000007 718.54166666666674 0.87900005428953576 3.2660042761571249 2.5000000000000004 4962.0000000000009 -11.074999999999998 52.785864572765256 51105.000000000007 2.6880973371728758 2078.5000000000005 3.5312345290662015 63.64999520563952 7763.5000000000009 891.89583333333348 56.275749511869208 684.50000000000011 11.742076897599116 1389.6875000000002 57.356560995019102 4868.6892618071206 22.375000000000004 235.50000000000003 3235.5000000000005 123689.93750000001 28.175000000000001 2263.0000000000005 17426.500000000004 10.996266441802234 5583.5000000000009 46822.500000000007 1.9041409504521238 28970.500000000004 28354.500000000004 23.175000000000001 2780.5000000000005 302.50000000000006 1683.5000000000002 5338.5000000000009 137769.00000000003 2744.5000000000005 -8.3749999999999982 3.9772316838212971 2009.5000000000002 5178.0000000000009 1540.0000000000002 68.421878000000007 1.6500000000000015 15028.27450830158 2107.5000000000005 1233.0000000000002 58.100808215671591
decision_type=2 2 2 2 2 2 2 2 2 2 2 2 2 2 2 2 2 2 2 2 2 2 2 2 2 2 2 2 2 2 2 2 2 2 2 2 2 2 2 2 2 2 2 2 2 2 2 2 2 2 2 2 2 2 2 2 2 2 2 2 2 2
left_child=2 -2 7 4 6 -6 43 60 31 10 -8 14 13 15 -10 19 -12 -11 -3 -13 33 22 -22 -18 25 -16 42 -21 29 -28 -30 51 -33 34 36 -36 55 38 -38 -40 57 -42 -26 -4 52 46 -46 -39 -14 50 -49 -9 -44 -54 -35 -19 -32 -34 -59 -53 -1 -62
right_child=1 18 3 -5 5 -7 9 8 11 17 16 12 48 -15 24 -17 23 20 -20 27 21 -23 -24 -25 26 -27 28 -29 30 -31 56 32 40 54 35 -37 37 47 39 -41 41 -43 44 -45 45 -47 -48 49 -50 -51 -52 59 53 -55 -56 -57 -58 58 -60 -61 61 -63
leaf_value=-10.39054357839899 10.888335932833977 31.145957439479869 -2.4955075937915647 9.0151855366305771 15.065027149657361 -0.88758579813963445 18.575747802182001 -9.5975097026370761 6.5781637039563998 0.33201666972277666 15.885311372481649 0.35697973236380498 -4.2096607070569165 1.9913348711488492 -2.0241007402691444 4.1968928008189152 -3.0114344975485143 -0.15821420102502676 44.577772399552146 0.078991207848520373 -1.9290320438558319 14.984737281637598 5.5605458048842875 0.61682195046648192 1.6411690696960524 0.32750214810450551 0.51950465464137185 -0.2737939132763958 0.65054296215397833 -0.84721291518499775 -4.9277304725687578 0.97988913906458264 -8.929871369059299 -1.2603486288913346 10.174513839416061 -0.84197694298777626 3.8467813593185984 0.025581777315896646 -0.43684000143371865 1.9143949347461906 0.071615086211518963 -1.8443403497846116 -2.0659968168040637 2.0053280607752022 0.1403914044316098 0.78842222212422308 -6.2593921550658136 -0.3697577063228803 -0.45152929983909212 0.75215688208668918 -0.068224949497271925 -12.141828041593731 -6.5920458530792301 -0.81671108970414341 -0.73357199755740166 -0.23573896415934281 -0.48382776670877664 0.49290666469190619 -16.044972212021218 -2.1454861719371756 0.77668648431431153 -10.581879268184863
leaf_weight=2841 28 24 263 37 34 24 27 20 21 24 25 38 85 20 27 28 51 35 34 20 53 20 28 20 26 21 20 55 21 21 74 21 130 98 21 25 24 24 47 32 21 27 20 30 20 26 98 105 33 23 23 1299 459 22 20 116 20 20 25 25 20 67
leaf_count=2841 28 24 263 37 34 24 27 20 21 24 25 38 85 20 27 28 51 35 34 20 53 20 28 20 26 21 20 55 21 21 74 21 130 98 21 25 24 24 47 32 21 27 20 30 20 26 98 105 33 23 23 1299 459 22 20 116 20 20 25 25 20 67
internal_value=-0.0016293 0.0147387 -0.00183336 0.000390529 0.000118278 0.00624785 -0.000193105 -0.00231414 -0.00179364 0.000527879 0.00355808 -0.000776105 0.00107488 0.00350093 -0.00135588 0.00229624 0.00165453 4.17698e-06 0.021222 0.000689654 -0.000229074 0.00261128 0.00029593 -0.000421942 -0.00155639 0.00193347 -0.00176279 -0.00135819 -9.6093e-05 0.00277372 -0.00114683 -0.00254455 -0.00126588 -0.000718261 -0.000277837 0.00344902 -0.000685156 0.000118662 0.00221144 0.000758533 -0.00177499 0.00068607 -0.00214573 -0.00227226 -0.00229732 -0.000895212 -0.00220999 -0.00109652 -0.00220999 -0.00158835 -0.00203747 -0.00277435 -0.00269407 -0.00280607 -0.00246401 -0.00218398 -0.00232731 -0.00246716 -0.000931265 -0.00281625 -0.00280421 -0.00158439
internal_weight=7006 86 6920 1229 1192 58 1134 5691 2763 841 123 1175 279 161 896 141 96 718 58 113 694 101 81 71 875 48 827 75 156 41 115 1588 244 593 475 46 429 278 103 79 223 48 671 293 645 144 118 175 118 151 128 1344 501 481 118 151 94 175 45 1324 2928 87
internal_count=7006 86 6920 1229 1192 58 1134 5691 2763 841 123 1175 279 161 896 141 96 718 58 113 694 101 81 71 875 48 827 75 156 41 115 1588 244 593 475 46 429 278 103 79 223 48 671 293 645 144 118 175 118 151 128 1344 501 481 118 151 94 175 45 1324 2928 87
is_linear=0
shrinkage=0.03


Tree=46
num_leaves=63
num_cat=0
split_feature=47 16 47 16 38 2 47 39 10 2 41 16 48 34 65 13 4 65 25 64 53 52 15 1 63 25 59 49 16 56 46 19 56 34 40 32 57 15 53 48 44 38 12 57 4 40 38 15 65 48 2 7 30 16 16 52 18 18 22 63 1 65
split_gain=25.9881 8.33571 7.02231 3.46009 3.46292 2.86494 1.97824 1.65396 1.36267 3.14765 1.22887 1.2008 1.33826 1.7122 2.88461 1.45794 1.31443 1.14645 0.924101 0.900759 1.40579 1.13247 1.17572 1.19043 0.74083 0.627982 0.950289 0.867155 0.561583 1.2156 0.631146 0.559347 0.836572 0.533658 1.53566 0.501893 0.894826 0.972673 0.497925 0.387699 0.3981 0.359719 0.769292 0.345572 0.327176 0.411089 0.326829 0.311054 0.309722 0.309371 0.284714 0.552071 0.230955 0.223516 0.17797 0.161131 0.161686 0.319794 0.15085 0.237186 0.308181 0.159231
threshold=3883.5000000000005 -2965.4999999999995 684.50000000000011 1.0000000180025095e-35 28853.895833333336 82.25190000000002 2115.5000000000005 68971.500000000015 0.74305326206722599 79.444775000000007 51105.000000000007 864.50000000000011 319.50000000000006 -0.20119042393059058 690.50000000000011 108019.50000000001 11.500000000000002 706.50000000000011 39.363260500000003 3294.0000000000005 1860.5000000000002 1702.5000000000002 7834.607300400995 26.825000000000006 3203.5000000000005 67.148370000000014 2785.5000000000005 1563.5000000000002 4777.5000000000009 8392.5000000000018 27811.979166666668 27.625000000000004 9.5000000000000018 1.3738235404919801 44218.500000000007 60.101104628000527 8841.0000000000018 4704.8619203012522 3005.5000000000005 232.50000000000003 32371.500000000004 28101.208333333336 114203.00000000001 9052.5000000000018 18.500000000000004 28970.500000000004 22645.729166666672 3767.0695572256418 8238.5000000000018 996.50000000000011 74.797465000000003 15.500000000000002 63.704059565231027 650.50000000000011 -3443.9999999999995 1986.5000000000002 22.375000000000004 23.075000000000006 -0.9250000000000006 5960.0000000000009 25.825000000000006 8308.5000000000018
decision_type=2 2 2 2 2 2 2 2 2 2 2 2 2 2 2 2 2 2 2 2 2 2 2 2 2 2 2 2 2 2 2 2 2 2 2 2 2 2 2 2 2 2 2 2 2 2 2 2 2 2 2 2 2 2 2 2 2 2 2 2 2 2
left_child=2 -2 11 6 7 -6 18 8 19 -10 -3 41 35 14 15 -14 -16 -8 -4 21 24 22 -5 -24 -21 38 27 -27 30 -30 -15 32 -19 58 -35 55 37 -37 53 -39 -41 44 -43 -25 -1 -46 -36 -47 -32 -49 51 -18 -11 -23 -34 56 -13 -58 59 60 -20 -60
right_child=1 10 3 4 5 -7 17 -9 9 52 -12 12 13 28 16 -17 50 31 33 20 -22 25 23 43 -26 26 -28 -29 29 -31 48 -33 54 34 46 36 -38 39 -40 40 -42 42 -44 -45 45 47 -48 49 -50 -51 -52 -53 -54 -55 -56 -57 57 -59 61 -61 -62 -63
leaf_value=-12.233091274045359 10.561685854848962 30.211578716295456 2.593257826166933 -4.8079361395507787 27.259968274955231 -0.055805950253423192 10.609127584983373 19.752904890698485 9.5584292946075049 -2.5742989252616346 43.240439227565574 -10.373092869155141 1.5210044383893992 0.18556890855113689 2.1909947981154718 0.01805146850712977 -6.7841918244024901 3.119165635250071 -1.5209169020710644 0.56104397802707928 1.3684484427587329 -0.10304607878370445 1.0654406714553208 0.16387950183335684 -1.7517579273914168 -0.071963300306767952 -0.58245096471736268 3.5238490683366264 -1.9063518117605873 1.2686971161288416 -5.4189310768707095 3.2006453019867243 -1.7766514303354037 2.9883474480138648 -0.8317927126414596 6.6771959834838297 0.92585232671420847 -11.015322141930955 0.81871538345321249 0.86934314139731261 -5.2878473078803392 4.3679886662273315 -15.975206873542414 -0.4664318269633162 0.18376878442711031 1.2942497926384686 0.22194465864086835 -8.4008452362709107 0.090192992056921578 -1.2707291936306655 -8.0199051167357762 0.7955800769481487 0.53393180220996239 -0.29519055894068164 -1.1329035068192845 -3.3713031290609008 0.42375761370976756 -6.22946474846922 -2.90236453830487 0.640672371272064 0.02437861391726848 -0.51382910619504207
leaf_weight=2635 28 24 20 32 39 27 21 23 34 26 34 817 33 39 23 21 28 29 139 30 39 30 35 23 58 22 32 21 38 21 391 22 49 20 65 27 25 204 23 27 24 20 38 25 38 21 20 406 22 23 76 23 20 246 30 21 30 88 500 20 20 21
leaf_count=2635 28 24 20 32 39 27 21 23 34 26 34 817 33 39 23 21 28 29 139 30 39 30 35 23 58 22 32 21 38 21 391 22 49 20 65 27 25 204 23 27 24 20 38 25 38 21 20 406 22 23 76 23 20 246 30 21 30 88 500 20 20 21
internal_value=-0.00163786 0.0147387 -0.00184203 -0.000204418 0.00127627 0.00785174 -0.00139842 0.0006675 0.000400804 0.0040824 0.021222 -0.00240042 -0.00181538 -0.000771921 0.00154336 0.00748614 -0.000579614 0.00174719 -0.00197794 -7.30408e-05 0.00217152 -0.000662442 0.00192876 0.00382671 3.40515e-05 -0.00146752 0.000958721 0.00389791 -0.00170221 0.00101523 -0.0020637 0.000668716 -0.000194265 -0.00213887 -0.000114178 -0.00240361 -0.00132856 -0.0018185 -0.00208626 -0.00239906 -7.13856e-10 -0.0027632 -0.000361446 0.00068607 -0.00280683 -0.0020713 -0.00190364 -0.00232615 -0.00241104 -0.00250291 -0.00179386 -7.13856e-10 -0.00097614 -0.00244477 -0.00182048 -0.00274553 -0.00280398 -0.00170195 -0.00243822 -0.00164154 -0.00203646 -0.00270582
internal_weight=7006 86 6920 1761 785 66 976 719 696 80 58 5159 1978 715 204 54 150 151 825 616 127 489 115 83 88 374 75 43 511 59 452 130 108 805 105 1263 307 282 299 255 51 3181 58 48 3123 488 85 450 413 429 127 51 46 276 79 956 935 118 700 179 159 521
internal_count=7006 86 6920 1761 785 66 976 719 696 80 58 5159 1978 715 204 54 150 151 825 616 127 489 115 83 88 374 75 43 511 59 452 130 108 805 105 1263 307 282 299 255 51 3181 58 48 3123 488 85 450 413 429 127 51 46 276 79 956 935 118 700 179 159 521
is_linear=0
shrinkage=0.03


Tree=47
num_leaves=63
num_cat=0
split_feature=47 16 47 10 59 42 0 63 16 48 60 60 29 41 38 15 69 65 31 42 60 28 21 54 54 60 35 53 31 14 58 57 4 22 24 23 18 26 17 60 47 48 23 26 28 38 47 14 2 28 38 53 38 12 27 56 30 30 31 0 17 51
split_gain=26.0425 8.33571 6.06113 2.25599 3.91403 3.92501 2.5075 2.87365 1.82124 1.63252 1.88815 1.50929 1.25723 1.22887 1.22445 1.11613 1.90289 0.912858 1.49545 2.84004 0.866868 1.01338 1.18045 0.821601 0.877344 1.11934 0.795227 0.724365 0.993535 2.15046 0.792501 0.632456 0.626439 1.19653 0.585151 0.553189 0.517295 0.720325 0.511085 0.504669 0.491649 0.618927 0.463593 0.378912 0.354771 0.497919 0.36841 0.881557 0.337635 0.576835 0.31733 0.31648 0.313922 0.509961 0.307099 0.270707 0.25141 0.242115 0.592296 0.237299 0.233076 0.21787
threshold=3883.5000000000005 -2965.4999999999995 979.50000000000011 0.74305326206722599 2832.5000000000005 48073.250000000007 142185.50000000003 699.50000000000011 864.50000000000011 319.50000000000006 199.50000000000003 3236.5000000000005 52.785864572765256 51105.000000000007 31184.958333333339 4830.1685052305847 95192.500000000015 413.50000000000006 63.252309991536542 47102.562500000007 3694.5000000000005 -1.0000000180025095e-35 1.7595590997074488 1861.8333333333337 1688.8958333333337 4185.5000000000009 25732.000000000004 1741.5000000000002 60.972696023567472 92486.562500000015 1269.5208333333337 7395.0000000000009 18.500000000000004 -1.4250000000000005 44.502377500000009 65.275535000000005 22.375000000000004 85.650689750000012 23.375000000000004 254.50000000000003 506.50000000000006 437.50000000000006 38.149722500000003 73.263776083333354 -4.8499760000000007 25071.208333333336 2078.5000000000005 116648.58333333334 72.420938000000021 4.3215794999999995 28853.895833333336 527.50000000000011 28101.208333333336 114203.00000000001 15.447146125368549 10491.000000000002 63.704059565231027 52.868491950743469 53.000593812046041 110691.00000000001 -3.9749999999999996 1836.5000000000002
decision_type=2 2 2 2 2 2 2 2 2 2 2 2 2 2 2 2 2 2 2 2 2 2 2 2 2 2 2 2 2 2 2 2 2 2 2 2 2 2 2 2 2 2 2 2 2 2 2 2 2 2 2 2 2 2 2 2 2 2 2 2 2 2
left_child=2 -2 8 6 5 -5 12 -8 32 26 -11 15 -4 -3 20 16 -12 18 19 38 34 -22 -23 24 25 -24 36 30 29 43 -19 -9 52 -34 -14 -27 51 39 -17 -38 -35 -42 -32 -29 45 -36 50 -48 -25 -50 -46 -10 -1 -54 -43 -41 -6 58 -44 -30 -53 -62
right_child=1 13 3 4 56 -7 7 31 9 10 11 -13 14 -15 -16 17 -18 27 -20 -21 21 22 23 48 -26 35 -28 28 59 -31 42 -33 33 40 44 -37 37 -39 -40 55 41 54 57 -45 46 -47 47 -49 49 -51 -52 60 53 -55 -56 -57 -58 -59 -60 -61 61 -63
leaf_value=-10.428982824656082 10.244835279203496 29.305231354806587 0.39020264999135518 3.3798667795576596 -5.0650539341817469 20.205651550787223 21.174598406112107 13.22590836627173 -0.76884872193746923 1.1949139657423353 3.4768783060515558 -6.3336735683855796 0.20848385932880462 41.943226050738602 19.769280740199815 -1.2666308465936307 -2.4034289287418433 0.11652459431488825 -2.1730500991651538 1.5454890572237878 -0.29470609026230077 7.7041600070535514 4.8257461854392183 -0.58621823786242544 2.0597627900683007 -0.74032015836927478 0.064044700663654197 -5.5645266053017117 -2.1528313273745527 2.6928892374743336 0.15039904011158384 -1.6101083342800797 0.72561454737788667 -9.5859114889331973 -0.30867014619834576 1.6459446255115713 0.5146260138962383 1.3576276062059158 0.3944106811978067 -6.751455839270176 0.95080741413036374 -6.5638320873823819 -3.6674283697047239 0.07407734611864164 -1.3943494468096711 3.418133966021669 6.3054649213415246 -0.40629256727050833 -0.46976496704601295 1.7656880667434718 -0.15287564148625243 -4.9637236707177372 2.720650618446232 -13.728358660786762 0.015967557882418333 -0.36141223581536547 0.22562205488828693 -5.0623265511592832 0.18129317961079305 0.0093051990299941236 -10.170470688262704 -1.9910687715519728
leaf_weight=2862 28 24 22 23 31 22 20 22 24 21 21 239 35 34 23 21 28 21 33 21 104 22 21 60 36 50 34 22 42 20 23 27 29 401 45 36 20 20 22 137 35 64 37 20 422 21 23 52 26 28 38 33 28 43 33 39 20 267 24 23 947 37
leaf_count=2862 28 24 22 23 31 22 20 22 24 21 21 239 35 34 23 21 28 21 33 21 104 22 21 60 36 50 34 22 42 20 23 27 29 401 45 36 20 20 22 137 35 64 37 20 422 21 23 52 26 28 38 33 28 43 33 39 20 267 24 23 947 37
internal_value=-0.00165499 0.0147387 -0.00185937 4.88155e-05 0.0044641 0.0109091 -0.000323008 0.00520984 -0.00227197 -0.00159146 -0.000609878 -0.000824568 -0.000685087 0.021222 -0.000837732 -6.51069e-05 0.00427699 -0.000427781 0.00222451 0.0049142 -0.000994996 0.000125293 0.00107488 0.000490081 0.00201258 0.000616246 -0.00227713 -0.00094971 0.000991345 0.00371981 -0.00162053 0.001222 -0.00269864 -0.00176659 -0.00167427 -0.000871081 -0.00240076 -0.00104119 0.000417633 -0.00160632 -0.00209342 -0.000476912 -0.00196525 -7.12596e-05 -0.00189652 0.000136157 -0.00215287 -0.000159788 -0.00139352 0.000277264 -0.0024712 -0.00267986 -0.00287614 -0.000843883 -0.00173018 -0.00212947 -0.00117417 -0.00225846 -0.000490999 -0.00156682 -0.00276079 -0.00284422
internal_weight=7006 86 6920 1229 96 45 1133 69 5691 2196 905 884 1064 58 1042 645 49 596 97 64 1019 383 279 257 143 107 1291 499 127 62 372 49 3495 562 636 86 1257 216 43 196 533 132 351 42 601 66 535 75 114 54 460 1041 2933 71 97 176 51 328 61 65 1017 984
internal_count=7006 86 6920 1229 96 45 1133 69 5691 2196 905 884 1064 58 1042 645 49 596 97 64 1019 383 279 257 143 107 1291 499 127 62 372 49 3495 562 636 86 1257 216 43 196 533 132 351 42 601 66 535 75 114 54 460 1041 2933 71 97 176 51 328 61 65 1017 984
is_linear=0
shrinkage=0.03


Tree=48
num_leaves=63
num_cat=0
split_feature=0 38 16 0 63 49 0 43 67 0 16 18 62 57 52 60 62 65 57 61 33 38 20 54 57 17 30 53 48 1 67 61 57 7 2 34 35 50 51 33 26 38 26 30 50 59 54 53 53 22 35 65 12 35 16 17 22 60 11 17 50 61
split_gain=18.2247 13.668 5.75299 4.60877 3.31342 2.89678 2.87364 3.14472 1.70352 1.71683 1.6932 2.50856 2.39589 1.36168 2.02629 1.70225 1.25511 1.728 1.58255 1.91864 1.40141 1.32101 1.16029 1.10513 1.11784 0.911384 0.859686 0.717593 0.695647 0.786413 1.65489 0.682384 0.671434 0.745273 1.07403 0.608019 0.99745 0.463235 0.40929 0.632241 0.391044 0.353038 0.72702 0.299958 0.259519 0.258545 0.272359 0.672051 0.246593 0.928684 0.213435 0.20048 0.453139 0.162279 0.161397 0.580746 0.146763 0.145476 0.142467 0.140141 0.109915 0.264876
threshold=151591.50000000003 30517.645833333336 473.00000000000006 138055.50000000003 328.50000000000006 211.50000000000003 95636.500000000015 29681.500000000004 99416.000000000015 106351.50000000001 1.0000000180025095e-35 -8.3749999999999982 2091.979166666667 5338.5000000000009 1924.5000000000002 323.50000000000006 2102.9166666666674 3402.5000000000005 7300.5000000000009 1952.5000000000002 2.1479288843668249 9860.0208333333358 20.87916666666667 2387.2083333333335 4872.5000000000009 -11.774999999999999 55.72024326369413 751.50000000000011 344.50000000000006 3.4750000000000005 90165.500000000015 5834.0000000000009 7478.5000000000009 13.500000000000002 66.852515000000011 1.3116587660100729 12785.500000000002 1558.9583333333337 600.50000000000011 1.9533806450950231 50.723711625 26923.062500000004 82.730230770833344 47.954823619617862 462.64583333333343 5444.0000000000009 1745.3750000000002 2657.0000000000005 1985.0000000000002 -0.74999999999999944 18072.500000000004 676.00000000000011 90520.000000000015 23896.000000000004 -459.49999999999994 3.7250000000000005 3.1499999999999999 676.50000000000011 99979.500000000015 28.125000000000004 778.06250000000011 863.50000000000011
decision_type=2 2 2 2 2 2 2 2 2 2 2 2 2 2 2 2 2 2 2 2 2 2 2 2 2 2 2 2 2 2 2 2 2 2 2 2 2 2 2 2 2 2 2 2 2 2 2 2 2 2 2 2 2 2 2 2 2 2 2 2 2 2
left_child=1 3 5 6 -5 -3 28 8 26 58 31 12 27 25 15 -15 21 18 -18 20 -20 -17 -11 24 -6 -13 -8 -12 48 30 -30 38 33 -23 -35 43 44 57 39 -9 -40 -27 -43 -31 -37 54 -47 -48 56 -50 51 52 -45 -34 -42 -56 -1 -16 -10 -26 -53 -62
right_child=-2 2 -4 4 23 -7 7 10 9 22 11 13 -14 14 37 16 17 -19 19 -21 -22 32 -24 -25 59 41 -28 -29 29 35 -32 -33 53 34 -36 36 -38 -39 40 -41 45 42 -44 50 -46 46 47 -49 49 -51 -52 60 -54 -55 55 -57 -58 -59 -60 -61 61 -63
leaf_value=-12.176836307896943 37.735840074177695 24.555314527427925 39.933005196966924 20.292026037813592 13.283102346882103 -6.2427730220799145 0.72501920059254532 3.9123891433623177 0.1188514573676079 6.7619596612237292 3.8245320825126274 1.5979112499564838 8.9720675486426238 0.88822571249011573 -0.059085121262511739 0.30930166558815125 -0.09962134089426497 -0.71207349464041858 0.26020007801276196 -0.23012669971823671 1.8631186188454649 -3.0053998788372511 -0.37600825247286779 22.208418777909127 -0.089913384762744214 -5.3657194031809041 2.578560333520727 -3.0547945778800298 3.4073492600026554 0.050237045990124386 -6.3418307194929948 2.7291133962042999 -2.0094560975752245 0.60819913683200311 -0.83727151275394129 -5.8387475231253054 0.34281575165346623 1.6047183661952167 -0.032540921845167395 -13.835608572726425 -3.9608188474695707 -6.2749672030210188 0.23829761212764833 0.34125182646284713 -0.11286210187872071 -0.85193432722347173 0.023306726640770364 -1.0424903198564806 0.85531210665753776 -9.3349985337220573 -0.035402094501464691 -5.8021193475937318 -4.5327596075885968 -0.35602368877793 -6.9136275688094582 1.413492977284696 -11.58505342332249 -0.45355866079737062 -0.84701607009111868 -1.7366573679125086 -6.2801498493804191 0.055771040815674904
leaf_weight=2767 26 22 26 32 20 31 23 20 20 23 20 22 37 30 24 23 38 38 21 27 31 27 20 20 20 493 35 32 21 37 39 39 139 21 20 63 39 27 32 24 1020 33 20 21 24 41 26 28 38 109 31 563 37 21 79 30 24 219 57 54 41 21
leaf_count=2767 26 22 26 32 20 31 23 20 20 23 20 22 37 30 24 23 38 38 21 27 31 27 20 20 20 493 35 32 21 37 39 39 139 21 20 63 39 27 32 24 1020 33 20 21 24 41 26 28 38 109 31 563 37 21 79 30 24 219 57 54 41 21
internal_value=-0.00168068 -0.00177462 0.0106195 -0.00191709 0.00334702 0.00485876 -0.00203135 -0.00131141 0.00254351 0.000474604 -0.00156656 -0.000818723 0.0040404 -0.00116082 -0.000276166 0.000983719 0.000465402 0.00259188 0.00440649 0.0068268 0.0101919 -0.000836321 0.00529002 0.000920245 -0.000414453 -0.00225489 0.0067642 -5.75823e-05 -0.00256561 -0.00184399 0.00144759 -0.00232544 -0.0015388 0.000925109 0.00350365 -0.00207274 -0.000118954 -0.00232136 -0.00244366 0.000340135 -0.00254359 -0.00249954 -0.000112995 -0.00239649 -0.00192882 -0.00262969 -0.00107256 0.000277264 -0.00279466 -0.00154997 -0.00253326 -0.00264383 -0.000877798 -0.00260462 -0.00275795 -0.00159487 -0.00285909 -0.00273961 -0.00217899 -0.00214575 -0.00280275 -0.00149759
internal_weight=7006 6980 79 6901 146 53 6755 2880 178 120 2702 1363 89 1274 706 436 406 155 117 79 52 251 43 114 94 568 58 52 3875 937 60 1339 228 68 41 877 126 270 1300 44 1256 546 53 751 87 1224 95 54 2938 147 714 683 58 160 1129 109 2791 243 77 74 625 62
internal_count=7006 6980 79 6901 146 53 6755 2880 178 120 2702 1363 89 1274 706 436 406 155 117 79 52 251 43 114 94 568 58 52 3875 937 60 1339 228 68 41 877 126 270 1300 44 1256 546 53 751 87 1224 95 54 2938 147 714 683 58 160 1129 109 2791 243 77 74 625 62
is_linear=0
shrinkage=0.03


Tree=49
num_leaves=63
num_cat=0
split_feature=47 47 3 41 47 10 48 11 63 62 34 55 15 59 22 44 12 15 64 35 4 32 61 57 48 60 52 51 36 30 20 56 62 49 24 26 34 57 9 53 48 48 38 61 20 67 62 25 21 11 28 28 28 21 28 42 30 45 56 62 52 22
split_gain=26.0289 6.29598 4.93816 2.79651 1.76174 1.41979 2.88526 1.34434 4.24304 1.57684 1.42641 1.10554 1.00114 1.32101 0.980849 1.15678 1.05768 0.945616 0.813795 1.39766 2.60604 0.813604 1.63618 0.720247 0.629735 0.740201 0.627418 0.668176 1.10705 1.28251 1.3737 0.64098 0.613896 1.26121 0.57781 0.563369 0.889155 0.503207 1.01515 0.465263 0.679527 1.50167 0.394659 0.340846 0.334253 0.31983 0.306921 0.304807 0.290857 0.281893 0.271317 0.264027 0.359204 0.255031 0.212045 0.903117 0.181036 0.931316 0.199471 0.161398 0.157219 0.147605
threshold=3883.5000000000005 1558.5000000000002 67.998069320122383 49652.000000000007 563.50000000000011 0.74305326206722599 1320.0000000000002 140414.00000000003 598.50000000000011 1171.6250000000002 0.40207716452673742 2522.0000000000005 4812.7926346519716 3569.5000000000005 -1.2500000000000002 32437.500000000004 123220.50000000001 4723.4201136683596 328.50000000000006 13846.000000000002 14.500000000000002 65.142120425796136 2433.5000000000005 7395.0000000000009 324.50000000000006 207.50000000000003 2093.5000000000005 1494.5000000000002 13460.500000000002 55.160056481507894 20.511458333333337 8516.5000000000018 2129.5000000000005 811.00000000000011 62.475388000000009 84.965960458333342 0.32242519730800018 1.0000000180025095e-35 1.0000000180025095e-35 1787.5000000000002 739.00000000000011 857.50000000000011 28101.208333333336 671.50000000000011 -8.5416666666666643 98606.000000000015 2214.8958333333339 74.659260000000017 1.4999849032782728 151591.50000000003 12.421497999999998 4.1554579999999968 5.2826700000000004 3.1906332266359088 -8.4084899999999987 45603.375000000007 51.901423795771542 29601.500000000004 2.5000000000000004 2865.5208333333335 2156.5000000000005 0.87500000000000011
decision_type=2 2 2 2 2 2 2 2 2 2 2 2 2 2 2 2 2 2 2 2 2 2 2 2 2 2 2 2 2 2 2 2 2 2 2 2 2 2 2 2 2 2 2 2 2 2 2 2 2 2 2 2 2 2 2 2 2 2 2 2 2 2
left_child=1 4 3 -2 18 11 12 9 -9 10 -3 44 13 -7 16 35 -11 -13 19 -1 -21 48 34 -10 42 -26 27 47 29 31 -31 -29 45 -34 -23 51 -37 38 -27 56 46 -42 50 -14 -6 -30 -41 61 -17 -5 54 -16 -53 -43 55 -20 57 -39 -58 -60 -56 -19
right_child=2 7 -4 49 5 6 -8 8 23 14 -12 17 43 -15 15 21 -18 26 24 20 -22 22 -24 -25 25 37 -28 28 32 30 -32 -33 33 -35 -36 36 -38 39 -40 40 41 53 -44 -45 -46 -47 -48 -49 -50 -51 -52 52 -54 -55 60 -57 58 -59 59 -61 -62 -63
leaf_value=-6.651741615132253 24.709281047938166 1.143526812220399 17.596717679045 38.4501151173625 0.87809469745984281 7.0866653202212744 9.1443743949623713 22.225482940583031 9.4955817613880669 1.69405037029759 12.723063541757595 0.38780283781260982 0.90342826258918296 -8.2050413889533012 -0.53960860869284755 0.23153201343691024 -0.077112890446472238 -2.9918165725098786 -10.399313907196019 -5.16115681068767 1.1525086247303735 9.3000722923937928 14.076086612760404 -1.7340247597947167 1.0087951343864308 -11.947467843244429 -0.30872294390293714 0.15906496963956479 0.04521831946019754 2.4769155221198749 0.07152684631720202 -2.1056961479715635 -1.0063338604929168 0.9692250935060337 -3.2918476444831732 -1.8992118500723429 2.7369727279058216 -7.382769046277728 2.6761360779304035 -6.6057850329531753 0.72135860509875949 0.020523079496517899 -2.3752244238587843 -1.8566735373888539 -4.3652195840244001 -0.85122107025547822 0.33836786111951284 0.1279983644582012 -0.51051414622498592 39.289244359436587 -6.7569665299993211 0.21674626397950716 -0.42722179906132679 -3.1878193574433089 -11.755062630075226 0.82668276803621743 -7.4590623946803545 1.3741025000769262 -8.6221501800356943 -2.1961657507560726 -2.9959472143476256 -0.086140122255937923
leaf_weight=73 21 28 22 23 21 28 23 22 31 27 20 33 20 26 195 29 25 113 126 36 27 20 21 29 23 30 224 21 20 21 20 29 50 34 20 23 25 72 25 115 21 20 34 77 623 108 21 32 49 20 28 20 20 32 3170 29 33 27 787 20 22 22
leaf_count=73 21 28 22 23 21 28 23 22 31 27 20 33 20 26 195 29 25 113 126 36 27 20 21 29 23 30 224 21 20 21 20 29 50 34 20 23 25 72 25 115 21 20 34 77 623 108 21 32 49 20 28 20 20 32 3170 29 33 27 787 20 22 22
internal_value=-0.00165071 -0.00185503 0.0147387 0.0189548 -0.00213502 -0.00125041 0.00129236 0.0010677 0.00464068 0.000499904 0.00567567 -0.00157538 -0.000198545 0.00304991 -1.89841e-05 -0.00050462 0.00385796 -0.000767433 -0.00242083 -0.000110214 0.00313788 0.00172538 0.00432078 0.000449251 -0.00248797 -0.00189626 -0.00100706 -0.000376516 0.000455295 0.00322722 0.00715328 0 -0.000721359 0.00124851 0.000673316 -0.00161074 0.00130977 -0.00199983 0.00076225 -0.00213483 -0.000832138 0.00147743 -0.00269983 -0.00203914 -0.00248253 -0.00203747 -0.00209405 -0.00190305 -0.000268887 0.0233875 -0.00273236 -0.00222033 0 -0.00120921 -0.00275701 -0.00162476 -0.00242147 -0.00115035 -0.00256755 -0.00266138 -0.002811 -0.00253146
internal_weight=7006 6920 86 64 6316 1545 174 604 82 522 48 1371 151 54 474 422 52 727 4771 136 63 139 61 60 4635 1226 694 470 303 91 41 50 212 84 40 283 48 1203 55 1148 209 73 3409 97 644 128 136 167 78 43 3375 235 40 52 3347 155 939 99 840 807 3192 135
internal_count=7006 6920 86 64 6316 1545 174 604 82 522 48 1371 151 54 474 422 52 727 4771 136 63 139 61 60 4635 1226 694 470 303 91 41 50 212 84 40 283 48 1203 55 1148 209 73 3409 97 644 128 136 167 78 43 3375 235 40 52 3347 155 939 99 840 807 3192 135
is_linear=0
shrinkage=0.03


Tree=50
num_leaves=63
num_cat=0
split_feature=47 16 47 16 47 0 18 26 24 62 61 64 50 15 41 43 28 45 56 52 21 34 65 38 49 34 1 34 15 58 2 47 43 27 27 49 45 38 28 61 70 44 61 16 21 21 28 11 58 61 38 16 45 2 17 66 46 45 4 61 1 42
split_gain=24.9078 7.90908 5.54497 2.10208 2.19412 2.08935 1.88257 1.61063 1.57008 1.49194 1.4632 1.4334 1.19876 2.11433 3.00617 1.01321 1.4241 0.985913 1.83748 3.37906 2.18859 1.36095 2.407 0.86949 1.85788 1.05174 0.866202 1.67667 1.64436 0.795702 1.16084 0.561455 0.626557 0.558094 0.519747 0.477919 0.418422 0.391068 0.385596 0.3784 0.60805 0.363599 1.00087 0.342363 1.1598 0.340801 0.335169 0.573021 0.331825 0.302888 0.281538 0.256885 0.769292 0.234895 0.15748 0.153418 0.15237 0.148475 0.134252 0.37048 0.632241 0.213303
threshold=3883.5000000000005 -2965.4999999999995 1619.5000000000002 243.50000000000003 234.50000000000003 142185.50000000003 -9.0249999999999986 74.32667585416668 64.636017500000023 1171.6250000000002 3310.5000000000005 4687.5000000000009 475.85416666666669 5127.8777898442577 38020.500000000007 27577.500000000004 3.6547830000000094 32364.500000000004 7636.5000000000009 1770.5000000000002 3.5212701214587709 -0.88094559039568299 1200.5000000000002 28853.895833333336 375.50000000000006 1.0363431935441982 23.275000000000002 -0.45878215069495448 13709.448968856324 3615.8958333333335 70.141522500000022 1158.5000000000002 32870.000000000007 6.4081742279932294 14.790173074050065 208.50000000000003 28902.500000000004 30183.791666666668 12.421497999999998 1572.5000000000002 89375.604166666672 32429.500000000004 2626.5000000000005 719.50000000000011 4.0612919049790497 1.4659460287190229 3.1737674999999972 132885.00000000003 839.87500000000011 630.50000000000011 22475.083333333339 4033.0000000000005 32486.500000000004 33.862966500000006 -8.3749999999999982 832.04166666666686 25487.979166666668 27702.000000000004 19.500000000000004 931.50000000000011 7.0250000000000012 33402.979166666672
decision_type=2 2 2 2 2 2 2 2 2 2 2 2 2 2 2 2 2 2 2 2 2 2 2 2 2 2 2 2 2 2 2 2 2 2 2 2 2 2 2 2 2 2 2 2 2 2 2 2 2 2 2 2 2 2 2 2 2 2 2 2 2 2
left_child=2 -2 3 31 26 9 -6 -7 -9 11 -3 -4 15 14 -14 16 -8 21 33 20 -20 22 -15 25 45 41 48 28 -28 -27 -31 37 36 -19 -21 -23 -33 38 58 -37 -41 46 -43 44 57 -25 -11 -48 -5 -45 -42 -29 -53 -51 -50 -38 -56 -17 -1 60 -60 -61
right_child=1 10 5 4 6 7 12 8 -10 23 -12 -13 13 17 -16 43 -18 18 19 34 -22 35 -24 24 -26 29 27 51 -30 30 -32 32 -34 -35 -36 39 55 -39 -40 40 50 42 -44 49 -46 -47 47 -49 54 53 -52 52 -54 -55 56 -57 -58 -59 59 61 -62 -63
leaf_value=-9.5298416644570985 8.4486015986681195 23.40564203113923 7.0746954398009931 -1.1183764504339855 7.6033843324894752 26.509878382946429 -3.8141087998678085 -2.6945488032931602 6.8044284056047317 -0.8944302765789689 38.418111722383493 -0.54243254709875399 3.256308452377584 1.4226044731383585 -0.41536227582743412 -1.6729594588432122 4.8030259872100691 2.017551909776147 5.5129810827861956 -0.29582178319337588 0.45858338770279167 0.45898846554862066 -2.4412876297774222 0.22420272336070821 23.381733414398727 -0.71449286147655444 0.77415363668142401 -5.937761469517123 -2.3782121351257604 -0.079898528820230061 3.132302851927228 0.40901918952578498 0.095679930800495527 -1.1396751308482178 1.0172088509166679 -0.98700010810613303 -1.641367741403704 3.3479802091077611 -2.6423379187468767 0.18512779138464697 -0.36529989415496938 -3.0722466018616919 2.0474982100207786 -1.6801209334766585 0.95834289558844588 -2.5043452168387157 -0.21266417825115386 1.4467851223847268 -8.8833391540553919 -0.031549053605827965 0.0053981594201418202 1.4942810553205395 -4.5664769125117957 -5.5182343476616342 -13.114101301953113 -0.94606181277308576 -10.918177099340568 -5.6574666200136985 -3.9906823761157431 -2.2355378510914736 1.3597667892728065 -7.0814076766514802
leaf_weight=2709 28 25 24 37 36 20 39 21 20 168 33 21 26 21 24 20 21 20 23 40 30 21 23 20 23 25 22 94 26 25 20 24 31 91 27 222 35 20 36 30 116 33 26 38 26 35 44 22 20 31 32 20 38 459 21 170 1310 66 24 35 20 199
leaf_count=2709 28 25 24 37 36 20 39 21 20 168 33 21 26 21 24 20 21 20 23 40 30 21 23 20 23 25 22 94 26 25 20 24 31 91 27 222 35 20 36 30 116 33 26 38 26 35 44 22 20 31 32 20 38 459 21 170 1310 66 24 35 20 199
internal_value=-0.00164214 0.0143902 -0.00184203 -0.00209098 -0.0015234 0.00105282 -0.000690238 0.00628478 0.00277372 0.000388808 0.0207057 0.00558758 -0.000860937 -2.01053e-05 0.00592814 -0.00175261 0.00194675 -0.000452522 0.00114236 0.0037219 0.00937853 -0.00125134 0.0037415 -0.000136024 0.00272727 -0.000760122 -0.00229897 -0.000434783 0.00442827 0.00252496 0.00492239 -0.00261754 -0.00125721 -0.00162016 -0.000715351 -0.00178105 -0.00180707 -0.00273274 -0.00276074 -0.002017 -0.000960135 -0.00155578 0.000507613 -0.00210436 -0.000561999 -0.000217787 -0.00208885 -0.00022693 -0.00256538 -0.00242568 -0.00176232 -0.00199211 -0.000361446 -0.002626 -0.00264229 -0.00225256 -0.00268199 -0.00226481 -0.00279803 -0.00212514 0.000340135 -0.00260145
internal_weight=7006 86 6920 6373 3070 547 1482 61 41 486 58 45 1446 746 50 700 60 696 231 120 53 465 44 441 78 363 1588 200 48 70 45 3303 260 111 67 421 229 3043 3023 400 178 293 59 640 112 55 234 66 1388 528 148 152 58 490 1351 205 1331 86 2987 278 44 234
internal_count=7006 86 6920 6373 3070 547 1482 61 41 486 58 45 1446 746 50 700 60 696 231 120 53 465 44 441 78 363 1588 200 48 70 45 3303 260 111 67 421 229 3043 3023 400 178 293 59 640 112 55 234 66 1388 528 148 152 58 490 1351 205 1331 86 2987 278 44 234
is_linear=0
shrinkage=0.03


Tree=51
num_leaves=63
num_cat=0
split_feature=47 16 47 16 0 63 0 44 18 60 43 20 16 67 31 25 61 57 4 11 30 33 16 66 69 17 3 52 47 20 19 51 22 23 0 13 61 38 4 22 38 29 2 16 23 47 31 31 48 3 57 46 24 16 28 61 57 0 2 2 44 21
split_gain=23.7852 7.49365 5.18856 2.24458 2.00119 2.87365 1.83592 2.23458 3.03215 2.33326 2.68562 1.28602 1.51855 1.44889 2.38422 1.23699 1.18891 1.05453 1.35998 1.21278 1.93458 1.30497 0.832007 0.925095 0.744994 0.72531 1.00766 0.705741 0.686205 0.826234 0.682695 0.650473 0.625245 0.70424 0.54703 0.593188 0.505268 0.496468 0.49558 0.768166 0.624916 0.606399 0.572168 0.442836 0.39682 0.39276 0.977208 1.82608 0.377614 0.342852 0.308213 0.297924 0.237201 0.211105 0.195758 0.169277 0.168761 0.211105 0.160416 0.160249 0.151635 0.263159
threshold=3883.5000000000005 -2965.4999999999995 1272.5000000000002 1302.5000000000002 142185.50000000003 699.50000000000011 92726.500000000015 29441.500000000004 22.625000000000004 262.50000000000006 31107.000000000004 20.995833333333337 -1046.4999999999998 129770.00000000001 61.583042363271417 75.203807500000025 3310.5000000000005 5475.5000000000009 16.500000000000004 99380.000000000015 61.150558780542625 2.5904611525253451 4777.5000000000009 976.68750000000011 148560.00000000003 -7.2249999999999988 64.147373999574043 2472.5000000000005 283.50000000000006 7.6145833333333348 19.625000000000004 1969.5000000000002 -1.2500000000000002 67.420459500000007 121243.00000000001 113458.50000000001 762.50000000000011 21954.166666666672 18.500000000000004 -1.2499999999999993 29182.895833333336 64.499953981133686 68.170009500000006 801.50000000000011 49.12895000000001 506.50000000000006 52.670614136760484 51.313882125728689 983.50000000000011 66.132114683232174 9588.5000000000018 33911.395833333336 79.754282500000016 -3930.4999999999995 2.8942800000000024 1369.5000000000002 10844.500000000002 85140.500000000015 51.132110000000004 33.862966500000006 28182.500000000004 2.8241369449643332
decision_type=2 2 2 2 2 2 2 2 2 2 2 2 2 2 2 2 2 2 2 2 2 2 2 2 2 2 2 2 2 2 2 2 2 2 2 2 2 2 2 2 2 2 2 2 2 2 2 2 2 2 2 2 2 2 2 2 2 2 2 2 2 2
left_child=2 -2 3 38 11 -6 28 8 -8 10 -9 12 30 14 15 43 -3 25 19 50 21 -21 -22 -24 32 26 -11 -7 60 -30 49 58 33 53 -34 -36 -20 59 40 42 51 -42 -40 -14 -37 -41 47 -47 -10 -4 -19 56 54 -13 -46 -48 -1 -58 -31 -38 61 -5
right_child=1 16 4 6 5 27 7 9 48 17 -12 24 13 -15 -16 -17 -18 18 36 20 22 -23 23 -25 -26 -27 -28 -29 29 31 -32 -33 34 -35 35 44 37 -39 39 45 41 -43 -44 -45 52 46 55 -49 -50 -51 -52 -53 -54 -55 -56 -57 57 -59 -60 -61 -62 -63
leaf_value=-8.6995257464206617 8.1951435507080816 22.70347277020506 -1.5724155272970752 0.056460412268614805 18.529603034230171 -2.123533911832471 7.0911089337173321 2.1834025601387164 0.31198095110978485 -6.1203641602811469 -1.0566355207955558 0.011396301490404413 0.08158602538550136 -5.2440739307763229 19.294607615592835 4.456135126287049 37.265568370711996 -11.104606720117879 0.73314120691941009 0.4217531580392852 -0.27420467417396588 0.10171090615173596 -1.9384709541325849 3.8557026783072486 2.5608944605108346 -5.742776733898225 3.8734912737452629 11.676591509854322 2.6841950191681248 -0.73762252286999608 1.0670022828798293 0.211508011888945 -0.41497640122657464 2.0000903264072494 0.72220901643343849 0.83116007315355089 -0.059670815942884453 0.083323384526567526 -0.066747208287320073 -8.0533589847354339 -7.8694666961833217 7.0246162058407737 1.0313980380425136 -0.82732349349676326 -0.43853250311917574 -4.1184551959018849 -1.2272922542706617 0.91175565915842272 -0.041764343611451558 3.032032473070629 0.32284804000658729 -4.7793550785818812 0.00127990028596483 -0.53066770073318736 -0.090797642492060654 -2.1517230386245756 -4.4000613371393706 0.20081979169845185 -4.952508804400277 -4.5840434072850336 -10.691903143911967 -9.0233769340023464
leaf_weight=3205 28 25 79 20 20 28 30 22 21 26 39 20 20 32 34 33 33 53 20 37 50 21 21 27 25 426 24 21 23 20 36 25 192 24 35 30 39 23 34 457 23 26 27 30 132 33 37 22 25 20 20 26 34 22 31 100 22 20 92 194 595 97
leaf_count=3205 28 25 79 20 20 28 30 22 21 26 39 20 20 32 34 33 33 53 20 37 50 21 21 27 25 426 24 21 23 20 36 25 192 24 35 30 39 23 34 457 23 26 27 30 132 33 37 22 25 20 20 26 34 22 31 100 22 20 92 194 595 97
internal_value=-0.00162501 0.0140418 -0.00182035 -0.00213763 0.000303974 0.00520984 -0.00130999 -0.000501745 0.00445466 -0.00086652 0.00481178 -0.000101315 0.00153115 0.00362173 0.00517506 0.00238267 0.0201893 -0.00122312 -0.000261335 0.00144042 0.00294042 0.00728055 0.000336391 0.00318087 -0.000957623 -0.00223693 0.00113772 0.001222 -0.00234262 -0.000543411 -0.000754997 -0.0014442 -0.00120554 0.00149773 -0.00160537 -0.000698208 -0.00168417 -0.00204998 -0.00254532 -0.00181242 -0.002701 0.000610997 0.00137479 -0.000538923 -0.00126816 -0.00211678 -0.00095263 0.00239564 -0.00032538 -0.00205853 -0.00172367 -0.00275152 -0.0017656 -0.000783849 -0.00224402 -0.00231948 -0.00277725 -0.000783849 -0.00243533 -0.00247104 -0.00274259 -0.00169086
internal_weight=7006 86 6920 6022 898 69 1990 1118 76 1042 61 829 284 149 117 83 58 981 505 229 156 58 98 48 545 476 50 49 872 160 135 137 520 66 454 262 276 256 4032 710 3322 49 61 50 227 649 192 55 46 99 73 3273 197 42 163 137 3247 42 112 233 712 117
internal_count=7006 86 6920 6022 898 69 1990 1118 76 1042 61 829 284 149 117 83 58 981 505 229 156 58 98 48 545 476 50 49 872 160 135 137 520 66 454 262 276 256 4032 710 3322 49 61 50 227 649 192 55 46 99 73 3273 197 42 163 137 3247 42 112 233 712 117
is_linear=0
shrinkage=0.03


Tree=52
num_leaves=63
num_cat=0
split_feature=47 47 3 0 63 65 0 57 65 49 20 45 4 1 15 42 1 43 38 22 60 38 37 57 38 59 65 38 31 68 2 35 69 44 29 6 65 0 53 20 53 20 68 39 21 28 43 30 42 19 38 44 70 26 52 26 36 57 4 55 28 57
split_gain=22.7905 4.45492 4.13082 2.15352 2.64193 1.97838 1.84449 2.07601 1.63628 1.65721 2.20902 1.22213 0.991763 1.10942 1.66934 0.956184 0.922177 1.20417 0.919523 1.03025 1.01855 0.801012 0.707088 0.696839 0.623186 1.00162 1.39712 0.605356 1.49331 0.797413 0.575419 0.569753 0.627016 0.563314 1.03358 0.560357 0.452679 0.644342 0.443829 0.386947 0.373486 0.36262 0.339089 0.330348 0.369375 0.964386 0.28825 0.592175 1.39826 0.331205 0.311559 0.26367 0.711342 0.291916 0.950452 0.224973 0.696452 0.224524 0.652184 0.216267 0.639759 0.197037
threshold=3883.5000000000005 1518.5000000000002 67.998069320122383 142185.50000000003 699.50000000000011 5315.5000000000009 90363.000000000015 6266.0000000000009 3534.5000000000005 208.50000000000003 23.802083333333339 28585.000000000004 16.500000000000004 25.075000000000006 15369.256205891246 35126.041666666679 -11.074999999999998 33781.500000000007 30517.645833333336 -1.2500000000000002 4268.5000000000009 24390.437500000004 23146.000000000004 5145.5000000000009 12695.625000000002 791.50000000000011 1200.5000000000002 26923.062500000004 64.492267365613046 113072.00000000001 74.797465000000003 14275.500000000002 148560.00000000003 25439.500000000004 58.861613702995122 8.5000000000000018 8917.0000000000018 84534.000000000015 1848.5000000000002 15.815625000000002 663.50000000000011 26.011458333333341 129770.00000000001 68971.500000000015 1.6092963315493234 -1.5029505000000041 28949.000000000004 46.735554734315343 29823.083333333336 -1.1249999999999998 17042.666666666668 29441.500000000004 92550.041666666686 87.558747729166669 1543.5000000000002 81.971054145833349 17782.500000000004 5338.5000000000009 15.500000000000002 7448.5000000000009 0.48147749999999695 10755.000000000002
decision_type=2 2 2 2 2 2 2 2 2 2 2 2 2 2 2 2 2 2 2 2 2 2 2 2 2 2 2 2 2 2 2 2 2 2 2 2 2 2 2 2 2 2 2 2 2 2 2 2 2 2 2 2 2 2 2 2 2 2 2 2 2 2
left_child=1 6 5 18 -5 23 33 11 9 10 -9 15 13 35 -15 39 17 -13 19 20 -3 -16 -6 -2 25 -14 -27 51 29 -29 -22 -21 40 34 -1 38 46 -38 -11 -8 -33 55 -31 44 45 -42 47 48 -35 -49 61 52 -18 57 -55 -26 -57 -53 -59 -46 -61 -51
right_child=2 3 -4 4 22 -7 7 8 -10 12 -12 16 24 14 21 -17 27 -19 -20 31 30 -23 -24 -25 41 26 -28 28 -30 42 -32 32 -34 36 -36 -37 37 -39 -40 -41 43 -43 -44 -45 59 -47 -48 49 -50 50 -52 53 -54 54 -56 56 -58 58 -60 60 -62 -63
leaf_value=0.29325685001456631 37.684244960068618 3.7387571930022494 14.975426437513663 17.973714943203252 12.766121671966943 23.616428793560765 -3.9590415053533525 2.3879495578002485 -3.9483998709514854 -7.0716601590320343 -0.24845112374710857 6.1362153435136726 -2.7444171774677337 0.38637495012111883 -0.49609580029532896 6.1699238512457661 -1.8435598357772833 -2.9462095419733845 22.72335355498619 4.1727972982610266 -0.43566843247657006 2.0619398798036426 -1.884719678771853 19.229465860127267 -0.72306614569269723 -0.80926695254686931 0.59572976556921908 1.8434521723263082 9.2739050932591578 -6.4406730589611589 2.1044337787350722 3.1998649915201955 2.5434017484211959 -4.1163445842795223 -7.7681863966470885 1.1405168817961846 -12.189282195739201 0.51945181357913595 0.069878709571603803 1.3442764435388068 6.0343078946671813 0.078812070247736607 -0.26390128385632466 0.98210041228803102 -0.50261532235863526 -0.33397731030565475 -10.329352207773395 0.31266397487534792 3.5518029098076171 -7.4393591686008973 0.27580071149380919 -6.1249410114566913 2.9494749343836655 -7.9935429076824018 0.37911835876621874 -1.8928087490019381 0.12227634683999887 0.25976362766643057 -1.558014499488553 -0.2489426336069068 2.5765139279699691 -1.8366960774812939
leaf_weight=20 22 24 22 20 20 21 30 38 210 77 26 25 47 34 41 25 98 47 29 21 23 20 25 21 226 30 29 22 21 131 21 21 21 51 31 34 25 20 32 22 20 25 22 24 213 55 1886 21 21 924 23 1638 30 56 25 35 21 35 68 83 23 35
leaf_count=20 22 24 22 20 20 21 30 38 210 77 26 25 47 34 41 25 98 47 29 21 23 20 25 21 226 30 29 22 21 131 21 21 21 51 31 34 25 20 32 22 20 25 22 24 213 55 1886 21 21 924 23 1638 30 56 25 35 21 35 68 83 23 35
internal_value=-0.00164214 -0.00183336 0.0136934 0.000541128 0.00571429 0.0175507 -0.00207707 -0.00157355 -0.00036969 0.000310445 0.0049142 -0.00205743 -0.000138228 0.00139857 0.00391167 0.00163424 -0.00218701 0.00112344 -3.63266e-05 -0.000316883 0.00312775 0.000883796 0.00159645 0.0212993 -0.00103123 0.000933081 0.0035533 -0.00229952 -0.000688425 -0.00161051 0.000340135 -0.000810643 -0.00103673 -0.00260639 0.000469667 -0.000251573 -0.00265959 0.000266075 -0.00131989 -0.000633398 -0.00128445 -0.00171931 -0.0023906 -0.00148529 -0.00169754 0.000159786 -0.00270508 -0.00229932 0.000291261 -0.00248829 -0.00256899 -0.00245987 -0.0011007 -0.00255365 -0.000739828 -0.0020312 -0.00026738 -0.00263627 -0.00122212 -0.00214353 -0.000989633 -0.00265249
internal_weight=7006 6920 86 643 65 64 6277 3220 925 715 64 2295 651 238 95 77 2218 72 578 549 68 61 45 43 413 106 59 2146 196 175 44 481 460 3057 51 143 3006 45 109 52 439 307 153 418 394 75 2961 1075 72 1003 982 1950 128 1822 81 282 56 1741 103 319 106 959
internal_count=7006 6920 86 643 65 64 6277 3220 925 715 64 2295 651 238 95 77 2218 72 578 549 68 61 45 43 413 106 59 2146 196 175 44 481 460 3057 51 143 3006 45 109 52 439 307 153 418 394 75 2961 1075 72 1003 982 1950 128 1822 81 282 56 1741 103 319 106 959
is_linear=0
shrinkage=0.03


Tree=53
num_leaves=63
num_cat=0
split_feature=47 0 3 0 63 41 10 56 1 19 48 43 41 40 30 50 1 60 26 23 31 47 4 31 31 0 62 59 2 58 57 58 14 61 24 26 26 0 57 23 23 59 2 65 57 50 55 27 4 42 3 14 60 66 46 47 46 30 31 22 28 61
split_gain=22.7141 4.76987 4.13082 2.07152 2.27118 1.97838 1.69748 3.05556 2.17274 1.6091 1.52218 1.42015 1.25454 1.49044 0.910442 1.17781 1.27752 0.888473 0.859157 0.815958 0.770685 0.906741 0.722992 1.15464 1.58031 0.667902 1.02385 0.652291 1.02565 0.950052 0.632456 0.607705 1.28175 0.515765 0.741903 0.48664 0.745631 0.785187 1.015 0.462932 0.63577 0.414365 0.394293 0.358544 0.340827 0.317993 0.470894 1.30794 0.31899 1.10534 0.307937 0.298522 0.292648 0.275713 0.249599 0.234017 0.194865 0.450484 0.951238 0.368606 0.226276 0.409372
threshold=3883.5000000000005 108622.50000000001 67.998069320122383 142185.50000000003 699.50000000000011 49652.000000000007 0.56392291514228221 26.500000000000004 25.725000000000005 -0.72499999999999987 324.50000000000006 29556.000000000004 46551.000000000007 51884.000000000007 59.618496901456886 385.31250000000006 -0.72499999999999987 192.50000000000003 64.08128893750002 60.188884500000007 63.957378039747198 1283.5000000000002 21.500000000000004 57.127933367477262 54.326344581851792 100232.50000000001 2651.1666666666674 5379.5000000000009 75.625315000000015 3615.8958333333335 7395.0000000000009 1269.5208333333337 99694.770833333343 923.50000000000011 61.427646000000003 61.281978291666668 64.202881270833345 99992.500000000015 7300.5000000000009 65.533680000000018 61.187628000000011 473.50000000000006 90.433335000000014 609.50000000000011 9669.0000000000018 555.27083333333337 10002.500000000002 13.35516419758728 21.500000000000004 54237.833333333336 62.804537608028589 107812.31250000001 3964.5000000000005 736.72916666666686 33830.791666666679 1762.5000000000002 27880.062500000004 47.954823619617862 50.632485171128089 -1.3 -9.0113954999999972 293.50000000000006
decision_type=2 2 2 2 2 2 2 2 2 2 2 2 2 2 2 2 2 2 2 2 2 2 2 2 2 2 2 2 2 2 2 2 2 2 2 2 2 2 2 2 2 2 2 2 2 2 2 2 2 2 2 2 2 2 2 2 2 2 2 2 2 2
left_child=1 10 5 6 -5 -2 11 9 43 -8 25 -3 -10 -14 15 33 -17 -18 20 -7 21 -13 35 24 -24 56 31 42 53 -30 -6 32 -27 34 -12 -19 -37 39 -39 40 41 -38 45 -9 -41 -20 48 -48 54 -50 -23 -34 -45 -29 -47 -16 57 58 -1 -59 61 -58
right_child=2 3 -4 4 30 19 7 8 12 -11 14 18 13 -15 55 16 17 22 27 -21 -22 50 23 -25 -26 26 -28 28 29 -31 -32 -33 51 -35 -36 36 37 38 -40 44 -42 -43 -44 52 -46 46 47 -49 49 -51 -52 -53 -54 -55 -56 -57 60 59 -60 -61 -62 -63
leaf_value=-4.7635237448561218 21.87623610741116 5.8359832340935469 14.526163644388262 17.434503494907162 10.617192845092429 35.459988483538801 22.192712174712234 0.21622303062709311 -0.068274960207840352 1.2918808821451284 1.246025611588055 0.1981750031857489 1.7856191540162523 3.0151637475349831 -3.2138474215878885 4.5036055842666576 0.68709057501315574 -3.6819931921174263 -8.3609444092392327 32.081492910921064 -5.5789633035923263 -0.2417426730422875 -0.9604306602193271 -3.4123352585657787 4.0476130283870013 1.5138630759717562 1.3710564797112017 0.29251364957455733 -0.24300434055898901 2.4117025894000794 -1.8554556459603768 -6.1911634799829258 -5.1772230652420195 -5.7498837221901642 -6.731458625249342 1.7047818461135262 0.52401675620177701 -0.83814097867425996 0.58532798377308226 -4.0494627061874153 0.34706226738453616 -2.344750051276586 0.012473631877044653 -2.1774587962174854 0.051501376577249805 -0.55108897873565277 0.11860809575023482 -0.69124640363403667 -0.59347900609735948 6.0618466007733733 6.5338931445003503 0.81724284143081227 0.88786781740338172 -0.48985068274709093 0.0081897456466152162 -0.0048180868983177839 0.70459718403728167 0.23369012632106664 2.0090361177591847 -8.4246856900627254 -11.27075335021315 -8.6725504917605054
leaf_weight=30 21 22 22 20 22 23 25 24 23 22 23 21 20 39 814 20 20 115 243 20 40 24 28 26 21 21 23 20 26 29 27 289 48 391 38 29 21 29 34 174 24 75 36 159 21 377 21 30 37 20 30 20 20 73 24 25 23 34 21 371 2571 67
leaf_count=30 21 22 22 20 22 23 25 24 23 22 23 21 20 39 814 20 20 115 243 20 40 24 28 26 21 21 23 20 26 29 27 289 48 391 38 29 21 29 34 174 24 75 36 159 21 377 21 30 37 20 30 20 20 73 24 25 23 34 21 371 2571 67
internal_value=-0.00161645 -0.00180734 0.0136934 -0.000291026 0.00477569 0.0175507 -0.000542311 0.00132791 0.000147316 0.00840764 -0.00221718 -0.00112385 0.00427527 0.00659898 -0.00153571 -0.00095859 -0.00012243 -0.000369471 -0.00128437 0.0212993 0.00114683 0.00295606 -0.000582818 0.00215712 0.00488798 -0.00258975 -0.00142109 -0.00158637 0.000222822 0.00348457 0.001222 -0.00180111 0.0003367 -0.00213006 0.000392798 -0.000982571 -0.000486368 -0.000848982 0.002187 -0.0014662 0 -0.00109261 -0.00192996 -0.00150665 -0.00236802 -0.00207818 -0.00163819 0.00105675 -0.00194499 0.000105078 0.000831792 -0.00162996 -0.00197655 -0.00167562 -0.00224383 -0.00228102 -0.00273909 -0.00213769 0.000469667 -0.00247346 -0.00284093 -0.00129856
internal_weight=7006 6920 86 1474 69 64 1405 332 285 47 5446 1073 82 59 1928 1089 637 617 1051 43 115 75 597 75 49 3518 401 936 148 55 49 378 89 452 61 522 407 378 63 315 120 96 788 203 195 752 509 51 458 57 54 68 179 93 401 839 3117 456 51 405 2661 90
internal_count=7006 6920 86 1474 69 64 1405 332 285 47 5446 1073 82 59 1928 1089 637 617 1051 43 115 75 597 75 49 3518 401 936 148 55 49 378 89 452 61 522 407 378 63 315 120 96 788 203 195 752 509 51 458 57 54 68 179 93 401 839 3117 456 51 405 2661 90
is_linear=0
shrinkage=0.03


Tree=54
num_leaves=63
num_cat=0
split_feature=0 20 15 48 26 48 55 46 2 4 65 42 1 48 0 49 62 48 56 2 0 26 62 66 15 35 46 65 62 15 57 0 61 25 25 20 69 62 7 16 11 53 2 22 66 15 54 16 52 49 5 46 11 23 53 40 59 33 24 57 34 0
split_gain=13.5679 9.9091 7.64302 5.73444 4.20708 3.53875 1.60704 1.66708 1.54442 2.38155 2.58397 1.68333 1.30057 1.01214 0.936056 1.19296 0.888987 0.881175 1.05859 0.964975 0.835845 1.24655 0.760582 1.01669 0.825947 1.58546 0.697991 0.632241 0.615332 1.65011 0.883548 0.607816 0.574831 0.541893 0.508099 0.612606 0.650982 1.90706 0.506696 0.409976 0.406368 0.386946 0.36657 0.36387 0.36235 0.408421 1.19371 0.341289 0.61122 0.983835 0.506719 0.467656 0.731883 0.933805 0.327894 0.309629 0.293143 0.268543 0.245158 0.569604 0.363055 0.677631
threshold=146437.50000000003 -11.654166666666665 18625.288607118473 1280.5000000000002 58.427409979166669 404.50000000000006 2220.5000000000005 32493.125000000004 71.773583000000016 15.500000000000002 1565.0000000000002 56354.812500000007 28.725000000000005 445.50000000000006 138055.50000000003 719.50000000000011 1252.1666666666667 1914.5000000000002 18.500000000000004 86.114955000000023 99992.500000000015 87.369609208333358 1336.6041666666667 3320.8958333333339 8817.9909082744016 11149.500000000002 32254.020833333339 3939.5000000000005 2191.9375000000005 5372.3477376718483 7300.5000000000009 106608.00000000001 3079.0000000000005 87.908297500000018 49.394724000000004 26.673958333333339 90165.500000000015 1824.0625000000002 26.500000000000004 5733.5000000000009 89401.000000000015 2908.5000000000005 74.985777500000012 -1.4499999999999995 1007.1458333333334 4183.6861239567615 871.89583333333337 97.500000000000014 1792.5000000000002 218.50000000000003 1.5000000000000002 27932.354166666668 85489.000000000015 62.468185500000011 1720.5000000000002 31610.500000000004 5334.5000000000009 1.6047854164607809 66.870440000000016 21.500000000000004 -0.6657388305594657 90915.000000000015
decision_type=2 2 2 2 2 2 2 2 2 2 2 2 2 2 2 2 2 2 2 2 2 2 2 2 2 2 2 2 2 2 2 2 2 2 2 2 2 2 2 2 2 2 2 2 2 2 2 2 2 2 2 2 2 2 2 2 2 2 2 2 2 2
left_child=1 3 -2 -1 -5 12 17 8 13 10 11 -10 20 40 22 -16 -11 39 19 -19 47 28 23 24 25 -15 -17 -12 44 -30 -31 -26 -33 -9 -24 36 37 -36 43 55 -8 42 -18 -38 -22 46 -46 -3 51 -50 -51 52 54 -54 -49 -7 -57 -20 59 -53 61 -61
right_child=2 5 -4 4 -6 6 7 33 9 16 27 -13 -14 14 15 26 41 18 57 -21 21 -23 34 -25 31 -27 -28 -29 29 30 -32 32 -34 -35 35 -37 38 -39 -40 -41 -42 -43 -44 -45 45 -47 -48 48 49 50 -52 58 53 -55 -56 56 -58 -59 -60 60 -62 -63
leaf_value=-4.4438098499653069 9.2639309333639606 -11.385557662789859 34.057173036449008 13.663617630141642 30.279664277988402 0.52596623227464967 0.25409647182480066 -1.9146389733459823 2.3182474033959584 1.7269762291850803 -3.8626166769808856 7.177488042737604 0.11870367030074859 -4.6898885418825005 13.537455964481127 -2.1854733487675064 0.3759100938908877 15.541203175962345 0.54977094469930621 -1.9495741730601048 0.14903437882340337 0.54855800187843584 -1.9229101127701769 0.37233153727298735 -1.7465080203383601 0.27199808240289131 3.5891517700293254 2.1628070953515777 7.8379106276716497 -4.8117306905785666 0.24832434711955653 0.045921168421550973 -0.32523627880734801 0.19270342827050424 -3.6780948297287419 0.43506877876742434 0.040505852861558007 1.1285872722928805 0.064818468075458158 2.1562105322424925 2.934437505790005 0.82595461989381314 -0.63705883378577821 -0.55810968741966238 -9.5866860627430341 -7.2547918035338732 1.5558572116515015 -5.5257003668670883 2.1501353559546734 1.3632117411420679 -5.3606491120819646 2.3861468992304107 -2.9783864319250708 4.8463797474891113 0.63581701175047622 -3.2472644296400262 -0.086082468785594196 -1.9047384600058976 -10.010398203384469 -10.114962171133541 -6.9502529924806247 1.6434719935141264
leaf_weight=31 27 1796 25 20 36 20 21 361 32 20 24 25 23 28 20 30 27 33 20 20 30 20 156 21 97 26 32 20 34 127 38 22 24 21 34 28 31 24 21 26 20 20 86 239 87 416 20 159 20 32 67 20 25 21 32 910 36 69 909 28 299 20
leaf_count=31 27 1796 25 20 36 20 21 361 32 20 24 25 23 28 20 30 27 33 20 20 30 20 156 21 97 26 32 20 34 127 38 22 24 21 34 28 31 24 21 26 20 20 86 239 87 416 20 159 20 32 67 20 25 21 32 910 36 69 909 28 299 20
internal_value=-0.00159932 -0.00171395 0.0136468 0.00833525 0.0140642 -0.00184183 -0.000979162 -0.00033574 0.000241999 0.00230224 0.00587537 0.0100876 -0.00238119 -0.000353507 -0.000583364 0.00244823 -3.91908e-05 -0.00183317 0.000358901 0.00372881 -0.00242066 -0.00151923 -0.000918653 0.000563961 -9.13249e-05 0.00304991 0.000338164 0.000340135 -0.00171919 -0.000271221 -0.00152635 -0.00129979 0.00149675 -0.0020492 -0.00153067 -0.000922833 -0.00127184 0.00160069 -0.00185503 -0.00214999 0.00423358 -0.000946657 -0.00164456 -0.00221029 -0.00223468 -0.00242019 -0.000728292 -0.00262274 -0.00229949 -0.000201512 -0.00145308 -0.00246249 -0.00121468 0.0021475 -0.00204082 -0.00225132 -0.00233062 -0.00161616 -0.0026918 -0.00201035 -0.00229905 6.23693e-05
internal_weight=7006 6954 52 87 56 6867 2644 1510 1128 254 101 57 4223 874 833 82 153 1134 142 53 4200 772 751 218 197 54 62 44 752 199 165 143 46 382 533 377 349 58 291 992 41 133 113 270 553 523 107 3428 1632 119 99 1513 237 46 191 966 946 89 1276 367 347 48
internal_count=7006 6954 52 87 56 6867 2644 1510 1128 254 101 57 4223 874 833 82 153 1134 142 53 4200 772 751 218 197 54 62 44 752 199 165 143 46 382 533 377 349 58 291 992 41 133 113 270 553 523 107 3428 1632 119 99 1513 237 46 191 966 946 89 1276 367 347 48
is_linear=0
shrinkage=0.03


Tree=55
num_leaves=63
num_cat=0
split_feature=47 16 47 16 16 31 11 43 64 58 32 15 61 2 63 32 27 53 18 28 70 3 31 13 51 30 68 28 0 43 62 26 22 16 13 16 59 26 61 64 32 37 27 61 1 0 38 11 18 31 3 32 51 28 43 31 16 22 47 31 55 2
split_gain=21.6179 6.69637 5.27144 2.24696 1.4734 1.40945 1.2172 1.47536 2.24447 2.72067 1.44635 1.19147 1.04704 1.37803 1.47025 1.91989 0.972714 1.36128 1.59204 2.54455 1.26773 0.913786 1.01766 0.872361 0.820233 1.42615 0.798211 0.680527 1.13237 2.06884 1.01007 0.655919 0.605985 0.560052 0.524701 0.494917 0.425064 0.412621 0.408895 0.375242 1.46929 0.343015 0.39965 0.510006 0.33559 0.333123 0.330488 0.570257 0.329434 0.645883 0.313694 0.290942 0.263927 0.474195 0.259869 0.580366 0.213114 0.527178 0.305182 0.568506 0.205965 0.817248
threshold=3883.5000000000005 -2965.4999999999995 684.50000000000011 -1046.4999999999998 835.50000000000011 63.400103665018726 84002.500000000015 29681.500000000004 3475.0000000000005 3734.4166666666674 60.369299087965715 18839.341941028037 3807.0000000000005 75.625315000000015 2237.0000000000005 64.113428513468421 12.085621139676443 1693.0000000000002 25.925000000000001 2.377299500000007 129030.81250000001 66.260735804484895 56.275749511869208 108817.50000000001 1511.5000000000002 55.517191896693681 89421.500000000015 -5.5760009999999971 94148.500000000015 31488.000000000004 2554.1250000000005 84.315474166666675 0.89999999999999913 2363.5000000000005 84608.500000000015 5397.5000000000009 316.50000000000006 67.137470062500014 2084.5000000000005 6331.5000000000009 60.339251012795266 22722.500000000004 14.533039092177896 4484.5000000000009 1.4750000000000003 95816.500000000015 28101.208333333336 114628.00000000001 29.975000000000005 63.64999520563952 57.12320171912652 56.877662686141669 1920.5000000000002 -1.5029505000000041 33742.500000000007 59.457379828283969 -489.49999999999994 -1.6499999999999997 506.50000000000006 52.782224003399946 9683.5000000000018 50.810230000000011
decision_type=2 2 2 2 2 2 2 2 2 2 2 2 2 2 2 2 2 2 2 2 2 2 2 2 2 2 2 2 2 2 2 2 2 2 2 2 2 2 2 2 2 2 2 2 2 2 2 2 2 2 2 2 2 2 2 2 2 2 2 2 2 2
left_child=2 -2 4 12 46 -3 44 8 9 10 26 16 54 41 15 -15 17 20 19 23 32 22 24 31 -18 -26 -8 28 -9 -30 35 -19 37 -20 -10 -31 -24 38 -5 52 45 42 -14 -44 -6 -41 56 -48 50 -50 51 -38 60 -54 -4 -56 -1 -58 -59 -60 -29 -62
right_child=1 5 3 11 6 -7 7 27 34 -11 -12 -13 13 14 -16 -17 21 18 33 -21 -22 -23 36 -25 25 -27 -28 39 29 30 -32 -33 -34 -35 -36 -37 48 -39 -40 40 -42 -43 43 -45 -46 -47 47 -49 49 -51 -52 -53 53 -55 55 -57 57 58 59 -61 61 -63
leaf_value=-10.508241830740287 6.0385791278524001 29.823603148623501 -3.0540142073425982 -0.26990916987088642 0.3876907783737546 31.93063352944651 2.2926486675929127 -9.9308775985956554 0.60222368909186685 6.4560214601604935 1.6296119784349381 20.295459424315336 -0.72415292623055727 2.1206414364782811 -1.7834813438343879 1.2894072775280254 -1.0450772039000031 0.053445722587990803 -0.64796574053869993 8.0724307644719229 18.793986453067841 7.9221040913679168 0.44353657395043616 3.1672264484304424 -2.0868632707360879 0.81687892885870284 -4.8206656235230723 -6.6332090375460515 1.6306119354931572 -2.6829601984794658 0.91559669113239961 -0.64931514845041427 0.24360753827278692 0.78488036097661529 -5.6722242626574086 0.07153098832587948 -2.2455234103844077 -0.86473503053959111 0.24946983895568137 0.1764456367800811 1.4864172488278664 -0.54209352593825488 -0.48445965002105296 6.9052138428912659 -8.9814010099233919 -4.561302162656534 2.5245906427791556 -16.46973457252075 -0.27683508833636578 0.74004848604698725 -0.38965993235201168 0.1759665879324194 0.11482526978994395 -8.3697207453697988 -1.4233965943966149 14.835784830746018 0.31928717527481631 -8.8294317101487554 0.68221795372135408 -3.2695878521301438 -4.4898965611890276 0.25777797075372133
leaf_weight=1953 28 36 518 32 23 22 20 86 23 21 24 27 44 33 27 35 35 20 33 29 36 20 20 34 20 30 42 604 20 92 36 26 29 31 85 20 29 108 30 20 21 81 21 22 638 70 24 34 66 25 226 20 35 34 31 23 35 1011 24 75 69 20
leaf_count=1953 28 36 518 32 23 22 20 86 23 21 24 27 44 33 27 35 35 20 33 29 36 20 20 34 20 30 42 604 20 92 36 26 29 31 85 20 29 108 30 20 21 81 21 22 638 70 24 34 66 25 226 20 35 34 31 23 35 1011 24 75 69 20
internal_value=-0.00159076 0.0133449 -0.001777 -0.000357732 -0.00226086 0.0191566 -0.00162049 -0.00109753 0.00117155 0.0042577 0.00184669 0.000657596 -0.00148725 6.84143e-05 0.0029653 0.0053304 0.000467133 0.00155109 0.00357019 0.00577452 5.10414e-05 -0.000427612 -0.000700489 0.0029588 0.00225617 0.00473054 -0.000531402 -0.00153314 -0.000153484 0.0012671 2.02559e-05 0.000195227 -0.000873933 -0.000140406 -0.00185939 -0.00136485 -0.00135975 -0.00156967 0.000338164 -0.00193105 -0.000270028 -0.00155265 -0.00020666 0.00180974 -0.00267736 -0.00196448 -0.00266627 -0.000361446 -0.00159792 -7.14471e-10 -0.0021156 0 -0.00216901 -0.000347323 -0.00220766 -0.000166359 -0.00270843 -0.00236835 -0.00248356 -0.000847629 -0.00234598 -0.000942762
internal_weight=7006 86 6920 1761 5159 58 2003 1342 215 107 86 926 835 263 95 68 899 408 173 109 235 491 471 80 85 50 62 1127 254 168 148 46 199 64 108 112 386 170 62 873 111 168 87 43 661 90 3156 58 366 91 275 49 762 69 572 54 3098 1145 1110 99 693 89
internal_count=7006 86 6920 1761 5159 58 2003 1342 215 107 86 926 835 263 95 68 899 408 173 109 235 491 471 80 85 50 62 1127 254 168 148 46 199 64 108 112 386 170 62 873 111 168 87 43 661 90 3156 58 366 91 275 49 762 69 572 54 3098 1145 1110 99 693 89
is_linear=0
shrinkage=0.03


Tree=56
num_leaves=63
num_cat=0
split_feature=50 23 5 48 22 0 15 1 10 60 60 16 2 2 67 26 16 18 52 5 31 65 44 52 3 20 7 25 46 59 43 7 24 50 58 2 61 16 4 24 5 2 16 15 61 22 18 52 50 29 18 43 52 13 58 52 23 39 50 25 44 1
split_gain=14.349 7.04416 5.56036 3.86646 2.84113 1.8904 2.55882 1.40391 2.10148 1.78133 1.31575 1.09565 1.63446 1.35667 1.01248 0.818212 0.630482 1.29498 0.633406 0.685896 1.0361 0.572182 1.46249 1.58701 1.70325 0.65761 0.725856 0.603389 1.20359 1.37069 1.15424 0.571216 0.505557 0.724218 0.591278 0.489178 0.401008 2.21345 0.441766 0.827667 0.550828 1.42064 0.395768 0.959521 0.458521 1.04883 0.740376 1.06378 0.33812 0.32368 0.289355 0.287384 0.761611 0.274143 0.273971 0.271205 0.245734 0.202666 0.193881 0.501303 0.190959 0.538872
threshold=2563.0416666666674 72.420938000000021 1.5000000000000002 695.50000000000011 0.25000000000000011 142185.50000000003 18020.251053713586 23.175000000000001 0.46472317204376884 1653.0000000000002 254.50000000000003 4724.0000000000009 68.619795000000011 82.464025000000007 114509.50000000001 84.60840716666668 97.500000000000014 -9.0249999999999986 1964.5000000000002 3.5000000000000004 60.225477894520402 706.50000000000011 30813.500000000004 2065.5000000000005 61.327146405491554 25.079166666666669 13.500000000000002 85.017375000000015 32661.000000000004 1337.5000000000002 28887.500000000004 23.500000000000004 71.160437000000016 718.54166666666674 652.25000000000011 79.809355000000011 5502.5000000000009 -3262.9999999999995 19.500000000000004 82.559007500000021 2.5000000000000004 50.212033500000011 3963.0000000000005 4527.7829600561345 1369.5000000000002 -0.82499999999999918 20.475000000000005 1188.5000000000002 1897.791666666667 53.590704221118024 28.975000000000005 30906.500000000004 1716.5000000000002 118319.50000000001 2371.2708333333339 1823.5000000000002 62.067045000000007 43387.500000000007 389.52083333333343 73.259935000000013 27539.500000000004 8.3250000000000011
decision_type=2 2 2 2 2 2 2 2 2 2 2 2 2 2 2 2 2 2 2 2 2 2 2 2 2 2 2 2 2 2 2 2 2 2 2 2 2 2 2 2 2 2 2 2 2 2 2 2 2 2 2 2 2 2 2 2 2 2 2 2 2 2
left_child=3 2 -2 7 -4 11 31 16 51 10 -10 21 53 -14 15 56 -1 -18 32 20 -20 22 23 -5 -25 50 -27 36 30 -30 -29 -7 33 42 -34 -3 38 -38 48 40 41 -40 44 -44 45 -19 57 -48 -23 -42 -24 52 -9 -13 -32 60 -12 -47 -46 -60 61 -36
right_child=1 35 4 5 -6 6 -8 8 9 -11 14 12 13 -15 -16 -17 17 18 19 -21 -22 27 25 24 -26 26 -28 28 29 -31 54 -33 34 -35 55 -37 37 -39 39 -41 49 -43 43 -45 58 46 47 -49 -50 -51 -52 -53 -54 -55 -56 -57 -58 -59 59 -61 -62 -63
leaf_value=-8.5448106584628505 32.693909323917595 3.3308816097950089 23.524779059533941 0.23489908689814823 5.7748946586323253 3.334679098875533 13.324495090145007 -2.7724173912700651 0.6197469451897436 0.92428609218825375 -0.3965256136724376 -0.45316578810179325 8.0689703852899282 -0.63497760923905655 0.11757354734780726 1.6702200526643796 5.6182016207049692 2.8448294018113245 1.2625220298006838 -4.3729425316209261 -2.3718063330758783 -1.0988351378790786 -0.4693812567570167 -0.26566505124956075 5.5316837041417886 -0.2834260553606649 3.0171046932209973 3.2498994646240584 7.4303059451273867 -0.3206582957060452 -0.069525616956598049 -3.2797860541161117 0.044501238472513541 1.9491531097875372 1.4929766967340981 -5.8892281040579046 2.1336925308468873 -0.44880020423956141 0.46789071181341363 1.0708713658699902 0.046533326211409792 -0.30016250891410268 2.8553029566055601 -6.8299935843580855 -6.8064826868310435 -9.2767499749296078 1.6995139472829861 -1.8999782674034895 0.37977848784984564 -0.57382324622748482 -0.090639475473684436 -5.7943360296841648 0.69744667458128995 0.082491197719346099 -2.9686317351943723 0.016887734708643708 -4.6154133251727298 -0.32839108469754635 -4.1944225387360046 0.59011733798172905 -8.192287939717513 -8.7070902607466749
leaf_weight=2482 28 20 39 26 31 27 20 58 23 21 25 38 33 21 31 20 36 21 28 51 26 620 119 48 22 27 25 21 20 29 23 23 36 22 20 38 24 67 24 23 21 43 20 26 351 151 27 36 31 139 25 276 20 20 115 29 114 35 68 20 1053 50
leaf_count=2482 28 20 39 26 31 27 20 58 23 21 25 38 33 21 31 20 36 21 28 51 26 620 119 48 22 27 25 21 20 29 23 23 36 22 20 38 24 67 24 23 21 43 20 26 351 151 27 36 31 139 25 276 20 20 115 29 114 35 68 20 1053 50
internal_value=-0.0016293 0.00736067 0.012263 -0.00183457 0.00766048 -0.000578819 0.0042368 -0.0022401 -0.000851897 0.00134558 0.000506804 -0.000791099 0.00206066 0.00582255 -0.000299843 -0.00128221 -0.00241734 -0.00202982 -0.00212888 0.000114176 0.00249538 -0.00100731 0.000174597 0.0032154 0.000813123 -0.00130036 0.0015547 -0.00129739 0.000158577 0.00427699 -0.00109365 0.000538921 -0.00225027 -0.00164458 -0.00264372 -0.000877798 -0.00160569 0.000263446 -0.0017978 -0.000707718 -0.00126816 0.000983606 -0.00180374 0.000845986 -0.00197998 -0.000988523 -0.00154155 0.00123613 -0.00221164 -0.00222986 -0.00235253 -0.00231291 -0.00065301 -0.00139415 -0.00210717 -0.00276278 -0.00211359 -0.00249866 -0.00258256 -0.00125993 -0.00283679 -0.00124108
internal_weight=7006 156 98 6850 70 1674 70 5176 588 234 213 1604 112 54 190 159 4588 2106 2070 105 54 1492 292 96 70 196 52 1200 208 49 159 50 1965 777 1188 58 992 91 901 250 227 67 755 46 709 270 249 63 651 160 144 354 78 58 138 1152 139 186 439 88 1123 70
internal_count=7006 156 98 6850 70 1674 70 5176 588 234 213 1604 112 54 190 159 4588 2106 2070 105 54 1492 292 96 70 196 52 1200 208 49 159 50 1965 777 1188 58 992 91 901 250 227 67 755 46 709 270 249 63 651 160 144 354 78 58 138 1152 139 186 439 88 1123 70
is_linear=0
shrinkage=0.03


Tree=57
num_leaves=63
num_cat=0
split_feature=47 16 47 16 16 0 61 13 39 16 43 50 49 21 56 20 66 17 39 2 38 41 55 54 16 51 52 30 38 53 22 61 52 16 10 10 0 26 44 48 61 43 33 61 61 37 30 21 26 65 52 36 17 38 45 70 46 48 0 16 15 47
split_gain=21.5807 6.69637 5.05016 1.73182 1.4109 1.37079 2.37297 3.30792 1.35935 1.21226 0.928154 0.834497 1.79373 0.871058 0.806711 1.35433 0.818613 1.43564 1.40312 0.690893 1.0357 2.59009 0.869266 1.47041 0.69813 0.647738 1.19718 0.645874 0.768974 0.643425 0.651224 0.608624 0.597124 0.575711 0.539477 1.22141 1.68897 1.54232 0.598893 0.565779 0.531891 0.495908 1.19789 0.970818 0.789809 0.467355 1.05416 0.439517 0.397072 0.396601 0.659908 0.366923 0.316658 0.31409 0.281407 0.598667 0.256273 0.360507 0.244947 0.241586 0.240551 0.219592
threshold=3883.5000000000005 -2965.4999999999995 684.50000000000011 -3847.4999999999995 -28.499999999999996 90363.000000000015 241.50000000000003 91653.000000000015 68971.500000000015 -349.49999999999994 28272.000000000004 1640.5833333333337 898.50000000000011 1.669643098399902 8264.0000000000018 26.621875000000006 2872.8333333333335 25.375000000000004 39192.500000000007 68.827482500000016 16340.833333333336 48354.500000000007 2686.0000000000005 1764.3125000000002 1487.5000000000002 2263.5000000000005 1501.5000000000002 61.150558780542625 21954.166666666672 1838.5000000000002 -0.62499999999999989 1691.0000000000002 1777.5000000000002 4875.0000000000009 0.56392291514228221 0.87900005428953576 100232.50000000001 80.501000125000004 29612.000000000004 255.50000000000003 5502.5000000000009 29241.500000000004 3.361255284788419 1204.5000000000002 2598.5000000000005 11963.000000000002 57.356560995019102 3.7350177591318015 65.609339395833345 468.50000000000006 1955.5000000000002 15404.000000000002 -0.72499999999999987 29432.020833333336 29266.500000000004 81182.333333333343 28228.958333333336 563.50000000000011 138903.50000000003 -3029.9999999999995 4183.6861239567615 2078.5000000000005
decision_type=2 2 2 2 2 2 2 2 2 2 2 2 2 2 2 2 2 2 2 2 2 2 2 2 2 2 2 2 2 2 2 2 2 2 2 2 2 2 2 2 2 2 2 2 2 2 2 2 2 2 2 2 2 2 2 2 2 2 2 2 2 2
left_child=2 -2 4 40 53 29 7 -7 11 -3 -8 19 13 -13 34 16 33 18 -18 27 21 22 48 -24 59 26 -26 28 41 52 -31 -30 -28 -16 60 36 51 39 -37 -38 61 42 43 -5 -45 46 -43 -15 -21 50 -29 -36 -6 -1 55 -32 57 -54 -51 -22 -12 -4
right_child=1 9 3 8 5 6 10 -9 -10 -11 14 12 -14 47 15 -17 17 -19 -20 20 24 -23 23 -25 25 -27 32 49 31 30 54 -33 -34 -35 35 38 37 -39 -40 -41 -42 45 -44 44 -46 -47 -48 -49 -50 58 -52 -53 56 -55 -56 -57 -58 -59 -60 -61 -62 -63
leaf_value=-9.0824732091504536 5.6675529773955402 22.391176659851457 -2.9839074244956576 -2.1335795357027543 -0.95649677901139474 -1.3486500402508415 2.5621079172903873 1.8729517258655937 11.054162951424892 30.171660091581366 -1.2474514756525876 10.525372532171215 20.308912834556324 -2.1345590085876278 -2.7876545440519949 0.46579067333010293 -0.75090703977476558 -7.8279574467779875 1.477286711201707 0.086885704868277722 0.66654636869310357 4.8401070010705229 1.9216161535698291 -0.21016730451949653 -0.65934542357508186 -0.59966883658502035 6.1849670887627095 7.1113245221088022 -0.43988414185590585 1.6628843018555211 -7.4491019784249914 1.7609658905527479 0.41982235869812989 0.16644315704690391 0.26275637072468222 1.7124931740809437 3.8816647783987293 1.0936973146847406 -5.3226643301754706 -2.7144389507855551 2.0483210155231952 0.36534939549173318 -2.7450639594131445 0.25803719195618341 0.27627891038513369 -0.92714061460563635 -0.50105837739694825 11.33866994909299 -2.2172777845828433 -0.31101852514143163 -0.58961290201025429 -10.218863040493897 -4.0232113360070727 -2.5955481862914289 -6.7257410088469989 0.2463475493592466 -8.7767595926508069 0.42555563119873441 0.19660785235970948 -0.32239209363211796 -6.2302487425117778 -0.057612656250198242
leaf_weight=2410 28 22 349 24 23 24 30 20 37 36 32 25 35 73 138 24 20 30 21 23 32 35 25 23 37 24 21 26 21 26 31 24 26 20 29 20 23 24 368 26 21 30 44 20 32 150 47 20 63 209 27 66 253 25 57 29 992 39 29 146 359 63
leaf_count=2410 28 22 349 24 23 24 30 20 37 36 32 25 35 73 138 24 20 30 21 23 32 35 25 23 37 24 21 26 21 26 31 24 26 20 29 20 23 24 368 26 21 30 44 20 32 150 47 20 63 209 27 66 253 25 57 29 992 39 29 146 359 63
internal_value=-0.00157791 0.0133449 -0.00176399 -0.000374766 -0.0022376 -0.00176535 -0.00104309 0.00578231 0.000160379 0.0191566 -0.00129014 -7.152e-10 0.00207707 0.000279424 -0.00142238 7.11174e-05 -0.000628547 0.00202532 0.00569343 -0.00028205 0.000619643 0.00248374 0.000559283 0.00380457 -0.000471864 0.00141536 0.00267539 -0.000887133 -8.41629e-05 -0.00239777 -0.000461217 0.00359202 0.00585987 -0.00184061 -0.00182452 -0.00121381 0.000910172 0.0043502 -0.0021412 0.001222 -0.00202263 -0.000570442 0.000974187 0.00327201 0.00558541 -0.00140026 0.000466925 -0.00103115 -0.00121951 -0.00195809 0.000338982 -0.00170347 -0.0026073 -0.00276457 -0.00143467 0 -0.00267035 -0.00185895 -0.00248215 -0.00163391 -0.00268474 -0.00226401
internal_weight=7006 86 6920 1761 5159 2724 1274 44 1328 58 1230 1291 153 118 1200 253 229 71 41 1138 455 169 134 48 286 108 84 683 392 1450 143 45 47 158 947 556 168 73 388 49 433 347 120 76 52 227 77 93 86 291 53 95 1307 2435 117 60 1284 292 238 178 391 412
internal_count=7006 86 6920 1761 5159 2724 1274 44 1328 58 1230 1291 153 118 1200 253 229 71 41 1138 455 169 134 48 286 108 84 683 392 1450 143 45 47 158 947 556 168 73 388 49 433 347 120 76 52 227 77 93 86 291 53 95 1307 2435 117 60 1284 292 238 178 391 412
is_linear=0
shrinkage=0.03


Tree=58
num_leaves=63
num_cat=0
split_feature=47 16 47 16 16 35 60 47 16 44 14 32 57 19 53 53 23 48 60 2 32 63 48 25 27 2 35 30 30 54 15 2 23 5 39 16 34 55 2 18 46 25 17 30 29 17 17 4 63 38 60 52 58 67 55 3 53 55 2 27 49 41
split_gain=21.5683 6.69637 4.65409 1.5396 1.48343 1.47416 2.04586 1.28244 1.21226 1.17309 3.35909 1.22133 1.17612 1.09455 1.09234 1.40815 1.48518 2.22259 1.05909 1.57288 1.77095 1.36186 1.05358 1.05234 0.951484 0.883136 0.882463 1.6726 0.928532 0.950252 1.82156 0.72232 1.58767 0.693352 0.610191 0.56674 0.516667 0.639802 0.482475 0.472306 0.466395 0.667879 0.534128 0.426252 1.38322 0.383817 0.351732 0.326796 0.323181 0.31409 0.304582 0.542857 0.304416 0.298263 0.28049 0.280419 0.279449 0.769292 0.247592 0.226322 0.202551 0.462797
threshold=3883.5000000000005 -2965.4999999999995 684.50000000000011 -28.499999999999996 -1046.4999999999998 13104.500000000002 221.50000000000003 2634.5000000000005 -349.49999999999994 29441.500000000004 89380.687500000015 54.551625602698572 5076.0000000000009 27.125000000000004 1687.5000000000002 2054.5000000000005 57.037386500000004 1071.5000000000002 3236.5000000000005 80.56197250000001 64.173850818117003 1678.5000000000002 2286.5000000000005 82.616505000000018 12.608104802777069 66.641512500000019 21415.500000000004 61.203442825267352 52.187223438902208 1486.729166666667 12369.387074094206 82.613347500000017 79.238085000000012 1.5000000000000002 66884.000000000015 4962.0000000000009 2.0092613823225602 21.500000000000004 77.563045000000002 -9.0249999999999986 27880.062500000004 50.365159000000006 7.8250000000000002 59.359144885230798 58.861613702995122 29.475000000000005 26.125000000000004 20.500000000000004 192.50000000000003 29432.020833333336 3450.5000000000005 2122.0000000000005 437.16666666666669 104641.00000000001 8861.5000000000018 62.734785678965032 709.50000000000011 16.500000000000004 49.12895000000001 14.533039092177896 1509.5000000000002 53918.500000000007
decision_type=2 2 2 2 2 2 2 2 2 2 2 2 2 2 2 2 2 2 2 2 2 2 2 2 2 2 2 2 2 2 2 2 2 2 2 2 2 2 2 2 2 2 2 2 2 2 2 2 2 2 2 2 2 2 2 2 2 2 2 2 2 2
left_child=2 -2 3 49 18 40 -7 13 -3 10 11 24 39 14 31 16 -16 25 46 23 21 -21 -9 45 -8 -18 28 -28 -14 -30 -31 32 36 -17 38 -32 37 -6 50 -11 41 -5 -43 44 53 -20 56 -13 -42 -1 -15 55 -41 -39 -44 -52 57 -4 -35 -29 -58 -62
right_child=1 8 4 5 7 6 9 22 -10 12 -12 47 26 34 15 33 17 -19 19 20 -22 -23 -24 -25 -26 -27 27 59 29 30 35 -33 -34 58 -36 -37 -38 43 -40 52 48 42 54 -45 -46 -47 -48 -49 -50 -51 51 -53 -54 -55 -56 -57 60 -59 -60 -61 61 -63
leaf_value=-8.8099990128759416 5.4975263880736716 21.719441360055921 16.299964286515266 0.40242728620773988 7.6303017269905515 1.771382968977169 -2.9825111242080555 -0.46105681528850478 29.266510288833921 1.7512342781650696 3.535275254105628 -4.3776131351625427 0.2954673923270496 -0.37560009979182762 -0.3179967743675457 1.9140981342947951 0.86852104626964677 7.9128846936644157 -0.36283833494318873 2.0299996548835191 -1.2202751756719505 0.099734688848909625 19.824720973619552 0.52822594209351958 4.1267814089800554 0.08479391668653033 0.23897799989901172 -1.5015230863987503 -5.9093199912874574 0.53526046733822186 -7.8559663676938847 -0.70452844929533209 2.6970344615805066 0.012286300408965689 9.2539813717059616 0.24243282911241312 0.42735050155394216 -2.2390905729800399 0.99989307317966958 -0.44308081931222121 -0.41259306810033175 1.5580202131046013 -7.8789676149881442 -0.45520484303900788 0.19013472315064769 2.5762597729854226 0.041688242616448573 0.25386972954636983 -7.3532413972050543 -2.5176817407026881 0.17355372351619106 -0.31007762913572423 -6.3466161165284163 0.34456074474737175 -0.11248398566117521 -0.1989261576785494 -4.4778508095755019 -3.7228928942259016 -1.4983863379163138 0.32691929012592352 0.25247349119253576 -1.8394979729871739
leaf_weight=2410 28 22 20 39 20 31 24 20 36 38 29 116 36 148 30 36 28 26 171 29 31 21 27 37 21 35 29 25 174 30 87 83 29 20 23 28 20 58 30 23 24 21 179 78 21 29 30 20 1046 25 20 70 659 21 25 24 369 38 59 20 21 39
leaf_count=2410 28 22 20 39 20 31 24 20 36 38 29 116 36 148 30 36 28 26 171 29 31 21 27 37 21 35 29 25 174 30 87 83 29 20 23 28 20 58 30 23 24 21 179 78 21 29 30 20 1046 25 20 70 659 21 25 24 369 38 59 20 21 39
internal_value=-0.00157363 0.0133449 -0.00175966 -0.00221434 -0.000425871 -0.0017213 -0.00103374 0.000398444 0.0191566 -0.00120962 0.000842455 -0.000662618 -0.00158733 0.000136503 0.000930685 0.00249893 0.00478589 0.00673401 -0.00134355 9.43028e-06 0.00362515 0.00712575 0.00522293 -0.00121468 0.00359202 0.00361331 -0.000335587 0.00263158 -0.00096311 -0.00148543 0.000289455 -0.000172676 0.000631323 0.000104256 -0.00127579 -0.00140747 -0.000233838 -0.000711762 -0.00165354 -0.00232884 -0.00243535 -0.00128361 -0.00191915 -0.00129702 0 -0.00208396 -0.0021814 -0.00209405 -0.00271657 -0.00276457 -0.00207173 -0.000867661 -0.00251136 -0.00182048 -0.00239589 0.00170068 -0.00237734 -0.000361446 -0.00144121 -0.000931265 -0.00264274 -0.00094842
internal_weight=7006 86 6920 5159 1761 2724 1390 926 58 1359 210 181 1149 879 564 234 119 89 835 318 81 50 47 237 45 63 429 74 355 319 145 330 247 115 315 115 218 198 292 720 1334 264 225 178 100 200 517 136 1070 2435 262 114 682 79 204 44 487 58 79 45 429 60
internal_count=7006 86 6920 5159 1761 2724 1390 926 58 1359 210 181 1149 879 564 234 119 89 835 318 81 50 47 237 45 63 429 74 355 319 145 330 247 115 315 115 218 198 292 720 1334 264 225 178 100 200 517 136 1070 2435 262 114 682 79 204 44 487 58 79 45 429 60
is_linear=0
shrinkage=0.03


Tree=59
num_leaves=63
num_cat=0
split_feature=47 16 50 16 15 4 34 37 47 59 4 53 26 54 58 58 65 16 34 41 54 30 33 16 0 46 44 66 16 52 30 24 28 26 51 60 59 32 46 15 22 15 24 1 61 1 42 28 22 59 59 25 21 16 29 59 65 68 25 33 29 23
split_gain=21.6676 6.69637 3.38818 2.33255 2.69591 2.61577 2.52209 2.67848 2.23791 2.17881 1.60098 2.99638 1.97881 1.76002 1.7199 1.31997 1.21928 1.21226 1.15849 1.5074 0.92179 0.897256 0.778458 1.22734 0.711136 0.756943 1.88617 1.08321 0.652231 0.642318 1.02169 0.623213 0.611032 0.5905 0.579765 0.49285 1.24479 0.460952 0.470664 0.424641 0.881373 0.412125 1.62047 0.863761 0.414409 0.606317 0.408694 0.385134 0.538992 0.338755 0.337665 0.262334 0.239564 0.229058 0.48914 0.70629 0.855524 0.326829 0.2921 0.413044 0.571973 0.479509
threshold=3883.5000000000005 -2965.4999999999995 472.58333333333343 1827.0000000000002 5127.8777898442577 13.500000000000002 0.43569701997977367 23354.500000000004 2078.5000000000005 2541.0000000000005 15.500000000000002 1668.5000000000002 74.608623250000022 1677.6458333333337 3762.3333333333335 1897.7916666666667 590.50000000000011 -349.49999999999994 1.3738235404919801 38910.500000000007 2045.979166666667 62.734785678965032 1.943909141653956 -919.99999999999989 84256.500000000015 27880.062500000004 28220.500000000004 2619.479166666667 4627.0000000000009 1664.5000000000002 60.4974570066925 75.980177500000011 1.8056470000000042 82.84859800000001 596.50000000000011 1544.0000000000002 826.50000000000011 49.526910543619756 33921.458333333336 4868.6892618071206 0.050000000000000495 3811.0132534735935 65.536462000000014 1.0750000000000004 236.50000000000003 19.525000000000002 32479.270833333339 6.7199989999999987 -1.8999999999999999 3437.5000000000005 5634.5000000000009 57.341395000000013 4.3791271940498202 97.500000000000014 61.567323831540556 1117.5000000000002 2478.5000000000005 103932.50000000001 59.048847500000008 3.0548272628970201 52.382967676703558 37.081273500000002
decision_type=2 2 2 2 2 2 2 2 2 2 2 2 2 2 2 2 2 2 2 2 2 2 2 2 2 2 2 2 2 2 2 2 2 2 2 2 2 2 2 2 2 2 2 2 2 2 2 2 2 2 2 2 2 2 2 2 2 2 2 2 2 2
left_child=2 -2 24 8 9 15 7 10 18 -5 11 13 14 -7 -12 -6 -10 -3 34 -20 -15 -13 33 31 -1 26 27 -26 49 30 -8 -24 -21 -18 -4 39 -37 -27 41 40 -36 42 43 -39 45 -43 -38 50 -49 -9 -48 -14 -29 -46 58 56 -56 -57 59 60 -55 -62
right_child=1 17 3 4 5 6 29 28 16 -11 12 21 51 20 -16 -17 22 -19 19 32 -22 -23 23 -25 25 37 -28 52 -30 -31 -32 -33 -34 -35 35 36 46 38 -40 -41 -42 44 -44 -45 53 -47 47 48 -50 -51 -52 -53 -54 54 55 57 -58 -59 -60 -61 61 -63
leaf_value=-10.133667395246841 5.3326005964314618 21.067858119254257 3.2422580997132151 11.541196872534453 2.5826837259301554 -1.5066141336358667 0.45187984834189987 -0.55922421549783019 8.9985738157351136 -0.0041179631718414747 0.0063083936908837138 1.3470921113959162 -0.35497498644854358 3.3999517402912276 16.919293888496455 -7.6623405131790925 -1.1550189087374985 28.388514980168896 2.475651541668014 5.1386145125470373 0.12669903364096416 5.0618957661379014 -0.75872320116383996 12.781774175632011 2.0262781223968576 0.25380129227652132 2.8673464030710401 -3.5584858274449629 0.36045981348517997 -0.440222308864265 -0.52452217358490227 1.4020145079632069 -0.28033174638674252 1.7084309176744605 0.55080627994494458 1.9405151999679369 0.66959462375176981 -0.78663346621165464 0.84603720752328671 -6.3332398183337375 -5.7439806579948005 -10.906621792751638 -5.7933916466725996 2.6125108290918591 -5.9614349108842823 0.77090894261388676 -0.63371433640972397 -0.54406723730324713 0.34380840424507608 0.25099240736788669 0.0746073421188196 0.04714997339594966 -3.482277982292084 0.3058619333829185 -2.1014959337597601 0.36891473765128263 1.6834196777373971 -5.4811456695843974 -6.0729838093341826 -6.3569176325358221 0.075618561799960085 -1.9534444777572935
leaf_weight=1451 28 22 20 20 23 25 35 75 21 22 25 21 40 20 29 321 63 36 26 23 21 20 36 23 23 24 21 108 29 158 30 25 76 28 33 20 23 20 24 982 54 22 126 20 1066 20 405 23 28 20 32 21 29 21 20 20 20 65 654 113 28 129
leaf_count=1451 28 22 20 20 23 25 35 75 21 22 25 21 40 20 29 321 63 36 26 23 21 20 36 23 23 24 21 108 29 158 30 25 76 28 33 20 23 20 24 982 54 22 126 20 1066 20 405 23 28 20 32 21 29 21 20 20 20 65 654 113 28 129
internal_value=-0.00160789 0.0133449 -0.00179434 -0.00100998 0.000201025 -0.000137992 0.00110701 0.00271309 -0.00160734 0.0076247 0.00468708 0.00733893 0.0021894 0.00331316 0.00637708 -0.00220575 0.00142274 0.0191566 -0.00194946 0.000815347 0.00715328 0.0137226 0.000582524 0.00267539 -0.00235804 -0.00205433 -0.000165655 -0.00129294 -0.000797744 -0.00137158 0.00110599 0.000392798 -0.000847629 -0.00131723 -0.00216468 -0.00222924 -0.00146865 -0.00219598 -0.0022385 -0.00260406 -0.000551091 -0.0022819 -0.000812764 0.00441396 -0.00239245 0.000498812 -0.00176091 -0.00194837 0.000469667 -0.00201893 -0.00223747 -0.001473 -0.00231948 -0.00245073 -0.00212784 -0.000335732 0.00291771 -0.00190364 -0.00236166 -0.00154586 -0.000623246 -0.00126034
internal_weight=7006 86 6920 2896 955 913 569 346 1941 42 222 107 115 66 54 344 196 58 1745 125 41 41 175 84 4024 2573 181 160 124 223 65 61 99 91 1620 1600 531 2392 2368 1069 87 2344 166 40 2178 42 511 488 51 95 437 61 137 2136 1070 125 40 85 945 291 178 157
internal_count=7006 86 6920 2896 955 913 569 346 1941 42 222 107 115 66 54 344 196 58 1745 125 41 41 175 84 4024 2573 181 160 124 223 65 61 99 91 1620 1600 531 2392 2368 1069 87 2344 166 40 2178 42 511 488 51 95 437 61 137 2136 1070 125 40 85 945 291 178 157
is_linear=0
shrinkage=0.03


Tree=60
num_leaves=63
num_cat=0
split_feature=47 16 47 31 11 48 29 16 11 43 44 10 40 25 26 2 60 10 16 49 61 11 62 11 68 15 36 32 60 68 50 25 38 48 40 49 41 23 16 15 5 22 25 25 56 22 67 11 5 60 37 38 44 26 55 3 17 44 49 41 58 26
split_gain=20.6943 6.31452 3.67313 1.68319 1.63363 2.2456 2.19191 1.46711 1.31447 1.60863 1.86031 1.14605 2.50948 1.37431 1.08344 1.10747 1.01768 0.752756 1.89691 1.49619 1.43714 2.7429 0.78102 1.33035 2.50645 0.829487 1.3162 0.710338 0.693441 1.04843 1.2263 0.957599 0.815312 0.54642 1.07923 0.532492 1.11575 0.783554 0.498691 1.06815 0.49759 0.577749 0.574117 0.867651 0.46938 0.462315 0.377528 0.618487 0.351638 0.314334 0.311933 0.309453 0.308486 0.286785 0.284048 0.221479 0.216299 0.215895 0.184978 0.471834 0.178106 0.572427
threshold=3883.5000000000005 -2965.4999999999995 684.50000000000011 63.400103665018726 138856.00000000003 1985.5000000000002 64.552390020467399 -28.499999999999996 83853.000000000015 28374.000000000004 28039.000000000004 0.74305326206722599 56419.000000000007 71.083855000000014 71.49409016666668 68.619795000000011 3101.5000000000005 0.96386255839173451 5273.5000000000009 220.50000000000003 241.50000000000003 90546.000000000015 2554.1250000000005 97285.500000000015 107616.50000000001 5058.606830397569 13423.500000000002 60.029291537553668 3236.5000000000005 124794.50000000001 954.68750000000011 88.297410000000013 31184.958333333339 563.50000000000011 31721.500000000004 586.50000000000011 38843.000000000007 71.773583000000016 97.500000000000014 5000.4776103620725 1.0000000180025095e-35 0.92500000000000082 66.390552000000028 74.07632000000001 5553.5000000000009 -1.0000000180025095e-35 113072.00000000001 110322.00000000001 1.0000000180025095e-35 3776.5000000000005 8061.0000000000009 29432.020833333336 33847.500000000007 84.965960458333342 11.500000000000002 61.835488954276357 26.125000000000004 31311.500000000004 1509.5000000000002 53918.500000000007 1269.5208333333337 69.222267541666682
decision_type=2 2 2 2 2 2 2 2 2 2 2 2 2 2 2 2 2 2 2 2 2 2 2 2 2 2 2 2 2 2 2 2 2 2 2 2 2 2 2 2 2 2 2 2 2 2 2 2 2 2 2 2 2 2 2 2 2 2 2 2 2 2
left_child=2 -2 7 -3 11 -6 -7 51 33 10 14 28 13 -13 -10 -16 17 18 20 -20 21 -11 25 -24 -25 26 -22 -28 32 30 31 35 38 -9 -35 49 -37 44 52 -40 41 55 -42 -44 -38 -29 50 -48 -31 -30 -27 60 56 57 -15 -41 58 -50 -4 -60 61 -1
right_child=1 3 4 -5 5 6 -8 8 9 16 -12 12 -14 54 15 -17 -18 -19 19 -21 22 -23 23 24 -26 46 27 45 29 48 -32 -33 -34 34 -36 36 37 -39 39 40 42 -43 43 -45 -46 -47 47 -49 53 -51 -52 -53 -54 -55 -56 -57 -58 -59 59 -61 -62 -63
leaf_value=3.2906277175005738 5.172622578538518 25.450813938055934 -3.7380802359306293 27.437854131357458 -0.65509344891539922 -0.70124244626283871 18.833229401044214 -8.3517107706148614 -4.208947810988354 -5.0475419817141463 1.1554525359058498 5.6162196017673462 12.253360334487986 0.34061952749957175 1.6183086633790544 -6.9432088315511047 -5.7245536250643623 -8.9633265831337017 -2.942218410995193 0.85752858345321803 0.74285668606318089 1.7585227582223837 -4.6970305269337018 2.0328214565937923 -0.33310784705008578 -0.19541826533870812 -7.5055897898424888 3.1433046516903156 0.0067035719960691883 1.8677065042949252 5.6093509878050867 0.86473671276025987 16.029572983919824 0.94990136127789127 -6.1857535665319094 2.4283962122827671 -0.44544920151602763 0.48016603422029164 0.1949563663742514 -0.39413615080852887 -0.26257977042890851 0.55668413985035381 0.081032022652865271 -3.5963223771548654 0.0096997590105415421 -0.11589911937915559 0.28703915700687788 -1.5132272680445573 -0.031051997044744963 -1.3503411480726539 -4.2762584603272629 -2.5071215634339481 0.10757211735369478 1.8942655166898918 -2.9369877931926291 0.65093202768220848 0.0044843044062429982 -0.45220308760585531 0.20283884228769641 -1.7310293962309162 -8.7689932887973665 -6.8019347692732834
leaf_weight=20 28 36 426 22 48 22 34 912 76 27 32 33 28 23 24 20 362 215 21 33 30 26 61 21 30 22 90 28 21 25 22 22 20 20 52 24 89 28 20 24 217 22 34 32 29 21 20 54 29 70 527 25 21 20 72 20 30 194 21 41 2182 208
leaf_count=20 28 36 426 22 48 22 34 912 76 27 32 33 28 23 24 20 362 215 21 33 30 26 61 21 30 22 90 28 21 25 22 22 20 20 52 24 89 28 20 24 217 22 34 32 29 21 20 54 29 70 527 25 21 20 72 20 30 194 21 41 2182 208
internal_value=-0.00161645 0.0129965 -0.00179867 0.0186403 -0.000613254 0.00302594 0.0071123 -0.00220271 -0.0017213 -0.00122234 0.00171598 -0.000843643 0.00159513 -0.000163935 0 0.0037415 -0.00150557 -0.00108882 -0.000741767 0.00471349 -0.00105318 0.00372881 -0.00133724 0.000990187 0.00457926 -0.00167024 0.000177409 -0.00103523 -0.00109919 -0.000272205 0.000924286 0.00038149 -0.00160651 -0.00260035 -4.16096e-05 -0.000114899 0.000864197 -0.00010267 -0.001741 -0.000877812 -0.00127184 0.00104387 -0.00182268 0.000590014 -0.0011939 0.00183299 -0.00217622 -0.000121458 -0.00164491 -0.00197585 -0.00244764 -0.00273993 -0.0023261 -0.00199918 -0.00201893 -0.000884354 -0.0024725 -0.00231286 -0.00262446 -0.00101449 -0.00277457 -0.00193336
internal_weight=7006 86 6920 58 1761 104 56 5159 2724 1740 152 1657 156 128 120 44 1588 1226 1011 54 957 53 904 112 51 792 169 139 1501 573 305 283 928 984 72 261 170 146 908 369 349 66 283 66 118 49 623 74 268 91 549 2435 539 243 95 44 518 223 488 62 2410 228
internal_count=7006 86 6920 58 1761 104 56 5159 2724 1740 152 1657 156 128 120 44 1588 1226 1011 54 957 53 904 112 51 792 169 139 1501 573 305 283 928 984 72 261 170 146 908 369 349 66 283 66 118 49 623 74 268 91 549 2435 539 243 95 44 518 223 488 62 2410 228
is_linear=0
shrinkage=0.03


Tree=61
num_leaves=63
num_cat=0
split_feature=47 16 47 0 48 16 41 50 24 26 38 16 28 47 18 47 16 43 42 55 27 14 55 16 43 16 67 1 50 30 56 50 37 46 54 48 28 0 19 17 14 36 56 65 21 24 29 23 65 58 43 66 62 38 3 12 0 22 4 47 47 47
split_gain=18.7571 5.58441 3.48873 1.65082 1.95883 1.63973 1.63057 1.29607 3.16245 1.24858 1.06913 0.953607 0.831177 0.838502 1.06923 1.41011 0.783136 1.12682 1.20042 0.752837 1.1644 0.723931 0.682981 0.743508 0.850101 1.13446 0.787904 0.7032 1.30281 1.84554 0.564436 1.89219 0.554137 0.707088 0.477335 0.457412 0.443295 0.673872 0.421631 0.396388 0.647762 0.389566 0.404561 0.536525 1.20502 1.1252 0.418694 1.39683 0.382096 0.428223 0.332728 0.3249 0.313704 0.309861 0.271383 0.264722 0.262497 0.237676 0.467718 0.231456 0.186146 0.399744
threshold=3883.5000000000005 -2965.4999999999995 684.50000000000011 142185.50000000003 1985.5000000000002 1.0000000180025095e-35 50295.500000000007 852.77083333333337 69.737910000000014 85.898237666666674 30517.645833333336 -4063.4999999999995 4.1554579999999968 2042.5000000000002 22.725000000000005 1309.0000000000002 4724.0000000000009 32396.500000000004 51195.854166666672 5234.5000000000009 12.918224994369973 83619.770833333358 4670.0000000000009 4962.0000000000009 28999.500000000004 1757.5000000000002 91257.500000000015 3.4750000000000005 440.06250000000006 61.75255473737959 1.5000000000000002 209.91666666666671 13388.500000000002 27543.416666666668 1964.6250000000002 184.50000000000003 -9.29359 91258.000000000015 25.475000000000005 26.125000000000004 112169.91666666667 10354.500000000002 8516.5000000000018 635.50000000000011 3.0736071110482204 51.345223000000011 55.214356078094141 61.421256000000007 6168.0000000000009 2077.5416666666674 32481.500000000004 1967.916666666667 2733.9583333333339 29432.020833333336 66.793973993220405 102422.00000000001 112046.00000000001 -1.6499999999999997 12.500000000000002 863.50000000000011 1158.5000000000002 1309.0000000000002
decision_type=2 2 2 2 2 2 2 2 2 2 2 2 2 2 2 2 2 2 2 2 2 2 2 2 2 2 2 2 2 2 2 2 2 2 2 2 2 2 2 2 2 2 2 2 2 2 2 2 2 2 2 2 2 2 2 2 2 2 2 2 2 2
left_child=2 -2 5 10 -5 53 -3 22 -9 19 11 39 16 14 15 21 35 38 -19 54 -21 -14 27 24 25 26 32 28 30 -30 31 -7 -24 -34 36 -13 37 -26 -18 -4 -41 -37 43 44 -43 -46 47 -45 60 55 -16 -32 -38 -1 -10 -50 -51 58 -29 -23 -48 -62
right_child=1 6 3 4 -6 7 -8 8 9 -11 -12 12 13 -15 50 -17 17 18 -20 20 -22 59 23 -25 34 -27 -28 57 29 -31 51 -33 33 -35 -36 41 52 -39 -40 40 -42 42 -44 46 45 -47 48 -49 49 56 -52 -53 -54 -55 -56 -57 -58 -59 -60 -61 61 -63
leaf_value=-8.1184162836104097 5.0174439011823564 15.716977767820785 -3.1410133305508512 -1.1628498706825618 14.341943954115195 -8.1786768787389583 28.272291335910548 0.55098611886797133 -6.1922304969877535 2.0529199012284702 17.61736510216987 0.094092639194081576 0.51188101517154716 3.4713907411573874 -0.38514269214979591 3.655133456173822 5.1824307787276576 0.10486612300131198 8.0434910191577345 -0.12049812474809986 0.30567050688723951 0.38183238052267587 -2.3593588181541651 0.059308116759219084 -10.571553513343849 0.51725928938600585 3.6042011191091574 -5.6747976877295141 1.8890957337237126 -8.768860020409635 0.60409111152673889 4.8416001465031684 -0.11005795972654754 0.75799326458286087 0.41315441341524706 0.14152819399184705 -4.5859938363746098 0.50428557423956633 -0.57606424188743333 0.61365837211569418 -0.10356650089372919 -0.087955133646236125 -0.45393977466077728 -1.3366787550181829 -0.015101588097479916 4.0948135520595574 -3.3294359040287684 0.64495141126481303 0.19201981968515675 -0.16150666458126781 0.0851910485593491 -4.8894055049658247 0.4559576591599942 -2.4319079165309314 -0.38693482013671282 -0.70135251407964894 3.3573179643287046 -7.8703099254860058 0.40494837988100918 -0.57959904526168837 0.0021174873816081825 -0.58676666502549657
leaf_weight=2432 28 20 314 34 35 51 38 32 189 30 37 34 26 21 78 21 23 26 23 20 20 21 125 34 25 21 23 34 20 26 21 27 25 20 22 29 546 25 42 20 58 45 189 47 21 21 164 25 20 23 28 320 21 25 24 67 25 981 20 30 46 168
leaf_count=2432 28 20 314 34 35 51 38 32 189 30 37 34 26 21 78 21 23 26 23 20 20 21 125 34 25 21 23 34 20 26 21 27 25 20 22 29 546 25 42 20 58 45 189 47 21 21 164 25 20 23 28 320 21 25 24 67 25 981 20 30 46 168
internal_value=-0.00161217 0.0122997 -0.00178567 -0.000630289 0.00390738 -0.00217945 0.0176076 -0.00166648 0.00013329 -0.000868952 -0.000817328 -0.000931666 -0.000527275 0.0011195 0.000514453 0.00278287 -0.000887198 0.0014461 0.00488798 -0.0015646 0.00216958 0.00085603 -0.00190524 -0.00123774 -0.00141367 0.000210181 -0.000497152 -0.00229785 -0.00131585 0.00344902 -0.00184682 0.000422534 -0.00121693 0.00159645 -0.00196213 -0.00117844 -0.00211959 0.000538921 -0.00110599 -0.00222647 -0.000268887 -0.00131109 -0.00142841 -0.00107573 0.00110218 0.00477435 -0.00140489 0.00070735 -0.00170727 -0.000310882 -0.00155514 -0.00237467 -0.00235937 -0.00274226 -0.00228062 -0.00158439 0.00193347 -0.00273597 -0.000720888 -0.00117417 -0.00219783 -0.00158337
internal_weight=7006 86 6920 1761 69 5159 58 2702 315 283 1692 1655 1263 225 204 98 1038 114 49 253 40 77 2387 887 853 214 193 1500 465 46 419 78 170 45 639 924 617 50 65 392 78 890 861 672 87 42 585 72 513 135 106 341 567 2457 213 87 48 1035 54 51 378 214
internal_count=7006 86 6920 1761 69 5159 58 2702 315 283 1692 1655 1263 225 204 98 1038 114 49 253 40 77 2387 887 853 214 193 1500 465 46 419 78 170 45 639 924 617 50 65 392 78 890 861 672 87 42 585 72 513 135 106 341 567 2457 213 87 48 1035 54 51 378 214
is_linear=0
shrinkage=0.03


Tree=62
num_leaves=63
num_cat=0
split_feature=47 0 29 39 11 48 29 10 10 15 15 64 55 18 2 56 53 10 47 65 34 41 47 26 38 3 2 56 29 56 26 7 33 69 36 0 7 53 33 42 24 31 51 17 48 56 36 62 4 33 3 68 39 46 11 24 19 51 28 61 55 4
split_gain=18.6878 3.35046 3.23183 2.03425 1.85494 2.2456 2.19191 1.89746 1.45749 1.59026 2.58737 2.59408 1.42765 1.42146 1.5186 1.39019 1.15242 1.14947 1.10504 1.35681 1.30216 0.962314 0.943437 0.835383 0.822315 1.34886 1.56891 1.68446 0.812924 0.769704 1.59119 0.95638 0.758882 0.959474 0.660824 0.643862 0.626465 0.667375 0.614112 0.670277 0.587289 0.482364 0.825691 0.471089 0.836754 1.27658 0.453746 0.328236 0.682687 0.568785 0.772265 0.595366 0.338488 0.308213 0.282293 0.278768 0.314919 0.276628 0.25526 0.378912 0.207394 0.199701
threshold=3883.5000000000005 99405.000000000015 66.909935417343391 70077.000000000015 138856.00000000003 1985.5000000000002 64.552390020467399 0.56392291514228221 0.87900005428953576 7388.1735519044078 13896.228533963103 1380.5000000000002 1536.5000000000002 -8.3749999999999982 82.464025000000007 60.500000000000007 1399.5000000000002 0.74305326206722599 498.50000000000006 413.50000000000006 -0.24012709648586747 33255.000000000007 221.50000000000003 60.361508041666674 16263.583333333334 62.021563620449186 81.543725000000009 1498.5000000000002 60.675692126353717 8392.5000000000018 64.522752104166685 4.5000000000000009 2.6649698902412586 94820.000000000015 13373.000000000002 116647.00000000001 28.500000000000004 715.50000000000011 2.4068730110021943 46392.604166666679 61.691695000000003 66.371568189822042 2777.0000000000005 4.9250000000000016 255.50000000000003 16.500000000000004 14546.500000000002 1875.0833333333335 19.500000000000004 2.3202696243542795 54.017518558900825 88800.000000000015 44781.500000000007 29237.291666666672 124315.50000000001 68.177577000000014 25.575000000000006 600.50000000000011 -2.7884685 1572.5000000000002 10977.000000000002 20.500000000000004
decision_type=2 2 2 2 2 2 2 2 2 2 2 2 2 2 2 2 2 2 2 2 2 2 2 2 2 2 2 2 2 2 2 2 2 2 2 2 2 2 2 2 2 2 2 2 2 2 2 2 2 2 2 2 2 2 2 2 2 2 2 2 2 2
left_child=1 12 3 -2 7 -6 -7 21 9 15 11 -11 43 14 -10 22 -12 -18 19 20 -14 -3 -9 -20 25 34 27 -27 47 30 -25 -32 -33 61 38 57 37 40 39 -23 -37 60 54 44 -1 -46 -47 48 52 -50 51 -51 -21 -31 -43 -15 -57 -26 59 -36 -39 -34
right_child=2 4 -4 -5 5 6 -8 8 13 10 16 -13 18 55 -16 -17 17 -19 23 28 -22 24 -24 29 35 26 -28 -29 -30 53 31 32 33 -35 58 36 -38 41 -40 -41 -42 42 -44 -45 45 46 -48 -49 49 50 -52 -53 -54 -55 -56 56 -58 -59 -60 -61 -62 -63
leaf_value=-8.2608371917026808 25.319287360888055 0.1935485317422331 9.253020561122046 27.412578035819926 -0.60055514932747012 -1.0656771354062282 17.837974200389439 -1.511062554586819 10.568571152363431 0.18771963432007921 -2.9282627368955523 1.1538512232671814 0.37223757432317828 0.14894143523566994 -0.68030943901445728 -5.2539642988520683 -0.1592844108849007 4.4734295247509959 -2.481871589991218 -5.5814965553891156 -7.06546960824123 -4.4379366952979424 7.2887026237440944 1.6315557113398775 -3.5741504527006689 -0.44685816551851704 5.0164760997796245 3.3884833639694643 1.6245643391410711 -1.4080197060053443 2.220125727470319 -0.099781832092241521 -4.0830454882921563 0.66156830899078822 -1.3750009663104166 14.806626978374885 1.5697700882024939 -0.52796162044311312 -0.19305104098144732 0.57751378203739101 -5.284055505563229 0.045825980695585584 1.080624217882352 -8.1533735963231546 1.695065327320441 0.31199541322842467 -5.7606357422698151 -7.2722561985206449 -2.1272193411172631 0.34859650609838111 1.1065375890847515 -4.7549907976349406 0.38230507676712888 0.31687772201918424 -0.46525169100348779 -3.1303891261150101 0.32653270762726572 -5.2805517310201404 -0.78667763910330901 0.089571766592758825 -0.049323846965458468 0.1781253395156055
leaf_weight=377 38 24 27 21 48 22 34 25 25 28 38 22 30 31 24 94 41 38 66 355 30 22 25 21 27 65 21 27 23 53 26 65 20 24 22 20 30 402 58 20 20 20 21 2255 38 23 85 692 54 37 22 34 20 20 41 237 20 677 214 20 27 20
leaf_count=377 38 24 27 21 48 22 34 25 25 28 38 22 30 31 24 94 41 38 66 355 30 22 25 21 27 65 21 27 23 53 26 65 20 24 22 20 30 402 58 20 20 20 21 2255 38 23 85 692 54 37 22 34 20 20 41 237 20 677 214 20 27 20
internal_value=-0.00158648 -0.00175966 0.0122997 0.0162437 -0.000888108 0.00302594 0.0071123 -0.00105725 0.000328652 0.00181292 0.0038061 0.00952096 -0.00226122 -0.00103234 0.00366599 -0.000478835 0.00133219 0.0034134 -0.00154643 -0.00193354 0.00244592 -0.00156403 0.00353293 3.80824e-05 -0.001647 -0.000562781 0.00228117 0.000553745 -0.00214857 0.000843034 0.00192504 0.000851063 -0.000185903 0.00210608 -0.00147431 -0.00204031 -0.00129066 -0.00152422 0.00056943 0.00334917 0.00216958 -0.00181961 0.000255785 -0.00267485 -0.00184668 6.16009e-05 -0.00158187 -0.00225599 -0.00167209 4.07879e-05 0.00148228 -7.1425e-10 -0.00235137 -0.00172367 -0.001473 -0.00184311 -0.00217036 -0.00265445 -0.00228426 -7.12596e-05 -0.00222326 -0.000673317
internal_weight=7006 6920 86 59 2530 104 56 2426 648 311 167 50 4390 337 49 144 117 79 1612 1297 60 1778 50 315 1754 469 113 92 1237 249 176 155 129 64 356 1285 581 551 100 42 40 511 82 2778 523 146 108 1214 522 147 93 71 375 73 61 288 257 704 256 42 429 40
internal_count=7006 6920 86 59 2530 104 56 2426 648 311 167 50 4390 337 49 144 117 79 1612 1297 60 1778 50 315 1754 469 113 92 1237 249 176 155 129 64 356 1285 581 551 100 42 40 511 82 2778 523 146 108 1214 522 147 93 71 375 73 61 288 257 704 256 42 429 40
is_linear=0
shrinkage=0.03


Tree=63
num_leaves=63
num_cat=0
split_feature=47 16 0 0 48 41 16 48 41 28 54 41 19 10 56 55 28 26 65 12 62 11 0 16 24 3 69 53 32 48 49 68 46 47 2 64 39 47 54 35 69 53 35 48 1 35 11 42 63 22 30 53 64 20 1 63 33 26 48 17 22 48
split_gain=18.6762 5.58441 3.22664 1.83098 1.95883 1.63057 1.53177 1.49475 1.37904 1.40244 0.895099 1.40654 2.39969 1.1308 1.72507 2.06813 2.05661 1.45635 0.861363 1.63765 0.700657 0.987819 1.76221 0.63315 0.678417 1.24884 1.0299 0.636191 0.964036 0.622685 0.574641 0.573047 1.53977 0.567418 1.64012 0.49686 0.496769 0.516916 0.576699 1.01944 0.734271 0.895299 0.605812 0.568591 0.485342 0.463004 0.428331 1.14799 0.42053 0.715335 0.452355 0.740844 0.432591 0.398712 0.374893 1.38726 0.360046 0.329563 0.327284 0.488159 0.309211 0.281516
threshold=3883.5000000000005 -2965.4999999999995 99405.000000000015 142185.50000000003 1985.5000000000002 50295.500000000007 5273.5000000000009 319.50000000000006 46551.000000000007 -6.6490900000000002 1073.6458333333335 35765.000000000007 14.125000000000002 0.74305326206722599 29.500000000000004 2981.0000000000005 0.31224099999999672 81.171269875000021 590.50000000000011 89132.000000000015 1336.6041666666667 108916.00000000001 112813.50000000001 -1568.4999999999998 66.870440000000016 57.26393278982615 89608.000000000015 1399.5000000000002 58.016036915327568 350.50000000000006 317.50000000000006 91201.000000000015 29446.270833333339 453.50000000000006 68.619795000000011 7668.5000000000009 42985.500000000007 1518.5000000000002 2004.0625000000002 28212.000000000004 132806.50000000003 2370.5000000000005 29140.500000000004 136.00000000000003 29.975000000000005 12481.000000000002 101806.50000000001 42871.937500000007 551.00000000000011 2.2000000000000011 46.735554734315343 1668.5000000000002 7827.0000000000009 18.694791666666671 2.1750000000000003 4433.5000000000009 2.4277711408237663 83.39505489583334 996.50000000000011 16.375000000000004 -0.9250000000000006 1914.5000000000002
decision_type=2 2 2 2 2 2 2 2 2 2 2 2 2 2 2 2 2 2 2 2 2 2 2 2 2 2 2 2 2 2 2 2 2 2 2 2 2 2 2 2 2 2 2 2 2 2 2 2 2 2 2 2 2 2 2 2 2 2 2 2 2 2
left_child=2 -2 7 6 -5 -3 10 48 -8 -10 46 12 -12 20 16 -16 -15 29 19 -9 21 53 -23 -20 25 31 -27 -28 -29 -17 61 32 35 -11 -35 -25 -32 43 39 40 60 -42 -41 -38 -45 -21 47 -4 49 -1 51 52 -50 -13 55 -26 -24 -40 -56 -60 -39 -22
right_child=1 5 3 4 -6 -7 8 18 9 33 11 13 -14 14 15 17 -18 -19 23 45 30 22 56 24 54 26 27 28 -30 -31 36 -33 -34 34 -36 -37 37 38 57 42 41 -43 -44 44 -46 -47 -48 -49 50 -51 -52 -53 -54 -55 58 -57 -58 -59 59 -61 -62 -63
leaf_value=-7.5393292600803052 4.4258943007365854 14.485889813959524 -3.4125338445587223 -1.1099477200822689 13.376546409480067 26.60174525475864 -1.6751915854338819 0.44740638508340175 6.9779627614032584 -0.59387823011372098 1.761103386785752 0.042493233451562973 -2.0290366227212808 10.87721394865348 -3.8938045979702829 0.09570720026725997 -0.22016377086763647 2.1778532507542128 -4.0715626899579549 -2.9564397952220309 -4.3231305170854375 5.0690917289513289 -0.93607125833282667 -2.3724563355802752 1.5343257458460942 2.6658498681743144 -3.6975201946932987 -4.7002999860713404 0.33264546588467059 -0.51452637866379547 0.64307784926902145 -2.43578142682671 0.6336472573632782 -0.28897448756736449 2.7332140063758663 0.72366834086096221 0.043497183511797051 -0.00062504274455710827 -0.45597967797196953 2.2212671273830407 3.0474576638649178 -0.070932073056462444 0.33330174994253314 -1.2294780531090901 0.020805223412278511 0.20645181948787655 -6.3890881618953292 3.2038533326395755 -7.9264162574607626 0.73713604766626106 -8.5245392807700089 0.62395973359896306 1.1063176909082961 -0.36204507243193113 -4.9059313016785877 -6.5665412080510563 14.002183855675755 0.65938480404910438 -4.6321833891663822 1.323171697062528 -0.29198257811589401 0.10788537041496724
leaf_weight=87 28 20 81 34 35 38 58 24 25 26 23 30 28 20 126 27 21 31 370 43 310 27 26 103 29 20 24 22 27 27 25 162 23 26 28 27 20 35 116 21 20 37 22 414 37 30 439 34 85 20 2812 20 27 137 327 55 22 32 28 25 81 29
leaf_count=87 28 20 81 34 35 38 58 24 25 26 23 30 28 20 126 27 21 31 370 43 310 27 26 103 29 20 24 22 27 27 25 162 23 26 28 27 20 35 116 21 20 37 22 414 37 30 439 34 85 20 2812 20 27 137 327 55 22 32 28 25 81 29
internal_value=-0.00158219 0.0122997 -0.00175532 -0.000899965 0.00390738 0.0176076 -0.00103612 -0.00224756 0.00176579 0.00382493 -0.00123624 -0.000899605 0.00399217 -0.00104896 0.000797302 -0.000284226 0.00642336 0.00331375 -0.00140692 0.00129763 -0.00137395 8.67403e-05 0.00295606 -0.00162064 -0.00117303 -0.000271993 0.00277121 0.00106703 0.00305499 0.000277264 -0.00167125 -0.00118058 0.00011757 0.00183521 0.00360444 -0.0011299 -0.00125218 -0.00137948 -0.000519089 0.000458121 -0.000554593 0.00220665 0.00459397 -0.00203778 -0.00226114 -0.000902873 -0.0022902 -0.000625544 -0.00261545 -0.000728292 -0.00268299 -0.000931114 -0.00190009 -0.00118492 -0.00195863 -0.000107016 -0.000436591 -0.00196489 -0.00235991 -0.000112995 -0.00193799 -0.00272486
internal_weight=7006 86 6920 2530 69 58 2461 4390 163 105 2298 1744 51 1693 252 211 41 85 1339 97 1441 242 75 1242 872 408 93 73 49 54 1199 315 153 80 54 130 860 835 364 216 173 57 43 471 451 73 554 115 3051 107 2944 132 112 167 464 84 48 148 380 53 116 339
internal_count=7006 86 6920 2530 69 58 2461 4390 163 105 2298 1744 51 1693 252 211 41 85 1339 97 1441 242 75 1242 872 408 93 73 49 54 1199 315 153 80 54 130 860 835 364 216 173 57 43 471 451 73 554 115 3051 107 2944 132 112 167 464 84 48 148 380 53 116 339
is_linear=0
shrinkage=0.03


Tree=64
num_leaves=63
num_cat=0
split_feature=47 47 3 41 57 50 15 53 31 0 15 23 38 1 13 0 55 70 28 2 63 31 70 2 54 22 43 28 68 41 70 60 63 38 43 65 50 51 7 31 27 61 22 23 18 34 47 10 22 66 18 39 68 58 7 17 13 54 47 47 65 55
split_gain=18.538 3.48446 3.16598 3.05683 2.02316 2.04446 3.21214 1.6968 1.68802 1.5673 1.73635 1.13411 1.02131 0.98181 1.60767 2.14186 0.956406 1.07097 1.47321 1.15384 1.73634 1.25382 1.73025 1.57647 0.913133 0.85967 1.06322 0.767913 0.887799 2.02547 0.673334 0.673203 0.67358 0.711528 0.659006 0.616607 1.20667 0.616011 0.591633 0.516349 0.434722 0.447226 1.1597 1.82823 0.348503 0.532497 0.339184 0.501792 0.50142 0.31715 0.294697 0.293606 0.281598 0.526134 0.841491 0.615512 0.273441 0.266913 0.441954 0.251176 0.406478 0.238464
threshold=3883.5000000000005 719.50000000000011 67.998069320122383 49876.500000000007 3183.5000000000005 852.77083333333337 15453.207464194269 1284.5000000000002 60.889329973905753 142185.50000000003 18020.251053713586 60.188884500000007 30517.645833333336 2.1750000000000003 86399.000000000015 86730.500000000015 258.00000000000006 85461.625000000015 1.1549899999999946 75.625315000000015 2438.5000000000005 60.519246277482402 110882.95833333336 79.444775000000007 2081.4583333333339 0.72500000000000109 25626.000000000004 -2.5598485000000006 91201.000000000015 33428.000000000007 101623.62500000001 348.50000000000006 6467.0000000000009 28853.895833333336 32340.500000000004 7695.0000000000009 859.58333333333337 580.50000000000011 23.500000000000004 54.478706467425717 18.26311617934493 931.50000000000011 0.09999999999999977 73.816475000000011 21.475000000000005 -0.84994705570369422 1136.5000000000002 0.87900005428953576 -1.1499999999999999 1910.4166666666667 22.475000000000005 49892.500000000007 110609.50000000001 3627.7916666666674 7.5000000000000009 25.475000000000005 93742.000000000015 1716.2500000000002 485.50000000000006 568.50000000000011 2497.5000000000005 10904.000000000002
decision_type=2 2 2 2 2 2 2 2 2 2 2 2 2 2 2 2 2 2 2 2 2 2 2 2 2 2 2 2 2 2 2 2 2 2 2 2 2 2 2 2 2 2 2 2 2 2 2 2 2 2 2 2 2 2 2 2 2 2 2 2 2 2
left_child=1 4 3 -2 13 24 7 -7 -9 12 38 -5 16 14 15 39 35 18 -18 31 21 -21 -23 -24 25 26 -6 28 29 -28 -30 -19 33 52 -25 46 -37 -16 -11 -1 41 42 43 -29 -27 -46 -3 48 -48 -39 -47 -8 53 54 -33 -56 -22 59 -59 -43 -61 -54
right_child=2 9 -4 11 5 6 51 8 -10 10 -12 -13 -14 -15 37 -17 17 19 -20 20 56 22 23 34 -26 44 27 40 30 -31 -32 32 -34 -35 -36 36 -38 49 -40 -41 -42 57 -44 -45 45 50 47 -49 -50 -51 -52 -53 61 -55 55 -57 -58 58 -60 60 -62 -63
leaf_value=-9.8430729115434481 13.452042124246558 -3.6107214924737678 7.0307379403906198 25.826776679049889 1.2060324306371928 -1.104451509179744 -2.5444656489720758 2.1125184465078566 0.016163020188857742 2.6364924723798637 18.354449027084204 23.623422675708298 16.662174359180707 -7.5160883410257631 0.5071208011394156 6.5456012434252653 -0.83004065312652964 0.14102927529341514 0.98371752352510256 -0.16652804532399942 -0.022645872199404789 3.9508920147184803 3.7216088668167977 -0.79275944267417275 0.40763527211341549 -6.6271805556285042 -3.9911723592318973 2.8320680096579252 -5.62633026037346 1.7387324335360774 0.2685183806909629 2.1175244129820192 0.41103642530188467 8.9892391411387873 1.766405934369387 -0.53924717534791455 1.7635652969796933 0.11167698257733771 -4.8709475517889143 2.656412486013783 0.46291417110127114 -5.550239207799021 -6.864621259442738 -9.2163791829739985 0.82494513700979355 0.1666636865800786 0.31892420319535991 3.4774915451779678 -1.7793659464818958 -6.3654102285120153 -1.5638247605979434 0.10080488738502624 -0.28080898472944016 -0.5745043131726566 -1.4498473495729245 0.045746180894102963 -0.86940899657903703 0.29828047540385061 -4.5754266667660293 -4.1739804402868552 0.33209388187504241 0.083058051044777731
leaf_weight=44 22 224 22 22 20 24 57 21 20 26 21 20 37 2523 39 31 21 20 24 36 23 23 20 27 25 595 37 29 73 21 31 24 28 21 32 25 21 20 22 20 21 384 59 24 26 31 31 27 247 739 182 33 431 78 63 39 63 26 26 33 30 22
leaf_count=44 22 224 22 22 20 24 57 21 20 26 21 20 37 2523 39 31 21 20 24 36 23 23 20 27 25 595 37 29 73 21 31 24 28 21 32 25 21 20 22 20 21 384 59 24 26 31 31 27 247 739 182 33 431 78 63 39 63 26 26 33 30 22
internal_value=-0.00153081 -0.0017033 0.0122997 0.0156786 -0.00208406 -0.0012751 0.0020116 0.00709677 0.0108029 -0.000510113 0.00390738 0.0204513 -0.000701886 -0.00251603 -0.00165267 0.00201893 -0.000819694 -0.000253242 0.00425721 -0.000470478 0.00140562 0.00349746 0.00520078 0.00303413 -0.0015815 -0.0016692 -0.000969169 -0.00114469 0.000684762 0.00366609 -0.000951009 -0.00105357 -0.00121088 -0.00140245 0.000507613 -0.00179447 0.00149675 -0.00209372 0.00068607 -0.00107644 -0.00161842 -0.00176731 -2.67625e-05 0.00316384 -0.00234864 -0.00135508 -0.00208656 -0.00141593 -0.00180151 -0.00228428 -0.00185828 -0.00163152 -0.00157967 -0.000632044 0.000547184 -0.000617043 -0.00191638 -0.00215187 -5.75823e-05 -0.00238873 -0.000570524 -0.00199956
internal_weight=7006 6920 86 64 5244 1828 155 65 41 1676 69 42 1607 3416 893 95 1570 995 45 950 224 138 102 79 1673 1648 814 794 162 58 104 726 706 678 59 575 46 798 48 64 632 611 112 53 834 239 529 305 278 759 213 90 657 204 126 102 86 499 52 447 63 453
internal_count=7006 6920 86 64 5244 1828 155 65 41 1676 69 42 1607 3416 893 95 1570 995 45 950 224 138 102 79 1673 1648 814 794 162 58 104 726 706 678 59 575 46 798 48 64 632 611 112 53 834 239 529 305 278 759 213 90 657 204 126 102 86 499 52 447 63 453
is_linear=0
shrinkage=0.03


Tree=65
num_leaves=63
num_cat=0
split_feature=47 48 50 65 11 0 26 70 10 65 57 24 65 31 53 4 27 55 47 59 50 17 46 57 25 46 46 46 65 27 4 33 29 46 28 54 39 17 47 54 30 2 61 0 24 47 32 43 52 53 46 43 26 54 61 1 66 27 51 33 48 0
split_gain=17.6723 3.12289 3.11583 2.10101 1.65567 1.61355 2.60586 1.15538 1.07214 1.70426 0.96651 3.07847 1.15195 2.22451 1.39451 1.42925 0.921505 0.902097 1.09014 1.25048 1.08506 0.773294 1.68739 0.761875 0.77417 1.46949 0.716465 1.35906 1.1438 1.71157 0.721309 0.701824 0.742526 0.554462 0.927487 0.488641 0.480878 0.705366 0.471777 0.644402 0.808062 0.471081 0.433485 1.16647 0.427338 0.410656 0.397063 0.39304 0.366447 1.09676 1.23482 0.663207 0.389549 0.847042 0.356487 0.31502 0.534387 1.1095 0.416442 1.13847 0.30436 0.346789
threshold=3883.5000000000005 311.50000000000006 2563.0416666666674 2429.5000000000005 135995.50000000003 140429.00000000003 70.566900520833357 127515.54166666667 0.56392291514228221 150.50000000000003 9.5000000000000018 71.160437000000016 1546.0000000000002 60.972696023567472 1387.5000000000002 15.500000000000002 4.5675087769815272 1242.0000000000002 498.50000000000006 791.50000000000011 257.43750000000006 21.725000000000005 27880.062500000004 29.500000000000004 89.437815000000015 32487.729166666668 29872.500000000004 29783.729166666668 690.50000000000011 13.35516419758728 22.500000000000004 2.1594341231827876 51.895656819974043 32487.729166666668 0.96068699999999307 1751.9583333333335 41908.000000000007 22.975000000000005 2239.0000000000005 2004.0625000000002 65.992144226213895 63.705346000000013 317.50000000000006 89564.000000000015 64.897453000000013 719.50000000000011 57.377645512525497 29033.500000000004 1690.5000000000002 1948.5000000000002 32405.000000000004 31688.500000000004 64.202881270833345 1305.4583333333337 1434.5000000000002 2.1750000000000003 2643.7708333333335 10.996266441802234 600.50000000000011 2.3967841326836696 1914.5000000000002 119571.50000000001
decision_type=2 2 2 2 2 2 2 2 2 2 2 2 2 2 2 2 2 2 2 2 2 2 2 2 2 2 2 2 2 2 2 2 2 2 2 2 2 2 2 2 2 2 2 2 2 2 2 2 2 2 2 2 2 2 2 2 2 2 2 2 2 2
left_child=1 7 -2 -4 -5 8 -7 17 23 -10 11 -11 13 14 35 -16 -13 55 21 -20 -21 42 -23 60 26 47 27 28 29 -25 -30 -32 -33 45 41 -12 -24 -38 48 40 -40 -35 43 -19 -8 -14 -31 -26 49 52 51 -51 53 -28 -47 56 57 -1 59 -58 -3 -62
right_child=2 5 3 4 -6 6 44 -9 9 10 12 16 33 -15 15 -17 -18 18 19 20 -22 22 36 24 25 -27 38 -29 30 46 31 32 -34 34 -36 -37 37 -39 39 -41 -42 -43 -44 -45 -46 54 -48 -49 -50 50 -52 -53 -54 -55 -56 -57 58 -59 -60 -61 61 -63
leaf_value=-2.7400335674748932 4.7967952717748075 -3.6929086706271956 26.061799395656934 23.526122928217632 6.4813244269289099 13.929390782078185 -2.686102407092323 2.4058166944196766 0.92071407341529643 13.755986102745029 -5.9796268701889428 1.0806917780839937 -5.6504769024063828 -1.1048212304704099 3.5674138396112736 0.055675237090453203 -1.5744019481920486 -6.4914345211342388 0.35754054818692454 0.69654889498143313 -2.0143559713814354 1.8398898298058766 -10.025951192852551 0.74157767656806028 1.1113128961553687 0.49477844321949721 -1.9609677987344272 0.77178371731152962 -0.94156402477483969 -0.72090280210099622 -3.4701595304266681 -2.3008444087650428 1.284839805029997 0.18118832641471461 7.6566807515128676 0.33264382649491253 1.0220041877000803 -0.14939685280981488 -0.4613646682038659 -1.5656382014533596 2.7654757020369614 -3.793585181208603 -7.1497643373776771 0.88451614996928607 1.5757122715342295 -3.0221772169641814 0.46551185851696836 -3.5123442258575754 -0.50047742094292724 0.10096161422903728 -0.97090293971651787 0.68138969844622443 -2.9161346539873092 0.13908010193049086 0.11084030122922367 -8.8178847750270499 3.8794348816259432 5.7736463338624873 -5.5111834078479136 -10.319279486507364 3.4573971885909529 -4.2791365226075184
leaf_weight=32 25 616 20 20 21 29 33 25 21 21 22 23 242 113 30 24 57 48 28 21 81 28 88 20 22 20 71 25 381 24 20 21 22 20 20 23 23 61 21 29 25 83 828 26 29 22 20 31 602 20 25 22 222 30 28 1913 20 24 434 59 29 23
leaf_count=32 25 616 20 20 21 29 33 25 21 21 22 23 242 113 30 24 57 48 28 21 81 28 88 20 22 20 71 25 381 24 20 21 22 20 20 23 23 61 21 29 25 83 828 26 29 22 20 31 602 20 25 22 222 30 28 1913 20 24 434 59 29 23
internal_value=-0.00155222 -0.00172064 0.0119512 0.0156137 0.0115328 -0.00102795 0.00289791 -0.00230911 -0.00114462 -0.000152183 -0.000399671 0.00231454 -0.000841972 0.000947665 0.00423814 0.00748614 -0.000337079 -0.00235293 -0.00168249 0.000899308 -0.000617043 -0.00198984 -0.000284858 -0.00146085 -0.0011153 0.00188782 -0.0012543 -0.000348903 -0.00069081 0.00304212 -0.00123621 0.00171157 0.00389791 -0.00176343 -4.87416e-05 0.000266075 -0.00141197 0.000178358 -0.00170368 0.000559254 0.00279826 -0.00122212 -0.00236448 -0.000121458 -0.000531402 -0.00247518 -0.000204082 -0.000677967 -0.00187784 -0.00114586 0.00232489 0.00548694 -0.00187558 -0.000296737 0 -0.00268442 -0.00204534 0.000695186 -0.00235042 -0.000303414 -0.00232151 -5.75823e-05
internal_weight=7006 6920 86 61 41 3181 91 3739 3090 749 728 101 627 212 99 54 80 3714 1232 130 102 1102 200 2341 1673 73 1600 533 508 64 444 63 43 415 123 45 172 84 1067 75 46 103 902 74 62 292 44 53 992 390 67 42 323 101 50 2482 569 56 513 79 668 52
internal_count=7006 6920 86 61 41 3181 91 3739 3090 749 728 101 627 212 99 54 80 3714 1232 130 102 1102 200 2341 1673 73 1600 533 508 64 444 63 43 415 123 45 172 84 1067 75 46 103 902 74 62 292 44 53 992 390 67 42 323 101 50 2482 569 56 513 79 668 52
is_linear=0
shrinkage=0.03


Tree=66
num_leaves=63
num_cat=0
split_feature=11 38 16 48 16 11 1 55 49 43 56 63 53 43 52 70 65 48 16 11 40 43 60 29 11 63 24 25 33 68 1 51 65 64 64 65 17 48 27 44 57 11 60 11 37 35 29 2 24 23 27 66 46 36 59 5 23 7 59 51 2 13
split_gain=10.6292 9.45788 5.50557 2.89644 1.61091 1.54607 1.39994 0.989407 0.890655 0.884564 1.51959 2.04748 0.878915 1.30521 1.28868 0.806102 0.704576 0.771891 0.629589 0.876468 1.07107 1.15405 0.621216 0.956169 0.610253 1.39932 0.542257 0.492205 0.482146 0.471628 0.480037 0.443471 0.483235 0.632316 0.732793 0.459203 0.430418 0.423912 0.420833 1.0362 1.72322 0.506968 1.29338 0.621534 0.920431 0.417351 0.406955 1.14674 2.55333 0.44184 0.893563 0.398554 0.606317 0.391389 0.38204 1.06366 0.309441 0.346513 0.284206 0.23489 0.277314 1.38369
threshold=151591.50000000003 30517.645833333336 70.500000000000014 319.50000000000006 5397.5000000000009 146437.50000000003 28.125000000000004 3548.5000000000005 211.50000000000003 28999.500000000004 5488.5000000000009 2602.5000000000005 1244.5000000000002 32126.000000000004 1964.5000000000002 127515.54166666667 725.50000000000011 462.50000000000006 -675.49999999999989 83853.000000000015 28970.500000000004 28949.000000000004 309.00000000000006 56.38800655982849 137769.00000000003 551.00000000000011 69.603380000000016 43.286868000000005 3.280292936673725 79613.000000000015 -11.774999999999999 580.50000000000011 991.00000000000011 987.50000000000011 774.50000000000011 8741.5000000000018 22.075000000000006 340.50000000000006 16.680632828717552 31769.500000000004 4273.0000000000009 99180.000000000015 477.50000000000006 101806.50000000001 21698.000000000004 29140.500000000004 52.467800822241124 53.205295000000007 59.620587500000006 82.819155000000009 10.743656528892549 7991.8750000000009 30244.895833333339 8061.0000000000009 5334.5000000000009 2.5000000000000004 67.597910000000013 15.500000000000002 681.50000000000011 1349.5000000000002 41.053168500000005 106499.50000000001
decision_type=2 2 2 2 2 2 2 2 2 2 2 2 2 2 2 2 2 2 2 2 2 2 2 2 2 2 2 2 2 2 2 2 2 2 2 2 2 2 2 2 2 2 2 2 2 2 2 2 2 2 2 2 2 2 2 2 2 2 2 2 2 2
left_child=1 3 8 6 5 7 15 27 -3 10 11 -9 -6 -14 -15 18 -12 -18 45 36 21 -21 23 -11 37 -26 -27 -5 -13 -29 -31 -32 33 34 -33 54 -20 -24 41 40 -40 51 -43 44 -44 -1 47 -39 -49 59 -51 53 -53 -22 -34 -56 57 -35 -45 -48 61 -61
right_child=-2 2 -4 4 12 -7 -8 9 -10 22 16 28 13 14 -16 -17 17 -19 19 20 38 -23 24 -25 25 26 -28 29 -30 30 31 32 35 56 -36 -37 -38 46 39 -41 -42 42 43 58 -46 -47 49 48 -50 50 -52 52 -54 -55 55 -57 -58 -59 -60 60 -62 -63
leaf_value=-8.6341440969173089 21.393510409648442 16.811472555541062 23.230583799814767 0.7563468949935841 -0.49726948074503735 13.779984298847138 0.15696166745217224 2.7964620782280796 -9.7150486744040165 -3.853784836247693 0.38746240104856144 0.53733434868922147 -0.078612719543518506 2.841862424218522 5.8954568492660053 2.4851271614726613 0.29142633130242862 -1.7173045470856889 -8.1890907474002024 2.1930170606052757 0.14100050654810894 -9.9993598466237188 0.15779090850544247 0.36700942292764638 10.091902991690615 -3.0523298218610657 0.8453386823323279 0.74307652232399435 -5.0031515766168502 5.0041888764979054 0.05335230791279081 -0.35030423762216173 -3.3698127210208169 0.11042009542406786 0.12111567382647749 0.56660065539859239 0.17287897656942103 -2.8054258570379251 -0.66863260149476078 -6.6282202357502609 2.0067702708877659 2.4243495304684428 1.8862244544026394 0.23882329212186931 -9.2744220393843602 -1.2991663530496067 -2.0804692665624382 0.52459965775731532 -1.5945656449597874 1.6397123461775083 -0.81211400144442725 1.0238993330301092 -4.1000139666475883 -6.4919681519718351 1.8311353502297805 -0.40893456146152735 -1.8952717137227653 -1.5382000134743525 -2.4955701122883438 -1.0824100202005551 -0.27346833681841126 0.19062585119303871
leaf_weight=1477 26 20 30 20 37 26 21 35 29 23 26 30 33 20 25 24 32 114 949 32 31 20 28 20 32 51 20 21 23 31 23 33 1119 28 28 25 32 57 42 56 21 23 36 21 27 35 220 20 46 33 31 20 22 683 21 40 81 21 214 48 566 28
leaf_count=1477 26 20 30 20 37 26 21 35 29 23 26 30 33 20 25 24 32 114 949 32 31 20 28 20 32 51 20 21 23 31 23 33 1119 28 28 25 32 57 42 56 21 23 36 21 27 35 220 20 46 33 31 20 22 683 21 40 81 21 214 48 566 28
internal_value=-0.00151368 -0.00158551 0.00872313 -0.00170408 -0.00102469 -0.00115896 -0.00226222 -0.00122356 0.00244399 -0.000671567 0.000911187 0.00412032 0.00245004 0.00426376 0.00758315 -0.00230592 -0.000714701 -0.00154004 -0.00234156 -0.00201606 -0.00148305 0.00270633 -0.00101055 0.0025058 -0.00114143 0.00104753 -0.00126582 -0.00177051 0.000338982 -0.00183536 -0.00190125 -0.00198295 -0.00205215 -0.000627944 0.00186579 -0.00227533 -0.00269086 -0.00135364 -0.00166792 0 0.00266244 -0.00185498 -0.00084086 -0.00137873 0.00123613 -0.00281926 -0.00145267 0.000146222 0.0028593 -0.00166829 0.000702027 -0.00228144 0.000498812 -0.00244924 -0.00236166 -7.14085e-10 -0.00182168 0 -0.00209273 -0.00184781 -0.00154649 0.000118265
internal_weight=7006 6980 79 6901 3115 3000 3786 2974 49 1483 260 88 115 78 45 3765 172 146 3741 2229 1248 52 1223 43 1180 103 71 1491 53 1471 1450 1419 1396 191 61 1205 981 1077 1196 119 63 1077 321 298 63 1512 1049 123 66 926 64 756 42 714 1180 61 130 49 235 862 642 76
internal_count=7006 6980 79 6901 3115 3000 3786 2974 49 1483 260 88 115 78 45 3765 172 146 3741 2229 1248 52 1223 43 1180 103 71 1491 53 1471 1450 1419 1396 191 61 1205 981 1077 1196 119 63 1077 321 298 63 1512 1049 123 66 926 64 756 42 714 1180 61 130 49 235 862 642 76
is_linear=0
shrinkage=0.03


Tree=67
num_leaves=63
num_cat=0
split_feature=47 16 47 19 16 16 47 57 25 15 51 15 11 68 19 1 66 63 64 57 16 0 68 62 46 26 52 16 60 15 15 50 59 47 59 18 24 16 28 56 51 49 38 17 22 56 0 38 5 22 61 38 11 47 27 4 22 16 29 65 66 61
split_gain=15.6947 5.17609 4.51656 1.83736 1.67634 1.53653 1.16597 1.65115 2.47845 1.45379 1.31972 3.166 1.13114 1.35724 1.8069 1.5195 0.931546 0.927109 1.14773 0.917389 0.891553 0.808824 0.773721 0.973124 0.763498 0.762789 1.92058 0.744184 0.690536 0.687772 1.05054 0.786863 0.979657 0.785763 0.610544 0.531359 0.527463 0.954523 0.656333 0.521433 0.508976 0.955281 0.958718 0.506527 0.492273 0.449872 0.428988 0.796012 0.427652 0.414368 0.406368 0.398591 0.630995 0.385834 0.368682 0.317088 0.497941 0.310835 0.310105 0.291071 0.278252 0.277286
threshold=3883.5000000000005 -2112.4999999999995 563.50000000000011 -4.8249999999999984 650.50000000000011 -3616.4999999999995 1518.5000000000002 4738.5000000000009 52.713714500000002 18394.631617299332 1854.5000000000002 6132.9283840864573 83853.000000000015 90141.000000000015 20.975000000000005 3.4750000000000005 3141.5833333333335 4406.5000000000009 6219.0000000000009 9669.0000000000018 6490.5000000000009 116647.00000000001 108381.00000000001 2630.9375000000005 32423.208333333336 85.738332000000028 1501.5000000000002 -1500.9999999999998 536.50000000000011 4830.1685052305847 4336.7536972046591 731.18750000000011 431.50000000000006 979.50000000000011 2062.0000000000005 23.725000000000005 68.177577000000014 4459.0000000000009 -10.133934999999999 12.500000000000002 1920.5000000000002 688.00000000000011 12363.750000000002 22.075000000000006 0.37500000000000006 13.500000000000002 138903.50000000003 24534.937500000004 1.0000000180025095e-35 -0.99999999999999967 1225.5000000000002 28101.208333333336 114628.00000000001 329.50000000000006 13.885194065542176 18.500000000000004 -1.1249999999999998 1402.0000000000002 63.33758742312633 150.50000000000003 2900.666666666667 784.50000000000011
decision_type=2 2 2 2 2 2 2 2 2 2 2 2 2 2 2 2 2 2 2 2 2 2 2 2 2 2 2 2 2 2 2 2 2 2 2 2 2 2 2 2 2 2 2 2 2 2 2 2 2 2 2 2 2 2 2 2 2 2 2 2 2 2
left_child=2 -2 4 -3 51 21 20 8 -8 46 11 16 43 14 15 -14 50 18 25 -17 22 -4 23 27 39 36 -27 58 -24 30 34 40 -33 -34 -29 -26 37 38 -15 -23 41 44 -43 53 -31 -30 -9 -48 -47 -12 -10 55 -53 -6 -46 -1 -57 -40 -7 -38 -59 -58
right_child=1 3 5 -5 12 6 7 9 10 -11 49 -13 13 17 -16 19 -18 -19 -20 -21 -22 24 28 -25 35 26 -28 29 45 31 -32 32 33 -35 -36 -37 59 -39 57 -41 -42 42 -44 -45 54 48 47 -49 -50 -51 -52 52 -54 -55 -56 56 61 60 -60 -61 -62 -63
leaf_value=-8.2059818353432838 6.8684102186386893 22.245665924002896 -3.1394501279606848 17.240350034396883 -7.231618539740432 -1.6337548584225785 10.310507291881562 -0.33772370748004821 0.18164331851391927 17.013936264804968 1.1812040222822446 15.082840489557617 1.9681718379041413 0.32180576194790966 0.86085762977841074 -5.5309565291711094 -3.0056254556393318 -6.7064839590348626 0.77972559752491821 0.97689860780843918 5.2293587492515003 0.10633766371702792 6.5291663324441593 1.0779037732180825 1.1870506618571441 -7.4040038430293453 2.1171156614637945 0.51916008885126708 0.12514868958962205 -2.159094641607028 0.58181441109087961 -0.26034321063528254 0.14270058683815284 0.028982907971727267 -1.5458327190785741 0.88162104962841858 0.031794836418981065 0.16460885265719652 0.071539494734874295 -0.33821397874038772 -0.55006131716116946 -1.476444894131564 1.1886144291245893 0.3101738661172867 -1.2331794814205115 0.012122447000173665 4.1382440096056605 -1.5778242724363887 -0.38620177776149595 -0.81131042873568682 0.20486572010580253 3.0246017810267531 -15.108958870626109 -0.023409534046682196 0.60105057525499361 0.37894673783211785 -0.72857283482541702 -2.9592628568179378 0.18113812907414312 -3.9009927762284269 -1.1719673481577346 -5.4753274837172867
leaf_weight=2333 39 23 386 24 647 119 20 140 21 20 21 31 29 21 33 99 40 294 36 20 26 20 22 33 20 43 31 27 31 110 28 21 22 32 26 21 20 38 37 75 78 28 30 25 20 35 26 57 449 53 20 21 28 34 20 21 69 172 21 377 34 309
leaf_count=2333 39 23 386 24 647 119 20 140 21 20 21 31 29 21 33 99 40 294 36 20 26 20 22 33 20 43 31 27 31 110 28 21 22 32 26 21 20 38 37 75 78 28 30 25 20 35 26 57 449 53 20 21 28 34 20 21 69 172 21 377 34 309
internal_value=-0.00147086 0.0112544 -0.0016296 0.0179618 -0.00214416 -0.000485785 -2.95011e-05 0.0012692 0.003246 -0.0003949 0.00214401 0.0042016 -0.00147581 -0.000941516 0.00145776 2.02559e-05 0.00103576 -0.00133805 -0.000808306 -0.00146096 -0.000527121 -0.00190194 -0.00065359 6.82809e-05 6.61271e-05 -0.00105549 0.00182186 -0.000211305 -0.00148576 0.00038679 0.00288533 -0.00016616 0.00255659 0.00471349 0.000338982 0.00350365 -0.00136461 -0.000407151 -0.00105642 -0.00138801 -0.000891297 -0.000100914 0.00314974 -0.002443 -0.00137908 -0.00171229 -0.00110265 0.000577617 -0.00193968 -0.000931175 0.00423358 -0.00262127 0 -0.00259874 0.00142145 -0.00266938 -0.0018642 -0.00150555 -0.00211992 -0.00208512 -0.00196507 -0.00211849
internal_weight=7006 86 6920 47 4771 2149 1627 449 206 243 186 112 1990 1284 181 148 81 1103 809 119 1178 522 1152 615 136 773 74 582 537 442 81 361 75 54 53 41 699 302 264 95 286 208 58 706 150 515 223 83 484 74 41 2781 49 681 40 2732 399 243 140 397 206 378
internal_count=7006 86 6920 47 4771 2149 1627 449 206 243 186 112 1990 1284 181 148 81 1103 809 119 1178 522 1152 615 136 773 74 582 537 442 81 361 75 54 53 41 699 302 264 95 286 208 58 706 150 515 223 83 484 74 41 2781 49 681 40 2732 399 243 140 397 206 378
is_linear=0
shrinkage=0.03


Tree=68
num_leaves=63
num_cat=0
split_feature=47 16 47 19 16 16 10 34 54 35 70 62 16 34 19 50 3 52 47 47 24 1 14 44 63 54 67 52 34 36 16 24 17 54 59 28 36 13 25 61 56 63 30 14 44 0 24 3 1 11 14 28 53 43 60 64 64 4 22 59 64 35
split_gain=14.8373 4.73855 3.55544 2.26669 2.12528 1.75042 1.20181 2.09623 2.38194 1.81161 3.44552 1.62664 1.15047 1.38657 1.36368 1.17221 1.12412 1.11588 1.11123 1.10513 1.31039 0.956169 0.934373 0.723179 1.1839 1.24401 2.53157 0.763046 0.661222 1.35316 0.634491 0.617489 0.685505 0.823816 1.15124 1.50869 0.907609 1.49202 0.58566 0.51918 0.935937 0.655631 1.18637 0.802342 0.503934 0.445502 0.481831 1.01079 0.431991 0.423063 0.582756 0.820043 1.00698 1.38553 0.484879 0.376801 0.687225 0.363205 0.471755 0.337692 0.33181 0.327984
threshold=3883.5000000000005 -2112.4999999999995 445.50000000000006 -4.8249999999999984 -1046.4999999999998 864.50000000000011 0.96386255839173451 -0.24012709648586747 1481.2500000000002 12236.500000000002 100672.66666666669 2134.666666666667 5397.5000000000009 0.65018992782739826 24.825000000000006 231.02083333333334 59.120092208710055 1848.5000000000002 1158.5000000000002 2078.5000000000005 58.298707000000007 23.175000000000001 117481.25000000001 28686.500000000004 4205.5000000000009 1568.3750000000002 88244.000000000015 1964.5000000000002 -0.19224337378198084 27480.500000000004 981.50000000000011 67.25481400000001 3.4750000000000005 926.00000000000011 735.50000000000011 -4.2463999999999933 12991.000000000002 88482.500000000015 50.966982000000009 1490.5000000000002 9.5000000000000018 1846.5000000000002 63.263681648586761 118671.08333333336 33780.000000000007 138903.50000000003 85.733235000000022 63.189451080680989 25.575000000000006 112360.00000000001 90396.062500000015 5.113655500000001 1948.5000000000002 32396.500000000004 635.50000000000011 7012.0000000000009 8121.0000000000009 18.500000000000004 -1.1249999999999998 725.50000000000011 551.00000000000011 29384.500000000004
decision_type=2 2 2 2 2 2 2 2 2 2 2 2 2 2 2 2 2 2 2 2 2 2 2 2 2 2 2 2 2 2 2 2 2 2 2 2 2 2 2 2 2 2 2 2 2 2 2 2 2 2 2 2 2 2 2 2 2 2 2 2 2 2
left_child=2 -2 5 -3 18 57 7 8 16 -10 -11 -12 15 14 21 -6 -7 -13 -4 23 -21 -14 -22 24 25 26 -17 -27 29 38 -29 32 -9 -34 -35 -36 37 -37 48 44 -41 42 -42 60 -20 46 49 -48 -25 50 -30 52 54 -54 -52 -33 -57 61 -59 -40 -44 -1
right_child=1 3 4 -5 12 6 -8 31 9 10 11 17 13 -15 -16 19 -18 -19 39 20 22 -23 -24 28 -26 27 -28 30 45 -31 -32 55 33 34 35 36 -38 -39 59 40 41 -43 43 -45 -46 -47 47 -49 -50 -51 51 -53 53 -55 -56 56 -58 58 -60 -61 -62 -63
leaf_value=-8.1412266662278796 6.6623579120795213 21.578295946282797 -3.2890776198735345 16.723139533364968 1.7939814517289681 -5.0905599423920407 -7.4700729759783613 1.8094795605389706 -0.5589316125723568 1.8427858773767458 -2.4837284791754204 0.33732383181731951 6.3916370155650384 -0.57705191929669208 7.9187811798148626 0.095690162550858771 2.2844080545716392 0.037554525046710252 -3.6379307905671996 13.760168206618713 1.6869857353626878 -0.13494326648237817 -1.5131482863441332 0.39041775313735383 -1.1640139545555535 -2.0690341668483097 2.9328619925022679 -0.12545849960944802 -1.2182750563079583 6.8747507214939869 0.09071838157537826 -6.5158671475942436 -7.4153530349489936 -1.7547416316818147 0.31796209046167639 -1.8074655289097621 -8.6809758017661185 0.4841798427445142 0.017351483019527266 0.58005733818938565 3.3552795862617093 -0.46310025403993066 0.7884722339445337 1.0099504268473765 3.9772904139556888 1.9140797398105325 2.1421520693464062 -3.2070424309962391 -0.11811550837183561 -0.4473282263154959 0.46458970389717003 0.40031813780855541 0.33198292018860753 -3.3351257369972509 -1.1504729795524216 0.75334056742489064 -9.075218266037826 1.2064030414158169 -6.0475370304421743 -0.73886505275855396 -0.10373610345963541 -3.962859104878965
leaf_weight=2270 39 23 595 24 21 131 447 39 46 33 30 21 20 31 22 30 30 21 141 34 20 23 52 20 79 34 20 23 182 32 21 502 132 99 22 24 51 22 37 35 29 138 29 37 24 27 23 23 22 278 23 26 34 23 141 27 33 21 363 97 86 24
leaf_count=2270 39 23 595 24 21 131 447 39 46 33 30 21 20 31 22 30 30 21 141 34 20 23 52 20 79 34 20 23 182 32 21 502 132 99 22 24 51 22 37 35 29 138 29 37 24 27 23 23 22 278 23 26 34 23 141 27 33 21 363 97 86 24
internal_value=-0.00146658 0.0109059 -0.00162093 0.0173248 -0.000723906 -0.00213783 -0.00138413 -0.000907292 0.00122076 0.00393117 0.00610847 0.00237171 4.44249e-05 0.0032154 0.00571429 -0.000183799 -0.00130354 0.00619952 -0.00170452 -0.000299747 0.00262959 0.0025058 0.000291261 -0.000562297 0.00104297 0.00283372 0.00652695 0.000422534 -0.000901731 0.000591061 0.00306122 -0.00160866 -0.00067849 -0.0011054 1.37544e-05 0.00201511 0.000370751 0.00344902 -0.000425895 -0.00068195 -2.54173e-05 -0.000545284 0.000629486 -0.000414202 -0.00207147 -0.00130368 -0.00144204 0.00149675 0.00263658 -0.00163768 -0.00103472 -7.28457e-05 -0.000678427 0.00273205 -0.001883 -0.00224693 0 -0.0026179 -0.00174173 -0.0014094 -0.00166812 -0.00276318
internal_weight=7006 86 6920 47 2532 4388 1710 1263 312 151 105 72 1418 96 65 1322 161 42 1114 1301 106 43 72 1195 207 128 50 78 988 208 44 951 389 350 218 119 97 46 176 519 354 319 181 152 165 780 753 46 42 707 429 247 221 57 164 562 60 2678 384 134 115 2294
internal_count=7006 86 6920 47 2532 4388 1710 1263 312 151 105 72 1418 96 65 1322 161 42 1114 1301 106 43 72 1195 207 128 50 78 988 208 44 951 389 350 218 119 97 46 176 519 354 319 181 152 165 780 753 46 42 707 429 247 221 57 164 562 60 2678 384 134 115 2294
is_linear=0
shrinkage=0.03


Tree=69
num_leaves=63
num_cat=0
split_feature=47 16 47 16 70 47 47 18 60 56 29 33 65 30 59 25 43 15 55 25 65 49 36 61 16 27 6 3 16 30 70 26 56 34 48 25 17 68 2 29 40 58 48 60 63 63 35 34 30 43 33 65 50 47 65 32 18 43 60 24 19 16
split_gain=13.2529 3.92116 3.1934 2.99133 2.26075 1.66554 1.54457 1.17267 1.11972 1.08415 1.56422 1.30538 1.34435 2.04449 1.04269 0.950713 0.935745 1.19525 1.24827 1.2436 0.838712 0.82118 0.909169 1.52782 0.762623 0.800192 1.17582 0.800793 0.691544 1.59519 0.651257 1.29388 0.642902 1.02788 0.630343 0.619579 0.57314 0.631214 1.18031 0.561363 0.557708 0.798474 0.545349 0.537063 0.505389 1.6783 0.536741 0.478854 0.742764 0.459342 0.431026 0.562726 1.23189 0.518694 0.445286 0.405582 0.375125 0.896049 0.855524 0.548828 0.33937 0.294653
threshold=3883.5000000000005 -2112.4999999999995 283.50000000000006 -28.499999999999996 137066.41666666672 2795.0000000000005 1158.5000000000002 -8.3749999999999982 221.50000000000003 2988.5000000000005 59.810924297666482 2.5710720902725712 3294.0000000000005 61.093732408019356 2033.0000000000002 39.363260500000003 32562.500000000004 3964.5251371734398 10904.000000000002 72.14046500000002 413.50000000000006 214.50000000000003 10424.000000000002 2494.0000000000005 6490.5000000000009 13.620675256281347 9.5000000000000018 66.365517971143419 4092.0000000000005 62.459168534789903 84034.666666666672 74.911692833333348 8.5000000000000018 0.10426257140102281 239.50000000000003 73.409282000000019 2.7750000000000004 86092.500000000015 78.941625000000016 65.458665938400756 42237.500000000007 1152.1875000000002 1401.5000000000002 1349.5000000000002 1846.5000000000002 1570.5000000000002 28055.000000000004 -0.084845361514982884 61.886186547413232 28838.000000000004 1.9207672081072118 2671.0000000000005 758.81250000000011 381.50000000000006 690.50000000000011 49.756495652255317 19.875000000000004 28563.000000000004 966.50000000000011 38.149722500000003 23.475000000000005 505.50000000000006
decision_type=2 2 2 2 2 2 2 2 2 2 2 2 2 2 2 2 2 2 2 2 2 2 2 2 2 2 2 2 2 2 2 2 2 2 2 2 2 2 2 2 2 2 2 2 2 2 2 2 2 2 2 2 2 2 2 2 2 2 2 2 2 2
left_child=2 -2 9 6 -3 7 55 14 -9 36 20 12 13 -12 -5 -8 17 -10 21 -20 34 61 23 -23 25 26 28 30 50 -30 31 -27 33 42 -11 -15 37 38 -1 -39 41 -18 -17 -34 45 46 60 48 -32 -46 -24 54 53 -53 -52 -4 -22 58 -58 -59 -45 -19
right_child=1 4 3 5 -6 -7 15 8 16 10 11 -13 -14 35 -16 32 40 18 19 -21 56 22 24 -25 -26 27 -28 -29 29 -31 47 -33 43 -35 -36 -37 -38 39 -40 -41 -42 -43 -44 44 49 -47 -48 -49 -50 -51 51 52 -54 -55 -56 -57 57 59 -60 -61 -62 -63
leaf_value=-5.2677320539044343 6.4624871747171326 14.73033999255232 0.15589847423876207 9.4361408185408511 22.28377932028101 15.469456278864511 5.5960509843924378 0.28084303673310856 3.9923639340951231 -8.50107161531737 2.1794151231609287 -4.8033663451538633 -4.421192131865288 1.8452919147463751 -0.19230606448500748 -3.2989088336183103 0.59148139180835313 0.021112808368849264 -0.033534967092901401 2.1243927113821082 -8.1125517897208255 0.85480119126014886 -0.3675386054815975 -4.1038721459567462 2.3491500818542677 0.39884571600238305 0.12118298302483256 2.2505737956978615 2.0909191322468232 -0.13967842161236413 0.096081015791168206 -1.5770540569258633 -2.2132668125245534 0.47552473402772666 0.2184720327286622 -8.0376118981905798 -7.9534645551075478 -8.5766085995015686 2.9395312423339566 1.7863493981368739 -2.3918122424585668 -4.2466677170998359 0.32267789734627716 0.0255641989567119 0.97164332849954482 1.9149352920384282 0.383622676290304 -0.78775717683015201 -0.27078850095292539 -0.7925237842711006 0.015940427535628229 1.1832855935704734 4.3696769941086941 -0.97922350987581419 -0.26366951583018389 -3.7317491263253051 -7.1398262080443464 0.13193777468803264 1.5418689030872392 -4.2862600531655533 -0.2190275568477193 -2.3996502227708763
leaf_weight=36 39 24 30 39 23 25 20 22 25 27 39 45 25 20 27 35 21 23 21 20 693 24 130 22 21 25 38 26 21 38 32 28 120 24 32 23 1778 522 21 31 251 46 25 27 23 25 38 256 68 155 24 20 25 67 57 1106 20 20 20 248 103 147
leaf_count=36 39 24 30 39 23 25 20 22 25 27 39 45 25 20 27 35 21 23 21 20 693 24 130 22 21 25 38 26 21 38 32 28 120 24 32 23 1778 522 21 31 251 46 25 27 23 25 38 256 68 155 24 20 25 67 57 1106 20 20 20 248 103 147
internal_value=-0.00148371 0.0102091 -0.0016296 -0.0009569 0.016051 -1.51036e-05 -0.00181965 -0.000140017 -0.000314399 -0.0022491 -0.00151225 0.0013215 0.00313725 0.00500609 0.00376702 -0.000574694 -0.000416639 -1.81339e-05 -0.000164152 0.0049635 -0.00192152 -0.000359858 -3.25416e-06 0.00409978 -0.000222578 -0.00036487 0.000564151 -0.00126867 5.49587e-05 0.00304568 -0.00159863 0.00146893 -0.000803339 0.00160523 0.00152284 0.000417633 -0.00262175 -0.00181446 0.00115587 -0.0021262 -0.00185791 0.000536512 -0.000449252 -0.00122175 -0.000646727 0.000403935 -0.000660322 -0.00206403 -0.000269731 -0.00180236 -0.000482823 0.000403935 0.00179304 6.88856e-05 -0.00147966 -0.00246897 -0.00212766 -0.00123661 0.00291771 -0.00186871 -0.00159108 -0.00227513
internal_weight=7006 86 6920 3320 47 1589 1731 1564 1498 3600 1212 152 107 82 66 595 1476 1158 1133 41 1060 1092 922 46 876 855 420 435 382 59 409 53 575 84 59 43 2388 610 57 553 318 67 60 491 371 193 168 356 100 178 323 193 112 87 81 1136 1001 308 40 268 130 170
internal_count=7006 86 6920 3320 47 1589 1731 1564 1498 3600 1212 152 107 82 66 595 1476 1158 1133 41 1060 1092 922 46 876 855 420 435 382 59 409 53 575 84 59 43 2388 610 57 553 318 67 60 491 371 193 168 356 100 178 323 193 112 87 81 1136 1001 308 40 268 130 170
is_linear=0
shrinkage=0.03


Tree=70
num_leaves=63
num_cat=0
split_feature=47 16 47 4 70 54 17 46 53 41 13 57 17 54 57 38 60 17 58 11 26 38 21 48 15 58 30 37 32 32 51 34 27 26 7 70 65 12 12 18 31 65 50 60 56 7 48 60 60 53 4 66 22 33 2 12 65 25 15 15 4 21
split_gain=13.2141 3.92116 3.61613 2.74049 2.26075 2.16854 1.28106 1.52819 2.19804 1.73053 1.80816 1.33589 1.26152 1.88195 1.24223 1.32328 1.53598 1.31659 1.13994 1.03554 1.95684 1.07291 0.869458 1.31623 0.840559 2.13891 0.725204 0.724665 0.71302 1.25459 1.08742 0.69205 1.32527 0.674406 0.580366 0.572136 1.08861 1.2939 0.532175 0.502241 0.833765 0.497513 0.810287 0.533398 0.447804 0.494227 0.477825 0.893618 1.5042 0.392863 0.379971 0.378544 0.913763 0.326545 0.299137 0.298522 0.297782 0.280306 0.271236 0.269354 0.263857 0.225692
threshold=3883.5000000000005 -2112.4999999999995 993.00000000000011 13.500000000000002 137066.41666666672 879.62500000000011 16.125000000000004 32436.500000000004 1347.5000000000002 53564.500000000007 108495.00000000001 4872.5000000000009 2.7750000000000004 1784.3541666666667 10755.000000000002 12898.333333333334 332.50000000000006 21.275000000000002 3828.7708333333335 138856.00000000003 69.595938375000017 30517.645833333336 4.1651685941574135 493.50000000000006 4527.7829600561345 1864.4166666666667 66.132114683232174 10631.500000000002 61.214329269409305 61.698128529323334 591.50000000000011 1.6120772149681069 12.277440880026136 87.739548854166671 16.500000000000004 99035.229166666686 1719.5000000000002 111627.50000000001 81759.000000000015 20.475000000000005 50.632485171128089 7695.0000000000009 859.58333333333337 983.50000000000011 5.5000000000000009 28.500000000000004 1031.5000000000002 3494.0000000000005 4268.5000000000009 1985.0000000000002 8.5000000000000018 7462.666666666667 -0.69999999999999973 2.468701751846027 61.009624000000009 86358.500000000015 173.50000000000003 90.86061500000001 16319.050998973231 18625.288607118473 10.500000000000002 3.2519719367261231
decision_type=2 2 2 2 2 2 2 2 2 2 2 2 2 2 2 2 2 2 2 2 2 2 2 2 2 2 2 2 2 2 2 2 2 2 2 2 2 2 2 2 2 2 2 2 2 2 2 2 2 2 2 2 2 2 2 2 2 2 2 2 2 2
left_child=2 -2 3 12 -3 51 24 8 22 10 11 -10 13 18 15 27 -17 -18 28 21 -21 31 38 -24 25 -7 58 -13 -1 -30 -31 33 -33 41 -34 -9 61 -38 -8 -26 -41 43 -43 54 -45 46 47 49 -49 -46 -32 -5 -53 -47 -4 -27 -48 59 -22 -58 -52 -37
right_child=1 4 19 5 -6 6 7 35 9 -11 -12 14 -14 -15 -16 16 17 -19 -20 20 26 -23 23 -25 39 55 -28 -29 29 30 50 32 34 -35 -36 36 37 -39 -40 40 -42 42 -44 44 45 53 56 48 -50 -51 60 52 -54 -55 -56 -57 57 -59 -60 -61 -62 -63
leaf_value=-5.6487946462997574 6.2686125594756117 14.288429792775753 -0.051132484124035663 -7.310885364525098 21.61526594067259 2.4309072594179875 0.2222824665567518 -5.2733001205360823 1.2289234605117165 -0.65091611368717961 0.33826193747481109 0.49537833440498835 -6.1154749151083694 4.9319247769854613 0.33954140149093515 1.866713582523861 0.25739607487731875 -1.3942017728506226 5.3824212328642664 13.692272133234507 0.26065238320888012 14.063298287102693 0.8587597393397598 -3.0276897943721672 -3.2849548131252879 0.19004835327406669 8.22744310738236 -2.3038927066633597 3.4209326782718441 5.6793303078148583 -8.4929011781898804 4.7655192239449153 -0.40001351045611055 2.678394097569825 0.45177488617617834 -2.5568297008986596 1.1583535907336155 -4.1232464067865795 -3.0800346306866251 -6.5501243554825503 2.1585774687610457 -0.58578616386017546 0.44555954056458152 0.11685372168480623 -1.0230451770744946 1.7312021762648624 0.032974502099652005 4.826307022927848 -0.17249628805194134 0.017735583682082508 0.79726319869494922 1.0184897012908161 -4.706021554426834 -0.14328601009146555 -1.7074198686826991 -6.4785545891878931 -0.23259296069264362 0.068465355865018257 -2.4804476674538121 0.061944394498010084 -2.7731112422867881 -0.047632913311932777
leaf_weight=510 39 24 42 553 23 22 29 146 39 64 38 39 2666 24 20 25 29 40 22 25 20 34 36 35 428 20 22 85 22 22 115 20 31 25 23 71 23 22 229 26 22 27 28 30 87 23 26 25 38 23 20 25 96 23 166 48 385 29 37 20 26 74
leaf_count=510 39 24 42 553 23 22 29 146 39 64 38 39 2666 24 20 25 29 40 22 25 20 34 36 35 428 20 22 85 22 22 115 20 31 25 23 71 23 22 229 26 22 27 28 30 87 23 26 25 38 23 20 25 96 23 166 48 385 29 37 20 26 74
internal_value=-0.00146658 0.0102091 -0.00161226 -0.00192783 0.016051 -0.00112035 -0.000519844 0.000100564 0.000893941 0.00245318 0.00337036 0.00251173 -0.00246506 -0.00137958 0.00165057 0.000976616 0.00366631 0.00130246 -0.00165242 -0.000119098 0.00273775 -0.000390916 -0.000893346 0.00202532 -0.00166932 0.000965593 0.000379266 -0.00103949 -0.00186268 -0.000351049 -0.00117968 -0.000560173 0.00222672 -0.000770234 -0.000166359 -0.00156204 -0.000457655 0.00359202 -0.00170864 -0.00217391 0.00068607 -0.000898056 0.00185118 -0.00106641 -0.000668454 -0.000830512 -0.00105197 0.000277296 0.00313788 -0.00133515 -0.00204842 -0.00255007 -0.000990917 0.0021475 -0.0024075 -0.00162996 -0.00155836 -0.00174845 -0.00136603 -0.00195507 0.000195227 -0.00173673
internal_weight=7006 86 6920 5711 47 2284 1610 1044 708 379 315 277 3427 761 238 218 94 69 737 1209 104 1105 329 71 566 90 79 124 715 205 183 1071 74 997 54 336 190 45 258 476 48 972 55 917 709 679 633 173 63 110 161 674 121 46 208 68 460 434 57 405 46 145
internal_count=7006 86 6920 5711 47 2284 1610 1044 708 379 315 277 3427 761 238 218 94 69 737 1209 104 1105 329 71 566 90 79 124 715 205 183 1071 74 997 54 336 190 45 258 476 48 972 55 917 709 679 633 173 63 110 161 674 121 46 208 68 460 434 57 405 46 145
is_linear=0
shrinkage=0.03


Tree=71
num_leaves=63
num_cat=0
split_feature=47 16 48 70 16 62 59 65 40 27 12 47 18 59 3 16 53 48 36 58 21 0 16 47 69 64 30 13 34 3 15 63 34 25 64 30 1 26 39 18 62 11 25 53 66 34 27 59 2 62 6 1 1 12 11 47 31 35 27 54 3 63
split_gain=13.2432 3.92116 3.39686 2.26075 1.92069 1.74357 1.75053 1.25666 1.14125 1.77611 1.98658 1.21168 0.980421 0.925198 0.869927 0.869411 1.04213 1.21779 1.14501 2.67445 1.19981 0.841837 0.991084 0.880869 1.13494 1.19954 0.797922 0.775975 0.774264 1.1446 0.971601 0.698402 0.685325 0.54387 0.50035 0.459309 0.447126 0.439286 0.424362 1.40559 2.00407 0.667737 1.08869 0.41735 0.825408 1.01688 0.397777 0.384162 0.492125 0.368257 0.365565 0.694652 0.357459 0.430989 1.10573 1.3955 0.419171 0.340752 0.335658 0.335577 0.606289 0.300891
threshold=3883.5000000000005 -2112.4999999999995 319.50000000000006 137066.41666666672 4535.5000000000009 2251.6041666666674 1328.5000000000002 1633.0000000000002 31340.500000000004 9.6616699766538563 83247.000000000015 1836.5000000000002 27.775000000000002 1072.5000000000002 64.552390020467399 406.50000000000006 1473.5000000000002 374.50000000000006 13635.500000000002 2969.3333333333335 3.4469974167722364 86391.500000000015 -675.49999999999989 549.50000000000011 104403.00000000001 5472.5000000000009 46.735554734315343 80006.000000000015 0.99232538737182463 66.668401477669406 18394.631617299332 2864.5000000000005 0.083259223702384602 90.653508000000002 192.50000000000003 65.054165685307382 22.925000000000001 50.723711625 41389.500000000007 19.775000000000002 1694.8958333333335 92004.500000000015 85.828678000000011 2274.0000000000005 1164.604166666667 0.28261239758228746 11.696794712647344 782.50000000000011 53.992355000000011 1020.0416666666669 8.5000000000000018 20.575000000000006 -8.3749999999999982 99751.000000000015 90693.500000000015 307.50000000000006 55.655204753984712 29899.000000000004 13.726523167162513 1909.104166666667 61.327146405491554 9020.5000000000018
decision_type=2 2 2 2 2 2 2 2 2 2 2 2 2 2 2 2 2 2 2 2 2 2 2 2 2 2 2 2 2 2 2 2 2 2 2 2 2 2 2 2 2 2 2 2 2 2 2 2 2 2 2 2 2 2 2 2 2 2 2 2 2 2
left_child=2 -2 12 -3 8 32 14 -8 9 -4 -11 15 21 -12 -7 37 52 -18 19 -19 31 36 49 26 25 -25 -24 -28 30 -30 33 -21 -6 47 -29 50 -1 -10 39 41 -41 -39 46 59 -45 -46 -43 -13 -49 -23 61 -52 -17 54 -54 -56 -57 -51 -47 -20 -61 -36
right_child=1 3 4 -5 5 6 7 -9 11 10 13 28 -14 -15 -16 16 17 18 43 20 -22 22 23 24 -26 -27 27 34 29 -31 -32 -33 -34 -35 35 -37 -38 38 -40 40 -42 42 -44 44 45 58 -48 48 -50 57 51 -53 53 -55 55 56 -58 -59 -60 60 -62 -63
leaf_value=-7.3851676486104907 6.0805541826913467 13.859776898992481 -4.1615263431162202 20.96680796245241 0.26405520086230672 0.17446044448489176 6.7401491224014149 11.076972883784137 0.3471426854865054 1.3656633411493528 -3.2170447905371247 2.3475782260043485 0.12492440653105039 0.60804296603867392 -1.3351251040175012 2.5633341054605738 0.40806493208251138 0.27004225435220747 -0.2392578491265257 0.71747540694644418 -1.5591141089436449 0.38786049913983245 0.46753266965067247 1.879490650099306 -0.30756808909377709 -1.8897772538284807 1.6328792126117186 0.078134144771978845 4.1736714020590888 -0.19468273656789289 2.1320405736598516 -0.8895438696020932 -0.41039815992416673 0.12935004074308065 -5.0219540410095895 0.83386520251099616 0.20421793769501331 -3.9662580292873049 -1.7379235251841472 -6.1991891684743186 2.1780843707902671 -5.1412844280230834 2.5628090126713752 -0.25350847569425605 0.66221388313537721 -0.42807029155183418 0.25991772505035421 4.6725085939136113 -0.67533201672297194 -7.221176834446343 -4.1678554778758299 1.035448063302042 -3.4871535474053665 -2.9059864628790906 1.2744321605792921 0.24060971194847974 -1.8412783120716456 -0.97576128806379581 0.015676661428369765 -0.15559642236166868 0.063090510241101141 0.98551846316504799
leaf_weight=1828 39 24 42 23 35 32 20 28 34 24 24 30 20 20 27 25 35 34 160 22 95 21 20 37 65 21 21 20 31 28 30 20 93 22 841 32 31 266 826 21 23 74 37 52 33 29 28 31 178 702 50 33 172 274 25 30 35 24 24 35 30 20
leaf_count=1828 39 24 42 23 35 32 20 28 34 24 24 30 20 20 27 25 35 34 160 22 95 21 20 37 65 21 21 20 31 28 30 20 93 22 841 32 31 266 826 21 23 74 37 52 33 29 28 31 178 702 50 33 172 274 25 30 35 24 24 35 30 20
internal_value=-0.00147943 0.0102091 -0.00162527 0.016051 -0.00089308 0.00170991 0.00453781 0.00879418 -0.00110517 0.00188011 0.00488987 -0.00122405 -0.00223053 0.00102041 0.00101523 -0.0014612 -0.000846828 5.27141e-05 -0.000297698 0.00171829 -0.000131292 -0.00226627 -0.00181847 -0.00126455 0.00112104 0.00418244 -0.00155048 -0.00166945 0.000419879 0.0035533 -0.000206115 0.00406176 -0.000632319 -0.00080429 -0.00179199 -0.00189018 -0.0027239 -0.00198915 -0.00207984 -0.00132265 0.0037415 -0.00188102 -0.000172538 -0.00125585 2.17227e-05 0.00184669 -0.00179236 -0.00122961 -0.00169297 -0.00267434 -0.00201144 -7.22029e-05 -0.00176439 -0.00193061 -0.00104159 0.00163152 -0.000645162 -0.00278887 -0.000677967 -0.00205242 -0.000184333 -0.00219487
internal_weight=7006 86 6920 47 3134 235 107 48 2899 110 68 2789 3786 44 59 2439 1130 569 534 171 137 3766 1907 1160 123 58 1037 1017 350 59 291 42 128 261 996 976 1859 1309 1275 449 44 405 139 363 138 86 102 239 209 747 944 83 561 536 262 90 65 726 53 225 65 861
internal_count=7006 86 6920 47 3134 235 107 48 2899 110 68 2789 3786 44 59 2439 1130 569 534 171 137 3766 1907 1160 123 58 1037 1017 350 59 291 42 128 261 996 976 1859 1309 1275 449 44 405 139 363 138 86 102 239 209 747 944 83 561 536 262 90 65 726 53 225 65 861
is_linear=0
shrinkage=0.03


Tree=72
num_leaves=63
num_cat=0
split_feature=47 16 0 70 16 50 36 47 47 46 38 14 51 54 10 36 4 47 39 48 23 41 58 59 46 57 58 47 45 49 18 42 50 62 36 26 45 24 47 30 46 20 4 46 49 63 44 22 16 67 30 39 14 39 40 49 12 23 31 31 12 60
split_gain=12.4001 3.54132 3.25251 2.72867 2.69181 1.76569 1.82727 1.35572 1.26645 1.07897 0.94082 1.13213 0.887449 1.51189 1.29032 2.04677 1.22827 1.82269 2.2106 1.19796 1.06641 0.882902 1.23743 0.865008 1.24798 1.73558 1.58744 1.73594 1.44526 0.89169 0.814296 0.768218 1.24138 0.855731 0.730947 0.70324 0.669127 0.797514 0.613774 0.606865 0.817413 0.863761 0.604996 0.982288 0.977041 0.568773 0.878128 0.430922 0.410492 0.845807 0.397111 0.745221 0.382297 0.37692 0.469114 0.638256 0.567311 0.752283 0.36499 0.44711 0.474133 0.342422
threshold=3883.5000000000005 -2112.4999999999995 85931.500000000015 137066.41666666672 36.500000000000007 633.33333333333348 11058.000000000002 1158.5000000000002 2795.0000000000005 28446.604166666672 16263.583333333334 97461.333333333358 1329.5000000000002 2114.1250000000005 0.56392291514228221 26993.000000000004 13.500000000000002 537.50000000000011 45830.500000000007 996.50000000000011 59.048847500000008 58572.500000000007 3820.541666666667 2905.5000000000005 30485.687500000004 17.500000000000004 3876.0416666666674 630.50000000000011 31634.500000000004 1249.0000000000002 -9.0249999999999986 33402.979166666672 458.27083333333343 966.89583333333337 27948.500000000004 70.10073260416668 29136.000000000004 51.132110000000004 1914.5000000000002 65.054165685307382 32423.208333333336 -6.0062499999999988 20.500000000000004 28446.604166666672 338.50000000000006 150.50000000000003 32469.500000000004 2.024999999999999 505.50000000000006 91810.500000000015 61.093732408019356 47627.500000000007 118253.31250000001 41281.500000000007 43073.500000000007 549.50000000000011 93563.500000000015 67.251952000000003 66.81267779204066 64.352741778502875 133834.50000000003 4962.5000000000009
decision_type=2 2 2 2 2 2 2 2 2 2 2 2 2 2 2 2 2 2 2 2 2 2 2 2 2 2 2 2 2 2 2 2 2 2 2 2 2 2 2 2 2 2 2 2 2 2 2 2 2 2 2 2 2 2 2 2 2 2 2 2 2 2
left_child=2 -2 42 -3 7 23 -7 31 9 -8 11 36 47 14 19 16 35 18 -18 20 -14 -21 -23 24 25 -6 28 -28 29 48 -26 32 -4 -33 50 -16 -9 -38 -12 -40 58 -42 -1 44 -44 46 -32 52 49 -27 51 -15 -11 -47 55 56 -55 -58 59 -41 -61 -25
right_child=1 3 4 -5 5 6 8 10 -10 12 38 -13 13 34 15 -17 17 -19 -20 21 -22 22 -24 61 30 26 27 -29 -30 -31 45 33 -34 -35 -36 -37 37 -39 39 40 41 -43 43 -45 -46 53 -48 -49 -50 -51 -52 -53 -54 54 -56 -57 57 -59 -60 60 -62 -63
leaf_value=-6.851590089935085 5.8981375572106094 13.443983592022716 -3.5402727902870752 20.337803723578837 3.1714672766860343 0.52093370276567297 0.37023135583713673 0.99322136329479194 14.817052071689812 -0.98602513213058185 -0.87097434248594985 2.0438132023217253 0.83990045215173004 -0.31864173984519234 3.3743595401881521 9.450362288117347 0.067533153237771218 -0.062715403991297908 1.7815064288956892 -0.23513445766038377 -0.030306043713388388 -0.033354579620244885 4.0986242771243129 -3.5274770698891911 2.7751070788988312 -4.3224220289406396 0.69589697273137507 -1.0601553920905826 1.0651422597604896 0.12930242721158999 0.37604791157050765 0.36038506628875216 1.3383231564421725 -4.7226468359636407 4.5323344512594375 -5.0069756297933328 0.48301456804370663 -0.47296199767623681 -1.1499774758323729 -1.8584070216698785 -0.18110906868589627 1.2416943241354221 -1.0166730068307912 -6.0978124904460271 1.1622891571553653 -6.5206066353759287 -7.7603057747628768 1.1814190813518242 -3.183625170346799 2.8857011844041804 -0.48936414845465787 0.039411822584112764 0.012113609025621268 -2.7431787611349017 -2.495119581867685 0.56068237832596923 0.26344422001411383 -2.4838720917249684 -0.98899856802493025 -0.0012051626937169288 1.7324260504079458 -0.24468214505178298
leaf_weight=2080 39 24 52 23 31 26 36 35 23 161 209 27 21 27 20 21 22 22 20 144 20 40 21 300 26 31 27 20 21 33 24 34 21 1575 21 49 20 87 55 22 20 20 35 74 29 244 20 23 182 23 180 24 31 63 292 36 26 31 39 31 20 53
leaf_count=2080 39 24 52 23 31 26 36 35 23 161 209 27 21 27 20 21 22 22 20 144 20 40 21 300 26 31 27 20 21 33 24 34 21 1575 21 49 20 87 55 22 20 20 35 74 29 244 20 23 182 23 180 24 31 63 292 36 26 31 39 31 20 53
internal_value=-0.00144945 0.00986063 -0.00159058 0.015414 -0.00114268 -0.000448442 0.000557714 -0.00188699 0.000333657 0.000152806 -0.000635789 0.00124187 -5.53577e-05 0.000492255 0.00164209 0.00379624 0.00238918 0.00538221 0.00904988 0.000280373 0.0049635 -0.000643589 0.00235679 -0.00109635 -0.00068755 0.000741646 0.000106793 0.00522293 -0.000713548 -0.0013155 -0.00138171 -0.00232031 0.000656634 -0.00245727 -0.00132091 -0.000347323 0.000147783 -0.0010084 -0.00140591 -0.000231773 0.000729782 0.00441396 -0.00253866 -0.000586532 0.00210608 -0.00156908 0.00170068 -0.00172943 -0.00196951 0.000277264 -0.0018174 0.000469667 -0.00220198 -0.00178154 -0.00125195 5.76546e-05 -0.000974189 0.00115587 -0.000561999 0.000656634 0.00223092 -0.00239592
internal_weight=7006 86 6920 47 4702 2435 952 2267 926 903 585 169 867 652 400 154 133 64 42 246 41 205 61 1483 1130 368 337 47 290 269 762 1682 73 1609 252 69 142 107 416 207 152 40 2218 138 64 736 44 215 236 54 231 51 192 692 448 156 120 57 112 73 51 353
internal_count=7006 86 6920 47 4702 2435 952 2267 926 903 585 169 867 652 400 154 133 64 42 246 41 205 61 1483 1130 368 337 47 290 269 762 1682 73 1609 252 69 142 107 416 207 152 40 2218 138 64 736 44 215 236 54 231 51 192 692 448 156 120 57 112 73 51 353
is_linear=0
shrinkage=0.03


Tree=73
num_leaves=63
num_cat=0
split_feature=47 55 16 31 54 20 27 46 17 15 15 40 21 13 66 30 34 52 44 16 16 50 49 30 27 44 14 47 36 34 50 39 45 26 46 47 70 70 36 50 26 20 41 49 11 66 22 61 56 34 15 45 62 12 34 13 30 64 1 63 36 62
split_gain=10.9468 3.15379 2.8757 2.75757 2.27197 1.92721 1.19153 1.07724 1.33077 1.24698 1.09096 1.58847 0.971313 1.23399 2.35579 2.7323 2.28894 1.29317 1.26803 1.38315 0.914259 0.894299 1.02524 1.58012 1.18812 0.892971 2.87265 0.81375 0.847772 0.889251 2.14584 0.778259 0.765498 0.736255 0.868622 0.579256 0.524828 0.520491 1.3053 1.02537 0.881312 0.582354 0.722538 1.27132 0.518736 0.516738 0.748956 0.436752 1.46392 0.427061 0.419779 0.842864 0.395088 0.707631 0.629022 0.378912 0.376871 0.337311 0.335301 0.5609 0.565161 0.316305
threshold=3883.5000000000005 1242.0000000000002 -2745.9999999999995 63.699717518164086 871.89583333333337 -3.9749999999999992 8.7504260625288275 32436.500000000004 16.125000000000004 4420.8147211311789 18839.341941028037 54412.000000000007 4.9617686791402802 91489.500000000015 3320.8958333333339 53.125849487782489 -1.0261718737904386 1079.5000000000002 32126.000000000004 4724.0000000000009 4092.0000000000005 387.08333333333343 218.50000000000003 50.832251950565208 11.654976738122004 29441.500000000004 87919.520833333358 193.50000000000003 24688.000000000004 -0.53429365361675696 1111.8958333333335 70077.000000000015 27223.500000000004 81.971054145833349 32326.354166666668 1171.0000000000002 123689.93750000001 99035.229166666686 15441.000000000002 450.14583333333337 85.738332000000028 25.775000000000002 47068.000000000007 1509.5000000000002 96016.500000000015 7654.6875000000009 -0.64999999999999891 1490.5000000000002 9.5000000000000018 2.3571433052517823 5642.4666388289561 33841.500000000007 1336.6041666666667 105999.50000000001 -0.036293517806385005 115512.00000000001 66.793973993220405 7668.5000000000009 3.4750000000000005 1237.0000000000002 11373.000000000002 939.22916666666674
decision_type=2 2 2 2 2 2 2 2 2 2 2 2 2 2 2 2 2 2 2 2 2 2 2 2 2 2 2 2 2 2 2 2 2 2 2 2 2 2 2 2 2 2 2 2 2 2 2 2 2 2 2 2 2 2 2 2 2 2 2 2 2 2
left_child=1 5 -2 -4 45 6 27 8 32 -9 11 12 13 21 16 -16 -15 -18 52 55 35 -10 44 -24 -25 26 -22 -1 -29 30 -30 33 -6 56 -35 58 -27 -11 39 -39 41 -40 -43 -44 -23 -3 -47 -37 -49 57 -31 -52 53 54 -19 -20 -13 -34 59 -7 -61 -62
right_child=2 4 3 -5 7 20 -8 9 10 37 -12 31 -14 14 15 -17 17 18 19 -21 25 22 23 24 -26 36 -28 28 29 50 -32 -33 49 34 -36 47 -38 38 40 -41 -42 42 43 -45 -46 46 -48 48 -50 -51 51 -53 -54 -55 -56 -57 -58 -59 -60 60 61 -63
leaf_value=-9.725731013308847 3.4287905600980553 -6.3746398978529406 14.966915747882735 18.592310105799712 0.10525553889742673 1.1158493208340112 17.491951498764312 1.1012181630344908 -3.0053094520838588 -4.0866777879687568 10.665397234433227 -0.76994091550521793 1.9736630722145081 0.64720671970526433 0.63663576748551465 3.1371142023642986 0.54796930293682189 0.18478970214390505 0.086429861123777596 1.6857916888836812 -2.0926334969580238 -2.9803806106529063 0.3534862069714807 1.3139507525072609 -0.79572973339958408 -4.8619532563285359 5.9205002632985879 3.0763781054752379 -7.8139283123524841 -1.2434711515723431 8.9991011692899932 3.0888845485013916 -3.3310470352124004 -0.25941812852887336 1.4148138559384607 -6.7266925040866301 0.27886658710140572 0.82879594857579841 -1.1185196425587831 -0.24402423619721456 0.12793528831094581 -0.73764286299395643 0.25614144180594312 -0.15146150620870935 0.52044870020225587 1.007828697130964 -2.5772308217953506 0.67642241014955817 -0.16668832982252627 0.14904259151244775 -7.1198513422601 0.62154226421799608 -0.17439438997023515 0.14509226178040457 -0.22573196539924473 -0.2928157409408782 0.74966400426992397 0.061180859503373902 -6.3658461433698559 0.88474229624082279 0.024635734242728882 -5.4520060105175396
leaf_weight=107 31 571 35 20 29 20 21 32 179 192 29 239 28 22 34 22 32 23 20 32 57 74 23 30 59 160 20 34 24 108 23 27 311 53 24 113 21 25 397 34 35 35 21 25 20 25 65 31 148 24 23 21 89 36 122 22 34 32 2260 21 21 561
leaf_count=107 31 571 35 20 29 20 21 32 179 192 29 239 28 22 34 22 32 23 20 32 57 74 23 30 59 160 20 34 24 108 23 27 311 53 24 113 21 25 397 34 35 35 21 25 20 25 65 31 148 24 23 21 89 36 122 22 34 32 2260 21 21 561
internal_value=-0.0014623 -0.00159492 0.00916376 0.0132849 -0.000887688 -0.0021768 -8.30802e-05 -0.000467325 -3.23535e-05 -0.00137546 0.000438299 0.000301422 0.00101026 0.000822309 0.00188284 0.00764706 0.00106255 0.000502525 -2.61559e-05 0.00344129 -0.00239609 -0.000420671 0.00091703 0.00286351 0.0010101 -0.000662535 0.00202335 -0.000520436 0.00046332 -0.000271221 0.0033121 -0.00132061 -0.00155264 -0.00170523 0.00085603 -0.00253598 -0.0018222 -0.00162152 -0.00115889 0.00304568 -0.0016488 -0.00198912 0.00029593 0.00279826 -0.00137088 -0.00245046 -0.000299668 -0.00124273 -0.000301508 -0.00192863 -0.0014004 0.00102041 -0.000988523 -0.000165655 -0.00111647 -7.12596e-05 -0.00243867 -0.00220344 -0.00266588 -0.00203178 -0.00219864 -0.00237588
internal_weight=7006 6920 86 55 3126 3794 361 2465 1669 796 1273 1244 867 839 454 56 398 376 344 74 3433 385 206 112 89 258 77 340 233 199 47 377 396 350 77 3175 181 764 572 59 513 478 81 46 94 661 90 292 179 367 152 44 270 181 145 42 273 343 2883 623 603 582
internal_count=7006 6920 86 55 3126 3794 361 2465 1669 796 1273 1244 867 839 454 56 398 376 344 74 3433 385 206 112 89 258 77 340 233 199 47 377 396 350 77 3175 181 764 572 59 513 478 81 46 94 661 90 292 179 367 152 44 270 181 145 42 273 343 2883 623 603 582
is_linear=0
shrinkage=0.03


Tree=74
num_leaves=63
num_cat=0
split_feature=47 55 18 54 54 10 20 47 51 2 22 46 53 30 20 57 52 46 47 1 59 7 34 26 9 32 26 23 13 51 39 52 23 33 59 37 48 56 47 26 64 1 45 2 41 46 30 3 62 47 11 46 48 64 14 2 16 59 62 64 63 66
split_gain=9.75694 3.16821 2.51799 2.35777 2.22415 2.51535 1.30831 1.06122 1.01012 1.30187 1.32678 0.963942 1.11224 1.03934 1.342 1.46214 2.10792 1.41208 1.75564 1.2992 1.54003 2.62161 1.56879 1.22478 1.08937 2.14699 1.14636 1.02829 0.942739 0.822218 0.791781 0.705308 0.680353 0.67388 1.24721 0.633648 1.11986 0.614363 0.546217 0.610545 1.27231 0.593121 0.845236 1.29503 1.86453 0.532085 0.411644 0.39448 0.785522 0.414161 1.6099 0.347751 0.687497 0.331341 0.313417 0.30206 0.686191 0.451297 0.404327 0.291283 0.279297 0.273687
threshold=5619.5000000000009 2686.0000000000005 -4.3749999999999991 879.62500000000011 1490.7708333333337 0.35201941816566318 27.865625000000005 3561.0000000000005 591.50000000000011 72.420938000000021 0.09999999999999977 32671.250000000004 709.50000000000011 59.997130874046853 15.434375000000005 5145.5000000000009 1643.5000000000002 32510.562500000004 340.50000000000006 20.075000000000006 715.50000000000011 20.500000000000004 -0.60197741595566956 82.607918250000026 1.0000000180025095e-35 57.933821614598315 65.344862750000019 81.721050000000005 91131.000000000015 2249.5000000000005 70077.000000000015 2493.5000000000005 70.851287500000026 1.4835147732422751 1409.5000000000002 11768.000000000002 506.50000000000006 7847.5000000000009 553.50000000000011 87.558747729166669 2237.0000000000005 3.4750000000000005 29995.500000000004 78.941625000000016 31728.500000000004 31682.687500000004 52.020081306560769 66.365517971143419 2129.5000000000005 327.50000000000006 107340.00000000001 27499.145833333339 390.50000000000006 7668.5000000000009 89105.020833333358 71.666595000000015 -6020.4999999999991 5178.0000000000009 951.02083333333337 1550.5000000000002 2177.5000000000005 7894.1250000000009
decision_type=2 2 2 2 2 2 2 2 2 2 2 2 2 2 2 2 2 2 2 2 2 2 2 2 2 2 2 2 2 2 2 2 2 2 2 2 2 2 2 2 2 2 2 2 2 2 2 2 2 2 2 2 2 2 2 2 2 2 2 2 2 2
left_child=1 2 4 61 8 -6 7 11 -1 10 -10 12 -5 14 24 16 28 18 19 32 22 -22 -21 30 25 26 -14 29 -16 -25 47 -31 -17 34 -13 36 -20 38 41 51 -41 42 43 54 -45 -38 -35 49 -49 50 -15 52 -40 -26 -4 56 -53 58 -58 -28 -44 -3
right_child=-2 3 37 6 5 -7 -8 -9 9 -11 -12 33 13 23 15 17 -18 -19 35 20 21 -23 -24 27 53 -27 59 -29 -30 31 -32 -33 -34 46 -36 -37 45 -39 39 40 -42 -43 60 44 -46 -47 -48 48 -50 -51 -52 55 -54 -55 -56 -57 57 -59 -60 -61 -62 -63
leaf_value=3.85906104771581 22.015278670563827 -6.1786410999589396 -7.2251587119914253 -4.8308837202783605 1.2269476260083849 12.546658863229394 12.703396056895512 7.5558909404021612 8.0172868694227368 -2.6585812228131012 -1.797366269618107 0.34631226514032426 0.40826865060966927 -5.0459674830442118 -2.7044107393900663 1.720107784871695 2.6655159221998992 0.22692292494211483 0.5847637234439047 1.5106473594848164 0.51960250378907713 0.014790001865921347 -1.6024979712022664 -0.23782245395868898 -4.1071574505424397 1.2893553424499462 0.071247509311855972 4.3060295191253912 0.76874666101593159 -0.2698943281789275 4.0201038951815242 1.1705193845844606 -3.1683212772951812 0.15342230117804506 -2.9044974695682946 -0.11399649458714647 -0.62317951802420934 1.3171355466813937 0.83584197407221539 3.4007642910864737 -2.0055837225961191 -6.7637613532576424 -2.1120018232625015 -7.1886565330512315 3.0497819712472918 0.073609306513879189 -2.8276194592103798 5.1212379071867105 -0.55065239978939151 -0.29528455259060976 0.20616799791000495 0.23760853457957365 -1.3300983433111946 0.023072972028311017 0.41878088202722191 -1.5207321478449956 0.0026863126557677823 0.60928935605240964 -1.4085372392048015 -4.48168375503462 -5.8795602089689734 -0.54206771209868698
leaf_weight=32 34 518 56 136 28 21 30 23 39 263 42 20 36 44 25 20 37 24 25 20 23 20 40 53 174 20 20 36 20 23 20 20 46 39 23 163 46 20 25 20 24 2224 37 21 21 36 366 22 23 403 20 29 26 20 20 521 42 22 199 83 461 62
leaf_count=32 34 518 56 136 28 21 30 23 39 263 42 20 36 44 25 20 37 24 25 20 23 20 40 53 174 20 20 36 20 23 20 20 46 39 23 163 46 20 25 20 24 2224 37 21 21 36 366 22 23 403 20 29 26 20 20 521 42 22 199 83 461 62
internal_value=-0.00148371 -0.00156237 -0.00208342 -0.000775072 9.87996e-05 0.00610998 -0.000324679 -0.000412153 -0.000678012 -0.00115955 0.0021455 -0.000482271 -0.000153702 7.10575e-05 0.000738224 0.00167309 0.0053715 0.00101058 0.000614893 0.00301597 0.00512124 0.00946636 0.00194675 -0.000826683 -0.000696687 0.00113136 -0.000172538 0.00174867 0.000931263 9.36517e-05 -0.00147153 0.00320186 -0.00022693 -0.0017206 0.00180974 -0.000877454 0.000896358 -0.00233035 -0.0023588 -0.00170796 0.00170068 -0.00256576 -0.00172862 0.000533446 0.00477435 -0.000767358 -0.00210319 -0.00170475 0.000931263 -0.00196532 0.000234009 -0.0018852 0.000469667 -0.0022102 -0.00177398 -0.00203665 -0.00124273 -0.00173318 -0.00211531 -0.00180407 -0.00227063 -0.00247716
internal_weight=7006 6972 4193 2779 425 49 2199 2169 376 344 81 2146 1698 1562 898 545 82 463 439 169 103 43 60 664 353 159 139 132 45 96 532 43 66 448 43 270 107 3768 3748 908 44 2840 616 118 42 82 405 512 45 467 64 864 51 194 76 813 292 263 241 103 498 580
internal_count=7006 6972 4193 2779 425 49 2199 2169 376 344 81 2146 1698 1562 898 545 82 463 439 169 103 43 60 664 353 159 139 132 45 96 532 43 66 448 43 270 107 3768 3748 908 44 2840 616 118 42 82 405 512 45 467 64 864 51 194 76 813 292 263 241 103 498 580
is_linear=0
shrinkage=0.03


Tree=75
num_leaves=63
num_cat=0
split_feature=47 47 4 38 50 4 12 66 25 58 17 47 11 13 29 26 49 41 60 40 14 28 53 58 20 65 59 39 1 64 55 24 49 65 13 33 66 1 28 2 65 46 51 41 60 40 32 25 48 65 13 11 65 44 13 22 4 29 17 24 15 30
split_gain=9.72026 3.36513 2.68067 2.48667 2.30533 1.82417 2.51071 1.78854 1.54107 1.36495 1.33657 1.29616 1.19208 1.07385 1.14727 1.02952 0.906126 0.880383 1.59224 1.41337 0.926728 0.820214 1.11496 0.765959 0.607289 0.508908 0.475162 0.87176 0.468838 1.26841 0.44782 0.438226 0.80936 1.49702 0.453257 0.728173 0.431877 0.804594 0.469851 0.615458 0.551388 1.03228 0.427818 1.4485 0.488191 0.423616 0.855519 0.833438 0.663106 0.738977 1.13027 0.585542 0.821319 0.373943 0.366746 0.355933 0.319115 0.933291 0.318711 0.619288 0.303979 0.279546
threshold=5619.5000000000009 979.50000000000011 13.500000000000002 30517.645833333336 545.52083333333337 15.500000000000002 86894.000000000015 4361.6875000000009 67.148370000000014 3973.7916666666674 2.7750000000000004 684.50000000000011 146437.50000000003 85931.500000000015 60.675692126353717 87.558747729166669 222.50000000000003 40345.500000000007 3450.5000000000005 39871.000000000007 115671.22916666667 5.113655500000001 1803.5000000000002 2040.479166666667 12.655208333333336 359.50000000000006 564.50000000000011 41175.500000000007 23.625000000000004 1078.5000000000002 10844.500000000002 47.168726000000007 1427.5000000000002 991.00000000000011 142185.50000000003 1.9533806450950231 5135.8125000000009 -5.9749999999999988 1.2905299999999971 90.17932500000002 527.50000000000011 32304.312500000004 600.50000000000011 39312.500000000007 4706.5000000000009 49514.000000000007 58.089347140716846 53.308544000000005 770.50000000000011 6621.0000000000009 88933.000000000015 90546.000000000015 547.50000000000011 28093.500000000004 100580.00000000001 -0.82499999999999918 9.5000000000000018 63.960171929411011 27.525000000000002 73.561395000000019 5930.5084536113454 46.735554734315343
decision_type=2 2 2 2 2 2 2 2 2 2 2 2 2 2 2 2 2 2 2 2 2 2 2 2 2 2 2 2 2 2 2 2 2 2 2 2 2 2 2 2 2 2 2 2 2 2 2 2 2 2 2 2 2 2 2 2 2 2 2 2 2 2
left_child=1 2 10 12 21 6 -6 -5 -8 25 13 -11 15 14 16 17 -1 18 20 -20 -3 24 23 -23 26 -7 27 -4 -10 -30 31 32 33 -19 36 -36 38 -38 55 40 41 -40 43 -15 56 46 48 -48 49 61 -51 -49 -53 -27 -54 -33 -44 60 -42 -60 -58 -26
right_child=-2 3 4 7 5 9 8 -9 28 11 -12 -13 -14 42 -16 -17 -18 30 19 -21 -22 22 -24 -25 45 53 -28 -29 29 -31 -32 34 -34 -35 35 -37 37 -39 39 -41 58 -43 44 -45 -46 -47 47 51 -50 50 -52 52 54 -55 -56 -57 57 -59 59 -61 -62 -63
leaf_value=-7.6051714161831203 21.354820310446907 -1.2752461112533207 -7.6028070346484276 2.6779695140651625 0.67865014637593146 0.038154651463730142 0.80013341629342061 17.155516634583922 -0.81173224147471623 0.30438221048863046 -5.3511692915965119 -0.13815619375529897 5.404962004467647 3.9740188769589784 5.4213349371231132 3.8827932141689381 2.0592799870444978 -0.11789218427807122 2.5519344413165004 0.077207828377137577 0.120848790417467 0.54601734244114575 1.2546528415445959 -5.3327941329139481 -0.75726364457222795 0.014845045276570955 -5.3856078349427756 0.84376906071109026 -0.21628889414707511 2.6634198294778026 3.0835721663782025 0.2800278886925443 -0.22983248595437711 4.6802374964848426 -0.74877468826769489 1.4272611518789322 7.7656026926448396 -1.6013586487397078 3.7681776577395061 0.038796461269195642 -0.61318335598947804 -0.12951634637658491 -7.1224540851900446 -3.2270623198538453 0.20891843905912372 -5.5425287645875807 0.68637115241155722 -4.0999275257664465 0.72550351128710733 -3.6970942829505997 0.98552127844725002 -3.405107839061726 0.67240190919638088 -0.44417544897356065 0.019014269357208041 -0.53251001343099524 -4.6497159519190614 5.0914464256307719 -0.22332058568946905 0.4831340186492839 0.077084714475248658 -3.8060699667853219
leaf_weight=55 34 76 57 25 20 29 38 26 54 35 2660 25 38 20 27 30 23 39 20 37 25 26 25 75 96 30 682 30 37 22 25 20 34 22 26 20 20 30 22 36 235 21 378 61 22 133 37 55 22 49 20 21 20 180 20 368 116 24 59 27 34 433
leaf_count=55 34 76 57 25 20 29 38 26 54 35 2660 25 38 20 27 30 23 39 20 37 25 26 25 75 96 30 682 30 37 22 25 20 34 22 26 20 20 30 22 36 235 21 378 61 22 133 37 55 22 49 20 21 20 180 20 368 116 24 59 27 34 433
internal_value=-0.00145373 -0.00153225 -0.00184499 -0.000140505 -0.00104355 0.000823228 0.00329632 0.00634051 0.00194573 -0.000581746 -0.00237625 0.00344426 -0.000412162 -0.00125905 0.00154139 -0.000581328 -0.000268887 -0.000725412 0.00134725 0.00535902 -0.000890208 -0.0015324 0.00078509 -0.000593473 -0.00170856 -0.00160602 -0.0023326 -0.00020666 0.00015915 0.00203046 -0.00105468 -0.00115821 0.000757097 0.00284779 -0.00136749 0.00149675 -0.00152846 0.00113772 -0.00170156 -0.000967259 -0.00134304 0.00180974 -0.00171272 0.00029593 -0.00200139 -0.00117537 -0.000900272 0.00109732 -0.00139816 -0.00159004 0.00130246 -0.0001292 0.00186579 -0.00212756 0.00441396 -0.0024504 -0.00217895 -0.00108558 -0.00177515 -0.000174217 -0.00197868 -0.00197316
internal_weight=7006 6972 5691 1281 2271 470 171 51 151 299 3420 60 1230 760 105 1192 78 1162 158 57 101 1801 126 101 1675 239 769 87 113 59 1004 979 95 61 884 46 838 50 788 400 364 43 655 81 574 906 773 153 620 598 69 116 61 210 40 388 552 174 321 86 150 529
internal_count=7006 6972 5691 1281 2271 470 171 51 151 299 3420 60 1230 760 105 1192 78 1162 158 57 101 1801 126 101 1675 239 769 87 113 59 1004 979 95 61 884 46 838 50 788 400 364 43 655 81 574 906 773 153 620 598 69 116 61 210 40 388 552 174 321 86 150 529
is_linear=0
shrinkage=0.03


Tree=76
num_leaves=63
num_cat=0
split_feature=47 47 16 38 55 66 54 56 16 34 20 45 53 39 31 26 68 40 51 25 34 36 30 39 47 1 13 35 16 69 49 30 21 54 33 27 15 31 49 19 21 27 16 53 27 64 16 39 11 30 16 25 35 56 63 56 51 20 51 63 34 16
split_gain=8.68479 3.49875 1.91226 1.78495 1.56327 1.54868 1.37022 2.0302 1.29614 1.21066 1.1592 0.936586 1.12696 0.846636 0.799678 1.43168 0.91901 1.61697 1.15582 1.73518 0.953931 0.884724 0.862485 0.80456 0.669016 0.65778 1.35518 1.41328 0.603946 1.10259 0.483413 0.868175 0.490469 0.541887 0.738957 0.466839 0.613356 0.466421 0.454265 0.446556 1.54398 0.463481 0.857685 0.502301 0.649393 0.430652 0.416411 0.588785 0.670277 0.440421 0.818528 0.509348 1.00057 0.504822 0.358967 0.682585 0.890583 0.354448 0.944756 0.685714 1.47229 0.315026
threshold=5619.5000000000009 437.50000000000006 381.50000000000006 30517.645833333336 3236.0000000000005 4125.1458333333348 1825.7500000000002 6192.5000000000009 -3491.9999999999995 -0.77940160944810077 28.444791666666671 28547.000000000004 1531.5000000000002 41051.000000000007 57.06116260452972 87.558747729166669 107370.50000000001 41300.500000000007 1144.5000000000002 60.173635000000004 2.0701406554259809 29432.500000000004 56.815522223433021 70077.000000000015 1187.5000000000002 2.1750000000000003 86755.500000000015 13338.000000000002 4033.0000000000005 112451.50000000001 1714.5000000000002 67.086867996869799 3.8141775646686495 2147.416666666667 2.6523340796110602 16.308047289794079 12320.177991892397 50.173312503533296 252.50000000000003 6.3250000000000002 2.6142892768557444 13.975368052715277 -177.49999999999997 1732.5000000000002 11.563611601040764 8061.0000000000009 4962.0000000000009 52459.500000000007 109362.50000000001 66.793973993220405 121.00000000000001 81.180627500000014 13237.000000000002 8.5000000000000018 4406.5000000000009 27.500000000000004 688.50000000000011 1.4343750000000004 596.50000000000011 2383.5000000000005 0.02115352917114777 3058.5000000000005
decision_type=2 2 2 2 2 2 2 2 2 2 2 2 2 2 2 2 2 2 2 2 2 2 2 2 2 2 2 2 2 2 2 2 2 2 2 2 2 2 2 2 2 2 2 2 2 2 2 2 2 2 2 2 2 2 2 2 2 2 2 2 2 2
left_child=1 2 57 8 25 -5 11 -8 24 -9 14 12 37 45 16 23 17 20 -19 22 39 -18 -20 46 -3 26 27 -4 35 -30 32 -32 -26 34 -34 -15 -37 -6 -11 40 -10 43 -43 -41 -45 -13 49 48 -48 51 -51 -16 -53 -54 55 56 -28 58 -1 60 -60 -55
right_child=-2 3 4 5 6 -7 7 9 10 38 -12 13 -14 28 15 -17 21 18 19 -21 -22 -23 -24 -25 30 -27 54 -29 29 -31 31 -33 33 -35 -36 36 -38 -39 -40 41 -42 42 -44 44 -46 -47 47 -49 -50 50 -52 52 53 61 -56 -57 -58 -59 59 -61 -62 -63
leaf_value=2.4275153082282035 20.714175701133513 -4.0095782666318627 -4.9710324562988415 -4.8367779419853578 -3.8919956027456899 15.264220290725389 1.8739949146403476 0.29834298008062093 0.72032993286390978 0.10839874390294842 12.707688649417731 -5.8803071637772248 0.44684583842112802 -1.5908910428923284 -0.27169856975206691 3.6951633035919746 -0.38665229774517823 -1.6516741366096508 0.60842770134584589 0.77332396566203809 0.27461849238060804 0.078067546923460934 -0.033571252847759012 4.3322575283966058 -1.4565930262265452 -5.8816985526308212 -2.4532700336412989 2.8965099282746181 -0.094223751659627653 0.30267672803882584 0.57241551545337677 -0.4925703564892942 0.26159198132271833 -1.5588701063505876 -0.24619384785203358 0.43739871778799216 -2.8627401700112713 1.3831217446097008 -1.3120246974890255 -1.065420380498229 -0.99403111586342929 -3.8558205924773894 0.67298216703632496 0.39175718403444781 -1.8196921376065338 1.1427444552099242 -0.04437164719258669 -0.15137558298004766 6.0328921132035402 -1.3576816908660445 4.9497191015292943 0.70526072327116462 0.76248534075120389 -1.0377176484848283 -6.5609104429643024 -5.9412929009915629 3.7769482818577083 -6.5203134339120181 -6.6389664787939484 -7.9436513072997732 2.6615887290427023 0.014457434759511827
leaf_weight=36 34 303 20 23 58 37 21 20 20 20 27 332 22 131 842 32 144 22 20 30 28 20 28 31 175 957 21 21 28 21 29 32 22 29 29 20 21 28 55 154 39 24 36 30 22 27 22 67 20 54 25 30 35 103 168 53 20 1846 34 368 20 20
leaf_count=36 34 303 20 23 58 37 21 20 20 20 27 332 22 131 842 32 144 22 20 30 28 20 28 31 175 957 21 21 28 21 29 32 22 29 29 20 21 28 55 154 39 24 36 30 22 27 22 67 20 54 25 30 35 103 168 53 20 1846 34 368 20 20
internal_value=-0.00145802 -0.00153225 -0.00205146 -0.000660114 -0.00138511 0.00444259 -0.000346972 0.0026615 -0.00078181 0.000757097 -0.000395824 -0.000858888 0.00169288 -0.00133942 -0.000485223 -0.000913278 0.000398638 0.00109909 0.00446553 0.00618438 0.000135938 -0.00151737 0.00255717 -0.00107598 -0.00197706 -0.00204508 -0.000811614 0.00423358 0.000108547 0.00305499 -0.000996521 0.00137479 -0.00157585 0.000337078 0.00223092 -0.000714701 0.00204379 0.000104529 -0.000958722 -0.00031375 0.00203046 -0.000845548 0.00144759 -0.00152838 0.000978886 -0.00223893 -0.00119941 0.000549953 0.00334917 -0.00137409 0.000758533 -0.00154063 -0.000111643 -0.00108159 -0.00161389 -9.56436e-05 0.00277372 -0.00264702 -0.0018795 -0.00228145 0.000831792 -0.00199838
internal_weight=7006 6972 4368 2604 2064 60 804 116 2544 95 1925 688 108 580 1898 1281 617 453 100 78 353 164 48 1249 619 1260 303 41 221 49 316 61 255 80 51 172 41 86 75 325 59 266 60 206 52 359 1218 109 42 1109 79 1030 188 158 262 94 41 2304 458 422 54 123
internal_count=7006 6972 4368 2604 2064 60 804 116 2544 95 1925 688 108 580 1898 1281 617 453 100 78 353 164 48 1249 619 1260 303 41 221 49 316 61 255 80 51 172 41 86 75 325 59 266 60 206 52 359 1218 109 42 1109 79 1030 188 158 262 94 41 2304 458 422 54 123
is_linear=0
shrinkage=0.03


Tree=77
num_leaves=63
num_cat=0
split_feature=47 47 16 38 41 16 4 50 30 18 29 60 29 15 39 39 37 31 44 40 56 34 16 26 29 4 48 2 26 45 44 50 51 43 22 45 60 18 39 30 54 52 60 32 14 56 7 33 31 31 34 48 47 38 19 58 61 61 30 65 12 58
split_gain=7.67042 3.71059 2.15561 1.66564 1.8416 1.32913 1.21719 1.92241 2.55548 1.76603 1.86832 1.48473 2.38265 1.1764 2.09346 1.06924 0.921971 1.12533 0.964798 0.948747 1.30349 1.12822 2.11635 1.56879 1.0128 1.11056 1.59372 0.92179 0.821929 0.752062 0.700401 1.46358 0.655906 0.777274 0.624131 0.556214 1.01196 1.4385 0.552565 0.543666 0.543575 0.865274 1.22111 0.455963 0.579 0.551617 0.484418 0.430436 0.397091 0.793716 0.985731 0.389282 0.848678 0.371537 0.352841 0.6473 0.350757 0.620576 0.33865 0.382963 0.332263 0.329239
threshold=5619.5000000000009 563.50000000000011 97.500000000000014 30517.645833333336 43821.500000000007 -3491.9999999999995 13.500000000000002 532.60416666666674 50.832251950565208 3.4750000000000005 61.75255473737959 332.50000000000006 60.263791152673555 18839.341941028037 57941.000000000007 45594.000000000007 26981.500000000004 64.492267365613046 32092.500000000004 46047.500000000007 6892.5000000000009 1.3738235404919801 -264.99999999999994 64.982578770833342 64.436202522094277 8.5000000000000018 336.50000000000006 67.988417000000013 69.033853541666687 32332.500000000004 29544.500000000004 261.25000000000006 2744.5000000000005 32408.500000000004 -0.14999999999999966 28224.000000000004 966.50000000000011 19.975000000000005 70077.000000000015 56.026067380462131 1709.4583333333335 1986.5000000000002 903.50000000000011 65.202607618586569 119976.39583333336 5.5000000000000009 28.500000000000004 2.0036654590100595 62.511262368155954 63.461214441170235 0.78901808354421032 180.50000000000003 187.50000000000003 29432.020833333336 27.525000000000002 3994.854166666667 1464.5000000000002 727.50000000000011 57.782297103253292 1250.5000000000002 83802.500000000015 1897.7916666666667
decision_type=2 2 2 2 2 2 2 2 2 2 2 2 2 2 2 2 2 2 2 2 2 2 2 2 2 2 2 2 2 2 2 2 2 2 2 2 2 2 2 2 2 2 2 2 2 2 2 2 2 2 2 2 2 2 2 2 2 2 2 2 2 2
left_child=1 2 53 5 -5 32 9 35 -9 10 30 12 -10 16 -15 -12 17 19 -19 20 21 24 -23 -24 25 -7 27 -27 -17 -20 31 -4 -3 -34 -28 36 -8 39 43 -38 -13 42 -42 44 45 -21 48 -22 58 50 -50 52 56 -1 -53 -56 57 -37 59 -47 -49 -11
right_child=-2 3 6 4 -6 13 7 8 11 61 15 40 -14 14 -16 28 -18 18 29 38 47 22 23 -25 -26 26 34 -29 -30 -31 -32 -33 33 -35 -36 51 37 -39 -40 -41 41 -43 -44 -45 -46 46 -48 60 49 -51 -52 54 -54 -55 55 -57 -58 -59 -60 -61 -62 -63
leaf_value=-6.1607596311588555 20.092750430099521 -1.8348575536502525 -7.031439843006634 -8.1900110147098353 15.122223762689696 -0.58359336410272056 -4.3041731722617422 0.49092264893784965 -0.030259244685328077 -2.2739389588338685 1.7118995950528426 -0.64685993440464984 1.4984640209872533 -0.43500511931785768 13.436110505212378 1.2247763664214912 -0.43563830322430547 8.0512560594252101 -0.17982157484012509 0.14919211432536431 0.0071787097845513737 2.4636857304718558 0.78959023680012985 -0.099792509714362307 0.42896262156256271 0.10182118311615124 0.28768583456455865 3.4616087492232959 -2.2370856969364188 0.95463664817721394 -5.1617957125311902 2.7652568015293815 -0.38557105509672307 0.49154585406617329 -0.58154156954994884 -9.1735867124084809 -3.4542069586567563 1.1250657041990599 3.2316774894465654 1.0431186735189899 -0.0075349869148129819 -0.20410220786850403 1.1386579759389064 -1.0559557020293191 2.62077638434755 -0.21929641765702038 0.021236880751244937 0.16981491616702807 0.20142936908909012 -0.43965040606509648 -0.51488201476376982 -3.7192382759500227 1.0831025058773227 1.4053034426637963 -6.9758629653968578 0.52591256927003249 -8.9857678842860285 0.85850088184646822 -0.38503287125585306 0.07096051491711583 -0.99777340673061576 -6.2401049164096252
leaf_weight=2303 34 491 28 25 35 134 64 23 25 107 32 97 20 22 20 20 197 23 31 22 22 20 20 40 20 21 38 20 31 31 179 23 50 20 66 24 45 22 22 20 20 47 26 152 27 28 25 20 22 32 20 588 21 20 26 26 52 26 339 23 123 856
leaf_count=2303 34 491 28 25 35 134 64 23 25 107 32 97 20 22 20 20 197 23 31 22 22 20 20 40 20 21 38 20 31 31 179 23 50 20 66 24 45 22 22 20 20 47 26 152 27 28 25 20 22 32 20 588 21 20 26 26 52 26 339 23 123 856
internal_value=-0.00142804 -0.00149783 -0.0019681 -0.000477035 0.00444259 -0.000616506 -0.00134431 -0.000642437 0.0016389 -0.00198652 -1.91639e-05 0.000689068 0.00558758 -0.000168977 0.00477435 0.00382671 -0.000306223 -2.23704e-05 0.00331375 -0.000250777 0.000689211 0.00166183 0.00483146 0.00194675 0.000802407 0.000322464 0.00215024 0.00715328 0.00105675 0.00130435 -0.00142112 0.00164383 -0.00187132 0.000813123 0.000144092 -0.00128979 0.000357379 0.00247991 -0.000973179 0.000184331 -0.000457655 0.00116004 0.00409978 -0.00112592 -0.000708048 -0.000939152 -0.00115314 -0.00152635 -0.00137686 0.000607287 0.00334917 -0.00161971 -4.87416e-05 -0.00262408 -0.00191689 0.00040307 -0.0012047 0.000538921 -0.00176109 0.000469667 -0.00213837 -0.00262278
internal_weight=7006 6972 4771 2201 60 2141 2448 1172 258 1276 313 235 45 1580 42 83 1538 1341 85 1256 544 379 80 60 299 279 145 41 51 62 230 51 561 70 104 914 151 87 712 65 190 93 46 690 538 511 489 165 464 74 42 763 123 2323 640 52 102 50 390 51 143 963
internal_count=7006 6972 4771 2201 60 2141 2448 1172 258 1276 313 235 45 1580 42 83 1538 1341 85 1256 544 379 80 60 299 279 145 41 51 62 230 51 561 70 104 914 151 87 712 65 190 93 46 690 538 511 489 165 464 74 42 763 123 2323 640 52 102 50 390 51 143 963
is_linear=0
shrinkage=0.03


Tree=78
num_leaves=63
num_cat=0
split_feature=47 47 16 38 41 4 50 68 1 29 1 50 16 15 36 68 26 60 50 21 52 52 31 41 49 28 16 36 38 0 42 51 15 16 23 1 62 46 46 19 0 22 52 16 50 37 41 27 47 5 46 35 66 21 42 28 20 42 50 21 23 52
split_gain=7.65647 3.81608 2.1974 1.64709 1.8416 1.4536 1.7951 2.24265 1.76651 1.14407 1.56774 1.39288 1.08734 1.18898 2.09346 1.20715 1.08495 0.857576 0.91036 2.15664 0.739081 1.38752 0.737674 0.878774 1.24454 0.787449 1.44209 0.999808 0.84142 0.727359 0.6902 0.787401 0.634899 0.600546 0.571546 0.505822 0.734555 1.26189 0.837264 1.18763 1.67296 0.529777 0.491183 1.2156 0.48859 0.636764 0.52938 0.470609 0.442075 0.60618 0.419396 0.748812 0.408112 0.870259 0.40021 0.850302 0.70324 0.512419 1.07538 0.384105 0.85471 0.791377
threshold=5619.5000000000009 563.50000000000011 97.500000000000014 30517.645833333336 43821.500000000007 13.500000000000002 532.60416666666674 89095.000000000015 3.4750000000000005 61.75255473737959 -1.3749999999999998 472.58333333333343 -3616.4999999999995 18839.341941028037 27690.500000000004 110802.50000000001 84.60840716666668 5120.5000000000009 1050.6250000000002 2.4346973853972926 1870.5000000000002 1590.5000000000002 57.382690798942384 34066.500000000007 615.50000000000011 2.3409965000000068 36.500000000000007 10481.500000000002 16038.708333333336 116647.00000000001 55723.145833333336 2690.5000000000005 11673.20289029479 -3262.9999999999995 68.421878000000007 20.275000000000002 2563.6250000000005 32917.104166666672 31682.687500000004 21.575000000000006 90051.500000000015 -1.6499999999999997 822.50000000000011 1169.5000000000002 593.72916666666686 24954.500000000004 61185.000000000007 4.6732196641443862 2381.0000000000005 1.0000000180025095e-35 28918.354166666672 13001.500000000002 5210.6875000000009 3.6481767740260271 48637.208333333343 -1.3164875000000007 21.140625000000004 56354.812500000007 1711.3125000000002 1.7904322197273961 57.324194000000013 605.50000000000011
decision_type=2 2 2 2 2 2 2 2 2 2 2 2 2 2 2 2 2 2 2 2 2 2 2 2 2 2 2 2 2 2 2 2 2 2 2 2 2 2 2 2 2 2 2 2 2 2 2 2 2 2 2 2 2 2 2 2 2 2 2 2 2 2
left_child=1 2 59 12 -5 8 35 -8 9 11 47 -4 29 15 -15 17 20 18 22 -20 21 34 23 24 -14 27 -27 -25 50 -3 31 -31 52 -17 -9 41 38 -38 39 42 -41 -7 -37 -44 -35 46 48 -11 49 -46 51 -29 -24 -54 55 -51 -57 -56 -59 60 -1 -62
right_child=-2 3 5 4 -6 6 7 16 -10 10 -12 -13 13 14 -16 33 -18 -19 19 -21 -22 -23 32 25 -26 26 -28 28 -30 30 -32 -33 -34 44 -36 36 37 -39 -40 40 -42 -43 43 -45 45 -47 -48 -49 -50 54 -52 -53 53 -55 57 56 -58 58 -60 -61 61 -63
leaf_value=1.2735546353440979 19.489967917196523 -2.2868981043527503 -4.5493904260165356 -7.9443106842685394 14.668557049809001 0.36911745242933908 0.3559260671905109 0.31300212057751758 -5.800581281676692 3.4186566670344858 1.4437853148463564 2.817342104421801 -1.074885678436486 -0.68190271281776971 13.033027190056014 0.06270553504438256 2.0498798150330444 0.90190849703003306 3.4396152257333581 -1.0533497389941899 -0.27001507829240096 0.17663577948490453 -0.35246368545496976 0.60494107316233048 0.62823170942602113 1.164610593442359 0.046852085163014791 -0.70724228054120908 0.36475385548224798 -0.1097258491829789 -0.53997956415513015 0.057270045576164053 0.29448589339726322 -2.7246238642202472 -0.0084952771650127022 -5.4625623426112098 0.62073250122586887 -7.1151311726278665 -3.2091683476679229 -0.71607952878180448 1.784022898933014 -4.7675831878441688 -3.7693044487562846 2.0906795219309897 4.4081897801900283 -0.1774205546884057 3.8428272138295796 -5.7889165178343909 -1.8424124181858561 2.5088824917594037 -0.40418600149891148 0.079297733387227481 -0.39477190481896873 0.37658112898762786 -0.20821695018182668 -0.92633669840927502 0.039613087243842451 7.011299840370941 -1.5667230041968798 -6.0502553877206866 2.0561455401172237 -4.8170329726872732
leaf_weight=20 34 386 211 25 35 29 32 21 954 21 24 24 93 22 20 37 25 22 20 23 86 25 222 20 21 27 37 21 31 38 81 30 36 184 69 53 20 22 204 24 21 482 38 21 23 220 25 42 54 22 80 27 34 20 128 49 20 35 33 2020 24 259
leaf_count=20 34 386 211 25 35 29 32 21 954 21 24 24 93 22 20 37 25 22 20 23 86 25 222 20 21 27 37 21 31 38 81 30 36 184 69 53 20 22 204 24 21 482 38 21 23 220 25 42 54 22 80 27 34 20 128 49 20 35 33 2020 24 259
internal_value=-0.0014152 -0.00148492 -0.00196181 -0.000449776 0.00444259 -0.00133205 -0.000565652 0.0016389 -0.00203354 -0.000102453 0.00282434 -0.00119949 -0.000588483 -0.000196128 0.00477435 -0.000331821 0.000570543 0.000551695 0.000366521 0.00459397 -0.00014918 0.00140747 8.9672e-05 0.00102492 -0.00113059 0.00204854 0.0049142 0.00100502 0.00018856 -0.00176042 0 0.0022467 -0.000970843 -0.00111673 -0.000299668 -0.00119134 -0.000387001 0.00334917 -0.000830796 0.000802036 0.00492239 -0.00181961 -0.000829617 0.00101523 -0.00129366 -0.000876704 -0.000138783 0.000285261 -0.000436694 0 -0.000866511 0.00130977 -0.00146686 0.000831792 -0.000376176 0.00125137 -0.000347323 -0.00114737 0.000925109 -0.00262408 -0.00160343 -0.00203462
internal_weight=7006 6972 4771 2201 60 2448 1172 258 1276 322 87 235 2141 1606 42 1564 226 734 712 43 201 115 669 357 114 243 64 179 159 535 149 68 312 830 90 914 403 42 361 157 45 511 112 59 793 609 389 63 364 310 128 48 276 54 287 91 69 196 68 2323 303 283
internal_count=7006 6972 4771 2201 60 2448 1172 258 1276 322 87 235 2141 1606 42 1564 226 734 712 43 201 115 669 357 114 243 64 179 159 535 149 68 312 830 90 914 403 42 361 157 45 511 112 59 793 609 389 63 364 310 128 48 276 54 287 91 69 196 68 2323 303 283
is_linear=0
shrinkage=0.03


Tree=79
num_leaves=63
num_cat=0
split_feature=38 49 48 51 53 12 16 11 11 13 39 51 33 43 11 46 63 30 16 59 68 56 13 1 26 26 7 22 61 61 59 27 30 65 51 59 21 34 34 48 24 25 48 49 16 42 65 35 29 65 15 26 63 65 25 29 27 43 2 2 43 16
split_gain=4.85844 4.96716 2.66137 1.40927 1.3823 1.30452 1.08381 1.16071 1.09288 1.39046 2.75429 0.879779 0.842719 0.774773 1.39873 1.48022 0.743521 1.17934 0.73032 0.723322 0.717414 0.679984 1.43057 1.31595 1.26433 1.5293 1.76872 1.3639 1.1231 0.816595 1.26777 0.777538 0.772658 0.890583 0.687352 0.63704 0.615762 0.574868 0.559211 0.538634 0.528515 0.520216 0.47041 0.460345 0.459494 0.72871 1.43166 0.696034 1.27548 0.543893 0.749025 0.471231 0.456416 0.419024 0.543542 0.406078 0.392952 0.619579 0.372913 0.361878 0.469481 0.335266
threshold=29182.895833333336 898.50000000000011 255.50000000000003 2176.0000000000005 1668.5000000000002 110669.50000000001 -349.49999999999994 97891.000000000015 104533.50000000001 99673.000000000015 46400.500000000007 1749.5000000000002 1.1830571294987962 27850.500000000004 83853.000000000015 27653.750000000004 531.50000000000011 56.815522223433021 1643.5000000000002 5334.5000000000009 101981.50000000001 1242.0000000000002 119324.00000000001 2.4250000000000003 66.588850541666687 67.714599937500012 3.5000000000000004 -0.9250000000000006 5444.0000000000009 1718.5000000000002 1370.5000000000002 15.61168253632958 66.668401477669406 798.50000000000011 1595.5000000000002 4006.0000000000005 4.1472901806574756 -0.53429365361675696 2.9754201011495671 230.50000000000003 82.379243000000017 73.409282000000019 586.50000000000011 719.50000000000011 291.50000000000006 32287.375000000004 4761.0000000000009 13104.500000000002 52.011276020873652 5935.5000000000009 4156.7884902975429 50.476544937500002 8825.5000000000018 739.00000000000011 51.800642000000003 61.835488954276357 18.396361113411917 31147.500000000004 64.376362000000015 74.002380000000016 32355.500000000004 3963.0000000000005
decision_type=2 2 2 2 2 2 2 2 2 2 2 2 2 2 2 2 2 2 2 2 2 2 2 2 2 2 2 2 2 2 2 2 2 2 2 2 2 2 2 2 2 2 2 2 2 2 2 2 2 2 2 2 2 2 2 2 2 2 2 2 2 2
left_child=2 3 6 5 16 -2 19 11 9 10 20 13 -6 14 -8 -16 17 -4 -13 -1 -9 23 24 -14 31 -26 -27 -28 -25 30 34 -23 43 -34 -29 42 -33 -7 44 -10 -36 -31 -19 -24 51 46 -46 -47 -49 53 -51 -18 61 54 -50 -52 -53 -58 -11 -45 -61 -15
right_child=1 -3 4 -5 12 37 7 8 39 58 -12 18 21 52 15 -17 38 35 -20 -21 -22 22 32 28 25 26 27 29 -30 41 -32 36 33 -35 40 -37 -38 -39 -40 -41 -42 -43 -44 59 45 47 -48 48 49 50 55 56 -54 -55 -56 -57 57 -59 -60 60 -62 -63
leaf_value=-5.9583735803282707 10.234864202186616 20.552800041699594 0.37811712669173153 13.409374928446075 4.802992202674905 4.3528425165910773 -4.0842392426136982 -4.3439827986255599 -2.8266799996088925 0.22731092643104306 3.9951385167398215 -1.7797397218725368 1.5945267135302938 -5.8106992199377414 -1.6402021040468056 1.7295955006443935 0.32279586511371328 0.033684107495431659 0.35635355589029477 0.5895984479661065 2.6554145958416755 -1.7464780875269339 4.6169110935763333 -0.53688520043578347 0.81409160770442313 1.0992297813319434 0.97020634744285961 0.21438521138392916 0.39183765877244281 -0.41928561449996971 0.91051001680277688 0.18323226420614108 4.133377710964921 -0.19131840854026275 -0.10807644984824387 2.1589260380259936 -2.7156523552522835 -1.1291654281556169 0.058928932379967366 0.18137194791139072 0.16945971219297251 0.05581251775044916 -2.113513045181318 -0.20297966576334173 1.1569970841972042 -3.526599971657062 -4.034919891645691 0.55892221787921847 -0.6467080338186425 3.8750618335193501 -0.95056816729117188 -3.4142794762802398 0.45663912492105585 -1.9240122274736118 0.097986384770726118 0.10296063951421328 0.59335546688009599 -2.1640923711556419 -3.4563306234777822 -0.16970887811097518 0.81005730410484722 -2.0026606590018163
leaf_weight=1540 24 26 20 20 20 38 138 25 136 20 24 51 24 1094 32 29 24 34 31 20 24 84 20 478 20 27 29 31 22 89 20 20 20 21 84 20 30 106 26 21 22 21 68 306 21 199 30 23 23 20 74 844 27 368 34 34 20 23 74 35 29 149
leaf_count=1540 24 26 20 20 20 38 138 25 136 20 24 51 24 1094 32 29 24 34 31 20 24 84 20 478 20 27 29 31 22 89 20 20 20 21 84 20 30 106 26 21 22 21 68 306 21 199 30 23 23 20 74 844 27 368 34 34 20 23 74 35 29 149
internal_value=-0.00143232 0.00301261 -0.00157286 0.00129187 -0.000970481 0.000374776 -0.00216064 -0.00167031 -2.77699e-05 0.0016517 0.0047606 -0.00201148 -0.000270643 -0.00218093 -0.000421899 0.00333879 -0.00150228 0.00057002 0.000986601 -0.0027479 0.000610997 -0.000358216 0.000135447 -0.00121923 0.00127017 0.00223841 0.00172702 0.00104357 -0.00155369 0.000359415 0.00175684 -0.00118568 -0.00111343 0.00277372 0.000700218 -0.000515971 0.00173653 -0.000687024 -0.00167092 -0.00183323 -0.000424129 -0.00160763 -0.00149853 -0.00153038 -0.00173738 -0.00121656 0.00223092 -0.00144756 -0.000911301 -0.00120412 0.000491803 -0.00220613 -0.00245414 -0.00172195 0.000630472 -0.000471786 -0.00231992 0.000417633 -0.000733263 -0.0017752 0.000234009 -0.00253881
internal_weight=7006 214 6792 188 3357 168 3435 1875 324 167 73 1551 1452 1469 199 61 1905 142 82 1560 49 1432 908 524 477 343 323 296 500 267 157 134 431 41 137 122 50 144 1763 157 106 110 102 390 1737 826 51 775 576 553 128 911 1270 425 57 108 887 43 94 370 64 1243
internal_count=7006 214 6792 188 3357 168 3435 1875 324 167 73 1551 1452 1469 199 61 1905 142 82 1560 49 1432 908 524 477 343 323 296 500 267 157 134 431 41 137 122 50 144 1763 157 106 110 102 390 1737 826 51 775 576 553 128 911 1270 425 57 108 887 43 94 370 64 1243
is_linear=0
shrinkage=0.03


Tree=80
num_leaves=63
num_cat=0
split_feature=47 47 38 41 55 39 49 56 0 49 10 30 43 55 54 21 56 59 22 43 21 25 32 17 15 26 13 60 62 37 59 54 55 60 26 48 32 54 29 40 25 47 30 52 62 64 61 47 59 13 64 64 20 28 22 60 49 28 26 24 21 27
split_gain=5.87547 3.37667 1.8693 1.8416 1.31184 1.76961 1.31201 1.45084 1.16733 1.65167 0.96882 1.74196 1.82703 1.14481 0.919519 1.7791 1.08566 1.05154 0.764318 1.67229 2.17381 1.70308 0.750875 0.742383 0.741437 1.30235 0.68726 0.939849 1.20419 0.653037 0.65176 0.648095 0.645717 0.606596 0.648052 0.645544 0.585529 0.855409 0.569107 0.600472 1.69586 0.510861 0.492793 0.476184 0.540897 1.36829 0.802325 1.61637 0.461923 0.598422 1.01088 0.814928 0.867458 0.40567 0.397105 0.701014 0.361144 0.780993 0.631891 0.459425 0.355597 0.341667
threshold=5619.5000000000009 283.50000000000006 30517.645833333336 43821.500000000007 1096.5000000000002 45155.500000000007 211.50000000000003 9869.5000000000018 146437.50000000003 1380.5000000000002 0.56392291514228221 50.832251950565208 28487.500000000004 529.50000000000011 1486.729166666667 1.7170703578459192 1.0000000180025095e-35 316.50000000000006 -0.12499999999999999 28887.500000000004 4.3791271940498202 74.659260000000017 57.76904316815579 2.7750000000000004 5127.8777898442577 66.588850541666687 85931.500000000015 1259.5000000000002 2016.9375000000002 9129.5000000000018 5334.5000000000009 836.66666666666686 942.50000000000011 1686.5000000000002 85.738332000000028 1427.5000000000002 65.573755602780366 1964.6250000000002 59.810924297666482 28835.500000000004 57.087354500000011 1158.5000000000002 65.992144226213895 693.50000000000011 1560.7083333333337 5680.0000000000009 1064.0000000000002 215.50000000000003 1904.5000000000002 110126.50000000001 2068.0000000000005 1397.5000000000002 23.317708333333332 -6.2059609999999941 0.94999999999999962 477.50000000000006 712.50000000000011 -3.301164999999997 73.263776083333354 80.139925000000019 4.5536515844255439 17.750945960415777
decision_type=2 2 2 2 2 2 2 2 2 2 2 2 2 2 2 2 2 2 2 2 2 2 2 2 2 2 2 2 2 2 2 2 2 2 2 2 2 2 2 2 2 2 2 2 2 2 2 2 2 2 2 2 2 2 2 2 2 2 2 2 2 2
left_child=1 4 8 -4 23 31 -7 53 10 -10 13 12 -12 30 16 -16 -13 -17 19 20 21 22 -15 26 25 -21 27 28 -1 -20 41 -6 -26 34 35 -19 -34 -38 39 40 -33 -3 -18 -41 45 46 60 -48 -43 50 51 52 -50 -8 55 -31 -57 58 -58 -59 -45 -46
right_child=-2 2 3 -5 5 6 7 -9 9 -11 11 14 -14 18 15 17 42 33 29 24 -22 -23 -24 -25 32 -27 -28 -29 -30 54 -32 38 36 -35 -36 -37 37 -39 -40 43 -42 48 -44 44 61 -47 47 -49 49 -51 -52 -53 -54 -55 -56 56 57 59 -60 -61 -62 -63
leaf_value=-2.8818137850073104 18.352975873058316 -3.3521883149421638 -7.8766587391654932 13.697637612141561 -6.6187148921365582 2.7874566480172565 0.03163579765172303 0.17344021482258515 12.201200802840415 -1.0912165905882236 0.70613407395455519 4.7085135181037501 -4.8455861868202588 -0.70573914024234119 6.1034137657987539 0.4314340545181834 -1.9282917830847939 -1.1326732271128295 0.19766831142134755 0.15640577057918589 2.549153923130425 3.013520986328889 0.17351883813879693 -5.8333075139710733 0.13984093308296658 -0.32324336022305195 -6.1369434355091084 -8.4503168342510477 5.3510685125567932 0.50079085760373054 0.12483990957434972 2.3523924833479661 -0.31690860012479388 1.0844599631114495 0.30982847093956328 0.12419881575704331 4.524813933801263 -0.53724450635527632 1.6360286646640465 0.3207206819119045 -5.841548718226262 -6.1710440895013887 0.13187433485202682 -4.7311277774480756 -6.3470699129075845 1.1157251382456588 0.96570405169150952 -2.9130020091067901 -1.4981956984108433 -1.4109235696807441 -0.37947508259358126 2.5769297706572214 0.31812920552683377 -0.27812349855038138 -0.95774492707400194 -1.4172833872401753 -0.018996087997741821 -0.19848743397821331 0.30899186980443766 1.3546047963969596 0.097689558661645567 -0.14397229259041897
leaf_weight=27 34 724 25 35 448 24 30 23 20 22 29 22 20 76 22 38 311 145 22 25 33 20 20 1732 35 27 468 34 23 20 26 21 507 20 22 27 29 20 39 20 29 101 21 163 331 22 21 26 21 65 64 20 20 77 172 275 22 191 38 20 20 22
leaf_count=27 34 724 25 35 448 24 30 23 20 22 29 22 20 76 22 38 311 145 22 25 33 20 20 1732 35 27 468 34 23 20 26 21 507 20 22 27 29 20 39 20 29 101 21 163 331 22 21 26 21 65 64 20 20 77 172 275 22 191 38 20 20 22
internal_value=-0.0014152 -0.00147631 -0.000792682 0.00444259 -0.00211578 -0.00135628 0.00165477 0.000438124 -0.000888561 0.00406176 -0.000953183 5.31672e-05 0.00549898 -0.00121708 -0.000367777 0.000930317 -0.00138097 0.0002023 -0.000697765 -4.16621e-05 0.0028169 0.000852712 -0.000780438 -0.00255199 -0.000709066 0.00270633 -0.00158124 0.000891795 0.00353293 -0.00137745 -0.00198828 -0.00175802 -0.00101506 -0.000602523 -0.00112829 -0.00176061 -0.00126776 0.00183299 -0.00118891 -0.00139535 0.00173653 -0.00211014 -0.00181572 -0.00165094 -0.00180466 -0.000725903 -0.00142112 0.00203822 -0.00103057 -0.000142031 0.00105516 0.00382979 0.00131387 -0.0010084 -0.00153231 -0.00113938 -0.00134591 -0.000553302 0.00244592 -0.00142113 -0.0023266 -0.00256585
internal_weight=7006 6972 3372 60 3600 1316 154 130 3312 42 3270 677 49 2593 628 274 354 252 1552 792 149 116 96 2284 643 52 552 84 50 760 1041 1162 591 214 194 172 556 49 714 675 50 1015 332 625 605 252 230 47 291 190 125 61 41 107 738 566 546 271 60 211 183 353
internal_count=7006 6972 3372 60 3600 1316 154 130 3312 42 3270 677 49 2593 628 274 354 252 1552 792 149 116 96 2284 643 52 552 84 50 760 1041 1162 591 214 194 172 556 49 714 675 50 1015 332 625 605 252 230 47 291 190 125 61 41 107 738 566 546 271 60 211 183 353
is_linear=0
shrinkage=0.03


Tree=81
num_leaves=63
num_cat=0
split_feature=47 50 57 5 50 6 16 52 43 39 1 26 16 19 58 60 60 39 21 31 24 56 28 62 47 27 61 24 60 30 47 51 33 43 25 46 0 43 27 61 18 25 38 34 60 61 22 21 5 33 67 39 47 17 50 4 3 11 29 18 52 27
split_gain=4.284 2.92746 2.72336 2.55237 2.17142 1.49758 2.58356 2.42628 1.76009 1.3381 1.27404 1.39882 1.51433 1.3236 1.10792 1.08412 1.05801 2.35952 1.01909 1.15584 0.92173 0.891944 0.848066 1.28341 0.750558 0.9942 1.16228 0.725678 1.02739 0.991163 0.984619 0.668177 1.45788 0.653431 1.01421 1.48055 0.587408 0.972132 0.985438 0.573885 1.40854 0.571294 0.512181 0.691882 0.726405 1.24612 0.676505 0.739756 0.595774 0.52737 1.14462 0.485929 0.502926 0.553377 0.871863 0.450123 0.585642 0.785397 0.459364 0.426901 0.733124 0.995398
threshold=979.50000000000011 2563.0416666666674 4026.0000000000005 1.5000000000000002 414.93750000000006 8.5000000000000018 1573.5000000000002 2156.5000000000005 31688.500000000004 41760.000000000007 2.1750000000000003 65.218555333333356 3963.0000000000005 10.925000000000002 4544.0000000000009 1152.5000000000002 3450.5000000000005 41051.000000000007 3.4613507198446585 64.79318542647114 75.695919000000018 8.5000000000000018 3.9204045000000041 1885.291666666667 558.50000000000011 8.3833058819434658 1826.5000000000002 72.327090000000013 3996.0000000000005 65.458665938400756 2634.5000000000005 600.50000000000011 1.9533806450950231 28487.500000000004 47.309831500000008 27563.291666666668 100232.50000000001 32694.500000000004 12.918224994369973 903.50000000000011 26.225000000000005 55.343340000000005 24849.416666666668 -0.67632489833769671 1653.0000000000002 1800.5000000000002 -1.0749999999999991 3.9908372743466192 2.5000000000000004 1.8062653261032633 125395.50000000001 70077.000000000015 1576.0000000000002 27.625000000000004 705.27083333333348 1.5000000000000002 61.093732408019356 93427.500000000015 52.785864572765256 19.775000000000002 1117.5000000000002 12.608104802777069
decision_type=2 2 2 2 2 2 2 2 2 2 2 2 2 2 2 2 2 2 2 2 2 2 2 2 2 2 2 2 2 2 2 2 2 2 2 2 2 2 2 2 2 2 2 2 2 2 2 2 2 2 2 2 2 2 2 2 2 2 2 2 2 2
left_child=2 16 10 -3 22 14 -7 8 9 -8 11 12 20 31 33 -16 42 -18 19 -5 -1 -19 59 -24 -12 26 -26 51 -29 -30 -31 32 -13 34 -6 -36 -35 39 -39 40 -38 -33 46 -44 49 -46 47 -2 -49 -45 -51 52 53 -23 -55 56 57 -27 -57 -4 61 -61
right_child=1 3 4 18 5 6 7 -9 -10 -11 24 13 -14 -15 15 -17 17 21 -20 -21 -22 27 23 -25 25 55 -28 28 29 30 -32 41 -34 36 35 -37 37 38 -40 -41 -42 -43 43 44 45 -47 -48 48 -50 50 -52 -53 -54 54 -56 58 -58 -59 -60 60 -62 -63
leaf_value=-2.5667533543577488 -3.1697266206765131 15.702023846852377 -4.4279873620891594 -2.9330946242213591 -1.0543252936029697 -2.6965070173992634 0.48280162642104368 -0.25032396216373198 0.17320928821379852 2.1465329163565277 -5.4595063181238368 4.1552429469648073 3.5229673043783993 3.2021307660212313 -1.2326802930419414 0.63780022452144913 2.2118844887468034 0.26836556686042862 12.237132550524372 13.779912745637027 0.68638950684186306 -0.30528593565421602 1.565179971439272 -3.7136652248876678 1.3993481410643849 -1.5273159544936006 -0.18988731894073846 1.8983587711347643 -0.13166563403884038 1.4659165278098627 -1.6169954806264872 0.25801985712794984 -7.2720173435533795 -3.9431840669536928 -3.4277477815127013 0.51693821190394285 -1.49730213721348 -0.012278037850961812 0.51311038580924184 -0.26066880946305987 0.1088864744467649 -4.8760174680305637 -1.7431872899974779 -0.92613681872283526 3.7020553545361023 0.18627805566712333 -0.50694259637811012 2.0735894546922324 -0.032567106853756633 5.5955496987647981 -0.68361243085279499 2.6803651215826272 -0.4661649921198146 0.57912113797341136 -0.0084204756744126683 0.10760273682450956 -2.4653455989823527 0.69331660498307879 -2.2912268480946585 -3.2374797013007526 -2.749994212116309 0.43337092022951018
leaf_weight=101 25 29 649 42 26 79 21 38 33 23 2423 30 37 20 32 27 30 23 31 20 21 57 34 40 22 26 33 27 86 38 22 21 53 167 21 27 63 38 21 134 30 692 66 42 21 35 371 20 20 20 40 32 162 20 36 29 38 28 262 52 226 74
leaf_count=101 25 29 649 42 26 79 21 38 33 23 2423 30 37 20 32 27 30 23 31 20 21 57 34 40 22 26 33 27 86 38 22 21 53 167 21 27 63 38 21 134 30 692 66 42 21 35 371 20 20 20 40 32 162 20 36 29 38 28 262 52 226 74
internal_value=-0.00137238 0.000168808 -0.00172902 0.00459459 -0.000782708 0.000419176 0.00270479 0.00557776 0.00863813 0.012585 -0.00218581 -0.00124295 0.00131992 -0.00174611 -0.000332708 0.0035533 -0.00028162 0.000709059 0.00212674 -4.83099e-05 -0.000270271 0.000214668 -0.00165752 0.001417 -0.00250603 -0.00134901 0.00239564 -5.6239e-05 0.00149047 0.000472279 0.00344426 -0.00194071 0.000577617 -0.000774047 0.00182186 0.00442827 -0.00120503 -0.000367005 0.00304568 -0.00126816 0.000515574 -0.00223812 -0.0010862 6.69337e-05 0.00115749 0.00390374 -0.00168539 0.00110599 0.00366583 -0.000323213 0.00144759 -0.000937806 -0.00135224 0.00015915 0.00229946 -0.00189507 -3.2574e-05 0.00194085 -0.00247338 -0.00188792 -0.00103096 0.00078509
internal_weight=7006 1315 5691 122 1855 780 194 115 77 44 3836 975 159 816 586 59 1193 533 93 62 122 503 1075 74 2861 438 55 480 173 146 60 796 83 527 74 48 453 286 59 227 93 713 660 224 158 56 436 65 40 102 60 307 275 113 56 383 92 54 291 1001 352 126
internal_count=7006 1315 5691 122 1855 780 194 115 77 44 3836 975 159 816 586 59 1193 533 93 62 122 503 1075 74 2861 438 55 480 173 146 60 796 83 527 74 48 453 286 59 227 93 713 660 224 158 56 436 65 40 102 60 307 275 113 56 383 92 54 291 1001 352 126
is_linear=0
shrinkage=0.03


Tree=82
num_leaves=63
num_cat=0
split_feature=47 0 16 19 61 18 47 43 31 67 61 33 53 27 47 62 45 47 50 25 12 56 26 62 30 62 50 13 43 65 58 58 20 37 62 39 68 40 66 35 40 1 19 0 58 67 4 48 62 48 3 18 66 16 62 3 19 2 29 22 53 4
split_gain=3.67806 2.72377 2.4527 1.47866 2.83433 1.40085 1.35007 1.40017 1.34876 2.42412 1.46495 1.59156 1.28981 1.2954 1.21707 1.40893 1.17421 1.32269 2.43658 2.73642 1.30623 1.16725 1.87861 1.04391 1.02167 0.958003 1.12332 0.773281 0.674874 1.01065 0.665888 0.629327 0.748294 0.609024 0.601162 0.576005 1.27322 1.69813 0.739193 0.644472 0.75811 0.571553 0.572001 0.551425 1.13523 0.924133 0.515094 0.824777 1.72984 0.577408 0.681328 1.19676 0.542375 0.876022 0.489804 0.413643 0.411289 0.388198 0.383173 0.889454 0.368173 0.467395
threshold=3561.0000000000005 85931.500000000015 70.500000000000014 25.725000000000005 4095.5000000000005 -8.3749999999999982 498.50000000000006 29314.000000000004 61.417344800931048 142816.00000000003 3357.5000000000005 4.3673294527553859 1387.5000000000002 9.1269723132183014 243.50000000000003 1827.8958333333337 32776.500000000007 603.50000000000011 416.43750000000006 61.664127500000014 92683.000000000015 977.00000000000011 73.40512197916668 2195.3958333333339 46.735554734315343 1201.7500000000002 633.33333333333348 115512.00000000001 29314.000000000004 547.50000000000011 620.06250000000011 3762.3333333333335 19.538541666666671 16458.500000000004 984.87500000000011 45046.000000000007 103932.50000000001 43308.500000000007 5175.0416666666679 14976.000000000002 37669.000000000007 22.475000000000005 -0.97499999999999987 80320.000000000015 1897.7916666666667 86279.500000000015 3.5000000000000004 298.50000000000006 2000.4375000000002 885.50000000000011 64.014273847436314 23.475000000000005 1060.5416666666667 -5147.4999999999991 1141.1666666666667 61.150558780542625 25.075000000000006 58.557819500000008 48.152520737168075 0.35000000000000037 1501.5000000000002 21.500000000000004
decision_type=2 2 2 2 2 2 2 2 2 2 2 2 2 2 2 2 2 2 2 2 2 2 2 2 2 2 2 2 2 2 2 2 2 2 2 2 2 2 2 2 2 2 2 2 2 2 2 2 2 2 2 2 2 2 2 2 2 2 2 2 2 2
left_child=1 28 6 4 27 14 34 21 9 10 11 12 24 -14 -4 -16 17 18 56 -20 -21 33 -23 -17 -7 26 57 -2 29 -1 -12 32 -19 -8 -3 38 37 -37 -27 40 -40 42 -31 -44 45 -45 47 48 -9 -49 51 55 53 -52 -48 -51 -15 -26 59 -46 -10 -62
right_child=3 2 5 -5 -6 8 7 46 60 -11 30 -13 13 16 15 23 -18 31 19 20 -22 22 -24 -25 25 35 -28 -29 -30 41 -32 -33 -34 -35 -36 36 -38 -39 39 -41 -42 -43 43 44 58 -47 54 49 -50 50 52 -53 -54 -55 -56 -57 -58 -59 -60 -61 61 -63
leaf_value=0.1909982827368836 3.6746838970044413 0.4081988379474491 -10.983751733679174 -0.6946861114773607 17.699310199243069 0.71318054281072008 -1.4014994239644467 -2.214761130302648 -4.0868383965824346 11.374498690151233 0.33341749292929046 3.8479113001387546 1.0541349879757083 -2.6988070163609139 10.15599621024869 -0.13432879954284246 -0.52937938662299122 0.054649125120283026 0.42848506449733342 -0.014202993529559798 0.48469794396986887 0.10843896814381507 3.2261194668253506 6.7458746594073551 0.14863858807218511 -4.0810290205323829 0.62613383368935482 -2.8920227912808998 -5.4408379579555755 1.5184182470997358 -1.6415804356652313 -0.4680822039377332 -0.057948533986308351 1.532813569412987 -5.324795164726968 -2.9249423021642555 -0.36547457591381743 2.2190783435095773 1.2398124485219264 -2.578258107980798 -1.70905854056531 0.59637510163021534 -5.4464281765565881 2.2587541394965927 0.96432969325104523 -0.57648955071933516 3.8826679223459841 -1.4138434594695855 0.54314583884530165 0.23381863653717724 -4.3507310986610435 0.19790430473934134 -0.092274686654286536 0.090246866528486652 -1.7420758278937529 -0.56575730654802647 0.3671121491030887 -4.4511755373544126 -3.4599414948162308 -3.594894132113085 -0.15570624507444905 0.39435678677434899
leaf_weight=25 26 22 23 27 31 25 58 21 257 20 25 38 36 46 20 32 71 28 24 30 37 39 22 23 20 330 21 20 1065 20 354 65 60 38 1118 27 119 22 31 33 31 39 649 23 22 28 23 155 22 20 25 21 129 31 496 26 20 23 317 30 465 62
leaf_count=25 26 22 23 27 31 25 58 21 257 20 25 38 36 46 20 32 71 28 24 30 37 39 22 23 20 330 21 20 1065 20 354 65 60 38 1118 27 119 22 31 33 31 39 649 23 22 28 23 155 22 20 25 21 129 31 496 26 20 23 317 30 465 62
internal_value=-0.00141091 -0.00149563 -0.00108431 0.00417867 0.0063035 -0.000418098 -0.00179383 -0.00105231 -0.000567649 -4.88257e-05 -0.000187983 0.000348254 0.000136475 0.00145289 0.00308868 0.00495339 0.000928889 0.0017317 0.00366645 0.00684962 0.00366617 0.00156588 0.00481178 0.00239564 -0.000664126 -0.000894842 0.0025741 0.00149675 -0.00236283 -0.0018524 -0.00180427 -0.000235141 0.00139614 -0.000468263 -0.00252346 -0.00127466 0.000196311 0.00427699 -0.00186309 0.00044164 0.00227053 -0.00198653 -0.00211551 -0.00221121 -0.00134968 0.002818 -0.00147972 -0.000726506 0.00320186 -0.0011496 -0.000249902 0.00232489 -0.00119935 0.00122995 -0.00212676 -0.00032538 -0.000680787 -0.000139212 -0.00193444 0.00040307 -0.00158016 -0.00111554
internal_weight=7006 6902 4684 104 77 2418 2266 1126 2320 1536 1516 1137 1099 417 98 75 381 310 157 91 67 157 61 55 682 657 64 46 2218 1153 379 153 88 96 1140 593 168 49 425 95 62 1128 1089 1069 420 51 969 450 43 407 252 67 185 56 519 46 66 43 369 52 784 527
internal_count=7006 6902 4684 104 77 2418 2266 1126 2320 1536 1516 1137 1099 417 98 75 381 310 157 91 67 157 61 55 682 657 64 46 2218 1153 379 153 88 96 1140 593 168 49 425 95 62 1128 1089 1069 420 51 969 450 43 407 252 67 185 56 519 46 66 43 369 52 784 527
is_linear=0
shrinkage=0.03


Tree=83
num_leaves=63
num_cat=0
split_feature=47 47 16 38 4 54 26 21 33 66 17 39 68 16 68 15 7 38 21 31 15 36 29 61 57 24 33 48 48 60 45 62 45 53 1 38 30 21 70 38 23 0 45 66 24 62 49 3 61 1 17 68 49 20 51 17 34 61 28 24 34 56
split_gain=3.70999 3.02495 2.34522 1.76696 1.56085 2.00793 2.31299 1.6438 2.15754 1.54868 1.54331 1.46268 1.40004 1.23449 1.41773 1.10873 2.54916 1.03578 1.66274 1.66092 0.997539 1.21865 0.96923 0.784402 1.12257 0.783182 1.81062 1.11343 2.02255 0.690552 1.19833 1.86341 0.667005 0.656192 2.08432 1.09737 0.832749 0.633943 0.603861 0.90368 1.39198 0.649428 1.62254 0.674286 0.57781 0.55456 0.529849 0.833765 0.520772 0.515481 0.788389 0.511478 0.479925 0.429516 0.903526 0.752088 1.57353 0.404513 0.385461 0.637386 0.342481 0.357801
threshold=470.50000000000006 5619.5000000000009 317.50000000000006 30517.645833333336 13.500000000000002 1481.2500000000002 85.738332000000028 4.4121730611602459 2.826954489427485 4125.1458333333348 4.0250000000000012 49688.500000000007 82302.500000000015 -2844.4999999999995 107011.50000000001 11454.737904589418 18.500000000000004 16806.791666666668 1.6092963315493234 56.516835392258344 18839.341941028037 27803.500000000004 63.85781894423814 5502.5000000000009 1929.5000000000002 57.536420000000007 3.027489248885006 226.50000000000003 506.50000000000006 870.50000000000011 32415.500000000004 2004.7708333333337 32029.500000000004 1848.5000000000002 23.375000000000004 14656.395833333334 66.365517971143419 2.6421609462095481 84034.666666666672 12419.437500000002 65.084275000000005 95005.500000000015 29034.500000000004 5327.854166666667 70.204018000000005 2352.854166666667 621.50000000000011 56.064141967873049 883.50000000000011 24.225000000000005 26.025000000000002 86092.500000000015 719.50000000000011 1.4343750000000004 596.50000000000011 1.0750000000000004 0.14895914860584017 4011.0000000000005 -3.4742949999999975 67.857783000000012 -0.15006155688217501 17.500000000000004
decision_type=2 2 2 2 2 2 2 2 2 2 2 2 2 2 2 2 2 2 2 2 2 2 2 2 2 2 2 2 2 2 2 2 2 2 2 2 2 2 2 2 2 2 2 2 2 2 2 2 2 2 2 2 2 2 2 2 2 2 2 2 2 2
left_child=2 3 53 13 10 25 7 11 -9 -5 12 29 -4 23 15 17 -17 18 -15 -19 33 -22 -14 60 -25 26 27 32 -29 -7 31 -31 -6 -16 35 -35 52 -24 39 51 -41 45 -43 49 -37 -40 -27 -48 -28 -44 -51 -20 57 54 -1 -56 -57 -36 59 -54 -2 -62
right_child=1 -3 4 9 5 6 -8 8 -10 -11 -12 -13 22 14 20 16 -18 19 38 -21 21 -23 37 24 -26 46 48 28 -30 30 -32 -33 -34 34 36 44 -38 -39 41 40 -42 42 43 -45 -46 -47 47 -49 -50 50 -52 -53 58 -55 55 56 -58 -59 -60 -61 61 -63
leaf_value=2.3952284274881155 -2.8439905449447234 16.873109210923239 1.7453612947936479 -5.878713718998914 -3.9859776818147976 -2.4034940334560613 1.630876240975941 0.045232386619311768 0.99497238020530621 12.539765652758973 -5.2205049368506105 0.09564133459332616 -2.1006912998120963 1.1067066449376011 -0.51939320117421828 2.0457917343145589 -0.038972925304325889 0.50874374035968595 0.19294741199541365 -0.041996726181141239 -0.58364746242563814 11.0332637294467 5.267348510663771 1.2687388178704506 -0.24833927558874028 -5.6956523284826428 0.12148055561711356 2.642224438488376 -0.35019281471196317 -0.13270489549809211 -2.749321370355343 0.31805120027811684 1.1083307430334832 0.77694696962827647 -0.27294576084344419 -0.64216677886147677 4.2336408810686645 -0.030528365838451348 -1.2774686542519234 0.50351943671163291 -0.027306092218624331 3.0568643880321704 -0.96776708745361928 0.20528969490157584 0.032590287994097474 0.2732381463255803 0.95562257809674334 -3.2682700051390561 -3.3412774418858198 0.10425887642000327 -0.61384813367367819 -2.7309298020169441 -0.15841311381332082 -5.3074451126588782 -6.5915515731238825 -5.1067730584843902 3.0583753919091512 4.1019236801329395 -0.24277168392948165 1.5220901097895778 0.0086444957252533507 -0.73025754281408883
leaf_weight=36 406 34 24 23 27 133 28 37 20 37 862 35 222 21 526 20 33 29 37 35 21 20 20 20 29 337 23 22 20 37 45 22 20 35 22 20 26 21 185 35 35 26 107 26 20 22 22 26 131 27 49 46 41 1844 359 46 30 20 233 20 90 181
leaf_count=36 406 34 24 23 27 133 28 37 20 37 862 35 222 21 526 20 33 29 37 35 21 20 20 20 29 337 23 22 20 37 45 22 20 35 22 20 26 21 185 35 35 26 107 26 20 22 22 26 131 27 49 46 41 1844 359 46 30 20 233 20 90 181
internal_value=-0.00142376 -0.000511518 -0.00194736 -0.000632556 -0.00122722 -0.000347174 0.00144497 0.000729261 0.00535902 0.00444259 -0.00197894 -0.000231533 -6.26966e-05 -0.000757583 -0.000321226 0.000679306 0.00485876 0.000348477 -2.43474e-05 0.00397816 -0.00105468 0.00350365 -0.000706956 -0.00179727 0.00183299 -0.0013708 -2.46819e-05 0.003367 0.00691211 -0.00108815 0.00072046 0.0035533 0.000127388 -0.00125221 -0.000384352 0.00415446 -0.00133389 0.00350365 -0.000322636 0.00129327 0.00380884 -0.00088894 0.000178647 -0.000688666 0.000673316 -0.00211492 -0.00221241 0.00068607 -0.00200519 -0.00134353 0.000512483 -0.000794225 -0.00174055 -0.00260982 -0.00178306 -0.00216502 0.000512483 0.0012114 -0.00217273 -7.14085e-10 -0.00206469 -0.00121726
internal_weight=7006 2557 4449 2523 2134 985 357 329 57 60 1149 272 287 2463 1737 733 53 680 616 64 1004 41 263 726 49 628 243 89 42 237 104 59 47 963 437 75 362 41 595 153 70 442 235 209 40 207 385 48 154 183 76 83 336 2315 471 435 76 42 294 61 677 271
internal_count=7006 2557 4449 2523 2134 985 357 329 57 60 1149 272 287 2463 1737 733 53 680 616 64 1004 41 263 726 49 628 243 89 42 237 104 59 47 963 437 75 362 41 595 153 70 442 235 209 40 207 385 48 154 183 76 83 336 2315 471 435 76 42 294 61 677 271
is_linear=0
shrinkage=0.03


Tree=84
num_leaves=63
num_cat=0
split_feature=47 38 57 50 67 41 54 56 52 7 61 1 6 22 18 68 50 0 43 25 31 36 29 18 55 56 60 57 47 25 15 43 55 21 22 23 22 59 34 58 63 23 29 23 55 26 29 66 44 24 37 1 41 55 1 64 28 63 52 17 48 43
split_gain=3.92775 2.63614 2.09623 2.29434 1.93293 1.82787 1.73193 1.54639 1.96654 1.43146 2.02896 0.981394 1.31509 0.962383 0.925253 1.48404 1.62337 1.53695 0.878349 1.20864 1.73649 0.774578 0.653916 0.649976 0.577955 0.899467 0.764215 0.739965 0.902772 0.689721 0.634021 0.880189 0.823338 0.859996 0.862539 1.54564 0.776751 0.850987 0.68919 0.622871 0.979203 0.569246 0.545448 0.542737 0.773532 0.512344 0.798968 0.474159 0.696919 0.599524 0.84221 0.705308 0.494832 0.468049 0.441086 0.353316 0.739432 0.986874 0.351402 0.346085 0.576835 0.328876
threshold=424.50000000000006 30517.645833333336 5218.0000000000009 510.14583333333343 154605.50000000003 43821.500000000007 2058.9375000000005 9869.5000000000018 1800.5000000000002 17.500000000000004 717.50000000000011 2.1750000000000003 3.5000000000000004 -0.94999999999999973 19.775000000000002 90604.000000000015 255.33333333333334 85931.500000000015 27549.500000000004 62.279426500000007 53.942530137845431 11881.000000000002 60.675692126353717 18.675000000000001 529.50000000000011 28.500000000000004 4962.5000000000009 1.0000000180025095e-35 654.50000000000011 46.727905000000007 4499.9367863849739 32460.500000000004 10904.000000000002 1.669643098399902 1.8000000000000005 72.584687000000017 0.5749999999999994 600.50000000000011 -0.40405660391364501 3380.229166666667 6068.5000000000009 67.597910000000013 65.648235164429735 55.56710300000001 1610.5000000000002 66.649984562500023 55.767438162531583 1182.3333333333337 32497.500000000004 72.910545500000026 21361.000000000004 28.125000000000004 37432.500000000007 7676.5000000000009 -11.074999999999998 1522.0000000000002 3.5894675000000054 3235.5000000000005 2301.5000000000005 26.125000000000004 1509.5000000000002 28730.000000000004
decision_type=2 2 2 2 2 2 2 2 2 2 2 2 2 2 2 2 2 2 2 2 2 2 2 2 2 2 2 2 2 2 2 2 2 2 2 2 2 2 2 2 2 2 2 2 2 2 2 2 2 2 2 2 2 2 2 2 2 2 2 2 2 2
left_child=2 4 11 13 18 -3 -7 9 -9 53 -11 12 21 -4 22 16 -16 -18 19 20 -2 -1 -15 -21 26 -26 27 28 -20 -29 -27 32 33 41 36 -36 37 -35 -39 61 47 -32 43 44 -23 46 -17 49 52 50 51 -41 -49 -5 -30 -33 -57 -58 -13 -31 -61 -40
right_child=1 5 3 7 -6 6 -8 8 -10 10 -12 58 -14 14 15 45 17 -19 24 23 -22 42 -24 -25 25 30 -28 29 54 59 31 55 -34 34 35 -37 -38 38 39 40 -42 -43 -44 -45 -46 -47 -48 48 -50 -51 -52 -53 -54 -55 -56 56 57 -59 -60 60 -62 -63
leaf_value=1.1739535479281549 -0.41560343588702814 -7.8300514610552971 1.5724914497361282 -3.5428035114454666 15.526370633518152 13.361778500525551 3.5318089571385411 0.26002564719694954 0.040061682581868867 1.370640069198529 -0.51616894242627953 -5.0933733120699847 1.8890667848972547 -5.392899401654752 -3.2079996479096295 -2.02993900845834 0.46357129650977658 2.417072854180732 0.71157158591391467 -0.49627298063038189 1.0818714353685579 -5.7852139250583914 1.3487330217636202 0.68912084278360242 0.2990767156669572 0.31441152264234701 0.14923280654598539 4.469436645006053 0.55189166984230809 -1.7713668588927696 0.20907492580686921 -0.68094577629329722 0.8226295815941943 0.11750998425388938 1.0638474000088738 -0.64547571681153415 -0.19044458559450486 0.046522159396509173 0.042143281940825582 -0.70803382386941249 0.67293732213999136 4.5744530435309363 1.1315038077852761 -6.0467386109518646 0.50169820681747135 -4.2066725806462246 0.7165845147601223 0.0279542619640069 0.055158789296419111 1.5932376629847356 -0.25929423290221976 4.1502315438884967 -0.6273730606591601 0.11256712203038351 -1.03711087953155 -0.80369800946507597 0.30524618069870524 -1.4723045024042249 1.2679030605988346 0.19449491686675202 -2.1013443641509224 -0.54818042085758245
leaf_weight=21 24 25 24 97 25 33 21 22 24 38 35 2375 31 545 44 74 20 20 28 74 26 32 20 20 20 31 20 24 20 754 20 153 37 20 26 27 221 36 44 23 28 24 28 652 21 120 29 31 21 25 55 20 180 30 52 214 20 24 21 28 26 183
leaf_count=21 24 25 24 97 25 33 21 22 24 38 35 2375 31 545 44 74 20 20 28 74 26 32 20 20 20 31 20 24 20 754 20 153 37 20 26 27 221 36 44 23 28 24 28 652 21 120 29 31 21 25 55 20 180 30 52 214 20 24 21 28 26 183
internal_value=-0.00136381 -0.000460662 -0.00192362 -0.000816917 -0.000625553 0.00493047 0.00804066 0.00174319 0.00670282 0.000584707 0.00393981 -0.00231995 -0.00139091 -0.00152327 -0.00168903 -0.000351678 0.0030321 0.00740648 -0.000707224 0.00156141 0.00532934 -0.00164302 -0.00241019 -0.000414453 -0.000842677 -0.000469288 -0.00142107 -0.00154812 0.00086913 -0.00184233 -0.000557721 -0.000651492 -0.000176281 -0.000344478 -0.000539305 0.00316384 -0.000764289 -0.000247711 -0.000441109 -0.000683495 4.69844e-05 0.0037415 -0.00180876 -0.00197419 0.000903954 -0.00164052 -5.81966e-05 -0.000371727 -0.00117622 0.00112104 3.05803e-05 0.00320186 -0.00170535 -0.00132179 -0.000873787 -0.00182437 -0.00112747 0.00238095 -0.00262301 -0.00199357 0.000277264 -0.00192867
internal_weight=7006 2683 4323 1142 2604 79 54 246 46 200 73 3181 785 896 872 307 84 40 2579 144 50 754 565 94 2435 1483 952 932 100 832 1463 1432 1021 984 940 53 887 666 646 610 383 44 733 705 53 223 103 355 232 123 98 43 211 127 72 411 258 44 2396 808 54 227
internal_count=7006 2683 4323 1142 2604 79 54 246 46 200 73 3181 785 896 872 307 84 40 2579 144 50 754 565 94 2435 1483 952 932 100 832 1463 1432 1021 984 940 53 887 666 646 610 383 44 733 705 53 223 103 355 232 123 98 43 211 127 72 411 258 44 2396 808 54 227
is_linear=0
shrinkage=0.03


Tree=85
num_leaves=63
num_cat=0
split_feature=38 49 55 54 20 10 44 15 29 39 47 53 12 19 10 23 39 12 52 34 49 28 22 48 49 66 23 37 51 37 47 25 25 5 27 56 37 55 4 15 20 34 29 64 34 30 43 24 58 52 52 66 48 48 48 1 19 52 38 57 1 52
split_gain=3.8168 3.56178 2.67974 2.26166 1.48114 1.73303 1.95168 1.55403 1.24711 1.46483 1.15443 1.14917 1.01118 0.98678 0.852426 1.09697 1.99471 3.34045 0.939601 1.37819 0.928407 0.986543 1.56086 1.84917 1.06571 1.13858 1.85211 1.04666 0.925198 0.903828 0.844378 0.824743 0.814526 0.919522 0.801814 0.788509 0.732161 0.65381 0.63296 1.21971 0.919402 1.0217 1.46143 0.77241 0.752712 0.728402 1.92182 1.03983 0.583974 0.742392 0.808452 0.564817 0.614557 1.39191 0.560885 0.9241 0.538769 0.832628 0.526181 0.47534 0.473375 0.470371
threshold=29182.895833333336 898.50000000000011 529.50000000000011 871.89583333333337 5.1677083333333345 0.56392291514228221 29574.500000000004 4249.324520926104 61.75255473737959 45594.000000000007 3883.5000000000005 663.50000000000011 110669.50000000001 11.425000000000002 0.96386255839173451 87.983910000000023 42807.500000000007 107640.00000000001 855.50000000000011 0.053329851142642333 1921.0000000000002 2.3409965000000068 -0.57499999999999918 910.50000000000011 568.50000000000011 3320.8958333333339 60.429210500000003 14497.000000000002 1996.5000000000002 10123.000000000002 558.50000000000011 67.949470000000019 55.611759000000006 2.5000000000000004 15.245917796700335 32.500000000000007 10795.500000000002 42.500000000000007 19.500000000000004 4868.6892618071206 17.736458333333339 0.074485010940378529 53.212828678235383 192.50000000000003 0.41270755422783983 54.447362521896821 30234.500000000004 46.478882000000006 3907.0833333333335 2019.5000000000002 2401.5000000000005 7654.6875000000009 167.50000000000003 103.50000000000001 506.50000000000006 21.475000000000005 27.975000000000005 1410.5000000000002 29632.333333333339 1536.5000000000002 20.975000000000005 591.50000000000011
decision_type=2 2 2 2 2 2 2 2 2 2 2 2 2 2 2 2 2 2 2 2 2 2 2 2 2 2 2 2 2 2 2 2 2 2 2 2 2 2 2 2 2 2 2 2 2 2 2 2 2 2 2 2 2 2 2 2 2 2 2 2 2 2
left_child=2 10 4 51 5 13 7 -7 -8 -10 12 -5 -2 61 15 18 36 -18 19 60 21 29 24 27 -23 32 -27 -24 -19 34 -6 -21 -26 -34 -20 -11 -17 -32 40 -40 -31 42 -42 -44 45 -41 -47 -48 49 -39 -51 -4 53 -53 55 -36 -43 -58 -14 -35 -13 -1
right_child=1 -3 3 11 30 6 8 -9 9 35 -12 14 58 -15 -16 16 17 28 20 31 -22 22 23 -25 25 26 -28 -29 -30 38 37 -33 33 59 54 -37 -38 48 39 44 41 56 43 -45 -46 46 47 -49 -50 50 -52 52 -54 -55 -56 -57 57 -59 -60 -61 -62 -63
leaf_value=-0.2593759765485607 8.5701332612179506 17.620352190355185 -5.0351588285332793 -3.9996400778221033 -4.9355882664750439 5.0083007344285653 -2.4159756110195469 -0.057458924575847642 1.8113295788765789 1.3462319571266674 11.29519005712149 -4.3690515568224102 2.0181608354277971 0.47336053367922365 -5.2212201274498016 0.22343449949655658 2.2725653469833031 4.13493482574422 0.67926489583856964 2.6952979969558091 -0.27424279045410072 -1.1448243346065974 1.0813224428151811 1.2609544385374776 -0.68085400746851821 -0.014635091546715384 2.3026194089011396 -0.48857266702043867 -0.74344979472678774 -2.3412377697696924 -2.5585035882662153 0.14929215373822419 7.658359716319997 0.037162112049959423 -4.2512926470101329 -1.9336417527317371 -1.7159322687019412 -0.12350841158290121 1.1417430838651654 -1.3234897247149444 0.37075600412527132 -0.73259334961333722 0.10548069615741157 -0.028656746031791306 -0.29654325134548221 0.79372946924303711 1.4270165109438575 -0.55056072369103493 -1.3984718738226347 1.2471006637801827 0.00077684558072655307 -4.708255584423326 -2.8915066260801376 2.6833883717127591 -0.5622121540014352 0.5302451008176754 0.062682845091219505 -0.17678969926870691 -0.99413342731319565 -0.28964789104003297 0.23330699882458028 -4.7013789794617784
leaf_weight=55 23 26 613 174 2000 21 173 22 34 39 27 35 32 36 122 21 25 20 39 22 255 137 25 21 62 29 25 29 24 338 399 27 28 37 22 40 62 66 20 31 20 200 20 163 215 30 29 80 70 20 30 22 54 22 43 20 27 79 106 39 20 461
leaf_count=55 23 26 613 174 2000 21 173 22 34 39 27 35 32 36 122 21 25 20 39 22 255 137 25 21 62 29 25 29 24 338 399 27 28 37 22 40 62 66 20 31 20 200 20 163 215 30 29 80 70 20 30 22 54 22 43 20 27 79 106 39 20 461
internal_value=-0.00134668 0.00259225 -0.00147127 -0.00086137 -0.00205563 -0.000987403 0.000729261 0.00668213 -0.000157288 0.00228117 0.00113238 -0.000451991 0.000148975 -0.00201594 -0.00028266 -0.000152646 0.00230769 0.00607815 -0.000326705 0.00244957 -0.000468228 -0.000227311 0.0010206 0.00495339 0.000184821 0.00148569 0.00526802 0.00194085 0.00102041 -0.000621322 -0.00241848 0.00610998 0.000234798 0.0018732 0.00181305 0 -0.000794225 -0.00140489 -0.000864948 0.000103677 -0.0013316 -0.000518563 0.0011226 0.000262151 -0.000264867 0.00121693 0.00215672 0.000274976 4.83604e-05 0.00136951 0.00413174 -0.00236254 -0.000214068 0.00238095 0.00014101 0.00263658 -0.00161712 8.48249e-05 -0.000803766 0.000118265 -0.000762251 -0.0023542
internal_weight=7006 214 6792 3326 3466 881 329 43 286 113 188 2615 161 552 2441 2319 152 69 2167 104 2063 1808 432 75 357 220 54 54 44 1376 2585 49 166 104 124 79 83 585 1252 405 847 509 203 183 385 170 139 109 186 116 50 711 98 44 85 42 306 106 138 76 55 516
internal_count=7006 214 6792 3326 3466 881 329 43 286 113 188 2615 161 552 2441 2319 152 69 2167 104 2063 1808 432 75 357 220 54 54 44 1376 2585 49 166 104 124 79 83 585 1252 405 847 509 203 183 385 170 139 109 186 116 50 711 98 44 85 42 306 106 138 76 55 516
is_linear=0
shrinkage=0.03


Tree=86
num_leaves=63
num_cat=0
split_feature=47 47 25 22 3 65 56 39 25 24 10 56 18 52 41 34 30 68 49 56 1 53 43 65 47 64 27 22 14 47 40 56 13 23 30 37 0 65 68 3 11 43 24 47 36 53 49 27 56 47 27 1 22 47 60 19 34 30 3 19 6 55
split_gain=4.01709 2.70193 2.58106 1.80249 1.89735 1.25987 1.0736 1.4684 1.27754 0.977386 1.01938 1.3853 1.9644 1.68788 1.31681 1.13772 1.35428 1.37069 0.920703 0.819967 0.776607 1.39497 0.756328 1.43058 1.42578 0.989447 1.09956 0.827783 0.793728 0.672278 0.874997 1.10447 1.06473 1.01867 1.51838 0.847957 0.814721 0.64049 1.36227 0.587518 0.570161 0.566377 0.847235 0.556789 0.529406 0.525301 0.615036 0.784665 0.706591 1.2436 0.60082 0.834781 0.512765 0.494867 0.819667 0.498816 0.520815 0.484526 0.451439 0.499875 0.438645 0.412252
threshold=2795.0000000000005 231.50000000000003 74.07632000000001 0.8000000000000006 65.564732701440519 4322.0000000000009 3624.5000000000005 41051.000000000007 54.070365000000002 89.748497000000015 0.56392291514228221 131.50000000000003 16.225000000000005 1576.5000000000002 35495.500000000007 -0.27947911279525067 48.19227974659514 86554.500000000015 573.50000000000011 10491.000000000002 2.1750000000000003 1637.5000000000002 32492.500000000004 1565.0000000000002 329.50000000000006 842.50000000000011 12.84649346062738 1.7500000000000007 83467.500000000015 594.50000000000011 45594.000000000007 8082.5000000000009 92571.000000000015 58.789800500000005 56.815522223433021 13028.000000000002 91441.500000000015 547.50000000000011 89804.000000000015 56.930436808307299 146437.50000000003 31505.500000000004 57.037386500000004 1171.0000000000002 12107.500000000002 1878.5000000000002 719.50000000000011 12.179589507736283 1610.5000000000002 1272.5000000000002 11.39711976177029 23.925000000000001 -1.0749999999999991 918.50000000000011 3236.5000000000005 19.975000000000005 -1.1683399343239811 50.094533884960349 52.670614136760484 20.175000000000001 9.5000000000000018 17.500000000000004
decision_type=2 2 2 2 2 2 2 2 2 2 2 2 2 2 2 2 2 2 2 2 2 2 2 2 2 2 2 2 2 2 2 2 2 2 2 2 2 2 2 2 2 2 2 2 2 2 2 2 2 2 2 2 2 2 2 2 2 2 2 2 2 2
left_child=1 6 40 4 -4 -6 20 37 -9 10 15 13 57 14 -12 53 17 -17 -16 41 21 44 23 24 27 -26 -27 -14 -25 58 31 32 35 -34 -35 36 39 38 -8 -31 -2 -10 -43 -36 -1 61 48 50 -47 -50 51 -48 -39 -3 55 56 -55 -13 59 -18 -60 -32
right_child=2 9 3 -5 5 -7 7 8 19 -11 11 12 22 -15 18 16 29 -19 -20 -21 -22 -23 -24 28 25 26 -28 -29 -30 30 45 -33 33 34 43 -37 -38 52 -40 -41 -42 42 -44 -45 -46 46 47 -49 49 -51 -52 -53 -54 54 -56 -57 -58 -59 60 -61 -62 -63
leaf_value=1.0274859866759938 -1.7874360115793937 -2.977920771153078 12.334763739688345 -5.0137944416083053 10.183729673632541 -3.7350897039493978 0.42208591367179982 0.6294664810550773 1.3593610338379307 -2.6907242892145709 4.7265509810005346 0.37373411957457564 1.3818842787350423 6.6363445059310475 -0.66689460672602874 0.77209292394275686 -1.7510484581349726 -0.36438964704618682 2.0305212673804434 0.14713590604088303 -4.8815420726522865 1.0416411332274911 -0.19463193920838165 0.26630970842866569 -0.016735049841272692 2.1337975808239311 0.13671317598127494 0.48765012638735855 -1.9699964569833028 -2.1180367138636287 0.18276695888145084 -0.5634723504308573 -0.056976695296579706 2.5206810992921236 0.35303402769676889 -0.16990375220844539 1.9216793065019913 1.5385793240369332 -3.89918918245109 0.40677954988324744 3.1486457721947065 2.3915936302185745 -4.0463520842606355 3.5764315532796895 -6.0340298571540441 -0.40245601217517923 0.62115387851543913 -0.21446675566455375 -0.014577055113614314 4.911500665337023 0.020735491523055722 -0.063551948663868277 -5.4831045496095241 0.10973791475835262 1.4883313352206031 -1.408792697319597 -1.0329551460427266 -3.089923104985306 -2.2751157416833308 0.79887717116709633 0.23308770174134114 -0.39595552615434626
leaf_weight=20 50 498 22 21 35 22 20 37 22 425 25 25 20 22 83 20 30 29 26 21 1665 31 63 20 40 20 29 20 64 24 33 65 38 20 31 81 23 23 28 21 27 20 152 20 519 31 34 235 21 20 30 73 616 20 39 111 55 253 516 32 33 337
leaf_count=20 50 498 22 21 35 22 20 37 22 425 25 25 20 22 83 20 30 29 26 21 1665 31 63 20 40 20 29 20 64 24 33 65 38 20 31 81 23 23 28 21 27 20 152 20 519 31 34 235 21 20 30 73 616 20 39 111 55 253 516 32 33 337
internal_value=-0.00137238 -0.00148834 0.003083 0.00626374 0.00834387 0.00535902 -0.00212942 -0.00127143 0.000678302 -0.000930755 -0.000751371 0.00024926 -0.000449378 0.00274824 0.00145414 -0.00103448 -0.000627679 0.00427699 0 -0.000195259 -0.00248848 -0.00152079 0.00133647 0.00219615 0.0041828 0.0020202 0.00488798 0.00890274 -0.000820453 -0.000767119 -0.000332425 0.000984215 0.00187137 0.00412466 0.00624473 0.000201207 0.00268722 -0.00199098 0.00130977 0.000266075 -0.00101167 -0.000819166 -0.00141197 0.00340509 -0.00188091 -0.000858618 -0.000155371 -0.000653051 0.00237171 0.0049635 0.00113785 5.60217e-05 -0.00224378 -0.00204121 -0.000852955 -0.00169264 0.000159786 -0.00223301 -0.00157094 0.000821255 -0.00184666 -0.00169414
internal_weight=7006 6829 177 100 79 57 3174 939 252 3655 3230 710 554 156 134 2520 1797 49 109 215 2235 570 276 213 129 89 49 40 84 1748 1137 323 258 109 71 149 68 687 48 45 77 194 172 51 539 814 444 372 72 41 137 107 639 723 225 186 75 278 611 62 549 370
internal_count=7006 6829 177 100 79 57 3174 939 252 3655 3230 710 554 156 134 2520 1797 49 109 215 2235 570 276 213 129 89 49 40 84 1748 1137 323 258 109 71 149 68 687 48 45 77 194 172 51 539 814 444 372 72 41 137 107 639 723 225 186 75 278 611 62 549 370
is_linear=0
shrinkage=0.03


Tree=87
num_leaves=63
num_cat=0
split_feature=38 49 55 54 20 63 16 55 63 66 38 54 53 16 56 21 43 24 50 52 55 34 15 54 25 33 53 24 25 18 39 61 66 3 63 43 25 45 3 50 39 3 57 56 28 15 16 34 61 52 59 0 34 49 16 2 15 17 59 21 5 21
split_gain=3.51874 3.65975 3.06746 1.61314 1.27315 1.28384 1.41586 2.25656 2.01167 1.28516 1.19198 1.63763 0.996964 0.950118 1.25221 1.86256 1.47361 1.53006 1.15091 1.0484 1.81065 1.21828 1.33581 2.33905 2.76933 3.20248 1.57329 1.17524 1.62324 0.8853 1.00983 0.875306 0.863278 1.6009 0.814694 0.799389 1.04529 1.19924 0.897469 0.767542 0.895181 2.00291 0.829513 0.759556 0.746882 0.677631 0.647151 0.640726 0.914862 0.6342 0.582613 0.901023 0.577475 0.996999 0.687824 0.551474 0.502909 0.846938 0.840984 0.500327 0.4992 0.533904
threshold=29182.895833333336 898.50000000000011 2072.5000000000005 871.89583333333337 5.1677083333333345 4253.5000000000009 473.00000000000006 28.500000000000004 3098.5000000000005 2850.2083333333335 31184.958333333339 2058.9375000000005 654.50000000000011 1.0000000180025095e-35 5488.5000000000009 1.6431807350165208 28999.500000000004 73.561395000000019 1607.8958333333337 855.50000000000011 9293.5000000000018 -0.025615956148897109 13802.913836316633 1462.3125000000002 61.379231000000011 2.6523340796110602 1706.5000000000002 72.642445000000023 74.518400000000014 0.27500000000000008 47186.500000000007 1627.5000000000002 7894.1250000000009 52.382967676703558 444.50000000000006 32531.500000000004 57.76166700000001 32364.500000000004 62.734785678965032 310.31250000000006 35895.500000000007 56.989895887276639 14.500000000000002 26.500000000000004 -1.1016819999999965 6976.8860629983592 3655.0000000000005 -0.13683019425642581 328.50000000000006 1144.5000000000002 552.50000000000011 103566.00000000001 1.2776981883233456 352.50000000000006 1169.5000000000002 51.642525000000006 7503.3948671057669 19.125000000000004 4048.5000000000005 2.65775074664815 1.5000000000000002 3.9110275682687541
decision_type=2 2 2 2 2 2 2 2 2 2 2 2 2 2 2 2 2 2 2 2 2 2 2 2 2 2 2 2 2 2 2 2 2 2 2 2 2 2 2 2 2 2 2 2 2 2 2 2 2 2 2 2 2 2 2 2 2 2 2 2 2 2
left_child=2 10 4 32 5 6 29 8 9 -8 44 -12 -5 14 15 -14 17 -17 -18 20 45 22 23 47 25 26 -25 -26 -29 -1 -31 -6 -4 -34 46 36 49 52 -39 -33 41 42 -41 -9 -2 -15 -24 48 -21 55 51 -7 60 -54 -55 -23 -42 58 -58 -36 61 -38
right_child=1 -3 3 12 31 50 7 43 -10 -11 11 -13 13 19 -16 16 18 -19 -20 21 -22 35 34 24 27 -27 -28 28 -30 30 -32 39 33 -35 59 -37 37 38 -40 40 56 -43 -44 -45 -46 -47 -48 -49 -50 -51 -52 -53 53 54 -56 -57 57 -59 -60 -61 -62 -63
leaf_value=-4.481733152776556 4.4917669254814214 16.753964184981232 -4.9334246086078171 -3.7723692372485274 -4.6247577236339108 -1.8601510795552438 3.3854280308198894 0.62030841626693745 4.999938477001356 -3.0246522474039685 10.73080361007626 -2.1117792262044306 1.3423852910322089 1.069507569611597 -2.5085965212480099 2.9175078078893057 -0.61715724696040686 -3.2990417424810259 1.9652108169914422 1.1202278408035011 0.93817769974659859 0.39855971670411078 1.9045269703889782 0.6549173237892969 -0.027800017615249202 1.7406582664257442 0.0050568459174896883 -0.11697978821707575 0.48314661734913639 -2.6890072677135852 0.53036347347958379 -3.8146838817557858 -4.5482357968108973 1.4894570708036872 0.11048279785186724 -2.4790069785206716 -0.86062588259442041 0.63776744105596372 0.084107135440685057 1.9873396240796473 -2.4443127253711538 2.4652198615692082 -2.2443002549640503 -1.833354076247069 -0.8209765684133884 -4.1367109749211393 -0.12268015513691914 0.25433233000263855 -2.6363302626325225 -0.25929928508268124 -3.6083290124725633 1.1173439363947866 1.1819829805112572 1.1298662808077831 -0.42948253470337006 -0.52413412327992925 -0.43961698415106493 -0.1646656882197893 1.0735634245619678 -0.79812895597820199 -0.47557399136920264 0.23844311730314413
leaf_weight=160 31 26 532 142 2028 74 23 23 36 32 24 24 20 20 239 23 285 20 21 20 28 20 28 26 65 20 32 20 28 60 26 366 42 22 25 221 20 31 39 20 124 24 47 63 109 28 21 20 98 344 495 20 22 20 29 35 22 263 29 107 123 21
leaf_count=160 31 26 532 142 2028 74 23 23 36 32 24 24 20 20 239 23 285 20 21 20 28 20 28 26 65 20 32 20 28 60 26 366 42 22 25 221 20 31 39 20 124 24 47 63 109 28 21 20 98 344 495 20 22 20 29 35 22 263 29 107 123 21
internal_value=-0.00132956 0.00245212 -0.00144918 -0.000699311 -0.00199283 -0.00107005 0.000184353 0.00223602 0.00553238 0.00185118 0.000972886 0.00505197 -0.000331698 -0.000167053 -0.00116922 -6.50237e-05 -0.00058436 0.00459397 -0.0013231 0.000234266 0.00366623 5.017e-05 0.00122917 0.0023701 0.00452119 0.00887324 0.00521515 0.00148541 0.00505197 -0.00127997 0.00114983 -0.00231125 -0.00208858 0.00117005 -0.000828272 -0.000596693 -9.79982e-05 0.00121927 0.00466476 -0.00152162 -0.000782461 0.00190999 -0.000715351 -0.00121951 -0.000406853 6.23693e-05 0.00244399 -0.000586532 -0.00144793 -0.0011125 -0.0019759 0.000159404 0.000178647 0.00244726 0 0.00185118 -0.00134901 -0.000697231 0.002818 -0.00206662 -0.000786107 0.00204379
internal_weight=7006 214 6792 2857 3935 1012 423 177 91 55 188 48 2261 2119 608 369 349 43 306 1511 76 1435 510 329 191 78 58 113 48 246 86 2923 596 64 181 925 704 305 70 895 529 91 67 86 140 48 49 138 118 399 589 94 235 71 49 55 438 314 51 132 164 41
internal_count=7006 214 6792 2857 3935 1012 423 177 91 55 188 48 2261 2119 608 369 349 43 306 1511 76 1435 510 329 191 78 58 113 48 246 86 2923 596 64 181 925 704 305 70 895 529 91 67 86 140 48 49 138 118 399 589 94 235 71 49 55 438 314 51 132 164 41
is_linear=0
shrinkage=0.03


Tree=88
num_leaves=63
num_cat=0
split_feature=47 16 38 16 50 4 53 70 26 17 1 57 57 61 42 46 65 16 47 11 68 62 60 65 25 26 66 47 30 42 21 10 3 25 11 28 26 43 61 62 37 42 60 60 47 21 15 60 59 62 27 7 47 18 60 19 32 69 20 37 4 18
split_gain=3.81302 2.69939 2.20722 2.29248 1.97117 1.88712 1.93212 1.80954 1.75758 1.36412 1.36265 1.19339 1.41108 1.10655 1.04537 1.01171 2.25018 2.02453 2.08749 1.00327 0.90666 0.869712 0.800586 0.806588 1.16711 1.32367 0.721119 0.713406 1.4347 0.682736 1.2227 0.676044 1.19408 1.41285 0.794492 1.24897 0.647094 0.644627 1.48804 0.644682 1.86734 0.598186 0.61711 0.783426 0.858816 1.03953 1.02415 0.69205 1.00379 0.502031 0.824282 0.478365 0.597981 1.15701 0.477221 0.65956 0.928163 1.18698 0.435678 0.726638 0.531926 0.925198
threshold=498.50000000000006 1.0000000180025095e-35 30517.645833333336 473.00000000000006 234.52083333333337 13.500000000000002 1321.5000000000002 138903.52083333334 85.738332000000028 4.0250000000000012 27.975000000000005 17.500000000000004 7.5000000000000009 229.50000000000003 47414.583333333343 31669.062500000004 956.50000000000011 924.00000000000011 239.50000000000003 86098.500000000015 91401.000000000015 2061.5833333333335 3715.0000000000005 5935.5000000000009 78.891633000000013 78.573596083333342 4125.1458333333348 847.50000000000011 56.410417639989795 32664.250000000004 4.198543462928968 0.74305326206722599 60.313314408217387 71.931865000000016 113207.50000000001 0.28247500000000164 50.476544937500002 28068.500000000004 1273.5000000000002 2563.6250000000005 13718.500000000002 44899.854166666679 5502.5000000000009 4918.5000000000009 1596.5000000000002 3.5531184931039372 17658.678260064222 4136.5000000000009 4359.5000000000009 2153.9375000000005 13.35516419758728 11.500000000000002 542.50000000000011 9.8250000000000011 2062.0000000000005 22.475000000000005 56.980417399583054 128521.00000000001 1.4343750000000004 14062.000000000002 19.500000000000004 0.27500000000000008
decision_type=2 2 2 2 2 2 2 2 2 2 2 2 2 2 2 2 2 2 2 2 2 2 2 2 2 2 2 2 2 2 2 2 2 2 2 2 2 2 2 2 2 2 2 2 2 2 2 2 2 2 2 2 2 2 2 2 2 2 2 2 2 2
left_child=1 58 4 26 -2 9 13 22 10 11 15 12 21 -7 -13 16 17 -8 -19 -18 -21 -3 29 27 25 -25 -4 -24 -29 30 -6 36 -33 -34 35 -35 -31 38 -15 -39 -41 -30 43 47 45 -45 -46 48 -43 -17 -51 52 53 -38 -54 -56 -57 -58 59 -1 -61 -62
right_child=2 5 3 -5 7 6 8 -9 -10 -11 -12 14 -14 37 -16 49 19 18 -20 20 -22 -23 23 24 -26 -27 -28 28 41 31 -32 32 33 34 -36 -37 51 39 -40 40 -42 42 -44 44 46 -47 -48 -49 -50 50 -52 -53 54 -55 55 56 57 -59 -60 60 61 -63
leaf_value=3.0130995370148432 2.6144458471236884 -0.85220973922037657 -6.0116928600247022 13.067406391405806 -0.25369953771898363 1.0046716278979428 -3.9881332048368918 11.955658629009388 1.2675656601261629 -4.4852508114381795 0.17718133133745431 -4.9438701577995179 1.7205182074902683 1.5020509290076227 2.7583420239450231 -2.5374450589714397 -4.2701272762413005 1.1610533054267047 0.058791680846209254 1.0767841908666891 -0.25156064589092364 0.98372818137938278 -1.8291426984182351 0.73322433344048388 -1.204008718682843 -0.010810303824678204 9.5526025848196383 1.8776777210909803 -0.4109293674244785 0.27910254221510994 0.50703876744867327 -2.6277766434011616 6.0721176845147422 1.1188142578394193 -1.4810794272839469 -1.7482203299114558 -3.5126163033941395 -4.4578794929298358 -2.9578798356786375 -3.7048992756425405 1.1051931683705101 6.2185750141119893 -0.082347716044401109 0.10012110990641505 -0.35784374072163921 0.024772004288554965 3.5104235355622242 -0.20076247998147306 -0.10332179228049794 -0.020845183577748578 0.085084596768390156 -0.6369497578774278 -0.69712821184334794 0.57732278840079365 -0.4342888116898474 -0.32492311819411762 0.20470032112391509 -0.8074370908252555 -4.5697198662435676 -5.7816528615905565 -5.0994030283962033 3.1892854382762366
leaf_weight=23 20 91 24 26 74 21 20 31 21 945 21 160 23 28 27 162 104 23 23 26 26 30 201 27 29 25 29 31 58 31 33 60 22 35 35 21 20 480 45 51 21 28 133 21 61 20 26 122 25 29 24 712 297 24 93 23 33 20 1699 369 24 20
leaf_count=23 20 91 24 26 74 21 20 31 21 945 21 160 23 28 27 162 104 23 23 26 26 30 201 27 29 25 29 31 58 31 33 60 22 35 35 21 20 480 45 51 21 28 133 21 61 20 26 122 25 29 24 712 297 24 93 23 33 20 1699 369 24 20
internal_value=-0.00132527 -0.00184189 -0.000375289 0.0045512 -0.000539501 -0.00114947 -0.000250645 -0.000619966 0.00118973 -0.0019395 0.000792403 -0.000271822 0.0017696 -0.00132333 -0.00185997 0.000425531 0.00185052 0.00649017 0.00995662 -9.6093e-05 0.00328215 0.000445912 -0.000716637 4.46034e-05 0.00288533 0.00558541 0.000903954 -0.000268559 0.000308512 -0.0011193 0.00117647 -0.00129374 0.000450606 0.00228117 0.000592754 0.00283422 -0.00153699 -0.00155495 0.00106703 -0.00190726 0.00070735 -7.89321e-05 0.000295803 0.00104916 0.00283372 0.00642336 0.00110218 -0.000239864 0.00259887 -0.00103208 0.00146893 -0.00164717 -0.000935111 0.00238095 -0.0012551 0 0.00208936 0.00429378 -0.00261908 -0.00175419 -0.00204793 0.00102041
internal_weight=7006 4536 2470 79 2391 2401 1125 2371 479 1276 458 331 144 646 187 437 222 66 46 156 52 121 2340 807 81 52 53 726 525 1533 107 1426 173 113 91 56 1253 625 73 552 72 494 436 303 128 41 87 175 53 215 53 1222 510 44 466 169 76 53 2135 436 413 44
internal_count=7006 4536 2470 79 2391 2401 1125 2371 479 1276 458 331 144 646 187 437 222 66 46 156 52 121 2340 807 81 52 53 726 525 1533 107 1426 173 113 91 56 1253 625 73 552 72 494 436 303 128 41 87 175 53 215 53 1222 510 44 466 169 76 53 2135 436 413 44
is_linear=0
shrinkage=0.03


Tree=89
num_leaves=63
num_cat=0
split_feature=47 16 38 16 53 70 25 25 45 70 35 16 59 2 63 11 43 64 32 66 31 55 25 53 52 57 25 25 25 13 64 37 16 16 53 20 21 16 57 13 20 37 4 44 18 1 36 17 47 22 22 16 65 70 31 54 45 55 34 21 16 51
split_gain=3.88458 2.56336 2.2482 2.29248 1.79913 1.78679 1.60929 2.562 1.01833 1.08829 1.35217 0.979427 0.947008 1.14196 0.919825 1.45039 2.66299 0.886931 0.889297 0.721119 0.705722 1.22912 1.79682 0.958294 1.36223 0.813686 0.805106 0.773565 0.664687 0.650345 0.958349 1.21186 0.618209 0.998984 1.20383 1.4753 1.00599 0.821717 1.27951 0.71961 0.59109 0.859245 0.57136 0.568485 1.14662 0.733773 0.564941 0.906843 0.536703 0.722244 0.616799 0.909015 0.515765 1.17291 0.487238 0.744074 0.479128 0.468509 0.466567 0.464361 1.27662 0.450249
threshold=424.50000000000006 317.50000000000006 30517.645833333336 473.00000000000006 1511.5000000000002 138903.52083333334 86.662060000000011 85.414955500000005 28140.500000000004 99179.979166666672 15878.500000000002 -2153.4999999999995 3185.5000000000005 89.781195000000011 551.00000000000011 90546.000000000015 32556.500000000004 7012.0000000000009 57.078222636861035 4125.1458333333348 57.06116260452972 75.500000000000014 79.171143000000015 2345.0000000000005 1723.0000000000002 4791.5000000000009 91.067960000000014 95.121055000000013 53.308544000000005 128977.00000000001 1133.5000000000002 19086.500000000004 -1159.4999999999998 427.50000000000006 1083.5000000000002 12.762500000000001 2.4049303803828272 3240.5000000000005 10054.500000000002 105054.50000000001 1.4343750000000004 14013.500000000002 21.500000000000004 29544.500000000004 1.4750000000000003 20.275000000000002 11330.500000000002 13.975000000000001 1518.5000000000002 -0.27499999999999858 -1.2500000000000002 -4844.9999999999991 798.50000000000011 93458.916666666686 59.572229407627134 1644.9166666666667 29601.500000000004 9796.0000000000018 -0.46848504436681532 1.4010000616347031 2233.5000000000005 596.50000000000011
decision_type=2 2 2 2 2 2 2 2 2 2 2 2 2 2 2 2 2 2 2 2 2 2 2 2 2 2 2 2 2 2 2 2 2 2 2 2 2 2 2 2 2 2 2 2 2 2 2 2 2 2 2 2 2 2 2 2 2 2 2 2 2 2
left_child=1 40 5 19 14 11 7 8 -6 52 -11 12 -2 48 15 -3 -17 43 28 -4 21 22 -13 26 -25 -26 59 -28 -19 30 -12 -32 -23 34 35 36 -34 39 -39 -35 41 -1 58 44 -16 -46 47 -30 56 50 51 -50 53 -10 -27 -56 -14 -57 -36 60 -22 -43
right_child=2 4 3 -5 6 -7 -8 -9 9 10 29 20 13 -15 17 16 -18 18 -20 -21 23 32 -24 24 25 54 27 -29 46 -31 31 -33 33 37 42 -37 -38 38 -40 -41 -42 61 -44 -45 45 -47 -48 -49 49 -51 -52 -53 -54 -55 55 57 -58 -59 -60 -61 -62 -63
leaf_value=1.8798908286952609 -3.8141187251658368 -4.0604522944919523 -5.831342074223965 12.675384199663634 0.40877572297292303 11.596988870139116 -4.600079444520575 2.5005520958061922 0.42770926411068733 0.52404969824157477 -0.0040283142676571983 1.0590109561449921 0.26939433897343507 0.29398591931821455 4.7918315708036383 1.0179376673195886 -9.7728103626747114 4.0340818753503083 0.51986284743180722 9.2660245072750467 -0.53629410200774641 -1.0021377820817685 -0.0088155922455556927 0.13532825059484341 1.3100697565537638 0.06283841871162156 3.2244417741942102 -0.16156021894749437 1.4543183057123583 -3.7368416438429741 -4.8119724682467204 0.68703530142013347 0.7522780994467515 -0.18453833735406105 0.18757663449768341 1.5244247442078422 -0.35356626639850119 -1.0632153511864129 0.49818895170800143 0.084569516816157098 -4.4662292281132103 1.8433379083396502 0.9095025442703748 -4.4689931456928385 -2.8456271990482143 0.16257497413690833 -4.9365138593916784 -4.3462211886955719 0.87718459544027494 0.68552128210178709 -0.30150154719620165 -0.17989175057439061 -3.0863973789948509 -2.4446122758481459 0.038730913480505502 -0.24554518661851932 -1.2850140334505848 0.033695402319968232 -2.4146208093808021 -0.22187714567947661 5.5778787265410097 -5.7900310623537576
leaf_weight=27 425 59 24 26 39 31 144 20 27 22 44 30 51 41 20 20 23 21 37 29 59 53 33 21 36 22 26 30 20 29 21 26 22 224 22 25 20 30 20 21 1796 34 25 880 300 30 98 23 21 33 115 33 143 29 20 128 168 23 47 729 20 391
leaf_count=27 425 59 24 26 39 31 144 20 27 22 44 30 51 41 20 20 23 21 37 29 59 53 33 21 36 22 26 30 20 29 21 26 22 224 22 25 20 30 20 21 1796 34 25 880 300 30 98 23 21 33 115 33 143 29 20 128 168 23 47 729 20 391
internal_value=-0.00132527 -0.00188198 -0.000427119 0.0045512 -0.00111898 -0.000579472 0.000358389 0.00134216 0.000781373 0.000246261 0.00225897 -0.000666901 -0.00147447 -0.000525861 -0.00164588 0.00108717 0.00529002 -0.00184312 0 0.000903954 -0.0002402 0.000613528 0.00456418 -0.000681268 0.00094762 0.000261894 -0.00115612 0.00229946 -0.000943863 0.000974187 0.0022393 0.00522293 0.000117854 0.000480157 0.00238361 0.00545454 0.00192399 -0.000548967 0.00293413 -0.00127295 -0.00258485 -0.0015992 0.000159404 -0.00214373 -0.0011054 -0.0015359 -0.00170092 0.00111369 -0.000997389 0.000103908 -0.000674158 0.00194085 -0.00117529 0.00122995 -0.000497152 -0.00105202 -0.00202647 -0.0017869 -0.00121563 -0.00139958 0.000758533 -0.00193366
internal_weight=7006 4323 2683 79 2075 2604 544 400 380 341 142 2573 887 462 1531 102 43 1429 199 53 1686 572 63 1114 250 229 864 56 162 120 91 47 509 456 161 67 42 295 50 245 2248 452 94 1230 350 330 141 43 421 202 169 54 199 56 193 171 219 151 69 808 79 425
internal_count=7006 4323 2683 79 2075 2604 544 400 380 341 142 2573 887 462 1531 102 43 1429 199 53 1686 572 63 1114 250 229 864 56 162 120 91 47 509 456 161 67 42 295 50 245 2248 452 94 1230 350 330 141 43 421 202 169 54 199 56 193 171 219 151 69 808 79 425
is_linear=0
shrinkage=0.03


Tree=90
num_leaves=63
num_cat=0
split_feature=47 16 38 67 16 53 25 25 16 45 70 35 20 50 51 31 13 24 37 56 38 61 23 7 20 37 53 37 31 52 44 34 4 28 15 62 31 56 33 5 43 45 67 56 33 62 25 51 51 37 65 70 21 62 5 22 22 60 66 4 14 51
split_gain=3.25606 2.77917 1.97592 1.93838 1.8668 1.75834 1.68515 2.52852 1.20331 0.981559 1.32076 1.6368 0.827655 0.795354 0.77502 0.983757 1.08273 0.859533 0.852596 0.76802 0.746401 0.742641 1.2722 1.40744 0.64137 0.837088 0.631001 0.911098 1.19736 0.830188 0.71352 0.678484 0.620479 0.607008 1.27637 1.54683 0.768939 0.989581 1.53006 0.880924 0.862436 0.855516 1.35025 2.64887 0.795987 0.784286 0.563963 1.08734 0.614039 0.534316 0.527062 1.17291 0.5214 0.506976 0.756531 0.481423 0.463918 0.686139 0.456931 0.451847 0.942739 0.532521
threshold=424.50000000000006 317.50000000000006 30517.645833333336 154605.50000000003 -199.49999999999997 1501.5000000000002 86.662060000000011 85.414955500000005 -2153.4999999999995 28140.500000000004 99179.979166666672 15878.500000000002 25.842708333333338 231.02083333333334 1565.5000000000002 60.018095940457265 91653.000000000015 71.35133500000002 14813.500000000002 1.5000000000000002 15278.770833333336 1336.5000000000002 71.287455000000008 17.500000000000004 1.4343750000000004 14013.500000000002 2295.5000000000005 22968.000000000004 64.624005997392231 1723.0000000000002 32092.500000000004 0.30330622150294678 3.5000000000000004 -6.6490900000000002 11281.789628191143 2286.1458333333335 57.06116260452972 32.500000000000007 1.9810884900192802 1.5000000000000002 32669.500000000004 28513.500000000004 89604.500000000015 6892.5000000000009 1.8738217430516464 1219.4791666666667 91.067960000000014 1410.5000000000002 2493.5000000000005 16048.500000000002 798.50000000000011 93458.916666666686 1.6092963315493234 939.22916666666674 1.5000000000000002 0.12500000000000003 -0.17500000000000068 5502.5000000000009 4125.1458333333348 19.500000000000004 103471.25000000001 596.50000000000011
decision_type=2 2 2 2 2 2 2 2 2 2 2 2 2 2 2 2 2 2 2 2 2 2 2 2 2 2 2 2 2 2 2 2 2 2 2 2 2 2 2 2 2 2 2 2 2 2 2 2 2 2 2 2 2 2 2 2 2 2 2 2 2 2
left_child=1 24 3 8 58 14 7 9 32 -7 50 -12 -13 -10 17 16 20 19 -18 -3 -16 22 23 55 25 -1 27 28 33 -28 31 -31 52 34 -15 -36 37 38 -35 -39 41 42 -41 -44 -42 -43 48 -48 -38 -23 51 -11 -2 -33 -55 -21 57 -32 -4 61 -61 -27
right_child=2 5 4 -5 -6 6 -8 -9 13 10 11 12 -14 26 15 -17 18 -19 -20 21 -22 49 -24 -25 -26 59 29 -29 -30 30 56 53 -34 36 35 -37 46 39 -40 40 44 45 43 -45 -46 -47 47 -49 -50 -51 -52 -53 -54 54 -56 -57 -58 -59 -60 60 -62 -63
leaf_value=1.8234941038344037 0.81428075795271593 1.8459822407367521 -5.0604932777160085 12.991446262351463 11.009655031244602 0.39651245128373591 -4.4883524913731216 2.4255355329320083 1.8453715896926426 0.41487798618736582 0.47707535102115306 -0.0010087902070652478 0.14520625333085488 -0.35655938990937541 -3.1217572577182486 -3.5218770562568502 2.2449568539289415 -4.1289655988848937 0.20254914551774345 0.51154093623495622 0.23368136783571419 -4.4944678912075906 -4.5453589234824552 1.5829300003826701 -4.3322423512698141 1.7880377710894604 0.13126838075973712 -0.54910657085781034 8.24331069006492 1.4127350243632728 0.059224446481809918 -0.93221597047178761 -4.209453592223209 -0.079644234928652191 4.0341612791839712 -0.018912874625999752 -0.37412948168686705 -1.2821992631281411 0.86382374985196542 -0.027655727734888877 0.18711644765115268 0.36577389662532189 2.8811233575502855 -1.0982498589020597 -1.7377505740202279 -0.37456855196930677 2.2945430569307259 -1.0556553559130724 0.059472411803310483 0.33370106748049072 -3.2877636610529466 -2.371273907572701 -0.15766348318750309 -0.35379469222441945 0.24352497389383337 -3.3077872171427902 -0.41528181159232852 -1.4140075421649692 8.3585425382830358 3.2673078069985615 -7.5964108836987023 -5.6420309191225231
leaf_weight=27 30 24 22 25 33 39 145 20 26 27 23 101 22 53 41 55 20 820 20 22 34 278 90 38 1796 34 31 228 21 34 28 25 385 20 20 25 443 114 23 52 28 20 28 24 21 168 27 25 45 32 147 29 474 23 27 48 91 20 24 20 25 346
leaf_count=27 30 24 22 25 33 39 145 20 26 27 23 101 22 53 41 55 20 820 20 22 34 278 90 38 1796 34 31 228 21 34 28 25 385 20 20 25 443 114 23 52 28 20 28 24 21 168 27 25 45 32 147 29 474 23 27 48 91 20 24 20 25 346
internal_value=-0.00131671 -0.00182647 -0.000494205 -0.000637073 0.00417193 -0.00103224 0.000412221 0.00140407 -0.000718856 0.000858026 0.00034374 0.00252567 0.00112104 -0.000246732 -0.00155903 0.000335096 0.00192876 -0.00179942 0.00591022 -0.000851344 -0.000159788 -0.00110411 0.00031802 0.00252544 -0.00255816 -0.00153285 -0.000329909 -0.00059346 -0.000248899 0.000967394 0.000374848 0.00219982 -0.00161287 -0.00038289 0.00186544 0.00558758 -0.000598209 0.000246938 0.00459397 -0.000158208 0.000598064 -1.02712e-05 0.00216138 0.00558541 0.00427699 -0.00122807 -0.00138308 0.0015547 -0.00170252 -0.00202193 -0.00121123 0.00122995 -0.000910534 0.000559254 0.00233533 0 -0.00103523 0.00130977 0.000195227 -0.00186309 0.000931263 -0.00220205
internal_weight=7006 4323 2683 2604 79 2075 553 408 2579 388 349 146 123 1690 1522 170 115 1352 40 532 75 508 198 108 2248 452 1664 1385 1157 279 248 109 889 1136 98 45 1038 498 43 455 341 292 104 52 49 188 540 52 488 310 203 56 504 75 50 70 139 48 46 425 45 380
internal_count=7006 4323 2683 2604 79 2075 553 408 2579 388 349 146 123 1690 1522 170 115 1352 40 532 75 508 198 108 2248 452 1664 1385 1157 279 248 109 889 1136 98 45 1038 498 43 455 341 292 104 52 49 188 540 52 488 310 203 56 504 75 50 70 139 48 46 425 45 380
is_linear=0
shrinkage=0.03


Tree=91
num_leaves=63
num_cat=0
split_feature=47 4 67 38 53 65 41 36 51 25 38 50 25 50 56 37 26 4 26 4 62 34 25 10 34 17 59 23 41 7 53 1 52 47 2 2 48 64 3 18 70 24 4 18 12 47 18 35 30 30 23 46 59 65 41 31 13 41 62 65 30 31
split_gain=3.30335 2.31559 1.87599 1.7395 1.29465 1.26941 1.25841 1.64924 0.985448 1.27259 2.31943 0.944104 0.876442 1.41419 1.7752 1.32602 1.66356 1.23233 0.806071 0.678621 1.23276 0.594362 0.659452 0.593832 1.36201 1.22285 0.683516 1.09249 0.757717 1.15264 0.718547 1.12309 1.04619 0.661642 1.33412 1.45147 0.640002 0.586381 1.40747 0.746906 1.18813 0.595182 0.795387 0.611143 0.82632 0.600884 0.569975 0.556175 0.555964 0.509024 0.473534 0.628544 0.908853 0.460163 0.46459 0.815982 0.398407 0.554641 1.28835 0.744151 0.39825 1.06386
threshold=424.50000000000006 9.5000000000000018 154605.50000000003 30517.645833333336 1501.5000000000002 6621.0000000000009 43821.500000000007 31731.000000000004 1565.5000000000002 67.349672500000011 15484.208333333334 231.02083333333334 86.363725000000002 510.14583333333343 9706.5000000000018 22201.000000000004 75.453869854166683 11.500000000000002 68.908376541666684 20.500000000000004 1521.0000000000002 -0.75560666831938395 50.707603000000013 0.74305326206722599 -0.47940571526462955 23.925000000000001 3749.5000000000005 88.121760000000009 38737.500000000007 15.500000000000002 2770.5000000000005 26.975000000000005 2826.0000000000005 816.50000000000011 51.132110000000004 48.705164000000003 221.50000000000003 7012.0000000000009 61.75255473737959 11.475000000000001 88962.895833333343 71.35133500000002 10.500000000000002 19.775000000000002 83955.000000000015 208.50000000000003 26.725000000000005 29384.500000000004 61.327146405491554 58.534739671274934 76.170085000000014 32862.250000000007 1999.5000000000002 4696.0000000000009 40087.500000000007 54.209210370532226 117319.00000000001 59379.000000000007 2358.4375000000005 3034.5000000000005 60.550043389035935 59.40848359596982
decision_type=2 2 2 2 2 2 2 2 2 2 2 2 2 2 2 2 2 2 2 2 2 2 2 2 2 2 2 2 2 2 2 2 2 2 2 2 2 2 2 2 2 2 2 2 2 2 2 2 2 2 2 2 2 2 2 2 2 2 2 2 2 2
left_child=1 47 3 11 8 12 -5 -8 37 10 -10 -2 13 17 15 16 18 -6 -15 -19 -21 22 -13 26 -25 -26 30 28 29 -28 32 -32 48 36 35 46 -30 41 39 -39 -41 42 -3 -44 -45 -46 -35 -1 50 -36 51 60 -53 -24 55 -55 -51 58 -58 -59 -23 -62
right_child=2 4 -4 6 5 -7 7 -9 9 -11 -12 21 -14 14 -16 -17 -18 19 -20 20 -22 23 53 24 25 -27 27 -29 33 -31 31 -33 -34 34 49 -37 -38 38 -40 40 -42 -43 43 44 45 -47 -48 -49 -50 56 -52 52 -54 54 -56 -57 57 59 -60 -61 61 -63
leaf_value=-4.2112241977127436 1.7900104420018643 2.2768580685804065 12.601702874480932 -8.3279900884901394 2.9690344551473995 1.1446572634368599 12.710941211772774 8.6058501505507845 -0.14759095687822657 -1.9065733061753056 0.83845111962724117 0.27317474193250507 -4.5251397249400531 1.8649220074714217 0.1619565431162914 -1.1773690116202777 1.1133868120401995 -3.6172928677716047 -5.2655273381383179 0.98203120895473295 -5.9353644126416301 -0.08675146515123057 -2.441283182232393 3.2196234665255123 -0.067857631459554632 4.5419071710988508 1.4665578343934824 0.7732132178303881 0.46563590040717329 0.035445765314526888 0.95396077793678702 -0.11164913902946987 3.8156272853568782 0.049415022462207893 0.07290555443384808 3.331512112465842 -2.0249961923354101 -5.1763381695669626 0.63690727767695232 -3.3650910063119661 3.1325461479973371 -4.2327181498978765 -4.3518318632135173 0.37723008270023517 0.45095363761754143 -4.0436795440482731 -0.2720675274427109 0.27882275454608918 -1.0384862064905793 -0.31383124178832056 -0.94718196458954518 2.2995719648255597 -2.844034972255721 -1.1510906611843035 -2.0982088741009703 0.48872753444786504 0.032361518992586866 -0.26134796070754096 -1.1134725561356156 0.27574444400597958 -0.21698200402821666 0.10197694943945851
leaf_weight=1727 26 27 25 25 24 30 23 31 44 124 30 25 154 24 22 45 33 246 32 31 30 466 301 21 133 21 20 37 20 40 29 21 28 23 22 23 157 148 21 73 20 798 464 33 35 83 37 25 457 116 111 24 22 39 39 24 32 170 24 20 24 27
leaf_count=1727 26 27 25 25 24 30 23 31 44 124 30 25 154 24 22 45 33 246 32 31 30 466 301 21 133 21 20 37 20 40 29 21 28 23 22 23 157 148 21 73 20 798 464 33 35 83 37 25 457 116 111 24 22 39 39 24 32 170 24 20 24 27
internal_value=-0.00133384 -0.00184729 -0.000505386 -0.0005835 -0.00127183 -0.000134109 0.00379267 0.00637708 -0.00167202 0.00031802 0.00344129 -0.000718856 -0.000421152 0.000197084 0.00255605 0.00123042 0.003367 -0.000906071 0.000160427 -0.00142625 0.00137479 -0.000777879 -0.00180098 -0.000570327 0.00109652 9.73387e-05 -0.000721502 -7.15159e-10 -0.000268428 0.00294509 -0.00116119 0.00233533 -0.00131481 -0.000572893 1.28445e-05 0.0034657 -0.00213439 -0.00190529 -0.000583747 -0.0012443 0.000837808 -0.0021436 -0.00145305 -0.00167778 -7.14782e-10 -0.0011939 0.000948419 -0.00268992 -0.00145876 -0.000726374 -0.000903428 -0.000543421 0.00279826 -0.00209874 -0.000323213 0.00123613 -0.00100249 -0.000304755 0.00229946 -0.0010889 -0.000847032 0.00164383
internal_weight=7006 4323 2683 2658 2571 671 79 54 1900 198 74 2579 641 487 156 134 89 331 56 307 61 2553 428 2125 175 154 1950 741 704 60 1209 50 1159 644 467 83 177 1702 262 241 93 1440 642 615 151 118 60 1752 1131 384 674 563 46 403 102 63 362 246 56 190 517 51
internal_count=7006 4323 2683 2658 2571 671 79 54 1900 198 74 2579 641 487 156 134 89 331 56 307 61 2553 428 2125 175 154 1950 741 704 60 1209 50 1159 644 467 83 177 1702 262 241 93 1440 642 615 151 118 60 1752 1131 384 674 563 46 403 102 63 362 246 56 190 517 51
is_linear=0
shrinkage=0.03


Tree=92
num_leaves=63
num_cat=0
split_feature=0 67 43 0 16 70 40 32 64 19 60 56 21 10 34 40 58 25 1 19 47 36 52 43 47 58 53 64 27 22 16 63 23 13 3 68 18 17 34 20 17 23 33 16 69 56 6 29 40 0 47 36 2 55 26 41 69 1 46 16 62 45
split_gain=3.12161 1.8864 1.7153 1.58898 1.47789 2.12176 1.18389 2.38261 1.77926 1.27152 1.13581 1.2383 1.24821 1.12171 1.48311 1.1377 0.933273 1.18847 1.22894 1.64417 0.864373 1.42365 1.04563 0.790016 1.29773 1.56222 1.06812 1.25666 0.805561 0.767879 0.672933 0.870082 0.960559 0.663943 0.658304 0.69904 1.07135 0.637799 1.27231 0.491361 0.479574 0.828649 0.9241 0.777686 1.08064 0.673893 0.900648 0.650207 0.706847 0.637112 0.472785 0.64583 0.504728 0.462891 0.420188 1.36397 0.404601 0.402591 0.361183 0.480009 0.497857 0.823518
threshold=99992.500000000015 154605.50000000003 29287.500000000004 78897.500000000015 70.500000000000014 137066.41666666672 29293.000000000004 50.93756903486247 4790.5000000000009 19.525000000000002 2093.0000000000005 55.500000000000007 1.8794240399525999 0.87900005428953576 -0.77940160944810077 39699.500000000007 1851.0208333333337 65.426361000000014 18.775000000000002 21.075000000000006 1558.5000000000002 16896.500000000004 591.50000000000011 32497.500000000004 1037.5000000000002 3241.0000000000005 1399.5000000000002 576.50000000000011 11.87830545885714 -0.27499999999999858 3433.0000000000005 4575.5000000000009 86.761560000000017 97405.500000000015 66.365517971143419 106007.50000000001 0.62500000000000011 22.075000000000006 1.2776981883233456 -8.5416666666666643 2.1750000000000003 55.56710300000001 3.4178265515277784 1827.0000000000002 101441.00000000001 4184.5000000000009 8.5000000000000018 55.914582341497614 43746.000000000007 92150.500000000015 386.50000000000006 11419.000000000002 84.18856000000001 10904.000000000002 65.685073312500009 41888.500000000007 143962.50000000003 23.375000000000004 33805.458333333336 -3395.4999999999995 2386.5833333333335 32252.500000000004
decision_type=2 2 2 2 2 2 2 2 2 2 2 2 2 2 2 2 2 2 2 2 2 2 2 2 2 2 2 2 2 2 2 2 2 2 2 2 2 2 2 2 2 2 2 2 2 2 2 2 2 2 2 2 2 2 2 2 2 2 2 2 2 2
left_child=2 4 3 -1 20 10 7 -5 -9 30 11 12 -6 14 -13 -16 -11 57 33 -20 22 -22 -2 24 25 -17 -27 -28 -26 -14 37 32 -32 -19 35 36 -12 50 -39 -37 41 42 -4 -43 -45 -42 -47 -48 49 -49 -8 -52 -53 -41 55 -24 58 -18 59 60 61 -23
right_child=1 -3 40 6 5 -7 9 8 -10 16 34 13 29 -15 15 23 17 18 19 -21 21 56 54 -25 28 26 27 -29 -30 -31 31 -33 -34 -35 -36 39 -38 38 -40 53 45 43 -44 44 -46 46 47 48 -50 -51 51 52 -54 -55 -56 -57 -58 -59 -60 -61 -62 -63
leaf_value=-4.0346480604696726 1.5198955241871535 12.223651788246505 1.128555353776316 -1.4627845384427667 4.4506561018742223 10.033186409096192 -4.2389800186289586 0.24796909030239708 3.9166868775837864 1.2266107688656436 0.45627255485704471 0.35838725053155734 -0.74875797984165793 -1.9237635605291139 1.0674780977397655 -0.40520299447821995 -0.83662782028730098 -3.5465342181431119 2.1272867165415956 0.040551146873506604 2.9625563179368153 -0.88024074059692259 3.5982677982523472 -0.17149783745908523 0.41293807796081511 -0.0043545046732096629 0.053734056115357622 1.4160923381329138 -0.29474659773522077 2.7985897330266054 3.7923980026703035 -3.1243107794590266 -0.2930734961566146 0.5343738602176854 7.6866759110243139 0.013977678183011271 -0.48869823230082315 -3.7679296231843757 1.7925997984809339 -0.77686273535500672 -3.8862848568147381 -4.2711090452782949 -3.8694251438082015 2.1403441268106413 -3.6547829774077205 -3.47783695721707 -1.8387492313983345 0.37505946903485821 -0.055747880526489373 1.5332328469690841 2.449784654896781 -0.537795090210205 0.092565068244887624 0.11308123767970789 -2.1604651132374748 -2.1296482715808902 0.14185438923741378 0.063926524929437178 0.16700969570936972 -0.3712160557877322 -1.9843027837122098 0.098366515206978547
leaf_weight=554 25 25 20 65 29 34 347 31 27 25 30 23 28 169 28 37 117 44 21 32 24 48 29 120 28 23 20 28 79 20 20 26 22 20 27 38 42 24 20 464 1702 299 22 21 31 535 85 21 39 20 21 199 38 32 649 109 32 23 28 124 64 79
leaf_count=554 25 25 20 65 29 34 347 31 27 25 30 23 28 169 28 37 117 44 21 32 24 48 29 120 28 23 20 28 79 20 20 26 22 20 27 38 42 24 20 464 1702 299 22 21 31 535 85 21 39 20 21 199 38 32 649 109 32 23 28 124 64 79
internal_value=-0.00136809 -0.000525424 -0.00184518 -0.00108287 -0.000608343 9.23709e-05 -0.000430444 0.00233956 0.0067642 -0.000774698 -0.00010434 0.000792595 0.00435798 0.000291839 0.00118881 0.000710547 0.000925203 0.000373395 0.00261315 0.0059887 -0.0013624 -0.000210474 -0.00192464 0.000214861 0.00131102 0.00363552 0.00624473 0.00879418 -0.0010084 0.00130977 -0.0014475 0.00136564 0.00406176 -0.000140406 -0.00100458 -0.00121267 0.00153953 -0.00174704 0.00170068 -0.00158959 -0.00230117 -0.00131264 0.00263658 -0.00179436 0.0015547 -0.0024616 -0.00166691 0.000254391 0.00220974 0.0049635 -0.00200298 -0.00101124 -0.00146774 -0.00184439 -0.00211917 -0.000586532 -0.000671822 -0.00147752 -0.000979307 -0.00127579 -0.000313972 0.00075531
internal_weight=7006 2535 4471 1676 2510 1299 1122 123 58 999 1265 632 77 555 386 363 282 257 117 53 1211 399 812 335 215 108 71 48 107 48 717 68 42 64 633 606 72 649 44 534 2795 393 42 351 52 2402 700 165 80 41 605 258 237 496 787 138 375 140 343 315 191 127
internal_count=7006 2535 4471 1676 2510 1299 1122 123 58 999 1265 632 77 555 386 363 282 257 117 53 1211 399 812 335 215 108 71 48 107 48 717 68 42 64 633 606 72 649 44 534 2795 393 42 351 52 2402 700 165 80 41 605 258 237 496 787 138 375 140 343 315 191 127
is_linear=0
shrinkage=0.03


Tree=93
num_leaves=63
num_cat=0
split_feature=47 16 67 4 54 38 16 56 34 19 50 48 16 50 60 48 16 19 34 17 63 33 16 61 47 34 63 52 43 61 52 54 49 42 70 47 42 11 46 66 66 33 33 24 66 15 20 51 17 33 13 47 25 17 32 58 58 31 65 63 44 60
split_gain=4.07111 2.63328 1.8146 1.37652 1.83375 1.35657 1.25762 1.23267 1.66104 1.17591 1.76493 1.59945 2.59061 1.03451 1.03179 1.46717 1.11832 1.00639 1.33032 2.13214 0.966295 1.26662 0.961379 0.961529 1.66233 2.65249 2.56525 1.13731 0.958424 1.14869 0.901806 1.43441 0.982515 0.759096 0.689106 0.682788 0.957885 1.02409 0.687412 0.953945 1.1114 1.51171 0.818308 0.779399 0.608196 1.14598 0.567639 0.839541 0.877259 1.34857 0.563522 0.556423 0.999601 0.551587 0.546847 0.914927 0.502662 1.36647 0.467803 0.454226 1.1932 0.434755
threshold=437.50000000000006 317.50000000000006 154605.50000000003 13.500000000000002 1825.7500000000002 30517.645833333336 -391.99999999999994 5352.5000000000009 -0.89294444205060575 6.0250000000000012 255.33333333333334 410.50000000000006 2605.5000000000005 231.02083333333334 3715.0000000000005 208.50000000000003 4627.0000000000009 19.325000000000006 -0.82555794740355271 19.425000000000001 3266.0000000000005 3.3885071363210471 -369.49999999999994 1052.5000000000002 621.50000000000011 0.32242519730800018 1719.5000000000002 2777.0000000000005 27897.500000000004 1273.5000000000002 1102.5000000000002 966.70833333333348 268.50000000000006 31109.708333333339 101623.62500000001 670.50000000000011 36151.083333333336 92004.500000000015 32423.208333333336 3114.9375000000005 1419.3750000000002 1.9533806450950231 2.2977097350177806 76.300842500000002 2039.9583333333337 9140.5397039149848 1.4343750000000004 596.50000000000011 1.2750000000000001 2.4603671515096215 93427.500000000015 1504.5000000000002 55.611759000000006 24.975000000000005 54.85560130316005 4209.6458333333339 1897.7916666666667 55.728057588252248 1122.5000000000002 503.50000000000006 31484.500000000004 4086.5000000000005
decision_type=2 2 2 2 2 2 2 2 2 2 2 2 2 2 2 2 2 2 2 2 2 2 2 2 2 2 2 2 2 2 2 2 2 2 2 2 2 2 2 2 2 2 2 2 2 2 2 2 2 2 2 2 2 2 2 2 2 2 2 2 2 2
left_child=1 46 5 9 17 13 -7 -6 -9 10 -3 12 34 -2 22 -16 35 28 19 -19 30 -22 33 24 25 26 -24 54 29 -5 31 -20 -33 -15 -12 -17 37 -37 59 40 43 -42 -43 -40 -26 -46 47 -1 -49 -50 -13 -35 -53 -10 55 -25 57 -11 -54 60 -38 -61
right_child=2 3 -4 4 7 6 -8 8 53 56 11 50 -14 14 15 16 -18 18 20 -21 21 -23 23 27 44 -27 -28 -29 -30 -31 -32 32 -34 51 -36 36 38 -39 39 -41 41 42 -44 -45 45 -47 -48 48 49 -51 -52 52 58 -55 -56 -57 -58 -59 -60 61 -62 -63
leaf_value=2.6020547860449574 1.9023970425478935 -3.7431965971139523 11.856942234599108 2.6289843170155258 2.2626967643448257 -1.5308789635811095 10.015180116341474 0.39898114819115515 -0.15614220468833426 -0.97357317771582552 -3.2703105491995248 1.6492569380543813 4.4972132919535035 0.19703839137616835 0.35891874898347531 -2.6072153478585558 0.12087861431529058 -5.2364939253397802 -3.3413444401032941 0.55844045737096526 1.2692951816825182 -1.28578468066969 0.14595177249540048 -0.14579118983131856 -0.19323466506207856 -1.8313428214090004 2.9359347115519321 3.2718088056412338 -4.4609997114304401 -2.8797612054117909 -1.8630684378571287 0.13669150686692572 1.5284165451398881 -1.819120085147377 0.5891257333981551 -0.89714389523486116 7.9317976154301828 1.4989954103064393 -0.43390152621886119 -0.71138383628585455 -0.22450611138928234 0.42018717686581086 0.23174141166805712 0.037696670996151309 -0.088523408927712696 0.31624931682089902 -3.9547556372785584 -5.274658296280208 2.5067357520424127 -5.3967675161997395 -2.8615597030239242 0.61777358790843451 0.029701245220990102 0.051792291635499657 -0.11531111852161874 0.61943733350366181 -4.0670403083709337 2.8099490562921181 -0.90528312072147588 2.265080990028181 -0.79847606725411513 -0.27268066034108368
leaf_weight=36 24 159 25 24 21 42 37 22 72 66 42 20 34 30 26 151 21 21 32 22 27 30 21 82 80 28 20 25 388 30 214 22 20 646 22 26 20 35 56 71 30 20 23 23 54 34 1812 358 24 39 58 20 38 20 462 23 710 23 134 43 53 215
leaf_count=36 24 159 25 24 21 42 37 22 72 66 42 20 34 30 26 151 21 21 32 22 27 30 21 82 80 28 20 25 388 30 214 22 20 646 22 26 20 35 56 71 30 20 23 23 54 34 1812 358 24 39 58 20 38 20 462 23 710 23 134 43 53 215
internal_value=-0.00130386 -0.00186603 -0.000371859 -0.00109761 -0.000261114 -0.000450041 0.0034134 0.00297557 0.00170903 -0.00180672 -0.000304387 0.00175468 0.00431193 -0.000571801 -0.000632246 0.000243512 7.6222e-06 -0.000791472 0.000316928 0.00529002 -0.000295567 0.00325744 -0.00105356 -0.000318418 0.00129059 0.00520984 0.010073 -0.000967743 -0.00177109 0.00194085 -0.00101007 0.00182186 0.00548694 -0.0017521 0.000702027 -0.000176218 0.000263371 0.00382979 -0.000124527 0.00115643 0.00250493 0.005171 0.0087703 0 -0.000303392 0.00139614 -0.00257547 -0.00161453 -0.00199478 0.00123613 -0.00142126 -0.00192221 -0.000484124 -3.2574e-05 -0.00124846 0.000685061 -0.00243274 -0.000269361 -0.00123765 -0.000996678 0.00106703 -0.00159241
internal_weight=7006 4368 2638 2099 965 2613 79 135 114 1134 335 176 98 2534 2510 813 787 830 388 43 345 57 1697 829 237 69 41 592 442 54 288 74 42 868 64 766 615 61 554 223 152 73 43 79 168 88 2269 457 421 63 78 838 192 92 567 105 799 89 172 331 73 258
internal_count=7006 4368 2638 2099 965 2613 79 135 114 1134 335 176 98 2534 2510 813 787 830 388 43 345 57 1697 829 237 69 41 592 442 54 288 74 42 868 64 766 615 61 554 223 152 73 43 79 168 88 2269 457 421 63 78 838 192 92 567 105 799 89 172 331 73 258
is_linear=0
shrinkage=0.03


Tree=94
num_leaves=63
num_cat=0
split_feature=47 57 67 38 54 31 43 46 55 17 53 63 26 34 23 34 22 39 10 6 5 43 17 49 55 39 47 36 65 60 67 65 37 34 67 57 59 59 64 2 64 36 15 24 22 35 21 58 53 51 22 24 35 7 15 35 55 58 26 17 66 13
split_gain=4.00526 1.84633 1.8294 1.37846 1.35267 1.04815 1.32704 2.29198 1.0327 1.02457 1.23583 1.46002 0.994184 1.26698 0.917567 1.39418 0.799079 0.864403 1.13656 1.37568 1.15412 1.06973 1.95469 1.37017 1.3738 1.15704 0.857211 0.77492 1.62702 0.711206 1.10692 0.776328 0.708688 1.19943 1.09472 0.86599 0.850685 0.707158 0.694694 0.807105 0.686355 0.659866 0.633943 0.629468 0.775681 0.55165 0.540536 0.602629 0.524311 0.513165 1.42964 0.504318 1.00492 0.476589 0.475405 1.03214 0.414915 0.411255 0.361259 0.346316 0.896949 1.00926
threshold=424.50000000000006 1435.0000000000002 154605.50000000003 30517.645833333336 836.66666666666686 57.127933367477262 27549.500000000004 27479.500000000004 10844.500000000002 4.0250000000000012 1559.5000000000002 4281.0000000000009 85.738332000000028 0.92284038861415152 86.481390000000019 -0.47940571526462955 -0.99999999999999967 45700.500000000007 0.96386255839173451 7.5000000000000009 3.5000000000000004 31727.500000000004 19.875000000000004 210.50000000000003 9409.5000000000018 42235.500000000007 272.50000000000006 31731.000000000004 7025.5000000000009 4918.5000000000009 115943.00000000001 468.50000000000006 13860.500000000002 1.3738235404919801 97218.000000000015 11187.000000000002 624.50000000000011 2738.5000000000005 1414.5000000000002 84.013969500000016 8547.5000000000018 11373.000000000002 5718.7514371988791 78.449890000000025 0.09999999999999877 15378.500000000002 4.9318388469571763 1675.0416666666667 1399.5000000000002 2744.5000000000005 -0.89999999999999891 59.620587500000006 14732.500000000002 26.500000000000004 16186.239334838052 26280.500000000004 207.50000000000003 3815.8958333333339 87.003411208333333 -5.5249999999999995 4254.3125000000009 107524.50000000001
decision_type=2 2 2 2 2 2 2 2 2 2 2 2 2 2 2 2 2 2 2 2 2 2 2 2 2 2 2 2 2 2 2 2 2 2 2 2 2 2 2 2 2 2 2 2 2 2 2 2 2 2 2 2 2 2 2 2 2 2 2 2 2 2
left_child=1 9 3 5 -3 6 7 37 12 10 41 -12 29 14 -14 -16 42 21 19 20 26 22 25 -24 48 46 -19 28 -5 40 -31 -32 33 35 -35 -8 -34 -2 -38 43 49 -1 -6 51 -45 -21 47 -18 -25 59 -51 52 -40 54 -33 -56 -49 58 -43 60 -7 -62
right_child=2 4 -4 27 16 8 32 -9 -10 -11 11 -13 13 -15 15 -17 17 18 -20 45 -22 -23 23 24 -26 -27 -28 -29 -30 30 31 53 36 34 -36 -37 38 -39 39 -41 -42 57 -44 44 -46 -47 -48 56 -50 50 -52 -53 -54 -55 55 -57 -58 -59 -60 -61 61 -63
leaf_value=1.4525259912479602 -0.11279121237678803 -4.3302599824912154 11.501233967561136 12.270841579639232 2.6535639930399482 -1.198974252306247 -0.68213927172485522 1.5930355653848272 1.2430982701229536 -3.8132921917680864 2.6184781513284769 -2.3110638025255246 -0.32766049869344249 1.2256377885334409 -1.5459068313867921 3.2942891063463944 0.44591817340827838 0.113007461736568 -6.6970718342535118 0.74648208791786219 0.68613245800834 -3.8669443818482665 0.98311183921598633 -4.19880735273063 0.48830958871410368 0.62272874637868669 -1.9632169055559072 3.1360061242445547 -4.5970103792175747 0.24030524884774535 0.028764064028055526 -0.37952056559519604 0.13872219448292267 -1.34066295396876 1.1351824753001016 0.12800478680056324 -1.5801193685721471 0.54007658129241254 0.25862713901300749 0.73396876274749023 0.21413275213988317 -4.4806387645882344 -2.8406310510819357 -0.041670993661717975 0.18041430465950506 -1.5957280782875241 0.54414329882786183 0.32160478229648426 0.13022538480802834 1.611267952141872 -0.5141221187160443 -0.62767208530368013 -0.6188622503120812 0.12284376201579379 0.43043308439464922 -0.71450874239348794 -3.2298253747255528 2.6614634537660433 0.48103429770060679 -0.43656321037564999 4.4847437441452094 -1.4170553438446278
leaf_weight=25 39 448 25 22 20 86 260 21 39 1807 28 47 46 21 21 29 36 39 51 27 35 382 31 46 27 20 21 37 20 32 23 129 21 29 25 21 43 21 38 21 22 664 21 28 22 46 26 26 20 30 51 73 37 34 25 61 376 25 29 1150 34 47
leaf_count=25 39 448 25 22 20 86 260 21 39 1807 28 47 46 21 21 29 36 39 51 27 35 382 31 46 27 20 21 37 20 32 23 129 21 29 25 21 43 21 38 21 22 664 21 28 22 46 26 26 20 30 51 73 37 34 25 61 376 25 29 1150 34 47
internal_value=-0.00131671 -0.00188198 -0.000404756 -0.000481924 -0.00110771 -0.000602536 0.00038621 0.00399507 -0.000971758 -0.00238162 -0.00149248 0.00215712 -0.00107544 0.00158839 9.36517e-05 0.00293413 -0.000597553 -0.000739394 0.000958466 0.00215943 0.00454259 -0.00111807 -0.000330538 0.00302176 0.00116004 -0.00119603 0.00194675 0.0034134 0.00619952 -0.00125805 4.93252e-05 -0.000562294 -8.25116e-05 -0.00102059 0.00304991 -0.0018143 0.00101731 0.000948419 0.000537962 0.00123231 -0.00154003 -0.00186516 0.00350365 0.000620898 0.00353293 -0.000902873 -0.00150614 -0.00175987 -0.00113465 -0.00162435 0.000665844 -0.000344363 0.00135819 -0.00105982 -0.00158996 0.000104529 -0.00209649 -0.00203454 -0.00217285 -0.00176752 -0.000466787 0.00177558
internal_weight=7006 4323 2683 2658 1698 2579 699 81 1880 2625 818 75 1841 117 96 50 1250 1209 219 168 95 990 608 124 93 484 60 79 42 1724 304 272 618 335 54 281 283 60 262 219 1420 743 41 198 50 73 464 438 66 1398 81 148 75 249 215 86 402 718 693 1317 167 81
internal_count=7006 4323 2683 2658 1698 2579 699 81 1880 2625 818 75 1841 117 96 50 1250 1209 219 168 95 990 608 124 93 484 60 79 42 1724 304 272 618 335 54 281 283 60 262 219 1420 743 41 198 50 73 464 438 66 1398 81 148 75 249 215 86 402 718 693 1317 167 81
is_linear=0
shrinkage=0.03


Tree=95
num_leaves=63
num_cat=0
split_feature=47 16 53 38 70 67 16 26 40 64 32 40 31 53 21 31 5 64 55 16 19 15 21 66 47 51 31 22 52 62 31 68 40 59 37 47 59 21 45 13 38 24 29 20 37 16 31 28 29 30 19 64 1 18 67 16 24 47 18 62 30 41
split_gain=3.46551 2.88607 1.4084 1.34716 1.32749 1.32104 1.25762 1.19641 1.04768 0.950317 1.4558 1.0695 0.774702 0.945106 0.794351 0.934218 0.847766 0.993498 0.969891 1.78596 0.867777 0.810101 0.80615 0.762542 1.4019 0.744317 0.935913 0.717961 0.698611 0.875542 1.14277 0.843784 0.767957 0.751785 0.695884 1.12257 0.66767 0.959698 0.936072 0.646541 0.720739 0.646442 0.801373 0.64137 0.837088 0.607496 1.44936 0.552107 0.551933 0.675776 0.509527 0.780903 0.626413 0.507986 0.963867 0.496833 0.99509 0.697515 0.485121 0.961369 0.454081 0.55905
threshold=424.50000000000006 317.50000000000006 1511.5000000000002 30517.645833333336 138903.52083333334 111998.00000000001 -391.99999999999994 85.738332000000028 49514.000000000007 7012.0000000000009 57.078222636861035 28835.500000000004 57.06116260452972 2345.0000000000005 1.5853238808763421 54.209210370532226 3.5000000000000004 6219.0000000000009 68.500000000000014 -1972.4999999999998 25.075000000000006 5606.1802898238529 3.4843799258793937 2951.6458333333339 301.50000000000006 1565.5000000000002 60.018095940457265 1.1000000000000001 2352.5000000000005 1330.3958333333337 61.863050537817102 121617.50000000001 56419.000000000007 5379.5000000000009 10631.500000000002 228.50000000000003 5334.5000000000009 3.7826381566701595 32393.500000000004 91653.000000000015 15278.770833333336 71.35133500000002 62.327032901371162 1.4343750000000004 14013.500000000002 3058.5000000000005 54.612910497562744 -3.4015749999999971 56.802487633739808 53.902368982444358 20.075000000000006 3747.5000000000005 7.2750000000000012 21.875000000000004 89604.500000000015 4777.5000000000009 83.59222800000002 953.50000000000011 0.27500000000000008 1362.1666666666667 65.788614133134459 62840.000000000007
decision_type=2 2 2 2 2 2 2 2 2 2 2 2 2 2 2 2 2 2 2 2 2 2 2 2 2 2 2 2 2 2 2 2 2 2 2 2 2 2 2 2 2 2 2 2 2 2 2 2 2 2 2 2 2 2 2 2 2 2 2 2 2 2
left_child=1 43 9 4 12 7 -5 23 -7 25 11 -11 14 36 21 22 18 -18 19 -17 48 -2 -16 34 50 41 39 53 29 30 -15 -31 -33 -34 35 -4 55 38 -38 40 -27 42 45 44 -1 -3 -47 -30 49 -20 52 -52 -25 54 -24 -14 57 -57 -46 -60 -49 -62
right_child=3 2 5 6 -6 8 -8 -9 -10 10 -12 -13 13 28 15 16 17 -19 20 -21 -22 -23 27 24 -26 26 -28 -29 47 31 -32 32 33 -35 -36 -37 37 -39 -40 -41 -42 -43 -44 -45 58 46 -48 60 -50 -51 51 -53 -54 -55 -56 56 -58 -59 59 -61 61 -63
leaf_value=1.5461641958709438 -0.015512667091288698 -3.7400345022386299 0.64324610674554383 -1.5790327784010256 9.5789570594254148 0.50167493223072268 9.4876216547242542 1.3405136451087936 0.0381678320827896 2.255173376101387 0.78798760791845845 -3.8357112441355699 -0.50112112220240568 -0.067706464992492527 -1.0740208559581528 -3.1301208020982183 -1.0588587969315753 0.69927338657557292 -0.011182119456215642 0.92208572530457888 0.134560558836049 0.7639806357386747 -1.7044812777653275 1.0267650823452206 0.8993195988586592 -3.5229341582405844 -2.4667858050073219 0.16071472546609852 0.025163749594100809 -0.8703650669419345 2.8023152147692429 0.073840080650853054 -0.059620475930968531 0.55120685983665796 -2.901084984308175 -1.9877982219308385 1.1265145532719834 -0.34047218028338233 -0.0091697721097958075 0.61165191073553871 0.17543657800285503 -3.75563444762318 1.722669913481659 -3.7335694301565283 -5.1162077471960172 1.766191280907446 -3.4101903171561663 -0.34000649319825521 -0.83078070765244327 0.60089372195982593 0.35173196965174924 -1.3512087018057131 -4.2218520142296931 -1.2146270391221246 0.9558161547176186 0.040460499026931614 5.0531423725327818 -0.24923381164197497 1.112729226200053 -3.4665500387510466 -0.29882864341550747 0.47229198589449911
leaf_weight=27 34 348 20 42 31 20 37 26 28 27 37 135 1250 25 201 20 96 30 44 21 21 25 21 25 25 35 57 25 23 59 23 20 69 25 254 29 28 42 24 37 33 723 25 1796 323 23 51 128 58 27 21 20 76 41 23 32 23 59 20 82 31 25
leaf_count=27 34 348 20 42 31 20 37 26 28 27 37 135 1250 25 201 20 96 30 44 21 21 25 21 25 25 35 57 25 23 59 23 20 69 25 254 29 28 42 24 37 33 723 25 1796 323 23 51 128 58 27 21 20 76 41 23 32 23 59 20 82 31 25
internal_value=-0.00128674 -0.00181259 -0.00100333 -0.0004383 -0.000556431 0.000303252 0.0034134 -0.00015118 0.00505197 -0.00146953 0.000452033 -0.000758792 -0.000631923 -0.000946398 0.00022704 -8.1198e-05 0.0010596 -0.000832673 0.00232339 0.00642336 0.00117921 0.0035533 -0.00125362 -0.000504149 0.00111311 -0.00175888 0.000129549 0.00079019 0.000287315 0.0014654 0.00505197 0.000450606 0.00197195 0.000797024 -0.00140548 0.00183299 -0.00131061 0.00111583 0.00385796 0.00182683 4.40521e-05 -0.0020229 -0.00111385 -0.00255816 -0.00153285 -0.00142857 0.00101215 -0.000956061 0.000232377 0.00202532 -2.11126e-05 0.00277372 -0.00118694 -0.000493538 0.00170068 -0.0014801 0.00039439 -0.000987926 -0.00186309 -2.93837e-05 -0.00151548 0.000695186
internal_weight=7006 4323 2075 2683 2604 544 79 496 48 1531 199 162 2573 1886 687 628 317 126 191 41 150 59 311 470 167 1332 162 110 428 221 48 173 114 94 303 49 1458 94 52 105 68 1170 447 2248 452 422 74 207 129 71 142 41 101 85 44 1364 114 91 425 102 184 56
internal_count=7006 4323 2075 2683 2604 544 79 496 48 1531 199 162 2573 1886 687 628 317 126 191 41 150 59 311 470 167 1332 162 110 428 221 48 173 114 94 303 49 1458 94 52 105 68 1170 447 2248 452 422 74 207 129 71 142 41 101 85 44 1364 114 91 425 102 184 56
is_linear=0
shrinkage=0.03


end of trees

feature_importances:
Column_16=368
Column_47=340
Column_0=161
Column_18=141
Column_34=136
Column_1=130
Column_65=117
Column_48=110
Column_2=109
Column_22=109
Column_26=109
Column_38=103
Column_50=103
Column_62=103
Column_61=102
Column_52=101
Column_43=99
Column_60=97
Column_4=94
Column_15=93
Column_59=92
Column_53=90
Column_11=89
Column_25=89
Column_28=89
Column_30=87
Column_57=87
Column_17=85
Column_56=85
Column_21=82
Column_46=80
Column_54=80
Column_24=79
Column_19=78
Column_51=75
Column_55=75
Column_63=72
Column_31=71
Column_39=69
Column_20=67
Column_33=67
Column_49=66
Column_58=66
Column_13=65
Column_41=64
Column_10=63
Column_66=62
Column_3=61
Column_35=60
Column_23=58
Column_40=57
Column_29=56
Column_44=55
Column_70=54
Column_27=53
Column_64=52
Column_37=47
Column_45=47
Column_67=47
Column_7=45
Column_42=44
Column_36=43
Column_32=42
Column_12=40
Column_68=40
Column_14=38
Column_5=36
Column_69=18
Column_6=11
Column_9=3

parameters:
[boosting: gbdt]
[objective: quantile]
[metric: quantile]
[tree_learner: serial]
[device_type: cpu]
[data_sample_strategy: bagging]
[data: ]
[valid: ]
[num_iterations: 1500]
[learning_rate: 0.03]
[num_leaves: 63]
[num_threads: 24]
[seed: 42]
[deterministic: 0]
[force_col_wise: 0]
[force_row_wise: 0]
[histogram_pool_size: -1]
[max_depth: -1]
[min_data_in_leaf: 20]
[min_sum_hessian_in_leaf: 0.001]
[bagging_fraction: 0.8]
[pos_bagging_fraction: 1]
[neg_bagging_fraction: 1]
[bagging_freq: 0]
[bagging_seed: 400]
[bagging_by_query: 0]
[feature_fraction: 0.8]
[feature_fraction_bynode: 1]
[feature_fraction_seed: 30056]
[extra_trees: 0]
[extra_seed: 12879]
[early_stopping_round: 0]
[early_stopping_min_delta: 0]
[first_metric_only: 0]
[max_delta_step: 0]
[lambda_l1: 0.1]
[lambda_l2: 0.1]
[linear_lambda: 0]
[min_gain_to_split: 0]
[drop_rate: 0.1]
[max_drop: 50]
[skip_drop: 0.5]
[xgboost_dart_mode: 0]
[uniform_drop: 0]
[drop_seed: 17869]
[top_rate: 0.2]
[other_rate: 0.1]
[min_data_per_group: 100]
[max_cat_threshold: 32]
[cat_l2: 10]
[cat_smooth: 10]
[max_cat_to_onehot: 4]
[top_k: 20]
[monotone_constraints: ]
[monotone_constraints_method: basic]
[monotone_penalty: 0]
[feature_contri: ]
[forcedsplits_filename: ]
[refit_decay_rate: 0.9]
[cegb_tradeoff: 1]
[cegb_penalty_split: 0]
[cegb_penalty_feature_lazy: ]
[cegb_penalty_feature_coupled: ]
[path_smooth: 0]
[interaction_constraints: ]
[verbosity: -1]
[saved_feature_importance_type: 0]
[use_quantized_grad: 0]
[num_grad_quant_bins: 4]
[quant_train_renew_leaf: 0]
[stochastic_rounding: 1]
[linear_tree: 0]
[max_bin: 255]
[max_bin_by_feature: ]
[min_data_in_bin: 3]
[bin_construct_sample_cnt: 200000]
[data_random_seed: 175]
[is_enable_sparse: 1]
[enable_bundle: 1]
[use_missing: 1]
[zero_as_missing: 0]
[feature_pre_filter: 1]
[pre_partition: 0]
[two_round: 0]
[header: 0]
[label_column: ]
[weight_column: ]
[group_column: ]
[ignore_column: ]
[categorical_feature: ]
[forcedbins_filename: ]
[precise_float_parser: 0]
[parser_config_file: ]
[objective_seed: 16083]
[num_class: 1]
[is_unbalance: 0]
[scale_pos_weight: 1]
[sigmoid: 1]
[boost_from_average: 1]
[reg_sqrt: 0]
[alpha: 0.9]
[fair_c: 1]
[poisson_max_delta_step: 0.7]
[tweedie_variance_power: 1.5]
[lambdarank_truncation_level: 30]
[lambdarank_norm: 1]
[label_gain: ]
[lambdarank_position_bias_regularization: 0]
[eval_at: ]
[multi_error_top_k: 1]
[auc_mu_weights: ]
[num_machines: 1]
[local_listen_port: 12400]
[time_out: 120]
[machine_list_filename: ]
[machines: ]
[gpu_platform_id: -1]
[gpu_device_id: -1]
[gpu_use_dp: 0]
[num_gpu: 1]

end of parameters

pandas_categorical:null
