tree
version=v4
num_class=1
num_tree_per_iteration=1
label_index=0
max_feature_idx=70
objective=quantile
feature_names=Column_0 Column_1 Column_2 Column_3 Column_4 Column_5 Column_6 Column_7 Column_8 Column_9 Column_10 Column_11 Column_12 Column_13 Column_14 Column_15 Column_16 Column_17 Column_18 Column_19 Column_20 Column_21 Column_22 Column_23 Column_24 Column_25 Column_26 Column_27 Column_28 Column_29 Column_30 Column_31 Column_32 Column_33 Column_34 Column_35 Column_36 Column_37 Column_38 Column_39 Column_40 Column_41 Column_42 Column_43 Column_44 Column_45 Column_46 Column_47 Column_48 Column_49 Column_50 Column_51 Column_52 Column_53 Column_54 Column_55 Column_56 Column_57 Column_58 Column_59 Column_60 Column_61 Column_62 Column_63 Column_64 Column_65 Column_66 Column_67 Column_68 Column_69 Column_70
feature_infos=[66131:160560] [-20:34.149999999999999] [25.719044:100] [36.971664299722725:71.559848645091535] [0:23] [0:6] [1:10] [1:31] [0:1] [0:1] [0:0.99270887409805397] [66131:160560] [66131:160560] [66131:160560] [72233.041666666672:137142.20833333334] [2057.6408592873181:22024.617595875727] [-9183:8446] [-20:34.149999999999999] [-20:34.149999999999999] [-20:34.149999999999999] [-16.568749999999998:29.675000000000001] [0.52945401875049547:7.951298487978419] [-5.8000000000000007:5.5499999999999972] [25.719044:100] [25.719044:100] [25.719044:100] [45.313373250000005:95.04641233333335] [0.97911827352794878:23.426507825749582] [-30.049300000000002:30.860949999999995] [36.971664299722725:71.559848645091535] [36.971664299722725:71.559848645091535] [36.971664299722725:71.559848645091535] [45.760024263258238:67.819212344444352] [0.67909628204517791:7.5954539582083802] [-8.6935655667746659:7.6341842441526993] [6201:33428] [6201:33428] [6201:33428] [7216.916666666667:32362.625] [18440:75926] [18440:75926] [18440:75926] [24497.5:64836.833333333336] [25199:33959] [25199:33959] [26474:33959] [25316:33930.166666666664] [43:6933] [43:6933] [43:6933] [83.541666666666671:5366.375] [366:3539] [366:3539] [366:3539] [431.45833333333331:2835.4583333333335] [0:12186] [0:12186] [0:12186] [281.875:5366.791666666667] [85:6739] [85:6739] [85:6739] [718.33333333333337:3117.0833333333335] [29:9938] [29:9938] [29:9938] [157.125:8964.4166666666661] [68553:162721] [68553:162721] [68553:162721] [74746.875:140862.16666666666]
tree_sizes=5048 5429 5417 5404 5394 5392 5391 5398 5400 5396 5393 5383 5425 5407 5422 5464 5431 5429 5428 5440 5441 5454 5439 5435 5431 5446 5442 5412 5416 5413 5435 5467 5433 5437 5439 5424 5418 5428 5454 5439 5464 5468 5453 5438 5473 5444 5442

Tree=0
num_leaves=63
num_cat=0
split_feature=54 16 54 16 50 42 37 15 7 42 1 16 27 30 6 30 57 38 27 55 27 36 19 32 38 54 20 45 5 27 5 44 65 16 5 11 64 24 16 64 30 24 16 34 7 15 66 16 16 16 54 16 59 62 1 1 11 63 47 54 2 19
split_gain=128.528 72.2544 32.9601 30.656 13.5255 12.0495 15.407 10.1256 7.44347 7.23312 6.68663 10.276 7.42776 5.13571 5.05031 4.92384 4.65539 4.71389 4.30894 4.48739 3.61785 3.08389 2.89364 2.41126 3.13534 2.38757 3.50466 1.80017 1.65332 1.85927 1.5087 1.5032 1.14115 2.45749 2.48727 1.08956 0.843839 0.796555 0.767007 1.59197 0.76016 0.664446 1.35201 0.605551 0.517557 0.512179 0.47197 0.371838 0.616811 0.172531 0.15616 0.434343 0.11392 0.098146 0.313417 0.0947969 0.0457563 0.0385567 0.0362338 0.124881 0.032593 0.03107
threshold=2133.166666666667 156.00000000000003 1675.8125000000002 1275.0000000000002 462.64583333333343 38157.166666666672 17861.500000000004 10066.841526657341 28.500000000000004 60468.833333333336 24.975000000000005 3294.0000000000005 16.269525266291954 62.912113095154687 6.5000000000000009 59.135100883935209 4949.0000000000009 25071.208333333336 15.300481532633825 7127.5000000000009 9.5990107111963834 29432.500000000004 28.725000000000005 64.014380117039664 25071.208333333336 1930.5208333333337 12.655208333333336 33144.000000000007 2.5000000000000004 14.415444930824442 1.0000000180025095e-35 30813.500000000004 579.50000000000011 1759.0000000000002 2.5000000000000004 130727.00000000001 3931.0000000000005 95.378265000000013 1573.5000000000002 1041.5000000000002 60.313314408217387 93.090295000000012 -1599.4999999999998 1.2775751238284487 14.500000000000002 11454.737904589418 3266.6250000000005 191.50000000000003 630.00000000000011 3012.0000000000005 1624.7291666666667 2140.0000000000005 1770.5000000000002 2709.4583333333335 20.175000000000001 24.525000000000002 136141.00000000003 271.50000000000006 214.50000000000003 1938.6875000000002 94.407885000000007 27.375000000000004
decision_type=2 2 2 2 2 2 2 2 2 2 2 2 2 2 2 2 2 2 2 2 2 2 2 2 2 2 2 2 2 2 2 2 2 2 2 2 2 2 2 2 2 2 2 2 2 2 2 2 2 2 2 2 2 2 2 2 2 2 2 2 2 2
left_child=2 9 10 16 28 -6 13 -3 15 22 32 31 14 18 -13 -8 27 25 40 -20 -9 -11 30 -17 -25 44 -27 41 29 -5 -2 -12 33 -1 -35 55 37 43 39 -22 52 47 -43 60 -18 -16 -30 58 -49 -33 53 -52 -7 57 -55 -26 -40 -34 59 -4 -32 -59
right_child=1 7 3 4 5 6 8 20 -10 21 11 12 -14 -15 45 23 17 -19 19 -21 38 -23 -24 24 35 26 -28 -29 46 -31 36 49 50 34 -36 -37 -38 -39 56 -41 -42 42 -44 -45 -46 -47 -48 48 -50 -51 51 -53 -54 54 -56 -57 -58 61 -60 -61 -62 -63
leaf_value=2201.5207594263552 2224.9177629160881 2227.3597623682022 2213.6317631506918 2225.5297630476953 2218.1557612609863 2242.7797629833221 2244.0097629833222 2249.0497629475594 2240.5177625226975 2231.8357626485827 2224.7257620120049 2230.7767561519145 2237.1397629404069 2230.9297625613212 2227.8337629389762 2214.8197625541688 2215.7197629833222 2240.0497614669798 2228.7457622909546 2236.6477616572379 2239.584760469198 2236.1197587919237 2227.7497631835936 2237.385762848854 2219.2507592833044 2233.0117630934715 2221.6417624282835 2228.3767577183248 2217.651763007641 2218.1377601552008 2216.0467628896236 2209.4857625198365 2216.3107611858845 2210.6497631406783 2231.4697628617287 2224.0297628688813 2223.7147628724574 2230.4197611808777 2246.6137630462645 2247.3157590365408 2238.0577627944945 2207.9797628402712 2226.2017626643183 2223.2797629261017 2224.9567629325388 2218.3717627930641 2225.0437629604339 2223.483762252331 2218.9747627222537 2220.9097628974914 2209.9927619183063 2225.3017590808868 2235.4777631020547 2203.2997627902032 2231.0947595822813 2217.4747628080845 2256.8017627716063 2202.0937544417379 2210.9857621622086 2220.4297631692884 2218.8757623410224 2214.021760933399
leaf_weight=104 23 21 47 20 57 57 29 31 29 23 27 30 35 30 20 56 71 21 27 23 24 21 20 27 20 22 34 28 83 30 138 233 20 21 31 21 30 21 193 27 33 49 34 21 28 43 25 32 44 21 62 25 20 56 20 22 25 4075 477 21 20 23
leaf_count=104 23 21 47 20 57 57 29 31 29 23 27 30 35 30 20 56 71 21 27 23 24 21 20 27 20 22 34 28 83 30 138 233 20 21 31 21 30 21 193 27 33 49 34 21 28 43 25 32 44 21 62 25 20 56 20 22 25 4075 477 21 20 23
internal_value=2221 2221.01 2221 2221 2221.01 2221.01 2221.01 2221.02 2221.01 2221 2221 2221 2221.01 2221.02 2221 2221 2221 2221 2221.02 2221.01 2221.02 2221.01 2221 2221 2221 2221 2221.01 2221 2221 2221 2221 2221 2221 2221 2221 2221 2221 2221 2221.03 2221.02 2221.02 2221 2221 2221 2221 2221 2221 2221 2221 2221 2221 2221 2221.03 2221 2221 2221 2221.03 2221 2221 2221 2221 2221
internal_weight=7001 638 6363 1517 609 451 394 321 204 317 4846 409 128 190 93 175 908 176 160 50 300 44 273 146 90 155 56 732 158 50 253 281 4437 156 52 63 230 200 269 51 110 704 83 179 99 63 108 621 76 254 4281 87 77 4194 76 42 218 4118 545 68 158 4098
internal_count=7001 638 6363 1517 609 451 394 321 204 317 4846 409 128 190 93 175 908 176 160 50 300 44 273 146 90 155 56 732 158 50 253 281 4437 156 52 63 230 200 269 51 110 704 83 179 99 63 108 621 76 254 4281 87 77 4194 76 42 218 4118 545 68 158 4098
is_linear=0
shrinkage=1


Tree=1
num_leaves=63
num_cat=0
split_feature=54 16 51 20 18 56 56 54 52 27 20 44 54 21 16 50 60 21 40 38 55 21 48 32 54 19 55 16 55 52 25 46 67 48 12 1 51 5 68 25 21 45 1 27 5 22 59 55 62 16 1 36 11 1 64 3 12 3 63 16 33 19
split_gain=121.036 82.3733 22.0529 23.4576 17.4052 14.5874 10.7595 11.1519 8.79281 7.38392 8.58188 6.9937 5.49986 6.43241 5.47722 4.61734 6.75804 4.06473 3.72212 8.1043 3.35192 2.59526 2.42667 2.39732 2.18994 2.10731 3.49738 1.92891 1.79561 1.53502 1.44466 1.315 1.23433 1.10969 1.08316 0.993091 1.31924 0.993031 1.45178 0.612872 0.606998 0.469238 0.940307 0.442292 0.42544 0.59241 0.400427 0.390178 0.332952 1.81339 0.289682 0.191164 0.178873 0.176773 0.172442 0.162105 0.126224 0.113264 0.106556 0.0933211 0.306382 0.0359923
threshold=1893.0000000000002 1173.5000000000002 1465.5000000000002 17.871875000000006 25.975000000000005 6509.0000000000009 10907.000000000002 1757.5833333333337 2213.0000000000005 17.822354453774807 26.705208333333335 29104.500000000004 1643.4583333333337 1.743771262206512 1336.5000000000002 496.77083333333343 527.50000000000011 2.0522693084244952 49514.000000000007 15070.395833333336 7571.5000000000009 2.6880973371728758 258.50000000000006 63.945073564632246 1973.5833333333335 26.975000000000005 9920.5000000000018 -973.49999999999989 31.500000000000004 1708.5000000000002 84.23362250000001 32820.916666666679 103746.50000000001 2078.5000000000005 94949.500000000015 26.425000000000001 1353.5000000000002 1.0000000180025095e-35 106019.00000000001 50.929321500000007 3.9275060075339638 29277.500000000004 18.525000000000002 16.625004749383294 5.5000000000000009 -0.19999999999999948 131.50000000000003 3.5000000000000004 2602.1875000000005 3370.0000000000005 23.575000000000006 13380.500000000002 140429.00000000003 22.575000000000006 328.50000000000006 60.389750862887375 85931.500000000015 58.940198911757754 271.50000000000006 478.00000000000006 3.2953650630963693 27.725000000000005
decision_type=2 2 2 2 2 2 2 2 2 2 2 2 2 2 2 2 2 2 2 2 2 2 2 2 2 2 2 2 2 2 2 2 2 2 2 2 2 2 2 2 2 2 2 2 2 2 2 2 2 2 2 2 2 2 2 2 2 2 2 2 2 2
left_child=4 5 34 51 12 9 7 18 20 27 -11 -5 25 -14 39 31 22 -13 19 57 -9 -18 -17 -7 -19 35 50 37 -26 30 -29 55 56 -30 -3 46 -37 38 -2 -15 -23 42 -39 54 52 -46 -1 -41 58 53 -27 -4 -20 -50 -43 -16 -31 -6 -48 -49 -61 -56
right_child=1 2 3 11 6 23 -8 8 -10 10 -12 17 13 14 15 16 21 24 44 -21 -22 40 -24 -25 28 26 -28 29 33 32 -32 -33 -34 -35 -36 36 -38 41 -40 47 -42 43 -44 -45 45 -47 48 59 49 -51 -52 -53 -54 -55 61 -57 -58 -59 -60 60 -62 -63
leaf_value=1.4559051257371902 3.971466799950599 7.6056058466434475 -1.4446736030960328 1.2175870099067743 -5.2694940255117295 11.517823003901373 14.253708437836638 12.610266375160222 -2.8207265531044157 2.1316925216045366 16.964214299773726 9.7673105575189485 6.767947004199022 2.865486739425644 -3.6150051194312995 10.531537057006359 20.524265701389318 20.815535290539263 -7.2480183110747456 15.055806725549695 18.845274492799728 -2.7291901597680557 20.316605479717254 22.070526127409938 20.921587022781377 7.4200010794630353 7.3659067370080935 4.6192929644050347 24.905586005687717 -2.2415103751316137 3.0780787745504394 4.6742830711497838 8.9174109148320948 31.903918220470842 -5.6871125442095742 -3.6411542785406117 12.023070284803309 -3.1861972684393174 -3.3414169231210438 -1.6440597721338326 6.6592263043642044 -4.2599459639253423 2.7803019823908786 5.2973759602618271 -11.144573540883057 2.1692982834235188 -9.301901368625197 -7.4515731609821341 -18.722813023081834 8.4260293431901374 -11.500963546797809 0.80532532402036117 -3.3579562926435682 -2.7037766111612336 -6.7854353232865332 -1.7397279926061673 -1.7935225127420877 -1.1102937541508764 -17.920159098252729 -3.6891903407635724 4.3077152242956114 -4.7245745635986349
leaf_weight=21 20 20 21 24 31 39 38 29 35 32 20 20 28 21 97 28 24 38 190 28 39 55 20 36 25 20 21 20 258 20 23 20 27 24 35 26 20 39 27 34 23 20 20 28 21 20 34 415 171 22 44 21 20 20 263 20 40 20 4094 52 20 20
leaf_count=21 20 20 21 24 31 39 38 29 35 32 20 20 28 21 97 28 24 38 190 28 39 55 20 36 25 20 21 20 258 20 23 20 27 24 35 26 20 39 27 34 23 20 20 28 21 20 34 415 171 22 44 21 20 20 263 20 40 20 4094 52 20 20
internal_value=-6.85614e-05 0.00869164 0.0181629 0.0204454 -0.00184501 0.00205302 0.00368075 0.00232741 0.0109408 0.000533031 0.0113436 0.0227448 -0.00233211 -0.000126007 -0.000607889 0.00273772 0.00637575 0.0237798 -0.000354439 0.00530973 0.0172247 0.00196866 0.0156549 0.0145406 0.0245494 -0.00275222 0.00190364 -0.000454947 0.0254184 0.00274404 0.00737819 -0.00122538 0.000413317 0.026129 0.000217785 -0.00284272 0.00149675 -0.00141386 0.00267516 -0.00238517 -0.00065301 -0.00191489 0.000507613 -0.00235578 -0.00215054 0.000583941 -0.00288921 -0.00259067 -0.0029094 -0.0017175 -0.00154446 -0.000783849 -0.00269872 -0.00266876 -0.00269218 -0.00245944 -0.00194676 -0.00176125 -0.00297013 -0.00280846 -0.00170596 -0.00288237
internal_weight=7001 1180 486 431 5821 694 471 433 103 619 52 389 5350 857 829 287 150 365 330 79 68 102 48 75 345 4493 85 567 307 130 43 137 87 282 55 4408 46 437 47 542 78 390 59 331 251 41 4362 521 4341 213 64 42 210 191 303 117 60 51 4128 487 72 283
internal_count=7001 1180 486 431 5821 694 471 433 103 619 52 389 5350 857 829 287 150 365 330 79 68 102 48 75 345 4493 85 567 307 130 43 137 87 282 55 4408 46 437 47 542 78 390 59 331 251 41 4362 521 4341 213 64 42 210 191 303 117 60 51 4128 487 72 283
is_linear=0
shrinkage=0.03


Tree=2
num_leaves=63
num_cat=0
split_feature=54 16 20 18 56 54 56 54 52 32 27 20 1 54 21 16 45 32 62 0 58 66 55 66 5 5 48 42 46 16 64 48 14 19 55 65 65 1 35 24 62 31 23 54 65 10 43 1 10 32 55 44 43 0 0 47 37 62 16 1 1 65
split_gain=116.401 78.0126 18.762 17.6445 11.9252 11.5147 10.6694 10.9738 8.79281 7.52777 7.23219 8.58188 6.96498 5.52906 6.15018 5.81164 4.56261 4.3707 6.01951 4.70068 3.43719 4.48395 3.35192 2.71724 2.53528 2.15658 2.9802 2.13816 2.05373 1.98661 1.9693 1.96098 1.91437 1.86708 2.99066 1.50302 1.10382 1.00925 1.29629 0.855875 0.812818 0.56054 0.504423 1.16629 0.493954 1.10746 0.466731 0.406603 0.393365 0.783069 0.344503 0.358491 0.329399 0.325982 0.284836 0.221479 0.171875 0.170679 0.576519 0.116522 0.116522 0.116498
threshold=1893.0000000000002 1173.5000000000002 17.871875000000006 25.975000000000005 6348.0000000000009 2113.1666666666674 10907.000000000002 1757.5833333333337 2213.0000000000005 60.917018197588199 17.822354453774807 26.705208333333335 19.525000000000002 1624.7291666666667 1.743771262206512 1336.5000000000002 31820.500000000004 60.369299087965715 1692.8958333333337 90954.500000000015 3296.1875000000005 2039.9583333333337 7571.5000000000009 648.91666666666674 2.5000000000000004 1.0000000180025095e-35 424.50000000000006 54571.770833333343 32851.020833333343 -28.499999999999996 2438.5000000000005 390.50000000000006 92669.437500000015 26.975000000000005 9920.5000000000018 400.50000000000006 2878.5000000000005 26.425000000000001 14777.500000000002 83.285052000000022 2545.6250000000005 64.035885149880826 61.869562500000008 2240.7083333333335 579.50000000000011 0.87900005428953576 28146.500000000004 20.175000000000001 0.35201941816566318 64.906798790204704 3.5000000000000004 25411.500000000004 31147.500000000004 111059.00000000001 103084.50000000001 594.50000000000011 6946.0000000000009 2709.4583333333335 1862.5000000000002 23.925000000000001 2.4250000000000003 1017.5000000000001
decision_type=2 2 2 2 2 2 2 2 2 2 2 2 2 2 2 2 2 2 2 2 2 2 2 2 2 2 2 2 2 2 2 2 2 2 2 2 2 2 2 2 2 2 2 2 2 2 2 2 2 2 2 2 2 2 2 2 2 2 2 2 2 2
left_child=3 4 55 13 10 9 7 23 22 12 25 -12 -4 33 -15 50 -11 28 19 -19 21 -7 -9 -5 41 26 -2 30 35 42 -6 -25 -31 37 54 -17 47 44 -39 -18 52 -20 43 60 45 -1 -44 -22 -48 -50 -16 -52 -33 -14 -35 -3 -46 -58 -59 -26 -27 -53
right_child=1 2 5 6 27 20 -8 8 -10 16 11 -13 53 14 15 17 39 18 24 -21 36 -23 -24 31 59 29 -28 -29 -30 32 -32 40 -34 34 -36 -37 -38 38 -40 -41 -42 -43 46 -45 56 -47 48 -49 49 -51 51 61 -54 -55 -56 -57 57 58 -60 -61 -62 -63
leaf_value=-15.783571112503203 4.2864620869160612 -3.2177490530779607 6.7414389323759041 14.604132523783205 11.30611232695659 12.396028345147203 13.826097184701533 12.231958383905411 -2.7361047565112782 13.262299519114489 2.0677417459563956 16.455287870780516 18.946100662413244 6.5469085897815189 -1.5947379789698151 10.329407167082643 19.554438618378637 4.8336800282167127 12.224221472617973 21.799995547847892 13.937419514851571 0.85399951420778708 18.279916258015732 6.4781526063237189 -4.4203177524365849 -3.4218187081374842 -2.7835813678753403 21.408410343587647 4.6256386984799365 -0.38070726434127095 0.86710106749138471 -0.08164318438142118 8.6460965165279475 7.1974010470791461 7.1708377944441324 -3.6439911437071593 20.861419406132701 -10.136973027672529 11.662378176259207 -2.5604445821559514 8.2907708014755137 8.3064486473107344 0.72392005672345805 2.6633767010360452 -7.2592079804675125 3.1169466993752293 -8.0644196321127275 26.456598382501639 -3.4963836974409968 9.3306283878475558 1.9553314557981512 -5.2820438138016943 -6.0281449055613043 21.746240548959374 -14.819544262446016 1.1115019009449212 -17.465207860304549 -17.844659961138014 9.5393727309232137 -1.9877349345412372 -4.6811553979915468 -6.79900411816178
leaf_weight=87 27 24 20 28 22 38 38 29 35 36 32 20 41 29 34 20 26 22 20 20 20 21 39 23 33 20 38 36 21 31 20 35 20 20 20 127 20 25 20 24 22 20 36 22 22 29 266 176 44 27 21 99 222 20 42 20 4103 63 20 20 33 413
leaf_count=87 27 24 20 28 22 38 38 29 35 36 32 20 41 29 34 20 26 22 20 20 20 21 39 23 33 20 38 36 21 31 20 35 20 20 20 127 20 25 20 24 22 20 36 22 22 29 266 176 44 27 21 99 222 20 42 20 4103 63 20 20 33 413
internal_value=-7.71315e-05 0.00851368 0.0177309 -0.00181924 0.00205302 0.0195906 0.00374443 0.00239667 0.0109408 0.0133214 0.000647621 0.0113436 0.0199014 -0.00230968 -0.000160161 -0.000617171 0.00707317 0.00273177 0.00675055 0.0161758 0.0233806 0.0167513 0.0172247 -0.000263557 0.00244898 -0.000335048 0.00479263 0.0130986 -0.000481857 -0.00100982 0.00833729 -0.00110228 0.00457926 -0.00274314 0.00171742 -0.00175391 0.0251689 -0.00282759 0.00159645 0.00113772 -0.00180581 0.00815461 -0.00165365 0.000559254 -0.00287436 -0.000904393 -0.00210667 0.0259001 -0.00245625 -0.000421942 -0.00241227 -0.00259989 -0.00228705 0.0249427 -0.00149759 -0.000884354 -0.00292793 -0.00294188 -0.00151625 -0.00180791 -0.00180791 -0.00275923
internal_weight=7001 1180 486 5821 694 442 471 433 103 167 616 52 81 5350 899 870 86 303 135 42 275 59 68 330 93 564 65 78 168 499 42 302 51 4451 82 147 216 4369 45 50 279 40 448 75 4324 116 373 196 337 71 567 533 257 61 62 44 4208 4186 83 53 53 512
internal_count=7001 1180 486 5821 694 442 471 433 103 167 616 52 81 5350 899 870 86 303 135 42 275 59 68 330 93 564 65 78 168 499 42 302 51 4451 82 147 216 4369 45 50 279 40 448 75 4324 116 373 196 337 71 567 533 257 61 62 44 4208 4186 83 53 53 512
is_linear=0
shrinkage=0.03


Tree=3
num_leaves=63
num_cat=0
split_feature=54 16 54 16 50 42 37 27 20 1 16 14 35 58 66 58 57 66 20 57 32 20 55 15 24 47 17 62 16 5 27 61 59 44 62 47 14 15 65 16 5 65 22 59 16 22 20 35 66 34 15 16 65 15 16 26 0 19 54 16 19 63
split_gain=113.832 65.0106 29.3816 26.525 11.3295 10.4865 15.6306 8.12708 7.34983 6.14186 8.71731 6.19278 7.70593 5.70346 10.5453 5.62095 6.17673 5.13809 8.4797 4.75553 4.07939 7.2568 3.01993 2.59504 2.0821 2.01642 1.90157 4.17352 1.66489 1.65332 1.85927 1.56567 1.5241 1.45537 1.39154 1.28475 1.13713 4.1351 1.12284 2.45749 2.48727 1.05037 1.1785 0.834508 0.679142 0.542257 0.541186 1.39493 0.47197 0.391154 0.386969 0.332893 0.590941 0.312598 1.30921 0.242302 0.177014 0.109669 0.0433772 0.13188 0.0360923 0.0339424
threshold=2133.166666666667 841.00000000000011 1675.8125000000002 1275.0000000000002 462.64583333333343 38157.166666666672 17861.500000000004 17.750945960415777 26.705208333333335 24.975000000000005 3294.0000000000005 103471.25000000001 14275.500000000002 3417.2708333333335 2316.5416666666674 3438.2500000000005 9052.5000000000018 1047.3333333333337 21.083333333333336 5729.0000000000009 56.090526568114662 12.655208333333336 6723.5000000000009 16186.239334838052 70.05026500000001 228.50000000000003 3.4750000000000005 1714.166666666667 4153.0000000000009 2.5000000000000004 14.415444930824442 994.50000000000011 1566.5000000000002 30813.500000000004 2192.2708333333335 1309.0000000000002 112169.91666666667 12541.452972875255 579.50000000000011 1759.0000000000002 2.5000000000000004 3023.5000000000005 -0.20000000000000193 708.50000000000011 2324.0000000000005 -1.0000000180025095e-35 26.542708333333341 25153.500000000004 3266.6250000000005 -0.3944612905803026 10197.672242682556 191.50000000000003 1328.0000000000002 13061.381562423361 3824.0000000000005 81.453637854166672 83168.500000000015 10.925000000000002 1624.7291666666667 2140.0000000000005 27.125000000000004 299.00000000000006
decision_type=2 2 2 2 2 2 2 2 2 2 2 2 2 2 2 2 2 2 2 2 2 2 2 2 2 2 2 2 2 2 2 2 2 2 2 2 2 2 2 2 2 2 2 2 2 2 2 2 2 2 2 2 2 2 2 2 2 2 2 2 2 2
left_child=2 7 9 19 29 -6 17 22 -9 38 33 12 -12 14 44 45 23 18 -7 26 -21 -22 36 -17 -23 -19 27 -4 -18 30 -5 -25 -14 -11 -13 -27 37 49 39 -1 -41 42 -15 -38 -3 -8 51 -48 -31 -2 -51 57 -53 58 56 -35 -55 -28 60 -60 61 -40
right_child=1 13 3 4 5 6 15 8 -10 10 11 34 32 41 -16 16 28 25 -20 20 21 24 -24 31 -26 35 46 -29 -30 48 -32 -33 -34 55 -36 -37 43 -39 53 40 -42 -43 -44 -45 -46 -47 47 -49 -50 50 -52 52 -54 54 -56 -57 -58 -59 59 -61 -62 -63
leaf_value=-18.297114208440611 -3.9006217698250554 8.6965381616723789 6.4945013664203453 4.0067060517618023 -2.8218094564904685 11.753999605923791 5.3047858433066679 4.4796550073718517 18.03731799192833 3.1058604289638896 -6.0594399766336746 -0.32172147238308152 15.153008618880021 16.188335389302324 -1.5237517593925549 14.942671095894029 10.263850886315968 15.174334182706652 6.5371930156229618 -4.3413891264157387 12.836849677630882 6.1416721906578635 13.617038916806814 12.864430540693611 -1.7409322044247189 19.747806160777895 -2.6638625652301613 -3.4347070487719695 21.609940568440596 -3.2598823525489351 -2.6080423557809875 -3.8322781786893656 17.211200830274375 -10.688003878570443 1.177834755638778 17.22278987159072 3.8603855142589598 4.3491730197715581 -7.7593125778031116 -9.6853968202420599 10.135736796253148 20.532576701639982 25.980720403946965 -4.7746762955868434 13.110721340931981 -2.3100967635272323 4.0929732251763564 -5.554782393798428 3.4183303063253234 -3.073724436740767 4.5411839792112731 3.8115842739905741 -4.4906598963172453 -15.423877584992796 7.9469499641786729 -0.44167981280414398 -10.617003772062134 -9.1120559184249164 -12.191566408237788 -1.3686550180475516 -5.8748969916318199 -17.811254449755577
leaf_weight=104 37 20 21 20 57 30 20 32 23 27 20 43 22 29 23 24 20 39 39 57 20 36 36 26 39 60 32 35 23 83 30 40 23 222 20 22 39 23 22 21 31 20 165 119 31 51 22 42 25 21 20 24 59 20 29 32 173 521 45 20 21 3951
leaf_count=104 37 20 21 20 57 30 20 32 23 27 20 43 22 29 23 24 20 39 39 57 20 36 36 26 39 60 32 35 23 83 30 40 23 222 20 22 39 23 22 21 31 20 165 119 31 51 22 42 25 21 20 24 59 20 29 32 173 521 45 20 21 3951
internal_value=-0.000132837 0.0119464 -0.00134463 0.0022978 0.00714168 0.00956329 0.0113042 0.00324764 0.0138294 -0.0024855 0.00102664 0.00751756 0.0140092 0.0225026 0.0151822 0.005512 0.00915101 0.0175013 0.0108538 -0.000948134 0.0038856 0.00769716 0.00126059 0.00462819 0.00335553 0.0212552 -0.00192435 0.00336898 0.0185151 0.000208728 0.00473054 0.00149773 0.0208869 -0.00192103 0.000760697 0.0240073 0.000115785 0.00261128 -0.00280994 -0.000288277 0.0050096 0.0250117 0.0257342 -0.0014611 0.0227789 -0.00126582 -0.00235252 0.000234009 -0.00185939 -0.00065301 0.00131387 -0.00261751 -0.000794225 -0.00290112 -0.00176947 -0.00263282 -0.00267219 -0.00288555 -0.00296223 -0.00202765 -0.00297664 -0.00298407
internal_weight=7001 638 6363 1517 609 451 394 350 55 4846 409 128 65 288 74 204 133 190 69 908 152 95 295 90 75 121 756 56 43 158 50 66 45 281 63 82 259 101 4437 156 52 214 194 158 51 71 700 64 108 78 41 636 83 4281 222 254 193 553 4059 65 3994 3973
internal_count=7001 638 6363 1517 609 451 394 350 55 4846 409 128 65 288 74 204 133 190 69 908 152 95 295 90 75 121 756 56 43 158 50 66 45 281 63 82 259 101 4437 156 52 214 194 158 51 71 700 64 108 78 41 636 83 4281 222 254 193 553 4059 65 3994 3973
is_linear=0
shrinkage=0.03


Tree=4
num_leaves=63
num_cat=0
split_feature=54 4 54 57 51 4 45 4 58 63 1 20 46 52 9 35 40 47 43 15 21 27 26 4 50 42 37 46 15 15 2 51 56 50 50 42 32 2 63 21 5 59 42 20 22 45 56 21 31 59 22 53 22 4 0 47 55 54 19 44 0 12
split_gain=108.738 52.775 28.2545 24.371 24.7643 12.5266 10.7047 7.85348 5.74267 7.00761 5.66174 5.6327 4.54026 5.11815 4.38058 5.14623 8.52245 4.22336 3.53722 3.42102 3.2354 3.04414 3.03295 2.49404 2.98695 3.07804 3.20996 2.48185 3.96747 2.18188 2.10961 2.54864 1.8277 1.63924 1.55431 1.23975 1.1939 1.41845 1.10961 0.882121 1.51451 2.21953 0.906843 0.767497 1.9425 1.32932 0.751206 0.655919 0.633278 0.569876 0.832271 0.556077 0.513597 0.65733 0.890583 0.331153 0.80431 0.233914 0.489178 0.173439 0.116522 0.032593
threshold=2133.166666666667 9.5000000000000018 1675.8125000000002 4992.5000000000009 2086.5000000000005 21.500000000000004 32873.500000000007 20.500000000000004 3401.541666666667 932.50000000000011 24.975000000000005 26.861458333333335 32820.916666666679 1652.5000000000002 1.0000000180025095e-35 13950.500000000002 49339.000000000007 478.50000000000006 32056.500000000004 13612.601366945344 1.6918656585015472 17.822354453774807 78.055808666666678 8.5000000000000018 510.14583333333343 38771.270833333336 17355.500000000004 29249.479166666672 11570.165972923518 17032.225944144044 68.170009500000006 1770.5000000000002 258.00000000000006 903.02083333333337 2733.1666666666674 50417.458333333343 57.665338445619959 71.773583000000016 271.50000000000006 2.9555948999909187 3.5000000000000004 931.50000000000011 52729.229166666672 21.260416666666668 2.0749999999999997 29247.500000000004 10491.000000000002 3.3232403808276518 53.11266639639026 498.50000000000006 0.92500000000000082 1249.5000000000002 -0.12499999999999999 20.500000000000004 113893.50000000001 89.500000000000014 44.500000000000007 1624.7291666666667 20.975000000000005 25940.500000000004 94717.500000000015 100784.50000000001
decision_type=2 2 2 2 2 2 2 2 2 2 2 2 2 2 2 2 2 2 2 2 2 2 2 2 2 2 2 2 2 2 2 2 2 2 2 2 2 2 2 2 2 2 2 2 2 2 2 2 2 2 2 2 2 2 2 2 2 2 2 2 2 2
left_child=2 21 10 11 12 6 8 36 9 -3 38 20 13 19 52 -16 17 -17 -9 -5 -4 39 -7 48 59 -26 27 -27 -29 -23 46 47 -10 -30 -28 -18 -6 -38 -1 51 41 -41 -43 -40 45 -45 49 -32 -22 50 -15 -2 61 54 -54 56 -47 -57 -59 -25 -42 -12
right_child=1 5 3 4 7 22 -8 18 32 -11 14 -13 -14 30 15 16 35 -19 -20 -21 23 29 -24 24 25 26 34 28 33 -31 31 -33 -34 -35 -36 -37 37 -39 43 40 60 42 -44 44 -46 55 -48 -49 -50 -51 -52 -53 53 -55 -56 57 -58 58 -60 -61 -62 -63
leaf_value=10.828719979466424 2.5165144132516555 12.292126584110102 5.4938867986196147 11.124377053216486 10.831123713093904 10.833768518108959 2.9695982139815076 6.7996710254214658 17.642989630375951 5.6293054152449971 -7.8191260856106926 18.306323671850762 14.194653575511019 5.3798223839217689 -8.675619558710661 8.9406813250889421 4.822453695002122 17.625216398572267 -0.38907142991686067 20.225485676895094 3.8031972774941343 1.7160918793758673 -4.0439288824217616 -0.0088084870485736749 -4.4629094017557707 0.69754282366232523 -4.1035097447985951 14.73422691899068 9.2739391763311225 5.9072216659442303 -2.0471171973213345 7.8046345030288871 25.391030345812492 0.06381131278484424 14.818340709082197 -3.3798461170851901 16.577514723192859 15.062326220926892 -17.723916722564404 10.024555087940735 -4.5388886993728921 4.4643736073631271 -4.6952647688792517 3.4997886993849701 10.465474284876125 -11.545427341549196 6.4416823559960052 8.7982837086651848 -10.634474759617609 -4.326696153126619 -2.969945404701074 -5.8771152386557928 -5.2323601652301486 -8.0541290626723008 1.7743610689978986 -10.662558436067274 0.91903050741008241 6.7607350237440693 -5.9767898307381149 -4.5503765055383329 -1.9101437900385381 -15.937270777315849
leaf_weight=30 22 35 31 29 20 33 24 22 31 38 20 36 26 21 57 29 26 23 25 36 23 20 22 20 64 29 56 21 21 23 26 31 187 23 20 42 64 24 3820 20 33 20 23 22 20 47 27 20 499 120 36 87 21 33 20 413 27 20 38 147 20 138
leaf_count=30 22 35 31 29 20 33 24 22 31 38 20 36 26 21 57 29 26 23 25 36 23 20 22 20 64 29 56 21 21 23 26 31 187 23 20 42 64 24 3820 20 33 20 23 22 20 47 27 20 499 120 36 87 21 33 20 413 27 20 38 147 20 138
internal_value=-0.000188543 0.0116173 -0.00137292 0.00219893 0.00741036 0.0189597 0.0212694 0.0174855 0.0228581 0.0154309 -0.0024917 -0.00057267 0.00320075 0.00227969 0.00087998 0.00443817 0.00796836 0.0171017 0.00713376 0.00986175 -0.00101562 0.00146587 0.00566243 -0.00133897 0.000433806 0.00262708 0.00474427 0.00844846 0.0117051 0.0087703 0.000512272 0.00474708 0.0253232 0.00646258 0.000118265 0.000925109 0.0219519 0.0235301 -0.00280318 5.33089e-05 0.0018863 0.00503962 0.00111369 -0.00284269 -0.00181911 -0.00214777 -0.001073 0.000195227 -0.00270638 -0.0017956 0.000630472 -0.00186984 -0.00182249 0.000202428 0.00277372 -0.00244359 -0.000526317 -0.00273827 -0.000877798 -0.00262119 -0.00180791 -0.00278937
internal_weight=7001 638 6363 1517 527 370 315 155 291 73 4846 990 372 346 409 177 120 52 47 65 954 268 55 923 401 234 170 94 65 43 281 77 218 44 76 68 108 88 4437 225 116 63 43 4407 587 567 204 46 522 177 57 109 232 74 41 545 74 471 58 167 53 158
internal_count=7001 638 6363 1517 527 370 315 155 291 73 4846 990 372 346 409 177 120 52 47 65 954 268 55 923 401 234 170 94 65 43 281 77 218 44 76 68 108 88 4437 225 116 63 43 4407 587 567 204 46 522 177 57 109 232 74 41 545 74 471 58 167 53 158
is_linear=0
shrinkage=0.03


Tree=5
num_leaves=63
num_cat=0
split_feature=51 56 16 51 4 20 23 56 16 20 43 51 10 15 46 55 3 14 65 68 4 47 15 43 27 51 43 51 17 4 5 64 27 38 60 55 45 20 63 0 14 49 59 40 24 56 51 25 63 16 23 53 68 40 24 59 33 29 23 23 10 0
split_gain=70.2131 83.2817 26.5609 33.005 18.7507 18.352 12.2936 6.84602 4.83741 3.50964 4.05689 3.45794 7.08679 9.37488 4.8695 3.37817 6.5659 3.34878 5.44457 4.56622 3.15543 3.09348 2.92109 2.47634 2.41575 1.87083 1.73097 1.70972 1.6433 1.56649 2.25653 2.37349 1.41741 2.67361 1.33574 1.19291 1.18379 2.17896 1.08625 0.861425 0.761979 0.699428 0.937179 0.611064 0.959521 0.562874 0.458398 0.748904 0.423271 0.418317 0.525624 0.390718 0.388269 0.359204 0.341859 0.250856 0.233103 0.405536 0.232191 0.449422 0.142312 0.583593
threshold=2086.5000000000005 5352.5000000000009 2403.0000000000005 1501.5000000000002 21.500000000000004 17.729166666666668 66.852515000000011 10845.500000000002 1862.5000000000002 18.826041666666672 32974.500000000007 1426.5000000000002 0.56392291514228221 9717.0970897872048 32254.020833333339 6442.5000000000009 60.988770015193857 108474.95833333336 699.50000000000011 129770.00000000001 20.500000000000004 225.50000000000003 10660.3282228603 32497.500000000004 18.823696689756805 1410.5000000000002 32092.500000000004 2541.5000000000005 21.375000000000004 4.5000000000000009 1.5000000000000002 1289.5000000000002 16.354651493598599 15070.395833333336 602.50000000000011 10413.000000000002 32610.500000000004 26.775000000000002 1216.5000000000002 107399.50000000001 127305.50000000001 225.50000000000003 708.50000000000011 28659.000000000004 86.071357500000019 10320.500000000002 2744.5000000000005 72.342355000000012 369.00000000000006 1487.5000000000002 63.498436000000005 2230.5000000000005 122687.50000000001 60495.000000000007 87.908297500000018 140.50000000000003 2.9104980751659615 56.271080746917782 92.684432500000014 94.609100500000025 0.35201941816566318 96198.500000000015
decision_type=2 2 2 2 2 2 2 2 2 2 2 2 2 2 2 2 2 2 2 2 2 2 2 2 2 2 2 2 2 2 2 2 2 2 2 2 2 2 2 2 2 2 2 2 2 2 2 2 2 2 2 2 2 2 2 2 2 2 2 2 2 2
left_child=2 8 11 9 15 54 7 23 24 -4 25 48 35 41 21 16 -3 18 -8 28 36 -15 -20 39 29 32 -6 -22 -19 46 31 -31 45 -34 -16 40 -17 -38 -27 -7 43 42 -14 44 -13 58 -2 -48 -1 60 -51 -32 -30 -28 -5 -50 -43 -58 -11 -60 -45 -62
right_child=1 4 3 5 26 6 17 -9 -10 10 -12 12 13 14 34 20 -18 19 22 -21 27 -23 -24 -25 -26 38 53 -29 52 30 51 -33 33 -35 -36 -37 37 -39 -40 -41 -42 56 -44 49 -46 -47 47 -49 55 50 -52 -53 -54 -55 -56 -57 57 -59 59 -61 61 -63
leaf_value=10.503858392973896 -11.522866639297089 6.40073980327006 -16.646480306932027 -6.6241513448567115 9.9428854960204109 13.125661626600012 12.928912796014348 19.308808374690116 19.699568497193848 -6.8054777379204765 8.232791319373062 -8.727924045506148 8.8667798601204257 9.2710380567363977 -5.618378061457614 21.34956883274431 22.354569036592196 16.609568678707404 7.6142973816266775 12.799568918575 5.5916934515425849 14.917701137404233 6.7495178900500941 16.157831976400313 2.1420124463804093 10.475319366323777 -7.6869610538305935 18.465670058850815 21.247568972934435 -2.9535354592839069 -4.2679036120289409 4.1294241297499319 -10.154361747767119 5.9011042143743904 9.0724729346670241 3.4532357950044306 9.197669407729995 34.186964036822808 4.9497374212601999 -3.6092289370636954 8.1690033444132446 -4.6826921665839549 -5.5742760830189928 -7.4866234784950016 5.9779217713478143 5.1887765312221878 2.433108009317535 -4.7312801818889589 -4.0129076141854814 -5.0530229730765583 1.7798085985589835 1.7733305450020258 20.923568130363176 5.9613975415331799 3.2416436008788421 -19.715196489325812 -6.5165637649921146 5.3509984030850175 1.2073508639299648 -3.1583141195742148 -4.4127370206820808 2.8075375659502289
leaf_weight=20 253 30 413 78 28 20 27 25 21 167 38 26 33 22 21 156 26 21 21 20 20 39 31 32 27 22 20 29 58 20 69 30 43 35 26 32 25 24 27 53 26 95 22 901 20 30 26 54 34 66 24 24 20 20 20 3309 25 20 20 31 66 20
leaf_count=20 253 30 413 78 28 20 27 25 21 167 38 26 33 22 21 156 26 21 21 20 20 39 31 32 27 22 20 29 58 20 69 30 43 35 26 32 25 24 27 53 26 95 22 901 20 30 26 54 34 66 24 24 20 20 20 3309 25 20 20 31 66 20
internal_value=-0.000205683 0.00760559 -0.00136151 0.00253254 0.0183364 0.00931471 0.0127187 0.00551114 -0.000131655 -0.000962354 0.000987654 -0.00236801 -0.00115828 0.00292973 0.0100185 0.0214673 0.0145989 0.0174306 0.0125158 0.0206549 0.0229634 0.0156137 0.00673704 0.00211227 -0.00072749 3.19908e-05 0.00400881 0.0158859 0.0233098 -0.00122873 0.00138365 0.00652695 -0.000781969 0.00272727 0.00267516 -0.00220981 0.0246319 0.0201629 0.00549898 -0.000902873 -0.00237055 -0.000984111 0.00185118 -0.00248954 0.000845986 -0.00189843 -0.00235965 -0.000337079 -0.0029009 -0.00263485 -0.000632631 -0.00135338 0.0253905 0 -0.00204893 -0.00292722 -0.00211992 -0.000266076 -0.00243466 -0.000587085 -0.00281431 -0.00156794
internal_weight=7001 902 6099 1252 378 426 328 130 524 826 413 4847 1484 303 108 310 56 198 79 119 254 61 52 105 503 375 68 49 99 476 143 50 326 78 47 1181 205 49 49 73 1149 195 55 1123 46 248 333 80 3363 1077 90 93 78 40 98 3343 140 45 218 51 987 86
internal_count=7001 902 6099 1252 378 426 328 130 524 826 413 4847 1484 303 108 310 56 198 79 119 254 61 52 105 503 375 68 49 99 476 143 50 326 78 47 1181 205 49 49 73 1149 195 55 1123 46 248 333 80 3363 1077 90 93 78 40 98 3343 140 45 218 51 987 86
is_linear=0
shrinkage=0.03


Tree=6
num_leaves=63
num_cat=0
split_feature=54 16 54 16 50 42 37 58 63 58 66 27 38 16 1 38 14 42 57 56 7 16 55 4 38 7 41 66 45 27 28 65 46 65 55 21 16 55 33 1 40 4 21 52 47 53 18 32 1 28 12 16 59 0 63 53 41 33 62 16 1 4
split_gain=101.24 62.6346 26.7432 25.5716 10.2276 8.83062 15.5228 8.176 10.5059 5.94439 5.53066 5.29865 4.69316 4.61781 7.35452 5.10042 8.63335 5.07321 4.47172 3.96578 5.48447 4.12331 3.2502 3.22658 2.7352 2.46504 2.44519 2.30535 2.18725 1.64631 1.58581 1.57778 1.92705 1.32127 1.78 1.29122 2.12898 1.28291 1.03797 1.25487 3.70215 0.549486 0.989516 0.604309 0.76669 0.538469 0.455526 0.532104 0.415742 0.311729 0.283724 0.265106 0.258633 0.247645 0.193986 0.122356 0.108086 0.0897567 0.0620687 0.113264 0.0317867 0.0302439
threshold=2133.166666666667 841.00000000000011 1675.8125000000002 1275.0000000000002 462.64583333333343 38157.166666666672 17861.500000000004 3417.2708333333335 932.50000000000011 3475.3125000000005 1047.3333333333337 17.750945960415777 12648.333333333336 2573.5000000000005 20.275000000000002 13777.062500000002 103214.02083333334 41645.625000000007 9052.5000000000018 6797.5000000000009 12.500000000000002 410.50000000000006 6723.5000000000009 7.5000000000000009 15971.750000000002 26.500000000000004 39141.500000000007 1122.5000000000002 32440.500000000004 10.957321371803236 -1.0000000180025095e-35 1944.5000000000002 32384.562500000004 3674.0000000000005 10491.000000000002 1.8120814103916507 -2112.4999999999995 8034.0000000000009 2.0133698993506592 19.125000000000004 50753.000000000007 8.5000000000000018 2.3833052700510624 1702.5000000000002 229.50000000000003 1249.5000000000002 18.525000000000002 58.483605462017607 20.675000000000001 1.0000000180025095e-35 109575.00000000001 351.50000000000006 140.50000000000003 125883.50000000001 123.50000000000001 1668.5000000000002 29094.500000000004 3.6914234291251486 2747.4583333333335 536.50000000000011 7.2250000000000005 1.5000000000000002
decision_type=2 2 2 2 2 2 2 2 2 2 2 2 2 2 2 2 2 2 2 2 2 2 2 2 2 2 2 2 2 2 2 2 2 2 2 2 2 2 2 2 2 2 2 2 2 2 2 2 2 2 2 2 2 2 2 2 2 2 2 2 2 2
left_child=2 11 13 19 33 55 10 8 -3 49 12 22 -7 52 46 -16 17 -17 25 35 -21 -22 38 -13 -14 37 -12 -19 -18 -20 50 48 -33 34 -5 36 -4 -11 45 -40 -41 56 -43 44 51 -2 -15 -48 -9 -8 -28 -44 -1 -42 -54 -6 -37 -58 -56 -60 -45 -47
right_child=1 7 3 4 5 6 9 31 -10 18 26 23 24 14 15 16 28 27 29 20 21 -23 -24 -25 -26 -27 30 -29 -30 -31 -32 32 -34 -35 -36 41 -38 -39 39 40 53 42 43 60 -46 61 47 -49 -50 -51 -52 -53 54 -55 58 -57 57 -59 59 -61 -62 -63
leaf_value=-10.542634931456531 0.29762099037408168 11.671399011612147 -7.963004418973374 -3.0774638566880035 -4.630836416284895 8.0132234837807861 -2.3729518170401875 11.601250597540645 3.3897474746905427 7.3390359862761079 5.1845090936659792 2.7632959825911487 -1.9956566615131959 -13.566904675045118 -5.9619100163552323 3.3125185642656332 -0.65272915357854311 12.926846663539058 17.459652008336249 -4.2926372539526794 12.293712771076169 2.2855564924101532 12.29874952549202 16.816174638499266 10.59656719046135 13.453434015453606 18.109418501103445 17.26705796513869 0.8786541243969177 19.707739083184897 12.519623675856325 19.304371120411076 14.454542556983016 3.144394264242246 3.7354712537066255 -2.3933980791930636 5.0944463675265457 -3.7313041223182863 -2.6610913770742117 7.8758766220027701 -5.3038766040056471 5.4471370350100665 -1.3725140025257321 -2.0159474144643159 3.6535726839215443 -5.721741292737649 -8.6237818732186557 1.2145792470108501 24.611982589579878 4.129986098501174 12.975255020368813 2.9147295853548183 -3.9054563019287256 1.8113443829876723 -16.12374343421131 -1.1167336458744652 -10.995431514084526 -0.25579719503912562 -14.564458737213721 -1.0522100014732116 -3.7907924872035035 -3.6810138783222994
leaf_weight=33 22 36 24 107 37 20 55 20 38 28 21 35 22 430 82 38 77 22 20 53 34 27 36 20 27 24 56 34 39 22 24 27 20 30 21 29 20 35 34 32 30 22 35 20 21 20 26 23 147 20 20 20 20 20 3971 20 443 37 31 20 123 101
leaf_count=33 22 36 24 107 37 20 55 20 38 28 21 35 22 430 82 38 77 22 20 53 34 27 36 20 27 24 56 34 39 22 24 27 20 30 21 29 20 35 34 32 30 22 35 20 21 20 26 23 147 20 20 20 20 20 3971 20 443 37 31 20 123 101
internal_value=-0.000291383 0.0111001 -0.00143421 0.00204073 0.00679691 0.00909776 0.0106953 0.0214613 0.012753 0.00492406 0.0168701 0.00256212 0.00998553 -0.00252265 -0.000389055 0.00335844 0.00584008 0.012593 0.00883036 -0.00114635 0.00407537 0.0102128 0.000955608 0.0111071 0.00488798 0.00489093 0.0207597 0.0183422 0.000335917 0.0168884 0.0227473 0.0244512 0.0192357 0.000208728 -0.0011007 -0.00190027 0.00306122 0.00171157 -0.000208414 0.0018863 0.00390987 -0.00219571 -0.000995438 -0.0016157 0.000512483 -0.00192872 -0.00268003 0 0.0258887 -0.00175766 0.024954 -0.00130672 -0.00292557 -0.00113773 -0.00294723 -0.00189142 -0.00275781 -0.00286815 -0.00296189 -0.00176125 -0.0027673 -0.00272502
internal_weight=7001 638 6363 1517 609 451 394 288 74 204 190 350 69 4846 771 292 210 94 129 908 114 61 295 55 49 87 121 56 116 42 100 214 47 158 128 794 44 63 259 116 82 750 241 219 76 143 479 49 167 75 76 55 4075 50 4042 57 509 480 4022 51 143 121
internal_count=7001 638 6363 1517 609 451 394 288 74 204 190 350 69 4846 771 292 210 94 129 908 114 61 295 55 49 87 121 56 116 42 100 214 47 158 128 794 44 63 259 116 82 750 241 219 76 143 479 49 167 75 76 55 4075 50 4042 57 509 480 4022 51 143 121
is_linear=0
shrinkage=0.03


Tree=7
num_leaves=63
num_cat=0
split_feature=54 16 54 16 51 27 66 16 27 20 44 1 16 27 56 7 16 57 43 56 57 60 47 18 51 58 65 7 44 65 33 20 54 58 62 63 45 27 29 20 16 62 11 56 54 30 20 11 30 16 16 15 33 26 27 31 48 11 26 16 26 26
split_gain=95.1823 60.9007 26.0666 24.9414 22.7108 9.99276 9.41224 5.58669 6.03598 4.54234 7.83025 4.53786 6.48226 4.15212 3.96578 5.48447 4.12331 3.80087 3.72191 3.80859 3.62496 3.47011 3.39228 3.09309 2.58453 2.54998 5.45827 2.70698 1.5032 1.42465 1.38678 3.03149 1.35972 1.27271 1.99435 1.21694 1.02134 0.955449 0.778617 0.74966 2.33182 2.57618 0.775899 0.689106 0.533592 1.19526 0.378168 0.687824 0.377332 0.288053 0.464395 0.404513 0.276951 0.214039 0.206744 0.435983 0.174359 0.128595 0.114526 0.0947969 0.0462249 0.121886
threshold=2133.166666666667 841.00000000000011 1675.8125000000002 1275.0000000000002 2086.5000000000005 12.913877785682132 2188.0625000000005 -1922.9999999999998 16.236178905084369 26.456250000000001 32212.500000000004 24.975000000000005 3294.0000000000005 17.25695120230171 6797.5000000000009 12.500000000000002 410.50000000000006 7566.5000000000009 32040.500000000004 9524.5000000000018 10466.500000000002 3599.5000000000005 93.500000000000014 23.275000000000002 2598.5000000000005 2534.6875000000005 1497.5000000000002 5.5000000000000009 30813.500000000004 1997.5000000000002 2.0997801232966595 25.573958333333337 1793.8750000000002 1989.0625000000002 1692.8958333333337 328.50000000000006 33106.500000000007 15.201213162359862 53.024259593641567 21.260416666666668 2605.5000000000005 2581.354166666667 91310.500000000015 16.500000000000004 1906.7291666666667 61.75255473737959 26.542708333333341 106608.00000000001 65.158984430170236 191.50000000000003 630.00000000000011 7580.1923114212805 3.1867009664028001 51.623631229166676 15.245917796700335 65.270278121622752 224.50000000000003 80455.000000000015 81.609745500000017 -199.49999999999997 91.779906979166682 93.19583925000002
decision_type=2 2 2 2 2 2 2 2 2 2 2 2 2 2 2 2 2 2 2 2 2 2 2 2 2 2 2 2 2 2 2 2 2 2 2 2 2 2 2 2 2 2 2 2 2 2 2 2 2 2 2 2 2 2 2 2 2 2 2 2 2 2
left_child=2 7 11 14 9 6 17 30 24 20 -11 35 28 18 33 -16 -17 -3 -14 -20 22 23 -5 -6 43 26 -24 -27 -13 48 54 52 -28 34 -4 -1 46 -25 -29 60 53 42 57 -9 56 -46 49 -48 -7 -35 51 -51 -32 -41 -2 -56 -40 -42 -30 -45 -37 -62
right_child=1 5 3 4 21 29 -8 8 -10 10 -12 12 13 -15 15 16 -18 -19 19 -21 -22 -23 25 37 -26 27 32 38 58 -31 31 -33 -34 36 -36 39 -38 -39 44 40 41 -43 -44 59 45 -47 47 -49 -50 50 -52 -53 -54 -55 55 -57 -58 -59 -60 -61 61 -63
leaf_value=9.153481729342408 -5.2572794363508866 18.872428095858762 5.5154467599279329 8.3029555147023189 14.611252278841343 22.250341841417814 -0.998406593109612 7.1120429319631384 15.893644435342265 -3.7010408714179808 18.889707749770505 2.2785140642754445 -4.8058879550216309 13.904614245780119 -4.1638581363340972 11.924901387943885 2.2169897976378459 23.483988328432705 -0.42832989491473039 7.0422166649929769 16.688994946506707 6.2602804817390618 16.482351165383193 17.280239970277343 14.800111873072096 7.1738127007794619 3.1580624620641857 2.1554606033111994 -9.7956732367492041 18.564906716799239 -4.0366816228344096 4.1435866434888027 -5.2120279453656542 -6.7144981813113027 -11.972862345283239 -16.678418028869491 3.7377788257005182 8.4683725960592948 -1.8251660376533276 -8.4172325513651085 -2.9091230906455627 8.6447898613782677 6.3831670123561439 -3.731041813217872 3.522359967811751 -1.7318022526150774 0.97208278239790868 -8.912118752948528 11.771224419226879 -4.5039063355355653 -2.5593511430295974 4.2770060631040669 1.7370593830210146 -10.921379743572819 -2.2398700124118811 4.6472002015145106 -3.4329998804743669 -2.1441810323061343 -0.53602940585708514 -0.20843438812347856 -1.8274917398359967 -14.109583907556273
leaf_weight=37 96 35 36 37 20 140 25 22 27 20 34 27 50 23 53 34 27 33 23 32 22 35 22 52 23 37 21 27 225 33 39 32 33 554 38 3750 20 20 20 36 20 20 30 22 23 33 20 29 22 22 55 20 20 437 29 20 153 42 29 20 21 44
leaf_count=37 96 35 36 37 20 140 25 22 27 20 34 27 50 23 53 34 27 33 23 32 22 35 22 52 23 37 21 27 225 33 39 32 33 554 38 3750 20 20 20 36 20 20 30 22 23 33 20 29 22 22 55 20 20 437 29 20 153 42 29 20 21 44
internal_value=-0.000321379 0.010724 -0.00142949 0.00200119 0.00669841 0.0209406 0.0127605 0.00230505 0.00775635 0.003715 0.0119224 -0.00250408 0.000513321 0.00611241 -0.00114635 0.00407537 0.0102128 0.0185463 0.00353949 0.00892922 0.00266994 0.0179858 0.00201674 0.0210749 0.00385763 0.0011379 0.00603154 -0.000122826 -0.00202775 0.024818 -0.000317663 0.00256861 0.000831792 -0.00190027 0.00182186 -0.0027829 -0.00228718 0.0240083 -0.00122999 -0.0028288 -0.00181508 0.00206066 -3.2574e-05 0.000702027 -0.00180707 0.000695186 -0.00248107 0 0.0260395 -0.0026724 -0.00111226 0.0012114 -0.00142132 -0.00273938 -0.00215024 -0.000488799 -0.00263432 -0.00198068 -0.00275089 -0.00149644 -0.00298341 -0.00202765
internal_weight=7001 638 6363 1517 609 288 93 350 114 482 54 4846 409 128 908 114 61 68 105 55 428 127 406 92 87 369 76 293 281 195 236 91 54 794 74 4437 720 72 256 4400 585 112 92 64 229 56 700 49 162 651 97 42 59 473 145 49 173 62 254 42 3815 65
internal_count=7001 638 6363 1517 609 288 93 350 114 482 54 4846 409 128 908 114 61 68 105 55 428 127 406 92 87 369 76 293 281 195 236 91 54 794 74 4437 720 72 256 4400 585 112 92 64 229 56 700 49 162 651 97 42 59 473 145 49 173 62 254 42 3815 65
is_linear=0
shrinkage=0.03


Tree=8
num_leaves=63
num_cat=0
split_feature=54 16 54 16 51 27 66 55 50 40 42 51 55 66 59 1 16 14 35 48 57 56 7 16 27 2 33 57 1 65 44 55 58 62 46 65 16 5 28 33 45 62 35 65 68 65 30 10 50 33 54 52 49 56 2 24 19 1 2 2 31 19
split_gain=91.1766 58.671 25.5265 24.0108 21.4234 10.7719 10.4436 5.54804 4.69918 4.97091 6.6201 8.88991 6.0219 6.20115 4.26216 4.14449 5.75717 4.83164 5.42092 3.69104 3.43777 3.43041 5.1462 3.27489 2.76059 5.4756 2.53248 1.825 1.68667 1.55561 1.5032 1.42687 1.20662 1.99435 1.1261 1.09865 2.45749 2.48727 0.998871 1.61503 0.986626 0.772243 0.663943 0.535325 0.449955 1.27954 0.409989 0.345063 0.491629 0.32548 0.323195 1.31401 0.810619 0.301774 0.291994 0.282905 0.185761 0.161447 0.140812 0.119544 0.114924 0.0883746
threshold=2133.166666666667 865.50000000000011 1675.8125000000002 1275.0000000000002 2086.5000000000005 13.091906394380436 2039.9583333333337 6723.5000000000009 496.77083333333343 55478.000000000007 38157.166666666672 1393.5000000000002 31.500000000000004 781.83333333333337 2062.0000000000005 24.975000000000005 3294.0000000000005 103214.02083333334 14275.500000000002 222.50000000000003 7300.5000000000009 7029.0000000000009 12.500000000000002 454.00000000000006 17.822354453774807 84.180607000000009 2.0997801232966595 9052.5000000000018 25.925000000000001 1997.5000000000002 30813.500000000004 10491.000000000002 1989.0625000000002 1692.8958333333337 29249.479166666672 579.50000000000011 1759.0000000000002 2.5000000000000004 4.1554579999999968 2.0997801232966595 33106.500000000007 2182.1250000000005 23433.000000000004 3674.0000000000005 100646.00000000001 1093.5000000000002 65.158984430170236 0.56392291514228221 903.02083333333337 2.6927893278116026 1510.0833333333337 949.50000000000011 186.50000000000003 6243.5000000000009 70.141522500000022 56.402947500000003 27.125000000000004 25.275000000000002 63.498436000000005 90.17932500000002 59.243644316229528 29.975000000000005
decision_type=2 2 2 2 2 2 2 2 2 2 2 2 2 2 2 2 2 2 2 2 2 2 2 2 2 2 2 2 2 2 2 2 2 2 2 2 2 2 2 2 2 2 2 2 2 2 2 2 2 2 2 2 2 2 2 2 2 2 2 2 2 2
left_child=2 7 15 21 8 6 20 24 31 10 60 19 -13 -14 34 35 30 18 -18 -12 -3 32 -23 -24 38 -26 -9 -20 -16 46 -17 43 33 -4 -6 36 -1 -38 44 -40 47 -15 -19 57 45 -2 -7 53 49 -49 56 -52 -53 -34 -11 -36 -37 -5 -46 -47 -10 -32
right_child=1 5 3 4 14 29 -8 26 9 54 11 12 13 41 28 16 17 42 27 -21 -22 22 23 -25 25 -27 -28 -29 -30 -31 61 -33 40 -35 55 50 37 -39 39 -41 -42 -43 -44 -45 58 59 -48 48 -50 -51 51 52 -54 -55 -56 -57 -58 -59 -60 -61 -62 -63
leaf_value=-16.924601817143834 7.4516035024599185 16.753431267301718 5.3499833571301014 -3.6753263106979244 10.910979613510694 21.704360352620757 -0.33573213672144486 11.077519140319021 -7.8911616071082369 -3.7330043447418721 8.1419222283535024 4.4468987541275133 11.241142871061323 18.334318122612991 5.7527976503500406 2.2101586423471811 -5.5600290110095312 -0.55844326032348368 16.142843429720049 -4.832510967723306 22.398990398506729 -4.4648638967523047 11.716761384853246 1.3896253887552787 -0.20286896224543552 13.462394399650597 11.75670689248965 12.051246262650515 8.0840171974315691 18.043873603248191 -9.7595773980976865 3.558743210055475 -6.2265394322172067 -11.613676474924738 12.564491484419419 -17.12568399908276 -8.2970745053682897 8.7613667617202573 -4.9890322729653853 4.2257507131830367 3.6256454609295066 14.916414277074248 0.61986371179385591 2.9673205653140755 -0.58312376649470643 -3.7463177779273504 11.440365694068712 -1.6011616189359232 0.73010647503027937 1.3759871887788431 6.9499599191786263 0.47720687319934746 -7.0751827266952336 -0.010908069667611771 10.127084680058447 17.161053108549961 -1.350672219749129 -0.48222215613896224 -4.3732242786627626 -0.80182997619490415 -1.2935405631006134 -7.2298629656615852
leaf_weight=104 21 31 36 95 22 136 31 25 32 45 22 32 28 49 21 27 20 44 20 49 37 49 32 21 25 20 21 24 31 31 219 21 578 38 20 3845 21 31 24 21 20 20 20 29 20 35 21 64 25 20 22 38 355 25 20 33 21 20 119 20 20 35
leaf_count=104 21 31 36 95 22 136 31 25 32 45 22 32 28 49 21 27 20 44 20 49 37 49 32 21 25 20 21 24 31 31 219 21 578 38 20 3845 21 31 24 21 20 20 20 29 20 35 21 64 25 20 22 38 355 25 20 33 21 20 119 20 20 35
internal_value=-0.000368514 0.0104419 -0.00145307 0.00194186 0.00655065 0.0205016 0.0124117 0.0022045 0.00365277 0.00578997 0.00769932 0.0101799 0.0148722 0.0185994 0.0175138 -0.00251646 0.000366658 0.00564403 0.0114665 0.00160337 0.0189868 -0.00114635 0.00402546 0.0105085 0.00072763 0.00758315 0.0119089 0.0173469 0.0107678 0.0247368 -0.00202775 -0.0004361 -0.00180499 0.00182186 0.0221305 -0.0027829 -0.000288277 0.0050096 -0.000449828 0.00359202 -0.00217593 0.0234443 -0.000140406 -0.00151978 -0.00131102 0.000512483 0.0260089 -0.00236343 -0.000769937 -0.00189061 -0.00287309 -0.00205252 -0.00245739 -0.00264633 -0.00156682 0.0246328 -0.00296035 -0.00245004 -0.00232926 -0.00185118 -0.00178503 -0.00275089
internal_weight=7001 638 6363 1517 609 287 99 351 482 317 252 200 129 97 127 4846 409 128 64 71 68 908 102 53 305 45 46 44 52 188 281 165 806 74 75 4437 156 52 260 45 732 69 64 144 215 76 157 712 109 84 4281 415 393 603 65 53 3866 115 139 55 52 254
internal_count=7001 638 6363 1517 609 287 99 351 482 317 252 200 129 97 127 4846 409 128 64 71 68 908 102 53 305 45 46 44 52 188 281 165 806 74 75 4437 156 52 260 45 732 69 64 144 215 76 157 712 109 84 4281 415 393 603 65 53 3866 115 139 55 52 254
is_linear=0
shrinkage=0.03


Tree=9
num_leaves=63
num_cat=0
split_feature=1 16 51 16 51 51 40 14 65 16 46 65 50 46 50 58 55 66 16 66 55 50 61 51 53 51 53 24 26 44 57 24 25 47 40 49 38 21 58 40 51 21 19 0 51 40 46 28 24 66 38 16 68 52 50 24 68 67 16 31 2 45
split_gain=60.4153 48.4419 37.1457 10.4148 29.154 10.1631 13.5254 8.28926 7.99613 9.79038 11.8673 5.28239 5.13587 4.44617 4.22107 4.13639 3.55767 3.43893 8.14634 5.18281 3.35667 3.16844 4.35761 8.37797 3.07371 2.68908 2.32551 2.26407 2.02795 1.95095 3.89082 1.87467 1.51275 1.44029 2.04407 1.4259 1.26988 1.57008 1.21614 1.1987 1.87714 3.6216 1.11468 1.32456 0.706842 1.55653 4.21882 0.928904 0.829565 0.879942 0.700997 1.61826 0.666105 1.51863 0.633547 0.568916 0.404112 0.3141 0.274143 0.180957 0.154772 0.14392
threshold=22.275000000000002 2897.5000000000005 1511.5000000000002 -951.49999999999989 2211.5000000000005 2068.5000000000005 55146.000000000007 108302.18750000001 642.50000000000011 1336.5000000000002 30503.395833333339 601.50000000000011 987.87500000000011 32811.083333333336 778.06250000000011 3892.979166666667 6723.5000000000009 1354.9375000000002 1.0000000180025095e-35 991.79166666666686 8784.5000000000018 817.60416666666686 1826.5000000000002 1399.5000000000002 2622.5000000000005 2263.5000000000005 1277.5000000000002 50.212033500000011 79.281216187500021 25524.500000000004 6693.0000000000009 79.541347000000016 96.273427500000011 953.50000000000011 49514.000000000007 106.50000000000001 31184.958333333339 2.7508652884047735 3808.0208333333335 48356.000000000007 1270.5000000000002 3.2658129696966518 28.825000000000006 127250.00000000001 1511.5000000000002 28659.000000000004 28353.625000000004 -3.6331600000000033 81.494348000000016 1602.5208333333337 14702.520833333334 2239.5000000000005 100646.00000000001 1405.5000000000002 695.18750000000011 88.067909500000013 83524.000000000015 85248.000000000015 1862.5000000000002 60.245719426585545 82.800558000000009 32503.500000000004
decision_type=2 2 2 2 2 2 2 2 2 2 2 2 2 2 2 2 2 2 2 2 2 2 2 2 2 2 2 2 2 2 2 2 2 2 2 2 2 2 2 2 2 2 2 2 2 2 2 2 2 2 2 2 2 2 2 2 2 2 2 2 2 2
left_child=8 3 13 32 21 6 7 11 9 57 31 -4 15 39 29 16 -6 18 61 -20 -8 33 23 -23 -14 35 -12 -7 -27 30 55 -11 42 50 -35 -19 56 -38 -13 40 -3 -42 52 -44 -31 46 -46 48 49 -47 59 -52 53 -2 -29 -10 -37 -1 -24 -5 -41 -16
right_child=1 2 5 4 12 27 20 -9 14 10 26 38 24 -15 17 -17 -18 25 19 -21 -22 22 58 -25 -26 28 -28 54 -30 44 -32 -33 -34 34 -36 36 37 -39 -40 60 41 -43 43 -45 45 47 -48 -49 -50 -51 51 -53 -54 -55 -56 -57 -58 -59 -60 -61 -62 -63
leaf_value=3.4996846920955482 -17.973495016405668 -1.1470097939732911 14.263531714625284 -5.7178507867831039 1.7729783340875815 11.970248546024337 16.048806788599098 18.651114045031708 -2.8511531311406291 14.488553299483685 7.7342587954303248 0.24956131963255274 20.560938383300979 14.836788048828678 -8.7261182034536038 -1.2905270993275881 14.59061725617628 5.2849384296312616 15.082236614739504 13.882722244908008 -2.7795617083010216 -6.2150362695050889 -5.8308704982425468 14.536003054359293 16.851225416368976 16.193859907258961 -4.9881637102299692 10.797229415719483 -0.18541670130757565 -17.279744949896639 8.6598688798216745 8.9972738342197065 8.2259606898043387 11.428332653616303 -5.7925322295503312 0.1265236291919109 11.800679261736231 -5.6689615689315751 10.503605251071964 -3.7337105098968268 -0.065107361621666832 6.8946580157310136 -12.854425652639243 2.0932057614253998 -6.4199245486277468 3.4820014587095156 5.4306637580630364 -5.9418355732957195 2.5766584698784523 -4.0574618443931465 -7.8549439452698619 7.8234652451298601 -6.8040910228955198 2.1441043358329215 22.261806835628221 0.98577376756890922 -4.4636492117362794 -8.17882299465278 0.18635153410964772 -1.2962852493509818 -0.91102710282738819 -1.5309143896806023
leaf_weight=23 37 46 25 213 20 37 20 69 60 20 21 26 46 20 59 22 27 26 38 22 45 26 38 36 36 28 47 21 21 3332 20 29 24 22 27 20 20 21 20 78 21 20 20 22 43 20 22 629 20 57 66 35 496 20 99 20 411 112 20 20 20 20
leaf_count=23 37 46 25 213 20 37 20 69 60 20 21 26 46 20 59 22 27 26 38 22 45 26 38 36 36 28 47 21 21 3332 20 29 24 22 27 20 20 21 20 78 21 20 20 22 43 20 22 629 20 57 66 35 496 20 99 20 411 112 20 20 20 20
internal_value=-0.000364229 0.00430248 0.0115958 0.00105098 0.0036921 0.0173737 0.0129303 0.0181799 -0.00202864 0.00317731 0.00953032 0.0108861 0.0152482 0.00137494 -0.00229655 0.00911722 0.0141401 -0.000109314 0.00409777 0.0124293 0.00156682 0.000214668 0.00447127 0.01 0.0203532 -0.00118443 0.00136564 0.0231445 0.00549898 -0.00265113 0.00146853 0.0207739 -0.00173478 -0.00111198 0.00366599 -0.00184903 -0.00223046 0.00277372 0.00475054 -6.48305e-05 0.00247991 0.00715328 -0.00203663 0.00263658 -0.00275181 -0.00193402 0.00248848 -0.00233439 0.000370751 -0.00101167 -0.00182281 0.000237388 -0.0023974 0.000630472 0.025204 -0.00146067 -0.00271399 -0.0023094 -0.00139415 -0.00272844 -0.00235474 -0.00219975
internal_weight=7001 1840 567 1273 654 362 205 140 5161 252 117 71 151 205 4909 69 47 686 139 60 65 503 120 62 82 547 68 157 49 4223 100 49 619 383 49 498 472 41 46 185 87 41 595 42 4123 791 65 726 97 77 334 101 553 57 120 80 431 135 58 233 98 79
internal_count=7001 1840 567 1273 654 362 205 140 5161 252 117 71 151 205 4909 69 47 686 139 60 65 503 120 62 82 547 68 157 49 4223 100 49 619 383 49 498 472 41 46 185 87 41 595 42 4123 791 65 726 97 77 334 101 553 57 120 80 431 135 58 233 98 79
is_linear=0
shrinkage=0.03


Tree=10
num_leaves=63
num_cat=0
split_feature=54 16 54 16 51 27 63 55 20 44 59 16 18 50 38 61 56 7 45 28 16 49 52 33 63 54 37 46 44 21 33 20 28 46 30 10 59 65 45 46 5 37 18 7 24 15 25 22 16 65 51 22 37 10 7 24 56 18 34 65 40 5
split_gain=87.7505 57.7609 23.9114 22.6988 21.4653 10.7465 7.46717 5.74667 4.89723 7.83025 4.44193 3.99842 6.76482 4.3055 8.39142 3.54344 3.47446 5.1462 3.43422 3.35118 3.27489 2.88234 2.82405 2.53248 2.31913 2.26838 2.15489 2.32885 2.43234 2.10915 2.07527 4.73327 1.725 1.6924 3.55956 1.43974 1.20718 1.20294 1.14463 1.10574 0.989551 0.983042 1.47451 0.943323 0.933012 0.743924 0.607637 0.541159 0.356576 0.676914 0.291729 0.571164 1.1043 0.278453 0.380066 0.292681 0.278014 0.276593 0.199034 0.169623 0.14961 0.105905
threshold=2133.166666666667 865.50000000000011 1675.8125000000002 1275.0000000000002 2086.5000000000005 13.091906394380436 2114.5000000000005 6723.5000000000009 26.456250000000001 32212.500000000004 1971.5000000000002 2573.5000000000005 19.875000000000004 619.52083333333337 14737.04166666667 193.50000000000003 7029.0000000000009 12.500000000000002 32787.500000000007 -1.0669325000000069 454.00000000000006 1427.5000000000002 1336.5000000000002 2.0997801232966595 1166.5000000000002 2335.729166666667 26825.000000000004 32811.083333333336 32884.000000000007 3.9275060075339638 2.0997801232966595 25.842708333333338 0.64587199999999723 32384.562500000004 62.397218077148104 0.56392291514228221 1608.0000000000002 7836.5000000000009 33144.000000000007 29249.479166666672 1.5000000000000002 16583.000000000004 24.975000000000005 23.500000000000004 91.584970000000013 12464.054422857875 42.047472000000006 1.2 1759.0000000000002 454.50000000000006 1188.5000000000002 0.49999999999999989 12009.000000000002 0.56392291514228221 7.5000000000000009 94.523912500000009 6243.5000000000009 27.825000000000006 0.69912428803478488 601.50000000000011 43308.500000000007 1.0000000180025095e-35
decision_type=2 2 2 2 2 2 2 2 2 2 2 2 2 2 2 2 2 2 2 2 2 2 2 2 2 2 2 2 2 2 2 2 2 2 2 2 2 2 2 2 2 2 2 2 2 2 2 2 2 2 2 2 2 2 2 2 2 2 2 2 2 2
left_child=2 7 11 16 8 6 21 30 15 -10 39 48 45 14 36 -5 37 -18 19 29 -19 25 24 -9 -17 -3 27 41 -29 -16 35 40 -12 58 -35 60 -14 38 46 -6 -32 42 44 -15 47 -13 -4 -24 -1 -50 -51 -52 -53 56 -55 -56 61 -41 -7 -43 -2 -48
right_child=1 5 3 4 10 33 -8 23 9 -11 32 12 13 43 18 22 17 20 -20 -21 -22 -23 26 -25 -26 -27 -28 28 -30 -31 31 -33 -34 34 -36 -37 -38 -39 -40 57 -42 59 -44 -45 -46 -47 53 -49 49 50 51 52 -54 54 55 -57 -58 -59 -60 -61 -62 -63
leaf_value=-15.189751088924694 -2.6218337494746953 5.7060362567606582 2.3987924738623398 6.808590281755345 10.124392606086349 18.563226685160156 -0.15759395840501786 10.416753292815901 -3.3946326636841464 17.244214767532196 8.5210923839707817 -11.694108841200467 -5.6911684992326608 -2.6665809760881585 16.277633684884918 10.211774125993196 -4.1252535859282631 11.020660666242271 1.5828470316148744 3.4129845232071121 0.73110878818131131 22.345978352584819 -3.0343373670370908 10.787177534215928 0.71942083098407628 18.315472122260367 15.627741045522189 10.551601401717292 0.67227690461384704 13.67033462397138 3.588723414240147 8.5424311568983722 2.8369511685419071 22.18693723562923 9.4844006149882638 7.7090205004097774 0.58166593310680925 4.167589548228487 4.0018715912718781 15.671289855467315 -2.0919136186590155 -4.2734180952331693 4.0225279654560753 0.10623112484496462 3.5330515307658161 0.67804384466550327 -2.0575802092831488 3.8107487788136156 2.0581953245875493 -15.064415757093307 -6.8935159739645933 -9.6233509199311325 5.7927495510119851 2.3984928746225456 -1.6287016734110709 0.70668520007901736 -0.23859060182515204 13.974599662865568 15.978963104633985 -2.5109273806572427 -3.3980058326148304 -8.2285813418376499
leaf_weight=3694 20 21 20 23 22 112 31 25 20 34 29 453 69 89 21 25 49 32 23 21 21 26 83 21 21 21 20 21 27 27 22 36 24 25 21 25 20 22 24 32 58 20 21 28 21 20 63 20 26 223 86 24 22 21 84 20 27 20 30 126 144 525
leaf_count=3694 20 21 20 23 22 112 31 25 20 34 29 453 69 89 21 25 49 32 23 21 21 26 83 21 21 21 20 21 27 27 22 36 24 25 21 25 20 22 24 32 58 20 21 28 21 20 63 20 26 223 86 24 22 21 84 20 27 20 30 126 144 525
internal_value=-0.00039851 0.0102069 -0.0014625 0.00182321 0.00630438 0.0201881 0.012109 0.00203361 0.00340386 0.0119224 0.0172777 -0.0024917 -0.000505772 0.00302918 0.00593042 0.00231955 -0.00117939 0.00402546 0.0122801 0.0156295 0.0105085 0.0176652 0.00165885 0.0119089 0.0086551 0.0126128 0.000751879 0.000176938 0.00629938 0.0200208 0.000530973 0.00369509 0.0105085 0.0244179 0.0190672 -0.00139609 -0.000606061 -0.0018422 -0.00203928 0.0220648 -0.000337079 -0.00082446 0.000909717 -0.00143467 -0.000314263 -0.00273938 -0.00224576 -0.00151309 -0.00286668 -0.00196799 -0.00231484 -0.00115821 0.00149675 -0.00238752 -0.00105516 -0.00181556 -0.00265323 0.0245873 0.0261154 -0.00256674 -0.00243144 -0.00279034
internal_weight=7001 638 6363 1517 609 287 99 351 482 54 127 4846 771 298 181 428 908 102 92 69 53 68 405 46 46 42 359 339 48 48 305 116 53 188 46 189 89 806 784 74 80 291 145 117 124 473 760 103 4075 381 355 132 46 740 125 104 615 52 142 146 164 588
internal_count=7001 638 6363 1517 609 287 99 351 482 54 127 4846 771 298 181 428 908 102 92 69 53 68 405 46 46 42 359 339 48 48 305 116 53 188 46 189 89 806 784 74 80 291 145 117 124 473 760 103 4075 381 355 132 46 740 125 104 615 52 142 146 164 588
is_linear=0
shrinkage=0.03


Tree=11
num_leaves=63
num_cat=0
split_feature=54 16 54 16 51 1 65 55 50 7 40 45 51 66 59 21 16 1 51 40 36 29 40 57 7 20 65 33 24 49 1 3 33 64 66 5 1 5 57 24 21 57 23 33 33 18 32 7 20 11 16 65 59 21 59 63 54 31 62 1 51 13
split_gain=84.3205 56.858 22.8416 22.0081 22.0493 9.67628 6.97494 5.94874 4.53339 4.60023 4.69777 5.50067 7.96825 6.39694 4.44193 4.37397 4.24178 7.10681 4.49187 6.41121 4.59084 3.46919 3.37949 3.24476 4.60414 5.03458 2.62334 2.53248 2.16887 1.92425 1.84162 1.50271 1.48022 1.3447 1.29718 1.23244 1.21973 1.79931 1.08235 0.856475 0.773582 0.863274 1.10533 0.75058 1.55909 0.455526 0.532104 0.409266 0.40055 1.08301 0.365827 0.716343 0.344007 0.318791 0.2458 0.185292 0.177796 1.12874 0.199949 0.211105 0.143211 0.114924
threshold=2133.166666666667 865.50000000000011 1675.8125000000002 1275.0000000000002 2086.5000000000005 21.375000000000004 560.00000000000011 6723.5000000000009 496.77083333333343 29.500000000000004 55478.000000000007 30506.000000000004 1393.5000000000002 797.27083333333337 1971.5000000000002 2.2411475313306934 2573.5000000000005 20.275000000000002 1263.5000000000002 47627.500000000007 12647.000000000002 63.33758742312633 43746.000000000007 4949.0000000000009 14.500000000000002 12.762500000000001 2967.0000000000005 2.0997801232966595 89.546590000000023 110.50000000000001 25.925000000000001 56.622783291631357 1.9972803736981795 2744.5000000000005 696.18750000000011 1.0000000180025095e-35 3.0250000000000004 2.5000000000000004 7350.0000000000009 46.857004000000011 3.0946111925110538 60.500000000000007 87.38274250000002 2.635601908312625 3.1376833268035003 18.525000000000002 58.483605462017607 8.5000000000000018 26.542708333333341 106030.50000000001 191.50000000000003 1328.0000000000002 4359.5000000000009 3.0490368728669939 140.50000000000003 123.50000000000001 1586.1041666666667 50.610290633583269 2747.4583333333335 19.775000000000002 1785.5000000000002 84794.500000000015
decision_type=2 2 2 2 2 2 2 2 2 2 2 2 2 2 2 2 2 2 2 2 2 2 2 2 2 2 2 2 2 2 2 2 2 2 2 2 2 2 2 2 2 2 2 2 2 2 2 2 2 2 2 2 2 2 2 2 2 2 2 2 2 2
left_child=2 7 16 23 8 6 -3 29 43 10 11 47 22 -14 38 -7 54 45 33 20 -20 -15 -13 36 53 -26 52 -9 -8 -2 -16 -22 -27 -19 -21 -31 37 -4 -6 -36 -37 42 -42 -5 -45 -18 -47 -10 50 -50 -38 -52 60 -25 -1 -56 58 -58 -57 -60 -17 -49
right_child=1 5 3 4 14 15 28 27 9 -11 -12 12 13 21 30 26 17 18 19 34 31 -23 -24 24 25 32 -28 -29 -30 35 -32 -33 -34 -35 39 40 48 -39 -40 -41 41 -43 -44 44 -46 46 -48 61 49 -51 51 -53 -54 -55 55 56 57 -59 59 -61 -62 -63
leaf_value=-8.740684255850196 8.2547553666410636 9.1915987301925863 5.1933446879223215 -2.4766301544766476 15.546003341715281 16.702918876890568 -0.73982654155958316 10.104250694031425 5.5795181190262326 15.158908814156522 -3.0551271940602911 4.7612804602933201 3.7652673976628916 16.982687886355965 5.1454039971562642 17.77670058963346 -11.656511196280716 -4.1478275872959749 0.055638109877740358 3.8601515577810148 9.7214093676723952 6.3125471466686927 -4.4511540364345326 0.027807695267636948 10.166992470963327 4.7138459733983753 15.635763899683875 10.463562208189449 10.529986457617474 4.7410833917863728 7.26194700234766 14.292819378316423 -4.2644097323632293 0.86234363205177489 2.9519790312265193 -2.8823305249649702 -7.6883249137507743 -12.128455659065073 11.567680438624347 -0.541887619991967 -3.6391575481410978 1.73631658001611 6.041603642350597 3.4270600600753407 -3.03809628370225 -6.8166239229420134 0.98107757906609949 -3.7339679037417741 3.2071452841202368 -5.5943949294444106 2.436548413680776 -1.7405547371076158 16.429659707548304 -3.6986008623600042 -3.2859252546501811 -15.308997617083129 0.5127181540157224 -8.2031081654817086 -12.289316711229024 0.4599601753506718 20.402998223211757 -2.6107364135248168
leaf_weight=33 27 24 23 91 32 21 25 25 25 20 62 20 22 44 22 20 430 99 22 23 20 26 46 21 20 29 21 21 20 22 31 36 32 20 20 122 540 26 42 52 77 35 22 31 43 26 23 20 21 42 21 59 20 74 20 3765 26 189 22 20 136 32
leaf_count=33 27 24 23 91 32 21 25 25 25 20 62 20 22 44 22 20 430 99 22 23 20 26 46 21 20 29 21 21 20 22 31 36 32 20 20 122 540 26 42 52 77 35 22 31 43 26 23 20 21 42 21 59 20 74 20 3765 26 189 22 20 136 32
internal_value=-0.00042422 0.00997179 -0.00146721 0.00174412 0.00615662 0.0198746 0.00998553 0.00186272 0.00321717 0.00531693 0.00436217 0.0063037 0.00950664 0.0152117 0.0172777 0.0229849 -0.00247312 -0.000427961 0.00325573 0.00634315 0.0127145 0.0196434 0.00149773 -0.00121242 0.00243612 0.0076942 0.0243836 0.0119089 0.00292683 0.000334316 0.0105085 0.0172727 0.00333879 -0.00120907 0.00107255 -0.000399138 -0.00209398 0.00244399 0.0220648 -0.000873787 -0.000995706 0.000559283 -0.000847629 -0.000799516 0.001417 -0.00268003 0 -0.000233464 -0.00242424 -9.50879e-05 -0.00265602 -0.000711611 0.0256048 -0.00201893 -0.00285932 -0.00288043 -0.00289476 -0.00200837 -0.00294397 -0.000783849 0.0261947 -0.00178503
internal_weight=7001 638 6363 1517 609 287 69 351 482 317 297 235 158 92 127 218 4846 771 292 173 78 70 66 908 176 81 197 46 45 305 53 56 61 119 95 278 732 49 74 72 256 134 99 165 74 479 49 77 683 63 620 80 176 95 4075 4042 4022 215 3807 42 156 52
internal_count=7001 638 6363 1517 609 287 69 351 482 317 297 235 158 92 127 218 4846 771 292 173 78 70 66 908 176 81 197 46 45 305 53 56 61 119 95 278 732 49 74 72 256 134 99 165 74 479 49 77 683 63 620 80 176 95 4075 4042 4022 215 3807 42 156 52
is_linear=0
shrinkage=0.03


Tree=12
num_leaves=63
num_cat=0
split_feature=54 16 54 16 51 1 38 55 28 21 38 61 30 20 19 68 38 56 7 51 33 5 65 7 7 52 15 20 57 23 16 20 6 68 15 54 18 28 21 16 66 52 50 23 57 22 66 54 15 14 1 56 19 38 66 33 7 52 54 31 38 50
split_gain=83.1471 56.7385 21.6789 22.5385 21.0551 9.47003 9.0598 5.29784 5.20087 4.28121 4.10524 6.31235 4.6346 6.73971 3.48147 4.79895 3.89188 3.2189 4.63909 3.21453 2.99396 2.74824 2.54253 2.41157 2.12411 2.11168 3.58766 1.98888 1.65297 1.45739 1.31332 2.88099 2.20254 1.14596 2.10055 1.14485 1.63074 1.09912 1.0168 2.79992 1.01367 1.57008 1.00033 0.924914 0.755614 0.649193 0.429792 0.36742 0.854525 0.624336 0.330691 0.285699 0.255201 1.02119 0.229397 0.221463 0.149629 0.143506 0.103738 0.574771 0.0883722 0.0529365
threshold=2133.166666666667 865.50000000000011 1643.4583333333337 1275.0000000000002 2086.5000000000005 21.375000000000004 15510.29166666667 6723.5000000000009 0.64587199999999723 2.2411475313306934 14932.22916666667 301.50000000000006 60.263791152673555 23.009375000000006 27.125000000000004 107616.50000000001 14737.04166666667 7029.0000000000009 14.500000000000002 1969.5000000000002 2.0997801232966595 3.5000000000000004 2967.0000000000005 28.500000000000004 21.500000000000004 1964.5000000000002 17144.329907923024 26.775000000000002 8067.0000000000009 83.635612500000022 1759.0000000000002 22.789583333333336 6.5000000000000009 98202.000000000015 10266.052439999399 1510.0833333333337 17.775000000000002 -4.5935300000000003 2.1629863271716872 -646.49999999999989 1745.0208333333335 1975.5000000000002 395.97916666666669 61.869562500000008 9941.0000000000018 -0.19999999999999948 2267.2083333333335 1938.6875000000002 16688.361582596968 85749.250000000015 13.575000000000001 10.500000000000002 18.875000000000004 14975.708333333336 571.08333333333337 2.3462357202195379 5.5000000000000009 1935.5000000000002 1586.1041666666667 50.610290633583269 11654.60416666667 1277.3125000000002
decision_type=2 2 2 2 2 2 2 2 2 2 2 2 2 2 2 2 2 2 2 2 2 2 2 2 2 2 2 2 2 2 2 2 2 2 2 2 2 2 2 2 2 2 2 2 2 2 2 2 2 2 2 2 2 2 2 2 2 2 2 2 2 2
left_child=2 7 14 17 10 6 -3 25 24 -7 37 -12 13 29 30 16 -16 38 -19 -20 -9 -15 45 27 28 26 33 40 -6 -13 58 35 -33 34 -2 52 -37 -5 39 50 -14 -42 -34 -27 57 -11 -44 56 49 -49 -4 -39 -32 -54 -47 -45 -40 -17 -1 -60 -53 -58
right_child=1 5 3 4 8 9 -8 20 -10 22 11 12 23 21 15 44 -18 18 19 -21 -22 -23 -24 -25 -26 43 -28 -29 -30 -31 31 32 42 -35 -36 36 -38 51 47 -41 41 -43 46 55 -46 54 -48 48 -50 -51 -52 60 53 -55 -56 -57 61 -59 59 -61 -62 -63
leaf_value=-15.870168578561369 -2.7543014579809921 8.8180346498722688 0.37117815753571859 4.845739190894812 10.315002652607077 16.201831310583849 2.8716108054950245 9.8011231732104758 7.3208760007768534 10.35324953232651 10.752319490868969 4.8612714764706508 -3.0683756611400517 13.462098733653402 0.012637908727144077 -6.5313720161800184 10.133587520774201 -3.5603157252384996 0.65734485041411062 11.20148860075761 10.149655341943761 16.385153038457521 15.166690982693362 14.013089765285528 14.739618689402864 1.3182356276319709 11.609189869208398 7.8967321536905883 9.5026489122156477 -2.1710530833242605 -13.653645685770206 2.7697504987045662 3.6483099364659894 -1.6842623083969075 7.8414697877557735 -9.9081909770100758 14.379214136228546 0.82496143121975363 -1.2637341250865577 4.9452560510279016 6.6747654775915697 -6.0302827841886346 -2.8978289066143144 -4.1077475175456781 3.400851469801637 15.678407303912266 0.39647862355607044 2.2261396027027018 2.0694075630408095 -3.4279578336952459 -6.1933991862932132 -3.8541071600173944 -12.078503020358314 6.5769639776433371 21.388410237965829 -0.41546449488708703 -5.3411723123672337 -0.40054990891929049 0.71900127390001467 -7.2708168701003268 -3.4513066768454803 -4.478521825356693
leaf_weight=3438 25 31 20 39 20 21 38 25 36 21 23 32 113 29 27 98 24 50 25 29 21 27 21 22 48 35 22 20 25 30 642 32 36 38 21 31 26 20 23 27 20 21 60 132 39 29 25 20 26 139 68 30 106 35 126 32 477 22 22 102 85 54
leaf_count=3438 25 31 20 39 20 21 38 25 36 21 23 32 113 29 27 98 24 50 25 29 21 27 21 22 48 35 22 20 25 30 642 32 36 38 21 31 26 20 23 27 20 21 60 132 39 29 25 20 26 139 68 30 106 35 126 32 477 22 22 102 85 54
internal_value=-0.000445645 0.00987776 -0.00148135 0.0015412 0.00590064 0.0197701 0.00998553 0.00177727 0.0167312 0.0228473 0.00315789 0.00509048 0.00396371 0.00866215 -0.00249565 0.00127082 0.00927593 -0.00136833 0.0036023 0.00970425 0.0112581 0.0162032 0.0242314 0.00111678 0.0204941 0.000334316 0.0037606 -5.16951e-05 0.0155654 0.00178744 -0.00266998 -0.00169771 0.00207707 0.000891795 0.00409978 -0.002389 0.00168126 -0.000568639 -0.00197752 0.000625542 -0.00122648 0.00277372 0.000198183 -0.00147665 -0.00128221 0.0254344 -0.00155112 -0.00238669 -0.00119935 -0.00203646 -0.00194098 -0.00186529 -0.00268931 -0.00148831 0.0261896 -0.00243144 -0.00277748 -0.00247294 -0.00294012 -0.00200645 -0.00245004 -0.00288081
internal_weight=7001 638 6363 1598 640 287 69 351 129 218 511 337 314 118 4765 210 51 958 104 54 46 56 197 196 93 305 106 174 45 62 4555 993 153 84 46 840 57 174 854 115 154 41 121 199 159 176 85 739 185 159 88 135 783 141 155 164 554 120 3562 124 115 531
internal_count=7001 638 6363 1598 640 287 69 351 129 218 511 337 314 118 4765 210 51 958 104 54 46 56 197 196 93 305 106 174 45 62 4555 993 153 84 46 840 57 174 854 115 154 41 121 199 159 176 85 739 185 159 88 135 783 141 155 164 554 120 3562 124 115 531
is_linear=0
shrinkage=0.03


Tree=13
num_leaves=63
num_cat=0
split_feature=54 56 10 54 18 58 54 4 58 52 31 61 40 58 44 40 58 32 54 65 28 63 50 62 15 18 62 21 26 57 19 4 19 64 47 38 56 19 52 11 26 56 62 19 26 4 5 20 30 17 14 28 45 57 26 25 59 26 1 33 24 5
split_gain=79.1312 53.7378 15.3274 12.3089 11.0842 10.2979 8.07045 7.83271 7.12754 6.85779 6.46484 6.18674 5.63377 5.33807 4.63836 6.24664 4.37505 4.12571 3.98193 3.60808 3.41415 4.20101 3.6749 5.63475 3.37633 3.26307 2.90592 2.49039 2.16186 1.94126 1.73274 1.62408 1.56434 1.55581 1.47229 1.37512 1.62984 1.24181 1.7977 1.21865 1.2116 0.865393 0.638571 1.75681 0.556674 0.705771 1.81765 0.533667 1.252 0.863629 0.851722 0.513172 0.455754 0.401318 1.00081 0.392742 0.36659 0.260919 0.214713 0.177168 0.157045 0.156523
threshold=1893.0000000000002 5352.5000000000009 0.56392291514228221 2144.7083333333335 25.975000000000005 3108.4375000000005 1757.5833333333337 21.500000000000004 4107.9791666666679 2280.5000000000005 60.906585354827847 180.50000000000003 49514.000000000007 3498.291666666667 29129.500000000004 51478.000000000007 3639.1458333333335 59.243198067720819 1586.1041666666667 2997.5000000000005 -0.04034199999999543 1199.5000000000002 512.93750000000011 1424.9375000000002 14401.689679922138 28.225000000000005 2608.9791666666674 1.743771262206512 61.281978291666668 9448.0000000000018 28.825000000000006 17.500000000000004 21.075000000000006 5563.5000000000009 603.50000000000011 20092.562500000004 6143.0000000000009 27.125000000000004 1194.5000000000002 101829.50000000001 85.568137270833361 10627.500000000002 2709.4583333333335 18.875000000000004 77.607998812500014 6.5000000000000009 1.5000000000000002 22.789583333333336 54.65867280116769 20.275000000000002 92855.625000000015 -2.9605429999999937 31820.500000000004 60.500000000000007 71.615792500000012 91.760100000000008 4632.0000000000009 55.665429979166682 22.625000000000004 2.5782536687106283 96.273427500000011 5.5000000000000009
decision_type=2 2 2 2 2 2 2 2 2 2 2 2 2 2 2 2 2 2 2 2 2 2 2 2 2 2 2 2 2 2 2 2 2 2 2 2 2 2 2 2 2 2 2 2 2 2 2 2 2 2 2 2 2 2 2 2 2 2 2 2 2 2
left_child=4 2 30 10 18 -5 12 19 11 26 14 -4 17 51 -3 59 -15 34 37 56 21 22 28 -24 -18 -19 31 -22 -20 52 33 -8 -10 44 -6 40 -37 42 -39 -25 55 61 47 -44 45 53 -47 -1 -49 50 -50 -13 -12 -2 -55 -23 -7 -29 -48 -16 -59 -14
right_child=1 3 8 5 6 7 9 -9 32 -11 29 13 41 16 15 -17 24 25 20 -21 27 35 23 39 -26 -27 -28 57 -30 -31 -32 -33 -34 -35 -36 36 -38 38 -40 -41 -42 -43 43 -45 -46 46 58 48 49 -51 -52 -53 -54 54 -56 -57 -58 60 -60 -61 -62 -63
leaf_value=-14.446860287734323 -3.9158171784295903 6.8748707451051718 5.2017817047929569 -0.098713451792860715 -3.8059615105103282 19.291455982971467 12.609338836975676 8.1144487836990233 15.447532460146071 -4.4259835714024378 1.4594813770304325 2.7800460354672634 -6.2614418998976102 15.899929634662884 12.323213359526932 2.1274043079538938 7.0274236318252141 2.2722687918438784 3.9040622431416176 14.763039963961743 3.7130112174056942 -3.2592795043658098 16.237918290780406 -0.6829627520619751 -1.2079684637464647 11.378599899356507 3.5353513635830587 -0.034770639463210747 -2.9809313791879966 11.708535229605156 2.4460548974481955 13.276730389343831 13.694840043766352 3.0039719699439904 5.0831249717571412 -1.0800707699849861 3.9120422220834161 6.7120978984235986 -1.4585054086687173 14.322341644551846 3.1840419444721113 0.92306104048580429 -11.40836540491641 8.066331993326509 -4.8008640111918242 4.3005125048196486 -1.9075112818418405 0.18166526065186644 -6.2824772506939057 -9.8842491882906671 1.2580413102996686 -2.0347126521562142 -1.7389495563466471 -5.852737531379927 1.831233610401231 3.6708431819956644 21.557202874659179 -6.0872821381545466 6.5383037474409704 15.658762477588432 -0.39595312734757043 -0.067462779691697117
leaf_weight=3874 139 36 25 21 34 143 22 29 24 32 20 20 202 23 27 20 26 24 22 20 34 183 27 21 35 20 24 28 58 20 24 31 21 22 20 35 20 20 51 20 23 22 62 25 194 23 47 21 26 225 32 72 32 34 21 20 20 501 20 22 22 40
leaf_count=3874 139 36 25 21 34 143 22 29 24 32 20 20 202 23 27 20 26 24 22 20 34 183 27 21 35 20 24 28 58 20 24 31 21 22 20 35 20 20 51 20 23 22 62 25 194 23 47 21 26 225 32 72 32 34 21 20 20 501 20 22 22 40
internal_value=-0.000501351 0.00658164 0.00190495 0.0153548 -0.00193778 0.019897 0.00247081 0.0218812 0.00808208 0.0096242 0.00935065 0.00563898 0.000306544 0.00362862 0.0141009 0.0186686 0.00909631 0.0064526 -0.0023265 0.0241835 -0.000630116 0.00139827 0.00548953 0.0106167 0.00481178 0.0132653 0.0144747 -0.00212271 0.00108614 0.00237171 -0.00099027 0.0184181 0.0188914 -0.00137373 0.000831792 -0.000747066 0.00348457 -0.00272249 0.00118143 0.00350365 -0.00179124 -0.00196517 -0.00278821 -0.00020666 -0.00173813 -0.000876453 0.00129856 -0.00284124 -0.00160802 -0.00214059 0.00108434 -0.00133551 -0.000633398 -0.00190108 0.000217785 -0.00254062 0.0256775 -0.00261296 -0.00116244 0.0244399 -0.00276429 -0.00249071
internal_weight=7001 1180 770 410 5821 233 471 212 246 109 177 201 362 176 105 69 84 98 5350 183 1014 429 148 68 61 44 77 585 80 72 524 53 45 500 54 281 55 4336 71 41 226 264 4265 87 478 284 90 4178 304 283 58 92 52 194 55 203 163 551 67 49 523 242
internal_count=7001 1180 770 410 5821 233 471 212 246 109 177 201 362 176 105 69 84 98 5350 183 1014 429 148 68 61 44 77 585 80 72 524 53 45 500 54 281 55 4336 71 41 226 264 4265 87 478 284 90 4178 304 283 58 92 52 194 55 203 163 551 67 49 523 242
is_linear=0
shrinkage=0.03


Tree=14
num_leaves=63
num_cat=0
split_feature=51 56 16 51 4 65 40 58 7 20 65 10 51 24 65 50 16 20 1 18 21 51 65 4 65 70 5 34 66 48 26 4 64 55 50 51 49 16 34 1 55 41 62 57 46 18 40 47 39 64 48 56 43 0 20 16 28 28 7 56 19 49
split_gain=53.6891 73.609 19.3108 22.6513 18.1414 13.2486 7.90282 6.08187 5.01129 4.3418 4.19519 5.61737 8.23421 4.71843 3.81974 3.98209 3.80183 3.42308 3.28309 2.73346 3.20185 5.97457 2.72472 2.69756 2.45666 1.65997 2.0435 1.64893 1.63444 1.58709 1.60885 1.1288 1.6626 0.961938 1.4613 0.817996 1.07537 2.61161 0.817142 0.642141 0.601486 2.19953 0.704998 1.86384 0.56448 0.891565 0.644854 0.51996 0.822687 0.507875 0.507693 0.501351 0.441615 0.359204 0.332089 0.514415 0.328704 0.194225 0.741613 0.878128 0.170613 0.162966
threshold=2086.5000000000005 5630.0000000000009 3240.5000000000005 1511.5000000000002 20.500000000000004 1944.5000000000002 55478.000000000007 2916.4375000000005 17.500000000000004 25.483333333333338 1193.0000000000002 0.56392291514228221 1494.5000000000002 89.168762500000014 601.50000000000011 532.60416666666674 1862.5000000000002 25.167708333333341 31.225000000000005 16.125000000000004 3.4976036682406657 1238.5000000000002 601.50000000000011 21.500000000000004 1598.5000000000002 134795.29166666672 2.5000000000000004 0.48305730452367618 915.72916666666674 2439.5000000000005 67.137470062500014 4.5000000000000009 3881.0000000000005 9819.5000000000018 406.77083333333343 1163.5000000000002 94.500000000000014 1.0000000180025095e-35 0.56718021730399582 28.225000000000005 2.5000000000000004 34923.000000000007 2684.7500000000005 7933.5000000000009 32131.041666666668 22.475000000000005 52352.000000000007 225.50000000000003 37886.000000000007 2411.5000000000005 232.50000000000003 10575.000000000002 32669.500000000004 90090.500000000015 25.167708333333341 -3556.9999999999995 0.77397500000000019 -3.9140360000000025 6.5000000000000009 4712.5000000000009 30.825000000000006 3213.0000000000005
decision_type=2 2 2 2 2 2 2 2 2 2 2 2 2 2 2 2 2 2 2 2 2 2 2 2 2 2 2 2 2 2 2 2 2 2 2 2 2 2 2 2 2 2 2 2 2 2 2 2 2 2 2 2 2 2 2 2 2 2 2 2 2 2
left_child=2 16 10 19 7 6 9 8 -3 14 11 33 28 22 -5 -16 31 50 23 -4 47 49 -14 27 -23 35 -27 -6 -13 30 -9 39 44 54 -35 -12 37 -37 -30 61 41 -38 51 -44 45 -33 -47 48 -21 -22 -7 57 -32 -24 60 -56 -25 58 59 -42 -1 -2
right_child=1 4 3 5 18 17 -8 29 -10 -11 25 12 13 -15 15 -17 -18 -19 -20 20 21 24 53 56 -26 26 -28 -29 38 -31 52 32 -34 34 -36 36 40 -39 -40 -41 42 -43 43 -45 -46 46 -48 -49 -50 -51 -52 -53 -54 -55 55 -57 -58 -59 -60 -61 -62 -63
leaf_value=-7.6410972448025509 -7.4787471447190619 1.7480524597776677 -12.716765676261335 12.083867930308978 12.611714806319737 1.4881998122071536 7.5063041175754277 14.320148765042896 12.922900174215364 15.591712923068926 -20.180735213558219 9.4620224755399533 11.569210821040269 9.1560058599857896 -4.141036761546621 16.305138571707399 14.124024044923154 14.710349261402699 13.387883423806683 -4.027885848251799 -4.4248496196289366 6.9049555085389747 -1.7971859785243245 -1.8159879096454947 4.7827884769537086 9.8805176087353104 -8.1084152164686305 9.010024810135798 -6.0702843980331975 17.071373534502488 19.378010280486151 -1.0364893016197332 3.8776858576519393 -4.6921477760008603 3.5083921495804722 -7.6743653385903539 5.66994226818918 2.3917261193904729 6.1963238514064845 1.3193425208841809 -7.788982920593754 -15.033035708850376 -4.5695523748065812 3.5732829598512001 -5.7666421128113985 3.5864896452261159 -0.047560890259780532 -2.3893854014216043 0.35071557219260452 0.59640293922286514 -1.9924791726722593 0.042980886883143651 9.7746293609387749 3.9406542775246201 -6.0088715009946201 0.53296626552952975 3.3418248359133607 -5.8569789166107808 -3.6187430693121061 1.716364377453713 -2.6438345729477772 -1.3162195893031921
leaf_weight=411 308 22 282 33 21 22 35 20 33 47 2445 25 35 34 20 36 27 32 20 29 42 27 20 23 24 20 22 20 137 30 128 41 20 31 28 72 20 28 32 20 20 50 44 22 51 27 21 102 34 20 61 39 20 20 31 25 30 1463 134 24 21 20
leaf_count=411 308 22 282 33 21 22 35 20 33 47 2445 25 35 34 20 36 27 32 20 29 42 27 20 23 24 20 22 20 137 30 128 41 20 31 28 72 20 28 32 20 20 50 44 22 51 27 21 102 34 20 61 39 20 20 31 25 30 1463 134 24 21 20
internal_value=-0.000488495 0.00634187 -0.00149924 0.00270535 0.0166876 0.00957357 0.0148685 0.0211695 0.012196 0.0181411 -0.002177 -0.000243501 0.0030287 0.0096242 0.0141414 0.00925134 -0.000751262 0.00166811 0.00670464 -0.000798072 0.00130529 0.00519894 0.00535286 0.00430393 0.0127984 -0.00254957 0.00334917 0.010073 -0.000664607 0.0236396 0.0248245 -0.00134029 0.000730793 -0.00206178 0.00152284 -0.00260714 -0.00213715 0.00086913 -0.00173862 -0.00230106 -0.00230439 0.000385163 -0.00241395 0.000590014 -0.000406853 0.0010101 0.00380457 -0.00134464 0.000760697 -0.00101449 -0.00151625 -0.00253378 0.0259487 0 -0.00250154 -0.00026738 -0.000112995 -0.0026141 -0.00163391 0.00170068 -0.00278408 -0.0026242
internal_weight=7001 902 6099 846 367 286 171 253 55 136 5253 850 303 109 89 56 535 115 114 560 278 113 75 94 51 4403 42 41 194 198 168 508 160 547 59 4361 1916 100 169 348 1816 70 1746 66 140 89 48 165 63 62 83 1680 148 40 488 56 53 1641 178 44 432 328
internal_count=7001 902 6099 846 367 286 171 253 55 136 5253 850 303 109 89 56 535 115 114 560 278 113 75 94 51 4403 42 41 194 198 168 508 160 547 59 4361 1916 100 169 348 1816 70 1746 66 140 89 48 165 63 62 83 1680 148 40 488 56 53 1641 178 44 432 328
is_linear=0
shrinkage=0.03


Tree=15
num_leaves=63
num_cat=0
split_feature=54 16 51 54 56 51 27 56 45 56 21 33 55 43 64 52 29 65 16 58 66 27 20 46 33 19 22 57 16 20 26 21 56 30 49 59 20 62 16 52 21 15 1 34 27 64 16 58 20 30 5 43 54 21 41 38 19 18 3 52 49 30
split_gain=75.3177 61.8295 13.629 12.6115 12.2865 10.6115 7.748 7.51688 6.21079 4.69855 3.63132 3.55509 3.52133 3.51201 4.63074 3.34124 5.48496 3.31204 5.96726 3.27778 2.8415 2.80536 2.25545 2.21708 1.91387 1.72431 1.46246 1.43843 1.36977 1.98041 1.57498 1.27417 1.22126 2.3208 1.14394 0.989854 1.97714 0.837576 2.89905 0.705116 0.704248 2.0062 0.702298 0.68099 0.923073 0.614487 0.572924 0.366969 0.364739 1.56544 2.52582 0.347113 0.331799 0.870281 0.293295 0.217954 0.163118 0.162105 0.158079 0.155297 0.149699 0.14542
threshold=1962.8958333333337 1402.0000000000002 2086.5000000000005 1675.8125000000002 6143.0000000000009 2086.5000000000005 8.6090952297118033 8571.5000000000018 30881.500000000004 6004.0000000000009 1.743771262206512 1.7699567706924857 91.500000000000014 32371.500000000004 916.50000000000011 1595.5000000000002 56.208761202996357 579.50000000000011 4033.0000000000005 3787.1458333333335 832.04166666666686 17.822354453774807 26.775000000000002 32851.020833333343 3.2255300478351603 28.825000000000006 -0.19999999999999948 6911.0000000000009 -1599.4999999999998 26.335416666666671 56.813851375000006 2.3436348861963445 11194.000000000002 48.439697762812472 1743.5000000000002 795.50000000000011 25.715625000000006 2602.1875000000005 3761.0000000000005 992.50000000000011 4.1651685941574135 8135.7214535468975 24.025000000000002 -0.12136303994980933 13.802484955723081 876.00000000000011 3294.0000000000005 3171.5833333333335 21.603125000000006 55.948813615185749 1.5000000000000002 28146.500000000004 1581.7916666666667 4.1769399586132794 36621.000000000007 24086.354166666668 29.575000000000006 29.575000000000006 67.748846923452206 3060.5000000000005 209.50000000000003 58.773461046762939
decision_type=2 2 2 2 2 2 2 2 2 2 2 2 2 2 2 2 2 2 2 2 2 2 2 2 2 2 2 2 2 2 2 2 2 2 2 2 2 2 2 2 2 2 2 2 2 2 2 2 2 2 2 2 2 2 2 2 2 2 2 2 2 2
left_child=3 7 6 17 10 15 27 21 12 -4 -5 -7 -8 46 -15 16 -6 18 20 -13 -1 24 -23 34 25 35 -11 -3 -12 30 -30 -32 37 -34 43 36 45 48 42 -22 -33 -42 -39 44 -17 -2 -10 -28 52 50 -50 -37 58 60 -47 61 -41 -45 -19 -53 -54 -51
right_child=1 2 9 4 5 11 8 -9 13 26 28 19 -14 14 -16 23 -18 32 -20 -21 39 22 -24 -25 -26 -27 47 -29 29 -31 31 40 33 -35 -36 51 -38 38 -40 56 41 -43 -44 57 -46 54 -48 -49 49 55 -52 59 53 -55 -56 -57 -58 -59 -60 -61 -62 -63
leaf_value=9.8121420083561723 2.0485028035543937 -2.8451811724761655 13.640511128214763 4.4231214877284835 -4.1436345892021276 2.4731032462898788 -3.3529679023212959 16.218658096407736 10.457804317145392 11.783201118571299 -9.8606602099910692 14.539879593699988 7.3518585487929213 4.5079809959774559 14.640879573258987 5.8336018165323917 15.333678424575346 -14.743310923314189 9.5936626893075747 6.1830739760022793 0.65725629502928262 1.7879793991443045 11.037439050152219 3.4730508641158133 1.5287142270275282 2.8714882584999724 5.8444392563337315 11.902409015245421 1.2598421410308267 6.6061712943708786 3.7872007538767689 -2.9693711660698052 -4.7625603192401691 3.0065715522901537 12.768269173053177 2.8859921817607486 7.6739494980283531 -12.605543636097842 14.010319942159265 -8.6104327076111709 -1.0603030564031859 4.4013805839506102 0.69205174082881049 -3.1058064784473229 -1.1274339919177381 0.053480935727126311 15.556664605949161 19.164885343075156 4.3385678758408357 -2.423005266551356 -6.4559334804194863 -5.3081150596527706 -0.055589188196868193 0.77972011737108171 -2.1362365632689979 -0.17838083097482813 -1.7891035999061422 -2.5787653381155695 -0.69510081502699672 -0.59491328972911128 -8.2450288748372458 -7.5843893818631525
leaf_weight=25 30 32 28 21 22 30 23 39 20 20 321 34 33 32 27 28 36 3570 25 38 26 31 20 24 35 35 20 20 20 20 32 254 43 26 23 21 23 172 21 144 65 20 38 97 32 36 33 113 26 84 33 247 21 20 77 32 21 20 24 23 89 406
leaf_count=25 30 32 28 21 22 30 23 39 20 20 321 34 33 32 27 28 36 3570 25 38 26 31 20 24 35 35 20 20 20 20 32 254 43 26 23 21 23 172 21 144 65 20 38 97 32 36 33 113 26 84 33 247 21 20 77 32 21 20 24 23 89 406
internal_value=-0.000497065 0.00704548 0.0162154 -0.00178102 0.00106059 0.00542827 0.0111631 0.00107924 0.0142951 0.0223302 -0.00116319 0.0137218 0.00604278 0.0183854 0.013198 0.00241404 0.0088296 -0.00244836 0.000970551 0.0173509 -0.000624711 0.000212765 0.00692759 0.000736278 -0.000432556 -0.000920545 0.0244154 0.000978886 -0.00152028 -0.000364875 -0.000843775 -0.00129345 -0.00262796 0.00130246 -0.000284858 -0.00141763 0.000415412 -0.00268843 -0.000908698 -0.00188383 -0.00184017 0.000493536 -0.00198477 -0.00111801 0.00144759 -0.000880504 0.0240678 0.0256048 -0.00278321 -0.00206505 0.00253807 -0.00247338 -0.00289439 -0.00136049 -0.00190982 -0.00259146 -0.0026166 -0.00245944 -0.002949 -0.00276564 -0.00242507 -0.00274842
internal_weight=7001 1018 401 5983 1137 384 220 617 168 181 753 102 56 112 59 282 58 4846 241 72 216 578 51 224 527 492 153 52 732 411 391 371 4605 69 200 457 166 4536 231 191 339 85 210 177 60 143 53 133 4305 581 59 291 3724 130 113 522 165 117 3594 270 110 490
internal_count=7001 1018 401 5983 1137 384 220 617 168 181 753 102 56 112 59 282 58 4846 241 72 216 578 51 224 527 492 153 52 732 411 391 371 4605 69 200 457 166 4536 231 191 339 85 210 177 60 143 53 133 4305 581 59 291 3724 130 113 522 165 117 3594 270 110 490
is_linear=0
shrinkage=0.03


Tree=16
num_leaves=63
num_cat=0
split_feature=54 16 54 16 17 35 50 37 42 7 66 20 41 30 30 19 9 50 35 45 22 4 20 31 20 65 19 25 43 32 42 20 30 14 36 17 5 20 34 35 16 7 45 66 53 36 2 16 43 7 19 59 15 16 54 64 5 0 17 7 7 22
split_gain=69.8792 52.8172 19.6316 19.1028 13.7417 9.00371 8.77979 7.03442 11.7721 4.58546 4.31985 5.29844 5.18334 3.76411 3.42162 3.07462 4.90549 4.1818 9.21539 3.04601 2.41355 2.35839 1.96872 1.92992 4.14757 1.91938 1.81776 1.79804 1.42334 1.16465 2.79594 1.07315 2.40129 3.5216 1.04246 1.44166 0.975521 1.27951 0.720981 0.691043 0.647648 0.6473 0.625135 1.08464 0.618652 1.25457 0.538872 0.424686 0.982775 0.334815 0.34812 0.28021 0.25113 0.394107 0.23574 0.873783 0.183081 0.216412 0.177123 0.174847 0.385344 0.173439
threshold=2144.7083333333335 156.00000000000003 1675.8125000000002 1336.5000000000002 20.675000000000001 15571.500000000002 462.64583333333343 17861.500000000004 38419.500000000007 28.500000000000004 1060.5416666666667 21.083333333333336 39141.500000000007 58.479618480507717 65.564732701440519 24.975000000000005 1.0000000180025095e-35 612.77083333333337 14732.500000000002 33809.500000000007 -0.149999999999999 20.500000000000004 28.444791666666671 51.774303900421089 12.655208333333336 2444.5000000000005 28.825000000000006 42.540272500000007 30906.500000000004 64.288527959507988 57495.979166666679 21.260416666666668 56.084950689528561 98642.145833333358 19277.500000000004 21.725000000000005 2.5000000000000004 16.873958333333338 -0.3944612905803026 13042.000000000002 -1599.4999999999998 10.500000000000002 32313.500000000004 1438.1875000000002 1135.5000000000002 14757.500000000002 67.988417000000013 1759.0000000000002 31488.000000000004 3.5000000000000004 10.925000000000002 1379.5000000000002 11570.165972923518 3655.0000000000005 1581.7916666666667 4093.0000000000005 1.0000000180025095e-35 102906.50000000001 26.525000000000002 23.500000000000004 27.500000000000004 -1.1249999999999998
decision_type=2 2 2 2 2 2 2 2 2 2 2 2 2 2 2 2 2 2 2 2 2 2 2 2 2 2 2 2 2 2 2 2 2 2 2 2 2 2 2 2 2 2 2 2 2 2 2 2 2 2 2 2 2 2 2 2 2 2 2 2 2 2
left_child=2 22 15 19 5 -3 36 8 -8 13 11 -10 -12 -9 21 31 -17 18 41 23 -14 25 26 24 -4 42 34 -25 -13 -15 -31 54 33 39 35 38 37 -5 -2 -33 56 -18 43 -6 45 -42 -19 -34 -49 -46 -51 -38 -22 -54 58 -56 57 -29 -1 -52 -61 -36
right_child=1 4 3 6 14 -7 7 9 10 -11 12 28 20 29 -16 16 17 46 -20 -21 52 -23 -24 27 -26 -27 -28 40 -30 30 -32 32 47 -35 61 -37 51 -39 -40 -41 44 -43 -44 -45 49 -47 -48 48 -50 50 59 -53 53 -55 55 -57 -58 -59 -60 60 -62 -63
leaf_value=-13.896948405652216 -2.6677490928931347 7.730807165182096 6.2434122407568253 2.5317390396562933 17.333226085645311 -1.0987358614591769 -1.9810763565193954 14.642769019496683 6.0214143514770377 12.192994246764732 3.3496127647015168 -3.1254164118895988 11.263413693605631 -4.7651576060569667 12.507034396191752 -7.9386580849074715 -12.523438105767035 -0.84441576686570907 11.011685029611275 12.474591261789692 14.570150097264415 12.331027987562166 7.2503352366101161 3.9108075028231277 -3.1053411214959659 13.539737955928619 3.5003160506910547 0.091339206035621845 5.834615361391708 8.5099066280089648 -2.2941771168913636 -6.5749714941208453 -12.463483232802673 7.1213707111668647 0.10054069033506173 5.1623176589448292 -2.8999432278896302 -1.0076734608345534 0.77506326868586883 0.14535406340871002 -0.72849941680889507 0.37112927503198451 19.336885384381567 17.598789560936382 3.2451847955455411 3.9326198663958092 0.083941675969655613 0.68996508866166617 -3.3519991512673371 1.0550542965542127 -3.4288677604785121 0.96581112523351764 6.1034141142854912 12.959514043789781 -7.8574769051536846 0.5996052035760463 -9.2072548535191032 -3.48137509890732 -4.4456966756494074 1.8315460784087776 -2.8394800793074237 -2.4011601235472675
leaf_weight=3686 45 38 20 20 20 40 46 24 34 28 20 23 20 80 27 240 26 50 36 20 30 30 27 27 29 21 22 20 22 33 48 62 357 29 20 21 83 30 22 36 37 26 109 22 26 29 20 31 104 29 188 24 21 21 92 30 432 23 21 23 34 147
leaf_count=3686 45 38 20 20 20 40 46 24 34 28 20 23 20 80 27 240 26 50 36 20 30 30 27 27 29 21 22 20 22 33 48 62 357 29 20 21 83 30 22 36 37 26 109 22 26 29 20 31 104 29 188 24 21 21 92 30 432 23 21 23 34 147
internal_value=-0.000569911 0.00912126 -0.00149716 0.00144744 0.0178964 0.00695262 0.00559381 0.00772495 0.0112864 0.00374472 0.0145683 0.0091024 0.0183854 0.00200972 0.0216063 -0.00243598 8.2893e-05 0.00419355 0.0085471 -0.00123573 0.0214007 0.0229639 0.000246629 -0.00149166 0.00427699 0.0243521 -0.000498016 -0.00182122 0.00226164 0.000335195 0.00288533 -0.00266204 -0.00149249 0.00217152 -0.00122305 0.00139614 -0.0004965 0.00293413 -0.000715351 -0.000519878 -0.00206872 0.00040307 0.0255725 0.0218765 -0.00110626 0.00149773 -0.00124108 -0.00244463 -0.000977055 -0.00168944 -0.00200292 -0.00212885 0.0240083 0.0218765 -0.00285028 -0.00149877 -0.00280362 -0.000835268 -0.00289391 -0.00237454 -0.000840631 -0.00262119
internal_weight=7001 611 6390 1544 307 78 607 450 237 213 191 79 112 185 229 4846 398 158 88 937 92 202 304 917 49 172 277 868 45 161 81 4448 619 127 255 88 157 50 67 98 841 52 151 42 366 66 70 492 135 300 274 107 72 42 3829 122 475 43 3707 245 57 167
internal_count=7001 611 6390 1544 307 78 607 450 237 213 191 79 112 185 229 4846 398 158 88 937 92 202 304 917 49 172 277 868 45 161 81 4448 619 127 255 88 157 50 67 98 841 52 151 42 366 66 70 492 135 300 274 107 72 42 3829 122 475 43 3707 245 57 167
is_linear=0
shrinkage=0.03


Tree=17
num_leaves=63
num_cat=0
split_feature=54 16 51 54 16 51 55 51 60 58 61 38 30 41 26 45 42 19 15 19 19 26 67 60 4 0 60 36 15 28 26 16 63 7 15 16 48 47 51 5 48 15 55 1 62 37 57 57 2 47 65 1 34 16 43 15 16 60 13 24 54 26
split_gain=69.6513 58.5739 15.6477 10.3972 11.8074 10.3536 6.65432 6.44381 5.75694 5.06261 3.70428 3.57446 7.39233 9.01596 6.41183 3.47028 3.99291 3.1045 3.2518 3.00306 2.67292 2.92438 2.37217 2.34329 2.2945 2.20143 2.05081 2.03776 1.8888 1.84972 1.8181 1.40648 1.82603 1.30482 0.993515 0.94407 1.39797 1.60555 1.27516 0.823375 1.54542 0.783927 0.702201 0.589607 1.14253 0.440926 0.395374 0.57781 0.388198 0.339811 0.337373 0.632241 0.319057 0.309995 0.282966 0.205541 0.172278 0.164273 0.160416 0.158994 0.158342 0.583625
threshold=1962.8958333333337 1402.0000000000002 2086.5000000000005 1485.9791666666667 1336.5000000000002 2086.5000000000005 9442.0000000000018 1494.5000000000002 1711.5000000000002 3108.4375000000005 2494.0000000000005 14932.22916666667 60.849426768978482 43387.500000000007 71.737705958333351 30506.000000000004 56354.812500000007 28.825000000000006 18513.871923435538 -5.9749999999999988 26.325000000000006 80.196606500000016 103566.50000000001 278.50000000000006 20.500000000000004 129770.50000000001 1318.5000000000002 14798.500000000002 15544.566013551101 0.48147749999999695 81.174507125000005 -517.49999999999989 1588.5000000000002 26.500000000000004 13061.381562423361 -1743.9999999999998 209.50000000000003 203.50000000000003 2430.5000000000005 1.5000000000000002 223.50000000000003 10998.93863098421 10802.500000000002 25.575000000000006 2458.2083333333335 20343.500000000004 91.500000000000014 12.500000000000002 88.302103000000002 255.50000000000003 7562.0000000000009 9.0250000000000021 1.2775751238284487 -2249.4999999999995 25499.500000000004 11570.165972923518 1886.0000000000002 4185.5000000000009 109653.50000000001 44.502377500000009 1441.7500000000002 67.243387791666677
decision_type=2 2 2 2 2 2 2 2 2 2 2 2 2 2 2 2 2 2 2 2 2 2 2 2 2 2 2 2 2 2 2 2 2 2 2 2 2 2 2 2 2 2 2 2 2 2 2 2 2 2 2 2 2 2 2 2 2 2 2 2 2 2
left_child=3 6 7 20 19 11 17 48 15 -4 34 42 13 26 45 -9 22 18 31 -5 43 27 28 -14 57 -19 -13 -22 -17 -12 -16 39 -33 56 -7 -21 37 55 50 40 -2 -34 46 60 49 -15 47 -6 -3 -45 54 -52 -41 -42 -38 -37 -25 -11 -29 -56 -1 -62
right_child=1 2 9 4 5 10 -8 8 -10 24 29 12 23 14 30 16 -18 25 -20 35 21 -23 -24 33 -26 -27 -28 58 -30 -31 -32 32 41 -35 -36 36 38 -39 -40 52 53 -43 -44 44 -46 -47 -48 -49 -50 -51 51 -53 -54 -55 59 -57 -58 -59 -60 -61 61 -63
leaf_value=-14.520034977267684 0.8205701338397029 -3.8609407442729577 4.5459899347410087 8.6383376244936141 -5.1859417848317788 12.640124810000147 17.741489858022046 4.6708092335023847 -1.8837586788589731 17.911555483268536 4.6222500413263816 4.6252650065847938 2.7261766711146729 13.192237252468042 0.83346931121161028 9.5289165684023232 6.4939790716164776 1.0948186481321889 7.0935173649060301 -10.393882923243183 1.2114839322281279 5.7629075757755688 16.17870934613693 -2.5735946611989231 11.573590146252769 13.684991259730902 -0.42164078875249983 0.031736212435235556 12.123577375813406 -1.1741103346875426 12.925972930087406 7.7273157267352879 -2.5658865528794665 10.811589159642693 7.8789017600886728 -6.0222022511747779 -0.30002562292993112 6.4077186875008589 2.6982340571392052 -3.6396493782135471 -3.7636123854047865 8.756846651895037 0.32698310360618543 0.022728638418897214 4.5431507303560563 14.273196568522144 -4.8760633139325265 2.4651796613882087 2.7768926100990625 -5.9394469728815951 0.15890945152401859 -10.241607581563851 0.78948711839421515 2.7060086938224517 -0.046384761749471932 0.15944499895815464 -3.0580407536290015 16.850629304148942 -9.2143572508027809 -3.7526932585555155 0.41223207025359865 -6.8859687416776021
leaf_weight=3692 28 23 36 32 20 24 25 33 22 105 31 39 23 22 23 31 36 26 33 539 38 20 35 20 20 22 59 20 20 21 20 37 48 28 20 21 39 25 21 279 54 21 22 20 20 20 160 20 20 76 20 24 24 20 20 20 140 20 92 368 44 120
leaf_count=3692 28 23 36 32 20 24 25 33 22 105 31 39 23 22 23 31 36 26 33 539 38 20 35 20 20 22 59 20 20 21 20 37 48 28 20 21 39 25 21 279 54 21 22 20 20 20 160 20 20 76 20 24 24 20 20 20 140 20 92 368 44 120
internal_value=-0.000561341 0.00669188 0.0156171 -0.00179606 7.82134e-05 0.0031049 0.000884783 0.010209 0.0127386 0.0221645 0.0122685 0.00167018 0.00338746 0.00779902 0.0149471 0.0147776 0.0171253 0.000238135 -0.0004025 -0.00182801 -0.00262983 0.00104056 0.020662 -0.000426339 0.0246864 0.00754678 0.00155963 -0.000379748 0.0163209 0.00673704 0.00668213 -0.000997848 0.00206409 -0.00154705 0.0187075 -0.00209461 -0.00122021 0.0028593 -0.00177403 -0.00180696 0.00049951 -0.000781477 -0.00136425 -0.00278769 -0.000645996 0.0233017 -0.00193403 0.000673316 -0.000139212 -0.00202914 -0.00210147 0.000340135 -0.0025932 -0.00174089 -0.0023601 -0.000729928 -0.00260462 0.026235 -0.00243533 -0.002605 -0.00285133 -0.001883
internal_weight=7001 1018 401 5983 1841 712 617 220 177 181 96 616 394 183 85 155 122 592 544 1129 4142 170 86 211 145 48 98 150 51 52 43 511 106 188 44 1097 558 66 492 405 102 69 222 3972 116 42 200 40 43 96 471 44 303 74 427 41 160 125 112 388 3856 164
internal_count=7001 1018 401 5983 1841 712 617 220 177 181 96 616 394 183 85 155 122 592 544 1129 4142 170 86 211 145 48 98 150 51 52 43 511 106 188 44 1097 558 66 492 405 102 69 222 3972 116 42 200 40 43 96 471 44 303 74 427 41 160 125 112 388 3856 164
is_linear=0
shrinkage=0.03


Tree=18
num_leaves=63
num_cat=0
split_feature=54 56 54 56 51 10 4 17 35 51 65 52 29 4 21 27 20 7 7 46 33 5 1 62 56 65 26 4 47 17 23 26 3 30 70 7 54 52 0 64 66 56 62 2 7 0 7 47 53 5 38 63 2 15 19 20 64 63 34 33 3 32
split_gain=66.9575 41.2277 17.5622 15.4715 17.5692 12.6308 7.70891 6.891 4.06652 3.99045 4.99786 3.80564 4.91791 3.25511 3.46621 7.00012 3.11693 2.98584 2.83567 2.61443 2.57342 2.74929 2.48368 2.7051 2.38284 2.61998 2.34232 2.95059 2.29488 1.88576 1.82554 1.8205 1.70772 1.23683 3.69373 1.07033 0.849568 1.90712 1.54953 0.807272 0.769228 0.755446 1.74737 0.739188 0.64498 0.633943 0.587289 0.464472 0.558497 0.447293 0.687249 0.415571 0.347531 0.269895 0.227917 0.193556 0.979164 0.186333 0.169202 0.0929942 0.0782151 0.302564
threshold=2133.166666666667 7636.5000000000009 1697.8750000000002 6048.0000000000009 2086.5000000000005 0.46472317204376884 20.500000000000004 20.675000000000001 15219.000000000002 1682.5000000000002 1753.5000000000002 1595.5000000000002 57.525832721214094 8.5000000000000018 2.1788737682471235 9.8133244624999882 26.456250000000001 25.500000000000004 21.500000000000004 32834.916666666672 2.0675439820252595 2.5000000000000004 23.275000000000002 2735.0208333333335 11306.500000000002 149.50000000000003 82.295603708333346 20.500000000000004 93.500000000000014 2.7750000000000004 61.869562500000008 74.473443770833356 63.076878945035062 55.795744480799392 98959.104166666672 3.5000000000000004 1415.2083333333337 949.50000000000011 94845.000000000015 471.50000000000006 3161.3750000000005 4342.5000000000009 1343.6875000000002 76.160740000000018 6.5000000000000009 128722.50000000001 26.500000000000004 189.50000000000003 1024.5000000000002 1.5000000000000002 14932.22916666667 369.00000000000006 58.045719000000005 7099.6845918967165 30.825000000000006 21.603125000000006 1120.0000000000002 4373.5000000000009 -0.49995468614022792 3.6914234291251486 61.567323831540556 61.214329269409305
decision_type=2 2 2 2 2 2 2 2 2 2 2 2 2 2 2 2 2 2 2 2 2 2 2 2 2 2 2 2 2 2 2 2 2 2 2 2 2 2 2 2 2 2 2 2 2 2 2 2 2 2 2 2 2 2 2 2 2 2 2 2 2 2
left_child=2 5 22 13 11 20 18 8 -7 -9 -11 12 -5 29 15 -15 28 26 31 40 44 32 36 24 25 -24 27 -3 -16 -4 -23 -6 -22 34 53 -30 51 38 -38 46 43 47 -43 49 -2 -8 -37 48 -39 50 -13 -1 -44 -27 -35 -53 -57 60 -51 -31 -41 -62
right_child=1 17 3 4 6 7 45 9 -10 10 -12 19 -14 14 16 -17 -18 -19 -20 -21 21 30 23 -25 -26 33 -28 -29 35 59 -32 -33 -34 54 -36 39 37 41 -40 57 -42 42 52 -45 -46 -47 -48 -49 -50 58 -52 55 -54 -55 -56 56 -58 -59 -60 -61 61 -63
leaf_value=8.6038555185928605 1.8949468250061421 18.153711642636726 2.9461110585866432 -1.7990013023476539 8.5134221917360637 3.7684033320123005 -0.8762989199002259 9.2466003344555681 -1.6272548136073703 15.297117326217323 12.320031749683652 -3.1184885292067217 14.086783416638923 0.57394853688449543 4.6137182371031997 4.3044819595906763 11.371277734905716 5.9679787734675429 12.619676859210722 8.8045789965870895 1.0403969779789037 2.0355721281337833 8.3987294057348283 12.324512351127208 6.082683904498114 -1.282556400733659 16.553913049330117 12.614454251918604 5.6056317349348248 -8.565191586811352 -3.1494255762257501 4.089852281041221 4.5380318415745 -5.738090166495498 2.8353219321906939 -1.0634465243141571 -0.061864566467201086 0.97453250258283763 5.5587547760842124 -2.8999642364641991 8.7961916722814202 1.6217153630608823 0.055643309733168118 4.3795036018514359 -2.5473673746471897 2.8503229104472099 2.6440554410027124 -6.8420401428111575 -8.916296962317027 -0.090397784752932031 3.3042013313025249 -15.96413434269558 -4.884908290821576 -5.0108347088716334 -0.12024784719261802 0.47918317544225886 -10.74660492704111 -0.56667185592809899 -3.1887675706041554 -1.1350974317676794 1.170251067739922 -3.6366664779384812
leaf_weight=20 29 106 30 23 38 33 21 24 38 43 23 23 34 37 28 20 28 22 40 26 20 28 29 29 34 24 22 24 22 470 53 24 25 414 26 20 33 22 20 179 29 34 20 27 148 20 20 495 25 20 24 3335 84 72 34 20 130 32 124 34 20 50
leaf_count=20 29 106 30 23 38 33 21 24 38 43 23 23 34 37 28 20 28 22 40 26 20 28 29 29 34 24 22 24 22 470 53 24 25 414 26 20 33 22 20 179 29 34 20 27 148 20 20 495 25 20 24 3335 84 72 34 20 130 32 124 34 20 50
internal_value=-0.000608477 0.00865538 -0.00153793 0.00134509 0.0058085 0.00397544 0.0145912 0.0107635 0.00371308 0.0162819 0.0201059 0.00199031 0.00903678 -0.00078477 0.00107213 0.00798599 7.51684e-05 0.0211086 0.0190108 0.000505309 0.000356317 0.00363997 -0.00239934 -0.000684187 -0.00109935 -0.00154231 0.0226233 0.0241891 -0.000646727 -0.00237596 0.00029593 0.0148309 0.00957871 -0.00199439 0.00066339 -0.00132906 -0.00266653 -0.00172691 0.00372881 -0.00177515 -0.000437071 -0.00215704 -0.000152064 -0.00105915 -0.00196499 0.00350365 0.00216958 -0.00266187 0.000127388 -0.00172685 0.00076433 -0.00286212 -0.00210375 -0.00202914 -0.00272484 -0.00288715 -0.00177881 -0.00234792 -0.00256072 -0.00281492 -0.00262545 -0.00166904
internal_weight=7001 638 6363 1463 473 464 143 161 71 90 66 330 57 990 456 57 399 174 102 273 303 126 4900 662 633 599 152 130 371 534 81 62 45 570 122 343 4238 733 53 321 247 680 138 218 177 41 40 542 47 191 47 3505 104 96 448 3485 150 281 144 504 249 70
internal_count=7001 638 6363 1463 473 464 143 161 71 90 66 330 57 990 456 57 399 174 102 273 303 126 4900 662 633 599 152 130 371 534 81 62 45 570 122 343 4238 733 53 321 247 680 138 218 177 41 40 542 47 191 47 3505 104 96 448 3485 150 281 144 504 249 70
is_linear=0
shrinkage=0.03


Tree=19
num_leaves=63
num_cat=0
split_feature=54 16 51 56 18 16 20 51 51 59 29 46 21 27 16 52 51 54 58 49 51 28 32 7 12 17 62 64 11 64 30 62 54 21 16 51 56 29 60 58 0 10 20 65 43 33 15 70 7 54 12 65 2 33 34 51 55 70 28 59 17 19
split_gain=64.3098 54.7798 14.7786 8.97856 8.38215 8.25715 11.7579 8.26062 5.05731 4.7667 4.42549 4.39997 4.34628 4.12178 4.05643 3.50219 4.52074 3.13359 3.0805 2.24768 2.24671 2.24026 2.45806 2.1777 2.167 1.89899 1.74842 2.0217 2.78234 1.73793 1.37146 1.07535 0.964039 2.56531 0.875831 2.27972 0.861147 0.827831 0.797131 0.686377 0.638308 0.587289 0.488905 1.31712 0.583186 0.460781 0.415597 0.596342 0.379558 0.344084 0.737189 0.316017 0.226322 0.215838 0.214788 0.165088 1.07586 0.432869 0.332805 0.439262 0.885836 1.23517
threshold=1893.0000000000002 1995.5000000000002 1494.5000000000002 8571.5000000000018 16.225000000000005 1759.0000000000002 20.317708333333339 1410.5000000000002 2101.5000000000005 785.50000000000011 62.912113095154687 32478.291666666668 2.475943570805526 17.25695120230171 -973.49999999999989 1168.5000000000002 2086.5000000000005 1720.666666666667 3956.0833333333335 198.50000000000003 2449.0000000000005 -3.0377059999999996 62.735830550393722 26.500000000000004 101525.50000000001 19.325000000000006 1215.5833333333337 2864.5000000000005 92190.000000000015 5563.5000000000009 53.602731434697056 2593.166666666667 1697.8750000000002 1.8560217061352955 -90.499999999999986 2113.5000000000005 10320.500000000002 53.824424874860192 3599.5000000000005 3417.2708333333335 94546.000000000015 0.87900005428953576 25.573958333333337 1004.0000000000001 28068.500000000004 2.1149563054880112 8285.235450833492 98456.500000000015 26.500000000000004 1707.3750000000002 80090.500000000015 515.00000000000011 87.747938000000019 1.9302257735672936 1.2775751238284487 1117.5000000000002 10377.000000000002 123689.93750000001 -0.069268000000000982 647.50000000000011 4.9250000000000016 0.87500000000000011
decision_type=2 2 2 2 2 2 2 2 2 2 2 2 2 2 2 2 2 2 2 2 2 2 2 2 2 2 2 2 2 2 2 2 2 2 2 2 2 2 2 2 2 2 2 2 2 2 2 2 2 2 2 2 2 2 2 2 2 2 2 2 2 2
left_child=5 3 52 14 -4 32 31 26 9 24 -5 41 -9 15 29 -14 23 -18 19 -16 37 -10 -23 36 25 -6 -8 30 -29 42 -28 49 55 -34 -35 46 51 -21 -24 -39 -41 -11 44 -44 -2 -45 -36 -48 -32 -7 -51 -17 -3 -26 -46 57 58 -1 59 60 61 -57
right_child=1 2 4 10 8 6 7 12 21 11 -12 -13 13 -15 18 16 17 -19 -20 20 -22 22 38 -25 53 -27 27 28 -30 -31 48 -33 33 34 35 -37 -38 39 -40 40 -42 -43 43 45 54 -47 47 -49 -50 50 -52 -53 -54 -55 -56 56 -58 -59 -60 -61 -62 -63
leaf_value=-19.233884639240479 2.3761994438440612 -4.3163231753871028 0.28486459148783211 5.7532965910017735 6.5116719770742195 -10.000200040119708 7.0287337513638457 14.908047113240741 14.447541416557899 -0.22408102972145658 18.398660240657865 15.962885766703758 4.9691388670889021 8.8058961686299444 11.788809664171088 0.93813057495268082 0.15234911880848342 6.5959399544695785 11.995597787869212 4.1320067293347771 4.2966484662577891 8.3988396684933786 19.047941132149354 9.6621239610265981 14.08427885191078 8.8212106359304538 5.0198802266160278 -0.085299223723513451 5.6216371296150367 2.90287347119274 -3.4839035971844705 0.71726759748438595 3.8686547125636466 -4.9869048821374973 -3.4967337420339328 8.6770303978208325 1.354566578683515 -1.728345769436201 13.893121886410899 -0.47104091916337515 9.8052887864496991 5.5037815762878699 1.1577139905357603 -0.70588508099539105 -4.6266995019021282 0.66814458230157225 2.4913736454673212 -3.0992625281671584 0.051036310914124992 1.7041650654069902 -2.3213920004978021 -2.5537024033058024 1.2946497479047707 13.355258478992706 -0.060382402708077786 -3.3435974926577181 0.57667189191843282 0.43779818803596282 -11.384678507178723 -5.6112372346588444 -6.094999389977688 0.77611523436029461
leaf_weight=2086 21 25 25 38 20 687 36 21 85 20 25 27 33 39 20 20 20 30 31 22 39 29 25 30 20 20 21 31 20 25 236 38 29 375 103 23 25 95 20 22 20 20 21 76 291 22 33 40 20 21 63 104 20 24 32 24 20 20 1016 469 67 21
leaf_count=2086 21 25 25 38 20 687 36 21 85 20 25 27 33 39 20 20 20 30 31 22 39 29 25 30 20 20 21 31 20 25 236 38 29 375 103 23 25 95 20 22 20 20 21 76 291 22 33 40 20 21 63 104 20 24 32 24 20 20 1016 469 67 21
internal_value=-0.000617047 0.00576815 0.015146 0.00130859 0.0173142 -0.00191201 8.0255e-06 0.00289899 0.0186617 0.0146525 0.0121712 0.0085842 0.00639863 0.00545998 0.00037444 0.00408623 0.00274989 0.0107186 0.00349257 0.00221458 0.00122665 0.0224387 0.0184211 0.000502512 0.0194411 0.0141397 -0.000189509 -0.000886925 0.00457926 -0.00121082 -0.00190545 -0.00243975 -0.00257622 -0.0014525 -0.00189688 -0.000271221 -0.000965795 -0.00033941 0.0228825 -0.00122538 0.00192399 0.00216958 -0.00163248 0 -0.00220575 -0.00143731 -0.00144804 0.000246237 -0.00251855 -0.00268448 -0.000820453 -0.00200645 -0.000931265 0.0241497 -0.00252553 -0.00275738 -0.00251562 -0.00294146 -0.00260347 -0.00201342 -0.000294381 0.00292683
internal_weight=7001 1180 380 800 335 5821 1495 686 310 151 63 67 322 301 737 262 229 50 249 218 198 159 74 179 84 40 364 328 51 488 277 809 4326 603 574 199 149 159 45 137 42 40 463 119 344 98 176 73 256 771 84 124 45 44 323 3723 1617 2106 1597 581 112 45
internal_count=7001 1180 380 800 335 5821 1495 686 310 151 63 67 322 301 737 262 229 50 249 218 198 159 74 179 84 40 364 328 51 488 277 809 4326 603 574 199 149 159 45 137 42 40 463 119 344 98 176 73 256 771 84 124 45 44 323 3723 1617 2106 1597 581 112 45
is_linear=0
shrinkage=0.03


Tree=20
num_leaves=63
num_cat=0
split_feature=54 16 54 16 51 17 35 59 7 58 62 16 1 35 14 4 3 38 53 1 62 61 48 50 56 61 19 51 49 28 48 51 4 48 25 46 27 53 48 47 28 59 61 34 38 59 48 0 30 2 28 33 14 15 51 55 28 62 56 12 60 53
split_gain=63.0117 46.5781 16.3208 15.7165 14.0659 13.9524 7.0349 5.36019 4.62284 3.68998 3.20199 2.79191 5.14283 3.66518 7.85673 5.66119 5.00304 4.31807 2.75083 2.52644 3.41651 2.45835 2.96371 4.25403 2.36447 2.35128 1.92208 1.89129 1.62106 1.61598 1.60895 1.56155 1.33318 1.6484 1.40023 1.05443 0.960897 1.1644 0.902597 0.978691 0.881873 0.810955 2.21867 0.555418 0.451913 0.475438 0.406463 0.388198 0.298522 0.286265 0.222714 0.20895 0.198844 0.498837 0.199337 0.660847 0.39715 0.837339 1.09758 0.203493 0.250427 0.530997
threshold=2144.7083333333335 156.00000000000003 1697.8750000000002 1336.5000000000002 2101.5000000000005 20.675000000000001 15571.500000000002 1971.5000000000002 29.500000000000004 3296.1875000000005 2933.4375000000005 1759.0000000000002 18.775000000000002 13846.000000000002 103214.02083333334 19.500000000000004 54.853787963219951 14838.104166666668 1321.5000000000002 3.4750000000000005 1692.8958333333337 193.50000000000003 219.50000000000003 695.18750000000011 10845.500000000002 5230.0000000000009 28.125000000000004 1580.5000000000002 94.500000000000014 0.64587199999999723 225.50000000000003 1777.5000000000002 8.5000000000000018 210.50000000000003 42.540272500000007 32851.020833333343 11.39711976177029 961.50000000000011 223.50000000000003 225.50000000000003 -3.0377059999999996 511.50000000000006 630.50000000000011 1.2775751238284487 24746.541666666672 207.50000000000003 319.50000000000006 96198.500000000015 57.470393705915733 46.857004000000011 -2.5542999999999938 3.6178315907152636 120860.12500000001 5058.606830397569 1117.5000000000002 10377.000000000002 -0.9904389999999984 1233.9375000000002 3077.5000000000005 76343.000000000015 695.50000000000011 766.50000000000011
decision_type=2 2 2 2 2 2 2 2 2 2 2 2 2 2 2 2 2 2 2 2 2 2 2 2 2 2 2 2 2 2 2 2 2 2 2 2 2 2 2 2 2 2 2 2 2 2 2 2 2 2 2 2 2 2 2 2 2 2 2 2 2 2
left_child=2 26 11 19 8 6 -3 40 21 -7 25 52 -13 36 15 16 -15 -18 -19 20 -4 -5 23 27 35 31 28 -23 -2 -9 -16 -11 51 -34 -35 41 37 -14 39 -30 -6 42 48 -40 45 -36 50 -22 -24 -47 -43 -21 54 -54 -1 56 57 58 -56 -59 61 -61
right_child=1 5 3 4 7 9 -8 29 -10 10 -12 12 13 14 30 -17 17 18 -20 32 47 22 24 -25 -26 -27 -28 -29 38 -31 -32 -33 33 34 44 -37 -38 -39 43 -41 -42 46 -44 -45 -46 49 -48 -49 -50 -51 -52 -53 53 -55 55 -57 -58 59 -60 60 -62 -63
leaf_value=-18.656868100063267 5.5133399082861123 6.3587482049266457 11.435145374245961 3.9877886512170444 11.060040339884676 4.050640426213107 -1.2879775912030307 4.4686664454335769 11.371156012864823 12.84871455873326 24.091947205027054 -9.2351761814220446 -17.725422014638941 0.40398496370495507 3.3924896995058242 -0.73406034235042816 0.27235955946993567 7.7026705441937011 12.318675065713723 -8.2787884813219517 0.13642040228442162 -2.4386339814240174 1.3811050280466328 11.764266588318558 11.607998373720665 15.371706857545888 5.2448251988635937 3.904258940378472 -1.4887655930167667 0.33255681376291996 -0.54641152774037949 15.061482268635805 4.8851762625732631 3.9123292158198772 1.0424637125791072 3.4503954411558539 -5.9807059412780381 0.31766755758814108 -1.4201768497997849 4.1356766305993284 10.165408251914533 2.9989571500693284 8.340616162311866 1.5924288842124024 1.2983086902035292 0.34155699599525802 -1.8614371662456077 -10.102679792828578 -5.644215938281091 -1.6822896590840126 -1.8159670288667134 -0.36995074707854464 0.42466424239488543 -2.0149320468635064 -3.0043677811956955 0.55937173516087713 -10.829767290330022 -3.6322064346544893 1.17686819637208 0.2573532035593224 -6.1264915837181464 -7.4259792811608802
leaf_weight=2092 24 38 20 22 39 29 40 26 24 20 23 661 20 32 23 40 23 22 33 468 20 32 20 28 24 20 32 20 20 23 140 137 32 22 22 24 163 20 174 31 29 20 29 23 29 38 151 23 48 201 22 34 20 40 28 20 1139 28 20 27 267 42
leaf_count=2092 24 38 20 22 39 29 40 26 24 20 23 661 20 32 23 40 23 22 33 468 20 32 20 28 24 20 32 20 20 23 140 137 32 22 22 24 163 20 174 31 29 20 29 23 29 38 151 23 48 201 22 34 20 40 28 20 1139 28 20 27 267 42
internal_value=-0.000621332 0.00858125 -0.00150186 0.00124622 0.00510067 0.0168219 0.00580026 0.0143979 0.00274725 0.0205587 0.022024 -0.00233812 -0.00106023 0.00118 0.00321942 0.00817455 0.0116894 0.0157875 0.020363 -0.00121439 0.00456418 0.00203817 0.00151399 0.00670412 0.000275066 0.0234105 0.000246629 0.0015547 -0.000562294 0.00672098 -0.00132434 0.0246722 -0.00164874 -0.000200524 -0.00087472 -0.000410698 -0.00194978 0.00216958 -0.00129383 0.00223092 0.0198678 -0.000920373 0.00129763 -0.00222222 -0.00143744 -0.00183838 -0.00205075 -0.000139212 -0.00162996 -0.00223338 0.000498812 -0.00263493 -0.00274126 -0.00094842 -0.00276979 -0.00250143 -0.00257237 -0.00175443 0.00193347 -0.00224938 -0.00245463 -0.000781477
internal_weight=7001 611 6390 1490 581 307 78 117 464 229 200 4900 1177 516 313 150 110 78 55 909 63 440 418 80 338 177 304 52 272 49 163 157 846 344 312 314 203 40 248 51 68 290 97 197 290 261 193 43 68 239 42 502 3723 60 3663 1571 1551 412 48 364 336 69
internal_count=7001 611 6390 1490 581 307 78 117 464 229 200 4900 1177 516 313 150 110 78 55 909 63 440 418 80 338 177 304 52 272 49 163 157 846 344 312 314 203 40 248 51 68 290 97 197 290 261 193 43 68 239 42 502 3723 60 3663 1571 1551 412 48 364 336 69
is_linear=0
shrinkage=0.03


Tree=21
num_leaves=63
num_cat=0
split_feature=54 16 54 16 51 56 56 59 49 20 16 1 38 70 3 1 62 15 16 49 27 61 47 5 56 59 41 62 62 51 64 56 28 63 25 28 33 70 46 62 49 27 49 52 14 20 28 14 21 45 0 35 14 49 64 64 5 51 28 1 35 13
split_gain=63.4499 44.43 15.2171 15.1155 13.7615 8.17408 6.70912 5.88381 4.17253 3.84966 2.60694 4.96362 3.71047 9.624 8.64731 2.55548 3.41651 2.46786 2.51071 3.02655 3.18948 2.43928 2.4527 2.77951 4.0442 2.27761 2.21463 2.13915 1.7879 1.55176 1.4195 1.32627 1.29272 1.28755 1.28698 1.26265 1.21296 1.15394 1.03592 0.966251 0.755782 0.697031 1.60646 0.593482 0.997275 0.915862 0.588571 0.781766 0.510096 0.449884 0.388198 0.346815 0.270484 0.846152 0.249679 0.201126 0.228529 0.192611 0.488468 0.714942 2.67334 0.416439
threshold=2144.7083333333335 1995.5000000000002 1697.8750000000002 1336.5000000000002 2101.5000000000005 5352.5000000000009 9262.0000000000018 1971.5000000000002 227.50000000000003 26.456250000000001 1759.0000000000002 17.875000000000004 14656.395833333334 107353.70833333336 56.572256569551719 3.4750000000000005 1692.8958333333337 18625.288607118473 -1389.4999999999998 1743.5000000000002 14.877661123999331 193.50000000000003 91.500000000000014 2.5000000000000004 9444.5000000000018 931.50000000000011 50034.500000000007 2593.166666666667 2747.4583333333335 1720.5000000000002 2693.0000000000005 10221.000000000002 0.64587199999999723 503.50000000000006 42.540272500000007 4.6268465000000001 2.7358281511606215 122015.41666666669 32811.083333333336 877.12500000000011 225.50000000000003 14.166610311549301 309.50000000000006 1604.5000000000002 87153.500000000015 26.542708333333341 -2.4981369999999994 115422.12500000001 4.134616315846249 32712.500000000004 96198.500000000015 14777.500000000002 120604.41666666667 220.50000000000003 859.50000000000011 531.50000000000011 1.5000000000000002 1153.5000000000002 -0.91501200000000427 8.7250000000000014 15334.500000000002 95812.000000000015
decision_type=2 2 2 2 2 2 2 2 2 2 2 2 2 2 2 2 2 2 2 2 2 2 2 2 2 2 2 2 2 2 2 2 2 2 2 2 2 2 2 2 2 2 2 2 2 2 2 2 2 2 2 2 2 2 2 2 2 2 2 2 2 2
left_child=2 6 10 15 9 8 17 33 29 21 39 -12 38 14 27 16 -4 18 35 20 40 -5 -23 24 36 -16 -11 -14 46 -3 49 34 -9 -6 -17 55 41 -37 51 -1 -20 42 -24 44 -36 54 -7 -48 -25 -15 -18 -13 57 -54 -46 -2 -57 -41 59 60 -59 -62
right_child=1 5 3 4 7 28 -8 32 -10 26 11 12 13 30 25 31 50 -19 19 -21 -22 22 23 48 -26 -27 -28 -29 -30 -31 -32 -33 -34 -35 43 37 -38 -39 -40 52 -42 -43 -44 -45 45 -47 47 -49 -50 -51 -52 -53 53 -55 -56 56 -58 58 -60 -61 61 -63
leaf_value=0.17725164232892862 -0.0091355827705251035 8.6687489144112639 11.092091013018578 3.8274471031308157 4.4781609409851386 14.30124259221901 17.570705424806292 4.3346064520705738 0.67823742202595616 11.411338590669001 -9.7304562997535538 -5.4644832217486359 -7.8828909827083509 -0.63068135219475063 10.409729374006819 3.0880436160702107 0.13232779021589172 6.4271702410092217 6.2012564227467291 11.860939600290262 10.331150602248099 4.8706733172180074 -2.3419035182905765 -2.5151360859947842 11.150100244129295 11.881692433952026 12.657698690431316 7.3470804587038021 24.187908031690416 12.738779878503705 1.3139280193264145 4.6666210004452751 0.32258010935003151 11.562385512705848 2.5532776381416857 1.9406737761438675 4.0272111760088309 -0.48885724647644474 0.23967705110366808 -17.707162057061367 -1.3687489192193114 -4.2749414231745684 2.6313763145555469 -3.5983502434954833 0.081085776005907023 2.0345702091145976 11.036850948828134 12.555234924726211 1.7700949802067907 0.59074911554802956 -9.7995993990437249 0.35988050156646562 0.41192431512304195 -4.0143653668336743 -3.8876896841491728 -0.0036109406430058456 -4.4816333077987789 0.98626943126855915 -10.646967163586481 -4.8806783669404448 0.055300191606951037 -6.1563267166104536
leaf_weight=23 26 20 20 23 30 88 22 26 27 28 623 207 37 133 29 28 20 20 20 22 21 32 32 177 23 24 20 24 23 21 29 26 23 38 21 24 31 21 25 2195 57 46 20 576 29 35 20 22 32 26 23 20 20 50 131 31 126 29 1035 256 28 87
leaf_count=23 26 20 20 23 30 88 22 26 27 28 623 207 37 133 29 28 20 20 20 22 21 32 32 177 23 24 20 24 23 21 29 26 23 38 21 24 31 21 25 2195 57 46 20 576 29 35 20 22 32 26 23 20 20 50 131 31 126 29 1035 256 28 87
internal_value=-0.000604191 0.00863034 -0.00148777 0.00116569 0.00494579 0.0193758 0.00253012 0.0141418 0.0106167 0.00261797 -0.00229526 -0.00106023 0.00100162 0.00324727 0.0101227 -0.00124739 0.00456418 0.00155664 0.000956621 0.00447127 0.00217125 0.00167988 0.00111422 0.000398781 0.00349112 0.0189831 0.0106653 0.00235679 0.0232397 0.0166423 -0.000909092 -0.0016842 0.00610998 0.0198678 -0.00189855 -0.000881193 0.00139427 0.00359202 -0.00167791 -0.00268486 -0.000622569 -0.000214068 0.00213052 -0.00212473 -0.000763536 -0.00144541 0.0246503 0.0211639 -0.00183644 -0.00203646 -0.000139212 -0.00232497 -0.00272344 -0.000813125 -0.00241724 -0.00199891 -0.00240611 -0.00275943 -0.00247509 -0.00156711 0.000104094 -0.00192876
internal_weight=7001 611 6390 1490 581 221 390 117 68 464 4900 1177 554 302 114 909 63 368 348 120 98 416 393 361 152 53 48 61 153 41 188 846 49 68 820 228 129 45 252 3723 77 98 52 792 216 195 130 42 209 159 43 227 3700 70 160 183 157 3630 1435 400 144 115
internal_count=7001 611 6390 1490 581 221 390 117 68 464 4900 1177 554 302 114 909 63 368 348 120 98 416 393 361 152 53 48 61 153 41 188 846 49 68 820 228 129 45 252 3723 77 98 52 792 216 195 130 42 209 159 43 227 3700 70 160 183 157 3630 1435 400 144 115
is_linear=0
shrinkage=0.03


Tree=22
num_leaves=63
num_cat=0
split_feature=54 16 54 16 17 51 35 28 43 63 7 58 30 32 57 61 25 4 19 56 62 40 37 17 20 16 48 56 20 25 7 63 3 19 16 40 52 45 27 62 12 36 1 34 3 51 48 30 55 25 57 42 28 40 18 55 16 27 51 66 21 40
split_gain=58.5638 41.7589 14.9354 13.4496 12.9616 12.4398 6.43241 4.92614 4.52361 4.49437 3.80375 3.41438 4.70177 7.72992 3.29266 3.23678 4.99223 2.61494 2.5264 3.94009 3.33554 2.50736 2.91496 2.31915 1.9194 1.8088 1.82596 3.32199 1.59299 1.32112 1.26709 1.2861 1.74519 1.22937 1.12206 1.06563 0.951205 1.46605 1.21186 0.948687 0.967089 0.864298 1.44166 0.772674 0.746037 0.732586 1.59878 2.46714 0.8894 1.44358 0.809102 0.746007 0.450354 0.651343 0.405378 0.398424 0.387384 0.330081 0.307855 0.53584 0.254908 0.595509
threshold=2144.7083333333335 156.00000000000003 1604.2708333333335 1275.0000000000002 20.675000000000001 2086.5000000000005 15571.500000000002 -3.7247975000000006 32371.500000000004 421.50000000000006 29.500000000000004 4323.6666666666679 58.541896339926197 59.559166906041362 7933.5000000000009 241.50000000000003 77.739213000000021 20.500000000000004 26.325000000000006 10845.500000000002 1206.6875000000002 52865.500000000007 15170.000000000002 -10.124999999999998 28.444791666666671 -1599.4999999999998 207.50000000000003 49.500000000000007 26.673958333333339 42.540272500000007 5.5000000000000009 3700.5000000000005 56.335882214981488 28.825000000000006 2573.5000000000005 42811.500000000007 1588.5000000000002 31559.500000000004 13.555886640616796 974.22916666666686 96853.500000000015 19277.500000000004 21.075000000000006 -0.3944612905803026 58.315568530741196 1153.5000000000002 167.50000000000003 54.451270652536031 8352.5000000000018 66.569677000000027 10904.000000000002 54756.312500000007 -2.5542999999999938 30772.000000000004 29.475000000000005 10112.500000000002 267.50000000000006 16.740949173085479 1232.5000000000002 2872.8333333333335 2.7803455807541724 49028.500000000007
decision_type=2 2 2 2 2 2 2 2 2 2 2 2 2 2 2 2 2 2 2 2 2 2 2 2 2 2 2 2 2 2 2 2 2 2 2 2 2 2 2 2 2 2 2 2 2 2 2 2 2 2 2 2 2 2 2 2 2 2 2 2 2 2
left_child=2 24 18 23 6 10 -3 44 17 -10 11 15 13 -13 -11 16 -5 34 39 20 -20 22 -9 -4 33 -25 27 -27 30 -28 -17 60 -33 41 -6 -22 37 38 -31 40 -1 42 43 -2 -7 51 47 -47 52 50 -50 -41 53 -48 -23 -38 -49 -43 59 -55 61 -32
right_child=1 4 3 5 8 7 -8 21 9 14 -12 12 -14 -15 -16 28 -18 -19 19 -21 35 54 -24 25 -26 26 29 -29 -30 36 31 32 -34 -35 -36 -37 55 -39 -40 45 -42 57 -44 -45 -46 46 48 56 49 -51 -52 -53 -54 58 -56 -57 -58 -59 -60 -61 -62 -63
leaf_value=0.59670557079864395 -2.1030593235047794 5.872872068738368 10.759328282628024 6.8968509948150869 17.114791638551598 7.9129522103026027 -1.4069519064016744 4.0278753346214264 15.382150991059584 9.1780895264094511 9.8682379909027205 1.6828359024201167 -3.7381908412719738 12.3845547184283 14.90660701091945 2.5322365692601698 -3.8206444526846299 10.574615400183115 7.2850116005814618 7.2876240816120905 0.2246751192665081 -0.2480228886360733 10.955626065770783 -7.3075933757145579 6.0198575372339844 -0.96231778101551457 3.7023180308631845 4.8424625513091568 7.2021012761614367 1.7213497044578652 2.3847351207183776 -2.3163991746497063 6.5871966304433363 2.0114787774209844 13.445924306511042 -6.1127746411929662 -2.0983150683945975 -2.6659540054104625 -0.26709012832660012 -16.095960224616334 -1.3427413144506177 -3.3045145287233182 3.7700674698161123 0.64054917297889824 10.665939090260231 3.8946542597682714 0.4549374828959839 -18.749627678623206 -4.0492948004899043 3.4064255167849771 1.2998732440495067 0.16257197193086345 -8.8227466522867957 1.1094552643985427 5.8813214501022228 0.56395064249382376 1.0309730942400239 -0.021303449877168944 -5.5301516867082405 -10.013919201798972 -3.1284123373886756 -1.8967268506943087
leaf_weight=37 46 38 20 28 28 21 40 29 30 36 28 30 31 21 24 29 22 26 26 20 26 21 24 557 27 30 22 20 23 26 43 27 21 22 85 182 271 46 21 2711 60 130 21 21 20 26 23 45 97 25 22 32 1082 22 20 26 25 37 173 23 204 52
leaf_count=37 46 38 20 28 28 21 40 29 30 36 28 30 31 21 24 29 22 26 26 20 26 21 24 557 27 30 22 20 23 26 43 27 21 22 85 182 271 46 21 2711 60 130 21 21 20 26 23 45 97 25 22 32 1082 22 20 26 25 37 173 23 204 52
internal_value=-0.000634187 0.0082376 -0.00148308 0.000893196 0.0160404 0.00412765 0.00541613 0.012302 0.0196421 0.0142841 0.00214631 0.00157033 0.00719854 0.0127984 0.00943428 0.000534401 0.00772455 0.0230769 -0.002368 0.000531286 -0.000551047 0.00844846 0.0127684 -0.00126456 0.00034528 -0.001466 -7.14138e-05 0.00532934 -0.000360813 -0.000735259 -0.000837544 -0.00134832 0.00318087 -0.000389752 0.0250928 -0.00183085 -0.00114586 0.00148228 0.00522293 -0.00253594 0.000370751 -0.000987849 0.00139614 -0.000715351 0.0210219 -0.00260212 -0.00207664 0.00165453 -0.00232295 -6.24573e-05 -0.00146096 -0.00290037 -0.0025667 -0.00136873 0.00277372 -0.00197913 -0.00124108 -0.00226212 -0.00188446 0.000266075 -0.00208626 -0.000757099
internal_weight=7001 611 6390 1733 307 694 78 135 229 90 559 531 82 51 60 449 50 139 4657 254 234 94 53 1039 304 1019 462 50 399 412 376 347 48 277 113 208 390 93 47 4403 97 255 88 67 41 4306 1563 96 1467 144 119 2743 1323 241 41 297 70 167 218 45 299 95
internal_count=7001 611 6390 1733 307 694 78 135 229 90 559 531 82 51 60 449 50 139 4657 254 234 94 53 1039 304 1019 462 50 399 412 376 347 48 277 113 208 390 93 47 4403 97 255 88 67 41 4306 1563 96 1467 144 119 2743 1323 241 41 297 70 167 218 45 299 95
is_linear=0
shrinkage=0.03


Tree=23
num_leaves=63
num_cat=0
split_feature=54 16 54 58 16 51 43 28 18 62 60 52 16 17 14 35 55 32 37 41 16 30 16 21 49 2 42 17 55 49 5 40 54 44 59 55 35 69 31 24 40 5 59 58 3 21 34 29 3 62 51 55 16 34 26 42 59 41 70 17 43 16
split_gain=57.1541 37.7429 14.1468 12.0372 11.7405 13.0547 6.00669 5.5472 5.24457 4.2702 4.73577 2.73682 2.53298 6.06761 3.73678 5.44502 2.48415 2.27307 2.88484 3.65677 2.36841 4.23179 2.21945 3.40781 2.16568 2.36407 2.11064 1.92332 1.85839 1.89507 1.88126 1.76867 1.67903 1.63246 1.53612 1.5214 1.40606 0.918656 1.47587 1.84475 0.855524 0.844701 1.95665 0.810666 1.30467 0.777362 0.902458 0.888244 1.54862 0.771813 0.6125 1.11201 0.899668 1.09958 0.594955 0.58228 0.53584 0.430331 0.511294 0.40263 0.670188 0.354141
threshold=2133.166666666667 599.50000000000011 1675.8125000000002 3417.2708333333335 1275.0000000000002 2086.5000000000005 32371.500000000004 -3.7247975000000006 25.075000000000006 2421.2500000000005 819.50000000000011 2493.5000000000005 3113.5000000000005 20.175000000000001 103214.02083333334 13846.000000000002 7721.5000000000009 56.302981051458509 15732.000000000002 39446.000000000007 4724.0000000000009 62.804537608028589 -646.49999999999989 2.3833052700510624 218.50000000000003 81.520469500000019 41645.625000000007 29.175000000000001 7456.5000000000009 94.500000000000014 1.0000000180025095e-35 48356.000000000007 1485.9791666666667 31013.500000000004 883.50000000000011 9869.5000000000018 15424.500000000002 94546.000000000015 54.221047545218717 77.475430000000003 51322.000000000007 1.0000000180025095e-35 819.50000000000011 4209.6458333333339 65.458665938400756 3.3437600734224784 -0.43775077636882992 66.365517971143419 61.203442825267352 877.12500000000011 1153.5000000000002 10529.000000000002 2028.5000000000002 -0.60178533723355787 81.609745500000017 54756.312500000007 375.50000000000006 31598.000000000004 83075.125000000015 16.775000000000002 32258.500000000004 2573.5000000000005
decision_type=2 2 2 2 2 2 2 2 2 2 2 2 2 2 2 2 2 2 2 2 2 2 2 2 2 2 2 2 2 2 2 2 2 2 2 2 2 2 2 2 2 2 2 2 2 2 2 2 2 2 2 2 2 2 2 2 2 2 2 2 2 2
left_child=2 28 12 8 22 17 33 -7 36 -8 -11 -12 49 59 15 -15 40 -6 19 34 43 -22 41 -24 -21 -26 -17 -18 29 -2 -31 -16 -28 -5 -19 37 -3 38 -25 -40 -9 42 -4 44 -20 -32 -47 48 -48 -1 55 52 -52 -54 -55 -51 -41 58 -43 -14 -61 -35
right_child=1 3 4 6 5 7 9 16 -10 10 11 -13 13 14 31 26 27 18 20 24 21 -23 23 35 25 -27 32 -29 -30 30 45 -33 -34 61 -36 -37 -38 -39 39 56 -42 57 -44 -45 -46 46 47 -49 -50 50 51 -53 53 54 -56 -57 -58 -59 -60 60 -62 -63
leaf_value=0.1627998045660812 5.5742234910505593 2.2847924210188779 3.0625995954026881 5.7806994547749362 -4.0306322326002508 9.9921962038452872 12.253096735927819 0.88253240909436892 4.6738166282536353 -2.2300987742574758 15.089647665179704 12.922733117280517 -8.6202503601756675 -3.7295182439043377 2.6083194087369659 0.3906130674193124 10.375926970590996 3.3760018407173211 -1.8123555080644311 8.2082052994742067 11.988691148340335 -2.8758536272820452 10.437968046342601 -3.4236281899501879 11.017749990163962 -0.38008440770014101 1.1004549887258237 4.4525617387326086 10.948212332854069 2.1368414023609397 -2.5468039831920377 -0.61904063808721732 11.709119573123099 15.63117509700206 -0.81145060121947366 3.8593482406921109 -1.6382227988113516 -3.4724839482555421 2.1133048850799554 -1.6089133900190291 -0.087192085440392836 -8.5123904800599828 -3.297122334407252 3.0915976348926555 4.5586081622947781 -1.3278309992943613 -0.337312955328117 -0.26575535898414276 5.1875121128502366 -16.013360953814935 -7.3690296184181756 0.30989362941943682 5.4728074512238702 -3.4151301782206889 2.5157182926156612 0.26216748081304875 0.19936808922794386 -6.3462963588225039 0.43184199796714412 -2.4763799860682534 0.36490197164470511 15.478017761564551
leaf_weight=27 23 21 20 39 81 39 20 20 21 20 26 22 330 31 24 21 26 35 143 25 29 39 39 53 23 21 21 22 29 21 143 72 20 30 41 29 36 117 21 23 20 24 35 24 21 59 20 22 20 2493 1506 33 36 117 36 26 22 502 23 32 21 66
leaf_count=27 23 21 20 39 81 39 20 20 21 20 26 22 330 31 24 21 26 35 143 25 29 39 39 53 23 21 21 22 29 21 143 72 20 30 41 29 36 117 21 23 20 24 35 24 21 59 20 22 20 2493 1506 33 36 117 36 26 22 502 23 32 21 66
internal_value=-0.000655612 0.00790315 -0.00151436 0.0156227 0.00101246 0.00423576 0.0191753 0.0127931 0.00541613 0.0129739 0.00929515 0.0144075 -0.00230598 -0.000424752 0.00396615 0.00824919 0.0085471 0.00197262 0.00290202 0.00628532 0.000972276 0.00577092 -0.00114635 0.000937191 0.011288 0.00714286 0.0133816 0.0131601 0.000996736 0.000301849 -0.00035777 -0.000156088 0.0173723 0.0231828 0.00169514 -0.000271596 0.000630472 -0.00108005 0.000755667 0.00376702 0.00291771 -0.00219997 0.00130671 -0.000749602 -0.00151737 -0.00105642 0.000693641 0.00323671 0.00591022 -0.00255703 -0.00258953 -0.00214745 -0.00225473 -0.000285564 -0.00141084 -0.00289151 0.000266075 -0.00255691 0.000127388 -0.00259984 -0.000112995 0.0253798
internal_weight=7001 638 6363 301 1517 609 223 127 78 88 68 48 4846 572 189 93 88 482 401 145 256 68 908 304 69 44 62 48 337 308 285 96 41 135 76 265 57 236 119 66 40 604 55 188 164 264 121 62 40 4274 4247 1728 1695 189 153 2519 45 549 47 383 53 96
internal_count=7001 638 6363 301 1517 609 223 127 78 88 68 48 4846 572 189 93 88 482 401 145 256 68 908 304 69 44 62 48 337 308 285 96 41 135 76 265 57 236 119 66 40 604 55 188 164 264 121 62 40 4274 4247 1728 1695 189 153 2519 45 549 47 383 53 96
is_linear=0
shrinkage=0.03


Tree=24
num_leaves=63
num_cat=0
split_feature=54 16 51 55 28 54 57 51 27 62 52 51 26 27 55 64 26 16 46 63 40 28 16 58 62 46 19 60 64 27 65 27 16 66 64 50 62 49 59 33 1 23 51 3 2 68 36 17 68 43 21 46 62 1 62 51 55 28 62 59 54 11
split_gain=54.0972 42.9624 12.4776 9.09537 8.18627 6.81204 7.2225 7.59999 6.92094 4.72484 4.0407 3.8594 3.3565 3.26524 3.20834 3.14114 2.76941 2.57346 2.374 2.23723 2.09615 2.05834 2.05525 2.72219 1.88205 1.73105 1.61662 1.79038 2.29185 1.50701 1.43166 1.22914 1.09701 1.12412 2.36586 1.56677 2.99082 1.08316 1.08016 1.06565 0.91434 0.774237 1.46419 0.743088 1.17339 0.869513 1.66921 0.717385 2.06918 0.83876 0.699448 0.639151 0.563471 0.545357 0.528916 0.382008 0.953267 0.569821 0.671779 0.583423 1.06503 1.02561
threshold=1893.0000000000002 1995.5000000000002 1529.5000000000002 8392.5000000000018 -2.6933950000000055 1485.9791666666667 4353.5000000000009 2086.5000000000005 10.252248262459828 2109.5833333333335 1532.5000000000002 2101.5000000000005 81.609745500000017 16.680632828717552 9483.0000000000018 5563.5000000000009 83.847391833333347 3897.0000000000005 32304.312500000004 916.50000000000011 49514.000000000007 0.31224099999999672 -1922.9999999999998 3956.0833333333335 1247.0000000000002 32367.750000000004 26.325000000000006 1580.5000000000002 876.00000000000011 11.696794712647344 1309.5000000000002 15.201213162359862 -646.49999999999989 2643.7708333333335 3508.5000000000005 842.75000000000011 2177.604166666667 224.50000000000003 235.50000000000003 1.328996075682662 -0.57499999999999984 69.15921250000001 1873.5000000000002 63.33758742312633 72.832497500000017 86269.000000000015 11302.500000000002 23.625000000000004 105737.00000000001 31147.500000000004 3.6912631223928183 32811.083333333336 860.89583333333337 28.375000000000004 2331.4583333333339 1079.5000000000002 10529.000000000002 -0.21347649999999871 2608.9791666666674 635.50000000000011 1284.3750000000002 90954.500000000015
decision_type=2 2 2 2 2 2 2 2 2 2 2 2 2 2 2 2 2 2 2 2 2 2 2 2 2 2 2 2 2 2 2 2 2 2 2 2 2 2 2 2 2 2 2 2 2 2 2 2 2 2 2 2 2 2 2 2 2 2 2 2 2 2
left_child=5 3 37 15 16 26 32 10 -9 21 13 -5 18 17 -13 22 19 29 -11 25 -10 24 47 39 -6 31 52 28 -28 -8 -22 -4 40 34 35 -34 -37 -3 -12 -24 -7 51 50 45 -45 46 -41 -2 -49 -50 -43 -40 -1 55 -29 -54 57 58 59 60 61 -57
right_child=1 2 4 11 9 6 7 8 20 12 38 14 -14 -15 -16 -17 -18 -19 -20 -21 30 -23 23 -25 -26 -27 27 54 -30 -31 -32 -33 33 -35 -36 36 -38 -39 41 43 -42 42 -44 44 -46 -47 -48 48 49 -51 -52 -53 53 -55 -56 56 -58 -59 -60 -61 -62 -63
leaf_value=0.14859721888106739 -4.4605505509442613 1.5643896889156763 10.798203803029073 1.0198182425689386 5.4152367815231282 0.29170713243411833 0.53883762140093849 10.403428909212163 9.4107426752175041 11.242173901307222 6.3859854804288112 10.399057164526656 8.741485580498118 5.9314989083606156 15.834458641656726 10.072254584711299 4.2313750445166205 11.05606029538122 11.504717721165518 15.009666725975562 -0.45849632076572772 -1.5627925956523616 2.9246515869094685 7.0903952461307043 1.9521950834565009 13.746284488882347 -0.15549427883575326 -7.8553345199295013 2.2263895234020601 -3.4607485669552114 5.1931872396265755 4.7794275671495488 -1.6509711051987288 -3.7623962083841627 3.6420292090028248 2.3790972836531514 -3.3855396110156994 -4.2437354031944174 -2.6993749509254217 -0.38369496125497243 -8.8232498091660716 -2.7345374116915648 9.9116934875005835 -0.58458123838996434 6.6347922674445305 -1.1671138378518944 2.9215029069576519 0.91964407068190623 0.25090787478187526 -3.7046325571666552 0.97822625489132775 1.3170311455757673 -15.958073707665269 1.0984624631475179 0.26946006400472716 -1.5982106018457687 0.54047550358791485 -10.655078635721981 0.3368924793261967 -4.815769662753187 -5.4839076869848311 2.3753917137545697
leaf_weight=24 210 20 31 24 22 24 27 21 24 34 31 31 20 27 25 27 21 35 31 65 30 22 25 36 23 34 31 88 28 53 21 22 173 188 23 27 26 35 211 32 599 76 22 20 20 128 34 20 20 148 21 20 2465 25 23 20 21 854 32 444 62 25
leaf_count=24 210 20 31 24 22 24 27 21 24 34 31 31 20 27 25 27 21 35 31 65 30 22 25 36 23 34 31 88 28 53 21 22 173 188 23 27 26 35 211 32 599 76 22 20 20 128 34 20 20 148 21 20 2465 25 23 20 21 854 32 444 62 25
internal_value=-0.000672752 0.00518346 0.0134886 0.0012336 0.0157244 -0.00186047 -0.000246561 0.00232596 0.0100832 0.0105917 0.000894666 0.010824 0.0152996 0.00521464 0.0151337 0.000162477 0.020208 0.00297133 0.0186175 0.0216371 0.00575233 0.00456036 -0.000225076 0.00166723 0.00824834 0.0183238 -0.00251394 0.000335096 0.00456853 0 0.00223092 0.0218079 -0.00175172 -0.000590255 0.000722601 -0.000199028 0.00429378 0.000217785 -0.000708476 0.000578926 -0.00256139 -0.00119109 0.000755667 -3.84458e-05 0.00366583 -0.000819166 0.00195159 -0.00163527 -0.000271133 -0.00137418 -0.000803296 -0.00220684 -0.00263664 -0.00266483 -0.00189019 -0.00269328 -0.0022982 -0.00239232 -0.00165666 -0.00190528 5.60217e-05 0.00359202
internal_weight=7001 1180 380 800 325 5821 1679 619 96 152 523 80 85 142 56 720 173 115 65 152 75 67 693 295 45 87 4142 170 59 80 51 53 1060 437 249 226 53 55 381 259 623 350 119 234 40 194 66 398 188 168 97 231 3972 3948 111 3923 1458 1437 583 551 107 45
internal_count=7001 1180 380 800 325 5821 1679 619 96 152 523 80 85 142 56 720 173 115 65 152 75 67 693 295 45 87 4142 170 59 80 51 53 1060 437 249 226 53 55 381 259 623 350 119 234 40 194 66 398 188 168 97 231 3972 3948 111 3923 1458 1437 583 551 107 45
is_linear=0
shrinkage=0.03


Tree=25
num_leaves=63
num_cat=0
split_feature=16 51 51 20 20 40 28 4 65 51 16 51 49 45 39 24 55 59 51 14 59 20 26 53 58 43 26 50 48 48 33 44 39 56 27 48 62 5 25 5 26 30 27 51 4 51 55 59 58 55 62 12 62 28 44 43 24 44 16 55 65 33
split_gain=33.5668 45.1723 14.83 11.2567 7.90187 8.08444 6.95646 6.17463 5.85073 5.23169 5.80089 6.62436 4.78025 3.73472 3.27502 2.99296 2.94348 2.70916 4.62518 4.79734 2.55726 3.67758 2.41829 3.2769 2.0802 4.55625 2.01827 1.65781 1.46858 1.45358 1.34813 1.56787 1.29887 1.25225 1.24627 1.03111 0.972597 0.957481 2.07502 0.880415 0.855415 0.594374 0.57781 0.562941 0.813424 0.531031 1.45895 0.554314 0.932005 1.21297 3.10915 0.769292 0.528367 0.497122 1.22609 0.489714 0.683228 0.456837 0.606317 0.400206 0.399379 0.468946
threshold=2573.5000000000005 2059.5000000000005 1435.5000000000002 27.280208333333338 25.167708333333341 54183.500000000007 -3.1594444999999989 7.5000000000000009 601.50000000000011 1501.5000000000002 -517.49999999999989 2449.0000000000005 186.50000000000003 32620.000000000004 48909.000000000007 61.217701000000012 9362.5000000000018 695.50000000000011 2101.5000000000005 100224.89583333336 3393.0000000000005 25.842708333333338 80.963975937500024 1277.5000000000002 4047.6666666666674 32974.500000000007 69.595938375000017 895.54166666666686 204.50000000000003 374.50000000000006 3.0533534500017008 28369.000000000004 60138.500000000007 10979.500000000002 13.555886640616796 221.50000000000003 974.22916666666686 1.0000000180025095e-35 86.363725000000002 4.5000000000000009 51.981592854166671 67.542653650195362 17.54603413953507 2826.0000000000005 1.5000000000000002 1108.5000000000002 10377.000000000002 647.50000000000011 2784.4166666666674 18.500000000000004 1398.7500000000002 96853.500000000015 2545.6250000000005 -3.4003949999999992 29298.500000000004 32437.500000000004 66.732063000000011 25524.500000000004 -1885.4999999999998 2686.0000000000005 7441.5000000000009 2.1323028571185412
decision_type=2 2 2 2 2 2 2 2 2 2 2 2 2 2 2 2 2 2 2 2 2 2 2 2 2 2 2 2 2 2 2 2 2 2 2 2 2 2 2 2 2 2 2 2 2 2 2 2 2 2 2 2 2 2 2 2 2 2 2 2 2 2
left_child=3 2 24 9 8 13 32 42 14 36 37 12 -12 -6 29 34 -7 18 19 30 21 27 35 -24 40 33 -9 -8 -19 -4 -14 -32 -3 55 -13 -10 39 38 59 -1 -2 45 -5 57 -45 -38 47 48 49 -47 -51 -52 -37 54 -30 -26 -57 58 -39 -11 -59 -62
right_child=1 6 4 7 5 16 20 26 22 10 11 15 17 -15 -16 -17 -18 28 -20 -21 -22 -23 23 -25 25 -27 -28 -29 53 -31 31 -33 -34 -35 -36 52 41 43 -40 -41 -42 -43 -44 44 -46 46 -48 -49 -50 50 51 -53 -54 -55 -56 56 -58 60 -60 -61 61 -63
leaf_value=0.82732714683213626 0.64021111986136248 11.333226165460632 2.3249212452905712 -4.3569607646737722 11.518587718580056 8.2753773962305264 9.4366896095935271 15.897198023054703 2.1902267022748778 -8.3779158189090595 9.5338960161733137 5.2242412349267804 -2.0597349379231753 6.8693353187577983 1.5140781667885108 10.247241434476555 -2.8590110449088546 0.74069875652341932 6.2280953075855265 9.29214199030773 5.5622618601868927 11.088587157592398 6.8296510840278595 -0.17538377307120442 -5.4093002109555348 8.6302091152308176 11.331224636024844 8.9146256080754576 -2.5556299031599181 8.7798750531640675 -0.59104643318689665 5.0875435008953911 15.502388080450919 1.8751569236196093 -0.27825209487027264 -2.0094941437832037 -15.92877362780755 -8.0553352318631219 2.4039098677858832 -2.8445273281629873 -5.4354728726396777 0.52067237289567769 0.10377657667405941 1.1253991459116772 -1.7231282535275481 -7.1877645117505002 0.55023129467288656 -8.2157956689962663 -5.3245098728394593 6.8327807195940506 0.83919701024715265 -5.9093833361424428 10.521886915099936 -1.8244329825730241 2.4640863949427718 -11.658886149544225 1.1787266149442872 -5.8800803357104368 2.7549090864528711 0.13787398217741337 -10.292728110108801 0.26128389467002933
leaf_weight=24 24 72 20 20 37 20 25 21 21 75 23 24 133 37 20 37 31 23 28 26 25 26 26 32 101 23 22 26 51 20 23 21 22 28 29 137 2268 22 23 43 490 35 20 29 46 48 20 870 193 20 20 38 20 381 28 24 30 875 20 34 26 25
leaf_count=24 24 72 20 20 37 20 25 21 21 75 23 24 133 37 20 37 31 23 28 26 25 26 26 32 101 23 22 26 51 20 23 21 22 28 29 137 2268 22 23 43 490 35 20 29 46 48 20 870 193 20 20 38 20 381 28 24 30 875 20 34 26 25
internal_value=-0.000702747 0.00357191 0.00128297 -0.00171236 0.00575635 0.0120863 0.016874 0.00924188 0.00306991 -0.00187597 -0.000645823 0.00127675 0.00033374 0.0184211 0.0114309 0.00895671 0.002818 -9.66258e-05 0.00257032 0.000974889 0.0113712 0.0140856 0.000927572 0.00624785 -0.00132898 0.00120815 0.017123 0.00927593 -0.0013786 0.016384 -0.000779221 0.0037415 0.0227949 -0.000360459 0.00429378 -0.000791691 -0.00256321 -0.00200153 0.00038607 0.000983606 -0.00235168 -0.00263176 0.000673316 -0.00230659 0.000159786 -0.00267119 -0.00215367 -0.00229081 -0.00120339 0.00078509 0.00311139 -0.000361446 -0.00164227 -0.00175397 0.000379266 -0.00143134 0.000831792 -0.00250078 0.000498812 -0.00131989 -0.0026401 -7.13856e-10
internal_weight=7001 1337 1141 5664 421 125 196 83 296 5581 2002 827 737 74 60 90 51 714 231 203 102 77 236 58 720 206 43 51 483 40 177 44 94 183 53 178 3579 1175 132 67 514 3512 40 1043 75 3477 1209 1189 319 126 78 58 157 460 79 155 54 968 42 109 926 51
internal_count=7001 1337 1141 5664 421 125 196 83 296 5581 2002 827 737 74 60 90 51 714 231 203 102 77 236 58 720 206 43 51 483 40 177 44 94 183 53 178 3579 1175 132 67 514 3512 40 1043 75 3477 1209 1189 319 126 78 58 157 460 79 155 54 968 42 109 926 51
is_linear=0
shrinkage=0.03


Tree=26
num_leaves=63
num_cat=0
split_feature=54 16 54 16 58 51 28 43 64 18 38 30 41 43 54 40 56 38 1 15 21 31 7 38 5 19 41 16 48 15 53 42 19 59 64 31 54 28 51 7 24 24 55 59 61 50 26 54 52 26 1 28 37 48 37 54 55 3 3 16 62 1
split_gain=49.9522 31.9926 12.2287 11.9195 11.3773 8.20097 6.44094 6.06079 7.76434 3.84139 3.23399 5.32349 5.60116 4.98782 3.55452 2.81387 3.2365 2.50325 2.36909 2.16887 1.98816 1.97035 2.64916 1.90889 1.76401 1.66619 1.62448 1.60919 2.05044 3.87758 1.48597 1.31015 1.22343 1.7721 2.78146 1.08553 1.54861 0.933478 0.907813 0.822713 0.806025 1.5139 0.749611 0.717414 0.688104 0.584978 0.577852 0.559793 0.866135 2.13167 0.537341 0.524128 0.767307 1.02374 2.53279 0.813933 0.454025 0.405378 0.353713 0.332423 0.300201 0.254568
threshold=2144.7083333333335 156.00000000000003 1485.9791666666667 1336.5000000000002 3438.2500000000005 2086.5000000000005 -4.3824174999999981 32280.500000000004 916.50000000000011 26.175000000000001 14932.22916666667 60.784961840910825 41583.500000000007 32503.500000000004 2038.5833333333337 51884.000000000007 6004.0000000000009 15484.208333333334 -11.074999999999998 16614.824960320864 2.8994650617203814 61.999821117364867 19.500000000000004 13246.54166666667 3.5000000000000004 26.625000000000004 58161.000000000007 -1972.4999999999998 209.50000000000003 5378.1162745669089 1418.5000000000002 47616.500000000007 26.325000000000006 1020.5000000000001 827.50000000000011 63.339910760077402 2348.5625000000005 -1.7820069999999999 2449.0000000000005 26.500000000000004 87.370965000000012 89.355252000000021 9819.5000000000018 3437.5000000000005 193.50000000000003 1831.2083333333337 71.849789937500006 1083.5625000000002 693.50000000000011 65.609339395833345 18.775000000000002 -2.5542999999999938 11859.500000000002 216.50000000000003 14678.500000000002 1134.2708333333337 10112.500000000002 51.781914353295939 67.998069320122383 4535.5000000000009 2331.4583333333339 25.475000000000005
decision_type=2 2 2 2 2 2 2 2 2 2 2 2 2 2 2 2 2 2 2 2 2 2 2 2 2 2 2 2 2 2 2 2 2 2 2 2 2 2 2 2 2 2 2 2 2 2 2 2 2 2 2 2 2 2 2 2 2 2 2 2 2 2
left_child=2 20 32 18 9 10 -7 23 19 17 42 12 24 -14 31 16 -8 -3 -4 -9 -2 22 -15 -6 -12 30 -25 -20 29 -29 -22 -13 47 34 -34 -32 -37 -10 40 45 56 -42 44 -17 -5 -33 -31 61 49 -49 -43 52 -50 54 -54 -55 -30 -44 -53 -46 -35 -1
right_child=1 4 3 5 7 6 15 8 37 -11 11 14 13 21 -16 43 -18 -19 27 -21 25 -23 -24 26 -26 -27 -28 28 38 46 35 39 33 60 -36 36 -38 -39 -40 -41 41 50 57 -45 59 -47 -48 48 51 -51 -52 58 53 55 -56 -57 -58 -59 -60 -61 -62 -63
leaf_value=-19.086312719344257 -2.9318905686569456 2.4232012603312634 8.1974630405654985 1.9299101515449792 4.9828735268064648 9.0174026254240562 0.29249751411207153 11.603804681516383 14.77672281643884 4.6445370199013478 4.1768150265556336 2.8533607517251962 10.789964627844499 11.026416075478146 3.8753597679982668 6.2238705621367663 7.6842490089340174 -1.0585019933321633 -8.0761696222471642 -0.83611001046978506 4.4407283529267483 1.2532559587075953 0.27592030705012965 17.116709607123362 -0.52704500181030645 3.1630485292424946 8.8797889988751741 3.6216914324861453 -2.6391210932208771 2.6145304938824712 -2.9257975121259663 -2.4227140180448803 -8.0232356074013982 -4.252105610978373 2.3282247526864626 2.0800222642767885 -5.7083489722172223 10.772591815506981 1.6817877608224805 6.9390024956498211 0.32681412198552984 -2.2844641628643374 0.52881716723063077 -0.4114103267905948 -4.015619822347209 2.5556080351563861 -5.6551643909457781 0.7943638512777641 -5.7974487167614495 -5.280515344974166 0.41586813089043917 -7.026077322215702 1.1856878481584414 3.0988055088329731 -2.0361058653974502 -4.3235082989320235 0.23163508425842599 -0.7412940068500854 0.22867149081580185 1.1577058167757004 -0.0043560027251353158 -0.43304605770236687
leaf_weight=2328 119 21 25 24 28 35 21 20 33 20 33 28 33 22 25 24 34 43 648 25 28 29 22 75 55 26 20 25 433 24 71 153 30 90 27 36 24 22 38 37 22 67 20 25 176 23 35 23 142 52 35 1165 20 27 22 139 36 21 21 20 23 33
leaf_count=2328 119 21 25 24 28 35 21 20 33 20 33 28 33 22 25 24 34 43 648 25 28 29 22 75 55 26 20 25 433 24 71 153 30 90 27 36 24 22 38 37 22 67 20 25 176 23 35 23 142 52 35 1165 20 27 22 139 36 21 21 20 23 33
internal_value=-0.000741313 0.00745213 -0.00152533 0.000254881 0.014282 0.00303104 0.00970525 0.0178306 0.0122577 0.00481569 0.00173901 0.00325364 0.00703246 0.0116777 0.000484779 0.00590778 0.0105626 0.00117005 -0.00146315 0.00292683 0.000542584 0.00722298 0.0112245 0.0223233 0.00139614 0.00249595 0.0244164 -0.00163304 -0.000646064 0.00374554 0.00131992 -0.000622149 -0.00249221 0 0.00430823 -7.1471e-10 0.00294509 0.0198185 -0.00123594 -0.00143595 -0.00152757 0.000604351 -0.000919189 0.000610997 -0.00162199 -0.00229983 -0.000406092 -0.00259888 -0.00216002 0.000958721 -0.000910872 -0.0023143 -0.00127678 -0.000100914 0.00406176 -0.00117399 -0.00209763 0.00277372 -0.00261782 -0.00221826 -0.00217507 -0.00289696
internal_weight=7001 611 6390 2248 307 860 139 223 100 84 721 460 194 106 266 104 55 64 1388 45 304 73 44 123 88 185 95 1363 715 84 159 241 4142 170 57 131 60 55 631 213 593 124 261 49 220 176 59 3972 1611 75 102 1536 350 208 42 166 469 41 1186 196 113 2361
internal_count=7001 611 6390 2248 307 860 139 223 100 84 721 460 194 106 266 104 55 64 1388 45 304 73 44 123 88 185 95 1363 715 84 159 241 4142 170 57 131 60 55 631 213 593 124 261 49 220 176 59 3972 1611 75 102 1536 350 208 42 166 469 41 1186 196 113 2361
is_linear=0
shrinkage=0.03


Tree=27
num_leaves=63
num_cat=0
split_feature=54 16 1 56 26 16 19 16 58 43 64 30 35 46 63 30 7 20 36 54 57 25 41 7 45 33 33 20 30 43 46 23 30 68 66 55 26 45 31 1 32 18 44 63 49 43 60 16 32 39 68 42 62 45 47 41 41 49 1 54 59 62
split_gain=46.8015 35.6725 8.87606 8.57929 8.01604 6.515 9.35088 4.03212 6.25438 4.0015 7.28964 3.73232 7.06655 3.38233 3.2108 4.31606 2.53604 2.4479 3.90921 2.12882 2.48267 2.44334 2.0685 2.05211 2.02222 1.5732 2.0736 1.5657 2.11006 2.02982 1.54331 1.54206 1.50479 1.42053 1.39542 1.36761 1.26171 1.09282 0.92309 0.898585 3.46888 0.887618 0.880515 0.822579 0.813034 0.811791 0.626848 0.909654 1.41371 1.51404 2.61783 1.44517 0.700391 0.657888 1.51863 0.574209 0.662198 0.406702 0.619579 0.36664 0.69781 0.377495
threshold=1938.6875000000002 2469.0000000000005 18.525000000000002 9869.5000000000018 82.295603708333346 2573.5000000000005 22.175000000000001 121.00000000000001 3956.0833333333335 32355.500000000004 916.50000000000011 60.988770015193857 13788.500000000002 32351.479166666668 3700.5000000000005 59.041515397536152 22.500000000000004 25.573958333333337 22117.500000000004 1546.0833333333335 4508.5000000000009 78.302090000000007 41993.500000000007 26.500000000000004 32271.000000000004 3.1499356513835397 1.3805495156371248 22.789583333333336 58.479618480507717 32040.500000000004 32351.479166666668 59.911583500000006 67.199431949855253 111348.50000000001 1020.0000000000001 10529.000000000002 83.248059854166669 31763.500000000004 58.391787801544218 3.4750000000000005 56.881515979256662 22.725000000000005 27634.500000000004 1945.5000000000002 1224.0000000000002 28068.500000000004 983.50000000000011 -74.499999999999986 59.046523398947315 41908.000000000007 106638.00000000001 46392.604166666679 2252.3125000000005 27621.500000000004 227.50000000000003 36233.000000000007 67774.500000000015 94.500000000000014 20.975000000000005 1772.541666666667 1107.5000000000002 2696.9166666666674
decision_type=2 2 2 2 2 2 2 2 2 2 2 2 2 2 2 2 2 2 2 2 2 2 2 2 2 2 2 2 2 2 2 2 2 2 2 2 2 2 2 2 2 2 2 2 2 2 2 2 2 2 2 2 2 2 2 2 2 2 2 2 2 2
left_child=5 3 -3 7 9 19 27 17 25 31 -11 12 -8 41 15 24 -17 45 -19 46 39 35 -23 33 -14 26 -9 59 29 -29 32 -4 -20 -13 -12 36 42 -28 -26 40 -21 -6 -22 -38 -33 -2 47 52 53 -50 51 -51 -1 54 -49 -47 -57 58 -41 61 -61 -7
right_child=1 2 4 -5 13 6 11 8 -10 10 34 23 14 -15 -16 16 -18 18 30 20 21 22 -24 -25 38 -27 37 28 -30 -31 -32 44 -34 -35 -36 -37 43 -39 -40 57 -42 -43 -44 -45 -46 55 -48 48 49 50 -52 -53 -54 -55 -56 56 -58 -59 -60 60 -62 -63
leaf_value=-10.109213550223952 2.2280876055042578 -0.18936038343151868 14.120844123617244 14.565604897079645 1.7569226602317189 -8.4967418420715664 -4.7362110890128761 2.4271985904135063 9.3574482216727386 6.9981310169600262 9.8654401822050968 4.2404286263471453 8.8242068281918851 11.996402231640598 -0.16883450254698609 0.20566535576781694 10.700067880615968 7.2308401351562823 2.5473737971246679 2.3319652928442913 1.2113432825918273 0.068316767739511661 6.3414819498928887 7.8206921445883069 2.2456858027034556 6.3788709034365967 -0.74092385006345496 -0.18597477221752115 -1.3143307741324082 3.4871746426703414 -6.1191380716122836 10.41086841498108 -0.060804324209208525 -1.2797762583108734 13.611152300481479 2.0206421362846769 10.007086244319428 6.9957898778276073 10.791277154188027 3.7547779473845115 -3.7703525431337703 -1.761094381113971 -1.2049868313434775 -0.39169226054270689 8.317145056583545 0.64484251726369624 -13.88477459162363 -2.1173382088849069 -10.254345058147122 3.3419438963584032 -0.70810591238287213 0.52433725089399175 0.67890854704063097 -6.6743459768704083 0.82158159406184617 -2.7884076350186837 2.9134897062843921 -5.0569863325745379 -2.9741612874522114 0.84056705517935881 -1.9806165643213025 0.12509991238998611
leaf_weight=787 21 38 27 34 20 480 50 20 27 37 22 23 31 20 23 38 21 28 27 20 28 21 20 30 22 20 96 23 67 26 59 62 28 113 32 34 21 36 22 20 64 22 189 21 23 30 2523 37 44 25 43 24 20 199 20 323 20 706 23 20 30 21
leaf_count=787 21 38 27 34 20 480 50 20 27 37 22 23 31 20 23 38 21 28 27 20 28 21 20 30 22 20 96 23 67 26 59 62 28 113 32 34 21 36 22 20 64 22 189 21 23 30 2523 37 44 25 43 24 20 199 20 323 20 706 23 20 30 21
internal_value=-0.000767023 0.00500047 0.0137182 0.00156026 0.015662 -0.00181039 0.000343236 0.00087335 0.00452034 0.0185524 0.0137651 0.00414902 0.00683728 0.00613526 0.00996817 0.011745 0.00558376 -0.000475658 0.00289233 -0.00226913 -0.00114643 0.00103262 0.00788321 0.00077664 0.0165379 0.00238815 0.0013215 -0.00178084 0.00136951 0.00610998 0.00039439 0.0223996 0.00402904 -0.000771492 0.0207948 6.14118e-05 -0.000671556 -2.27108e-05 0.0207483 -0.00202377 0.000891795 0.0012114 -0.00160295 0.00406176 0.0244653 -0.00169754 -0.0026203 -0.00204654 -0.000849274 0.00160911 0.00381107 0.00855397 -0.00262421 -0.00216712 0.000630472 -0.00202627 -0.00237832 -0.00235483 0.000417633 -0.00244965 0 -0.00269407
internal_weight=7001 1072 303 769 265 5929 1040 735 199 203 91 373 207 62 157 134 59 536 142 4889 1167 334 41 166 75 172 152 667 116 49 114 112 55 136 54 293 259 132 44 833 84 42 217 42 85 394 3722 1199 392 136 92 49 807 256 57 373 343 749 43 551 50 501
internal_count=7001 1072 303 769 265 5929 1040 735 199 203 91 373 207 62 157 134 59 536 142 4889 1167 334 41 166 75 172 152 667 116 49 114 112 55 136 54 293 259 132 44 833 84 42 217 42 85 394 3722 1199 392 136 92 49 807 256 57 373 343 749 43 551 50 501
is_linear=0
shrinkage=0.03


Tree=28
num_leaves=63
num_cat=0
split_feature=54 56 54 4 49 39 66 54 56 51 15 53 26 44 59 63 27 23 31 28 15 56 40 59 40 20 27 65 62 44 1 56 26 15 20 30 54 63 11 4 50 60 61 6 40 32 25 22 43 44 66 40 14 63 33 64 38 27 20 54 45 19
split_gain=45.4279 31.4978 9.3937 8.19295 9.74657 6.96878 5.65511 5.32965 5.39209 4.18383 3.87729 4.37073 3.80003 9.46861 3.62675 4.1416 3.57875 2.30888 4.22635 3.62605 2.17234 2.10576 2.75969 2.05251 1.92948 1.85833 1.52892 1.24296 4.9456 1.23871 1.09745 1.62867 1.09106 2.14948 0.920843 2.65372 0.846274 0.82531 0.823201 0.813495 0.87126 1.49254 1.7232 0.780888 0.694404 0.691796 0.687824 0.585466 0.584491 1.20505 0.629744 0.538225 1.40011 0.503703 0.473541 0.430627 0.400371 0.376021 0.69781 0.351085 1.55842 1.96545
threshold=1893.0000000000002 7066.5000000000009 2100.9583333333335 8.5000000000000018 224.50000000000003 38989.500000000007 3241.9583333333339 1485.9791666666667 6143.0000000000009 2086.5000000000005 15978.948075601515 1410.5000000000002 78.253181729166684 32158.500000000004 2832.5000000000005 987.50000000000011 10.252248262459828 70.660660000000021 56.575585728957854 -6.3355779999999973 15745.923068357772 5950.0000000000009 53143.500000000007 477.50000000000006 43637.500000000007 26.071875000000006 17.469989732325558 7375.5000000000009 1242.0833333333335 32806.500000000007 23.275000000000002 11399.500000000002 81.453637854166672 9140.5397039149848 25.573958333333337 64.354798707297775 1490.3958333333335 2030.5000000000002 79326.000000000015 7.5000000000000009 503.62500000000006 451.50000000000006 272.50000000000006 8.5000000000000018 32675.500000000004 66.86887874007023 77.739213000000021 0.17500000000000074 31355.500000000004 29327.000000000004 3141.5833333333335 45251.000000000007 90942.020833333358 391.50000000000006 2.0997801232966595 3203.5000000000005 15305.708333333334 16.236178905084369 22.851041666666674 1204.9583333333337 33539.000000000007 -2.0249999999999995
decision_type=2 2 2 2 2 2 2 2 2 2 2 2 2 2 2 2 2 2 2 2 2 2 2 2 2 2 2 2 2 2 2 2 2 2 2 2 2 2 2 2 2 2 2 2 2 2 2 2 2 2 2 2 2 2 2 2 2 2 2 2 2 2
left_child=7 3 6 34 5 38 23 30 27 17 47 -12 14 -14 37 -16 -11 26 56 -20 -18 25 -23 -3 -21 48 29 36 -29 55 45 32 51 -34 44 -36 -9 -4 -5 -38 57 42 46 -43 -2 53 -42 -7 49 50 -6 52 -32 -1 -37 -10 -19 -41 -59 -55 -61 -62
right_child=1 2 12 4 21 10 -8 8 9 16 11 -13 13 -15 15 -17 20 18 19 24 -22 22 -24 -25 -26 -27 -28 28 -30 -31 31 -33 33 -35 35 54 39 -39 -40 40 41 43 -44 -45 -46 -47 -48 -49 -50 -51 -52 -53 -54 59 -56 -57 -58 58 -60 60 61 -63
leaf_value=3.4422933531790596 0.49071105398723769 5.061669316099505 12.922148459609195 1.7837378768306793 -1.1313203255665532 8.7824111356541259 10.160383009432794 0.64538512267799386 -1.9119235286702543 9.5289286769660446 9.6576960894877697 -0.18553981988535306 -0.66140512626628556 13.093839941762939 6.827031869090133 16.339912034694269 5.7951515787825576 -3.5042138898967718 -0.20764943594001925 9.8862971622059383 -0.45481353181216433 8.3033175414871785 0.027933644214818365 -0.24979693600148017 9.4116434407329432 7.7077910644634322 7.8875479309040593 2.2198657023049884 -4.6606413856552527 1.7354399736457817 -4.5504983400368122 0.70173267169148656 5.0931307340930987 -0.46901123520203442 2.1290599163635058 -3.1288636571339925 -8.3411993216442664 10.823399581632245 -0.69588463104828413 -3.1543443093882702 3.6421346089629809 -1.6567265141464451 1.8651382290773251 1.0977574860051595 -3.8069543822934135 0.42072358125142395 -5.5599445658396931 10.142321463818508 -1.7518387702395677 2.4748902294927424 1.7403127466796846 -7.8851404558583633 0.59093415879202515 -14.754145766523601 0.26979797471810768 0.058099505308671404 0.65094176601074072 -4.4278330105212449 4.3023003914655975 -6.0128983324541405 -0.52640464040251489 1.2594808664935433
leaf_weight=27 26 25 65 25 64 22 32 21 180 20 25 21 27 37 23 23 39 49 29 20 27 30 30 58 31 20 26 23 84 36 68 20 20 34 22 66 492 23 20 239 20 149 29 30 308 20 29 21 87 20 31 234 28 2828 29 31 25 30 20 782 51 30
leaf_count=27 26 25 65 25 64 22 32 21 180 20 25 21 27 37 23 23 39 49 29 20 27 30 30 58 31 20 26 23 84 36 68 20 20 34 22 66 492 23 20 239 20 149 29 30 308 20 29 21 87 20 31 234 28 2828 29 31 25 30 20 782 51 30
internal_value=-0.000818444 0.00454792 0.0127052 0.00159843 0.0046359 0.0112975 0.0058384 -0.00190686 -0.000478829 0.00208146 0.0161616 0.00995662 0.0166734 0.0105304 0.0195749 0.0125597 0.00811847 0.000856941 0.00379624 0.00857678 0.00467473 0.00145693 0.00643927 0.00166065 0.0133855 9.45513e-05 -0.00079092 -0.00160792 0.00145658 -0.00152975 -0.00248497 -0.00098738 -0.00142932 0.00249538 -0.00119707 0.001076 -0.0019205 0.0231896 0.00159645 -0.00204316 -0.00123604 2.33365e-05 0.00349552 -0.00147404 -0.0020024 -0.002646 0 0.0226914 -0.000757052 0.000625542 -0.000757099 -0.00208119 -0.000156088 -0.00267637 -0.00107256 -0.00241592 -0.00133603 -0.00236596 0 -0.00270651 -0.00216197 0.00177558
internal_weight=7001 1180 313 867 416 134 115 5821 1679 513 89 46 198 64 134 46 86 427 154 80 66 282 60 83 51 222 273 1166 107 247 4142 404 384 54 451 117 1059 88 45 1038 546 257 78 179 334 3738 49 43 202 115 95 330 96 3718 95 211 74 289 50 3691 863 81
internal_count=7001 1180 313 867 416 134 115 5821 1679 513 89 46 198 64 134 46 86 427 154 80 66 282 60 83 51 222 273 1166 107 247 4142 404 384 54 451 117 1059 88 45 1038 546 257 78 179 334 3738 49 43 202 115 95 330 96 3718 95 211 74 289 50 3691 863 81
is_linear=0
shrinkage=0.03


Tree=29
num_leaves=63
num_cat=0
split_feature=54 16 51 55 1 16 1 63 35 40 6 0 16 14 33 55 50 40 7 53 57 5 24 52 39 25 61 39 64 43 52 24 40 25 7 22 27 36 0 66 64 29 1 5 2 28 10 53 54 17 41 25 14 65 68 54 10 36 10 50 50 55
split_gain=40.7538 30.9949 9.56006 8.09163 7.03006 5.36681 7.21239 5.05943 4.62756 5.63876 4.44127 3.83804 3.73465 3.96157 3.5535 3.44513 3.09031 2.84765 2.79066 3.97831 2.8269 2.38008 2.36424 1.99012 3.51425 2.21477 1.69207 1.52398 1.51 3.6212 1.75838 1.50838 1.98691 1.40168 1.34362 1.21865 1.13225 1.25546 1.8332 1.08529 2.12562 1.13702 1.05892 0.968424 0.913708 0.680364 0.656485 0.65215 0.608687 1.65739 2.37705 1.27868 0.816187 0.57201 0.560603 0.867458 0.424297 0.421405 0.340817 0.5392 0.692531 0.21981
threshold=1893.0000000000002 2469.0000000000005 1529.5000000000002 9483.0000000000018 18.525000000000002 1230.5000000000002 19.425000000000001 827.50000000000011 13788.500000000002 50961.500000000007 8.5000000000000018 132002.00000000003 -1922.9999999999998 118063.47916666669 2.0743084684982653 10529.000000000002 799.00000000000011 30875.500000000004 14.500000000000002 1591.5000000000002 7805.0000000000009 5.5000000000000009 53.507468500000009 1180.5000000000002 40571.500000000007 80.162490000000005 180.50000000000003 63290.000000000007 859.50000000000011 32258.500000000004 2472.5000000000005 76.001565000000014 45251.000000000007 82.25190000000002 26.500000000000004 0.30000000000000021 16.44687015472832 27141.500000000004 108147.50000000001 2444.5833333333339 3164.5000000000005 62.661194003519576 -12.974999999999998 1.0000000180025095e-35 74.173773000000025 5.410610499999998 0.96386255839173451 1646.5000000000002 1586.1041666666667 4.9250000000000016 32011.500000000004 45.212786000000001 120860.12500000001 400.50000000000006 86269.000000000015 2068.0625000000005 0.35201941816566318 19791.500000000004 0.46472317204376884 503.62500000000006 602.35416666666686 10529.000000000002
decision_type=2 2 2 2 2 2 2 2 2 2 2 2 2 2 2 2 2 2 2 2 2 2 2 2 2 2 2 2 2 2 2 2 2 2 2 2 2 2 2 2 2 2 2 2 2 2 2 2 2 2 2 2 2 2 2 2 2 2 2 2 2 2
left_child=5 3 57 12 -4 42 39 11 34 10 15 18 36 17 27 23 -5 -14 20 -20 -6 43 -12 24 -10 -26 -19 33 29 -9 -30 32 -25 -15 46 -36 56 38 -38 40 41 47 -1 -11 -34 53 -8 -7 52 50 -50 -51 61 -28 55 -55 -2 -3 -53 -60 -61 -44
right_child=1 2 4 16 7 6 8 28 9 21 22 -13 13 14 -16 -17 -18 26 19 -21 -22 -23 -24 31 25 -27 45 -29 30 -31 -32 -33 44 -35 35 -37 37 -39 -40 -41 -42 -43 48 -45 -46 -47 -48 -49 49 51 -52 58 -54 54 -56 -57 -58 -59 59 60 -62 -63
leaf_value=0.18149190191106096 -3.3473016786920886 1.2751358790328546 -0.75788346959600139 3.6247492445034517 8.0012245408366933 -2.7838781569932731 -5.0057896315599493 9.1661174435565211 -1.2083052214693486 7.8828665295802454 6.1520855111320119 1.0614759099424607 4.4675835539211368 10.283387851136053 8.8648166949579217 8.6152766979154425 16.083476988775129 1.7857214728084618 3.1616194458285656 0.073137818165872601 12.458024123296159 5.1499184332542969 12.530067235140756 2.4561584701259935 6.3747252856873891 1.257974993164509 2.3274009083894356 -1.2164243547586024 11.619345605819799 2.1804036942591494 20.176037559832949 -1.2423151831572232 -0.57207673198471254 4.3920116576589665 -0.049538661344599284 2.1373995877574283 -1.512893053956806 -0.54398758260819546 3.9680941197827782 -8.0289361186917514 1.7615830437073092 0.73320173132993394 -11.287895561613702 -2.3596242808729184 7.2195976447581947 2.2167184023043531 0.40112591254454172 1.3816409257092619 1.9317627187678257 1.3215560582215664 -2.0303655506932063 -4.648752247394131 0.4030025947046999 2.2409469876828472 -0.90609500558205935 -2.7193107263653502 0.51735758582991442 -4.1254401948691086 -3.7336237423606176 1.382622699612656 -0.84033459985930059 -2.5764016201603264
leaf_weight=38 317 20 26 29 23 174 244 29 31 21 20 24 20 21 20 38 22 21 25 26 37 34 20 26 29 39 24 27 50 20 21 83 37 24 21 20 24 29 20 760 20 29 3066 165 20 32 20 20 25 23 43 508 39 20 154 21 27 27 63 21 38 86
leaf_count=38 317 20 26 29 23 174 244 29 31 21 20 24 20 21 20 38 22 21 25 26 37 34 20 26 29 39 24 27 50 20 21 83 37 24 21 20 24 29 20 760 20 29 3066 165 20 32 20 20 25 23 43 508 39 20 154 21 27 27 63 21 38 86
internal_value=-0.000839869 0.00424286 0.0120786 0.00122169 0.0141729 -0.00187078 -0.000545135 0.015688 0.0014549 0.00306873 0.00547362 0.0116358 0.00047934 0.00261651 0.0080456 0.00421643 0.0127984 0.000893529 0.0139874 0.00868884 0.0184193 -0.000667879 0.0148878 0.00298755 0.00635721 0.0101762 7.71768e-05 0.00486824 0.0202082 0.0158859 0.0231224 0.000957254 0.00382671 0.00824834 -0.00151426 0.00350365 -0.00148166 0.00188782 0.00510204 -0.00227894 -0.000518306 -0.00137158 -0.00249791 -0.00201505 0.000630472 -0.000597372 -0.00230595 -0.0022102 -0.00254671 -0.00174733 0.00268722 -0.00221406 -0.00272633 -0.00120493 -0.00175295 0.00131387 -0.00220575 -0.000382166 -0.00247104 -0.00100737 0.00101523 -0.00278005
internal_weight=7001 1180 328 852 281 5821 1871 255 868 563 343 135 801 384 92 303 51 292 111 51 60 220 40 265 99 68 272 72 120 49 71 166 83 45 305 41 417 73 44 1003 243 223 3950 186 57 251 264 194 3912 721 68 653 3191 219 195 41 344 47 630 122 59 3152
internal_count=7001 1180 328 852 281 5821 1871 255 868 563 343 135 801 384 92 303 51 292 111 51 60 220 40 265 99 68 272 72 120 49 71 166 83 45 305 41 417 73 44 1003 243 223 3950 186 57 251 264 194 3912 721 68 653 3191 219 195 41 344 47 630 122 59 3152
is_linear=0
shrinkage=0.03


Tree=30
num_leaves=63
num_cat=0
split_feature=54 16 54 20 16 28 51 65 55 5 16 21 5 47 55 51 49 40 54 16 52 49 56 65 24 47 20 49 57 20 5 28 55 55 24 52 68 17 64 65 21 40 35 28 39 51 27 52 3 28 24 28 22 47 64 20 64 5 27 12 1 56
split_gain=40.9834 24.9941 9.60499 8.06974 7.16881 5.7514 5.71792 3.6687 3.40667 2.84028 2.78862 3.551 4.1174 2.71613 2.33875 4.42637 1.96197 1.91948 1.86652 2.06446 3.00596 2.48427 1.95437 1.85743 1.82701 1.80676 1.59772 1.36601 1.30939 1.30384 1.2236 1.12836 1.08718 1.0797 1.00311 0.98595 0.868085 2.3368 0.824637 0.780002 2.11761 0.731177 1.7469 1.95139 3.18158 1.08031 0.753437 0.72528 1.93256 0.763448 1.24721 0.716446 0.703731 0.549061 1.20385 0.483661 0.436039 0.426873 0.571233 1.66069 0.530271 0.327308
threshold=2133.166666666667 599.50000000000011 1675.8125000000002 25.573958333333337 2802.5000000000005 -1.5688770000000003 2086.5000000000005 2967.0000000000005 7248.0000000000009 5.5000000000000009 -1972.4999999999998 2.3833052700510624 1.5000000000000002 1407.5000000000002 9639.5000000000018 2101.5000000000005 94.500000000000014 63990.000000000007 1083.5625000000002 741.50000000000011 812.50000000000011 237.50000000000003 11306.500000000002 149.50000000000003 84.643112000000016 1062.5000000000002 28.444791666666671 226.50000000000003 9878.5000000000018 26.335416666666671 1.0000000180025095e-35 -3.300525000000007 6723.5000000000009 7029.0000000000009 91.584970000000013 1343.5000000000002 102976.00000000001 22.275000000000002 2484.0000000000005 642.50000000000011 4.0351826817606762 46400.500000000007 13042.000000000002 -1.6192155000000026 44030.000000000007 1446.5000000000002 15.245917796700335 1014.5000000000001 65.872401334420161 -1.3935019999999907 73.613675000000015 -3.2354299999999934 0.5749999999999994 366.50000000000006 4867.5000000000009 22.370833333333334 2296.0000000000005 2.5000000000000004 13.300901701158546 88875.500000000015 23.075000000000006 9566.5000000000018
decision_type=2 2 2 2 2 2 2 2 2 2 2 2 2 2 2 2 2 2 2 2 2 2 2 2 2 2 2 2 2 2 2 2 2 2 2 2 2 2 2 2 2 2 2 2 2 2 2 2 2 2 2 2 2 2 2 2 2 2 2 2 2 2
left_child=2 26 18 5 10 8 9 17 24 16 -4 12 -12 31 29 51 -6 52 55 47 21 -21 23 -22 -3 -10 30 -7 34 39 -2 -8 -29 36 35 -18 37 -32 -14 40 -13 42 53 44 45 46 -44 48 49 50 -20 -16 -5 -25 -55 -1 -45 58 59 -41 -60 -49
right_child=1 3 4 7 6 27 13 -9 25 -11 11 14 38 -15 15 -17 28 -19 19 20 22 -23 -24 41 -26 -27 -28 32 -30 -31 33 -33 -34 -35 -36 -37 -38 -39 -40 57 -42 -43 43 56 -46 -47 -48 61 -50 -51 -52 -53 -54 54 -56 -57 -58 -59 60 -61 -62 -63
leaf_value=-17.561270679900836 1.1286991344116926 0.99348855515681844 -6.9714359970487907 8.5512031414666971 4.8466572927761016 7.3744144158880696 7.5410803885423228 7.342505734326358 12.483370712336317 9.5440179280921633 10.126360902059192 -0.35847097405196082 1.3306137888237852 1.989875409570099 2.2684431152936773 7.8903491045184033 2.353629292529074 15.367210363990184 -4.1641502923501745 -0.13615114859208488 5.911263103921331 8.5562886472508968 3.8088812449634286 -3.7182919765357392 6.5209022147649618 8.7243691238046104 4.1372550803208705 -1.2170197074218316 7.7834428690835029 4.915548616272873 -0.81901154720244729 6.7873649751539356 4.3397801923380532 6.897140046904183 2.5349776252600278 -1.4295833457229024 -1.2591997334832992 7.7021419829981532 -3.9722472905433066 1.4373277897615693 5.5404805092076028 -4.0629265029468566 -3.1734710602695166 0.86158565501791839 9.106557200835061 2.0517181765269692 0.35686882603097159 -8.4063514520481935 0.72457483195462369 -7.5095728845546441 0.97133166610457555 -1.3404466356138984 14.523504410373366 -6.2771916989857965 1.6347866699294082 0.13010342712829862 -3.8471158474028995 -2.0298471869813857 -2.2947559443977639 -0.56853068206544222 0.30062485352942625 0.017954702998953003
leaf_weight=2361 25 22 428 25 23 25 20 22 26 20 35 46 38 22 26 22 23 23 23 25 29 20 32 279 24 31 28 35 27 29 81 22 25 24 30 148 159 20 26 20 26 330 49 37 20 23 25 1151 23 206 20 32 43 39 24 31 75 298 89 44 23 24
leaf_count=2361 25 22 428 25 23 25 20 22 26 20 35 46 38 22 26 22 23 23 23 25 29 20 32 279 24 31 28 35 27 29 81 22 25 24 30 148 159 20 26 20 26 330 49 37 20 23 25 1151 23 206 20 32 43 39 24 31 75 298 89 44 23 24
internal_value=-0.000895574 0.00635167 -0.00162279 0.0126337 0.000458769 0.00878788 0.00433303 0.018992 0.0135597 0.00241239 -0.000637003 0.000457498 0.00575177 0.0124025 -0.00033888 0.00445693 0.00152927 0.0216685 -0.00227503 -0.00169064 -0.000643432 0.00691796 -0.00100094 -0.0012547 0.00735358 0.0184939 0.000729753 0.00296122 0.000670758 -0.001012 9.70553e-05 0.0168884 0.000449251 -0.000454066 -0.00014918 -0.00105202 -0.00102653 0.0011276 0.00117005 -0.00134591 0.00153953 -0.00149817 -0.000840484 0.00117852 0.00389411 0.00160659 -0.000121458 -0.00241725 -0.00100331 -0.00178242 0.00180974 5.16344e-05 0.0242731 -0.00220111 0.000285261 -0.00287321 -0.00163247 -0.00179076 -0.000596253 0.00163806 -0.00190009 -0.0027419
internal_weight=7001 638 6363 301 1517 188 335 113 103 271 1182 754 99 64 655 80 251 91 4846 2454 1007 45 962 930 46 57 337 85 228 575 309 42 60 284 201 171 260 101 64 546 72 901 571 229 117 97 74 1447 272 249 43 58 68 342 63 2392 112 474 176 64 112 1175
internal_count=7001 638 6363 301 1517 188 335 113 103 271 1182 754 99 64 655 80 251 91 4846 2454 1007 45 962 930 46 57 337 85 228 575 309 42 60 284 201 171 260 101 64 546 72 901 571 229 117 97 74 1447 272 249 43 58 68 342 63 2392 112 474 176 64 112 1175
is_linear=0
shrinkage=0.03


Tree=31
num_leaves=63
num_cat=0
split_feature=54 16 62 55 64 15 54 16 26 56 51 64 30 61 36 18 56 40 52 51 42 26 5 17 40 64 31 11 63 65 61 19 16 51 54 52 15 28 54 37 26 52 20 65 21 37 37 48 58 33 20 42 44 52 53 53 28 53 48 24 4 22
split_gain=38.5592 28.29 9.33203 8.75745 5.05679 6.81962 4.73729 4.79087 3.79821 4.63605 3.65206 3.07106 3.24248 2.95852 2.92982 2.88312 2.60338 2.58222 2.1641 5.50829 2.06263 1.97083 1.8039 1.74296 3.65659 1.25877 1.16867 2.02514 3.00004 1.12496 1.96795 1.11214 0.996125 1.3489 0.97061 0.91988 2.46281 0.826063 2.06973 0.76241 1.81049 0.737281 1.1829 0.752055 0.704453 0.64621 1.36365 1.84951 1.49004 0.553734 0.483661 0.452838 1.62662 0.414037 0.287748 0.538577 0.638308 0.254389 0.252375 0.244357 0.230401 0.525076
threshold=1893.0000000000002 3012.0000000000005 2053.291666666667 8392.5000000000018 859.50000000000011 16186.239334838052 1485.9791666666667 1759.0000000000002 65.792478375000016 9365.5000000000018 2086.5000000000005 5563.5000000000009 53.910333460607696 2114.5000000000005 15678.000000000002 22.925000000000001 278.50000000000006 60981.500000000007 1418.5000000000002 1556.5000000000002 62692.250000000007 76.267999812500008 2.5000000000000004 4.9250000000000016 33486.000000000007 249.50000000000003 62.302026848717198 87721.500000000015 1522.0000000000002 792.00000000000011 272.50000000000006 -5.2249999999999988 -619.49999999999989 2101.5000000000005 1083.5625000000002 693.50000000000011 6613.9942986061014 -2.4981369999999994 1107.1458333333337 18231.000000000004 80.875521458333353 1848.5000000000002 26.201041666666672 3787.5000000000005 2.4979293947508254 11859.500000000002 14201.500000000002 216.50000000000003 3913.3333333333335 1.0483599942610677 22.370833333333334 36759.291666666679 30457.500000000004 3018.5000000000005 1360.5000000000002 1687.5000000000002 -1.1125079999999981 2230.5000000000005 226.50000000000003 93.090295000000012 8.5000000000000018 -0.19999999999999948
decision_type=2 2 2 2 2 2 2 2 2 2 2 2 2 2 2 2 2 2 2 2 2 2 2 2 2 2 2 2 2 2 2 2 2 2 2 2 2 2 2 2 2 2 2 2 2 2 2 2 2 2 2 2 2 2 2 2 2 2 2 2 2 2
left_child=6 3 14 11 5 -4 34 23 -5 22 18 12 -2 -12 16 -6 -3 -17 19 26 29 -7 -10 24 -8 -20 27 -9 -29 30 -14 -26 -25 51 50 36 -36 38 -37 57 -41 42 43 60 -27 -40 47 -47 -49 -39 -1 -34 -53 58 -46 56 -56 -32 -43 -54 -31 -62
right_child=1 2 4 8 15 21 7 10 9 -11 13 -13 20 -15 -16 17 -18 -19 25 -21 -22 -23 -24 32 31 44 -28 28 -30 41 39 -33 33 -35 35 37 -38 49 45 40 -42 53 -44 -45 54 46 -48 48 -50 -51 -52 52 59 -55 55 -57 -58 -59 -60 -61 61 -63
leaf_value=-17.034432559503809 4.1423972011956831 0.031797060116534569 9.2139937230577473 -1.3360040500212989 6.7292101144035161 7.16860169001112 1.7474552297953336 -0.40144727288799925 9.45138348900349 13.036096536919937 7.6005911048717358 8.2129242593658738 2.0750228235348112 3.3542964703335483 -2.9042687313408466 11.240190156869867 2.838603994413345 16.105298305385933 6.2041741370237853 8.7376612280220378 3.6185524942490979 -0.83459416231159633 1.3471931760398108 -7.3788887081407282 0.52411893948706223 3.8208464380749629 -3.8419591181056134 7.5774583017103492 0.60163998401813035 -1.3176401402950433 -0.42402792832823927 -5.081295253108487 -3.0223190865326752 4.7034783998559488 -6.3588646626563419 6.4292839299234945 0.96770992373090092 0.3070765441117142 -5.2566891942903498 4.9368634452420084 -3.5586362122941955 -0.0025047233900883812 8.273667110561302 2.5844993950795234 -3.8126878338807493 1.5141944206505087 -3.4089159817211936 -3.0985512624042597 0.24905104946366927 -5.5146698487052017 0.12620032431445161 2.059613897414764 -2.4829011686740068 1.0596936918839768 1.9496428970464132 -0.75544311041073187 -0.18045773025256698 0.26306387600963743 -2.4538306668687233 0.34493444466674539 0.29859018674464732 -1.8490199080476808
leaf_weight=2361 20 23 39 20 22 20 27 45 34 31 24 27 20 38 33 60 29 24 34 29 33 29 35 593 29 37 44 23 27 82 62 88 173 35 57 21 20 23 144 21 20 27 21 25 111 20 127 65 20 1253 31 30 127 27 20 102 22 20 312 21 32 32
leaf_count=2361 20 23 39 20 22 20 27 45 34 31 24 27 20 38 33 60 29 24 34 29 33 29 35 593 29 37 44 23 27 82 62 88 173 35 57 21 20 23 144 21 20 27 21 25 111 20 127 65 20 1253 31 30 127 27 20 102 22 20 312 21 32 32
internal_value=-0.000929855 0.00401407 0.0123612 0.00142492 0.0159969 0.0105902 -0.00193263 -0.000586029 0.00896753 0.0113586 0.00168854 0.000261169 -9.15005e-05 0.00855072 0.0040188 0.020443 0.00846449 0.0230083 0.000819671 0.00358715 -0.000420924 0.00305499 0.00694645 -0.0017149 0.00135323 -0.000597977 0.00107836 0.0029653 0.00712575 -0.000770219 0.00159329 -0.000922289 -0.00216934 -0.000971252 -0.00247773 -0.00193532 0.00124514 -0.00208356 -0.000876354 0.000146222 0.00350365 -0.00138147 0.000109317 -0.000701345 -0.00124273 -0.00139591 -0.00040069 0.00211227 0.00014101 -0.0024567 -0.00287321 -0.00153802 -0.000454801 -0.00217154 -0.00181106 -0.000895212 0.00192399 -0.00149817 -0.00245945 -0.00176232 -0.00154004 -0.000140406
internal_weight=7001 1180 279 901 194 88 5821 1679 120 100 556 781 754 62 85 106 52 84 494 168 734 49 69 1123 144 326 139 95 50 701 143 117 979 386 4142 1750 77 1673 397 123 41 558 192 171 292 376 232 105 85 1276 2392 351 178 366 255 144 42 82 339 148 146 64
internal_count=7001 1180 279 901 194 88 5821 1679 120 100 556 781 754 62 85 106 52 84 494 168 734 49 69 1123 144 326 139 95 50 701 143 117 979 386 4142 1750 77 1673 397 123 41 558 192 171 292 376 232 105 85 1276 2392 351 178 366 255 144 42 82 339 148 146 64
is_linear=0
shrinkage=0.03


Tree=32
num_leaves=63
num_cat=0
split_feature=54 16 51 56 31 62 43 64 16 15 35 43 30 50 32 4 49 5 30 33 20 38 52 41 52 13 38 14 52 64 1 49 66 54 57 45 33 18 56 51 24 26 52 5 16 31 32 34 54 65 64 25 34 10 31 45 20 25 16 30 51 48
split_gain=34.8236 28.5585 8.95161 6.63219 5.50976 5.13866 5.221 8.02148 4.06224 5.36067 4.95548 6.33686 4.61516 4.64648 4.4108 3.76822 4.80699 5.19405 2.71932 2.65733 3.16968 2.40594 2.28995 2.10614 1.91931 1.88902 1.77585 4.16267 1.68049 1.61008 1.38797 0.965317 1.26951 1.55846 0.934373 0.800169 2.48363 0.786471 0.603633 0.581708 1.63123 0.62436 0.864717 0.545619 0.718696 1.01804 0.54357 0.519505 0.470921 1.72261 2.5787 0.662785 0.378112 0.337898 0.552186 1.36048 0.286917 0.248647 0.206666 0.206269 1.38249 1.54508
threshold=1893.0000000000002 3012.0000000000005 1529.5000000000002 9365.5000000000018 60.101121292202698 2053.291666666667 32322.500000000004 916.50000000000011 1230.5000000000002 7846.0333014486005 13788.500000000002 31147.500000000004 58.479618480507717 493.22916666666669 60.418199782236911 7.5000000000000009 195.50000000000003 2.5000000000000004 63.85781894423814 3.2255300478351603 25.573958333333337 15278.770833333336 955.50000000000011 55213.500000000007 1180.5000000000002 119977.50000000001 23782.395833333339 118983.83333333336 2623.5000000000005 1199.5000000000002 -12.974999999999998 1287.0000000000002 1227.2083333333335 2038.5833333333337 9373.0000000000018 29528.500000000004 3.1188666038133008 29.825000000000006 10575.000000000002 1320.5000000000002 91.584970000000013 65.923147458333332 1225.5000000000002 1.5000000000000002 -4940.4999999999991 64.806380798311764 66.86887874007023 1.2775751238284487 1592.3958333333337 7441.5000000000009 3931.0000000000005 49.341210000000011 -1.131502405699379 0.35201941816566318 58.153171444529853 31498.500000000004 16.772916666666671 95.614495000000019 4535.5000000000009 49.854664890784001 1079.5000000000002 211.50000000000003
decision_type=2 2 2 2 2 2 2 2 2 2 2 2 2 2 2 2 2 2 2 2 2 2 2 2 2 2 2 2 2 2 2 2 2 2 2 2 2 2 2 2 2 2 2 2 2 2 2 2 2 2 2 2 2 2 2 2 2 2 2 2 2 2
left_child=8 3 -3 15 -5 21 23 25 30 39 35 14 13 22 -12 43 17 -17 58 20 31 -4 -13 -7 29 -8 38 -28 -22 -14 -1 57 -33 -34 -24 36 -11 46 52 -10 41 42 -41 44 -2 -46 48 -45 59 51 -51 -50 -26 -53 -55 -56 -37 -18 -9 60 -32 -62
right_child=1 2 5 4 -6 6 7 18 9 10 11 12 24 -15 -16 16 19 -19 -20 -21 28 -23 34 -25 26 -27 27 -29 -30 -31 37 32 33 -35 -36 56 -38 -39 -40 40 -42 -43 -44 47 45 -47 -48 -49 49 50 -52 53 -54 54 55 -57 -58 -59 -60 -61 61 -63
leaf_value=0.33866454122418488 -2.7990774719735576 -0.38511063259088835 2.4952087370725238 12.085346555827243 -0.1190836042877427 17.316711605387535 -0.60564879850851017 11.89928960306248 -12.962062243691395 -3.5383269576998759 1.9224995672677458 3.5660511339206988 5.2209924562602037 8.9083430291642518 9.3262785430407682 8.7761476299284631 -0.789739777082614 0.78446142511382777 7.5280720321368229 5.3737306087884562 7.0098093287909826 -1.7707370845314789 -0.33845059429254309 7.5204409883059498 1.193060382377483 9.8532975547233104 8.6426553152623313 -0.96503186265995233 2.7070971147971625 0.061508216066962926 -14.948246973915031 -0.89046280002879541 -0.60281519080032531 9.2330796366054138 0.19207126019971041 0.5631230117878524 4.5281671419647083 0.29605631690131007 0.30680485552872477 0.56851946824736033 0.48569823291460085 -3.3501375509630882 -1.2640754774926108 -3.7951222904122019 -0.15429487541916886 0.33547616445690004 0.10892986828517293 1.2984641302565547 0.4387262861008826 -1.9545091785284177 1.7812429974711297 -6.0150266144857225 -1.7801017260055141 -2.5919340869843444 2.037021179102386 -3.9167710069564774 -3.9901548362632306 1.3284059473164462 9.7365542034143573 -10.485470481406496 2.7937957639990509 -0.79795743286642717
leaf_weight=38 39 41 38 37 24 49 27 20 664 42 32 20 20 35 32 21 184 30 20 34 37 21 52 20 20 20 20 45 25 36 253 32 22 33 20 24 21 26 20 27 21 150 42 275 34 28 36 24 29 39 20 412 230 104 20 41 298 22 23 2864 20 48
leaf_count=38 39 41 38 37 24 49 27 20 664 42 32 20 20 35 32 21 184 30 20 34 37 21 52 20 20 20 20 45 25 36 253 32 22 33 20 24 21 26 20 27 21 150 42 275 34 28 36 24 29 39 20 412 230 104 20 41 298 22 23 2864 20 48
internal_value=-0.000938425 0.00375985 0.0121462 0.00115858 0.0107038 0.0143763 0.0169179 0.0127793 -0.0018914 -0.000737535 0.000812738 0.00256141 0.00145339 0.00642014 0.0114665 0.000460659 0.002379 0.0110372 0.0197781 0.00123362 0.000456209 0.00659898 0.00283388 0.0234443 -0.000153414 0.0033121 -0.00102059 0.00341014 0.00661836 0.00497326 -0.00243715 -0.000839305 0.00179104 0.0045735 0.000291261 -0.0018229 0.00123613 -0.00249304 -0.00209922 -0.00239907 -0.00111204 -0.00188955 0.000434153 -0.00164209 0.000237388 0.00227053 -0.00252824 -0.00228686 -0.00256279 -0.00182228 0.00304568 -0.0023016 -0.002507 -0.00252643 -0.00134464 0.000883796 -0.00243092 -0.00196507 0.0240835 -0.0027164 -0.00196201 0.00180617
internal_weight=7001 1180 279 901 61 238 179 110 5821 1871 967 582 518 127 64 840 440 51 63 389 355 59 92 69 391 47 335 65 62 56 3950 293 87 55 72 385 63 3912 270 904 240 219 69 400 101 62 3886 299 3850 665 59 606 250 577 165 61 322 206 43 3185 321 68
internal_count=7001 1180 279 901 61 238 179 110 5821 1871 967 582 518 127 64 840 440 51 63 389 355 59 92 69 391 47 335 65 62 56 3950 293 87 55 72 385 63 3912 270 904 240 219 69 400 101 62 3886 299 3850 665 59 606 250 577 165 61 322 206 43 3185 321 68
is_linear=0
shrinkage=0.03


Tree=33
num_leaves=63
num_cat=0
split_feature=54 56 20 49 4 39 54 7 4 32 40 54 56 51 40 40 62 30 63 70 38 40 53 26 48 34 26 7 54 56 65 61 20 46 5 45 10 32 53 45 19 30 49 55 50 36 47 62 47 32 32 43 22 54 50 2 20 1 45 20 21 20
split_gain=33.2752 23.3641 6.86231 6.55116 7.45244 6.40135 4.97648 5.91066 5.51594 5.4846 4.95116 3.86069 4.49238 3.69321 4.17631 3.08882 3.1107 3.07318 2.89401 2.63019 1.86534 4.2782 4.72971 3.04497 1.50006 1.23556 1.14661 1.10075 1.06779 1.06921 1.03267 3.22432 0.999484 1.49124 0.878401 0.852596 0.849798 0.838276 0.868247 2.04984 1.425 0.911979 1.18189 0.818069 0.768045 1.83222 0.74979 1.10983 0.737375 0.670453 0.600011 1.03078 0.519075 0.956871 1.65673 1.08588 1.67357 0.497342 0.464195 0.376213 0.371376 0.364777
threshold=1893.0000000000002 5950.0000000000009 26.621875000000006 224.50000000000003 8.5000000000000018 43637.500000000007 2197.5208333333339 14.500000000000002 20.500000000000004 62.735830550393722 63990.000000000007 1485.9791666666667 4712.5000000000009 2086.5000000000005 49996.500000000007 49514.000000000007 958.79166666666686 65.458665938400756 1570.5000000000002 93593.625000000015 14932.22916666667 47410.500000000007 1307.5000000000002 71.737705958333351 1758.5000000000002 -0.016157411021012532 79.985867437500005 26.500000000000004 1083.5625000000002 11049.000000000002 7375.5000000000009 727.50000000000011 25.842708333333338 32169.333333333339 1.5000000000000002 32482.500000000004 0.35201941816566318 66.86887874007023 629.50000000000011 33581.500000000007 19.325000000000006 49.274372858277459 494.50000000000006 10979.500000000002 503.62500000000006 12196.500000000002 229.50000000000003 2177.604166666667 929.50000000000011 64.906798790204704 57.848048965747218 29033.500000000004 0.4000000000000013 1115.604166666667 385.18750000000006 85.756790000000009 18.554166666666671 11.775000000000002 27433.500000000004 22.202083333333338 1.5261035388849338 26.673958333333339
decision_type=2 2 2 2 2 2 2 2 2 2 2 2 2 2 2 2 2 2 2 2 2 2 2 2 2 2 2 2 2 2 2 2 2 2 2 2 2 2 2 2 2 2 2 2 2 2 2 2 2 2 2 2 2 2 2 2 2 2 2 2 2 2
left_child=11 3 6 4 34 25 15 8 9 -8 -4 28 30 20 18 16 -3 -7 -15 -18 43 22 26 -24 -16 -6 -22 61 58 37 36 -32 50 35 -2 -34 -13 38 39 40 -30 42 -40 -14 -38 -46 -47 -48 -17 -11 51 -5 -43 54 -54 60 -57 -36 -1 -60 -55 -23
right_child=1 2 10 32 5 17 7 -9 -10 49 -12 12 13 14 24 48 19 -19 -20 -21 21 27 23 -25 -26 -27 -28 -29 29 -31 31 -33 33 -35 57 -37 44 -39 41 -41 -42 52 -44 -45 45 46 47 -49 -50 -51 -52 -53 53 55 -56 56 -58 -59 59 -61 -62 -63
leaf_value=0.23349867553085105 0.56782234214714444 -1.0470300557022574 14.57782239239849 1.2283502605309038 1.8739730307420064 8.5692736353089263 3.4147799701298767 -0.27927054470412432 4.784511409329876 11.483228879372696 14.15255020295541 -6.6236771338980347 -2.4364170224113924 8.4753538960522636 -0.77883027260902915 6.0791903645125434 7.4253388783349088 5.4328883432127215 2.8865777539683606 4.5709981815599887 -0.25965153680372827 -0.71083584347329143 8.9442689861388551 7.6331589555110479 7.0309302017522439 0.049987402729139881 0.46417474724691909 8.2854002943145133 -8.3741980688280133 0.2938495239982839 1.7278057075469981 -4.2898591486695112 2.6440748119907052 -4.3289579971663192 0.11095338516736609 0.064226028877479524 -2.0460961060163836 0.32221410849157789 -2.0579867802917313 1.690134992886162 1.6066266383514634 -7.4985821386729654 1.3861262540433792 0.97704798756672695 2.3589957166545119 -1.1733959741743647 1.0805438030158163 -3.6555564502245028 -0.40318564665399537 8.4401736419966227 -1.7116604428332216 -1.698943872889481 -5.0920067888787202 1.185043732209478 5.9139093896455277 -13.331768149226221 0.45649713252072011 -2.872896134556826 -16.420853283416836 -0.024170040423543381 -2.7718995651268226 0.045579450781517136
leaf_weight=31 39 22 45 30 26 38 32 31 29 34 33 577 198 20 37 20 26 22 20 31 50 133 25 24 22 40 20 21 128 31 20 74 20 41 20 20 197 21 42 34 20 1043 20 22 34 86 39 32 54 24 351 59 25 21 24 24 20 93 2322 39 297 28
leaf_count=31 39 22 45 30 26 38 32 31 29 34 33 577 198 20 37 20 26 22 20 31 50 133 25 24 22 40 20 21 128 31 20 74 20 41 20 20 197 21 42 34 20 1043 20 22 34 86 39 32 54 24 351 59 25 21 24 24 20 93 2322 39 297 28
internal_value=-0.00095985 0.00363274 0.00974547 0.000713302 0.00443366 0.00982553 0.00768063 0.0115723 0.0146096 0.0182797 0.0177081 -0.0018914 -0.000675363 0.00134978 0.00665994 0.00384063 0.0079646 0.0169218 0.0141397 0.0116637 0.000333908 0.00187313 0.00629723 0.013442 0.00152284 0.00331316 0.00124108 -0.00100494 -0.00238357 -0.00181533 -0.00186385 0.00111583 -0.00126655 0.00177558 -1.97246e-05 0.00591022 -0.00215729 -0.00191612 -0.00199105 -1.64752e-05 -0.00155976 -0.00222611 0.00130435 -0.00175829 -0.00105901 0.000282574 -0.00106938 0.00118143 -0.000526317 0.0238038 -0.00183367 0.0003367 -0.00237879 -0.0014595 0.00244399 -0.00199669 0.00238095 -0.00137931 -0.00279796 -0.00284613 -0.00261239 -0.0018622
internal_weight=7001 1180 381 799 278 126 303 150 119 90 78 5821 1679 620 99 153 79 60 40 57 521 301 119 49 59 66 70 182 4142 1750 1059 94 521 81 152 40 965 1719 1698 182 148 1516 62 220 388 191 157 71 74 58 440 89 1454 411 49 362 44 113 2392 2361 318 161
internal_count=7001 1180 381 799 278 126 303 150 119 90 78 5821 1679 620 99 153 79 60 40 57 521 301 119 49 59 66 70 182 4142 1750 1059 94 521 81 152 40 965 1719 1698 182 148 1516 62 220 388 191 157 71 74 58 440 89 1454 411 49 362 44 113 2392 2361 318 161
is_linear=0
shrinkage=0.03


Tree=34
num_leaves=63
num_cat=0
split_feature=54 56 54 56 10 49 52 5 45 7 15 29 51 59 39 46 5 55 20 26 51 1 39 30 41 56 63 9 51 48 61 54 63 7 47 62 46 34 52 48 27 52 56 26 5 1 41 47 10 24 4 1 49 62 30 62 49 56 49 59 25 51
split_gain=30.2706 19.6345 7.39724 7.13031 5.83696 6.18706 5.69198 5.39544 5.01351 4.31378 6.1013 3.62655 3.28953 5.03905 3.28503 3.02107 3.87857 2.80272 2.6555 2.54091 2.29868 2.07444 2.73972 2.01154 1.87438 1.73178 4.32028 1.59284 2.46162 2.50895 1.26107 1.22961 1.16507 1.67357 1.09442 1.06087 1.04043 0.854604 3.02618 0.921281 0.765594 1.64724 0.76119 0.758423 1.3258 0.721363 0.874087 1.62012 1.4206 0.707797 0.681945 0.640642 0.629178 1.36283 0.576519 0.52999 0.462502 0.372827 0.327608 0.314518 0.327711 0.279801
threshold=2144.7083333333335 7066.5000000000009 1376.5625000000002 4610.0000000000009 0.56392291514228221 225.50000000000003 2376.5000000000005 5.5000000000000009 32381.500000000004 29.500000000000004 11570.165972923518 55.160056481507894 2101.5000000000005 1971.5000000000002 43637.500000000007 32820.916666666679 3.5000000000000004 7029.0000000000009 27.095833333333335 76.783541020833354 2449.0000000000005 -9.0249999999999986 54412.000000000007 64.552390020467399 50209.500000000007 10627.500000000002 1289.5000000000002 1.0000000180025095e-35 1777.5000000000002 223.50000000000003 221.50000000000003 2367.2500000000005 271.50000000000006 13.500000000000002 236.50000000000003 877.12500000000011 32232.687500000004 0.57936653180212272 1033.5000000000002 729.50000000000011 17.469989732325558 1823.5000000000002 10.500000000000002 77.607998812500014 1.5000000000000002 20.075000000000006 31195.500000000004 227.50000000000003 0.87900005428953576 88.479875000000007 1.5000000000000002 -12.974999999999998 223.50000000000003 1500.5833333333337 53.687073281748965 2709.4583333333335 672.50000000000011 10979.500000000002 221.50000000000003 4831.0000000000009 39.201368000000009 1138.5000000000002
decision_type=2 2 2 2 2 2 2 2 2 2 2 2 2 2 2 2 2 2 2 2 2 2 2 2 2 2 2 2 2 2 2 2 2 2 2 2 2 2 2 2 2 2 2 2 2 2 2 2 2 2 2 2 2 2 2 2 2 2 2 2 2 2
left_child=2 4 32 18 43 14 20 9 31 12 -11 -9 15 17 -6 30 -17 -14 21 36 -3 22 -4 -16 -19 26 -13 -23 37 -30 -5 -8 33 -1 -7 -34 -10 39 -39 -29 52 -42 -40 44 -2 51 47 -47 55 -31 -46 -37 53 -32 -55 57 -15 -48 -52 60 -54 -53
right_child=1 6 3 7 5 34 8 11 19 10 -12 25 13 56 23 16 -18 24 -20 -21 -22 27 -24 -25 -26 -27 -28 28 29 49 40 -33 35 -35 -36 45 -38 38 42 -41 41 -43 -44 -45 50 46 48 -49 -50 -51 58 61 59 54 -56 -57 -58 -59 -60 -61 -62 -63
leaf_value=-6.6980798248995175 1.2572070667034514 10.926729108448528 0.70835128270963521 6.9536763643283681 1.8134666669230481 -0.88755174667463788 6.5752669577406309 0.028473148895542789 18.271777390864401 -0.19093629786095445 9.9788495600924421 4.4078894568443756 2.8546218279253188 2.1720927150798568 8.1256127167298757 8.6424548308576021 -0.8170813616141982 7.2025787119848594 7.7671914259712995 6.8263202437806179 9.7241696110302467 -7.2944865928605269 -5.25432192406877 6.8026221564862883 8.4945605799852437 8.1602319119537068 -0.18740712927789288 -2.4734704050392975 2.336944506781832 -3.832818178576276 3.2306326569418702 -0.69485018956175193 0.90767508565796728 6.052757797839651 5.7943047079813548 0.4786377895323588 7.3461711615082779 1.0897471064723998 1.8921629138558402 2.2576153932609211 4.6132601093571415 -2.8367398602278158 -0.40788915548062005 -2.849967285229337 1.6692242356842832 -3.2982492100205278 -8.4251476459216157 1.3445423380538251 0.254698677757 0.34212646474937858 -0.085462405832266899 -14.680555200701395 0.10776053349852795 0.34266549167109667 -4.8125491362342361 1.7317514340595332 -0.53091465035391627 -0.29099071355495054 -0.93908110455899474 0.016722789812709176 -2.1596082891804924 -5.2283885902617504
leaf_weight=24 39 39 21 24 25 46 36 39 20 23 20 25 31 20 23 31 29 26 23 25 27 780 41 23 20 21 20 639 30 31 25 25 20 20 24 34 20 21 29 20 25 28 102 108 21 42 388 30 27 20 33 2321 21 20 63 24 57 37 77 20 392 686
leaf_count=24 39 39 21 24 25 46 36 39 20 23 20 25 31 20 23 31 29 26 23 25 27 780 41 23 20 21 20 639 30 31 25 25 20 20 24 34 20 21 29 20 25 28 102 108 21 42 388 30 27 20 33 2321 21 20 63 24 57 37 77 20 392 686
internal_value=-0.000938425 0.00543937 -0.0015488 -0.000368274 0.00178955 0.00676116 0.0133837 0.00168044 0.00958763 0.000905039 0.0101624 0.00810656 0.000421824 0.00438027 0.0129958 -0.000473382 0.0059401 0.00980545 -0.00151272 0.0153917 0.0205598 -0.00164869 0.00371981 0.0177657 0.0145119 0.0123903 0.00891352 -0.00184977 -0.000978591 0.00399507 -0.00110176 0.00333879 -0.00243246 0.00238095 0.000385163 -0.00249203 0.0201247 -0.00147947 0.000532544 -0.00194811 -0.00137856 0.0020339 -0.00114417 -0.000722762 0.000511463 -0.002531 -0.00151615 0.00153953 -0.00198488 -7.13856e-10 -0.000915333 -0.00271283 -0.00171872 0.000305272 -0.00151625 -0.00239145 -0.00101167 -0.00263938 -0.00188011 -0.00223043 -0.00241104 -0.00275947
internal_weight=7001 611 6390 2737 419 141 192 980 126 875 43 105 832 154 71 678 60 77 1757 65 66 1734 62 46 46 66 45 1672 892 81 618 61 3653 44 70 3609 40 811 152 659 594 53 131 278 170 3589 548 72 476 51 131 3041 541 108 83 449 77 425 110 433 413 3007
internal_count=7001 611 6390 2737 419 141 192 980 126 875 43 105 832 154 71 678 60 77 1757 65 66 1734 62 46 46 66 45 1672 892 81 618 61 3653 44 70 3609 40 811 152 659 594 53 131 278 170 3589 548 72 476 51 131 3041 541 108 83 449 77 425 110 433 413 3007
is_linear=0
shrinkage=0.03


Tree=35
num_leaves=63
num_cat=0
split_feature=51 16 62 58 4 49 7 13 57 62 37 51 4 47 63 4 51 53 33 26 2 22 1 24 59 53 1 16 64 44 63 22 66 5 31 30 62 66 37 23 2 52 23 52 33 65 65 25 2 63 51 25 62 50 24 56 40 45 0 39 26 30
split_gain=19.9338 30.6408 8.59069 7.81747 7.30284 8.5529 6.82892 7.04948 4.70646 4.58083 4.24207 4.07388 4.71804 3.98194 3.27742 3.12458 3.37289 2.75262 4.10738 2.28558 2.03347 1.78004 1.70633 1.65905 2.45669 1.9584 1.41682 1.38031 1.79052 1.39913 2.30746 1.79138 1.3725 1.51838 1.30882 1.16922 1.05245 0.970804 0.942739 0.938812 2.17881 0.809334 0.768978 1.83777 0.744637 1.7201 0.729554 0.713958 0.686511 1.69308 0.686264 1.30773 0.58648 1.35011 0.520096 1.56459 0.51885 0.490342 0.59241 0.447551 0.370249 0.753287
threshold=1494.5000000000002 3058.5000000000005 2048.5208333333335 3296.1875000000005 6.5000000000000009 189.50000000000003 14.500000000000002 110322.00000000001 9098.5000000000018 2353.3541666666674 15217.000000000002 2744.5000000000005 21.500000000000004 221.50000000000003 551.00000000000011 20.500000000000004 1988.5000000000002 1715.5000000000002 2.8890954556719959 71.968209270833356 72.420938000000021 0.72500000000000109 18.225000000000005 89.168762500000014 498.50000000000006 1715.5000000000002 -12.974999999999998 1173.5000000000002 6674.0000000000009 32556.500000000004 551.00000000000011 2.0749999999999997 2103.7708333333335 1.5000000000000002 57.845125796608819 67.542653650195362 2735.0208333333335 946.81250000000011 23961.500000000004 65.084275000000005 86.283450000000002 1702.5000000000002 87.167712500000007 1033.5000000000002 3.1050390813012321 1193.0000000000002 7836.5000000000009 89.823943000000014 61.421256000000007 1237.0000000000002 2826.0000000000005 72.342355000000012 1015.8333333333334 414.93750000000006 93.090295000000012 15.500000000000002 30379.000000000004 27661.500000000004 84139.000000000015 68971.500000000015 51.055602395833347 58.279536838789831
decision_type=2 2 2 2 2 2 2 2 2 2 2 2 2 2 2 2 2 2 2 2 2 2 2 2 2 2 2 2 2 2 2 2 2 2 2 2 2 2 2 2 2 2 2 2 2 2 2 2 2 2 2 2 2 2 2 2 2 2 2 2 2 2
left_child=22 4 10 -4 46 13 8 19 9 21 14 15 -13 -6 -3 16 23 41 32 -8 -9 -5 26 36 -25 -26 -1 54 29 42 -31 47 33 -19 -15 52 44 -35 -14 -16 -41 -18 -29 -44 -7 -46 50 -32 -12 -50 -2 -52 53 -28 57 -56 -47 58 -24 -17 61 -54
right_child=1 2 3 6 5 11 7 20 -10 -11 48 12 38 34 39 59 17 18 -20 -21 -22 -23 27 24 25 -27 35 28 -30 30 31 -33 -34 37 -36 -37 -38 -39 -40 40 -42 -43 43 -45 45 56 -48 -49 49 -51 51 -53 60 -55 55 -57 -58 -59 -60 -61 -62 -63
leaf_value=0.64352132736457268 -6.7143391160462551 6.9641856361051424 -0.6380862833697768 7.0722762007190054 -2.4444246094185433 -0.99096133920480711 17.557157467469825 -0.43237038444668779 10.526830880277545 5.9897896190421873 -0.5376810747783537 11.291786017332861 4.354555097123332 1.6953601910010043 -0.01246807242658733 -2.9430967633419716 1.3138461639439285 10.883338916360684 4.9015459401238015 3.2977485222590608 7.8354481601722537 8.7691178966227064 0.70940805683153085 -1.1640341707957491 6.7753782702927694 1.4706256071281885 -7.6063343034171123 -2.4988427229774848 1.7611021233796118 6.6231741789043497 -1.3957763803092587 4.4288056702545422 -0.41527546249792668 -0.75581784145805886 8.11683343283838 0.80104358089508798 2.1181713586455841 2.4028209597341532 -1.2695347892439544 2.2753508066953372 0.77041907317309699 -0.80784586348098353 0.77373892712208781 -1.2609558817861524 2.0072714933957454 0.49248350604723889 0.73514465608097446 0.36496384453405789 4.457350395935042 -1.8627228593351806 0.35996245250575515 -3.7283055060119894 3.35945914728944 1.0772223579742617 -5.8594946245153761 1.39171244649597 -1.8960932580787595 -9.3916366630044248 -2.6923351557934887 0.050558267689293744 -10.324046721328905 -1.2907711459001034
leaf_weight=30 846 22 33 22 21 327 32 39 42 26 59 31 20 20 21 323 26 20 30 29 20 24 20 54 33 23 64 287 25 25 111 25 26 21 34 27 20 30 25 20 22 42 20 76 29 21 27 29 23 42 22 51 20 23 57 20 54 521 21 27 2885 36
leaf_count=30 846 22 33 22 21 327 32 39 42 26 59 31 20 20 21 323 26 20 30 29 20 24 20 54 33 23 64 287 25 25 111 25 26 21 34 27 20 30 25 20 22 42 20 76 29 21 27 29 23 42 22 51 20 23 57 20 54 521 21 27 2885 36
internal_value=-0.000912714 0.00111978 0.00802142 0.0115912 -0.000370388 0.0011264 0.0135199 0.00846794 0.0187993 0.0140222 0.00344333 0.000499957 0.00721419 0.0109454 0.00860164 3.52583e-05 0.00112287 0.00452076 0.00712824 0.0156137 0.00101523 0.019718 -0.00217325 -5.34671e-05 0.00324251 0.00764706 -0.00255162 -0.00122706 -0.000185588 -0.000533939 0.00156233 0.000254391 0.00407827 0.00624473 0.0152495 -0.00261595 -0.000864554 0.00340509 0.000931263 0.00503962 0.0076247 -0.000308371 -0.00158183 0.000718001 -0.00118302 0.00100864 -0.00236233 -0.00104925 -7.25229e-05 0.00202765 -0.0025068 0.000246237 -0.00267197 -0.00020666 -0.00219684 7.78203e-05 -0.00135819 -0.00251379 0.000583941 -0.00230506 -0.00274387 -0.00026738
internal_weight=7001 2679 476 267 2203 1257 234 120 114 72 209 1182 76 75 85 1106 756 195 127 61 59 46 4322 561 110 56 3085 1237 598 573 190 165 97 71 54 3055 451 51 45 63 42 68 383 96 431 104 946 140 124 65 919 73 3028 87 639 77 75 562 41 350 2941 56
internal_count=7001 2679 476 267 2203 1257 234 120 114 72 209 1182 76 75 85 1106 756 195 127 61 59 46 4322 561 110 56 3085 1237 598 573 190 165 97 71 54 3055 451 51 45 63 42 68 383 96 431 104 946 140 124 65 919 73 3028 87 639 77 75 562 41 350 2941 56
is_linear=0
shrinkage=0.03


Tree=36
num_leaves=63
num_cat=0
split_feature=54 16 62 56 66 31 21 54 16 62 59 35 7 30 66 70 43 20 30 46 43 54 7 16 59 11 66 44 5 31 50 57 63 31 37 5 66 17 62 60 30 62 55 57 15 63 0 16 10 48 51 35 63 58 3 3 56 50 47 16 7 25
split_gain=28.7635 21.2239 8.76144 7.26388 6.97624 5.7115 5.36826 3.8111 4.4399 3.39727 2.87699 2.60982 6.8585 4.11069 3.78981 3.2493 2.63536 2.16071 3.2695 2.64405 2.09009 2.06069 1.85907 1.74562 1.65415 2.703 1.58756 1.68624 4.29096 3.10667 3.25494 1.58086 1.35311 1.67018 1.6091 1.34689 1.31403 1.27392 2.47854 3.21822 1.28381 1.19935 1.19056 1.15394 1.05109 1.36008 0.988369 0.894889 0.858919 1.12985 1.57668 0.784093 0.677993 1.46688 0.644342 0.637055 0.523563 1.31806 0.511079 0.63688 0.493063 1.19129
threshold=1885.6250000000002 3012.0000000000005 2053.291666666667 9365.5000000000018 1035.7708333333337 60.101121292202698 2.1629863271716872 1083.5625000000002 1142.0000000000002 2894.6250000000005 795.50000000000011 13788.500000000002 29.500000000000004 59.195098361941596 3266.6250000000005 97696.208333333358 32753.500000000004 25.573958333333337 62.601076174498125 32351.479166666668 29081.500000000004 1793.8750000000002 12.500000000000002 -1389.4999999999998 498.50000000000006 114996.50000000001 946.81250000000011 29078.500000000004 1.5000000000000002 61.533684993499499 758.81250000000011 160.00000000000003 2721.0000000000005 56.043881889608947 15170.000000000002 5.5000000000000009 6550.5625000000009 4.9250000000000016 1233.9375000000002 490.50000000000006 67.542653650195362 1215.5833333333337 11111.500000000002 8571.5000000000018 10884.824951886889 4178.5000000000009 142185.50000000003 4033.0000000000005 0.56392291514228221 206.50000000000003 1180.5000000000002 14454.000000000002 2505.0000000000005 2236.6458333333335 59.91753729621076 67.086867996869799 16.500000000000004 510.14583333333343 327.50000000000006 294.50000000000006 7.5000000000000009 71.731350000000006
decision_type=2 2 2 2 2 2 2 2 2 2 2 2 2 2 2 2 2 2 2 2 2 2 2 2 2 2 2 2 2 2 2 2 2 2 2 2 2 2 2 2 2 2 2 2 2 2 2 2 2 2 2 2 2 2 2 2 2 2 2 2 2 2
left_child=7 3 20 17 10 -5 -6 -1 37 47 -4 36 13 14 16 -15 21 23 -19 24 -3 32 -12 60 -20 -26 -25 -28 -29 30 -30 -27 33 -13 -35 41 42 38 39 -9 52 -17 56 -37 -16 -46 48 -8 -39 50 -50 -22 53 -40 -41 -43 57 -10 -51 -60 61 -2
right_child=1 2 4 5 6 -7 9 8 11 -11 22 12 -14 15 44 35 -18 18 19 -21 51 -23 -24 26 25 31 27 28 29 -31 -32 -33 -34 34 -36 43 -38 46 40 54 -42 55 -44 -45 45 -47 -48 -49 49 58 -52 -53 -54 -55 -56 -57 -58 -59 59 -61 -62 -63
leaf_value=-14.752911032680471 0.73292199862721119 2.0984247416374977 6.6305303139705281 10.555268253969579 5.238879572309691 -0.28539784450398586 7.4785803077095885 1.8807600743451742 -4.9414985043147954 17.456136517687458 9.8310643202188839 -0.15918645923742103 7.5024096841259045 7.6952745558476421 -5.437117831418627 5.0244816512689532 7.9337974959559743 3.5950333628557529 -0.46892404198105669 -5.7581766894664215 1.5453347661405854 -0.46800491334515637 -0.27423480473492085 -0.63085745394464621 7.111452543693451 -1.5494369221032229 -0.57773596034711783 9.1611040937306978 -0.12885605189930174 -0.95632862725695977 7.0453486831644856 1.9251896668972266 4.6215340806533876 7.2639733529461612 0.29322025208744623 4.2908698898613489 0.27956284384815028 -6.4863748183304892 -3.8329524790213485 0.31477466526003856 0.9564364360903217 -2.5376807802223049 1.7091576735211567 -0.027703465933077754 1.8330814293124464 -0.92349523380396115 0.24140439621516677 8.4365467090234851 -9.403221385162059 -4.000429538020267 2.0430052629333062 -2.539188977811611 -3.9793662668046688 1.4432111059952557 -5.3820725420758997 0.80716378394794974 -2.8842827739937289 1.2057990784517532 0.4623771171873271 -0.87906028596904595 -3.8162401403975976 -1.3701741252347959
leaf_weight=2392 24 22 26 38 20 24 23 20 36 20 20 22 21 22 60 30 25 23 20 66 26 28 34 79 20 22 90 26 32 68 33 38 23 25 22 24 25 1349 52 20 20 369 22 21 24 26 21 53 26 193 22 39 279 38 25 20 426 22 24 20 234 87
leaf_count=2392 24 22 26 38 20 24 23 20 36 20 20 22 21 22 60 30 25 23 20 66 26 28 34 79 20 22 90 26 32 68 33 38 23 25 22 24 25 1349 52 20 20 369 22 21 24 26 21 53 26 193 22 39 279 38 25 20 426 22 24 20 234 87
internal_value=-0.00095128 0.00326071 0.0104486 0.00105508 0.0139674 0.0109662 0.0186822 -0.00182928 -0.00118251 0.0216337 0.00707865 0.00019952 0.0013266 0.000841991 0.00392787 -0.000771447 0.00711234 0.000337547 0.00317292 0.00167971 0.00247991 0.00522065 0.00304991 -0.000454614 0.00476523 0.00670412 0.00110637 0.00228824 0.00414833 0.00193839 0.00663594 0.00344426 0.00739414 0.00520984 0.00840764 -0.00131222 -0.00141216 -0.0020312 -0.000614403 0.00479263 -0.0015266 -0.00184682 -0.00174867 0.00359202 -0.000245232 0.00293413 -0.00241798 0.0245598 -0.0025023 -0.000989127 0.00318087 -0.000184333 -0.00193444 0.000299666 0.000266075 -0.00229761 -0.00206362 0.000567986 -0.00184732 0.00102041 -0.00194726 -0.000270028
internal_weight=7001 1207 283 924 196 62 116 5794 3402 96 80 1293 762 741 255 486 145 862 189 166 87 120 54 673 100 80 328 249 159 133 65 60 92 69 47 464 531 2109 454 65 389 419 506 45 110 50 1655 76 1634 285 48 65 369 90 45 389 484 58 237 44 345 111
internal_count=7001 1207 283 924 196 62 116 5794 3402 96 80 1293 762 741 255 486 145 862 189 166 87 120 54 673 100 80 328 249 159 133 65 60 92 69 47 464 531 2109 454 65 389 419 506 45 110 50 1655 76 1634 285 48 65 369 90 45 389 484 58 237 44 345 111
is_linear=0
shrinkage=0.03


Tree=37
num_leaves=63
num_cat=0
split_feature=54 16 58 54 16 20 64 5 44 57 36 59 39 1 43 7 64 4 51 59 59 62 54 21 7 54 39 41 44 43 62 7 33 25 26 70 47 36 63 53 25 25 55 5 25 1 58 7 57 27 62 1 49 44 16 64 23 44 20 58 40 64
split_gain=26.9647 18.0678 9.56861 6.76013 5.97485 5.59987 5.03807 5.51556 4.66446 4.57683 3.9997 2.97081 2.86441 2.73497 2.48857 4.56078 3.08163 2.37199 2.75398 3.92234 1.84977 2.17378 1.37289 1.32051 1.31015 1.73643 1.30748 2.39387 2.39026 1.48252 1.27165 1.26815 1.26674 2.81276 3.93152 1.22179 1.61104 1.15657 1.05361 1.04328 1.57311 2.63213 0.93442 1.45425 0.89889 0.738911 0.729367 0.674349 0.638764 1.26714 1.47464 2.0435 0.586697 0.938131 1.17719 1.56051 0.5292 0.429818 0.423247 1.1004 0.388556 0.334706
threshold=2144.7083333333335 156.00000000000003 3401.541666666667 1510.0833333333337 3370.0000000000005 26.456250000000001 471.50000000000006 1.5000000000000002 32092.500000000004 7805.0000000000009 25575.000000000004 795.50000000000011 58432.000000000007 -11.074999999999998 32926.500000000007 19.500000000000004 249.50000000000003 5.5000000000000009 2086.5000000000005 647.50000000000011 956.50000000000011 898.41666666666674 1776.9583333333337 3.0741894283190896 21.500000000000004 1880.0000000000002 41281.500000000007 52903.000000000007 32513.500000000004 31107.000000000004 1500.5833333333337 7.5000000000000009 3.0533534500017008 90.029145000000014 68.582000791666687 82949.645833333358 222.50000000000003 13188.500000000002 752.50000000000011 1387.5000000000002 71.606370000000013 63.451831000000006 9307.5000000000018 2.5000000000000004 94.687018000000009 -11.774999999999999 4914.0625000000009 29.500000000000004 8356.5000000000018 5.1578559932197985 2593.166666666667 19.775000000000002 210.50000000000003 31727.500000000004 -790.49999999999989 792.00000000000011 84.868533000000014 25524.500000000004 24.603125000000006 3296.1875000000005 49892.500000000007 1149.5000000000002
decision_type=2 2 2 2 2 2 2 2 2 2 2 2 2 2 2 2 2 2 2 2 2 2 2 2 2 2 2 2 2 2 2 2 2 2 2 2 2 2 2 2 2 2 2 2 2 2 2 2 2 2 2 2 2 2 2 2 2 2 2 2 2 2
left_child=3 23 38 20 13 14 8 31 -4 11 22 -9 -11 -5 16 -16 -6 -15 32 -20 21 -1 -7 -2 60 -26 35 29 -29 -28 37 -8 47 42 -35 36 -23 -18 -3 -25 41 -41 -34 -44 45 -31 -47 52 -22 -50 -51 -52 53 54 -19 -56 -42 -54 -59 -60 -21 -61
right_child=1 2 6 4 5 10 7 9 -10 12 -12 -13 -14 17 15 -17 30 18 19 24 48 26 -24 39 25 -27 27 28 -30 44 -32 -33 33 34 -36 -37 -38 -39 -40 40 56 -43 43 -45 -46 46 -48 -49 49 50 51 -53 57 -55 55 -57 -58 58 59 61 -62 -63
leaf_value=0.88575718342155629 -1.4531535568367917 0.67036993538055289 -0.35399738644108719 7.094853148464848 4.2145186089296445 5.8719368537755674 8.5084998239910288 4.942294837587176 7.3471035873793795 10.03364311929635 1.540850056550777 -2.8009872823717341 6.4180495128194082 -6.7664738727622238 7.9654737332297501 -0.76838142241675589 -0.65826258697630002 -7.3689636041693758 4.2427619589951879 0.16513191593273543 -11.59167018928642 -3.3842185097447302 7.4309931572032824 2.9015705067722051 7.6758765954268364 -0.14893239048283205 3.9282891001768721 -0.79518022762206031 5.1501909495516234 1.1529576566356541 -0.56804030552247786 16.324423488570577 -2.5217296786391414 -2.4737166578632803 4.9328212208303706 -7.2260397624431754 1.130126407417936 1.9649766764347214 -0.4888798562802299 -0.15047634192337897 -1.8819700722441826 1.61758378654809 1.857841335675015 -1.0927036505425678 0.75437590451700764 -5.4179276270982895 0.62757123766834477 0.39964072608758677 3.7012627038511687 -7.0864036744385839 -7.0279908507694477 4.2707538898729007 0.20887933067726588 -5.5781904414989425 -0.24975341711202828 4.5675843569539953 1.2639056964087609 -2.4339736386200346 0.83950150359565479 0.10051424431507486 -1.1267735098480771 -0.91286929439760423
leaf_weight=21 137 26 32 29 24 21 30 26 31 30 22 23 20 523 21 21 26 26 39 37 2607 75 21 22 28 28 21 20 25 22 153 36 111 21 32 595 32 34 53 24 78 23 20 44 39 421 24 22 20 313 22 20 35 51 25 28 20 490 20 32 56 73
leaf_count=21 137 26 32 29 24 21 30 26 31 30 22 23 20 523 21 21 26 26 39 37 2607 75 21 22 28 28 21 20 25 22 153 36 111 21 32 595 32 34 53 24 78 23 20 44 39 421 24 22 20 313 22 20 35 51 25 28 20 490 20 32 56 73
internal_value=-0.000972705 0.00504664 0.0101791 -0.0015488 -0.000159009 0.00346255 0.0132968 0.016063 0.00599049 0.0115035 0.0114665 0.00488798 0.0179042 -0.000862664 0.00161232 0.00833729 0.000404892 -0.0010166 -0.000288154 0.00304625 -0.00223469 -0.0012833 0.0168884 -0.000128248 0.000804828 0.0044385 -0.00144337 -0.000372313 0.00625277 -0.000944793 -0.000732051 0.022829 -0.000899913 0.00106532 0.00711864 -0.00231164 0.000616246 0.00294509 0.0011378 0.0016517 0.000702963 0.00522293 -0.000753856 0.00210608 -0.00127445 -0.00164419 -0.00191418 -0.00146241 -0.00264679 -0.00147161 -0.00189243 0.00334917 -0.00161133 0.000207532 0.0022756 0.00485876 -0.00143731 -0.0019797 -0.0021655 -0.00057554 -0.00135338 -0.00182683
internal_weight=7001 611 307 6390 2113 343 228 165 63 99 64 49 50 1770 279 42 237 1741 1218 188 4277 1295 42 304 149 56 1274 572 45 527 213 66 1030 228 53 702 107 60 79 167 145 47 175 64 506 467 445 802 2982 375 355 42 780 130 79 53 98 650 615 125 93 105
internal_count=7001 611 307 6390 2113 343 228 165 63 99 64 49 50 1770 279 42 237 1741 1218 188 4277 1295 42 304 149 56 1274 572 45 527 213 66 1030 228 53 702 107 60 79 167 145 47 175 64 506 467 445 802 2982 375 355 42 780 130 79 53 98 650 615 125 93 105
is_linear=0
shrinkage=0.03


Tree=38
num_leaves=63
num_cat=0
split_feature=54 22 58 1 22 20 32 66 14 50 5 43 31 40 27 53 1 59 1 26 5 53 21 43 40 19 4 66 51 22 54 15 22 2 37 54 51 53 32 37 25 4 22 54 52 22 55 33 58 18 66 15 52 41 31 25 19 36 58 58 49 55
split_gain=26.4887 15.2471 11.6299 5.75814 6.51534 4.20417 5.22576 3.54369 4.64768 3.62007 2.94076 4.27645 2.51104 5.9131 3.76264 3.13223 3.00781 2.47657 2.58489 2.47177 2.42728 2.02804 3.08011 1.62519 1.39133 1.32622 1.32213 1.21038 1.16886 1.9641 1.14578 1.7985 1.19235 1.09165 1.05985 1.03495 0.855334 1.37769 2.01813 0.807009 0.743652 1.18951 1.1626 0.709532 0.988737 1.64067 0.685782 1.35512 0.754016 0.637386 0.575101 0.685682 1.05967 0.577361 0.819504 0.53868 1.49736 0.531887 0.519086 1.45969 0.513955 0.706736
threshold=2144.7083333333335 -0.049999999999998039 3296.1875000000005 20.175000000000001 0.12500000000000003 26.621875000000006 64.9900874371029 1007.1458333333334 87153.500000000015 1307.8541666666667 3.5000000000000004 33000.500000000007 56.575585728957854 48750.000000000007 13.726523167162513 1473.5000000000002 23.275000000000002 819.50000000000011 -11.074999999999998 76.513966104166684 1.0000000180025095e-35 1387.5000000000002 3.7350177591318015 27850.500000000004 26839.500000000004 -5.5249999999999995 6.5000000000000009 959.33333333333337 1969.5000000000002 0.22500000000000123 1951.7500000000002 16688.361582596968 -2.0499999999999998 68.619795000000011 22442.000000000004 2218.1666666666674 842.50000000000011 652.50000000000011 60.502727641688359 25727.500000000004 71.606370000000013 20.500000000000004 -0.9250000000000006 1243.291666666667 880.50000000000011 -1.0000000180025095e-35 10413.000000000002 3.4143702476098912 2599.0208333333339 24.375000000000004 6773.854166666667 5446.4088564602798 1220.5000000000002 34151.000000000007 54.221047545218717 95.121055000000013 15.975000000000001 27141.500000000004 2796.4375000000005 2646.729166666667 198.50000000000003 29.500000000000004
decision_type=2 2 2 2 2 2 2 2 2 2 2 2 2 2 2 2 2 2 2 2 2 2 2 2 2 2 2 2 2 2 2 2 2 2 2 2 2 2 2 2 2 2 2 2 2 2 2 2 2 2 2 2 2 2 2 2 2 2 2 2 2 2
left_child=3 20 35 17 26 10 -7 19 -9 39 11 12 23 14 16 -16 -14 18 25 -4 -2 22 -22 -6 -20 -1 -5 33 36 -30 32 49 -28 -15 -17 -3 -26 38 -38 -10 41 42 -23 -19 45 -45 48 -48 -12 -32 51 52 -46 54 -54 60 -57 58 59 -34 61 -39
right_child=1 2 7 4 5 6 -8 8 9 -11 46 -13 13 27 15 34 -18 43 24 -21 21 40 -24 -25 28 -27 30 -29 29 -31 31 -33 57 -35 -36 -37 37 55 -40 -41 -42 -43 -44 44 50 -47 47 -49 -50 -51 -52 -53 53 -55 -56 56 -58 -59 -60 -61 -62 -63
leaf_value=4.6337491517974412 3.6732470863723363 0.53667455091938032 7.0274303414003985 -9.454346704517528 1.1757643336984329 7.1827224740034294 0.010530367926594817 2.5792848636110772 7.3825716740623397 15.743523204241201 4.663951683565668 6.6609988507092348 5.4744295318317908 -0.55626784484602676 3.9975221110297223 -1.1476962222528131 8.5299480869680249 -13.992073247933471 1.4787152784540398 -0.76311272808939568 -0.67866092998117544 1.7500629422911822 5.1354599968212389 -1.5896184664328168 -9.2446950367479843 -0.028546497857511018 1.8230861460166055 -0.9926699087630082 -1.5062045068736043 4.1927282815365965 -0.69745531943423444 5.2281305934654618 -2.1146459854352586 8.344784922993135 0.58769037595591245 -0.64114606531117802 -3.2347652449210984 -1.1056992418037537 1.819694397156981 10.041894873433824 -1.4381324493112466 -0.23173350201409451 0.079625541847932677 -5.0974212353622086 1.7879261704525291 1.280586085269255 1.3918130765967454 -1.0497457581642937 -0.87839554394854302 5.4816854044380756 0.369318050837734 -3.9768327097133871 -2.1176481131060667 -2.9460755704482899 0.77828070177099629 3.150648121431959 -3.6604359353027385 0.06315534729818173 -2.6783629456273768 1.4236716614780549 -2.783539667818145 0.21261995352916119
leaf_weight=27 33 22 38 510 27 34 34 21 52 38 21 20 20 25 36 33 21 2186 23 21 29 21 23 132 344 20 20 97 37 20 41 20 76 20 25 44 37 55 26 20 181 35 33 23 27 20 26 41 291 20 20 604 35 176 26 23 42 27 374 20 546 62
leaf_count=27 33 22 38 510 27 34 34 21 52 38 21 20 20 25 36 33 21 2186 23 21 29 21 23 132 344 20 20 97 37 20 41 20 76 20 25 44 37 55 26 20 181 35 33 23 27 20 26 41 291 20 20 604 35 176 26 23 42 27 374 20 546 62
internal_value=-0.00096842 0.00499754 0.0105779 -0.00153941 -0.000208842 0.00168088 0.00885462 0.0143451 0.0171167 0.0195913 0.00109208 0.00271651 0.00208438 0.0038109 0.00830496 0.00494155 0.0159124 -0.00214976 -0.00102448 0.00812183 0.000963108 0.000158335 0.00558541 -0.000905092 -0.00129372 0.00585987 -0.00175165 -0.00044335 -0.00143696 0.00273205 -0.000787494 0.00251541 -0.00131116 0.00359202 0.000567986 -0.00022693 -0.00164919 -0.00109974 0.00313788 0.0235922 -0.000877454 0.0013468 0.00415896 -0.00260434 -0.00190098 0.0025058 -0.000854656 0.00187779 -0.00145146 -7.14085e-10 -0.00211801 -0.00223592 -0.000942825 -0.00159426 0.000883796 -0.00147095 0.00110599 -0.00160531 -0.00184429 9.36517e-05 -0.00172825 5.12375e-05
internal_weight=7001 611 256 6390 2011 903 68 190 131 110 835 456 436 277 135 94 41 4379 1262 59 355 322 52 159 1215 47 1108 142 1192 57 598 81 517 45 58 66 1135 791 63 72 270 89 54 3117 931 43 379 67 312 61 888 868 264 237 61 728 65 497 470 96 663 117
internal_count=7001 611 256 6390 2011 903 68 190 131 110 835 456 436 277 135 94 41 4379 1262 59 355 322 52 159 1215 47 1108 142 1192 57 598 81 517 45 58 66 1135 791 63 72 270 89 54 3117 931 43 379 67 312 61 888 868 264 237 61 728 65 497 470 96 663 117
is_linear=0
shrinkage=0.03


Tree=39
num_leaves=63
num_cat=0
split_feature=54 16 58 16 1 7 66 7 50 63 35 40 18 46 48 34 39 40 64 59 1 2 15 59 58 59 48 66 54 0 68 22 0 21 57 65 65 54 30 55 7 33 25 46 1 64 59 15 50 43 1 16 66 1 13 65 64 65 39 7 41 67
split_gain=23.7057 16.7305 9.13714 6.00274 7.18236 5.35294 5.30983 7.90813 6.78444 4.61247 3.38359 5.56174 4.92062 4.0278 4.64646 3.33296 2.7686 4.33362 2.68571 1.91297 2.04573 2.59119 1.83544 4.07129 1.75669 1.71178 1.60167 1.28154 1.26213 1.39924 1.30521 1.65167 1.17187 1.09397 1.21499 1.32211 1.09285 0.914667 0.834178 0.833618 0.822856 1.705 0.746516 1.26191 4.67337 0.748678 0.716861 1.07203 1.94951 0.700798 0.637173 0.633723 0.616045 0.572924 0.501264 0.496287 0.480636 0.448107 0.655919 0.384925 0.378799 0.561964
threshold=2144.7083333333335 156.00000000000003 3401.541666666667 1230.5000000000002 17.875000000000004 29.500000000000004 1745.0208333333335 14.500000000000002 859.58333333333337 2840.5000000000005 13001.500000000002 51123.500000000007 29.825000000000006 33031.479166666679 1210.0000000000002 0.32242519730800018 40083.000000000007 38614.500000000007 1473.0000000000002 956.50000000000011 -9.0249999999999986 63.498436000000005 10660.3282228603 994.50000000000011 3561.8750000000005 776.50000000000011 221.50000000000003 7044.5833333333339 1915.3333333333335 100689.00000000001 85215.000000000015 -0.39999999999999897 142185.50000000003 3.0741894283190896 11.500000000000002 774.50000000000011 560.00000000000011 1885.6250000000002 47.170321691687768 23.500000000000004 26.500000000000004 2.139655502456598 90.653508000000002 32661.000000000004 3.4750000000000005 1078.5000000000002 937.50000000000011 4704.8619203012522 289.27083333333343 31624.500000000004 24.825000000000006 1098.5000000000002 2291.6250000000005 24.375000000000004 126499.50000000001 454.50000000000006 2296.0000000000005 9018.0000000000018 40765.500000000007 26.500000000000004 37532.500000000007 82608.500000000015
decision_type=2 2 2 2 2 2 2 2 2 2 2 2 2 2 2 2 2 2 2 2 2 2 2 2 2 2 2 2 2 2 2 2 2 2 2 2 2 2 2 2 2 2 2 2 2 2 2 2 2 2 2 2 2 2 2 2 2 2 2 2 2 2
left_child=3 33 36 19 46 10 7 8 -4 53 27 12 13 14 16 -7 50 -18 25 20 21 -1 23 -19 -24 -10 -26 37 38 30 31 -30 57 -2 -35 -36 -3 59 -22 -23 56 -42 51 44 -44 -46 47 48 -5 -28 -12 60 -51 -8 -37 -49 -13 -21 -59 -6 61 -40
right_child=1 2 6 4 5 15 9 -9 18 -11 11 40 -14 -15 -16 -17 17 22 -20 32 28 39 24 -25 26 -27 49 -29 29 -31 -32 -33 -34 34 35 54 -38 -39 42 -41 41 -43 43 -45 45 -47 -48 55 -50 52 -52 -53 -54 -55 -56 -57 -58 58 -60 -61 -62 -63
leaf_value=5.1891225690401601 -1.3945622078930919 0.99464208810627019 6.1735080663810891 -2.8288995831982593 -3.8604807260769625 5.5991617787093109 6.0303370512417382 -0.46420707809299128 7.01893023832283 4.9151057330350314 -2.384713796526456 -1.4916830138976298 7.2163978986486228 7.4031885380857023 9.7078160263443039 0.23772517375889968 5.3283013835506186 6.5257102748544549 9.5553814015710472 -8.0411880989432198 0.99782120369632565 -5.5675872296759898 -0.62720674732872062 -0.12452132672429389 3.0177220413674912 6.8152246612485134 0.15946212724045114 0.67714415099053715 -1.2343407915227922 1.6767670131627841 -0.7049841901441829 2.7309396554337591 0.4280212931914858 2.1829247910709801 1.3923966904166658 -0.83905446428482044 -0.7426193394742272 2.7803998624943262 -3.698606324456605 1.0426410295140618 -1.5473834027188242 3.9791323548313238 3.5430679330235177 -9.7434699036002197 0.65839199267532367 -0.71894006836450974 -7.7084693697689994 1.4725729138036909 1.3430221614907809 -1.5491295399981417 1.36354570913752 0.44990532616109286 0.664442814279949 15.499136457294618 0.71809306345879853 -2.3259971732509785 0.26069636149043746 1.3008435039871775 -18.148636806811815 0.58389071343655852 -7.0389348662323954 -0.030831994345844157
leaf_weight=25 137 34 31 20 261 22 20 43 31 26 95 194 21 22 24 20 34 25 20 2785 21 39 95 27 28 24 28 20 22 21 74 20 27 26 20 95 45 39 179 31 25 20 20 104 20 95 665 20 20 44 29 20 21 33 26 221 25 20 26 20 597 159
leaf_count=25 137 34 31 20 261 22 20 43 31 26 95 194 21 22 24 20 34 25 20 2785 21 39 95 27 28 24 28 20 22 21 74 20 27 26 20 95 45 39 179 31 25 20 20 104 20 95 665 20 20 44 29 20 21 33 26 221 25 20 26 20 597 159
internal_value=-0.000989845 0.0046539 0.00959297 -0.00153002 -0.000207185 0.00139584 0.0126392 0.00925553 0.0136569 0.0189633 0.000989882 0.00210804 0.00399108 0.00334887 0.00272606 0.0119002 0.00199249 0.00354518 0.0185353 -0.00216999 -0.00127704 0.0029653 0.00224916 0.00731286 0.00101342 0.0219964 0.00341866 -0.00149074 -0.00157755 0.00113785 -0.0001292 0.00406176 -0.00262097 -0.000325552 0.00129264 0.000170091 0.000758533 -0.00195876 -0.00188627 0 -0.0013972 0.00226164 -0.0019923 -0.000476789 0.00142117 -0.000886187 -0.00214037 -0.000853789 0.00366583 0.00148228 -0.00176471 -0.00236834 -0.000184333 0.0240678 -0.000990917 -0.00161759 -0.0021634 -0.00268094 0.000195227 -0.00256137 -0.00248316 -0.00165927
internal_weight=7001 611 307 6390 2085 1139 228 149 106 79 1097 757 493 472 450 42 426 302 75 4305 1447 95 268 52 216 55 121 340 1352 137 116 42 2858 304 167 141 79 320 1215 70 264 45 1194 239 135 115 946 281 40 93 124 955 65 53 121 241 219 2831 46 281 935 338
internal_count=7001 611 307 6390 2085 1139 228 149 106 79 1097 757 493 472 450 42 426 302 75 4305 1447 95 268 52 216 55 121 340 1352 137 116 42 2858 304 167 141 79 320 1215 70 264 45 1194 239 135 115 946 281 40 93 124 955 65 53 121 241 219 2831 46 281 935 338
is_linear=0
shrinkage=0.03


Tree=40
num_leaves=63
num_cat=0
split_feature=54 22 58 7 54 45 4 66 32 7 66 12 54 0 66 44 21 65 27 5 58 36 51 56 36 4 48 50 3 15 62 22 65 23 42 23 5 54 52 42 33 67 57 45 36 7 3 27 45 26 24 56 1 4 2 53 29 62 15 47 51 59
split_gain=22.1946 14.9493 11.603 6.66499 6.46634 5.60346 4.71038 4.02097 3.83342 5.64539 6.27568 5.96419 6.21967 4.16505 3.04725 2.4697 4.68909 2.24951 1.90684 1.85445 2.20577 3.64806 1.79961 3.53186 2.63133 2.1681 1.91944 2.40667 2.55344 1.75887 1.75162 2.52139 1.72395 1.65449 1.3021 1.20139 0.991617 0.933395 0.879808 1.27965 1.39305 1.89491 2.042 0.941588 1.60269 0.882119 0.856815 0.829704 0.824041 0.751743 0.738017 0.784776 0.624388 0.586128 0.431513 0.422083 0.736099 0.405426 0.368026 0.732161 0.35714 0.33638
threshold=2133.166666666667 -0.099999999999998743 3350.3750000000005 24.500000000000004 1604.2708333333335 32271.000000000004 8.5000000000000018 2012.2916666666667 56.189896547168281 29.500000000000004 3141.5833333333335 123603.00000000001 1885.6250000000002 94845.000000000015 1122.5000000000002 31013.500000000004 2.3833052700510624 400.50000000000006 14.380347308027648 5.5000000000000009 4196.1458333333348 17217.500000000004 1033.5000000000002 10979.500000000002 10502.000000000002 8.5000000000000018 184.50000000000003 401.89583333333337 59.124468088187271 18625.288607118473 998.52083333333337 0.19999999999999954 7836.5000000000009 84.449390000000008 55110.333333333343 89.945775000000012 1.0000000180025095e-35 1788.4375000000002 1220.5000000000002 44035.416666666679 2.5980063071136157 107616.50000000001 2220.5000000000005 27621.500000000004 12126.500000000002 28.500000000000004 66.793973993220405 14.209543619075347 30506.000000000004 79.013964833333347 95.607850000000013 7721.5000000000009 -12.974999999999998 1.5000000000000002 74.985777500000012 624.50000000000011 63.46394751495923 2545.6250000000005 11673.20289029479 249.50000000000003 2326.5000000000005 449.00000000000006
decision_type=2 2 2 2 2 2 2 2 2 2 2 2 2 2 2 2 2 2 2 2 2 2 2 2 2 2 2 2 2 2 2 2 2 2 2 2 2 2 2 2 2 2 2 2 2 2 2 2 2 2 2 2 2 2 2 2 2 2 2 2 2 2
left_child=4 29 35 5 22 7 32 -4 49 10 15 12 -12 -14 18 16 33 -18 -7 20 46 -22 34 25 -25 55 27 54 -29 36 31 -28 -6 -10 52 -3 -2 -19 39 43 41 42 -41 44 -32 57 60 -16 -39 -8 51 53 -1 -38 -27 56 -24 -40 -54 -60 -17 -45
right_child=1 2 3 -5 6 14 8 -9 9 -11 11 -13 13 -15 47 19 17 37 -20 -21 21 -23 23 24 -26 26 30 28 -30 -31 38 -33 -34 -35 -36 -37 50 48 45 40 -42 -43 -44 61 -46 -47 -48 -49 -50 -51 -52 -53 58 -55 -56 -57 -58 -59 59 -61 -62 -63
leaf_value=0.88299030736442885 2.6445934886766329 -0.54233683686548984 -0.53030979823081215 1.2041007665842682 -5.0542648540134696 8.7864942842171025 -2.4651428041391479 6.7443044718406542 10.025239480246901 7.2182374892875627 0.32752553076101198 -0.91177999400099718 3.1399660337742548 7.9828154151665052 8.4945586089648959 -1.5196694464024045 5.2373344716874248 0.31550949714959581 5.6844189138210748 3.7803232707934455 3.1218689193852978 -0.3665581123690399 -13.044072830958488 -0.49917774846806434 3.5637262571861075 -2.0024935848943182 -0.38650566150838594 6.2208863731854489 0.12478040626327995 2.6511880259459368 1.0439697089800877 3.9082002895957326 1.3280617821097234 4.5290829464617524 0.74552290366042406 0.60431933814836492 0.39060514779670996 -0.76955209284990522 -3.7133591954770355 0.61892282672088073 -2.7052817610945623 -0.33228380695742482 4.6879226529268294 0.30447137315112227 -1.9171654926989432 0.090680759988145204 0.11694340338439944 14.537338201614993 0.20702326186725978 0.35677856773836431 5.6916587832142094 4.6260069514406501 -12.774065383499229 -0.94098918783418328 0.20968929297940495 -10.838442650101683 0.81670127299345519 0.68066870580358141 -5.5220988179977244 0.25288869008682413 0.03235116754435665 -5.8823098425692457
leaf_weight=23 30 52 24 32 601 28 202 26 21 38 28 40 21 31 30 317 27 26 20 22 35 45 34 20 26 45 27 20 21 24 37 22 23 20 25 26 39 118 609 28 54 34 24 22 38 31 23 42 20 27 32 20 2280 213 34 856 20 30 62 21 21 214
leaf_count=23 30 52 24 32 601 28 202 26 21 38 28 40 21 31 30 317 27 26 20 22 35 45 34 20 26 45 27 20 21 24 37 22 23 20 25 26 39 118 609 28 54 34 24 22 38 31 23 42 20 27 32 20 2280 213 34 856 20 30 62 21 21 214
internal_value=-0.0010027 0.00433004 0.0095216 0.0133152 -0.00153793 0.015679 4.04424e-05 0.00712575 0.00123926 0.00216622 0.00163415 0.00796836 0.0126966 0.0188292 0.019209 0.000535174 0.00306333 0.0010675 0.0131601 -0.000725546 -0.0011562 0.00333333 -0.00211677 -0.00150261 0.00670282 -0.00167583 -0.000881328 0.00272273 0.00861314 0.000259703 -0.00125374 0.00427699 -0.00203333 0.0122628 -0.00268757 -0.000268887 -0.000296319 -0.000237661 -0.00149853 -0.000465529 0.00190578 0.00428571 0.00788867 -0.00154291 0.00135819 -0.00218923 -0.00216007 0.0231761 -0.00123823 -0.00219991 -0.00081881 -0.00133407 -0.00275973 -0.00179691 -0.000303414 -0.00279859 -0.000166359 -0.00243155 -0.00280818 -0.000794225 -0.00254658 -0.00247776
internal_weight=7001 638 280 202 6363 170 1706 50 1082 853 815 120 80 52 120 695 232 191 48 463 441 80 4657 2246 46 2200 1290 120 41 358 1170 49 624 41 2411 78 334 164 1121 451 140 86 52 311 75 670 361 72 138 229 304 272 2386 252 79 910 54 639 2363 83 338 236
internal_count=7001 638 280 202 6363 170 1706 50 1082 853 815 120 80 52 120 695 232 191 48 463 441 80 4657 2246 46 2200 1290 120 41 358 1170 49 624 41 2411 78 334 164 1121 451 140 86 52 311 75 670 361 72 138 229 304 272 2386 252 79 910 54 639 2363 83 338 236
is_linear=0
shrinkage=0.03


Tree=41
num_leaves=63
num_cat=0
split_feature=20 30 16 51 62 59 19 53 32 51 4 21 30 59 30 16 30 4 51 3 16 58 43 49 3 62 37 37 52 38 26 22 21 5 68 62 21 55 33 33 3 38 36 45 66 53 58 1 66 45 22 16 44 62 56 51 25 17 13 1 45 56
split_gain=16.8953 11.5813 9.9666 12.9367 6.19094 7.0455 4.3009 4.0537 3.49475 3.26422 4.34101 2.96992 2.53772 2.4525 2.15676 1.89999 1.86539 1.81901 4.73617 1.64368 1.59758 1.51486 2.34843 1.46739 2.77857 1.86233 1.4855 3.4084 1.41843 2.60828 1.39812 1.34343 1.23907 1.0501 1.10352 0.944909 0.92179 0.722157 1.40592 1.62468 0.644043 0.621324 1.15866 1.56468 0.944359 1.77966 0.696517 0.642465 0.613076 0.676808 0.550976 0.544444 0.533347 0.493521 0.45524 0.440423 0.753437 0.485125 2.65845 0.395332 0.379773 0.737423
threshold=26.861458333333335 64.224159273741734 2605.5000000000005 1511.5000000000002 2088.2083333333339 765.50000000000011 29.475000000000005 1277.5000000000002 65.842769852174129 1108.5000000000002 7.5000000000000009 4.6621154869671697 47.570886649388633 666.50000000000011 64.083887953455005 4153.0000000000009 64.499953981133686 21.500000000000004 2571.5000000000005 67.086867996869799 3761.0000000000005 4039.0625000000005 33000.500000000007 224.50000000000003 64.083887953455005 1471.5833333333337 11711.500000000002 15075.500000000002 999.50000000000011 13698.666666666668 80.099321645833342 -0.149999999999999 4.535651266121639 3.5000000000000004 111998.00000000001 2747.4583333333335 2.5338246144724512 9639.5000000000018 2.9751630901882047 3.4911149986167778 66.260735804484895 12490.875000000002 15855.500000000002 32332.500000000004 2039.9583333333337 1863.5000000000002 2078.1875000000005 16.225000000000005 1299.5208333333337 32556.500000000004 1.9250000000000009 1306.0000000000002 32610.500000000004 1988.3958333333337 9212.5000000000018 2744.5000000000005 72.342355000000012 4.9250000000000016 88875.500000000015 -12.974999999999998 27661.500000000004 7903.5000000000009
decision_type=2 2 2 2 2 2 2 2 2 2 2 2 2 2 2 2 2 2 2 2 2 2 2 2 2 2 2 2 2 2 2 2 2 2 2 2 2 2 2 2 2 2 2 2 2 2 2 2 2 2 2 2 2 2 2 2 2 2 2 2 2 2
left_child=2 7 9 21 11 16 14 -2 -9 19 55 30 36 -3 15 33 -6 18 23 59 -8 48 28 24 25 26 32 -28 29 -23 50 -26 -14 34 -7 54 -12 41 -39 -40 -19 -25 43 44 45 47 -46 -43 49 -4 -5 -44 53 -53 -27 57 -57 58 -11 -1 61 -61
right_child=1 13 3 4 5 6 20 8 -10 10 12 -13 17 -15 -16 -17 -18 40 -20 -21 -22 22 -24 37 31 35 27 -29 -30 -31 -32 -33 -34 -35 -36 -37 -38 38 39 -41 -42 42 51 -45 46 -47 -48 -49 -50 -51 -52 52 -54 -55 -56 56 -58 -59 -60 60 -62 -63
leaf_value=1.1035184268521547 1.2780442676321406 4.3020823710118705 -0.85469967446687656 -0.18515069130209488 6.4779608976291545 0.019883929131938979 8.9107042565851753 9.8317284783320229 12.398475397267244 1.4321592900524827 1.299626364713222 3.377497491234621 -1.0723409293829733 -0.35721296020965093 -0.65928832863034104 7.2363262964720967 6.2871840080674728 -4.1832314989324786 7.2370323528537845 0.78684566658511046 7.6771858162230693 -9.0250356495553685 4.9910728374054578 -2.0775835321612641 6.4883521532962201 -4.1654026112560674 4.6950927255873713 -0.18990037409155891 -2.8183013802261572 2.4632712463452786 5.5897012669966601 2.2263338078293669 2.6122099240895724 -0.90091749052910863 4.0736883506022448 1.43368410381981 0.087960339166332474 -0.81866992546807771 3.4790601777021242 -0.53015488959364676 0.17018109576864174 0.4917296487094206 -1.9367015225950301 2.6962300792173375 0.37226251702206054 3.3837571229723302 -1.1804651999057221 -1.4457240360952859 -4.6877417109412098 0.77925194507179618 0.7350164885261411 -2.4581426822354917 4.2429140667225429 1.5766528884336986 0.26090662466039394 1.1769640720705203 -2.1714689210045952 -6.4756906636425633 -6.9387757601417013 -6.5496495514969633 -12.509939456607455 1.1267755841616243
leaf_weight=20 23 27 89 164 26 24 22 45 20 35 20 31 56 87 37 36 20 333 37 20 24 32 23 193 21 217 36 40 120 35 37 20 34 22 20 30 21 40 20 21 20 23 244 24 34 32 107 39 415 32 21 54 20 40 22 25 49 1185 158 85 2173 21
leaf_count=20 23 27 89 164 26 24 22 45 20 35 20 31 56 87 37 36 20 333 37 20 24 32 23 193 21 217 36 40 120 35 37 20 34 22 20 30 21 40 20 21 20 23 244 24 34 32 107 39 415 32 21 54 20 40 22 25 49 1185 158 85 2173 21
internal_value=-0.00101984 0.00752598 -0.00127429 0.0011682 0.00498864 0.00854176 0.00589951 0.0156981 0.0195392 -0.0018143 -0.00119904 0.00173054 -0.000211891 0.00118317 0.00323508 0.00549461 0.0190672 -0.000385864 9.61463e-05 -0.00267518 0.0138612 -0.0013068 0.000842455 -0.000188721 0.00115312 0.000441277 0.00294401 0.00603154 -0.000256548 0.00321908 0.000499774 0.00861314 0.000299666 0.00240545 0.00510204 -0.00109253 0.00715328 -0.00090899 0.00177558 0.00569343 -0.00231096 -0.00118134 -0.000709772 0.000810497 5.10414e-05 0.00239107 -0.00148831 -0.000531402 -0.00215445 -0.00024773 -0.000551054 -0.00181793 -7.88789e-05 -0.00105207 -0.00173149 -0.00241926 -0.000121458 -0.00254045 -0.00111859 -0.00275064 -0.00278794 -0.000989633
internal_weight=7001 202 6799 1230 484 231 185 88 65 5569 3250 253 1798 114 139 102 46 1757 1404 2319 46 746 210 1367 476 435 166 76 187 67 222 41 90 66 44 269 41 891 81 41 353 810 617 259 235 94 141 62 536 121 185 358 114 94 239 1452 74 1378 193 2299 2279 106
internal_count=7001 202 6799 1230 484 231 185 88 65 5569 3250 253 1798 114 139 102 46 1757 1404 2319 46 746 210 1367 476 435 166 76 187 67 222 41 90 66 44 269 41 891 81 41 353 810 617 259 235 94 141 62 536 121 185 358 114 94 239 1452 74 1378 193 2299 2279 106
is_linear=0
shrinkage=0.03


Tree=42
num_leaves=63
num_cat=0
split_feature=54 16 58 54 66 62 16 58 63 16 20 54 14 21 21 62 61 30 15 62 55 20 58 64 28 32 32 21 58 57 58 16 38 63 19 30 17 56 42 54 52 16 42 70 35 50 17 5 34 42 53 10 21 31 53 18 28 21 34 52 14 29
split_gain=23.1723 16.0784 8.73549 6.091 5.11561 6.29023 4.84328 4.68049 4.33972 3.86795 4.22484 4.59841 3.30859 2.31236 2.05635 4.16632 2.22594 2.42508 1.86388 1.73646 1.7874 1.88366 3.13547 3.26357 1.59391 1.46855 3.13635 4.35156 3.4937 1.56634 1.22072 1.18137 1.16685 0.918044 1.9139 0.836284 1.90588 0.801279 0.794808 0.777749 1.45718 1.88084 1.60361 1.43382 1.73332 1.4725 1.53566 0.932441 1.02374 1.58854 0.775572 0.842005 0.743481 1.03654 1.10819 0.657724 0.59616 0.906843 0.580779 0.54563 0.431292 1.22182
threshold=2144.7083333333335 156.00000000000003 3401.541666666667 1604.2708333333335 1745.0208333333335 2353.3541666666674 4033.0000000000005 4107.9791666666679 2527.5000000000005 -1845.4999999999998 26.456250000000001 1885.6250000000002 114349.70833333336 3.4077570220252293 2.3833052700510624 1692.8958333333337 1616.0000000000002 60.849426768978482 16614.824960320864 898.41666666666674 7957.0000000000009 17.022916666666671 3038.3750000000005 6219.0000000000009 -8.6062199999999986 56.189896547168281 57.779993076724246 4.0733080565196014 2936.7291666666674 10400.500000000002 4196.1458333333348 3705.0000000000005 15484.208333333334 1363.0000000000002 12.725000000000001 63.960171929411011 22.475000000000005 11194.000000000002 62692.250000000007 1030.8958333333335 1220.5000000000002 -57.499999999999993 55336.979166666679 97859.937500000015 20125.500000000004 365.52083333333343 17.775000000000002 1.0000000180025095e-35 0.71294829173290719 39826.458333333336 1091.5000000000002 1.0000000180025095e-35 3.5455824447153534 59.460342664267003 1296.5000000000002 25.475000000000005 2.0470550000000078 3.6481767740260271 -0.3944612905803026 1519.5000000000002 117818.18750000001 66.793973993220405
decision_type=2 2 2 2 2 2 2 2 2 2 2 2 2 2 2 2 2 2 2 2 2 2 2 2 2 2 2 2 2 2 2 2 2 2 2 2 2 2 2 2 2 2 2 2 2 2 2 2 2 2 2 2 2 2 2 2 2 2 2 2 2 2
left_child=3 35 32 19 5 6 13 8 -6 60 14 18 -7 -4 15 16 17 -11 -12 -1 39 33 -23 24 -24 50 27 30 -29 52 -27 -31 -3 34 -22 36 58 -26 -37 -21 41 42 -41 47 45 -45 -47 48 49 -43 51 -16 -28 54 -54 -17 -49 -58 -2 -55 -5 -62
right_child=1 2 4 9 7 12 -8 -9 -10 10 11 -13 -14 -15 25 55 -18 -19 -20 20 21 22 23 -25 37 26 29 28 -30 31 -32 -33 -34 -35 -36 38 -38 -39 -40 40 -42 43 -44 44 -46 46 -48 56 -50 -51 -52 -53 53 59 -56 -57 57 -59 -60 -61 61 -63
leaf_value=0.52908879178592549 -1.4292646691323065 1.8981680169273398 5.3851564037663282 -5.7036099882156872 8.2827094883621051 8.8358623417777569 6.3529660170122781 14.134920375937044 1.3847689817158675 8.6735794550455765 3.6523675359569383 6.5172209461433539 -0.69494709623557305 3.8589535365643379 0.35752006458688751 -1.6812567378317416 3.2436345809963862 1.2135432663021721 -0.31513608656821063 -13.78053398411509 4.0420022936639004 4.5576392240705923 1.4038518429317355 1.572959698625539 -1.1505687158061595 -1.6766121916787602 -0.96228459139376632 0.086678463093963667 6.5833249531636175 -0.056230570371255117 1.5277550775636406 6.5432567707462734 -0.46690528601021003 -10.185105707314543 -7.7510300206920926 -1.0382723979525119 2.1354473635469242 0.38943076495468193 1.6521081736682843 -5.762202424112072 -6.1549354394996092 1.162891496221456 1.1236639384014244 3.9347015551821349 -0.05655052125534385 -4.5798526266236701 1.8425801189748521 -5.0531820342141414 -0.85091009414897867 -0.1947687009146663 -2.5356995937117159 -1.884483867175113 -0.028341390414061335 1.3134841419464167 0.88245913800783404 3.2817798807125595 -2.5612854373969651 0.54489787355122399 0.2531961557239697 -0.42033369080977595 1.1458719345492068 -3.1293363950825772
leaf_weight=36 46 21 23 436 22 24 32 35 22 28 21 33 49 21 26 56 26 20 47 1886 20 22 21 36 212 71 291 25 37 20 22 20 58 349 33 178 33 31 21 456 1099 22 20 22 52 43 37 167 25 25 201 49 50 20 36 25 23 20 26 85 32 56
leaf_count=36 46 21 23 436 22 24 32 35 22 28 21 33 49 21 26 56 26 20 47 1886 20 22 21 36 212 71 291 25 37 20 22 20 58 349 33 178 33 31 21 456 1099 22 20 22 52 43 37 167 25 25 201 49 50 20 36 25 23 20 26 85 32 56
internal_value=-0.00102413 0.00455572 0.00939759 -0.00155819 0.0123762 0.00905433 0.0150986 0.0185841 0.0119048 -3.80828e-05 0.000893226 0.00676558 0.00270862 0.0085034 0.00035466 0.00355899 0.00870445 0.0125364 0.0022467 -0.00212321 -0.00217481 -0.000799614 0.000903445 8.99693e-05 -0.00105642 -0.000163677 0.000584846 0.00433269 0.0104831 -0.000522889 0.00019334 0.00516209 0.000758533 -0.0021711 0.00146893 -0.000325552 0.00182683 -0.00175237 -0.00147665 -0.0024295 -0.00201382 -0.00112159 -0.00242596 0.000295803 0.00262816 0.00490695 0.0029588 -0.000967743 0.00195562 0.00458599 -0.00201014 0.000559254 -0.00100187 0.00043956 0.00289199 -0.00110974 -0.00198477 0.00111369 -0.000873787 -0.00154139 -0.00219233 -0.000238366
internal_weight=7001 611 307 6390 228 149 76 79 44 1733 1209 101 73 44 1108 155 74 48 68 4657 4621 724 322 300 264 953 677 155 62 522 93 40 79 402 53 304 105 243 199 3897 2011 912 476 436 154 102 80 282 72 47 276 75 482 191 86 81 210 43 72 105 524 88
internal_count=7001 611 307 6390 228 149 76 79 44 1733 1209 101 73 44 1108 155 74 48 68 4657 4621 724 322 300 264 953 677 155 62 522 93 40 79 402 53 304 105 243 199 3897 2011 912 476 436 154 102 80 282 72 47 276 75 482 191 86 81 210 43 72 105 524 88
is_linear=0
shrinkage=0.03


Tree=43
num_leaves=63
num_cat=0
split_feature=54 22 58 7 51 9 20 45 54 33 36 51 53 58 64 52 2 57 35 62 30 33 56 53 1 64 30 3 21 63 23 61 51 40 33 24 49 1 61 47 1 67 1 7 47 69 10 0 40 18 1 42 21 64 22 32 62 27 44 46 34 47
split_gain=22.3018 13.1542 11.1983 6.18047 5.58799 6.81617 5.76058 5.27054 5.10375 3.93204 3.88553 3.78706 3.94734 3.51513 2.56604 2.24777 1.89321 1.81048 2.03892 3.49635 3.31338 2.36962 1.65917 1.61772 2.09168 1.45311 1.26386 2.57618 1.18137 1.0407 1.01841 1.44312 0.99935 2.51364 0.989756 0.951387 0.932409 0.909509 0.859577 0.845432 0.83755 1.1355 0.772213 0.861531 0.844691 1.26158 1.22807 0.693079 0.600675 1.55556 0.697701 2.78871 0.578933 0.452523 0.482012 0.564684 0.959762 0.569253 0.489178 0.415357 0.398908 0.379391
threshold=2133.166666666667 -0.099999999999998743 3296.1875000000005 24.500000000000004 1188.5000000000002 1.0000000180025095e-35 26.456250000000001 32393.500000000004 1885.6250000000002 1.9874782706489673 25132.000000000004 1969.5000000000002 1732.5000000000002 3876.0416666666674 752.50000000000011 1270.5000000000002 65.275535000000005 1610.5000000000002 13042.000000000002 1565.8750000000002 52.306505644083508 2.3112733254514941 4610.0000000000009 1418.5000000000002 19.125000000000004 1058.0000000000002 63.960171929411011 63.704059565231027 3.9275060075339638 732.50000000000011 76.822585000000018 717.50000000000011 2059.5000000000005 50152.500000000007 3.9438581465357445 43.927870000000006 222.50000000000003 12.125000000000002 157.50000000000003 206.50000000000003 -9.0249999999999986 118767.00000000001 19.875000000000004 16.500000000000004 222.50000000000003 87478.500000000015 0.74305326206722599 134995.00000000003 48909.000000000007 24.875000000000004 4.3250000000000002 35254.520833333336 3.425451873116836 1455.5000000000002 -0.29999999999999799 58.925835398137387 1372.9583333333337 14.083913138241112 32753.500000000004 32998.375000000007 -0.28779651604781259 3883.5000000000005
decision_type=2 2 2 2 2 2 2 2 2 2 2 2 2 2 2 2 2 2 2 2 2 2 2 2 2 2 2 2 2 2 2 2 2 2 2 2 2 2 2 2 2 2 2 2 2 2 2 2 2 2 2 2 2 2 2 2 2 2 2 2 2 2
left_child=4 23 29 7 38 22 11 13 14 10 -9 15 36 -4 -8 17 28 30 -19 21 -21 -20 61 24 -2 -22 27 34 -14 -3 31 -7 37 -34 -25 -17 -13 -24 -1 -32 41 52 -42 -44 -45 -46 -47 -35 49 50 51 -37 -40 54 -52 -56 57 -57 -58 -27 -16 -6
right_child=1 2 3 -5 5 6 8 9 -10 -11 -12 12 16 -15 60 35 -18 18 19 20 25 -23 32 26 -26 59 -28 -29 -30 -31 39 -33 33 47 -36 48 -38 -39 40 -41 42 -43 43 44 45 46 -48 -49 -50 -51 53 -53 -54 -55 55 56 58 -59 -60 -61 -62 -63
leaf_value=0.59155858328614008 -0.78190336943332994 0.44593915392391531 8.2826551591311706 0.77871865480317892 -6.457166331235249 -1.0623047981532068 5.0464647243223144 4.7919201747159299 6.2239809209168815 12.17833384095324 7.2048381403223027 2.100503940913319 -0.2799432459158972 -0.53487017349670762 -2.259418062784317 1.3662001631914065 6.171349659888226 -1.3910777324834427 4.3961786052887248 5.2627480179223047 1.6748831602492762 1.114167809777467 2.5101420619184154 -0.81752779187697489 4.1391613759730532 -1.7170858019080917 -0.42933529388013919 5.7130412677695137 4.7166522924417924 -0.82322970555203712 0.97589745140195483 1.0872391275595337 6.2747634819508962 -1.5291089326831426 1.6253237829327212 0.85281716099659399 -0.2130150787068518 -1.867504892927291 -2.7714872489418219 -4.861244665585823 -11.790610376056687 1.0255194888125072 -6.222819920198023 -4.3311405720487901 1.517591413588975 -8.0382465428850267 0.53493198274250464 0.5573265393690896 -3.2590542368981801 4.0218425767554553 -1.0804320849873656 -0.87796287432002185 1.4838288935700401 -2.0171696479059764 -0.8683798171564675 2.1844031750054316 -0.80318008433135191 0.47445012624691035 0.71576719308902481 0.9553509547492125 1.0695267210023622 1.7542687892771871
leaf_weight=24 34 23 39 32 1188 50 20 30 37 56 22 20 20 25 32 29 33 62 30 20 20 22 25 72 31 63 181 20 20 53 33 37 32 52 20 22 65 270 64 130 2471 23 269 68 25 52 37 31 198 31 59 61 20 351 76 24 38 21 20 26 22 20
leaf_count=24 34 23 39 32 1188 50 20 30 37 56 22 20 20 25 32 29 33 62 30 20 20 22 25 72 31 63 181 20 20 53 33 37 32 52 20 22 65 270 64 130 2471 23 269 68 25 52 37 31 198 31 59 61 20 351 76 24 38 21 20 26 22 20
internal_value=-0.00101556 0.00433004 0.00920028 0.0128613 -0.00155207 -0.000696959 0.000632941 0.0151133 0.00723672 0.0191767 0.013071 0.000166972 0.00457305 0.00819033 0.00263158 -0.000320428 0.00968536 0.00131413 0.00315919 0.00477084 0.0020914 0.0113436 -0.00208949 0.00051103 0.00479263 0 -0.000429888 0.00206066 0.00516209 -0.000591328 -0.000467814 0.00213548 -0.000431603 0.00192876 -3.2574e-05 -0.0011902 0.00014101 -0.00136225 -0.00247814 -0.00187615 -0.00252352 5.60217e-05 -0.00261901 -0.00146309 0.000115321 0.00170903 0 -0.000794225 -0.001365 -0.000947234 -0.00125428 0.00129964 -0.00153389 -0.00161942 -0.000592189 0.000167503 0.00162949 0.00492239 -0.000877798 -0.00161616 -0.000720888 -0.00264962
internal_weight=7001 638 280 204 6363 3310 1692 172 111 108 52 1581 158 64 74 1423 73 493 243 181 129 52 1618 358 65 109 293 112 40 76 250 87 410 115 92 930 85 295 3053 163 3029 107 2922 451 182 114 89 83 901 703 672 83 84 589 238 179 103 45 58 89 54 1208
internal_count=7001 638 280 204 6363 3310 1692 172 111 108 52 1581 158 64 74 1423 73 493 243 181 129 52 1618 358 65 109 293 112 40 76 250 87 410 115 92 930 85 295 3053 163 3029 107 2922 451 182 114 89 83 901 703 672 83 84 589 238 179 103 45 58 89 54 1208
is_linear=0
shrinkage=0.03


Tree=44
num_leaves=63
num_cat=0
split_feature=54 16 58 45 7 54 16 20 15 33 62 33 30 30 53 54 65 4 38 20 59 62 59 41 42 33 54 45 33 64 44 7 46 21 6 29 54 57 62 1 27 21 65 53 53 60 22 65 38 30 30 38 46 27 1 61 3 61 3 62 16 67
split_gain=20.6752 15.158 8.07533 7.79621 8.5661 5.47162 5.28015 3.8363 4.68819 2.87603 3.66226 2.82904 3.37949 2.09775 2.97946 2.49261 2.35941 2.04864 1.95376 1.90488 1.54008 1.69964 1.50527 1.09553 3.03738 1.01578 2.1563 3.27575 1.44258 2.47814 4.05014 1.18706 0.810879 1.02292 2.17689 1.28496 0.788691 0.783269 1.25675 2.78032 1.46692 0.741806 1.13258 0.898009 0.723295 1.81796 0.680349 0.631621 0.616856 0.622982 0.615816 0.576459 0.589491 1.28346 0.572814 0.478887 0.473359 0.494635 0.404513 0.341418 0.33824 0.332991
threshold=2144.7083333333335 1.0000000180025095e-35 3401.541666666667 32348.000000000004 24.500000000000004 1485.9791666666667 3433.0000000000005 26.456250000000001 16537.364330865232 1.9874782706489673 2325.4375000000005 1.9664555722151065 53.129731663754519 61.886186547413232 1307.5000000000002 1802.8125000000002 1227.5000000000002 5.5000000000000009 15383.958333333334 -11.654166666666665 956.50000000000011 915.87500000000011 1935.5000000000002 52903.000000000007 41778.166666666679 3.0533534500017008 1885.6250000000002 29329.500000000004 3.4711441360947437 1397.5000000000002 28369.000000000004 29.500000000000004 32478.291666666668 2.3833052700510624 8.5000000000000018 64.725987614925216 1893.0000000000002 8571.5000000000018 2564.3333333333335 19.975000000000005 5.4144338198148461 2.8994650617203814 734.00000000000011 1473.5000000000002 575.50000000000011 666.50000000000011 2.4000000000000017 7562.0000000000009 13384.91666666667 54.102848685313454 47.170321691687768 13698.666666666668 32208.958333333339 14.703498060773644 28.575000000000006 5634.5000000000009 66.793973993220405 149.50000000000003 58.763640876907381 2222.7708333333339 4962.0000000000009 141529.00000000003
decision_type=2 2 2 2 2 2 2 2 2 2 2 2 2 2 2 2 2 2 2 2 2 2 2 2 2 2 2 2 2 2 2 2 2 2 2 2 2 2 2 2 2 2 2 2 2 2 2 2 2 2 2 2 2 2 2 2 2 2 2 2 2 2
left_child=5 41 18 11 9 20 17 13 -9 10 -5 -4 -13 14 36 16 -16 47 -3 -19 21 -1 -11 44 -25 31 28 -28 29 -27 -31 32 33 34 35 -21 -8 54 40 -40 -39 -2 -43 -44 45 -23 48 -7 -35 -50 -46 -51 61 -54 -22 -45 57 -52 -17 -30 -59 -53
right_child=1 2 3 4 -6 6 7 8 -10 22 -12 12 -14 -15 15 58 -18 19 -20 25 37 23 -24 24 -26 26 27 -29 59 30 -32 -33 -34 46 -36 -37 -38 38 39 -41 -42 42 43 55 50 -47 -48 -49 49 51 56 52 53 -55 -56 -57 -58 60 -60 -61 -62 -63
leaf_value=0.91402226183043078 -2.2950578512817135 1.8039133113620378 8.9139336792311745 5.991869341938723 -0.4065784385770565 -5.8101444812394059 -0.540466896068731 5.988399853115963 0.82943988631657883 11.820302621428258 6.6644825359384514 2.3642485262652855 -0.91699960404316849 -0.95316925007271536 3.6851688735501313 2.1610166267569713 7.2166037784115389 6.8698767788964767 -0.47558664466069767 -1.9236430070989121 -9.9336401278715254 2.800653820206422 11.10976951490005 -19.205204636940589 3.5501531965981608 -1.6085130134284815 -0.42443280186443155 7.094279886680952 -1.8123894611055407 -3.241673991993367 3.8022266870225923 3.6249641134441215 -1.7145151847816416 -1.1786416699656117 6.1402385646618765 1.0184399496929841 1.3255776490262805 3.7711175647767963 -6.0939984636972477 4.2380329240800663 -7.1212474573758859 1.0804061510716714 1.7448274752138377 -0.17626599140071875 0.74663031462327356 -7.0583930449547339 2.9945913465441629 0.29418608303548077 0.18690246852334966 0.28446076346672627 0.08130292097764745 -1.6135223270906067 -1.3154303735264832 0.56318834683277974 0.52025304182561849 2.1181536370058125 0.25408573363371378 -4.7991317019200883 -0.15217875576539386 0.11371125516221041 0.1305202874977513 0.027928132347856752
leaf_weight=20 117 20 23 33 21 529 63 29 38 44 23 20 46 98 30 20 28 20 61 59 2550 20 20 46 32 34 27 26 114 24 20 36 267 173 34 20 20 20 27 20 270 20 33 110 26 29 27 33 33 22 22 258 54 30 25 20 22 983 22 31 30 29
leaf_count=20 117 20 23 33 21 529 63 29 38 44 23 20 46 98 30 20 28 20 61 59 2550 20 20 46 32 34 27 26 114 24 20 36 267 173 34 20 20 20 27 20 270 20 33 110 26 29 27 33 33 22 22 258 54 30 25 20 22 983 22 31 30 29
internal_value=-0.00105841 0.00421208 0.00885246 0.011721 0.0161162 -0.00156289 -0.000369646 0.00302499 0.00947839 0.019209 0.0140642 0.0047138 0.00149773 0.00147278 0.0033752 0.00686314 0.010895 -0.000993106 0.000665844 -0.000351992 -0.00220975 -0.00131453 0.0236349 -0.00146021 0.00195903 -0.000493893 0.00111916 0.00655367 -0.000161363 0.00311139 0.00782313 -0.000924096 -0.00111818 -0.000600731 0.00201591 -0.000682681 -0.000794225 -0.00258679 -0.00121032 0.0033121 -0.0019545 -0.000589804 0.000589841 -0.000220724 -0.00169861 0.00183299 -0.0010781 -0.00251379 -0.00129194 -0.000668858 -0.00186132 -0.00100738 -0.00129345 0.000891795 -0.00276572 -0.00136049 -0.00197522 -0.00206937 0.0012114 -0.00194349 -0.00216761 -0.00194357
internal_weight=7001 611 311 230 141 6390 2248 348 67 120 56 89 66 281 183 100 58 1900 81 1338 4142 1230 64 1210 78 1318 276 53 223 78 44 1042 1006 739 113 79 83 2912 337 47 290 300 183 163 1132 49 626 562 599 426 1083 393 371 84 2575 130 1057 1035 42 145 1013 287
internal_count=7001 611 311 230 141 6390 2248 348 67 120 56 89 66 281 183 100 58 1900 81 1338 4142 1230 64 1210 78 1318 276 53 223 78 44 1042 1006 739 113 79 83 2912 337 47 290 300 183 163 1132 49 626 562 599 426 1083 393 371 84 2575 130 1057 1035 42 145 1013 287
is_linear=0
shrinkage=0.03


Tree=45
num_leaves=63
num_cat=0
split_feature=16 51 62 62 44 46 20 58 30 50 51 16 29 60 37 32 51 30 49 32 58 31 52 31 37 29 59 41 13 62 11 40 5 52 10 23 50 65 7 50 50 64 51 47 7 22 62 29 45 70 44 65 49 23 51 11 56 62 28 52 44 39
split_gain=14.947 19.1131 10.1086 7.0889 5.54089 5.77945 5.11146 4.15112 5.12685 4.02171 3.37913 4.13983 3.32486 3.24379 2.90717 3.24141 2.89248 1.93521 1.82891 2.75082 1.77573 1.71016 1.62517 3.24634 1.88484 1.61602 1.53669 1.46902 1.41651 1.29251 1.27141 1.57444 1.09173 1.00979 0.92682 1.36675 1.26808 1.688 0.906404 0.807056 1.62342 2.05687 0.939178 0.804594 0.795027 0.691556 0.683534 1.36227 0.601813 1.17586 1.81049 0.584092 0.923062 2.1076 0.582453 0.477031 0.417334 0.920467 0.409177 0.402042 0.366065 0.365319
threshold=2958.0000000000005 1518.5000000000002 2088.2083333333339 2173.4375000000005 32158.500000000004 32078.125000000004 27.095833333333335 3771.2708333333335 64.436202522094277 712.93750000000011 1108.5000000000002 -1637.4999999999998 64.499953981133686 1390.5000000000002 15170.000000000002 60.536220362030427 2661.5000000000005 49.854664890784001 225.50000000000003 64.57167192289397 3771.2708333333335 63.416516377500308 1061.5000000000002 57.937240246109944 16666.000000000004 66.793973993220405 1050.0000000000002 56494.500000000007 88292.500000000015 1714.166666666667 72208.000000000015 30221.000000000004 5.5000000000000009 1955.5000000000002 0.56392291514228221 66.852515000000011 510.14583333333343 1162.0000000000002 1.5000000000000002 401.89583333333337 455.72916666666669 1250.5000000000002 2101.5000000000005 223.50000000000003 16.500000000000004 0.84999999999999998 2747.4583333333335 55.712803930886878 27661.500000000004 83780.416666666672 28442.500000000004 3250.0000000000005 195.50000000000003 71.773583000000016 2176.0000000000005 138903.50000000003 8402.0000000000018 1973.6875000000002 -4.242124999999997 1870.5000000000002 32831.500000000007 46400.500000000007
decision_type=2 2 2 2 2 2 2 2 2 2 2 2 2 2 2 2 2 2 2 2 2 2 2 2 2 2 2 2 2 2 2 2 2 2 2 2 2 2 2 2 2 2 2 2 2 2 2 2 2 2 2 2 2 2 2 2 2 2 2 2 2 2
left_child=6 20 14 45 -5 -6 10 33 9 -9 25 55 -8 17 15 44 38 28 19 30 -2 -18 23 -22 -25 48 -14 39 29 -13 -19 -32 60 -7 51 -36 -37 -38 -15 61 41 -41 -42 -39 -3 -4 56 -48 49 50 -1 -33 -53 -54 -16 -12 -40 -58 -11 -50 -24 -20
right_child=1 2 3 4 5 7 12 8 -10 58 11 13 26 16 54 -17 21 18 27 -21 22 -23 32 24 -26 -27 -28 -29 -30 -31 31 34 -34 -35 35 36 37 43 46 40 42 -43 -44 -45 -46 -47 47 -49 59 -51 -52 52 53 -55 -56 -57 57 -59 -60 -61 -62 -63
leaf_value=2.7128126319329864 -2.4514406441629801 -0.30747821336867315 5.7597232955181807 -0.44155311768366479 13.501778182316606 -1.2415484730188653 8.7440158669649097 6.5146373749476556 0.18958036212141482 6.897319289366485 -4.887707883527761 0.88202539807405955 2.1848245504732007 7.1461384707116888 -0.35303039201271624 5.2651502133988082 5.4127499547353146 -3.7946207484024748 -2.2108355036536951 6.2182250412121078 -7.9691960232497383 0.086337363209048237 -3.2819356637504034 4.7164143969765417 0.31480285107788375 0.62927661034258231 -0.34902320080792087 3.7602363417539943 2.4804296371458436 -0.20318697495451352 1.1690927908903641 -0.89596965713974874 1.6320814792899372 4.808582360028149 2.308742189626718 -0.25890326100476679 4.4473337168906326 0.27008636281239473 -3.0683884647248894 -0.70863215390763834 -0.52737140535159355 3.6511674600931414 2.7802906517895898 -1.0180804225509912 0.62008205479185197 5.7659513364867836 1.7088118297332231 -3.9788852967527766 -11.005077664811713 -7.05082550374786 -8.0120810331311691 -0.27827262667661246 0.68842878599000401 -1.1119972801689821 3.6146040157453201 0.13097280250130433 -1.8397420239360118 0.2596309849030114 8.0175450886909783 0.25116404435788942 0.15024192770135725 0.20206883818958679
leaf_weight=21 392 40 20 44 22 20 28 31 24 20 1341 21 21 28 107 24 26 53 187 24 43 29 110 25 28 27 44 20 28 34 31 64 29 39 20 73 29 20 721 20 255 22 35 30 20 20 20 28 2231 66 20 31 21 39 23 38 55 39 20 20 20 20
leaf_count=21 392 40 20 44 22 20 28 31 24 20 1341 21 21 28 107 24 26 53 187 24 43 29 110 25 28 27 44 20 28 34 31 64 29 39 20 73 29 20 721 20 255 22 35 30 20 20 20 28 2231 66 20 31 21 39 23 38 55 39 20 20 20 20
internal_value=-0.00101127 0.00216216 0.00673908 0.0107151 0.00857338 0.010954 -0.00161681 0.00885788 0.0127445 0.0167932 -0.00172936 -0.00112078 0.00534909 -0.000255055 0.00189164 0.00624257 -0.00153789 0.000868999 0.000497937 0.00195817 -0.00118683 0.00511797 0.000752645 0.00383975 0.00881356 -0.00259612 0.00156682 -0.000633161 0.00527076 0.00239564 0.00137193 0.00201899 -0.00109365 0.00253807 0.00139407 0.0029111 0.00191321 0.0045512 -0.00195264 -0.000934892 -9.03414e-06 0.00548694 -0.00081696 0.00113772 0.00244592 0.0223691 -0.00212722 0.00130977 -0.00268055 -0.00044818 0.00350365 -0.000270794 0.00125137 0.00344426 -0.000899309 -0.00238851 -0.00233346 -0.000414453 0.0231172 -0.00278531 -0.00228286 -0.00240464
internal_weight=7001 1121 474 260 220 176 5880 154 95 71 5787 3402 93 2023 214 84 946 1077 994 435 647 55 255 96 53 2385 65 559 83 55 411 358 159 59 327 172 152 79 891 539 332 42 290 50 60 40 863 48 2358 107 41 155 91 60 130 1379 815 94 40 2251 130 207
internal_count=7001 1121 474 260 220 176 5880 154 95 71 5787 3402 93 2023 214 84 946 1077 994 435 647 55 255 96 53 2385 65 559 83 55 411 358 159 59 327 172 152 79 891 539 332 42 290 50 60 40 863 48 2358 107 41 155 91 60 130 1379 815 94 40 2251 130 207
is_linear=0
shrinkage=0.03


Tree=46
num_leaves=63
num_cat=0
split_feature=20 30 51 16 62 19 59 3 30 46 60 66 30 4 57 7 47 53 51 5 65 14 30 46 44 61 1 51 16 64 47 1 14 38 35 66 20 68 1 45 51 4 22 58 66 64 44 34 51 34 30 58 10 66 58 49 30 63 69 1 1 24
split_gain=14.4569 9.69939 9.35433 12.4034 5.73862 5.63919 6.01335 5.63717 3.62834 3.18609 4.29691 3.09045 2.56605 2.47127 2.22952 4.92459 2.62353 2.12437 1.60047 1.54021 2.8179 2.62563 2.64994 1.50715 1.32825 1.17929 2.02129 2.58409 1.55596 1.01456 3.85442 1.14465 1.08626 2.13933 2.10226 2.1456 2.98235 0.990513 1.84289 2.4999 0.967905 1.01006 1.10747 0.931568 0.91796 1.13594 0.908955 0.886259 0.813487 0.787213 0.734327 0.710226 0.664549 1.25183 1.79865 0.829464 0.644114 0.591114 0.871863 0.587289 0.531203 0.524075
threshold=26.861458333333335 62.459168534789903 1426.5000000000002 2056.0000000000005 2042.4583333333337 30.475000000000005 729.50000000000011 64.499953981133686 64.083887953455005 31411.208333333339 262.50000000000006 2103.7708333333335 62.53624380980839 4.5000000000000009 8108.5000000000009 9.5000000000000018 907.50000000000011 1315.5000000000002 860.50000000000011 2.5000000000000004 7836.5000000000009 118455.85416666669 64.014273847436314 32998.375000000007 29376.000000000004 2457.5000000000005 -9.0249999999999986 1256.5000000000002 -177.49999999999997 5472.5000000000009 350.50000000000006 19.975000000000005 91837.000000000015 18867.166666666668 13846.000000000002 3398.0208333333335 22.370833333333334 109449.00000000001 23.175000000000001 32556.500000000004 2716.5000000000005 1.5000000000000002 -0.9250000000000006 3038.3750000000005 3141.5833333333335 6674.0000000000009 31727.500000000004 0.14895914860584017 1726.5000000000002 0.77562735296964658 59.618496901456886 4323.6666666666679 0.46472317204376884 1438.1875000000002 3841.0208333333339 221.50000000000003 47.954823619617862 1149.5000000000002 111998.00000000001 26.825000000000006 -11.774999999999999 52.077782000000006
decision_type=2 2 2 2 2 2 2 2 2 2 2 2 2 2 2 2 2 2 2 2 2 2 2 2 2 2 2 2 2 2 2 2 2 2 2 2 2 2 2 2 2 2 2 2 2 2 2 2 2 2 2 2 2 2 2 2 2 2 2 2 2 2
left_child=2 17 18 13 9 6 8 11 -6 10 -5 -3 -7 40 23 -16 -17 -2 60 20 21 37 -23 -8 43 26 27 -20 56 32 61 -32 -30 34 46 36 -36 38 44 -40 -4 42 -42 -12 -15 48 -34 -24 -46 -45 -35 -11 -21 54 -54 -55 -28 58 -9 -53 -1 -31
right_child=1 7 3 4 5 12 14 57 -10 51 24 -13 -14 19 15 16 -18 -19 25 52 -22 22 47 -25 -26 -27 28 -29 29 30 31 -33 33 50 35 -37 -38 -39 39 -41 41 -43 -44 49 45 -47 -48 -49 -50 -51 -52 59 53 55 -56 -57 -58 -59 -60 -61 -62 -63
leaf_value=0.62885339452100542 2.3619316893964704 3.3515201930761176 -6.5190034042326408 4.1433374490763804 5.3160615957998871 6.6565760983531232 -0.95171463193174377 4.8020658194065362 5.3678207414899948 -1.2971334141180708 -0.21285546452239093 9.3718363524505026 7.4389141798478589 -0.6913208802095504 7.7789648799889157 4.1011648729009123 -0.22327350590959197 12.562822571749756 0.998146236834765 -1.2041747466479418 1.1452181381322006 9.5534812472164479 -0.18130723302625962 2.5186678826200626 5.4531327989409322 -10.476609925432744 0.78711866494096761 -6.6279220006103579 -3.2809071522694682 0.5013064907914766 0.93719947548676052 1.9808494040567777 0.74288243448995472 0.34417351624167031 6.3955546054320749 -0.88357263577296008 0.27487968755871112 -0.91815053726849594 3.5431287673992493 -0.17446631499578941 1.510905400805205 -2.6888210775586892 -1.9018824295262824 2.067626736475348 2.272407109129821 -0.79355977446941295 -2.2170020198392173 2.1735500350789949 0.014828591221505398 -0.84009910982419544 -2.549932790647405 0.5028404669187454 4.9907079845291564 1.3159188790832739 -0.90273257388606576 -2.0182362446801432 -7.280458419074769 -0.40069644056812742 -0.23964899707498269 -0.1011479093206905 -12.47164114532147 -2.2428586485548565
leaf_weight=27 20 20 646 31 30 20 96 20 30 165 56 21 22 206 20 20 56 24 28 505 30 23 52 20 32 526 20 22 412 20 20 20 35 35 30 22 25 131 22 20 24 38 20 23 21 22 72 24 21 24 181 20 21 25 20 134 729 61 36 20 1809 76
leaf_count=27 20 20 646 31 30 20 96 20 30 165 56 21 22 206 20 20 56 24 28 505 30 23 52 20 32 526 20 22 412 20 20 20 35 35 30 22 25 131 22 20 24 38 20 23 21 22 72 24 21 24 181 20 21 25 20 134 729 61 36 20 1809 76
internal_value=-0.000972705 0.00693221 -0.0012081 0.000166164 0.00365202 0.00663801 0.00503859 0.00343453 0.0134276 0.0011156 0.00420831 0.0129927 0.0168884 -0.00102339 0.00264498 0.00602497 0.00248357 0.0193878 -0.00210849 -0.000225512 0.000928159 0.00042612 0.00484359 -0.0001292 0.00186528 -0.00157318 -0.00119512 0.00473054 -0.00137175 -0.000560068 0.00182954 0.00965087 -0.000964168 0.000142464 0.0025258 0.0063035 0.00947368 -0.00055518 0.000355655 0.00619952 -0.00241862 0.000621193 0.0037415 0.000174587 -0.000544244 0.0025741 -0.000168068 0.00208936 0.00548694 0.0033121 -0.00187413 -0.00137494 -0.00116579 0.000284857 0.0049635 -0.000905092 -0.00239487 5.12375e-05 0.00229946 0.00216958 -0.00276946 -0.00140479
internal_weight=7001 202 6799 2690 685 314 272 158 60 371 166 41 42 2005 212 96 76 44 4109 1277 572 542 99 116 135 2273 1747 50 1697 948 136 40 812 400 184 77 55 443 312 42 728 82 44 103 270 64 107 76 42 47 216 205 705 200 41 159 749 117 56 40 1836 96
internal_count=7001 202 6799 2690 685 314 272 158 60 371 166 41 42 2005 212 96 76 44 4109 1277 572 542 99 116 135 2273 1747 50 1697 948 136 40 812 400 184 77 55 443 312 42 728 82 44 103 270 64 107 76 42 47 216 205 705 200 41 159 749 117 56 40 1836 96
is_linear=0
shrinkage=0.03


end of trees

feature_importances:
Column_16=172
Column_54=136
Column_51=118
Column_1=89
Column_62=86
Column_20=81
Column_56=74
Column_7=67
Column_65=65
Column_30=63
Column_55=63
Column_5=59
Column_58=59
Column_59=58
Column_21=54
Column_64=53
Column_66=53
Column_27=52
Column_52=52
Column_33=51
Column_40=51
Column_4=48
Column_15=46
Column_26=46
Column_28=46
Column_50=45
Column_19=43
Column_45=43
Column_63=43
Column_49=42
Column_57=39
Column_43=38
Column_53=38
Column_24=36
Column_38=36
Column_44=36
Column_46=36
Column_47=36
Column_22=35
Column_32=33
Column_25=32
Column_48=32
Column_3=28
Column_14=27
Column_31=27
Column_35=27
Column_42=27
Column_0=26
Column_37=26
Column_2=25
Column_18=25
Column_17=24
Column_34=24
Column_61=24
Column_10=23
Column_41=23
Column_36=21
Column_23=20
Column_39=17
Column_60=17
Column_68=17
Column_29=16
Column_11=15
Column_70=12
Column_12=11
Column_13=8
Column_67=7
Column_6=5
Column_9=4
Column_69=3

parameters:
[boosting: gbdt]
[objective: quantile]
[metric: quantile]
[tree_learner: serial]
[device_type: cpu]
[data_sample_strategy: bagging]
[data: ]
[valid: ]
[num_iterations: 1500]
[learning_rate: 0.03]
[num_leaves: 63]
[num_threads: 24]
[seed: 42]
[deterministic: 0]
[force_col_wise: 0]
[force_row_wise: 0]
[histogram_pool_size: -1]
[max_depth: -1]
[min_data_in_leaf: 20]
[min_sum_hessian_in_leaf: 0.001]
[bagging_fraction: 0.8]
[pos_bagging_fraction: 1]
[neg_bagging_fraction: 1]
[bagging_freq: 0]
[bagging_seed: 400]
[bagging_by_query: 0]
[feature_fraction: 0.8]
[feature_fraction_bynode: 1]
[feature_fraction_seed: 30056]
[extra_trees: 0]
[extra_seed: 12879]
[early_stopping_round: 0]
[early_stopping_min_delta: 0]
[first_metric_only: 0]
[max_delta_step: 0]
[lambda_l1: 0.1]
[lambda_l2: 0.1]
[linear_lambda: 0]
[min_gain_to_split: 0]
[drop_rate: 0.1]
[max_drop: 50]
[skip_drop: 0.5]
[xgboost_dart_mode: 0]
[uniform_drop: 0]
[drop_seed: 17869]
[top_rate: 0.2]
[other_rate: 0.1]
[min_data_per_group: 100]
[max_cat_threshold: 32]
[cat_l2: 10]
[cat_smooth: 10]
[max_cat_to_onehot: 4]
[top_k: 20]
[monotone_constraints: ]
[monotone_constraints_method: basic]
[monotone_penalty: 0]
[feature_contri: ]
[forcedsplits_filename: ]
[refit_decay_rate: 0.9]
[cegb_tradeoff: 1]
[cegb_penalty_split: 0]
[cegb_penalty_feature_lazy: ]
[cegb_penalty_feature_coupled: ]
[path_smooth: 0]
[interaction_constraints: ]
[verbosity: -1]
[saved_feature_importance_type: 0]
[use_quantized_grad: 0]
[num_grad_quant_bins: 4]
[quant_train_renew_leaf: 0]
[stochastic_rounding: 1]
[linear_tree: 0]
[max_bin: 255]
[max_bin_by_feature: ]
[min_data_in_bin: 3]
[bin_construct_sample_cnt: 200000]
[data_random_seed: 175]
[is_enable_sparse: 1]
[enable_bundle: 1]
[use_missing: 1]
[zero_as_missing: 0]
[feature_pre_filter: 1]
[pre_partition: 0]
[two_round: 0]
[header: 0]
[label_column: ]
[weight_column: ]
[group_column: ]
[ignore_column: ]
[categorical_feature: ]
[forcedbins_filename: ]
[precise_float_parser: 0]
[parser_config_file: ]
[objective_seed: 16083]
[num_class: 1]
[is_unbalance: 0]
[scale_pos_weight: 1]
[sigmoid: 1]
[boost_from_average: 1]
[reg_sqrt: 0]
[alpha: 0.9]
[fair_c: 1]
[poisson_max_delta_step: 0.7]
[tweedie_variance_power: 1.5]
[lambdarank_truncation_level: 30]
[lambdarank_norm: 1]
[label_gain: ]
[lambdarank_position_bias_regularization: 0]
[eval_at: ]
[multi_error_top_k: 1]
[auc_mu_weights: ]
[num_machines: 1]
[local_listen_port: 12400]
[time_out: 120]
[machine_list_filename: ]
[machines: ]
[gpu_platform_id: -1]
[gpu_device_id: -1]
[gpu_use_dp: 0]
[num_gpu: 1]

end of parameters

pandas_categorical:null
