tree
version=v4
num_class=1
num_tree_per_iteration=1
label_index=0
max_feature_idx=70
objective=quantile
feature_names=Column_0 Column_1 Column_2 Column_3 Column_4 Column_5 Column_6 Column_7 Column_8 Column_9 Column_10 Column_11 Column_12 Column_13 Column_14 Column_15 Column_16 Column_17 Column_18 Column_19 Column_20 Column_21 Column_22 Column_23 Column_24 Column_25 Column_26 Column_27 Column_28 Column_29 Column_30 Column_31 Column_32 Column_33 Column_34 Column_35 Column_36 Column_37 Column_38 Column_39 Column_40 Column_41 Column_42 Column_43 Column_44 Column_45 Column_46 Column_47 Column_48 Column_49 Column_50 Column_51 Column_52 Column_53 Column_54 Column_55 Column_56 Column_57 Column_58 Column_59 Column_60 Column_61 Column_62 Column_63 Column_64 Column_65 Column_66 Column_67 Column_68 Column_69 Column_70
feature_infos=[66131:160560] [-20:34.149999999999999] [25.719044:100] [36.971664299722725:71.559848645091535] [0:23] [0:6] [1:10] [1:31] [0:1] [0:1] [0:0.99270887409805397] [66131:160560] [66131:160560] [66131:160560] [72233.041666666672:137142.20833333334] [2057.6408592873181:22024.617595875727] [-9183:8446] [-20:34.149999999999999] [-20:34.149999999999999] [-20:34.149999999999999] [-16.568749999999998:29.675000000000001] [0.52945401875049547:7.951298487978419] [-5.8000000000000007:5.5499999999999972] [25.719044:100] [25.719044:100] [25.719044:100] [45.313373250000005:95.04641233333335] [0.97911827352794878:23.426507825749582] [-30.049300000000002:30.860949999999995] [36.971664299722725:71.559848645091535] [36.971664299722725:71.559848645091535] [36.971664299722725:71.559848645091535] [45.760024263258238:67.819212344444352] [0.67909628204517791:7.5954539582083802] [-8.6935655667746659:7.6341842441526993] [6201:33428] [6201:33428] [6201:33428] [7216.916666666667:32362.625] [18440:75926] [18440:75926] [18440:75926] [24497.5:64836.833333333336] [25199:33959] [25199:33959] [26474:33959] [25316:33930.166666666664] [43:6933] [43:6933] [43:6933] [83.541666666666671:5366.375] [366:3539] [366:3539] [366:3539] [431.45833333333331:2835.4583333333335] [0:12186] [0:12186] [0:12186] [281.875:5366.791666666667] [85:6739] [85:6739] [85:6739] [718.33333333333337:3117.0833333333335] [29:9938] [29:9938] [29:9938] [157.125:8964.4166666666661] [68553:162721] [68553:162721] [68553:162721] [74746.875:140862.16666666666]
tree_sizes=4464 5516 5495 5168 5503 5502 5535 5510 5514 5560 5499 5512 5554 5497 5537 5521 5557 5515 5531 5531 5537 5565 5542 5532 5552 5556 5555 5548 5551 5572 5555 5554 5562 5550 5554

Tree=0
num_leaves=54
num_cat=0
split_feature=10 55 54 4 46 45 27 6 32 46 62 37 38 14 6 44 38 46 33 7 58 27 1 0 14 46 44 4 59 63 20 16 32 46 44 46 23 35 12 24 62 1 16 3 62 7 58 27 0 2 54 1 37
split_gain=62.4269 115.754 29.9991 22.7561 16.7824 11.2492 9.81194 9.48549 8.94183 8.7685 18.814 14.7506 7.29147 13.5879 7.10887 22.3277 5.96481 17.1037 5.55718 5.10231 4.69869 4.61512 7.93559 3.95379 3.82705 5.07952 3.0356 10.0334 2.9084 2.73026 2.62363 2.37856 2.09593 7.57605 2.83934 5.23677 2.36861 4.36515 1.97721 1.86115 1.79418 1.13687 0.653062 0.624256 0.323774 0.840766 0.299734 0.155039 0.123689 0.109742 0.0729653 0.0922499 0.0349619
threshold=1.0000000180025095e-35 6.5000000000000009 584.64583333333337 5.5000000000000009 33850.062500000007 27239.500000000004 20.371805775721754 2.5000000000000004 53.885012901663991 32716.729166666668 2083.1458333333335 16742.500000000004 11719.85416666667 87153.500000000015 3.5000000000000004 27594.500000000004 9769.5416666666697 31216.416666666668 2.71907575192107 16.500000000000004 3257.104166666667 4.2271452135378969 -5.2249999999999988 87874.000000000015 90942.020833333358 29289.062500000004 33815.500000000007 15.500000000000002 3393.0000000000005 5084.5000000000009 22.370833333333334 -884.49999999999989 64.384539856287716 31346.666666666672 31597.500000000004 31560.208333333336 33.862966500000006 14818.500000000002 120459.50000000001 75.713375500000012 1967.7083333333335 4.9250000000000016 -225.49999999999997 59.181642692630668 2709.4583333333335 15.500000000000002 3966.2083333333335 2.6360184033155138 120715.00000000001 73.520695000000003 701.72916666666686 0.4250000000000001 9106.5000000000018
decision_type=2 2 2 2 2 2 2 2 2 2 2 2 2 2 2 2 2 2 2 2 2 2 2 2 2 2 2 2 2 2 2 2 2 2 2 2 2 2 2 2 2 2 2 2 2 2 2 2 2 2 2 2 2
left_child=1 3 8 30 5 23 9 -5 42 14 12 18 13 -11 15 40 17 39 28 -17 24 22 -14 -4 25 -21 47 -28 -12 -6 46 -29 36 -34 35 48 37 -18 -26 -16 -7 -38 -3 -13 52 -46 -1 -2 -35 -9 51 -23 -43
right_child=26 2 4 7 29 6 -8 49 -10 10 11 43 21 -15 16 19 32 -19 -20 20 -22 50 -24 -25 38 -27 27 31 -30 -31 -32 -33 33 34 -36 -37 41 -39 -40 -41 -42 44 -44 -45 45 -47 -48 -49 -50 -51 -52 -53 -54
leaf_value=5.8200000000000003 7.4040001040697092 5.8200000000000003 5.8200000000000003 5.8200000000000003 5.8200000000000003 5.8200000000000003 5.8499999999999996 6.8100000254809858 5.8200000000000003 6.3899999999999997 5.8770000008493666 5.8200000000000003 6.0300000000000002 5.8200000000000003 6.1500000000000004 6.5700000000000003 5.9070000008493659 5.8499999999999996 6.1200000000000001 6.0300000000000002 5.8200000000000003 6.2790000144392248 5.8200000000000003 5.8740000016987324 6.0300000000000002 5.8200000000000003 35.346000287532803 5.8200000000000003 5.8499999999999996 5.8200000000000003 5.8499999999999996 5.8200000000000003 5.9400000000000004 6.0780000033974648 6.0899999999999999 5.9100000000000001 5.8799999999999999 6.2699999999999996 5.8200000000000003 5.8200000000000003 5.8200000000000003 6.2100000044703485 5.8200000000000003 5.8200000000000003 5.8200000000000003 6.0899999999999999 5.8200000000000003 39.090001474320886 6.0899999999999999 8.5440000450611109 6.0300000000000002 6.3300000044703486 6.0899999999999999
leaf_weight=174 25 20 26 23 25 31 24 20 20 37 20 20 30 31 99 210 20 35 42 20 39 20 21 20 101 21 135 20 20 20 33 23 25 20 217 31 39 33 20 21 21 21 43 39 20 49 27 3299 38 29 268 21 1295
leaf_count=174 25 20 26 23 25 31 24 20 20 37 20 20 30 31 99 210 20 35 42 20 39 20 21 20 101 21 135 20 20 20 33 23 25 20 217 31 39 33 20 21 21 21 43 39 20 49 27 3299 38 29 268 21 1295
internal_value=5.99995 5.99711 5.9988 5.97949 5.99928 5.99955 5.99977 5.9943 5.98101 5.99993 5.99657 5.98707 5.99971 5.9907 6.00071 5.99737 6.0015 5.99586 5.99536 5.99972 5.9963 6.00141 5.99307 5.98484 5.99857 5.99066 6.00278 5.99897 5.98736 5.98111 5.97495 5.98636 6.00199 5.99984 6.00113 5.99663 6.00247 5.99627 6.00124 6.00122 5.97887 6.0027 5.97547 5.97563 6.00285 6.00078 5.97363 6.00298 6.00191 6.00171 6.0028 6.00146 6.00295
internal_weight=7001 3499 3193 306 3110 3065 3019 72 83 2995 569 141 428 68 2426 463 1963 155 82 411 201 360 51 46 162 41 3502 178 40 45 234 43 1808 331 306 89 1477 53 121 120 52 1424 63 59 1385 69 201 3324 58 49 309 41 1316
internal_count=7001 3499 3193 306 3110 3065 3019 72 83 2995 569 141 428 68 2426 463 1963 155 82 411 201 360 51 46 162 41 3502 178 40 45 234 43 1808 331 306 89 1477 53 121 120 52 1424 63 59 1385 69 201 3324 58 49 309 41 1316
is_linear=0
shrinkage=1


Tree=1
num_leaves=63
num_cat=0
split_feature=9 55 54 45 46 62 37 53 6 10 55 49 33 36 32 64 61 39 62 10 54 44 38 6 66 5 21 54 20 64 46 10 24 42 49 27 62 37 33 54 26 15 45 55 10 52 6 62 31 12 51 59 25 10 22 45 53 1 22 21 53 3
split_gain=54.0823 125.384 22.4777 11.832 11.0435 24.9646 11.8819 11.4843 10.4127 13.5222 12.8307 8.16784 7.94506 6.90449 12.1448 5.83278 5.37141 5.18898 4.90614 4.73749 4.35896 14.8582 6.88034 7.43121 10.1955 6.62203 6.07005 4.84032 8.85264 2.86374 2.579 2.52797 2.14339 1.95173 1.86955 1.84475 1.73412 1.94099 3.8436 1.46246 2.24358 1.38392 1.22693 3.20659 0.826728 1.39357 0.735598 0.83336 1.83455 3.13316 0.623254 0.599752 0.531748 0.429754 0.661187 0.287061 0.28696 0.243727 0.191544 0.199701 0.179991 0.0565659
threshold=1.0000000180025095e-35 6.5000000000000009 584.64583333333337 27239.500000000004 32716.729166666668 2083.1458333333335 16742.500000000004 597.50000000000011 1.5000000000000002 0.56392291514228221 1096.5000000000002 182.50000000000003 2.7627362919810294 11636.500000000002 55.912316894236639 4235.5000000000009 2598.5000000000005 42874.000000000007 2479.6875000000005 1.0000000180025095e-35 1750.3750000000002 27224.500000000004 23440.375000000004 8.5000000000000018 2460.7083333333339 3.5000000000000004 3.2658129696966518 1192.2708333333337 16.662500000000005 6219.0000000000009 33815.187500000007 1.0000000180025095e-35 60.860996500000006 48386.500000000007 110.50000000000001 18.396361113411917 1215.5833333333337 27371.500000000004 2.2341970984871753 636.31250000000011 65.923147458333332 9717.0970897872048 33581.500000000007 1663.5000000000002 0.35201941816566318 448.00000000000006 2.5000000000000004 1253.1875000000002 55.302208052521102 83988.500000000015 2124.5000000000005 1072.5000000000002 51.758289500000011 0.74305326206722599 0.44999999999999957 33841.500000000007 901.50000000000011 25.225000000000005 1.2500000000000011 2.9323455283058926 624.50000000000011 48.171453331088934
decision_type=2 2 2 2 2 2 2 2 2 2 2 2 2 2 2 2 2 2 2 2 2 2 2 2 2 2 2 2 2 2 2 2 2 2 2 2 2 2 2 2 2 2 2 2 2 2 2 2 2 2 2 2 2 2 2 2 2 2 2 2 2 2
left_child=1 18 15 29 7 11 12 16 9 10 31 -6 17 14 -13 -3 32 -7 33 -12 21 -9 23 34 27 57 -27 28 -25 -4 -21 -2 -5 -1 -23 -22 -36 39 -39 40 -38 -29 44 -44 45 -10 51 48 49 -48 60 56 -17 54 -11 -15 -47 -24 61 -60 -41 -49
right_child=8 2 3 4 5 6 -8 20 42 53 19 13 -14 55 -16 52 -18 -19 -20 30 35 22 25 24 -26 26 -28 41 -30 -31 -32 -33 -34 -35 36 -37 37 38 -40 50 -42 -43 43 -45 -46 46 47 58 -50 -51 -52 -53 -54 -55 -56 -57 -58 -59 59 -61 -62 -63
leaf_value=-0.17460000000000001 -0.17460000000000001 -0.14460000000000001 -0.17476199995923042 -0.17460000000000001 -0.17460000000000001 -0.092309998326748618 -0.17460000000000001 -0.17460000000000001 -0.14822999897226691 1.9947300505743943 -0.17460000000000001 0.37829999999999997 0.11639999999999999 0.02909999999999999 -0.17460000000000001 -0.17460000000000001 -0.17460000000000001 -0.17460000000000001 -0.17460000000000001 -0.96270004422962652 0.057300000000000004 -0.11460000000000001 0.53909999999999991 0.26549999999999996 -0.14549999999999999 -0.17460000000000001 -0.17459999609738588 -0.14549999999999999 -0.14549999999999999 -0.11622000005096196 -0.17460000000000001 17.798388004873214 0.0077700007416307837 -0.17460000000000001 -0.11639999999999999 -0.14549999999999999 0.14549999999999999 -0.17460000000000001 0.027300000000000005 0.38730000268220899 -0.17468999997451901 0.20729999999999998 1.7691000355482047 -0.42270004422962654 95.187301536038504 0.53765996470213151 0.072300006929039956 0.56730000000000003 0.32082000057399268 -0.50670004324614992 -0.12959999530613422 -0.17460000000000001 -0.17460000000000001 41.149621364217992 -0.17460000000000001 -0.032009991804510356 -0.11727002766564661 -0.02820000000000001 1.71629997463256 -0.027599999150633818 0.1173 2.1131400309428576
leaf_weight=189 31 22 20 20 34 20 54 23 20 34 31 30 34 262 21 20 20 37 25 38 635 20 29 20 20 30 31 20 20 20 24 62 22 25 22 25 27 26 40 21 20 80 81 30 2526 33 32 53 108 23 36 23 29 186 28 28 28 20 20 20 819 654
leaf_count=189 31 22 20 20 34 20 54 23 20 34 31 30 34 262 21 20 20 37 25 38 635 20 29 20 20 30 31 20 20 20 24 62 22 25 22 25 27 26 40 21 20 80 81 30 2526 33 32 53 108 23 36 23 29 186 28 28 28 20 20 20 819 654
internal_value=-0.000153404 -0.00327458 -0.00141422 -0.000958904 -0.000704961 -0.00460873 -0.0151757 0.00028591 0.00207388 -0.00231513 -0.00843095 -0.000511863 -0.00849616 0.000879508 -0.00927593 -0.0180591 -0.0124155 -0.0153415 -0.0240903 -0.016305 0.000684945 -0.000305868 0.000115287 0.000780791 -0.00522798 -0.00705722 -0.0136498 -0.00233405 -0.0111471 -0.0171322 -0.0211111 -0.000515575 -0.00619952 -0.0255722 0.00171661 0.00267687 0.00189892 0.00208675 -0.0028593 0.00244394 -0.00267516 0.00116883 0.00259648 -0.000486048 0.00269399 0.00196135 0.00212152 0.00237007 0.00040466 -0.00402904 0.00272229 -0.000535077 -0.0238289 0.00226119 4.83093e-05 0.00267839 0.000981997 0.0010998 0.00279481 0.000673317 0.00288894 0.00291048
internal_weight=7001 2916 2677 2606 2566 520 145 2046 4085 434 186 375 91 341 51 71 62 57 239 93 1984 1324 1301 1191 160 110 61 140 40 40 62 93 42 214 1031 660 1011 989 66 923 47 100 3651 111 3540 1014 994 910 163 55 876 84 49 248 62 290 61 49 747 40 840 707
internal_count=7001 2916 2677 2606 2566 520 145 2046 4085 434 186 375 91 341 51 71 62 57 239 93 1984 1324 1301 1191 160 110 61 140 40 40 62 93 42 214 1031 660 1011 989 66 923 47 100 3651 111 3540 1014 994 910 163 55 876 84 49 248 62 290 61 49 747 40 840 707
is_linear=0
shrinkage=0.03


Tree=2
num_leaves=63
num_cat=0
split_feature=10 55 54 4 43 45 27 4 45 6 45 62 43 38 14 53 32 34 62 0 54 44 59 43 18 44 37 63 14 32 32 52 49 3 29 6 38 47 43 35 46 13 12 26 43 20 0 37 54 62 1 2 21 21 3 19 0 43 55 66 2 24
split_gain=44.4933 109.485 23.8966 20.3988 12.6749 11.4736 9.96393 9.6207 36.7077 9.48549 7.8819 8.0834 14.2043 7.82413 22.316 7.55037 6.86182 4.96602 4.8697 3.95379 3.73877 16.0572 5.05702 3.74042 3.3966 3.14547 3.12852 3.23541 4.13117 2.77815 3.71615 3.70927 2.11237 3.07407 2.05157 1.9674 1.92866 1.75991 4.46994 2.9357 1.7254 1.40165 0.835222 0.735004 1.00477 1.09094 2.43395 0.673774 0.600715 0.44545 0.687824 0.378912 0.348413 0.253715 0.215838 0.160179 0.154772 0.133713 0.611001 0.127282 0.109742 0.0913402
threshold=1.0000000180025095e-35 6.5000000000000009 584.64583333333337 5.5000000000000009 33848.500000000007 27239.500000000004 20.371805775721754 16.500000000000004 33206.500000000007 2.5000000000000004 33867.500000000007 2933.4375000000005 32694.500000000004 9278.4375000000018 84637.416666666672 543.50000000000011 53.885012901663991 0.31320043804392844 2479.6875000000005 87874.000000000015 1798.5208333333337 27224.500000000004 5271.0000000000009 32855.000000000007 1.0750000000000004 31461.000000000004 8339.5000000000018 421.50000000000006 92337.875000000015 64.173850818117003 64.814436483557586 2009.5000000000002 106.50000000000001 55.455671195093316 65.872401334420161 9.5000000000000018 11846.770833333334 181.50000000000003 32419.500000000004 18452.500000000004 33815.187500000007 80621.000000000015 105340.50000000001 84.315601333333362 32903.500000000007 8.8447916666666693 98632.500000000015 20767.500000000004 636.31250000000011 2631.1666666666674 20.475000000000005 57.324194000000013 3.4976036682406657 0.94890628420275069 57.593544238594113 31.875000000000004 112046.00000000001 33844.500000000007 1995.5000000000002 7462.666666666667 73.520695000000003 94.922370000000015
decision_type=2 2 2 2 2 2 2 2 2 2 2 2 2 2 2 2 2 2 2 2 2 2 2 2 2 2 2 2 2 2 2 2 2 2 2 2 2 2 2 2 2 2 2 2 2 2 2 2 2 2 2 2 2 2 2 2 2 2 2 2 2 2
left_child=1 3 16 18 5 19 10 53 24 -5 11 13 -13 14 41 17 36 -15 34 -4 21 -17 26 25 -9 -24 -23 28 -28 32 -31 56 33 -29 -1 59 -3 38 52 -40 47 -7 -27 48 45 46 -45 -10 -39 61 -51 -30 -34 -2 -16 -22 -32 -55 -59 -26 -11 -50
right_child=7 2 4 9 -6 6 -8 8 40 60 -12 12 -14 15 54 20 -18 -19 -20 -21 55 22 23 -25 35 42 27 29 51 30 31 -33 37 -35 -36 -37 -38 43 39 -41 -42 -43 -44 44 -46 -47 -48 -49 49 50 -52 -53 -54 57 -56 -57 -58 58 -60 -61 -62 -63
leaf_value=-0.16936200000000001 4.4092918753855717 -0.16936200000000001 -0.16935714000122309 -0.16936200000000001 -0.16936200000000001 -0.1759716897057107 -0.14113499999999998 -0.66381904290273774 -2.8283190867345027 0.72908993195728444 -0.17021753987069338 0.29558099999999998 -0.16936200000000001 -0.16936200000000001 -0.16936200000000001 -0.16936200000000001 -0.16936200000000001 -0.16936200000000001 -0.16936200000000001 -0.11855777240069952 0.055581000000000012 -0.11113499999999998 -0.082062000117078426 -0.16936200000000001 9.2641787497613119 -0.140262 -0.14113499999999998 -0.11716199830126763 0.148146 -0.16936200000000001 0.058790707085497662 -0.055871999293193239 -0.16936200000000001 0.1363923043353483 -0.16936200000000001 -0.55749903667375444 -0.10936200000000001 -0.16935930000076443 -0.16936200011707844 -0.034361995870247498 -0.16936200000000001 0.14198099999999997 0.026480999999999994 -0.16936200000000001 -0.08199008991374282 0.12570660466794673 0.032591999999999982 -0.93381904290273765 0.11290800000000001 0.47342100007510179 -0.17071200014081597 -0.022062000117078436 0.12938099999999997 75.641015950561211 -0.16936200000000001 0.22958100393390657 0.084032999969959235 30.655185250584893 -0.065933908111867126 2.1524420924350562 2.4042858427809923 0.076225205619916317
leaf_weight=185 33 38 26 23 37 20 24 29 21 20 29 33 29 26 20 31 20 24 25 20 704 23 30 21 409 20 22 20 22 30 20 20 20 22 24 36 25 23 20 20 24 85 48 20 34 143 33 35 1077 29 20 20 85 2787 24 23 78 80 20 28 29 35
leaf_count=185 33 38 26 23 37 20 24 29 21 20 29 33 29 26 20 31 20 24 25 20 704 23 30 21 409 20 22 20 22 30 20 20 20 22 24 36 25 23 20 20 24 85 48 20 34 143 33 35 1077 29 20 20 85 2787 24 23 78 80 20 28 29 35
internal_value=-0.000196255 -0.00258924 -0.000945163 -0.0197288 -0.000519919 -0.000308483 -8.12658e-05 0.00219383 -0.00132451 -0.00570042 7.19258e-05 0.000224942 -0.0104831 0.000454311 -0.00623742 0.000816474 -0.0168231 -0.0107186 -0.0240282 -0.0151627 0.00103056 0.000354967 0.00069664 -0.00528967 0.00167895 -0.00278287 0.00108654 0.00122773 -0.00538222 0.00147161 -0.00245105 -2.54021e-05 0.00183624 -0.00477435 -0.025538 0.0022955 -0.0216799 0.00201655 -0.00111647 -0.00965087 -0.0201873 0.00125595 0.000748899 0.00234 0.000769231 0.00160632 -0.0020339 -0.0231551 0.00264251 0.00273878 0 7.1259e-05 0.00211227 0.00289613 -0.0241497 0.00287168 0.00235474 0.00292612 0.00176823 0.00285518 0.00171079 0.00286215
internal_weight=7001 3499 3193 306 3110 3073 3027 3502 582 72 3003 2974 62 2912 149 2763 83 50 234 46 2713 1986 1955 119 502 98 1836 1813 64 1749 148 118 1601 42 209 473 63 1559 145 40 80 105 68 1414 230 196 53 56 1184 1161 49 42 105 2920 44 727 98 2887 100 437 49 1112
internal_count=7001 3499 3193 306 3110 3073 3027 3502 582 72 3003 2974 62 2912 149 2763 83 50 234 46 2713 1986 1955 119 502 98 1836 1813 64 1749 148 118 1601 42 209 473 63 1559 145 40 80 105 68 1414 230 196 53 56 1184 1161 49 42 105 2920 44 727 98 2887 100 437 49 1112
is_linear=0
shrinkage=0.03


Tree=3
num_leaves=59
num_cat=0
split_feature=9 55 54 6 4 46 62 37 53 49 36 14 5 14 54 44 70 52 6 66 61 69 62 4 58 44 4 46 23 20 50 6 4 44 50 42 27 27 34 0 34 54 4 48 59 49 53 65 27 16 4 43 63 47 57 52 15 39
split_gain=50.865 125.384 22.4777 12.3484 27.7871 9.61724 24.9646 11.8819 10.8764 8.16784 6.90449 12.1448 6.82612 6.59232 6.03451 14.2265 6.62078 8.5029 5.8618 10.1955 5.37141 4.92112 4.90614 3.44827 3.21429 20.7926 3.03043 2.60644 2.4999 2.41414 5.00973 2.27445 4.5851 3.97412 2.00441 1.95173 1.9139 1.8451 1.57747 1.42051 1.26067 1.23277 1.09858 1.66355 1.94939 1.00853 1.05705 2.3744 1.80195 0.993023 0.576741 1.19526 0.443151 0.407003 0.293164 0.251102 0.205541 0.0934453
threshold=1.0000000180025095e-35 6.5000000000000009 584.64583333333337 1.5000000000000002 15.500000000000002 32716.729166666668 2083.1458333333335 16742.500000000004 597.50000000000011 182.50000000000003 11636.500000000002 87153.500000000015 3.5000000000000004 85583.375000000015 1750.3750000000002 27224.500000000004 121663.04166666667 2001.5000000000002 8.5000000000000018 2460.7083333333339 2598.5000000000005 109139.00000000001 2479.6875000000005 6.5000000000000009 2118.9791666666674 28591.500000000004 18.500000000000004 33815.187500000007 53.48647350000001 -1.7135416666666667 304.54166666666669 2.5000000000000004 16.500000000000004 32519.500000000004 234.52083333333337 48386.500000000007 12.493026207407771 18.396361113411917 -0.016157411021012532 119571.50000000001 -0.66524629859650009 1198.4583333333337 17.500000000000004 90.500000000000014 456.50000000000006 2675.5000000000005 961.50000000000011 2112.5000000000005 8.5181971298408872 1058.0000000000002 7.5000000000000009 32503.500000000004 7040.0000000000009 198.50000000000003 6124.5000000000009 448.00000000000006 4704.8619203012522 29970.000000000004
decision_type=2 2 2 2 2 2 2 2 2 2 2 2 2 2 2 2 2 2 2 2 2 2 2 2 2 2 2 2 2 2 2 2 2 2 2 2 2 2 2 2 2 2 2 2 2 2 2 2 2 2 2 2 2 2 2 2 2 2
left_child=1 22 13 4 23 8 9 12 20 -7 11 -11 -8 -3 15 -10 18 39 24 21 28 41 35 -2 25 -17 27 40 -4 30 -26 32 50 56 -27 -1 -14 -16 -35 -18 -6 -20 55 -44 49 46 47 -31 -49 -45 51 -5 57 -12 -52 -33 -34 -46
right_child=3 2 5 31 26 6 7 -9 14 10 53 -13 36 -15 37 16 17 -19 19 -21 -22 -23 -24 -25 29 34 -28 -29 -30 45 -32 42 33 38 -36 -37 -38 -39 -40 -41 -42 -43 43 44 52 -47 -48 48 -50 -51 54 -53 -54 -55 -56 -57 -58 -59
leaf_value=-0.16428114000000002 -0.16428114000000002 -0.16428114000000002 -0.16428114000000002 -0.39929765961555913 -0.90580447161565547 -0.16428114000000002 -0.1480333390282417 -0.16428114000000002 -0.16428114000000002 0.36269156999999996 -0.16853317404974391 -0.16428114000000002 -0.16428114000000002 -0.16428114000000002 0.053913570000000008 -0.10917666687741211 -0.16496559792747131 -0.079600140113566073 -0.10951095002548097 -0.13605413999999999 -0.16428114000000002 -0.13690094999999997 -0.16428114000000002 27.997960253542441 -0.16468614001164214 -0.16428114000000002 -0.16428114000000002 -0.16428114000000002 0.025479659977751073 -0.16815960009445266 0.50789376162273647 1.5019633344215617 0.2028927039422698 -2.731469513953654 0.050393759999999996 -0.16428114000000002 0.10952076000000001 -0.13690094999999997 -1.0984045003555236 0.081260014024214747 -1.1921984537282297 0.19769376 -0.15653813936026631 -0.61277406843456472 0.25083567087439879 -0.046981140000000018 0.087817386136191541 -0.1642764258011864 0.14035536427124534 -0.012743618639007323 25.100450921837815 0.57112401004148627 -0.004408138663723484 0.024839760000000002 2.1134690021145488 52.74243231392726 -0.066252624049749187 0.63161095233877307
leaf_weight=189 31 37 22 23 31 34 38 54 23 30 20 21 20 34 638 37 20 31 28 20 20 36 25 279 20 21 31 36 20 23 31 35 21 22 161 25 33 25 21 31 26 76 21 20 35 36 588 29 150 35 225 33 30 270 27 2760 20 323
leaf_count=189 31 37 22 23 31 34 38 54 23 30 20 21 20 34 638 37 20 31 28 20 20 36 25 279 20 21 31 36 20 23 31 35 21 22 161 25 33 25 21 31 26 76 21 20 35 36 588 29 150 35 225 33 30 270 27 2760 20 323
internal_value=-0.000247675 -0.00327458 -0.00141422 0.00191232 -0.002868 -0.000958904 -0.00460873 -0.0151757 -4.74569e-05 -0.000511863 0.000879508 -0.00927593 -0.00849616 -0.0180591 0.000330517 -0.000811109 -0.000405799 -0.00866017 0.000131359 -0.00522798 -0.0124155 -0.00233405 -0.0240903 0.00192519 0.000916887 -0.0023277 -0.014867 -0.017594 -0.00619952 0.0017307 -0.00457926 0.00248144 0.000313696 -0.00588585 0.00182867 -0.0255722 -0.00146893 0.00267833 -0.0122506 -0.00105675 -0.0216462 0.000951009 0.00274125 0.00137686 0.00177387 0.00212444 0.00235034 0.000460168 0.00164154 -0.00348457 0.00201558 -0.000695187 0.0025277 0.00267839 0.00262991 0.00296662 0.000729927 0.00282323
internal_weight=7001 2916 2677 4085 434 2606 520 145 2086 375 341 51 91 71 2024 1361 1338 82 1256 160 62 140 239 310 1096 219 124 93 42 877 51 3651 392 84 182 214 53 663 43 51 57 104 3259 464 443 826 790 202 179 55 308 56 388 290 252 2795 41 358
internal_count=7001 2916 2677 4085 434 2606 520 145 2086 375 341 51 91 71 2024 1361 1338 82 1256 160 62 140 239 310 1096 219 124 93 42 877 51 3651 392 84 182 214 53 663 43 51 57 104 3259 464 443 826 790 202 179 55 308 56 388 290 252 2795 41 358
is_linear=0
shrinkage=0.03


Tree=4
num_leaves=63
num_cat=0
split_feature=9 55 54 45 4 45 46 62 37 53 5 47 36 32 53 37 62 23 38 47 52 4 4 20 51 0 38 46 32 46 15 4 44 44 51 45 29 4 50 21 4 58 15 46 59 31 58 26 58 42 50 5 27 0 28 42 36 41 1 50 58 15
split_gain=48.0258 125.384 22.4777 12.1207 29.9017 11.832 11.0435 24.9646 11.8819 11.4843 6.82612 5.99977 6.86451 12.1448 5.52764 5.29852 4.90614 4.75511 7.70212 5.58661 4.62877 4.541 3.39702 2.95299 6.19731 2.86374 2.84034 6.77253 2.6425 11.4626 3.08915 2.53235 2.93312 2.43766 9.33157 2.4165 1.95173 1.91778 4.90021 1.9139 1.66767 2.25085 2.03457 1.53289 1.36062 1.46596 1.33445 1.52354 1.10444 5.45399 2.15512 0.93415 1.89129 0.856475 0.824056 0.597937 0.58708 0.386092 0.385139 0.367821 0.350645 0.33027
threshold=1.0000000180025095e-35 6.5000000000000009 584.64583333333337 33206.500000000007 15.500000000000002 27239.500000000004 32716.729166666668 2083.1458333333335 16742.500000000004 597.50000000000011 3.5000000000000004 195.50000000000003 11636.500000000002 55.912316894236639 716.50000000000011 27948.500000000004 2479.6875000000005 39.422121000000011 12305.41666666667 816.50000000000011 782.50000000000011 18.500000000000004 16.500000000000004 -1.7135416666666667 1380.5000000000002 87721.500000000015 9226.1666666666679 30546.166666666672 64.384539856287716 31346.666666666672 14541.766736606651 6.5000000000000009 33753.000000000007 27239.500000000004 1749.5000000000002 33815.500000000007 65.872401334420161 6.5000000000000009 212.83333333333334 2.7508652884047735 17.500000000000004 2204.8125000000005 5083.1088459632656 33815.187500000007 456.50000000000006 55.302208052521102 2635.2500000000005 76.927218104166684 2068.041666666667 30863.916666666668 232.85416666666671 3.5000000000000004 15.300481532633825 94419.000000000015 -2.0595320000000039 37144.270833333343 29432.500000000004 36803.000000000007 8.3250000000000011 157.75000000000003 746.97916666666686 5303.3633888197328
decision_type=2 2 2 2 2 2 2 2 2 2 2 2 2 2 2 2 2 2 2 2 2 2 2 2 2 2 2 2 2 2 2 2 2 2 2 2 2 2 2 2 2 2 2 2 2 2 2 2 2 2 2 2 2 2 2 2 2 2 2 2 2 2
left_child=1 16 14 37 31 25 9 11 10 20 -9 15 13 -13 -3 -8 36 18 19 -11 -7 22 61 24 -19 -4 27 -25 33 -30 -31 32 -5 34 -28 -23 -1 38 -2 -12 56 42 -42 54 45 -43 47 -40 49 -35 -51 -32 -53 -20 -24 -44 60 -14 -48 -46 -39 -6
right_child=3 2 5 4 21 6 7 8 -10 17 39 12 57 -15 -16 -17 -18 23 53 -21 -22 35 43 26 -26 -27 28 -29 29 30 51 -33 -34 48 -36 -37 -38 40 46 -41 41 44 55 -45 59 -47 58 -49 -50 50 -52 52 -54 -55 -56 -57 -58 -59 -60 -61 -62 -63
leaf_value=-0.15935270580000002 -1.036648599452034 -0.15935270580000002 -0.15934813302715081 0.17235600802871343 -1.5013846152230328 -0.15935270580000002 -0.15935270580000002 -0.14359233885739445 -0.15935270580000002 -0.072819325799999987 -0.15935270580000002 0.35181082289999999 -0.15935270033284524 -0.15935270580000002 -0.15935270580000002 0.54684978772166726 -0.15935270580000002 -0.16177055578447078 -0.15935270580000002 -0.13279392149999997 -0.15935270580000002 0.035879194199999985 -1.744139938184881 0.13508704841591421 0.51796820958017475 -0.11156043999238471 -0.15935270580000002 -0.13708143526695887 -0.13279392149999997 -0.067720005792709329 0.082296162900000011 21.566179162896262 -0.15935270580000002 -0.10455183999367766 0.052296162900000019 -0.15935270580000002 -0.15935270580000002 -0.21949659336658675 -1.0724184382348814 0.1088279472 -0.52501196837546549 -0.45339084875081231 0.90244857072122531 -0.15935270580000002 -0.0076772946792576556 0.13910507829967494 -0.21373683183148856 0.56584077995596549 0.082296162900000011 -0.15935270580000002 0.078497989059961581 0.052296162900000019 -0.077212135910159088 0.24636294719999999 -0.8769119731648205 -0.26190158838055894 -0.46673033076166348 0.024094567200000003 4.9797350212179721 0.55566397796835432 79.050830186257727 -1.8519410596821906
leaf_weight=189 21 34 20 20 20 34 22 38 54 25 20 30 21 21 37 20 25 35 20 20 28 20 23 32 43 20 20 20 28 24 178 374 20 24 58 20 25 25 27 33 23 24 25 24 20 29 20 29 1142 20 191 32 20 52 33 27 26 261 155 354 2706 20
leaf_count=189 21 34 20 20 20 34 22 38 54 25 20 30 21 21 37 20 25 35 20 20 28 20 23 32 43 20 20 20 28 24 178 374 20 24 58 20 25 25 27 33 23 24 25 24 20 29 20 29 1142 20 191 32 20 52 33 27 26 261 155 354 2706 20
internal_value=-0.000333376 -0.00327458 -0.00141422 0.00176544 -0.00227312 -0.000958904 -0.000704961 -0.00460873 -0.0151757 0.00028591 -0.00849616 -0.000511863 0.00082858 -0.00927593 -0.0180591 -0.0111876 -0.0240903 0.000684945 -0.00517506 -0.0149002 -0.0124155 -0.0132854 -0.0162115 0.00105404 -0.00464789 -0.0171322 0.00130457 -0.00558541 0.00151287 -0.00113789 0.000861865 0.00197778 -0.00516209 0.00202873 -0.0031114 -0.00441396 -0.0255722 0.00242659 -8.33002e-05 -0.00146893 0.00262158 0.00102171 -0.00375499 -0.0198127 0.00186841 -0.00259887 0.00116833 -0.00283422 0.00232227 0.000433858 0.00198958 0.00194263 -0.0015547 0.000873786 -0.0226203 -0.000403071 0.00291176 0.00266927 0.00246716 0.00251002 0.00295485 -0.00890274
internal_weight=7001 2916 2677 4085 574 2606 2566 520 145 2046 91 375 333 51 71 42 239 1984 117 45 62 160 120 1867 78 40 1789 52 1737 282 254 414 40 1455 78 40 214 3511 252 53 3259 502 75 80 427 53 231 56 1377 235 211 230 52 72 56 52 2757 282 175 374 2731 40
internal_count=7001 2916 2677 4085 574 2606 2566 520 145 2046 91 375 333 51 71 42 239 1984 117 45 62 160 120 1867 78 40 1789 52 1737 282 254 414 40 1455 78 40 214 3511 252 53 3259 502 75 80 427 53 231 56 1377 235 211 230 52 72 56 52 2757 282 175 374 2731 40
is_linear=0
shrinkage=0.03


Tree=5
num_leaves=63
num_cat=0
split_feature=9 55 53 46 19 33 45 20 4 46 38 14 27 6 44 53 39 38 7 44 4 49 4 27 5 4 22 20 1 0 46 20 55 17 49 23 30 5 10 6 7 6 28 17 43 4 66 27 33 45 51 23 44 43 14 39 36 44 53 0 52 45
split_gain=49.6363 124.023 20.9548 12.8058 19.6439 13.4926 13.0533 11.5422 21.3908 11.0013 9.18295 23.1908 7.66386 7.55774 18.7803 6.88332 6.804 5.45801 7.03185 5.59499 5.00691 4.61118 4.5749 4.29629 4.18964 4.10343 3.721 3.35469 3.34206 2.86374 2.23965 1.99379 2.44947 1.92809 3.85655 2.08323 1.91657 2.97192 1.70682 3.07837 2.874 2.44289 2.25162 1.6868 1.21988 0.948516 1.22948 0.893938 0.771405 0.710446 0.6952 0.614355 0.293371 0.276593 0.186993 0.183835 1.11118 0.208071 0.50343 0.126224 0.126109 0.120032
threshold=1.0000000180025095e-35 6.5000000000000009 558.50000000000011 32789.854166666672 7.8250000000000002 2.6108430663904154 27239.500000000004 2.7187500000000004 15.500000000000002 32527.937500000004 9677.7916666666697 84637.416666666672 3.4679896699079698 3.5000000000000004 27594.500000000004 734.50000000000011 42807.500000000007 11846.770833333334 19.500000000000004 32429.500000000004 6.5000000000000009 193.50000000000003 18.500000000000004 19.899858776705774 3.5000000000000004 16.500000000000004 -0.099999999999999742 6.7656250000000009 15.975000000000001 87721.500000000015 33815.187500000007 22.370833333333334 5.5000000000000009 31.075000000000006 1599.5000000000002 33.862966500000006 68.475151584439146 3.5000000000000004 0.35201941816566318 3.5000000000000004 17.500000000000004 9.5000000000000018 -1.5688770000000003 4.9250000000000016 28318.000000000004 7.5000000000000009 4358.5000000000009 4.316312450402827 2.9342814285442751 32562.500000000004 1844.5000000000002 37.081273500000002 33450.500000000007 33192.000000000007 83586.291666666672 53588.500000000007 16476.500000000004 31567.500000000004 2051.5000000000005 117514.00000000001 614.50000000000011 27433.500000000004
decision_type=2 2 2 2 2 2 2 2 2 2 2 2 2 2 2 2 2 2 2 2 2 2 2 2 2 2 2 2 2 2 2 2 2 2 2 2 2 2 2 2 2 2 2 2 2 2 2 2 2 2 2 2 2 2 2 2 2 2 2 2 2 2
left_child=1 31 26 6 12 16 29 8 20 49 11 15 -5 14 -12 -8 -6 -16 -19 27 21 -2 25 33 -7 -11 54 -20 -18 -4 53 32 -1 35 -35 -15 43 59 39 40 42 51 -9 -37 50 46 -22 -14 -42 -10 -43 -41 -40 -27 -3 -45 -57 58 -58 -38 -49 -53
right_child=7 2 3 4 5 24 10 38 9 22 13 -13 47 23 17 -17 28 18 19 -21 45 -23 -24 -25 -26 30 -28 -29 -30 -31 -32 -33 -34 34 -36 36 37 -39 52 41 48 44 -44 55 -46 -47 -48 60 -50 -51 -52 61 -54 -55 -56 56 57 -59 -60 -61 -62 -63
leaf_value=-0.15457212462600003 -0.74081967171530727 -0.12457212462600002 -0.1545676890363363 -0.15614468217160568 -0.15457212462600003 -0.15457212462600003 -0.16587764484036319 -0.014326775363392405 0.46729716438271812 -1.8066678125751572 -0.15457212462600003 -0.15457212462600003 -0.0003282698159999864 -0.072241803879716543 -0.15457212462600003 0.13261816352891423 -0.15524429616849589 0.036142439567682552 0.17624493390219667 -0.15909467869766225 -1.8137056114618315 0.04913750701631435 -0.15457212462600003 -0.12881010385499997 0.10556310878400001 -2.611802917303057 -0.15457212462600003 -0.15457212462600003 -0.15457212462600003 -0.10821362679261318 -0.15457212462600003 -0.12547212462599999 -0.15457212462600003 0.10705660352981547 -0.044914018289875665 -0.10141528479386733 0.067490543141880965 -0.074895770492565503 98.80765536725599 -0.023448914645247513 -0.01920768566436637 -1.0323468839700423 -1.0467979728504411 0.050727278013000011 0.87320199924875241 28.225315745097259 9.5484824680330025 0.023371730184000013 0.48927304245155323 -0.080217398038942414 -0.25388700200164366 0.30417662326946232 0.0443843146600831 -0.84373115880886385 -0.15457212462600003 -0.12839463455429953 -0.019380204452168447 0.060552518980305135 0.079827278013000033 0.079827278013000033 0.025091540184000012 2.6095163831973136
leaf_weight=186 24 21 20 29 29 30 20 24 50 38 32 39 22 38 35 100 24 237 47 29 27 34 38 23 49 20 23 30 68 20 24 33 20 53 25 26 20 31 2330 23 22 20 34 917 28 450 32 26 55 20 26 28 30 32 20 35 20 295 41 40 163 676
leaf_count=186 24 21 20 29 29 30 20 24 50 38 32 39 22 38 35 100 24 237 47 29 27 34 38 23 49 20 23 30 68 20 24 33 20 53 25 26 20 31 2330 23 22 20 34 917 28 450 32 26 55 20 26 28 30 32 20 35 20 295 41 40 163 676
internal_value=-0.000397652 -0.00338774 -0.00153748 -0.00112051 -0.00578732 -0.0127286 -0.000173945 0.00173607 -0.00152072 -0.00941468 0.000143453 -0.00678818 0 0.000703612 -0.0029188 -0.000224813 -0.0190256 -0.00103941 0.000104926 -0.00630537 0.00156586 -0.0067642 -0.0139448 0.00165527 -0.00303413 -0.0169588 -0.0184867 -0.00202335 -0.0230293 -0.0171322 -0.0210118 -0.0240903 -0.0252256 0.00184933 -0.00272727 0.00209555 0.00228195 -0.00190999 0.00251661 0.00142613 -0.00275352 0.00213457 -0.0077969 0.00257027 -0.00303644 0.0025221 -0.00101523 0.00198958 0.00101167 0.000385164 -0.00605206 0.00266538 0.00294776 -0.0245873 -0.0239416 0.00272227 0.00214779 0.00265375 0.000981997 0.00194676 0.00266526 0.00282488
internal_weight=7001 2916 2677 2613 440 200 2173 4085 789 222 2133 159 240 1974 410 120 121 378 343 106 567 58 152 1564 79 114 64 77 92 40 76 239 206 1541 78 1463 1425 91 3296 936 135 801 58 1334 74 509 59 211 77 70 46 727 2360 52 41 1308 391 356 61 60 189 704
internal_count=7001 2916 2677 2613 440 200 2173 4085 789 222 2133 159 240 1974 410 120 121 378 343 106 567 58 152 1564 79 114 64 77 92 40 76 239 206 1541 78 1463 1425 91 3296 936 135 801 58 1334 74 509 59 211 77 70 46 727 2360 52 41 1308 391 356 61 60 189 704
is_linear=0
shrinkage=0.03


Tree=6
num_leaves=63
num_cat=0
split_feature=9 55 54 45 46 62 6 4 53 63 38 14 46 47 7 14 4 27 4 62 65 46 62 19 27 4 63 60 0 32 46 54 26 54 13 10 6 7 37 45 29 7 55 23 6 18 47 27 24 46 24 28 30 12 26 45 38 63 1 37 24 45
split_gain=47.273 125.508 22.5081 11.8489 11.2294 24.3407 10.7494 22.7291 10.6954 9.7635 9.32748 29.7017 8.57183 6.76101 6.80489 6.59232 5.59757 5.43367 4.92321 4.90614 4.30335 13.1775 6.36471 4.76396 3.82693 3.55824 3.41216 3.13425 2.86374 2.75573 7.86786 3.16783 3.52274 3.55239 2.6264 2.31795 5.27037 4.03207 2.18361 2.08723 1.95173 1.76829 1.68084 1.5476 1.38237 1.13202 0.983244 0.972302 0.740241 0.698011 2.34996 0.556726 0.50343 0.392975 0.374199 0.983053 0.591984 0.430483 0.271236 0.182934 0.176528 0.16595
threshold=1.0000000180025095e-35 6.5000000000000009 584.64583333333337 27239.500000000004 32834.916666666672 2083.1458333333335 2.5000000000000004 15.500000000000002 549.50000000000011 5701.0000000000009 9677.7916666666697 84637.416666666672 32527.937500000004 195.50000000000003 12.500000000000002 85583.375000000015 18.500000000000004 13.975368052715277 16.500000000000004 2479.6875000000005 6168.0000000000009 27234.354166666672 1460.1250000000002 -1.1249999999999998 19.899858776705774 7.5000000000000009 6774.5000000000009 602.50000000000011 87721.500000000015 64.384539856287716 31346.666666666672 1750.3750000000002 72.919870666666682 1500.1875000000002 78460.500000000015 1.0000000180025095e-35 3.5000000000000004 17.500000000000004 15277.000000000002 33815.500000000007 65.872401334420161 13.500000000000002 5190.0000000000009 31.348176000000006 8.5000000000000018 -2.0249999999999995 419.50000000000006 4.2271452135378969 68.876550000000023 27153.958333333339 70.936142000000004 -1.3935019999999907 55.577817097084385 94805.000000000015 65.097558062500013 29120.500000000004 11444.437500000002 8710.0000000000018 27.725000000000005 10384.500000000002 48.705164000000003 27539.500000000004
decision_type=2 2 2 2 2 2 2 2 2 2 2 2 2 2 2 2 2 2 2 2 2 2 2 2 2 2 2 2 2 2 2 2 2 2 2 2 2 2 2 2 2 2 2 2 2 2 2 2 2 2 2 2 2 2 2 2 2 2 2 2 2 2
left_child=1 19 15 28 8 13 7 25 -5 17 11 34 51 14 -6 -3 18 38 42 40 24 -22 -23 -24 29 27 48 -2 -4 43 -31 32 58 -34 -10 36 37 -8 -7 -18 -1 -29 -14 -12 61 -45 52 -15 -20 50 -37 -9 -46 -49 55 -47 -57 -56 -32 -58 -25 -38
right_child=6 2 3 4 5 9 35 12 10 -11 20 -13 16 47 -16 -17 39 -19 26 -21 21 22 23 60 -26 -27 -28 41 -30 30 31 -33 33 -35 -36 49 44 -39 -40 -41 -42 -43 -44 45 46 54 -48 53 -50 -51 -52 -53 -54 -55 57 56 59 -59 -60 -61 -62 -63
leaf_value=-0.14993496088722003 0.096402334146711371 -0.14993496088722003 -0.14993065836524619 -0.14993496088722003 -0.15360452743132655 -0.1506829917394106 -0.97947364751211297 0.47458059640931327 -0.1609013154951523 0.21980340552048003 -0.069558039678891778 -0.14993496088722003 -1.6743384434780426 -0.00031842172151997695 0.60815561512631922 -0.14993496088722003 0.095399925980991673 -0.092642015924650892 -0.81927840549162612 -0.14993496088722003 -0.14993496088722003 -0.098372826250051323 -0.14984576843072889 0.10997966646021891 -0.12494580073934997 27.400216620626722 -0.74282109720072098 -0.92145479676600039 -0.10496721798883478 -0.043566597741179387 0.096374087719119095 0.077948260281033924 -0.14970621502771189 -0.073565452415532279 0.12942458976471025 -1.9566216475895009 0.26127511091735311 0.13054734899995846 -0.14993496088722003 -0.14993496088722003 -0.14993496088722003 -0.75501199158173904 -0.20976011432454975 -0.14971459887875285 -1.001376477450941 -0.15639451640128321 -0.081285512606303831 -0.14991681241901636 -0.83376661334223612 50.362363011191505 68.368012658158051 -0.13835135765722945 0.34621710493956692 0.023171043443387825 0.049205459672609995 -0.095781832257270869 0.055823064800727247 -0.14993496088722003 -0.042192685077522482 0.16619062112034169 0.089169736556816037 1.6750879112266459
leaf_weight=189 60 37 20 36 22 23 34 42 20 23 34 46 22 20 20 34 23 22 40 25 21 22 25 20 25 472 20 22 20 23 37 178 27 20 110 20 22 28 61 20 25 36 21 27 20 34 36 20 26 2710 64 22 41 184 964 33 20 20 20 240 169 284
leaf_count=189 60 37 20 36 22 23 34 42 20 23 34 46 22 20 20 34 23 22 40 25 21 22 25 20 25 472 20 22 20 23 37 178 27 20 110 20 22 28 61 20 25 36 21 27 20 34 36 20 26 2710 64 22 41 184 964 33 20 20 20 240 169 284
internal_value=-0.000346231 -0.00326429 -0.00140301 -0.000947393 -0.00069327 -0.00534548 0.00173607 -0.00131824 0.000151997 -0.0160341 0.000427146 -0.00618399 -0.00918678 -0.000146561 -0.0111876 -0.0180591 -0.0126729 -0.0198775 -0.0158017 -0.0240903 0.00102292 -0.00259043 -0.000546379 0.00102289 0.00157041 0.00182511 -0.0199652 -0.00281964 -0.0171322 0.00174587 -0.000825959 0.000542361 -0.00360231 -0.00968153 0.0011299 0.00251112 0.000541819 -0.00758454 -0.023365 -0.00320186 -0.0255722 -0.0077969 -0.00737819 0.0023198 0.00180104 0.00248188 -0.00129763 0.00191432 -0.0232829 0.00283777 0.000107016 0.000140406 0.000981997 0.00254287 0.0026085 0.0017059 0.00227226 0.00290519 0.00136602 0.00275663 0.00266526 0.0027932
internal_weight=7001 2916 2677 2606 2566 395 4085 826 2171 129 2135 176 236 266 42 71 172 106 129 239 1959 257 236 214 1702 590 86 118 40 1677 305 282 104 47 130 3259 465 62 84 43 214 58 43 1372 403 1338 97 224 66 2794 84 64 61 204 1311 327 293 984 57 260 189 306
internal_count=7001 2916 2677 2606 2566 395 4085 826 2171 129 2135 176 236 266 42 71 172 106 129 239 1959 257 236 214 1702 590 86 118 40 1677 305 282 104 47 130 3259 465 62 84 43 214 58 43 1372 403 1338 97 224 66 2794 84 64 61 204 1311 327 293 984 57 260 189 306
is_linear=0
shrinkage=0.03


Tree=7
num_leaves=63
num_cat=0
split_feature=55 16 6 55 20 46 37 17 11 34 43 60 16 44 45 54 11 23 38 65 60 51 62 52 38 67 46 19 63 27 15 30 27 27 60 60 46 44 35 43 58 19 23 36 60 33 36 3 22 23 58 65 3 62 45 56 44 45 25 22 34 14
split_gain=36.3523 48.817 16.8883 18.3272 15.3175 13.6257 12.6423 11.5664 11.18 8.54079 9.29195 7.68929 7.68479 7.33427 7.26001 7.43555 6.77594 6.63714 9.5873 5.78786 6.8934 4.88041 4.73945 4.68561 4.03712 17.6933 3.95004 3.80335 3.46256 3.00051 2.80469 2.24881 2.29731 2.28493 2.10982 2.0977 3.44569 2.87226 7.46014 3.21057 2.02924 1.91406 1.78442 1.78425 1.72929 1.72901 1.59561 1.59262 1.4282 1.24965 1.04867 1.02665 0.956415 0.895816 3.1992 0.855089 0.912739 0.838942 0.832614 2.20413 0.778427 0.671616
threshold=6.5000000000000009 -1046.4999999999998 3.5000000000000004 207.50000000000003 21.757291666666671 32873.708333333343 16951.500000000004 19.975000000000005 79118.000000000015 0.21243775060905892 29556.000000000004 776.50000000000011 -4326.4999999999991 33802.500000000007 27224.500000000004 1464.6875000000002 109724.00000000001 33.862966500000006 12341.708333333334 3316.5000000000005 1753.5000000000002 1225.5000000000002 2359.8750000000005 600.50000000000011 9278.4375000000018 100978.50000000001 33865.041666666679 -5.9749999999999988 6774.5000000000009 20.371805775721754 5083.1088459632656 59.085308174929658 7.1272830193407044 4.1071066407557408 776.50000000000011 4584.0000000000009 32789.854166666672 31884.000000000004 27578.500000000004 31789.500000000004 3257.104166666667 6.6250000000000009 61.187628000000011 10096.500000000002 619.50000000000011 4.4111167489555836 10182.000000000002 62.86388036797856 -0.45000000000000057 59.911583500000006 1864.4166666666667 1242.5000000000002 70.058877266156443 1157.4166666666667 27959.000000000004 6412.5000000000009 29156.500000000004 33867.500000000007 64.583915000000005 0.37500000000000006 0.1170777398577947 109736.85416666667
decision_type=2 2 2 2 2 2 2 2 2 2 2 2 2 2 2 2 2 2 2 2 2 2 2 2 2 2 2 2 2 2 2 2 2 2 2 2 2 2 2 2 2 2 2 2 2 2 2 2 2 2 2 2 2 2 2 2 2 2 2 2 2 2
left_child=1 4 3 41 8 14 19 9 30 11 28 31 -6 23 15 -4 49 18 -16 -7 -21 -15 27 -12 25 43 46 -10 -11 35 -1 32 -5 -33 -25 52 37 38 39 51 61 45 -35 -19 -29 57 -13 -47 -43 -3 -34 -37 53 54 -26 -56 58 -2 59 -57 -48 -36
right_child=2 16 5 7 12 6 -8 -9 22 10 13 26 -14 21 17 -17 -18 24 -20 20 -22 -23 -24 34 29 -27 -28 44 -30 -31 -32 33 50 42 40 36 -38 -39 -40 -41 -42 48 -44 -45 -46 47 60 -49 -50 -51 -52 -53 -54 -55 55 56 -58 -59 -60 -61 -62 -63
leaf_value=-0.11843691121123721 0.06823689328301602 -0.14543691206060341 -0.14543273861428882 0.22009990183778863 -0.11720991206060338 0.2158021133548656 -0.14543691206060341 -0.11633691206060338 -0.14543691206060341 -0.14543691206060341 -0.14543691206060341 -0.1504755565680985 7.1704679442842716 -0.14686560643337068 -0.11916680524417692 0.088021561511675589 -0.14543691206060341 0.25281205895996445 0.24658473592183053 1.8926418470442352 -0.11817015709803431 -0.14536406913811442 -0.14543691206060341 -0.53996512647802963 -0.15242232465278044 -0.14543691206060341 -0.14534573555554431 -0.13643691058538845 -0.14543691206060341 -0.12119742671716947 1.6951013886342825 -1.0435978167149318 -2.4238944483896154 -0.7947000535829335 0.35192385267517839 -0.090600295589603391 -0.11543691206060341 0.074590424169326791 -0.070788167897987433 -0.15430388109805049 -0.14522316091239024 -0.13951270939682262 -0.67514927134468261 -0.15004156498396062 -0.14543691206060341 -0.14921488621257153 0.31199050586807198 0.47335853549971146 -0.10484442612194636 50.652217686885137 -0.33853246184971608 0.079187180049734004 -0.012947246291705624 0.1770720224031419 0.047729295882431702 0.045281466936248765 0.92354253275033837 -0.14538973533347033 14.133249316348266 -1.8646996640913771 -0.13620802161243525 -0.14521502857688051
leaf_weight=20 696 23 29 27 29 94 38 29 23 36 27 20 57 38 37 24 37 216 42 24 25 20 20 36 20 38 28 34 38 23 25 26 20 20 99 20 20 267 20 22 21 23 33 21 136 28 330 25 42 316 29 116 22 2867 407 22 60 21 25 22 20 28
leaf_count=20 696 23 29 27 29 94 38 29 23 36 27 20 57 38 37 24 37 216 42 24 25 20 20 36 20 38 28 34 38 23 25 26 20 20 99 20 20 267 20 22 21 23 33 21 136 28 330 25 42 316 29 116 22 2867 407 22 60 21 25 22 20 28
internal_value=-0.000401937 -0.00678656 0.00032956 -0.00216295 -0.014952 0.00130057 -0.0067587 -0.00507188 -0.0186091 -0.00446267 -0.0081842 -0.00214789 -0.00393728 -0.00557414 0.00163752 -0.00937853 0.000678011 0.00177463 -0.0068268 -0.00264151 -0.010998 -0.0150258 -0.0214829 -0.00295594 0.00193698 -0.00157034 5.27507e-05 -0.0229311 -0.0176113 0.00218301 -0.00492239 -0.00781431 -0.00406045 -0.011378 -0.00122216 0.00224726 0.000348312 0.000903168 -0.00203818 0.000132827 0.000344362 0.00105616 -0.00768362 0.00146774 -0.0244974 0.00147643 0.000883545 -0.00372881 -0.00387097 0.0020171 -0.00794297 0.00187362 0.00250269 0.00254331 0.0014296 0.00187465 -0.000232378 0.00186585 -0.00260492 -0.00510204 0.00136247 0.00179386
internal_weight=7001 720 6281 1760 344 4521 181 925 258 896 343 553 86 269 4340 53 376 4287 79 143 49 58 213 211 4208 275 398 193 74 3933 45 155 76 79 184 3910 465 445 178 158 148 835 53 237 170 770 370 53 65 339 49 136 3445 3423 556 536 129 717 69 44 350 127
internal_count=7001 720 6281 1760 344 4521 181 925 258 896 343 553 86 269 4340 53 376 4287 79 143 49 58 213 211 4208 275 398 193 74 3933 45 155 76 79 184 3910 465 445 178 158 148 835 53 237 170 770 370 53 65 339 49 136 3445 3423 556 536 129 717 69 44 350 127
is_linear=0
shrinkage=0.03


Tree=8
num_leaves=63
num_cat=0
split_feature=9 55 54 45 46 62 53 20 10 49 37 56 33 14 44 10 39 23 35 65 45 62 6 44 7 44 43 44 35 7 53 62 44 16 59 42 10 50 6 20 11 17 6 40 28 34 10 57 15 13 27 6 16 43 28 28 13 46 13 43 16 27
split_gain=45.6487 124.247 22.5384 11.8659 10.9214 24.6885 10.6954 10.1398 12.3398 9.10034 8.08212 7.18329 6.88276 6.59232 6.56847 6.19712 5.88166 5.2043 10.2513 4.82415 10.487 4.80784 3.33075 19.6367 5.31126 9.93408 2.84215 7.93438 7.57107 3.84578 3.62015 2.82819 2.82557 2.56419 3.64823 2.5443 2.50546 4.14114 2.90381 2.22732 1.86871 1.77378 1.58477 1.52839 1.52286 1.49214 1.48948 2.45103 1.43795 1.16536 0.957835 0.777697 1.58571 0.69157 0.59694 0.85499 0.520387 0.499968 0.401209 0.369638 0.369175 0.356965
threshold=1.0000000180025095e-35 6.5000000000000009 584.64583333333337 27239.500000000004 32834.916666666672 2083.1458333333335 549.50000000000011 2.2104166666666671 0.56392291514228221 182.50000000000003 16742.500000000004 977.00000000000011 2.7627362919810294 85583.375000000015 32524.500000000004 1.0000000180025095e-35 42874.000000000007 35.613921000000005 14682.000000000002 191.00000000000003 32404.500000000004 2479.6875000000005 3.5000000000000004 27594.500000000004 20.500000000000004 32429.500000000004 30987.500000000004 31769.500000000004 14623.500000000002 18.500000000000004 2044.5000000000002 2203.9166666666674 33809.500000000007 -758.99999999999989 657.50000000000011 48386.500000000007 0.35201941816566318 103.39583333333336 9.5000000000000018 17.384375000000002 87721.500000000015 4.9250000000000016 3.5000000000000004 40925.500000000007 -4.242124999999997 -0.11200707508065831 0.74305326206722599 4155.0000000000009 10066.841526657341 118501.00000000001 17.076304638470358 8.5000000000000018 2897.5000000000005 28228.500000000004 -1.5688770000000003 1.0279585000000007 102887.00000000001 31842.020833333339 88875.500000000015 33453.500000000007 97.500000000000014 4.1071066407557408
decision_type=2 2 2 2 2 2 2 2 2 2 2 2 2 2 2 2 2 2 2 2 2 2 2 2 2 2 2 2 2 2 2 2 2 2 2 2 2 2 2 2 2 2 2 2 2 2 2 2 2 2 2 2 2 2 2 2 2 2 2 2 2 2
left_child=1 21 13 40 6 9 -5 8 11 -6 12 33 16 -3 -13 -16 -7 18 48 20 -19 35 23 -21 58 49 41 28 -28 31 -31 50 56 34 -2 -1 37 -9 42 -29 -4 -24 43 54 -40 -36 47 -10 -8 -26 -30 -44 -53 -46 -39 -56 -17 -41 -25 -38 -61 -11
right_child=7 2 3 4 5 10 17 36 46 61 -12 14 -14 -15 15 32 -18 19 -20 22 -22 -23 26 24 25 -27 27 39 29 30 -32 -33 -34 -35 45 -37 59 38 44 57 -42 -43 51 -45 53 -47 -48 -49 -50 -51 -52 52 -54 -55 55 -57 -58 -59 -60 60 -62 -63
leaf_value=-0.1410738046987853 0.067516869981637292 -0.14480824516895036 -0.14106975645586017 -0.1410738046987853 -0.14102543894078898 -0.075552475654620657 -0.1410738046987853 -1.3090468039447467 0.61477258812335678 -0.0023559758683648633 -0.1410738046987853 -0.0047958270990635593 0.10181773694624438 -0.1410738046987853 -0.14104918231569022 -2.3511776149379267 -0.14195746839336792 0.11193936428737224 0.23918719384417558 -0.1410738046987853 -0.1410738046987853 -0.1410738046987853 -0.090848971722966368 -0.088990271600299126 0.07641124954577759 -0.15238360306370333 -0.14654994936228788 -0.1410738046987853 0.080585412315373237 -0.069217742674752475 0.068082554190751737 -0.15322962356413022 -0.12095064052947012 0.74651390850961385 -0.99762771101541559 -0.1410738046987853 91.48664920604314 0.34435220937972799 -1.7527485860703578 -0.11947342826946239 -0.09203194669087561 0.070681240709091972 3.623964727730594 -1.3169294918561918 -1.2570539371456757 -0.10050073667610329 31.570949934723949 -1.8359833993821491 -0.1118619079032781 -0.14107648047248006 -0.011853517737067765 0.23051891206913735 -0.08175936480711378 0.9124322216421854 -0.20931984216724278 0.46843084343045233 -0.77508798233699905 0.035724349518628247 0.11458969144668878 -0.35097707442556025 100.71127163292573 0.019928340176687875
leaf_weight=189 45 37 20 36 34 20 20 30 75 30 49 39 25 34 37 20 35 29 45 28 20 25 26 20 43 23 33 31 107 27 20 20 27 80 25 25 2345 43 21 28 20 838 607 20 33 22 319 32 20 20 21 95 25 20 22 34 28 489 227 20 21 202
leaf_count=189 45 37 20 36 34 20 20 30 75 30 49 39 25 34 37 20 35 29 45 28 20 25 26 20 43 23 33 31 107 27 20 20 27 80 25 25 2345 43 21 28 20 838 607 20 33 22 319 32 20 20 21 95 25 20 22 34 28 489 227 20 21 202
internal_value=-0.000376226 -0.00324372 -0.0013918 -0.000935881 -0.000681579 -0.00526955 0.000151997 0.00166997 -0.00148178 -3.38218e-05 -0.0160341 -0.00590529 -0.0100749 -0.0180591 -0.0106817 -0.0143711 -0.0160073 0.000427146 -0.00683901 0.000730208 -0.00855397 -0.0239649 0.000959472 -0.00164497 0.000378265 -0.00602787 0.00153466 0.000212602 -0.00448487 -0.00221425 -0.00968153 0.000141796 -0.0193342 -0.00169088 -0.00511401 -0.025432 0.00237853 0.00107041 0.00143137 0.00217296 -0.0171322 0.00271844 0.0019324 -0.00125945 -0.00425101 -0.0109554 0.00186576 -0.00117647 -0.0178803 9.50873e-05 0.00180328 0.00245908 0.000224813 -0.00146893 0.00024218 -0.00176471 -0.023763 0.00264552 0.00262242 0.00289803 1.09855e-10 0.002081
internal_weight=7001 2916 2677 2606 2566 395 2171 4085 749 266 129 323 80 71 151 112 55 2135 85 2050 49 239 2001 361 333 86 1640 776 228 195 47 148 75 172 92 214 3336 950 920 548 40 864 846 119 74 47 426 107 40 63 128 727 120 53 99 56 48 517 247 2386 41 232
internal_count=7001 2916 2677 2606 2566 395 2171 4085 749 266 129 323 80 71 151 112 55 2135 85 2050 49 239 2001 361 333 86 1640 776 228 195 47 148 75 172 92 214 3336 950 920 548 40 864 846 119 74 47 426 107 40 63 128 727 120 53 99 56 48 517 247 2386 41 232
is_linear=0
shrinkage=0.03


Tree=9
num_leaves=63
num_cat=0
split_feature=9 55 53 45 46 19 38 14 46 55 27 63 53 51 44 45 38 10 14 0 27 22 43 18 28 10 10 50 32 46 47 0 18 65 15 55 40 60 44 46 16 57 43 65 14 45 55 55 14 50 18 53 23 46 50 49 61 45 57 58 44 24
split_gain=46.0039 124.37 21.3458 11.8302 10.954 23.5058 10.3522 27.8091 9.61817 11.4523 8.41132 8.28731 7.03887 5.90148 15.9483 4.64201 5.37357 4.48641 4.34966 4.17606 3.99971 3.721 3.59581 3.56643 3.40882 3.29377 3.28996 3.21311 3.06004 7.74573 3.96455 2.86374 2.85615 2.58689 2.36905 2.33305 2.27975 2.96053 2.15445 3.91466 2.04816 1.85915 1.77723 1.66661 5.00119 0.872867 3.90402 0.631323 0.60657 2.39696 1.26728 0.555364 0.541233 0.532571 0.476409 0.458056 0.41027 0.367335 0.366726 0.338248 0.192296 0.216412
threshold=1.0000000180025095e-35 6.5000000000000009 558.50000000000011 27239.500000000004 32851.020833333343 7.8250000000000002 9677.7916666666697 84637.416666666672 33465.937500000007 3702.5000000000005 3.4679896699079698 4575.5000000000009 734.50000000000011 984.50000000000011 27224.500000000004 29800.500000000004 11846.770833333334 0.56392291514228221 86407.729166666672 101160.50000000001 19.899858776705774 -0.099999999999999742 29556.000000000004 -0.42499999999999999 -0.52537699999999876 0.35201941816566318 1.0000000180025095e-35 103.39583333333336 64.384539856287716 31346.666666666672 1004.5000000000001 87721.500000000015 4.0250000000000012 2763.0000000000005 12735.756101914243 5.5000000000000009 40990.500000000007 849.50000000000011 31597.500000000004 31560.208333333336 -1320.4999999999998 5916.0000000000009 27142.000000000004 7322.5000000000009 79900.687500000015 33459.000000000007 1030.5000000000002 5848.5000000000009 95141.166666666686 842.75000000000011 26.925000000000001 1935.5000000000002 33.862966500000006 33911.395833333336 209.91666666666671 191.50000000000003 4053.0000000000005 27316.000000000004 1.5000000000000002 746.97916666666686 25524.500000000004 79.961490000000012
decision_type=2 2 2 2 2 2 2 2 2 2 2 2 2 2 2 2 2 2 2 2 2 2 2 2 2 2 2 2 2 2 2 2 2 2 2 2 2 2 2 2 2 2 2 2 2 2 2 2 2 2 2 2 2 2 2 2 2 2 2 2 2 2
left_child=1 34 21 31 6 10 7 12 25 26 -6 19 -5 14 -8 -16 18 24 -17 -7 28 -3 -18 -24 40 27 -10 -2 43 -30 -31 -4 36 -13 35 -1 55 -38 39 -32 -11 53 -34 52 -45 59 -47 -19 49 50 51 54 -15 -28 -44 -29 -21 -56 -12 -27 61 -61
right_child=8 2 3 4 5 11 13 -9 9 17 58 33 -14 20 15 16 22 47 -20 56 -22 -23 23 -25 -26 45 41 32 29 30 38 -33 42 -35 -36 -37 37 -39 -40 -41 -42 -43 48 44 -46 46 -48 -49 -50 -51 -52 -53 -54 -55 57 -57 -58 -59 -60 60 -62 -63
leaf_value=-0.13684159055782175 -1.2697753998264041 -0.13684159055782175 -0.13683766376218434 -0.14962222508109058 -0.13987150951325797 -0.073863768512844166 -0.13684159055782175 -0.13684159055782175 -0.10074259654418297 -0.75723378278699327 -0.0022852965923139301 0.20512879207558249 0.11819647303673848 -0.061056947178534632 0.069358883282746669 -0.13672955734371681 -0.13684418605830564 -1.1422818197335629 -0.13684159055782175 -0.13788838699447567 -0.11296461520873047 -0.13684159055782175 -0.13629495799310742 0.11115200070328811 -0.46343795067482463 2.6092946957151515 34.143238575869098 -0.6534704418195566 -0.04113282293112501 -0.14269020862311985 0.082723356919746333 -0.094547147502370935 -0.86578604661099801 -0.13671552468311537 -0.13841347646413002 -0.13684159055782175 -0.14772101952131045 -1.4296338081935278 0.069080222752659445 -0.06714121039450989 -0.25121665683955813 -1.5401223529176176 -0.1177097416889243 -0.088860263979543649 0.12170074771436273 16.236511082808253 -1.8537515402433604 0.56946627470405153 3.311678033028524 -1.4873617051638215 -0.045521096207229772 -0.36470261638508999 0.044176979784685981 -0.11092263281611862 -0.014426296449860895 0.44820097867143022 -0.13684159055782175 0.93178793920561043 0.021414703407686069 -4.5865814844203676 89.405545038360074 153.23335167765535
leaf_weight=194 30 41 20 20 28 34 23 46 35 20 20 23 115 39 160 21 26 24 20 22 24 23 35 108 34 25 234 30 23 22 46 20 33 20 25 20 38 33 199 21 30 21 26 20 61 82 20 21 333 20 21 31 1162 25 21 42 44 383 191 20 2430 23
leaf_count=194 30 41 20 20 28 34 23 46 35 20 20 23 115 39 160 21 26 24 20 22 24 23 35 108 34 25 234 30 23 22 46 20 33 20 25 20 38 33 199 21 30 21 26 20 61 82 20 21 333 20 21 31 1162 25 21 42 44 383 191 20 2430 23
internal_value=-0.000354801 -0.00323343 -0.0013806 -0.000959779 -0.000706541 -0.00539388 0.000109534 -0.0067587 0.00169935 -0.00246566 0.000351318 -0.0150105 8.88232e-05 0.000729815 -0.00256423 -0.00104566 -0.00398382 -0.00999225 -0.0137226 -0.0197502 0.00153237 -0.0184867 -0.00159669 0.000251572 -0.0140904 0.00220812 0.00060933 0.000778023 0.00171741 -0.000945034 0.000385283 -0.0171322 0.00106814 -0.00389791 -0.0239649 -0.0250117 -0.00285115 -0.00666667 0.00140924 -0.00321908 -0.0191018 0.00170296 0.00171754 0.00236565 -0.00177559 0.00277951 2.93831e-05 -0.00226164 0.00199018 0.00132045 0.0017486 0.00208198 0.00264757 0.00240834 0.00236457 0.000873786 -0.0241906 0.00262064 0.00241592 0.0028906 0.00292588 0.000835267
internal_weight=7001 2916 2677 2613 2573 382 2191 181 4085 444 239 143 135 2010 393 370 210 129 41 100 1617 64 169 143 84 3641 315 1041 1593 311 288 40 1011 43 239 214 143 71 266 67 50 280 868 1282 81 2600 102 45 835 502 482 461 1201 259 430 72 66 404 211 2498 2473 43
internal_count=7001 2916 2677 2613 2573 382 2191 181 4085 444 239 143 135 2010 393 370 210 129 41 100 1617 64 169 143 84 3641 315 1041 1593 311 288 40 1011 43 239 214 143 71 266 67 50 280 868 1282 81 2600 102 45 835 502 482 461 1201 259 430 72 66 404 211 2498 2473 43
is_linear=0
shrinkage=0.03


Tree=10
num_leaves=63
num_cat=0
split_feature=9 55 54 45 46 62 37 6 10 33 49 44 6 38 42 14 56 43 39 62 38 43 44 49 10 45 32 46 51 7 58 54 26 32 0 10 6 6 29 46 7 55 34 16 59 16 58 19 56 10 3 37 55 24 13 28 62 14 14 34 45 27
split_gain=47.0513 123.877 21.3226 11.7981 11.9065 23.1999 11.1492 8.66441 11.0771 7.94506 7.80106 6.85564 20.8972 6.82857 13.667 6.01939 5.71969 7.26987 5.18898 4.80784 4.74866 16.3469 16.3612 5.19859 4.63867 5.10793 3.27426 11.0593 4.35899 3.58549 4.72055 3.46641 3.55298 3.09687 2.86374 2.6099 3.32941 2.99259 2.5443 2.4051 2.15222 2.52218 3.44333 2.07122 2.02515 2.243 1.67357 1.669 1.41417 2.22286 1.31924 1.20516 1.16996 1.02678 0.942739 0.862485 0.77124 0.704619 1.53302 0.602138 0.442792 0.407816
threshold=1.0000000180025095e-35 6.5000000000000009 584.64583333333337 27239.500000000004 32716.729166666668 2083.1458333333335 16742.500000000004 2.5000000000000004 0.56392291514228221 2.7627362919810294 182.50000000000003 27239.500000000004 3.5000000000000004 11757.375000000002 44143.041666666679 85583.375000000015 977.00000000000011 32578.500000000004 42874.000000000007 2479.6875000000005 11654.60416666667 31107.000000000004 31769.500000000004 173.50000000000003 1.0000000180025095e-35 33834.500000000007 64.384539856287716 31346.666666666672 703.50000000000011 17.500000000000004 3331.6875000000005 1750.3750000000002 72.919870666666682 65.769730232286818 87721.500000000015 0.35201941816566318 3.5000000000000004 8.5000000000000018 65.872401334420161 29209.687500000004 17.500000000000004 7636.5000000000009 -0.10049133507160944 -90.499999999999986 657.50000000000011 -790.49999999999989 2388.229166666667 -1.825 4184.5000000000009 0.74305326206722599 54.240520424954468 19382.000000000004 5786.0000000000009 55.002879000000007 98410.500000000015 -3.1594444999999989 2034.2083333333337 79460.416666666672 78306.437500000015 -0.63485035604860929 29066.000000000004 4.8634873158457319
decision_type=2 2 2 2 2 2 2 2 2 2 2 2 2 2 2 2 2 2 2 2 2 2 2 2 2 2 2 2 2 2 2 2 2 2 2 2 2 2 2 2 2 2 2 2 2 2 2 2 2 2 2 2 2 2 2 2 2 2 2 2 2 2
left_child=1 19 15 34 11 10 9 8 16 18 -6 12 -5 14 -12 -3 44 56 -7 38 21 23 -23 -13 -19 51 28 -28 29 -22 50 32 -29 -34 -4 36 40 -38 -1 43 41 42 -9 46 59 47 -39 -46 -10 52 -31 -26 -50 55 -24 -41 -18 58 -30 -2 -42 -15
right_child=7 2 3 4 5 6 -8 35 48 -11 13 20 -14 61 -16 -17 17 24 -20 -21 26 22 54 -25 25 -27 27 31 57 30 -32 -33 33 -35 -36 -37 37 39 -40 53 60 -43 -44 -45 45 -47 -48 -49 49 -51 -52 -53 -54 -55 -56 -57 -58 -59 -60 -61 -62 -63
leaf_value=-0.1327363428410871 -0.16714734646585633 -0.13620739910147034 -0.13273253384931882 -0.1327363428410871 -0.13265802416273104 -0.069177513279826547 -0.1327363428410871 -1.6597961140472937 30.891556896325572 0.10198611921302041 0.0088068296268883628 -0.13326833675917027 0.042851670391145409 0.002349453635029961 -0.1327363428410871 -0.1327363428410871 -0.18532598175789966 -0.12930856481927963 -0.13352639652474774 -0.13268918626389783 0.11191702830559229 -0.13118405294194302 0.071905137782577663 0.1093302614771829 -2.3168610922963371 -0.37130541706880899 -0.10987948246937705 0.083245235132427417 0.040231860391145437 -0.13273886047655648 -0.13884728347039041 0.067215956794926937 -0.13840908370421098 -0.010335839259271066 -0.091710733077299822 91.214566222654256 3.5573774689634297 -1.0883579597916855 -0.1327363428410871 0.06018378804415437 -0.025898661959866853 0.057827646794818416 -0.27664050463947981 -1.4170327654533597 -0.091088387095758741 0.010416914179870585 0.21223004543471641 -1.5094752399190055 -1.8272584681383224 5.9677072827256801 0.026061811231583677 -0.73661828524851236 -0.23659536111185472 0.95935983832873717 -0.10776242527457981 -0.047724493820708404 0.10056130130708771 0.071899786049233347 -0.086194456060157354 0.71461707346425696 0.45247570896910727 0.026764293441790581
leaf_weight=189 20 37 20 35 34 20 54 27 372 34 35 20 62 50 23 34 30 36 37 25 49 43 25 234 23 20 28 57 38 20 28 178 23 30 20 2329 612 20 25 28 21 21 20 21 21 39 24 26 20 60 26 34 20 81 20 20 30 1110 20 75 35 233
leaf_count=189 20 37 20 35 34 20 54 27 372 34 35 20 62 50 23 34 30 36 37 25 49 43 25 234 23 20 28 57 38 20 28 178 23 30 20 2329 612 20 25 28 21 21 20 21 21 39 24 26 20 60 26 34 20 81 20 20 30 1110 20 75 35 233
internal_value=-0.000363371 -0.00327458 -0.00142542 -0.000981927 -0.000728342 -0.00478177 -0.014969 0.00171403 -0.00102772 -0.00849616 -0.000831778 0.000300572 -0.00747683 0.000527705 -0.0088296 -0.0176371 -0.00504095 -0.00894281 -0.0153415 -0.0239649 0.000689549 -0.00251681 -0.0136549 0.00133412 -0.0134218 -0.0175875 0.0013739 -0.00135717 0.00204477 -0.00331438 -0.00748988 0.000385283 -0.00378747 -0.00937853 -0.0171322 0.00240987 0.00106118 0.00176777 -0.025432 -0.00146832 -0.00350524 -0.00709251 -0.0109554 -0.00617511 -0.0012921 -0.00463415 -0.00238095 -0.00904459 0.00197628 -0.00116883 -0.00149675 -0.0221716 -0.00665835 0.000883036 -0.000931264 -0.00255717 -0.000449251 0.00261193 -0.000567986 0.00170347 0.000802139 0.0024585
internal_weight=7001 2916 2677 2606 2566 520 145 4085 826 91 375 2046 97 341 58 71 354 173 57 239 1949 342 88 254 113 77 1607 316 1291 123 74 288 110 53 40 3259 930 806 214 194 124 68 47 65 181 86 44 47 472 100 46 57 40 129 45 48 60 1168 58 95 56 283
internal_count=7001 2916 2677 2606 2566 520 145 4085 826 91 375 2046 97 341 58 71 354 173 57 239 1949 342 88 254 113 77 1607 316 1291 123 74 288 110 53 40 3259 930 806 214 194 124 68 47 65 181 86 44 47 472 100 46 57 40 129 45 48 60 1168 58 95 56 283
is_linear=0
shrinkage=0.03


Tree=11
num_leaves=63
num_cat=0
split_feature=9 55 54 45 6 4 53 43 43 62 7 36 33 61 64 62 24 55 23 36 0 4 64 65 0 65 15 26 10 6 62 22 17 29 63 57 28 33 7 63 31 3 63 63 58 45 43 33 36 34 65 33 2 33 45 53 64 45 4 5 43 21
split_gain=45.5115 124.865 21.5597 11.9338 9.70039 19.9562 8.81582 10.6802 8.98965 23.5101 9.18863 6.51308 12.309 6.38046 5.45442 4.80784 4.08248 4.49669 3.71637 6.72711 9.15332 3.17054 2.90045 2.87759 2.86374 2.82011 5.78634 5.99499 2.81791 3.25757 2.67 2.66396 3.54145 2.5443 2.35746 2.14585 2.10506 2.09434 2.89224 4.62609 1.81862 1.78907 1.68201 2.15114 1.5683 1.44906 3.64017 7.84835 3.28068 1.11998 1.01179 0.97864 0.970652 0.866145 0.763735 2.03909 0.755676 0.755161 4.0444 0.667392 0.567942 2.25687
threshold=1.0000000180025095e-35 6.5000000000000009 584.64583333333337 27239.500000000004 1.5000000000000002 15.500000000000002 716.50000000000011 27596.500000000004 32610.500000000004 2083.1458333333335 20.500000000000004 11636.500000000002 3.0533534500017008 3357.5000000000005 4235.5000000000009 2479.6875000000005 60.211513500000009 397.50000000000006 39.422121000000011 13583.500000000002 95816.500000000015 6.5000000000000009 1133.5000000000002 191.00000000000003 87721.500000000015 7322.5000000000009 5021.7677002107148 66.649984562500023 0.35201941816566318 3.5000000000000004 1253.1875000000002 0.22500000000000123 -8.3749999999999982 65.872401334420161 3700.5000000000005 91.500000000000014 -1.5688770000000003 2.9104980751659615 10.500000000000002 8003.0000000000009 55.302208052521102 70.058877266156443 2527.5000000000005 3422.5000000000005 1932.0625000000002 32171.000000000004 31147.500000000004 2.2640938101978585 11302.500000000002 -0.44594125185091466 5568.5000000000009 3.9592819204972343 64.869788000000014 3.240577036840365 32364.500000000004 2230.5000000000005 4504.0000000000009 33206.500000000007 15.500000000000002 2.5000000000000004 31465.500000000004 3.7826381566701595
decision_type=2 2 2 2 2 2 2 2 2 2 2 2 2 2 2 2 2 2 2 2 2 2 2 2 2 2 2 2 2 2 2 2 2 2 2 2 2 2 2 2 2 2 2 2 2 2 2 2 2 2 2 2 2 2 2 2 2 2 2 2 2 2
left_child=1 15 14 24 5 21 7 -5 18 11 22 12 -10 37 -3 33 -15 -18 19 20 -8 -2 -11 -20 -4 41 27 -27 29 36 35 -7 -33 -1 -24 -31 -6 -9 -39 -40 -37 45 -38 -44 56 60 47 -47 -48 50 -45 54 -51 -16 55 -50 -34 -30 -59 -42 -25 -62
right_child=4 2 3 6 28 31 8 13 9 10 -12 -13 -14 16 53 -17 17 -19 23 -21 -22 -23 34 25 -26 26 -28 -29 57 30 -32 32 44 -35 -36 40 42 38 39 -41 59 -43 43 49 -46 46 48 -49 51 52 -52 -53 -54 -55 -56 -57 -58 58 -60 -61 61 -63
leaf_value=-0.12875425255585449 -0.0883557359814965 -0.10052725255585444 -0.12875055783383926 -0.12875425255585449 0.092971907284154609 -0.27052571163087041 0.12746450326498884 0.017382238298340374 -0.12875425255585449 -0.10223957471980046 0.18213142040429281 0.021899347425563022 0.32092902427992476 0.022440291033287145 -0.12853875985308244 -0.12870851067598091 -0.12979992356814565 -0.13564408868219821 -0.097274888573880752 0.23133854356153985 -0.10452955251634241 22.663575034187311 -0.12875425255585449 0.063288340292031731 -0.088959411084980816 0.082425466143015796 0.1044599298330217 -0.12803405554632921 80.90095521285842 1.2941307632647236 2.4124203712589449 -0.7032786107904494 -0.45046650723204279 -0.12875425255585449 -0.12859223536083084 -1.0467210733314318 0.2600233854648259 0.096847851742325269 -0.14113361770905217 0.028395574495551735 -1.0761482918037579 -0.0091736007145781871 -1.4587620994014581 -1.166273733791461 -0.735763672613163 -0.13489317824888961 -0.10192448502891499 0.067799665210789853 -0.064816898790390029 -0.93964955001579664 -0.10255998910518516 -0.12844569064727854 0.013364909378301164 -0.13771799109106087 0.067720494339813753 0.064621235320098322 -0.72037465022618519 18.883214143047734 -2.2868552194853953 0.18976777877049422 0.0079058679836705795 -0.064277077809049579
leaf_weight=189 31 22 20 37 85 28 22 116 21 27 21 248 31 20 29 25 27 36 35 55 32 279 46 809 20 20 71 22 2474 73 645 21 20 25 27 37 24 36 35 26 22 21 20 21 26 21 20 35 21 21 20 20 45 20 340 48 29 111 24 29 173 47
leaf_count=189 31 22 20 37 85 28 22 116 21 27 21 248 31 20 29 25 27 36 35 55 32 279 46 809 20 20 71 22 2474 73 645 21 20 25 27 37 24 36 35 26 22 21 20 21 26 21 20 35 21 21 20 20 45 20 340 48 29 111 24 29 173 47
internal_value=-0.000329091 -0.00319228 -0.00133577 -0.000889835 0.00171403 -0.00252246 -0.000634815 -0.00518763 4.29897e-05 -0.00390406 -0.0150619 0.000589803 -0.00904031 -0.00327254 -0.0176371 -0.0239649 -0.0103249 -0.0140729 0.000961868 -0.00439963 -0.0119224 0.00153821 -0.0188511 0.00130703 -0.0171322 0.00148732 -0.00307692 -0.0119002 0.00221851 0.000895308 0.00180499 -0.0126914 -0.015078 -0.025432 -0.0219973 -0.00163873 -0.00219822 -0.000506804 -0.00376931 -0.00775777 -0.00480136 0.0018211 -0.00432826 -0.00571204 -0.0181358 0.00194186 0.0006177 -0.00657754 0.00152305 -0.00397759 -0.00788321 0.00208343 -0.00149773 -0.0232179 0.00240528 -0.000434153 -0.0213849 0.00274577 0.000532939 -0.00105675 0.00258867 0.00121309
internal_weight=7001 2916 2677 2606 4085 434 2566 333 2233 421 121 300 52 296 71 239 83 63 1812 109 54 310 100 1703 40 1668 113 42 3651 1042 806 124 96 214 73 161 236 213 97 61 88 1555 151 127 75 1534 505 56 449 107 41 429 66 49 409 69 49 2609 135 51 1029 220
internal_count=7001 2916 2677 2606 4085 434 2566 333 2233 421 121 300 52 296 71 239 83 63 1812 109 54 310 100 1703 40 1668 113 42 3651 1042 806 124 96 214 73 161 236 213 97 61 88 1555 151 127 75 1534 505 56 449 107 41 429 66 49 409 69 49 2609 135 51 1029 220
is_linear=0
shrinkage=0.03


Tree=12
num_leaves=63
num_cat=0
split_feature=9 55 54 45 6 4 46 19 53 38 14 7 45 39 14 65 44 5 32 46 54 4 54 0 10 58 53 22 1 13 20 55 19 38 23 36 49 53 6 58 7 1 10 6 24 20 49 14 59 15 44 25 25 18 10 44 11 56 14 58 59 19
split_gain=45.1038 124.865 21.5597 11.9338 10.5662 19.1523 10.3659 22.4424 10.3273 9.35449 29.7017 8.91808 7.30838 6.24697 6.01939 4.8956 13.5909 4.04567 3.22978 10.0416 3.16783 3.05545 2.97672 2.86374 2.82013 3.56355 2.71785 2.66396 3.49688 2.6264 2.50197 2.44947 2.35546 2.24927 2.19088 4.36515 2.10819 2.09431 2.6306 1.68638 1.28486 2.27818 2.05341 1.22334 2.38278 1.06219 1.04694 1.02207 0.946847 0.963004 0.837047 0.798211 0.637536 0.46725 0.552266 0.447719 0.438561 0.422265 0.655919 0.404889 0.264154 0.263493
threshold=1.0000000180025095e-35 6.5000000000000009 584.64583333333337 27239.500000000004 1.5000000000000002 15.500000000000002 32851.020833333343 7.8250000000000002 549.50000000000011 9677.7916666666697 84637.416666666672 20.500000000000004 33867.500000000007 42807.500000000007 85583.375000000015 6168.0000000000009 27224.500000000004 5.5000000000000009 64.384539856287716 31346.666666666672 1750.3750000000002 7.5000000000000009 1496.4166666666667 87721.500000000015 0.56392291514228221 2635.2500000000005 1863.5000000000002 0.22500000000000123 -7.2249999999999988 78460.500000000015 22.370833333333334 5.5000000000000009 -0.27499999999999997 20092.562500000004 33.862966500000006 14493.500000000002 204.50000000000003 1967.5000000000002 3.5000000000000004 1932.0625000000002 19.500000000000004 3.0250000000000004 1.0000000180025095e-35 9.5000000000000018 58.097088000000007 -5.2260416666666663 79.500000000000014 80168.437500000015 657.50000000000011 5608.5312475404799 28140.500000000004 57.336840000000002 35.430799500000006 4.9250000000000016 1.0000000180025095e-35 33809.500000000007 108940.50000000001 4.5000000000000009 91602.687500000015 3966.2083333333335 5178.0000000000009 -6.7749999999999995
decision_type=2 2 2 2 2 2 2 2 2 2 2 2 2 2 2 2 2 2 2 2 2 2 2 2 2 2 2 2 2 2 2 2 2 2 2 2 2 2 2 2 2 2 2 2 2 2 2 2 2 2 2 2 2 2 2 2 2 2 2 2 2 2
left_child=1 30 14 23 5 21 8 12 -5 10 29 13 55 -9 -3 18 -17 32 34 -20 22 36 51 -4 25 37 -24 -7 -29 -10 31 59 -18 60 35 -11 -2 38 40 56 41 48 -43 46 -45 -36 -27 -34 -6 -50 -40 -21 -48 54 -54 -8 -30 58 -47 -1 -15 -59
right_child=4 2 3 6 24 27 7 11 9 15 -12 -13 -14 33 -16 16 17 -19 19 20 -22 -23 26 -25 -26 43 -28 28 39 -31 -32 -33 47 -35 45 -37 -38 -39 50 -41 -42 42 -44 44 -46 57 52 -49 49 -51 -52 -53 53 -55 -56 -57 -58 61 -60 -61 -62 -63
leaf_value=-0.12489162497917884 -0.37385198689742172 -0.12815486357275035 -0.12488804109882407 -0.12489162497917884 0.5462160700449985 -0.26240994028194425 0.019696557211604352 -0.12453956457686285 -0.14058799308684269 -0.055075158394602329 -0.12489162497917884 0.0077737475198076294 -0.13658066193712365 -0.10657639378789811 -0.12462271282312264 -0.12508543166910141 -0.13005622290935023 -0.12419303387993935 -0.10253630264782906 -0.13037375207698981 0.063167863260884707 29.166541624565198 -0.063248853808384548 -0.086290628752431375 101.32937105729371 -0.23200339045829341 -0.0085288671045536373 -0.68191086404884071 -0.79832572398073043 0.10879770462292981 -0.1214764952428764 -0.12489162497917884 -0.08200924462888938 -0.12594582759210352 -0.1245923199278602 0.22630336659678907 0.23718446252048062 -1.4805779991690693 -0.28936236765222229 -0.71369076243476814 0.21159007231283644 -0.13067210536084428 -3.2509678796703017 -1.749615867635433 0.7256325384357144 -0.077248892592878537 -0.028952277090231154 0.098063711371152482 0.082553485140028596 -1.3945314013541754 1.7550147102949416 0.052042039723735625 -0.5511116138908313 3.9704958389335352 4.9856744977331573 -0.0029442017263623032 -0.5829534293153813 -0.023956610543171365 0.0027392431828626293 -0.12510762500573269 -0.12489162497917884 0.039667470070650107
leaf_weight=163 36 37 20 37 39 28 186 32 20 20 46 22 28 29 34 24 20 30 28 20 178 248 20 20 2088 20 22 23 25 110 33 20 20 22 20 33 26 39 24 26 52 20 34 24 46 20 21 163 29 27 173 42 32 908 75 28 22 28 26 23 38 1254
leaf_count=163 36 37 20 37 39 28 186 32 20 20 46 22 28 29 34 24 20 30 28 20 178 248 20 20 2088 20 22 23 25 110 33 20 20 22 20 33 26 39 24 26 52 20 34 24 46 20 21 163 29 27 173 42 32 908 75 28 22 28 26 23 38 1254
internal_value=-0.000341946 -0.00319228 -0.00133577 -0.000889835 0.001692 -0.00272979 -0.000634815 -0.00517268 0.000165054 0.000437946 -0.00618399 -0.0145912 0.000384139 -0.017787 -0.0176371 0.00103196 -0.0028238 -0.00059202 0.001613 -0.00115124 0.000542361 0.00124798 -0.00360231 -0.0171322 0.00221851 0.00125136 -0.00976247 -0.0126914 -0.015078 0.0011299 -0.0239649 -0.0252256 0.000915805 -0.0218855 0.00222682 -0.00372881 -0.00468599 -0.00104324 -0.000384325 -0.0183037 -0.00280457 -0.00422535 -0.00914972 0.00214457 -0.00166904 0.00246347 0.00240034 0.00199891 -0.00138801 -0.00390374 0.00207002 0.000531401 0.00253354 0.0026421 0.000728291 0.00228398 -0.0217834 0.00256833 -0.000195228 -0.0263246 -0.0246796 0.00266984
internal_weight=7001 2916 2677 2606 4085 434 2566 385 2181 2144 176 143 242 121 71 1968 257 233 1711 310 282 310 104 40 3651 1563 42 124 96 130 239 206 203 89 1401 53 62 437 398 73 201 149 54 1126 70 1348 1056 183 95 56 197 62 1036 1015 107 214 47 1328 46 186 67 1282
internal_count=7001 2916 2677 2606 4085 434 2566 385 2181 2144 176 143 242 121 71 1968 257 233 1711 310 282 310 104 40 3651 1563 42 124 96 130 239 206 203 89 1401 53 62 437 398 73 201 149 54 1126 70 1348 1056 183 95 56 197 62 1036 1015 107 214 47 1328 46 186 67 1282
is_linear=0
shrinkage=0.03


Tree=13
num_leaves=63
num_cat=0
split_feature=10 56 54 43 18 45 30 38 14 4 45 59 53 47 62 43 45 65 44 48 38 61 56 38 26 21 62 62 13 14 68 69 44 23 26 24 21 52 44 15 32 46 14 47 23 59 51 15 38 3 5 5 58 43 62 37 63 50 39 20 1 12
split_gain=42.2928 65.5052 24.6523 15.7592 12.2336 10.6229 10.3322 8.57073 20.4166 7.6881 20.0714 7.20333 6.9679 5.84976 5.82851 12.2099 5.85787 4.18824 12.3268 5.34307 7.81854 3.74079 4.2923 3.61767 9.82402 3.8731 3.1527 2.97177 2.9454 2.91287 3.53281 2.82952 2.68843 3.08923 2.55705 2.45463 2.28486 3.47837 2.13229 9.94401 2.05099 8.53281 3.894 2.09658 3.62199 2.02562 1.65449 1.57135 5.58737 1.90416 2.98951 1.43339 1.71837 1.36328 8.45895 1.33671 1.31349 1.12628 0.866145 0.846218 0.925046 0.613579
threshold=1.0000000180025095e-35 6.5000000000000009 584.64583333333337 33854.500000000007 -1.6749999999999996 27224.500000000004 55.577817097084385 9278.4375000000018 84637.416666666672 15.500000000000002 33079.000000000007 1770.5000000000002 543.50000000000011 181.50000000000003 2933.4375000000005 32694.500000000004 33859.500000000007 5217.5000000000009 27224.500000000004 179.50000000000003 14029.895833333334 748.50000000000011 4486.5000000000009 10627.958333333334 59.995468083333336 4.7223535156538992 2325.4375000000005 1157.4166666666667 81890.000000000015 91313.791666666672 87077.000000000015 102976.00000000001 29156.500000000004 69.15921250000001 79.397542437500007 73.931867500000024 3.425451873116836 1387.5000000000002 28369.000000000004 5321.4658465084622 64.384539856287716 31346.666666666672 108474.95833333336 163.50000000000003 65.533680000000018 1527.5000000000002 758.50000000000011 8817.9909082744016 15175.187500000002 64.552390020467399 3.5000000000000004 3.5000000000000004 3994.854166666667 32926.500000000007 2173.4375000000005 8841.0000000000018 4332.5000000000009 118.27083333333336 49514.000000000007 1.4343750000000004 -2.0249999999999995 109234.50000000001
decision_type=2 2 2 2 2 2 2 2 2 2 2 2 2 2 2 2 2 2 2 2 2 2 2 2 2 2 2 2 2 2 2 2 2 2 2 2 2 2 2 2 2 2 2 2 2 2 2 2 2 2 2 2 2 2 2 2 2 2 2 2 2 2
left_child=1 4 26 5 61 -4 28 8 35 -2 27 29 46 -13 16 -16 17 23 -19 20 -20 31 -23 24 25 -14 45 32 -6 30 -8 -12 33 -11 36 -7 -15 -38 39 -21 43 -42 -43 44 -25 -3 -9 49 -49 -40 -51 -44 -53 55 -55 -45 -33 -29 -10 60 -59 -1
right_child=9 2 3 -5 6 7 11 12 58 10 21 13 14 34 15 -17 -18 18 19 38 -22 22 -24 40 -26 -27 -28 57 -30 -31 -32 56 -34 -35 -36 -37 37 -39 47 -41 41 42 51 53 -46 -47 -48 48 -50 50 -52 52 -54 54 -56 -57 -58 59 -60 -61 -62 -63
leaf_value=-0.12141487627405995 58.487269284736655 -0.11117576167092109 -0.12114139986585934 -0.12114487622980349 -0.12113839622900688 0.1024302081103315 -0.061873876215319562 -0.12079385524635861 -0.12564311546880624 -2.5082212393495205 -2.2450002349090861 -0.01440599741415572 -0.092038080096494154 -0.12114487622980349 0.26732727535298789 -0.12114487622980349 -0.12154268340669512 -0.12141592873043383 0.034106570673717702 -0.081676077711186443 -0.13512535110623561 -1.4441071655255948 0.020431657174822055 0.11568209709782967 0.056533358890833656 -0.097646917005554376 -0.12098836934098597 -1.6264317311959395 -0.1236424800824175 0.029916109388944474 -0.13751258400998978 -1.8987002392237702 0.89002328620079096 -1.2142853569653334 -0.090914447144966437 -0.13637035329423741 -0.12114487622980349 -0.12382277049841514 0.075351993815410787 0.11313754343238595 -0.099156407851485703 -0.038537211134364473 0.061127128927930915 -0.050501575847591969 -0.13227307360059726 -0.12084063994758619 -0.12114487622980349 -0.077717139413896311 0.0044775082363408512 0.018858824268891326 -0.12611776669299743 -0.059214448016539037 0.077271819957272544 0.34658564864698094 -0.12114487622980349 0.05922395838165162 -1.3949478115062957 0.70738589055097678 -0.12114487622980349 12.686278428518429 -2.7937253148896697 -0.12114487622980349
leaf_weight=22 2628 21 39 23 24 77 32 20 20 20 20 25 30 27 33 26 21 31 38 20 37 20 34 29 86 21 37 25 56 57 20 22 48 21 22 20 24 20 333 47 36 20 234 23 22 39 21 20 42 28 22 39 36 101 24 1369 33 22 29 585 24 56
leaf_count=22 2628 21 39 23 24 77 32 20 20 20 20 25 30 27 33 26 21 31 38 20 37 20 34 29 86 21 37 25 56 57 20 22 48 21 22 20 24 20 333 47 36 20 234 23 22 39 21 20 42 28 22 39 36 101 24 1369 33 22 29 585 24 56
internal_value=-0.000359086 -0.00269212 -0.00124755 -0.000767624 -0.0143651 -0.000576133 -0.0116444 -0.000369531 -0.0074538 0.0019711 -0.000463334 -0.00834874 0 -0.0134886 0.000180991 -0.00913706 0.000385368 0.000510026 -0.00165507 -0.000674502 -0.00814913 -0.0113865 -0.00526802 0.00115792 -0.00354486 -0.0139726 -0.0161277 0.00142531 -0.0209363 -0.00274977 -0.00788868 -0.015739 -0.0037037 -0.00934307 -0.0169495 0.000494336 -0.0197468 -0.0153061 0.000415934 -0.00456036 0.00149294 -0.000525883 0.000984503 0.0019648 -0.00399217 -0.020416 -0.0122628 0.00117277 -0.00323671 0.00189507 -0.00353293 0.00182465 -0.00175766 0.00216729 -0.000815348 0.00243732 -0.019274 0.0021262 -0.0232179 0.0023768 -0.00149675 -0.0250064
internal_weight=7001 3499 3114 3017 385 2994 307 2955 146 3502 874 227 2809 118 2768 59 2709 2688 618 587 75 129 54 2070 137 51 97 745 80 109 52 75 89 41 93 97 71 44 512 67 1933 365 329 1568 51 60 41 445 62 383 50 309 75 1517 125 1392 55 656 49 631 46 78
internal_count=7001 3499 3114 3017 385 2994 307 2955 146 3502 874 227 2809 118 2768 59 2709 2688 618 587 75 129 54 2070 137 51 97 745 80 109 52 75 89 41 93 97 71 44 512 67 1933 365 329 1568 51 60 41 445 62 383 50 309 75 1517 125 1392 55 656 49 631 46 78
is_linear=0
shrinkage=0.03


Tree=14
num_leaves=63
num_cat=0
split_feature=9 55 53 45 46 62 63 49 36 67 6 4 53 20 62 46 62 6 44 7 44 34 10 43 40 58 28 46 50 0 42 4 7 49 32 46 44 46 53 50 50 25 15 26 32 1 15 61 65 63 22 4 56 10 36 62 53 2 26 12 34 22
split_gain=43.2778 125.361 20.4122 11.9487 10.9679 23.9236 9.78871 9.15061 7.50242 16.8895 7.29623 11.1382 6.65553 6.17712 5.31995 5.31251 4.80784 4.38804 17.5002 6.16721 4.68017 4.16189 3.67106 3.69709 5.08261 3.45475 3.27374 3.04181 2.93916 2.86374 2.5443 2.48744 2.26104 1.93097 1.9049 5.97461 2.83839 5.13954 1.89956 2.43977 1.89549 1.67043 1.51839 1.43558 4.04416 1.36259 1.34124 1.26103 1.08605 0.919511 0.877243 0.964036 0.841434 0.727022 1.2892 0.817547 0.709302 0.687669 0.577138 0.990991 0.572947 0.4557
threshold=1.0000000180025095e-35 6.5000000000000009 558.50000000000011 27239.500000000004 32851.020833333343 2083.1458333333335 5701.0000000000009 182.50000000000003 11433.500000000002 100978.50000000001 2.5000000000000004 15.500000000000002 892.50000000000011 19.263541666666672 2325.4375000000005 32536.250000000004 2479.6875000000005 3.5000000000000004 27681.500000000004 19.500000000000004 32429.500000000004 0.31320043804392844 0.35201941816566318 30688.000000000004 40990.500000000007 2078.1875000000005 -0.3040675000000021 30381.812500000004 340.79166666666669 87721.500000000015 48386.500000000007 7.5000000000000009 15.500000000000002 187.50000000000003 64.384539856287716 31298.770833333336 31597.500000000004 31560.208333333336 1894.5000000000002 197.35416666666669 285.00000000000006 46.234047000000011 3767.0695572256418 53.439748687500007 59.616361748604568 4.9250000000000016 5281.6240629855629 4053.0000000000005 1328.0000000000002 4145.5000000000009 -0.30000000000000043 6.5000000000000009 5881.0000000000009 1.0000000180025095e-35 14798.500000000002 1587.4583333333337 1758.0000000000002 33.862966500000006 79.013964833333347 105340.50000000001 -0.13709505996472157 -0.64999999999999958
decision_type=2 2 2 2 2 2 2 2 2 2 2 2 2 2 2 2 2 2 2 2 2 2 2 2 2 2 2 2 2 2 2 2 2 2 2 2 2 2 2 2 2 2 2 2 2 2 2 2 2 2 2 2 2 2 2 2 2 2 2 2 2 2
left_child=1 16 21 29 8 7 28 -6 9 12 11 31 14 -11 27 -13 30 18 -10 56 25 -3 23 24 38 -21 40 -5 -7 -4 -1 33 -28 -2 43 -36 37 -37 39 42 60 -26 -12 44 -19 -45 -42 -30 -14 -48 -35 -52 -33 54 55 -41 -20 -25 -9 -60 -17 -23
right_child=10 2 3 4 5 6 -8 58 17 13 22 15 48 -15 -16 26 -18 34 19 20 -22 61 -24 57 41 -27 32 -29 47 -31 -32 52 -34 50 35 36 -38 -39 -40 53 46 -43 -44 45 -46 -47 49 -49 -50 -51 51 -53 -54 -55 -56 -57 -58 -59 59 -61 -62 -63
leaf_value=-0.11751052994290939 -1.690316502430804 -0.11739719070567955 -0.11750715786988357 -0.11749658416719279 -0.11742546282995824 -0.092533736001175843 0.18722576730180218 0.01522319638614225 -0.11867352238189242 -0.11751052994290939 0.12965470559139261 0.067828066248116034 -0.10767989528730441 -0.089174990051267389 0.061866211379756154 -0.15229900295780954 -0.11745968031863541 -0.078278486150274343 0.047784374978156859 -0.11993476459683544 -0.1256553351408834 -0.11727271198132293 83.855172731553793 -0.095004908235454641 -0.33348869846668971 0.26077030684420521 0.029796166990383146 -0.13040994640035039 -0.12403727348878525 -0.080067667893882657 -0.11751052994290939 23.349964373802536 -0.61046163760273375 0.025199000153539309 -0.096282984173153771 0.002490803522886794 0.058953748494830899 -0.057878134161839262 -0.9799258764235852 -0.24410337520373154 -3.9273759871456155 -1.7587411446757659 -1.3107670112350995 -0.072854765955962686 0.21797589845317178 0.036700727217081043 -1.9760778222796773 -0.11751052994290939 0.098407065748379915 -2.0868434327033256 0.47281744776441559 -3.8021963513455495 -1.240260972988835 6.5716840078640271 -0.21196140352653317 0.42755335615045598 -0.11715237505288735 5.1182247837517147 0.45151143339701483 -0.12882838941108343 -0.90701990067349247 -0.11714399159345283
leaf_weight=189 29 21 20 24 34 33 23 174 26 38 20 67 28 30 26 20 25 20 220 21 29 23 2329 21 23 53 32 28 21 20 25 438 22 40 20 55 180 27 37 36 25 23 38 31 44 1087 21 49 184 29 22 27 34 172 26 111 20 423 28 20 20 20
leaf_count=189 29 21 20 24 34 33 23 174 26 38 20 67 28 30 26 20 25 20 220 21 29 23 2329 21 23 53 32 28 21 20 25 438 22 40 20 55 180 27 37 36 25 23 38 31 44 1087 21 49 184 29 22 27 34 172 26 111 20 423 28 20 20 20
internal_value=-0.000359086 -0.00315113 -0.00129095 -0.000879415 -0.000624927 -0.00531536 -0.0160111 -3.51424e-05 0.000191685 -0.00377827 0.00163325 -0.00088246 -0.000610134 -0.0172247 -0.00810499 -0.00639136 -0.0239649 0.000968851 -0.00195069 -0.000139901 -0.00628516 -0.0180187 0.00227179 0.000674121 -0.0011294 -0.00222672 -0.00922531 -0.0136468 -0.0199612 -0.0171322 -0.025432 0.00131673 -0.00304991 -0.00256562 0.00170685 -0.000499823 0.000698207 -0.00390987 -0.000129516 0.000461424 -0.0120938 -0.0106074 -0.00521515 0.00223585 -0.00210608 0.00248726 -0.0149401 -0.023495 0.00213579 -0.0119162 -0.0003367 -0.00305499 0.00229401 0.00142567 3.46622e-05 0.00114208 0.00248646 0.00265481 0.0021747 -0.000686071 -0.00665835 -0.0233875
internal_weight=7001 2916 2677 2613 2573 382 126 256 2191 358 4085 826 290 68 78 236 239 1833 369 343 103 64 3259 930 486 74 169 52 103 40 214 590 54 118 1464 282 262 82 440 403 115 46 58 1182 64 1118 75 70 212 50 89 49 472 345 173 147 240 444 222 48 40 43
internal_count=7001 2916 2677 2613 2573 382 126 256 2191 358 4085 826 290 68 78 236 239 1833 369 343 103 64 3259 930 486 74 169 52 103 40 214 590 54 118 1464 282 262 82 440 403 115 46 58 1182 64 1118 75 70 212 50 89 49 472 345 173 147 240 444 222 48 40 43
is_linear=0
shrinkage=0.03


Tree=15
num_leaves=63
num_cat=0
split_feature=9 55 54 45 46 62 53 63 49 38 42 64 20 20 27 55 65 46 62 19 59 27 0 16 13 55 43 59 25 63 54 70 26 55 0 29 65 23 15 49 51 28 19 33 60 24 19 33 49 33 56 45 20 70 49 62 62 67 46 63 1 21
split_gain=44.7778 119.629 21.6192 10.8917 10.4193 24.4718 10.3455 9.78871 9.3264 8.91824 25.677 5.45442 5.42001 5.05529 4.87108 4.49982 4.32193 13.1775 6.36471 4.76396 4.01163 3.83161 3.44363 3.11179 2.61447 2.44947 2.12322 2.00302 1.86157 2.35535 1.58707 5.06048 6.27508 1.5648 1.55429 1.7132 1.54087 1.53747 1.47656 1.44833 1.28398 1.68802 1.25289 1.19798 1.59412 1.36639 0.904408 0.866145 0.864056 1.73508 0.885498 1.70011 0.913094 0.811848 0.743647 0.734556 0.572606 1.85714 0.586645 1.03456 0.53299 0.482352
threshold=1.0000000180025095e-35 6.5000000000000009 584.64583333333337 27239.500000000004 32851.020833333343 2083.1458333333335 549.50000000000011 5701.0000000000009 182.50000000000003 9677.7916666666697 43008.250000000007 4235.5000000000009 2.7187500000000004 22.370833333333334 13.975368052715277 842.50000000000011 6168.0000000000009 27234.354166666672 1460.1250000000002 -1.1249999999999998 804.50000000000011 19.899858776705774 87721.500000000015 -758.99999999999989 78460.500000000015 5.5000000000000009 33803.500000000007 3149.0000000000005 36.77450000000001 792.00000000000011 1750.3750000000002 121663.04166666667 73.264258437500004 1313.5000000000002 104588.50000000001 62.53624380980839 6293.0000000000009 31.348176000000006 5663.9924484497242 80.500000000000014 1163.5000000000002 -1.2374805 6.9750000000000005 1.7303339530525097 1306.5000000000002 82.379243000000017 21.075000000000006 3.240577036840365 2675.5000000000005 2.0997801232966595 8.5000000000000018 31559.500000000004 -6.3385416666666661 97410.645833333343 201.50000000000003 2709.4583333333335 1253.1875000000002 99422.500000000015 28663.104166666668 1433.5000000000002 21.275000000000002 5.3901772705407582
decision_type=2 2 2 2 2 2 2 2 2 2 2 2 2 2 2 2 2 2 2 2 2 2 2 2 2 2 2 2 2 2 2 2 2 2 2 2 2 2 2 2 2 2 2 2 2 2 2 2 2 2 2 2 2 2 2 2 2 2 2 2 2 2
left_child=1 13 11 22 6 8 -5 14 -6 10 24 -3 15 25 27 23 21 -18 -19 -20 26 30 -4 34 -8 -1 36 -7 29 -14 31 37 -33 -22 35 54 40 -11 39 -30 41 -17 -35 44 45 -41 53 -13 50 -50 51 -39 -52 60 -2 -54 57 58 59 -40 61 -45
right_child=12 2 3 4 5 7 9 -9 -10 16 -12 47 28 -15 -16 20 17 18 19 -21 33 -23 -24 -25 -26 -27 -28 -29 38 -31 -32 32 -34 42 -36 -37 -38 48 56 43 -42 -43 -44 46 -46 -47 -48 -49 49 -51 52 -53 55 -55 -56 -57 -58 -59 -60 -61 -62 -63
leaf_value=-0.1139852140446221 -1.9192564954430691 -0.086496187708443875 -0.11398194313378705 -0.11398901428246944 -0.11390269894505949 -0.11671192119444257 -0.12836694430339976 0.1816089942827481 0.01471490619455797 -0.046638173987655955 -0.1139852140446221 -0.11336111161471057 0.18449399788699772 -0.11078174553058857 -0.061031137582300388 -2.1216887777612499 -0.11421324520198205 -0.075066284323087817 -0.11886984288422184 0.075510171579009785 -4.177336134510945 -0.093293226090746514 -0.077665637857066164 13.191854185368218 0.10042120409142874 -0.1139852140446221 -0.1048403172164426 -0.1139852140446221 -1.4246372594696595 -0.39866740087816849 0.035599705400568608 0.0026517894047118143 -0.11287308658531728 0.20965233909435926 0.020288616122276643 -3.1940734139560618 -1.1674986822818798 -0.075832895605037906 -0.93272855556391399 -1.0615459962556677 -0.53808332764202549 -0.11764925058759272 -0.30559378038188029 8.1931133455748437 8.0351075417859867 2.4782031938388038 -0.42538481639929238 -0.12220428786070843 -0.033902340671276197 0.015099535104189271 -0.11271169816970392 0.010959520061903018 0.083615391552612078 -0.75050787312478506 0.041457571308420198 -0.15166466255626618 22.073567473924317 -0.85644155778779985 7.8757249256519231 1.3616217755830859 -0.078271436650267603 -0.0040602310242668291
leaf_weight=186 20 22 20 37 34 24 20 23 225 29 49 29 22 33 21 21 21 22 25 189 25 25 20 385 107 20 30 58 28 21 659 38 38 112 33 20 22 26 20 28 20 20 50 548 36 22 20 20 20 26 22 34 766 32 31 28 2003 33 324 78 23 58
leaf_count=186 20 22 20 37 34 24 20 23 225 29 49 29 22 33 21 21 21 22 25 189 25 25 20 385 107 20 30 58 28 21 659 38 38 112 33 20 22 26 20 28 20 20 50 548 36 22 20 20 20 26 22 34 766 32 31 28 2003 33 324 78 23 58
internal_value=-0.000290526 -0.00313055 -0.00131336 -0.000866812 -0.000623124 -0.00517268 0.000178809 -0.0160111 9.26284e-05 0.000451938 -0.00601363 -0.0176371 0.00173607 -0.023463 -0.0199612 -0.000494234 0.00103196 -0.00259043 -0.000546379 0.00102289 -0.00338887 0.00157793 -0.016384 0.00127581 0.00108576 -0.0252256 -0.00785146 -0.0232765 0.00227087 -0.00389791 0.00175257 0.00101061 -0.00642576 -0.000673437 -0.00331412 -0.00582278 -0.0103249 0.00160866 0.00235345 0.00122249 -0.00775777 -0.0108029 0.000388649 0.00147047 -0.00184669 -0.00532934 0.001894 -0.0232179 0.00182518 -0.00214751 0.00203744 -0.00144759 0.00229751 0.00208743 -0.002818 0.00246694 0.00271795 0.00174028 0.00228145 0.000214067 0.00232713 0.00249959
internal_weight=7001 2916 2677 2606 2566 385 2181 126 259 2144 176 71 4085 239 103 789 1968 257 236 214 300 1711 40 489 127 206 113 82 3296 43 1686 1027 76 187 104 71 83 951 3253 795 61 41 162 767 86 50 681 49 922 46 876 60 816 661 51 794 2458 455 422 98 629 606
internal_count=7001 2916 2677 2606 2566 385 2181 126 259 2144 176 71 4085 239 103 789 1968 257 236 214 300 1711 40 489 127 206 113 82 3296 43 1686 1027 76 187 104 71 83 951 3253 795 61 41 162 767 86 50 681 49 922 46 876 60 816 661 51 794 2458 455 422 98 629 606
is_linear=0
shrinkage=0.03


Tree=16
num_leaves=63
num_cat=0
split_feature=10 56 54 9 43 45 18 30 38 14 53 4 61 6 50 38 34 64 47 66 65 43 14 36 19 3 43 53 65 43 61 15 37 20 4 16 34 69 48 45 61 17 19 50 6 7 49 53 68 14 38 43 65 29 14 59 63 61 64 2 37 56
split_gain=44.0214 57.5167 26.0476 15.7753 11.657 9.31486 9.10191 10.5136 9.08532 30.4972 7.65437 6.38862 11.1984 10.4757 5.49221 6.14225 4.8135 4.75783 4.20053 4.70527 3.68215 7.79179 4.65195 3.49076 3.38209 5.18563 3.34068 3.08697 3.03165 2.89082 13.8574 2.68957 2.59679 2.26328 3.44505 3.09429 2.07331 1.98007 1.96578 1.88477 1.68578 2.50077 1.58124 1.45678 1.49288 1.30012 2.28084 3.29162 3.68313 9.61915 3.17298 2.32991 1.84208 1.23348 1.22944 1.03888 0.993757 0.941855 0.822754 0.778269 0.653062 0.642558
threshold=1.0000000180025095e-35 6.5000000000000009 584.64583333333337 1.0000000180025095e-35 33875.000000000007 27224.500000000004 -1.3749999999999998 55.577817097084385 9677.7916666666697 84637.416666666672 543.50000000000011 16.500000000000004 727.50000000000011 1.5000000000000002 224.93750000000003 19981.729166666668 -0.046228949333528384 1250.5000000000002 191.50000000000003 1568.6458333333337 6120.5000000000009 27357.500000000004 79636.208333333358 24193.000000000004 13.975000000000001 60.205907275289832 28949.000000000004 734.50000000000011 5390.5000000000009 32870.000000000007 4833.5000000000009 9638.5549450788731 9023.5000000000018 2.7187500000000004 15.500000000000002 -1500.9999999999998 0.39040136774525186 102225.00000000001 191.50000000000003 32649.500000000004 473.50000000000006 -1.1249999999999998 4.0750000000000002 138.37500000000003 8.5000000000000018 10.500000000000002 849.50000000000011 1882.5000000000002 121617.50000000001 118983.83333333336 11757.375000000002 32610.500000000004 344.50000000000006 64.725987614925216 85583.375000000015 1361.5000000000002 3505.0000000000005 199.50000000000003 6674.0000000000009 81.332292500000008 12728.500000000002 6048.0000000000009
decision_type=2 2 2 2 2 2 2 2 2 2 2 2 2 2 2 2 2 2 2 2 2 2 2 2 2 2 2 2 2 2 2 2 2 2 2 2 2 2 2 2 2 2 2 2 2 2 2 2 2 2 2 2 2 2 2 2 2 2 2 2 2 2
left_child=1 3 16 6 5 -4 -1 60 9 27 36 33 13 -13 -9 17 -3 -16 19 -12 29 -22 -23 28 -19 -26 -15 -7 -21 32 59 38 -20 34 40 -36 -10 -28 -24 -39 41 -2 -5 -14 -45 58 57 48 50 -50 -48 52 -49 -40 -18 -11 -52 -47 -34 -31 -8 -42
right_child=11 2 4 42 -6 8 7 14 10 55 18 12 43 26 15 -17 54 24 20 23 21 22 31 -25 25 -27 37 -29 -30 30 -32 -33 45 -35 35 -37 -38 39 53 -41 61 -43 -44 44 -46 46 47 51 49 -51 56 -53 -54 -55 -56 -57 -58 -59 -60 -61 -62 -63
leaf_value=-0.11083079766594667 9.4890049634577327 -0.11313115867300708 -0.11056248483977345 -0.84497981718933679 -0.11080154682677962 -0.12451593586937099 -0.11064037200212594 0.017792566343392342 -0.11632614788258712 -0.31379623783605587 -0.085192023695284752 -0.54149914487029027 -1.5451192296817713 -11.174037149596884 -0.034999785627459368 -0.027868697276998904 -0.11510378111945224 -0.11357375784091525 -0.064339267197610003 0.093500781808586744 -0.11054528928611754 -0.070378569656349185 -0.12335043359775383 -0.12337083668756182 -0.092636652030843536 -0.11245228838004254 0.46434772325048301 0.097436828004712248 -0.12002986933038426 0.018086024203803248 -0.11056565762328345 -0.058870529280288249 0.12436986059614769 82.986078988195516 -0.30956344360402982 -4.9774452257787747 -0.11056565761697212 -0.072799802534222968 0.069684005707519467 -1.9979020978562916 17.907069486072114 -3.7559359272087551 0.1277636343773266 0.76107742436736858 -1.7673835252974255 -0.70179299030338149 -0.075067243012571408 -0.01612966137407576 -0.11875777598813687 0.29828173531323232 0.0041377444763433498 -0.081474300115375334 0.032049246465869048 -0.11375456723931747 -0.110357854863759 -0.11056565762328345 -0.11014624259766809 0.068963348097053276 -0.14764662268764653 -0.07360314571571365 -0.11049072950770503 -1.1852170655611056
leaf_weight=67 37 39 39 23 22 21 20 35 20 20 22 30 24 22 25 31 35 33 32 109 35 39 23 27 27 34 46 124 38 118 36 37 599 2357 33 21 21 31 251 21 423 20 47 382 26 36 25 27 22 21 99 20 299 30 23 43 21 677 26 38 43 29
leaf_count=67 37 39 39 23 22 21 20 35 20 20 22 30 24 22 25 31 35 33 32 109 35 39 23 27 27 34 46 124 38 118 36 37 599 2357 33 21 21 31 251 21 423 20 47 382 26 36 25 27 22 21 99 20 299 30 23 43 21 677 26 38 43 29
internal_value=-0.000423362 -0.00280358 -0.00144986 -0.0137419 -0.000956548 -0.000795299 -0.0166043 -0.0139178 -0.000601806 -0.00664584 -0.000143008 0.00195397 -0.000912214 -0.00797468 -0.0102755 -0.0127715 -0.0167456 -0.015869 5.09772e-05 -0.00417644 0.000382303 -0.00219706 -0.000939226 -0.00249856 -0.0189692 -0.0146318 -0.00397169 0.000909718 -0.000652617 0.000894518 -0.00260802 0.000175902 0.00124941 0.00252628 0.000809803 -0.00637708 -0.0129927 -0.00155963 0.00111476 -0.00558541 0.00157926 -0.00325744 -0.000813124 0.00153437 0.00196275 0.00139576 0.000832331 -0.000645946 -0.0038437 -0.0115545 -0.00152998 0.0010835 0.00170193 0.0018143 -0.0222547 -0.0240571 0.000474605 0.00194363 0.0025148 0.0012492 -0.0245325 0.00219642
internal_weight=7001 3499 3114 385 3017 2995 315 248 2956 208 2748 3502 582 150 185 150 97 119 2707 196 2511 415 380 174 94 61 120 145 147 2096 192 341 1904 2920 563 54 41 98 304 52 509 57 70 432 408 1872 1247 534 188 43 145 346 326 281 58 63 120 713 625 156 63 452
internal_count=7001 3499 3114 385 3017 2995 315 248 2956 208 2748 3502 582 150 185 150 97 119 2707 196 2511 415 380 174 94 61 120 145 147 2096 192 341 1904 2920 563 54 41 98 304 52 509 57 70 432 408 1872 1247 534 188 43 145 346 326 281 58 63 120 713 625 156 63 452
is_linear=0
shrinkage=0.03


Tree=17
num_leaves=63
num_cat=0
split_feature=10 55 9 54 45 55 43 37 61 34 54 62 38 43 50 50 2 47 6 4 61 35 43 3 62 6 19 38 48 24 67 34 69 50 50 61 4 6 63 13 49 16 32 32 4 16 48 65 62 65 43 62 65 59 65 52 51 12 43 61 50 4
split_gain=45.1388 91.9356 29.2568 20.6503 11.4903 8.87894 10.2428 10.8459 9.35644 8.2069 7.6206 8.00479 12.1419 9.07335 6.9147 10.3381 6.38491 6.14224 5.89444 10.5345 5.63504 4.73958 5.74688 4.65967 5.5212 3.81938 3.73671 3.45877 2.95438 7.1405 2.24917 2.11436 1.97936 1.97688 1.93487 1.89086 1.84935 2.69701 2.8263 1.82853 1.7364 1.7081 1.63584 3.26668 1.63527 1.77589 1.47139 1.47423 1.35644 1.32622 1.2982 1.19898 1.16613 1.15308 2.51967 1.12307 0.723174 1.19335 0.612755 0.585481 0.87878 0.579493
threshold=1.0000000180025095e-35 6.5000000000000009 1.0000000180025095e-35 584.64583333333337 27239.500000000004 138.50000000000003 32610.500000000004 20505.000000000004 3198.5000000000005 0.074485010940378529 1750.3750000000002 1480.479166666667 11928.750000000002 27357.500000000004 378.22916666666669 222.56250000000003 81.332292500000008 2178.0000000000005 2.5000000000000004 15.500000000000002 727.50000000000011 11099.500000000002 31107.000000000004 65.992144226213895 2479.6875000000005 1.5000000000000002 10.925000000000002 13166.145833333336 184.50000000000003 65.331772000000015 102807.00000000001 -0.55458211314168071 105478.50000000001 338.72916666666669 218.18750000000003 4833.5000000000009 17.500000000000004 8.5000000000000018 842.50000000000011 78884.000000000015 171.50000000000003 3610.5000000000005 64.384539856287716 65.202607618586569 7.5000000000000009 -1287.4999999999998 178.50000000000003 5436.5000000000009 2258.041666666667 4160.0000000000009 30093.500000000004 1889.2291666666667 2512.5000000000005 2785.5000000000005 1039.5000000000002 448.00000000000006 609.50000000000011 86730.500000000015 27596.500000000004 1108.5000000000002 512.93750000000011 14.500000000000002
decision_type=2 2 2 2 2 2 2 2 2 2 2 2 2 2 2 2 2 2 2 2 2 2 2 2 2 2 2 2 2 2 2 2 2 2 2 2 2 2 2 2 2 2 2 2 2 2 2 2 2 2 2 2 2 2 2 2 2 2 2 2 2 2
left_child=1 2 23 9 26 41 10 8 32 -3 11 12 21 27 15 -10 -9 28 19 44 25 22 -7 24 -1 31 -5 -13 29 -15 -14 -21 -8 -17 -4 -16 55 40 -39 -30 -38 46 56 -44 45 -2 47 50 -11 -27 -6 -22 -23 -48 -55 -20 57 -41 -56 60 -58 -46
right_child=18 3 34 4 5 6 7 16 14 48 -12 13 30 17 35 33 -18 -19 36 20 51 52 -24 -25 -26 49 -28 -29 39 -31 -32 -33 -34 -35 -36 -37 37 38 -40 42 -42 -43 43 -45 61 -47 53 -49 -50 -51 -52 -53 -54 54 58 -57 59 -59 -60 -61 -62 -63
leaf_value=-0.10724161121848005 -3.5981974092413798 -0.085742369779873123 -1.2507430264757036 -0.10724561029458024 -0.31559451094598751 0.16979149718351502 0.087776464415788014 0.011767448505571565 -0.10750371034258882 -0.11187544212560276 0.038326459991285131 -0.04945084435801194 -0.066305777357900664 0.033298253160352266 -0.10732947303444025 0.17515584856277919 -0.11195735566310468 -0.046056336975742886 -2.6742915456689946 -0.48589863040062597 -1.3777029155265972 -0.085264964664184775 -0.087512704913741621 -0.10724073369330504 -0.10749944626936211 0.043578724543156068 -0.06650672175945585 -0.1088978692728252 -0.12078045789821663 -0.11438571405653929 0.004123780092440665 -1.3322282918744388 -0.10847374654483671 -0.10724868789458493 0.054927942355120551 -0.10724868789458493 -1.1586560776960024 0.69551985408569883 -1.2505065257690817 0.094579663284214466 8.143251510648625 -0.12877973058700093 -0.11963992785260381 0.050527508212801879 24.363573785145775 1.5668967175788775 0.033570236844575489 -0.70656755335926347 -0.10704711921784622 -2.8007795080416793 0.23446550981392622 0.039927238966874952 -0.079093759971087099 -0.085520096925377723 -0.10813879595341507 69.133108861288335 0.070662704322311531 -0.10687621575332037 0.033250095418815143 0.092876992562775706 -0.38039472838101174 -0.93657546285796289
leaf_weight=193 20 29 20 26 25 25 45 129 28 34 480 20 22 56 28 36 27 31 30 24 35 20 34 21 25 20 20 20 28 25 88 21 27 20 47 44 23 22 26 21 161 20 20 33 413 39 686 32 20 27 56 50 25 35 23 2532 47 20 294 474 20 59
leaf_count=193 20 29 20 26 25 25 45 129 28 34 480 20 22 56 28 36 27 31 30 24 35 20 34 21 25 20 20 20 28 25 88 21 27 20 47 44 23 22 26 21 161 20 20 33 413 39 686 32 20 27 56 50 25 35 23 2532 47 20 294 474 20 59
internal_value=-0.000436217 -0.00284645 -0.0185528 -0.00133976 -0.000944342 -0.000719624 -0.00199039 -0.00636553 -0.0105349 -0.0161011 -0.000874693 -0.00233213 -0.0074965 -0.00097166 -0.0146637 -0.0087396 -0.00024984 -0.00024771 0.0019711 -0.000470272 -0.00680971 -0.0148415 -0.00913706 -0.023463 -0.024773 -0.0119544 -0.0158134 -0.0148878 0.000294315 -0.00510481 -0.000517711 -0.0182262 -0.00153953 -0.00122995 -0.000983606 -0.0215118 0.00259082 1.29256e-05 -0.00629938 0.000959131 0.00167844 0.00133208 0.00129428 -0.00372881 0.00163811 -0.00304569 0.00148554 -0.00175066 -0.0230129 -0.00585987 0.000369914 -0.00119859 -0.0222173 0.00184086 0.000434536 0.00282307 0.00175743 -0.0020438 0.00128666 0.00205138 -0.000536513 0.00223046
internal_weight=7001 3499 306 3193 3110 3064 1893 384 228 83 1509 1029 214 815 156 84 156 775 3502 708 177 104 59 239 218 92 46 40 744 81 110 45 72 56 67 72 2794 232 48 663 184 1171 635 53 531 59 1151 113 54 47 81 85 45 1038 352 2562 582 41 317 541 67 472
internal_count=7001 3499 306 3193 3110 3064 1893 384 228 83 1509 1029 214 815 156 84 156 775 3502 708 177 104 59 239 218 92 46 40 744 81 110 45 72 56 67 72 2794 232 48 663 184 1171 635 53 531 59 1151 113 54 47 81 85 45 1038 352 2562 582 41 317 541 67 472
is_linear=0
shrinkage=0.03


Tree=18
num_leaves=63
num_cat=0
split_feature=10 55 4 54 45 27 53 44 34 48 62 43 38 14 50 27 6 4 27 20 62 51 19 50 27 70 54 47 26 48 63 32 45 55 64 43 4 4 6 44 54 66 2 12 50 50 14 62 31 19 41 11 56 23 26 54 58 11 52 66 25 58
split_gain=44.0214 90.1515 26.562 20.7295 11.5353 10.6302 9.08642 15.0744 8.2069 7.83998 7.26236 13.2032 7.28273 24.7471 6.37054 10.8377 5.8121 9.97886 5.59818 4.88333 4.75053 3.7379 3.73671 3.21832 4.25965 2.95865 2.26357 6.77257 4.3184 3.36756 4.5371 6.39884 2.17994 2.09118 2.00421 1.987 1.96256 1.92622 5.28998 1.86715 2.72621 1.85386 1.82233 1.80782 1.98381 1.53959 1.35644 1.05608 1.05138 1.26862 1.04795 0.973392 0.81786 0.749804 0.644906 1.57559 1.29437 2.08723 0.590662 0.539073 0.508021 0.398404
threshold=1.0000000180025095e-35 6.5000000000000009 5.5000000000000009 584.64583333333337 27239.500000000004 20.371805775721754 716.50000000000011 27239.500000000004 0.074485010940378529 186.50000000000003 2933.4375000000005 32694.500000000004 9278.4375000000018 84637.416666666672 188.56250000000003 12.655668186457403 2.5000000000000004 15.500000000000002 8.0404777183545786 22.370833333333334 2034.2083333333337 614.50000000000011 10.925000000000002 454.47916666666669 10.686284757747641 91409.020833333358 1750.3750000000002 2178.0000000000005 76.927218104166684 670.50000000000011 1269.0000000000002 59.243198067720819 32252.500000000004 4.5000000000000009 5680.0000000000009 32926.500000000007 7.5000000000000009 16.500000000000004 9.5000000000000018 27547.500000000004 1119.4583333333337 4358.5000000000009 42.172436000000005 120997.00000000001 232.85416666666671 138.37500000000003 84349.812500000015 2684.7500000000005 60.844776688597818 -1.0000000180025095e-35 67774.500000000015 77868.000000000015 5881.0000000000009 67.597910000000013 76.153396916666679 1604.2708333333335 3290.9375000000005 93485.500000000015 448.00000000000006 6550.5625000000009 36.77450000000001 3966.2083333333335
decision_type=2 2 2 2 2 2 2 2 2 2 2 2 2 2 2 2 2 2 2 2 2 2 2 2 2 2 2 2 2 2 2 2 2 2 2 2 2 2 2 2 2 2 2 2 2 2 2 2 2 2 2 2 2 2 2 2 2 2 2 2 2 2
left_child=1 2 19 8 22 6 7 -6 -3 18 12 -12 13 -8 15 -14 17 36 -9 33 23 -11 -5 24 48 -20 27 29 -29 39 31 -31 53 61 -4 42 41 58 45 40 -16 -2 -32 44 -23 -39 -10 54 49 -19 -44 -28 -38 -33 -41 56 59 -58 -18 -56 -47 -1
right_child=16 3 34 4 5 -7 10 9 46 21 11 -13 14 -15 26 -17 37 20 25 -21 -22 43 -24 -25 -26 -27 51 28 -30 30 35 32 -34 -35 -36 -37 52 38 -40 47 -42 -43 50 -45 -46 60 -48 -49 -50 -51 -52 -53 -54 -55 55 -57 57 -59 -60 -61 -62 -63
leaf_value=-0.10402351168250588 -3.9784298245315122 -0.083170098686476929 0.050510146790382383 -0.10402824198574283 -0.10575456333731378 -0.088081489828118573 0.088188345755450634 -0.10975752987421503 -0.10915710815045504 -0.11707262232873962 0.25397215918997085 -0.10403122725774738 -0.10811076767763525 -0.10403122725774738 -0.060204445478811319 0.10467748565808367 -1.4362437586133396 -1.6870006727025526 0.032908986830749325 -0.10086422648133715 0.031530126842392869 -0.10780752143377177 -0.064511520106672174 -0.61565543961792435 -5.1113483205027341 -0.73724060681468984 -0.78693366031772294 -0.0015337654829131804 -0.053684575293967848 -0.073595176620366867 -0.10258837801029144 0.076260993437122185 -0.090507028600676359 -0.10402348535675064 -0.83247715816154377 -0.10411658314465849 20.985590518890877 -1.4640059704604378 -9.6398502920533051 0.16305260591541496 0.15091776778910165 7.2298161535071932 0.069474472170407711 -0.11258334419683928 0.016364023988966386 -0.27182482563724475 -0.10383570564131084 -0.14626948378793461 0.092478473955276988 -0.2845622763238348 -0.014815669853968936 0.032420443044836947 -1.3657567276297429 -0.052531578199586718 0.10485138884905758 -0.064316604037163647 0.5559874926463364 -0.10950537572601053 84.927088689306331 -0.093975612146834656 8.6840507469936092 -0.10447816013256896
leaf_weight=151 26 29 44 26 35 24 89 37 34 39 33 29 35 44 22 39 26 20 26 33 50 25 20 29 24 30 21 23 21 34 20 56 37 27 28 36 438 24 36 591 23 33 251 23 217 23 20 25 24 30 27 784 34 20 260 21 23 20 2304 24 381 23
leaf_count=151 26 29 44 26 35 24 89 37 34 39 33 29 35 44 22 39 26 20 26 33 50 25 20 29 24 30 21 23 21 34 20 56 37 27 28 36 438 24 36 591 23 33 251 23 217 23 20 25 24 30 27 784 34 20 260 21 23 20 2304 24 381 23
internal_value=-0.000423362 -0.00280358 -0.0183567 -0.00131158 -0.000915405 -0.000690251 -0.00053189 -0.00456144 -0.0161011 -0.00288592 0.000134581 -0.01 0.000382939 -0.00644628 0.000760847 -0.00789474 0.00195397 -0.000470272 -0.0105048 -0.0232593 -0.00664032 -0.000542585 -0.0158134 -0.00972463 -0.00706422 -0.0044385 0.0010363 0.000357865 -0.0112245 0.000702638 -0.00135938 -0.00575119 -0.00228117 -0.0250323 -0.00237171 0.000565699 0.00158162 0.00256934 0.000795087 0.00168863 -0.00425721 -0.0035533 0.00137873 0.000724255 0.00149938 0.0017309 -0.0230129 0.00196971 -0.0034413 -0.00592814 0.00201726 0.00232518 0.00223046 0.000591327 0.00213396 0.00109451 0.00161419 -0.00320186 0.00292133 0.0023548 0.0021752 -0.026278
internal_weight=7001 3499 306 3193 3110 3064 3040 432 83 397 2608 62 2546 133 2413 74 3502 708 93 234 177 304 46 127 98 56 2339 1534 44 1490 481 147 113 201 72 334 531 2794 464 1009 45 59 298 265 242 428 54 964 74 50 278 805 472 76 939 348 327 43 2330 284 404 174
internal_count=7001 3499 306 3193 3110 3064 3040 432 83 397 2608 62 2546 133 2413 74 3502 708 93 234 177 304 46 127 98 56 2339 1534 44 1490 481 147 113 201 72 334 531 2794 464 1009 45 59 298 265 242 428 54 964 74 50 278 805 472 76 939 348 327 43 2330 284 404 174
is_linear=0
shrinkage=0.03


Tree=19
num_leaves=63
num_cat=0
split_feature=10 55 9 54 45 27 53 44 34 48 62 43 38 70 50 27 27 20 20 61 56 51 19 59 55 70 48 34 33 54 47 52 48 7 7 47 54 2 44 69 12 50 32 55 49 51 21 24 62 11 43 10 62 12 44 62 28 47 44 10 21 24
split_gain=44.498 90.251 30.1068 20.7559 11.5503 10.6408 9.13091 15.0744 8.2069 7.83998 7.27893 13.2032 7.30795 19.3128 6.38892 10.8377 5.59818 4.93845 4.52531 5.34892 5.38379 3.7379 3.73671 3.26516 3.191 2.95865 2.90451 2.47865 2.45463 2.21857 6.02244 3.81019 2.97344 4.21905 6.78516 5.91098 4.27556 2.58299 1.82986 3.26207 1.80782 1.98381 1.64301 1.60621 1.592 1.59088 1.35644 1.25824 1.03429 0.973392 0.968248 0.655473 1.5398 2.70663 3.46694 0.526237 2.8866 0.595896 0.490476 0.827526 0.458462 1.16675
threshold=1.0000000180025095e-35 6.5000000000000009 1.0000000180025095e-35 584.64583333333337 27239.500000000004 20.371805775721754 716.50000000000011 27239.500000000004 0.074485010940378529 186.50000000000003 2933.4375000000005 32694.500000000004 9278.4375000000018 92550.041666666686 188.56250000000003 12.655668186457403 8.0404777183545786 22.370833333333334 4.0010416666666684 748.50000000000011 1770.0000000000002 614.50000000000011 10.925000000000002 795.50000000000011 5.5000000000000009 91409.020833333358 234.50000000000003 -0.63485035604860929 2.9751630901882047 1750.3750000000002 2178.0000000000005 2001.5000000000002 670.50000000000011 15.500000000000002 5.5000000000000009 816.50000000000011 1409.5833333333337 69.884347500000004 27547.500000000004 83969.500000000015 120997.00000000001 232.85416666666671 55.866501665717841 4167.5000000000009 2300.5000000000005 448.00000000000006 4.9005062386679592 51.644671500000008 2684.7500000000005 77868.000000000015 33929.500000000007 0.56392291514228221 1167.6458333333337 82618.000000000015 29177.500000000004 1363.854166666667 -1.8275210000000006 163.50000000000003 32578.500000000004 0.56392291514228221 1.743771262206512 83.099332500000017
decision_type=2 2 2 2 2 2 2 2 2 2 2 2 2 2 2 2 2 2 2 2 2 2 2 2 2 2 2 2 2 2 2 2 2 2 2 2 2 2 2 2 2 2 2 2 2 2 2 2 2 2 2 2 2 2 2 2 2 2 2 2 2 2
left_child=1 2 17 8 22 6 7 -6 -3 16 12 -12 13 28 15 -14 -9 24 19 20 27 -11 -5 26 -1 -18 -22 -2 -8 30 32 -32 38 34 -34 37 -37 -36 39 -16 41 -23 -4 -25 -35 -20 -10 -21 55 -31 -49 52 53 -47 -55 56 -40 -57 59 -29 61 -59
right_child=18 3 42 4 5 -7 10 9 46 21 11 -13 14 -15 29 -17 25 -19 45 47 23 40 -24 43 -26 -27 -28 58 -30 49 31 -33 33 44 35 36 -38 -39 48 -41 -42 -43 -44 -45 -46 51 -48 50 -50 -51 -52 -53 -54 54 -56 57 -58 60 -60 -61 -62 -63
leaf_value=-0.10090365753145047 -3.3542330446282342 -0.080674995725882631 -1.0123610067670337 -0.10090739472617054 -0.10258192643719438 -0.085439045133275021 -0.081766386948596961 -0.10646480397798858 -0.1098173898936429 -0.11356044365887744 0.24635299441427172 -0.10091029044001497 -0.1048674446473062 -0.10120791981215653 0.14874891901613588 0.10153716108834114 0.031921717225826839 -0.097838299686897029 -2.0299745103865496 -1.8347607821260294 -0.44270036000872004 -0.10457329579075862 -0.062576174503472012 -3.1934174541852856 -0.10090278079604813 -0.71512338861024927 -1.2302351027754368 -4.3066146928828255 0.085414511441094881 -0.76332565050819134 -0.0024824706043302005 -0.047080875997699029 0.18391491678735344 0.0073106397677605095 0.23492595895169124 -0.10127424385265969 -0.057167583163709582 -0.070741877469685202 -0.065132086184121182 -0.059253205314059643 -0.1092058438709341 0.015873103269297386 0.05644488296229272 0.42899443835800932 -0.025168035864476211 14.734662573636182 -0.10041444847876684 3.7709713922910666 -0.14188139927429658 0.031447829753491828 -2.7237276183473349 107.94667277236273 11.696425227211318 -13.839362577099964 0.63659359720749153 -0.10255748935808981 0.18173983525306431 0.051976968471712501 13.681947918942221 9.1524751281672199 0.1116688867086031 -0.10516978603185902
leaf_weight=186 21 29 24 26 35 24 20 37 34 39 33 29 35 36 25 39 26 33 35 21 20 25 20 20 20 30 37 28 77 21 21 23 68 265 36 31 22 21 25 20 23 217 43 22 38 72 20 449 25 784 28 1818 776 23 27 32 110 82 77 28 670 20
leaf_count=186 21 29 24 26 35 24 20 37 34 39 33 29 35 36 25 39 26 33 35 21 20 25 20 20 20 30 37 28 77 21 21 23 68 265 36 31 22 21 25 20 23 217 43 22 38 72 20 449 25 784 28 1818 776 23 27 32 110 82 77 28 670 20
internal_value=-0.000401937 -0.002795 -0.0183567 -0.00130218 -0.000905759 -0.000680461 -0.000522022 -0.00456144 -0.0161011 -0.00288592 0.000146083 -0.01 0.000394721 -0.00644628 0.000773279 -0.00789474 -0.0105048 -0.0233375 0.00198824 -7.18944e-05 -0.00362702 -0.000542585 -0.0158134 -0.00908174 -0.0250801 -0.0044385 -0.0137653 -9.73393e-05 0.000494336 0.00104912 0.00037742 -0.0105442 0.000702638 -0.00123467 -0.00490174 -0.00950954 -0.0167232 -0.00273205 0.00162917 -0.00425721 0.000724255 0.00149938 -0.000536513 -0.00263658 0.000910591 0.00255171 -0.0230129 0.00172857 0.00190748 0.00232518 0.00204988 0.00263429 0.00196081 -0.00115479 -0.00652695 0.00207007 0.000310881 0.00236165 0.00139745 -0.000695187 0.00252947 0.000617042
internal_weight=7001 3499 306 3193 3110 3064 3040 432 83 397 2608 62 2546 133 2413 74 93 239 3502 751 253 304 46 99 206 56 57 154 97 2339 1534 44 1490 481 178 110 53 57 1009 45 265 242 67 42 303 2751 54 498 964 805 477 2716 898 122 50 939 135 804 133 56 772 102
internal_count=7001 3499 306 3193 3110 3064 3040 432 83 397 2608 62 2546 133 2413 74 93 239 3502 751 253 304 46 99 206 56 57 154 97 2339 1534 44 1490 481 178 110 53 57 1009 45 265 242 67 42 303 2751 54 498 964 805 477 2716 898 122 50 939 135 804 133 56 772 102
is_linear=0
shrinkage=0.03


Tree=20
num_leaves=63
num_cat=0
split_feature=9 55 54 45 46 62 53 4 49 38 14 50 58 14 21 3 62 44 6 19 0 62 27 53 6 4 4 46 60 44 3 50 54 50 7 49 62 45 16 60 7 21 43 43 43 21 34 61 59 1 2 4 42 69 27 33 69 45 60 58 22 58
split_gain=41.4904 117.796 21.5003 10.8268 9.91692 25.7428 10.6587 9.79198 9.53216 8.77598 28.3382 7.84441 7.83172 6.01939 5.17605 4.57274 5.40637 3.98991 17.0609 3.95624 3.44363 3.20247 2.98331 2.6264 2.51284 2.74435 2.54293 3.86154 2.49169 2.40971 2.36424 2.29027 2.20247 5.42023 7.17345 2.23243 1.93638 3.56299 1.91217 1.77316 2.64392 1.68213 1.58878 1.48577 5.94497 7.41101 1.45396 1.3269 1.29779 1.28266 1.20566 1.08956 1.55312 0.868878 2.14554 0.835283 0.761512 0.87935 1.30284 0.714124 0.687496 0.655919
threshold=1.0000000180025095e-35 6.5000000000000009 584.64583333333337 27239.500000000004 32834.916666666672 2083.1458333333335 549.50000000000011 16.500000000000004 182.50000000000003 9677.7916666666697 84637.416666666672 406.77083333333343 2078.1875000000005 85583.375000000015 2.9098813412666034 65.992144226213895 2479.6875000000005 27224.500000000004 3.5000000000000004 -1.0000000180025095e-35 87721.500000000015 1638.1458333333337 19.899858776705774 842.50000000000011 3.5000000000000004 7.5000000000000009 15.500000000000002 32536.250000000004 1117.5000000000002 33802.500000000007 59.244643729650377 211.14583333333334 1750.3750000000002 1244.5208333333335 20.500000000000004 106.50000000000001 1338.1250000000002 31423.500000000004 -1500.9999999999998 849.50000000000011 16.500000000000004 4.5892419094864545 28595.000000000004 32009.500000000004 32460.500000000004 3.6360998897437304 -0.10049133507160944 4327.0000000000009 1117.5000000000002 20.075000000000006 59.258331500000004 18.500000000000004 39107.520833333343 125395.50000000001 13.190733387018957 1.5083325244737436 102641.50000000001 32393.500000000004 619.50000000000011 3847.5000000000005 -1.3 2875.3750000000005
decision_type=2 2 2 2 2 2 2 2 2 2 2 2 2 2 2 2 2 2 2 2 2 2 2 2 2 2 2 2 2 2 2 2 2 2 2 2 2 2 2 2 2 2 2 2 2 2 2 2 2 2 2 2 2 2 2 2 2 2 2 2 2 2
left_child=1 15 13 20 6 8 -5 24 -6 10 23 14 19 -3 30 16 -1 18 -11 29 -4 28 32 -8 25 39 -27 -28 42 -9 -7 -21 33 35 -35 -19 37 -37 -29 -2 46 -39 50 53 45 59 -41 -13 55 51 -14 -23 -53 -38 -55 -33 -44 -58 -59 -45 -26 -42
right_child=7 2 3 4 5 11 9 12 -10 17 -12 47 21 -15 -16 -17 -18 22 -20 31 -22 49 -24 -25 60 26 27 38 -30 -31 -32 48 -34 34 -36 36 43 41 -40 40 61 -43 56 44 -46 -47 -48 -49 -50 -51 -52 52 -54 54 -56 -57 57 58 -60 -61 -62 -63
leaf_value=-0.097876547805506961 0.04892413939198216 -0.10041267218734208 -0.097880172884385414 -0.097736848197744253 -0.097303942169157942 -0.086139144287156133 -0.11023805218164164 -0.44003045337304841 0.010260312214410474 -0.099602357031166641 -0.097871629291454612 -0.10362172535799889 -0.15773157886232775 -0.097425486930003274 0.093654129086063825 -0.097875696606087206 -0.098113008351360678 -0.057978436516369546 0.029539658506352824 -1.458686469373691 -0.065855201293885932 0.96635290891587122 -0.082875873779276771 0.084810688095499534 -0.31686422619593957 24.984407149506922 36.534768748596008 -0.82808395810157975 -0.61228461554183322 -0.074724881849656435 -0.097791929016745063 -0.67424388943992053 0.055629749391875975 0.0084582677414892209 -0.10592966855480607 -0.068624494361298416 0.099805738906025149 0.0063539772315114691 -5.653377186802075 -3.3835055147387592 -2.3771184827958227 -0.033666622003752339 0.34390553222823145 0.0042454200261250324 0.089748124857680245 -0.13602925635912161 -0.90940904218404017 -0.098059499112650911 0.16983474868088594 4.1312594665571067 -11.390193193131251 -0.2158627683440871 0.063013051627677008 -0.10136923994443113 0.063224532338929176 -0.064861625758960095 0.076463428805216088 0.011897410778986508 -0.62895314854574935 -0.0016906971139110738 52.861325036601542 0.13768056390377259
leaf_weight=193 90 37 20 36 34 20 20 33 232 24 46 20 30 34 23 21 25 30 62 20 20 121 29 110 34 720 47 23 27 21 20 21 610 42 26 33 614 86 20 24 20 21 53 40 221 31 20 46 39 283 23 37 20 20 46 54 49 22 20 24 2188 26
leaf_count=193 90 37 20 36 34 20 20 33 232 24 46 20 30 34 23 21 25 30 62 20 20 121 29 110 34 720 47 23 27 21 20 21 610 42 26 33 614 86 20 24 20 21 53 40 221 31 20 46 39 283 23 37 20 20 46 54 49 22 20 24 2188 26
internal_value=-0.000427647 -0.00316141 -0.00135819 -0.000912858 -0.000669888 -0.00504176 0.000124361 0.0015231 0.000281849 0.000399045 -0.00601363 -0.0160341 -0.00129195 -0.0176371 -0.00836767 -0.0233375 -0.0246355 0.000976979 -0.00533101 -0.00671451 -0.016384 0.000192673 0.00126849 0.0011299 0.00228916 0.00102717 0.00177386 -0.00296337 -0.00274431 -0.013586 -0.0148878 -0.00391499 0.00142021 0.000687951 -0.00753304 0.00117057 0.00138632 -0.00190578 -0.00946636 -0.00231538 -0.00529412 0.000728291 -0.00155251 0.00185222 0.00014236 -0.00611987 -0.0105442 -0.0232829 -0.00223488 0.00162655 -0.0059887 -0.000353734 -0.00378284 0.00264226 -0.000590015 -0.00455393 6.24567e-05 -0.00158068 -0.00477435 -0.000234009 0.00285001 -0.000195228
internal_weight=7001 2916 2677 2606 2566 395 2171 4085 266 2135 176 129 873 71 63 239 218 1959 86 188 40 685 1873 130 3212 990 810 90 224 54 40 134 1844 1234 68 1166 1136 140 43 180 90 107 197 996 316 95 44 66 114 461 53 178 57 680 66 75 144 91 42 64 2222 46
internal_count=7001 2916 2677 2606 2566 395 2171 4085 266 2135 176 129 873 71 63 239 218 1959 86 188 40 685 1873 130 3212 990 810 90 224 54 40 134 1844 1234 68 1166 1136 140 43 180 90 107 197 996 316 95 44 66 114 461 53 178 57 680 66 75 144 91 42 64 2222 46
is_linear=0
shrinkage=0.03


Tree=21
num_leaves=63
num_cat=0
split_feature=9 56 54 46 27 38 14 45 18 38 21 4 62 43 54 46 45 58 19 62 63 46 49 38 62 14 58 26 13 15 45 21 4 15 61 3 70 43 33 62 14 22 37 46 46 4 62 33 51 20 4 34 26 58 21 50 68 26 63 58 61 16
split_gain=42.0916 72.5066 26.9527 10.2061 9.7773 9.17041 29.9023 9.32741 8.74714 8.88949 8.08313 7.92926 6.78672 11.9896 5.84549 20.0582 5.64341 5.58882 5.36758 4.93472 4.49076 8.10196 4.08892 4.00729 4.23727 8.30727 3.89844 3.40631 3.29459 2.80449 2.65182 2.63308 2.49186 3.04228 2.08421 2.06959 1.91694 6.32851 2.7666 2.18221 3.2252 1.89819 1.82962 2.28207 3.00155 2.05331 1.56967 1.45645 1.3312 1.20852 3.28764 3.16136 1.18537 3.80514 3.38589 1.17323 1.14185 1.05845 1.0021 0.912638 0.843482 0.824961
threshold=1.0000000180025095e-35 6.5000000000000009 584.64583333333337 33890.083333333343 20.371805775721754 9677.7916666666697 84637.416666666672 27224.500000000004 -1.3749999999999998 19981.729166666668 3.4976036682406657 16.500000000000004 2933.4375000000005 32694.500000000004 1776.9583333333337 27430.104166666672 32393.500000000004 2078.1875000000005 -1.0000000180025095e-35 2325.4375000000005 1269.0000000000002 32917.104166666672 106.50000000000001 23440.375000000004 1233.9375000000002 92337.875000000015 3553.6875000000005 81.174507125000005 78647.500000000015 5207.7899961946814 33847.500000000007 4.2980314882226898 7.5000000000000009 5645.3869339999228 727.50000000000011 58.396830677013192 92380.791666666686 29556.000000000004 4.2908401835402064 2631.1666666666674 98926.750000000015 0.64999999999999936 11711.500000000002 30442.375000000004 29680.083333333339 6.5000000000000009 1795.5833333333337 1.8062653261032633 674.50000000000011 2.7187500000000004 14.500000000000002 -0.29557525462093176 74.317797312500019 2609.3125000000005 2.4049303803828272 440.06250000000006 88991.500000000015 79.561720062500015 1166.5000000000002 2364.0833333333335 549.50000000000011 -1775.9999999999998
decision_type=2 2 2 2 2 2 2 2 2 2 2 2 2 2 2 2 2 2 2 2 2 2 2 2 2 2 2 2 2 2 2 2 2 2 2 2 2 2 2 2 2 2 2 2 2 2 2 2 2 2 2 2 2 2 2 2 2 2 2 2 2 2
left_child=1 8 19 4 5 6 28 -7 -1 10 27 32 14 -14 15 -9 26 18 34 -3 21 23 -22 24 25 -17 29 -10 -4 -12 36 46 33 42 -13 -28 -24 -38 39 52 -41 -33 -2 44 45 -44 47 -19 -20 50 -34 61 -39 -54 -55 -50 -43 -56 -26 60 -35 -52
right_child=11 2 3 -5 -6 7 -8 12 9 -11 16 17 13 -15 -16 20 -18 31 48 -21 22 -23 30 -25 58 -27 35 -29 -30 -31 -32 41 49 59 -36 -37 37 38 -40 40 -42 56 43 -45 -46 -47 -48 -49 55 -51 51 -53 53 54 57 -57 -58 -59 -60 -61 -62 -63
leaf_value=-0.095044164954628793 2.9851710430180312 -0.094238262443814932 -0.10693091061619239 -0.096158743452874285 -0.08038959756589846 -0.094943767697853856 -0.094932047589570995 -0.094947328047635976 -0.095096287928373505 -0.014918068178296525 -0.05598293001385668 -0.44087494610958611 0.22835574021341665 -0.094941196753434987 0.029618205105696481 -0.066564541505282626 0.17085739859021454 -8.4917379357054497 -1.1849255382141428 -0.094540519156825015 -0.094184251286406326 -0.071078472021220418 0.096988400910129849 -0.035830083449687078 0.0074232844787617113 0.17982130683294373 -0.095006161541421982 -0.065401171269112462 0.08166042752749185 -0.034537357202847209 -0.10665562931286336 -0.57012952944012374 22.009879832062598 -1.7407923869668576 -0.063839351421130272 -0.10056654704380427 -0.098328162746098194 0.070943979897770112 -0.098893856138484532 -0.13354407960529402 0.15898847828371959 -0.39326026687317561 -1.257014062243522 -2.0893243612650387 -4.8666791437462296 9.4355787448629744 0.96556688744487829 -0.035719424915396453 0.017500457468692575 90.387814879869424 3.1251643330164183 -4.692620155465173 0.019570402091387589 -0.10621916431834832 -0.021282944032115378 -0.55266585350979769 0.046207090440756431 0.054576767219920969 -0.016141641375771582 7.1726061486530526 0.096213745315633536 -1.1817589500611951
leaf_weight=67 42 50 20 22 23 33 52 38 75 41 20 28 28 25 625 25 24 20 22 30 37 25 431 32 195 28 20 20 103 23 26 32 396 37 26 25 20 409 29 25 24 23 31 78 20 27 382 158 83 2124 44 38 152 20 21 29 70 30 23 311 38 26
leaf_count=67 42 50 20 22 23 33 52 38 75 41 20 28 28 25 625 25 24 20 22 30 37 25 431 32 195 28 20 20 103 23 26 32 396 37 26 25 20 409 29 25 24 23 31 78 20 27 382 158 83 2124 44 38 152 20 21 29 70 30 23 311 38 26
internal_value=-0.000449072 -0.00320256 -0.00155473 -0.00100908 -0.000828298 -0.000645773 -0.00726442 -0.000140802 -0.0167947 -0.0141596 -0.0166876 0.00151575 8.86205e-05 -0.0105085 0.000344003 -0.000620716 -0.0111597 -0.00101707 -0.00559809 -0.0186891 -9.08445e-05 -0.00320939 0.000742586 -0.00184098 -0.000641829 -0.00824859 -0.0146765 -0.0231546 0.000779854 -0.00807425 0.0010513 0.000236462 0.0022051 0.000426297 -0.013586 -0.0208869 0.00126604 0.000324613 0.000798479 0.00118925 -0.00488798 -0.00369305 -0.0025896 -0.00409353 -0.00772087 -0.00418244 0.00111944 -0.00119596 -0.00234899 0.00259922 0.00126761 -0.003358 0.00166588 -8.06812e-05 -0.00582278 -0.000990187 -0.00148228 -0.00164384 0.0011967 0.00198135 -0.000958722 0.000385164
internal_weight=7001 2916 2601 2521 2499 2476 175 2301 315 248 207 4085 2268 53 2215 1590 112 873 188 80 1552 328 1224 303 271 53 88 95 123 43 1187 685 3212 584 54 45 1161 730 710 681 49 125 198 156 78 58 560 178 134 2628 504 108 632 223 71 112 93 51 218 386 75 70
internal_count=7001 2916 2601 2521 2499 2476 175 2301 315 248 207 4085 2268 53 2215 1590 112 873 188 80 1552 328 1224 303 271 53 88 95 123 43 1187 685 3212 584 54 45 1161 730 710 681 49 125 198 156 78 58 560 178 134 2628 504 108 632 223 71 112 93 51 218 386 75 70
is_linear=0
shrinkage=0.03


Tree=22
num_leaves=63
num_cat=0
split_feature=10 55 9 54 45 27 34 53 44 46 62 58 36 14 61 58 4 19 20 3 19 62 24 55 39 27 48 61 54 32 35 21 56 33 42 49 49 32 43 16 41 4 3 58 37 0 49 7 62 14 42 67 4 62 44 30 53 69 51 52 58 26
split_gain=43.706 88.5252 31.3064 19.5751 10.4488 9.25917 8.44639 8.38748 16.5912 7.39658 19.5365 8.57427 7.01616 10.0623 5.89386 5.68904 10.2958 8.08961 4.93845 4.45251 4.43094 3.91367 4.13565 3.191 3.18184 4.17454 3.09655 3.08942 2.98935 3.737 4.84005 7.62083 3.62716 3.59463 3.19008 2.92264 2.83694 8.04553 2.34389 2.04108 2.03673 4.37503 1.96605 1.83929 1.6682 1.62417 1.47953 1.41668 3.73435 1.33847 1.18552 1.14205 1.10089 2.17653 2.78146 1.09713 1.07553 1.03968 0.957956 0.923269 0.739703 1.1023
threshold=1.0000000180025095e-35 6.5000000000000009 1.0000000180025095e-35 584.64583333333337 27239.500000000004 20.371805775721754 0.1170777398577947 716.50000000000011 27239.500000000004 32716.729166666668 1988.3958333333337 4821.604166666667 12570.500000000002 83175.729166666672 2598.5000000000005 2061.0625000000005 15.500000000000002 -0.72499999999999987 22.370833333333334 57.997396034911183 10.925000000000002 2394.6458333333339 60.211513500000009 5.5000000000000009 40083.000000000007 7.9327293019068028 195.50000000000003 693.50000000000011 1833.6875000000002 54.859997245067021 11684.500000000002 4.6406511436962363 8267.5000000000018 4.2908401835402064 33123.375000000007 193.50000000000003 1581.5000000000002 64.173850818117003 32694.500000000004 -391.99999999999994 38316.500000000007 5.5000000000000009 65.247518714891086 839.87500000000011 8738.0000000000018 81108.500000000015 195.50000000000003 26.500000000000004 2215.729166666667 84239.770833333358 43754.416666666672 100622.00000000001 16.500000000000004 1157.4166666666667 29177.500000000004 56.574378541184515 710.50000000000011 88353.000000000015 1173.5000000000002 654.50000000000011 3225.2083333333339 68.479347875000016
decision_type=2 2 2 2 2 2 2 2 2 2 2 2 2 2 2 2 2 2 2 2 2 2 2 2 2 2 2 2 2 2 2 2 2 2 2 2 2 2 2 2 2 2 2 2 2 2 2 2 2 2 2 2 2 2 2 2 2 2 2 2 2 2
left_child=1 2 18 6 20 7 -3 8 -6 28 12 19 13 -11 35 16 39 27 23 -12 -5 22 -16 -1 -24 -26 -21 -18 29 46 31 32 51 34 -32 40 44 58 56 43 57 -42 -39 -2 -36 -30 -9 -46 -49 -8 -40 -31 -17 54 -54 -4 -19 -10 -38 -45 61 -55
right_child=15 3 55 4 5 -7 49 9 14 10 11 -13 -14 -15 21 52 17 38 -20 26 -22 -23 24 -25 25 -27 -28 -29 45 30 33 -33 -34 -35 36 -37 37 42 50 -41 41 -43 -44 59 47 -47 -48 48 -50 -51 -52 -53 53 60 -56 -57 -58 -59 -60 -61 -62 -63
leaf_value=-0.092088100759265726 -4.5942513661216511 -0.069900922111842748 -0.81051435784561054 -0.099766247214266524 -0.09356683215832419 -0.077977909638921511 -0.097574607898970572 -0.059848888698313965 -0.10115928880081111 0.287205390672304 -0.062151814074665794 0.15801798992243468 0.0176948933327889 -0.092621240948538394 -0.021724732085068355 68.35591712772991 -1.2070028384428806 -1.4619612042189403 -0.089149270983239437 -0.068374306804698054 -0.05587492019861566 0.092165130179850632 -0.10055606971168105 -0.092088075989362611 -0.097414316329810097 0.003978501040745654 -0.093054905320879303 -0.40562467949401826 -1.5761739700839112 0.074620863249333091 -0.067226942638660414 -0.070164177098981678 -0.087348054324008953 -0.09500595257341804 -0.065992944916732035 0.065139134155792061 -0.086387679737358447 -0.041855776108189989 -0.54665583847821841 34.593089026589475 -0.0020134789771298618 -0.43903447699230447 -0.037284985208722421 -3.4932321320841062 0.081874548373381151 0.052606834812391694 0.076530583851574935 -0.090177577917821994 0.018454842751800697 -0.09166713259265738 -4.1756498233065962 -0.043377870114676038 -12.860940594085776 -1.7999339730262913 0.76874199577022762 0.087040194591851167 0.23964020221133631 0.1671672773118606 0.003917060978707418 9.7985312045934663 15.118993746305982 1.399777290422082
leaf_weight=186 21 30 26 26 35 24 33 20 25 35 30 24 257 32 26 2319 30 20 33 23 20 23 22 20 31 21 54 24 35 49 20 22 24 21 20 148 23 21 20 403 29 25 25 32 587 603 492 23 46 20 22 21 27 52 30 41 68 47 101 86 263 85
leaf_count=186 21 30 26 26 35 24 33 20 25 35 30 24 257 32 26 2319 30 20 33 23 20 23 22 20 31 21 54 24 35 49 20 22 24 21 20 148 23 21 20 403 29 25 25 32 587 603 492 23 46 20 22 21 27 52 30 41 68 47 101 86 263 85
internal_value=-0.000474782 -0.00284645 -0.0182587 -0.00136795 -0.000982926 -0.000768578 -0.0157401 -0.000620703 -0.00449202 1.95546e-05 -0.00345419 -0.0132265 0.000490589 -0.00813711 -0.00273483 0.00189401 -0.000466878 -0.00659967 -0.0233375 -0.0168627 -0.0151627 -0.00818846 -0.0107592 -0.0250801 -0.0143725 -0.0101919 -0.0207004 -0.0163586 0.00075519 2.77211e-05 -0.00103479 -0.00679587 -0.00302869 -0.000277308 1.73191e-05 -0.000273623 0.000301383 -0.00315697 -0.00251345 0.0016104 -0.00363997 -0.00804067 -0.0138612 -0.00150971 0.00117586 0.00247767 0.00211482 0.00144033 -0.00260492 -0.0229379 -0.00833729 0.000385164 0.00251252 0.00115511 -0.00430823 -8.94187e-05 0.000238366 -0.000291262 0.000797744 -2.54021e-05 0.00194201 0.000131291
internal_weight=7001 3499 306 3193 3110 3064 83 3040 432 2608 455 131 324 67 397 3502 726 184 239 107 46 123 100 206 74 52 77 54 2153 1515 1003 116 94 887 866 274 846 170 130 542 126 54 46 139 676 638 512 656 69 53 42 70 2776 457 57 67 88 72 124 118 400 137
internal_count=7001 3499 306 3193 3110 3064 83 3040 432 2608 455 131 324 67 397 3502 726 184 239 107 46 123 100 206 74 52 77 54 2153 1515 1003 116 94 887 866 274 846 170 130 542 126 54 46 139 676 638 512 656 69 53 42 70 2776 457 57 67 88 72 124 118 400 137
is_linear=0
shrinkage=0.03


Tree=23
num_leaves=63
num_cat=0
split_feature=10 55 9 54 45 34 53 44 62 43 48 6 4 18 48 23 35 0 51 59 55 43 14 62 36 58 44 53 26 6 62 44 47 44 44 45 29 17 4 66 12 15 43 55 51 15 53 61 41 58 30 56 4 6 36 6 47 43 45 42 66 4
split_gain=41.5191 85.0007 29.6364 19.0062 10.6642 7.97334 7.16626 14.2981 7.02035 13.2032 5.81035 5.22011 7.30797 4.83784 4.80346 4.3917 8.33953 3.95379 3.7379 3.24851 2.92284 2.78462 11.6917 8.00544 6.46067 5.39951 11.2256 6.58224 3.9031 2.93644 8.68759 2.88842 5.44198 3.16797 2.65588 2.2003 2.01762 1.86712 1.83491 1.85386 1.80782 1.65588 1.60333 1.58721 1.58321 1.45358 1.42583 1.37575 3.14275 1.12121 1.09713 1.08576 1.08572 1.33644 1.80492 1.50031 1.04334 1.09646 0.840267 0.59985 0.598355 0.547944
threshold=1.0000000180025095e-35 6.5000000000000009 1.0000000180025095e-35 584.64583333333337 27239.500000000004 0.1170777398577947 716.50000000000011 27239.500000000004 2933.4375000000005 32694.500000000004 186.50000000000003 2.5000000000000004 15.500000000000002 19.775000000000002 169.50000000000003 33.862966500000006 14818.500000000002 87874.000000000015 614.50000000000011 828.50000000000011 5.5000000000000009 30987.500000000004 98642.145833333358 2320.3333333333335 15855.500000000002 3241.0000000000005 31769.500000000004 1255.5000000000002 73.857926083333339 3.5000000000000004 1925.4791666666667 31597.500000000004 2178.0000000000005 31484.500000000004 33617.500000000007 33851.500000000007 61.567323831540556 4.9250000000000016 7.5000000000000009 4358.5000000000009 120997.00000000001 4961.5931253480467 29133.500000000004 6173.0000000000009 448.00000000000006 10606.121757481131 1373.5000000000002 249.50000000000003 36803.000000000007 3966.2083333333335 56.574378541184515 5881.0000000000009 17.500000000000004 8.5000000000000018 12949.500000000002 3.5000000000000004 183.50000000000003 31398.500000000004 33841.500000000007 33123.375000000007 1419.3750000000002 16.500000000000004
decision_type=2 2 2 2 2 2 2 2 2 2 2 2 2 2 2 2 2 2 2 2 2 2 2 2 2 2 2 2 2 2 2 2 2 2 2 2 2 2 2 2 2 2 2 2 2 2 2 2 2 2 2 2 2 2 2 2 2 2 2 2 2 2
left_child=1 2 13 5 17 -3 7 -6 15 -10 14 12 38 20 42 16 45 -5 -12 34 49 29 23 25 -25 60 -27 -28 -29 30 -17 32 33 -24 43 56 -36 -31 39 -2 58 -7 -9 -14 -13 -8 61 48 -39 -1 -4 -40 -46 55 -55 -54 -33 -58 59 -20 -23 -21
right_child=11 3 50 4 6 41 8 10 9 -11 18 44 19 -15 -16 21 -18 -19 40 46 -22 22 31 24 -26 26 27 28 -30 37 -32 35 -34 -35 36 -37 -38 47 51 -41 -42 -43 -44 -45 52 -47 -48 -49 -50 -51 -52 -53 53 54 -56 -57 57 -59 -60 -61 -62 -63
leaf_value=-0.089325457736487757 -4.36680736136692 -0.067803894448487459 -0.78619892711024209 -0.08910246725049023 -0.090759827193574463 -0.088917118614877652 -0.068652037007862751 0.013670644457766144 0.22886463484931296 -0.089301313691205572 -0.096428433746330894 -3.933630038397455 -4.3109300341448122 -0.063726283626889202 -0.095163018444952591 -0.09184983078934264 0.19775318207129366 -0.059223310674408114 -0.095989608211044686 -0.71681972892134849 -0.089325433709681726 -0.0093068835643763444 0.04947485254507282 -0.065904464069120414 -0.089413110491081915 -0.073341491574927656 -0.089308881756567704 0.019519014160103439 -0.089311305310763353 -0.061563175546867951 0.092153820620620233 -0.092155773996215495 -0.039362019009880705 -0.022467093591794305 0.013890402260923121 -0.09256938619894782 -0.4695847588049385 -1.577496792500797 17.775542150566938 6.4152943132849876 -0.097770302834276401 -0.088473795371188144 -0.3620182518583982 -1.6013684474772163 60.165300017964178 -0.061902273728974978 -7.9129259423154243 0.049356760927670967 0.076157564749444212 -0.089805340855216353 0.08442898875409563 -3.1039387139158188 -1.1974220456173732 0.4361598300578049 -0.6882299395215361 12.380326687985066 -0.084688941502241807 0.048525058998776155 -0.088339386518080737 0.015493725579525761 0.147026301881688 0.065147725766464396
leaf_weight=158 26 30 26 26 35 32 20 21 33 29 39 35 21 38 36 22 40 20 20 26 20 20 105 32 34 36 28 135 25 34 61 28 27 23 27 24 20 20 438 33 23 21 37 22 2531 20 21 894 48 23 41 34 27 25 23 153 20 757 20 202 116 40
leaf_count=158 26 30 26 26 35 32 20 21 33 29 39 35 21 38 36 22 40 20 20 26 20 20 105 32 34 36 28 135 25 34 61 28 27 23 27 24 20 20 438 33 23 21 37 22 2531 20 21 894 48 23 41 34 27 25 23 153 20 757 20 202 116 40
internal_value=-0.000354801 -0.0026664 -0.0177687 -0.00121763 -0.000838237 -0.0153791 -0.000621716 -0.00419764 -3.19257e-05 -0.01 -0.00256971 0.00195397 -0.000343172 -0.0227102 -0.00908608 0.000207855 -0.00670412 -0.0151627 -0.000542585 -0.00562394 -0.0245848 0.000431481 -0.000444649 -0.00459751 -0.0142057 -0.00282422 -0.00568942 -0.00272727 -0.000356027 0.00157909 -0.00382671 0.00135047 -0.00239845 0.000163935 -0.00962264 0.00205524 -0.00458599 0.00203293 0.00141216 -0.0035533 0.000724255 -0.0223729 -0.00366609 -0.0150348 0.00253713 -0.016384 -0.00144661 0.00227939 -0.00180617 -0.0258089 -8.94187e-05 0.00203982 0.00261825 0.00061815 -0.00380457 0.00181566 0.00232518 0.00253249 0.00149938 0.00203962 0.00187362 0.000680787
internal_weight=7001 3499 306 3193 3110 83 3064 433 2631 62 398 3502 708 239 94 2569 80 46 304 177 201 2489 1410 426 66 360 224 188 160 1079 83 984 155 128 90 829 47 996 531 59 265 53 58 43 2794 40 87 962 68 181 67 472 2759 228 48 180 805 777 242 222 136 66
internal_count=7001 3499 306 3193 3110 83 3064 433 2631 62 398 3502 708 239 94 2569 80 46 304 177 201 2489 1410 426 66 360 224 188 160 1079 83 984 155 128 90 829 47 996 531 59 265 53 58 43 2794 40 87 962 68 181 67 472 2759 228 48 180 805 777 242 222 136 66
is_linear=0
shrinkage=0.03


Tree=24
num_leaves=63
num_cat=0
split_feature=10 55 4 54 45 27 53 44 38 14 48 50 27 42 62 43 1 27 4 45 19 37 51 69 58 38 16 70 6 55 66 54 36 49 32 54 62 63 36 56 12 55 60 58 26 63 58 61 46 27 50 62 26 26 42 3 36 21 21 52 11 43
split_gain=40.7533 83.8049 25.6743 17.0689 10.6066 9.36793 7.66993 14.2749 6.68157 24.7471 5.93984 5.91958 10.8377 5.57434 4.88187 8.74562 4.86694 4.68965 4.45028 7.23094 4.43094 4.03279 3.7379 2.92301 2.77261 2.72374 2.59881 2.59771 2.20197 2.13564 2.02731 1.97932 3.25965 4.09884 5.93232 2.45177 3.98157 2.17166 4.73279 1.81736 1.80782 1.75058 1.69513 1.59222 1.56567 1.44079 1.30261 2.40086 1.25765 1.14392 1.03372 0.978308 4.17849 1.08801 2.90533 0.965594 0.95698 0.930324 1.72016 0.983501 0.92179 0.655943
threshold=1.0000000180025095e-35 6.5000000000000009 5.5000000000000009 584.64583333333337 27239.500000000004 20.371805775721754 716.50000000000011 27239.500000000004 9278.4375000000018 84637.416666666672 186.50000000000003 188.56250000000003 12.655668186457403 37441.812500000007 2933.4375000000005 32694.500000000004 20.275000000000002 7.6397319806142674 15.500000000000002 33079.000000000007 10.925000000000002 8339.5000000000018 614.50000000000011 102441.00000000001 1799.5416666666667 11846.770833333334 -1529.9999999999998 91409.020833333358 9.5000000000000018 4096.5000000000009 4408.541666666667 1833.6875000000002 24479.000000000004 1599.5000000000002 64.173850818117003 1185.8750000000002 2067.3958333333335 421.50000000000006 15678.000000000002 8.5000000000000018 120997.00000000001 4.5000000000000009 4706.5000000000009 3966.2083333333335 72.919870666666682 4373.5000000000009 652.25000000000011 473.50000000000006 27430.104166666672 13.275171745817127 231.93750000000003 2631.1666666666674 69.718724000000023 74.005179562500004 30863.916666666668 68.855247053115974 12358.500000000002 1.8794240399525999 1.5261035388849338 2280.5000000000005 91653.000000000015 31147.500000000004
decision_type=2 2 2 2 2 2 2 2 2 2 2 2 2 2 2 2 2 2 2 2 2 2 2 2 2 2 2 2 2 2 2 2 2 2 2 2 2 2 2 2 2 2 2 2 2 2 2 2 2 2 2 2 2 2 2 2 2 2 2 2 2 2
left_child=1 2 16 13 20 6 7 -6 9 -8 17 12 -10 25 21 -16 41 -9 46 28 -5 -13 -12 -21 45 -3 -4 -19 29 30 -20 32 37 35 -35 36 -34 38 -23 44 50 43 -36 -1 -39 -25 47 -2 -41 -30 -24 53 -53 -50 -55 -37 -33 58 -56 -59 -46 -31
right_child=18 3 26 4 5 -7 8 10 11 -11 22 14 -14 -15 15 -17 -18 27 19 23 -22 31 40 24 -26 -27 -28 -29 49 61 -32 56 33 34 42 55 -38 39 -40 48 -42 -43 -44 -45 60 -47 -48 -49 51 -51 -52 52 -54 54 57 -57 -58 59 -60 -61 -62 -63
leaf_value=-0.08664569400439312 -5.3166298748945771 -0.090912413579951806 0.1473693531065591 -0.094548373095572485 -0.088037032377767235 -0.073899639315951018 0.074209506227487204 -0.089634522582968917 -0.090269676965956183 -0.086631966151440448 -0.093535580733940971 -0.060421095334923569 0.087815253369999097 -0.085529632417049944 0.22199869580383358 -0.086622274280469397 -0.074493301972849604 0.021004707251204333 1.4150628555649765 -0.13503770190414968 -0.05242197327242494 -0.066592475897626874 -0.087299957229144368 -4.6588587741636607 -1.2951587168737928 -0.028286093241309443 -0.76261295929693484 -0.43205576120535188 -14.984857851058205 2.1352998608857976 -7.7773036638303852 -0.68689951628166368 0.0010283963361333262 0.012502518532977017 -0.040160624576265368 0.056366505699875238 -0.094139949864856909 0.12836550646319117 0.015174529294882383 -0.03367650729196088 -0.094837193749248108 -0.086645670698391283 -0.0353251094162444 -0.086934205768068956 -0.23759696207577474 -1.1849010911429096 51.419417020865581 15.345197788079162 0.094508113274645422 -0.10650753262518023 0.012231034535278814 -0.13056838683632938 0.11041191555945495 -0.058404323997870815 0.093222616715307308 -0.0059076495706395504 0.046485739925067979 0.089215896658865534 -0.09177255643629019 -0.015602388209396559 -0.0059778907304013518 21.199851647116063
leaf_weight=147 20 37 46 26 35 24 89 36 35 44 39 22 39 21 33 29 37 27 21 45 20 20 24 22 39 25 26 30 20 311 20 32 30 33 23 118 20 37 27 20 23 27 20 23 21 23 2565 43 736 35 218 20 49 38 31 29 607 337 29 20 20 338
leaf_count=147 20 37 46 26 35 24 89 36 35 44 39 22 39 21 33 29 37 27 21 45 20 20 24 22 39 25 26 30 20 311 20 32 30 33 23 118 20 37 27 20 23 27 20 23 21 23 2565 43 736 35 218 20 49 38 31 29 607 337 29 20 20 338
internal_value=-0.000384797 -0.00267497 -0.0176707 -0.00123642 -0.000876821 -0.000660879 -0.000512154 -0.0042143 0.000100073 -0.00644628 -0.00258373 0.000453315 -0.00789474 -0.014657 0.000712174 -0.00758454 -0.0224904 -0.0092159 0.00190257 4.46174e-05 -0.0151627 0.000933693 -0.000542585 -0.00650658 -0.00980975 -0.0191787 -0.00195562 -0.00378284 0.00118373 0.00164759 -0.0049635 0.00105649 0.00051308 -0.00248261 -0.00839685 -0.000182648 -0.00592814 0.00109743 -0.00522293 0.00131875 0.000724255 -0.0243836 -0.0157309 -0.0255556 -0.0031114 -0.0149002 0.00251931 -0.00171157 0.00159128 -0.0045735 0.00149938 0.00171177 -0.00173661 0.0019142 0.000751483 0.00175391 0.00247849 0.00148166 -0.00194676 0.00206665 -0.00715328 0.00207056
internal_weight=7001 3499 306 3193 3110 3064 3040 432 2608 133 397 2475 74 83 2401 62 234 93 3502 874 46 2339 304 129 84 62 72 57 745 690 41 2317 1678 273 76 197 50 1405 47 1358 265 197 43 170 78 45 2628 63 1280 55 242 1260 69 1191 455 147 639 417 60 357 41 649
internal_count=7001 3499 306 3193 3110 3064 3040 432 2608 133 397 2475 74 83 2401 62 234 93 3502 874 46 2339 304 129 84 62 72 57 745 690 41 2317 1678 273 76 197 50 1405 47 1358 265 197 43 170 78 45 2628 63 1280 55 242 1260 69 1191 455 147 639 417 60 357 41 649
is_linear=0
shrinkage=0.03


Tree=25
num_leaves=63
num_cat=0
split_feature=9 55 53 45 27 50 43 38 14 20 53 44 4 38 62 43 1 27 49 44 14 0 61 4 30 55 4 58 24 24 49 38 43 44 65 58 50 62 4 35 16 21 22 4 23 16 38 62 26 26 31 51 48 35 13 21 2 26 43 37 31 50
split_gain=39.2066 108.569 15.9516 10.7122 9.72707 9.74675 12.6163 9.15644 26.4841 7.34751 7.03887 6.78127 6.28575 5.10466 4.98637 7.74542 4.69916 4.55672 6.05274 3.8491 17.0609 3.44363 3.2703 3.38236 3.17975 3.14933 2.85337 3.46639 2.64469 2.38191 2.27411 7.21312 2.40025 2.85383 4.61919 4.30865 2.24358 2.15758 2.45941 2.43091 2.07469 1.79512 1.85065 1.97748 2.42771 1.74418 1.49877 3.57686 1.80129 3.9481 1.46986 1.3982 1.33084 1.19434 1.15337 1.1125 1.30793 1.0226 0.847001 2.08252 0.821988 2.03006
threshold=1.0000000180025095e-35 6.5000000000000009 558.50000000000011 27239.500000000004 20.371805775721754 197.35416666666669 32408.500000000004 9677.7916666666697 84637.416666666672 20.514583333333338 734.50000000000011 33834.500000000007 15.500000000000002 11757.375000000002 2933.4375000000005 32694.500000000004 16.925000000000001 12.130769619268905 193.50000000000003 27224.500000000004 84349.812500000015 87721.500000000015 795.50000000000011 18.500000000000004 59.085308174929658 5.5000000000000009 8.5000000000000018 2713.5625000000005 62.954641000000009 47.168726000000007 106.50000000000001 13777.062500000002 31032.000000000004 31597.500000000004 1659.5000000000002 3892.979166666667 806.27083333333337 1827.0625000000002 18.500000000000004 10743.500000000002 -1005.4999999999999 4.535651266121639 -0.10000000000000002 6.5000000000000009 90.558165000000017 -5253.9999999999991 15227.854166666668 2435.8541666666674 75.759907437500019 76.68458772916668 68.893286965451821 1622.5000000000002 578.50000000000011 17718.500000000004 89753.000000000015 4.6878308744989079 73.009477500000017 85.457779500000001 31147.500000000004 14968.500000000002 60.290639193152352 602.35416666666686
decision_type=2 2 2 2 2 2 2 2 2 2 2 2 2 2 2 2 2 2 2 2 2 2 2 2 2 2 2 2 2 2 2 2 2 2 2 2 2 2 2 2 2 2 2 2 2 2 2 2 2 2 2 2 2 2 2 2 2 2 2 2 2 2
left_child=1 9 13 21 5 6 17 8 10 25 -7 14 26 -3 19 -16 22 18 -5 20 -9 -4 23 24 53 -1 27 41 -26 40 31 -21 -32 34 35 36 -34 38 58 -40 -24 42 51 -44 -45 -11 47 55 -48 -50 60 -2 -41 54 -14 56 -35 -31 59 -18 61 -51
right_child=12 2 3 4 -6 7 -8 11 -10 45 -12 -13 16 -15 15 -17 37 -19 -20 30 -22 -23 29 -25 28 -27 -28 -29 -30 57 32 -33 33 46 -36 -37 -38 -39 39 52 -42 -43 43 44 -46 -47 48 -49 49 50 -52 -53 -54 -55 -56 -57 -58 -59 -60 -61 -62 -63
leaf_value=-0.084046323184261321 0.18557764454281739 -0.082601930020121089 -0.083592942040108351 0.0084077783253394146 -0.07189360076309205 -0.095119626818619227 -0.082887936610382684 0.024276178882571706 -0.084030656319327462 -0.0599073640510175 0.07364031827695304 -0.086636410484471182 -0.92639209772580822 -0.083503240720578381 0.20640096304304803 -0.084023606052055319 0.40311020490338018 0.087667670775610607 -0.088382185089233109 -0.048707596013444578 -0.085476952133770615 -0.055747572992314406 0.0019628716967461514 0.055117992758145329 -2.4804508163431831 -0.084046300577439531 77.678001166172848 6.9594162919723139 -0.53448089013535649 0.060621296138335549 0.08184568944814484 0.22454494653713972 -0.025799658702565269 0.0095493060488133722 0.0068342509125661859 -0.12379884525498817 0.063461843656468217 4.2422230964236292 -0.40143069065070996 0.12341928306517923 -6.8426391219189622 -9.0741607816491499 0.30823298869990479 -4.6562985567862745 -6.2502839245463511 -0.044075878376250731 0.086472758576149861 -0.082508291422968866 -0.092273960150584824 0.10996904156305172 -0.0019251953749618517 -1.2465847467472913 -0.41164447379143609 0.028402440129489205 -3.7377158518351465 -0.039216098564364428 -0.045008003314508917 -0.46362298569946347 11.278866389024714 -2.750843294938266 0.0059339485259582428 -0.10160524114843988
leaf_weight=175 183 25 20 28 21 20 42 62 46 22 115 37 21 39 28 28 107 61 27 20 24 20 20 46 28 20 2044 549 29 211 799 38 20 115 78 31 27 394 21 27 24 27 21 38 20 22 435 20 21 51 21 38 37 22 31 34 34 25 100 22 268 22
leaf_count=175 183 25 20 28 21 20 42 62 46 22 115 37 21 39 28 28 107 61 27 20 24 20 20 46 28 20 2044 549 29 211 799 38 20 115 78 31 27 394 21 27 24 27 21 38 20 22 435 20 21 51 21 38 37 22 31 34 34 25 100 22 268 22
internal_value=-0.000431932 -0.0030894 -0.00135819 -0.000994221 -0.000753177 -0.000584225 -0.00779886 -0.000106512 -0.00659304 -0.0224592 8.88232e-05 0.000422936 0.00146435 -0.0161466 0.000641055 -0.00818182 -0.000396532 -0.0026615 -0.00892922 0.000875902 -0.00533101 -0.016384 -0.00276963 -0.00596273 -0.00842105 -0.0249718 0.0022078 0.00077046 -0.0137653 -0.000739022 0.00114006 -0.00469879 0.00131319 0.00044856 -0.00332479 -0.00848912 -0.00267516 0.0011312 -0.000716332 -0.00507638 -0.00714286 -0.00166921 -0.00098967 -0.00493047 -0.0077969 -0.0112245 0.0010283 -0.00127031 0.00160249 9.39704e-05 0.000836786 0.000407056 -0.00210608 -0.00425101 -0.00673704 3.27691e-05 0.001167 0.000444727 0.000890441 -0.000697134 0.00131926 -0.00147743
internal_weight=7001 2916 2677 2613 2573 2552 158 2394 181 239 135 2213 4085 64 2176 56 1165 116 55 2120 86 40 457 177 131 195 2920 876 57 280 2034 58 1976 1177 156 78 47 708 314 85 44 327 300 79 58 44 1021 203 818 383 362 221 64 74 52 183 149 236 229 129 341 73
internal_count=7001 2916 2677 2613 2573 2552 158 2394 181 239 135 2213 4085 64 2176 56 1165 116 55 2120 86 40 457 177 131 195 2920 876 57 280 2034 58 1976 1177 156 78 47 708 314 85 44 327 300 79 58 44 1021 203 818 383 362 221 64 74 52 183 149 236 229 129 341 73
is_linear=0
shrinkage=0.03


Tree=26
num_leaves=63
num_cat=0
split_feature=10 55 9 54 27 1 53 61 38 14 34 47 58 4 37 26 26 62 43 50 27 43 49 18 55 4 22 60 61 63 16 53 41 43 38 54 62 58 51 3 60 49 58 59 24 43 15 27 38 31 43 62 4 34 9 43 57 38 19 4 4 61
split_gain=37.1737 81.5879 25.4605 18.1974 9.23651 8.21257 6.97298 8.09341 6.3374 24.7471 5.71833 5.65729 5.41935 6.57583 4.47599 4.33951 4.32658 3.97569 7.96368 3.54173 7.17751 3.36966 3.04762 2.93312 2.90284 2.85434 3.65958 2.98057 2.78521 2.62966 2.5586 2.40433 2.45441 3.09085 8.48507 5.04492 3.03867 2.81137 2.80025 4.20029 2.6473 2.40342 2.01927 1.78261 1.65449 1.57844 1.57203 1.56278 1.52484 2.30125 1.41501 1.40827 1.36173 1.05694 1.02305 0.853862 0.784978 0.771602 2.53385 0.721389 0.661964 1.15212
threshold=1.0000000180025095e-35 6.5000000000000009 1.0000000180025095e-35 584.64583333333337 20.371805775721754 19.775000000000002 716.50000000000011 2598.5000000000005 9278.4375000000018 84637.416666666672 0.074485010940378529 404.50000000000006 2713.5625000000005 15.500000000000002 8339.5000000000018 67.431146208333345 77.065874500000021 2933.4375000000005 32694.500000000004 188.56250000000003 12.655668186457403 27448.000000000004 210.50000000000003 0.4250000000000001 5.5000000000000009 8.5000000000000018 -0.20000000000000059 619.50000000000011 727.50000000000011 4373.5000000000009 -1529.9999999999998 1882.5000000000002 55862.000000000007 29081.500000000004 12946.770833333334 1500.1875000000002 1192.791666666667 2041.7291666666667 2101.5000000000005 62.86388036797856 5634.5000000000009 193.50000000000003 3966.2083333333335 2033.0000000000002 80.823110000000014 32694.500000000004 4961.5931253480467 6.3366128061976434 29432.020833333336 62.524912955092901 27242.500000000004 1303.3750000000002 19.500000000000004 0.33509231553269819 1.0000000180025095e-35 32926.500000000007 23.500000000000004 10890.29166666667 21.875000000000004 16.500000000000004 16.500000000000004 819.50000000000011
decision_type=2 2 2 2 2 2 2 2 2 2 2 2 2 2 2 2 2 2 2 2 2 2 2 2 2 2 2 2 2 2 2 2 2 2 2 2 2 2 2 2 2 2 2 2 2 2 2 2 2 2 2 2 2 2 2 2 2 2 2 2 2 2
left_child=1 2 5 10 6 24 7 21 9 -8 -3 16 13 25 -10 29 22 19 -19 20 -16 -5 52 -18 42 26 56 -28 45 -15 -4 32 33 34 37 -36 -37 -21 39 53 48 47 -1 -7 -29 59 -12 -23 57 -50 -39 -30 -9 -34 -49 -33 -2 58 -35 -17 -14 -62
right_child=12 3 30 4 -6 43 8 11 14 -11 46 -13 60 15 17 28 23 18 -20 31 -22 41 -24 -25 -26 -27 27 44 51 -31 -32 55 38 40 35 36 -38 50 -40 -41 -42 -43 -44 -45 -46 -47 -48 54 49 -51 -52 -53 -54 -55 -56 -57 -58 -59 -60 -61 61 -63
leaf_value=-0.081524933488733478 15.65750519957485 -0.086476518678025194 0.14237373345021265 -0.081275762082285541 -0.069525842113579733 -0.054361704421243558 0.069774011492354043 -0.077142807342868894 -0.13791619938788655 -0.081512087477317419 -0.086507822278929142 0.012195421706811959 92.337970883402093 -0.46274976808766488 -0.079357199794951372 0.21483300962520663 -0.087750748517982674 0.20914670603842714 -0.081502897870493668 -0.047859566853926679 0.082550765645630783 -0.090846326423914825 -0.090490017283564608 0.075399471881504032 -0.081524911560116348 30.049111521829655 -0.18131050489454642 -6.8787316078592866 -1.4759656656525295 -2.253641777834718 -0.68360522215659902 0.023547893516094563 0.15123477559906276 0.044297063308324093 -0.0810851537789051 -0.19307151263244518 0.24749397037756504 -0.035511683176388489 0.015248113357151791 -0.03437679001453648 -0.12054298098489502 0.035678646897457256 -0.081827042929573657 -0.081622766087159127 -7.8497418166965769 -3.5281919688243533 -0.080440743547067595 0.0045613463729628255 -0.084700709418586553 0.0067789606234319325 0.11447041618385001 0.12821206306965258 -0.080907960792290678 -0.053684728032896471 -0.46569245454153774 -0.079055054264151714 -7.5955564836408742 0.097283417732953223 -0.080154387140263753 -1.2394296378247136 -0.35461643818677696 9.3532325167433044
leaf_weight=157 106 29 46 30 24 22 89 23 22 44 33 28 1835 38 35 21 20 33 29 29 39 32 27 20 20 757 40 21 22 30 21 765 27 61 33 21 25 26 40 38 27 144 20 20 20 31 21 65 21 21 215 145 21 33 25 31 31 927 20 39 86 280
leaf_count=157 106 29 46 30 24 22 89 23 22 44 33 28 1835 38 35 21 20 33 29 29 39 32 27 20 20 757 40 21 22 30 21 765 27 61 33 21 25 26 40 38 27 144 20 20 20 31 21 65 21 21 215 145 21 33 25 31 31 927 20 39 86 280
internal_value=-0.000393367 -0.00258066 -0.0173767 -0.00116125 -0.000790007 -0.0219573 -0.000644503 -0.00416456 -6.5633e-05 -0.00644628 -0.0150181 -0.0101366 0.00179121 0.000253632 0.000270442 -0.00343146 -0.0131773 0.000390609 -0.00710145 0.000582967 -0.00587045 -0.00134752 -0.0176371 -0.00516209 -0.0245358 0.00148908 -0.00152682 -0.00658446 -0.0016389 -0.0101762 -0.000983606 0.000786831 0.000101656 0.000473319 -0.00197651 -0.0106195 -0.00409978 0.000544243 -0.0037147 -0.0064526 0.00127008 -0.000259301 -0.025782 -0.00976247 -0.0122628 -0.00586169 -0.0207948 -0.00336609 0.00151128 -0.00406176 0.00161759 0.00064632 -0.012585 -0.00144759 -0.00129856 0.00212913 0.0014442 0.00174685 -0.00103576 -0.00294509 0.00269865 0.00151598
internal_weight=7001 3499 306 3193 3110 239 3086 435 2651 133 83 139 3502 1301 2518 326 111 2496 62 2434 74 296 71 40 197 975 218 81 258 68 67 2360 1564 1426 349 79 46 270 138 98 1077 266 177 42 41 91 54 122 1050 42 241 167 44 60 90 796 137 1008 81 60 2201 366
internal_count=7001 3499 306 3193 3110 239 3086 435 2651 133 83 139 3502 1301 2518 326 111 2496 62 2434 74 296 71 40 197 975 218 81 258 68 67 2360 1564 1426 349 79 46 270 138 98 1077 266 177 42 41 91 54 122 1050 42 241 167 44 60 90 796 137 1008 81 60 2201 366
is_linear=0
shrinkage=0.03


Tree=27
num_leaves=63
num_cat=0
split_feature=9 55 54 20 45 53 44 46 38 44 33 38 44 50 62 54 24 58 33 63 39 46 46 35 38 62 55 58 7 11 45 53 5 20 4 4 25 63 44 31 57 25 31 30 24 41 54 4 60 17 5 44 43 34 34 49 47 56 56 58 4 62
split_gain=36.7906 102.881 17.4318 11.6473 10.8593 9.12195 14.014 7.49391 16.0275 14.4651 7.02121 9.5584 6.45702 6.0101 5.69958 11.6112 4.61313 5.7008 4.21559 3.88838 3.4796 3.89817 3.22989 5.23502 3.21275 13.5813 3.0756 3.06714 6.3241 2.3491 2.31044 2.24131 2.21492 2.1148 2.16126 2.18385 2.07485 1.96295 1.76827 1.95684 1.72567 2.39286 3.11301 2.68758 1.52549 1.51045 1.42411 1.41527 1.34347 1.32305 1.85163 1.23942 4.12221 1.09804 1.06868 0.998314 0.937853 0.887618 0.822564 0.754056 0.749045 3.04141
threshold=1.0000000180025095e-35 6.5000000000000009 584.64583333333337 20.942708333333339 27239.500000000004 716.50000000000011 27239.500000000004 31114.041666666668 11757.375000000002 31769.500000000004 2.9994340833794659 9677.7916666666697 33815.500000000007 188.56250000000003 2933.4375000000005 2100.9583333333335 63.957451000000006 3225.2083333333339 2.5690030639092134 4615.5000000000009 36517.000000000007 29289.062500000004 31346.666666666672 26280.500000000004 15227.854166666668 2173.4375000000005 5.5000000000000009 2068.041666666667 26.500000000000004 87721.500000000015 33851.500000000007 602.50000000000011 4.5000000000000009 10.407291666666667 7.5000000000000009 14.500000000000002 55.893492000000009 1676.0000000000002 32639.500000000004 58.584241285710995 24.500000000000004 62.663475000000005 60.667713590287754 59.45941473000557 42.172436000000005 46579.000000000007 671.70833333333337 18.500000000000004 502.50000000000006 10.975000000000001 2.5000000000000004 31597.500000000004 32056.500000000004 -0.32407077626248432 0.20066878436285054 209.50000000000003 166.50000000000003 6723.5000000000009 7.5000000000000009 3918.4375000000005 6.5000000000000009 1045.0000000000002
decision_type=2 2 2 2 2 2 2 2 2 2 2 2 2 2 2 2 2 2 2 2 2 2 2 2 2 2 2 2 2 2 2 2 2 2 2 2 2 2 2 2 2 2 2 2 2 2 2 2 2 2 2 2 2 2 2 2 2 2 2 2 2 2
left_child=1 3 18 26 29 6 -6 27 9 -9 11 -11 20 -10 22 -16 17 40 -3 -14 21 -8 23 -15 25 -24 59 28 37 -4 51 -23 -5 34 38 -36 -20 -7 39 -18 -2 46 43 49 47 -22 -42 -19 -37 57 -51 52 -26 -45 -50 -41 -53 -43 -58 -1 61 -35
right_child=16 2 4 32 5 7 12 8 13 10 -12 -13 19 14 15 -17 33 44 36 -21 45 31 24 -25 30 -27 -28 -29 -30 -31 -32 -33 -34 60 35 48 -38 -39 -40 55 41 42 -44 53 -46 -47 -48 -49 54 50 -52 56 -54 -55 -56 -57 58 -59 -60 -61 -62 -63
leaf_value=-0.079079185484071488 0.13546762986488925 -0.077818316607611904 -0.078652599165537948 -0.083673860496650709 -0.079711758759679258 -0.055791585064936575 0.01309820908202246 -0.057103841545286561 -0.07550333031227853 -0.079066724852997899 0.010560409470872155 0.1639486000227133 -0.083810716677796604 0.0466081489247544 -0.079057810934378858 0.010146748730539529 0.00079496197238510533 5.6239154874265136 -0.079207384213651505 -0.077666299079033913 0.0084856076700669351 -0.079389706667929896 0.018363709266953243 -0.07116254223332677 0.04918231096460917 -0.11700049390555145 -0.079079164213312861 0.068784290040654381 -0.078827457341038701 -0.046744332271115609 -0.082159688136028947 -0.089161795599377883 0.001581514236112188 -1.4061055542015191 33.066286225918155 -1.3608177791323235 -0.080039527482319378 0.12299833748181672 0.088756891587320322 -3.984996236014402 -4.7587252596994603 0.92229841075035435 0.013388580168711653 -3.5635428028681817 2.3702944546317526 -0.088232965619580397 -0.00041887173059146907 -0.23625821960381604 0.030395391633475186 -7.0932777433349843 -0.66318182346130283 -0.086717186007854372 -0.036336719892956865 -3.6963974415569782 -3.5154778280341348 -2.7588290631358672 -0.00059304087434943679 -1.1084320836725197 0.045282759605211151 -0.079349978611611832 45.618308951923446 1.2683035947133292
leaf_weight=155 59 26 20 21 30 20 28 38 28 26 53 21 20 21 21 27 42 49 20 24 163 25 110 21 82 39 20 798 29 20 21 22 20 20 565 21 25 97 68 25 33 22 54 24 490 21 166 33 163 26 26 21 23 23 38 20 35 20 702 23 1935 163
leaf_count=155 59 26 20 21 30 20 28 38 28 26 53 21 20 21 21 27 42 49 20 24 163 25 110 21 82 39 20 798 29 20 21 22 20 20 565 21 25 97 68 25 33 22 54 24 490 21 166 33 163 26 26 21 23 23 38 20 35 20 702 23 1935 163
internal_value=-0.000401937 -0.00297624 -0.00129095 -0.0218319 -0.000889835 -0.000646506 -0.00527769 4.29897e-05 -0.00144287 -0.0111007 -0.00506493 -0.0135032 -0.00332563 -0.00028147 5.8766e-05 -0.0100416 0.00143497 -0.00030436 -0.0159494 -0.0139456 -0.00150521 -0.00695073 0.000513441 -0.0076247 0.000847933 -0.00321932 -0.0248511 0.00207499 -0.00190965 -0.016384 0.00153716 -0.0122293 -0.00715328 0.00201856 0.000831122 0.00147122 -0.0102439 0.00117848 -0.00239845 -0.00523536 -0.00282057 -0.00353971 -0.00590466 -0.00824947 0.00168327 0.000700706 -0.00120542 -0.00208283 -0.00104007 -0.00526036 -0.00846449 0.00177963 -0.00125595 -0.0141401 -0.000268523 -0.00957871 0.00220419 -0.0012114 0.00238502 -0.0261258 0.00254521 0.000688149
internal_weight=7001 2916 2677 239 2606 2566 333 2233 1289 138 100 47 303 1151 1123 48 4085 1025 71 44 259 75 1075 42 1033 149 198 944 146 40 884 47 41 3060 942 787 45 117 155 87 453 394 195 141 572 184 199 82 222 94 52 863 105 47 201 45 758 42 737 178 2118 183
internal_count=7001 2916 2677 239 2606 2566 333 2233 1289 138 100 47 303 1151 1123 48 4085 1025 71 44 259 75 1075 42 1033 149 198 944 146 40 884 47 41 3060 942 787 45 117 155 87 453 394 195 141 572 184 199 82 222 94 52 863 105 47 201 45 758 42 737 178 2118 183
is_linear=0
shrinkage=0.03


Tree=28
num_leaves=63
num_cat=0
split_feature=9 56 54 19 44 27 38 14 45 53 41 4 65 44 41 43 14 47 62 40 62 44 6 62 21 65 60 13 61 56 15 43 4 62 33 29 54 64 32 50 1 29 60 53 50 26 28 45 47 50 4 44 37 50 50 26 38 33 19 61 21 4
split_gain=35.5524 65.7262 22.8108 11.2337 9.82009 9.87043 9.43044 29.9023 9.44567 9.03253 8.50666 5.71786 4.96972 11.2804 6.39781 5.26354 4.97908 4.68683 4.70056 9.84115 4.27326 4.13755 3.7243 3.50716 3.48058 3.46097 3.34278 3.29459 2.83358 2.93595 2.87951 2.57685 2.4414 2.32198 3.67309 2.298 3.46387 2.27881 2.20586 2.18025 2.17239 1.96347 1.87482 1.63851 1.55367 1.37198 2.60437 1.34359 1.30574 1.25045 1.2327 1.93772 2.49521 1.20413 1.07395 1.0637 1.9511 1.25827 2.20725 1.04964 0.828541 0.825907
threshold=1.0000000180025095e-35 6.5000000000000009 584.64583333333337 13.975000000000001 33847.500000000007 20.371805775721754 9677.7916666666697 84637.416666666672 27224.500000000004 549.50000000000011 48125.500000000007 16.500000000000004 5635.5000000000009 27224.500000000004 50806.500000000007 31505.500000000004 79636.208333333358 166.50000000000003 2933.4375000000005 57941.000000000007 1795.5833333333337 31597.500000000004 3.5000000000000004 2325.4375000000005 3.4876736873219252 1328.0000000000002 1200.5000000000002 78647.500000000015 549.50000000000011 24.500000000000004 5150.2865322382249 32040.500000000004 7.5000000000000009 1282.854166666667 2.5398569029871374 60.205907275289832 1462.1250000000002 3000.5000000000005 55.439274266789063 197.35416666666669 20.275000000000002 64.725987614925216 708.50000000000011 510.50000000000006 997.47916666666686 64.202881270833345 -0.27159750000000565 32503.500000000004 169.50000000000003 364.68750000000006 14.500000000000002 32531.500000000004 16874.500000000004 435.93750000000006 118.27083333333336 74.473443770833356 27378.833333333339 2.3202696243542795 25.075000000000006 328.50000000000006 3.425451873116836 6.5000000000000009
decision_type=2 2 2 2 2 2 2 2 2 2 2 2 2 2 2 2 2 2 2 2 2 2 2 2 2 2 2 2 2 2 2 2 2 2 2 2 2 2 2 2 2 2 2 2 2 2 2 2 2 2 2 2 2 2 2 2 2 2 2 2 2 2
left_child=1 3 23 10 5 6 7 27 -8 -10 37 22 15 -14 16 -11 -15 -17 21 -20 26 24 28 54 -19 -5 44 -4 29 -2 -31 -26 42 34 -23 -27 -37 -1 -35 -18 45 -41 -30 -44 59 46 -22 -45 -39 -32 -34 -52 -53 -28 -3 -40 57 -57 -59 -13 -50 -24
right_child=11 2 4 25 -6 -7 8 -9 9 12 -12 20 13 14 -16 17 39 18 19 -21 40 33 61 -25 31 35 53 -29 32 30 49 -33 50 38 -36 36 -38 48 55 41 -42 -43 43 47 -46 -47 -48 -49 60 -51 51 52 -54 -55 -56 56 -58 58 -60 -61 -62 -63
leaf_value=-0.07878919410006284 0.30272223327573822 -0.04930314836915696 -0.086764237580901182 -0.077209539223242585 -0.077111095772805796 -0.065375507458712387 -0.076293021190571811 -0.076688939436698189 -0.07671761736649052 0.043647041887253837 -0.076403581653393157 -3.7218543043664729 -0.076407187760030817 -0.050657705014010977 -0.076209360529822814 -0.089350410711946826 -0.073238230402910165 0.044148184717507991 -0.076686076606347492 0.0098423462686233424 -0.01001986253976435 0.0043134045530829395 0.35650819621607988 -0.075975134959474208 -0.019819368683682673 0.10546283158677967 -2.2931172817010128 0.066966030740839233 0.11029971058480818 -0.14478533824636042 -7.9884974832948563 -0.1240827353684953 35.195916136176919 -0.074304063309334062 -0.074537626910555668 -0.07649244187371336 0.00020495165369832202 -0.076704328057014881 0.13774318815079994 0.055964736174351076 3.5577872056638284 -0.082616859039459117 1.0383046797317832 -5.1527917504407181 -0.62355673845746939 0.027896059388332693 -1.1913702009613092 -0.77426663591496014 -0.076706789286913477 -2.4299433213580834 46.779297854522255 -9.9551503098677419 0.06137638627060623 -1.6303453659090306 -0.084298965156434216 0.027369964099679785 -0.077565169228013944 0.043825158640162863 -0.0058412629837483309 -0.1299789841262933 -0.077317440291151632 75.615368219825953
leaf_weight=28 63 25 20 39 25 23 33 52 32 867 22 30 27 34 31 20 26 31 20 25 43 55 202 30 20 26 21 103 37 31 21 21 569 27 29 23 22 34 381 266 264 33 24 44 27 169 22 25 87 20 88 23 45 24 25 224 21 43 32 273 34 2020
leaf_count=28 63 25 20 39 25 23 33 52 32 867 22 30 27 34 31 20 26 31 20 25 43 55 202 30 20 26 21 103 37 31 21 21 569 27 29 23 22 34 381 266 264 33 24 44 27 169 22 25 87 20 88 23 45 24 25 224 21 43 32 273 34 2020
internal_value=-0.000466212 -0.00299681 -0.00142786 -0.0159378 -0.000925786 -0.000736749 -0.000553152 -0.00726442 -4.04681e-05 0.00019072 -0.0200975 0.0013395 0.000419148 -0.00253177 -0.00122276 0.00109851 -8.35421e-05 -0.000442524 -0.000129157 -0.00957871 -0.000810904 0.000349508 0.00192491 -0.017191 -0.00653259 -0.00814714 -0.00323114 0.000779854 0.00039087 -0.00364175 -0.00778086 -0.0122628 0.00103146 0.000964167 -0.00374554 -0.00413502 -0.00824834 -0.0222174 0.00151216 0.00105198 0.00100582 0.00178536 -0.00274404 -0.00502685 -0.00217207 -0.00108928 -0.00479263 -0.00738061 -0.023675 -0.0129927 0.00171287 -0.000634209 -0.00444934 -0.0109091 -0.0220958 0.00183997 0.000552952 0.00118355 -0.00215712 -0.00154404 -0.0252188 0.00260699
internal_weight=7001 2916 2601 315 2521 2496 2473 175 2298 2265 205 4085 2233 417 390 1816 359 949 929 45 873 884 3212 80 72 110 375 123 990 135 72 41 855 812 84 71 45 183 728 325 498 299 130 93 330 234 65 69 155 41 725 156 68 45 50 701 320 299 75 303 121 2222
internal_count=7001 2916 2601 315 2521 2496 2473 175 2298 2265 205 4085 2233 417 390 1816 359 949 929 45 873 884 3212 80 72 110 375 123 990 135 72 41 855 812 84 71 45 183 728 325 498 299 130 93 330 234 65 69 155 41 725 156 68 45 50 701 320 299 75 303 121 2222
is_linear=0
shrinkage=0.03


Tree=29
num_leaves=63
num_cat=0
split_feature=9 55 54 45 53 44 27 1 43 32 44 54 50 44 10 22 33 63 15 52 0 6 15 55 17 50 7 50 48 10 13 45 33 6 4 41 65 44 27 7 70 64 66 28 51 40 2 52 50 44 59 24 42 10 33 28 6 35 37 64 48 31
split_gain=37.2334 102.432 17.325 10.7945 10.0235 13.6262 10.5111 9.04514 6.84539 9.47094 13.2552 13.7739 7.76786 6.09798 5.91226 4.28477 4.21559 3.88838 3.88491 4.09336 3.44363 3.18605 3.04312 2.90284 2.44988 3.9547 3.65923 2.31338 2.23347 2.71435 3.10935 2.22954 3.71896 2.18057 3.42282 2.46031 2.17911 4.35705 2.1718 2.47383 3.91034 2.60313 4.76791 2.31585 2.0905 2.05744 1.9431 1.8504 1.5783 1.41174 1.37487 1.29234 2.47359 2.06047 1.12472 1.10209 1.05782 1.02334 0.916468 1.52537 0.812665 0.890079
threshold=1.0000000180025095e-35 6.5000000000000009 584.64583333333337 27239.500000000004 716.50000000000011 27239.500000000004 20.371805775721754 19.775000000000002 31505.500000000004 58.993499193125935 31884.000000000004 1767.8125000000002 188.56250000000003 33815.500000000007 0.56392291514228221 -1.2500000000000002 2.5690030639092134 4615.5000000000009 12369.387074094206 1635.5000000000002 87721.500000000015 3.5000000000000004 4812.7926346519716 5.5000000000000009 21.975000000000005 376.41666666666669 14.500000000000002 91.770833333333357 1071.5000000000002 1.0000000180025095e-35 83886.000000000015 32440.500000000004 2.8255514120376195 2.5000000000000004 14.500000000000002 39729.000000000007 7322.5000000000009 28314.000000000004 3.4679896699079698 17.500000000000004 117629.29166666669 2926.5000000000005 1581.6250000000002 1.8191479999999987 619.50000000000011 49996.500000000007 95.277965500000008 1823.5000000000002 236.14583333333334 31910.500000000004 2033.0000000000002 75.405415000000019 46109.437500000007 1.0000000180025095e-35 1.7982186724377891 -0.81532750000000209 5.5000000000000009 15219.000000000002 15424.500000000002 2976.0000000000005 386.50000000000006 55.874536612503938
decision_type=2 2 2 2 2 2 2 2 2 2 2 2 2 2 2 2 2 2 2 2 2 2 2 2 2 2 2 2 2 2 2 2 2 2 2 2 2 2 2 2 2 2 2 2 2 2 2 2 2 2 2 2 2 2 2 2 2 2 2 2 2 2
left_child=1 7 16 20 5 -5 8 23 31 10 -10 12 -12 15 18 -7 -3 -15 19 21 -4 27 -18 56 -14 -26 -27 -2 29 30 -21 36 -33 34 58 -36 -6 -38 -11 57 41 42 43 -41 -17 -30 51 -45 -46 -42 -9 52 54 -54 -29 -37 -1 -40 59 -16 -23 -62
right_child=14 2 3 4 6 13 -8 50 9 38 11 -13 24 17 33 44 22 -19 -20 28 -22 60 -24 -25 25 26 -28 46 45 -31 -32 32 -34 -35 35 55 37 -39 39 40 49 -43 -44 47 48 -47 -48 -49 -50 -51 -52 -53 53 -55 -56 -57 -58 -59 -60 -61 61 -63
leaf_value=-0.074405628216101069 -6.2593488034464873 -0.072954798154690526 -0.074004230554854666 -0.075021044348155902 0.04573946986357847 -0.082797009473465577 -0.063554875986030712 -0.050521026215178039 -0.092709362689745528 -0.07711743540865762 -0.071041083490822873 -0.074394054924307021 0.12883407664063926 -0.078966545019154982 -3.0860728692530084 -0.076246011763304464 -0.075369073329182371 -0.073022977233478725 6.6587133284831035 -1.6327425084631086 -0.047855745811745752 2.4061548887567894 -0.074056515791412911 -0.074405585608306082 0.13570835589479469 -0.071973150022234436 -0.0024254329615167078 -2.9441115407693763 -2.236972428100493 -0.0032414037187679856 -0.22599085803921926 -0.082156661839532102 0.22853042546557353 87.689139511309079 -7.6693143658840599 0.36728325445381271 -0.049137973863590652 0.065494873446314397 -0.055400444755175401 0.0019958416208039633 -0.033305991519341535 0.022826698924825559 -0.081435158106260355 -0.0032664040305326468 -0.073989375752899933 -0.246725033151381 -5.9289118408259052 -0.0018185686196775289 0.0078184491542146687 0.011503924772718619 -0.074483687556562525 0.070024741681419714 0.022612445609112741 -2.5204842968734229 0.011592660781917239 -6.5122983924416813 -0.074621401054189226 0.045692511598877182 39.524506421116932 19.502584860678937 0.042250183998862316 -0.40783932021688984
leaf_weight=145 27 26 20 30 913 28 21 22 36 23 22 30 162 20 23 30 25 24 416 33 20 494 20 20 52 29 28 20 25 120 39 37 45 1864 32 66 36 60 20 36 20 33 20 21 31 23 20 21 170 156 20 184 21 39 199 20 32 412 275 56 61 28
leaf_count=145 27 26 20 30 913 28 21 22 36 23 22 30 162 20 23 30 25 24 416 33 20 494 20 20 52 29 28 20 25 120 39 37 45 1864 32 66 36 60 20 36 20 33 20 21 31 23 20 21 170 156 20 184 21 39 199 20 32 412 275 56 61 28
internal_value=-0.000427647 -0.00301739 -0.00133577 -0.000935881 -0.00069327 -0.00554788 2.95554e-05 -0.0218319 0.000231906 -0.0014129 -0.00543024 -0.00349118 -0.00149437 -0.00362257 0.00142028 -0.00185257 -0.0159494 -0.0139456 9.94798e-05 -0.00068862 -0.016384 8.78237e-05 -0.0102439 -0.0245358 -8.85281e-05 -0.0035747 -0.00903678 -0.00164085 -0.00423573 -0.00276419 -0.00736477 0.00192466 -0.00281364 0.00240786 0.000578267 -0.00383573 0.00231295 -0.0019667 0.000476316 0.00076309 -0.00128948 -0.00521739 -0.00767584 -0.00426376 -0.000493293 -0.0100416 -0.00115504 -0.00904988 0.000596718 0.0016184 -0.00904988 -0.000751457 -0.00204228 -0.0074376 -0.000547695 -0.00114983 -0.025782 0.00222865 0.00205874 -0.000758533 0.00160521 -0.0010101
internal_weight=7001 2916 2677 2606 2566 333 2233 239 2212 1121 359 323 293 303 4085 259 71 44 1749 1333 40 1093 45 197 271 109 57 510 240 192 72 1091 82 2336 472 118 1009 96 762 739 307 131 98 78 231 48 483 42 201 176 42 463 279 60 219 86 177 432 354 79 583 89
internal_count=7001 2916 2677 2606 2566 333 2233 239 2212 1121 359 323 293 303 4085 259 71 44 1749 1333 40 1093 45 197 271 109 57 510 240 192 72 1091 82 2336 472 118 1009 96 762 739 307 131 98 78 231 48 483 42 201 176 42 463 279 60 219 86 177 432 354 79 583 89
is_linear=0
shrinkage=0.03


Tree=30
num_leaves=63
num_cat=0
split_feature=10 55 4 54 45 20 27 34 53 44 61 38 14 6 61 47 46 62 5 3 0 16 64 54 1 44 27 54 35 45 5 56 15 49 55 62 31 31 53 21 51 36 48 36 22 27 10 43 47 46 29 43 36 20 53 43 45 44 59 13 44 4
split_gain=39.0939 76.9919 23.7826 14.2044 13.4933 11.5221 9.26904 6.9746 6.45099 13.2867 6.0226 5.938 23.5367 4.61435 4.70792 3.91286 3.74032 12.5637 5.40294 4.44524 3.57614 3.44668 3.44281 3.70235 3.18051 2.97655 2.52028 2.46608 2.77822 5.04262 2.21492 2.20148 2.01113 1.99665 1.97487 1.91604 4.98113 3.27607 3.15345 2.20206 3.80007 1.79283 1.72967 4.00911 1.66419 1.57154 1.5163 2.52768 3.50655 1.8088 1.84407 1.41395 1.35575 2.04571 2.87939 1.22294 1.21865 1.15875 1.1496 1.12262 1.02643 0.926822
threshold=1.0000000180025095e-35 6.5000000000000009 5.5000000000000009 584.64583333333337 27239.500000000004 20.942708333333339 20.371805775721754 0.1170777398577947 716.50000000000011 27239.500000000004 2598.5000000000005 9278.4375000000018 84637.416666666672 2.5000000000000004 795.50000000000011 404.50000000000006 32851.020833333343 2083.1458333333335 4.5000000000000009 58.15395595274429 87874.000000000015 -1529.9999999999998 5109.5000000000009 762.33333333333337 -0.87499999999999989 32556.500000000004 20.371805775721754 1833.6875000000002 28055.000000000004 32448.500000000004 4.5000000000000009 2913.5000000000005 4961.5931253480467 195.50000000000003 4.5000000000000009 1520.3541666666667 55.477101723562171 68.53315006545715 1182.5000000000002 4.6621154869671697 1770.5000000000002 14612.500000000002 178.50000000000003 17051.000000000004 0.19999999999999954 6.3366128061976434 0.56392291514228221 30484.500000000004 979.50000000000011 29928.708333333339 55.160056481507894 32974.500000000007 24479.000000000004 25.630208333333339 1981.5000000000002 33929.500000000007 29120.500000000004 33617.500000000007 440.50000000000006 113847.00000000001 27441.500000000004 5.5000000000000009
decision_type=2 2 2 2 2 2 2 2 2 2 2 2 2 2 2 2 2 2 2 2 2 2 2 2 2 2 2 2 2 2 2 2 2 2 2 2 2 2 2 2 2 2 2 2 2 2 2 2 2 2 2 2 2 2 2 2 2 2 2 2 2 2
left_child=1 2 5 7 20 34 8 -3 9 -6 33 12 -10 14 24 22 27 -18 19 -19 -5 -4 23 -12 31 -26 46 28 35 -30 -7 -2 -9 45 -1 36 38 39 -13 -38 -41 -24 43 59 -27 -11 47 48 49 -15 -51 -21 60 54 -54 -16 -40 -46 61 -37 -44 -29
right_child=13 3 21 4 6 30 -8 32 11 10 15 16 -14 26 55 -17 17 18 -20 51 -22 -23 41 -25 25 44 -28 58 29 -31 -32 -33 -34 -35 -36 42 37 -39 56 40 -42 -43 52 -45 57 -47 -48 -49 -50 50 -52 -53 53 -55 -56 -57 -58 -59 -60 -61 -62 -63
leaf_value=-0.072177970563454028 0.18707486827787401 -0.054188604831675466 0.16705130027107884 -0.071784103638209015 -0.072421627356482582 -0.076612847878357024 -0.062246008403069417 -0.07135898465291865 0.06172336162326042 -0.080371427908509735 -0.072624997881832382 -0.056188434990598925 -0.072162233276577809 0.95888089345676109 0.47334649206935597 0.015768464168885225 0.0054974139064081287 -0.063204626653701496 -0.003606581647834106 -0.072153672660427853 -0.089884718348177753 -0.48806670104815159 -0.080329779835445078 0.08274265600575946 -6.9092297623699741 3.3758006836386492 -8.6229017375830228 0.094325572916875974 -0.024385210127814222 0.28722369438529477 0.0048315501727141438 -0.43507178506601418 -0.070875670990721493 0.087545720352914108 -0.072173418040056905 0.086705106715164654 0.0093771809742403695 -0.0082086969604295758 0.023943823358717573 -0.099527560498050435 0.032330766970728869 -0.072270644640210338 -0.025981282302285889 -0.069296287994528791 -2.9959881712050618 -0.0023402731125095467 86.463683526198707 31.13420504295253 -2.5444899162506025 -9.8576180580447694 3.1475883524782713 -0.076458740993690461 -0.082676455504358079 0.060338686740410062 -4.5997128209684792e-05 -5.1405045718282079 -0.056228270948818333 -0.15191399536168101 0.04252831013662333 -0.079259652254753468 0.073196496400027705 -1.2957367257589423
leaf_weight=166 126 30 46 26 35 21 24 32 89 35 22 27 44 397 392 28 197 24 36 29 20 26 20 28 39 24 22 27 27 25 20 35 21 140 27 57 254 24 21 23 26 25 32 20 41 99 1849 456 22 23 25 24 23 59 42 28 20 23 571 20 826 41
leaf_count=166 126 30 46 26 35 21 24 32 89 35 22 27 44 397 392 28 197 24 36 29 20 26 20 28 39 24 22 27 27 25 20 35 21 140 27 57 254 24 21 23 26 25 32 20 41 99 1849 456 22 23 25 24 23 59 42 28 20 23 571 20 826 41
internal_value=-0.000466212 -0.00270927 -0.0170827 -0.00133037 -0.00100222 -0.0217215 -0.000758787 -0.013574 -0.000610835 -0.00400602 -0.00243264 -4.71607e-05 -0.00622089 0.00177408 -0.000385539 -0.00794476 0.000283625 -0.00279587 -0.0107692 -0.0152529 -0.017115 -0.00195562 -0.0108517 -0.00532934 -0.00334259 -0.00689221 0.00232239 0.000726064 6.88029e-05 -0.00673704 -0.00715328 -0.000521415 -0.020113 3.28348e-05 -0.0247954 0.000311377 -0.00147304 5.50292e-05 -0.00885463 0.000910591 -0.00488798 -0.0168958 0.000967473 -0.00284243 -0.0037798 -0.00257271 0.00240359 0.00140396 -0.000141297 0.000431364 -0.00505197 -0.020113 0.00134711 -0.00157131 -0.00525346 0.00163532 -0.00350365 -0.00631825 0.00229072 0.000233463 0.00177252 -0.00136564
internal_weight=7001 3499 306 3193 3110 234 3064 83 3040 432 397 2608 133 3502 708 123 2475 310 113 77 46 72 95 50 288 127 2794 2165 1526 52 41 161 53 274 193 1474 395 327 68 303 49 45 1079 97 88 134 2772 923 467 445 48 53 982 124 65 420 41 64 639 77 858 68
internal_count=7001 3499 306 3193 3110 234 3064 83 3040 432 397 2608 133 3502 708 123 2475 310 113 77 46 72 95 50 288 127 2794 2165 1526 52 41 161 53 274 193 1474 395 327 68 303 49 45 1079 97 88 134 2772 923 467 445 48 53 982 124 65 420 41 64 639 77 858 68
is_linear=0
shrinkage=0.03


Tree=31
num_leaves=63
num_cat=0
split_feature=10 55 9 54 45 20 53 44 61 42 58 10 40 47 44 61 33 37 0 20 54 0 30 20 24 55 23 21 36 35 62 33 65 15 5 65 18 33 31 68 26 48 58 5 59 31 65 9 44 16 33 41 28 24 55 56 37 1 59 30 61 15
split_gain=37.3206 78.8809 26.254 14.424 13.6561 11.6473 6.21002 13.3085 6.04557 4.70663 4.56429 5.06474 4.00727 3.91286 3.81906 12.5926 4.75771 4.65267 7.71091 8.01701 8.29684 3.57614 3.50363 7.45802 3.12766 3.0756 2.97588 2.84903 2.53637 2.36147 3.36029 3.63328 2.22369 4.63977 2.21492 2.02561 1.96687 1.79142 2.3119 3.29598 1.69698 2.91257 1.74385 2.88242 2.63786 1.90387 1.77893 1.44836 2.02739 1.35563 1.28724 2.55205 1.15584 1.07196 1.52332 1.05542 0.96703 2.33591 2.81976 0.860682 0.77219 0.755383
threshold=1.0000000180025095e-35 6.5000000000000009 1.0000000180025095e-35 584.64583333333337 27239.500000000004 20.942708333333339 716.50000000000011 27239.500000000004 2598.5000000000005 37441.812500000007 2726.9375000000005 0.74305326206722599 31873.000000000004 404.50000000000006 32713.500000000004 4833.5000000000009 2.2745064387480851 11500.500000000002 95816.500000000015 19.130208333333339 1262.9375000000002 87874.000000000015 55.948813615185749 -3.2354166666666662 75.579817000000006 5.5000000000000009 87.963390000000018 2.1788737682471235 9310.5000000000018 10397.500000000002 1988.3958333333337 2.2562314801243382 7836.5000000000009 5021.7677002107148 4.5000000000000009 5475.5000000000009 23.275000000000002 1.7612226582367498 60.844776688597818 97109.500000000015 74.317797312500019 184.50000000000003 3892.979166666667 3.5000000000000004 4400.5000000000009 68.53315006545715 6960.5000000000009 1.0000000180025095e-35 29574.500000000004 -1775.9999999999998 2.9104980751659615 38316.500000000007 -1.0248829999999989 50.579668000000005 4835.0000000000009 8402.0000000000018 15581.000000000002 0.27500000000000008 536.50000000000011 51.56886372061404 208.50000000000003 5740.6027087944267
decision_type=2 2 2 2 2 2 2 2 2 2 2 2 2 2 2 2 2 2 2 2 2 2 2 2 2 2 2 2 2 2 2 2 2 2 2 2 2 2 2 2 2 2 2 2 2 2 2 2 2 2 2 2 2 2 2 2 2 2 2 2 2 2
left_child=1 2 5 9 21 25 7 -6 50 12 11 24 -3 22 17 29 -17 18 27 -20 -21 -5 -10 -24 26 -1 37 -8 -19 -16 -31 -32 40 -34 -7 -28 -18 38 39 -2 60 -42 45 -44 -45 46 47 -43 -49 -4 -9 59 -22 54 -12 -29 -26 -58 -59 -52 -30 -39
right_child=10 3 49 4 6 34 14 8 13 -11 53 -13 -14 -15 15 16 36 28 19 20 52 -23 23 -25 56 -27 35 55 32 30 31 -33 33 -35 -36 -37 -38 61 -40 -41 41 42 43 44 -46 -47 -48 48 -50 -51 51 -53 -54 -55 -56 -57 57 58 -60 -61 -62 -63
leaf_value=-0.070008161672074382 -1.4904473236455238 -0.069218215113331094 0.1964497719856966 -0.069630580529062749 -0.070248978535788112 -0.074314462442006304 -0.016074983338794358 0.0095291090089154925 -0.076934584219785482 -0.068720620536929095 -8.3878481137542984 29.658950107383486 -0.069193250815146712 0.015295410243818672 -0.090391670834860161 -0.069989062480615011 -0.069997366278280473 -0.047569896979348623 -0.058515135115598589 -0.04188335889625721 -0.12279452432541735 -0.087188176797732414 -0.072092340967776766 0.010456400260641714 2.9387475817418389 -0.070008215498855192 -9.3120155787724421 0.057119073557628935 -1.3151520436096502 0.0097616520777746209 -0.072510150100658866 0.0082558780992020072 -0.066830962346262318 0.070873905411947477 0.004686603667532715 -0.11814334355569912 -0.0029255927925251213 -0.81722371522523407 0.66953578199733566 -5.3909724632545233 -0.07847263770292677 0.039427992512297602 0.04031432435904405 -0.0014888568451162216 -0.060634819015611768 -0.0042343873311002454 -0.049258072192187176 -1.5421052808599482 0.30801586627277194 -0.46130540732358716 -0.083489081750863614 -0.19821212166828131 0.17299771578863904 62.037504631482172 1.9520690560475831 -0.096518547355424394 0.11049750021078433 2.9493879648737464 -8.9310847925555485 0.084461927136856477 0.062457934035169034 0.045797257854311497
leaf_weight=178 29 21 40 26 35 21 32 157 29 21 20 655 41 28 37 31 21 31 20 22 20 20 27 39 185 20 29 177 24 223 33 43 26 39 20 20 22 124 24 29 30 498 72 35 31 35 21 21 63 27 33 34 42 1983 186 24 94 20 25 51 958 79
leaf_count=178 29 21 40 26 35 21 32 157 29 21 20 655 41 28 37 31 21 31 20 22 20 20 27 39 185 20 29 177 24 223 33 43 26 39 20 20 22 124 24 29 30 498 72 35 31 35 21 21 63 27 33 34 42 1983 186 24 94 20 25 51 958 79
internal_value=-0.000440502 -0.00263211 -0.0171807 -0.00123642 -0.000905759 -0.0218319 -0.000660879 -0.00398984 -0.00241899 -0.013574 0.00174838 0.00034727 -0.0177295 -0.00794476 -0.00011174 -0.00277249 -0.0139676 0.000378191 -0.00286562 -0.00965418 -0.00552913 -0.017115 -0.0108517 -0.00694402 -0.00150889 -0.0248511 -0.00354684 0.00015444 0.00096014 -0.000294555 0.000581745 -0.00484888 0.0011041 -0.0043318 -0.00715328 -0.010387 -0.00737819 -0.00235707 -0.00610231 -0.00934595 0.00130362 0.000279122 0.000637805 -0.0024113 -0.00694402 0.0013023 0.00170121 0.00201512 -0.00160523 -0.000536513 4.36206e-05 -0.0023116 4.83093e-05 0.00258736 0.000509462 0.0014918 0.000583153 -0.00129403 -0.00691796 0.000463734 0.00214133 -0.000827179
internal_weight=7001 3499 306 3193 3110 239 3064 433 398 83 3502 1313 62 123 2631 410 74 2221 337 104 84 46 95 66 658 198 334 233 1884 336 299 76 1853 65 41 49 43 285 82 58 1788 806 776 138 66 638 603 582 84 67 275 118 62 2189 206 201 324 139 45 84 982 203
internal_count=7001 3499 306 3193 3110 239 3064 433 398 83 3502 1313 62 123 2631 410 74 2221 337 104 84 46 95 66 658 198 334 233 1884 336 299 76 1853 65 41 49 43 285 82 58 1788 806 776 138 66 638 603 582 84 67 275 118 62 2189 206 201 324 139 45 84 982 203
is_linear=0
shrinkage=0.03


Tree=32
num_leaves=63
num_cat=0
split_feature=9 56 54 19 46 38 14 45 41 10 44 52 46 62 5 58 35 14 14 37 58 25 36 44 20 51 65 13 64 58 69 14 32 52 15 43 34 52 43 43 54 35 24 21 21 62 49 24 33 31 26 21 46 65 49 22 22 44 24 16 11 20
split_gain=37.0619 62.244 22.5106 12.0078 10.182 8.66561 21.0288 8.96445 8.36592 5.91307 5.42237 19.6817 5.15914 14.3869 7.5669 4.47136 4.28399 4.23067 6.96619 4.17679 3.88819 4.42931 3.62186 2.854 2.66735 5.28924 2.50061 2.34055 2.18262 2.0782 6.57782 7.49696 3.49173 1.96982 2.33767 1.86064 1.79318 2.03023 1.75847 4.03474 1.92867 2.40432 1.71232 1.56235 1.47254 1.55692 1.44638 1.42615 2.68182 1.40519 2.80474 1.29128 1.67953 1.2513 1.29568 1.73014 4.57448 1.18577 1.5007 1.14944 1.1418 1.03863
threshold=1.0000000180025095e-35 6.5000000000000009 584.64583333333337 13.975000000000001 33890.083333333343 9278.4375000000018 84637.416666666672 27224.500000000004 48125.500000000007 0.56392291514228221 27239.500000000004 1482.5000000000002 32834.916666666672 2083.1458333333335 4.5000000000000009 3241.0000000000005 16780.500000000004 87641.937500000015 91473.875000000015 9023.5000000000018 2815.8125000000005 56.148579000000005 9310.5000000000018 32578.500000000004 -2.1364583333333327 1380.5000000000002 1373.5000000000002 83028.500000000015 3000.5000000000005 2068.041666666667 119617.50000000001 81163.083333333358 54.811352593310211 1723.0000000000002 6900.3494970990423 29363.500000000004 -0.62641150176275662 636.50000000000011 31032.000000000004 31181.500000000004 1776.9583333333337 27755.000000000004 38.149722500000003 1.8794240399525999 4.6878308744989079 2642.291666666667 186.50000000000003 63.957451000000006 2.5782536687106283 68.257785687008166 73.739114104166674 3.3116614254008216 29201.604166666668 7617.5000000000009 228.50000000000003 0.09999999999999977 0.34999999999999981 29284.500000000004 71.370910000000023 -1136.9999999999998 101418.00000000001 11.055208333333335
decision_type=2 2 2 2 2 2 2 2 2 2 2 2 2 2 2 2 2 2 2 2 2 2 2 2 2 2 2 2 2 2 2 2 2 2 2 2 2 2 2 2 2 2 2 2 2 2 2 2 2 2 2 2 2 2 2 2 2 2 2 2 2 2
left_child=1 3 20 8 5 6 27 -7 28 15 11 -9 19 46 16 23 -15 -5 -19 -12 -3 -22 -21 33 25 -24 -20 -4 -1 30 31 32 -26 34 53 51 37 -30 -31 -40 41 44 -17 47 45 49 -14 48 -11 -41 -51 -35 -53 54 55 57 -57 -2 -59 -18 -37 -44
right_child=9 2 4 17 -6 7 -8 10 -10 43 12 -13 13 14 -16 42 59 18 26 22 21 -23 24 -25 29 -27 -28 -29 36 38 -32 -33 -34 35 -36 60 -38 -39 39 40 -42 -43 61 -45 -46 -47 -48 -49 -50 50 -52 52 -54 -55 -56 56 -58 58 -60 -61 -62 -63
leaf_value=-0.069842314380509571 0.037367087262277554 -0.041390018239356306 -0.07695946924761328 0.012344910850338165 -0.067863112541306087 -0.067541663113190861 -0.067283265305664891 -0.067853422392338922 -0.067592445013333183 -8.161002938641758 -0.027376200821336266 0.014961014014123286 -0.069590025357461213 -0.054347604750862227 0.0021602824531384234 -0.25731271602791372 -0.068366483545100623 -0.068348045058609849 -0.040249226327596727 -0.052900834712223489 -0.067141668659931167 -0.071909156954533482 -0.087074252173224731 0.060720953819737154 -0.035286611363944058 0.4414158737291819 0.0042945484388842168 0.061824410280906537 -0.067905371564979305 0.068807845295277545 -0.074527683556023072 0.072139345983973355 -0.047780329976343169 -4.0346498364276915 0.28610067280144935 0.57022285872902201 -0.067907969033889529 -0.067933016285508047 -0.061055800923307979 0.033320052395368262 0.041863047171443249 -0.020675806514224574 -0.074629028999252139 73.1814296200277 -0.01556715841930309 -0.11403041460932427 0.0036296486826989634 3.7233512572207705 8.8472378438232564 0.053225851459813261 -0.010735898530570375 -0.93117473570178388 -3.4072379843022529 0.21625740983832017 -0.049735624256949086 -7.1521035684326835 -0.71794930025753878 -8.7640633920112734 -1.7800867096122979 -0.070466308222982346 -1.0828810439873156 4.7705367309486029
leaf_weight=28 59 30 20 26 22 33 41 35 22 25 28 62 21 20 30 40 28 22 30 20 23 27 39 290 25 43 32 63 24 762 20 176 21 21 127 26 111 20 29 317 288 20 111 2049 29 20 224 239 23 37 23 34 20 46 91 26 59 25 47 25 31 696
leaf_count=28 59 30 20 26 22 33 41 35 22 25 28 62 21 20 30 40 28 22 30 20 23 27 39 290 25 43 32 63 24 762 20 176 21 21 127 26 111 20 29 317 288 20 111 2049 29 20 224 239 23 37 23 34 20 46 91 26 59 25 47 25 31 696
internal_value=-0.000474782 -0.00305854 -0.00153166 -0.0156522 -0.00103288 -0.000852307 -0.00858179 -0.000447139 -0.0199512 0.00136888 -0.000226719 -0.00716787 7.21573e-05 -0.00328354 -0.0126867 4.80248e-05 -0.0178933 -0.00760218 -0.0108799 0.000689474 -0.017191 -0.0119162 0.000863517 -0.00142002 0.00100265 -0.00427527 -0.00565217 7.22023e-05 -0.0220535 0.0012495 -0.0013259 0.000148582 -0.0106074 -0.00258291 -0.0016809 -0.00583649 -0.0234816 -0.0180272 0.00166022 0.000636876 0.00107479 -0.000154674 0.00161492 0.00235649 0.000316827 0.000800806 0.000660955 0.000271682 -0.00442827 0.00124105 -0.00294509 -0.00894807 -0.00637708 -0.00293968 -0.003634 -0.00490051 -0.00824912 -0.00270023 -0.00528433 -0.0223729 -0.00168126 0.00191798
internal_weight=7001 2916 2601 315 2521 2499 124 2375 205 4085 2342 97 2245 348 103 1749 73 110 84 1897 80 50 1869 902 1849 82 62 83 183 1767 242 222 46 612 480 132 155 44 1525 763 734 446 847 2336 426 397 245 287 48 377 60 75 54 353 307 216 85 131 72 53 57 807
internal_count=7001 2916 2601 315 2521 2499 124 2375 205 4085 2342 97 2245 348 103 1749 73 110 84 1897 80 50 1869 902 1849 82 62 83 183 1767 242 222 46 612 480 132 155 44 1525 763 734 446 847 2336 426 397 245 287 48 377 60 75 54 353 307 216 85 131 72 53 57 807
is_linear=0
shrinkage=0.03


Tree=33
num_leaves=63
num_cat=0
split_feature=9 55 54 20 45 27 53 44 44 38 14 46 62 37 4 27 62 14 63 37 0 51 55 65 6 5 50 4 38 20 4 19 50 63 36 37 65 57 53 26 21 43 1 12 30 2 65 28 24 24 50 47 61 51 30 2 43 54 7 58 50 53
split_gain=34.2638 101.516 17.405 12.6461 10.8431 9.81926 9.76785 14.014 6.45702 6.43578 23.7964 6.13009 12.5703 6.81399 6.08992 5.80656 5.33647 3.98547 3.88838 3.83737 3.44363 3.36181 3.0756 2.87311 3.44411 2.70777 2.39414 2.46644 2.32166 2.11983 2.74411 2.0705 1.91775 1.90098 1.87336 1.92547 3.20799 1.79148 1.73247 2.0863 2.89382 5.23528 1.72162 1.71203 1.66806 1.58743 1.78596 1.57136 1.77356 1.42724 1.18526 1.05469 1.49242 1.34634 1.30572 1.25419 0.992775 0.979071 1.11929 0.936406 0.861007 1.2473
threshold=1.0000000180025095e-35 6.5000000000000009 584.64583333333337 20.942708333333339 27239.500000000004 20.371805775721754 716.50000000000011 27239.500000000004 33815.500000000007 9278.4375000000018 84637.416666666672 32851.020833333343 2083.1458333333335 17770.000000000004 15.500000000000002 11.441816835179045 1819.6250000000002 85583.375000000015 4615.5000000000009 8738.0000000000018 87721.500000000015 619.50000000000011 5.5000000000000009 7322.5000000000009 3.5000000000000004 4.5000000000000009 705.27083333333348 17.500000000000004 18539.750000000004 16.48854166666667 8.5000000000000018 16.925000000000001 236.14583333333334 892.50000000000011 9693.5000000000018 21361.000000000004 5799.5000000000009 7834.5000000000009 2044.5000000000002 67.621995791666691 3.2879852263783316 31505.500000000004 9.2750000000000021 120459.50000000001 65.158984430170236 93.648718000000017 4129.0000000000009 -0.52537699999999876 51.132110000000004 52.372877500000008 103.39583333333336 390.50000000000006 355.50000000000006 654.50000000000011 59.870102863903476 59.911583500000006 33929.500000000007 1351.291666666667 10.500000000000002 2342.416666666667 404.97916666666669 1347.5000000000002
decision_type=2 2 2 2 2 2 2 2 2 2 2 2 2 2 2 2 2 2 2 2 2 2 2 2 2 2 2 2 2 2 2 2 2 2 2 2 2 2 2 2 2 2 2 2 2 2 2 2 2 2 2 2 2 2 2 2 2 2 2 2 2 2
left_child=1 3 17 22 20 6 7 -6 21 10 -8 19 60 15 29 -14 26 -3 -10 -11 -4 -9 -1 34 -25 -5 33 37 -29 30 45 47 -23 -16 -21 -36 38 -28 39 -37 -41 -42 -26 -34 -43 50 -47 -18 -49 -32 -2 52 -35 -54 55 -53 -51 -52 -59 -60 -13 -62
right_child=14 2 4 25 5 -7 9 8 18 11 -12 12 13 -15 16 -17 31 -19 -20 23 -22 32 -24 24 42 -27 27 28 -30 -31 49 -33 43 51 35 36 -38 -39 -40 40 41 44 -44 -45 -46 46 -48 48 -50 56 57 54 53 -55 -56 -57 -58 58 59 -61 61 -63
leaf_value=-0.065874362082231921 -7.0871325271059957 -0.067871985083951022 -0.065515413219795135 -0.070877551778918219 -0.066448725495786815 -0.05698410043016932 0.060218275364436587 -0.074650685170184874 -0.069608510637402421 -0.040843277359952558 -0.06576376662510855 0.40559997403384923 -0.059291702576685812 -0.068232617316890523 0.20902830153479682 0.0013728130186693177 0.042188846965432694 -0.064959552736921694 -0.064454874374746896 -0.047470125805256537 -0.039081636689620343 -0.069355805861054345 -0.06587072996287284 -0.062158719578461308 -0.046527162031886553 0.004550800390805668 -4.9203199961393551 -1.2761959525294773 -0.19142620338155991 43.828510884168047 -9.2406104763401551 3.9667361403881349 0.0086556315549321909 -12.735715740967921 0.062241237462190777 0.1023638317424677 -0.06844580165163737 17.478015484726988 0.037104019033010777 0.0050040980304837416 -5.8073755937032573e-05 -0.065728925303089464 0.064820630845877941 -0.070829107665749319 -0.039540474092988748 -7.9927080309374583 0.67107957969047149 -1.3782369161439625 -0.049094821575996254 36.590499757261846 0.11021770495140305 -0.61526432286286226 -4.7435860891347401 -0.045816297913707685 0.094404176866951559 -6.9593724989626837 -3.675464705544937 2.279743968127117 -0.40958929869706667 -5.8462169090152303 0.0041408496287201023 -0.000915350243477222
leaf_weight=178 20 37 20 21 30 21 76 37 20 20 38 120 32 28 100 39 193 34 24 31 20 39 20 33 20 20 20 32 22 1504 20 395 162 25 1072 95 25 28 314 76 50 21 55 21 20 21 20 22 42 944 287 30 21 185 22 28 20 30 31 23 23 24
leaf_count=178 20 37 20 21 30 21 76 37 20 20 38 120 32 28 100 39 193 34 24 31 20 39 20 33 20 20 20 32 22 1504 20 395 162 25 1072 95 25 28 314 76 50 21 55 21 20 21 20 22 42 944 287 30 21 185 22 28 20 30 31 23 23 24
internal_value=-0.000491923 -0.00297624 -0.00130216 -0.0217064 -0.000901347 -0.000658197 -0.000487996 -0.00527769 -0.00332563 0.000231906 -0.00670464 0.000610553 -0.00364149 -0.012109 0.00128075 -0.00708861 -0.000551026 -0.0159494 -0.0139456 0.00122974 -0.016384 -0.00150521 -0.0248511 0.00137575 -0.003358 -0.00642336 -0.00284155 -0.00696376 -0.0113678 0.0020126 0.00117576 0.00124674 -9.45519e-05 -0.00180978 0.00167772 0.0018146 0.000449177 -0.00193347 0.0009113 -0.000881343 -0.00290844 -0.00652031 0.000159787 0.00117968 -0.0144526 -0.000812312 -0.00642336 -0.00084014 -0.0049142 0.00205162 -0.000214779 -0.00297011 -0.00192125 -0.00106259 -0.00595506 -0.00831325 0.00221865 0.000161682 -0.00267539 -0.00526802 0.00136445 -0.00203822
internal_weight=7001 2916 2677 239 2606 2566 2545 333 303 2212 114 2098 266 99 4085 71 1165 71 44 1832 40 259 198 1812 108 41 513 102 54 2920 1416 652 222 411 1704 1673 601 48 576 262 167 91 75 183 41 432 41 257 64 984 391 311 231 206 80 58 964 371 84 54 167 47
internal_count=7001 2916 2677 239 2606 2566 2545 333 303 2212 114 2098 266 99 4085 71 1165 71 44 1832 40 259 198 1812 108 41 513 102 54 2920 1416 652 222 411 1704 1673 601 48 576 262 167 91 75 183 41 432 41 257 64 984 391 311 231 206 80 58 964 371 84 54 167 47
is_linear=0
shrinkage=0.03


Tree=34
num_leaves=63
num_cat=0
split_feature=10 55 9 54 45 20 27 34 53 46 61 20 47 46 59 50 12 32 0 30 20 4 55 62 51 47 25 49 25 63 42 5 67 61 1 24 15 65 7 20 21 54 52 49 5 49 27 42 42 61 59 27 21 10 46 52 20 54 19 25 23 22
split_gain=34.3187 80.1348 23.7852 14.4902 13.7051 12.6461 7.05671 6.9746 6.6004 12.2308 6.26468 4.50883 3.91286 3.89204 8.31113 7.34078 4.94423 3.57652 3.57614 3.50363 7.45802 3.16602 3.0756 3.06715 6.35563 5.87929 6.28268 4.04932 2.98873 2.79714 3.93628 2.70777 2.5907 2.44688 6.79856 2.18734 2.01113 1.99114 1.92996 4.98664 3.10832 1.90899 1.80953 1.75076 1.47919 2.61652 1.42834 1.41298 1.94742 1.36757 2.1901 1.25908 1.06917 1.02535 1.61943 2.70238 1.02531 0.999933 0.973792 0.920279 2.7734 0.826598
threshold=1.0000000180025095e-35 6.5000000000000009 1.0000000180025095e-35 584.64583333333337 27239.500000000004 20.942708333333339 20.371805775721754 0.1170777398577947 716.50000000000011 27530.395833333339 2598.5000000000005 4.0010416666666684 404.50000000000006 32698.354166666672 4228.0000000000009 433.16666666666669 99535.000000000015 58.320300054690939 87874.000000000015 55.948813615185749 -3.2354166666666662 14.500000000000002 5.5000000000000009 1489.3958333333337 1844.5000000000002 816.50000000000011 60.383007500000005 173.50000000000003 36.77450000000001 1433.5000000000002 44143.041666666679 4.5000000000000009 87104.500000000015 529.50000000000011 -0.87499999999999989 94.077660000000023 4961.5931253480467 537.50000000000011 20.500000000000004 1.2354166666666668 1.7595590997074488 1604.2708333333335 448.00000000000006 195.50000000000003 4.5000000000000009 1427.5000000000002 20.371805775721754 43402.291666666679 44643.687500000007 1400.5000000000002 1461.5000000000002 4.316312450402827 2.0333975395169186 0.74305326206722599 30442.375000000004 2174.5000000000005 8.3489583333333339 647.43750000000011 0.87500000000000011 94.40971500000002 85.90998500000002 0.72500000000000109
decision_type=2 2 2 2 2 2 2 2 2 2 2 2 2 2 2 2 2 2 2 2 2 2 2 2 2 2 2 2 2 2 2 2 2 2 2 2 2 2 2 2 2 2 2 2 2 2 2 2 2 2 2 2 2 2 2 2 2 2 2 2 2 2
left_child=1 2 5 7 18 22 8 -3 9 -6 43 21 19 23 29 16 -16 -17 -5 -12 -21 33 -1 24 25 27 -27 -10 -13 30 -15 -7 -4 34 -2 -26 -9 -29 61 -40 -41 -39 -30 49 -42 -46 53 57 -49 -11 -51 -31 -50 54 55 59 -56 -23 -54 -44 -61 -25
right_child=11 3 32 4 6 31 -8 36 13 10 12 28 -14 14 15 17 -18 -19 -20 20 -22 47 -24 38 35 26 -28 37 42 51 -32 -33 -34 -35 -36 -37 -38 41 39 40 44 -43 46 -45 45 -47 -48 48 52 50 -52 -53 58 -55 56 -57 -58 -59 -60 60 -62 -63
leaf_value=-0.063898131219764967 7.5956406094885969 -0.047205104656401979 -1.0416193628752659 -0.063549950823201279 -0.064523181740874527 -0.068751225225550661 -0.05563938614069084 -0.063178632018025579 -1.4860194313048742 0.0013628643363751787 -0.0715575929756158 -0.94989676109282639 0.014467989529375192 0.0027491253786058288 -0.059326184777461939 -0.064238689035979762 0.0043591813626133735 -0.052956766848799346 -0.081373832499716109 -0.065778480303744835 0.0096710895793475395 -1.3888040268034862 -0.063894608063986669 0.04656653986064304 0.012630677787423926 -0.047439021754248474 -0.002305036910733554 -0.044308438845303083 -3.984756019729669 -0.027422319321052959 -0.063878410757840981 0.0044142763790814971 0.091429324573152046 13.262693326111419 -7.7415590980166371 -0.57062581180065364 -0.062479420146890265 0.13324194964839789 -0.075534261794766119 -0.061909095911030061 0.053554001084154659 -0.66699446717840027 2.8529024550345756 0.089810881070491788 0.0028604087957384695 -0.03227022342006311 -8.1844316225523084 -10.679099563483874 -0.10785545330573325 -0.070517206676096622 0.0015752192267979974 0.01273476198053545 -1.6363167589950625 93.560391522811003 -2.1930202418786311 -4.9697744381821858 37.451313615999702 0.084262198996910787 -1.4888324373762989 39.435636884617502 -9.5717003439644248 -0.202833336563181
leaf_weight=178 51 30 24 26 39 21 24 32 20 82 29 23 28 46 29 23 55 25 20 27 39 28 20 925 327 39 34 26 36 37 35 20 43 417 26 23 21 140 20 30 380 39 528 140 61 27 21 27 64 25 23 214 37 1354 23 29 676 81 20 36 25 53
leaf_count=178 51 30 24 26 39 21 24 32 20 82 29 23 28 46 29 23 55 25 20 27 39 28 20 925 327 39 34 26 36 37 35 20 43 417 26 23 21 140 20 30 380 39 528 140 61 27 21 27 64 25 23 214 37 1354 23 29 676 81 20 36 25 53
internal_value=-0.000513348 -0.00261496 -0.0172787 -0.00120823 -0.000876821 -0.0217064 -0.000631507 -0.013574 -0.000502286 -0.00393659 -0.00233528 0.00158562 -0.00794476 6.55651e-05 -0.00242405 -0.0087888 -0.00338882 -0.0181497 -0.017115 -0.0108517 -0.00694402 -0.000471309 -0.0248511 0.000605849 -0.00111557 -0.00433747 -0.0117373 -0.00191915 0.00214823 9.93678e-05 -0.00473489 -0.00642336 -0.0014307 0.000928962 -0.00396887 0.00161954 -0.020113 -0.000643588 0.00135352 -0.000121598 0.000463762 0.000469012 0.00224002 0.000211033 0.00107028 -0.00241771 0.00233015 -0.00317386 -0.0050844 -0.00228286 -0.00629938 0.00167264 -0.00341866 0.00239227 0.0017903 0.000664941 0.00278072 -0.000549954 -0.00640981 0.00111017 -0.00235679 0.00213782
internal_weight=7001 3499 306 3193 3110 239 3064 83 3040 432 393 3502 123 2608 464 132 84 48 46 95 66 751 198 2144 648 298 73 225 2751 332 81 41 67 494 77 350 53 205 1496 518 498 179 2728 270 468 88 2692 257 148 130 48 251 121 2671 1317 618 699 109 57 589 61 978
internal_count=7001 3499 306 3193 3110 239 3064 83 3040 432 393 3502 123 2608 464 132 84 48 46 95 66 751 198 2144 648 298 73 225 2751 332 81 41 67 494 77 350 53 205 1496 518 498 179 2728 270 468 88 2692 257 148 130 48 251 121 2671 1317 618 699 109 57 589 61 978
is_linear=0
shrinkage=0.03


end of trees

feature_importances:
Column_62=91
Column_4=86
Column_44=82
Column_43=75
Column_45=73
Column_46=68
Column_54=68
Column_55=65
Column_53=58
Column_27=57
Column_38=54
Column_14=53
Column_6=52
Column_50=51
Column_58=50
Column_10=47
Column_20=41
Column_49=40
Column_61=37
Column_65=35
Column_33=33
Column_21=32
Column_26=32
Column_37=32
Column_63=32
Column_0=30
Column_9=30
Column_19=30
Column_24=30
Column_15=29
Column_34=29
Column_7=28
Column_32=27
Column_47=27
Column_36=26
Column_51=26
Column_16=25
Column_59=25
Column_56=24
Column_1=23
Column_23=21
Column_5=20
Column_52=20
Column_3=19
Column_22=19
Column_42=19
Column_48=19
Column_28=17
Column_60=17
Column_13=16
Column_35=16
Column_31=15
Column_2=14
Column_12=14
Column_30=14
Column_64=14
Column_25=13
Column_18=12
Column_29=11
Column_41=11
Column_66=11
Column_11=10
Column_39=10
Column_69=10
Column_17=9
Column_70=9
Column_57=8
Column_40=6
Column_67=6
Column_68=4

parameters:
[boosting: gbdt]
[objective: quantile]
[metric: quantile]
[tree_learner: serial]
[device_type: cpu]
[data_sample_strategy: bagging]
[data: ]
[valid: ]
[num_iterations: 1500]
[learning_rate: 0.03]
[num_leaves: 63]
[num_threads: 24]
[seed: 42]
[deterministic: 0]
[force_col_wise: 0]
[force_row_wise: 0]
[histogram_pool_size: -1]
[max_depth: -1]
[min_data_in_leaf: 20]
[min_sum_hessian_in_leaf: 0.001]
[bagging_fraction: 0.8]
[pos_bagging_fraction: 1]
[neg_bagging_fraction: 1]
[bagging_freq: 0]
[bagging_seed: 400]
[bagging_by_query: 0]
[feature_fraction: 0.8]
[feature_fraction_bynode: 1]
[feature_fraction_seed: 30056]
[extra_trees: 0]
[extra_seed: 12879]
[early_stopping_round: 0]
[early_stopping_min_delta: 0]
[first_metric_only: 0]
[max_delta_step: 0]
[lambda_l1: 0.1]
[lambda_l2: 0.1]
[linear_lambda: 0]
[min_gain_to_split: 0]
[drop_rate: 0.1]
[max_drop: 50]
[skip_drop: 0.5]
[xgboost_dart_mode: 0]
[uniform_drop: 0]
[drop_seed: 17869]
[top_rate: 0.2]
[other_rate: 0.1]
[min_data_per_group: 100]
[max_cat_threshold: 32]
[cat_l2: 10]
[cat_smooth: 10]
[max_cat_to_onehot: 4]
[top_k: 20]
[monotone_constraints: ]
[monotone_constraints_method: basic]
[monotone_penalty: 0]
[feature_contri: ]
[forcedsplits_filename: ]
[refit_decay_rate: 0.9]
[cegb_tradeoff: 1]
[cegb_penalty_split: 0]
[cegb_penalty_feature_lazy: ]
[cegb_penalty_feature_coupled: ]
[path_smooth: 0]
[interaction_constraints: ]
[verbosity: -1]
[saved_feature_importance_type: 0]
[use_quantized_grad: 0]
[num_grad_quant_bins: 4]
[quant_train_renew_leaf: 0]
[stochastic_rounding: 1]
[linear_tree: 0]
[max_bin: 255]
[max_bin_by_feature: ]
[min_data_in_bin: 3]
[bin_construct_sample_cnt: 200000]
[data_random_seed: 175]
[is_enable_sparse: 1]
[enable_bundle: 1]
[use_missing: 1]
[zero_as_missing: 0]
[feature_pre_filter: 1]
[pre_partition: 0]
[two_round: 0]
[header: 0]
[label_column: ]
[weight_column: ]
[group_column: ]
[ignore_column: ]
[categorical_feature: ]
[forcedbins_filename: ]
[precise_float_parser: 0]
[parser_config_file: ]
[objective_seed: 16083]
[num_class: 1]
[is_unbalance: 0]
[scale_pos_weight: 1]
[sigmoid: 1]
[boost_from_average: 1]
[reg_sqrt: 0]
[alpha: 0.1]
[fair_c: 1]
[poisson_max_delta_step: 0.7]
[tweedie_variance_power: 1.5]
[lambdarank_truncation_level: 30]
[lambdarank_norm: 1]
[label_gain: ]
[lambdarank_position_bias_regularization: 0]
[eval_at: ]
[multi_error_top_k: 1]
[auc_mu_weights: ]
[num_machines: 1]
[local_listen_port: 12400]
[time_out: 120]
[machine_list_filename: ]
[machines: ]
[gpu_platform_id: -1]
[gpu_device_id: -1]
[gpu_use_dp: 0]
[num_gpu: 1]

end of parameters

pandas_categorical:null
