tree
version=v4
num_class=1
num_tree_per_iteration=1
label_index=0
max_feature_idx=70
objective=quantile
feature_names=Column_0 Column_1 Column_2 Column_3 Column_4 Column_5 Column_6 Column_7 Column_8 Column_9 Column_10 Column_11 Column_12 Column_13 Column_14 Column_15 Column_16 Column_17 Column_18 Column_19 Column_20 Column_21 Column_22 Column_23 Column_24 Column_25 Column_26 Column_27 Column_28 Column_29 Column_30 Column_31 Column_32 Column_33 Column_34 Column_35 Column_36 Column_37 Column_38 Column_39 Column_40 Column_41 Column_42 Column_43 Column_44 Column_45 Column_46 Column_47 Column_48 Column_49 Column_50 Column_51 Column_52 Column_53 Column_54 Column_55 Column_56 Column_57 Column_58 Column_59 Column_60 Column_61 Column_62 Column_63 Column_64 Column_65 Column_66 Column_67 Column_68 Column_69 Column_70
feature_infos=[66131:160560] [-20:34.149999999999999] [25.719044:100] [36.971664299722725:71.559848645091535] [0:23] [0:6] [1:10] [1:31] [0:1] [0:1] [0:0.99270887409805397] [66131:160560] [66131:160560] [66131:160560] [72233.041666666672:137142.20833333334] [2057.6408592873181:22024.617595875727] [-9183:8446] [-20:34.149999999999999] [-20:34.149999999999999] [-20:34.149999999999999] [-16.568749999999998:29.675000000000001] [0.52945401875049547:7.951298487978419] [-5.8000000000000007:5.5499999999999972] [25.719044:100] [25.719044:100] [25.719044:100] [45.313373250000005:95.04641233333335] [0.97911827352794878:23.426507825749582] [-30.049300000000002:30.860949999999995] [36.971664299722725:71.559848645091535] [36.971664299722725:71.559848645091535] [36.971664299722725:71.559848645091535] [45.760024263258238:67.819212344444352] [0.67909628204517791:7.5954539582083802] [-8.6935655667746659:7.6341842441526993] [6201:33428] [6201:33428] [6201:33428] [7216.916666666667:32362.625] [18440:75926] [18440:75926] [18440:75926] [24497.5:64836.833333333336] [25199:33959] [25199:33959] [25862:33959] [25316:33930.166666666664] [43:6933] [43:6933] [43:6933] [83.541666666666671:5366.375] [366:3539] [366:3539] [366:3539] [431.45833333333331:2835.4583333333335] [0:12186] [0:12186] [0:12186] [281.875:5366.791666666667] [85:6739] [85:6739] [85:6739] [718.33333333333337:3117.0833333333335] [29:9938] [29:9938] [29:9938] [157.125:8964.4166666666661] [68553:162721] [68553:162721] [68553:162721] [74746.875:140862.16666666666]
tree_sizes=2763 3682 3361 3540 3795 3951 4041 5400 4704 4896 5388 4629 5363 5135 5019 5372 5372 5390 5371 5403 5382 5357 5372 5353 5360 5344 5389 5359 5352 5355 5383 5360 5384 5384 5412 5398 5405 5384 5397 5380 5397 5396 5370 5418 5396 5427 5407 5418 5411 5407 5428 5413 5405 5412 5425 5414 5415 5416 5433 5410 5425 5433 5442 5412 5429 5461 5438 5417 5438 5443 5452 5451 5455 5455 5453 5489 5435 5446 5448 5436 5489 5451 5488 5472 5486 5463 5473 5454 5500 5463 5488 5477 5489 5499 5497 5442 5464 5492 5486 5493 5499 5480 5515 5503 5513 5496 5500 5508 5521 5515 5536 5514 5526 5516 5470 5530 5537 5497 5537 5519 5537 5567 5498 5556 5528 5538 5532 5529 5519 5533 5513 5540 5553 5557 5547 5550 5525 5550 5536 5544 5550 5537 5567 5550 5557 5536 5551 5552 5552 5553 5489 5569 5538 5542 5562 5550 5546

Tree=0
num_leaves=34
num_cat=0
split_feature=4 57 34 4 4 6 57 57 6 62 4 58 46 55 31 58 60 58 4 2 55 59 4 58 46 34 40 35 57 49 23 65 3
split_gain=1356.16 91.8227 25.9903 22.4498 22.2951 20.1707 17.68 12.5338 11.6178 5.44035 4.79987 11.2183 4.11133 3.27869 3.02625 2.94054 2.8382 2.63432 7.22899 2.12223 1.66097 1.23372 1.10835 4.39064 0.848846 4.97061 0.700276 0.520404 0.520065 0.326556 0.224348 0.141443 0.124933
threshold=10.500000000000002 95.500000000000014 2.252732531485869 20.500000000000004 11.500000000000002 3.5000000000000004 1493.5000000000002 2074.5000000000005 8.5000000000000018 2129.5000000000005 22.500000000000004 2569.541666666667 30503.395833333339 7529.5000000000009 60.519246277482402 2839.4583333333339 3867.5000000000005 1059.104166666667 20.500000000000004 88.523490000000024 4670.0000000000009 1511.5000000000002 9.5000000000000018 4626.0833333333339 33158.250000000007 0.97458667083795814 50753.000000000007 9350.0000000000018 2611.0000000000005 93.500000000000014 65.745802500000011 7617.5000000000009 61.567323831540556
decision_type=2 2 2 2 2 2 2 2 2 2 2 2 2 2 2 2 2 2 2 2 2 2 2 2 2 2 2 2 2 2 2 2 2
left_child=6 3 10 4 5 -2 20 21 15 -8 17 16 -10 -9 -11 -7 -12 18 32 26 22 -4 -1 27 -19 31 30 -24 -13 -29 -6 -26 -3
right_child=1 2 7 -5 19 8 9 13 12 14 11 28 -14 -15 -16 -17 -18 24 -20 -21 -22 -23 23 -25 25 -27 -28 29 -30 -31 -32 -33 -34
leaf_value=334.13 334.51999999999998 434.02999999999997 338.93000000000001 334.22000000000003 387.84500000000003 345.35000000000002 338.10500000000002 344.14999999999998 336.88999999999999 341.28500000000003 338.14999999999998 369.875 345.755 386.87 348.76999999999998 371.50999999999999 351.64999999999998 556.97000000000003 338.16500000000002 354.17000000000002 339.82999999999998 337.31 334.16000000000003 343.04000000000002 513.86000000000001 345.07999999999998 361.13 334.14499999999998 393.125 334.49000000000001 400.94 476.72000000000003 380.24000000000001
leaf_weight=2807 89 58 27 81 20 20 38 29 28 22 25 22 20 39 33 56 21 2731 22 22 20 31 31 26 157 24 20 20 106 215 88 31 27
leaf_count=2807 89 58 27 81 20 20 38 29 28 22 25 22 20 39 33 56 21 2731 22 22 20 31 31 26 157 24 20 20 106 215 88 31 27
internal_value=344 344.012 344.014 343.999 344.003 343.996 343.986 344 344.004 343.999 344.014 344.009 343.993 344.009 344.005 344.011 343.997 344.015 344.01 344.011 343.985 343.99 343.985 343.987 344.015 344.013 344.013 343.986 344.014 343.985 344.014 344.014 344.014
internal_weight=7006 3794 3350 444 363 213 3212 126 124 93 3224 174 48 68 55 76 46 3050 107 150 3119 58 3099 292 2943 212 128 266 128 235 108 188 85
internal_count=7006 3794 3350 444 363 213 3212 126 124 93 3224 174 48 68 55 76 46 3050 107 150 3119 58 3099 292 2943 212 128 266 128 235 108 188 85
is_linear=0
shrinkage=1


Tree=1
num_leaves=43
num_cat=0
split_feature=56 10 56 22 56 10 6 57 6 57 9 55 46 6 56 59 56 55 58 35 10 58 57 48 62 31 61 58 21 40 25 58 20 3 33 25 62 56 58 21 57 18
split_gain=1222.03 205.191 32.7507 30.5099 33.102 10.7816 14.0764 6.12304 6.09505 5.62699 15.9222 12.6607 4.40726 4.19806 3.00204 2.84897 2.19687 2.03306 5.65931 1.99304 1.34886 4.24283 1.32334 1.58526 1.95462 1.13997 0.879726 1.2115 0.83068 0.829587 0.665884 0.267477 0.555769 0.24903 0.39175 0.185906 0.123553 0.0914932 0.149542 0.0802718 0.0663075 0.0534208
threshold=894.00000000000011 0.87900005428953576 49.500000000000007 -0.9250000000000006 3166.5000000000005 0.96386255839173451 3.5000000000000004 2827.5000000000005 8.5000000000000018 3586.5000000000005 1.0000000180025095e-35 4915.0000000000009 30660.812500000004 1.5000000000000002 2988.5000000000005 1188.5000000000002 3624.5000000000005 2913.5000000000005 1840.6250000000002 14139.000000000002 0.74305326206722599 4626.0833333333339 95.500000000000014 224.50000000000003 1836.1041666666667 54.878558545588056 1225.5000000000002 3837.1458333333335 2.7803455807541724 55767.000000000007 86.189047000000016 1269.5208333333337 -0.17604166666666665 60.611335332659159 2.9683440944387534 87.103172500000014 2257.7916666666674 397.50000000000006 2422.5000000000005 2.1034451338021598 4273.0000000000009 2.1750000000000003
decision_type=2 2 2 2 2 2 2 2 2 2 2 2 2 2 2 2 2 2 2 2 2 2 2 2 2 2 2 2 2 2 2 2 2 2 2 2 2 2 2 2 2 2
left_child=1 17 5 4 7 6 41 25 19 10 11 14 -10 -13 28 -7 -6 20 -19 -8 37 26 23 -4 -25 -2 -22 35 -5 -15 -17 32 -11 34 -27 -28 -20 -1 -39 -24 -18 -3
right_child=3 2 22 9 16 15 8 -9 12 31 -12 13 -14 29 -16 30 40 18 36 -21 21 -23 39 24 -26 33 27 -29 -30 -31 -32 -33 -34 -35 -36 -37 -38 38 -40 -41 -42 -43
leaf_value=-9.5739000000000001 -3.0341999999999993 -9.2855999999999987 40.763249999999999 -4.4240249999999994 4.1129999999999995 -3.5451000000000001 20.5428 2.7814499999999991 -7.406699999999999 57.494099999999996 156.6609 -0.43200000000000016 3.4873500000000002 72.393749999999997 4.1708999999999987 19.278224999999999 22.228574999999999 8.9050499999999992 -9.1539000000000001 6.7046999999999999 -9.2846999999999991 -0.93120000000000058 43.875899999999994 -0.055350000000000815 48.83039999999999 -5.9612249999999998 -9.6746999999999996 -4.6196999999999999 -6.3338999999999999 7.921875 17.051099999999998 215.14755 80.759100000000004 -5.9642999999999997 -7.8186 -8.7547500000000014 -9.1838999999999995 -8.8469999999999995 -9.5138999999999996 64.620899999999992 118.92089999999999 -8.4905999999999988
leaf_weight=2769 20 69 32 22 22 20 28 31 23 24 421 22 20 79 27 30 38 21 57 22 193 26 20 21 22 20 34 20 25 20 20 2308 39 34 24 20 27 20 25 166 105 20
leaf_count=2769 20 69 32 22 22 20 28 31 23 24 421 22 20 79 27 30 38 21 57 22 193 26 20 21 22 20 34 20 25 20 20 2308 39 34 24 20 27 20 25 166 105 20
internal_value=-4.23916e-05 -0.0118016 0.00581173 0.0133071 0.00407004 -0.00189211 -0.00574959 -0.00729667 0.00238453 0.0142151 0.0116329 0.00452076 -0.00584687 0.0105037 -0.00522267 0.00808845 0.012974 -0.0146157 -0.0103901 0.00952096 -0.0147572 -0.0127329 0.0132593 0.009747 0.00584687 -0.0109786 -0.01386 -0.0108907 -0.00980892 0.0131382 0.0119162 0.0148842 0.0125515 -0.0126376 -0.0108163 -0.0132532 -0.0138763 -0.0149664 -0.0129047 0.0146534 0.0143396 -0.0142761
internal_weight=7006 3725 513 3281 294 252 182 129 93 2987 616 195 43 121 74 70 165 3212 105 50 3107 293 261 75 43 98 267 74 47 99 50 2371 63 78 44 54 84 2814 45 186 143 89
internal_count=7006 3725 513 3281 294 252 182 129 93 2987 616 195 43 121 74 70 165 3212 105 50 3107 293 261 75 43 98 267 74 47 99 50 2371 63 78 44 54 84 2814 45 186 143 89
is_linear=0
shrinkage=0.03


Tree=2
num_leaves=39
num_cat=0
split_feature=4 56 34 56 56 10 6 58 4 13 6 44 4 55 43 55 59 64 57 35 57 62 56 55 62 4 58 56 62 57 58 59 2 48 35 38 34 20
split_gain=1339.79 97.2523 35.9778 17.8492 17.5269 13.8358 15.2507 6.55715 12.636 6.49868 5.6285 5.21746 5.01325 9.21219 4.40726 4.23262 3.18731 2.73725 2.54536 2.09432 1.9992 1.87405 1.79319 4.31712 1.28365 1.23573 4.31426 1.14395 0.688478 0.613754 1.05559 0.592618 0.544267 0.45504 0.395512 0.0621746 0.03536 0.0310732
threshold=10.500000000000002 49.500000000000007 2.0092613823225602 2220.5000000000005 4285.5000000000009 0.96386255839173451 3.5000000000000004 1321.1666666666667 20.500000000000004 90756.500000000015 8.5000000000000018 32548.500000000004 22.500000000000004 3949.0000000000005 30556.500000000004 5496.5000000000009 1210.5000000000002 8308.5000000000018 1536.5000000000002 13950.500000000002 2168.5000000000005 1511.2708333333335 366.50000000000006 65.500000000000014 2181.9583333333335 9.5000000000000018 4626.0833333333339 4768.5000000000009 2536.2500000000005 95.500000000000014 3123.3750000000005 2457.5000000000005 88.523490000000024 670.50000000000011 9350.0000000000018 30517.645833333336 1.7711113840222235 -4.9802083333333327
decision_type=2 2 2 2 2 2 2 2 2 2 2 2 2 2 2 2 2 2 2 2 2 2 2 2 2 2 2 2 2 2 2 2 2 2 2 2 2 2
left_child=3 5 7 18 9 6 17 8 27 -4 19 -10 22 -14 -12 -5 -7 -2 25 -8 37 -15 23 29 -20 -1 28 32 34 30 -9 -18 -3 -6 -27 36 -24 -11
right_child=1 2 4 15 33 16 10 12 11 20 14 -13 13 21 -16 -17 31 -19 24 -21 -22 -23 35 -25 -26 26 -28 -29 -30 -31 -32 -33 -34 -35 -36 -37 -38 -39
leaf_value=-9.286683 -9.0432074999999994 119.261973 6.1691804999999995 -3.5764406249999996 78.984280499999997 -2.2987470000000005 19.926515999999999 21.433895250000003 8.1897524999999991 -7.7920124999999993 -7.1844989999999997 -9.02454 -3.3613769999999987 8.1194400000000009 3.3827295000000004 5.4224759999999987 10.936553249999999 -8.5032075000000003 -6.7092731250000002 6.5035590000000001 -1.4547149999999991 43.528622999999996 200.8764735 -1.8722955000000001 -2.3475240000000008 -9.3562590000000014 -0.90326400000000084 19.512851999999999 -4.3144590000000012 39.582272999999994 45.393074249999998 31.417028249999994 34.611327000000003 29.215705499999999 -9.0061590000000002 113.36977349999999 105.68647349999999 -7.4391967499999998
leaf_weight=2818 130 113 32 22 42 21 26 28 20 20 23 24 33 20 20 29 21 20 30 24 20 99 2737 20 21 29 26 20 25 93 28 28 20 20 212 23 27 42
leaf_count=2818 130 113 32 22 42 21 26 28 20 20 23 24 33 20 20 29 21 20 30 24 20 99 2737 20 21 29 26 20 25 93 28 28 20 20 212 23 27 42
internal_value=-0.000123749 0.0119467 0.0133871 -0.0143822 0.000153322 -0.0040626 -0.00745372 0.014091 0.00873668 -0.00680982 0.0020623 -0.00537415 0.0144291 0.00905325 -0.00584687 0.00317025 0.00766049 -0.0133711 -0.0146664 0.00892216 -0.0112911 0.0129471 0.0147042 0.0116026 -0.00786693 -0.0147767 -0.0128278 0.0128152 -0.0139684 0.0133602 0.0106417 0.0118534 0.0138392 0.0129952 -0.0144836 0.0148907 0.0149115 -0.0139614
internal_weight=7006 3794 3481 3212 176 313 243 3305 197 114 93 44 3108 152 43 51 70 150 3161 50 82 119 2956 169 51 3110 292 153 266 149 56 49 133 62 241 2787 2764 62
internal_count=7006 3794 3481 3212 176 313 243 3305 197 114 93 44 3108 152 43 51 70 150 3161 50 82 119 2956 169 51 3110 292 153 266 149 56 49 133 62 241 2787 2764 62
is_linear=0
shrinkage=0.03


Tree=3
num_leaves=41
num_cat=0
split_feature=4 57 34 4 4 6 55 55 6 62 4 55 43 58 4 58 62 2 30 57 16 44 57 61 4 58 6 4 34 61 58 55 66 22 2 61 2 1 3 0
split_gain=1328.55 94.1926 29.623 20.9902 21.1917 18.6406 14.6421 14.4561 10.202 6.97104 6.49744 10.7547 4.11133 3.80495 6.20799 3.14255 2.95667 2.42041 2.13475 1.98388 1.95799 1.54163 1.51001 1.25844 1.2221 4.31426 1.17712 6.53595 0.731196 0.705803 1.36015 0.655351 0.389402 0.110742 0.102903 0.0811095 0.080969 0.0643459 0.0232009 0.0186022
threshold=10.500000000000002 95.500000000000014 2.252732531485869 20.500000000000004 11.500000000000002 3.5000000000000004 4670.0000000000009 7173.5000000000009 8.5000000000000018 2129.5000000000005 22.500000000000004 3949.0000000000005 30484.500000000004 1059.104166666667 20.500000000000004 2839.4583333333339 1449.2291666666667 88.523490000000024 56.815522223433021 3183.5000000000005 36.500000000000007 32182.500000000004 1772.5000000000002 3310.5000000000005 9.5000000000000018 4626.0833333333339 2.5000000000000004 20.500000000000004 -0.068590467254981732 1225.5000000000002 3837.1458333333335 46.500000000000007 4506.5833333333348 0.09999999999999977 94.790575000000004 5565.5000000000009 95.987207500000025 19.625000000000004 56.011268142797299 78470.500000000015
decision_type=2 2 2 2 2 2 2 2 2 2 2 2 2 2 2 2 2 2 2 2 2 2 2 2 2 2 2 2 2 2 2 2 2 2 2 2 2 2 2 2
left_child=6 3 10 4 5 -2 22 18 15 -8 13 20 -10 14 28 -7 -13 23 -4 -9 -12 -11 24 -6 35 29 27 31 -3 -26 39 -15 -25 -33 -28 -1 -36 -18 -17 -31
right_child=1 2 7 -5 17 8 9 19 12 21 11 16 -14 26 -16 38 37 -19 -20 -21 -22 -23 -24 32 25 -27 34 -29 -30 30 -32 33 -34 -35 36 -37 -38 -39 -40 -41
leaf_value=-9.0080825100000013 -8.6695857749999998 99.254940809999979 -0.94693625624999922 -8.9706867750000008 23.284793276249999 -0.029152563749999843 -5.9816825099999988 1.3525486425000002 -6.5335101937499989 0.24078221999999982 1.4352397425000003 6.2882402999999973 1.4962476150000008 79.347741802499996 -5.5414930500000015 25.095620520000001 27.764058322499995 8.6846564024999982 -7.1498870737499987 39.835884585000002 -6.5307645187499981 8.7431744700000014 -3.8502332812499991 29.800942402499999 -8.7359742300000001 -0.87616608000000151 197.61017929499999 5.1975375450000003 25.31511381 -8.0828719800000002 -4.3516752299999997 83.328680294999998 49.678206652500002 166.308078795 70.574778795 -8.7530825100000005 44.484804809999993 42.222764309999995 25.194231251250002 -9.2642742299999998
leaf_weight=2791 89 50 22 81 28 20 35 22 28 21 20 21 20 28 22 20 20 22 44 38 20 22 29 25 193 26 2499 36 35 20 20 37 75 275 23 22 45 93 36 33
leaf_count=2791 89 50 22 81 28 20 35 22 28 21 20 21 20 28 22 20 20 22 44 38 20 22 29 25 193 26 2499 36 35 20 20 37 75 275 23 22 45 93 36 33
internal_value=-0.000183697 0.011836 0.0135569 -0.00114163 0.00193335 -0.0041389 -0.0143822 -0.000689929 0.00336019 -0.00149808 0.0141146 0.00842619 -0.00742204 0.0144379 0.00879552 0.0102102 0.0125056 0.010573 -0.0103933 0.00993344 -0.00516209 0.00654292 -0.0147018 0.0121546 -0.0147667 -0.0128278 0.0146417 0.0129939 0.0124794 -0.0139684 -0.0112449 0.0142811 0.0137562 0.0146972 0.0148814 -0.0149664 0.0131718 0.0144297 0.0138503 -0.0137853
internal_weight=7006 3794 3350 444 363 213 3212 126 124 78 3224 174 48 3050 107 76 134 150 66 60 40 43 3134 128 3105 292 2943 376 85 266 73 340 100 312 2567 2813 68 113 56 53
internal_count=7006 3794 3350 444 363 213 3212 126 124 78 3224 174 48 3050 107 76 134 150 66 60 40 43 3134 128 3105 292 2943 376 85 266 73 340 100 312 2567 2813 68 113 56 53
is_linear=0
shrinkage=0.03


Tree=4
num_leaves=44
num_cat=0
split_feature=4 56 34 55 56 4 55 4 4 6 58 62 1 69 55 6 56 58 4 2 57 59 27 56 57 43 4 62 2 18 43 56 2 62 36 56 18 58 22 56 45 34 55
split_gain=1312.94 96.6989 34.676 18.6244 17.7924 8.84129 24.0043 8.43573 12.0148 13.4795 5.80934 5.11739 4.6039 4.27984 4.23262 3.21681 3.18147 3.05762 5.59743 2.7042 2.52335 2.31235 2.63833 2.22262 1.72891 1.62013 1.49337 4.41242 1.44462 2.426 1.43147 1.01133 1.07243 0.818592 1.94169 0.356343 0.409178 0.524011 0.958736 0.075528 0.066894 0.994984 0.0666869
threshold=10.500000000000002 49.500000000000007 2.0092613823225602 7173.5000000000009 2220.5000000000005 21.500000000000004 4024.0000000000005 20.500000000000004 11.500000000000002 3.5000000000000004 3870.6250000000005 1624.4375000000002 6.0750000000000002 92561.500000000015 5496.5000000000009 8.5000000000000018 4401.5000000000009 1321.1666666666667 20.500000000000004 79.444775000000007 1536.5000000000002 2457.5000000000005 11.742076897599116 4285.5000000000009 2074.5000000000005 30439.500000000004 9.5000000000000018 2536.2500000000005 94.538425500000002 15.225000000000001 32126.000000000004 4768.5000000000009 87.973702500000016 2181.9583333333335 11475.000000000002 1446.0000000000002 10.025000000000002 3123.3750000000005 0.39999999999999908 100.50000000000001 33486.500000000007 0.86611171441869328 4828.5000000000009
decision_type=2 2 2 2 2 2 2 2 2 2 2 2 2 2 2 2 2 2 2 2 2 2 2 2 2 2 2 2 2 2 2 2 2 2 2 2 2 2 2 2 2 2 2
left_child=4 7 5 13 20 17 12 8 9 -2 11 25 -7 -4 -6 42 -17 18 31 -14 26 22 -10 -5 -15 -11 -1 33 35 -30 -22 32 -3 -28 -35 36 37 38 -19 -38 -37 -42 -8
right_child=1 2 3 23 14 6 15 -9 21 10 -12 -13 19 24 -16 16 -18 28 -20 -21 30 -23 -24 -25 -26 -27 27 -29 29 -31 -32 -33 -34 34 -36 40 39 -39 -40 -41 41 -43 -44
leaf_value=-8.7378400346999996 -8.4125732017499999 114.19376761042498 4.3091420599500001 2.9363932690875001 -3.2762726693812505 -8.3886440842500001 13.674806630699999 -8.9889661717500022 -2.838348838931251 -6.5179587241874994 19.2926252924625 9.8009393556562507 7.1404160663249998 -7.5273857535187503 5.2525782533999994 -2.3726078338500001 44.336873916149997 28.292691156674998 -5.3752482585000019 -3.4274597330624985 -4.7736440578125023 29.380072403568747 29.226769210424997 72.951825976574995 -2.4525013027874989 -0.47874563594999953 -8.6017880705999996 -2.8546460031000001 17.585708908649998 51.785247658199999 -2.2830241943812521 14.944021145925001 31.704436370700005 -4.5691850705999997 -6.5838950030999994 210.19187391615 22.48762038305625 62.006473416150001 94.917673416149995 74.787073416149994 146.83120976328752 11.978720908649999 75.20928188069999
leaf_weight=2818 88 109 24 28 22 34 22 55 28 28 23 22 30 54 29 20 28 30 20 20 27 28 21 50 20 20 193 33 34 62 24 20 24 20 46 2209 20 35 29 136 162 20 241
leaf_count=2818 88 109 24 28 22 34 22 55 28 28 23 22 30 54 29 20 28 30 20 20 27 28 21 50 20 20 193 33 34 62 24 20 24 20 46 2209 20 35 29 136 162 20 241
internal_value=-0.000239363 0.0117095 0.0131458 0.000153322 -0.0143542 0.0138368 0.00959757 -0.00425423 -0.00196435 -0.00619547 0.00174006 -0.00252496 -0.00460166 -0.00853211 0.00317025 0.0134426 0.00617464 0.0144108 0.0104679 0.00113772 -0.0146379 0.00793774 0.00391039 0.0111012 -0.0121053 -0.00804574 -0.0147478 -0.0126224 0.0146586 0.0108949 -0.00786693 0.0124233 0.0133884 -0.0139406 -0.0108472 0.0147938 0.0135426 0.0117641 0.00984772 0.0145868 0.0149228 0.0139868 0.0147548
internal_weight=7006 3794 3481 176 3212 3305 395 313 258 181 93 70 84 98 51 311 48 2910 173 50 3161 77 49 78 74 48 3110 292 2737 96 51 153 133 259 66 2641 250 94 59 156 2391 182 263
internal_count=7006 3794 3481 176 3212 3305 395 313 258 181 93 70 84 98 51 311 48 2910 173 50 3161 77 49 78 74 48 3110 292 2737 96 51 153 133 259 66 2641 250 94 59 156 2391 182 263
is_linear=0
shrinkage=0.03


Tree=5
num_leaves=46
num_cat=0
split_feature=4 57 34 4 4 6 56 55 6 4 55 55 43 6 56 56 45 34 43 57 30 57 4 43 57 59 41 7 6 6 23 57 33 64 25 19 17 55 45 24 23 16 55 7 57
split_gain=1295.83 94.8026 28.9811 21.2158 18.5518 19.9025 16.8427 13.5587 8.78628 7.04955 19.5172 4.4449 4.386 3.80268 3.72133 3.09135 3.00111 4.75282 4.28018 4.09508 2.29035 2.27701 1.77316 1.75018 1.71608 1.71229 3.77487 1.54324 1.38508 5.01252 3.57133 0.849777 0.939442 0.722379 0.55511 0.503998 1.10557 0.288262 0.0681816 0.1283 0.0662338 0.0636154 0.0621866 0.0286227 0.0235199
threshold=10.500000000000002 109.50000000000001 2.252732531485869 20.500000000000004 11.500000000000002 3.5000000000000004 1995.5000000000002 7173.5000000000009 8.5000000000000018 21.500000000000004 4024.0000000000005 5168.5000000000009 30556.500000000004 8.5000000000000018 3881.5000000000005 2164.5000000000005 33365.500000000007 0.44752954497107572 32556.500000000004 3096.0000000000005 56.815522223433021 1536.5000000000002 9.5000000000000018 32126.000000000004 3183.5000000000005 2457.5000000000005 38644.500000000007 8.5000000000000018 4.5000000000000009 6.5000000000000009 89.962375000000023 1303.0000000000002 1.5581039120233608 4449.5000000000009 94.40971500000002 3.7750000000000004 -1.0000000180025095e-35 4752.5000000000009 33581.500000000007 66.257770000000008 96.005275000000026 97.500000000000014 2823.5000000000005 6.5000000000000009 694.50000000000011
decision_type=2 2 2 2 2 2 2 2 2 2 2 2 2 2 2 2 2 2 2 2 2 2 2 2 2 2 2 2 2 2 2 2 2 2 2 2 2 2 2 2 2 2 2 2 2
left_child=6 3 9 4 5 -2 21 20 27 16 15 -8 -10 37 -15 -11 31 18 -18 -19 -4 22 42 -23 -9 26 33 -7 -24 30 -30 32 -3 -6 -29 36 -34 -12 39 -20 -37 -31 -1 -27 -44
right_child=1 2 7 -5 25 8 11 24 12 10 13 -13 -14 14 -16 -17 17 19 38 -21 -22 23 28 -25 -26 43 -28 34 29 41 -32 -33 35 -35 -36 40 -38 -39 -40 -41 -42 -43 44 -45 -46
leaf_value=-8.475704833659 -8.1571210056975012 29.657347367387253 -0.79528443720693753 -8.4265810541209696 17.924534233112251 21.500984722950559 -3.3691471258685639 1.2238803851523761 -6.5496223189470006 -8.1940853522739374 13.264562431778998 4.199094147048001 2.6575814277761252 -4.0071422614095003 33.582409924915503 2.5052585007352501 2.3776032564151897 -4.2652577685397493 69.347941040526379 24.514950388251375 -6.7757026626819385 -4.9065179845218765 -8.4408413609820006 -2.2112098551185646 37.502484758765064 30.924054159567934 0.78016091809293753 21.411870819658315 1.0807582824929993 -6.5276923880069999 -4.112311018482 201.3061176986655 114.9970955824155 108.3579208758193 21.378973145626123 67.401839579008509 48.291870819658307 69.84316470972901 143.1710065280443 103.93815841783723 23.446703235953997 -8.2854383609820008 -8.0674048336589994 37.951558888622245 -7.738304833658999
leaf_weight=2727 89 29 21 86 20 22 23 22 29 34 22 34 20 20 32 39 20 22 20 28 44 24 120 23 38 20 38 41 28 20 33 2273 34 36 21 144 29 255 164 21 21 91 58 40 31
leaf_count=2727 89 29 21 86 20 22 23 22 29 34 22 34 20 20 32 39 20 22 20 28 44 24 120 23 38 20 38 41 28 20 33 2273 34 36 21 144 29 255 164 21 21 91 58 40 31
internal_value=-0.000303593 0.0115672 0.013333 -0.00116209 0.00190641 -0.0036335 -0.0143261 -0.000815348 0.00369647 0.0138854 0.0101393 0.00178634 -0.00635438 0.0132543 0.00570058 -0.00385773 0.0144209 0.011385 0.0132474 0.00293413 -0.0103226 -0.0146182 -0.0147186 -0.00789809 0.00943428 0.00990915 0.00730074 0.00959572 -0.012417 -0.0106159 -0.00363339 0.0147492 0.0129988 0.012246 0.012029 0.0136651 0.0111252 0.014659 0.0145392 0.0127007 0.0146093 -0.0144194 -0.0149558 0.0139268 -0.0136027
internal_weight=7006 3794 3332 462 376 222 3212 125 133 3207 402 57 49 329 52 73 2805 275 225 50 65 3155 3108 47 60 154 94 84 292 172 61 2530 257 56 62 228 63 277 205 41 165 111 2816 60 89
internal_count=7006 3794 3332 462 376 222 3212 125 133 3207 402 57 49 329 52 73 2805 275 225 50 65 3155 3108 47 60 154 94 84 292 172 61 2530 257 56 62 228 63 277 205 41 165 111 2816 60 89
is_linear=0
shrinkage=0.03


Tree=6
num_leaves=47
num_cat=0
split_feature=4 57 4 4 4 6 56 56 45 4 58 26 46 53 59 55 62 57 19 40 2 4 58 57 58 26 33 62 21 62 58 55 59 2 4 58 62 46 12 4 25 36 55 62 0 57
split_gain=1287.28 95.3233 22.4435 20.8086 18.388 19.4169 16.5885 16.4848 10.0719 26.8463 9.3757 6.43596 4.53757 3.8915 3.65266 3.01505 2.70586 2.50143 2.06539 2.0444 1.891 1.77333 4.88933 1.29689 2.1373 1.45252 1.65339 1.28365 1.23184 1.07568 1.08457 1.01803 1.00252 0.737459 0.716054 2.23166 0.624391 0.463095 0.280981 0.157772 0.152308 0.121859 0.0600456 0.0590772 0.0217232 0.0157259
threshold=10.500000000000002 109.50000000000001 22.500000000000004 20.500000000000004 11.500000000000002 3.5000000000000004 2220.5000000000005 1919.5000000000002 33365.500000000007 20.500000000000004 3290.9375000000005 61.460548541666675 32569.916666666668 1680.5000000000002 782.50000000000011 6146.0000000000009 1290.1041666666667 1536.5000000000002 14.675000000000002 40419.000000000007 87.973702500000016 9.5000000000000018 4626.0833333333339 1929.5000000000002 2713.5625000000005 65.792478375000016 1.5222397968709283 2181.9583333333335 1.4659460287190229 2181.9583333333335 3837.1458333333335 84.500000000000014 791.50000000000011 71.462423000000015 21.500000000000004 2321.666666666667 1231.7500000000002 29646.562500000004 110669.50000000001 19.500000000000004 91.760100000000008 12782.000000000002 2823.5000000000005 1779.479166666667 88596.500000000015 694.50000000000011
decision_type=2 2 2 2 2 2 2 2 2 2 2 2 2 2 2 2 2 2 2 2 2 2 2 2 2 2 2 2 2 2 2 2 2 2 2 2 2 2 2 2 2 2 2 2 2 2
left_child=6 3 8 4 5 -2 17 19 23 12 14 13 -10 -9 -7 -8 -12 21 -13 -4 28 42 29 24 25 -3 -27 -19 -6 -23 41 -14 -11 -30 -25 -36 -37 -20 -26 -33 -28 -31 -1 -39 -18 -44
right_child=1 2 7 -5 20 10 15 11 9 32 16 18 31 -15 -16 -17 44 27 37 -21 -22 22 -24 34 38 26 40 -29 33 30 -32 39 -34 -35 35 36 -38 43 -40 -41 -42 -43 45 -45 -46 -47
leaf_value=-8.2214336886492294 -7.9124073755265769 1.9457951088454717 -2.6502368713417814 -8.173783622497341 10.900218555118883 -5.7659312928934643 -2.1456933444029742 -2.8669507664021947 -0.63027006987529144 -2.8641532978977677 0.55503190995087659 0.48587415194627137 83.87870391066842 6.8206070479259084 10.888032098674756 6.0546340232865585 25.506617021036377 -6.0701113331112211 14.01086763071763 -6.9895969944718468 12.627709056569463 -8.1184428997471656 -0.3959966838417921 197.12693416770551 92.50153366770553 11.809332814932381 58.139867346193036 -1.9939168853299702 48.249606090550152 -6.8034501204275397 -3.4650625424525394 140.81837044241004 -8.6017624022475072 37.314335183970556 9.3759392043131928 23.267695150918037 89.920300518437131 23.060780854188458 155.12986734619304 43.334369384290746 14.506498836791652 -6.1785003899525401 -7.8253826886492295 44.749493357987134 21.081623503989967 -7.1120516886492284
leaf_weight=2728 89 21 29 86 29 36 26 21 21 20 22 20 26 21 20 25 35 30 20 30 26 182 26 2188 225 25 51 21 37 23 30 181 30 62 32 30 171 20 20 30 20 31 58 80 20 32
leaf_count=2728 89 21 29 86 29 36 26 21 21 20 22 20 26 21 20 25 35 30 20 30 26 182 26 2188 225 25 51 21 37 23 30 181 30 62 32 30 171 20 20 30 20 31 58 80 20 32
internal_value=-0.000359258 0.0114723 0.013243 -0.00129193 0.00174688 -0.00376857 -0.0143355 0.00440481 0.013931 0.00875365 0.00347107 0.00887974 0.0126579 -0.00135392 -0.00582888 0.00258317 0.0102724 -0.0146095 0.01197 -0.0093401 0.00971447 -0.0147188 -0.012417 0.0145025 0.0127506 0.00932536 0.0108949 -0.00786693 0.0112178 -0.0136302 -0.0106659 0.0138423 -0.0113174 0.0128355 0.0147627 0.0130502 0.0142317 0.0134638 0.0143696 0.0145523 0.0132489 -0.0132532 -0.0149558 0.0143556 0.0138294 -0.0136182
internal_weight=7006 3794 3332 462 376 222 3212 241 3091 308 133 182 258 42 56 51 77 3161 140 59 154 3110 292 2783 362 117 96 51 128 266 84 237 50 99 2421 233 201 120 245 211 71 54 2818 100 55 90
internal_count=7006 3794 3332 462 376 222 3212 241 3091 308 133 182 258 42 56 51 77 3161 140 59 154 3110 292 2783 362 117 96 51 128 266 84 237 50 99 2421 233 201 120 245 211 71 54 2818 100 55 90
is_linear=0
shrinkage=0.03


Tree=7
num_leaves=63
num_cat=0
split_feature=56 16 34 55 57 55 56 22 56 34 56 16 16 56 55 3 58 34 58 22 47 11 22 3 15 34 16 62 60 68 23 41 56 34 22 53 55 57 50 56 22 11 30 56 22 1 16 47 56 15 55 34 54 2 25 20 69 16 2 45 33 20
split_gain=1173.55 76.9013 36.3151 23.3903 22.6124 13.3133 13.0689 22.403 9.39693 16.1382 6.81273 6.80114 6.69215 5.94244 5.94017 5.24889 4.78261 4.62552 4.4851 4.22581 4.18964 3.93434 3.62076 3.94486 3.55959 3.39649 3.30719 3.23591 3.03122 2.93669 2.82409 2.24959 2.15051 1.69853 1.60461 1.32473 1.25283 1.20438 1.12797 0.923053 4.57495 0.912467 0.864966 0.811932 0.811158 0.697735 0.602174 0.833336 1.17849 0.560202 0.442578 2.5799 0.407519 0.380399 0.58013 0.347381 1.24041 0.275398 0.1283 0.0586148 0.0139804 0.0126321
threshold=894.00000000000011 2511.0000000000005 1.6120772149681069 6868.0000000000009 49.500000000000007 529.50000000000011 301.00000000000006 -0.30000000000000043 3780.0000000000005 0.83917741255123002 35.500000000000007 406.50000000000006 5160.5000000000009 1995.5000000000002 4670.0000000000009 51.306740576305444 2608.2500000000005 3.3200530271309465 1626.0208333333337 -0.3500000000000002 404.50000000000006 90915.000000000015 0.39999999999999908 61.75255473737959 9717.0970897872048 0.13411070422694851 1757.5000000000002 1614.3125000000002 3494.0000000000005 86410.500000000015 78.720640000000017 41469.500000000007 1663.5000000000002 0.46079780671681553 -0.69999999999999973 1014.5000000000001 25.500000000000004 3096.0000000000005 255.33333333333334 108.50000000000001 0.049999999999999885 70908.500000000015 57.66650448568528 2913.5000000000005 -0.89999999999999891 -7.8749999999999991 1377.0000000000002 255.50000000000003 32.500000000000007 5805.6069650499603 4167.5000000000009 0.44752954497107572 762.33333333333337 89.781195000000011 77.494405000000015 1.0000000180025095e-35 101998.00000000001 953.50000000000011 91.171940000000021 32594.500000000004 1.328996075682662 25.021875000000001
decision_type=2 2 2 2 2 2 2 2 2 2 2 2 2 2 2 2 2 2 2 2 2 2 2 2 2 2 2 2 2 2 2 2 2 2 2 2 2 2 2 2 2 2 2 2 2 2 2 2 2 2 2 2 2 2 2 2 2 2 2 2 2 2
left_child=1 6 8 13 12 10 11 57 9 19 -6 39 16 44 20 -13 45 43 22 32 -11 35 23 -10 41 -9 29 -15 -29 -26 36 -32 -2 55 -16 -14 -18 -35 -12 61 -41 -17 -34 -5 -4 -3 -43 48 52 -40 51 53 -48 -20 -55 56 -21 -8 -28 -45 -57 -1
right_child=2 4 3 17 5 -7 7 25 18 14 38 15 21 27 34 24 30 -19 50 33 -22 -23 -24 -25 26 -27 58 28 -30 -31 31 -33 42 37 -36 -37 -38 -39 49 40 -42 46 -44 59 -46 -47 47 -49 -50 -51 -52 -53 -54 54 -56 60 -58 -59 -60 -61 -62 -63
leaf_value=-7.9747906779897528 -4.2910487958611618 -7.7412862462989516 -6.5233566296866332 7.6195976196273012 -5.1279533541066602 -7.6747906779897521 -7.7006941779897522 76.011069657674383 30.94487908765862 3.6634716207898528 26.623742069010575 -1.5542427491896125 -5.0711851542607791 -4.8730763942938857 0.08466125636626913 -8.0347906779897524 -6.3869069588023715 -1.0937922963080107 139.34312614267438 113.73320128413773 -3.6176085261777433 15.428877784872377 58.024000910822508 -2.7403522162056047 -7.5342578005749381 -3.1990226282089451 -6.2778230596612055 -2.5518498855253928 5.8729950025879623 2.2890965636918756 -6.1801557105917864 12.593008341429829 8.68666914475134 13.793685664962874 37.898957592565758 0.075677464796142138 -7.5737249231601247 45.882724242491051 52.332093219621058 -7.9147906779897523 2.8082561288442127 -7.9314745397295381 28.702208503008798 70.272691502884015 -4.9509546892285377 -7.7014000397295392 -7.719062833160125 -7.9747906779897528 -6.9547906779897524 42.079153493723553 192.98312614267437 7.6295001875667046 -7.6590628331601254 112.24475654404361 132.80368566496287 79.337585406396116 140.69961932913773 -7.864272815661689 -4.5137249231601251 59.736285721363203 127.85361600126407 -7.9747906779897528
leaf_weight=2124 20 23 49 20 29 25 86 41 31 20 24 39 21 20 28 29 38 24 287 25 38 39 40 24 22 25 20 22 25 28 27 22 20 27 26 22 21 22 27 84 21 198 21 79 20 88 33 63 31 96 1933 31 47 20 23 30 51 20 21 20 285 291
leaf_count=2124 20 23 49 20 29 25 86 41 31 20 24 39 21 20 28 29 38 24 287 25 38 39 40 24 22 25 20 22 25 28 27 22 20 27 26 22 21 22 27 84 21 198 21 79 20 88 33 63 31 96 1933 31 47 20 23 30 51 20 21 20 285 291
internal_value=-0.000414924 -0.0119385 0.0126671 0.00230025 -0.00100976 0.00677275 -0.0136397 -0.00556072 0.0136295 0.0102952 0.00969336 -0.0140939 -0.0062172 -0.00659074 0 -0.010981 -0.00895482 0.0107757 0.0144833 0.0125963 -0.00666093 0.00105968 0.00801262 0.00294011 -0.0118208 0.00812405 -0.00638858 -0.000178838 0.00407643 -0.00113772 -0.00441258 0.000855397 0.00510638 0.0136264 0.00715342 -0.00515081 -0.00883249 0.00818737 0.0123182 -0.0147482 -0.0118173 -0.0130441 0.00905109 0.013199 -0.0127641 -0.0133393 -0.0134561 -0.0120448 -0.010369 0.0135012 0.0147496 0.0136583 -0.0123221 0.0144411 0.0114153 0.0142981 0.0121813 -0.0141093 -0.0127007 0.0143491 0.0147953 -0.0148739
internal_weight=7006 3725 3281 279 502 201 3223 172 3002 613 176 3051 301 136 112 531 219 143 2389 501 58 82 95 55 492 66 91 67 47 50 108 49 61 440 54 43 59 49 147 2520 105 401 41 119 69 111 372 174 111 123 2294 361 80 330 43 391 76 106 41 99 315 2415
internal_count=7006 3725 3281 279 502 201 3223 172 3002 613 176 3051 301 136 112 531 219 143 2389 501 58 82 95 55 492 66 91 67 47 50 108 49 61 440 54 43 59 49 147 2520 105 401 41 119 69 111 372 174 111 123 2294 361 80 330 43 391 76 106 41 99 315 2415
is_linear=0
shrinkage=0.03


Tree=8
num_leaves=55
num_cat=0
split_feature=56 10 22 56 56 10 6 57 34 58 58 57 22 6 59 35 24 55 24 59 55 34 10 58 55 42 6 34 14 58 55 2 59 58 28 33 55 9 51 34 7 44 41 1 33 15 23 61 46 62 56 34 28 7
split_gain=1162.03 178.373 39.9752 28.2888 27.6103 9.59199 12.4968 9.06063 13.0835 7.42673 6.0972 5.20366 3.6703 3.57496 3.35513 2.69051 2.58312 2.5105 2.48677 2.31685 2.2939 7.07481 1.95468 4.81434 1.94228 1.94052 1.8947 1.86065 1.48932 1.37775 2.02293 1.95703 1.34019 1.41748 1.24828 1.39552 1.11481 5.13783 1.8218 1.1321 0.846293 0.741854 1.01914 0.534238 0.354639 0.314048 0.219031 0.192037 0.160115 0.154095 0.0825283 0.072483 0.0534208 0.0217232
threshold=894.00000000000011 0.87900005428953576 -0.74999999999999944 3624.5000000000005 49.500000000000007 0.96386255839173451 3.5000000000000004 3586.5000000000005 0.44752954497107572 2920.666666666667 3870.6250000000005 2827.5000000000005 0.42500000000000077 8.5000000000000018 2457.5000000000005 16633.500000000004 61.691695000000003 6195.0000000000009 50.810230000000011 4751.5000000000009 2913.5000000000005 1.294866917703928 0.74305326206722599 4626.0833333333339 4167.5000000000009 46631.791666666679 8.5000000000000018 1.3997862469071161 98642.145833333358 2431.7500000000005 46.500000000000007 88.78170200000001 1059.5000000000002 3837.1458333333335 1.0279585000000007 2.5109960957249826 5107.5000000000009 1.0000000180025095e-35 1418.5000000000002 0.40207716452673742 12.500000000000002 29393.500000000004 32838.000000000007 -3.4749999999999996 1.4730423946982734 5736.3730411616334 46.857004000000011 1225.5000000000002 32569.916666666668 2257.7916666666674 593.00000000000011 2.252732531485869 1.2553060000000011 20.500000000000004
decision_type=2 2 2 2 2 2 2 2 2 2 2 2 2 2 2 2 2 2 2 2 2 2 2 2 2 2 2 2 2 2 2 2 2 2 2 2 2 2 2 2 2 2 2 2 2 2 2 2 2 2 2 2 2 2
left_child=1 20 3 11 5 6 52 8 18 12 13 19 15 -8 28 -10 -13 -11 -4 27 22 -22 50 32 -5 -21 45 -2 -7 30 31 -6 -24 47 44 -36 37 38 -9 -39 -40 42 -31 -17 -20 -26 -29 -34 -43 -23 -1 -38 -3 -19
right_child=2 4 7 24 29 14 10 36 9 17 -12 16 -14 -15 -16 43 -18 53 34 25 21 49 23 -25 26 -27 -28 46 -30 41 -32 -33 33 -35 35 -37 51 39 40 -41 -42 48 -44 -45 -46 -47 -48 -49 -50 -51 -52 -53 -54 -55
leaf_value=-7.73554695765006 -1.3917519139931167 -7.4734632692659755 116.72602903849895 7.4006151819397035 30.137717953788293 13.513258494329426 5.9213539186560098 22.848160523450645 2.2164227419625377 2.6292928436152656 17.590774221777991 -1.2979734411459336 15.214094671137739 -4.9928066104860598 26.046447354229969 -5.1565387515005812 4.8662064324076511 71.285843897967283 83.244833439204243 1.1671489352958717 6.6471380577336188 -7.5108889351500592 -7.5711185969682386 -0.15140839255531374 30.54467246124106 -2.1151533412170394 9.5852765535846896 -4.5068562836966306 -5.2210717680314493 42.254797490512409 96.04200325935598 -1.3362882587508602 -7.4874909481653207 -2.3707981206638409 8.3567282492042363 120.4195054313152 191.72363235839413 129.82283235839415 -2.486584961501038 38.282092776223507 11.729050813613776 39.981431970695347 31.103566233889172 -4.2543793365950711 140.63072452499972 83.652529397967285 -6.0511990536863749 -6.3441374591034929 40.589212980539507 -7.3596003826500596 -7.4499600160577284 66.072732451381739 -6.9401431530688926 59.379111289328698
leaf_weight=2792 24 69 20 27 37 20 35 32 21 30 23 22 33 35 28 20 34 35 31 20 20 60 197 26 28 20 23 20 22 21 28 23 24 20 25 21 1729 459 20 36 20 95 30 20 307 115 46 26 27 25 22 23 20 20
leaf_count=2792 24 69 20 27 37 20 35 32 21 30 23 22 33 35 28 20 34 35 31 20 20 60 197 26 28 20 23 20 22 21 28 23 24 20 25 21 1729 459 20 36 20 95 30 20 307 115 46 26 27 25 22 23 20 20
internal_value=-0.000487718 -0.0119546 0.0125299 0.00335532 0.00446697 -0.00260611 -0.00624382 0.013727 0.0103619 0.00358459 0.00141783 -0.00498119 -0.00219979 -0.00295292 0.00680456 -0.00657938 0.00262032 0.0100118 0.0133556 -0.00827825 -0.0145783 -0.0101047 -0.0147282 -0.0123234 0.0114034 -0.00216958 0.0126249 -0.0109545 0.00135392 0.011306 0.00813848 0.00494176 -0.013523 -0.00980029 0.0138948 0.00904555 0.0145712 0.0133521 0.00578363 0.0144456 0.00142145 0.0128943 0.00962818 -0.0111471 0.014543 0.0139203 -0.0135703 -0.012515 0.014226 -0.0138895 -0.0149771 0.0149632 -0.0142761 0.0138294
internal_weight=7006 3725 3281 379 513 252 182 2902 583 179 93 186 94 70 70 61 56 85 404 130 3212 105 3107 293 193 40 166 90 42 261 88 60 267 70 384 46 2319 567 72 495 40 173 51 40 338 143 66 50 122 85 2814 1752 89 55
internal_count=7006 3725 3281 379 513 252 182 2902 583 179 93 186 94 70 70 61 56 85 404 130 3212 105 3107 293 193 40 166 90 42 261 88 60 267 70 384 46 2319 567 72 495 40 173 51 40 338 143 66 50 122 85 2814 1752 89 55
is_linear=0
shrinkage=0.03


Tree=9
num_leaves=57
num_cat=0
split_feature=56 10 22 56 56 10 58 57 9 55 57 63 56 34 55 24 34 21 68 41 61 10 58 21 43 36 58 55 21 34 3 2 61 19 56 56 50 41 45 16 66 25 60 56 19 69 26 57 25 22 55 15 60 18 50 55
split_gain=1146.46 177.106 42.9281 34.9527 27.1563 8.74185 10.2369 7.26404 11.5221 11.0647 7.12879 4.69646 4.62559 4.6031 3.23295 3.87822 2.85293 2.86057 2.63483 2.54073 2.4687 2.37136 4.51895 2.15053 2.09276 2.81797 1.93383 1.89697 1.89296 1.88958 1.79174 1.72356 1.60628 1.85371 1.49637 1.15964 1.33417 1.1791 1.11979 2.80353 2.91534 0.977928 0.530966 0.524947 0.478694 0.698439 0.348117 0.282483 0.211928 0.210192 1.37915 0.178907 0.0805343 0.0574079 0.122332 0.0122955
threshold=894.00000000000011 0.87900005428953576 -0.59999999999999865 3624.5000000000005 49.500000000000007 0.96386255839173451 3392.4166666666674 3953.0000000000005 1.0000000180025095e-35 3236.0000000000005 4096.5000000000009 2864.5000000000005 4285.5000000000009 0.90907504926051186 4521.5000000000009 57.037386500000004 0.15935477611940743 2.2555035293969259 84480.500000000015 36406.000000000007 5379.5000000000009 0.74305326206722599 4626.0833333333339 4.2980314882226898 33571.500000000007 17651.500000000004 3010.4583333333335 3773.0000000000005 1.8120814103916507 1.3997862469071161 59.120092208710055 86.588305000000005 1182.5000000000002 10.925000000000002 6415.5000000000009 95.500000000000014 243.95833333333334 35996.500000000007 33365.500000000007 -391.99999999999994 4218.8750000000009 86.189047000000016 3822.5000000000005 2522.0000000000005 1.8750000000000002 95192.500000000015 88.974991583333363 694.50000000000011 78.465275000000005 -0.40000000000000119 5583.5000000000009 6132.9283840864573 1409.5000000000002 10.025000000000002 384.04166666666669 2357.5000000000005
decision_type=2 2 2 2 2 2 2 2 2 2 2 2 2 2 2 2 2 2 2 2 2 2 2 2 2 2 2 2 2 2 2 2 2 2 2 2 2 2 2 2 2 2 2 2 2 2 2 2 2 2 2 2 2 2 2 2
left_child=1 21 3 10 5 6 18 8 9 -4 19 -8 13 -11 15 -5 42 31 -3 -2 29 27 32 -16 25 -7 -15 47 -6 -21 -29 -18 52 41 -25 37 -37 -30 46 -40 -41 -34 -10 -31 -20 -46 49 -1 -14 50 -9 -19 -23 54 -38 -49
right_child=2 4 7 14 28 24 11 38 16 12 -12 -13 48 26 23 -17 17 51 44 20 -22 22 -24 34 -26 -27 -28 30 35 43 -32 -33 33 -35 -36 36 53 -39 39 40 -42 -43 -44 -45 45 -47 -48 55 -50 -51 -52 -53 -54 -55 -56 -57
leaf_value=-7.5034805489205585 1.154208705964787 -4.8430224121714778 -5.2339158335790872 -3.3499316549911535 7.3327853589963388 18.133725253594434 11.566423464743316 16.587555631134681 138.76348673909814 36.498173797190937 6.8356199617628732 -2.4766349541441772 88.904030847448809 -4.6067880203989464 82.511687426346512 71.306325631347349 25.217251290795485 59.225686516447382 -7.2872093711879966 -1.6064992819679109 -0.15524904347667301 -7.2625118049883177 -0.14686614077865442 6.4480800588762657 25.628828101046647 -5.0644396149905058 1.9748818553234899 -1.6877995419508756 25.660715737119023 -6.093747459185443 -7.0387112396901292 -6.0566306653867104 -7.7325911263415952 -1.8317323759930031 59.87147043119856 50.618584020929255 57.508844631371488 10.982384144992112 127.44841657410569 -1.0001077141721202 44.57002352910569 -6.9402058307352883 119.74746417743924 -2.190566502910297 -4.8615131283619286 -5.9062859846743967 94.262832691884626 -7.0834805489205586 30.069104324563146 185.49192338764232 82.386488747851956 82.096593621181313 -7.5352270278138178 43.374425548084531 113.93615573124693 -6.9839929650304784
leaf_weight=2826 26 29 29 20 26 26 30 20 344 22 33 22 43 25 162 27 20 20 55 37 31 168 26 26 24 20 21 21 21 63 28 21 40 20 26 32 20 30 109 27 31 22 23 20 26 20 33 21 20 1890 80 32 20 112 20 20
leaf_count=2826 26 29 29 20 26 26 30 20 344 22 33 22 43 25 162 27 20 20 55 37 31 168 26 26 24 20 21 21 21 63 28 21 40 20 26 32 20 30 109 27 31 22 23 20 26 20 33 21 20 1890 80 32 20 112 20 20
internal_value=-0.000564794 -0.0119546 0.0123654 0.00397368 0.0044085 -0.00260611 -0.00607908 0.0137707 0.0108805 0.0039163 -0.00512613 0.00512476 0.00764302 0.00215859 0.011306 0.00407643 0.0132949 0.00850698 -0.0105842 -0.00752117 -0.0090139 -0.014569 -0.0119453 0.0128772 0.0063766 0.00253796 -0.00318872 -0.0148339 0.0111911 -0.0109659 -0.00879837 0.00248175 -0.0130951 -0.00946407 0.00742802 0.0120459 0.0131831 0.00786693 0.014587 0.0121005 0.00666093 -0.012029 0.0144974 -0.0135018 -0.0128783 -0.0103471 0.0147902 -0.0149356 0.0135024 0.014847 0.0131568 0.0131862 -0.0146571 0.0143787 0.0126434 -0.0119708
internal_weight=7006 3725 3281 471 513 252 182 2810 620 160 210 52 131 68 261 47 460 93 130 177 151 3212 296 214 70 46 46 2916 261 120 49 41 270 82 52 235 184 51 2190 167 58 62 367 83 101 46 2023 2867 63 1990 100 52 188 152 40 41
internal_count=7006 3725 3281 471 513 252 182 2810 620 160 210 52 131 68 261 47 460 93 130 177 151 3212 296 214 70 46 46 2916 261 120 49 41 270 82 52 235 184 51 2190 167 58 62 367 83 101 46 2023 2867 63 1990 100 52 188 152 40 41
is_linear=0
shrinkage=0.03


Tree=10
num_leaves=63
num_cat=0
split_feature=56 10 22 56 56 10 6 20 16 24 58 31 55 62 59 59 24 56 34 55 43 34 55 10 58 34 43 3 59 55 43 6 34 21 14 59 24 56 54 61 34 28 21 34 25 61 42 0 22 55 56 22 26 55 9 59 55 25 18 2 55 24
split_gain=1134.87 172.769 45.9589 29.75 25.3777 9.59199 12.4968 6.15693 9.25077 5.89459 5.06708 4.05299 3.70743 3.69234 3.39547 3.35513 2.81797 2.76788 9.14528 3.97831 2.58057 2.38892 3.1295 2.37136 4.51895 2.36149 2.14873 2.12503 1.99279 1.89697 1.88265 1.8822 1.7853 1.67178 1.48932 1.4209 1.63897 1.21122 1.70323 1.22641 1.30608 1.1574 0.892252 0.886263 1.12958 0.83941 0.708398 0.665884 0.638913 0.602314 0.263039 0.192447 0.167342 0.0889632 1.57615 1.23099 1.20648 0.0704445 0.0534208 0.0322404 0.0263138 0.000154345
threshold=894.00000000000011 0.87900005428953576 -0.59999999999999865 3713.5000000000005 49.500000000000007 0.96386255839173451 3.5000000000000004 0.99687500000000018 -517.49999999999989 57.536420000000007 3907.0833333333335 56.412918763918064 4521.5000000000009 1624.4375000000002 4751.5000000000009 2457.5000000000005 57.037386500000004 4285.5000000000009 0.83917741255123002 4974.5000000000009 32340.500000000004 1.1639465537460192 7044.5000000000009 0.74305326206722599 4626.0833333333339 0.44752954497107572 30373.500000000004 61.203442825267352 1059.5000000000002 3773.0000000000005 31744.500000000004 3.5000000000000004 1.6120772149681069 1.8120814103916507 98642.145833333358 3185.5000000000005 61.691695000000003 95.500000000000014 1745.3750000000002 1482.5000000000002 0.21243775060905892 1.2553060000000011 3.4469974167722364 0.28261239758228746 83.892918000000023 1144.5000000000002 42179.625000000007 75919.500000000015 -0.32499999999999923 1030.5000000000002 529.50000000000011 -0.20000000000000009 80.098201041666684 6146.0000000000009 1.0000000180025095e-35 1361.5000000000002 5360.5000000000009 74.518400000000014 2.1750000000000003 54.312407000000007 2522.0000000000005 93.560390000000027
decision_type=2 2 2 2 2 2 2 2 2 2 2 2 2 2 2 2 2 2 2 2 2 2 2 2 2 2 2 2 2 2 2 2 2 2 2 2 2 2 2 2 2 2 2 2 2 2 2 2 2 2 2 2 2 2 2 2 2 2 2 2 2 2
left_child=1 23 3 11 5 6 58 8 41 -10 13 35 16 26 32 34 -5 18 43 -20 -16 57 -23 29 28 45 -8 -27 -25 50 47 -31 -13 -6 -7 36 -2 38 -35 -39 -41 -4 -42 51 52 -11 -24 -30 -21 -19 -1 -9 -45 54 55 -51 -57 -14 -3 -34 -52 -53
right_child=2 4 7 12 33 15 10 17 9 25 -12 14 21 -15 20 -17 -18 49 19 48 -22 22 46 24 -26 27 -28 -29 30 31 -32 -33 59 37 -36 -37 -38 39 -40 40 42 -43 -44 44 -46 -47 -48 -49 -50 53 60 61 -54 -55 -56 56 -58 -59 -60 -61 -62 -63
leaf_value=-7.2783761324529417 -0.4506895413103888 -7.0685930900523566 145.46943184175007 -3.2494337053414188 7.1128017982264486 12.563848981891709 -5.8174738121091796 52.739978708912901 -4.2574764107442933 54.681165025902438 16.790332067848638 -1.2851837466378639 100.28983356759042 7.6712926633899166 -1.5666089130193359 24.686562510037302 69.213446740554403 104.56560552047121 -3.6252325226721722 3.6403540313186507 3.6566331178445686 -1.3420874603331936 52.933522844680958 -7.1149677667468598 -0.14246015655529562 12.090550905580139 -0.10344223971189734 -2.5681151857291087 -4.1517546460319963 -3.0267076524637551 -1.6455956210673783 -6.615293170692353 -6.2375799898019588 26.518461991093432 -4.9125064265407898 -2.2547890819823468 28.481471276506721 44.633160695711659 7.0083129502702475 86.387460397225524 10.915777288628902 61.07655270101305 49.763665274445017 78.576370381986493 17.156870201237808 81.698404017067929 8.3837567818961372 -7.6138177433179024 30.995522192407691 39.605602046449405 -7.2495666357007122 123.11148873541823 36.551774266281754 196.39716568601304 139.83338968601308 0.65938043192038776 30.89403840688577 75.340305933095777 -6.4043336958929631 -5.7084219020313034 -6.5785179669143261 97.05119685471351
leaf_weight=2824 20 69 196 20 26 20 27 26 35 32 20 30 113 24 21 28 26 33 32 20 27 24 31 198 26 25 22 26 20 25 22 24 20 30 22 30 21 102 21 37 20 25 25 20 20 39 25 30 22 30 23 284 29 1406 433 23 21 20 20 43 20 33
leaf_count=2824 20 69 196 20 26 20 27 26 35 32 20 30 113 24 21 28 26 33 32 20 27 24 31 198 26 25 22 26 20 25 22 24 20 30 22 30 21 102 21 37 20 25 25 20 20 39 25 30 22 30 23 284 29 1406 433 23 21 20 20 43 20 33
internal_value=-0.000654715 -0.0119868 0.0122099 0.00352791 0.00417462 -0.00260611 -0.00624382 0.0136639 0.0100688 0.00446849 0.00141783 -0.00479491 0.0103512 -0.00221614 -0.00773919 0.00680456 0.00253796 0.014221 0.0121518 0.00238866 -0.00118503 0.0120225 0.00782772 -0.014569 -0.0119453 0.00759214 -0.00696538 0.00258317 -0.0130951 -0.0148339 -0.00869626 -0.00879837 -0.0110849 0.0107315 0.00135392 0.00101266 0.00467153 0.0115355 0.00727984 0.0126942 0.00982948 0.0140299 0.00625277 0.0138971 0.0105933 0.0111392 0.0117112 -0.0119162 0.00847981 0.0147356 -0.0149356 0.0145497 0.0130754 0.0148095 0.0142812 0.010081 0.00673469 0.0145154 -0.0142761 -0.0139778 -0.0121114 0.0147966
internal_weight=7006 3725 3281 471 513 252 182 2810 378 157 93 212 259 73 141 70 46 2432 486 74 48 213 80 3212 296 122 49 51 270 2916 72 49 93 261 42 71 41 235 51 184 82 221 45 412 69 71 56 50 42 1946 2867 343 49 1913 507 74 44 133 89 63 43 317
internal_count=7006 3725 3281 471 513 252 182 2810 378 157 93 212 259 73 141 70 46 2432 486 74 48 213 80 3212 296 122 49 51 270 2916 72 49 93 261 42 71 41 235 51 184 82 221 45 412 69 71 56 50 42 1946 2867 343 49 1913 507 74 44 133 89 63 43 317
is_linear=0
shrinkage=0.03


Tree=11
num_leaves=54
num_cat=0
split_feature=4 57 34 4 4 6 55 4 55 55 6 58 34 62 62 58 43 4 41 59 41 21 34 55 55 62 47 4 58 55 21 50 30 64 19 34 55 43 61 6 57 30 22 58 4 32 21 18 34 61 1 16 26
split_gain=1230.77 91.0439 32.4912 20.987 14.3897 20.2381 13.7336 12.8625 21.7394 10.1602 8.71272 7.00564 7.08693 6.18772 5.98782 4.57656 4.42236 4.39405 3.67696 2.48498 4.90289 2.80907 2.17722 2.25701 2.05267 3.1994 1.87501 1.86732 4.80878 1.86382 2.47392 2.64945 1.74755 1.6814 1.43371 1.92944 1.33883 1.18699 1.09851 2.91358 0.766582 0.597695 0.483059 0.355752 1.9196 0.302911 0.2621 0.201339 0.167034 0.0811095 0.0800036 0.053992 0.0217232
threshold=10.500000000000002 131.50000000000003 2.252732531485869 20.500000000000004 11.500000000000002 3.5000000000000004 4670.0000000000009 21.500000000000004 5168.5000000000009 7173.5000000000009 8.5000000000000018 1565.4375000000002 0.56718021730399582 2386.5833333333335 2123.0833333333335 2839.4583333333339 30373.500000000004 19.500000000000004 39719.500000000007 2586.5000000000005 38644.500000000007 2.8241369449643332 1.2776981883233456 2913.5000000000005 6948.5000000000009 1566.416666666667 666.50000000000011 9.5000000000000018 4626.0833333333339 1030.5000000000002 2.0333975395169186 398.81250000000006 56.815522223433021 4413.0000000000009 10.475000000000001 0.16848186437253435 397.50000000000006 32126.000000000004 1182.5000000000002 4.5000000000000009 1772.5000000000002 53.598913936741276 0.050000000000000495 2040.479166666667 20.500000000000004 56.673976687620261 1.7170703578459192 -6.7749999999999995 0.97458667083795814 5565.5000000000009 17.425000000000001 4459.0000000000009 75.453869854166683
decision_type=2 2 2 2 2 2 2 2 2 2 2 2 2 2 2 2 2 2 2 2 2 2 2 2 2 2 2 2 2 2 2 2 2 2 2 2 2 2 2 2 2 2 2 2 2 2 2 2 2 2 2 2 2
left_child=6 3 7 4 5 51 27 11 13 32 15 12 17 22 -8 -7 -12 36 -11 20 33 -22 23 -9 25 -10 -25 40 38 30 31 -13 -4 -6 35 45 -3 -16 -29 -40 49 -27 -17 44 46 -32 -31 -21 -36 -1 -26 -2 -43
right_child=1 2 9 -5 19 10 14 8 24 18 16 29 -14 -15 37 42 -18 -19 -20 47 21 -23 -24 26 50 41 -28 28 -30 43 34 -33 -34 -35 48 -37 -38 -39 39 -41 -42 52 -44 -45 -46 -47 -48 -49 -50 -51 -52 -53 -54
leaf_value=-7.0600248484793537 -6.8663537828831247 45.838969123217659 -0.90051357496760376 -7.1614837876817541 6.6714237923826909 -0.35889228992289302 -4.9325519052992028 -7.0314139414727164 -0.55887648258994316 55.751075173315819 -5.7440428930062559 2.5562698787063116 -2.5534687448579132 13.300188439971288 0.036604714397931844 19.583570821667411 0.75184612582440424 5.7725339771055184 -1.0622538646034758 11.894946369304483 -5.8885867423605269 12.320632594897129 -6.9640168048803011 3.6392494843445222 55.220355252118807 18.226088401421812 -1.9880774698983972 -6.8654950931042178 -0.1381863518586374 71.726996848386747 111.1724131046789 66.736366957362037 -5.5459817329394339 92.992003633838578 79.427298906003813 24.095340405272655 106.06154298259911 5.1895562633607675 -7.5042736909636192 -2.0600968921377123 -3.8180156043738172 22.32826136966996 39.810095471200071 180.63525071543265 18.081178170932873 102.31492451646392 103.22216399543265 37.200194581322847 26.040319661154133 -6.8430977434793538 71.082943007415963 -6.2081676185052421 29.36890788621016
leaf_weight=2791 70 33 21 87 23 25 34 22 23 30 26 28 33 24 23 49 23 32 30 20 20 24 29 25 20 20 20 187 26 36 48 24 43 39 233 39 118 21 49 30 29 20 20 1928 20 26 155 39 30 22 164 20 35
leaf_count=2791 70 33 21 87 23 25 34 22 23 30 26 28 33 24 23 49 23 32 30 20 20 24 29 25 20 20 20 187 26 36 48 24 43 39 233 39 118 21 49 30 29 20 20 1928 20 26 155 39 30 22 164 20 35
internal_value=-0.000697535 0.0108714 0.0126506 -0.0012616 0.00165034 -0.00314028 -0.0143635 0.0132373 0.00819945 -0.00239323 0.00385744 0.0139636 0.00873207 -0.00247294 -0.0018822 0.0092136 -0.00635438 0.0110431 0.00643927 0.00843125 0.00562677 -0.00197279 -0.0059001 -0.0028614 0.0127508 0.00914373 0.000931264 -0.0146731 -0.0123143 0.0144022 0.0125368 0.00627639 -0.0107176 0.0110628 0.0133927 0.0104509 0.0131833 0.00537415 -0.0135175 -0.0103919 -0.014914 0.0121438 0.0131983 0.0147735 0.0134154 0.0133198 0.0143485 0.013401 0.0146408 -0.0149664 0.0146496 -0.0142841 0.0138294
internal_weight=7006 3794 3309 485 398 233 3212 3185 402 124 143 2783 216 120 78 94 49 183 60 165 106 44 96 67 282 98 45 3134 292 2567 428 52 64 62 376 113 151 44 266 79 2842 75 69 2139 211 74 191 59 263 2813 184 90 55
internal_count=7006 3794 3309 485 398 233 3212 3185 402 124 143 2783 216 120 78 94 49 183 60 165 106 44 96 67 282 98 45 3134 292 2567 428 52 64 62 376 113 151 44 266 79 2842 75 69 2139 211 74 191 59 263 2813 184 90 55
is_linear=0
shrinkage=0.03


Tree=12
num_leaves=63
num_cat=0
split_feature=4 57 4 4 59 56 56 45 4 4 6 46 55 58 58 4 31 54 57 57 55 21 46 4 58 56 50 21 13 61 2 58 56 55 59 6 55 24 28 61 44 55 30 68 28 20 19 25 4 57 19 55 15 40 66 19 2 57 51 24 7 24
split_gain=1210.1 89.4872 29.8341 20.7934 17.7333 14.3226 13.7047 13.2221 23.9512 9.20719 11.7311 8.44292 8.09392 5.25815 4.06871 5.12573 3.63079 3.42178 3.38666 3.00843 2.67906 2.64317 2.31199 2.24638 4.57116 2.13013 2.09358 2.73279 2.00008 2.30969 1.84307 1.9617 1.70724 1.18323 1.1617 2.08403 1.02264 2.58381 1.02576 0.935827 0.864966 0.864966 0.75807 1.87895 0.729901 1.29817 0.655127 0.632588 0.595674 0.375423 0.465283 0.294672 0.271366 0.268413 0.201339 0.17135 0.0830118 0.405536 0.0795672 0.0787705 0.0528367 0.0454146
threshold=10.500000000000002 131.50000000000003 22.500000000000004 20.500000000000004 4632.0000000000009 49.500000000000007 1995.5000000000002 33365.500000000007 20.500000000000004 11.500000000000002 3.5000000000000004 32648.750000000004 6421.0000000000009 3392.4166666666674 2726.9375000000005 21.500000000000004 54.832385606256359 1553.5416666666667 1929.5000000000002 27.500000000000004 5234.5000000000009 4.2980314882226898 29098.041666666668 9.5000000000000018 4626.0833333333339 894.00000000000011 467.93750000000006 2.2297920011717056 92039.500000000015 3028.5000000000005 88.78170200000001 3171.5833333333335 4342.5000000000009 593.00000000000011 973.50000000000011 4.5000000000000009 5034.5000000000009 53.748125000000009 0.57030800000000437 5379.5000000000009 31621.500000000004 24.500000000000004 58.600304637972457 111716.00000000001 7.8707664999999993 19.052083333333339 0.62500000000000011 84.23362250000001 19.500000000000004 382.50000000000006 12.975000000000001 652.50000000000011 15745.923068357772 48750.000000000007 4687.4375000000009 24.025000000000002 91.860232500000009 1493.5000000000002 1694.5000000000002 28.663252000000004 23.500000000000004 52.357857500000009
decision_type=2 2 2 2 2 2 2 2 2 2 2 2 2 2 2 2 2 2 2 2 2 2 2 2 2 2 2 2 2 2 2 2 2 2 2 2 2 2 2 2 2 2 2 2 2 2 2 2 2 2 2 2 2 2 2 2 2 2 2 2 2 2
left_child=6 3 7 5 12 9 23 14 11 10 60 -9 28 17 15 18 -14 -12 26 47 -8 -18 -17 25 34 -1 27 -3 29 -4 42 -32 -24 -13 52 -36 37 -20 51 53 -15 -29 54 -44 49 -46 -10 -11 -35 50 -16 -39 -25 -27 -7 -30 59 -58 -53 -51 -2 -6
right_child=1 2 4 -5 61 30 20 8 46 19 13 33 16 40 44 22 21 -19 36 -21 -22 -23 32 24 -26 39 -28 41 55 -31 31 -33 -34 48 35 -37 -38 38 -40 -41 -42 -43 43 -45 45 -47 -48 -49 -50 56 -52 58 -54 -55 -56 -57 57 -59 -60 -61 -62 -63
leaf_value=-6.8482241030249735 -6.6603631693966303 -1.8062349255210721 -4.6151356455577393 -6.9466392740513028 27.514151100213557 24.40315695992776 -3.0487638934343062 -1.3107434703041554 -6.8483744311179029 22.933052092730001 1.1079040892693017 63.575760109497601 21.048026849757971 2.6054262475208243 38.85849444222913 -1.8586691253867684 9.4433660779176982 -5.3662610972786648 9.1663526614348019 -0.55848116846356755 1.45405114973497 -2.4402700129148829 24.559795287792713 -6.7490870931731344 -0.13404076130287876 -4.086060239411422 59.609437042867135 19.936239457869913 -5.336910851399991 3.3670483493741892 -4.0399002023166073 31.401094074568693 0.55450570318782921 123.74635041078025 -7.2496966601650819 -2.6308964358956199 115.80964983396967 62.414127195470854 39.207476993009529 -1.7879356444121508 12.914736920943763 56.155061248617621 3.2627541956339474 78.420583361761842 53.76932043564171 119.68275282517403 -7.5380234998998867 19.514345029418973 26.562442437916712 122.50619319396968 31.533392010417643 83.269330473969688 -4.5960709026577105 -6.13912027171604 62.841255339302762 -5.4946924834846484 55.582382409423452 111.51551368830103 85.439441609813997 177.30048046136034 -5.8438232519101652 24.839860852755024
leaf_weight=2789 68 24 23 87 20 20 24 33 29 20 21 33 25 20 23 22 22 27 25 24 33 22 23 166 26 29 38 20 30 22 22 20 20 161 39 39 312 28 29 23 21 21 27 21 21 30 20 28 29 21 41 139 22 22 39 20 22 47 38 1819 20 57
leaf_count=2789 68 24 23 87 20 20 24 33 29 20 21 33 25 20 23 22 22 27 25 24 33 22 23 166 26 29 38 20 30 22 22 20 20 161 39 39 312 28 29 23 21 21 27 21 21 30 20 28 29 21 41 139 22 22 39 20 22 47 38 1819 20 57
internal_value=-0.000766047 0.0107053 0.0124693 -0.00132344 0.00228951 0.00157498 -0.0143168 0.0132678 0.00731563 -0.00281815 -0.0065048 0.0109996 -0.00327239 0.00114478 0.0139235 0.0119903 0.0045152 -0.00555094 0.0127681 0.00619972 0.000210158 -0.000612245 0.00387097 -0.0145802 -0.0120062 -0.0148413 0.00768186 0.0043318 -0.00895899 -0.00425721 0.0089336 0.00349169 0.00793503 0.0130973 -0.0131793 -0.00994878 0.0136789 0.0122038 0.0131867 -0.00967611 0.00905109 0.00905109 0.0110364 0.00804574 0.0146272 0.0108023 -0.0118534 0.0105405 0.0140295 0.014724 0.0121217 0.0139542 -0.0144976 -0.0119765 0.013401 -0.0131138 0.0148091 0.0131983 0.0144664 0.0148671 -0.0142679 0.0141634
internal_weight=7006 3794 3309 485 241 398 3212 3068 305 249 177 256 164 89 2763 739 69 48 674 72 57 44 65 3155 292 2863 103 65 95 45 149 42 43 223 266 78 571 259 234 74 41 41 107 48 2024 51 49 48 190 1973 64 205 188 51 59 50 1909 69 177 1840 88 77
internal_count=7006 3794 3309 485 241 398 3212 3068 305 249 177 256 164 89 2763 739 69 48 674 72 57 44 65 3155 292 2863 103 65 95 45 149 42 43 223 266 78 571 259 234 74 41 41 107 48 2024 51 49 48 190 1973 64 205 188 51 59 50 1909 69 177 1840 88 77
is_linear=0
shrinkage=0.03


Tree=13
num_leaves=60
num_cat=0
split_feature=4 57 4 4 59 56 56 45 4 46 4 58 58 63 4 62 38 23 68 44 61 57 21 23 58 57 4 62 33 19 26 62 31 62 3 56 17 18 7 56 12 61 28 25 3 63 12 28 3 58 57 42 1 41 40 58 12 24 54
split_gain=1201.71 88.5083 30.0043 24.1333 17.9263 15.508 12.9037 12.3373 20.7175 8.15081 7.87602 10.102 7.04597 4.69646 3.98054 4.65198 3.45662 3.28306 3.16896 3.12413 2.95339 2.78682 2.50473 5.92837 2.41106 2.3438 2.33064 4.67296 1.70312 1.56186 1.55521 2.6749 1.54662 1.44302 1.66028 1.19316 1.17056 1.05622 0.945102 0.930292 1.20511 0.890899 1.37732 0.858984 0.828739 0.790766 0.618032 0.594044 0.565557 0.415109 1.06136 2.22006 0.401976 0.344783 0.214578 0.198601 0.0574062 0.0454146 0.0317478
threshold=10.500000000000002 192.50000000000003 22.500000000000004 20.500000000000004 4632.0000000000009 49.500000000000007 1610.5000000000002 33365.500000000007 20.500000000000004 32648.750000000004 11.500000000000002 3392.4166666666674 4092.1458333333335 2864.5000000000005 21.500000000000004 1290.1041666666667 12044.79166666667 44.986072500000006 82709.500000000015 31641.500000000004 3198.5000000000005 27.500000000000004 1.8794240399525999 87.628215000000026 2839.4583333333339 2611.0000000000005 9.5000000000000018 2536.2500000000005 1.5454016765660639 -0.17499999999999996 74.608623250000022 1921.0208333333335 60.164707378324614 2134.666666666667 55.629127290535585 894.00000000000011 10.575000000000001 -6.2749999999999995 18.500000000000004 229.50000000000003 87522.500000000015 1118.5000000000002 -0.91460300000000305 84.23362250000001 60.675692126353717 2976.0000000000005 97514.000000000015 0.96068699999999307 60.4974570066925 2796.4375000000005 5218.0000000000009 35438.645833333336 19.875000000000004 52031.000000000007 44423.500000000007 3401.541666666667 78376.500000000015 52.357857500000009 557.16666666666686
decision_type=2 2 2 2 2 2 2 2 2 2 2 2 2 2 2 2 2 2 2 2 2 2 2 2 2 2 2 2 2 2 2 2 2 2 2 2 2 2 2 2 2 2 2 2 2 2 2 2 2 2 2 2 2 2 2 2 2 2 2
left_child=6 3 7 5 12 10 26 14 9 -9 11 18 16 -13 22 17 20 -16 -2 -8 -4 43 23 28 38 -21 35 33 -3 -7 44 -32 36 -28 -35 -1 -18 -24 -17 40 -39 46 -43 -12 -31 -20 -11 -10 -33 50 51 -41 -36 -37 -53 -26 -52 -6 -58
right_child=1 2 4 -5 57 29 19 8 47 41 21 13 -14 -15 15 24 32 -19 45 25 -22 -23 37 -25 55 -27 27 -29 -30 30 31 48 -34 34 52 53 -38 39 -40 49 -42 42 -44 -45 -46 -47 -48 -49 -50 -51 56 54 -54 -55 -56 -57 58 -59 -60
leaf_value=-6.6427773799342251 -4.0325966358109824 38.899143835985782 -3.2584253477634948 -6.7686582876056578 26.688726567207148 4.6954736413676983 -3.6675322130384829 -1.2714211661950274 -5.7110637328789515 27.551592246337485 22.245060529948105 10.276654051538276 12.362744326132088 -2.3608417806858237 36.338467934682349 15.965410833600512 -2.524041597909112 -3.7911171938606336 -5.1014988172457638 2.5759558675222762 3.0722412820849203 -0.54172673340966038 52.894577868993174 -0.65298595578998053 26.774067956925059 -0.31596693579457197 -6.6530853064363278 -1.7830147562125778 125.51111606012888 57.937055679304962 -1.0678482374552845 24.271336102114994 -5.7904508650961519 -2.1594539995150739 -6.4874857599263027 -3.6514733859529094 -1.1865248822711634 9.973084212033779 1.1661604169080726 25.644260292683757 33.569516495557103 113.18430811623101 36.837975563179221 18.928914678536401 28.36873615981348 -6.4466476131838526 119.18170369684677 -7.2451005751527982 30.987876240340697 177.36717878012888 89.948816978950589 75.725915149765569 -3.2973206369980321 -6.6213055783010253 57.691577129350598 85.327810803192506 55.559681519347443 24.094665027172375 110.23618330993975
leaf_weight=2789 26 29 21 93 20 22 31 33 20 20 20 30 34 22 20 31 21 24 36 29 22 26 20 32 39 22 185 33 117 64 29 20 36 22 32 29 29 20 23 31 22 36 35 28 25 66 131 24 22 1665 21 76 20 20 30 108 26 57 392
leaf_count=2789 26 29 21 93 20 22 31 33 20 20 20 30 34 22 20 31 21 24 36 29 22 26 20 32 39 22 185 33 117 64 29 20 36 22 32 29 29 20 23 31 22 36 35 28 25 66 131 24 22 1665 21 76 20 20 30 108 26 57 392
internal_value=-0.000813149 0.0106183 0.0124627 -0.000759781 0.00223657 0.00219445 -0.0143168 0.0132729 0.00746239 0.0107487 -0.0025856 -0.00598001 -0.00338443 0.00512476 0.0139089 0.0102081 -0.00659954 0.00129252 -0.0105152 -0.00252132 0.000278422 0.00562753 0.0142727 0.0107636 0.0121432 0.00199609 -0.0146248 -0.0120062 0.0133265 0.00887974 0.00991255 0.00649789 -0.0100697 -0.0133616 -0.00967611 -0.0148927 -0.00652695 0.0145421 0.00659889 0.0146038 0.00990499 0.0128186 0.00987342 0.00991684 0.0125926 -0.0128991 0.014176 -0.0114966 0.0113302 0.0146901 0.0138986 0.0114661 -0.0126104 -0.0100204 0.0135438 0.0141536 0.0146481 0.0141634 0.014774
internal_weight=7006 3794 3265 529 240 436 3212 3025 299 255 254 180 163 52 2726 245 129 44 128 82 43 74 2481 178 201 51 3130 292 146 182 160 71 86 259 74 2838 50 2303 54 2283 42 222 71 48 89 102 151 44 42 2241 576 137 52 49 106 147 439 77 418
internal_count=7006 3794 3265 529 240 436 3212 3025 299 255 254 180 163 52 2726 245 129 44 128 82 43 74 2481 178 201 51 3130 292 146 182 160 71 86 259 74 2838 50 2303 54 2283 42 222 71 48 89 102 151 44 42 2241 576 137 52 49 106 147 439 77 418
is_linear=0
shrinkage=0.03


Tree=14
num_leaves=59
num_cat=0
split_feature=4 57 4 56 56 4 55 4 6 56 6 45 13 59 34 58 58 2 57 6 26 55 57 34 46 4 62 56 62 32 13 18 16 21 59 62 55 60 21 55 34 44 34 25 1 43 55 4 24 22 55 62 19 19 19 43 7 12
split_gain=1194.72 89.5746 51.1201 32.5244 13.6872 13.5909 11.2147 8.45227 12.9245 7.01995 6.66481 5.37151 6.5269 5.12806 4.9895 4.82775 4.50642 5.45272 4.1894 4.13034 3.94981 2.67906 2.36741 2.34957 3.30732 2.22901 4.67296 2.1211 1.44302 1.50275 1.36488 1.28329 1.2302 1.93086 1.33416 1.39411 1.20624 1.13975 1.07181 2.06608 1.04365 1.38534 1.01697 0.858984 0.395529 0.384877 0.332678 3.20249 0.276367 0.270523 0.256927 0.268577 0.225554 0.0982802 0.195255 0.422809 0.0528367 0.0192523
threshold=10.500000000000002 1929.5000000000002 20.500000000000004 49.500000000000007 1995.5000000000002 21.500000000000004 5713.5000000000009 11.500000000000002 3.5000000000000004 3564.5000000000005 8.5000000000000018 33365.500000000007 96573.000000000015 4482.5000000000009 0.68909867002575009 3907.0833333333335 2831.4583333333339 87.618035000000006 6319.0000000000009 8.5000000000000018 84.141737916666685 5234.5000000000009 27.500000000000004 1.2776981883233456 29327.958333333339 9.5000000000000018 2536.2500000000005 894.00000000000011 2134.666666666667 54.446198787604978 92571.000000000015 13.125000000000002 -489.49999999999994 1.4999849032782728 3149.0000000000005 1521.0000000000002 894.00000000000011 1971.5000000000002 1.7595590997074488 3162.5000000000005 0.55290988850446621 29393.500000000004 1.6120772149681069 84.23362250000001 19.875000000000004 32475.500000000004 5234.5000000000009 20.500000000000004 51.345223000000011 0.09999999999999977 6756.5000000000009 2227.5000000000005 0.27500000000000008 12.175000000000002 10.275000000000002 29314.000000000004 23.500000000000004 83802.500000000015
decision_type=2 2 2 2 2 2 2 2 2 2 2 2 2 2 2 2 2 2 2 2 2 2 2 2 2 2 2 2 2 2 2 2 2 2 2 2 2 2 2 2 2 2 2 2 2 2 2 2 2 2 2 2 2 2 2 2 2 2
left_child=4 2 3 7 25 11 13 8 56 30 31 38 -13 23 36 19 17 32 -12 -10 -19 -6 43 24 -7 27 28 -1 -27 -30 -4 -8 -5 -34 35 -35 -14 -32 39 -3 52 -42 -29 -9 -31 -43 47 48 -40 -38 51 -33 -18 54 57 -56 -2 -50
right_child=1 5 9 16 21 6 10 22 15 -11 18 12 14 -15 -16 -17 40 20 -20 -21 -22 -23 -24 -25 -26 26 -28 42 29 44 37 50 33 34 -36 -37 49 -39 46 -41 41 45 -44 -45 -46 -47 -48 -49 53 -51 -52 -53 -54 -55 55 -57 -58 -59
leaf_value=-6.4434940585361984 -6.2882376705820828 17.155193378535042 -1.4796505313428303 100.32135910052645 -2.8472750102401228 -2.8516815733917875 29.600983021402431 21.577708714049656 5.044613681857312 17.83654482796911 -1.7750146828339477 -2.3846860711688973 12.510378128290641 13.273565065791084 -1.0983538147633953 15.003373251988696 96.682197199472014 -4.0650039268015368 35.248313896641882 -4.5207004198406473 21.853217097666555 1.5198516408940099 -0.30688446053036927 -3.8844669343031302 8.8135573168466479 -6.4534927472432368 -1.7295243135262 -2.2957874809338459 -3.7322743547284039 -6.2426772673122981 -6.0766445057538228 30.209135234751937 1.1401106836379016 51.485039117564838 82.665962330278603 9.1201840067995512 30.942326480166038 -6.4527399795303291 54.727531990465927 135.91992185555409 18.440715601518708 34.821596882297357 -5.4796319576948402 18.361047238180308 -3.1984010178880911 14.522515227942637 173.55915629583066 7.9520644817432133 100.27934487303467 117.181059962106 68.029987227579198 20.609269894425751 84.942556121660957 113.31490404496877 72.183104705542434 46.195834355189163 -5.4751091259573457 103.43888317753209
leaf_weight=2789 68 34 23 42 24 26 39 20 37 20 30 29 21 27 24 20 23 36 20 36 28 33 28 28 32 185 33 37 23 31 25 28 27 20 41 27 20 131 20 66 25 35 37 28 20 21 1525 22 25 140 165 20 176 362 21 23 20 90
leaf_count=2789 68 34 23 42 24 26 39 20 37 20 30 29 21 27 24 20 23 36 20 36 28 33 28 28 32 185 33 37 23 31 25 28 27 20 41 27 20 131 20 66 25 35 37 28 20 21 1525 22 25 140 165 20 176 362 21 23 20 90
internal_value=-0.000843122 0.0105551 0.00261415 0.00616937 -0.0143075 0.0132325 0.00819562 -0.00249708 -0.00602982 -0.0109091 0.0112115 0.014094 0.00972661 0.000106101 0.0116138 0.00174006 0.0106206 0.00738128 0.00113772 -0.00180575 0 0.000210158 0.00587385 -0.00344948 0 -0.0145707 -0.0120062 -0.0148308 -0.0133616 -0.00967611 -0.0127973 0.0131971 0.0103883 0.00870547 0.0108627 0.00726115 0.0133186 -0.0138181 0.0145592 0.0113586 0.0131632 0.0101356 -0.00967611 0.00991684 -0.0125636 0.0127807 0.0147105 0.0139798 0.0144373 0.0142224 0.0141342 0.0117879 0.0143747 0.0145884 0.0136518 0.0114966 -0.0142679 0.0144396
internal_weight=7006 3794 957 758 3212 2837 415 257 181 199 302 2422 234 113 205 93 501 221 50 73 64 57 76 86 58 3155 292 2863 259 74 179 252 157 115 88 47 181 156 2188 100 280 81 74 48 51 56 2088 563 541 160 213 48 199 521 159 44 88 115
internal_count=7006 3794 957 758 3212 2837 415 257 181 199 302 2422 234 113 205 93 501 221 50 73 64 57 76 86 58 3155 292 2863 259 74 179 252 157 115 88 47 181 156 2188 100 280 81 74 48 51 56 2088 563 541 160 213 48 199 521 159 44 88 115
is_linear=0
shrinkage=0.03


Tree=15
num_leaves=63
num_cat=0
split_feature=56 16 34 55 9 56 55 9 16 56 9 55 59 34 34 21 62 3 3 15 65 57 59 56 22 60 20 51 27 16 58 55 53 62 28 53 29 3 16 21 16 20 0 12 18 66 30 56 19 49 16 9 56 24 60 34 28 33 55 59 58 16
split_gain=1100.77 71.1366 46.2108 30.708 23.8564 19.6679 13.9372 32.717 12.1477 8.26094 13.0661 8.24922 8.06629 6.52087 5.65219 5.42398 5.3777 4.61007 4.37684 4.29407 3.8742 3.71033 5.06213 3.01151 8.73063 2.94072 2.93879 2.64983 2.52384 2.24491 2.35724 2.07013 1.97358 1.71134 2.68827 1.6489 1.54698 1.80018 1.32489 1.2479 1.22615 1.22254 1.0868 1.02776 1.02722 1.20524 1.0233 0.856284 0.82153 0.678193 0.659134 0.797604 1.3924 0.837017 0.651203 0.599152 1.25103 0.351727 0.290798 0.288219 0.0711732 0.840855
threshold=894.00000000000011 2511.0000000000005 1.3116587660100729 7009.0000000000009 1.0000000180025095e-35 35.500000000000007 5168.5000000000009 1.0000000180025095e-35 381.50000000000006 301.00000000000006 1.0000000180025095e-35 3236.0000000000005 2586.5000000000005 2.9754201011495671 -0.046228949333528384 2.0333975395169186 2352.854166666667 51.306740576305444 54.850882887289664 9717.0970897872048 5390.5000000000009 32.500000000000007 1935.5000000000002 157.50000000000003 -0.30000000000000043 750.50000000000011 13.68125 1473.5000000000002 7.4325243689368135 3240.5000000000005 3290.9375000000005 4670.0000000000009 1347.5000000000002 1414.9375000000002 0.14549149999999858 1169.5000000000002 61.327146405491554 56.753764033908858 5561.5000000000009 1.432916286544663 1573.5000000000002 1.8072916666666667 71609.000000000015 108916.00000000001 11.475000000000001 4539.479166666667 55.72024326369413 3971.5000000000005 15.825000000000001 346.50000000000006 1377.0000000000002 1.0000000180025095e-35 32.500000000000007 85.285190000000014 3494.0000000000005 1.1639465537460192 1.0002130000000025 3.2098584102792183 7676.5000000000009 5945.5000000000009 4924.3125000000009 -1389.4999999999998
decision_type=2 2 2 2 2 2 2 2 2 2 2 2 2 2 2 2 2 2 2 2 2 2 2 2 2 2 2 2 2 2 2 2 2 2 2 2 2 2 2 2 2 2 2 2 2 2 2 2 2 2 2 2 2 2 2 2 2 2 2 2 2 2
left_child=1 8 6 16 -3 12 7 11 23 17 -11 41 26 33 39 20 18 -10 -4 42 28 22 -7 60 -25 40 38 46 -16 -28 -31 -29 -26 34 -5 36 37 -23 -6 43 -21 -2 -19 -9 45 -17 -13 57 -43 -37 -44 -52 53 -53 -41 59 -57 -20 -35 -8 -1 -62
right_child=2 4 3 13 5 21 55 14 9 10 -12 27 -14 -15 15 44 -18 19 47 25 -22 35 -24 24 32 -27 29 31 -30 30 -32 -33 -34 58 -36 49 -38 -39 -40 54 -42 48 50 -45 -46 -47 -48 -49 -50 -51 51 52 -54 -55 -56 56 -58 -59 -60 -61 61 -63
leaf_value=-6.2501892367801126 -7.9815846225888141 -6.0448364960702881 -0.0078494745632627875 199.53938872785005 -6.5664554986604626 -6.1739904538994148 155.01938872785007 28.253273963856927 -4.0508713207019467 -6.2741995540336379 70.036704925088671 2.4144766304177732 9.1983495159671556 -1.1908931764189139 21.060495009064315 17.595467485041326 2.9931789986811985 -6.2183892367801121 -4.8579008484650483 -4.8453594482341753 30.279711534958679 23.958928631938978 31.80871746434881 -6.0386638217631914 27.469583291471398 0.40854637315246406 -6.2922401697084265 -1.4800439131684491 -4.9228362379843338 -3.419080533387215 5.6946272363787758 6.5877489603944257 -5.7931733272998196 10.858166417521691 1.3357743851091197 37.957952080116655 31.077770450036741 -3.0315714318002085 -4.092795260612891 109.27985357537594 -5.2352974791104776 -2.2276513591991853 -6.2452849347084278 90.576311066093226 54.710989241855032 43.523983003447213 14.398098126426664 -2.6160546626314316 -4.1665340596750893 28.955552896349534 -6.2501892367801126 -6.2802816818524301 -2.8989116229842415 -5.9196972676336141 105.14224945602145 151.47938872785008 22.973618124383474 -4.6741411176421233 83.769388727850085 27.100307193572551 -6.070189236780112 -6.1301892367801125
leaf_weight=2340 23 100 39 23 58 24 1735 23 39 32 36 22 29 28 20 20 39 21 69 35 23 20 20 120 23 28 33 38 33 30 22 30 20 20 25 65 22 25 30 597 31 20 205 24 73 21 29 21 28 24 65 51 25 39 29 54 23 23 107 22 91 22
leaf_count=2340 23 100 39 23 58 24 1735 23 39 32 36 22 29 28 20 20 39 21 69 35 23 20 20 120 23 28 33 38 33 30 22 30 20 20 25 65 22 25 30 597 31 20 205 24 73 21 29 21 28 24 65 51 25 39 29 54 23 23 107 22 91 22
internal_value=-0.000898788 -0.0120593 0.0117711 0.00212383 -0.0015475 0.00170853 0.0130865 0.0103238 -0.0136955 -0.0098534 0 -0.000931089 -0.00488372 0.0102511 0.012805 0.00819043 -0.00649922 -0.0110963 -0.00905325 -0.0118716 0.00193167 0.00838081 0.000612245 -0.0145855 -0.0105579 -0.0060255 -0.00734835 0.00387909 -0.00248588 -0.00331375 0.000518234 0 0.000974478 0.0124043 0.00742204 0.0105509 0.00688525 0.00359202 -0.0112032 0.0141019 -0.00948563 -0.00902954 -0.013216 0.00917197 0.0123313 0.00832117 0.0090411 -0.0120424 -0.00617464 0.013266 -0.0135861 -0.0121433 -0.01053 -0.0122863 0.0144657 0.0146704 0.0118288 -0.0133225 0.0142565 0.0147926 -0.0148514 -0.013634
internal_weight=7006 3725 3281 394 502 402 2887 1053 3223 607 68 190 202 203 863 190 191 539 152 500 76 200 44 2616 163 94 173 119 53 85 52 68 43 175 48 156 67 45 88 673 66 71 406 47 114 41 51 113 48 89 385 180 115 90 626 1834 77 92 127 1757 2453 113
internal_count=7006 3725 3281 394 502 402 2887 1053 3223 607 68 190 202 203 863 190 191 539 152 500 76 200 44 2616 163 94 173 119 53 85 52 68 43 175 48 156 67 45 88 673 66 71 406 47 114 41 51 113 48 89 385 180 115 90 626 1834 77 92 127 1757 2453 113
is_linear=0
shrinkage=0.03


Tree=16
num_leaves=63
num_cat=0
split_feature=4 57 4 56 4 6 56 4 6 56 45 13 57 6 34 2 6 43 34 15 2 56 4 59 6 16 66 57 22 16 15 59 49 3 53 20 43 43 31 56 17 34 48 50 66 61 56 60 25 57 34 2 22 34 12 66 34 2 65 4 43 23
split_gain=1163.97 89.6405 47.3661 28.5685 19.0951 15.3823 12.8013 9.26451 13.4795 7.52027 6.78431 6.82555 6.23189 5.9083 5.41703 4.5311 4.27888 3.85494 3.67163 3.40364 5.41763 2.86276 2.43484 2.44292 4.09956 2.20701 2.08532 1.99387 1.80945 2.52917 1.78426 2.61066 1.64459 1.53909 1.47098 2.43198 1.40996 1.28349 1.25074 1.17081 1.13529 1.12645 1.66311 1.05144 2.17922 1.02993 0.972844 0.862549 0.807056 0.570951 0.913712 1.4552 1.11729 0.479237 0.300919 0.265767 0.375221 0.235739 0.204275 0.157464 0.643717 0.698439
threshold=10.500000000000002 1707.0000000000002 20.500000000000004 49.500000000000007 21.500000000000004 8.5000000000000018 1610.5000000000002 11.500000000000002 3.5000000000000004 3564.5000000000005 33365.500000000007 96573.000000000015 6478.5000000000009 4.5000000000000009 0.68909867002575009 58.789800500000005 8.5000000000000018 30373.500000000004 -0.1002210278958806 7834.607300400995 87.756915000000006 3077.5000000000005 9.5000000000000018 1059.5000000000002 5.5000000000000009 4875.0000000000009 5175.0416666666679 35.500000000000007 0.49999999999999989 4217.5000000000009 14696.725082384082 606.50000000000011 226.50000000000003 54.57058211229846 701.50000000000011 -4.9802083333333327 29585.500000000004 31569.500000000004 66.371568189822042 894.00000000000011 26.125000000000004 0.61804997696099317 226.50000000000003 118.27083333333336 6895.8958333333348 2286.0000000000005 258.00000000000006 1850.0000000000002 84.23362250000001 5338.5000000000009 0.17850301262745208 62.882134000000008 0.64999999999999936 1.6120772149681069 91431.000000000015 2619.479166666667 -0.65407940173230716 84.492245000000011 547.50000000000011 20.500000000000004 29223.500000000004 53.748125000000009
decision_type=2 2 2 2 2 2 2 2 2 2 2 2 2 2 2 2 2 2 2 2 2 2 2 2 2 2 2 2 2 2 2 2 2 2 2 2 2 2 2 2 2 2 2 2 2 2 2 2 2 2 2 2 2 2 2 2 2 2 2 2 2 2
left_child=6 2 3 7 10 13 22 8 -2 47 43 -12 40 15 34 26 25 -18 46 20 28 37 39 30 33 -10 -6 48 29 -20 -24 -32 -22 -25 35 -13 -15 -8 58 -1 -7 -21 -43 44 -3 -17 -5 -4 -9 50 -45 -52 -53 -41 -49 56 -48 -36 -38 -51 61 -61
right_child=1 4 9 18 5 12 21 27 16 -11 11 14 -14 36 -16 45 17 -19 19 41 32 -23 23 24 -26 -27 -28 -29 -30 -31 31 -33 -34 -35 57 -37 38 -39 -40 53 -42 42 -44 49 -46 -47 55 54 -50 59 51 52 -54 -55 -56 -57 -58 -59 -60 60 -62 -63
leaf_value=-6.0626835596767092 -5.9000169036921957 96.68339321318723 -4.9132653755222826 8.7208739101767296 29.236347335131029 -4.4132686008837725 -4.7105033167004011 20.835885884233427 14.031234662553823 14.844429699984746 -2.815739924600714 109.97103139003228 27.79870129831027 23.44742154302946 -0.95276521725268815 0.1615792276817683 -5.1148028572933626 0.80257647926503972 0.71298553048900082 41.35838312481912 -6.3009541785073724 1.8021117954923556 -6.0422206834572192 -2.8296425268992271 1.2883651760821764 0.060567235208604867 5.30320966300392 -1.2966055807695351 48.128748061357975 32.547345075625707 -5.4102670762610288 -0.96443331827015055 1.9191101096543173 -6.3216802899412023 111.68051801621176 -0.12878404315938838 57.215160808014083 -0.36257011517899512 13.601947394602552 -3.0388531192021699 -1.3709345379133742 22.356593807059312 3.8098255401652952 122.39833857351458 9.9257099566438782 -2.7132784558115683 109.76249917059954 -2.2522245175569546 13.282031963959279 161.82540616610817 107.96799928102389 12.361452925650507 48.154915998574559 -5.370383087511204 -6.1030974292957927 115.66557086037493 64.499985262596311 27.389775875197429 41.724117868957322 85.733807066014577 102.31813445747827 30.670038383984046
leaf_weight=2789 88 46 20 23 38 36 21 24 30 20 29 20 21 31 24 21 20 23 38 53 20 22 171 20 20 20 29 22 46 29 23 20 26 38 122 20 21 39 20 21 23 39 24 346 22 20 20 20 30 1500 58 24 32 28 126 127 24 21 168 26 144 20
leaf_count=2789 88 46 20 23 38 36 21 24 30 20 29 20 21 31 24 21 20 23 38 53 20 22 171 20 20 20 29 22 46 29 23 20 26 38 122 20 21 39 20 21 23 39 24 346 22 20 20 20 30 1500 58 24 32 28 126 127 24 21 168 26 144 20
internal_value=-0.000980146 0.0102704 0.00206885 0.0055323 0.0128646 0.0070007 -0.0142701 -0.00249708 -0.00619547 -0.0114293 0.0138857 0.00900889 -0.00483146 0.00972996 0.0109223 0.00385754 0.00174006 -0.00515081 0.00993818 0.00767721 0.00478944 -0.00252132 -0.0145769 -0.0119035 -0.00725992 0.00772455 0.00867362 0.00626807 0.00832891 0.00509687 -0.0135778 -0.00793503 -0.00383948 -0.0113081 0.0126816 0.00740648 0.0123574 -0.0059401 0.0132568 -0.0148504 -0.00984772 0.0116021 0.00874802 0.0144029 0.0105286 -0.00394161 0.0131221 -0.013528 0.00937153 0.0145235 0.0134905 0.0110167 0.00743316 -0.0100204 -0.0143532 0.0139217 0.0114966 0.01413 0.0140243 0.0148021 0.0137138 0.0103471
internal_weight=7006 3794 912 726 2882 428 3212 257 181 186 2454 236 80 348 207 108 93 43 469 275 159 82 3130 292 78 50 67 76 113 67 214 43 46 58 183 40 240 60 209 2838 59 116 63 2218 68 41 194 166 54 2150 460 114 56 49 146 171 44 143 189 1690 190 46
internal_count=7006 3794 912 726 2882 428 3212 257 181 186 2454 236 80 348 207 108 93 43 469 275 159 82 3130 292 78 50 67 76 113 67 214 43 46 58 183 40 240 60 209 2838 59 116 63 2218 68 41 194 166 54 2150 460 114 56 49 146 171 44 143 189 1690 190 46
is_linear=0
shrinkage=0.03


Tree=17
num_leaves=63
num_cat=0
split_feature=4 57 4 4 59 58 34 55 4 6 55 24 6 57 62 58 58 22 43 34 3 22 23 37 4 62 45 57 32 63 4 62 3 34 28 22 22 43 2 34 65 63 57 61 34 55 4 28 55 34 58 1 22 16 15 28 58 57 55 61 2 16
split_gain=1154.85 92.0026 35.5054 24.8975 19.3617 14.0149 18.6766 13.5075 11.0511 22.8394 8.95802 14.0023 8.90602 6.51127 6.44537 6.19132 5.46308 4.44789 4.42236 4.16069 4.00723 3.3494 2.737 2.52133 2.41735 4.97259 2.22246 2.09497 2.00998 2.85762 1.57922 1.50174 1.60874 1.36164 1.23728 2.20523 1.11319 0.994789 0.918771 0.802006 0.957372 0.840389 0.792757 1.17483 0.519138 1.27542 0.980446 0.518089 1.20646 0.392702 0.481754 0.388826 0.204118 0.188647 0.188545 0.158284 0.146207 0.374585 0.106178 0.10057 0.0608382 0.053992
threshold=10.500000000000002 238.50000000000003 22.500000000000004 19.500000000000004 4632.0000000000009 2726.9375000000005 0.84992634309178083 4670.0000000000009 11.500000000000002 3.5000000000000004 2823.5000000000005 54.67879150000001 8.5000000000000018 3245.5000000000005 2129.5000000000005 4186.3958333333348 2839.4583333333339 1.0000000180025095e-35 30373.500000000004 -0.068590467254981732 53.590704221118024 0.750000000000001 93.138065000000012 17770.000000000004 9.5000000000000018 2529.3125000000005 32694.500000000004 1772.5000000000002 60.28689153089308 3983.5000000000005 21.500000000000004 2134.666666666667 55.629127290535585 1.6120772149681069 7.8707664999999993 -1.4499999999999995 0.20000000000000065 32126.000000000004 67.597910000000013 -0.7678631906358645 5315.5000000000009 2743.5000000000005 34.500000000000007 2664.5000000000005 -0.091421741823594957 5307.0000000000009 19.500000000000004 0.017657499999998553 173.50000000000003 1.2776981883233456 3751.4166666666674 19.775000000000002 -0.94999999999999973 -1419.4999999999998 4308.5784205489717 -1.0178224999999974 3171.5833333333335 6950.5000000000009 2438.5000000000005 4675.5000000000009 60.429210500000003 4459.0000000000009
decision_type=2 2 2 2 2 2 2 2 2 2 2 2 2 2 2 2 2 2 2 2 2 2 2 2 2 2 2 2 2 2 2 2 2 2 2 2 2 2 2 2 2 2 2 2 2 2 2 2 2 2 2 2 2 2 2 2 2 2 2 2 2 2
left_child=7 3 5 8 15 6 10 24 9 61 11 -3 16 23 -9 20 -11 -15 -14 39 -4 26 28 -8 27 31 -21 58 42 -30 44 -26 -33 38 47 -36 -18 -16 -22 55 41 -41 54 -44 -12 46 -46 -7 -49 56 -51 -34 -35 -6 -10 -13 57 -50 -1 -60 -5 -2
right_child=1 2 4 60 53 34 13 14 22 12 30 19 18 17 37 -17 36 -19 -20 21 33 -23 -24 -25 25 -27 -28 -29 29 -31 -32 32 51 52 35 -37 -38 -39 -40 40 -42 -43 43 -45 45 -47 -48 48 49 50 -52 -53 -54 -55 -56 -57 -58 -59 59 -61 -62 -63
leaf_value=-5.8808030528864075 -5.7283915786501591 -6.2484237485400023 2.0323015304803151 -6.122619034526215 11.230124495188914 158.99728464109225 -1.602796695795522 -4.328821088369228 48.677341668024788 -0.60208848693339767 111.63693406556068 96.645414337065702 -5.251295706371188 -1.1256677536703386 0.19681426096468016 9.8853667337189091 16.846946582183964 37.669933005125785 0.77849918488708847 14.684310980801062 -0.70639895746714787 36.572446436147388 -3.3944775358948154 -6.385824024252531 -5.8965689342334473 -1.7285459305974529 -1.7323898506224475 -3.2467573641620748 22.921480242576173 -1.1084725178445691 13.140794907974859 -1.7086727937386985 -5.7746847868095044 -4.7253970660704168 96.981563275922838 16.661496630245388 41.398967865630851 4.2500497084789668 -2.9291718586468551 51.851941795719128 46.382552993558768 27.006545091722856 52.050195217621123 16.145205514364971 63.493811285956745 72.765466798923569 9.7971974955986862 19.666038049964509 65.22905994961657 23.1617153836455 71.619087271945347 -2.8402902529522231 -3.5887532474646244 31.565533375909435 50.965671478317489 89.269274401233545 125.50404488103135 83.915764325824313 -5.5563162057166444 -5.5377765999723083 -5.8625021714372556 -5.1644629553428132
leaf_weight=2706 70 28 35 20 32 1568 22 35 21 32 348 76 26 39 22 27 68 33 23 38 20 34 20 29 185 35 29 29 35 24 37 22 30 40 30 21 21 21 21 21 24 30 20 23 36 136 26 27 20 35 25 20 20 45 42 26 239 28 51 56 84 20
leaf_count=2706 70 28 35 20 32 1568 22 35 21 32 348 76 26 39 22 27 68 33 23 38 20 34 20 29 185 35 29 29 35 24 37 22 30 40 30 21 21 21 21 21 24 30 20 23 36 136 26 27 20 35 25 20 20 45 42 26 239 28 51 56 84 20
internal_value=-0.00102297 0.0101834 0.012105 -0.00116919 0.000987089 0.0129919 0.0101047 -0.0142608 0.00191418 -0.00206459 0.0116207 0.00743875 0.00439153 -0.000828595 -0.0018822 -0.00485592 0.00876961 0.00495146 -0.00635438 0.0094822 -0.00747245 0.00456973 0.00752026 -0.0090411 -0.0145678 -0.0119035 0.000625931 -0.0148401 0.00879467 0.00426396 0.013809 -0.0133489 -0.00952843 -0.0105045 0.0144559 0.00962818 0.0125926 0.00584687 -0.00613139 0.0122643 0.009747 0.00727984 0.0112818 0.00793503 0.0142227 0.0128571 0.00913043 0.0145806 0.0134643 0.0139499 0.0114309 -0.012515 -0.0134276 0.0133852 0.0135024 0.0140744 0.0144619 0.0124116 -0.0149237 -0.0135574 -0.0143804 -0.0142841
internal_weight=7006 3794 3245 549 240 3005 1012 3212 445 260 889 306 170 123 78 163 121 72 49 278 136 101 185 51 3134 292 67 2842 165 59 583 257 72 101 1993 51 89 43 41 177 75 51 106 43 546 198 62 1942 374 347 60 50 60 77 63 102 287 48 2813 107 104 90
internal_count=7006 3794 3245 549 240 3005 1012 3212 445 260 889 306 170 123 78 163 121 72 49 278 136 101 185 51 3134 292 67 2842 165 59 583 257 72 101 1993 51 89 43 41 177 75 51 106 43 546 198 62 1942 374 347 60 50 60 77 63 102 287 48 2813 107 104 90
is_linear=0
shrinkage=0.03


Tree=18
num_leaves=63
num_cat=0
split_feature=4 56 4 56 4 55 56 34 4 6 55 4 21 3 59 58 34 62 44 34 17 13 2 34 58 62 4 62 55 35 48 46 59 43 65 59 21 25 55 62 3 1 56 53 34 3 58 56 31 55 34 7 1 55 34 33 34 62 44 55 63 58
split_gain=1138.21 93.0497 45.7951 28.5277 16.1172 18.0815 14.3936 9.48198 8.06896 11.9094 6.84542 14.1196 5.65266 5.4629 5.33709 5.31228 4.41848 3.5397 3.16343 3.11427 3.09009 2.98907 2.93945 2.86213 5.08325 2.62017 2.61617 5.71145 2.61333 2.49359 2.39278 2.31948 1.99449 1.98661 1.96548 1.92227 1.80589 1.64833 1.57572 1.50174 1.60874 1.39242 1.17081 1.13813 1.0879 0.814631 0.727676 2.20472 0.479667 0.613259 0.479237 0.389945 0.388826 0.3142 0.548426 0.28408 0.620064 0.220102 0.181063 0.11882 0.0799349 0.407881
threshold=10.500000000000002 1919.5000000000002 20.500000000000004 49.500000000000007 20.500000000000004 5360.5000000000009 1610.5000000000002 2.1559015562918522 11.500000000000002 3.5000000000000004 2522.0000000000005 16.500000000000004 1.8120814103916507 55.767438162531583 4482.5000000000009 3907.0833333333335 -0.084845361514982884 1694.8958333333335 32212.500000000004 0.61804997696099317 7.8250000000000002 93742.000000000015 51.642525000000006 0.99232538737182463 3627.7916666666674 1432.0625000000002 9.5000000000000018 2529.3125000000005 593.00000000000011 19026.000000000004 227.50000000000003 29327.958333333339 847.50000000000011 30373.500000000004 4244.5000000000009 1638.5000000000002 1.432916286544663 91.760100000000008 5827.0000000000009 2134.666666666667 55.629127290535585 19.425000000000001 894.00000000000011 637.50000000000011 0.51470149018027567 57.587427264699294 1588.229166666667 5630.0000000000009 64.79318542647114 3.5000000000000004 1.6120772149681069 15.500000000000002 19.775000000000002 7478.5000000000009 0.76574030376264457 1.7501460485120501 -0.67632489833769671 1824.0625000000002 30233.000000000004 3298.5000000000005 6914.0000000000009 2236.6458333333335
decision_type=2 2 2 2 2 2 2 2 2 2 2 2 2 2 2 2 2 2 2 2 2 2 2 2 2 2 2 2 2 2 2 2 2 2 2 2 2 2 2 2 2 2 2 2 2 2 2 2 2 2 2 2 2 2 2 2 2 2 2 2 2 2
left_child=6 2 3 8 10 14 26 23 9 -2 11 16 35 22 20 17 36 33 38 43 -6 -4 -9 53 25 -25 42 39 -18 45 37 34 -23 -11 -22 -5 -3 51 -8 -28 -41 -27 59 -14 -33 -10 47 -12 49 -45 -44 -21 -42 54 58 56 -38 -26 -7 -1 -48 -62
right_child=1 4 21 12 5 7 18 13 29 15 46 -13 19 -15 -16 -17 28 -19 -20 30 31 32 -24 24 57 41 27 -29 -30 -31 -32 44 -34 -35 -36 -37 55 -39 -40 40 52 -43 50 48 -46 -47 60 -49 -50 -51 -52 -53 -54 -55 -56 -57 -58 -59 -60 -61 61 -63
leaf_value=-5.704378961299815 -5.5511646492219242 22.860354393857559 -1.851269464420791 -2.7818579899981932 -7.4693628667682566 38.928700720436829 -3.7689350930794387 40.651648958226069 26.180877226905764 -4.5497933356040319 96.885714339466006 -4.3243484896854536 32.993108473129531 -2.1933960982913678 12.136578213973646 13.772287400533925 -1.0558959305733993 6.1205032507347443 1.6359894485864424 29.508617027681677 -5.0768995380948665 -3.651890820049251 -0.25808274748935789 -2.5944180904581766 32.93488776391181 20.997792884176427 -5.7196718662064434 -1.6766895526795287 17.182555490626449 -0.52883042917962486 0.22024768540353931 8.7878545789484122 -5.7571013895381604 -0.18425308767747964 -0.39319599832577434 19.076056908465574 96.898717891979871 12.042066972536576 -0.072107502751028105 -1.6574126099265378 -5.6014442432052185 24.144531927481168 -2.7809980394546061 49.835733034572549 -0.66308303817168956 18.397287950839122 154.86585179284862 5.8524767011969541 48.680125075993907 57.430686425105314 -5.128879065714588 24.71458444247617 -2.7550815453636566 98.843708021511205 13.439340634951403 103.23558161853813 36.678661132451097 52.223434051957163 33.216108888147069 -5.2280323662250039 77.681358776956742 132.12617820403455
leaf_weight=2750 88 21 34 29 24 23 30 23 20 30 64 31 24 28 22 20 34 21 32 30 20 20 21 24 33 23 185 35 36 37 34 22 133 22 20 31 26 25 20 22 30 24 21 25 24 20 1578 20 25 205 28 27 20 212 22 228 20 65 57 39 48 101
leaf_count=2750 88 21 34 29 24 23 30 23 20 30 64 31 24 28 22 20 34 21 32 30 20 20 21 24 33 23 185 35 36 37 34 22 133 22 20 31 26 25 20 22 30 24 21 25 24 20 1578 20 25 205 28 27 20 212 22 228 20 65 57 39 48 101
internal_value=-0.00110004 0.0100253 0.00159649 0.00506521 0.0126454 0.00861883 -0.0142421 0.0109926 -0.00289423 -0.00636113 0.013897 0.0102929 0.00958471 0.000790569 -0.00133989 0.0010956 0.0119474 -0.00262654 -0.0017905 0.0108884 -0.00405995 -0.0116088 0.00741497 0.0125067 0.00929627 0.00312236 -0.0145673 -0.0118008 0.00509272 0.00521401 0.00669251 -0.00135889 -0.013403 -0.00685221 -0.00665835 0.000948419 0.0135615 0.00946407 -0.00652695 -0.0133489 -0.00952843 0.00726115 -0.0148504 0.0126191 0.00318872 0.010399 0.0146828 0.011736 0.0132183 0.0136767 -0.0100204 0.0122942 -0.012515 0.0142216 0.0126053 0.0142174 0.0116486 0.0137309 0.0138202 -0.0149338 0.0148237 0.0137626
internal_weight=7006 3794 900 713 2894 687 3212 555 258 181 2207 396 455 72 132 93 365 73 82 395 110 187 44 483 169 71 3130 292 70 77 116 86 153 52 40 60 295 82 50 257 72 47 2838 279 46 40 1811 84 255 230 49 57 50 314 102 274 46 98 80 2789 1727 149
internal_count=7006 3794 900 713 2894 687 3212 555 258 181 2207 396 455 72 132 93 365 73 82 395 110 187 44 483 169 71 3130 292 70 77 116 86 153 52 40 60 295 82 50 257 72 47 2838 279 46 40 1811 84 255 230 49 57 50 314 102 274 46 98 80 2789 1727 149
is_linear=0
shrinkage=0.03


Tree=19
num_leaves=63
num_cat=0
split_feature=56 10 22 56 56 20 34 58 10 55 13 16 34 34 44 9 43 55 10 53 10 62 58 45 55 34 60 62 34 58 59 21 55 43 24 22 56 38 55 58 44 45 55 32 67 34 58 55 20 55 55 21 0 10 59 24 3 33 45 27 2 28
split_gain=1064.04 144.702 45.1398 28.4936 19.322 10.9334 14.8971 6.50437 8.51117 6.43227 6.26364 5.87569 5.74695 5.21355 3.96578 4.07771 4.27878 3.68758 6.8206 3.64965 3.62434 5.30287 4.86958 3.34181 3.22705 9.58051 5.16662 2.77862 2.73904 2.62738 3.59744 2.87223 2.47304 2.423 2.27704 2.08255 1.94074 2.09703 1.93516 4.92874 1.85583 1.68519 1.64039 1.46533 1.19004 1.17824 1.91218 2.39788 1.56733 1.13602 1.07876 1.00702 0.877451 0.830677 0.679279 0.602965 0.584858 0.575538 0.482103 0.333221 0.315497 0.284521
threshold=942.50000000000011 0.87900005428953576 -0.29999999999999932 3713.5000000000005 40.500000000000007 1.4343750000000004 -0.084845361514982884 3290.9375000000005 0.96386255839173451 6948.5000000000009 88482.500000000015 -951.49999999999989 1.0701274507413994 2.0092613823225602 32539.500000000004 1.0000000180025095e-35 33067.500000000007 4473.0000000000009 0.56392291514228221 1135.5000000000002 0.74305326206722599 2118.6666666666674 4406.0208333333348 32610.500000000004 5034.5000000000009 0.29416207820783319 1370.5000000000002 1432.0625000000002 0.76574030376264457 3290.9375000000005 2967.5000000000005 2.072036035648948 8.5000000000000018 33571.500000000007 67.609308000000013 -0.9250000000000006 1995.5000000000002 14555.16666666667 2438.5000000000005 1728.6458333333335 32539.500000000004 32433.500000000004 1384.5000000000002 56.817450221900089 93780.000000000015 -0.77940160944810077 2961.5833333333339 1663.5000000000002 15.434375000000005 6683.0000000000009 8.5000000000000018 3.6220477497083228 75919.500000000015 0.96386255839173451 5726.5000000000009 65.536462000000014 61.645634194576935 2.0743084684982653 29272.500000000004 12.755070817789308 91.171940000000021 -1.7885574999999958
decision_type=2 2 2 2 2 2 2 2 2 2 2 2 2 2 2 2 2 2 2 2 2 2 2 2 2 2 2 2 2 2 2 2 2 2 2 2 2 2 2 2 2 2 2 2 2 2 2 2 2 2 2 2 2 2 2 2 2 2 2 2 2 2
left_child=1 20 3 10 7 6 42 8 44 12 34 -8 17 23 -13 -16 -17 18 -5 -9 38 61 40 36 25 45 -27 28 -11 30 31 -6 -33 -10 -2 -14 57 -38 -1 -40 52 53 -4 -28 50 -7 47 48 -47 -15 -3 -19 -23 -34 -26 -49 -18 -12 -31 -55 -60 -22
right_child=2 4 5 9 29 24 11 19 33 27 13 14 35 49 15 16 56 51 -20 -21 21 22 -24 -25 54 26 43 -29 -30 58 -32 32 41 -35 -36 -37 37 -39 39 -41 -42 -43 -44 -45 -46 46 -48 55 -50 -51 -52 -53 -54 59 -56 -57 -58 -59 60 -61 -62 -63
leaf_value=-5.5332475924608202 -0.13642438377116264 -5.6767417236302631 56.448990998215564 -4.0955974566689157 -4.1327990739413307 118.39184245256737 49.82262003547217 -0.78598259683908112 -0.97255182392477957 74.616699478829489 -3.7974491883376205 43.105768905277735 4.9904135654704449 -4.4403987397521627 -5.4850117424896707 -5.6421747533332054 36.028678312693806 43.779641291392956 80.975163260020963 5.9703818593004669 -5.5122866332184577 -3.2539661237048065 1.421853053593245 7.9129500583301775 149.51156153657678 38.476706266606342 -5.7880466518659954 74.520390076418309 2.7043855274045447 19.975244769341415 59.887255828385037 -3.5322722082265421 4.8352031669918372 19.365483952371559 22.772276857170322 -3.2080263381576626 -1.8572255284431161 2.0922502755973404 3.8223790571278906 -5.3278033966897373 -0.76414134758354957 0.11239097763557993 122.21316429787181 7.5450004170652596 -5.3927859520581549 -0.41197701425936883 84.024337612852491 28.944330244756333 22.192365233719602 -2.4014511354058814 -3.4239091182934787 10.972285318916702 -4.2878524390609183 40.247273222279929 47.117562155763466 59.730026339201771 6.9343686531910542 -1.8892392225406289 36.634872076896109 17.07505134741897 16.916029953412473 -5.5621193868799432
leaf_weight=2778 36 24 35 33 20 332 33 29 34 22 21 24 20 50 31 20 20 55 22 36 20 20 20 27 1508 36 34 191 35 24 40 22 24 24 27 25 23 36 21 128 22 22 184 26 53 21 122 24 29 21 37 32 48 23 20 47 20 20 60 20 28 167
leaf_count=2778 36 24 35 33 20 332 33 29 34 22 21 24 20 50 31 20 20 55 22 36 20 20 20 27 1508 36 34 191 35 24 40 22 24 24 27 25 23 36 21 128 22 22 184 26 53 21 122 24 29 21 37 32 48 23 20 47 20 20 60 20 28 167
internal_value=-0.00117712 -0.0120902 0.0113476 0.004564 0.00258989 0.0131862 0.00836829 -0.00371995 -0.00678094 0.00926684 -0.00326312 0.000992573 0.00503474 -0.00589096 -0.0021894 -0.00507135 -0.000449251 0.00800141 0.00185118 0.0043318 -0.0144589 -0.0112487 -0.0059673 -0.00221873 0.0139884 0.0122217 0.00340271 0.0124426 0.00651489 0.00788414 0.00550555 0.00306636 0.0049685 0.00253012 0.00494453 -0.00425721 -0.00476523 -0.00121827 -0.0147832 -0.0113481 -0.00895671 0.00720539 0.0133364 -0.00194676 -0.0115425 0.0136881 0.0120197 0.00926507 0.00413174 -0.0124051 -0.00854337 0.0118485 -0.0114097 0.00956781 0.0147615 0.012827 0.00516209 -0.00978102 0.0114808 0.0121114 0.0125653 -0.0143346
internal_weight=7006 3744 3262 696 520 2566 367 237 172 435 261 148 187 198 115 91 60 142 55 65 3224 297 110 127 2199 671 96 248 57 283 171 131 111 58 63 45 100 59 2927 149 90 89 219 60 114 575 243 121 50 71 61 87 68 67 1528 71 40 41 112 43 88 187
internal_count=7006 3744 3262 696 520 2566 367 237 172 435 261 148 187 198 115 91 60 142 55 65 3224 297 110 127 2199 671 96 248 57 283 171 131 111 58 63 45 100 59 2927 149 90 89 219 60 114 575 243 121 50 71 61 87 68 67 1528 71 40 41 112 43 88 187
is_linear=0
shrinkage=0.03


Tree=20
num_leaves=63
num_cat=0
split_feature=4 56 4 56 4 55 56 34 45 46 4 6 4 21 58 55 59 69 57 56 55 4 62 55 34 55 55 21 41 61 3 34 49 59 43 43 57 46 62 26 58 0 41 54 60 59 56 47 27 55 59 50 62 55 16 34 43 53 45 16 15 56
split_gain=1112.66 91.7476 43.1054 27.0053 18.2544 19.0115 11.9903 8.92445 8.31217 9.90557 7.17769 10.3343 5.51417 5.4249 4.77624 4.56442 4.27672 3.72466 3.71001 3.15292 2.86174 2.80371 5.6087 2.73169 2.56399 2.54021 2.52874 7.17084 2.3226 2.25752 2.96356 2.20768 2.67501 2.19182 2.14024 2.13888 2.10023 1.75917 1.72847 1.70616 1.63323 1.54862 1.46026 1.413 1.34097 1.29901 1.17081 0.999604 0.775799 0.691396 1.28577 0.605522 0.583851 0.565557 0.500721 0.479237 0.457465 0.407708 0.296997 0.220269 0.598181 0.14459
threshold=10.500000000000002 1919.5000000000002 20.500000000000004 40.500000000000007 20.500000000000004 5713.5000000000009 1610.5000000000002 2.1559015562918522 33365.500000000007 32648.750000000004 11.500000000000002 3.5000000000000004 19.500000000000004 1.8120814103916507 3870.6250000000005 8512.0000000000018 4482.5000000000009 93836.000000000015 5683.0000000000009 108.50000000000001 7889.0000000000009 9.5000000000000018 2529.3125000000005 1384.5000000000002 0.76574030376264457 5959.0000000000009 1663.5000000000002 2.072036035648948 35765.000000000007 4554.5000000000009 53.505307518871163 0.65994803518333722 219.50000000000003 2905.5000000000005 29223.500000000004 31032.000000000004 27.500000000000004 32232.687500000004 2118.6666666666674 74.608623250000022 3876.0416666666674 93427.500000000015 40006.000000000007 1768.9583333333337 2319.5000000000005 847.50000000000011 894.00000000000011 93.500000000000014 19.899858776705774 3949.0000000000005 1092.5000000000002 226.64583333333334 1122.7916666666667 4333.0000000000009 3761.0000000000005 1.6120772149681069 31465.500000000004 637.50000000000011 30362.500000000004 3484.5000000000005 6450.3169225563552 20.500000000000004
decision_type=2 2 2 2 2 2 2 2 2 2 2 2 2 2 2 2 2 2 2 2 2 2 2 2 2 2 2 2 2 2 2 2 2 2 2 2 2 2 2 2 2 2 2 2 2 2 2 2 2 2 2 2 2 2 2 2 2 2 2 2 2 2
left_child=6 2 3 10 8 16 21 20 26 -10 11 -2 23 33 35 41 18 -4 42 28 24 46 38 -11 56 37 27 -3 -15 30 -26 47 -33 -5 -20 43 51 -8 -23 -30 61 -9 -6 -13 -29 -19 -1 -21 -28 50 -25 -12 -22 -44 -34 -48 -7 -49 -47 -59 -61 -40
right_child=1 4 17 13 5 7 25 15 9 12 36 14 -14 19 -16 -17 -18 45 34 31 52 22 -24 49 29 -27 48 44 39 -31 -32 32 54 -35 -36 -37 -38 -39 40 -41 -42 -43 53 -45 -46 58 55 57 -50 -51 -52 -53 -54 -55 -56 -57 -58 59 -60 60 -62 -63
leaf_value=-5.3672501646869959 -5.2282213132522521 -2.0536719105955226 -1.9199437998174425 -1.8316885892707528 -2.4324628569491251 34.720714167588319 -3.8684368049195275 -0.13972195637324347 -3.9908166987635716 19.845446509856743 21.266580992561217 -1.2551580031996337 -0.68321682592083555 16.612668230337938 13.254281099405178 28.03603934296865 10.938664215750684 -3.5166710674177795 -2.0299936342772376 38.797378940930805 58.206281738675443 -5.3882369669436976 -1.6034646256716354 16.500563517702044 19.888873756369158 0.68261871444626987 144.41332318750921 81.738397172657059 18.344772154268171 19.000020980338942 -1.6871751032814539 0.0012709199692130823 33.326805059766414 29.508219599119187 8.3244379051340793 1.2883186567031466 -1.1637881108968151 -0.22258614842437083 -4.8710646929460184 -2.6274935724349073 -2.4791361052011394 -2.4573182445890578 -7.1960348418890447 -4.5646088267665013 47.144587440426221 -4.2168723969023203 -2.6408909215947478 39.19143840948432 135.97900394191581 109.08345109360857 87.000271254574912 17.833487933772595 88.979697606776242 -2.811892638470026 21.876911130553381 -4.8514449748218036 49.217081115474429 64.744144026569572 -5.4740419456084695 42.184236011450118 53.86134441833137 -5.0245793776845957
leaf_weight=2789 84 32 29 38 38 38 26 20 22 29 22 20 28 28 23 29 25 20 20 21 20 184 35 20 23 32 1700 175 25 38 39 33 24 22 28 20 26 24 24 26 29 20 22 24 33 20 21 20 27 116 25 24 253 20 22 28 54 151 118 20 40 20
leaf_count=2789 84 32 29 38 38 38 26 20 22 29 22 20 28 28 23 29 25 20 20 21 20 184 35 20 23 32 1700 175 25 38 39 33 24 22 28 20 26 24 24 26 29 20 22 24 33 20 21 20 27 116 25 24 253 20 22 28 54 151 118 20 40 20
internal_value=-0.00126704 0.00973274 0.00136318 0.00472865 0.0123344 0.00805123 -0.0142608 0.0107227 0.0136659 0.00835902 -0.00338132 -0.0067329 0.0103026 0.00892789 0.000482204 0.000607815 -0.00125408 -0.0114484 -0.00348946 0.0101609 0.0122167 -0.0145577 -0.011698 0.0121357 0.0093545 -0.00288672 0.0143114 0.0113578 0.00470291 0.00596404 0.00236715 0.0114527 0.00697851 0.000449251 0.00305613 -0.00369735 0.00453537 -0.00712575 -0.0132322 0.000821918 -0.00919289 -0.00591022 -0.00745318 -0.00741497 0.0133926 -0.0132638 -0.0148504 0.0128401 0.0147195 0.0136685 0.0102439 0.00839479 0.0142146 -0.0113302 0.0116486 -0.0100204 0.0129967 0.0134228 -0.0143157 0.0138418 0.0119301 -0.0128571
internal_weight=7006 3794 900 713 2894 687 3212 534 2207 240 243 171 218 470 87 69 153 187 128 410 465 3130 292 190 192 82 1967 240 79 100 62 331 79 60 48 64 72 50 257 51 73 40 80 44 208 158 2838 252 1727 161 45 46 273 42 46 49 92 231 138 211 60 44
internal_count=7006 3794 900 713 2894 687 3212 534 2207 240 243 171 218 470 87 69 153 187 128 410 465 3130 292 190 192 82 1967 240 79 100 62 331 79 60 48 64 72 50 257 51 73 40 80 44 208 158 2838 252 1727 161 45 46 273 42 46 49 92 231 138 211 60 44
is_linear=0
shrinkage=0.03


Tree=21
num_leaves=63
num_cat=0
split_feature=4 56 4 56 4 58 56 45 46 34 17 4 58 3 4 21 13 63 58 4 43 56 4 62 34 16 21 27 23 62 34 22 58 36 28 34 49 68 26 52 62 16 58 59 56 29 24 37 34 47 33 1 13 34 33 63 14 15 46 46 25 27
split_gain=1100.23 94.6733 41.3292 26.4102 19.7298 13.1753 11.9903 8.18357 9.90557 7.28554 7.02318 6.87661 9.27087 5.74617 5.51417 4.94956 4.31753 3.60351 3.2567 3.35787 3.25349 3.22209 2.80371 5.6087 2.77678 2.42862 2.41016 4.76131 3.60162 2.28913 2.3825 2.21825 2.16381 2.14606 2.14204 2.08686 2.37272 1.95782 1.9005 1.75563 1.72847 1.7027 1.63323 1.43274 1.17081 1.13655 1.1148 0.909841 0.909527 0.784795 0.636408 0.859338 0.577252 0.479237 0.424753 0.400652 0.38469 0.337072 0.313183 0.229736 0.234348 0.200982
threshold=10.500000000000002 1919.5000000000002 20.500000000000004 40.500000000000007 20.500000000000004 2550.4791666666674 1610.5000000000002 33365.500000000007 32648.750000000004 2.0701406554259809 7.8250000000000002 11.500000000000002 3392.4166666666674 55.685335239650584 19.500000000000004 1.7904322197273961 93742.000000000015 2864.5000000000005 3475.3125000000005 21.500000000000004 30484.500000000004 108.50000000000001 9.5000000000000018 2529.3125000000005 0.83917741255123002 70.500000000000014 2.0333975395169186 14.415444930824442 88.792488000000006 2129.5000000000005 1.7143034194902855 -0.64999999999999891 1230.8541666666667 18977.000000000004 -0.91460300000000305 0.65994803518333722 219.50000000000003 82709.500000000015 74.483868020833341 1343.5000000000002 2118.6666666666674 -1190.4999999999998 3876.0416666666674 847.50000000000011 894.00000000000011 59.340891236663872 57.037386500000004 9825.5000000000018 2.7096736142450415 185.50000000000003 1.3644039283361507 18.975000000000005 99118.000000000015 1.6120772149681069 2.2169844653506616 2976.0000000000005 87044.333333333358 4420.8147211311789 33158.250000000007 28621.333333333339 37.081273500000002 15.882260671025746
decision_type=2 2 2 2 2 2 2 2 2 2 2 2 2 2 2 2 2 2 2 2 2 2 2 2 2 2 2 2 2 2 2 2 2 2 2 2 2 2 2 2 2 2 2 2 2 2 2 2 2 2 2 2 2 2 2 2 2 2 2 2 2 2
left_child=6 2 3 11 7 10 22 26 -9 18 -6 12 37 48 25 32 -4 -14 19 56 -21 38 44 40 31 52 27 28 -3 -8 -31 -12 -5 -13 -27 47 -37 -2 -17 -40 -24 -20 -42 -18 -1 -33 -22 -23 -11 -49 51 -28 -10 -46 -38 -39 -7 -51 -52 -43 -61 -59
right_child=1 4 16 15 5 9 29 8 14 13 24 33 17 -15 -16 21 43 -19 41 20 46 35 23 -25 -26 34 50 -29 -30 30 -32 45 -34 -35 -36 36 54 55 39 -41 42 59 -44 -45 53 -47 -48 49 -50 57 58 -53 -54 -55 -56 -57 -58 61 -60 60 -62 -63
leaf_value=-5.2062326597463864 -3.4331094509415818 91.617480343664411 -1.6654751158113446 -3.6240774933668956 -6.8105640080799139 38.139216060365428 -3.0634471285741527 -3.8710921978006625 62.135992615851507 37.29784524203189 -0.29289281564818109 17.4841725177711 6.1984089764683574 -2.5523511539537647 -0.66272032114321178 18.592458030505792 -3.411170935395246 -2.4434304774463484 9.0350159720335039 -2.3981749752808992 5.569684171265421 24.094628845195466 -5.2265898579353873 -1.5553606869014867 -1.7201117022897818 47.446695025081439 54.399600195396744 -2.782584537604007 14.447477476907215 -0.98879719400550981 1.802126612175404 29.805437261776987 25.78285156344916 -0.6636218848021076 -1.3457397536716826 0.0012327923701400323 9.5693097415017476 -4.5920042688906797 11.326460851603821 -3.4808694460302161 -4.8317071172835115 59.834824968700303 -2.4047620220451047 -5.3227430371873936 -2.5616641939469051 11.687866357345168 23.722692644393177 48.178685392292529 5.0361178930147732 62.68214378308631 139.27612645284304 68.38978983718718 103.59105926538946 -4.7059016255771491 36.096135897947931 -5.0667895325627139 62.146889354630439 65.53281484341943 48.220585577318012 67.72055323112356 77.834084553764342 45.293005282843687
leaf_weight=2789 24 130 34 25 31 20 26 22 30 23 27 34 29 30 28 37 20 22 32 37 28 20 184 35 35 22 20 20 22 36 20 30 29 38 20 33 20 33 23 21 44 31 29 133 21 20 29 24 24 22 1733 22 118 28 26 63 51 170 20 22 217 20
leaf_count=2789 24 130 34 25 31 20 26 22 30 23 27 34 29 30 28 37 20 22 32 37 28 20 184 35 35 22 20 20 22 36 20 30 29 38 20 33 20 33 23 21 44 31 29 133 21 20 29 24 24 22 1733 22 118 28 26 63 51 170 20 22 217 20
internal_value=-0.00133983 0.00959832 0.00109654 0.00439209 0.0122411 0.00778926 -0.0142608 0.0136251 0.00835902 0.00991913 -0.000293501 -0.00362814 -0.00690824 0.00132296 0.0103026 0.00854499 -0.0114484 0.00375734 0.0113295 0.00788613 0.00411265 0.00965393 -0.0145577 -0.011698 0.00318466 0.0121357 0.0142657 0.0107902 0.0126036 -0.00288672 0.000481283 0.00638132 0 0.00411928 0.00562945 0.0109579 0.00659924 -0.0114654 0.00421702 0 -0.0132322 0.0131976 -0.00919289 -0.013599 -0.0148504 0.0101198 0.00861646 0.0122882 0.00789809 0.0128208 0.0145964 0.0106176 0.0139568 -0.0100204 0.0109978 -0.0133923 0.012827 0.0134229 0.0146894 0.0139837 0.0143538 0.0138716
internal_weight=7006 3794 900 713 2894 687 3212 2207 240 544 143 243 171 77 218 470 187 51 467 165 94 416 3130 292 112 190 1967 172 152 82 56 77 54 72 42 335 79 120 81 44 257 302 73 153 2838 50 57 256 47 236 1795 42 148 49 46 96 71 212 1753 270 239 190
internal_count=7006 3794 900 713 2894 687 3212 2207 240 544 143 243 171 77 218 470 187 51 467 165 94 416 3130 292 112 190 1967 172 152 82 56 77 54 72 42 335 79 120 81 44 257 302 73 153 2838 50 57 256 47 236 1795 42 148 49 46 96 71 212 1753 270 239 190
is_linear=0
shrinkage=0.03


Tree=22
num_leaves=63
num_cat=0
split_feature=4 4 4 56 58 34 58 55 19 55 59 4 44 55 62 18 59 62 55 21 69 62 34 4 62 58 41 44 55 55 41 2 20 29 44 44 48 57 51 34 21 26 20 21 55 1 4 1 0 26 3 60 32 0 11 54 45 23 16 24 27 55
split_gain=1086.26 69.6834 44.0922 40.1352 23.494 19.5667 19.451 13.4462 11.3603 9.50644 7.17463 5.78633 8.08881 7.69553 5.34373 5.19698 4.97414 4.92792 4.59483 4.42732 3.70509 3.37728 3.69093 2.97816 5.68176 4.97131 2.96181 3.30741 2.82685 2.71018 2.56054 2.53844 2.27749 2.27569 2.23347 2.18096 2.16887 2.09497 1.99872 1.7249 1.66583 1.63373 1.56103 1.54767 1.46884 1.30702 1.20501 2.65655 1.02291 0.999788 0.991401 0.978233 1.39398 0.990884 0.850607 0.543814 0.456829 0.343081 0.342242 0.303471 0.262054 0.250301
threshold=11.500000000000002 21.500000000000004 10.500000000000002 1919.5000000000002 2665.4375000000005 -0.068590467254981732 3553.6875000000005 4670.0000000000009 18.225000000000005 6948.5000000000009 4632.0000000000009 19.500000000000004 32539.500000000004 3611.5000000000005 2129.5000000000005 8.1750000000000025 2616.0000000000005 1473.1250000000002 1841.5000000000002 1.4999849032782728 92561.500000000015 1540.6666666666667 1.0363431935441982 9.5000000000000018 2118.6666666666674 4406.0208333333348 40006.000000000007 29325.500000000004 6905.5000000000009 173.50000000000003 37061.000000000007 76.067032000000012 1.6343750000000004 62.021563620449186 31567.500000000004 32539.500000000004 241.50000000000003 1772.5000000000002 1410.5000000000002 -0.7678631906358645 4.0112565231365096 62.063941000000007 24.01979166666667 2.7663885018184025 8.5000000000000018 15.625000000000002 19.500000000000004 20.375000000000004 75919.500000000015 81.044884208333343 54.290031056695142 838.50000000000011 55.801839968226083 97894.500000000015 79101.000000000015 1773.3125000000002 30145.500000000004 58.045719000000005 1457.0000000000002 57.536420000000007 15.882260671025746 4024.0000000000005
decision_type=2 2 2 2 2 2 2 2 2 2 2 2 2 2 2 2 2 2 2 2 2 2 2 2 2 2 2 2 2 2 2 2 2 2 2 2 2 2 2 2 2 2 2 2 2 2 2 2 2 2 2 2 2 2 2 2 2 2 2 2 2 2
left_child=2 4 7 20 5 18 15 23 11 10 26 13 -13 16 -9 -4 17 32 19 -2 -3 22 -11 37 -25 35 27 50 -14 51 -19 -8 -7 36 59 48 -18 -1 44 -21 55 -23 -16 -41 -17 -46 -10 -48 -26 -12 -5 60 54 -54 -53 -33 -22 -43 -32 -28 -6 -20
right_child=1 3 6 9 29 8 31 14 46 21 49 12 28 -15 42 38 33 30 61 39 56 41 -24 24 25 -27 34 -29 -30 -31 58 40 -34 -35 -36 -37 -38 -39 -40 43 -42 57 -44 -45 45 -47 47 -49 -50 -51 -52 52 53 -55 -56 -57 -58 -59 -60 -61 -62 -63
leaf_value=-5.0500456799539952 -0.88161800418127423 -1.4186404923254297 -4.9378037868206182 1.8179409331682064 57.629673744778636 -0.8961708562414844 -0.5322535652129502 -3.7388585381868067 56.761186410897686 56.292362492885658 10.816565798682943 8.7792619356841897 -6.052283218465055 70.154034291444859 2.2812998352887615 -2.6789362566035551 22.05017206693902 1.8641382368357584 51.322302068743546 79.695904813323196 -3.1036062234759139 33.090143470514306 -1.2156610206114862 -5.0697921621973263 -2.8786961327513021 1.473962221362642 -3.9392605083544314 7.3691558415116738 -0.14108396507072143 140.5491629273256 -3.2917560131253376 20.710829476909865 20.903465698360886 25.395423576005413 1.0549884880027043 -0.90273751272612823 -3.0708798670345301 -2.7959245729371949 -4.3072938561660221 14.729867494037945 6.0205436838529973 54.294461341006844 -0.11949957772356753 38.698373593785874 13.631429126657675 -1.2170041327771581 -0.30513348338391322 30.369464747059869 -4.2280519943003538 14.509752367894176 -2.693571013452237 34.639022398545819 12.652466625802495 14.546090105204748 52.408954591346074 12.724843777480586 -5.0625791843988202 42.107731952284432 -8.4571181608866866 -3.1508793015823233 39.076507152489491 99.580584540948294
leaf_weight=2813 32 23 83 21 48 20 21 35 86 21 33 38 52 56 22 21 20 24 103 66 21 34 34 184 20 20 20 30 21 1681 20 40 27 29 22 21 25 29 20 30 24 99 21 29 23 27 22 29 47 28 23 23 22 21 34 33 117 36 24 20 28 310
leaf_count=2813 32 23 83 21 48 20 21 35 86 21 33 38 52 56 22 21 20 24 103 66 21 34 34 184 20 20 20 30 21 1681 20 40 27 29 22 21 25 29 20 30 24 99 21 29 23 27 22 29 47 28 23 23 22 21 34 33 117 36 24 20 28 310
internal_value=-0.00140834 0.0104072 -0.0132179 0.000922522 0.0122965 0.00873107 -0.00204382 -0.0142327 0.00434395 0.0057991 0.000974125 0.001508 -0.00415842 0.00408813 -0.0018822 -0.00842619 0.00117398 -0.00271069 0.0125189 0.00809675 -0.0118063 0.0100268 0.00348457 -0.0145391 -0.0115953 -0.00607771 -0.0028435 0.00117409 -0.0100137 0.0143353 -0.00788546 0.00734124 0.00471338 0.00724696 -0.00768116 -0.00916005 0.00292683 -0.0148401 -0.00342481 0.0106475 0.00939238 0.0121348 0.00515081 0.00680203 -0.00101266 0.00173653 0.0116849 0.00786693 -0.0118033 0.00952537 -0.00401361 0.0107155 0.00866134 0.00445476 0.0117688 0.0116553 -0.013664 0.0136343 -0.0121769 -0.0118953 0.013364 0.0141903
internal_weight=7006 3502 3504 582 2920 1063 292 3212 493 421 197 356 111 245 78 174 189 115 570 157 161 224 55 3134 292 108 136 74 73 1857 68 118 47 74 62 88 45 2842 91 125 97 169 43 59 71 50 137 51 67 61 44 176 100 43 57 73 138 135 44 40 76 413
internal_count=7006 3502 3504 582 2920 1063 292 3212 493 421 197 356 111 245 78 174 189 115 570 157 161 224 55 3134 292 108 136 74 73 1857 68 118 47 74 62 88 45 2842 91 125 97 169 43 59 71 50 137 51 67 61 44 176 100 43 57 73 138 135 44 40 76 413
is_linear=0
shrinkage=0.03


Tree=23
num_leaves=63
num_cat=0
split_feature=4 4 4 56 58 6 34 55 55 6 55 34 6 4 6 62 28 55 14 4 13 58 43 4 62 58 55 59 62 55 21 21 32 16 4 6 6 47 44 14 29 48 32 32 26 34 56 28 6 32 21 34 11 6 0 56 55 2 33 58 12 69
split_gain=1069.78 69.3136 43.2834 39.1658 25.9659 22.4891 21.2223 13.4258 11.6603 9.41475 8.73634 7.86867 7.78137 7.19592 5.68177 5.34373 4.5564 4.55544 4.5263 4.4493 4.36361 4.0553 3.81387 3.17752 6.05543 5.34149 3.15112 3.85488 4.68476 2.85282 2.70694 2.59347 2.25911 2.23861 2.19999 2.70237 2.63317 2.05247 2.03938 1.59357 1.49187 2.43436 1.35 1.32473 1.30684 1.23784 1.20089 1.06544 1.05127 2.32056 1.04458 0.680406 0.665884 0.643505 0.517044 0.502967 0.445104 1.53856 0.413382 0.383034 1.4834 1.72214
threshold=11.500000000000002 21.500000000000004 10.500000000000002 1919.5000000000002 2665.4375000000005 3.5000000000000004 -0.068590467254981732 4670.0000000000009 4915.0000000000009 8.5000000000000018 6248.0000000000009 0.99232538737182463 8.5000000000000018 18.500000000000004 3.5000000000000004 2129.5000000000005 1.5236135000000035 1841.5000000000002 98926.750000000015 14.500000000000002 93742.000000000015 3561.8750000000005 30373.500000000004 9.5000000000000018 2118.6666666666674 3837.1458333333335 2438.5000000000005 2616.0000000000005 1449.2291666666667 173.50000000000003 1.5261035388849338 2.2297920011717056 55.310946894530183 1513.0000000000002 22.500000000000004 4.5000000000000009 7.5000000000000009 226.50000000000003 32539.500000000004 107812.31250000001 62.021563620449186 241.50000000000003 56.03763536413603 60.562588230658285 81.447471791666672 -0.7678631906358645 894.00000000000011 -0.91460300000000305 6.5000000000000009 55.801839968226083 2.7663885018184025 1.3738235404919801 79310.000000000015 3.5000000000000004 103759.00000000001 529.50000000000011 4024.0000000000005 64.376362000000015 2.0133698993506592 3201.4583333333335 84349.000000000015 87943.500000000015
decision_type=2 2 2 2 2 2 2 2 2 2 2 2 2 2 2 2 2 2 2 2 2 2 2 2 2 2 2 2 2 2 2 2 2 2 2 2 2 2 2 2 2 2 2 2 2 2 2 2 2 2 2 2 2 2 2 2 2 2 2 2 2 2
left_child=2 4 7 20 6 -4 17 23 13 10 14 39 21 26 -5 -9 -11 19 -13 30 -3 42 -14 46 -25 -26 27 28 37 48 -2 -30 -16 -27 53 -36 -37 -8 -15 -10 41 -29 -7 -17 -34 -32 -1 -23 49 52 -47 -48 -6 -12 -18 -50 57 -19 -40 60 61 -31
right_child=1 3 5 9 29 12 8 15 11 16 34 18 22 38 32 43 54 56 -20 -21 -22 47 -24 24 25 33 -28 40 31 59 45 -33 44 -35 35 36 -38 -39 58 -41 -42 -43 -44 -45 -46 50 51 -49 55 -51 -52 -53 -54 -55 -56 -57 -58 -59 -60 -61 -62 -63
leaf_value=-4.8985443095553753 1.1076244697052573 -1.572951647567242 -4.7801976555796868 -2.5430943187528841 37.369596815156648 13.01440650111326 29.336092866665378 -3.6266927820412018 55.201807458570734 12.602571657200627 15.214534671335755 30.521711491357362 -4.9884405277686534 -1.2972295047702573 -0.72825086176598464 1.4631875255734781 -4.2729409642516885 10.698221383875673 -4.014238946577172 -0.83448729065786431 -4.8773686843931765 10.749806599993439 0.3250537437922435 -4.9176983973314057 -4.1941186771106516 1.4700315377867514 47.427939250553358 21.388666904930851 -5.7366126032462308 95.328644709836993 77.915662801341739 -0.77027618253023322 3.945953330508853 -2.7950132828306358 -1.4628740014624235 32.785103404899118 2.0250467665658047 -0.62590816235178637 -6.9335205603598302 16.576355766019738 18.287473939971452 -2.978753471023492 -0.28333655635513194 0.37056202691319268 10.806324662362774 29.289452896869918 -2.4131535575710137 18.092329070282851 32.465515898293475 2.644674284937365 38.843767476598302 -3.6994802393820945 43.923721755297322 67.079828364436338 -1.3892621884987821 54.985954303575461 96.593167004719845 51.256899946544486 -5.4039083727617037 146.40824349463466 94.516903779521328 30.061650169433303
leaf_weight=2782 20 32 90 26 20 22 21 35 137 22 24 21 26 32 34 21 27 20 21 26 129 20 23 184 59 23 30 22 34 34 61 30 32 26 21 52 22 27 23 20 26 25 39 22 28 24 38 72 24 31 26 22 30 113 20 71 310 83 24 1327 299 21
leaf_count=2782 20 32 90 26 20 22 21 35 137 22 24 21 26 32 34 21 27 20 21 26 129 20 23 184 59 23 30 22 34 34 61 30 32 26 21 52 22 27 23 20 26 25 39 22 28 24 38 72 24 31 26 22 30 113 20 71 310 83 24 1327 299 21
internal_value=-0.00149827 0.0102273 -0.0132179 0.000767909 0.0121116 -0.00214653 0.00836422 -0.0142234 0.00379639 0.00558537 0.00757455 0.00940231 0.00339931 0 0.000974188 -0.0018822 -0.0045152 0.0123084 -0.00206651 0.00790579 -0.0118063 0.00674069 -0.00696538 -0.0145295 -0.0114926 -0.00580019 0.00284519 0.00136143 -0.00211418 0.0142545 0.0101602 -0.0074415 0.00443146 0.0014664 0.0109737 0.0073817 0.010081 0.00492723 -0.00773704 0.0124889 0.00673051 0.00343949 0.000687398 0.00515081 0.00793677 0.0119892 -0.0148401 0.0107166 0.0105451 0.00791615 0.00832335 -0.0104326 0.0119162 0.0134354 -0.00980892 0.0127445 0.0139724 0.0120466 -0.0117197 0.0146404 0.0136317 0.00892922
internal_weight=7006 3502 3504 582 2920 292 1063 3212 493 421 352 199 202 294 120 78 69 570 42 157 161 153 49 3134 292 108 215 185 112 1857 131 64 94 49 232 95 74 48 79 157 73 47 61 43 60 111 2842 92 176 81 50 60 50 137 47 95 413 103 47 1681 354 55
internal_count=7006 3502 3504 582 2920 292 1063 3212 493 421 352 199 202 294 120 78 69 570 42 157 161 153 49 3134 292 108 215 185 112 1857 131 64 94 49 232 95 74 48 79 157 73 47 61 43 60 111 2842 92 176 81 50 60 50 137 47 95 413 103 47 1681 354 55
is_linear=0
shrinkage=0.03


Tree=24
num_leaves=63
num_cat=0
split_feature=4 4 4 56 58 6 4 55 56 46 61 55 58 21 59 55 41 28 55 62 54 69 38 4 62 58 1 27 3 30 3 44 21 3 16 58 65 33 57 57 48 5 57 62 55 23 16 62 62 57 45 49 27 1 66 58 4 2 55 68 42 63
split_gain=1059.64 69.3187 43.2164 38.5261 26.9262 21.304 15.6585 17.757 13.4912 11.2575 9.40547 8.33624 7.93363 7.01619 7.44997 4.95975 4.92632 5.17981 4.15264 3.90637 3.75496 3.70509 3.27076 3.17665 6.05543 5.34149 3.03589 2.91115 2.97901 2.87443 2.85713 2.64339 2.62276 2.55342 2.23861 2.05722 2.04003 2.85468 1.8024 1.70555 1.67983 1.56501 1.56188 1.43222 1.32596 5.08165 1.18688 1.37235 1.18137 0.806258 0.796339 0.754899 0.658549 0.638913 0.608432 0.597479 1.44555 1.27431 0.605601 0.547422 0.493403 0.473774
threshold=11.500000000000002 21.500000000000004 10.500000000000002 1919.5000000000002 2550.4791666666674 3.5000000000000004 19.500000000000004 1919.5000000000002 1610.5000000000002 33158.250000000007 4675.5000000000009 8342.5000000000018 3553.6875000000005 2.9414500874607197 2492.0000000000005 5168.5000000000009 40958.500000000007 1.0900190000000054 173.50000000000003 1449.2291666666667 1356.9166666666667 92561.500000000015 20716.104166666672 9.5000000000000018 2118.6666666666674 3837.1458333333335 -3.0249999999999995 11.229386614291927 54.707902205546667 56.08095589774279 59.810924297666482 31641.500000000004 2.2411475313306934 59.170487833537003 1513.0000000000002 2839.4583333333339 4457.5000000000009 2.7658519684851859 320.50000000000006 1707.0000000000002 739.00000000000011 3.5000000000000004 2611.0000000000005 1694.8958333333335 4024.0000000000005 66.440730000000016 -489.49999999999994 2004.7708333333337 1521.0000000000002 100.50000000000001 32477.500000000004 247.50000000000003 15.526498704642714 18.425000000000001 4023.8125000000005 3361.7083333333335 20.500000000000004 51.132110000000004 942.50000000000011 82709.500000000015 36017.666666666679 1570.5000000000002
decision_type=2 2 2 2 2 2 2 2 2 2 2 2 2 2 2 2 2 2 2 2 2 2 2 2 2 2 2 2 2 2 2 2 2 2 2 2 2 2 2 2 2 2 2 2 2 2 2 2 2 2 2 2 2 2 2 2 2 2 2 2 2 2
left_child=2 4 8 21 6 -4 7 13 23 15 11 16 20 14 19 29 27 -18 36 22 -7 -3 -2 39 -25 -26 -16 41 -29 -8 -28 -10 54 -11 -27 -22 52 -38 48 -1 -13 -5 -33 -14 45 -9 47 -12 -15 -45 -51 -17 -6 -54 -21 56 58 -58 -20 -60 -40 -19
right_child=1 3 5 10 18 12 9 44 31 33 46 40 43 38 26 51 17 61 55 32 35 -23 -24 24 25 34 30 28 -30 -31 -32 42 -34 -35 -36 -37 37 -39 60 -41 -42 -43 -44 49 -46 -47 -48 -49 -50 50 -52 -53 53 -55 -56 -57 57 -59 59 -61 -62 -63
leaf_value=-4.751587980268714 19.912280517511569 -1.3288927281286487 -4.6367917259122962 5.1066317423543159 43.822118710418657 7.4144747644907216 -4.127503912398506 -2.4166227557685942 -3.2156516176549039 -2.5167198915538296 2.1013390857270036 38.569472401293304 2.9702037282092282 27.281707745592392 48.739651630350949 27.964102162769798 11.143670931569188 -2.9749760503374678 47.499540312241713 -4.9194531244735762 -3.4489350934349141 -4.7258146512865329 -2.4940673512213891 -4.770167445411464 -4.0682951167973318 1.4259305916531497 26.406984410020375 25.604504987068513 2.7952212466770758 3.7634054669966188 -3.9518090249376661 0.97572853347824151 6.4419987366282516 -5.72944251212102 -2.7111628843457165 -0.16164537576781185 -6.1929886231522957 43.339603878721384 29.079846369384686 -2.7581231219958702 25.408940890070205 -3.3289499429874727 -0.42289011942289251 23.859923711177846 85.727111263610851 48.280353704762284 51.496993902458861 15.756127385312597 0.4049015535837901 8.3577152638237919 22.506101036989264 33.350591604728777 52.944871194281468 17.692539953650339 -4.5647248273046985 145.37986339549968 50.166314588929588 28.123486578955461 68.104014270201617 101.30513845149983 70.565311607396325 -2.0076974150487001
leaf_weight=2818 26 23 90 23 92 31 23 23 31 27 20 46 34 20 43 22 21 36 28 25 35 138 20 184 59 23 20 31 29 29 22 29 20 38 26 26 23 34 20 20 22 25 22 31 344 98 88 51 20 22 23 55 22 20 31 1209 23 39 22 430 52 29
leaf_count=2818 26 23 90 23 92 31 23 23 31 27 20 46 34 20 43 22 21 36 28 25 35 138 20 184 59 23 20 31 29 29 22 29 20 38 26 26 23 34 20 20 22 25 22 31 344 98 88 51 20 22 23 55 22 20 31 1209 23 39 22 430 52 29
internal_value=-0.00154537 0.0101245 -0.0132094 0.000664834 0.0120088 -0.00214653 0.00794091 0.0098291 -0.0142141 0.000293663 0.00544289 0.00193438 0.00325087 0.00436227 0.00107195 0.00543765 -0.00122102 -0.00658537 0.0140554 -0.00366093 -0.00322476 -0.0118063 0.00318872 -0.0145289 -0.0114926 -0.00580019 0.00789659 0.00302498 0.0074376 -0.00166987 0.00206651 -0.00215591 -0.00784494 -0.00986175 0.0014664 -0.00756137 0.00979592 0.0049387 0.0104103 -0.0148399 0.0109692 -0.00243243 0.00199609 0.0086921 0.0135713 0.0107514 0.0112005 0.00818565 0.00516209 0.0109987 0.00824834 0.0102724 0.0118345 0.00847981 -0.0111765 0.0145177 0.0136082 0.00913043 0.0141783 0.0144592 0.0132732 -0.0107834
internal_weight=7006 3502 3504 582 2920 292 978 784 3212 194 421 262 202 319 207 129 194 86 1942 122 92 161 46 3130 292 108 85 108 60 52 42 82 76 65 49 61 191 57 112 2838 68 48 51 110 465 121 159 71 40 76 45 77 134 42 56 1751 542 62 480 452 72 65
internal_count=7006 3502 3504 582 2920 292 978 784 3212 194 421 262 202 319 207 129 194 86 1942 122 92 161 46 3130 292 108 85 108 60 52 42 82 76 65 49 61 191 57 112 2838 68 48 51 110 465 121 159 71 40 76 45 77 134 42 56 1751 542 62 480 452 72 65
is_linear=0
shrinkage=0.03


Tree=25
num_leaves=63
num_cat=0
split_feature=4 4 4 57 58 34 58 55 62 55 4 34 55 0 62 55 34 18 14 55 21 2 13 4 62 58 2 17 57 58 55 24 2 16 44 55 4 25 5 51 19 51 55 50 30 53 58 56 1 51 3 34 44 61 57 55 58 4 2 36 16 62
split_gain=1054.98 66.5751 43.0825 37.6751 26.7865 23.1055 17.8104 14.219 9.00479 8.30472 8.00287 7.72126 7.16571 5.27706 5.14666 4.9794 4.92874 4.84083 4.16229 4.09584 4.32268 3.81011 3.45374 3.13624 6.05543 5.34149 3.05537 2.86964 2.67219 2.61482 2.40295 2.28095 2.27228 2.23861 2.23796 2.09449 3.43959 2.04903 2.03853 1.99872 1.59245 1.54368 1.46884 1.43392 1.39819 2.0337 1.94077 1.32981 1.30702 1.14188 1.12017 0.942722 1.2843 0.798816 1.45086 0.633797 0.631561 1.40778 1.27431 0.84083 0.618049 1.2115
threshold=11.500000000000002 21.500000000000004 10.500000000000002 1929.5000000000002 2550.4791666666674 -0.068590467254981732 3553.6875000000005 4670.0000000000009 1531.6666666666667 5107.5000000000009 19.500000000000004 0.82990808188622378 6248.0000000000009 92150.500000000015 2072.0833333333335 173.50000000000003 0.67588887759622207 8.1750000000000025 98926.750000000015 2823.5000000000005 2.276717214927038 93.858435000000014 94345.500000000015 9.5000000000000018 2118.6666666666674 3837.1458333333335 53.48647350000001 0.87500000000000011 1772.5000000000002 2899.9791666666674 4521.5000000000009 39.422121000000011 76.067032000000012 1513.0000000000002 32539.500000000004 2611.0000000000005 14.500000000000002 77.037175000000005 2.5000000000000004 1410.5000000000002 14.275000000000002 1580.5000000000002 8.5000000000000018 771.16666666666686 61.203442825267352 812.50000000000011 2092.9791666666674 4285.5000000000009 15.625000000000002 750.50000000000011 58.142546831947712 -0.86877849347578351 33096.500000000007 1252.5000000000002 6950.5000000000009 4974.5000000000009 3361.7083333333335 20.500000000000004 51.132110000000004 9077.0000000000018 291.50000000000006 2102.9166666666674
decision_type=2 2 2 2 2 2 2 2 2 2 2 2 2 2 2 2 2 2 2 2 2 2 2 2 2 2 2 2 2 2 2 2 2 2 2 2 2 2 2 2 2 2 2 2 2 2 2 2 2 2 2 2 2 2 2 2 2 2 2 2 2 2
left_child=2 4 7 22 5 21 17 23 16 10 19 53 13 30 -9 29 -5 -4 -13 20 27 35 -3 28 -25 -26 31 38 -1 -6 -10 -18 -8 -27 -12 36 51 -38 -7 42 -14 50 -19 -16 45 -22 -47 -15 -44 -31 -34 -2 -53 -11 -55 -24 57 59 -59 -17 61 -42
right_child=1 3 6 8 15 9 32 14 12 11 34 18 40 47 43 56 26 39 -20 -21 44 -23 55 24 25 33 -28 -29 -30 49 -32 -33 41 -35 -36 -37 37 -39 -40 -41 60 -43 48 -45 -46 46 -48 -49 -50 -51 -52 52 -54 54 -56 -57 -58 58 -60 -61 -62 -63
leaf_value=-4.6090403408606528 81.317674628070023 -1.500942984718433 -4.5071599917712399 13.843545603862987 10.233379395773282 -1.5932680810046713 -0.49366400949139005 -3.4023082981506283 -3.7072808782767339 51.354494238049121 -0.68523803893376001 13.611331941207629 12.053411889608258 12.087262644187156 1.4987797285469784 56.040189492152969 -2.7392263905725791 -2.3495457172017495 -3.7219285028162266 41.61533272757719 -4.4111738844296635 1.168755751849585 -4.725015047034403 -4.6270624220491205 -3.9462462632934114 1.3831526739035558 -3.8030951851138415 -5.3193632793503163 -2.5569085353620724 21.93855236869824 4.8157596389999613 4.9809176677491021 28.085481823886472 -2.6298279978153447 -5.9277834017424453 82.711250122310588 18.760825666180093 -2.0115896082607629 19.310436463606269 -4.0235724633749488 22.450520505478401 1.8855470164115535 12.868485986896887 -0.11434474761656986 27.190583620436868 27.36788583058415 0.30747325541992493 1.5083832127901724 -1.0685258593001368 42.306938355360728 8.6022541136254667 29.138586904092254 60.401284791530706 10.517726621878225 53.326179349387381 -2.4247836301618406 141.01846749363472 48.6613251512617 27.279781981586794 97.665984297954822 56.518843496941621 39.599167044790455
leaf_weight=2813 69 34 83 32 34 23 21 31 26 71 30 22 37 29 24 22 20 21 21 41 23 22 109 184 59 23 38 41 29 33 23 22 35 26 37 330 24 20 28 20 20 23 23 23 29 24 22 29 27 124 39 31 23 20 27 24 1209 23 39 458 85 54
leaf_count=2813 69 34 83 32 34 23 21 31 26 71 30 22 37 29 24 22 20 21 21 41 23 22 109 184 59 23 38 41 29 33 23 22 35 26 37 330 24 20 28 20 20 23 23 23 29 24 22 29 27 124 39 31 23 20 27 24 1209 23 39 458 85 54
internal_value=-0.00155393 0.0100902 -0.0131923 0.000819447 0.0119369 0.00787956 -0.00214653 -0.0141954 0.0056661 0.00296667 0 0.00845438 0.00835368 0.00207283 -0.00149808 0.0139782 -0.00157895 -0.00825388 -0.00236659 0.0026482 0.000773277 0.0122173 -0.0112029 -0.0145104 -0.0114926 -0.00580019 -0.00558052 -0.00387622 -0.014819 0.00932496 -0.00513238 0 0.00683319 0.0014664 -0.00912072 0.012758 0.00994614 0.00265306 0.000821918 -0.00342481 0.0117644 0.00877446 -0.00101266 0.00471338 0.0051682 0.00277858 0.00644252 0.00820998 0.00173653 0.0109612 0.0108907 0.0125264 0.00937153 0.0124217 0.00917197 -0.0133884 0.0144835 0.0135529 0.00913043 0.0141158 0.0130861 0.0108907
internal_weight=7006 3502 3504 582 2920 978 292 3212 415 459 298 161 303 107 78 1942 112 174 43 231 190 519 167 3134 292 108 80 92 2842 191 49 42 118 49 67 497 167 44 51 91 196 97 71 47 98 69 46 58 50 157 74 123 54 118 47 133 1751 542 62 480 159 74
internal_count=7006 3502 3504 582 2920 978 292 3212 415 459 298 161 303 107 78 1942 112 174 43 231 190 519 167 3134 292 108 80 92 2842 191 49 42 118 49 67 497 167 44 51 91 196 97 71 47 98 69 46 58 50 157 74 123 54 118 47 133 1751 542 62 480 159 74
is_linear=0
shrinkage=0.03


Tree=26
num_leaves=63
num_cat=0
split_feature=4 4 4 57 58 34 58 56 62 55 34 4 55 55 28 18 55 14 55 4 21 3 59 4 62 58 55 19 58 55 43 34 57 62 62 62 15 21 43 22 43 30 58 21 29 26 58 63 59 34 52 16 30 55 61 57 27 57 58 4 55 55
split_gain=1046.46 68.3199 42.2168 36.3937 26.3782 22.2085 16.2421 15.102 8.12551 8.10748 7.72126 7.43134 5.77244 5.51196 5.39305 4.71843 4.38361 4.16229 3.3898 5.3115 3.25794 3.24294 3.15693 3.13532 5.46929 4.97131 3.1327 3.21866 3.02534 2.75494 2.49438 2.44391 2.35133 2.33979 2.25974 2.11661 1.99468 1.9297 2.56772 1.85388 1.655 3.05797 1.65021 1.65327 1.57619 1.51815 1.44872 1.11981 1.07108 0.980733 1.3236 0.957681 0.81351 0.808855 0.798816 1.45086 0.791181 0.757227 0.731139 1.33368 1.21151 1.09912
threshold=11.500000000000002 21.500000000000004 10.500000000000002 1929.5000000000002 2550.4791666666674 -0.068590467254981732 3553.6875000000005 1610.5000000000002 1330.3958333333337 5107.5000000000009 0.82990808188622378 18.500000000000004 3378.5000000000005 173.50000000000003 1.5236135000000035 6.9750000000000005 2438.5000000000005 98926.750000000015 1919.5000000000002 14.500000000000002 2.276717214927038 55.265507270929859 2492.0000000000005 9.5000000000000018 2118.6666666666674 4406.0208333333348 8436.5000000000018 12.975000000000001 3271.4583333333335 2.5000000000000004 32322.500000000004 -0.71805788361573863 1707.0000000000002 1994.2708333333335 1473.1250000000002 1701.8750000000002 11341.082180884319 2.7663885018184025 33617.500000000007 0.49999999999999989 32681.500000000004 56.026067380462131 4504.0625000000009 3.7350177591318015 56.129529995668641 68.719945770833348 3837.1458333333335 2893.5000000000005 2738.5000000000005 0.65994803518333722 2249.5000000000005 4875.0000000000009 57.529610147273779 6248.0000000000009 1252.5000000000002 6950.5000000000009 16.625004749383294 5218.0000000000009 3361.7083333333335 20.500000000000004 7009.0000000000009 1313.5000000000002
decision_type=2 2 2 2 2 2 2 2 2 2 2 2 2 2 2 2 2 2 2 2 2 2 2 2 2 2 2 2 2 2 2 2 2 2 2 2 2 2 2 2 2 2 2 2 2 2 2 2 2 2 2 2 2 2 2 2 2 2 2 2 2 2
left_child=2 4 7 21 5 18 15 23 14 11 54 16 -10 28 -5 -4 20 -12 19 37 22 -3 34 32 -25 46 27 -14 31 -8 45 -6 -1 36 -7 51 -29 38 -2 -33 41 -13 43 -31 -37 -9 -26 -22 -49 -35 53 -17 -23 -51 -11 -56 -30 -16 59 61 -61 -15
right_child=1 3 6 8 13 9 29 30 12 10 17 40 26 58 57 35 -18 -19 -20 -21 47 52 -24 24 25 -27 -28 33 56 42 -32 39 -34 49 -36 44 -38 -39 -40 -41 -42 -43 -44 -45 -46 -47 -48 48 -50 50 -52 -53 -54 -55 55 -57 -58 -59 -60 60 -62 -63
leaf_value=-4.4707691306348334 17.941837738387335 -0.44330793524667 -4.3729616721793549 14.385057090868145 31.672327120684411 -0.30581493539432358 -0.47885408920664985 0.067190096303615693 -1.8362480662489371 49.813859410907646 13.202991982971405 -4.9003825733832818 -0.31214050096974005 42.806684371365442 -3.3787596664624528 -1.6040977760730881 44.346034072545457 -3.6102706477317392 77.475007221968127 -0.60034698528304486 17.834766358125929 -4.1361395089078252 7.2841844509072411 -4.4882505493876472 -3.8278588753946092 1.5342768508193867 59.757114020669093 5.9090743415190419 50.752503962494821 8.3441864902167016 1.4727982642279243 -1.7946819685358366 -2.5986721722751316 35.679565700336354 -5.1597823809698093 12.440199458007744 -1.0684319522103909 52.444122832514232 60.905188263362902 34.327007599119305 -6.0089047948292569 1.9076789290433043 31.384952796218215 -0.21896635652706009 -0.92499351352680703 -2.9809108588994371 -1.5278015691241649 -1.435881868475676 13.689555402150095 6.1358881587861873 6.1316373253355669 -3.4903374357731907 -4.4314797564034496 27.188747618181015 10.202194823221873 51.726393968905754 44.379807799858391 -2.9162873946382137 136.78791346882568 11.724435604551681 50.268502151142734 96.569778613190223
leaf_weight=2818 33 27 80 25 20 20 21 20 25 71 22 23 33 41 28 22 37 21 374 27 33 26 33 184 59 20 100 30 93 47 27 32 20 34 31 22 34 64 21 24 40 21 27 23 30 35 29 31 29 21 28 20 114 36 20 27 22 21 1209 20 42 439
leaf_count=2818 33 27 80 25 20 20 21 20 25 71 22 23 33 41 28 22 37 21 374 27 33 26 33 184 59 20 100 30 93 47 27 32 20 34 31 22 34 64 21 24 40 21 27 23 30 35 29 31 29 21 28 20 114 36 20 27 22 21 1209 20 42 439
internal_value=-0.00159247 0.0100046 -0.0131837 0.000613297 0.0118753 0.00784889 -0.00224923 -0.0141767 0.00537702 0.00303202 0.00845438 9.05736e-05 0.00733509 0.0139009 -0.00360324 -0.00808156 0.00306866 -0.00236659 0.0121017 0.00814611 0.00108413 -0.0112029 -0.00317479 -0.0145098 -0.0114926 -0.00607771 0.0084372 0.00637205 0.00901099 0.00632515 -0.00142509 0.00429698 -0.0148187 0.00793009 -0.00786693 -0.00347503 0.00322933 0.0108975 0.00659889 0.00101604 -0.00745541 -0.00333333 0.0084655 0.00594864 0.000518234 -0.00511797 -0.00916005 0.00496241 0.00244592 0.0104282 0.00860165 -0.00847981 -0.0130407 0.0112434 0.0124217 0.00917197 0.0120938 -0.00940937 0.0144321 0.0134422 0.00913043 0.0139908
internal_weight=7006 3502 3504 582 2920 978 292 3212 415 459 161 298 341 1942 74 174 214 43 519 145 177 167 84 3130 292 108 316 216 191 118 82 76 2838 183 51 94 64 118 54 56 84 44 97 70 52 55 88 93 60 119 85 42 140 57 118 47 115 49 1751 542 62 480
internal_count=7006 3502 3504 582 2920 978 292 3212 415 459 161 298 341 1942 74 174 214 43 519 145 177 167 84 3130 292 108 316 216 191 118 82 76 2838 183 51 94 64 118 54 56 84 44 97 70 52 55 88 93 60 119 85 42 140 57 118 47 115 49 1751 542 62 480
is_linear=0
shrinkage=0.03


Tree=27
num_leaves=63
num_cat=0
split_feature=4 4 4 56 58 34 58 56 55 34 55 59 4 56 31 55 18 21 2 59 4 62 58 55 55 37 62 55 62 44 30 16 46 46 58 30 55 34 56 20 4 55 2 34 43 41 57 21 20 58 63 66 63 62 57 21 44 2 21 49 4 2
split_gain=1037.2 66.8315 42.2168 37.0716 27.5956 21.5809 17.0425 13.6096 8.55215 8.60104 8.45619 8.06304 7.94262 6.6029 5.80044 4.76303 4.1416 3.60521 3.58681 3.54401 3.5243 5.83611 5.34149 3.14053 2.87331 2.79894 2.53707 3.29384 2.52683 2.38538 2.24317 2.23861 2.20893 2.08897 3.41684 2.05356 2.04966 2.62412 3.5711 1.91338 1.84 1.82304 2.77753 1.73963 1.72972 1.6829 1.62729 1.59074 1.43281 1.35926 1.13854 1.24025 1.93581 1.13698 1.08022 1.0747 1.67961 1.05041 1.03916 0.966859 0.824095 1.0749
threshold=11.500000000000002 21.500000000000004 10.500000000000002 1919.5000000000002 2550.4791666666674 -0.076671601576549606 3392.4166666666674 894.00000000000011 5234.5000000000009 0.99232538737182463 8436.5000000000018 4632.0000000000009 18.500000000000004 724.00000000000011 56.275749511869208 2438.5000000000005 8.1750000000000025 2.1981191386277863 93.858435000000014 1638.5000000000002 9.5000000000000018 2118.6666666666674 3837.1458333333335 6522.5000000000009 1.5000000000000002 14013.500000000002 2072.0833333333335 4670.0000000000009 1701.8750000000002 32585.500000000004 58.662352909734622 1513.0000000000002 29586.645833333336 31423.104166666668 4141.8958333333348 56.026067380462131 1313.5000000000002 -0.1002210278958806 2072.5000000000005 -0.68020833333333319 19.500000000000004 3236.0000000000005 63.498436000000005 1.658420005067889 31789.500000000004 42074.000000000007 7300.5000000000009 3.5212701214587709 24.01979166666667 2875.3750000000005 2893.5000000000005 4718.1250000000009 6314.0000000000009 1540.6666666666667 1707.0000000000002 2.2297920011717056 32681.500000000004 80.020792500000013 2.7337642433839373 1168.5000000000002 19.500000000000004 57.037386500000004
decision_type=2 2 2 2 2 2 2 2 2 2 2 2 2 2 2 2 2 2 2 2 2 2 2 2 2 2 2 2 2 2 2 2 2 2 2 2 2 2 2 2 2 2 2 2 2 2 2 2 2 2 2 2 2 2 2 2 2 2 2 2 2 2
left_child=2 4 7 25 5 18 16 20 12 60 11 14 15 30 23 17 -4 19 40 -7 -1 -22 -23 32 -8 -3 54 -28 -18 35 -6 -24 -5 34 -26 -14 37 49 -39 -21 41 42 -2 -25 45 -16 -42 59 -29 -15 -19 -52 -53 -12 -9 56 -44 -32 -30 -13 -10 -62
right_child=1 3 6 10 13 8 24 26 9 -11 53 47 29 36 44 -17 28 50 -20 39 21 22 31 43 33 -27 27 48 58 -31 57 -33 -34 -35 -36 -37 -38 38 -40 -41 46 -43 55 -45 -46 -47 -48 -49 -50 -51 51 52 -54 -55 -56 -57 -58 -59 -60 -61 61 -63
leaf_value=-4.3366460567157885 2.5020200176151088 -1.2306984186858358 -4.2337860405759109 -2.2211469096491712 24.968895622535296 -3.3847862817986152 -0.98740698176506236 -4.6890828561568663 65.133581145447693 -2.5532918243007359 28.448997523053606 6.8246659471523499 -3.8430165170277015 41.522483840224474 -0.47866773789629263 43.015653050369089 -2.8569125201302712 17.29972336738215 -0.019426824256172495 8.7409981174479068 -4.3536030329060171 -3.713023109132771 1.2956297881618679 30.181705817195247 -1.8585446517614115 -4.3356750061689233 -2.6391829000807983 2.1089988034675859 12.068525708614716 -5.5034730670761265 -3.1344810900306275 -2.5510302871063133 6.9155861229743172 14.563516466617187 26.255561002351918 1.0734775354969657 121.40653779775205 39.766595682261332 -5.5984203549925633 -1.3566323676712364 -0.25146873590821539 86.086259631986252 17.403582606235716 5.206924514784891 1.2613393161425119 -2.7848486988849599 50.583677508362037 8.1761348705964565 -0.025507761938911813 77.895175110202743 -3.4545408940678133 35.152572667177573 -0.27878637490610342 57.978774799525858 -1.6868120473574171 63.774523526633452 58.564511865547594 30.428411655611676 -0.96427635993792904 22.84431672204812 26.249825901233727 13.708084651282084
leaf_weight=2789 20 27 81 39 32 33 20 24 70 33 34 31 21 25 20 39 36 33 22 22 184 59 23 26 27 134 39 22 20 46 22 26 20 58 22 22 1622 35 20 25 20 270 37 20 23 49 21 21 24 164 21 21 23 91 22 94 32 22 28 47 26 27
leaf_count=2789 20 27 81 39 32 33 20 24 70 33 34 31 21 25 20 39 36 33 22 22 184 59 23 26 27 134 39 22 20 46 22 26 20 58 22 22 1622 35 20 25 20 270 37 20 23 49 21 21 24 164 21 21 23 91 22 94 32 22 28 47 26 27
internal_value=-0.00164385 0.00990177 -0.0131837 0.000613297 0.011752 0.00763419 -0.00224923 -0.0141767 0.00291495 0.00862908 0.0053004 0.0025228 0 0.0138237 -0.000974125 0.00309535 -0.00861296 0.000993824 0.0118524 -0.00370787 -0.0145799 -0.0113899 -0.00580019 0.00382493 0.00599528 -0.0116201 -0.00466819 -0.00155112 -0.00388823 -0.00754209 0.00508541 0.0014664 -0.00071066 0.00795518 0.00329939 -0.00236659 0.0141777 0.0115404 0.00566243 0.00152866 0.0123801 0.0129375 0.0105516 0.00969631 -0.00648208 -0.00885673 0.00613139 0.00950555 0.00383948 0.0132311 0.00486239 0.00248848 0.00537415 0.0118465 -0.0103471 0.0118455 0.00885673 0.000612245 0.000561331 0.0114853 0.0122827 0.00926554
internal_weight=7006 3502 3504 582 2920 978 292 3212 462 156 421 296 306 1942 197 217 165 178 516 80 3081 292 108 105 127 161 131 85 84 89 76 49 59 107 49 43 1866 244 55 47 494 453 183 46 92 69 41 99 46 189 98 65 44 125 46 163 69 44 48 78 123 53
internal_count=7006 3502 3504 582 2920 978 292 3212 462 156 421 296 306 1942 197 217 165 178 516 80 3081 292 108 105 127 161 131 85 84 89 76 49 59 107 49 43 1866 244 55 47 494 453 183 46 92 69 41 99 46 189 98 65 44 125 46 163 69 44 48 78 123 53
is_linear=0
shrinkage=0.03


Tree=28
num_leaves=63
num_cat=0
split_feature=4 56 4 4 56 56 56 21 59 3 50 3 23 44 4 59 6 56 22 27 20 4 43 43 28 4 62 33 41 44 59 36 6 66 23 62 23 29 33 44 43 3 44 33 15 66 3 41 27 51 0 63 23 4 62 62 1 25 13 66 61 43
split_gain=1026.54 97.2282 34.1957 22.3546 16.5836 15.3741 14.2508 10.405 8.41091 8.86745 6.77359 9.1842 7.86478 5.0889 5.25422 4.30913 6.61104 3.95929 3.70991 3.69946 4.41571 3.53442 3.45546 3.35606 4.11483 3.29326 5.55843 3.21581 3.15144 3.06778 3.02057 2.9994 2.9699 2.91395 2.76156 2.749 2.65266 2.64862 2.49402 2.42421 2.05586 1.97931 1.92308 1.85182 2.55393 1.7965 1.75886 2.61592 1.70323 1.70218 1.46607 1.44235 1.3517 1.16461 2.22828 1.14618 1.0353 0.99506 0.911173 0.89155 1.17904 0.840855
threshold=10.500000000000002 977.00000000000011 20.500000000000004 21.500000000000004 4861.5000000000009 40.500000000000007 894.00000000000011 2.1469096247755091 4632.0000000000009 56.881641896903069 435.93750000000006 62.459168534789903 94.407885000000007 33131.000000000007 19.500000000000004 2541.0000000000005 3.5000000000000004 7721.5000000000009 0.34999999999999981 10.480275753426687 7.3072916666666679 11.500000000000002 32562.500000000004 31398.500000000004 5.113655500000001 9.5000000000000018 2134.666666666667 1.4321555828209271 37609.500000000007 31884.000000000004 782.50000000000011 15441.000000000002 4.5000000000000009 1581.6250000000002 87.766880000000015 2072.0833333333335 89.962375000000023 54.228634945525009 2.8044483324396645 31264.500000000004 30373.500000000004 58.204156539042621 32492.500000000004 1.3644039283361507 5538.0928674677898 4387.729166666667 58.106205774928576 46266.500000000007 7.4325243689368135 2162.0000000000005 85264.500000000015 4513.5000000000009 62.284050000000008 22.500000000000004 2294.2291666666674 1824.0625000000002 20.775000000000002 61.379231000000011 83903.000000000015 6981.0000000000009 2391.5000000000005 32469.500000000004
decision_type=2 2 2 2 2 2 2 2 2 2 2 2 2 2 2 2 2 2 2 2 2 2 2 2 2 2 2 2 2 2 2 2 2 2 2 2 2 2 2 2 2 2 2 2 2 2 2 2 2 2 2 2 2 2 2 2 2 2 2 2 2 2
left_child=6 3 7 5 8 15 25 10 9 28 11 12 19 43 31 16 21 23 27 41 -21 -2 -23 24 37 -1 -27 -7 38 30 40 -15 -28 -11 46 -8 -34 58 -4 -37 -18 -3 50 44 -9 -30 -29 -48 -43 -41 -36 -20 -19 57 -55 -35 -38 -25 -6 -45 -61 -5
right_child=1 2 4 61 17 18 35 13 -10 33 -12 -13 -14 14 -16 -17 29 52 51 20 -22 22 -24 53 -26 26 32 34 45 -31 -32 -33 36 55 42 39 56 -39 -40 49 -42 48 -44 59 -46 -47 47 -49 -50 -51 -52 -53 -54 54 -56 -57 -58 -59 -60 60 -62 -63
leaf_value=-4.206546675014315 -4.1137427606354455 75.665795009862606 3.3624433044690978 -4.2747345348554022 10.134473083921893 -5.1877440915462465 -3.1797913795571544 2.224428676839957 12.44020661691261 -0.41963887688413704 63.783030782679198 -4.2188868128966464 -7.0775855120611286 3.654047182361901 -2.3968455403601774 6.7682225386948787 -4.1401543241188588 66.655703267175042 38.896454150856151 43.380593759522405 -2.6149955294917073 -4.4405665698689489 20.437331471492026 49.607344443986548 -2.3260132302236092 -4.2159761035889893 -5.0732869889998522 23.598150804228233 0.87301829633480732 10.114997564166901 3.2040915551821239 77.730437933844755 1.149093100180437 -3.7208196811462129 -1.294538085553371 -2.5473286445613263 -2.7510925377745128 0.60528268008142783 22.036506857247243 1.5077898033035102 -0.43486625707750021 45.344433313908866 -3.4642512523153823 112.0027449896689 92.236324182268646 -1.8916811913986276 -0.4803884295345392 21.119499850068792 0.18023306837582367 -0.19341217914047262 8.449272871234065 26.518295853400474 16.570664427426141 -1.6139556408901898 24.665649493937785 -2.4155732972814592 -1.3518397345070972 37.882331891705718 37.465625955062826 69.375645755145882 52.705267568602139 -4.3896091229626837
leaf_weight=2789 79 84 33 22 20 24 46 20 46 39 148 31 24 27 20 34 24 161 84 21 23 22 21 59 33 185 26 40 20 20 23 103 37 47 31 28 24 38 39 21 21 30 23 1696 22 28 31 22 21 36 30 30 27 20 23 38 20 33 46 81 21 91
leaf_count=2789 79 84 33 22 20 24 46 20 46 39 148 31 24 27 20 34 24 161 84 21 23 22 21 59 33 185 26 40 20 20 23 103 37 47 31 28 24 38 39 21 21 30 23 1696 22 28 31 22 21 36 30 30 27 20 23 38 20 33 46 81 21 91
internal_value=-0.00168667 0.00887879 0.0111069 -0.00146853 0.00551526 0.000987301 -0.0141674 0.0128734 -9.30714e-05 -0.00232282 0.00831458 0.0051132 0.00744461 0.0137465 0.00837442 -0.00465793 -0.00626844 0.00905673 0.00536972 0.00961474 0.00197279 -0.0107862 -0.0037587 0.00671444 0.0033698 -0.0145799 -0.0114926 0.00289408 0.00347211 0 -0.00303965 0.0105842 -0.0059944 -0.00795326 0.00430265 -0.00443936 -0.00310727 0.00631124 0.00744799 -0.00119859 -0.00758315 0.0120799 0.000321046 0.0141824 0.00776722 -0.00243243 0.00786251 0.00418079 0.00727984 0.00231173 0.00314239 0.00970202 0.0124242 0.0100814 0.00584687 -0.0110693 -0.00809524 0.0120195 0.00993949 0.0143301 0.01143 -0.013634
internal_weight=7006 3794 3122 672 750 559 3212 2372 290 244 382 234 203 1990 150 244 210 460 315 179 44 122 43 272 137 3081 292 201 120 88 68 130 107 124 177 131 81 104 72 85 45 135 84 1840 42 48 93 53 51 57 61 114 188 135 43 85 44 92 66 1798 102 113
internal_count=7006 3794 3122 672 750 559 3212 2372 290 244 382 234 203 1990 150 244 210 460 315 179 44 122 43 272 137 3081 292 201 120 88 68 130 107 124 177 131 81 104 72 85 45 135 84 1840 42 48 93 53 51 57 61 114 188 135 43 85 44 92 66 1798 102 113
is_linear=0
shrinkage=0.03


Tree=29
num_leaves=63
num_cat=0
split_feature=4 4 4 57 55 34 6 57 4 6 34 6 55 4 57 55 24 6 33 70 70 4 43 61 6 34 55 22 43 44 2 54 52 43 13 53 4 55 16 27 28 52 64 59 50 4 60 25 50 59 6 6 4 14 63 55 49 61 35 2 66 7
split_gain=1011.96 66.2236 40.7722 37.6625 27.0908 30.8465 21.7557 12.9898 12.0156 9.15874 8.47592 8.25669 6.92015 5.62761 5.50898 5.4416 4.38679 3.96393 3.57112 3.64402 4.98681 3.39253 3.25122 3.17537 8.56682 3.06802 3.3336 3.39892 2.81982 2.66018 2.67266 2.48115 3.05075 2.46046 2.39357 2.24666 1.90171 6.91094 2.79715 1.90133 1.87823 1.87092 1.81736 1.81003 2.45127 1.77849 1.77499 1.77401 1.77206 2.24282 1.6502 1.61735 1.48993 1.48559 1.3934 1.3734 1.5001 1.31987 1.31024 1.10686 1.03307 1.03064
threshold=11.500000000000002 21.500000000000004 10.500000000000002 1929.5000000000002 5307.0000000000009 -0.1002210278958806 3.5000000000000004 1373.5000000000002 18.500000000000004 8.5000000000000018 2.1559015562918522 8.5000000000000018 6248.0000000000009 17.500000000000004 5929.5000000000009 3458.0000000000005 71.696590000000015 3.5000000000000004 3.1217798661229161 114061.66666666667 100672.66666666669 9.5000000000000018 30373.500000000004 736.50000000000011 4.5000000000000009 -0.97836012436839315 2072.5000000000005 0.39999999999999908 30582.500000000004 32539.500000000004 88.320060000000012 1226.7083333333335 1964.5000000000002 32681.500000000004 94345.500000000015 715.50000000000011 19.500000000000004 6631.0000000000009 227.00000000000003 11.131274888548623 0.77397500000000019 1072.5000000000002 3877.0000000000005 1578.5000000000002 327.27083333333337 22.500000000000004 1451.5000000000002 79.171143000000015 329.31250000000006 4632.0000000000009 7.5000000000000009 3.5000000000000004 13.500000000000002 107221.31250000001 1237.0000000000002 3298.5000000000005 1168.5000000000002 4053.0000000000005 21876.500000000004 61.421256000000007 8434.8750000000018 20.500000000000004
decision_type=2 2 2 2 2 2 2 2 2 2 2 2 2 2 2 2 2 2 2 2 2 2 2 2 2 2 2 2 2 2 2 2 2 2 2 2 2 2 2 2 2 2 2 2 2 2 2 2 2 2 2 2 2 2 2 2 2 2 2 2 2 2
left_child=2 4 7 34 5 13 -4 21 15 12 36 40 17 25 -11 18 -15 -5 19 20 28 55 -13 -23 -25 -2 27 35 43 30 -26 -9 -33 39 -3 -27 -6 38 -38 -10 41 -8 -22 44 -7 51 -37 -45 -19 -50 57 -14 -29 -43 -34 60 -57 -47 -44 -40 -1 -20
right_child=1 3 6 9 10 8 11 31 33 14 -12 22 45 16 -16 -17 -18 48 61 -21 42 23 -24 24 29 26 -28 52 -30 -31 -32 32 54 -35 -36 46 37 -39 59 -41 -42 53 58 47 -46 50 -48 -49 49 -51 -52 -53 -54 -55 -56 56 -58 -59 -60 -61 -62 -63
leaf_value=-4.0803502747638856 91.708026932260992 -1.4370606255934562 -3.986845327177976 -2.3946448127620212 122.46521259061471 -6.8819335215894002 21.418878733423963 1.0048464356876723 1.4054611707558751 -3.6767938207020272 -1.0275591412716567 -4.3521499729498201 20.809636935846186 -3.0802230850409544 8.1635834657291007 52.843816419181351 27.620709774353884 6.8712171374472231 26.613366691787554 26.040815400955797 -4.3953620487539267 -4.0648821784283884 0.22993291347981426 -4.3576935934698611 1.3266681583135207 -5.4148686991365578 56.263626882550739 45.5755769246258 20.670723607876848 1.2081065139364859 -2.1848761878902514 -3.4427216199236779 -1.4894840284020723 -5.8852791304394358 -4.0496905368988028 22.682127588605894 -3.496926199664574 76.634892735544412 18.843897088600848 -3.7089530083707425 12.103308159393471 -1.979592803507976 -7.6669693485307047 18.258377399108944 13.506557869041593 1.8702731163882123 10.262344097766496 -1.3503622301015741 -1.9892900803005726 7.7941411668590268 0.31562257494454227 56.748891824267012 15.623483366302402 14.321137502118699 1.001957848661577 -3.6295682821080129 -2.5829692883319213 24.086758932384729 9.6162447494233803 2.897986196983338 -4.4560735813688632 35.644412473736317
leaf_weight=2733 366 34 90 23 1218 22 36 24 25 47 24 26 21 32 28 45 24 28 35 44 37 124 23 93 20 24 128 106 39 28 27 29 25 43 133 23 20 403 23 28 46 35 20 26 29 20 20 22 33 34 22 113 29 36 24 42 21 46 23 22 22 20
leaf_count=2733 366 34 90 23 1218 22 36 24 25 47 24 26 21 32 28 45 24 28 35 44 37 124 23 93 20 24 128 106 39 28 27 29 25 43 133 23 20 403 23 28 46 35 20 26 29 20 20 22 33 34 22 113 29 36 24 42 21 46 23 22 22 20
internal_value=-0.00169952 0.00970475 -0.0130981 0.000458684 0.0115465 0.00810429 -0.00235193 -0.014074 0.00195809 0.00530475 0.0139799 0.00310242 0.00740076 0.0118428 -0.00415446 0.00446562 0.00262032 0.00149873 0.00306528 0.001591 0 -0.0144198 -0.00757637 -0.0112872 -0.00854848 0.0125801 0.0104423 0.00800099 0.00345402 -0.000958722 -0.00535032 -0.00349657 -0.00610755 -0.00746098 -0.0115619 0.00241431 0.0142323 0.012555 0.00341014 -0.00305085 0.00654474 0.00431373 -0.00595506 0.000726539 -0.00317025 0.0105223 0.00654292 0.00492723 0.00422713 0.00152012 0.00711691 0.0127293 0.0107476 0.0014346 -0.0014664 -0.0147429 -0.0101743 0.00948563 -0.00167053 0.00758315 -0.0148459 0.0100181
internal_weight=7006 3502 3504 582 2920 1210 292 3212 458 415 1710 202 340 752 75 362 56 118 317 262 218 3110 49 292 168 696 330 202 138 75 47 102 78 96 167 67 1686 468 65 53 153 107 80 99 51 222 43 48 95 67 88 134 135 71 49 2818 63 66 43 45 2755 55
internal_count=7006 3502 3504 582 2920 1210 292 3212 458 415 1710 202 340 752 75 362 56 118 317 262 218 3110 49 292 168 696 330 202 138 75 47 102 78 96 167 67 1686 468 65 53 153 107 80 99 51 222 43 48 95 67 88 134 135 71 49 2818 63 66 43 45 2755 55
is_linear=0
shrinkage=0.03


Tree=30
num_leaves=63
num_cat=0
split_feature=4 4 4 57 55 34 6 56 4 6 34 6 55 55 4 21 57 56 0 55 4 62 6 43 23 55 56 21 44 43 13 57 21 19 62 2 4 55 16 16 22 27 65 59 62 16 46 21 22 55 54 48 34 29 3 44 17 55 43 15 17 54
split_gain=1000.59 66.3514 39.7371 37.0191 27.9883 33.3538 18.0238 14.7488 11.0334 8.8814 8.42741 7.36408 7.10673 6.08601 5.54931 4.89144 4.61479 4.41091 4.27503 3.96479 3.47955 6.51144 3.4303 3.25122 3.01888 2.62957 2.55582 2.49791 2.46241 2.46046 2.39357 2.28829 2.24803 2.23357 2.66847 2.20444 2.19957 7.64633 3.2502 2.06316 1.99224 1.90133 1.89146 2.71067 2.16401 1.80031 1.7047 1.72949 1.61148 1.55174 1.49226 1.7397 1.98638 1.48962 1.47289 1.46787 1.34997 0.867629 3.36999 0.783733 0.714901 0.699038
threshold=11.500000000000002 21.500000000000004 10.500000000000002 1929.5000000000002 5307.0000000000009 -0.1002210278958806 3.5000000000000004 1610.5000000000002 18.500000000000004 8.5000000000000018 2.252732531485869 8.5000000000000018 6248.0000000000009 1995.5000000000002 18.500000000000004 1.4659460287190229 6478.5000000000009 3077.5000000000005 92150.500000000015 1663.5000000000002 9.5000000000000018 2091.979166666667 4.5000000000000009 30373.500000000004 89.962375000000023 4024.0000000000005 4712.5000000000009 3.1789598539748645 31641.500000000004 32681.500000000004 94345.500000000015 1707.0000000000002 1.3731266739992116 15.675000000000002 2076.7708333333335 93.12063000000002 19.500000000000004 7173.5000000000009 -318.99999999999994 -1190.4999999999998 0.12500000000000003 11.131274888548623 4351.0000000000009 2832.5000000000005 1511.2708333333335 -3556.9999999999995 29446.270833333339 2.7337642433839373 1.1750000000000009 9.5000000000000018 1204.9583333333337 216.50000000000003 -0.79929168459663547 59.283848324925962 61.886186547413232 32481.500000000004 26.125000000000004 150.50000000000003 27357.500000000004 18625.288607118473 10.375000000000002 1107.1458333333337
decision_type=2 2 2 2 2 2 2 2 2 2 2 2 2 2 2 2 2 2 2 2 2 2 2 2 2 2 2 2 2 2 2 2 2 2 2 2 2 2 2 2 2 2 2 2 2 2 2 2 2 2 2 2 2 2 2 2 2 2 2 2 2 2
left_child=2 4 7 30 5 14 -4 20 13 12 36 27 18 17 15 19 56 32 25 -2 31 -22 -23 -13 -24 -5 -20 46 -9 41 -3 57 -7 34 -14 42 -6 38 -38 -35 -40 -10 54 44 -44 -30 -8 -48 50 -29 51 60 -53 -19 -34 -26 -11 -1 -59 -60 -17 -15
right_child=1 3 6 9 10 8 11 28 29 16 -12 23 33 61 -16 48 -18 53 26 -21 21 22 24 -25 55 -27 -28 49 45 -31 -32 -33 35 39 -36 -37 37 -39 40 -41 -42 -43 43 -45 -46 -47 47 -49 -50 -51 -52 52 -54 -55 -56 -57 -58 58 59 -61 -62 -63
leaf_value=-3.9879397665209688 -3.7536747434308291 -1.3939488068256531 -3.8672399673626376 -3.4838673709170709 118.85414180334037 -7.1062987761466125 -2.8789747385827211 -2.6134776785502729 1.3632973356331921 -4.3551233559532347 -1.3763814106059187 -4.2215854737613263 15.169843771828484 15.96913674705891 1.6783945875834956 60.538617923060727 11.314926366334779 -0.44529563191175836 8.9844051520244239 60.211481121863798 -3.9847636358412419 -4.6346335507063188 1.0730601184923176 0.22303492607541897 -2.1646842348381119 0.69892874535233374 -0.18330631242833192 6.9904062298048766 -0.33180685154419731 -5.7087207565262519 -3.9281998207918387 -2.3567589745266133 24.251875121768414 5.8107260056295829 -1.9799898898006516 -2.0146429493401912 -4.7117330276782985 80.241282856420511 21.618223598669495 42.431615367890736 2.8535448976924727 -3.5976844181196248 19.892624091373563 25.814965691033926 -4.7061609550742123 1.0158232084419092 11.244779209664028 -1.0504916956610555 84.94811721197344 19.475336435332327 54.211970534191039 60.171555103469458 3.5221336064981776 -3.9992609551642953 22.392958352355439 -0.42541300140373833 -2.1459290186958402 -3.2243690232757292 -3.8602240952462226 -3.4833397665209684 31.18188897468778 43.058571902242065
leaf_weight=2365 31 34 90 24 1220 20 20 31 25 31 21 26 20 27 34 55 21 23 40 26 177 32 38 23 25 30 24 21 20 43 133 20 63 28 21 39 20 371 46 153 32 28 24 39 28 31 25 24 320 63 193 40 33 25 35 20 23 24 406 23 20 39
leaf_count=2365 31 34 90 24 1220 20 20 31 25 31 21 26 20 27 34 55 21 23 40 26 177 32 38 23 25 30 24 21 20 43 133 20 63 28 21 39 20 371 46 153 32 28 24 39 28 31 25 24 320 63 193 40 33 25 35 20 23 24 406 23 20 39
internal_value=-0.00172949 0.00961052 -0.0130638 0.000355609 0.0114541 0.00795554 -0.00245464 -0.0140273 0.00156516 0.0051602 0.0139273 0.00250866 0.00722435 0.00396852 0.0118428 0.0124036 -0.00415446 0.00211753 0.00124471 0.00388792 -0.0143564 -0.0111845 -0.00557776 -0.00757637 -0.00231047 -0.0049353 0.00650546 0.00576094 -0.00142509 -0.00746098 -0.0115619 -0.0146813 0.0037364 0.0103872 0.00394161 0.00459009 0.0141626 0.0123684 0.00486239 0.0118277 0.00764405 -0.00305085 0.00593337 0.00276619 -0.00166987 0.00258317 0.00147612 0.00452138 0.0131327 0.009239 0.0116447 0.00929777 0.00590971 -0.00617464 0.00883792 -0.00758315 -0.00881701 -0.0147536 -0.0134672 -0.0140806 0.0125433 0.0122088
internal_weight=7006 3502 3504 582 2920 1210 292 3212 458 415 1710 202 340 362 752 718 75 296 118 57 3130 292 115 49 83 54 64 153 82 96 167 2838 248 222 41 228 1689 469 98 181 78 53 189 91 52 51 69 49 661 84 341 148 73 48 98 45 54 2818 453 429 75 66
internal_count=7006 3502 3504 582 2920 1210 292 3212 458 415 1710 202 340 362 752 718 75 296 118 57 3130 292 115 49 83 54 64 153 82 96 167 2838 248 222 41 228 1689 469 98 181 78 53 189 91 52 51 69 49 661 84 341 148 73 48 98 45 54 2818 453 429 75 66
is_linear=0
shrinkage=0.03


Tree=31
num_leaves=63
num_cat=0
split_feature=4 4 4 56 58 6 4 55 56 44 55 59 55 6 21 59 55 31 24 55 4 62 58 21 58 45 22 28 13 55 59 13 30 58 56 4 42 15 16 4 55 16 44 40 25 59 44 22 62 54 65 28 70 47 48 58 36 24 4 55 55 4
split_gain=991.536 65.0064 39.6729 36.6385 30.3907 18.0238 17.6485 18.0443 15.1773 10.6259 8.5757 8.06376 7.82491 7.36408 6.50975 7.12495 5.02546 4.38876 3.78206 3.78878 3.68535 6.51144 5.33438 3.49513 3.42541 3.07918 3.04618 2.93235 2.85356 2.77418 2.57414 2.41591 2.38087 2.28402 2.26384 2.19339 2.06848 2.05015 2.03186 1.9645 3.09042 1.9504 2.42211 1.73448 1.60885 2.04416 1.52291 1.51343 1.48474 1.46887 1.34702 1.26835 1.25217 1.1913 1.16064 1.06317 0.955453 0.900212 0.900211 3.35444 0.820239 2.11144
threshold=11.500000000000002 21.500000000000004 10.500000000000002 1919.5000000000002 2550.4791666666674 3.5000000000000004 19.500000000000004 1919.5000000000002 894.00000000000011 33303.500000000007 8436.5000000000018 4632.0000000000009 1536.5000000000002 8.5000000000000018 2.9414500874607197 4359.5000000000009 5307.0000000000009 51.56886372061404 75.361387000000022 942.50000000000011 9.5000000000000018 2091.979166666667 3837.1458333333335 1.8794240399525999 3561.8750000000005 31589.000000000004 0.39999999999999908 1.7758774999999967 93742.000000000015 6683.0000000000009 4672.5000000000009 101937.50000000001 59.135100883935209 2851.9791666666674 95.500000000000014 22.500000000000004 36017.666666666679 5281.1395207551705 1513.0000000000002 18.500000000000004 5234.5000000000009 -3616.4999999999995 32340.500000000004 66884.000000000015 66.569677000000027 2832.5000000000005 28874.500000000004 0.10000000000000099 1540.6666666666667 1356.9166666666667 706.50000000000011 -0.56103900000000084 96242.875000000015 546.50000000000011 1264.5000000000002 2092.9791666666674 12991.000000000002 73.408489000000017 20.500000000000004 7173.5000000000009 4521.5000000000009 16.500000000000004
decision_type=2 2 2 2 2 2 2 2 2 2 2 2 2 2 2 2 2 2 2 2 2 2 2 2 2 2 2 2 2 2 2 2 2 2 2 2 2 2 2 2 2 2 2 2 2 2 2 2 2 2 2 2 2 2 2 2 2 2 2 2 2 2
left_child=2 4 8 28 6 -4 7 14 20 16 11 17 23 24 15 18 37 33 44 31 -1 -22 -23 -6 49 -15 32 35 -3 -11 53 -20 56 -5 -16 -19 46 -8 -24 60 -41 -32 -43 54 -2 -46 -29 -34 -12 -7 -28 -26 -38 -10 -13 -36 -25 -52 -14 -60 61 -9
right_child=1 3 5 10 12 13 9 39 30 29 48 43 58 25 34 -17 -18 27 19 -21 21 22 38 26 51 -27 50 36 -30 -31 41 -33 47 -35 55 -37 52 -39 -40 40 -42 42 -44 -45 45 -47 -48 -49 -50 -51 57 -53 -54 -55 -56 -57 -58 -59 59 -61 -62 -63
leaf_value=-3.8383015735253396 0.079460954781938542 -1.0709998661038802 -3.7512227683417576 1.5373504339460147 -3.8512435033836128 9.859642563033427 -4.2876328245411006 55.336627108461165 -1.5552997150460393 -5.3074565498148711 25.688881808125863 10.932849222141938 115.67229741858246 -3.9829066898672818 12.476138942310412 44.074722520989425 27.053728316325888 8.230096277802458 7.3307925594162358 28.391748813734829 -3.865220726766005 -3.3886128270437013 1.1502962532074235 21.166711494622046 8.4672368073774145 0.46485744583442595 21.049057154851543 -2.135415858163078 -3.8468162300886615 -0.067176013786918384 -1.6263378802600219 -5.2332308176718927 7.2080898485210891 17.33148989771486 55.531796437254563 -2.573741671997313 -3.5021121355200919 1.201635261582483 -2.506738209365206 1.1957754664604545 53.504250189653952 -0.74298027856926041 1.7792419559472188 1.7539735651608452 -7.3476266043760345 -0.93752810213665272 3.9195642027410122 -3.0179265623678657 53.220606970683413 -1.023066671023007 66.352238414161334 14.729548654083507 -1.2990392094083625 -4.4244910250431255 19.790229792871031 27.33925100031275 17.127255275223376 63.25430077330634 3.9786921098789705 65.169522204959065 81.325357206123812 12.939138250248075
leaf_weight=2789 22 32 90 22 23 26 20 101 24 46 34 35 1406 29 31 30 70 33 39 27 177 65 23 32 27 20 25 20 129 20 23 33 20 23 48 20 35 38 27 26 66 34 28 23 35 21 20 20 91 35 37 65 24 22 41 33 20 164 26 169 226 46
leaf_count=2789 22 32 90 22 23 26 20 101 24 46 34 35 1406 29 31 30 70 33 39 27 177 65 23 32 27 20 25 20 129 20 23 33 20 23 48 20 35 38 27 26 66 34 28 23 35 21 20 20 91 35 37 65 24 22 41 33 20 164 26 169 226 46
internal_value=-0.00177231 0.00951629 -0.0130553 0.000355609 0.011341 -0.00245464 0.00702075 0.00902563 -0.0140179 -0.00106646 0.00501544 0.00221884 0.0135148 0.00250866 0.00351614 0.000347658 0.00395785 -0.00127854 -0.00193111 0.00193744 -0.0144435 -0.0111845 -0.00557776 0.00935796 0.00576094 -0.00757637 0.010176 -0.00372781 -0.0118063 -0.0108472 -0.00398169 -0.00162275 0.00550489 0.00691796 0.00933988 0.0019209 -0.00678103 -0.00253012 0.00173653 0.0127972 0.00876221 -0.000846063 0.00188406 0.00920283 -0.0068758 -0.00957219 -0.00142145 0 0.0116067 0.000196399 0.012061 0.00941368 -0.0103553 -0.00969631 0.0113929 0.0119852 0.00973129 0.0128891 0.0143976 0.0123629 0.0137818 0.0119103
internal_weight=7006 3502 3504 582 2920 292 978 784 3212 194 421 296 1942 202 319 207 128 197 177 99 3081 292 115 341 153 49 318 152 161 66 131 72 92 45 112 53 99 58 50 465 92 85 62 99 78 56 40 40 125 61 226 92 59 46 76 81 52 201 1601 195 373 147
internal_count=7006 3502 3504 582 2920 292 978 784 3212 194 421 296 1942 202 319 207 128 197 177 99 3081 292 115 341 153 49 318 152 161 66 131 72 92 45 112 53 99 58 50 465 92 85 62 99 78 56 40 40 125 61 226 92 59 46 76 81 52 201 1601 195 373 147
is_linear=0
shrinkage=0.03


Tree=32
num_leaves=63
num_cat=0
split_feature=4 4 4 57 58 34 58 56 62 70 56 58 57 21 66 24 18 23 34 66 61 4 62 58 22 46 13 61 58 24 56 62 51 4 58 24 30 22 44 44 25 49 44 11 4 22 61 58 33 22 16 58 30 3 4 58 66 22 44 22 48 31
split_gain=980.279 63.798 40.5123 35.5979 29.5221 22.4287 16.6333 15.2341 7.82848 7.39652 6.74364 5.16521 4.9701 4.82072 4.73956 4.68812 4.41621 4.30103 4.0713 3.51435 4.18278 3.26321 5.78493 4.40423 3.16354 2.9279 2.90031 2.77746 2.71699 2.61913 2.61408 2.57414 2.5494 2.54419 2.51765 3.36106 2.49144 2.16998 3.17662 2.69215 2.14009 2.02891 1.96568 1.88437 1.82174 1.74134 1.73598 1.69998 1.6016 1.5783 1.52291 1.50329 2.12752 4.54738 1.90444 1.47176 1.43915 1.42339 1.39837 1.37439 1.18415 1.17373
threshold=11.500000000000002 21.500000000000004 10.500000000000002 1929.5000000000002 2550.4791666666674 0.10426257140102281 3553.6875000000005 894.00000000000011 1540.6666666666667 100199.83333333336 3564.5000000000005 3512.7083333333339 7395.0000000000009 2.7663885018184025 2619.479166666667 51.132110000000004 6.9750000000000005 93.648718000000017 0.90907504926051186 2267.2083333333335 1238.5000000000002 9.5000000000000018 2091.979166666667 3837.1458333333335 0.39999999999999908 31483.145833333336 94345.500000000015 1155.5000000000002 1626.0208333333337 73.408489000000017 3780.0000000000005 2072.0833333333335 1410.5000000000002 19.500000000000004 4504.0625000000009 88.067909500000013 59.135100883935209 0.59999999999999887 33809.500000000007 32548.500000000004 54.070365000000002 258.50000000000006 31264.500000000004 80598.500000000015 22.500000000000004 -0.32499999999999923 1482.5000000000002 3182.5833333333339 1.8955929111869179 0.25000000000000011 36.500000000000007 3392.4166666666674 50.094533884960349 53.382239390163683 20.500000000000004 2635.2500000000005 8434.8750000000018 0.050000000000000495 29263.500000000004 -0.10000000000000096 659.50000000000011 58.141366914670066
decision_type=2 2 2 2 2 2 2 2 2 2 2 2 2 2 2 2 2 2 2 2 2 2 2 2 2 2 2 2 2 2 2 2 2 2 2 2 2 2 2 2 2 2 2 2 2 2 2 2 2 2 2 2 2 2 2 2 2 2 2 2 2 2
left_child=2 4 7 26 5 13 16 21 12 19 24 14 25 15 60 -2 -4 37 28 -7 49 56 -23 -24 36 40 -3 -25 33 58 -30 -9 55 41 35 43 -6 38 39 46 -5 -11 -33 -8 -13 -16 -17 -38 -44 -21 -27 52 53 -12 -54 -18 -1 -56 -22 -20 -10 -57
right_child=1 3 6 8 10 9 34 31 11 18 51 44 -14 -15 45 17 32 -19 59 20 29 22 23 27 -26 50 -28 -29 30 -31 -32 42 -34 -35 -36 -37 47 -39 -40 -41 -42 -43 48 -45 -46 -47 -48 -49 -50 -51 -52 -53 54 -55 57 61 -58 -59 -60 -61 -62 -63
leaf_value=-3.7231525263195793 -8.4161565358782706 -1.2974592195493655 -3.643187716091163 -4.5023241622789154 18.174102776290063 29.639863737786225 1.7187230110623817 -2.8095296468612561 10.675326065697227 5.0127817693394467 70.432503752973403 52.176858399381771 36.39987102905193 63.528724549750869 -1.6784227448039739 30.106546333765799 -2.3322825641644833 -2.136344441840647 -1.4037205699068178 6.9796059704006614 -1.4918073529863523 -3.7492641049630246 -3.28695444223239 -2.4315360630842497 53.192747203304215 -0.83812434108015565 -3.6949493392654245 2.0444092115696884 -3.7042242368717462 23.647590655388974 23.611735402252918 -2.2454295017299857 -3.2398374918711772 -3.9815279197718101 29.27365708769873 10.465549373751596 -4.2096106738218797 49.563311322818855 62.51484945672906 -4.3304335464703696 -2.2466656216296386 -2.7015393720685879 -0.66186355902733662 -3.1817450845613311 13.126926252474984 11.037153008519635 5.7380025696476125 13.73646041852062 0.98671935991567805 32.938051585134282 9.9835982902089135 117.30436258080795 76.801876729922881 -1.7306301110774485 37.664041942163777 4.0846724983640526 -4.0133274403313859 5.1655256965571965 -7.3952653256371725 -5.5119731362108437 9.0788267536250498 -1.1236434460067892
leaf_weight=2766 22 34 80 33 47 55 27 46 24 23 44 91 20 281 57 38 31 25 21 25 22 177 65 25 170 20 133 25 25 34 35 28 20 20 30 39 22 136 43 25 20 20 22 22 77 20 36 24 35 33 20 1154 405 26 30 23 23 20 22 37 33 20
leaf_count=2766 22 34 80 33 47 55 27 46 24 23 44 91 20 281 57 38 31 25 21 25 22 177 65 25 170 20 133 25 25 34 35 28 20 20 30 39 22 136 43 25 20 20 22 22 77 20 36 24 35 33 20 1154 405 26 30 23 23 20 22 37 33 20
internal_value=-0.00184511 0.00937923 -0.0130638 0.000304071 0.0111869 0.00692874 -0.00235193 -0.0140366 0.00501566 0.00112067 0.0133294 0.00753724 -0.00169761 0.0104884 0.00310962 0.00797293 -0.00825388 0.00894754 -0.00321369 0.00524333 0.00262307 -0.014463 -0.0113899 -0.00609904 0.00882554 -0.00464017 -0.0113824 0.000538922 -9.74817e-05 -0.0018822 0.0044426 -0.00398169 -0.00379384 -0.0044691 0.00632515 0.00371169 0.00431794 0.0100216 0.00736805 0.00435923 -0.00926554 -0.000278422 -0.000846063 -0.0014664 0.011047 -0.00171206 0.00724696 -0.000585683 0.00231173 0.00872633 0.00142145 0.0140325 0.012649 0.00766049 0.013408 -0.00117409 -0.0147833 0.00772455 -0.00673469 -0.00975904 0.00966725 0.00236659
internal_weight=7006 3502 3504 582 2920 978 292 3212 415 372 1942 302 113 606 134 325 174 303 181 191 136 3081 292 115 263 93 167 50 123 78 60 131 94 63 118 88 93 278 142 99 53 43 85 49 168 77 74 46 57 58 40 1679 525 70 455 74 2789 50 44 58 57 43
internal_count=7006 3502 3504 582 2920 978 292 3212 415 372 1942 302 113 606 134 325 174 303 181 191 136 3081 292 115 263 93 167 50 123 78 60 131 94 63 118 88 93 278 142 99 53 43 85 49 168 77 74 46 57 58 40 1679 525 70 455 74 2789 50 44 58 57 43
is_linear=0
shrinkage=0.03


Tree=33
num_leaves=63
num_cat=0
split_feature=4 4 4 56 55 34 6 56 4 55 43 55 4 6 56 6 62 21 4 62 58 13 26 2 62 56 12 43 22 27 22 22 34 53 57 51 44 34 21 30 61 1 28 62 56 49 57 55 4 34 22 57 18 58 36 51 45 4 55 36 54 28
split_gain=972.811 61.1695 39.7371 35.8322 30.2101 35.3962 16.9648 14.5155 9.37932 11.3137 7.80803 7.72725 6.34994 6.29965 5.41975 4.60945 5.48504 4.4055 3.68535 6.51144 5.33438 3.4226 3.31458 2.9393 2.91058 2.82893 2.81293 2.78575 2.77331 3.33096 2.59062 2.55423 2.5219 2.51225 2.45024 2.34157 2.29589 2.23464 2.12439 1.95879 1.92457 1.9175 1.89652 1.81783 1.73461 1.57463 1.57322 1.56943 3.81981 2.23878 1.65624 1.63273 1.51991 1.39817 1.46415 1.27488 1.14575 1.09686 1.08084 1.01789 0.935286 0.900481
threshold=11.500000000000002 21.500000000000004 10.500000000000002 1919.5000000000002 6826.0000000000009 -0.1002210278958806 3.5000000000000004 894.00000000000011 19.500000000000004 3611.5000000000005 32681.500000000004 7478.5000000000009 19.500000000000004 8.5000000000000018 138.50000000000003 3.5000000000000004 1540.6666666666667 2.95553360562262 9.5000000000000018 2091.979166666667 3837.1458333333335 93742.000000000015 70.422784833333353 57.037386500000004 1540.6666666666667 6004.0000000000009 86063.000000000015 30373.500000000004 0.72500000000000109 10.817630727538793 0.19999999999999954 1.0249999999999988 1.9365252025018658 2534.0000000000005 27.500000000000004 1518.5000000000002 29325.500000000004 1.6120772149681069 3.5212701214587709 50.221050963748411 1155.5000000000002 0.62500000000000011 5.410610499999998 1540.6666666666667 6415.5000000000009 334.50000000000006 5262.5000000000009 2686.0000000000005 15.500000000000002 -0.86877849347578351 0.39999999999999908 2168.5000000000005 2.1750000000000003 3561.8750000000005 12395.000000000002 1263.5000000000002 32029.500000000004 18.500000000000004 11.500000000000002 10538.000000000002 1918.5416666666667 1.3287519999999982
decision_type=2 2 2 2 2 2 2 2 2 2 2 2 2 2 2 2 2 2 2 2 2 2 2 2 2 2 2 2 2 2 2 2 2 2 2 2 2 2 2 2 2 2 2 2 2 2 2 2 2 2 2 2 2 2 2 2 2 2 2 2 2 2
left_child=2 4 7 21 5 12 61 18 9 17 23 15 14 22 -2 -5 46 28 -1 -20 -21 -3 58 -10 37 -25 -19 -15 30 55 34 47 -6 35 -7 -9 -18 -13 60 -11 -22 -28 -26 -36 -14 -43 -17 48 49 -16 51 -51 -32 54 -24 -30 -37 -41 -8 -49 -38 -4
right_child=1 3 6 11 32 8 13 33 10 39 -12 24 44 27 31 16 36 26 19 20 40 -23 53 25 42 -27 41 -29 29 -31 52 -33 -34 -35 43 56 38 -39 -40 57 -42 45 -44 -45 -46 -47 -48 59 -50 50 -52 -53 -54 -55 -56 -57 -58 -59 -60 -61 -62 -63
leaf_value=-3.6114579505299917 -1.240801942157713 -0.99423164065546399 -3.5234035868108626 -1.8798982353701359 108.12559378237351 12.073056756087212 12.023096923461113 -0.01182229102954011 16.38075144642146 6.8463966390193853 -5.1499960684128085 35.159275846787473 15.137741180846241 -3.8722053307330309 68.498995969016661 -3.0450834835892837 -0.22784303210439333 32.775355717220393 -3.6367861818141338 -3.1883458089654177 -2.3585899811917224 -3.6205632630080391 9.9775619351922789 1.2257471128344013 42.485203195015252 -3.0991103804551039 33.983073030073925 0.021864597776627762 24.273550103992701 -4.2809878710728073 -6.9495328282112006 76.663965852835972 40.693650055329208 0.86359965896696333 5.2003782478307468 -2.6816763247553572 9.1651297649026056 -2.7482078813652917 1.3378395517623176 50.07716242920791 1.9830769352225974 6.9881766579727831 10.47615210851375 -6.5093061259126301 -5.2610082973511192 -6.1937997461209395 0.094709142197200433 32.977844039013057 -1.2426759854277543 38.133607085506604 33.191422941401484 -0.81794791859133964 -2.2432736912355677 8.1638479756187081 -1.1096329571498416 1.0876281160856114 -1.4156567463933567 18.513552161380854 20.848398416562393 56.764642261088177 12.309958397849382 -3.5364817663696226
leaf_weight=2789 26 32 70 37 1332 24 21 37 29 20 47 29 24 26 91 32 38 50 177 65 25 129 21 31 123 29 29 23 22 23 29 483 28 29 20 26 54 22 23 96 25 34 20 33 20 25 20 22 22 22 54 27 20 35 34 23 39 23 42 162 23 20
leaf_count=2789 26 32 70 37 1332 24 21 37 29 20 47 29 24 26 91 32 38 50 177 65 25 129 21 31 123 29 29 23 22 23 29 483 28 29 20 26 54 22 23 96 25 34 20 33 20 25 20 22 22 22 54 27 20 35 34 23 39 23 42 162 23 20
internal_value=-0.00188793 0.00929357 -0.0130638 0.000407147 0.0110637 0.00820909 -0.00245464 -0.0140273 0.00253994 0.00454681 -0.00438648 0.00501544 0.0118162 0.00236022 0.0123551 0.00124174 0.00314045 0.00152665 -0.0144435 -0.0111845 -0.00557776 -0.0116201 0.00536904 0.000808081 0.00941267 -0.00294509 0.00562636 -0.00696538 -0.00137558 0.00348018 -0.00402062 0.0127528 0.014335 -0.00421053 -0.000544747 -0.00643487 0.00627806 0.00317025 0.00866134 0.0117326 0.00173653 0.0023496 0.0116143 -0.00418079 0.000612245 -0.00071066 -0.00512476 0.0109398 0.00914854 0.0104946 0.00739088 0.00329939 -0.00940937 0.00163152 -0.00130672 0.00824834 -0.00986175 0.013199 0.0106498 0.0130201 0.0110506 -0.0132852
internal_weight=7006 3502 3504 582 2920 1560 292 3212 607 471 136 421 953 202 909 227 190 332 3081 292 115 161 153 89 194 60 138 49 194 68 126 883 1360 131 77 102 138 51 100 139 50 88 143 53 44 59 52 400 216 194 103 49 49 90 55 45 65 119 63 184 77 90
internal_count=7006 3502 3504 582 2920 1560 292 3212 607 471 136 421 953 202 909 227 190 332 3081 292 115 161 153 89 194 60 138 49 194 68 126 883 1360 131 77 102 138 51 100 139 50 88 143 53 44 59 52 400 216 194 103 49 49 90 55 45 65 119 63 184 77 90
is_linear=0
shrinkage=0.03


Tree=34
num_leaves=63
num_cat=0
split_feature=4 4 4 56 55 34 56 1 4 34 55 59 55 21 59 22 41 4 55 62 18 4 62 22 13 24 46 18 55 21 55 49 46 45 52 54 34 4 53 23 23 14 15 62 22 68 62 11 23 23 30 48 62 51 45 22 23 63 21 31 55 4
split_gain=952.054 60.5856 39.0337 34.1294 30.4483 32.6192 16.3086 13.9706 10.7485 9.3246 7.89728 6.30838 6.27772 5.5011 4.99089 4.52273 4.23536 4.22799 9.80701 3.79042 3.63089 3.50634 6.51144 3.43844 3.2786 3.25501 3.14133 3.02623 2.80109 3.20583 2.70536 2.58458 2.9175 2.29543 2.27813 2.92663 2.27104 2.26621 2.24435 2.05709 2.03853 2.01178 2.00573 2.03055 2.14873 1.95177 1.99919 2.1318 1.93448 1.8417 1.81731 1.8053 1.76971 1.73704 1.45952 1.48164 1.4403 1.40654 1.37189 1.31377 1.24013 4.46488
threshold=11.500000000000002 21.500000000000004 10.500000000000002 1919.5000000000002 5307.0000000000009 -0.28765678154191926 894.00000000000011 5.7250000000000005 18.500000000000004 2.252732531485869 8436.5000000000018 4632.0000000000009 3073.5000000000005 2.95553360562262 2616.0000000000005 0.69999999999999984 40006.000000000007 19.500000000000004 7933.5000000000009 1043.7916666666667 22.075000000000006 9.5000000000000018 2091.979166666667 0.22500000000000123 93742.000000000015 58.789800500000005 29446.270833333339 3.2750000000000004 2.5000000000000004 3.4049350089322661 6756.5000000000009 205.50000000000003 29297.562500000004 33710.500000000007 766.50000000000011 1500.3125000000002 0.77689139346648528 12.500000000000002 2534.0000000000005 81.561320000000009 58.045719000000005 93691.208333333358 5278.1403162676734 1449.2291666666667 0.72500000000000109 87323.000000000015 1330.3958333333337 91441.500000000015 94.407885000000007 42.172436000000005 58.161269224774898 227.50000000000003 1353.6458333333337 1518.5000000000002 32497.500000000004 -0.3499999999999987 64.376362000000015 1041.5000000000002 1.5853238808763421 64.145210211667163 131.50000000000003 2.5000000000000004
decision_type=2 2 2 2 2 2 2 2 2 2 2 2 2 2 2 2 2 2 2 2 2 2 2 2 2 2 2 2 2 2 2 2 2 2 2 2 2 2 2 2 2 2 2 2 2 2 2 2 2 2 2 2 2 2 2 2 2 2 2 2 2 2
left_child=2 4 6 24 5 15 21 26 12 17 11 16 13 14 20 25 31 -6 23 -9 42 60 -23 36 -3 -2 -4 -24 -21 -30 38 -5 40 34 -10 -36 -19 -27 53 -16 -33 -25 -7 -44 -45 -15 -47 -48 54 -18 -31 -49 -12 -8 55 -29 -39 59 -17 -13 -1 -62
right_child=1 3 7 10 9 8 30 19 33 -11 52 57 -14 45 39 58 49 18 -20 28 -22 22 27 41 -26 37 -28 48 29 50 -32 32 -34 -35 35 -37 -38 56 -40 -41 -42 -43 43 44 -46 46 47 51 -50 -51 -52 -53 -54 -55 -56 -57 -58 -59 -60 -61 61 -63
leaf_value=-3.5331142120140919 -2.4502409141799673 -0.96440469143579988 -0.60364237338143478 -1.9380227901578335 106.41564222776067 -4.8155733820492639 -0.31800701451043917 -3.6796182731056053 -7.3485015738468222 -1.6292269083028577 12.804182015779757 8.97075561924696 40.348860339689153 28.75610110311316 16.144959445622383 26.531142952453379 0.10495883608564667 22.410614429859116 76.898101771025708 -0.94699627795278418 22.52330746888514 -3.5276825963597096 -4.3296065179308121 9.5982699161824439 -3.5119463651177978 4.9133814939557423 -3.4319605149784764 0.59905326372555179 1.3322704713550755 15.915071150554462 0.99958748151000687 8.9181427020756132 14.711877805375273 -5.4155059876282863 3.9406750340745087 -4.193247752430274 -0.38437515341772949 3.7420958359104768 0.18474610306227787 -0.03211908026347373 -3.0957372680513298 -3.3220193421551674 7.7737114488240628 -6.7100606626982584 -0.14544680714423405 43.777403280232107 -4.3193781087402394 25.31668549037623 -2.2402334004552102 -2.6191777877644777 4.3505587644142123 8.8004452714247829 47.740882578343978 -2.8133373821744172 0.99496278120743165 -2.3902831969777392 53.508017467232548 14.951630275370377 69.402776088480493 -0.53642751894311347 -3.3950914446028424 -0.023114212014092174
leaf_weight=2342 22 32 20 21 1220 40 30 20 21 21 24 25 72 47 44 25 29 81 315 30 20 177 25 29 129 26 73 23 73 38 21 28 34 34 30 23 24 20 26 33 23 20 24 27 22 23 38 20 25 62 38 29 101 54 21 21 160 54 410 20 425 22
leaf_count=2342 22 32 20 21 1220 40 30 20 21 21 24 25 72 47 44 25 29 81 315 30 20 177 25 29 129 26 73 23 73 38 21 28 34 34 30 23 24 20 26 33 23 20 24 27 22 23 38 20 25 62 38 29 101 54 21 21 160 54 410 20 425 22
internal_value=-0.00191362 0.00914794 -0.0129697 0.000304071 0.0109096 0.00726138 -0.0139245 -0.00245464 0.00183148 0.0134887 0.00480171 0.00211753 0.00392166 0.00232089 -0.000842456 0.0117358 -0.000974125 0.0137363 0.0112812 0.00201909 -0.00437265 -0.0143656 -0.0111845 0.00504218 -0.0114339 0.00827269 -0.0120516 -0.00557776 0.00341709 0.00511066 -0.00352403 0.003082 0.00542891 -0.00663275 -0.00360324 -0.000225989 0.00810657 0.00944687 -0.00542234 0.00521401 0.000821918 -0.0014664 -0.00647215 -0.00344733 -0.00696538 0.00656906 0.00433243 0.00220436 -0.00296337 -0.00572997 0.00942181 0.00635438 0.0111271 -0.00781213 -0.000184332 -0.00333333 0.0106441 0.00829465 0.0135417 0.00425721 -0.0146972 -0.0131783
internal_weight=7006 3502 3504 582 2920 1210 3212 292 547 1710 421 296 439 367 210 663 197 1689 469 199 133 3081 292 154 161 228 93 115 179 149 131 106 85 108 74 53 105 206 110 77 51 49 113 73 49 157 110 87 90 91 76 49 125 84 65 44 180 99 435 45 2789 447
internal_count=7006 3502 3504 582 2920 1210 3212 292 547 1710 421 296 439 367 210 663 197 1689 469 199 133 3081 292 154 161 228 93 115 179 149 131 106 85 108 74 53 105 206 110 77 51 49 113 73 49 157 110 87 90 91 76 49 125 84 65 44 180 99 435 45 2789 447
is_linear=0
shrinkage=0.03


Tree=35
num_leaves=63
num_cat=0
split_feature=4 22 55 4 4 57 6 56 34 55 34 34 6 55 4 55 3 4 55 33 62 46 4 62 58 23 56 45 26 55 55 59 53 55 34 59 34 56 57 62 30 44 31 47 60 37 44 48 52 23 42 49 26 47 37 55 4 31 16 62 45 34
split_gain=944.693 62.4977 59.5596 36.959 24.2004 19.0345 17.0449 14.8949 11.6906 8.86268 8.97951 8.05631 6.72788 5.87254 5.58908 6.78051 5.29228 5.06832 4.5725 4.15659 4.24977 3.6537 3.46227 6.51144 4.59377 3.26655 3.14882 3.07918 2.97185 2.73599 2.47573 2.43789 2.36613 2.28688 4.48162 2.23948 2.20799 3.17223 3.1529 2.11258 2.09941 2.09011 2.02283 2.00156 2.09649 1.88675 1.85505 1.94398 1.85311 2.64407 1.64068 1.61628 1.58406 1.55411 1.53214 1.45017 4.37441 1.44525 1.33923 1.64394 1.31634 1.1878
threshold=11.500000000000002 0.4000000000000013 6948.5000000000009 10.500000000000002 19.500000000000004 2074.5000000000005 3.5000000000000004 894.00000000000011 1.8398987091496866 2164.5000000000005 -0.025615956148897109 -0.42403443256650059 8.5000000000000018 3073.5000000000005 19.500000000000004 8153.5000000000009 50.183757432253863 14.500000000000002 4024.0000000000005 3.1525707825339961 1461.1875000000002 27454.041666666668 9.5000000000000018 2091.979166666667 4337.291666666667 66.641512500000019 2164.5000000000005 31589.000000000004 70.422784833333353 8512.0000000000018 366.50000000000006 3801.0000000000005 2534.0000000000005 7889.0000000000009 0.67588887759622207 1711.5000000000002 1.8398987091496866 5072.0000000000009 7015.5000000000009 2048.4791666666674 59.031629898097727 32539.500000000004 61.093732408019356 410.50000000000006 5060.5000000000009 12054.000000000002 32539.500000000004 615.50000000000011 1238.5000000000002 95.01936000000002 38046.458333333343 217.50000000000003 83.838604062500011 226.50000000000003 19382.000000000004 131.50000000000003 2.5000000000000004 56.029963263493926 381.50000000000006 1885.291666666667 29717.500000000004 -1.0410041070796543
decision_type=2 2 2 2 2 2 2 2 2 2 2 2 2 2 2 2 2 2 2 2 2 2 2 2 2 2 2 2 2 2 2 2 2 2 2 2 2 2 2 2 2 2 2 2 2 2 2 2 2 2 2 2 2 2 2 2 2 2 2 2 2 2
left_child=3 2 4 7 11 46 -5 22 33 10 17 30 28 19 -11 39 -10 61 52 20 53 -20 55 -24 41 -15 51 -14 -8 -18 -2 50 43 34 -4 -28 37 58 42 54 -36 60 -39 -9 -45 -40 47 -6 -30 -50 -22 -12 57 -13 -16 -1 -57 -7 59 -23 -25 -3
right_child=1 9 8 6 5 18 12 32 16 14 26 13 27 25 15 -17 29 -19 21 -21 31 36 23 24 -26 -27 35 -29 48 -31 -32 -33 -34 -35 40 -37 -38 38 45 -41 -42 -43 -44 44 -46 -47 -48 -49 49 -51 -52 -53 -54 -55 -56 56 -58 -59 -60 -61 -62 -63
leaf_value=-3.4271207856536696 6.1150801758096485 76.933885514944535 42.352782126755145 -3.3207295307550893 -1.1415053155744121 -5.1974978440176409 19.642237198002444 0.36578685096786218 42.18156915798528 100.62574586086733 -2.0976312910804573 18.457759024603781 -3.5987897935249058 -2.601906414210748 6.1507624816678934 87.024919439998499 -1.6962940537862186 -2.4059831121602087 -2.2207493257054387 19.265149478041781 -2.8626970562245795 -3.2809086982466749 -3.4218521184689186 -2.154404454839197 1.2104968246373393 35.438469422542795 -5.7203223064156825 0.25044024347821847 9.6382669629958624 1.3390800137871246 57.331224181177554 14.503428437015984 0.83214928610608696 72.809446864132312 12.832937772271766 1.0593626768173772 -2.102592734735659 1.2271478669687064 -0.13215671889571695 15.585077454004157 -1.4915908341122417 -2.6230522227024267e-05 -6.1823706295266119 -3.6425226356775982 -1.0311068829427246 15.531430572126595 -3.6518370333032366 -2.8045607863626922 -1.8021415744630995 6.7910104941323448 -6.1369844625105205 27.772016357158542 1.019244004884964 -0.2369380783191127 -3.1279148276152218 -3.293238701264757 -0.022420785653669385 -0.31549221485592882 20.534847770098853 10.022316585892485 -2.8238643926091425 33.038558342530173
leaf_weight=2342 37 150 84 90 37 25 63 21 23 1322 22 26 29 23 20 67 35 20 20 37 22 20 177 20 22 56 20 20 37 29 115 22 29 448 28 23 27 24 21 32 26 23 24 34 47 26 118 31 32 21 66 58 22 39 20 425 22 26 34 33 50 144
leaf_count=2342 37 150 84 90 37 25 63 21 23 1322 22 26 29 23 20 67 35 20 20 37 22 20 177 20 22 56 20 20 37 29 115 22 29 448 28 23 27 24 21 32 26 23 24 34 47 26 118 31 32 21 66 58 22 39 20 425 22 26 34 33 50 144
internal_value=-0.00198213 0.00903658 0.00467365 -0.0129953 -0.000238428 -0.00484942 -0.00276275 -0.0139245 0.0114723 0.0127217 0.0089499 0.00483412 0.00206333 0.00189626 0.0138471 0.00806614 0.00117107 0.0116428 -0.000188679 -0.000693069 -0.00263849 0.00188564 -0.0143462 -0.0111845 -0.00557776 0.00887484 0.00204712 -0.00757637 0.00517309 -0.00322933 0.0104339 -0.00623978 -0.00398169 0.0129961 0.00953657 -0.00445476 0.0030703 0.00426689 0.00044164 0.00162275 0.00271719 -0.00850698 -0.00492723 -0.00614104 -0.00828607 0.00598726 -0.0123966 -0.00832599 0.00163152 -0.0019209 -0.008479 0.00558052 -0.00673051 0.00341014 -0.00291771 -0.0146757 -0.0130441 -0.00962818 0.00840413 0.00531073 -0.0110842 0.0126386
internal_weight=7006 3502 1604 3504 931 488 292 3212 673 1898 437 443 202 291 1461 139 87 314 302 212 175 229 3081 292 115 79 123 49 153 64 152 110 131 586 138 43 209 182 95 72 54 93 48 102 81 47 186 68 90 53 88 80 73 65 40 2789 447 51 87 53 70 294
internal_count=7006 3502 1604 3504 931 488 292 3212 673 1898 437 443 202 291 1461 139 87 314 302 212 175 229 3081 292 115 79 123 49 153 64 152 110 131 586 138 43 209 182 95 72 54 93 48 102 81 47 186 68 90 53 88 80 73 65 40 2789 447 51 87 53 70 294
is_linear=0
shrinkage=0.03


Tree=36
num_leaves=63
num_cat=0
split_feature=56 10 9 55 56 55 34 55 34 55 43 21 58 10 62 58 10 50 59 34 47 12 53 50 26 66 31 62 18 55 10 59 58 51 34 3 56 14 28 56 58 48 44 16 55 61 6 43 61 42 56 58 42 15 26 57 16 20 14 58 3 26
split_gain=924.532 96.7539 49.1079 56.0861 19.0123 18.2032 17.002 8.92287 9.86907 6.71145 6.16335 5.12006 4.74536 4.4431 6.27005 4.69051 3.81737 3.61541 3.30776 3.18285 3.02006 4.16412 4.04276 2.99595 2.94221 2.91681 2.87307 2.79184 2.77059 2.7089 8.84004 2.67918 3.73775 2.67547 2.56907 3.36319 2.54973 2.45762 2.68654 2.41619 2.4155 2.37234 2.06054 2.03186 1.96556 1.89921 1.84257 1.78545 1.6098 1.539 1.52671 1.86362 1.47046 1.42615 1.39174 1.38095 1.31798 1.17382 1.79948 1.06914 0.989689 0.959293
threshold=894.00000000000011 0.87900005428953576 1.0000000180025095e-35 7350.0000000000009 40.500000000000007 2611.0000000000005 -0.42403443256650059 4024.0000000000005 2.252732531485869 8383.0000000000018 33100.500000000007 3.0224866627598477 3876.0416666666674 0.74305326206722599 2091.979166666667 3837.1458333333335 0.87900005428953576 425.04166666666674 2616.0000000000005 1.0517646276345654 895.50000000000011 89527.500000000015 2593.5000000000005 335.08333333333343 85.454102583333352 8434.8750000000018 60.753012876946336 1614.3125000000002 2.7750000000000004 5890.5000000000009 0.46472317204376884 3091.0000000000005 3290.9375000000005 1188.5000000000002 1.8398987091496866 53.11266639639026 5630.0000000000009 95141.166666666686 -0.04034199999999543 5814.5000000000009 1864.4166666666667 252.50000000000003 31809.500000000004 1513.0000000000002 5583.5000000000009 5186.5000000000009 4.5000000000000009 32870.000000000007 1736.5000000000002 54404.875000000007 278.50000000000006 1626.0208333333337 35860.625000000007 4902.9644940267963 81.447471791666672 5145.5000000000009 4875.0000000000009 -11.654166666666665 121136.72916666667 4504.0625000000009 61.956945356185976 82.84859800000001
decision_type=2 2 2 2 2 2 2 2 2 2 2 2 2 2 2 2 2 2 2 2 2 2 2 2 2 2 2 2 2 2 2 2 2 2 2 2 2 2 2 2 2 2 2 2 2 2 2 2 2 2 2 2 2 2 2 2 2 2 2 2 2 2
left_child=1 13 3 7 12 6 16 24 10 19 20 17 18 25 -15 61 -4 23 28 -5 21 44 26 47 45 50 -22 -21 -3 30 39 32 37 -10 -11 -36 -23 38 52 -7 -41 -13 56 -17 -9 -2 -29 48 -8 -28 57 -52 -6 -46 -19 -24 -30 58 -1 -34 -39 -16
right_child=2 4 5 9 31 29 11 8 33 34 -12 41 -14 14 15 43 -18 54 -20 27 22 36 55 -25 -26 -27 49 46 42 -31 -32 -33 59 -35 35 -37 -38 60 -40 40 -42 -43 -44 -45 53 -47 -48 -49 -50 -51 51 -53 -54 -55 -56 -57 -58 -59 -60 -61 -62 -63
leaf_value=-0.28345173711836397 -4.0411929251561887 -3.3104649090993918 5.0245307393019081 24.938782214132409 5.77398977179128 20.079116229014179 -5.6723205696111609 -1.332937456129661 -1.1513800280091948 72.649264510444965 -5.9032270236810653 29.598727235023997 7.8599416427507078 -3.3046099413063024 -3.2609621888925293 1.0892164137588702 62.397962394183075 -0.043791435155053474 4.2971760279473576 -1.9176986501893452 1.9946413346224698 6.7526343797270147 0.082985184895424308 -8.4253310549131299 2.6311540257968602 -3.5757768286755116 -4.9307093119309631 -0.87139506326480609 -0.97817928489414585 103.67520245027073 55.293695087724622 43.338587851027576 12.494122255276856 -3.0882978959077492 25.22902875689412 -0.95330658439254146 9.6652113667285988 -5.3337259493799127 -4.3008262301667397 -7.0530004102307613 9.5475902850586412 9.1256318546301269 7.5760245484619757 -2.2798594749433754 -0.72610895739827697 -0.25574237922765547 11.495608618742613 12.052528515794167 4.8746358746183569 -1.3504286291458163 -2.1969442628249167 -3.1638573622797166 19.48614646792814 17.514211193963629 25.966854020012331 12.930122904158642 -3.8613685816027297 -3.2943071620840594 -3.5343071620840596 31.487647178696786 -1.3713443511127525 -2.0879327362641082
leaf_weight=20 107 93 33 109 20 29 28 37 37 358 21 44 26 180 45 23 295 28 29 25 37 73 22 31 21 31 29 23 35 1126 352 43 80 40 23 24 35 25 25 23 27 25 20 27 20 20 29 20 22 27 20 130 31 30 24 27 34 2687 28 25 27 21
leaf_count=20 107 93 33 109 20 29 28 37 37 358 21 44 26 180 45 23 295 28 29 25 37 73 22 31 21 31 29 23 35 1126 352 43 80 40 23 24 35 25 25 23 27 25 20 27 20 20 29 20 22 27 20 130 31 30 24 27 34 2687 28 25 27 21
internal_value=-0.00201639 -0.0122445 0.00959495 0.00467337 -0.000140324 0.0123354 0.00762952 -0.0019242 0.000234429 0.0111859 0.00233734 0.00120216 -0.00637706 -0.0141767 -0.0106282 -0.00514212 0.0119689 -0.00184193 -0.00787305 0.00643203 0.00332839 0.0057509 0 -0.0051632 -0.00828494 -0.0145355 -0.00367347 0.00171206 -0.00937397 0.0139952 0.0119276 0.00520464 0.00391248 -0.00949416 0.0133597 0.0066242 0.00968548 0.000444965 0.00390276 0.00280657 -0.00113772 0.00798842 -0.00552189 0.00173653 0.000826636 -0.0100079 0.00570058 -0.00166904 -0.00473054 -0.00796791 -0.0146345 -0.0115723 0.00786693 0.00473054 0.00454894 0.00696538 -0.00798842 -0.0148009 -0.00991684 0.00810657 -0.00454894 -0.0103933
internal_weight=7006 3725 3281 1174 513 2107 550 583 435 591 358 222 237 3212 296 116 328 153 211 186 337 195 142 101 148 2916 93 77 182 1557 431 276 233 77 405 47 108 128 76 79 50 69 89 50 87 127 52 70 50 56 2885 150 51 50 52 49 69 2735 48 105 52 66
internal_count=7006 3725 3281 1174 513 2107 550 583 435 591 358 222 237 3212 296 116 328 153 211 186 337 195 142 101 148 2916 93 77 182 1557 431 276 233 77 405 47 108 128 76 79 50 69 89 50 87 127 52 70 50 56 2885 150 51 50 52 49 69 2735 48 105 52 66
is_linear=0
shrinkage=0.03


Tree=37
num_leaves=63
num_cat=0
split_feature=4 22 55 4 4 57 56 58 34 55 34 55 18 34 3 21 4 62 58 24 62 15 54 4 55 44 22 23 57 62 56 62 55 59 55 62 22 50 21 44 48 28 19 7 4 43 16 55 4 55 27 62 62 30 58 34 41 55 4 55 14 41
split_gain=921.334 62.058 57.7133 34.5203 23.9 17.3341 14.6988 13.2701 10.3983 9.53144 12.6911 8.3897 6.77813 5.18958 5.17177 4.71776 4.28157 6.77882 4.60554 4.23586 4.05323 3.74684 3.28834 3.19836 5.02981 3.00081 3.44919 2.98177 2.94521 3.216 4.31307 2.81346 2.76057 2.73133 2.67046 2.55611 2.38654 2.38246 2.3698 2.27761 2.45155 2.21605 2.19248 2.13384 2.04207 2.03799 2.03186 1.99516 1.93255 1.89118 1.8882 3.70708 1.88055 2.06468 1.83504 1.83084 1.77543 1.61508 5.66565 1.57513 1.39575 1.36899
threshold=11.500000000000002 0.4000000000000013 7044.5000000000009 10.500000000000002 19.500000000000004 1999.0000000000002 894.00000000000011 3966.2083333333335 1.8398987091496866 5234.5000000000009 -0.27947911279525067 3073.5000000000005 5.7250000000000005 -0.58293168673073115 50.183757432253863 3.0091496943079812 9.5000000000000018 2091.979166666667 3837.1458333333335 72.910545500000026 1694.8958333333335 5986.2394342398939 811.27083333333337 19.500000000000004 8153.5000000000009 32524.500000000004 -0.27499999999999858 94.407885000000007 7226.5000000000009 1511.2708333333335 4534.5000000000009 2199.8125000000005 8383.0000000000018 2541.0000000000005 4578.5000000000009 1491.3125000000002 0.09999999999999977 425.04166666666674 1.4659460287190229 32539.500000000004 586.50000000000011 2.5638100000000041 25.825000000000006 18.500000000000004 16.500000000000004 29223.500000000004 1513.0000000000002 8512.0000000000018 18.500000000000004 339.00000000000006 9.8133244624999882 2114.2500000000005 1377.0000000000002 58.065682007465881 4504.0625000000009 0.57936653180212272 39109.500000000007 121.50000000000001 2.5000000000000004 10.500000000000002 96594.687500000015 41469.500000000007
decision_type=2 2 2 2 2 2 2 2 2 2 2 2 2 2 2 2 2 2 2 2 2 2 2 2 2 2 2 2 2 2 2 2 2 2 2 2 2 2 2 2 2 2 2 2 2 2 2 2 2 2 2 2 2 2 2 2 2 2 2 2 2 2
left_child=3 2 4 6 11 39 16 12 32 10 38 13 -5 49 -10 33 57 -18 -19 22 61 25 -12 -11 60 26 45 50 29 42 -31 -8 35 37 -33 55 -35 -15 -3 40 -6 -32 -23 56 -40 -7 -20 -16 -13 -2 51 -21 -17 -54 -9 -4 -24 -1 -59 -22 -25 -14
right_child=1 9 8 7 5 21 31 54 14 23 19 48 20 15 47 52 17 18 46 27 59 28 43 24 -26 -27 -28 -29 -30 30 41 34 -34 36 -36 -37 -38 -39 44 -41 -42 -43 -44 -45 -46 -47 -48 -49 -50 -51 -52 -53 53 -55 -56 -57 -58 58 -60 -61 -62 -63
leaf_value=-3.2254779472215378 6.5200451369899532 9.75432761054671 18.685987103992332 -3.1252788481978606 -1.1861947768810852 -1.9947515363437356 -2.3433537630772032 5.4648863926586335 40.942263935143664 101.78138648424647 -8.0728182371560244 46.447833323034772 -3.4355336422022034 -6.2835824990636748 -1.7907349494529692 27.973550736706748 -3.2200582566756619 -2.832190075746067 1.0565399213461035 -2.6562697410500298 -0.86802692732350195 0.0084082051085755428 -2.373281428747946 18.465911915565218 82.234693921485189 -7.5882935962491347 9.9032156386223118 -1.4216343932770132 14.668306243900933 5.8597974969614963 -7.3120343074915803 -1.8834690081602421 73.927919359783743 20.003210673940565 1.5285316416171519 36.308212378115577 -1.8859938453223366 -0.68905216124832802 61.953742331886737 -3.4437338581261687 -3.1311032545941679 1.9348020945837969 -3.8115296419991336 16.385589224690523 9.2611625765068855 0.10574490620834012 -2.2114636906950742 0.69617232124471684 12.462699185361474 54.816371712694767 40.11713570603137 31.623053475166468 19.353723271722863 -4.5467859111164275 26.303762361685632 -0.91506313022333752 5.5189947540066804 -3.1005730927755426 0.074196390029491535 9.8399224303356796 -1.1022607551368049 -0.67405090861570893
leaf_weight=2334 30 27 26 87 35 41 59 41 23 1031 27 99 38 51 32 34 177 65 23 28 34 23 27 25 67 22 32 25 55 48 24 32 375 30 40 149 21 32 444 117 30 21 29 25 27 23 27 29 40 58 70 20 25 28 30 22 27 431 24 41 28 21
leaf_count=2334 30 27 26 87 35 41 59 41 23 1031 27 99 38 51 32 34 177 65 23 28 34 23 27 25 67 22 32 25 55 48 24 32 375 30 40 149 21 32 444 117 30 21 29 25 27 23 27 29 40 58 70 20 25 28 30 22 27 431 24 41 28 21
internal_value=-0.0020849 0.00879672 0.00444922 -0.0129611 -0.000281616 -0.00479304 -0.0138592 -0.00307087 0.0112894 0.0124688 0.00981395 0.00474671 -0.00670285 0.00197994 0.0013912 -0.00046133 -0.014278 -0.0107737 -0.00505647 0.00426335 -0.00243848 -0.000556429 -0.000254477 0.0141882 0.00946711 -0.00480102 -0.00246618 0.00763103 0.00193403 -0.000289456 0.003029 -0.00398169 0.0127373 -0.00400447 0 0.00980213 0.001409 -0.00736462 0.0125818 -0.0121746 -0.0075576 -0.00359202 -0.00627639 0.00280657 0.01308 -0.00650546 0.00173653 -0.00314239 0.0108699 0.00813848 0.00962743 0.00492723 0.00495982 0.00135593 0.00818565 0.00367983 -0.000499076 -0.0146434 -0.0129466 0.00215712 0.00248588 -0.00832487
internal_weight=7006 3502 1604 3504 948 500 3212 292 656 1898 747 448 221 309 84 221 3081 292 115 249 134 318 106 1151 120 118 96 143 200 145 93 131 572 134 72 197 51 83 498 182 65 45 52 79 471 64 50 61 139 88 118 48 87 53 71 48 54 2789 455 75 53 59
internal_count=7006 3502 1604 3504 948 500 3212 292 656 1898 747 448 221 309 84 221 3081 292 115 249 134 318 106 1151 120 118 96 143 200 145 93 131 572 134 72 197 51 83 498 182 65 45 52 79 471 64 50 61 139 88 118 48 87 53 71 48 54 2789 455 75 53 59
is_linear=0
shrinkage=0.03


Tree=38
num_leaves=63
num_cat=0
split_feature=4 22 55 4 4 6 6 56 55 55 21 34 34 6 59 34 21 34 4 58 4 55 3 59 43 59 55 61 58 59 56 43 56 21 15 1 51 22 59 55 2 3 59 58 33 43 54 58 56 58 50 15 61 47 34 55 55 4 4 31 61 23
split_gain=911.206 62.1284 56.4403 33.1555 22.8936 17.3102 15.4743 15.3646 10.4199 9.0431 8.10641 7.39194 7.12707 6.54243 5.52434 4.63213 4.48449 4.29087 4.28157 4.50537 4.23724 5.94811 4.10074 3.97155 3.71086 4.57118 3.46725 3.24389 3.17371 2.7873 2.78549 2.70504 3.93995 2.69146 2.65418 2.91728 2.62128 2.5508 3.84452 2.15945 2.05656 2.46155 1.97343 1.96385 1.8589 1.85349 1.84411 1.81738 3.81187 2.21605 1.80724 1.73486 2.48257 1.72017 1.70094 1.68574 1.61508 5.66565 1.61505 1.90222 3.61214 1.6034
threshold=11.500000000000002 0.4000000000000013 7478.5000000000009 10.500000000000002 19.500000000000004 2.5000000000000004 3.5000000000000004 894.00000000000011 2072.5000000000005 3073.5000000000005 2.2555035293969259 1.8398987091496866 0.81789552298973345 8.5000000000000018 3185.5000000000005 -0.58293168673073115 3.0091496943079812 -0.1002210278958806 9.5000000000000018 4755.729166666667 19.500000000000004 8153.5000000000009 50.183757432253863 4185.5000000000009 32531.500000000004 1083.5000000000002 5959.0000000000009 1490.5000000000002 4504.0625000000009 4672.5000000000009 1498.5000000000002 29033.500000000004 4712.5000000000009 2.4216560501285525 6450.3169225563552 15.625000000000002 1387.5000000000002 0.19999999999999954 3477.5000000000005 8383.0000000000018 53.992355000000011 57.659027520685413 2288.0000000000005 2899.9791666666674 1.7859196492217813 30373.500000000004 1192.2708333333337 2155.2291666666674 6296.5000000000009 1969.0208333333337 257.43750000000006 13802.913836316633 630.50000000000011 1004.5000000000001 -0.13683019425642581 339.00000000000006 121.50000000000001 2.5000000000000004 19.500000000000004 55.584599515146103 4760.0000000000009 66.852515000000011
decision_type=2 2 2 2 2 2 2 2 2 2 2 2 2 2 2 2 2 2 2 2 2 2 2 2 2 2 2 2 2 2 2 2 2 2 2 2 2 2 2 2 2 2 2 2 2 2 2 2 2 2 2 2 2 2 2 2 2 2 2 2 2 2
left_child=3 2 4 7 9 24 -5 18 10 15 14 39 26 28 27 55 37 -12 56 51 47 33 -13 40 25 -6 31 -3 34 -9 -19 -7 -33 -22 -8 -36 -35 38 -17 58 46 42 -42 -28 -31 -15 -14 48 -10 -50 -18 -20 -53 -46 -11 -2 -1 -58 -4 -60 -61 -56
right_child=1 8 11 6 5 12 13 29 20 54 17 22 23 45 -16 16 50 30 19 -21 21 -23 -24 -25 -26 -27 43 -29 -30 44 -32 32 -34 36 35 -37 -38 -39 -40 -41 41 -43 -44 -45 53 -47 -48 -49 49 -51 -52 52 -54 -55 61 -57 57 -59 59 60 -62 -63
leaf_value=-3.1287136088048917 6.3244437828802527 0.4315141001986626 69.134826915457879 -3.0280353321135185 3.7687230674297947 -1.9634214146568933 -1.7470918502320614 -3.2476647930893336 61.834792967475593 46.154962195667075 52.775843252486979 40.489608198893215 -1.9349089902534229 -3.3666815234586709 31.20632278458087 -2.9790834920425833 -3.3876557597084624 25.622150241208193 -3.0863340601926303 0.93931802007771892 16.813609975662548 79.76765310384063 -0.73283149690086247 2.7440097846758542 -3.5057366181245544 -2.7833047390348491 24.493379864491565 -8.1170545646696333 27.743382737252002 -1.9556727006818184 -0.75674460574488878 9.775413745225535 -1.7670010161242191 2.907645256676751 13.176056744408617 2.2330725494144259 -3.7331945296665912 -5.5468711515143641 37.189001808732812 71.710081778990215 -3.3853628987127817 -3.5803389949464868 0.13575483871656785 10.750257253397228 0.7062244584531373 -0.61340821517425748 2.91021930409795 98.775075084012897 -1.6149102311089745 24.719507039843212 18.962460486990665 -2.8146293267208584 0.012163906354594189 -0.5039699864111219 1.3280039666612287 53.171880561313934 -3.0075558999922762 0.071970498328606997 23.723209308922513 -0.88761123631663674 31.594014567965086 29.471301115905614
leaf_weight=2334 30 38 41 90 24 33 31 46 167 90 247 22 21 26 28 69 20 54 227 20 20 67 51 42 138 24 40 29 27 22 33 36 38 24 29 66 28 42 23 375 34 42 21 34 21 23 21 1118 21 24 67 22 23 42 20 58 431 24 51 32 25 40
leaf_count=2334 30 38 41 90 24 33 31 46 167 90 247 22 21 26 28 69 20 54 227 20 20 67 51 42 138 24 40 29 27 22 33 36 38 24 29 66 28 42 23 375 34 42 21 34 21 23 21 1118 21 24 67 22 23 42 20 58 431 24 51 32 25 40
internal_value=-0.00215341 0.00866823 0.00431831 -0.0129697 -1.19154e-05 -0.00415435 -0.00327628 -0.0138498 0.0123423 0.00492703 0.00820788 0.0116262 -0.000323115 0.00132113 0.00044164 0.00197994 -0.000325645 0.0104071 -0.014278 -0.0107737 0.0135471 0.00849748 0.00262654 -0.00453893 -0.0115905 -0.00430353 0.00387631 -0.00420268 0.00438929 -0.00375286 0.00461538 0.000392157 0.00360324 0.00245492 0.00235527 0.00485804 -0.00109405 -0.00378076 -0.000944625 0.0128735 -0.00698778 -0.00939238 -0.00511797 0.0088664 -0.000493537 -0.00818737 -0.00135392 0.0140719 0.0114427 0.00359202 0.00495982 -0.0117861 -0.00625277 0.00209192 0.0109727 0.00779796 -0.0146434 -0.0129466 0.00973843 0.00774283 0.00388792 0.00693844
internal_weight=7006 3502 1604 3504 1007 548 292 3212 1898 459 429 597 362 202 95 309 221 334 3081 292 1469 139 73 181 186 48 181 67 153 131 87 107 74 72 126 95 52 134 92 524 139 97 55 74 85 49 42 1330 212 45 87 272 45 63 150 88 2789 455 149 108 57 60
internal_count=7006 3502 1604 3504 1007 548 292 3212 1898 459 429 597 362 202 95 309 221 334 3081 292 1469 139 73 181 186 48 181 67 153 131 87 107 74 72 126 95 52 134 92 524 139 97 55 74 85 49 42 1330 212 45 87 272 45 63 150 88 2789 455 149 108 57 60
is_linear=0
shrinkage=0.03


Tree=39
num_leaves=63
num_cat=0
split_feature=4 22 55 4 4 57 56 6 55 34 55 34 6 33 34 6 56 4 62 4 55 6 62 62 59 57 11 26 34 59 21 43 50 34 44 48 16 58 27 34 2 4 14 55 62 58 40 44 44 16 43 22 55 61 22 52 12 28 35 63 49 21
split_gain=901.852 61.3315 56.0439 33.0968 22.8406 19.3668 15.336 14.4944 11.1858 12.0345 8.06825 7.22657 6.33947 4.48102 4.6855 4.39051 4.36581 4.25724 6.77882 4.0891 5.90999 3.87932 3.66624 3.53449 3.47199 3.32456 3.13655 2.96879 2.95069 2.7873 2.77152 2.72172 3.30395 2.70617 2.5152 2.67629 2.85907 2.4349 2.41152 2.27875 2.21301 2.08373 2.63424 2.03214 3.3304 2.00034 3.20693 1.99996 1.93154 1.76605 2.06537 1.73102 1.73004 6.59658 1.70251 2.47399 2.76336 1.59828 1.55033 1.47741 1.43844 1.42134
threshold=11.500000000000002 0.4000000000000013 7478.5000000000009 10.500000000000002 19.500000000000004 2074.5000000000005 894.00000000000011 3.5000000000000004 3548.5000000000005 -0.1002210278958806 3073.5000000000005 1.8398987091496866 8.5000000000000018 3.1217798661229161 -0.65407940173230716 3.5000000000000004 1610.5000000000002 9.5000000000000018 2091.979166666667 19.500000000000004 8153.5000000000009 4.5000000000000009 1540.6666666666667 1491.3125000000002 4006.0000000000005 7448.5000000000009 84002.500000000015 71.108169937500008 -1.5531329473257498 4672.5000000000009 2.8241369449643332 29223.500000000004 512.93750000000011 0.90907504926051186 32539.500000000004 615.50000000000011 1194.0000000000002 4680.229166666667 10.786431274048278 -0.13683019425642581 55.56710300000001 21.500000000000004 96594.687500000015 8067.0000000000009 1491.3125000000002 3751.4166666666674 33975.000000000007 32481.500000000004 29417.500000000004 -2910.4999999999995 32322.500000000004 -0.62499999999999989 121.50000000000001 2114.5000000000005 1.3249999999999995 1324.5000000000002 97891.000000000015 -0.91460300000000305 26392.500000000004 4253.5000000000009 1185.5000000000002 4.8779650023534948
decision_type=2 2 2 2 2 2 2 2 2 2 2 2 2 2 2 2 2 2 2 2 2 2 2 2 2 2 2 2 2 2 2 2 2 2 2 2 2 2 2 2 2 2 2 2 2 2 2 2 2 2 2 2 2 2 2 2 2 2 2 2 2 2
left_child=3 2 4 6 10 34 17 -5 9 28 13 43 37 14 -2 33 59 52 -19 -10 41 -20 25 30 -25 40 -13 -23 -3 -8 -16 -24 -33 -7 35 36 -6 57 -18 -12 -17 42 -21 44 -4 46 -30 -29 -14 58 -51 -34 -1 -54 55 56 -48 -9 -31 -11 -53 -45
right_child=1 8 11 7 5 15 29 12 19 16 39 26 48 -15 23 22 38 18 21 20 -22 27 31 24 -26 -27 -28 47 45 49 -32 32 51 -35 -36 -37 -38 -39 -40 -41 -42 -43 -44 61 -46 -47 54 -49 -50 50 -52 60 53 -55 -56 -57 -58 -59 -60 -61 -62 -63
leaf_value=-3.0348522005407452 41.526153936107882 92.740905597229457 0.839818233824426 -2.937194272150113 2.4361002517200192 -0.10781517984777451 -3.1502348492966536 -1.3711553892420965 91.859106047871052 30.219713160252144 44.770313329797062 39.822556750841891 -3.4644775707498225 19.957185769155608 -1.932335883620617 -0.029523387479968903 0.2782399381188202 -3.0308664871696136 -3.8439232919782711 16.618694968778865 77.374623510725414 1.1811858817538889 -0.55243672870760485 -5.3542406162473251 18.287444299460358 13.462186908122675 -0.66780235639146268 -1.8481167604971955 -1.6499800912376803 -2.0611747316609899 20.14377706256812 11.658561684257688 9.6951028790346498 -3.7411284074479831 -3.2352497438386467 -2.8794223911098782 -2.830253316664495 28.07094487577838 -5.3619435947360241 20.145318822604192 -4.0004617739238144 11.107178916353808 -3.3652175081339371 65.853722820451551 35.878112006748303 51.19256795491237 36.433122966136786 0.17321131986803534 -0.63341584744505208 -0.2382111459236276 1.3748491646756666 -4.1586333370073536 0.069811383378748676 -2.9200170337839477 23.31101035334494 25.039500193361594 -3.7376558689091417 7.592842784593512 0.35111404100575155 1.6719725450811005 8.2814594355794284 40.191918115825288
leaf_weight=2334 66 151 28 90 20 44 46 31 1202 49 90 22 22 57 30 28 47 177 32 25 67 28 42 93 20 27 51 33 21 24 43 63 21 42 121 32 23 22 38 60 39 20 21 403 68 85 27 22 27 20 21 20 21 434 42 56 21 100 20 26 26 25
leaf_count=2334 66 151 28 90 20 44 46 31 1202 49 90 22 22 57 30 28 47 177 32 25 67 28 42 93 20 27 51 33 21 24 43 63 21 42 121 32 23 22 38 60 39 20 21 403 68 85 27 22 27 20 21 20 21 434 42 56 21 100 20 26 26 25
internal_value=-0.00220051 0.00856543 0.0042435 -0.0129611 -7.14924e-05 -0.00420909 -0.0138405 -0.00327628 0.0122159 0.0086521 0.00486169 0.0115257 0.00117269 0.002077 0.000345101 0 0.00166771 -0.0142683 -0.0107737 0.0137158 0.00865515 -0.00505647 0.0019053 -0.00207953 -0.00541114 -0.00283741 0.00262654 -0.00158845 0.0114165 -0.00375286 0.00303694 0.00451482 0.0066641 -0.0058885 -0.0117644 -0.0073502 -0.00236659 0.00419334 -0.00296122 0.010573 -0.00643815 0.0022239 -0.00123644 0.012759 0.00870968 0.00938913 0.00743268 -0.00566243 -0.00818737 -0.000493537 0.00394161 0.00196721 -0.0146327 -0.0128807 0.00901437 0.00688761 0.00180873 0.0026087 -0.00469388 0.00695073 -0.00123644 0.013658
internal_weight=7006 3502 1604 3504 1007 548 3212 292 1898 563 459 597 202 309 252 352 160 3081 292 1335 133 115 266 186 113 94 73 83 403 131 73 172 130 86 196 75 43 153 85 150 67 66 46 524 96 252 167 55 49 85 41 67 2789 455 146 104 48 131 44 75 46 428
internal_count=7006 3502 1604 3504 1007 548 3212 292 1898 563 459 597 202 309 252 352 160 3081 292 1335 133 115 266 186 113 94 73 83 403 131 73 172 130 86 196 75 43 153 85 150 67 66 46 524 96 252 167 55 49 85 41 67 2789 455 146 104 48 131 44 75 46 428
is_linear=0
shrinkage=0.03


Tree=40
num_leaves=63
num_cat=0
split_feature=4 22 55 4 4 57 56 19 55 34 55 34 58 34 34 4 62 33 24 57 4 3 58 60 21 58 69 4 55 59 61 56 23 21 21 21 54 55 62 59 34 44 48 62 21 27 62 55 25 56 56 33 65 55 61 55 47 25 38 50 41 22
split_gain=892.544 61.9344 54.4905 32.5124 21.8646 20.1585 15.3646 12.1641 11.6674 12.6921 8.2933 7.36579 5.93665 5.00417 4.10984 4.02737 6.40293 3.96714 3.8196 3.77893 3.70207 3.45994 3.43524 3.37794 3.23486 3.23208 3.19875 2.9487 5.02981 2.7873 2.77746 2.55135 2.49841 2.36996 2.47108 2.75292 2.4031 2.30906 2.6636 2.29603 2.23895 2.22914 2.35394 2.18611 2.16509 2.07783 3.10923 2.02795 2.02688 1.93458 1.91515 1.8589 1.79598 1.73004 6.59658 1.72338 1.72017 1.42705 1.41909 1.40501 2.02475 1.38784
threshold=11.500000000000002 0.4000000000000013 7478.5000000000009 10.500000000000002 19.500000000000004 2074.5000000000005 894.00000000000011 2.3750000000000004 5234.5000000000009 -0.3156082992503641 3236.0000000000005 1.6120772149681069 2635.2500000000005 -0.58293168673073115 0.81789552298973345 9.5000000000000018 2091.979166666667 3.1899991211247873 72.910545500000026 7226.5000000000009 16.500000000000004 52.785864572765256 3837.1458333333335 3069.5000000000005 2.9414500874607197 4680.229166666667 105323.50000000001 19.500000000000004 8153.5000000000009 4672.5000000000009 1155.5000000000002 4712.5000000000009 94.407885000000007 3.7350177591318015 3.3913596321553325 2.6880973371728758 1518.9791666666667 8436.5000000000018 1491.3125000000002 2541.0000000000005 -0.13683019425642581 32539.500000000004 615.50000000000011 1377.0000000000002 1.4659460287190229 9.8133244624999882 2114.2500000000005 5959.0000000000009 50.037487500000005 6415.5000000000009 6621.5000000000009 1.7859196492217813 2246.5000000000005 121.50000000000001 2114.5000000000005 339.00000000000006 1004.5000000000001 69.785208000000011 23440.375000000004 319.45833333333343 42442.000000000007 -1.0000000180025095e-35
decision_type=2 2 2 2 2 2 2 2 2 2 2 2 2 2 2 2 2 2 2 2 2 2 2 2 2 2 2 2 2 2 2 2 2 2 2 2 2 2 2 2 2 2 2 2 2 2 2 2 2 2 2 2 2 2 2 2 2 2 2 2 2 2
left_child=3 2 4 6 10 41 15 -5 9 20 13 37 -9 55 19 53 -17 24 26 31 44 -13 -18 49 39 33 57 -10 -29 -8 -24 59 45 34 35 -14 -35 38 -4 -15 -12 42 -6 -26 -3 46 -20 -33 -25 -16 -21 -31 -50 -1 -55 -2 -53 -11 -58 -7 -61 -41
right_child=1 8 11 7 5 14 29 12 27 18 40 21 25 17 23 16 22 -19 32 50 -22 -23 30 48 43 -27 -28 28 -30 51 -32 47 -34 36 -36 -37 -38 -39 -40 61 -42 -43 -44 -45 -46 -47 -48 -49 52 -51 -52 56 -54 54 -56 -57 58 -59 -60 60 -62 -63
leaf_value=-2.9438066345245231 5.2124603738148956 13.384861451728066 3.190806248469257 -2.8455932933472035 -1.0781523165293299 10.647031682585775 -3.0557278038177538 -2.8405898606282021 93.068919455762554 -4.0414968549710615 44.575749262237068 19.923226380269075 10.282290231130828 -4.156978714171764 -3.8804479207060965 -2.9399404925545252 -2.5393166529085582 17.419517869624215 -3.6255261928418623 27.945406413856478 8.2061625595353647 -0.93508138276185826 -2.0879653346210598 -2.4028598115677413 25.961157088118778 26.37815799491565 12.663782016051448 5.0849206550034793 75.053384805403653 -1.898696063087596 2.0301027962503366 -3.5357274756822892 -2.2628744181139062 0.68126128613605885 17.100979220296779 -0.78476291119447461 -3.1627875829001431 70.150740949279779 37.327296372599029 11.675020599603064 19.540959257926069 -3.1381922515234875 -2.7930397193765821 -3.3367758529440517 57.217905995503727 37.401336799639857 29.313121765444585 5.8435915479315463 -0.151697512603821 -3.5775861577502939 12.970934033113407 0.64379224975927285 5.4843027497734456 0.067717041877386211 -2.832416522770429 49.729651563693793 -1.2131230457019753 0.043208454863704442 0.64043259016292786 -3.3712687001767399 5.1867170905447386 -3.1823117211461396
leaf_weight=2334 30 20 39 79 43 21 46 49 1031 36 88 37 21 72 45 177 65 37 29 41 33 49 25 30 30 23 32 53 67 22 25 46 25 30 21 46 23 358 114 24 60 121 32 39 438 71 23 21 27 22 29 21 27 21 434 59 22 40 20 22 21 20
leaf_count=2334 30 20 39 79 43 21 46 49 1031 36 88 37 21 72 45 177 65 37 29 41 33 49 25 30 30 23 32 53 67 22 25 46 25 30 21 46 23 358 114 24 60 121 32 39 438 71 23 21 27 22 29 21 27 21 434 59 22 40 20 22 21 20
internal_value=-0.0022733 0.00843694 0.00409388 -0.0129782 -0.000160858 -0.00420909 -0.0138498 -0.00337898 0.0121053 0.00917146 0.00466565 0.0112745 0.00033787 0.00187078 7.66828e-05 -0.014278 -0.0108764 -0.00052679 0.00373682 0.00289408 0.0119976 0.00310105 -0.00531712 -0.00365321 -0.00233387 0.00308958 -0.00052729 0.0140057 0.00946711 -0.00375286 0.000538922 -9.15332e-05 0.00686698 0.00136074 0.00439274 0.00152012 -0.00361582 0.0126433 0.009484 -0.00540052 0.0105132 -0.0119174 -0.00774967 0.00277858 0.0126981 0.00862713 0.00397313 -0.00420268 0.000321046 -0.00867362 0.00851641 -0.000493537 0.00382625 -0.0146327 -0.0128807 0.00787879 0.00209192 -0.00390276 -0.00135392 0.00416537 0.000974478 0
internal_weight=7006 3502 1604 3504 1007 548 3212 292 1898 747 459 597 213 311 352 3081 292 222 256 201 491 86 115 151 185 164 108 1151 120 131 50 131 148 141 88 67 53 511 153 116 148 196 75 69 458 123 52 67 84 67 70 85 54 2789 455 89 63 76 42 64 43 44
internal_count=7006 3502 1604 3504 1007 548 3212 292 1898 747 459 597 213 311 352 3081 292 222 256 201 491 86 115 151 185 164 108 1151 120 131 50 131 148 141 88 67 53 511 153 116 148 196 75 69 458 123 52 67 84 67 70 85 54 2789 455 89 63 76 42 64 43 44
is_linear=0
shrinkage=0.03


Tree=41
num_leaves=63
num_cat=0
split_feature=4 22 55 4 4 6 56 6 55 4 55 56 6 43 55 21 40 44 59 4 62 58 33 62 62 62 63 4 62 58 28 56 59 4 55 59 5 70 64 58 45 44 55 26 5 4 25 16 43 59 56 1 15 1 55 61 4 40 22 55 35 47
split_gain=879.031 61.7603 53.7739 31.6458 21.6539 18.7039 17.4194 14.8674 12.4742 9.99266 7.90804 6.80861 6.13967 6.1106 5.5861 6.55986 4.48053 4.32893 4.38729 4.25724 6.77882 4.21142 4.10671 3.75402 3.64775 4.27195 4.01124 3.61269 3.64645 3.30524 3.31185 2.96149 2.8816 2.84473 5.02981 2.82334 2.78206 2.73125 2.58982 2.54164 2.51342 2.45673 2.25499 2.24166 2.18537 1.96124 2.68294 1.821 1.86014 1.77494 2.30451 1.77224 1.75655 3.20133 1.73004 6.59658 1.67788 1.96548 1.56569 1.65129 1.55919 1.53387
threshold=11.500000000000002 0.4000000000000013 7529.5000000000009 10.500000000000002 19.500000000000004 2.5000000000000004 894.00000000000011 3.5000000000000004 5234.5000000000009 16.500000000000004 3236.0000000000005 5279.5000000000009 8.5000000000000018 29033.500000000004 2072.5000000000005 3.1789598539748645 30869.500000000004 32539.500000000004 1083.5000000000002 9.5000000000000018 2091.979166666667 4337.291666666667 3.1217798661229161 1677.2291666666667 1449.2291666666667 2067.1666666666674 2342.5000000000005 22.500000000000004 1531.6666666666667 3847.5000000000005 -1.2768140000000014 4285.5000000000009 3437.5000000000005 19.500000000000004 8153.5000000000009 4672.5000000000009 4.5000000000000009 83649.729166666686 6430.5000000000009 4680.229166666667 31589.000000000004 32539.500000000004 8286.0000000000018 84.72449020833335 3.5000000000000004 20.500000000000004 53.596076500000009 -3616.4999999999995 32443.500000000004 2658.0000000000005 4486.5000000000009 16.125000000000004 6450.3169225563552 15.525000000000002 121.50000000000001 2114.5000000000005 18.500000000000004 41498.500000000007 0.10000000000000099 5959.0000000000009 17822.500000000004 546.50000000000011
decision_type=2 2 2 2 2 2 2 2 2 2 2 2 2 2 2 2 2 2 2 2 2 2 2 2 2 2 2 2 2 2 2 2 2 2 2 2 2 2 2 2 2 2 2 2 2 2 2 2 2 2 2 2 2 2 2 2 2 2 2 2 2 2
left_child=3 2 4 6 10 17 19 -5 9 14 22 23 39 16 15 29 -7 18 -6 54 -21 41 24 -4 36 38 -27 31 -29 30 32 -15 43 -10 60 61 -2 -12 -26 52 -14 -22 45 44 -3 -13 -47 -37 -49 -30 -51 -11 -9 -54 -1 -56 -39 -58 59 -33 -35 -8
right_child=1 8 11 7 5 13 35 12 33 51 37 42 40 27 -16 -17 -18 -19 -20 20 21 -23 -24 -25 25 26 -28 28 49 -31 -32 58 -34 34 -36 47 -38 56 -40 -41 -42 -43 -44 -45 -46 46 -48 48 -50 50 -52 -53 53 -55 55 -57 57 -59 -60 -61 -62 -63
leaf_value=-2.8554924354887872 25.182322375475213 -3.7688571816558372 -1.4345840880973042 -2.7637106451851938 5.5500271186695835 9.3193165061685246 -0.99776363131979195 -0.54693257876337953 90.276851872089665 -1.2670895302180907 -0.59411035262650325 45.600290481828793 -3.0679039554131391 25.907266558387164 58.28375149587977 48.83511643239332 -2.4051851594519484 -3.2173813296632576 -2.5693032592031244 -2.8517422777778894 -2.1189447024919175 1.1466182433768333 18.83588465999221 19.200678482765611 -6.6218162168552448 -4.1164579781013071 23.382716169569797 -1.7245853660297585 -2.8284765068302882 41.954391648497257 -3.3170178683656695 0.011735881649502743 46.671522887147653 16.362002145090141 72.801783261241539 -1.2718219197695169 -0.45346439150895546 47.792314469897356 0.84688311488049295 26.437471789657561 -0.18502981403221042 0.34634230612959183 65.085869437785391 22.439286589993245 7.7286959924710343 -0.50964372310790618 24.356867005836197 -0.072594589095700712 1.8774067282798199 6.8715395368006806 -1.7250178393311182 11.314655681442636 12.319770062754714 1.2489478569001744 0.065685530621064595 -2.7474440270873162 0.10512771720841101 20.199703961792942 -5.7278694549897775 17.044551702314521 -1.2153777539659041 -3.5774220778866312
leaf_weight=2334 54 31 32 90 21 21 24 34 1031 60 20 50 29 30 241 214 91 146 20 177 70 22 57 61 71 26 39 35 20 28 51 41 28 28 67 23 39 88 25 22 20 23 386 32 33 35 25 39 23 34 26 29 29 68 21 434 20 20 20 51 25 22
leaf_count=2334 54 31 32 90 21 21 24 34 1031 60 20 50 29 30 241 214 91 146 20 177 70 22 57 61 71 26 39 35 20 28 51 41 28 28 67 23 39 88 25 22 20 23 386 32 33 35 25 39 23 34 26 29 29 68 21 434 20 20 20 51 25 22
internal_value=-0.00232897 0.00829988 0.00396297 -0.0129525 -0.000218698 -0.00420248 -0.0138125 -0.00348168 0.011963 0.00893053 0.0046003 0.011173 0.00102425 -0.000276348 0.0102067 0.00808439 -0.00612846 -0.0119294 -0.00321168 -0.0142683 -0.0107737 -0.00505647 0.00187078 0.00367347 0.000224321 -0.00249534 0.00341014 0.00226371 -0.00166811 0.00419498 0.00263849 0.00546798 0.00529412 0.0139275 0.00946711 -0.00306636 0.00496241 0.0103106 -0.00652445 0.00399739 -0.00818737 -0.00786251 0.0125721 0.00277836 -0.000421217 0.0086921 0.00494176 0.000141011 0.00285024 0.00183521 0.0044426 -0.00047138 0.00237986 0.00444902 -0.0146327 -0.0128807 0.0119204 0.00665835 0.00318466 0.00485342 0.00248588 -0.00904555
internal_weight=7006 3502 1604 3504 1015 556 3212 292 1898 747 459 589 202 369 658 417 112 187 41 3081 292 115 311 93 254 161 65 257 115 203 175 142 124 1151 120 131 93 148 96 153 49 93 496 96 64 110 60 85 62 80 60 89 131 97 2789 455 128 40 112 92 53 46
internal_count=7006 3502 1604 3504 1015 556 3212 292 1898 747 459 589 202 369 658 417 112 187 41 3081 292 115 311 93 254 161 65 257 115 203 175 142 124 1151 120 131 93 148 96 153 49 93 496 96 64 110 60 85 62 80 60 89 131 97 2789 455 128 40 112 92 53 46
is_linear=0
shrinkage=0.03


Tree=42
num_leaves=63
num_cat=0
split_feature=4 4 57 55 4 34 55 56 6 4 62 55 6 6 34 58 59 4 62 61 34 62 6 55 63 21 56 62 56 55 66 61 58 24 47 58 55 4 59 16 57 34 47 53 21 58 34 4 55 55 61 65 46 15 1 13 12 2 30 47 16 28
split_gain=866.323 61.3204 40.4211 38.4215 32.2804 29.1617 16.6529 15.9576 14.1993 9.07219 7.8661 6.83445 6.13967 5.64821 5.47742 4.64297 5.80275 4.46841 7.16523 4.32508 4.2804 4.23918 4.11387 3.98959 3.74665 3.7349 3.6118 3.2317 3.14382 3.14 2.796 2.73374 2.56375 2.56108 2.5504 2.54164 2.44194 5.9458 2.40514 2.39422 2.82226 2.09291 2.03852 3.62045 2.69041 1.93838 1.91492 1.87186 2.12909 1.84868 6.54362 1.81286 1.76833 1.75655 3.20133 1.72067 1.697 1.6721 1.54646 1.53387 1.48423 1.51765
threshold=11.500000000000002 20.500000000000004 1929.5000000000002 5890.5000000000009 10.500000000000002 -0.28765678154191926 8286.0000000000018 894.00000000000011 3.5000000000000004 17.500000000000004 1279.3125000000002 3236.0000000000005 8.5000000000000018 3.5000000000000004 -1.5912206938856348 3290.9375000000005 2658.0000000000005 9.5000000000000018 2091.979166666667 1490.5000000000002 1.0956431136095868 1449.2291666666667 4.5000000000000009 2164.5000000000005 1321.0000000000002 1.432916286544663 3564.5000000000005 1398.229166666667 2357.5000000000005 7044.5000000000009 5210.6875000000009 1182.5000000000002 3933.0625000000005 78.643017000000015 226.50000000000003 4680.229166666667 8153.5000000000009 18.500000000000004 4672.5000000000009 3761.0000000000005 2611.0000000000005 0.14895914860584017 586.50000000000011 2621.5000000000005 2.2297920011717056 2726.9375000000005 0.41270755422783983 15.500000000000002 4578.5000000000009 121.50000000000001 2114.5000000000005 3905.5000000000005 29321.312500000004 6450.3169225563552 15.525000000000002 101937.50000000001 89913.000000000015 59.911583500000006 52.386112080452541 546.50000000000011 -3616.4999999999995 5.2826700000000004
decision_type=2 2 2 2 2 2 2 2 2 2 2 2 2 2 2 2 2 2 2 2 2 2 2 2 2 2 2 2 2 2 2 2 2 2 2 2 2 2 2 2 2 2 2 2 2 2 2 2 2 2 2 2 2 2 2 2 2 2 2 2 2 2
left_child=4 3 26 5 7 14 10 17 -6 11 45 15 35 19 -2 16 21 49 -19 -12 -8 34 -20 25 -22 -16 56 -11 -17 42 41 -24 -26 -23 -7 53 37 -5 59 40 -27 -18 44 -44 -15 55 -39 -25 -49 -1 -51 -42 -14 -10 -55 -4 -3 -48 -13 -9 -40 -62
right_child=1 2 6 36 8 9 20 38 12 27 13 58 52 29 23 28 30 18 22 -21 24 33 31 47 32 39 -28 -29 -30 -31 -32 -33 -34 -35 -36 -37 -38 46 60 -41 51 -43 43 -45 -46 -47 57 48 -50 50 -52 -53 -54 54 -56 -57 -58 -59 -60 -61 61 -63
leaf_value=-2.7698276624241238 91.47744465574921 -1.2036904151146202 0.098047052412467792 61.88059817816297 -2.6807993258296379 11.500778160132029 55.14724239186274 -0.96783072238019796 -0.53052460140047741 5.7806720508832994 4.8863097110037774 29.514889275590836 -3.3810440898732721 -0.3408354655195967 -5.2711509536391912 25.965364827298856 8.309793548070715 -2.7661900094445526 -3.5888577525569092 -3.1884365554133898 -2.1049982255104056 -4.5145002667259035 -1.0742568985979501 39.643143741135255 1.2199229565342034 30.251134663703095 2.3481891842760363 -4.8633752466355196 -0.43385529051519367 22.425896150707501 34.386954105507662 1.2473967577531142 30.175583792714992 -3.3759173271369329 -3.1535387983949565 25.644347635967833 103.40854631592698 23.212802689062265 -1.2336672621764315 48.413369025521419 6.297835381753714 -2.6382753637115317 -1.5481737103924458 9.8980675295794125 9.5215757155517142 -4.0227292383906672 14.195861733832897 7.983862871520234 28.560851023188054 0.063714964702432583 -2.6650207062746971 -3.619060607741003 -0.57067160303081155 11.950176960872072 1.2114794211931665 -4.8048026706992273 -2.789405397461957 -3.4966200525832698 37.184899275391189 -3.4700994155500324 -0.5624134757857806 0.76301347463602676
leaf_weight=2334 232 22 24 363 90 32 170 24 34 22 27 20 21 20 28 67 25 177 32 45 22 49 45 138 20 81 20 88 28 92 31 38 45 55 34 22 842 114 23 56 48 42 80 30 54 25 24 48 58 21 434 29 28 29 68 21 157 20 54 22 30 32
leaf_count=2334 232 22 24 363 90 32 170 24 34 22 27 20 21 20 28 67 25 177 32 45 22 49 45 138 20 81 20 88 28 92 31 38 45 55 34 22 842 114 23 56 48 42 80 30 54 25 24 48 58 21 434 29 28 29 68 21 157 20 54 22 30 32
internal_value=-0.00239748 0.00815425 0.00126645 0.0104437 -0.012944 0.00667299 0.00477263 -0.0138125 -0.00337898 0.00144763 0.00106912 0.00339053 0.00102425 0.00292157 0.0106489 0.00168549 -0.000324506 -0.0142488 -0.010671 -0.00453537 0.0107818 -0.00368607 -0.00479583 0.00881917 0.00530425 0.00605948 -0.0106077 -0.00623978 0.0073817 0.00487867 0.00547401 -0.00122744 0.00894009 -0.00746398 0.0022239 0.00399739 0.0139403 0.0122855 -0.00352403 0.00741242 0.00548387 0.00196721 0.00259098 0 0.00643725 -0.00808845 0.0073814 0.0115404 0.00845429 -0.0146219 -0.0128148 0.00132296 -0.00818737 0.00237986 0.00444902 -0.00425721 -0.0119598 0.00197279 0.0117004 -0.00904555 -0.000493537 0.00188406
internal_weight=7006 3502 874 2628 3504 1265 675 3212 292 547 418 437 202 348 718 363 268 3081 292 72 257 170 115 486 87 242 199 110 95 276 98 83 65 104 66 153 1363 521 131 214 158 67 184 110 74 70 158 244 106 2789 455 77 49 131 97 45 179 44 74 46 85 62
internal_count=7006 3502 874 2628 3504 1265 675 3212 292 547 418 437 202 348 718 363 268 3081 292 72 257 170 115 486 87 242 199 110 95 276 98 83 65 104 66 153 1363 521 131 214 158 67 184 110 74 70 158 244 106 2789 455 77 49 131 97 45 179 44 74 46 85 62
is_linear=0
shrinkage=0.03


Tree=43
num_leaves=63
num_cat=0
split_feature=56 10 28 55 56 10 56 55 34 34 55 62 10 62 6 10 34 57 10 21 58 6 45 62 20 26 1 55 61 57 55 55 68 43 66 63 13 53 34 3 43 28 22 2 28 53 34 55 49 45 26 21 47 44 10 6 9 66 57 62 49 66
split_gain=848.091 89.2887 51.6728 22.4017 19.8976 18.3575 17.4365 9.76539 9.68587 9.60869 7.88274 5.67501 5.30717 7.16203 4.80915 4.80707 4.63285 4.48964 4.80963 4.13059 4.09243 3.87393 3.58914 3.52688 3.35674 3.22862 3.17099 3.1612 9.08402 3.07107 3.04435 3.03927 4.36383 3.5636 2.85659 2.7597 2.74986 2.72712 3.20791 2.64537 2.58183 2.4179 2.41003 2.4337 2.83752 2.32389 2.29478 2.25786 2.21549 2.11645 2.06188 2.02039 1.75405 1.7007 1.65053 2.20017 1.60794 1.57546 1.56026 1.45034 1.43947 1.6814
threshold=894.00000000000011 0.87900005428953576 -0.04034199999999543 7009.0000000000009 5707.5000000000009 0.46472317204376884 39.500000000000007 3298.5000000000005 0.26332834862449778 -0.42403443256650059 7529.5000000000009 1531.6666666666667 0.74305326206722599 2091.979166666667 3.5000000000000004 0.87900005428953576 -0.22987597012591718 4520.0000000000009 0.46472317204376884 3.1071665045857633 3876.0416666666674 4.5000000000000009 28010.500000000004 1614.3125000000002 19.945833333333336 71.108169937500008 -0.72499999999999987 121.50000000000001 1859.5000000000002 7529.5000000000009 9463.5000000000018 5713.5000000000009 137023.00000000003 31709.500000000004 7991.8750000000009 1397.5000000000002 96128.500000000015 940.50000000000011 0.37717627953535177 53.95888479681831 29205.500000000004 3.0125150000000009 0.37500000000000006 87.973702500000016 -1.7885574999999958 798.50000000000011 -1.5912206938856348 157.50000000000003 563.50000000000011 29266.500000000004 84.965960458333342 2.5479171403366121 255.50000000000003 32481.500000000004 0.96386255839173451 3.5000000000000004 1.0000000180025095e-35 3044.8750000000005 192.50000000000003 1952.1875000000002 2254.5000000000005 1845.2708333333337
decision_type=2 2 2 2 2 2 2 2 2 2 2 2 2 2 2 2 2 2 2 2 2 2 2 2 2 2 2 2 2 2 2 2 2 2 2 2 2 2 2 2 2 2 2 2 2 2 2 2 2 2 2 2 2 2 2 2 2 2 2 2 2 2
left_child=1 12 3 5 8 22 20 9 17 15 16 36 27 -14 59 -7 56 18 -4 26 41 -15 -2 30 39 -23 -11 -1 -29 37 -12 33 40 49 60 -26 -10 38 -24 -18 -33 54 43 44 -8 -31 -17 -21 -39 -16 52 -44 -28 -27 55 -3 -6 -46 -45 -13 -30 -62
right_child=2 6 4 -5 10 7 42 -9 11 19 23 14 13 21 31 46 24 -19 -20 47 -22 25 29 -25 35 53 50 28 34 45 -32 32 -34 -35 -36 -37 -38 48 -40 -41 -42 -43 51 58 57 -47 -48 -49 -50 -51 -52 -53 -54 -55 -56 -57 -58 -59 -60 -61 61 -63
leaf_value=-2.6867328325514004 -4.6593786145088618 -2.6086475148287818 -2.6592529018912212 84.482128370582089 6.7281438612955293 0.24086898494037312 -1.2063044124665852 48.984600804364291 0.17054075666198912 14.631666190958622 -0.68242236174948856 -0.25058305957983634 -2.6686176955526673 -3.4768865288716073 -0.16581374748283564 88.569960238200736 6.5914552494754428 32.941740182272184 37.068343512741563 34.498134359054966 5.632102772197519 1.1096225981882 20.270958717997051 48.577460718049451 -0.85221905391704122 -1.6322422468786857 -1.5053991742226436 0.094362515761359872 -2.6592757444332586 -8.6664050199452216 72.411949170124657 -0.24879102080134999 -1.0921628590712844 0.58590548906471207 -2.2093985217223309 22.652755951981053 -2.9185300924590587 -6.3102237650686765 -1.3431491054477527 -3.7221525763240653 6.1827281313451454 0.25080731656548211 4.0790405312199329 2.3167690234482414 5.6964885893697828 12.323024629842767 34.688090905641289 0.27975970778802545 0.66379815984579404 -2.2094202016762838 10.476236387149424 32.218289394678393 -5.0272700848515566 0.26818641791735798 -4.38042409812717 -1.2914048559402007 27.869173970969566 24.284504897112015 -3.6153125662489161 -2.371241157584731 -2.4390900383291787 -0.57351471378599095
leaf_weight=2357 34 73 30 1107 20 34 20 388 20 28 38 24 180 33 27 127 27 78 49 35 26 28 38 215 22 33 38 31 458 20 26 21 24 48 22 23 99 34 30 57 61 22 20 55 29 59 150 21 42 26 27 72 24 22 56 57 59 51 32 51 22 26
leaf_count=2357 34 73 30 1107 20 34 20 388 20 28 38 24 180 33 27 127 27 78 49 35 26 28 38 215 22 33 38 31 458 20 26 21 24 48 22 23 99 34 30 57 61 22 20 55 29 59 150 21 42 26 27 72 24 22 56 57 59 51 32 51 22 26
internal_value=-0.0024403 -0.0122365 0.00868063 0.0112549 0.00316907 0.00827385 -0.000608069 0.0103509 -0.000693424 0.00749225 0.00760008 -0.00317128 -0.0140926 -0.0102229 -0.000840128 0.0106461 0.00315714 0.00561426 0.000530973 0.00180243 -0.006651 -0.00436693 0.00121354 0.0108993 -0.000325329 -0.000866426 -0.00138343 -0.0144841 -0.0124164 0.0026087 0.00463339 0.00150652 0.00506126 -0.00219585 -0.0133441 0.00625277 -0.00866499 0 0.00436123 -0.00388823 0.00836784 -0.00805863 0.00445002 0.00246927 0.00566434 0.00735777 0.0119524 0.00850267 -0.00390276 -0.00757062 -0.00417508 0.00843648 -0.00719807 -0.00511797 -0.00917249 -0.0110453 0.00887484 0.00820225 -0.00117107 -0.0073502 -0.0138056 -0.00866944
internal_weight=7006 3725 3281 2236 1045 1129 513 872 558 484 487 401 3212 296 282 311 208 157 79 173 234 116 257 279 129 83 117 2916 559 223 64 207 106 101 528 45 119 144 68 84 82 208 279 187 100 79 277 56 76 53 89 92 62 55 186 130 79 80 87 75 506 48
internal_count=7006 3725 3281 2236 1045 1129 513 872 558 484 487 401 3212 296 282 311 208 157 79 173 234 116 257 279 129 83 117 2916 559 223 64 207 106 101 528 45 119 144 68 84 82 208 279 187 100 79 277 56 76 53 89 92 62 55 186 130 79 80 87 75 506 48
is_linear=0
shrinkage=0.03


Tree=44
num_leaves=63
num_cat=0
split_feature=4 4 55 57 4 34 55 56 6 4 6 55 62 22 6 21 59 4 62 34 6 44 63 21 48 48 54 59 55 4 26 34 55 2 58 15 4 28 61 46 56 62 62 58 21 2 34 38 60 7 55 57 45 24 13 64 57 15 1 17 58 56
split_gain=847.434 63.0226 40.1449 37.3525 31.4741 28.306 15.9568 15.8705 13.9073 7.44596 6.7692 6.36854 5.60472 5.46083 4.94526 4.61706 4.91904 4.39409 7.16523 4.15448 4.11387 3.95831 3.50814 3.30786 3.20868 3.00981 3.47703 3.00871 2.87201 6.09794 2.66034 2.56437 3.23847 3.63008 2.54164 2.54021 2.49235 2.8487 2.45185 2.40028 3.30266 2.39416 2.33329 2.30626 2.3006 3.14718 2.19055 2.11926 2.06537 2.05932 2.0491 5.40564 1.98753 1.90822 1.88036 2.34658 1.81924 1.75655 3.20133 1.74684 1.72673 2.24913
threshold=11.500000000000002 20.500000000000004 5959.0000000000009 1929.5000000000002 10.500000000000002 -0.28765678154191926 8342.5000000000018 894.00000000000011 3.5000000000000004 17.500000000000004 8.5000000000000018 3236.0000000000005 1521.0000000000002 1.0249999999999988 3.5000000000000004 2.95553360562262 2492.0000000000005 9.5000000000000018 2091.979166666667 1.0956431136095868 4.5000000000000009 32539.500000000004 1321.0000000000002 1.6092963315493234 272.50000000000006 586.50000000000011 827.20833333333337 4672.5000000000009 8153.5000000000009 18.500000000000004 84.840500729166692 -2.1847625283175769 3298.5000000000005 66.852515000000011 4680.229166666667 5255.6446674432145 22.500000000000004 -2.8964345000000011 1155.5000000000002 29147.416666666668 4712.5000000000009 1789.7708333333337 2123.0833333333335 3933.0625000000005 4.6213724512608056 47.904905000000007 0.41270755422783983 15204.083333333334 1306.5000000000002 13.500000000000002 95.500000000000014 1.5000000000000002 31589.000000000004 67.25481400000001 92916.500000000015 3533.5000000000005 694.50000000000011 6450.3169225563552 15.525000000000002 15.975000000000001 3841.0208333333339 5220.5000000000009
decision_type=2 2 2 2 2 2 2 2 2 2 2 2 2 2 2 2 2 2 2 2 2 2 2 2 2 2 2 2 2 2 2 2 2 2 2 2 2 2 2 2 2 2 2 2 2 2 2 2 2 2 2 2 2 2 2 2 2 2 2 2 2 2
left_child=4 2 5 21 7 13 12 17 -6 11 34 15 44 31 24 16 35 50 -19 -8 -20 25 -21 -15 -14 26 -3 -9 29 -4 54 -2 33 -33 57 -7 37 -16 49 -38 -41 59 56 -24 45 -5 -31 -48 -40 -22 -1 -52 -12 -13 -11 -56 -43 -10 -59 -17 61 -35
right_child=1 3 28 6 8 9 19 27 10 30 52 53 14 23 36 41 -18 18 20 22 38 -23 43 -25 -26 -27 -28 -29 -30 46 -32 32 -34 60 -36 -37 39 -39 48 40 -42 42 -44 -45 -46 -47 47 -49 -50 -51 51 -53 -54 -55 55 -57 -58 58 -60 -61 -62 -63
leaf_value=-2.6115308475748575 95.486209110104056 -1.8065988529168895 58.847664519464615 4.0279401899720639 -2.5264213787161625 -6.1888841933435881 52.111931283777373 -2.8029006399093248 -0.57971933210232462 -7.7828598438660448 -2.8356933683763401 11.71194889499543 0.10888658139534214 11.035439581933581 -4.4004213399436249 30.4890818774882 5.3636634136055132 -2.6031457782946359 -3.3768854241140538 -2.457230760099637 -0.01360211639376999 -2.7835023084619275 1.2226257505139779 56.475425678386962 -3.6675515733796362 -2.366064569088616 2.6744251330344211 -0.015565431615423505 98.070153157667775 21.971325339119101 9.3750070931336964 -3.6029365157683606 28.842202044722061 19.422451548692077 24.409837432155623 -1.9580528943343802 -2.1835262465963297 20.502734930457148 1.7167830713664238 6.0822688241250145 -1.5470180947850212 -6.6035190040490512 15.680867505666946 26.735852427816088 -4.241451914509895 -1.9063020463840461 13.499924142356885 -3.3157419257791911 -0.63536050766700258 -2.2524697073331397 0.058972640288518931 -2.4634497815448122 -0.28610127686468401 35.524957720829576 0.35776844043485878 -5.9045240521236089 17.977108209539796 10.62512297020556 1.1914178144723131 4.6023122413637498 46.782415594957627 -2.7079097281083611
leaf_weight=2304 37 25 355 31 90 34 164 46 34 35 29 20 36 26 20 64 79 177 32 22 22 113 20 377 29 35 26 85 842 111 20 27 92 115 22 92 21 121 21 40 35 24 27 45 22 69 24 20 20 20 21 464 20 56 23 36 21 29 68 22 23 26
leaf_count=2304 37 25 355 31 90 34 164 46 34 35 29 20 36 26 20 64 79 177 32 22 22 113 20 377 29 35 26 85 842 111 20 27 92 115 22 92 21 121 21 40 35 24 27 45 22 69 24 20 20 20 21 464 20 56 23 36 21 29 68 22 23 26
internal_value=-0.00249597 0.00794009 0.010261 0.000957556 -0.0129269 0.00643915 0.00432825 -0.0137844 -0.00348168 0.00132345 0.000875804 0.0031018 0.000771045 0.0103471 0.00296922 0.00143762 -0.00152121 -0.0142196 -0.010671 0.0103226 -0.00479583 -0.0104571 0.00495982 0.0126817 -0.0043318 -0.00554007 -0.000821918 -0.00352403 0.0138651 0.0120506 -0.00549518 0.00739456 0.00640057 0.00414443 0.00399739 -0.00521015 0.00498524 0.00752658 -0.00122744 0.00121748 0.00375499 0.00529412 0.00120666 0.00847926 -0.00464373 -0.00266733 0.00704062 0.00129252 0.00394161 -0.00634204 -0.0145897 -0.0127644 -0.00879837 0.0109987 -0.00761955 -0.00426396 -0.00292683 0.00237986 0.00444902 0.00867596 0.00583181 0.00454996
internal_weight=7006 3502 2628 874 3504 1276 675 3212 292 553 202 439 424 723 302 363 205 3081 292 251 115 199 87 403 65 86 51 131 1352 510 114 320 283 191 153 126 237 141 83 96 75 158 72 65 122 100 155 44 41 42 2789 485 49 76 94 59 45 131 97 86 164 141
internal_count=7006 3502 2628 874 3504 1276 675 3212 292 553 202 439 424 723 302 363 205 3081 292 251 115 199 87 403 65 86 51 131 1352 510 114 320 283 191 153 126 237 141 83 96 75 158 72 65 122 100 155 44 41 42 2789 485 49 76 94 59 45 131 97 86 164 141
is_linear=0
shrinkage=0.03


Tree=45
num_leaves=63
num_cat=0
split_feature=56 10 28 55 55 10 56 9 55 21 62 55 55 10 62 19 19 62 16 27 33 6 64 59 55 61 27 46 47 21 59 15 10 55 6 66 33 22 58 59 33 36 6 7 55 65 63 31 19 52 57 27 55 59 23 7 61 49 66 7 28 55
split_gain=833.503 88.1459 50.7442 22.7785 20.4536 17.8623 15.2417 13.3507 10.6926 8.95791 7.0756 6.97114 5.46692 4.95087 6.77687 4.90599 4.14951 4.09958 4.06012 3.91728 3.99497 3.64399 3.63183 3.45775 3.4569 7.43218 3.26312 3.51147 3.2341 4.31051 3.1807 5.91676 2.99728 3.14455 2.99047 2.82848 2.70331 2.5216 2.66663 3.68462 2.48777 2.39472 2.73578 2.32373 2.28765 2.76171 2.27774 2.22436 2.28274 2.10183 2.52306 2.07779 1.96375 1.91761 2.83322 1.82254 1.75118 1.73748 1.93154 1.72097 1.71631 1.70886
threshold=894.00000000000011 0.87900005428953576 -0.04034199999999543 7009.0000000000009 8194.0000000000018 0.46472317204376884 40.500000000000007 1.0000000180025095e-35 3298.5000000000005 3.0933699712599254 1540.6666666666667 4333.0000000000009 5635.0000000000009 0.74305326206722599 2091.979166666667 16.225000000000005 1.8750000000000002 1560.7083333333337 1860.0000000000002 7.0664734419295554 4.0725940070589877 4.5000000000000009 6674.0000000000009 2698.0000000000005 95.500000000000014 1859.5000000000002 15.014305558071449 29098.041666666668 847.50000000000011 2.95553360562262 2541.0000000000005 6107.0848005287517 0.46472317204376884 258.00000000000006 6.5000000000000009 7991.8750000000009 2.8496051515696981 0.92500000000000082 3467.9583333333339 2967.5000000000005 3.0916541173503802 18411.000000000004 8.5000000000000018 11.500000000000002 942.50000000000011 848.50000000000011 2383.5000000000005 61.036759855372203 19.775000000000002 668.50000000000011 7529.5000000000009 8.5181971298408872 6948.5000000000009 2492.0000000000005 55.305881500000005 13.500000000000002 1118.5000000000002 2254.5000000000005 1845.2708333333337 12.500000000000002 -2.1233280000000039 8108.5000000000009
decision_type=2 2 2 2 2 2 2 2 2 2 2 2 2 2 2 2 2 2 2 2 2 2 2 2 2 2 2 2 2 2 2 2 2 2 2 2 2 2 2 2 2 2 2 2 2 2 2 2 2 2 2 2 2 2 2 2 2 2 2 2 2 2
left_child=1 13 3 5 7 26 16 10 9 30 40 46 15 24 -15 22 23 18 -6 -13 28 -16 32 -3 -1 34 27 -2 53 -30 31 -7 -9 -34 -26 57 -23 38 39 -8 47 42 43 -18 -33 -46 55 48 -4 -29 51 56 -31 54 -21 -12 -51 -27 -59 -35 -32 -5
right_child=2 6 4 61 17 8 37 12 -10 -11 11 19 -14 14 21 -17 41 -19 -20 20 -22 36 -24 -25 25 35 -28 49 29 52 60 44 33 59 -36 -37 -38 -39 -40 -41 -42 -43 -44 -45 45 -47 -48 -49 -50 50 -52 -53 -54 -55 -56 -57 -58 58 -60 -61 -62 -63
leaf_value=-2.5331849221476119 -5.0512049296630401 -2.5952970481589213 -3.3296895069519707 50.9049127702852 -1.122208537081417 -5.7199319727335114 -1.4855362637094116 -7.7700082955753391 46.013787340721933 47.028450300286828 -1.2629660083329093 -2.6060756127713214 42.491183374445527 -2.5104647913372484 -3.2712733702820378 28.524332928842128 -2.143008135077451 49.79531752442314 61.349442324356914 15.153696984107013 -2.0502675094920324 -1.1464183741445892 23.030285979385461 3.4291786765177221 0.16543513373486377 -2.4869005085156739 8.7799323614537119 -4.357728148570513 6.3227304810044256 -2.2108076650761253 44.979323364316713 -0.52837603047596982 -7.9473484320316627 35.20322742762162 -0.17722735412851406 -2.0692130726243168 1.5080447583882357 33.648159993150934 12.05936346043427 34.342269052300921 -3.3173630473491742 -3.1961719232785724 -0.90220390183272459 6.8884534301011717 -1.7901149495923936 29.567008525497503 -3.1639888979521751 -2.745948506416076 0.16496630022772676 22.686555616319303 12.981994064222958 -1.8384052158041777 1.6015765322111823 7.0279164129205443 -1.706463467288122 0.83659083712000892 -0.039940646811342614 -2.2920138437329589 -0.097242461732449353 -0.85811970074341837 9.9698987919179238 91.454721480601663
leaf_weight=2323 51 95 21 251 36 46 117 21 388 244 24 25 68 180 33 44 25 214 25 39 23 55 24 21 23 479 43 20 46 38 43 57 26 32 20 22 28 32 97 30 35 20 44 32 20 48 60 50 34 20 42 55 22 68 21 23 26 22 27 26 26 856
leaf_count=2323 51 95 21 251 36 46 117 21 388 244 24 25 68 180 33 44 25 214 25 39 23 55 24 21 23 479 43 20 46 38 43 57 26 32 20 22 28 32 97 30 35 20 44 32 20 48 60 50 34 20 42 55 22 68 21 23 26 22 27 26 26 856
internal_value=-0.00250881 -0.0122203 0.00851605 0.011067 0.00305425 0.00806129 -0.000666537 0.000541488 0.0101101 0.00712043 -0.00212058 -3.08404e-05 0.00639569 -0.0140646 -0.0103242 0.00353553 -0.00625053 0.0100763 0.00314239 0.00243531 0.00354726 -0.00462532 0.000557707 -0.0103101 -0.0144429 -0.0123622 0.00109685 -0.000406352 0.00472875 0.000819981 0.00298626 0.000771479 -0.00182683 0.000677765 -0.000278422 -0.0133012 -0.00122744 0.00411807 0.00306022 0.000489463 -0.0079015 -0.00232865 -0.00041543 0.00388792 0.00417266 0.00788546 -0.00655462 -0.00553758 -0.00130672 0.001729 0.00301887 0.00041543 -0.0044426 0.00793911 0.00394343 -0.00152866 0.005141 -0.0137417 -0.00818737 0.00459552 0.00842258 0.0141288
internal_weight=7006 3725 3281 2236 1045 1129 513 770 872 484 529 389 241 3212 296 173 237 275 61 282 257 116 129 116 2916 593 257 214 234 106 240 171 105 84 43 550 83 276 244 147 140 121 101 57 125 68 107 105 55 163 143 101 60 128 60 47 46 528 49 58 69 1107
internal_count=7006 3725 3281 2236 1045 1129 513 770 872 484 529 389 241 3212 296 173 237 275 61 282 257 116 129 116 2916 593 257 214 234 106 240 171 105 84 43 550 83 276 244 147 140 121 101 57 125 68 107 105 55 163 143 101 60 128 60 47 46 528 49 58 69 1107
is_linear=0
shrinkage=0.03


Tree=46
num_leaves=63
num_cat=0
split_feature=4 4 4 56 58 34 57 18 1 16 62 62 56 58 33 2 60 4 62 16 62 38 58 18 62 19 34 57 26 63 62 12 45 34 1 63 49 56 26 58 44 34 4 22 62 16 65 58 52 48 60 47 32 7 34 61 39 70 51 44 16 35
split_gain=832.198 62.4105 33.4503 33.411 30.2291 17.9268 15.5621 12.8447 9.92165 9.6155 8.70801 6.49772 6.2042 5.7041 5.25823 5.0585 4.50706 4.28511 7.16523 3.86758 6.10827 3.72817 3.7059 3.5708 3.27132 3.18316 3.17518 3.41818 2.91755 2.90999 2.88024 4.1517 3.97975 2.90897 2.75673 2.71901 2.71648 2.6221 3.58552 2.60695 2.46646 2.33947 2.32297 2.55174 2.48986 2.29717 2.23017 2.09645 2.0143 1.97686 1.97342 2.70974 1.91262 1.83241 1.80817 1.72978 1.69629 1.66851 1.61345 1.57918 2.01104 1.54244
threshold=11.500000000000002 20.500000000000004 10.500000000000002 2072.5000000000005 3067.7916666666674 -0.28765678154191926 1303.0000000000002 5.7250000000000005 22.175000000000001 2188.0000000000005 1540.6666666666667 1399.5208333333337 5352.5000000000009 2635.2500000000005 3.1217798661229161 49.471368000000005 5634.5000000000009 9.5000000000000018 2091.979166666667 596.50000000000011 1141.1666666666667 14010.187500000002 652.25000000000011 3.2750000000000004 1714.6458333333337 1.8750000000000002 -1.0905774303575766 7448.5000000000009 61.863219062500015 1846.5000000000002 2082.8541666666674 86208.000000000015 28678.500000000004 0.41270755422783983 -6.7749999999999995 6256.5000000000009 208.50000000000003 6892.5000000000009 73.510189333333344 4680.229166666667 29417.500000000004 -0.93684769943504509 22.500000000000004 0.17500000000000074 2061.5833333333335 1573.5000000000002 1152.0000000000002 4337.291666666667 849.50000000000011 227.50000000000003 1379.5000000000002 227.50000000000003 55.69010436183742 18.500000000000004 1.0142533795746689 1657.5000000000002 41281.500000000007 85975.458333333358 1144.5000000000002 31709.500000000004 -2745.9999999999995 16925.500000000004
decision_type=2 2 2 2 2 2 2 2 2 2 2 2 2 2 2 2 2 2 2 2 2 2 2 2 2 2 2 2 2 2 2 2 2 2 2 2 2 2 2 2 2 2 2 2 2 2 2 2 2 2 2 2 2 2 2 2 2 2 2 2 2 2
left_child=2 4 6 21 5 22 17 40 11 10 19 35 25 58 30 -12 36 -1 -19 -5 -21 52 -2 -20 -8 -6 -24 28 -28 41 32 -32 57 -33 -34 54 55 45 -39 46 -4 -27 43 48 -44 -30 -15 50 -38 61 51 -25 -3 -43 -7 -17 -16 -13 -9 -26 -61 -36
right_child=1 3 7 9 12 8 24 13 -10 -11 15 14 -14 39 56 16 -18 18 23 20 -22 -23 26 47 59 29 27 -29 37 -31 31 33 34 -35 49 -37 42 38 -40 -41 -42 53 44 -45 -46 -47 -48 -49 -50 -51 -52 -53 -54 -55 -56 -57 -58 -59 -60 60 -62 -63
leaf_value=-2.4217893744831844 -0.93695181994081844 -1.9670109418896087 -0.65481511487703403 -2.4005422789537776 0.57455398727890949 17.508111768335386 -2.6051592095644356 -0.18035596962160697 22.350216072333641 60.409133925198496 27.870029536224528 18.215639599381564 80.90693326904983 -1.7207209537397239 11.687326678092809 0.094153571043260623 15.288290760419743 -2.4497374612056797 -3.1731351691735767 -4.7276211852911674 13.347382522210589 -2.581198700600337 59.791371464077208 0.49562844990397703 -0.98955031933550708 58.003929545498949 -4.4020839564334073 36.563212839530877 39.349025320372654 50.1039163954269 -6.0881427408700546 18.302100849976082 14.455926673254877 -2.0441166479785737 -1.0736088714721814 -0.74692731580826599 -0.96603771963223606 18.486748835228862 -6.0437549723583199 20.798539635518097 -2.376736536577666 -2.3516129077519348 -2.7602980711480312 -1.3491221390993677 0.1970302708930228 18.375048619390906 2.8004737834824138 1.1380792645630822 18.413766441582091 -8.4205599879904547 -2.0076522837552115 -1.2162018119222744 0.83603603171607122 38.910295269106996 0.078230127723822984 -3.2100179541122182 48.835451548119686 -1.9272929978897946 -3.2261213087404674 -0.17364091318206021 1.1540053427623918 -1.9000387577819491
leaf_weight=2815 21 20 20 61 35 88 20 21 133 92 109 21 1148 30 25 21 62 177 25 36 50 154 242 24 31 32 20 131 98 140 25 38 22 31 43 31 22 20 23 22 73 32 29 32 48 54 102 21 92 59 25 20 22 20 21 24 20 26 24 33 21 29
leaf_count=2815 21 20 20 61 35 88 20 21 133 92 109 21 1148 30 25 21 62 177 25 36 50 154 242 24 31 32 20 131 98 140 25 38 22 31 43 31 22 20 23 22 73 32 29 32 48 54 102 21 92 59 25 20 22 20 21 24 20 26 24 33 21 29
internal_value=-0.00257304 0.00776877 -0.0129097 0.000820272 0.0100784 0.00661862 -0.0137938 -0.00317357 0.00298481 0.00397729 0.00255417 0.000964308 0.013078 0.00111502 -0.00127396 0.0046732 0.00280824 -0.0141779 -0.010671 -0.00375255 0.000313589 -0.0100816 0.0102643 -0.00479583 -0.00239772 0.00884601 0.0107074 0.00883271 0.00647141 0.0101606 -0.00274396 0.00156217 -0.00478261 0.0053835 -0.00713259 0.00640257 0.0011078 0.0075961 0.000974478 0.00387411 -0.0123738 0.00567182 0.00247423 0.00470226 -0.00171206 0.00944773 0.0022483 -0.00196448 0.00680982 -0.00878719 -0.0045152 -0.000612245 -0.00206651 0.00166987 0.00863428 -0.00558758 0.00824834 0.00280255 -0.00824834 0.000141011 0.00327172 -0.00536755
internal_weight=7006 3502 3504 874 2628 1221 3212 292 612 678 586 479 1407 199 339 439 330 3107 292 147 86 196 609 115 105 259 588 346 215 224 294 94 200 69 153 140 268 195 43 154 93 84 223 146 77 152 132 90 114 131 69 44 42 52 109 45 45 47 45 85 54 72
internal_count=7006 3502 3504 874 2628 1221 3212 292 612 678 586 479 1407 199 339 439 330 3107 292 147 86 196 609 115 105 259 588 346 215 224 294 94 200 69 153 140 268 195 43 154 93 84 223 146 77 152 132 90 114 131 69 44 42 52 109 45 45 47 45 85 54 72
is_linear=0
shrinkage=0.03


Tree=47
num_leaves=63
num_cat=0
split_feature=4 55 4 4 4 55 57 57 58 19 55 22 19 62 59 62 62 54 2 15 42 4 62 55 61 18 60 56 24 54 55 46 26 33 62 60 57 56 14 30 21 33 21 27 20 2 62 46 62 16 49 28 48 62 27 4 55 46 30 59 63 26
split_gain=815.056 61.3423 58.1925 30.566 19.596 16.8517 13.997 13.6204 13.1943 12.354 8.45059 7.27287 5.56813 5.24283 6.92899 4.88346 4.8657 4.52464 4.40243 4.39407 4.35732 4.34225 7.30452 5.04366 10.3505 3.76197 3.55071 3.49845 3.36136 3.28882 3.21437 3.12268 3.05299 3.02015 3.05263 2.84881 2.62844 2.96667 2.94141 2.61762 2.60088 2.50126 2.35819 2.28276 2.24916 2.24336 2.11006 2.07052 2.03801 1.93428 2.0887 1.87109 1.71386 1.78537 1.69283 1.67821 5.47528 2.78716 1.6265 1.62589 1.59026 1.50537
threshold=11.500000000000002 6868.0000000000009 18.500000000000004 10.500000000000002 20.500000000000004 3298.5000000000005 2074.5000000000005 1303.0000000000002 3870.6250000000005 8.1750000000000025 9228.5000000000018 1.1000000000000001 15.425000000000002 1449.2291666666667 2785.5000000000005 1279.3125000000002 1701.8750000000002 1633.0833333333335 50.212033500000011 4625.9161592216087 30461.125000000004 9.5000000000000018 2091.979166666667 92.500000000000014 1859.5000000000002 3.2750000000000004 5634.5000000000009 5412.5000000000009 53.205295000000007 1226.7083333333335 2751.5000000000005 29227.937500000004 81.343445833333348 3.1525707825339961 2067.1666666666674 5444.0000000000009 7529.5000000000009 4950.5000000000009 86626.270833333358 53.512152399841483 3.0091496943079812 2.8496051515696981 3.1139398478533065 13.839742415220607 -8.9552083333333314 93.12063000000002 2141.1666666666674 30337.375000000004 1153.4791666666667 567.00000000000011 1168.5000000000002 -1.5879915000000044 212.50000000000003 2167.5208333333335 12.608104802777069 19.500000000000004 8153.5000000000009 32671.250000000004 54.097364533159094 327.50000000000006 1570.5000000000002 68.178545125000014
decision_type=2 2 2 2 2 2 2 2 2 2 2 2 2 2 2 2 2 2 2 2 2 2 2 2 2 2 2 2 2 2 2 2 2 2 2 2 2 2 2 2 2 2 2 2 2 2 2 2 2 2 2 2 2 2 2 2 2 2 2 2 2 2
left_child=3 2 5 7 55 8 30 21 11 31 12 13 27 19 17 -14 47 39 -8 -2 -7 23 -23 -1 40 -24 28 -6 61 -9 -4 -5 -19 34 -16 -31 37 51 -38 -15 -25 -27 43 58 -22 59 -32 -11 -12 50 -17 -30 -41 -54 -53 -3 57 -57 -13 -21 -18 -20
right_child=1 4 6 9 10 20 18 29 -10 16 48 42 15 14 33 49 60 32 26 45 44 22 25 24 -26 41 -28 -29 36 35 46 -33 -34 -35 -36 -37 38 -39 -40 52 -42 -43 -44 -45 -46 -47 -48 -49 -50 -51 -52 54 53 -55 -56 56 -58 -59 -60 -61 -62 -63
leaf_value=-2.3977316685950369 -3.591586045736372 83.583871838112131 -2.5294354843526969 -0.090309539969775587 -2.5056594431451007 -0.96566624362038966 7.9193364672531263 1.0456291562044631 51.357029516755865 -2.7446606223641994 6.7406702740931674 -0.95924522765580145 -1.9835557426925798 1.2369391435685884 -2.9899272761439133 -1.5103437136081947 0.24396318393450542 -2.9878249937779811 -7.4543813544187145 12.47937130730949 10.743824501687644 -2.3762453373695092 -3.0779411140983695 0.050864306751311116 -2.2807854532905547 -1.4135688502900177 6.8956942162121901 5.8743254990427198 10.374984118524644 -1.9459858857916947 -2.4163983933620714 -2.4163277882950407 30.073604583299701 35.864028694201252 20.055723609567778 -0.0059062391909986897 -0.4528829555786103 -5.0851223468243836 21.227738009424836 -1.0864060163205636 -0.08254691169768677 1.3937031219231653 46.469689705830866 -2.2907813996605864 39.551971777528088 -1.3764689937826096 0.17367030415387547 -0.022879392726845822 56.09327642997787 24.427726655018613 14.401872785906921 -1.3634830533568878 -6.4967779728602695 -4.8017282760671787 0.19611673584229947 15.941359914514269 61.702372356933324 -2.81406084677021 22.304584329816471 35.38359402436916 10.652819661176462 -0.92407884260814166
leaf_weight=2291 24 948 99 26 33 23 58 25 165 30 20 21 33 31 44 37 44 20 45 38 24 177 25 20 481 59 28 28 20 42 80 84 21 33 40 38 30 68 22 23 23 31 96 20 429 23 21 39 142 103 39 55 69 25 33 29 161 20 77 65 69 39
leaf_count=2291 24 948 99 26 33 23 58 25 165 30 20 21 33 31 44 37 44 20 45 38 24 177 25 20 481 59 28 28 20 42 80 84 21 33 40 38 30 68 22 23 23 31 96 20 429 23 21 39 142 103 39 55 69 25 33 29 161 20 77 65 69 39
internal_value=-0.0025602 0.00767454 0.00404484 -0.0127899 0.0120218 0.00758295 -0.00370674 -0.013635 0.00500778 -0.00348168 0.0065778 0.00312938 0.00333944 0.000980048 -0.00126429 0.00564356 0.00130148 -0.00482285 -0.000444612 0.00557628 0.012092 -0.0139944 -0.0104656 -0.014359 -0.0116714 -0.00453519 -0.00175537 -0.00461538 -0.00268183 -0.0029686 -0.0101799 -0.0114169 0.00394161 0.00445773 0.0013912 -0.00595506 -0.000775975 -0.00253833 0.00512476 -0.00727211 0.00236659 -0.00163152 0.00769267 0.00480102 0.0127389 0.00782712 -0.00635015 -0.00494935 0.0120111 0.00760469 0.00390276 0.00052729 -0.00932536 -0.0111265 -0.00132804 0.0140636 0.0115516 0.00268839 0.00669725 0.00971872 0.00514589 -0.00781213
internal_weight=7006 3502 1909 3504 1593 1311 598 3212 835 292 435 670 273 456 306 212 182 189 398 150 476 3107 292 2815 524 115 340 61 312 105 200 110 41 117 84 80 228 176 52 148 43 90 214 118 453 126 101 69 162 179 76 108 117 94 88 1158 210 49 98 103 113 84
internal_count=7006 3502 1909 3504 1593 1311 598 3212 835 292 435 670 273 456 306 212 182 189 398 150 476 3107 292 2815 524 115 340 61 312 105 200 110 41 117 84 80 228 176 52 148 43 90 214 118 453 126 101 69 162 179 76 108 117 94 88 1158 210 49 98 103 113 84
is_linear=0
shrinkage=0.03


Tree=48
num_leaves=63
num_cat=0
split_feature=4 55 4 4 34 55 60 34 57 18 55 57 16 4 55 21 4 62 30 58 55 55 44 3 14 48 18 58 3 62 62 58 27 57 57 57 62 34 55 4 24 69 59 68 60 2 61 60 4 62 26 54 26 63 66 15 26 65 16 36 54 65
split_gain=772.651 61.9288 55.3964 28.1912 21.0533 20.5757 24.6448 18.2744 13.0607 12.0014 11.3748 9.38009 7.50259 6.85911 7.37654 5.9126 5.38346 7.28658 5.26202 5.16548 4.58823 4.17774 3.99725 3.92979 3.79601 3.61554 3.59245 3.53286 3.29926 3.10195 3.05373 2.94184 2.91226 2.86938 2.67709 2.93186 2.62284 2.60666 3.15339 4.23549 2.58395 3.08585 2.48356 2.46646 2.43893 2.41763 2.3389 3.05797 2.3255 2.29969 2.71054 2.16426 2.80382 2.10595 2.30413 1.94606 1.82143 2.78988 2.55708 1.8102 1.80868 1.78104
threshold=11.500000000000002 6868.0000000000009 18.500000000000004 10.500000000000002 1.560099111456829 84.500000000000014 2235.5000000000005 -0.42403443256650059 963.50000000000011 5.7250000000000005 3458.0000000000005 1303.0000000000002 2053.0000000000005 19.500000000000004 9078.0000000000018 2.1469096247755091 9.5000000000000018 2134.666666666667 50.221050963748411 2635.2500000000005 229.50000000000003 5234.5000000000009 32853.500000000007 62.86388036797856 111300.02083333336 209.50000000000003 5.7250000000000005 3512.7083333333339 50.183757432253863 1714.6458333333337 2386.5833333333335 4680.229166666667 15.141625241523132 6373.5000000000009 1999.0000000000002 138.50000000000003 1238.8333333333337 -2.1847625283175769 4521.5000000000009 15.500000000000002 62.475388000000009 92989.000000000015 2738.5000000000005 90694.500000000015 1580.5000000000002 73.009477500000017 1155.5000000000002 1318.5000000000002 17.500000000000004 1330.3958333333337 82.84859800000001 1768.9583333333337 74.608623250000022 6978.0000000000009 2951.6458333333339 17426.475499930977 63.440081124999999 706.50000000000011 1792.0000000000002 12567.500000000002 1356.9166666666667 1959.5000000000002
decision_type=2 2 2 2 2 2 2 2 2 2 2 2 2 2 2 2 2 2 2 2 2 2 2 2 2 2 2 2 2 2 2 2 2 2 2 2 2 2 2 2 2 2 2 2 2 2 2 2 2 2 2 2 2 2 2 2 2 2 2 2 2 2
left_child=3 2 7 5 13 16 23 20 44 43 15 -8 28 -3 22 24 -1 -18 -12 60 34 30 36 -7 25 -9 -19 42 -6 -13 45 32 -21 51 35 -2 -15 -22 39 56 41 -35 49 -5 -4 53 -28 -48 -20 -17 59 52 -23 54 -10 -38 58 -58 -39 -51 -11 -34
right_child=1 4 8 9 12 6 11 10 21 19 18 29 -14 14 -16 27 17 26 48 31 37 33 -24 -25 -26 -27 46 -29 -30 -31 -32 -33 61 40 -36 -37 55 38 -40 -41 -42 -43 -44 -45 -46 -47 47 -49 -50 50 -52 -53 -54 -55 -56 -57 57 -59 -60 -61 -62 -63
leaf_value=-2.3372037431908375 -6.8576755642890292 80.363392624925055 -0.47861506418277711 -1.1796733318255672 15.593523366023422 0.0327962568091624 -2.213016248426992 3.6564001321223509 -0.28827327418990079 -0.12142832612395821 -2.7768838248529755 -2.5134990823336945 92.933631492161766 -0.49464431871786246 65.716294035315428 10.801635706596597 -2.3334797353585497 -3.0164955087060914 29.309157256338992 5.129632471669292 103.77234318967935 1.9186742506910275 -4.1251258548962166 -1.4269866852634987 15.195212883322183 -4.2706822246288985 -1.217773960107754 18.870702861885796 -1.2315290900746958 -0.01402374034728723 1.6726380684651212 19.854998856617261 -1.21039545598014 -9.5102690160507599 -1.8760956995369178 53.825097050371426 23.75287949119345 -2.0003678608831703 43.541803251886918 0.51915192803674015 13.79046809174856 7.5335733360695389 18.267348414743797 -2.2329446068314849 -2.4499850843250264 -3.8645889772070183 1.5633582893189701 -1.4852900518707937 8.809645708825947 1.5203952178132567 12.569242126765769 -2.8683778931180246 -3.4461155272500839 0.34525401131156341 -5.1992077813507969 0.076206608388631594 11.060358359164528 40.231057793183474 26.344574921225583 -4.5993616887437643 -3.0981190909800294 1.0119984385114049
leaf_weight=2251 20 927 21 20 25 72 481 20 45 20 22 20 34 26 251 41 176 23 125 88 157 53 24 20 24 86 40 85 83 85 35 22 22 24 38 52 203 22 150 50 43 49 63 73 122 59 23 21 35 21 26 40 33 31 43 20 34 167 21 52 25 22
leaf_count=2251 20 927 21 20 25 72 481 20 45 20 22 20 34 26 251 41 176 23 125 88 157 53 24 20 24 86 40 85 83 85 35 22 22 24 38 52 203 22 150 50 43 49 63 73 122 59 23 21 35 21 26 40 33 31 43 20 34 167 21 52 25 22
internal_value=-0.00246171 0.00750321 0.00385627 -0.0124217 0.0118712 -0.0132334 -0.00857838 0.00730837 -0.00370674 -0.00348168 0.00344443 -0.0108463 0.000823364 0.0129502 0.0101832 0.000710356 -0.0144773 -0.0105334 0.00970346 0.000662983 0.0105639 -0.00121292 0.00674478 0.00583062 -0.00458878 -0.00704053 -0.00431373 0.0031135 -0.00302498 -0.00268316 -0.00427968 0.00329007 0.00156699 0.0014746 0.00487738 0.00828017 0.00787635 0.0115987 0.0103963 0.00855831 0.00488372 0.00139535 0.000945347 -0.0123738 -0.0116143 -0.00587872 -0.0013912 0.00333333 0.011599 -0.00126338 -0.00375378 -0.00164155 0.00101045 -0.00337531 -0.00575482 0.00892873 0.0101884 0.0113973 0.00445476 -0.00673051 -0.00824834 -0.00469388
internal_weight=7006 3502 1909 3504 1593 3212 678 1311 598 292 600 586 142 1451 524 418 2534 283 182 199 711 455 273 92 130 106 107 288 108 105 213 154 132 242 110 72 249 601 444 294 116 73 203 93 143 178 84 44 160 140 99 126 86 119 88 223 244 201 43 73 45 44
internal_count=7006 3502 1909 3504 1593 3212 678 1311 598 292 600 586 142 1451 524 418 2534 283 182 199 711 455 273 92 130 106 107 288 108 105 213 154 132 242 110 72 249 601 444 294 116 73 203 93 143 178 84 44 160 140 99 126 86 119 88 223 244 201 43 73 45 44
is_linear=0
shrinkage=0.03


Tree=49
num_leaves=63
num_cat=0
split_feature=4 55 4 4 55 60 4 55 34 57 34 18 55 4 62 24 34 57 56 37 62 42 59 55 3 18 62 48 48 20 4 60 56 45 25 34 15 5 63 62 37 57 34 31 60 62 60 61 44 14 59 24 69 57 41 56 60 55 4 14 24 63
split_gain=755.478 61.0662 55.6858 28.9006 23.463 23.3029 19.9524 18.4105 17.9822 13.4936 12.6837 12.5604 8.92857 5.38346 7.28658 5.08385 4.65394 4.80603 4.40931 4.35965 4.13782 3.92689 3.9158 3.91394 3.62966 3.59245 3.31494 3.113 3.87484 3.10695 2.99001 2.97433 2.94055 2.83151 2.73572 3.45096 2.66216 2.65229 2.64482 2.62611 3.64964 2.58455 2.56836 2.50057 3.06199 2.48868 2.43893 2.3389 2.30984 2.30025 2.28832 2.28817 3.23785 2.18912 2.18253 2.13411 2.0991 2.09744 3.74856 3.04648 2.07089 1.96497
threshold=11.500000000000002 7009.0000000000009 18.500000000000004 10.500000000000002 84.500000000000014 2235.5000000000005 20.500000000000004 3298.5000000000005 -0.96470876145325224 963.50000000000011 1.560099111456829 5.7250000000000005 4521.5000000000009 9.5000000000000018 2134.666666666667 74.883707500000014 0.81789552298973345 7529.5000000000009 4712.5000000000009 18515.500000000004 1566.416666666667 30334.583333333336 2698.0000000000005 9228.5000000000018 49.245798415384137 5.7250000000000005 1796.166666666667 231.50000000000003 390.50000000000006 24.01979166666667 16.500000000000004 719.50000000000011 8352.5000000000018 31634.500000000004 53.057081000000004 0.33509231553269819 5986.2394342398939 3.5000000000000004 1846.5000000000002 2072.0833333333335 20914.000000000004 8795.5000000000018 -2.1847625283175769 60.889329973905753 3236.5000000000005 996.20833333333337 1580.5000000000002 1155.5000000000002 29464.500000000004 82069.562500000015 1287.5000000000002 62.475388000000009 92989.000000000015 1303.0000000000002 56380.500000000007 5553.5000000000009 1318.5000000000002 8153.5000000000009 19.500000000000004 99255.416666666672 69.737910000000014 2004.0000000000002
decision_type=2 2 2 2 2 2 2 2 2 2 2 2 2 2 2 2 2 2 2 2 2 2 2 2 2 2 2 2 2 2 2 2 2 2 2 2 2 2 2 2 2 2 2 2 2 2 2 2 2 2 2 2 2 2 2 2 2 2 2 2 2 2
left_child=3 2 7 4 13 19 57 8 42 46 23 48 45 -1 -15 22 17 18 61 -6 33 -9 31 34 -12 -16 -14 -17 -29 -28 -23 -10 -32 -13 35 -8 -22 -30 -38 40 -24 -37 -2 44 -18 -7 -4 -27 -5 -33 -39 52 -19 -47 -45 -26 -49 58 -3 -60 -44 -11
right_child=1 6 9 11 5 12 10 21 15 16 24 20 26 14 25 27 43 51 -20 -21 36 30 39 -25 55 47 29 28 37 -31 32 49 -34 -35 -36 41 38 50 -40 -41 -42 -43 60 54 -46 53 -48 56 -50 -51 -52 -53 -54 -55 -56 -57 -58 -59 59 -61 -62 -63
leaf_value=-2.2670876308951122 85.983100006517688 51.944411275566388 -0.46425661225729298 -0.61903332278715684 0.031812369104887495 -1.3645036704019382 31.690400806569563 0.0083540585742366592 0.43464134785435588 7.9629617073730419 21.232086698090558 -2.3276280422219155 -1.9613707210074505 -2.263475343297793 -2.9260006434449091 15.382761563176794 -2.7304679138112498 -3.7502154481769616 -2.8334764547486495 -0.32024576905515273 -2.41657435916937 48.287829373458059 -5.8246087951880465 58.436022673161176 -1.9112864191299184 -1.1812407413045209 1.0346257518495883 -2.360439344544452 24.511824151505238 -0.43940003562582658 21.110094685705835 2.2379919260396051 -0.16858145210859218 0.98235769451776633 16.681915274108185 -3.6280863421762137 0.24387260451160728 -5.8384367406328304 15.144967313532604 17.621497150318671 12.266721803139424 13.839675902824347 4.1506114239840599 -2.6271392579624795 0.35244136432171469 -2.1679727028606051 -2.376485531795276 1.5164575406394016 -2.1759965888246779 -5.6429728521777864 16.925641131812188 26.968633088806392 8.9126449735639017 -1.2098915365187433 -2.013997193358684 2.3910984275934721 -1.4407313503146695 85.559186125597904 24.96344108336605 -4.0013720792493244 39.697626806461521 -0.25421941082379362
leaf_weight=2251 101 231 21 21 66 20 34 24 39 41 20 39 23 176 23 178 88 24 100 26 22 336 21 129 52 40 31 90 39 29 120 20 25 30 89 38 49 22 59 30 20 22 28 38 52 441 122 23 72 64 33 30 37 42 24 35 21 842 21 24 150 48
leaf_count=2251 101 231 21 21 66 20 34 24 39 41 20 39 23 176 23 178 88 24 100 26 22 336 21 129 52 40 31 90 39 29 120 20 25 30 89 38 49 22 59 30 20 22 28 38 52 441 122 23 72 64 33 30 37 42 24 35 21 842 21 24 150 48
internal_value=-0.00247884 0.00737472 0.00386851 -0.0123276 -0.0131493 -0.00818021 0.0118548 0.00731811 0.0045767 -0.00352264 0.00625626 -0.00327628 -0.0103856 -0.0144773 -0.0105334 0.00145118 -0.00111388 0.00138165 -0.00133263 0.00583062 0.00096434 0.0118432 -0.0024575 0.00931432 -0.00263305 -0.00431373 -0.00122744 0.00355427 0.000798479 0.00244592 0.012434 -0.00570268 0.00876637 -0.00494935 0.00645549 0.00283741 0.00412759 0.00506908 0.00607771 0.00312236 -0.00175182 -0.00144759 0.0107918 -0.00458684 -0.00233405 -0.0118903 -0.0116143 -0.0013912 -0.0123738 -0.00888228 0.00076225 0.0070472 0.00363339 -0.0123204 -0.00961353 -0.00530425 0.00333333 0.0139496 0.0116154 0.00359202 0.00857383 0.00350168
internal_weight=7006 3502 1965 3504 3212 678 1537 1340 835 625 419 292 586 2534 283 556 482 280 189 92 199 505 194 312 107 107 83 362 184 60 481 123 145 69 183 94 130 94 108 71 41 60 279 202 140 503 143 84 93 84 55 91 61 483 62 87 44 1118 276 45 178 89
internal_count=7006 3502 1965 3504 3212 678 1537 1340 835 625 419 292 586 2534 283 556 482 280 189 92 199 505 194 312 107 107 83 362 184 60 481 123 145 69 183 94 130 94 108 71 41 60 279 202 140 503 143 84 93 84 55 91 61 483 62 87 44 1118 276 45 178 89
is_linear=0
shrinkage=0.03


Tree=50
num_leaves=63
num_cat=0
split_feature=56 10 55 34 55 61 56 57 22 4 55 10 10 62 34 69 6 6 34 19 4 40 1 53 0 55 3 34 36 37 57 26 16 58 33 22 58 4 66 65 57 37 3 16 17 2 2 37 37 53 31 43 2 38 52 17 55 21 45 28 2 34
split_gain=745.206 76.3567 50.0374 50.4918 14.812 31.2641 14.3516 13.0596 9.86019 8.83651 8.65096 8.6474 5.65487 7.03808 5.6281 5.15729 4.23251 4.17286 4.12844 3.60441 3.48491 3.40977 3.69748 3.27041 3.82713 3.21658 2.98511 2.95183 2.94094 3.19215 2.94078 2.90456 2.89966 4.00512 2.93853 2.81129 2.92799 2.59438 2.54749 4.03157 2.38332 2.35711 2.29626 2.25639 2.95506 2.19362 2.30839 2.13302 2.10836 1.98579 2.64254 1.96512 1.95194 1.93739 1.91588 2.33084 1.90897 2.18477 1.79049 3.52123 3.15029 2.62165
threshold=894.00000000000011 0.87900005428953576 8194.0000000000018 0.14352604059857657 84.500000000000014 1616.0000000000002 40.500000000000007 6599.0000000000009 1.0249999999999988 20.500000000000004 4974.5000000000009 0.74305326206722599 0.74305326206722599 2134.666666666667 1.5140737349128524 95044.000000000015 4.5000000000000009 8.5000000000000018 -0.51212047408749217 1.5750000000000004 18.500000000000004 45700.500000000007 16.925000000000001 2534.0000000000005 82339.500000000015 942.50000000000011 49.639184393025154 -1.5912206938856348 18411.000000000004 13237.000000000002 3245.5000000000005 71.108169937500008 2802.5000000000005 2534.6875000000005 2.4068730110021943 0.92500000000000082 3467.9583333333339 11.500000000000002 7338.8125000000009 6168.0000000000009 7676.5000000000009 26336.500000000004 53.95888479681831 -2910.4999999999995 21.075000000000006 65.745802500000011 54.67879150000001 15170.000000000002 18515.500000000004 1575.5000000000002 62.89742684504764 32562.500000000004 74.985777500000012 21465.645833333339 1695.5000000000002 14.575000000000001 9228.5000000000018 4.3511778254206499 28963.000000000004 -0.91460300000000305 86.752850000000009 0.83917741255123002
decision_type=2 2 2 2 2 2 2 2 2 2 2 2 2 2 2 2 2 2 2 2 2 2 2 2 2 2 2 2 2 2 2 2 2 2 2 2 2 2 2 2 2 2 2 2 2 2 2 2 2 2 2 2 2 2 2 2 2 2 2 2 2 2
left_child=1 4 3 8 12 48 19 17 10 -4 11 21 -1 -14 56 40 -15 23 -7 37 -12 22 -2 24 -5 30 -16 -13 29 -21 -10 -18 33 47 -35 36 54 -3 -20 -40 -9 52 -42 -26 58 46 -17 -29 -6 -46 -51 -39 -22 -25 55 -8 57 -11 -45 60 61 -60
right_child=2 6 9 7 5 18 35 15 25 14 20 27 13 16 26 45 31 -19 38 28 41 -23 -24 53 43 -27 -28 32 -30 -31 -32 -33 -34 34 -36 -37 -38 51 39 -41 42 -43 -44 44 49 -47 -48 -49 -50 50 -52 -53 -54 -55 -56 -57 -58 -59 59 -61 -62 -63
leaf_value=-2.1990750019682586 -8.0612872488849057 -2.1006763709617999 83.365484757299598 5.0084540577182999 0.030857998031740975 -1.2969064148712017 11.798829196319176 12.305581692880635 52.782678332093219 20.601533753901986 41.974840498313668 73.418849682288723 -2.1955710829988591 -2.8788470736127931 29.808143589224073 10.221949460511922 1.1034437917307178 -2.5483250802236053 -2.136625812477114 -0.98605256759586579 25.618459050944086 8.712975353654647 7.4167332943827589 8.2519541860940837 -1.5384810433338665 47.804945655321568 -1.1613805314618184 23.818637958512429 -2.8242265999643497 3.5068520487070236 -0.83533919687740077 -0.88428000531013906 32.449018754229762 -9.3269008593973606 6.3737145015772123 30.070901427461393 10.730941879507485 -5.6776499501012454 -1.9484800500266062 1.4789719850642205 4.8179149405452746 -0.15482560462045511 -5.6840523872079984 0.10849752330835315 2.2085099348156461 22.567118193547511 -0.2192051601634489 2.1059672561306568 -0.043156959551852767 -2.6721258559768799 1.2390988854748293 3.5984341173440768 2.5024975523837245 -0.016018718045642685 -3.0148080141002196 -3.0439536427767631 56.682941992966335 -0.73951852313772626 17.493245495135081 -2.5959048665332216 -4.7491357741389333 -2.8379751688076236
leaf_weight=2268 65 67 831 43 64 34 76 36 84 65 154 46 176 26 20 67 27 76 497 57 89 36 28 22 36 515 45 38 20 46 30 54 78 28 28 32 97 26 25 20 32 31 33 52 56 73 41 22 21 22 30 21 24 26 25 46 129 20 40 149 21 20
leaf_count=2268 65 67 831 43 64 34 76 36 84 65 154 46 176 26 20 67 27 76 497 57 89 36 28 22 36 515 45 38 20 46 30 54 78 28 28 32 97 26 25 20 32 31 33 52 56 73 41 22 21 22 30 21 24 26 25 46 129 20 40 149 21 20
internal_value=-0.00253022 -0.011713 0.0078943 0.0052425 -0.0134295 -0.00941159 -0.000958877 -0.000322249 0.00900162 0.0130772 0.00644881 0.00336494 -0.0144691 -0.0104274 0.00842709 0.00498759 -0.00431373 -0.00285281 -0.0119198 -0.00637706 0.0102549 -0.00288149 -0.00592911 -0.00187971 -0.00264762 0.0117024 0.000645161 0.00673469 -0.00277823 -0.000698351 0.00707274 -0.000887793 0.00508501 0.00204134 -0.00368984 0.00368345 0.00256862 -0.0102279 -0.0125567 -0.00558758 -0.00041543 0.00684941 -0.00387097 -0.00351326 -0.00283773 0.00801767 0.00524514 0.0074376 0.00754407 0.00135985 -0.0028215 -0.00471338 0.00885942 0.00555094 -8.15772e-05 0.00144963 0.0107753 0.00719154 -0.00445587 -0.00559322 -0.000517879 0.00294509
internal_weight=7006 3725 3281 2171 3212 661 513 875 1296 1110 667 369 2551 283 279 282 107 593 576 237 298 129 93 517 469 629 65 240 123 103 114 81 194 116 56 276 244 114 542 45 101 144 65 426 390 181 108 60 85 108 52 47 113 48 147 122 214 85 282 230 81 60
internal_count=7006 3725 3281 2171 3212 661 513 875 1296 1110 667 369 2551 283 279 282 107 593 576 237 298 129 93 517 469 629 65 240 123 103 114 81 194 116 56 276 244 114 542 45 101 144 65 426 390 181 108 60 85 108 52 47 113 48 147 122 214 85 282 230 81 60
is_linear=0
shrinkage=0.03


Tree=51
num_leaves=63
num_cat=0
split_feature=4 55 4 4 55 55 60 34 4 6 57 34 55 4 62 24 6 6 7 4 43 55 33 55 34 3 62 58 7 20 58 69 69 34 16 62 62 24 19 13 6 55 21 62 19 25 25 22 55 4 38 34 23 58 31 19 61 34 44 31 13 38
split_gain=737.195 65.9114 54.314 26.6423 20.3889 19.3535 19.2661 19.2613 19.1233 14.2727 12.2607 11.1409 7.84256 7.07399 7.64196 5.83203 5.74959 4.83645 4.65722 4.58523 4.56966 4.44494 4.3866 3.83664 3.58513 3.28208 2.95978 2.80896 3.51403 3.2753 2.77158 2.67834 3.50947 2.6064 3.73242 2.56724 2.53686 3.49133 2.94366 3.04716 2.52726 2.7696 2.52223 2.51744 2.42126 2.31409 2.31285 2.24751 2.21063 4.03961 3.02302 2.19606 2.19182 2.18056 2.0215 2.37169 1.99319 1.98161 1.93154 1.87987 1.98895 1.86918
threshold=11.500000000000002 7009.0000000000009 18.500000000000004 10.500000000000002 84.500000000000014 3298.5000000000005 2235.5000000000005 -0.96470876145325224 20.500000000000004 3.5000000000000004 504.00000000000006 1.560099111456829 4521.5000000000009 9.5000000000000018 2118.6666666666674 74.883707500000014 8.5000000000000018 4.5000000000000009 17.500000000000004 16.500000000000004 31355.500000000004 5234.5000000000009 3.0715071311290267 9228.5000000000018 0.56718021730399582 49.245798415384137 2161.0000000000005 3512.7083333333339 10.500000000000002 -0.92291666666666672 4518.8958333333348 108514.50000000001 93836.000000000015 -2.1847625283175769 2400.5000000000005 1443.0000000000002 1362.1666666666667 53.205295000000007 0.4250000000000001 85931.500000000015 8.5000000000000018 4974.5000000000009 4.4491368608986139 996.20833333333337 17.425000000000001 83.713713000000013 50.037487500000005 0.049999999999999385 8563.5000000000018 19.500000000000004 16586.687500000004 0.63961068073675886 61.421256000000007 1377.3333333333337 60.889329973905753 19.775000000000002 1155.5000000000002 -0.42403443256650059 29417.500000000004 55.861047856415539 83775.500000000015 27041.687500000004
decision_type=2 2 2 2 2 2 2 2 2 2 2 2 2 2 2 2 2 2 2 2 2 2 2 2 2 2 2 2 2 2 2 2 2 2 2 2 2 2 2 2 2 2 2 2 2 2 2 2 2 2 2 2 2 2 2 2 2 2 2 2 2 2
left_child=3 2 5 4 13 7 20 33 48 -5 -4 23 43 -1 -15 18 30 -16 22 -7 45 36 -9 42 47 -13 -14 28 57 -30 -11 32 44 -2 59 -20 -12 -38 -39 -40 41 -21 46 -8 -31 -6 51 -23 49 -3 -51 -10 -49 -41 55 -26 -19 -17 -18 60 -35 -45
right_child=1 8 10 9 6 19 12 15 11 16 21 25 26 14 17 27 58 56 35 40 -22 24 -24 -25 54 -27 -28 -29 29 31 -32 -33 -34 34 -36 -37 37 38 39 53 -42 -43 -44 61 -46 -47 -48 52 -50 50 -52 -53 -54 -55 -56 -57 -58 -59 -60 -61 -62 -63
leaf_value=-2.1331027519092109 81.791691608492897 49.240104874816041 -2.2364942858143348 -2.0360828782330036 0.04647437883039842 44.576793993106421 -1.2594697859155664 -4.0091915458548808 25.848350971921086 2.0843843358780507 -2.8493328858910787 19.700879789471113 -0.97748620745297088 -2.1360721476214959 -2.7924816614044095 29.635972289027563 -2.7805353023499775 -0.93463386185221076 27.237630528347825 3.9158054870964585 -0.020964996337254148 18.303464567669732 11.859174818702854 54.982453733177344 -1.877641808025257 -1.1265391155179623 0.79205060780223702 26.535472995230826 16.063907021968244 2.9510770560313535 20.649785168867844 -5.355186525816257 14.855470230818993 9.6163838481066239 49.433493899858519 -0.5095297575485801 -5.8871734235933229 -3.4467746204275094 -3.9577174429384381 9.5296612908811991 -0.64521608351445137 22.412546727539709 -0.43171724150579277 -2.0366080115263827 -6.4729309100248154 0.029932258090788935 19.319758268813469 12.284746275596607 84.021345190909258 24.154499019833956 -1.4439877209335645 -5.0947040561310448 -2.5178011017394826 0.25806785199809612 -1.3308266747291044 2.5389021203818287 0.93662800431782101 10.638844056158035 -0.49372199529636301 33.553317410542718 -7.2067238455019016 -1.5435402425808917
leaf_weight=2251 101 306 124 90 32 353 20 103 32 127 47 20 39 175 26 20 22 41 20 37 36 62 20 129 58 87 44 96 33 38 26 45 36 21 70 51 46 25 23 22 28 87 36 462 29 24 91 22 745 37 30 24 38 65 45 48 41 65 27 56 31 21
leaf_count=2251 101 306 124 90 32 353 20 103 32 127 47 20 39 175 26 20 22 41 20 37 36 62 20 129 58 87 44 96 33 38 26 45 36 21 70 51 46 25 23 22 28 87 36 462 29 24 91 22 745 37 30 24 38 65 45 48 41 65 27 56 31 21
internal_value=-0.00265012 0.00708346 0.00344105 -0.0123789 -0.013168 0.006848 -0.00853414 0.00403784 0.0117377 -0.00368709 -0.00385858 0.00625626 -0.0105392 -0.0144063 -0.00989756 0.000803812 0.000727363 -0.00358002 -0.00338485 0.0114868 0.00420195 -0.00176013 -0.0069212 0.00912208 0.000812889 -0.00207283 -0.00194946 0.00305717 0.00145434 -0.000894533 0.00360549 -0.00281567 -0.000116392 0.0104694 0.00823695 0.00270042 -0.00485313 -0.00321369 -0.000754996 0.00133515 0.00708087 0.00892023 0.00629164 -0.0119499 -0.00420268 0.00957219 0.00803535 0.00464373 0.0137886 0.0118521 0.00509687 0.00315508 0.000449251 0.00392652 -0.0022634 0 0 0.00648649 -0.00818737 0.0046901 0.000518234 -0.0123825
internal_weight=7006 3502 1965 3504 3212 1340 678 835 1537 292 625 419 586 2534 283 556 202 108 194 505 92 501 123 312 273 107 83 362 266 181 153 148 103 279 178 71 228 181 135 110 152 124 183 503 67 56 147 122 1118 373 67 56 60 87 151 106 82 85 49 108 52 483
internal_count=7006 3502 1965 3504 3212 1340 678 835 1537 292 625 419 586 2534 283 556 202 108 194 505 92 501 123 312 273 107 83 362 266 181 153 148 103 279 178 71 228 181 135 110 152 124 183 503 67 56 147 122 1118 373 67 56 60 87 151 106 82 85 49 108 52 483
is_linear=0
shrinkage=0.03


Tree=52
num_leaves=63
num_cat=0
split_feature=4 55 4 4 55 60 4 55 6 55 58 57 55 4 59 21 37 58 6 4 24 4 57 52 13 12 27 59 60 58 55 59 54 59 22 5 58 46 6 59 45 28 50 59 55 4 14 49 6 1 44 65 43 43 15 1 50 21 21 55 53 43
split_gain=721.066 64.957 53.8929 26.5905 24.3647 26.888 19.6766 17.1874 13.6183 12.7816 12.5409 8.00162 6.95697 6.50698 5.37782 5.89263 5.21275 5.06128 4.9903 4.79131 4.58693 4.43717 3.99904 3.99847 3.99353 3.93624 3.62055 5.61206 3.30755 3.26702 3.07945 3.03384 3.03336 2.9625 2.92598 3.3587 2.89684 2.82081 2.76839 6.09224 2.70334 2.62823 2.6116 2.65135 2.54484 4.29818 2.90317 2.52825 2.32296 2.261 2.23473 2.81979 3.29966 2.2129 2.08892 3.81266 1.99582 2.78803 1.99375 2.0411 1.98918 1.94249
threshold=11.500000000000002 7009.0000000000009 18.500000000000004 10.500000000000002 75.500000000000014 2235.5000000000005 20.500000000000004 3298.5000000000005 3.5000000000000004 2751.5000000000005 3870.6250000000005 1303.0000000000002 9193.0000000000018 9.5000000000000018 3801.0000000000005 2.2297920011717056 18515.500000000004 4755.729166666667 8.5000000000000018 15.500000000000002 86.416165000000021 22.500000000000004 7529.5000000000009 693.50000000000011 87566.500000000015 84978.500000000015 15.782614211588411 229.50000000000003 5634.5000000000009 1230.8541666666667 397.50000000000006 909.50000000000011 1130.0833333333337 1876.5000000000002 1.1250000000000002 1.5000000000000002 4518.8958333333348 32727.229166666668 4.5000000000000009 507.00000000000006 29034.500000000004 2.6096849999999994 619.52083333333337 747.50000000000011 8563.5000000000018 19.500000000000004 104469.39583333336 499.50000000000006 8.5000000000000018 28.725000000000005 32594.500000000004 2077.0000000000005 31220.000000000004 31830.500000000004 6450.3169225563552 15.525000000000002 429.06250000000006 3.1441698260224444 4.1472901806574756 5635.0000000000009 2534.0000000000005 29343.000000000004
decision_type=2 2 2 2 2 2 2 2 2 2 2 2 2 2 2 2 2 2 2 2 2 2 2 2 2 2 2 2 2 2 2 2 2 2 2 2 2 2 2 2 2 2 2 2 2 2 2 2 2 2 2 2 2 2 2 2 2 2 2 2 2 2
left_child=3 2 7 4 13 16 44 10 -5 -4 14 -7 21 -1 15 20 -6 38 36 -9 37 31 28 33 -24 40 34 -28 29 -11 -22 -8 -16 -17 35 -25 54 -2 -15 -40 -21 -14 -27 -44 45 49 -47 -13 -33 -3 51 52 -31 -23 -10 -56 -37 -58 59 -53 -49 -20
right_child=1 6 9 8 5 11 12 19 18 22 -12 47 41 17 32 23 -18 -19 61 25 30 53 24 26 -26 42 27 -29 -30 50 -32 48 -34 -35 -36 56 -38 -39 39 -41 -42 -43 43 -45 -46 46 -48 60 -50 -51 -52 58 -54 -55 55 -57 57 -59 -60 -61 -62 -63
leaf_value=-2.0691096693519349 -4.8653844620544326 48.930501939102946 -2.1890122418071098 -1.9750003918860135 0.029034290348065071 -1.9617651867511381 -3.8452598317352709 56.451571473526656 -2.58864791853106 7.2221145437360157 46.308733993527696 1.0632423472146002 48.765787747094571 -2.0803989870247315 43.308181323822616 -9.4748112812475078 -0.52998966200065056 0.69044262806008383 -2.8386213699574379 10.677152731446876 -2.0689448376204655 -1.9011401734973616 -3.6766262025823742 19.238266761732287 10.866931196358923 25.303837100296853 24.819785908295199 -4.7413731255254516 6.5362778670343813 -2.7638528993143465 20.244194560181359 19.403894993220518 6.3546399011116934 3.6566194469189939 31.037828343608869 -1.5533128138540837 20.030291613801811 0.01636308089330555 -2.1726034696213383 -0.17166629438242564 -4.1745240564445973 3.0701597928177944 1.1535190890390594 20.513807282874676 81.500704835181978 21.143085434348702 -3.83336651710523 -1.1886351010834642 -0.62246762361659869 10.12328315332892 -2.8356241351394016 -0.4730324847800273 -0.036013802650743401 2.374381234911775 9.7154756481147952 -0.10740168076186137 0.2673718650328783 38.287137774232427 -2.4889434115645814 8.2718793192499103 0.27482256506699115 -0.47891033543747197
leaf_weight=2238 85 285 135 90 73 485 20 255 31 25 165 21 137 116 75 21 29 20 20 24 28 38 46 48 75 132 20 52 22 71 20 145 40 27 83 74 26 40 73 73 23 29 44 27 745 43 24 59 27 21 78 64 45 23 29 67 34 23 35 29 25 29
leaf_count=2238 85 285 135 90 73 485 20 255 31 25 165 21 137 116 75 21 29 20 20 24 28 38 46 48 75 132 20 52 22 71 20 145 40 27 83 74 26 40 73 73 23 29 44 27 745 43 24 59 27 21 78 64 45 23 29 67 34 23 35 29 25 29
internal_value=-0.00264584 0.00698067 0.00336471 -0.0122676 -0.0130559 -0.00805808 0.0116011 0.00675845 -0.00358439 -0.00390657 0.00410969 -0.0105186 0.00604152 -0.0144268 0.00227876 0.00104846 0.00614104 -0.0100922 0.000727363 0.0111305 -0.00353553 0.00289214 -0.0016466 0.00313269 0.00307184 0.00814474 0.00430111 -0.00162275 -0.00320238 -0.00392394 0.00430353 0.00513795 0.00818419 -0.00492723 0.00594048 0.00375209 0.00340954 -0.00657074 -0.0112056 -0.00839836 0.000254777 0.0108188 0.00995569 0.00523207 0.0136812 0.0116108 0.00464978 -0.0029686 0.00643231 0.0131232 -0.00474076 -0.00330602 -0.00669251 -0.00412439 0.00151062 0.00371488 0.0012357 0.0054641 -0.000210773 0.0020623 -0.0053151 -0.00757637
internal_weight=7006 3502 1965 3504 3212 692 1537 1340 292 625 835 590 419 2520 670 555 102 282 202 505 173 253 490 382 121 250 334 72 369 347 48 192 115 48 262 179 153 125 262 146 47 166 203 71 1118 373 67 105 172 306 322 244 116 61 127 96 131 57 128 93 84 49
internal_count=7006 3502 1965 3504 3212 692 1537 1340 292 625 835 590 419 2520 670 555 102 282 202 505 173 253 490 382 121 250 334 72 369 347 48 192 115 48 262 179 153 125 262 146 47 166 203 71 1118 373 67 105 172 306 322 244 116 61 127 96 131 57 128 93 84 49
is_linear=0
shrinkage=0.03


Tree=53
num_leaves=63
num_cat=0
split_feature=4 55 4 4 55 4 60 55 6 57 58 4 55 55 55 4 62 6 6 59 21 4 62 56 62 36 1 43 57 24 2 62 56 55 4 28 27 55 65 30 58 26 7 58 43 50 60 41 4 62 38 43 65 50 48 41 18 3 42 43 24 59
split_gain=714.663 64.6199 48.4354 28.464 23.7029 22.9472 21.9172 17.4002 12.6309 12.1894 8.67629 8.4736 8.69621 8.18579 7.27852 6.50698 7.45469 5.17069 4.5984 4.32231 5.4596 4.18511 4.40974 3.69868 3.35948 3.31733 3.21468 4.25325 3.12513 3.70137 3.68842 3.25328 3.3018 3.10347 4.61623 3.08602 2.96903 2.95462 3.17936 2.896 2.92402 2.83804 2.78021 2.77158 2.73727 2.63597 2.63293 2.58058 2.5475 2.44298 2.35805 2.33227 2.27447 2.25925 3.19891 2.22492 2.22147 2.09859 2.07618 1.94249 1.90989 1.84154
threshold=11.500000000000002 6826.0000000000009 18.500000000000004 10.500000000000002 75.500000000000014 20.500000000000004 2235.5000000000005 942.50000000000011 3.5000000000000004 963.50000000000011 3870.6250000000005 15.500000000000002 3298.5000000000005 4521.5000000000009 9193.0000000000018 9.5000000000000018 2118.6666666666674 8.5000000000000018 4.5000000000000009 4552.5000000000009 2.2555035293969259 22.500000000000004 1279.3125000000002 5553.5000000000009 1461.1875000000002 15534.500000000002 5.7250000000000005 29381.500000000004 7529.5000000000009 63.940874000000008 56.105232500000007 1345.8333333333337 5072.0000000000009 8563.5000000000018 18.500000000000004 2.6096849999999994 6.9445844004168746 3378.5000000000005 706.50000000000011 51.901423795771542 1931.6458333333335 71.108169937500008 23.500000000000004 4518.8958333333348 31727.500000000004 619.52083333333337 1556.5000000000002 52186.500000000007 12.500000000000002 996.20833333333337 23584.250000000004 32855.000000000007 3430.5000000000005 251.77083333333334 227.50000000000003 43821.500000000007 4.5750000000000002 60.849426768978482 34539.166666666679 29343.000000000004 73.408489000000017 1020.5000000000001
decision_type=2 2 2 2 2 2 2 2 2 2 2 2 2 2 2 2 2 2 2 2 2 2 2 2 2 2 2 2 2 2 2 2 2 2 2 2 2 2 2 2 2 2 2 2 2 2 2 2 2 2 2 2 2 2 2 2 2 2 2 2 2 2
left_child=3 2 7 4 15 33 25 10 -5 46 19 37 -13 49 21 -1 -17 43 -18 20 51 22 -7 -14 55 -6 27 -26 31 30 -30 -11 36 34 -3 -16 -33 38 -9 -25 -41 -20 47 -10 -23 -42 -4 -15 -29 -8 -51 60 -52 -28 -55 61 -24 -12 -34 -19 -2 -22
right_child=1 5 9 8 6 14 13 11 17 28 57 12 23 42 35 16 18 59 41 -21 24 44 56 39 26 -27 53 48 29 -31 -32 32 58 -35 -36 -37 -38 -39 -40 40 45 -43 -44 -45 -46 -47 -48 -49 -50 50 52 -53 -54 54 -56 -57 -58 -59 -60 -61 -62 -63
leaf_value=-2.0070363792713768 -5.4226940665788437 49.93802290878827 -1.1854000590752138 -1.9157503801294331 0.028163261637623123 -3.0051516096044795 -1.1628327367355651 3.1324605574983204 1.7303885363582685 -2.5523229110900503 43.677720266221954 -1.7456922052215622 35.160289193088424 0.85616476348394088 47.30281411468173 -2.0075001780588644 -2.6462952419515351 -2.7534627288587146 0.99042319515675725 34.192420898526549 -0.82233462519421208 -1.9841191260635331 -1.5549565191406349 -1.4287733447916979 34.011577027066366 -0.00030982072953534613 -9.5690210020009641 -6.9300077383718213 7.9364321410394219 19.128060338275436 -6.543292228845571 -2.4142751092176433 1.0417386253636716 79.055683690126529 17.18043751844705 2.9780549990332608 1.0863882880238014 54.917390997982949 34.46984177821161 -1.0138959044719673 19.63725285628103 -0.82456260046379615 -1.3487515619783152 19.429382865387758 0.63392079131242329 4.6241334926564015 -2.1047596601413714 -0.2506286914886624 38.769242966330793 -1.9379333464767934 -1.7567336553044746 0.19521790041260373 0.13715959263156499 11.406822664156476 -6.4090979559260264 27.021607102937161 20.231408034605721 11.753470069434552 -2.9706998919383656 -0.46454302537434727 -3.6922312758572273 16.445949581541832
leaf_weight=2238 36 279 20 90 64 28 20 40 127 92 67 55 61 23 137 174 26 20 28 37 44 45 20 39 21 38 26 28 37 33 39 23 20 745 143 29 129 239 224 28 59 54 22 26 27 37 123 38 26 414 53 35 20 30 27 41 156 32 73 29 47 25
leaf_count=2238 36 279 20 90 64 28 20 40 127 92 67 55 61 23 137 174 26 20 28 37 44 45 20 39 21 38 26 28 37 33 39 23 20 745 143 29 129 239 224 28 59 54 22 26 27 37 123 38 26 414 53 35 20 30 27 41 156 32 73 29 47 25
internal_value=-0.00268009 0.00690357 0.00314405 -0.0122591 -0.0130746 0.0113243 -0.00814478 0.00636991 -0.00327628 -0.00399253 0.00212028 0.00920215 0.00498746 -0.010366 0.00548971 -0.0144268 -0.0100922 0.000875804 -0.00385754 0.000241078 -0.000691531 0.00248823 0.00468888 0.00761714 0.00166729 0.00467189 -0.00111954 0.00335553 -0.00154001 0.00285976 -0.000749014 -0.00297241 -0.00115055 0.013531 0.0114357 0.0104576 0.00155819 0.0115325 0.00930329 0.00522379 0.00746978 -0.000328867 -0.00158845 0.00360549 -0.00370319 0.00995838 -0.0116143 0.00166939 -0.0010536 -0.0117965 -0.0122193 -0.00607113 -0.0071409 -0.00519856 -0.00178634 0.00569482 0.00645656 0.010111 -0.00560687 -0.00757637 -0.00880866 0.00234443
internal_weight=7006 3502 1893 3504 3212 1609 692 1304 292 589 522 782 279 590 442 2520 282 202 108 423 386 276 204 224 268 102 158 75 446 109 76 337 245 1167 422 166 152 503 264 163 124 82 83 153 72 96 143 61 54 507 487 118 73 83 57 110 176 99 93 49 83 69
internal_count=7006 3502 1893 3504 3212 1609 692 1304 292 589 522 782 279 590 442 2520 282 202 108 423 386 276 204 224 268 102 158 75 446 109 76 337 245 1167 422 166 152 503 264 163 124 82 83 153 72 96 143 61 54 507 487 118 73 83 57 110 176 99 93 49 83 69
is_linear=0
shrinkage=0.03


Tree=54
num_leaves=63
num_cat=0
split_feature=4 55 4 4 55 4 61 34 55 57 20 34 55 4 62 58 58 26 62 59 55 21 34 1 2 62 26 55 4 23 58 34 62 22 25 14 48 16 34 64 33 48 62 17 55 16 57 2 64 51 24 0 34 57 58 7 57 26 26 26 24 53
split_gain=710.835 62.081 47.4886 28.4097 23.6128 21.929 21.8946 18.7267 15.4491 12.3557 11.6501 9.43881 7.54312 6.7991 7.87604 5.96297 5.35426 4.62776 4.60949 4.55336 4.31381 4.09313 3.90305 3.87854 3.42313 3.34538 3.36931 3.29145 4.38935 3.25858 3.36815 3.16119 3.14949 3.12592 2.89433 2.95396 2.98358 2.84588 2.78854 2.6641 2.39342 2.68663 2.37611 2.35173 2.34629 3.40707 2.32121 2.30002 2.27134 2.24941 2.40682 2.23492 2.23157 2.62053 2.18123 2.11531 1.98664 1.98477 2.10318 1.97418 1.94388 1.90907
threshold=11.500000000000002 6826.0000000000009 18.500000000000004 10.500000000000002 75.500000000000014 20.500000000000004 1616.0000000000002 -0.97836012436839315 3298.5000000000005 504.00000000000006 4.0010416666666684 1.560099111456829 4333.0000000000009 9.5000000000000018 2118.6666666666674 3870.6250000000005 4680.229166666667 64.08128893750002 996.20833333333337 4514.0000000000009 9228.5000000000018 2.2555035293969259 0.44752954497107572 6.0750000000000002 49.12895000000001 2118.6666666666674 83.838604062500011 8153.5000000000009 17.500000000000004 75.443007000000009 2092.9791666666674 0.043214260723804195 1624.4375000000002 -1.0249999999999984 65.666750000000022 110561.43750000001 204.50000000000003 4962.0000000000009 -2.1847625283175769 752.50000000000011 2.3736575434332465 228.50000000000003 2153.9375000000005 26.125000000000004 2522.0000000000005 2400.5000000000005 4573.5000000000009 66.250832500000016 4551.0000000000009 2068.5000000000005 79.044240000000016 83445.500000000015 0.81789552298973345 7448.5000000000009 4337.291666666667 9.5000000000000018 1303.0000000000002 67.137470062500014 74.32667585416668 76.68458772916668 62.082665000000006 961.50000000000011
decision_type=2 2 2 2 2 2 2 2 2 2 2 2 2 2 2 2 2 2 2 2 2 2 2 2 2 2 2 2 2 2 2 2 2 2 2 2 2 2 2 2 2 2 2 2 2 2 2 2 2 2 2 2 2 2 2 2 2 2 2 2 2 2
left_child=3 2 7 4 13 27 49 38 15 -4 -5 20 18 -1 -15 19 37 -10 -8 21 22 34 -7 -16 -11 52 33 28 -3 -23 -31 -30 -24 -27 -9 36 -36 39 -2 -12 41 -32 -14 -44 45 46 -40 -35 61 50 -6 -13 53 -26 -25 -17 -20 -34 -59 -43 -55 -41
right_child=1 5 9 10 6 11 12 8 17 24 16 51 42 14 23 55 -18 -19 56 -21 -22 29 32 54 25 26 -28 -29 31 30 40 -33 57 47 35 -37 -38 -39 44 48 -42 59 43 -45 -46 -47 -48 -49 -50 -51 -52 -53 -54 60 -56 -57 -58 58 -60 -61 -62 -63
leaf_value=-1.9468252878932355 92.220508339849971 51.610856493054875 -2.040586300181451 -1.8600908918840309 -0.013239517485969117 26.890599539804796 0.05731568170439999 0.8180872998086488 4.3675926262782099 5.5929646690338393 -1.8695061557856922 17.111259508874724 -0.88178980488218794 -1.9472751727170985 -2.521181961917597 1.4977616168988424 16.617119471429 23.112220064691382 -1.8607455510578437 23.783693556926185 50.450922065328747 -3.5713306572635348 -6.2535005889518285 -1.1253876121172084 -1.3769324830740577 3.2500825853497735 12.928014362082161 73.510223271041227 31.058993946673244 10.864394322870389 11.70860825150397 6.4001330558771672 13.088386609086198 0.93635869479758183 0.19793780581742565 11.823584515521665 -4.8840827744294906 -1.9845204247962833 28.26748653328093 7.385065781838466 11.896429788259137 -9.1601595005017042 1.2671988236911793 -0.36457736663783574 41.778367700254528 40.027411474389545 -2.5298207068558076 -1.8999187085418623 -1.136210726465007 0.026822100166306199 0.035341292347204956 -1.2178035238361484 -2.3418468559411134 -0.8407186371360057 1.0479535191378551 27.607521708645056 -0.97366113273202215 -2.5939204592276655 10.963954939925307 -0.25584740656304006 19.954426716494861 1.0070726211199956
leaf_weight=2238 160 163 124 61 28 76 27 31 55 56 22 20 43 174 22 24 23 248 453 33 129 76 27 65 116 21 28 842 90 48 45 72 30 33 23 26 87 51 62 25 56 32 20 28 133 56 31 48 31 21 34 98 115 27 21 52 38 23 39 26 21 79
leaf_count=2238 160 163 124 61 28 76 27 31 55 56 22 20 43 174 22 24 23 248 453 33 129 76 27 65 116 21 28 842 90 48 45 72 30 33 23 26 87 51 62 25 56 32 20 28 133 56 31 48 31 21 34 98 115 27 21 52 38 23 39 26 21 79
internal_value=-0.00269722 0.00686074 0.00317574 -0.0122505 -0.0130653 0.0111938 -0.00814478 0.00636991 0.00378958 -0.00389068 -0.00327628 0.00548971 -0.0101166 -0.0144149 -0.00998582 0.000826328 -0.00018174 0.00924447 -0.0115171 -0.000397433 0.00813638 -0.00119307 0.0052896 -0.00358002 -0.00163836 -0.00259594 0.00136049 0.013351 0.0107413 0.000996114 0.00295509 0.00719926 0.00186398 -0.00114594 -0.00491921 -0.00681117 -0.00896458 -0.00171552 0.0113933 0.000267346 0.000829667 -0.00186227 -0.00210757 0.00243243 0.00956044 0.00692153 0.00335124 -0.0038471 0.00186528 0.00628159 0.00333333 -0.00175275 -0.00445002 -0.0021755 -0.000662021 0.00863338 -0.0121808 0.00452769 0.00140097 -0.00614458 0.00367983 0.00400576
internal_weight=7006 3502 1893 3504 3212 1609 692 1304 862 589 292 442 609 2520 282 559 231 303 518 483 324 450 195 108 465 409 130 1167 325 283 207 162 119 102 167 136 110 208 442 157 159 103 91 48 282 149 93 81 135 83 62 118 279 164 86 76 491 92 62 58 48 104
internal_count=7006 3502 1893 3504 3212 1609 692 1304 862 589 292 442 609 2520 282 559 231 303 518 483 324 450 195 108 465 409 130 1167 325 283 207 162 119 102 167 136 110 208 442 157 159 103 91 48 282 149 93 81 135 83 62 118 279 164 86 76 491 92 62 58 48 104
is_linear=0
shrinkage=0.03


Tree=55
num_leaves=63
num_cat=0
split_feature=56 10 55 10 9 55 61 55 55 56 58 10 62 55 27 6 58 26 28 59 62 59 18 27 65 23 23 58 27 23 16 39 27 62 62 8 62 10 55 59 27 31 29 26 33 15 17 3 7 62 70 64 28 69 48 66 26 64 3 33 30 70
split_gain=697.866 63.3165 53.8428 46.3398 19.3683 16.1734 32.6623 13.5954 11.5396 10.5216 8.8885 7.10419 7.75919 6.94695 6.15569 4.94217 4.55 4.10952 3.94895 3.81237 3.76452 3.35688 4.43262 3.29879 3.68942 3.08316 3.00415 2.97929 2.90347 3.48416 2.90338 2.88442 2.79894 3.18087 3.20052 2.74566 2.85231 2.69713 3.5434 3.18617 2.67394 3.11965 3.51284 2.66207 2.57741 2.81537 2.48348 2.39395 2.49543 2.36793 3.37372 2.35509 2.60977 2.32616 2.2825 3.26481 2.1529 2.05074 1.8914 2.52741 2.04691 2.57583
threshold=724.00000000000011 0.87900005428953576 7009.0000000000009 0.46472317204376884 1.0000000180025095e-35 75.500000000000014 1616.0000000000002 2611.0000000000005 9078.0000000000018 40.500000000000007 3847.5000000000005 0.74305326206722599 2134.666666666667 4521.5000000000009 16.111710303638745 4.5000000000000009 1565.4375000000002 85.307853041666689 2.6096849999999994 1059.5000000000002 996.20833333333337 2586.5000000000005 6.9750000000000005 6.7174868195446082 413.50000000000006 94.583383000000012 67.420459500000007 4680.229166666667 13.427560046898561 61.869562500000008 5045.0000000000009 42985.500000000007 6.9445844004168746 1473.1250000000002 1979.0625000000002 1.0000000180025095e-35 1279.3125000000002 0.74305326206722599 4578.5000000000009 381.50000000000006 9.3531053885464761 60.753012876946336 59.613146769778304 66.489010333333354 4.0406215535372167 17426.475499930977 14.575000000000001 59.283848324925962 14.500000000000002 2203.6875000000005 89375.604166666672 3747.5000000000005 2.1089625000000045 138171.00000000003 219.50000000000003 4819.4583333333348 71.108169937500008 3028.5000000000005 50.926443703330897 1.8862058519345721 60.675692126353717 89488.250000000015
decision_type=2 2 2 2 2 2 2 2 2 2 2 2 2 2 2 2 2 2 2 2 2 2 2 2 2 2 2 2 2 2 2 2 2 2 2 2 2 2 2 2 2 2 2 2 2 2 2 2 2 2 2 2 2 2 2 2 2 2 2 2 2 2
left_child=1 5 3 13 8 11 -7 10 23 21 14 -1 -13 17 25 -14 -15 28 -10 -8 -21 22 -3 -4 -25 26 -5 54 -2 -30 46 -27 -28 -34 -35 40 -37 38 -9 -40 43 42 51 -18 45 58 -24 -12 -49 -36 -51 -42 -53 -43 -11 57 -17 -56 -26 -60 61 -61
right_child=2 9 4 7 -6 6 19 37 18 27 47 12 15 16 -16 56 35 -19 -20 20 -22 -23 30 24 44 31 32 -29 29 -31 -32 -33 33 34 49 36 -38 -39 39 -41 41 53 -44 -45 -46 -47 -48 48 -50 50 -52 52 -54 -55 55 -57 -58 -59 59 60 -62 -63
leaf_value=-1.8884205292564384 -2.6667110219218637 -2.1346633036450404 -3.7359460571845222 -1.8553347431482325 66.942826068373421 0.026258125018077862 0.76975048982929195 0.8267212021938849 52.210934838349914 9.3755329162545191 46.244994223707359 -1.8881686185809323 -2.5122078410824673 33.215558851536933 -2.7518895297214794 1.0165149135637188 -2.3426142611956156 1.8370212415422169 4.5856694859608975 -1.6056385175726644 -1.8228763644125177 0.23555707395843001 2.441091354291109 -6.7730980777916097 24.512791603233932 -4.614572024524656 37.651009849242399 20.577369703280386 -1.3513781133386589 0.55704553227305242 -2.276713778955993 15.357202693246581 30.089719992810494 -2.18255317056766 34.343624496059881 -0.919626313933677 4.9980484009863995 51.49414637062695 7.5287518100886244 23.812954422558477 -2.3200027869841255 -2.211999986959079 5.3800241057057878 4.9912515198798202 -1.905320702223696 -1.0378950122045449 -0.47130174486840637 -3.6653432562198578 34.70614493133661 -7.5498074697270567 17.772790720311782 -2.4295943408498486 1.0456134037727303 -0.56444545317444061 -0.18630346506335627 16.561081777267226 -0.77432364126692299 -4.9782266816964889 19.974279003626314 -0.96871441356414378 -2.1198495828197776 13.289440415919293
leaf_weight=2255 161 115 28 40 912 92 21 45 259 78 83 175 26 25 45 27 22 36 35 34 495 32 30 21 44 40 57 21 36 27 22 21 61 62 32 51 81 313 30 110 59 64 40 44 32 22 38 21 37 21 36 34 21 33 81 38 54 33 57 31 36 74
leaf_count=2255 161 115 28 40 912 92 21 45 259 78 83 175 26 25 45 27 22 36 35 34 495 32 30 21 44 40 57 21 36 27 22 21 61 62 32 51 81 313 30 110 59 64 40 44 32 22 38 21 37 21 36 34 21 33 81 38 54 33 57 31 36 74
internal_value=-0.0027486 -0.0117837 0.00717319 0.00362228 0.0112643 -0.0133283 -0.00905934 0.00765297 0.00724769 -0.00171481 0.00441827 -0.014407 -0.00987948 -0.00216183 0.00219706 -0.00347339 0 -0.0061015 0.0116185 -0.0118288 -0.0123266 -0.00625053 -0.00766455 0.00351203 0.00438978 0.00347744 0.00469751 0.00255675 -0.00761714 -0.00209192 -0.00263041 -0.00265139 0.00584169 0.00422914 0.00186631 -0.000694723 0.0029296 0.0112568 0.00833063 0.0106852 -0.00221381 -0.00363202 -0.000953926 0.00313162 0.00525836 0.00623627 0.000396476 0.0109284 0.00614458 0.00552189 0.00178634 -0.00365469 0.00076225 -0.00784758 0.0015515 -0.000571992 0.000147965 -0.00312883 0.00717472 0.00589096 0.0036995 0.00582303
internal_weight=7006 3667 3339 1788 1551 3179 642 1054 639 488 556 2537 282 734 415 107 474 260 294 550 529 237 205 345 317 370 309 251 224 63 90 61 269 212 151 449 132 498 185 140 317 251 154 66 296 264 68 141 58 89 57 114 55 97 230 152 81 114 242 198 141 105
internal_count=7006 3667 3339 1788 1551 3179 642 1054 639 488 556 2537 282 734 415 107 474 260 294 550 529 237 205 345 317 370 309 251 224 63 90 61 269 212 151 449 132 498 185 140 317 251 154 66 296 264 68 141 58 89 57 114 55 97 230 152 81 114 242 198 141 105
is_linear=0
shrinkage=0.03


Tree=56
num_leaves=63
num_cat=0
split_feature=56 10 9 56 58 57 2 56 4 23 62 15 24 3 62 14 57 62 6 66 56 0 50 61 65 62 27 52 59 18 41 32 3 6 60 58 46 45 45 23 52 61 26 28 57 63 60 58 60 69 24 22 66 69 48 44 61 56 60 66 57 62
split_gain=691.749 61.3187 49.8627 22.5274 19.5844 11.8893 10.4425 10.2561 7.22179 6.79233 6.21689 21.7052 5.95513 5.80328 6.27003 5.92152 5.5472 5.1136 5.23932 5.10779 5.00954 4.55667 4.35486 3.96985 4.16642 3.96139 3.60573 3.60182 3.45181 4.10324 3.35631 3.87401 4.66335 3.23555 3.59702 3.11478 3.0716 2.95969 3.01588 2.76557 2.76948 2.71846 2.71268 2.59517 2.54064 2.38285 2.32562 2.26308 2.24015 2.1846 2.1761 2.75281 3.3842 2.7891 2.5512 2.08636 2.07852 2.05877 2.04984 1.97113 1.80717 1.79645
threshold=724.00000000000011 0.87900005428953576 1.0000000180025095e-35 5707.5000000000009 3296.1875000000005 6783.5000000000009 51.132110000000004 40.500000000000007 9.5000000000000018 94.583383000000012 951.02083333333337 8673.1212289065388 78.449890000000025 59.867238172356245 2129.5000000000005 90074.604166666686 1663.5000000000002 1896.5833333333337 4.5000000000000009 6895.8958333333348 5352.5000000000009 123809.00000000001 335.08333333333343 503.50000000000006 7763.5000000000009 2479.5208333333339 10.525966377464551 1800.5000000000002 2586.5000000000005 6.9750000000000005 33124.500000000007 59.243198067720819 51.768595647042616 8.5000000000000018 3153.5000000000005 4680.229166666667 32270.708333333339 29390.500000000004 28585.000000000004 71.773583000000016 1305.5000000000002 736.50000000000011 84.60840716666668 2.4333224999999961 6319.0000000000009 7913.5000000000009 367.50000000000006 2077.5416666666674 1130.5000000000002 105737.00000000001 73.408489000000017 0.37500000000000006 4751.729166666667 104648.00000000001 222.50000000000003 32408.500000000004 1490.5000000000002 4712.5000000000009 894.50000000000011 4843.979166666667 192.50000000000003 2266.9583333333339
decision_type=2 2 2 2 2 2 2 2 2 2 2 2 2 2 2 2 2 2 2 2 2 2 2 2 2 2 2 2 2 2 2 2 2 2 2 2 2 2 2 2 2 2 2 2 2 2 2 2 2 2 2 2 2 2 2 2 2 2 2 2 2 2
left_child=1 8 3 5 9 16 33 28 10 13 11 -1 -10 15 23 19 61 45 -19 30 -6 27 26 46 49 -24 -18 39 29 -3 58 32 -32 43 -35 50 -31 38 -34 40 56 -20 -11 -5 -39 -14 -15 -7 -21 -25 -9 52 53 54 -52 -16 -8 -49 -4 -28 -56 -2
right_child=2 7 4 6 20 47 21 35 12 42 -12 -13 17 14 55 -17 22 18 41 48 -22 -23 25 24 -26 -27 59 -29 -30 36 31 -33 37 34 -36 -37 -38 44 -40 -41 -42 -43 -44 -45 -46 -47 -48 57 -50 -51 51 -53 -54 -55 60 -57 -58 -59 -60 -61 -62 -63
leaf_value=-1.9817679133787454 -2.1083669720182332 -2.0706234045356893 14.931774584285899 40.976403129941964 38.165652514360765 -0.2248137156282928 9.0733266603007081 -2.5015083063574592 -1.898457260305624 -4.0239340912699619 -1.7757834218455522 0.025470381267535629 -1.7847668813667934 4.6303173087012057 7.3416312912257711 41.606519486493809 -1.2839007072815587 -1.9657287413444824 -1.3119045815797203 18.660312573163477 66.725863405870413 15.934402742841902 -1.3258353449972298 -0.63594086165796737 -7.141654738680324 1.4531470568793736 6.2435778900783356 -5.9159280779089087 0.22849036173967532 -0.59284744925667832 46.304308002874755 34.130465779274836 5.3554697067424195 24.731876480797126 -3.8886670137252759 19.960048612181975 5.1850450989682901 -0.68992337785943159 -3.9716209409311478 -4.1629354082471792 24.144005650376457 0.41129589223470131 3.8780797959586195 9.8527548280546622 16.620340483538367 -1.5997591995003069 -2.3200777022873078 29.851593902816415 -8.0594871706756113 16.47641487121582 10.57923412072539 21.992698244575429 13.913283316275333 -3.4617230847281601 0.30508044722172828 34.769608736370841 -1.1372328792039048 18.77921994990788 33.57947209252103 -0.074903481385171056 -6.868519382999545 -0.49177211695778961
leaf_weight=98 112 115 44 195 178 27 43 33 150 33 2636 34 110 22 24 319 33 39 24 24 885 106 189 29 20 40 51 58 32 70 34 32 20 59 22 21 20 23 33 34 24 68 30 29 42 20 39 36 41 108 31 54 31 21 39 56 40 46 97 21 21 41
leaf_count=98 112 115 44 195 178 27 43 33 150 33 2636 34 110 22 24 319 33 39 24 24 885 106 189 29 20 40 51 58 32 70 34 32 20 59 22 21 20 23 33 34 24 68 30 29 42 20 39 36 41 108 31 54 31 21 39 56 40 46 97 21 21 41
internal_value=-0.00281283 -0.0118082 0.00706538 0.00218639 0.00982232 -0.00195773 0.00623996 -0.0018992 -0.0133283 0.00694982 -0.0138821 -0.00747161 -0.00958891 0.00754841 0.00401543 0.00902835 -0.00396633 -0.00682497 -0.0026087 0.0065291 0.01271 0.00230088 -0.00178689 0.00136176 0.00389561 -0.00411174 0.00325404 -0.000361627 -0.00637706 -0.00781082 0.00806521 0.00536122 0.00333333 0.0101672 0.00495684 0.0023178 -0.00296337 0.000482642 -0.00474576 0.0022112 0.00459384 0.00127036 -0.00256735 0.0120348 0.00479263 -0.0110453 -0.00510638 0.00698442 -0.00110599 0.00577681 0.00129074 0.00249619 0.000293501 -0.00211418 0.000131723 0.0111985 0.00194946 0.00946407 0.0115663 0.0070319 -0.00344426 -0.0087002
internal_weight=7006 3667 3339 1206 2133 596 610 488 3179 1070 2768 132 411 1007 298 709 487 261 131 390 1063 305 334 218 157 229 105 199 237 205 325 184 152 305 81 251 90 118 53 141 107 92 63 224 65 130 61 109 65 137 230 197 143 112 91 80 83 82 141 72 60 153
internal_count=7006 3667 3339 1206 2133 596 610 488 3179 1070 2768 132 411 1007 298 709 487 261 131 390 1063 305 334 218 157 229 105 199 237 205 325 184 152 305 81 251 90 118 53 141 107 92 63 224 65 130 61 109 65 137 230 197 143 112 91 80 83 82 141 72 60 153
is_linear=0
shrinkage=0.03


Tree=57
num_leaves=63
num_cat=0
split_feature=56 10 55 9 55 61 55 34 56 4 57 10 4 34 44 16 33 58 55 34 55 56 38 13 34 58 59 59 23 37 18 16 58 51 17 58 56 42 48 0 55 57 67 34 59 20 28 17 21 50 57 33 37 43 13 61 65 2 21 66 22 48
split_gain=671.938 61.6797 54.4967 50.4581 19.7441 38.429 16.4792 13.5403 9.76469 8.53564 8.43334 7.40142 7.26921 5.30268 5.17156 5.07899 5.27505 4.84102 4.66923 4.7768 4.47029 4.79659 4.13981 4.39508 4.11931 3.7256 3.77762 3.70776 3.45868 3.3303 3.22542 3.22214 3.14476 3.39161 3.10013 3.0932 3.01896 2.93627 2.91492 2.89191 2.98364 2.71814 2.70352 2.63712 2.62333 3.31145 2.5457 2.40926 2.3976 2.72177 2.37059 2.45915 2.15013 2.14273 2.13298 2.10657 3.60896 2.09635 2.08813 2.08369 2.91916 2.65416
threshold=724.00000000000011 0.87900005428953576 8563.5000000000018 1.0000000180025095e-35 68.500000000000014 1572.5000000000002 3298.5000000000005 -0.84994705570369422 39.500000000000007 20.500000000000004 1663.5000000000002 0.74305326206722599 17.500000000000004 0.90907504926051186 33063.500000000007 4459.0000000000009 3.253870809451783 4755.729166666667 5428.5000000000009 0.67588887759622207 7300.5000000000009 6621.5000000000009 28101.208333333336 98912.500000000015 -2.1847625283175769 3876.0416666666674 2616.0000000000005 1059.5000000000002 67.988417000000013 10631.500000000002 20.675000000000001 2400.5000000000005 4755.729166666667 1762.5000000000002 27.625000000000004 4680.229166666667 4768.5000000000009 29376.416666666672 258.50000000000006 110354.00000000001 4333.0000000000009 1707.0000000000002 94794.000000000015 -0.55501479566318668 956.50000000000011 10.929166666666667 -3.301164999999997 13.775000000000002 4.5743832238867901 1173.166666666667 6430.0000000000009 2.2640938101978585 18231.000000000004 31789.500000000004 91850.500000000015 4236.0000000000009 975.00000000000011 55.826556500000009 2.9688138671972308 4962.1875000000009 0.37500000000000006 222.50000000000003
decision_type=2 2 2 2 2 2 2 2 2 2 2 2 2 2 2 2 2 2 2 2 2 2 2 2 2 2 2 2 2 2 2 2 2 2 2 2 2 2 2 2 2 2 2 2 2 2 2 2 2 2 2 2 2 2 2 2 2 2 2 2 2 2
left_child=1 4 3 10 11 52 7 24 25 -4 39 -1 37 -11 18 16 22 30 -12 36 21 54 23 28 -5 26 42 -7 -9 -30 44 41 33 -15 -22 59 -20 -8 -21 -2 -41 -26 53 -29 -13 -46 -23 -18 49 55 51 -31 -6 -3 -14 57 -57 -40 -38 60 61 -10
right_child=2 8 9 6 5 27 12 15 35 13 14 17 20 32 -16 -17 47 -19 19 38 34 46 -24 -25 31 -27 -28 43 29 50 -32 -33 -34 -35 -36 -37 58 -39 48 40 -42 -43 -44 -45 45 -47 -48 -49 -50 -51 -52 -53 -54 -55 -56 56 -58 -59 -60 -61 -62 -63
leaf_value=-1.7784944107233791 -1.9148794777082379 -1.7535521395381712 70.470014383888966 73.405567131988221 0.051124994026758658 0.79993147778977991 12.455695864057507 -11.058057517992928 3.9951330877737417 41.970390420579058 -0.62449000392994769 -1.7648093718429263 2.3290807289856454 11.774133059720262 -5.3039395875519109 18.53729432601963 42.790739090693357 0.61704355159586299 28.477530129478364 3.4928725280522253 30.102314976688238 -6.3740110420478775 17.049031063861932 -3.583401269788701 35.478391291673987 2.2793964893151837 0.17807824857195781 -1.2189746062174749 -5.1737410203860321 -3.3365652111240158 -1.2654944134384321 40.472611927571322 17.82724140601831 -5.0844731780226882 1.34082367139933 19.36124715381651 19.667043358465182 38.261195785480901 5.0400479536872425 -1.3957868125409061 0.78558428544923598 1.3060969119574384 -2.124299310385005 -1.7225099191901856 -2.1531186723035667 -0.69481009927513726 2.1928108311903021 -2.0194093756101439 -1.9776561251094853 -2.3310699285822096 11.468516779102613 11.286166486442159 0.026704435565114152 3.4008506923117849 23.85566034804717 -1.1762186359804088 9.3619235679951807 -3.2528432920224035 5.6328206563402858 13.495884816787074 18.103735610657239 -3.014968134150009
leaf_weight=2236 114 82 745 96 78 21 26 23 52 134 203 148 24 43 46 56 27 20 35 48 93 28 22 72 27 26 29 32 24 63 36 78 27 33 20 21 58 586 34 24 22 90 77 505 33 45 52 20 30 24 20 34 25 20 46 22 48 24 98 51 48 82
leaf_count=2236 114 82 745 96 78 21 26 23 52 134 203 148 24 43 46 56 27 20 35 48 93 28 22 72 27 26 29 32 24 63 36 78 27 33 20 21 58 586 34 24 22 90 77 505 33 45 52 20 30 24 20 34 25 20 46 22 48 24 98 51 48 82
internal_value=-0.00278714 -0.0116528 0.00694858 0.00447244 -0.0131773 -0.00854939 0.00770873 0.00408986 -0.00171481 0.0128877 -0.00147814 -0.0143906 0.0104011 0.0078954 0 0.000199391 -0.0013176 -0.00977313 0.000716231 0.00252197 0.00620296 0.00277815 -0.00301046 -0.00418043 0.00890416 -0.0061384 -0.00748198 -0.0116592 -0.00144424 0.000297661 -0.0108623 0.00636597 0.00273521 -0.000354796 0.0107162 0.00234947 0.00602826 0.012199 -0.000378096 -0.00766396 -0.00123644 0.00317677 -0.00911223 -0.012143 -0.0121937 -0.00764405 -0.00220974 0.00789809 -0.00212521 -0.000571992 0.0024082 0.000432544 0.00826382 -0.00584721 0.00851641 0.00114754 0.00466476 -0.00304647 0.00420884 0.00133848 -0.00014827 -0.00243848
internal_weight=7006 3667 3339 2357 3179 661 1527 652 488 982 830 2518 875 237 670 361 305 282 624 421 263 150 258 236 291 234 208 558 164 141 262 195 103 76 113 254 191 612 230 160 46 117 179 537 226 78 80 47 182 152 117 97 103 102 70 128 70 58 156 233 182 134
internal_count=7006 3667 3339 2357 3179 661 1527 652 488 982 830 2518 875 237 670 361 305 282 624 421 263 150 258 236 291 234 208 558 164 141 262 195 103 76 113 254 191 612 230 160 46 117 179 537 226 78 80 47 182 152 117 97 103 102 70 128 70 58 156 233 182 134
is_linear=0
shrinkage=0.03


Tree=58
num_leaves=63
num_cat=0
split_feature=4 55 4 4 55 61 4 34 6 55 57 62 34 57 58 16 58 60 4 38 59 26 60 55 4 62 34 62 60 59 59 65 44 40 55 57 41 17 62 52 59 62 35 45 19 6 5 55 34 37 40 44 26 7 44 25 34 34 47 62 3 45
split_gain=654.651 63.9189 42.9316 27.1974 31.7612 27.9022 25.6737 17.3862 14.9883 14.1358 11.379 10.7162 10.4234 8.14381 6.58221 5.65261 5.62453 5.25086 5.10723 4.68782 4.64988 4.03173 4.06494 3.77679 5.98414 3.73834 3.67277 3.33294 3.29452 4.26786 4.39903 4.06285 3.40808 3.35981 3.17896 3.45466 3.45426 3.05986 3.01444 4.40369 4.24897 3.47915 3.33939 2.9771 3.0942 2.86107 2.8319 2.79979 2.51721 2.42237 2.41722 2.44861 2.31533 2.29769 2.21256 2.9802 2.07033 2.06318 2.16353 2.08282 1.96931 3.82237
threshold=11.500000000000002 6826.0000000000009 18.500000000000004 9.5000000000000018 68.500000000000014 852.50000000000011 20.500000000000004 -1.1097886380165389 3.5000000000000004 3298.5000000000005 268.00000000000006 1848.1041666666667 0.86611171441869328 1303.0000000000002 3870.6250000000005 1881.0000000000002 4626.0833333333339 2616.0000000000005 10.500000000000002 13551.437500000002 4514.0000000000009 64.08128893750002 686.50000000000011 9078.0000000000018 18.500000000000004 2129.5000000000005 -2.1847625283175769 1353.6458333333337 5634.5000000000009 1390.5000000000002 2263.0000000000005 4867.5000000000009 32539.500000000004 37795.500000000007 2522.0000000000005 4376.0000000000009 41641.000000000007 27.975000000000005 1449.2291666666667 818.50000000000011 352.50000000000006 2057.5416666666674 11684.500000000002 28678.500000000004 -6.2749999999999995 8.5000000000000018 4.5000000000000009 8771.5000000000018 0.52460659840888024 15126.000000000002 31340.500000000004 28305.000000000004 85.738332000000028 9.5000000000000018 29376.000000000004 65.971255000000014 0.39040136774525186 0.29416207820783319 226.50000000000003 2286.1458333333335 56.562813423603565 32497.500000000004
decision_type=2 2 2 2 2 2 2 2 2 2 2 2 2 2 2 2 2 2 2 2 2 2 2 2 2 2 2 2 2 2 2 2 2 2 2 2 2 2 2 2 2 2 2 2 2 2 2 2 2 2 2 2 2 2 2 2 2 2 2 2 2 2
left_child=3 2 7 4 -1 -6 23 26 -5 14 -4 18 47 17 20 27 52 19 -10 -7 38 22 -11 24 -3 -15 -2 -14 29 32 -31 48 33 50 35 -28 -37 -26 39 -9 -41 43 -43 -40 -45 -20 49 56 -32 -29 -12 -52 60 -16 55 -23 -8 58 -44 -60 -13 -62
right_child=1 6 10 8 5 13 12 9 11 21 28 16 15 25 53 -17 -18 -19 45 -21 -22 54 -24 -25 37 -27 34 46 -30 30 31 -33 -34 -35 -36 36 -38 -39 41 40 -42 42 57 44 -46 -47 -48 -49 -50 -51 51 -53 -54 -55 -56 -57 -58 -59 59 -61 61 -63
leaf_value=-1.7251395784016776 84.760790592292949 44.237110338061576 -1.8108996338698571 -1.6506629119854406 0.025903302498160911 0.14890984437794016 24.915407848758413 -6.5720147574850589 -1.811354524093193 15.618827495258783 8.1778301597595586 0.72084166299485808 -3.9522574660835015 -1.3487486692496375 0.42684697920831466 33.10831758224414 2.7871963187119011 -1.6353460491857212 0.43416299855502416 -1.5828492865640278 20.934889076688805 2.7283520783939728 -3.3492694299867614 72.3459139523723 17.260078678285172 0.19066494371317516 35.806504581102814 -2.0630785859127467 6.0750052534938819 -4.055301573348892 0.33889766883319222 3.8844373746049801 -3.0221711501938473 6.5285162411160629 37.559878956800148 -3.0946134190774681 31.382173711850736 -0.27147828694092824 1.4394084975709938 -2.110845271955295 12.957640412821746 -5.6148079964167694 15.094556890800495 0.36577297892499244 -4.5476727106396337 -1.1427912546159742 13.523745910863621 46.920789559086458 -1.1196918233955608 0.31471429008513041 -5.2992167846891265 0.06016131202258293 3.0494151753647318 25.34853438322391 27.182198604579789 12.142050113214045 2.7233351297629178 -1.146702614742362 17.595551926519818 -5.0554636006891256 -1.8508250483710955 0.10433950974119795
leaf_weight=2219 160 363 111 180 62 28 57 23 91 24 22 60 35 43 25 39 36 473 43 33 35 43 38 623 146 62 74 45 29 91 37 27 67 68 109 31 20 35 35 35 74 29 33 27 127 49 44 111 90 58 20 27 23 60 186 34 53 34 22 26 59 43
leaf_count=2219 160 363 111 180 62 28 57 23 91 24 22 60 35 43 25 39 36 473 43 33 35 43 38 623 146 62 74 45 29 91 37 27 67 68 109 31 20 35 35 35 74 29 33 27 127 49 44 111 90 58 20 27 23 60 186 34 53 34 22 26 59 43
internal_value=-0.00285994 0.0063125 0.00257356 -0.0120279 -0.0132108 -0.00763372 0.0107091 0.00561077 -0.00610683 0.00332601 -0.00414531 -0.0028879 0.0045397 -0.00950086 0.000533242 -5.42741e-05 0.00154681 -0.0110036 -0.00825778 -0.00265139 -0.000773845 0.00834205 0.00140097 0.0130426 0.0111873 -0.00182683 0.0108779 -0.00228995 -0.00212717 -0.00276553 -0.00543452 -0.00231668 0.000426262 0.00315098 0.00844511 0.00513189 -0.000821918 0.00669244 -0.00157386 0.0022483 0.0047846 -0.00309817 0.000395559 -0.00577472 -0.007573 -0.00322476 -0.00028552 0.00914518 -0.00457907 -0.00302619 -0.00147612 -0.00535032 -0.000551053 0.00824912 0.00996579 0.00560311 0.00569482 0.00271069 0.00532676 0.00118503 -0.0018322 -0.00437806
internal_weight=7006 3502 1893 3504 2920 701 1609 1304 584 910 589 404 442 639 585 221 221 534 183 61 500 325 62 1167 544 105 394 182 478 449 245 154 204 137 234 125 51 181 465 132 109 333 144 189 154 92 147 221 127 103 69 47 185 85 263 77 110 115 81 48 162 102
internal_count=7006 3502 1893 3504 2920 701 1609 1304 584 910 589 404 442 639 585 221 221 534 183 61 500 325 62 1167 544 105 394 182 478 449 245 154 204 137 234 125 51 181 465 132 109 333 144 189 154 92 147 221 127 103 69 47 185 85 263 77 110 115 81 48 162 102
is_linear=0
shrinkage=0.03


Tree=59
num_leaves=63
num_cat=0
split_feature=56 4 9 58 56 20 58 16 34 44 4 6 61 58 62 56 21 3 56 22 59 4 30 46 26 3 1 53 13 32 3 23 4 51 58 18 46 4 4 24 16 15 26 23 15 33 35 1 63 56 58 61 34 34 63 3 23 15 59 24 58 20
split_gain=650.337 54.0162 49.2719 19.0341 16.9534 14.2246 10.7068 7.29271 7.02193 6.65376 6.54959 6.29951 8.09944 6.02447 5.99207 19.7718 5.80233 5.10189 4.6552 4.37789 4.25913 5.17241 4.08983 4.04976 4.95732 3.60053 5.5549 3.59098 3.51223 3.34558 3.37906 3.20036 3.89736 3.1938 3.16692 3.13272 3.16927 3.12208 3.01359 2.77145 2.71556 2.57584 2.54753 3.36174 2.63574 3.73321 2.4996 2.68207 2.40102 2.38567 2.63668 2.46488 2.37007 2.34847 2.31118 2.27615 2.1433 2.07149 4.27495 2.06678 2.03586 1.98174
threshold=724.00000000000011 10.500000000000002 1.0000000180025095e-35 3392.4166666666674 5707.5000000000009 1.4343750000000004 3787.1458333333335 -675.49999999999989 1.3116587660100729 33063.500000000007 9.5000000000000018 4.5000000000000009 736.50000000000011 3941.9583333333339 972.79166666666686 91.500000000000014 2.2555035293969259 51.037069707731497 7127.5000000000009 -0.149999999999999 2905.5000000000005 22.500000000000004 49.033209878280836 32893.541666666672 85.307853041666689 58.106205774928576 -1.4749999999999999 2558.0000000000005 87292.000000000015 55.27165725697386 59.91753729621076 55.305881500000005 21.500000000000004 1336.5000000000002 1486.9583333333337 23.375000000000004 31709.500000000004 12.500000000000002 22.500000000000004 53.205295000000007 -2965.4999999999995 8273.5291356381003 83.970482500000017 90.563985000000017 5000.4776103620725 1.7982186724377891 13152.500000000002 12.875000000000002 4672.0000000000009 8213.0000000000018 3067.7916666666674 2626.5000000000005 -2.0390563537146487 -0.33337538473497469 1678.5000000000002 54.767520754555825 52.056273000000012 7834.607300400995 1753.5000000000002 75.980177500000011 4518.8958333333348 20.939583333333335
decision_type=2 2 2 2 2 2 2 2 2 2 2 2 2 2 2 2 2 2 2 2 2 2 2 2 2 2 2 2 2 2 2 2 2 2 2 2 2 2 2 2 2 2 2 2 2 2 2 2 2 2 2 2 2 2 2 2 2 2 2 2 2 2
left_child=1 10 4 7 8 20 31 25 9 17 14 -12 -13 19 15 41 23 -2 52 -7 -3 -22 -18 24 55 -4 48 28 56 -19 54 32 -6 -26 -21 -32 -37 -24 -8 -33 -38 -1 43 44 45 -39 47 -14 -27 51 -51 -46 -5 -25 -31 -9 -10 58 -36 -30 -54 -59
right_child=2 5 3 18 6 13 38 16 27 -11 11 12 46 -15 -16 -17 22 29 -20 34 21 -23 37 53 33 26 -28 -29 59 30 35 39 -34 -35 57 36 40 42 -40 -41 -42 -43 -44 -45 49 -47 -48 -49 -50 50 -52 -53 60 -55 -56 -57 -58 61 -60 -61 -62 -63
leaf_value=-1.8172058563036311 40.028688297368383 -1.974675015535917 42.587021218698943 77.72649959381053 16.083741455101443 -1.5087413886115246 36.20667758121823 1.7690500944036376 2.9927954999105983 -3.7280892959453009 -1.6385490021968103 -1.7000534366311333 0.91123841485501711 6.9256609661557604 -1.6187853910496266 0.022395420933761585 -3.4499534682578403 -1.7334681291649894 62.178276087717535 37.39848801059081 10.752047308659737 -1.3320955166912967 -3.4438911177619138 38.307738838286625 -0.42114469353463391 31.789443700706652 -1.808700084132056 0.11542372231257246 -1.4279196685042506 20.038858186915885 -2.0735690540992926 -4.7450105771682525 -0.94474810698796652 12.049917013532177 -3.1115582774050177 -1.0537269085646677 -1.228852967278653 -6.0413905619352928 1.5133287937373858 3.2158317156513418 5.0180786723848234 -0.65659534548376886 26.640727740509352 -0.64316939838654885 28.594695991157732 13.923971532338047 0.96610602410240176 -1.7318378467993292 3.7982557253954266 -1.9585473527603652 21.060884345126546 1.8546164236551976 28.188594520785337 4.0837129241846331 3.5348706044937761 -4.2831231420183506 -0.73203867061639749 7.204884629113125 13.670160327639117 -0.15611441374200197 40.178234331378953 0.13709023512722127
leaf_weight=116 36 144 192 56 119 156 256 23 23 34 120 97 20 76 2602 30 30 45 744 25 36 25 25 32 30 69 26 29 155 39 25 65 30 30 45 22 20 20 38 102 52 20 116 40 245 30 30 25 22 32 36 29 167 45 55 66 33 22 26 28 28 52
leaf_count=116 36 144 192 56 119 156 256 23 23 34 120 97 20 76 2602 30 30 45 744 25 36 25 25 32 30 69 26 29 155 39 25 65 30 30 45 22 20 20 38 102 52 20 116 40 245 30 30 25 22 32 36 29 167 45 55 66 33 22 26 28 28 52
internal_value=-0.00288991 -0.0116119 0.00668803 0.00942853 0.00183816 -0.00342942 0.00535486 0.00677181 -0.00175642 0.00117952 -0.0132339 -0.00892503 -0.00521209 -0.000141756 -0.013687 -0.00810957 0.00529731 0.00264196 0.0124631 -0.00192272 -0.00985861 -0.00314239 0.00683469 0.00118089 -0.00169014 0.010715 0.00650726 -0.00535994 -0.00657465 0.00115072 0.00273111 0.00150902 0.00470825 0.00494176 0.0013933 -0.000604534 0.00188098 0.00740185 0.00947637 -0.00132855 0.00495146 -0.0129831 0.0078763 0.00679704 0.00764346 0.00113772 0.00215712 -0.00226164 0.010011 0.00858521 0.00348018 0.00983947 0.00888889 0.00677043 0.00698193 -0.00619529 0 -0.000289456 -0.00396624 -0.00858547 0.00728857 0.00319838
internal_weight=7006 3667 3339 2133 1206 607 610 1138 596 328 3060 292 172 402 2768 166 829 294 995 326 205 61 603 226 149 309 117 268 239 258 213 316 149 60 170 119 94 573 294 167 72 136 548 432 392 50 75 45 91 342 68 274 251 77 94 89 56 145 71 183 195 74
internal_count=7006 3667 3339 2133 1206 607 610 1138 596 328 3060 292 172 402 2768 166 829 294 995 326 205 61 603 226 149 309 117 268 239 258 213 316 149 60 170 119 94 573 294 167 72 136 548 432 392 50 75 45 91 342 68 274 251 77 94 89 56 145 71 183 195 74
is_linear=0
shrinkage=0.03


Tree=60
num_leaves=63
num_cat=0
split_feature=56 10 55 9 55 61 55 58 22 10 56 55 10 62 62 6 6 42 10 55 56 3 18 15 16 33 49 47 17 22 55 33 10 60 36 70 45 16 33 62 16 58 22 55 56 16 44 56 26 29 18 17 58 61 61 27 62 3 7 53 65 23
split_gain=633.323 60.2129 52.7655 44.3299 21.8773 42.3877 14.8607 10.1368 9.73966 9.20889 8.30315 7.90469 7.7124 7.92743 5.56186 5.45419 5.18658 4.85936 4.80917 5.07957 4.64426 4.32528 4.27014 3.97581 3.77957 3.5054 3.43272 3.55359 3.35297 3.33515 3.30725 3.2364 3.19927 3.00921 4.18324 5.15444 3.86678 2.99338 3.43451 3.27195 2.93039 2.88841 2.83747 2.8205 2.81042 2.76525 2.75465 2.5596 2.55563 2.4811 2.47657 2.43619 2.40432 2.237 2.17627 2.15378 2.13996 2.09176 3.80632 2.05376 4.15537 1.9666
threshold=724.00000000000011 0.87900005428953576 8563.5000000000018 1.0000000180025095e-35 68.500000000000014 1572.5000000000002 4277.0000000000009 3847.5000000000005 -1.0000000180025095e-35 0.56392291514228221 92.500000000000014 4521.5000000000009 0.74305326206722599 2134.666666666667 1566.416666666667 8.5000000000000018 4.5000000000000009 35661.520833333336 0.74305326206722599 942.50000000000011 4534.5000000000009 51.306740576305444 6.9750000000000005 11170.599861246616 -160.49999999999997 1.578842417379223 1185.5000000000002 993.00000000000011 7.5750000000000002 -0.27499999999999858 1995.5000000000002 4.0406215535372167 0.96386255839173451 3599.5000000000005 15994.500000000002 86069.229166666672 29528.500000000004 4724.0000000000009 2.3853405964392591 1345.8333333333337 4962.0000000000009 4626.0833333333339 0.37500000000000006 5635.0000000000009 6673.5000000000009 2897.5000000000005 29464.500000000004 5352.5000000000009 85.454102583333352 64.552390020467399 24.875000000000004 -1.6749999999999996 3467.9583333333339 852.50000000000011 1155.5000000000002 15.080671358791571 2167.5208333333335 59.810924297666482 21.500000000000004 1174.5000000000002 4273.5000000000009 74.413295000000019
decision_type=2 2 2 2 2 2 2 2 2 2 2 2 2 2 2 2 2 2 2 2 2 2 2 2 2 2 2 2 2 2 2 2 2 2 2 2 2 2 2 2 2 2 2 2 2 2 2 2 2 2 2 2 2 2 2 2 2 2 2 2 2 2
left_child=1 4 3 11 12 53 7 18 15 17 22 48 -1 -14 24 47 -15 21 56 37 -21 -8 32 43 -13 -16 27 31 -22 -26 -30 -27 46 34 35 -7 -37 38 39 -20 55 51 -25 -19 -23 -44 -3 -4 -2 -28 -31 -12 -53 -6 -18 -24 61 -9 -59 60 -40 -5
right_child=2 10 8 6 5 33 9 57 -10 -11 41 14 13 16 25 -17 54 23 19 20 28 44 40 42 29 26 49 -29 30 50 -32 -33 -34 -35 -36 36 -38 -39 59 -41 -42 -43 45 -45 -46 -47 -48 -49 -50 -51 -52 52 -54 -55 -56 -57 -58 58 -60 -61 -62 -63
leaf_value=-1.6248218293181382 -1.6814640852900402 -0.45946264983340596 -0.20626528809004638 -6.9239373226785528 0.097377706862499594 -1.663023199116199 17.588795501628955 48.690759510992542 64.426661731828801 43.804921402904327 53.871966032120412 -2.1901585684457201 -1.6232282075499909 -2.2305996590935719 18.474543715793001 -3.1919355938416492 -0.81301984982692665 3.961201536459098 7.4344366973042177 30.739700704010339 23.285090878690038 3.1653750003808634 2.7729082708489452 15.769945076622188 -1.2284725537405632 0.72979450286054259 8.4164362023546353 -2.1030855397945381 -6.3908440168296483 9.0773781748297324 9.338388852318948 -2.9436519658608726 -3.9536150354640145 -1.5454374142815097 -1.6840130894921574 0.38345839791039182 -1.1668449695393466 25.980579663806701 -3.8998910831393276 -5.1734797729268394 -1.8785659652205424 20.15014856534783 -3.8398756258466711 28.202185287812409 -12.506769169619965 10.363903665486742 -1.5992407240730275 30.931116615904802 0.72206582307284173 -1.356924956263913 -1.7514895099634578 -2.0495116991680331 9.5564863441423764 0.1507650951902979 0.6735573031709623 -0.31347095416338588 7.9181292081414174 -1.8118931251572847 47.332875497370338 35.809925715271852 21.528404334680335 -0.6018939447315802
leaf_weight=2236 187 21 26 41 71 24 39 117 766 392 26 72 175 26 50 34 40 39 25 112 40 22 66 22 61 174 96 49 30 34 55 31 78 394 95 23 22 25 21 93 33 22 28 167 28 32 72 156 26 29 21 77 59 32 41 34 21 33 33 33 35 44
leaf_count=2236 187 21 26 41 71 24 39 117 766 392 26 72 175 26 50 34 40 39 25 112 40 22 66 22 61 174 96 49 30 34 55 31 78 394 95 23 22 25 21 93 33 22 28 167 28 32 72 156 26 29 21 77 59 32 41 34 21 33 33 33 35 44
internal_value=-0.0029884 -0.0115955 0.00646342 0.00402698 -0.0131018 -0.00823173 0.00706044 0.00407202 0.0123073 0.0100013 -0.00177628 -0.00155042 -0.0143787 -0.00966678 0.000165289 0.0066497 -0.00319328 0.00663484 0.00210746 0.00341505 0.00650358 0.00047138 -0.00482407 0.00852829 -0.00413078 0.00205546 0.00106041 -0.000932704 0.002494 -0.000749354 -0.000846063 0.000789859 -0.00796026 -0.0114979 -0.00802559 -0.00234443 0.00359202 0.000245584 -0.000927088 -0.00429297 -0.000766341 0.0032428 0.00288672 0.0107569 -0.00532934 -0.000449251 -0.0117293 0.00871499 -0.00653214 0.00513189 0.0045735 0.0018322 0.000198384 0.00942774 0.000517879 0.00176823 -0.0036475 0.0102239 0.00585477 0.00350168 0 -0.00578143
internal_weight=7006 3667 3339 2357 3179 661 1527 758 982 769 488 830 2518 282 617 216 107 377 575 469 237 89 304 288 188 429 379 254 125 116 85 205 171 558 164 69 45 232 207 118 133 184 82 206 50 60 93 182 213 125 55 162 136 103 81 100 106 183 66 89 56 85
internal_count=7006 3667 3339 2357 3179 661 1527 758 982 769 488 830 2518 282 617 216 107 377 575 469 237 89 304 288 188 429 379 254 125 116 85 205 171 558 164 69 45 232 207 118 133 184 82 206 50 60 93 182 213 125 55 162 136 103 81 100 106 183 66 89 56 85
is_linear=0
shrinkage=0.03


Tree=61
num_leaves=63
num_cat=0
split_feature=56 10 55 9 55 60 55 22 4 58 56 10 62 55 42 6 6 19 3 37 26 60 24 59 58 2 64 53 27 48 28 16 62 62 1 3 24 19 60 18 38 70 45 21 4 59 19 19 59 21 27 55 24 39 1 62 55 1 56 28 58 26
split_gain=622.59 58.4665 51.315 43.1571 24.7952 43.8318 14.115 9.6928 9.3874 9.23875 7.80608 7.73809 7.89789 7.62491 5.66836 5.31737 5.18658 4.78909 4.37092 4.13528 4.00596 3.99125 3.80426 3.42466 3.43922 3.65189 3.58405 4.18047 3.40097 3.13137 3.11465 3.10448 3.83982 3.07277 4.15322 3.05467 3.12086 3.03952 2.84482 2.79815 2.75979 3.65165 4.38366 2.72619 2.72548 2.49942 2.59643 2.4505 3.28549 2.44096 2.74238 2.47974 2.41547 2.66624 2.39722 2.34793 2.1342 2.12067 2.03612 1.96298 1.94565 1.93108
threshold=724.00000000000011 0.87900005428953576 8563.5000000000018 1.0000000180025095e-35 65.500000000000014 1529.5000000000002 3611.5000000000005 -1.0000000180025095e-35 16.500000000000004 3847.5000000000005 40.500000000000007 0.74305326206722599 2134.666666666667 5428.5000000000009 35661.520833333336 8.5000000000000018 4.5000000000000009 -3.9749999999999996 59.672056660032887 18231.000000000004 56.632188437500005 5502.5000000000009 78.449890000000025 552.50000000000011 3182.5833333333339 50.810230000000011 421.50000000000006 2558.0000000000005 15.245917796700335 506.50000000000006 3.1234550000000074 -1599.4999999999998 1473.1250000000002 2041.916666666667 8.7250000000000014 51.306740576305444 61.427646000000003 15.675000000000002 3599.5000000000005 19.975000000000005 15044.91666666667 86069.229166666672 29528.500000000004 2.9944317278212331 22.500000000000004 453.50000000000006 13.125000000000002 13.625000000000002 2658.0000000000005 3.0736071110482204 12.22570575055677 942.50000000000011 51.345223000000011 52865.500000000007 28.225000000000005 1836.1041666666667 6905.5000000000009 15.225000000000001 131.50000000000003 -0.85581799999999919 3361.7083333333335 71.108169937500008
decision_type=2 2 2 2 2 2 2 2 2 2 2 2 2 2 2 2 2 2 2 2 2 2 2 2 2 2 2 2 2 2 2 2 2 2 2 2 2 2 2 2 2 2 2 2 2 2 2 2 2 2 2 2 2 2 2 2 2 2 2 2 2 2
left_child=1 4 3 13 11 19 9 15 59 17 30 -1 -13 21 35 44 -14 -5 -16 -6 60 -2 31 -22 25 -25 -26 29 49 37 47 -19 -33 -34 -35 39 -37 -28 40 -10 41 -7 -43 55 -4 58 -47 48 -3 50 51 -24 -20 -54 -31 -12 -27 -57 -45 -8 -15 -18
right_child=2 10 7 6 5 38 8 -9 14 -11 43 12 16 20 18 -17 61 22 52 -21 23 -23 28 24 26 56 27 -29 -30 54 -32 32 33 34 -36 36 -38 -39 -40 -41 -42 42 -44 45 -46 46 -48 -49 -50 -51 -52 -53 53 -55 -56 57 -58 -59 -60 -61 -62 -63
leaf_value=-1.5760771744385942 -1.4326167390840352 -1.6909454626285714 33.476595095951659 27.02623287235809 0.094456375656624514 -1.6256509992258894 42.490773760817198 62.493861879873933 24.955619394049254 38.010851861248426 -4.6840863381278544 -1.5802539987273048 -2.163681669320765 -0.70271268123610975 22.670871300874278 -3.0961775260263993 0.8669608080522675 26.260370337122911 -5.1498688045862124 -0.36912111750061283 -4.9518586738413699 0.2974313317520057 -1.2860208828668476 17.196566619709557 -6.6205533365626046 -0.19339121130461762 -0.86527929601785447 9.4295347513678038 -2.9035557737131921 -2.2658651620385877 0.25993989190091499 6.0145948735872334 -6.6183371018787511 9.7213953209603101 -7.7053099917855734 -13.618413122564005 3.8734770254966269 9.8599085087116816 -1.5017543454551074 -0.50906581376582838 -1.5722580939135979 0.37195464597308014 -1.1846715005003554 -4.7994870227669111 0.51336265955031424 7.1871730528873856 19.870549150859151 -0.026528191840218651 0.099908508126288778 25.656101868234465 -11.323792009836287 11.365909721333191 3.842365490365323 24.219188302202145 0.6721735150703424 16.28454060268793 13.209787909385515 -1.2458251154811637 9.0975609075051072 17.84701455710394 -3.1555931180207106 -0.58356225782598758
leaf_weight=2223 276 140 148 68 87 23 400 766 21 170 36 174 26 23 188 34 27 25 26 28 23 51 58 52 21 79 24 54 24 82 27 50 79 30 30 26 24 33 398 21 88 20 31 20 34 63 49 44 26 68 21 65 55 31 32 21 60 35 27 47 20 54
leaf_count=2223 276 140 148 68 87 23 400 766 21 170 36 174 26 23 188 34 27 25 26 28 23 51 58 52 21 79 24 54 24 82 27 50 79 30 30 26 24 33 398 21 88 20 31 20 34 63 49 44 26 68 21 65 55 31 32 21 60 35 27 47 20 54
internal_value=-0.00297983 -0.0115137 0.00639154 0.0039888 -0.012998 -0.00788328 0.00698186 0.0121546 0.009596 0.00378869 -0.00183774 -0.0143752 -0.00964781 -0.00151428 0.00618975 0.00651087 -0.00319328 0.00178923 0.00818727 0.00896612 0.000799046 -0.00508101 0.000659853 0.00162356 0.00222375 0.00524333 -0.000109711 0.000986228 0.00329098 -0.00129749 -0.00574441 -0.00222793 -0.00355368 -0.00612509 -0.000948419 -0.00029316 -0.00532934 0.00441331 -0.0113498 0.00562945 -0.00793954 -0.00360324 0.000821918 0.0018399 0.00855025 0.00422376 0.00666369 -0.00698239 -0.00865141 0.00451202 0.00226926 0.00399675 0.00345227 0.0058885 -0.00418054 -0.00224756 0.00267434 0.0015508 -0.00152866 0.0125744 -0.00793503 0.000517879
internal_weight=7006 3667 3339 2357 3179 675 1527 982 839 688 488 2504 281 830 392 216 107 518 300 115 503 327 450 460 437 191 246 225 236 171 237 214 189 139 60 92 50 57 560 42 162 74 51 251 182 159 112 210 166 212 144 123 112 86 114 92 139 56 47 447 43 81
internal_count=7006 3667 3339 2357 3179 675 1527 982 839 688 488 2504 281 830 392 216 107 518 300 115 503 327 450 460 437 191 246 225 236 171 237 214 189 139 60 92 50 57 560 42 162 74 51 251 182 159 112 210 166 212 144 123 112 86 114 92 139 56 47 447 43 81
is_linear=0
shrinkage=0.03


Tree=62
num_leaves=63
num_cat=0
split_feature=4 55 34 55 60 4 22 55 56 18 4 62 56 34 34 4 4 4 55 18 55 34 56 37 62 34 28 43 1 56 51 27 55 24 66 4 12 56 4 32 32 31 62 62 56 60 55 2 62 27 61 62 62 52 5 66 24 12 33 22 15 62
split_gain=602.41 74.7191 43.1414 35.4457 33.5686 23.4066 17.3207 13.4105 9.86788 8.62713 8.3683 7.90781 6.61575 6.60527 5.63443 5.08031 4.9847 4.81584 8.22204 4.52878 4.45419 4.38431 4.02172 3.90419 3.84882 3.55951 3.49763 3.45789 3.12196 3.00824 2.97782 2.97433 2.85649 3.59393 3.00255 2.7858 2.88148 3.65215 2.77859 2.76309 2.66355 3.29717 2.65024 4.77822 2.55337 2.47602 2.92502 2.47315 3.42901 2.46251 2.41908 2.39307 2.55601 2.27198 2.39733 2.24334 2.21198 2.20593 2.11686 2.11447 2.10875 1.99377
threshold=10.500000000000002 7226.5000000000009 -0.84994705570369422 60.500000000000007 1489.5000000000002 19.500000000000004 0.4000000000000013 9621.0000000000018 138.50000000000003 2.1750000000000003 9.5000000000000018 2118.6666666666674 894.00000000000011 0.42504966562929886 -2.1847625283175769 19.500000000000004 11.500000000000002 17.500000000000004 3611.5000000000005 5.7250000000000005 5496.5000000000009 1.4751221336119331 1384.5000000000002 18231.000000000004 1614.3125000000002 -0.55501479566318668 2.7501774999999999 31809.500000000004 -5.2249999999999988 3780.0000000000005 2059.5000000000005 9.7483831770018252 4024.0000000000005 77.475430000000003 1087.6458333333337 19.500000000000004 94350.000000000015 7363.0000000000009 15.500000000000002 60.28689153089308 64.814436483557586 56.516835392258344 1789.7708333333337 1238.8333333333337 40.500000000000007 2350.5000000000005 8899.5000000000018 49.471368000000005 1994.2708333333335 9.7483831770018252 1377.5000000000002 1420.479166666667 1987.104166666667 1287.5000000000002 3.5000000000000004 1007.1458333333334 65.289370000000005 84627.000000000015 1.9747353080039731 0.37500000000000006 4704.8619203012522 1550.854166666667
decision_type=2 2 2 2 2 2 2 2 2 2 2 2 2 2 2 2 2 2 2 2 2 2 2 2 2 2 2 2 2 2 2 2 2 2 2 2 2 2 2 2 2 2 2 2 2 2 2 2 2 2 2 2 2 2 2 2 2 2 2 2 2 2
left_child=3 2 8 10 23 45 9 13 -2 15 -1 -12 25 50 -10 16 -4 18 22 -13 27 32 31 -5 -15 -6 -9 42 58 -26 57 -8 33 -11 -35 36 37 -34 -29 -30 41 -24 43 -16 -36 -3 59 -37 -49 -19 -7 -23 -53 -46 -55 -52 -14 -20 -18 -47 -44 -51
right_child=1 5 6 4 12 7 17 26 14 21 11 19 56 24 20 -17 28 49 30 -21 -22 51 40 -25 29 -27 -28 38 39 -31 -32 -33 35 34 44 47 -38 -39 -40 -41 -42 -43 60 -45 53 46 -48 48 -50 61 55 52 -54 54 -56 -57 -58 -59 -60 -61 -62 -63
leaf_value=-1.5287948592054363 -1.9667166360732875 59.115466700143124 -1.3652174765847551 0.062003279636788165 -0.85377276743772268 0.013285643651629471 -1.2114083196460159 53.700148200788099 77.46862424023432 -1.4899302970004316 -1.5385690161692991 -2.0232261658755828 -0.76705642121874373 -3.1847995318864468 12.359795489661 -1.6693759742195096 26.347834243148125 0.72100466296627241 3.8411597256989896 0.0052988249560772258 36.829020677481729 -1.8565227534789184 1.369873353315652 -0.35804748397559449 -2.37935873243066 -1.4402770770599578 0.024363333945284466 35.27660577607525 -0.46099150435213798 7.4092278616690868 -0.26979507432809441 18.307299756183593 13.46944354011508 -2.3846693368861627 -0.73121650990499987 8.8139374851263703 17.581627467156082 -7.0500628634696065 1.9729025295440805 -5.1008711596162888 11.096270084615234 -3.3308710998022639 -1.4994776002729122 -6.8097521830764247 7.5948686732748385 23.492612653136074 54.648015721573351 -1.2047745331777242 2.2474463536842633 -0.012671012588325538 5.5365801905720993 0.41069552215174493 -1.1853772211566436 11.375604594223255 -3.0117146478381165 23.44773828983114 0.018698496039906087 20.862288197788384 -0.85714799386892537 -1.5861372597668286 29.526130976623662 -7.1125782413462177
leaf_weight=2196 24 753 63 82 27 34 39 186 163 121 173 23 67 67 33 123 25 56 26 85 89 80 75 30 23 465 20 103 61 137 25 84 25 44 53 36 32 22 25 36 23 96 21 36 66 21 70 85 75 30 33 30 40 30 42 93 64 159 24 26 72 39
leaf_count=2196 24 753 63 82 27 34 39 186 163 121 173 23 67 67 33 123 25 56 26 85 89 80 75 30 23 465 20 103 61 137 25 84 25 44 53 36 32 22 25 36 23 96 21 36 66 21 70 85 75 30 33 30 40 30 42 93 64 159 24 26 72 39
internal_value=-0.00306547 0.00502807 0.00169105 -0.0126263 -0.00683172 0.0103424 -0.000618662 0.00573596 0.00889772 -0.00289462 -0.0143442 -0.00943436 -0.00955224 0.00243348 0.00973437 -0.0069467 -0.00407461 0.00326177 0.00451907 -0.00302498 0.00770773 -0.00116758 0.00145695 0.0082694 -0.000845443 -0.0111502 0.0119214 0.00588418 -0.00100616 0.00166771 0.00912423 0.00570268 -6.65505e-05 -0.00184499 0.000306253 0.00222465 0.00697851 0.00216561 0.00957845 -0.00414006 -0.00122102 -0.00252484 0.00294263 -0.00147612 0.00194662 0.0134778 0.00932536 0.000290668 -0.00129294 -0.00201439 0.00710181 -0.00577615 -0.00166904 0.00410572 0.00037448 0.00901665 -0.00352403 0.0104376 0.00513238 0.00343949 0.00625134 -0.00581766
internal_weight=7006 3794 2331 3212 735 1463 1765 593 566 1113 2477 281 623 387 542 332 209 652 527 108 379 781 317 112 227 492 206 290 146 160 210 123 631 356 235 275 79 47 128 97 194 171 162 69 191 870 117 196 160 125 160 150 70 138 72 126 131 185 49 47 93 69
internal_count=7006 3794 2331 3212 735 1463 1765 593 566 1113 2477 281 623 387 542 332 209 652 527 108 379 781 317 112 227 492 206 290 146 160 210 123 631 356 235 275 79 47 128 97 194 171 162 69 191 870 117 196 160 125 160 150 70 138 72 126 131 185 49 47 93 69
is_linear=0
shrinkage=0.03


Tree=63
num_leaves=63
num_cat=0
split_feature=4 55 22 55 59 4 55 56 4 55 4 4 45 62 12 55 56 4 1 62 59 47 33 24 27 4 42 4 55 28 26 27 59 62 63 65 27 28 19 44 66 63 12 16 24 1 40 59 26 16 36 52 4 33 0 24 46 23 45 45 40 69
split_gain=587.64 73.5309 42.788 35.6031 33.3345 21.0964 12.048 11.2672 9.507 11.7351 8.65626 8.50899 8.36508 7.64471 6.87049 6.66291 5.76505 4.63156 4.27694 4.22854 3.90474 3.66358 3.63327 6.10137 3.48524 3.47994 3.45408 3.42404 4.2234 3.32889 3.22389 3.82212 3.18094 2.73221 4.2546 3.0754 2.71835 3.95669 2.67716 3.64625 3.11117 2.89088 2.74356 2.64447 2.63226 2.62146 2.60416 3.81187 2.48379 2.53616 2.48087 2.42934 2.38128 2.66693 2.30964 2.21198 2.209 2.13983 2.13101 2.06042 2.42363 2.02489
threshold=10.500000000000002 7566.5000000000009 0.42500000000000077 60.500000000000007 1819.5000000000002 19.500000000000004 9621.0000000000018 32.500000000000007 17.500000000000004 1995.5000000000002 9.5000000000000018 19.500000000000004 32959.000000000007 2118.6666666666674 96195.500000000015 4096.5000000000009 894.00000000000011 14.500000000000002 6.0750000000000002 996.20833333333337 4268.5000000000009 183.50000000000003 3.2098584102792183 72.642445000000023 9.7483831770018252 22.500000000000004 36017.666666666679 15.500000000000002 4578.5000000000009 2.7501774999999999 69.718724000000023 15.447146125368549 4319.5000000000009 1336.6041666666667 3028.5000000000005 784.50000000000011 11.654976738122004 -0.17050450000000691 13.625000000000002 28039.000000000004 4478.6250000000009 1380.5000000000002 83371.000000000015 924.00000000000011 81.494348000000016 14.925000000000002 52865.500000000007 791.50000000000011 67.051349625000014 5045.0000000000009 12154.000000000002 1238.5000000000002 22.500000000000004 1.6786645752830451 82825.500000000015 65.289370000000005 32605.708333333339 78.180005000000008 31259.000000000004 32497.500000000004 35862.500000000007 111118.00000000001
decision_type=2 2 2 2 2 2 2 2 2 2 2 2 2 2 2 2 2 2 2 2 2 2 2 2 2 2 2 2 2 2 2 2 2 2 2 2 2 2 2 2 2 2 2 2 2 2 2 2 2 2 2 2 2 2 2 2 2 2 2 2 2 2
left_child=3 2 7 10 -5 -3 20 14 9 17 -1 15 33 -12 21 32 19 22 -15 -6 25 -2 23 56 -10 46 -17 -11 -29 -8 57 54 38 36 35 -35 -13 -38 39 -9 -41 51 -43 -22 -42 -24 47 -7 -23 -50 -30 -40 53 -36 -32 -18 -4 -25 -26 60 -20 -56
right_child=1 5 8 4 16 6 29 11 24 27 13 12 -14 18 -16 26 55 -19 59 -21 43 48 45 30 58 -27 -28 28 50 -31 31 -33 -34 34 52 -37 37 -39 41 40 44 42 -44 -45 -46 -47 -48 -49 49 -51 -52 -53 -54 -55 61 -57 -58 -59 -60 -61 -62 -63
leaf_value=-1.4829310134292735 -1.5705458816162248 56.80603069007558 -6.5203750435276557 0.060143181247684648 0.12757314482247537 -4.8020252289347303 52.089143754764457 6.7841950531520423 5.8578862503850813 45.008118224993851 -1.49241194568422 -2.8125878994190301 -2.0002386444934404 -1.9574314075951547 -1.6924748518257047 3.0112787670445322 -0.74404472858218151 -1.3448187633816815 0.43832803743529908 -1.3785866133035221 5.7351550641809439 0.43002757294680988 40.468208787045043 14.654570203928451 -7.6336580977705397 -2.5637376486560592 21.962431402901974 -1.6584787049040663 4.0959594398097483 0.023632433926928795 -2.9654829675755536 -3.5216876941079542 21.170461073114154 -0.57686746931202715 18.278512766276183 4.5787814136839371 6.230276932889085 -1.8136838244736044 9.422549942923423 -4.4646046850015226 -2.9669670393130749 -0.2014801764391268 14.828801852304537 27.158767247351605 11.422060751315993 28.650110924411663 -4.9684499903778985 13.852581011481025 0.36306185644704569 -2.8090719181098738 16.300828933350402 -3.1807465306636367 -1.5428259193492326 -0.57761441976423611 12.957087473501051 0.018137541158708786 2.3360263256315998 37.77219616764561 1.3853245161452945 0.308797118324175 -2.1197859081659773 -1.4497701834810186
leaf_weight=2196 44 797 36 90 29 29 186 32 74 351 173 32 97 22 122 42 67 30 32 485 55 29 71 21 51 28 93 36 34 20 23 24 23 36 28 116 20 49 20 91 50 39 55 36 34 39 40 148 47 20 120 41 67 71 98 64 22 48 49 31 23 30
leaf_count=2196 44 797 36 90 29 29 186 32 74 351 173 32 97 22 122 42 67 30 32 485 55 29 71 21 51 28 93 36 34 20 23 24 23 36 28 116 20 49 20 91 50 39 55 36 34 39 40 148 47 20 120 41 67 71 98 64 22 48 49 31 23 30
internal_value=-0.00315539 0.0048383 0.00175227 -0.0125983 -0.00679091 0.0104936 0.00591588 -0.00198521 0.00594763 0.00709185 -0.01432 -0.000576199 -0.0033075 -0.00932764 -0.00754292 0.00212844 -0.00917997 0.00345397 -0.00302498 -0.0106147 0.00240107 -0.00297645 0.00428779 0.002572 -0.000499713 0.000416157 0.00786084 0.0100573 0.00677012 0.0116303 0.00465793 0.00246716 0.000109063 -0.00146027 -8.4879e-05 0.00353057 -0.00575668 -0.00234443 -0.000571665 -0.00281024 -0.00452313 0.00239845 0.0057067 0.00770582 -0.000321046 0.00896458 0.0017135 0.00328628 0.000280957 -0.0028614 0.00893576 -0.00265139 -0.00341361 -0.000423814 0.00424884 -0.00352403 -0.00614458 0.0101592 -0.00416583 0 -0.00348457 0.00583138
internal_weight=7006 3794 2455 3212 735 1339 542 1298 1157 983 2477 1036 516 281 262 520 645 442 108 514 336 140 412 302 174 245 135 541 190 206 244 175 385 419 318 152 101 69 362 207 175 155 94 91 84 110 217 177 96 67 154 61 166 99 151 131 58 69 100 86 55 128
internal_count=7006 3794 2455 3212 735 1339 542 1298 1157 983 2477 1036 516 281 262 520 645 442 108 514 336 140 412 302 174 245 135 541 190 206 244 175 385 419 318 152 101 69 362 207 175 155 94 91 84 110 217 177 96 67 154 61 166 99 151 131 58 69 100 86 55 128
is_linear=0
shrinkage=0.03


Tree=64
num_leaves=63
num_cat=0
split_feature=4 55 22 55 60 4 34 6 4 4 34 4 62 57 34 55 4 44 43 60 56 58 6 55 55 58 37 65 44 66 51 45 34 66 34 54 62 62 3 34 61 26 44 40 24 4 55 1 57 57 23 40 24 33 55 10 27 63 36 24 19 51
split_gain=580.828 73.9235 45.1607 36.2225 33.2068 13.1164 12.0249 11.8089 9.2102 12.6076 9.07081 8.00323 6.96997 6.91237 6.68086 6.55931 10.8389 5.97269 5.58801 5.26519 5.16655 4.98441 4.94217 4.58977 4.2112 4.61652 3.90419 3.74343 4.09344 5.82254 3.5159 3.44766 3.39371 3.84667 3.37037 3.24089 3.14108 3.06469 2.80123 2.73149 3.91316 2.71008 2.67266 2.66666 2.63342 2.57756 2.46896 2.39585 2.35472 3.56483 2.80978 2.37724 2.27179 2.25857 2.21892 4.39126 2.16447 2.15543 2.12933 2.0707 2.05201 2.03454
threshold=10.500000000000002 8194.0000000000018 0.42500000000000077 60.500000000000007 1489.5000000000002 19.500000000000004 -1.1097886380165389 3.5000000000000004 19.500000000000004 11.500000000000002 1.0363431935441982 9.5000000000000018 2134.666666666667 1303.0000000000002 0.61804997696099317 4521.5000000000009 16.500000000000004 32539.500000000004 33477.500000000007 1188.5000000000002 8157.5000000000009 4518.8958333333348 4.5000000000000009 9228.5000000000018 5760.5000000000009 3841.0208333333339 18231.000000000004 2042.5000000000002 29100.000000000004 1419.3750000000002 1762.5000000000002 32202.500000000004 -0.33337538473497469 5210.6875000000009 -0.55501479566318668 719.02083333333337 2129.5000000000005 2061.5833333333335 53.728627930231262 -2.1847625283175769 256.50000000000006 85.738332000000028 29251.500000000004 33576.000000000007 59.048847500000008 18.500000000000004 9621.0000000000018 -1.1249999999999998 1663.5000000000002 6911.0000000000009 79.238085000000012 47274.500000000007 87.596105000000009 2.1797166107733834 2164.5000000000005 0.96386255839173451 9.7483831770018252 2671.0000000000005 11970.500000000002 74.518400000000014 0.62500000000000011 1163.5000000000002
decision_type=2 2 2 2 2 2 2 2 2 2 2 2 2 2 2 2 2 2 2 2 2 2 2 2 2 2 2 2 2 2 2 2 2 2 2 2 2 2 2 2 2 2 2 2 2 2 2 2 2 2 2 2 2 2 2 2 2 2 2 2 2 2
left_child=3 2 7 11 26 -3 39 8 9 -2 23 -1 -13 34 24 21 58 19 37 -10 45 35 -14 61 25 41 -5 28 -16 -30 46 38 -20 -34 -6 -8 -15 43 -22 -4 -41 -9 -43 -11 -26 -18 -12 -45 56 51 -51 52 -50 -29 55 -42 -37 -32 -17 -55 -39 -7
right_child=1 5 6 4 13 10 15 14 17 18 30 12 22 36 27 16 20 -19 32 -21 31 -23 -24 -25 44 -27 -28 53 29 -31 57 -33 33 -35 -36 48 -38 60 -40 40 54 42 -44 47 -46 -47 -48 -49 49 50 -52 -53 -54 59 -56 -57 -58 -59 -60 -61 -62 -63
leaf_value=-1.4384430830263952 -1.3349371905225862 59.143075022886592 74.264554850992965 0.069462760055981787 -0.78680198601548534 26.366907958862701 -4.0904482945405469 -0.96211241591267027 11.854382235392924 9.7408966547795117 0.63850823459965678 -1.4419169499098801 -1.9794834102558427 -1.0845482140118077 -4.3430713262219287 7.0567103267841595 12.389772407296881 -1.7360128507432606 37.918826832221463 -1.2182939240649573 4.848939920723387 34.010003249560334 0.10137278340378685 45.733057878231961 7.8481412480596369 17.843903073556 -0.34911035489375702 -1.1502077994906175 -1.749461848629976 0.28479845188398401 -6.0309616369278434 9.6869969558116367 -5.1819254534369428 29.160628728071341 -1.3617404424756574 -0.53339428807310008 0.2252615176111982 -2.1447550343373223 -14.285888827733379 -1.2255325314364107 -4.3049809811159498 -1.9987138950514054 20.887089153204254 -0.37142606294013486 22.644441339633595 1.2871383751925281 18.921886505232106 -4.0465627758509912 -5.6818118864895899 -3.2456074941651707 12.11293449391297 5.4064083290182401 0.94637205609828923 0.10796837674418895 34.001189590343749 31.915501619687504 18.03969372293567 3.7740532916500613 35.678641496370616 9.1836819040524169 13.922240593355825 5.9522549487648391
leaf_weight=2196 86 672 151 82 27 26 52 165 22 22 50 174 26 43 41 34 86 153 40 96 20 32 81 194 74 60 30 77 79 78 27 28 33 26 491 39 62 20 37 23 24 20 27 36 79 80 34 63 90 24 45 49 33 56 131 54 73 20 158 47 21 87
leaf_count=2196 86 672 151 82 27 26 52 165 22 22 50 174 26 43 41 34 86 153 40 96 20 32 81 194 74 60 30 77 79 78 27 28 33 26 491 39 62 20 37 23 24 20 27 36 79 80 34 63 90 24 45 49 33 56 131 54 73 20 158 47 21 87
internal_value=-0.00321962 0.0047276 0.00203308 -0.0126076 -0.0067501 0.0112395 0.00616103 -0.00163395 -0.00475166 -0.00150389 0.00718329 -0.0143442 -0.00954109 -0.00945595 0.000762047 0.00422338 0.00679756 -0.00889709 0.00176944 -0.00378493 0.00267622 0.00160604 -0.00347339 0.0100033 0.0033451 0.00109151 0.0082694 -0.00213436 -0.00498233 -0.00274984 0.000549199 -0.00331375 0.00738648 0.00274112 -0.0108801 0.000696124 -0.00239772 -0.00164713 -0.00756567 0.010603 0.00851788 -0.000975955 0.00535032 -0.00406276 0.00732854 0.00576159 0.00424495 -0.00617558 0.00173322 4.97719e-05 0.00581766 -0.00224869 -0.00448416 0.000982787 0.00981349 0.00572343 0.0053256 -0.00598726 0.0121655 0.00389913 0.00540146 0.00514589
internal_weight=7006 3794 2684 3212 735 1110 1263 1421 618 347 438 2477 281 623 803 880 443 271 261 118 251 437 107 307 425 272 112 378 198 157 131 85 99 59 518 405 105 162 57 383 232 212 47 121 153 166 84 99 353 241 69 172 123 180 209 78 112 47 192 103 41 113
internal_count=7006 3794 2684 3212 735 1110 1263 1421 618 347 438 2477 281 623 803 880 443 271 261 118 251 437 107 307 425 272 112 378 198 157 131 85 99 59 518 405 105 162 57 383 232 212 47 121 153 166 84 99 353 241 69 172 123 180 209 78 112 47 192 103 41 113
is_linear=0
shrinkage=0.03


Tree=65
num_leaves=63
num_cat=0
split_feature=56 10 55 10 55 60 55 57 10 58 56 6 61 4 22 55 37 6 56 55 13 6 4 55 56 17 50 18 35 56 27 43 55 60 27 33 44 9 60 27 59 2 68 14 58 51 67 31 5 46 26 41 54 54 22 56 35 48 66 39 15 27
split_gain=574.695 55.3855 53.9569 43.9365 26.5457 40.7784 20.1631 9.16669 8.66439 8.42087 7.57788 6.40972 12.0342 5.80314 5.33506 4.98656 4.9252 4.72271 4.38304 5.82669 3.88433 3.78687 3.50048 5.90578 3.86883 3.58066 5.00281 3.46521 3.45556 3.40339 3.41472 3.26153 3.12266 2.95453 2.91842 2.91592 3.14301 3.67849 2.86788 2.78473 2.78408 2.4874 2.41931 5.38608 2.41129 2.32034 3.13055 3.82606 2.28621 2.28298 2.76175 2.20701 2.14857 2.62149 2.12836 2.11489 2.10322 2.07314 2.77059 2.29979 2.1348 2.07127
threshold=724.00000000000011 0.87900005428953576 9193.0000000000018 1.0000000180025095e-35 60.500000000000007 1529.5000000000002 4521.5000000000009 7300.5000000000009 0.74305326206722599 3847.5000000000005 40.500000000000007 4.5000000000000009 662.50000000000011 16.500000000000004 -0.05000000000000001 2686.0000000000005 18231.000000000004 8.5000000000000018 8157.5000000000009 6826.0000000000009 86580.500000000015 8.5000000000000018 15.500000000000002 1030.5000000000002 4534.5000000000009 2.4250000000000003 248.77083333333337 17.875000000000004 15476.000000000002 6415.5000000000009 15.562855274498837 31789.500000000004 1919.5000000000002 3599.5000000000005 14.703498060773644 4.0406215535372167 33096.500000000007 1.0000000180025095e-35 1337.5000000000002 15.782614211588411 2877.5000000000005 95.987207500000025 102438.00000000001 83558.937500000015 4518.8958333333348 1518.5000000000002 99794.500000000015 55.112383430865258 1.0000000180025095e-35 29783.729166666668 68.908376541666684 35765.000000000007 972.75000000000011 1854.7916666666667 0.92500000000000082 1384.5000000000002 12160.500000000002 223.50000000000003 5096.1458333333348 42874.000000000007 5986.2394342398939 15.245917796700335
decision_type=2 2 2 2 2 2 2 2 2 2 2 2 2 2 2 2 2 2 2 2 2 2 2 2 2 2 2 2 2 2 2 2 2 2 2 2 2 2 2 2 2 2 2 2 2 2 2 2 2 2 2 2 2 2 2 2 2 2 2 2 2 2
left_child=1 4 3 7 8 16 9 15 -1 22 28 -10 -13 -8 21 -2 -6 35 -15 -20 27 -4 23 25 -25 40 -27 -9 31 -22 52 49 -26 42 -21 36 45 -38 -14 55 -5 54 43 -7 48 46 47 56 -11 50 -3 -37 -31 -54 57 -28 -17 59 60 -12 -59 -19
right_child=2 10 14 6 5 33 13 20 11 44 41 12 38 18 -16 17 -18 61 19 34 29 -23 -24 24 32 26 39 -29 -30 30 -32 -33 -34 -35 -36 51 37 -39 -40 -41 -42 -43 -44 -45 -46 -47 -48 -49 -50 -51 -52 -53 53 -55 -56 -57 -58 58 -60 -61 -62 -63
leaf_value=-1.3952897905356034 -1.8458878039209035 0.22659219151286378 30.240794759375625 -2.657142111738267 0.08587440775871244 -1.4185802343644685 43.062274274091919 15.738669438703218 -1.4368980423277822 -1.6819856064344549 17.181695300647291 -1.4773143833993319 0.52849798836583517 20.272338215769967 60.14494124360197 8.5543080858373894 -0.39423295422315252 -2.1529663836277368 -4.0479456165994723 24.715476472487065 20.28631811166003 -3.7836168471537803 -1.2342845545229102 28.865373666424848 -3.4299147108009853 -6.1390017993292618 13.67690556621101 -6.6774786009721492 -1.7091518576249261 15.012331311352627 -4.8191831172035267 2.8076831949585994 11.789336161391143 -1.330830273378327 2.0951007932400261 0.0013746439426186895 -3.3328076361743704 4.2371618384387348 -0.89471738381552424 -3.8741783566080539 28.158799321294801 -1.2718397549847815 -1.4059095068851097 0.16649834336100711 55.398221891158485 -0.19483418094235275 2.6833457176352931 -1.0374823881586659 25.771137267292513 -1.7822486328334293 -1.3948738554944131 -2.8215547300490806 -1.3839312426621062 15.897582854181682 15.377500053528264 0.45022254299508857 -0.068081595094582781 -6.3498270338162328 12.256226929007454 -1.0277892756800178 -0.78692722761753542 -0.81818074592077017
leaf_weight=2212 71 30 116 23 88 28 402 21 117 21 55 86 53 161 627 50 32 67 24 66 94 22 103 102 33 44 26 57 96 21 34 32 106 399 43 20 49 24 25 29 69 38 94 45 58 245 57 62 110 43 36 30 68 46 21 60 32 24 33 20 60 46
leaf_count=2212 71 30 116 23 88 28 402 21 117 21 55 86 53 161 627 50 32 67 24 66 94 22 103 102 33 44 26 57 96 21 34 32 106 399 43 20 49 24 25 29 69 38 94 45 58 245 57 62 110 43 36 30 68 46 21 60 32 24 33 20 60 46
internal_value=-0.00324103 -0.0114401 0.00576263 0.00368168 -0.0128848 -0.00764757 0.00705155 -0.000874692 -0.0143243 0.0037457 -0.00202213 -0.00932764 -0.00546618 0.01077 0.0127591 -0.00272474 0.00821815 -0.0019308 0.00753825 0.00347107 0.00320141 0.00736423 0.00198622 0.00304206 0.00639569 -0.000167264 -0.00290383 -0.00265045 -0.00587094 0.00494869 0.00237729 -0.00284904 0.00310568 -0.0110175 0.00643446 -0.000811808 -0.000138702 -0.00590971 0.00303457 0.0003649 0.00452769 0.00160096 -0.00761221 -0.00344733 0.00926494 0.000800269 0.00319244 0.000811936 0.00695652 -0.00533456 -0.00177005 -0.00772455 0.00452998 0.00286591 0.00287189 0.00310105 0.00507917 0.00185841 -0.000614859 0.00575233 -0.00353151 -0.00753316
internal_weight=7006 3667 3339 2574 3179 686 1480 1094 2493 784 488 281 164 696 765 753 120 682 294 133 341 138 595 492 241 251 159 78 237 263 169 141 139 566 109 569 519 73 78 115 92 251 167 73 189 446 201 144 131 109 66 50 135 114 213 86 82 192 117 75 84 113
internal_count=7006 3667 3339 2574 3179 686 1480 1094 2493 784 488 281 164 696 765 753 120 682 294 133 341 138 595 492 241 251 159 78 237 263 169 141 139 566 109 569 519 73 78 115 92 251 167 73 189 446 201 144 131 109 66 50 135 114 213 86 82 192 117 75 84 113
is_linear=0
shrinkage=0.03


Tree=66
num_leaves=63
num_cat=0
split_feature=56 10 55 10 55 60 55 56 57 4 55 55 4 4 37 6 59 4 55 6 56 55 33 16 19 24 2 44 51 22 66 4 60 55 28 44 4 27 4 69 4 48 60 44 24 5 53 27 60 7 22 20 55 64 57 36 6 11 65 26 26 66
split_gain=565.238 54.7431 53.4795 43.2777 27.2684 37.0684 20.3012 11.9723 8.75137 5.80666 6.62625 5.7333 5.43943 5.34187 5.06402 4.52978 7.01594 4.56135 4.3946 4.57467 4.38304 5.82669 4.35527 4.59649 3.70098 3.60146 3.90831 3.56216 3.41683 3.29038 3.44575 3.13455 3.1204 3.10162 3.07617 2.94649 3.27232 2.91842 2.8332 3.24692 2.79479 2.71887 2.70871 3.39434 2.82524 2.68614 2.75356 2.46807 2.4596 2.92429 2.371 2.31298 3.21835 2.36088 2.3121 2.2811 2.27369 2.25682 2.22383 2.21025 2.2495 2.39561
threshold=724.00000000000011 0.74305326206722599 9193.0000000000018 1.0000000180025095e-35 60.500000000000007 1529.5000000000002 4521.5000000000009 55.500000000000007 7300.5000000000009 15.500000000000002 1536.5000000000002 55.500000000000007 20.500000000000004 16.500000000000004 18231.000000000004 4.5000000000000009 295.50000000000006 10.500000000000002 2686.0000000000005 8.5000000000000018 8157.5000000000009 6826.0000000000009 3.1392527797333156 5045.0000000000009 14.825000000000001 66.870440000000016 49.866806500000003 29612.000000000004 1263.5000000000002 0.37500000000000006 4819.4583333333348 11.500000000000002 1544.0000000000002 6248.0000000000009 2.377299500000007 33096.500000000007 19.500000000000004 14.703498060773644 10.500000000000002 90027.500000000015 13.500000000000002 222.50000000000003 262.50000000000006 33630.500000000007 75.191945000000018 4.5000000000000009 1135.5000000000002 15.080671358791571 3599.5000000000005 6.5000000000000009 -1.0000000180025095e-35 14.507291666666669 2686.0000000000005 1363.0000000000002 1929.5000000000002 15534.500000000002 8.5000000000000018 97285.500000000015 655.00000000000011 69.718724000000023 84.141737916666685 3181.9791666666674
decision_type=2 2 2 2 2 2 2 2 2 2 2 2 2 2 2 2 2 2 2 2 2 2 2 2 2 2 2 2 2 2 2 2 2 2 2 2 2 2 2 2 2 2 2 2 2 2 2 2 2 2 2 2 2 2 2 2 2 2 2 2 2 2
left_child=1 4 3 8 -1 14 9 11 18 10 22 15 -4 -8 -6 17 38 -3 -2 24 -15 -22 23 42 32 26 58 -19 45 30 41 -29 35 -28 56 57 -37 -23 -17 -40 -12 -9 -5 44 -44 46 -26 50 49 55 -35 -42 -53 -54 -24 -7 -14 -20 -10 -46 61 -61
right_child=2 7 12 6 5 48 13 29 25 -11 40 -13 34 20 -16 16 -18 27 19 -21 21 37 54 -25 28 -27 33 31 -30 -31 -32 -33 -34 47 -36 36 -38 -39 39 -41 51 -43 43 -45 59 -47 -48 -49 -50 -51 -52 52 53 -55 -56 -57 -58 -59 -60 60 -62 -63
leaf_value=-1.3534310968195353 -1.7905111698032763 -1.3265212830663327 58.631276904476941 21.666376915779864 0.0820621751401579 0.27878174041009984 41.770406045869173 5.917762505989792 -1.1981893858764261 -1.19725601788723 61.487073941729442 1.0894446543383447 38.529466320989734 19.664168069296863 -0.43665021438968465 -1.5363117123431942 0.015790357096688863 0.025795774677566923 -0.048504874622234406 -1.685611963258161 -3.9265072481014887 23.974012178312446 35.227307822070493 27.897575366600293 2.462657108907925 16.217561333062903 -5.1455798391248972 -1.4477446340162805 -0.18898915551408094 15.995319927840686 11.888540121137233 -3.7605731504392059 -1.3978355040455803 17.616381321814838 -0.37586088520631844 3.6251888419293707 -5.5204842441659299 2.0322477694428289 -1.2644789580047606 0.42860664568322576 25.260649111832613 -2.0837537671677056 -5.3435493792521038 17.482520125348113 32.935408913118387 11.983094741976775 -0.90217709020201819 -8.4975334647446612 -1.2909053651769773 -1.3838689460666518 -2.0354822985624308 -4.9187636149140275 22.296660646909523 0.45507238494830743 19.368938557422744 -1.1325004603053788 0.25353479571520438 11.202011917788754 12.122737552257201 -5.5593705818961912 8.0855126603078364 7.9594599578510765
leaf_weight=2212 71 113 599 35 79 24 402 44 28 103 74 20 112 161 31 54 129 42 44 113 24 66 56 26 26 89 40 71 253 74 35 66 87 38 33 23 39 43 27 20 78 88 58 32 31 39 35 20 399 119 60 26 49 35 49 20 21 23 66 67 35 30
leaf_count=2212 71 113 599 35 79 24 402 44 28 103 74 20 112 161 31 54 129 42 44 113 24 66 56 26 26 89 40 71 253 74 35 66 87 38 33 23 39 43 27 20 78 88 58 32 31 39 35 20 399 119 60 26 49 35 49 20 21 23 66 67 35 30
internal_value=-0.00329242 -0.0114237 0.00563685 0.00356513 -0.0133341 -0.00803006 0.00690967 -0.00438258 -0.000956951 0.00359265 0.00459844 -0.00685667 0.0126023 0.0106407 0.00787466 -0.00746409 -0.00428944 -0.00995207 -0.00276457 -0.00201877 0.00753825 0.00347107 0.00224767 0.000468004 -0.000917238 0.00302551 0.0011781 -0.00693467 0.000968564 0.00116964 -0.00114901 -0.0092779 -0.00401203 -0.0016888 0.00774834 -0.00102246 -0.00574879 0.00643446 -0.0102077 -0.00471338 0.00834414 -0.0033838 -0.00061437 -0.00170684 -0.00303935 0.00566434 0.00166939 0.000736664 -0.0111493 -0.00798283 0.00272171 0.00636364 0.00351499 0.00638526 0.00753568 -0.00129252 0.00978212 0.00330849 0.0060255 -0.000993256 -0.0027025 -0.00506694
internal_weight=7006 3667 3339 2574 2884 672 1480 783 1094 784 681 542 765 696 110 522 230 292 753 682 294 133 419 314 569 341 252 179 353 241 167 137 216 158 166 129 62 109 101 47 262 132 288 253 221 100 61 118 562 163 98 188 110 84 105 44 133 67 94 163 132 97
internal_count=7006 3667 3339 2574 2884 672 1480 783 1094 784 681 542 765 696 110 522 230 292 753 682 294 133 419 314 569 341 252 179 353 241 167 137 216 158 166 129 62 109 101 47 262 132 288 253 221 100 61 118 562 163 98 188 110 84 105 44 133 67 94 163 132 97
is_linear=0
shrinkage=0.03


Tree=67
num_leaves=63
num_cat=0
split_feature=56 10 9 57 56 56 56 57 56 62 60 3 18 59 14 16 26 54 66 45 60 17 14 44 59 0 18 26 26 50 16 3 13 37 63 61 66 43 44 35 67 24 61 66 3 16 15 67 41 4 1 3 66 37 16 62 22 25 57 26 25 43
split_gain=554.731 54.3617 40.7417 17.8282 10.9707 10.0534 9.71071 7.04386 6.70445 9.50029 6.61611 6.02118 5.99199 5.90718 5.76117 5.44625 5.37443 5.31194 5.26297 5.21861 5.3242 4.8224 4.81002 4.80601 5.03689 4.74322 4.41649 4.39975 4.27851 3.58315 3.44185 3.44444 4.14792 3.39404 3.39031 3.29604 3.21732 3.11314 3.93985 4.19904 3.16637 3.06207 3.03216 2.99461 3.12784 6.61175 3.5756 2.99428 2.81529 2.74986 2.71709 3.59014 2.61749 2.59676 2.56016 2.49629 2.47549 4.12486 2.36153 2.33768 2.55957 2.32035
threshold=724.00000000000011 0.74305326206722599 1.0000000180025095e-35 7046.5000000000009 92.500000000000014 9255.5000000000018 8264.0000000000018 7448.5000000000009 48.500000000000007 996.20833333333337 5502.5000000000009 59.235309663626076 5.7250000000000005 2586.5000000000005 89908.958333333358 5045.0000000000009 73.40512197916668 2147.416666666667 6831.979166666667 32415.500000000004 1753.5000000000002 -9.0249999999999986 78692.895833333358 31910.500000000004 909.50000000000011 117033.50000000001 -11.774999999999999 84.72449020833335 70.752549562500022 261.25000000000006 1827.0000000000002 49.639184393025154 87566.500000000015 13651.000000000002 2089.0000000000005 662.50000000000011 6261.2083333333348 31465.500000000004 30275.000000000004 10117.500000000002 112820.50000000001 76.300842500000002 1446.5000000000002 7654.6875000000009 53.95888479681831 3113.5000000000005 11454.737904589418 87496.500000000015 30720.500000000004 10.500000000000002 6.7750000000000012 52.011276020873652 1814.0833333333337 15662.500000000002 -1775.9999999999998 1965.8541666666667 0.750000000000001 52.713714500000002 131.50000000000003 70.752549562500022 57.087354500000011 29033.500000000004
decision_type=2 2 2 2 2 2 2 2 2 2 2 2 2 2 2 2 2 2 2 2 2 2 2 2 2 2 2 2 2 2 2 2 2 2 2 2 2 2 2 2 2 2 2 2 2 2 2 2 2 2 2 2 2 2 2 2 2 2 2 2 2 2
left_child=1 8 3 6 12 7 10 11 -1 17 19 14 13 -3 16 25 18 -10 42 20 -2 -11 -9 24 -14 27 -27 28 53 -18 31 -5 -33 48 -6 49 -26 38 39 -22 -39 -36 -4 44 -24 46 56 -16 -31 -25 -44 -52 -48 -13 -12 -34 57 -46 -23 60 -8 -41
right_child=2 4 5 30 34 -7 59 22 9 21 54 15 23 -15 47 -17 29 -19 -20 -21 37 58 43 35 36 26 -28 -29 -30 33 -32 32 55 -35 41 -37 -38 40 -40 61 -42 -43 50 -45 45 -47 52 -49 -50 -51 51 -53 -54 -55 -56 -57 -58 -59 -60 -61 -62 -63
leaf_value=-1.3128281639149493 8.1263478339536714 -1.3539954625659587 42.33605392273838 31.537135332358265 -1.2021324119612393 44.241501893404816 4.5153187007985247 -0.12847621401388096 -1.4506960152113331 0.097285711009380119 -0.048023560015355425 -0.86478006250533546 -1.3605551656186776 0.16940102289930278 2.7617210167238406 41.568062596721617 -2.6313830454048093 0.0051821617149957434 -4.0067359154093491 -1.9119517278985252 5.2588564032871679 -1.2576416070955756 44.685633097047045 -1.313973295944121 0.60781526065441072 -8.4300111395368322 26.975443251621453 11.80435107357528 -3.5911718884529362 -1.9955873972054632 32.68527475181331 -2.939418250990002 0.072937073665480051 -11.063959543982779 -2.0121943381053451 0.72491625181050146 -1.5779610076039685 5.1594030028761857 -2.8345707601334822 -1.9650543520442152 -0.23962266514975908 16.594605205923738 87.193338729040661 -0.3141944338990561 13.775945896251281 37.923307911904367 5.2767986296355724 36.619314436934772 21.996361088702727 1.572127540408764 49.298396792967083 -6.6084905678545782 -4.3269876796532891 30.060570463841348 9.7800372585107809 16.055098015974409 23.301922676916099 -5.2969107269074494 -1.1930565204431722 -2.9680894098293855 40.578880797194572 -0.47400622767493034
leaf_weight=2436 51 217 91 54 66 580 23 37 20 23 62 37 148 40 22 47 29 27 32 170 25 207 197 35 56 23 65 41 123 29 134 55 67 24 31 52 20 28 34 99 61 93 20 23 26 135 34 222 42 25 31 29 24 43 44 113 97 30 171 26 60 100
leaf_count=2436 51 217 91 54 66 580 23 37 20 23 62 37 148 40 22 47 29 27 32 170 25 207 197 35 56 23 65 41 123 29 134 55 67 24 31 52 20 28 34 99 61 93 20 23 26 135 34 222 42 25 31 29 24 43 44 113 97 30 171 26 60 100
internal_value=-0.0033438 -0.0113992 0.00550208 0.00109195 -0.00438258 0.007994 -0.001586 0.00672977 -0.0133029 -0.00990181 -0.0029328 0.00511209 -0.00639353 -0.00984831 0.00706006 0.00216829 0.00443901 0.00280255 0.00744461 -0.00421933 -0.00232856 -0.0113987 0.00927209 -0.00373996 -0.00627845 0.000803975 0.00677639 -0.00133961 -0.003161 -0.000459307 0.00605531 0.00419232 0.00260315 0.00233438 0.00187796 0.00131133 0 -0.00366465 -0.00533514 -0.00386881 0.00114478 0.00481064 0.00953828 0.0099576 0.0104069 0.00865935 0.00531502 0.0105571 0.00565401 -0.00344426 0.00520599 0.00194676 -0.000981067 0.00220974 0.00393025 0.00481399 0.00772044 0.00262032 -0.0122111 0.00670944 0.00916968 -0.005334
internal_weight=7006 3667 3339 1206 783 2133 783 1553 2884 448 674 950 593 257 571 379 327 47 203 568 398 401 603 336 224 332 88 244 203 124 423 289 235 95 190 112 76 347 258 224 89 124 171 566 543 346 211 244 71 60 80 60 58 80 106 180 153 56 378 109 83 199
internal_count=7006 3667 3339 1206 783 2133 783 1553 2884 448 674 950 593 257 571 379 327 47 203 568 398 401 603 336 224 332 88 244 203 124 423 289 235 95 190 112 76 347 258 224 89 124 171 566 543 346 211 244 71 60 80 60 58 80 106 180 153 56 378 109 83 199
is_linear=0
shrinkage=0.03


Tree=68
num_leaves=63
num_cat=0
split_feature=56 10 9 57 2 56 56 16 3 63 16 60 34 56 62 14 3 2 17 20 19 17 63 69 34 3 63 59 19 60 42 59 40 3 70 56 34 19 59 16 24 63 6 20 63 62 34 35 57 57 35 53 40 62 43 65 29 46 16 22 56 29
split_gain=537.521 50.7249 42.006 17.6847 12.7639 8.57897 8.47667 6.84111 15.3114 9.05306 6.77333 6.63727 6.33505 5.99692 9.6957 5.51743 6.38149 5.34055 5.33602 5.31194 5.13439 5.01323 4.17134 4.51575 3.92229 3.8369 3.66391 3.55995 3.75015 3.52518 3.41437 3.40244 3.28477 7.95175 4.90853 4.73791 3.2345 4.46689 3.06745 2.81316 2.80891 4.45387 2.776 2.69441 6.05641 2.5681 2.55408 3.02555 3.85167 2.4561 2.49887 2.45496 3.18031 2.42999 2.3163 2.30961 4.71409 2.29055 2.60033 2.60803 5.43145 2.57989
threshold=529.50000000000011 0.74305326206722599 1.0000000180025095e-35 6783.5000000000009 81.370887500000009 55.500000000000007 8264.0000000000018 3761.0000000000005 57.587427264699294 6146.5000000000009 4459.0000000000009 5379.5000000000009 -0.84994705570369422 48.500000000000007 996.20833333333337 90074.604166666686 47.170321691687768 49.471368000000005 -4.8249999999999984 18.694791666666671 0.4250000000000001 -8.3749999999999982 3770.0000000000005 96806.000000000015 0.81789552298973345 54.707902205546667 2557.0000000000005 909.50000000000011 14.275000000000002 384.50000000000006 32555.666666666672 2235.5000000000005 32525.500000000004 51.658275129451695 89308.958333333343 6621.5000000000009 -0.48897627482391209 4.5250000000000012 3015.5000000000005 -1775.9999999999998 76.300842500000002 1700.5000000000002 5.5000000000000009 26.861458333333335 1507.5000000000002 1267.8125000000002 0.69931683169612679 11635.500000000002 7448.5000000000009 554.00000000000011 11534.000000000002 1399.5000000000002 45155.500000000007 1875.0833333333335 32451.500000000004 2894.5000000000005 51.895656819974043 32525.729166666668 3165.0000000000005 0.55000000000000049 8034.0000000000009 59.997130874046853
decision_type=2 2 2 2 2 2 2 2 2 2 2 2 2 2 2 2 2 2 2 2 2 2 2 2 2 2 2 2 2 2 2 2 2 2 2 2 2 2 2 2 2 2 2 2 2 2 2 2 2 2 2 2 2 2 2 2 2 2 2 2 2 2
left_child=1 13 3 6 7 20 11 8 9 32 12 25 -6 43 19 16 -11 -5 -10 -15 38 -16 23 45 55 26 -2 28 -22 -30 -29 -24 33 -4 35 -35 37 -18 -3 -13 -7 -42 -32 -1 -45 -20 47 -14 51 -27 -51 52 54 -43 -49 -19 -57 58 59 -25 61 -61
right_child=2 5 4 17 10 40 -8 -9 18 15 -12 39 46 14 21 -17 36 24 22 -21 27 -23 31 57 -26 49 -28 30 29 -31 42 -33 -34 34 -36 -37 -38 -39 -40 -41 41 53 -44 44 -46 -47 -48 48 -50 50 -52 -53 -54 -55 -56 56 -58 -59 -60 60 -62 -63
leaf_value=-1.2734433189975007 9.0066148737694416 -1.2250515892044025 59.674768896415038 23.177227967317613 17.62710789592391 -2.1685184136742026 18.704045572927196 51.510103769180951 26.91506599439986 58.512396435692935 27.838343884684608 -0.21998080657198471 -4.5608593951977578 -1.407175134754993 0.094367139679098808 36.255635349524795 -1.4180567767498906 16.279662723264931 10.38394947135971 0.0050266968635457937 -1.3608079882988053 -1.1925591830163251 -7.2452892230213726 9.2029499959851275 -1.5361248088494768 -1.6138228658815423 -0.69298085762363137 2.6819395939064883 -1.2810445446079699 0.066754627135015232 -1.3001229037119661 4.7705129284702386 41.081116599085817 10.553063188817495 59.339127011701848 -11.370558894003571 -6.5175119702662867 15.398975364027706 -0.19083519323639847 7.2708909383935838 -1.2314754192471593 0.077358719723631564 1.1668439380529796 0.075407401513235328 -1.2179433189975 -4.979889283060615 -4.2163841780493092 5.0438066950767233 11.313821716027554 -1.963974379037835 -0.79206070241030524 -3.2240887561018505 15.814474287186076 14.034282444449088 -6.8802842253925105 24.140607459030075 -1.5848811971885197 17.938866857169021 22.396142929854459 6.7213786240519262 -7.6431933688090972 -0.82571761949541722
leaf_weight=2382 27 147 143 205 137 45 101 313 94 35 83 77 49 20 23 56 21 106 21 27 96 342 36 29 65 45 133 23 72 64 94 23 518 22 20 33 64 42 20 48 58 50 26 20 34 46 23 27 28 39 308 52 37 65 25 24 64 65 30 22 33 29
leaf_count=2382 27 147 143 205 137 45 101 313 94 35 83 77 49 20 23 56 21 106 21 27 96 342 36 29 65 45 133 23 72 64 94 23 518 22 20 33 64 42 20 48 58 50 26 20 34 46 23 27 28 39 308 52 37 65 25 24 64 65 30 22 33 29
internal_value=-0.00344229 -0.0115066 0.00511963 0.000722164 0.00765131 -0.00461387 -0.00203958 0.00885611 0.00794226 0.0100587 0.00321405 -0.0032521 0.0014996 -0.0133447 -0.00996603 0.004663 0.0018322 0.00535876 0.00321654 0.00280255 -0.00663531 -0.0116187 0.00142772 0.002988 0.00247781 -0.00466763 -0.000730793 -0.00467075 -0.00696682 -0.0037252 -0.000922432 -0.0057868 0.0116519 0.00851444 0.000559254 -0.00402904 -0.00127459 0.00351823 -0.0110233 0.00297362 0.0003989 0.00214905 -0.00297252 -0.0139145 -0.00715342 -0.00375559 -0.0014185 -0.0003989 0.00149024 -0.00626626 -0.00539326 -0.000510276 0.00249158 0.00557776 -0.00224568 0.00462133 0.000987514 0.0051754 0.00301887 0.000901857 -0.00174792 0.00434442
internal_weight=7006 3608 3398 1242 2156 760 778 1695 1382 954 461 677 378 2848 412 218 162 464 428 47 542 365 334 275 259 552 160 375 232 136 143 59 736 218 75 55 127 63 167 125 218 173 120 2436 54 67 241 218 169 392 347 141 89 115 52 194 88 208 143 113 84 51
internal_count=7006 3608 3398 1242 2156 760 778 1695 1382 954 461 677 378 2848 412 218 162 464 428 47 542 365 334 275 259 552 160 375 232 136 143 59 736 218 75 55 127 63 167 125 218 173 120 2436 54 67 241 218 169 392 347 141 89 115 52 194 88 208 143 113 84 51
is_linear=0
shrinkage=0.03


Tree=69
num_leaves=63
num_cat=0
split_feature=56 55 4 34 55 60 55 34 20 4 16 16 22 4 62 6 24 37 18 6 15 62 55 19 43 34 58 54 40 15 34 59 4 40 51 61 55 16 56 56 34 55 4 33 51 22 63 55 34 24 25 48 27 25 58 59 27 24 50 56 55 4
split_gain=517.324 56.3139 46.1013 39.6392 32.5864 41.1838 17.0147 18.7628 12.3017 9.37892 9.07595 7.16491 5.76413 5.69938 5.75844 6.52762 5.17212 5.09051 4.4001 4.22861 3.97334 3.69127 3.43073 3.39868 3.38576 4.94227 3.26003 3.41778 3.24222 3.49534 3.16839 3.07173 3.95096 2.81915 2.69501 2.67874 2.65828 2.54993 2.53776 2.49776 2.48561 2.45322 3.59887 2.42791 2.33698 3.34286 2.57593 2.56665 2.46359 2.3208 2.28362 2.35394 3.46234 2.73663 3.84347 3.2348 3.05615 2.24169 2.61938 2.17371 2.16384 3.27528
threshold=529.50000000000011 9228.5000000000018 9.5000000000000018 0.30330622150294678 49.500000000000007 1489.5000000000002 5959.0000000000009 -1.2960321554828373 1.4343750000000004 17.500000000000004 3113.5000000000005 3370.0000000000005 -0.049999999999998039 10.500000000000002 1896.5833333333337 4.5000000000000009 54.67879150000001 18231.000000000004 23.725000000000005 8.5000000000000018 10884.824951886889 996.20833333333337 4521.5000000000009 -1.0000000180025095e-35 31809.500000000004 -2.1847625283175769 3392.4166666666674 1119.4583333333337 47274.500000000007 7571.5149295911442 1.294866917703928 2905.5000000000005 22.500000000000004 52039.500000000007 1604.5000000000002 662.50000000000011 2072.5000000000005 5045.0000000000009 6723.5000000000009 1313.5000000000002 0.65018992782739826 2522.0000000000005 13.500000000000002 3.253870809451783 1287.5000000000002 -0.12499999999999999 2693.0000000000005 8067.0000000000009 -0.41406514797033006 67.25481400000001 77.037175000000005 215.50000000000003 12.179589507736283 62.673812000000005 3271.4583333333335 4228.0000000000009 13.200078127329197 75.815783000000025 452.64583333333343 1610.5000000000002 9953.5000000000018 18.500000000000004
decision_type=2 2 2 2 2 2 2 2 2 2 2 2 2 2 2 2 2 2 2 2 2 2 2 2 2 2 2 2 2 2 2 2 2 2 2 2 2 2 2 2 2 2 2 2 2 2 2 2 2 2 2 2 2 2 2 2 2 2 2 2 2 2
left_child=2 3 4 6 -1 17 7 24 31 -8 16 39 19 14 -10 -16 -9 -6 -13 30 22 -7 28 -15 25 -2 27 -25 29 43 -3 -4 -33 -30 -24 -17 37 59 -11 57 -37 42 -27 -18 46 -46 -40 -47 -48 50 51 52 -41 54 56 -55 -53 -5 -59 -12 61 -14
right_child=1 12 8 11 5 21 9 10 13 38 36 18 60 23 15 35 20 -19 -20 -21 -22 -23 34 26 -26 41 -28 -29 33 -31 -32 32 -34 -35 -36 40 -38 -39 44 49 -42 -43 -44 -45 45 47 48 -49 -50 -51 -52 53 -54 55 -56 -57 -58 58 -60 -61 -62 -63
leaf_value=-1.2352400194275757 58.379249161119183 39.632711338604487 -1.4815900387129641 -1.2983862193660518 0.06809039396289876 -0.11975762826052277 37.659806426744851 -4.9286655962608075 -1.2694576548859411 24.337837425730868 21.232143005388743 -2.0830297223232037 45.008494225978971 -1.3388104354332491 -1.6240768568634902 -1.077159033392546 -2.7037557548949644 -0.25690700728456506 21.137136358770238 -4.2494456409703343 -3.7812570449083842 -1.1594093377697081 10.083040035548565 0.59556719639190792 55.836071199718752 24.59932457158682 2.9790346433084216 -1.2902280437893985 17.576053466610322 12.220639163720616 2.1502390016501796 1.6928369547665874 -0.89154077445077262 -0.21013095422461447 -0.63862813802635054 0.44649743517884688 38.502126016673927 33.823590212094224 21.253761418627608 -1.1097193773585876 -1.466143477412152 17.545563420626603 -6.4720745607890331 9.3113998014326214 17.004872391690004 -4.8453578830228157 22.037528720794658 11.886664995456249 -1.0334192206556962 0.10106025328594569 -1.1892374358912581 -2.254252954650386 4.8308922649754704 -0.38887252114420562 -2.9513045786357157 1.6435734456230711 0.54864216078318229 2.2548088803272464 -1.0833213856051855 -1.7386430974286713 60.468014925203221 9.2681963329177464
leaf_weight=2160 96 83 186 73 90 26 322 72 114 127 30 39 88 54 32 21 159 30 71 22 74 438 85 71 103 31 134 122 24 33 32 31 25 27 34 52 55 29 30 59 22 43 25 32 41 43 24 41 20 233 83 63 39 54 123 40 73 21 26 54 440 82
leaf_count=2160 96 83 186 73 90 26 322 72 114 127 30 39 88 54 32 21 159 30 71 22 74 438 85 71 103 31 134 122 24 33 32 31 25 27 34 52 55 29 30 59 22 43 25 32 41 43 24 41 20 233 83 63 39 54 123 40 73 21 26 54 440 82
internal_value=-0.00341231 0.0049872 -0.0113237 0.00293539 -0.0132273 -0.00692861 0.00578381 0.00333665 -0.0052737 0.00957723 0.000673634 -0.00178718 0.0122634 -0.00303327 -0.00664455 -0.00221873 -0.00121644 0.00871774 0.00542234 0.00665208 -5.768e-05 -0.0109825 0.00113423 -0.000739963 0.00965112 0.00728857 0.000403546 -0.00208182 -0.000697928 -0.00226238 0.00896612 -0.0110161 -0.00475936 0.00610568 0.00539043 0.00170347 0.00676383 0.00408488 0.00597056 -0.00268515 0.00441296 0.00254289 -0.0015508 -0.00383046 0.00382722 0.00129496 0.00805668 -0.00210464 0.00333333 -0.00204928 -0.00313986 -0.00228774 0.00180428 -0.00343246 -0.00502509 0.000924548 -0.00152094 -0.0067194 -0.00152866 0.0013912 0.0135175 0.0105644
internal_weight=7006 3398 3608 2651 2744 584 1654 1006 864 648 708 997 747 622 241 127 540 120 110 137 468 464 394 381 298 195 327 193 275 224 115 242 56 51 119 95 168 113 326 887 74 99 56 191 199 125 74 84 44 767 534 451 98 353 259 94 136 120 47 84 610 170
internal_count=7006 3398 3608 2651 2744 584 1654 1006 864 648 708 997 747 622 241 127 540 120 110 137 468 464 394 381 298 195 327 193 275 224 115 242 56 51 119 95 168 113 326 887 74 99 56 191 199 125 74 84 44 767 534 451 98 353 259 94 136 120 47 84 610 170
is_linear=0
shrinkage=0.03


Tree=70
num_leaves=63
num_cat=0
split_feature=56 55 10 10 55 60 55 34 55 34 55 16 62 4 22 13 58 26 34 12 45 6 55 56 17 34 6 59 21 55 66 56 2 55 33 26 34 34 27 22 34 66 55 55 4 31 2 25 43 56 37 59 53 51 44 34 55 62 30 34 48 21
split_gain=509.53 59.0883 43.8411 41.0591 31.112 41.7891 19.5586 14.7902 12.2017 7.7493 7.69523 7.5614 7.09218 6.42598 6.27196 5.5518 5.2568 4.65147 4.55729 4.42683 4.0557 3.92565 3.89095 6.37283 3.71964 3.52759 3.5007 7.25736 3.47259 3.30597 3.04137 2.79515 3.41875 3.32949 3.05955 3.28261 2.81351 2.76956 2.75398 2.55918 3.21611 2.62723 2.50178 2.49319 2.75797 3.40368 2.47867 2.43709 2.3822 2.30143 2.26194 3.10129 2.22866 5.07398 2.4608 2.22068 2.17745 2.1567 2.49778 2.11002 2.10633 2.02018
threshold=301.00000000000006 9228.5000000000018 1.0000000180025095e-35 0.74305326206722599 49.500000000000007 1489.5000000000002 5713.5000000000009 -1.7616790610711559 5307.0000000000009 0.26332834862449778 65.500000000000014 5045.0000000000009 2529.3125000000005 10.500000000000002 -0.049999999999998039 98338.500000000015 4518.8958333333348 85.307853041666689 0.32242519730800018 74215.000000000015 30456.500000000004 8.5000000000000018 4024.0000000000005 5814.5000000000009 10.375000000000002 -0.44525124226819551 4.5000000000000009 431.50000000000006 2.0522693084244952 2686.0000000000005 946.81250000000011 3166.5000000000005 94.538425500000002 842.50000000000011 3.2098584102792183 84.60840716666668 -0.84994705570369422 1.294866917703928 6.8513461142555343 -0.049999999999998039 -0.33337538473497469 2643.7708333333335 5307.0000000000009 9953.5000000000018 18.500000000000004 59.163804769134181 86.752850000000009 40.954920000000008 32753.500000000004 4712.5000000000009 22201.000000000004 1461.5000000000002 1205.5000000000002 1494.5000000000002 28588.500000000004 2.252732531485869 7173.5000000000009 1238.8333333333337 66.260735804484895 2.5746200386858189 224.50000000000003 3.1071665045857633
decision_type=2 2 2 2 2 2 2 2 2 2 2 2 2 2 2 2 2 2 2 2 2 2 2 2 2 2 2 2 2 2 2 2 2 2 2 2 2 2 2 2 2 2 2 2 2 2 2 2 2 2 2 2 2 2 2 2 2 2 2 2 2 2
left_child=3 2 8 4 -1 15 7 -4 17 30 12 16 13 26 21 -6 19 29 47 -9 -20 37 31 -24 -25 -7 -5 -28 -15 -2 -10 32 34 -33 35 36 -21 -3 -11 -32 56 -42 -26 44 -16 -46 -19 -8 49 -35 52 -52 54 -54 -30 -31 -41 -40 59 -59 -56 -14
right_child=1 14 6 10 5 25 18 11 9 38 -12 -13 61 28 43 -17 -18 46 20 22 -22 -23 23 24 42 -27 27 -29 50 55 39 33 -34 48 -36 -37 -38 -39 57 40 41 -43 -44 -45 45 -47 -48 -49 -50 -51 51 -53 53 -55 60 -57 -58 58 -60 -61 -62 -63
leaf_value=-1.1981828188447483 -1.4074288692338437 38.443729998446358 53.84658698641401 -1.2385403213662693 0.087136813057475421 -0.90839678970423021 2.4074211483213457 -10.563993371993693 -1.58022165576137 -2.5924559733444266 1.2558044844873371 40.430179236645174 -0.271690718806817 -1.7736031284179563 43.65823939919963 -0.39504940500259833 24.982750835103019 2.7493294743351075 -1.8868336222630933 18.381717205879227 18.295543071437386 -4.1219622717412223 22.236912949816187 -6.0354032319473436 9.4104240209674614 -1.1377866455193408 -1.3125348343981391 0.033774426367108389 0.2718955175685363 -0.85669740059575017 21.510490340455434 -8.8959132214182652 -9.3774560660320709 6.9469150372810322 28.651933302698261 12.042814689686519 -1.3220537512697228 2.0857318316006728 -1.6712492728215922 4.9449188854439035 18.395928585832397 -3.4656338044899075 -1.9403983380087719 58.653974477447115 0.50679095844116084 16.307259108059306 -1.3161539165946528 32.574679362251388 5.0513412598617489 -2.5648851680413509 -1.7185623996326116 0.1390896598312861 2.177196079895019 -1.9360326639998977 -2.3141584859266029 -1.2924410963551556 27.150337937788454 1.2818529405299433 -2.1027548445223179 -0.82086002076136189 -0.35789238818579405 1.5232470062502297
leaf_weight=2174 110 83 201 115 93 38 20 21 38 35 34 59 34 71 88 28 34 45 31 43 79 22 63 30 52 448 71 60 29 224 83 43 26 22 38 42 137 32 77 28 33 44 29 440 43 39 22 425 50 114 38 23 72 34 57 39 37 313 26 54 47 26
leaf_count=2174 110 83 201 115 93 38 20 21 38 35 34 59 34 71 88 28 34 45 31 43 79 22 63 30 52 448 71 60 29 224 83 43 26 22 38 42 137 32 77 28 33 44 29 440 43 39 22 425 50 114 38 23 72 34 57 39 37 313 26 54 47 26
internal_value=-0.00348939 0.004575 0.00255213 -0.0116053 -0.0132509 -0.00723439 0.00587647 0.00337317 -0.00173578 0.000542898 -0.00516383 0.00154651 -0.00586619 -0.00682547 0.0120626 0.00852188 0.000721677 -0.00571915 0.0103981 0.000164766 0.00487738 0.00621444 0.00058337 0.00446295 0.000108011 -0.0111644 -0.0105933 -0.00718535 -0.0043169 -0.00702761 0.00472064 -0.00072219 0.00124782 -0.00319511 0.00229527 0.000932013 -0.000816213 0.00844483 -0.0016274 0.00605064 0.00356791 -0.000544747 0.00347719 0.0133699 0.0102116 0.0061754 0.00152012 0.0117547 -0.00143471 -0.00350478 -0.00288904 -0.00805237 -0.00155583 0.00166824 -0.00414726 -0.00517674 0.00847926 -0.00101468 -0.000106843 0.000523018 -0.00631124 0.00394343
internal_weight=7006 3514 2767 3492 2781 607 1559 1004 1208 768 711 803 677 617 747 121 744 440 555 710 110 137 689 174 111 486 246 131 371 373 263 515 286 229 260 222 180 115 505 225 142 77 81 610 170 82 67 445 186 136 300 61 239 106 133 263 65 470 393 367 104 60
internal_count=7006 3514 2767 3492 2781 607 1559 1004 1208 768 711 803 677 617 747 121 744 440 555 710 110 137 689 174 111 486 246 131 371 373 263 515 286 229 260 222 180 115 505 225 142 77 81 610 170 82 67 445 186 136 300 61 239 106 133 263 65 470 393 367 104 60
is_linear=0
shrinkage=0.03


Tree=71
num_leaves=63
num_cat=0
split_feature=56 9 10 58 57 56 2 19 57 62 2 27 59 56 34 63 24 59 19 62 21 45 29 70 36 66 7 25 34 3 34 27 2 19 16 58 45 52 66 45 24 33 11 66 20 63 29 16 56 1 11 22 63 59 3 31 0 57 34 0 37 54
split_gain=515.478 45.0454 43.2535 19.5558 19.0452 8.64466 8.64027 7.11979 5.83296 6.27173 5.68039 5.66041 5.43045 5.1126 5.0791 5.0061 4.87995 4.81682 4.75819 4.47888 10.4401 7.64361 4.02787 5.30262 4.1088 4.00634 3.90443 3.58672 3.55334 3.51321 3.50522 3.3539 3.95029 3.29458 3.15061 3.06047 2.91744 2.89838 3.02437 2.73712 2.46466 2.45117 2.43057 2.37998 2.43421 6.11355 2.35592 3.78201 2.63698 2.33212 2.16011 2.33079 2.15911 3.10666 2.5516 2.15771 2.14411 2.14176 2.10738 2.15694 2.09779 3.32006
threshold=301.00000000000006 1.0000000180025095e-35 0.74305326206722599 3828.7708333333335 6783.5000000000009 8264.0000000000018 87.756915000000006 0.4250000000000001 554.00000000000011 1481.5625000000002 49.471368000000005 15.782614211588411 909.50000000000011 3713.5000000000005 -0.93684769943504509 1304.5000000000002 76.514600000000016 3015.5000000000005 14.275000000000002 972.79166666666686 4.535651266121639 29115.500000000004 53.301349073517365 89236.770833333343 12395.000000000002 648.91666666666674 4.5000000000000009 95.614495000000019 0.29416207820783319 59.405642455615286 0.81789552298973345 4.6732196641443862 67.019027000000008 -1.3749999999999998 2802.5000000000005 4518.8958333333348 28356.000000000004 1126.5000000000002 1719.6041666666667 32681.500000000004 66.870440000000016 2.9507393803651012 94148.500000000015 8434.8750000000018 26.861458333333335 1433.5000000000002 56.38800655982849 3012.0000000000005 7314.5000000000009 17.675000000000001 80146.500000000015 -1.0000000180025095e-35 6781.5000000000009 1553.5000000000002 65.872401334420161 61.907848936457562 87963.500000000015 7766.0000000000009 0.063628032623785927 83740.000000000015 13342.500000000002 1094.2708333333337
decision_type=2 2 2 2 2 2 2 2 2 2 2 2 2 2 2 2 2 2 2 2 2 2 2 2 2 2 2 2 2 2 2 2 2 2 2 2 2 2 2 2 2 2 2 2 2 2 2 2 2 2 2 2 2 2 2 2 2 2 2 2 2 2
left_child=2 4 19 6 5 8 11 17 -2 -10 -6 14 18 35 -3 46 -14 -4 -9 20 -1 -22 24 36 58 -13 -20 -18 34 56 40 -31 -33 -11 49 41 -24 -27 57 -34 -12 -5 -40 44 -21 -46 -16 48 -48 -8 -28 55 54 -54 60 -52 -25 -39 59 -17 61 -35
right_child=1 3 7 13 10 -7 28 12 9 33 30 25 16 -15 15 22 27 -19 26 43 21 -23 23 29 -26 37 50 -29 -30 31 -32 32 39 52 -36 -37 -38 38 42 -41 -42 -43 -44 -45 45 -47 47 -49 -50 -51 51 -53 53 -55 -56 -57 -58 -59 -60 -61 -62 -63
leaf_value=-1.2996821855757899 -1.1592553559393426 35.01336750746286 -1.2309363102923141 17.183616288293848 21.448512656054827 18.39406644312071 1.3593035044682027 -1.2707466692009273 -1.5400802884057763 -2.7888465895350554 4.2102916599288527 28.912715714288506 -1.616973348268536 54.428339422921958 28.943347936684283 -0.37656636701994101 1.2958659662921319 0.13491697003634498 0.3426122635702355 -1.1376373342794053 -1.3001051855757897 0.026055778319433145 3.3997605403310218 -0.32499989564442328 37.358233309634997 9.1616080460625646 -1.2153114820323427 -1.3599440785321304 -3.9035914991731646 21.56980556132169 -1.4563628512228524 -5.8248384412042649 22.465056828278374 1.0197287427748796 18.159924793048468 24.395723099733594 -10.195574379004254 -1.7626146430459129 -6.3931442623562855 -0.91802596894026012 17.748645233683373 -5.3517720176364216 1.7128841074836418 -1.3685048137457658 0.039637642746491078 -1.0763194550634221 8.43159565456107 23.264819788778951 -1.9488923525908011 -4.2709342894564815 0.035165566974226153 0.91949488951040315 2.6410345917273523 -2.5337951444230291 -0.77203326660423333 -1.1544792001708215 25.448332282218708 30.797676758400556 -2.490509503009398 28.85722628523752 1.0970076078225395 -1.1646587339831902
leaf_weight=108 102 348 159 36 205 101 72 108 182 37 126 21 54 585 68 21 124 33 28 2512 25 42 28 20 78 39 59 28 44 53 65 46 35 63 55 37 50 30 40 41 68 37 21 31 23 40 43 93 33 21 34 34 21 33 59 50 123 22 30 35 193 54
leaf_count=108 102 348 159 36 205 101 72 108 182 37 126 21 54 585 68 21 124 33 28 2512 25 42 28 20 78 39 59 28 44 53 65 46 35 63 55 37 50 30 40 41 68 37 21 31 23 40 43 93 33 21 34 34 21 33 59 50 123 22 30 35 193 54
internal_value=-0.00348511 0.00462622 -0.0116483 0.00724321 0.000215415 -0.00246361 0.00532216 -0.00503727 -0.0035842 -0.0025183 0.00510019 0.00618845 -0.0032017 0.0114113 0.0069531 0.00562288 0.000567686 -0.00997918 -0.00569147 -0.0133372 -0.00863507 0.000625931 0.00406535 0.00241606 0.00802559 0.00110919 -0.00298391 0.00333333 -0.000609058 0.00414021 0.00213045 0.00126785 -0.00144963 -0.000645512 0.00160027 0.00542234 -0.00457106 -0.000571992 -0.00302387 0.00272011 0.00415765 0.00180575 -0.00756137 -0.0136514 -0.0137517 -0.00779715 0.00928722 0.00734477 0.00232589 -0.00174006 -0.00464145 -0.0022608 9.92673e-05 -0.00548983 0.000926578 -0.00495838 0.00763103 0.00224568 0.00344948 0.0068984 0.00202193 -0.00112724
internal_weight=7006 3514 3492 2205 1309 845 1510 711 744 642 464 1318 519 695 1145 797 206 192 313 2781 175 67 560 396 164 173 205 152 192 318 259 175 122 460 148 110 78 152 113 76 194 73 61 2606 2575 63 237 169 76 93 177 118 423 54 369 84 143 52 86 56 310 117
internal_count=7006 3514 3492 2205 1309 845 1510 711 744 642 464 1318 519 695 1145 797 206 192 313 2781 175 67 560 396 164 173 205 152 192 318 259 175 122 460 148 110 78 152 113 76 194 73 61 2606 2575 63 237 169 76 93 177 118 423 54 369 84 143 52 86 56 310 117
is_linear=0
shrinkage=0.03


Tree=72
num_leaves=63
num_cat=0
split_feature=56 55 10 10 55 60 55 34 55 58 55 18 59 59 34 56 22 16 34 12 66 24 4 26 2 26 27 34 34 57 38 61 55 56 1 34 43 56 69 59 55 34 55 4 31 61 44 69 30 44 2 39 63 28 27 22 61 26 51 16 49 55
split_gain=509.023 59.805 42.0524 41.3747 27.6064 31.7173 18.1054 14.6158 11.9165 8.29706 7.69523 7.37236 7.71393 6.87077 6.53295 6.22703 6.18511 5.5583 5.24925 5.02361 4.42334 4.25017 4.06639 4.00588 3.54317 4.6349 3.79122 3.47804 3.28037 3.19301 3.18667 4.32981 3.127 5.48611 5.46922 3.25123 4.68935 3.40879 2.91299 2.81079 2.70915 2.57042 2.4131 2.75797 3.40368 2.35171 2.39455 2.81999 2.77419 2.34749 2.34744 2.25893 2.18097 2.18059 2.76119 2.57353 2.17565 2.16882 2.06777 1.98397 3.21017 1.97381
threshold=301.00000000000006 9228.5000000000018 0.74305326206722599 1.0000000180025095e-35 49.500000000000007 1489.5000000000002 5890.5000000000009 -2.3181991866177003 5496.5000000000009 4518.8958333333348 65.500000000000014 5.7250000000000005 2832.5000000000005 352.50000000000006 0.083259223702384602 21.500000000000004 -0.049999999999998039 5045.0000000000009 0.32242519730800018 74215.000000000015 946.81250000000011 65.289370000000005 10.500000000000002 85.307853041666689 76.634765000000016 69.825801291666679 13.726523167162513 -0.44525124226819551 1.294866917703928 554.00000000000011 24950.625000000004 5230.0000000000009 4024.0000000000005 5814.5000000000009 10.575000000000001 -0.84994705570369422 31809.500000000004 3624.5000000000005 89705.500000000015 552.50000000000011 8286.0000000000018 0.69931683169612679 9953.5000000000018 18.500000000000004 59.163804769134181 3707.0000000000005 33669.500000000007 101789.50000000001 57.462976329412434 28552.000000000004 78.35260000000001 29785.500000000004 6544.5000000000009 9.3327085000000043 14.822701340692861 -1.1499999999999999 662.50000000000011 73.749623583333346 1836.5000000000002 1881.0000000000002 1154.5000000000002 7173.5000000000009
decision_type=2 2 2 2 2 2 2 2 2 2 2 2 2 2 2 2 2 2 2 2 2 2 2 2 2 2 2 2 2 2 2 2 2 2 2 2 2 2 2 2 2 2 2 2 2 2 2 2 2 2 2 2 2 2 2 2 2 2 2 2 2 2
left_child=2 3 4 8 -1 15 7 -5 23 17 11 12 -4 22 20 -6 28 19 -8 -9 -10 40 -13 29 -15 -26 51 -7 -3 -2 31 59 35 -34 -35 36 37 -21 -24 -36 -20 -33 43 -18 -45 46 47 48 49 -37 -25 -27 61 54 -31 -56 -53 -17 -43 -16 -61 -22
right_child=1 16 10 6 5 27 18 9 14 -11 -12 13 -14 24 30 57 42 -19 21 32 52 -23 38 50 25 26 -28 -29 -30 53 -32 41 33 34 39 45 -38 -39 -40 -41 -42 58 -44 44 -46 -47 -48 -49 -50 -51 -52 56 -54 -55 55 -57 -58 -59 -60 60 -62 -63
leaf_value=-1.1281082142510237 -1.1770115030750812 28.283798171886037 -1.2691812192451357 63.933170093067041 0.15573696592492089 -0.84701576598472128 30.62551844234612 -11.731492975428372 -6.2348546743951916 31.251885206807209 1.2038104431054479 -1.3180774938910429 0.33342370506885682 -1.4945732306815624 -0.66065884486594795 -0.0035769782951425807 41.09791690682956 35.574232977404471 -1.6579250798019303 22.63711593216982 7.3728960044908076 29.086055000949916 -1.8334500023303149 5.1802716235416062 0.95452597267362527 -1.1475752359638589 -1.174092231723473 -1.0695239261253784 -1.2594628804076273 -1.2430218194776126 -3.2112153477953824 21.850927735960262 20.24185961517529 -5.9694798390158121 -1.8598667652951097 4.8269522556349234 22.130308758492109 -3.834454626159522 0.86738003071622016 8.3331449954677375 17.492899107891088 8.5351480156290727 55.481823416114793 0.56630251477821725 15.108325603606817 18.480556413096984 4.727228257676602 -3.9465281938166572 2.8792650661390073 -4.1428062607727769 -0.51492867119048691 -0.93594878200494191 -1.0990159537771023 -0.97846607249127582 -0.61164132954935968 1.5211309246181366 1.0709491395962134 0.038981547457540983 -0.26985187855140053 7.9032836232020554 -6.2978533649984776 21.395044560395185
leaf_weight=2174 90 98 230 128 78 38 417 22 23 59 34 63 42 37 312 20 88 48 44 52 60 41 35 29 70 24 47 448 39 225 58 26 73 32 38 30 75 67 32 61 25 20 440 43 39 31 38 97 90 91 44 20 26 39 21 23 77 23 42 46 32 92
leaf_count=2174 90 98 230 128 78 38 417 22 23 59 34 63 42 37 312 20 88 48 44 52 60 41 35 29 70 24 47 448 39 225 58 26 73 32 38 30 75 67 32 61 25 20 440 43 39 31 38 97 90 91 44 20 26 39 21 23 77 23 42 46 32 92
internal_value=-0.00357075 0.00448963 -0.0116827 0.00245456 -0.013348 -0.00767913 0.00568405 0.00336886 -0.00171095 0.00202079 -0.00516383 -0.00586619 -0.00969129 -0.00328808 0.000667481 0.00604459 0.0120225 0.00125666 0.0102106 0.000654874 0.00528095 0.00433243 -0.00897002 -0.00543834 -0.000588877 0.000743385 -0.00194527 -0.0111027 0.00621444 -0.00662396 -0.00105764 -0.000244719 0.00106051 0.00424792 0.000549199 -7.35423e-05 0.00307573 -0.000604534 -0.00375559 0.00405651 -0.000173661 0.00575482 0.0133208 0.0102116 0.0061754 -0.00170247 -0.00241838 -0.00330088 -0.00133586 -0.00431049 0.000984952 0.000842279 0.00688939 -0.00515093 -0.00416945 0.00265306 0.00290422 -0.00306265 0.00236715 -0.00160728 0.00265045 0.0082643
internal_weight=7006 3514 3492 2767 2781 607 1559 1032 1208 904 711 677 272 405 737 121 747 845 527 797 201 110 130 471 275 238 168 486 137 398 536 478 775 204 131 571 194 119 67 99 69 88 610 170 82 377 346 308 211 121 73 121 178 308 269 44 97 43 62 390 78 152
internal_count=7006 3514 3492 2767 2781 607 1559 1032 1208 904 711 677 272 405 737 121 747 845 527 797 201 110 130 471 275 238 168 486 137 398 536 478 775 204 131 571 194 119 67 99 69 88 610 170 82 377 346 308 211 121 73 121 178 308 269 44 97 43 62 390 78 152
is_linear=0
shrinkage=0.03


Tree=73
num_leaves=63
num_cat=0
split_feature=56 55 10 10 55 61 55 34 55 16 55 56 34 22 10 62 6 34 20 55 34 56 55 16 34 56 33 45 65 66 44 10 25 34 6 1 6 54 26 34 19 48 19 44 13 36 26 50 52 55 10 31 2 67 67 61 34 67 65 34 16 11
split_gain=506.326 59.3038 43.2535 39.9089 27.9856 29.517 18.1123 14.796 11.1827 7.91629 7.5554 6.60891 6.34893 6.09886 6.08101 5.75929 7.16474 5.14695 4.71822 4.12147 4.05343 3.74513 5.84465 4.4729 4.35166 3.73996 3.72743 3.58751 3.33226 3.19811 3.4294 3.18816 3.18465 3.13639 3.06365 2.81338 2.59087 3.37857 2.93819 2.58018 2.56619 2.76317 2.73911 2.53136 2.50169 3.20791 2.46359 2.3864 4.14665 2.33428 2.75797 3.40368 2.25405 3.28726 2.23646 2.20161 2.09965 2.05932 1.99689 1.97755 2.16625 1.97746
threshold=301.00000000000006 9228.5000000000018 0.74305326206722599 1.0000000180025095e-35 49.500000000000007 1572.5000000000002 5890.5000000000009 -2.3181991866177003 5496.5000000000009 5045.0000000000009 65.500000000000014 21.500000000000004 0.30330622150294678 -0.049999999999998039 0.87900005428953576 1896.5833333333337 4.5000000000000009 0.32242519730800018 0.65104166666666685 2686.0000000000005 -0.55501479566318668 5814.5000000000009 3773.0000000000005 2400.5000000000005 -0.81327009816320472 6350.5000000000009 3.2098584102792183 30456.500000000004 655.00000000000011 946.81250000000011 32242.000000000004 0.96386255839173451 40.954920000000008 -0.35224480761034366 8.5000000000000018 15.125000000000002 8.5000000000000018 802.91666666666686 84.965960458333342 1.294866917703928 27.375000000000004 215.50000000000003 16.375000000000004 31850.000000000004 97982.500000000015 15805.500000000002 73.862892812500021 232.85416666666671 1220.5000000000002 9953.5000000000018 1.0000000180025095e-35 59.163804769134181 50.212033500000011 134814.50000000003 90264.000000000015 662.50000000000011 0.65018992782739826 142816.00000000003 818.50000000000011 0.31320043804392844 4962.0000000000009 83151.500000000015
decision_type=2 2 2 2 2 2 2 2 2 2 2 2 2 2 2 2 2 2 2 2 2 2 2 2 2 2 2 2 2 2 2 2 2 2 2 2 2 2 2 2 2 2 2 2 2 2 2 2 2 2 2 2 2 2 2 2 2 2 2 2 2 2
left_child=2 3 4 8 -1 11 7 -5 19 21 14 -6 25 34 15 -4 -17 32 31 -2 -7 22 24 -23 43 -10 44 -19 -25 -27 33 -16 -8 -31 39 -28 37 -21 -39 -3 41 42 -14 54 45 -26 -13 -20 -49 50 51 -15 -42 -54 -9 -18 -57 -55 -29 -50 -61 -43
right_child=1 13 10 6 5 20 17 9 12 -11 -12 46 40 49 18 16 55 27 47 36 -22 23 -24 28 26 29 35 58 -30 30 -32 -33 -34 -35 -36 -37 -38 38 -40 -41 52 61 -44 -45 -46 -47 -48 48 59 -51 -52 -53 53 57 -56 56 -58 -59 -60 60 -62 -63
leaf_value=-1.094264967823493 -1.1814228643126268 35.890082160042759 -1.1295216412745031 62.015174990275028 0.15106485694717342 -0.35181362957811568 0.54813252250079125 19.412214671341076 18.810685885304249 38.98674944450083 1.1676961298122843 -0.0017320400262811118 -0.22156669623570252 0.54931343933485544 -1.3261197814977257 -1.5044074576685136 -0.95256658435980202 -1.6525973430538397 -2.1611210576725011 -1.4115146996323817 -1.0444480986634013 -2.044018231591076 19.634603826720021 -1.8346295790542353 -1.7433932103913707 -6.8093633362413124 31.887728285711361 3.2454365290088116 29.152980254030044 10.427562114094684 20.045261964582558 -3.0956341907755758 30.313971790216137 -4.0735810139875319 -4.5193939819064264 -4.6734200488437363 -1.4642270753366327 -0.56739657990543491 4.2039661469047953 2.0280335348302092 7.3730190328017393 1.8431614905986957 10.352998602487526 23.098803663223567 -2.8918541856715794 4.5486514247126069 0.037812101033814827 0.55469598178884716 -2.3164816303392803 53.817368713631375 39.864979399624694 14.6550758354986 -4.0365633126937732 10.490236758765144 -2.4399571132764595 0.37712997920048552 -1.4208309246174795 -0.36119929307081405 19.390433807479621 0.29283025113125261 -1.3062621470184221 -1.3660097608947126
leaf_weight=2174 125 83 134 128 74 34 20 54 106 64 34 24 62 43 45 53 20 31 59 47 455 214 77 29 118 24 38 40 38 32 47 55 397 59 22 20 52 201 46 32 23 36 20 72 90 49 20 109 32 440 88 39 44 20 41 52 22 22 39 76 20 242
leaf_count=2174 125 83 134 128 74 34 20 54 106 64 34 24 62 43 45 53 20 31 59 47 455 214 77 29 118 24 38 40 38 32 47 55 397 59 22 20 52 201 46 32 23 36 20 72 90 49 20 109 32 440 88 39 44 20 41 52 22 22 39 76 20 242
internal_value=-0.0035579 0.00448109 -0.0116483 0.00245456 -0.0133372 -0.00762972 0.00562632 0.00331073 -0.00163645 0.00195443 -0.00503727 0.0058171 0.000667481 0.0119823 -0.00573327 -0.00911419 -0.00497621 0.0101537 -0.00332492 -0.00524729 -0.0108812 0.00117486 0.00259703 -0.00164354 0.00136279 0.00435285 -0.000704538 0.00433243 0.00509687 0.00146206 0.00323678 -0.00896104 0.0116807 -0.000131723 0.00621444 0.00614458 -0.00354522 -0.00243795 -0.00101983 0.00818419 -0.00143253 -0.0026576 0.00215591 0.00527828 -0.00226371 -7.18133e-05 -0.00333333 -0.00140831 -5.06116e-05 0.0132716 0.0102116 0.0061754 0.00258478 0.000313589 0.00201893 0 0.00238866 0.00634204 0.00773704 -0.00372365 -0.00152966 -0.00408846
internal_weight=7006 3514 3492 2767 2781 607 1559 1032 1208 904 711 118 737 747 677 281 147 527 396 471 489 840 559 281 482 268 315 110 67 162 138 100 417 91 137 58 346 294 247 115 469 360 82 167 257 167 44 296 237 610 170 82 109 86 95 94 74 42 79 128 96 278
internal_count=7006 3514 3492 2767 2781 607 1559 1032 1208 904 711 118 737 747 677 281 147 527 396 471 489 840 559 281 482 268 315 110 67 162 138 100 417 91 137 58 346 294 247 115 469 360 82 167 257 167 44 296 237 610 170 82 109 86 95 94 74 42 79 128 96 278
is_linear=0
shrinkage=0.03


Tree=74
num_leaves=63
num_cat=0
split_feature=56 55 10 10 55 60 55 34 55 16 56 34 55 10 62 6 58 10 20 34 55 59 36 56 55 56 19 55 56 56 19 2 22 57 26 5 62 34 2 56 10 55 55 26 10 55 37 66 7 55 61 59 34 44 46 65 47 62 18 45 59 34
split_gain=495.63 57.2991 42.1349 39.8833 31.0286 31.0468 21.0904 14.2829 13.3832 7.85219 6.75118 6.68069 6.62334 6.24262 5.75929 7.16474 4.52802 4.36654 4.34995 4.18083 4.12147 4.08465 4.022 3.96689 3.64614 5.14571 4.56984 3.59657 3.85084 3.00437 3.22585 3.00091 2.98923 2.97102 2.94141 2.91784 3.30908 2.7966 2.79005 2.74062 3.97447 3.3902 2.66359 2.58284 2.57419 2.51797 2.43977 2.41458 2.37192 2.36658 2.36512 2.29852 2.22755 2.22603 2.84219 3.30935 3.13985 3.0229 2.5735 2.22195 2.94492 3.06502
threshold=301.00000000000006 9752.5000000000018 0.74305326206722599 1.0000000180025095e-35 48.500000000000007 1439.5000000000002 5890.5000000000009 -1.7616790610711559 5496.5000000000009 5045.0000000000009 21.500000000000004 0.39040136774525186 65.500000000000014 0.87900005428953576 1896.5833333333337 4.5000000000000009 4518.8958333333348 0.46472317204376884 0.65104166666666685 -0.44525124226819551 2686.0000000000005 2616.0000000000005 9152.0000000000018 6350.5000000000009 4024.0000000000005 5814.5000000000009 5.6750000000000016 7566.5000000000009 7775.5000000000009 3166.5000000000005 21.575000000000006 94.538425500000002 -0.049999999999998039 7174.5000000000009 76.443908104166681 5.5000000000000009 2082.8541666666674 2.252732531485869 69.728297500000011 8264.0000000000018 0.74305326206722599 7350.0000000000009 6584.5000000000009 80.352111229166681 0.87900005428953576 842.50000000000011 18231.000000000004 3094.7083333333339 12.500000000000002 5307.0000000000009 913.50000000000011 909.50000000000011 0.88072271128842072 33063.500000000007 31560.208333333336 2187.5000000000005 747.50000000000011 2319.3125000000005 25.275000000000002 29940.000000000004 2235.5000000000005 -0.50038871654308525
decision_type=2 2 2 2 2 2 2 2 2 2 2 2 2 2 2 2 2 2 2 2 2 2 2 2 2 2 2 2 2 2 2 2 2 2 2 2 2 2 2 2 2 2 2 2 2 2 2 2 2 2 2 2 2 2 2 2 2 2 2 2 2 2
left_child=2 3 4 8 -1 10 7 44 20 16 46 23 13 14 -4 -16 22 27 21 -7 -2 -15 -9 33 29 -26 -27 28 -8 30 31 38 52 43 -12 36 -13 53 -24 -19 41 51 -25 -10 -5 -31 -6 48 -17 -28 -44 -41 -3 54 55 -22 -56 -57 -58 -47 61 -61
right_child=1 32 12 6 5 19 17 9 11 -11 34 35 -14 18 15 47 -18 39 -20 -21 37 -23 24 42 25 26 49 -29 -30 45 -32 -33 -34 -35 -36 -37 -38 -39 -40 40 -42 -43 50 -45 -46 59 -48 -49 -50 -51 -52 -53 -54 -55 56 57 58 -59 -60 60 -62 -63
leaf_value=-1.0614370187887883 -1.1459801783832479 44.690110886185145 -1.0956359920362682 5.3788831253451548 0.14907329914059061 -0.64182653273234147 18.332428277776074 -9.0045244541464626 17.633106360243467 36.806713496232952 -0.0018004227538729366 -1.5844537000994994 1.1326652459179158 -1.5522184083125781 -1.4592752339384583 0.19181119815078715 22.529842965811973 33.661532456270486 -0.24349821444661079 -1.003672427715397 -1.6842069781836522 0.24972561910659008 -2.5613935642390331 -4.40449555992529 18.001410299566285 -8.3210849990991296 8.6033370785345724 17.622105877354933 -6.117477935935967 -9.0232685635406007 -5.6272347538292387 -7.2319864561785767 50.294150774596709 21.776226624626851 0.036677738002800594 2.3760426361448319 0.14082592508676584 -1.1799041299359201 10.332153711361951 -4.1982496485230874 59.912564759524756 20.770147449143312 -4.6349055005787525 -2.2364926392794313 52.696009456489961 -2.8108197517618736 0.018562981211211634 1.0699220583287254 -1.1103484844398841 -1.1304463199740258 9.3198550510155922 6.2117563269069249 1.9671925287853025 -2.3750688805876323 1.4925188942767555 -0.73412171258453662 -1.0564421019416643 4.7735143150153698 0.13506418830755193 5.543342361944319 6.5413622331043824 -4.3916115126769002
leaf_weight=2153 125 54 134 27 64 40 32 35 30 60 26 230 34 72 53 25 34 207 296 455 52 28 36 29 70 27 54 84 23 42 30 22 495 73 23 78 194 50 192 21 103 90 21 23 179 55 20 28 41 43 164 26 34 31 45 82 24 21 41 48 32 46
leaf_count=2153 125 54 134 27 64 40 32 35 30 60 26 230 34 72 53 25 34 207 296 455 52 28 36 29 70 27 54 84 23 42 30 22 495 73 23 78 194 50 192 21 103 90 21 23 179 55 20 28 41 43 164 26 34 31 45 82 24 21 41 48 32 46
internal_value=-0.0035579 0.00439572 -0.0115624 0.00268568 -0.0132293 -0.00735074 0.00583833 0.00325259 -0.00119717 0.00148529 0.00549962 0.00106519 -0.00503727 -0.00568897 -0.00911419 -0.00497621 0.000661793 0.0103856 -0.00324918 -0.0108099 -0.00524729 -0.00866134 0.000159814 0.00431344 0.000662746 0.00415765 0.000459307 0.00569375 -0.000217786 -0.000679785 0.00138165 0.002507 0.0129858 0.00854084 -0.00329939 -0.00112926 -0.00211507 -0.00354522 0.00353792 0.0118363 0.0096085 0.00621444 0.00180757 0.00305085 0.0103202 -0.00328104 0.0106659 0 -0.00313162 0.00352214 0.00314425 -0.000254777 0.00779796 -0.00242148 -0.00151641 -0.00413926 0.00215259 -0.000989331 -0.00202765 -0.00172281 0.000452022 -0.00219979
internal_weight=7006 3514 3492 2931 2781 628 1618 1032 1313 826 133 842 711 677 281 147 766 586 396 495 471 100 732 340 697 194 124 139 55 503 280 250 583 126 49 502 424 346 228 447 240 137 214 53 206 223 84 94 66 97 185 47 88 296 265 155 110 103 65 181 126 94
internal_count=7006 3514 3492 2931 2781 628 1618 1032 1313 826 133 842 711 677 281 147 766 586 396 495 471 100 732 340 697 194 124 139 55 503 280 250 583 126 49 502 424 346 228 447 240 137 214 53 206 223 84 94 66 97 185 47 88 296 265 155 110 103 65 181 126 94
is_linear=0
shrinkage=0.03


Tree=75
num_leaves=63
num_cat=0
split_feature=56 55 10 10 55 60 55 34 55 58 34 56 55 4 6 60 30 34 20 46 4 59 56 55 12 55 46 2 4 26 26 55 56 56 33 34 6 34 34 69 55 44 56 31 4 59 63 32 47 38 25 22 50 52 44 34 51 49 64 34 52 34
split_gain=487.169 57.9825 42.7852 36.6995 31.8173 30.5873 20.4827 13.9319 12.8486 6.99785 6.93945 6.75118 6.53673 5.79424 5.61764 9.03725 5.07334 4.92497 4.34995 4.3429 4.11941 4.08465 3.65828 3.52804 3.13473 3.12409 3.65345 3.62154 3.09617 3.04869 2.94141 2.87074 3.92579 2.89774 2.86906 2.9836 2.81539 2.6614 2.64547 2.43977 2.43844 2.41627 2.80578 2.43493 2.40317 2.38818 3.6181 3.10151 3.04718 3.4251 2.80983 2.69196 2.3864 4.14665 2.36599 3.39243 2.34736 2.30943 2.73647 2.18558 2.03668 1.97755
threshold=301.00000000000006 9752.5000000000018 0.74305326206722599 1.0000000180025095e-35 48.500000000000007 1439.5000000000002 5890.5000000000009 -1.7616790610711559 5496.5000000000009 4518.8958333333348 0.29416207820783319 21.500000000000004 65.500000000000014 10.500000000000002 4.5000000000000009 348.50000000000006 56.139354461163954 -0.43743114872634686 0.65104166666666685 33824.083333333336 16.500000000000004 2616.0000000000005 6350.5000000000009 2823.5000000000005 74215.000000000015 3162.5000000000005 28137.104166666668 60.429210500000003 20.500000000000004 81.447471791666672 76.443908104166681 7566.5000000000009 8213.0000000000018 9965.5000000000018 3.4178265515277784 -0.60197741595566956 9.5000000000000018 1.3468843514365505 1.2776981883233456 101002.50000000001 6352.5000000000009 33063.500000000007 4108.0000000000009 60.889329973905753 14.500000000000002 4797.5000000000009 249.50000000000003 65.085677731050396 532.50000000000011 11753.312500000002 77.251570000000015 -0.87499999999999989 232.85416666666671 1220.5000000000002 32242.000000000004 -0.44525124226819551 901.50000000000011 191.50000000000003 2893.5000000000005 0.78901808354421032 1343.5000000000002 0.31320043804392844
decision_type=2 2 2 2 2 2 2 2 2 2 2 2 2 2 2 2 2 2 2 2 2 2 2 2 2 2 2 2 2 2 2 2 2 2 2 2 2 2 2 2 2 2 2 2 2 2 2 2 2 2 2 2 2 2 2 2 2 2 2 2 2 2
left_child=2 3 4 8 -1 11 7 44 23 16 22 39 13 14 -4 -16 24 -8 21 36 40 -15 -10 -2 -9 26 -26 -27 -3 34 -13 32 -22 -33 35 60 -7 -30 41 -6 -19 42 43 -25 -5 46 -12 50 49 -48 -47 -50 -20 -54 55 -24 -28 -31 -59 -17 -18 -55
right_child=1 28 12 6 5 19 17 9 10 -11 45 30 -14 18 15 59 29 20 52 -21 31 -23 54 38 25 27 56 -29 37 57 -32 33 -34 -35 -36 -37 -38 -39 -40 -41 -42 -43 -44 -45 -46 47 48 -49 51 -51 -52 -53 53 61 -56 -57 -58 58 -60 -61 -62 -63
leaf_value=-1.0295939082251246 -1.0977231695529237 49.498896724942568 -1.1232113816431535 51.115129172795257 0.14460110016637273 -0.97356225488393511 32.849664428592412 -11.101275287229445 18.598574616367735 26.179599004587466 6.9194537522688915 -0.0017464100712567187 1.0986852885403786 -1.5056518560632008 -1.1746820468536299 0.12648454528127095 -1.3551273500151955 2.0862496868367586 -2.0889824795089269 -0.027100468093183387 4.3683793354767069 0.24223385053339255 15.596453845026833 2.2355008540338392 6.7572553176640664 -6.3001844020958009 -0.65431962439889957 7.3581296607609055 36.551075970976136 19.16506345529481 0.035577405862716772 19.171859564121551 -4.3105546895435687 1.6223631386687338 25.973138818476812 -1.4454161790022499 -0.6488891433947338 -0.62822212530602539 -0.93235172135530986 0.018006091774875301 36.986860641313996 -2.3038168141700042 -1.1225523806542081 -0.25653566421115326 5.2175166315848038 7.7486217167132185 3.9969616215067254 -1.4595517993107174 -0.075524927043552445 -0.87453382931713797 -0.67048372176411419 -3.6494234005872022 0.54536004876858013 -2.239682234995704 13.350992765905684 -4.1460328311848755 -7.7548231107804346 6.8287002880897667 -1.0840560038580356 -1.2271905469514501 23.441739987166702 -0.30922642305088749
leaf_weight=2153 139 468 117 179 64 431 249 22 114 48 25 26 34 72 57 84 48 20 59 32 44 28 36 57 26 21 46 93 89 37 23 72 33 33 20 185 32 26 150 20 135 21 72 32 27 72 65 38 50 141 20 121 109 32 71 89 77 92 32 23 79 96
leaf_count=2153 139 468 117 179 64 431 249 22 114 48 25 26 34 72 57 84 48 20 59 32 44 28 36 57 26 21 46 93 89 37 23 72 33 33 20 185 32 26 150 20 135 21 72 32 27 72 65 38 50 141 20 121 109 32 71 89 77 92 32 23 79 96
internal_value=-0.00359216 0.00429328 -0.011528 0.0025731 -0.0132077 -0.00725521 0.00559731 0.00304912 -0.00115147 0.00130372 0.00106519 0.00549962 -0.00495289 -0.00560035 -0.00890075 -0.00528336 0.000613032 0.0100785 -0.00324918 -0.0106887 0.00768911 -0.00866134 0.00463399 -0.00511993 -0.00256752 -0.00164196 -0.00450704 0.00207713 0.0129343 0.00245792 -0.00329939 0.00459638 0.000155642 0.00782112 0.000803975 8.65107e-05 -0.0114273 0.00844483 -0.00342367 0.0106659 0.0112959 -0.000971993 0.000260708 0.00383838 0.0100291 -0.00100921 -0.00215618 0.00251345 -0.00289578 -0.000422125 0.00550489 -0.00585622 -0.00140831 -5.06116e-05 0.00212647 -0.000335731 -0.0066775 0.0058473 0.00384367 -0.000112045 0.00363493 -0.00372365
internal_weight=7006 3514 3492 2931 2781 628 1618 1032 1313 826 842 133 711 677 281 164 778 586 396 495 337 100 310 471 285 263 149 114 583 493 49 182 77 105 332 312 463 115 332 84 155 182 161 89 206 532 402 130 377 206 92 171 296 237 196 125 123 161 124 107 127 128
internal_count=7006 3514 3492 2931 2781 628 1618 1032 1313 826 842 133 711 677 281 164 778 586 396 495 337 100 310 471 285 263 149 114 583 493 49 182 77 105 332 312 463 115 332 84 155 182 161 89 206 532 402 130 377 206 92 171 296 237 196 125 123 161 124 107 127 128
is_linear=0
shrinkage=0.03


Tree=76
num_leaves=63
num_cat=0
split_feature=56 55 34 55 16 61 16 55 34 55 16 56 18 59 55 34 34 56 55 16 46 23 2 2 1 3 45 28 22 61 34 40 67 59 38 43 33 69 48 59 25 26 54 45 52 52 61 27 29 16 56 49 43 55 54 2 53 53 29 27 59 23
split_gain=477.729 58.5546 33.971 27.0924 36.0609 30.5359 16.3819 11.5056 9.33936 7.45032 6.90823 6.19438 5.42399 6.06363 5.39876 6.50887 5.04084 4.33038 4.38762 4.13054 3.96579 3.89297 3.57995 3.32505 3.29722 3.14255 3.43435 3.08208 3.05716 3.03646 3.03243 2.9672 3.27543 3.47706 3.17941 2.97279 2.9277 2.83771 2.82885 2.77262 2.7466 2.73368 2.67481 3.8678 2.49615 2.42513 2.38901 2.38591 2.35251 2.32915 2.28095 2.27672 2.27153 2.17711 2.14481 2.14309 2.14021 2.30179 2.10567 2.08852 1.97613 2.74227
threshold=301.00000000000006 9752.5000000000018 -0.33337538473497469 46.500000000000007 1227.0000000000002 1859.5000000000002 1881.0000000000002 5959.0000000000009 -2.3181991866177003 6469.0000000000009 3761.0000000000005 20.500000000000004 5.7250000000000005 531.50000000000011 5760.5000000000009 0.77689139346648528 -0.51212047408749217 5553.5000000000009 2913.5000000000005 4153.0000000000009 33824.083333333336 67.988417000000013 76.634765000000016 85.336810000000014 27.725000000000005 53.505307518871163 30362.500000000004 1.9883995000000037 0.15000000000000127 1882.5000000000002 0.88072271128842072 32258.000000000004 92886.000000000015 5178.0000000000009 11646.29166666667 32469.500000000004 3.1217798661229161 89705.500000000015 288.50000000000006 973.50000000000011 73.561395000000019 76.443908104166681 1653.3541666666667 30426.000000000004 1251.5000000000002 1194.5000000000002 3541.0000000000005 12.415519570333904 53.898861976367208 5160.5000000000009 32.500000000000007 228.50000000000003 32949.500000000007 4521.5000000000009 1854.7916666666667 91.616833000000014 2534.0000000000005 2026.0000000000002 59.867238172356245 13.885194065542176 921.50000000000011 89.962375000000023
decision_type=2 2 2 2 2 2 2 2 2 2 2 2 2 2 2 2 2 2 2 2 2 2 2 2 2 2 2 2 2 2 2 2 2 2 2 2 2 2 2 2 2 2 2 2 2 2 2 2 2 2 2 2 2 2 2 2 2 2 2 2 2 2
left_child=3 2 7 4 -1 11 14 8 -2 21 17 51 49 37 -4 31 50 18 36 24 -18 -8 -15 -23 42 53 -27 -17 30 -9 -3 34 -33 35 -16 45 39 -14 -29 -10 48 -13 -11 -44 -25 -34 -40 -31 -37 -6 -7 -5 -41 -19 -26 -46 57 -48 -28 -47 -24 -62
right_child=1 28 6 5 12 16 9 29 10 19 -12 41 13 22 15 27 20 25 -20 -21 -22 23 60 44 54 26 58 38 -30 47 -32 32 33 -35 -36 40 -38 -39 46 52 -42 -43 43 -45 55 59 56 -49 -50 -51 -52 -53 -54 -55 -56 -57 -58 -59 -60 -61 61 -63
leaf_value=-0.99870609097837104 57.023212432108828 41.162397600804468 -0.80308097421433777 0.13445898475273879 -1.1477564864763266 -0.87658201916595135 -1.4020536936321695 30.109387547819786 -4.5775096017917072 27.937703224927844 30.138138703125513 -0.0027599980725416628 -1.1852920044571962 -1.383800160075277 14.29982364018097 -2.7733283196995595 -0.95379761522551931 -3.9553668891764571 13.283918379212791 29.504801365070978 -0.025323288657173818 13.135139496577027 -0.20926850656411394 -2.4174493141803985 -6.0849240066238233 -6.1044050488811079 4.1377153965299929 1.5727597514602518 48.519569617680027 27.830722998851961 8.7119548508341484 18.935008283403675 5.9148572862947706 17.716897999392376 -3.6935152745077309 -0.016317729523188971 21.466005094451894 -0.70211407568723239 -2.8333318468255908 0.19139997903948824 -2.4855691765082426 0.021293909021628962 -4.5150267510225515 11.547946734074284 -3.549239863654702 -4.1700162091393578 0.21234272273086388 -0.8950500519889738 16.591270226797491 -1.6819646479797798 0.43528524640451915 0.012362863663053751 23.568902585575053 13.967151319537479 5.8123521911865375 9.3525749600364811 0.92776216600427575 -2.2596163392485078 -3.6920798799057999 -0.37896206980431996 3.93825918905759 -0.0028382638868984598
leaf_weight=2251 129 93 613 76 188 20 45 314 67 69 88 45 65 28 24 136 433 25 80 97 31 108 64 43 45 47 41 37 444 31 46 63 20 43 47 21 45 57 42 83 21 34 26 48 29 37 47 35 44 60 22 30 20 34 28 30 20 24 52 33 45 43
leaf_count=2251 129 93 613 76 188 20 45 314 67 69 88 45 65 28 24 136 433 25 80 97 31 108 64 43 45 47 41 37 444 31 46 63 20 43 47 21 45 57 42 83 21 34 26 48 29 37 47 35 44 60 22 30 20 34 28 30 20 24 52 33 45 43
internal_value=-0.00360928 0.00419937 0.00247074 -0.0114679 -0.0127814 -0.00613804 -1.46731e-05 0.00666483 0.00440444 0.00421933 0.00277787 0.00427877 -0.00588438 -0.00316783 -0.00190787 -1.82066e-05 -0.00995258 0.00139041 0.00370044 0.00732034 -0.0108533 0.000399843 0.000316491 0.00212756 0.0049838 -0.00201909 -0.00447537 -0.00322444 0.0128829 0.010884 0.00892883 0.00275276 0.00413683 0.00238247 -0.00270042 0.000494037 0.00145049 -0.00832924 -0.000511464 -0.000335097 0.00449477 -0.00204804 0.00763103 0.00360324 -0.00173359 -0.00329634 -0.0025695 0.00494705 0.0075576 -0.00917775 0 0.00901979 0.00273521 0.00375635 -0.000164159 0.0022335 0.000131723 -0.00227848 -0.0010956 -0.00594864 0.0021499 0.00507378
internal_weight=7006 3514 2931 3492 2801 691 1840 1091 711 568 582 185 550 302 1272 659 506 494 295 313 464 255 180 210 216 199 140 306 583 380 139 353 282 219 71 176 215 122 170 170 86 79 143 74 102 90 133 66 65 248 42 106 103 59 73 59 91 71 93 70 152 88
internal_count=7006 3514 2931 3492 2801 691 1840 1091 711 568 582 185 550 302 1272 659 506 494 295 313 464 255 180 210 216 199 140 306 583 380 139 353 282 219 71 176 215 122 170 170 86 79 143 74 102 90 133 66 65 248 42 106 103 59 73 59 91 71 93 70 152 88
is_linear=0
shrinkage=0.03


Tree=77
num_leaves=63
num_cat=0
split_feature=4 55 55 34 60 4 55 15 4 56 56 19 6 61 34 4 34 45 34 44 55 56 56 56 38 16 55 48 56 64 65 61 68 16 64 60 2 66 34 32 56 58 26 32 48 34 63 56 49 41 58 66 46 34 4 33 40 4 55 16 20 49
split_gain=473.387 67.1709 50.2016 30.8216 28.3872 19.1823 17.2966 10.1219 9.48323 8.17928 6.89391 6.81454 5.68411 9.22295 5.58067 5.30408 5.11797 5.097 4.70713 5.45043 4.90777 4.65344 4.65195 3.97879 3.89321 3.6643 3.42875 3.53046 3.45027 3.32041 3.3016 3.30077 3.21376 3.11461 3.07101 2.98969 2.89689 2.80583 2.79235 2.74047 2.8246 2.7342 2.70055 2.66171 2.61166 2.59245 2.53568 2.44738 2.78764 2.73308 2.8647 2.74197 2.41364 2.972 2.38523 2.31991 2.38055 2.26896 2.36854 2.20951 4.16832 2.19635
threshold=10.500000000000002 7566.5000000000009 46.500000000000007 -0.81327009816320472 2235.5000000000005 18.500000000000004 9953.5000000000018 6500.1024779397067 9.5000000000000018 784.50000000000011 138.50000000000003 23.625000000000004 4.5000000000000009 382.50000000000006 0.61804997696099317 21.500000000000004 0.29416207820783319 30340.500000000004 -2.3181991866177003 31830.500000000004 6195.0000000000009 30.500000000000004 32.500000000000007 7414.5000000000009 12986.229166666668 1757.5000000000002 3162.5000000000005 374.50000000000006 1919.5000000000002 7754.5000000000009 413.50000000000006 4925.0000000000009 92540.000000000015 -1568.4999999999998 1041.5000000000002 3599.5000000000005 60.188884500000007 2063.0000000000005 1.560099111456829 52.778297827254555 8516.5000000000018 2851.9791666666674 73.862892812500021 55.27165725697386 1126.5000000000002 0.63961068073675886 1931.5000000000002 92.500000000000014 1279.5000000000002 31207.000000000004 2155.2291666666674 4687.4375000000009 32405.000000000004 -0.44525124226819551 17.500000000000004 2.0842329548797096 51123.500000000007 14.500000000000002 4333.0000000000009 2103.0000000000005 9.3979166666666689 382.50000000000006
decision_type=2 2 2 2 2 2 2 2 2 2 2 2 2 2 2 2 2 2 2 2 2 2 2 2 2 2 2 2 2 2 2 2 2 2 2 2 2 2 2 2 2 2 2 2 2 2 2 2 2 2 2 2 2 2 2 2 2 2 2 2 2 2
left_child=2 3 8 10 11 -3 16 15 -1 35 -2 22 -10 -14 21 29 23 36 -12 20 32 -9 -4 -7 34 30 28 -28 -27 33 -23 39 -20 -5 -16 -6 -17 -35 -8 40 -18 -15 -24 -41 -29 -31 -30 -39 49 -49 51 -51 53 -25 -53 -45 -57 -21 -59 60 -34 -60
right_child=1 5 4 7 9 6 38 14 12 -11 18 -13 13 41 24 17 31 -19 19 57 -22 25 42 52 -26 26 27 44 46 45 -32 -33 59 37 -36 -37 -38 47 -40 43 -42 -43 -44 55 -46 -47 -48 48 -50 50 -52 54 -54 -55 -56 56 -58 58 61 -61 -62 -63
leaf_value=-0.96874490824901982 -1.4285167873243709 41.781210010094632 0.11386853906376174 6.7764060742882544 -0.78206217091466013 24.113534452146428 42.317034331154446 -0.97435577430275722 -1.0863875295001393 -0.39858682217514269 58.386758412740726 -1.0471989013596454 -1.1356497990873642 -0.74638407763799641 -0.19142803062051938 0.54546746478701491 19.21288384744371 -1.0573242011710544 13.627304354605489 39.521415469985236 21.187090560488123 -5.1957601283523669 -0.00071038174816919766 14.538598934892461 -0.69431260128134908 8.6136092295630373 29.352088221185447 0.23003793314051107 -6.7267105314014772 9.3378369089432667 1.1479553545345869 5.9593280304319025 3.4927124446853575 0.5952288203704853 1.2718543618859637 -0.93497107724027151 -1.6618369691126014 -1.3724271544554252 5.2458521995768717 -4.9745398276183366 -2.5527944743848181 0.16128661891951426 0.033991610344567103 5.0487767102762513 16.557809411184866 -2.0590861005705845 7.9522033535636183 5.9320514700748594 3.8306217063713799 -1.5886514807013639 -5.9008816045920867 7.0369118782048643 18.446099470172747 -4.2606718923906008 -1.0984767305899095 0.19780694070659507 -5.0978474918879959 -1.9381823598601384 21.086157220002736 19.571216013506653 -7.7525151771044145 19.888502500634338
leaf_weight=2128 25 607 115 48 104 74 222 27 113 146 145 20 58 22 29 40 31 116 118 105 38 27 21 23 233 79 65 57 38 68 201 66 27 39 56 373 50 123 20 43 20 82 30 21 38 29 34 63 23 125 123 57 31 67 63 68 46 27 34 23 39 23
leaf_count=2128 25 607 115 48 104 74 222 27 113 146 145 20 58 22 29 40 31 116 118 105 38 27 21 23 233 79 65 57 38 68 201 66 27 39 56 373 50 123 20 43 20 82 30 21 38 29 34 63 23 125 123 57 31 67 63 68 46 27 34 23 39 23
internal_value=-0.00360928 0.00356527 -0.0120846 0.000615861 -0.00561364 0.0089702 0.00569185 -0.00130301 -0.0142616 -0.0086856 0.00650058 0.00465879 -0.00898582 -0.00534855 0.00101459 -0.00342467 0.00244236 -0.00770015 0.00716975 0.00559088 0.00261934 0.00280339 0.00666466 0.0062122 -0.0021597 0.00341681 0.0055352 0.00860087 0.0022634 -0.00226251 0.000512933 -4.06642e-05 0.000782231 -0.00302214 0.00331375 -0.010589 -0.00229745 -0.00359844 0.0122553 -0.00175469 0.00434442 0 -0.000821918 -0.00352049 0.00485804 0.00290422 -0.00245492 -0.00412753 -0.00309844 -0.00364649 -0.00463733 -0.00274174 0.00282411 0.000299667 0.000474604 -0.00142117 -0.00312883 0.00942359 0.00567182 -0.00350168 -0.00630862 0.00914186
internal_weight=7006 3794 3212 2455 809 1339 732 1851 2403 623 604 186 275 162 884 967 490 206 579 434 245 566 166 195 318 539 311 160 151 761 228 295 207 664 85 477 90 616 242 229 51 104 51 178 95 97 72 577 454 431 368 245 121 90 120 135 114 189 84 89 66 57
internal_count=7006 3794 3212 2455 809 1339 732 1851 2403 623 604 186 275 162 884 967 490 206 579 434 245 566 166 195 318 539 311 160 151 761 228 295 207 664 85 477 90 616 242 229 51 104 51 178 95 97 72 577 454 431 368 245 121 90 120 135 114 189 84 89 66 57
is_linear=0
shrinkage=0.03


Tree=78
num_leaves=63
num_cat=0
split_feature=56 55 4 55 34 60 16 55 20 55 34 19 57 34 16 56 4 62 28 6 4 56 41 53 68 56 52 50 19 58 65 26 28 31 43 15 62 47 55 70 49 37 58 34 35 16 63 19 36 50 16 26 33 55 62 53 34 43 19 63 51 23
split_gain=462.217 57.1765 38.423 36.0672 32.704 30.7325 15.3054 10.0066 9.92972 8.56587 8.03901 7.7529 7.19754 6.93219 5.74681 5.31549 4.94473 5.21115 4.70854 4.45568 4.23837 3.86745 5.39633 4.32487 3.54776 3.532 3.23323 3.24952 3.52036 3.19479 4.62364 3.13872 2.99379 2.65646 2.57424 2.77139 2.56894 4.64004 2.51603 2.44291 2.43615 2.3948 2.32578 2.48937 2.51446 2.26789 2.38622 2.26033 2.22237 3.00278 2.73719 2.1585 3.82702 2.46256 2.11575 2.09102 2.04574 3.17269 2.04403 1.92941 2.52315 2.23814
threshold=301.00000000000006 9621.0000000000018 9.5000000000000018 44.500000000000007 -0.41406514797033006 2616.0000000000005 3370.0000000000005 5713.5000000000009 1.2354166666666668 6469.0000000000009 -1.7616790610711559 23.625000000000004 5797.0000000000009 0.29416207820783319 3113.5000000000005 5630.0000000000009 10.500000000000002 1891.3958333333337 2.851652499999997 4.5000000000000009 17.500000000000004 21.500000000000004 46266.500000000007 1758.0000000000002 111118.00000000001 8082.5000000000009 674.50000000000011 612.77083333333337 29.575000000000006 4427.979166666667 1390.5000000000002 76.443908104166681 6.9425900000000036 58.141366914670066 32767.500000000004 8353.4426107731542 2503.0208333333335 542.50000000000011 10138.000000000002 82504.916666666686 179.50000000000003 11600.500000000002 3907.0833333333335 1.0363431935441982 11788.000000000002 924.00000000000011 1078.5000000000002 20.975000000000005 15197.500000000002 246.97916666666671 2400.5000000000005 84.72449020833335 3.3247316682584773 1384.5000000000002 2813.8541666666674 1262.5000000000002 -2.9543167547537368 31809.500000000004 27.625000000000004 8314.5000000000018 1102.5000000000002 90.766880000000015
decision_type=2 2 2 2 2 2 2 2 2 2 2 2 2 2 2 2 2 2 2 2 2 2 2 2 2 2 2 2 2 2 2 2 2 2 2 2 2 2 2 2 2 2 2 2 2 2 2 2 2 2 2 2 2 2 2 2 2 2 2 2 2 2
left_child=2 4 3 -1 7 11 9 10 -4 26 56 21 29 25 15 24 17 -10 38 -19 -9 23 31 -5 51 -11 -6 32 -29 30 -8 -23 59 39 35 -35 37 42 -3 -18 -17 -22 43 44 -15 47 -47 -27 49 -41 -51 52 53 -12 -38 -46 -2 -58 -43 60 61 -28
right_child=1 18 8 5 6 -7 12 20 16 13 14 -13 -14 36 -16 40 33 19 -20 -21 41 22 -24 -25 -26 45 27 28 -30 -31 -32 -33 -34 34 -36 -37 54 -39 -40 48 -42 58 -44 -45 55 46 -48 -49 -50 50 -52 -53 -54 -55 -56 -57 57 -59 -60 -61 -62 -63
leaf_value=-0.93968256100154912 69.788417505632097 22.910050901513841 -1.0828471550436691 0.11909247426753544 -2.5122330599636262 -0.890341070045785 -9.1154728673603227 32.854084819192323 -0.95890519491124626 17.113521734598734 -6.6044934304706109 -0.83844048305725893 19.637720788898513 15.424321054025777 26.341590353673965 8.0589407651063265 -1.7551011928474967 -1.2082264244782979 -0.3484063010294926 0.016309002677406745 -3.9236116493377904 -0.0047111294386133545 0.10861009215286628 -0.00019000741001661936 17.452020714646697 10.229669149077253 2.5612144731175284 -1.3228131626853561 1.1440764625717339 46.827455435991943 4.9047927113829441 0.032851518105849631 -0.77352061480878342 -1.248843168868623 0.58426131993825292 -0.42957602227511299 5.5933171769289949 -2.0256643239961929 49.223465642091902 -2.3173558239405518 -3.9699605072159829 23.348928396321167 10.388156360895536 -2.0331753925702492 -5.0893554653861157 -1.8687637534316672 18.0804879635199 -7.1631043660861309 -0.52926483716067707 -0.0047535557078168724 7.4522658109457032 12.677866295587863 26.02793292264116 5.3442897743798694 -0.49984522575108259 3.08392449218446 14.196157980917913 42.564482515619375 3.2780299581408507 -3.1186229888397619 -0.23320007814578958 -1.904361565311034
leaf_weight=2114 74 167 225 80 102 375 31 227 113 135 67 28 167 28 97 21 21 33 22 96 22 24 25 22 37 35 128 219 38 20 76 23 79 68 27 87 47 196 430 37 113 86 39 66 21 25 38 24 20 21 53 40 22 36 23 20 79 48 28 32 289 20
leaf_count=2114 74 167 225 80 102 375 31 227 113 135 67 28 167 28 97 21 21 33 22 96 22 24 25 22 37 35 128 219 38 20 76 23 79 68 27 87 47 196 430 37 113 86 39 66 21 25 38 24 20 21 53 40 22 36 23 20 79 48 28 32 289 20
internal_value=-0.0036778 0.00400302 -0.0114077 -0.0131255 0.00223205 -0.00646682 -7.74459e-05 0.00663123 -0.00563226 -0.00123247 0.00434789 0.00295398 0.00621217 0.00126524 0.00203648 0.000169592 -0.00353584 -0.00680297 0.0122791 -0.00264911 0.0106086 0.00532453 0 0.00907933 0.00325087 0.00518086 -0.00315511 -0.00251149 -0.00529755 0.000802518 -0.00123249 -0.00598726 -0.00119869 -0.00115834 -0.00360791 -0.00510638 -0.00101568 -0.00201837 0.0127818 0.00175542 -0.0044519 0.00637032 0.0015336 -0.000310881 0.00364689 0.00144963 0.00541997 -0.00274112 0.00329519 0.0049685 0.00846154 0.00134464 -0.00057554 -0.00302619 0.0042368 -0.0010219 0.0093088 0.00693942 0.00812445 -0.00028139 0.000233356 0.00342336
internal_weight=7006 3514 3492 2691 2895 577 1898 997 801 1604 634 202 294 697 433 336 576 242 619 129 363 174 72 102 202 257 907 805 257 127 107 47 548 334 182 155 440 370 597 152 134 136 174 135 69 122 63 59 131 111 74 165 125 103 70 41 201 127 114 469 437 148
internal_count=7006 3514 3492 2691 2895 577 1898 997 801 1604 634 202 294 697 433 336 576 242 619 129 363 174 72 102 202 257 907 805 257 127 107 47 548 334 182 155 440 370 597 152 134 136 174 135 69 122 63 59 131 111 74 165 125 103 70 41 201 127 114 469 437 148
is_linear=0
shrinkage=0.03


Tree=79
num_leaves=63
num_cat=0
split_feature=56 4 9 2 2 18 16 3 44 63 34 3 17 62 70 39 16 59 16 6 56 2 59 15 70 3 4 5 1 61 34 16 65 3 62 54 32 43 22 63 63 34 18 61 26 34 45 23 25 44 26 6 60 61 33 34 60 5 24 19 19 19
split_gain=448.944 37.4812 33.0684 14.2088 13.9764 9.69951 9.37278 14.551 8.8182 8.16608 7.11953 7.03881 5.67474 5.50438 5.24551 5.32715 4.86377 4.51639 4.47673 6.04907 4.28015 4.15632 4.84972 3.88815 3.81486 5.02165 3.77233 3.69809 4.10977 3.87912 3.64091 3.60449 3.39265 3.44656 3.34094 3.4988 6.15751 10.5175 3.32472 3.31316 3.3285 3.21478 3.1262 3.03492 2.88806 3.21171 2.84484 7.66683 2.81152 2.69261 2.67899 2.54787 3.56061 2.51904 2.66614 2.44788 2.4281 2.80017 2.41646 2.38792 2.36147 2.2838
threshold=301.00000000000006 9.5000000000000018 1.0000000180025095e-35 49.471368000000005 81.370887500000009 5.7250000000000005 3824.0000000000005 54.017518558900825 31830.500000000004 6146.5000000000009 1.294866917703928 59.170487833537003 1.925 1614.3125000000002 89630.916666666672 29379.000000000004 4459.0000000000009 2586.5000000000005 3113.5000000000005 9.5000000000000018 842.50000000000011 72.068452500000021 909.50000000000011 7764.0342264800483 81182.333333333343 50.183757432253863 22.500000000000004 1.5000000000000002 -7.2249999999999988 604.50000000000011 -0.79929168459663547 650.50000000000011 3069.5000000000005 53.01234533039905 2147.479166666667 2114.1250000000005 61.214329269409305 29053.500000000004 0.19999999999999954 6725.5000000000009 1199.5000000000002 0.86611171441869328 9.1250000000000018 2188.5000000000005 84.141737916666685 -1.948045977480209 33847.500000000007 79.610012000000026 90.280192000000014 29072.500000000004 93.19583925000002 8.5000000000000018 3363.5000000000005 762.50000000000011 2.1323028571185412 -0.41406514797033006 5271.0000000000009 4.5000000000000009 74.883707500000014 14.425000000000002 17.075000000000006 16.775000000000002
decision_type=2 2 2 2 2 2 2 2 2 2 2 2 2 2 2 2 2 2 2 2 2 2 2 2 2 2 2 2 2 2 2 2 2 2 2 2 2 2 2 2 2 2 2 2 2 2 2 2 2 2 2 2 2 2 2 2 2 2 2 2 2 2
left_child=1 34 3 10 6 17 7 9 12 24 51 -10 -9 38 15 -11 30 -3 19 44 -15 -7 23 -23 25 -4 58 -13 -29 -30 49 -12 39 41 35 46 37 -37 -5 40 -22 -34 -24 -41 45 -14 50 -48 -25 -6 -1 -2 -53 54 -50 -17 57 -35 -19 -43 -8 -33
right_child=2 5 4 13 16 21 60 8 11 14 31 27 18 20 -16 55 -18 26 -20 -21 32 22 42 48 -26 -27 -28 28 29 -31 -32 61 33 56 -36 36 -38 -39 -40 43 -42 59 -44 -45 -46 -47 47 -49 53 -51 -52 52 -54 -55 -56 -57 -58 -59 -60 -61 -62 -63
leaf_value=-0.91149208417150274 20.069527793043026 -1.0416015455535803 43.716798373606089 -1.3948230140207736 -2.0896443395282311 -1.1999618422696672 11.088732633623181 34.40322319536034 26.459989584529467 32.502157540969819 -1.3721116745698319 17.43559190738042 34.306666094356352 -0.81138212453631553 37.594106360844179 3.5879856273080941 20.658884106096629 -1.3071089277831334 24.210499021107481 10.521464152818135 -0.069841024065719348 -1.1937070372139864 5.8221914086389042 -0.90525791596061433 40.525407620343081 -1.7305841193503555 -0.67260560330702612 18.081409226529253 -3.2153427517287945 0.70001445959883313 -0.79942393131468636 -0.62386451817981725 15.983465195228881 -0.60299420440329243 -0.91149208417150274 -0.61557420495551907 -0.58900145626377254 0.10832632187377925 5.1763108160618687 3.6126595458200534 2.6355007916385351 -2.4479077543021508 0.087361075738064245 -2.5387709859242942 5.940161683109463 -4.6013053138787381 0.010106192711798698 -1.3014920841715027 -1.1968907867961707 14.770864279305796 -0.52149208417150272 12.1101464122158 -5.4302331162924924 1.7797457956317753 0.11314865827418948 -10.427220802160386 1.1552381512439267 -5.4520791758016705 9.5726930407982938 1.8401208000846405 38.565111497722903 17.911581942867713
leaf_weight=1574 203 276 44 199 39 50 22 32 188 31 54 68 20 85 55 44 85 21 40 33 112 54 26 118 412 22 29 34 29 93 261 20 44 137 905 27 56 36 29 20 162 20 102 21 31 189 30 42 25 110 21 61 21 25 42 40 50 26 33 22 283 23
leaf_count=1574 203 276 44 199 39 50 22 32 188 31 54 68 20 85 55 44 85 21 40 33 112 54 26 118 412 22 29 34 29 93 261 20 44 137 905 27 56 36 29 20 162 20 102 21 31 189 30 42 25 110 21 61 21 25 42 40 50 26 33 22 283 23
internal_value=-0.00364354 -0.0112617 0.00392618 0.000146666 0.00616843 -0.00555736 0.00745395 0.00641378 0.00358209 0.00971609 0.00501701 0.00654453 3.47725e-05 -0.0018574 0.0040388 0.0003649 0.00172086 -0.00922306 -0.00118812 -0.00257049 -0.000532113 -0.00257182 -0.00152257 -0.00385081 0.0117277 0.00494705 -0.00303249 0.00293173 0.000365151 -0.00218673 0.000358449 -0.00197734 0.000337079 -0.00194584 -0.0129583 -0.0121925 -0.00715365 -0.00066561 -0.0059053 0.00251349 0.00371032 0.00310105 0.00325527 -0.00540146 -0.00423574 -0.00550933 -0.0125499 -0.00661581 -0.00198477 0.00410463 -0.0128155 0.00740793 0.00288672 0.00192182 -0.00107303 -0.00353151 -0.00399812 -0.0057756 0.00160813 -0.0027791 0.0122321 0.00445476
internal_weight=7006 3492 3514 1309 2205 801 1710 1405 757 648 382 412 345 927 170 115 495 359 313 273 699 442 392 264 478 66 83 224 156 122 410 97 614 299 2691 1786 119 63 228 315 274 86 128 41 240 209 1667 72 210 149 1595 285 82 92 67 84 213 163 54 42 305 43
internal_count=7006 3492 3514 1309 2205 801 1710 1405 757 648 382 412 345 927 170 115 495 359 313 273 699 442 392 264 478 66 83 224 156 122 410 97 614 299 2691 1786 119 63 228 315 274 86 128 41 240 209 1667 72 210 149 1595 285 82 92 67 84 213 163 54 42 305 43
is_linear=0
shrinkage=0.03


Tree=80
num_leaves=63
num_cat=0
split_feature=56 55 10 55 60 10 55 55 58 55 46 10 6 10 59 13 55 10 56 17 21 56 36 55 24 21 55 10 27 47 38 27 3 60 35 39 49 58 3 67 10 28 52 49 5 14 14 68 14 47 58 6 54 58 31 49 58 44 48 24 49 37
split_gain=427.927 56.9838 39.5533 47.6115 41.7771 31.5023 18.9685 11.5792 10.1081 6.32267 6.01239 5.61219 5.34179 7.33698 6.43923 4.79922 4.40951 8.55058 9.45428 4.41448 4.34114 4.31309 4.184 3.8029 3.6911 3.64668 3.50567 3.44827 3.32953 4.07978 3.66546 3.57782 3.11702 3.02262 4.24975 3.13678 2.89537 2.92209 2.88594 4.13334 2.81992 2.80947 2.69855 2.63372 2.5734 2.38249 2.70089 2.33325 3.56508 2.64002 2.48328 2.33181 2.82101 2.41991 2.3225 3.09598 3.55022 2.82724 2.39721 2.30728 2.87668 3.46966
threshold=301.00000000000006 9953.5000000000018 0.74305326206722599 42.500000000000007 1489.5000000000002 1.0000000180025095e-35 6296.5000000000009 5496.5000000000009 4518.8958333333348 65.500000000000014 33824.083333333336 0.56392291514228221 3.5000000000000004 0.96386255839173451 352.50000000000006 96853.500000000015 2686.0000000000005 0.87900005428953576 4998.0000000000009 -1.4749999999999999 3.0487249343699108 8157.5000000000009 10144.000000000002 2611.0000000000005 58.045719000000005 3.3913596321553325 9026.5000000000018 0.87900005428953576 16.060440314190355 220.50000000000003 12817.458333333334 11.131274888548623 64.354798707297775 2787.5000000000005 17718.500000000004 42336.000000000007 209.50000000000003 2899.9791666666674 52.159737909725159 100622.00000000001 0.87900005428953576 -3.8186239999999994 1551.5000000000002 211.50000000000003 5.5000000000000009 81977.854166666672 78257.479166666672 88965.000000000015 97877.541666666672 221.50000000000003 2135.3333333333335 8.5000000000000018 802.91666666666686 1297.7291666666667 65.261257126571763 1841.5000000000002 3271.4583333333335 32212.500000000004 255.50000000000003 77.722240000000014 242.50000000000003 17210.500000000004
decision_type=2 2 2 2 2 2 2 2 2 2 2 2 2 2 2 2 2 2 2 2 2 2 2 2 2 2 2 2 2 2 2 2 2 2 2 2 2 2 2 2 2 2 2 2 2 2 2 2 2 2 2 2 2 2 2 2 2 2 2 2 2 2
left_child=2 5 3 -1 15 7 8 23 16 12 33 21 13 -4 27 -5 19 18 -18 43 47 -8 -20 -2 44 -23 -27 -14 29 41 -30 -31 -17 34 35 -6 -16 40 -26 -40 -38 -22 -29 -7 45 46 -9 -21 50 -50 -49 52 -25 -54 55 56 -47 58 -58 -39 61 -61
right_child=1 -3 9 4 10 6 11 24 -10 -11 -12 -13 14 -15 36 32 17 -19 22 20 28 25 -24 51 38 26 -28 42 30 31 -32 -33 -34 -35 -36 -37 37 59 39 -41 -42 -43 -44 -45 -46 54 -48 48 49 -51 -52 -53 53 -55 -56 -57 57 -59 -60 60 -62 -63
leaf_value=-0.91414732164635759 -1.0251028307423449 43.110342899432105 -0.89546654083430099 0.043171052824606586 -0.53993223653493405 -0.017895978669155283 18.321236726226452 0.15780072514065976 34.240234316488085 1.118382577011463 0.022449295023802732 38.285686022901608 -1.0157634874873613 -1.2678956599496358 1.5673002607840532 0.024840944530057561 24.073332328081928 38.439903884370388 -11.805954590784495 -6.2959478699560458 -7.6547369877647995 14.702244076731025 -0.11670982063189513 -1.2470120907487257 13.829133579958798 -5.3295615950275259 12.659735979622655 0.022546788442236333 12.856252244872925 -0.66870345903708084 -7.8816623285826584 24.737774348175016 -0.24179574447491947 -0.84217292436912139 -0.87135087032712122 0.32303898856364882 -0.94943057604215442 -0.97781435733941457 -1.7954813383054093 2.0172172574682952 -0.40228937862436426 16.503170992292251 -2.1399307010488178 27.506750100814315 4.4327478334970687 4.3407698761297979 -7.0297250254229127 5.9523887038940071 1.6069686618667389 -5.3111331392048537 -0.26138742570470641 -1.2318865455097898 4.4790522009930775 -0.33511037970128116 -4.1491607184509389 5.9807080856114929 1.9823815484805891 5.2398155145110925 -4.5659147594418457 0.38602952641854127 1.9883250568645474 -1.0513475151230136
leaf_weight=2095 115 509 177 120 21 38 120 21 79 34 33 275 64 103 26 30 74 124 23 66 27 80 215 47 73 49 22 47 20 26 37 86 24 399 36 23 32 22 68 256 49 47 23 57 73 111 33 32 33 70 47 53 20 236 33 33 23 41 122 70 26 38
leaf_count=2095 115 509 177 120 21 38 120 21 79 34 33 275 64 103 26 30 74 124 23 66 27 80 215 47 73 49 22 47 20 26 37 86 24 399 36 23 32 22 68 256 49 47 23 57 73 111 33 32 33 70 47 53 20 236 33 33 23 41 122 70 26 38
internal_value=-0.00362641 0.00376398 -0.0110641 -0.0126792 -0.00581111 0.00219028 0.00497966 -0.00119063 0.0027082 -0.00474195 -0.0101289 0.0095532 -0.00537882 -0.00855766 -0.00312768 0.00687536 0.0019049 0.00418941 0.00152836 0.000199625 -0.000940745 0.00646256 -0.00137337 -0.00499257 0.000825161 0.00305758 -0.00185654 -0.00847875 0.00190045 0.00385277 -0.00441331 0.00746655 -0.000499076 -0.0109831 -0.00558052 0.000612245 -0.000387685 -0.00144243 0.00297658 0.00174946 -0.00606658 -0.00157895 -0.00380884 0.00611987 -0.000912059 -0.0018269 -0.00770795 -0.0037364 -0.00196046 -0.005645 0.00280657 -0.00344566 -0.00241504 -0.0011597 -0.000941889 -0.000172675 -0.00115113 -0.00369156 -0.00566506 0.000941704 0.00243848 0.000249769
internal_weight=7006 3514 3492 2781 686 3005 1647 1358 1101 711 512 546 677 280 397 174 1022 436 312 586 491 271 238 471 887 151 71 134 243 186 57 112 54 479 80 44 263 237 397 324 81 74 70 95 490 417 54 248 182 103 79 356 303 256 363 330 297 186 145 156 134 108
internal_count=7006 3514 3492 2781 686 3005 1647 1358 1101 711 512 546 677 280 397 174 1022 436 312 586 491 271 238 471 887 151 71 134 243 186 57 112 54 479 80 44 263 237 397 324 81 74 70 95 490 417 54 248 182 103 79 356 303 256 363 330 297 186 145 156 134 108
is_linear=0
shrinkage=0.03


Tree=81
num_leaves=63
num_cat=0
split_feature=4 58 34 57 57 4 4 56 4 16 3 62 21 38 58 45 38 2 24 58 61 27 3 34 17 12 38 62 45 46 58 58 45 62 50 29 47 32 37 43 38 38 33 5 15 49 2 56 58 24 34 25 15 26 19 64 52 21 27 61 26 2
split_gain=428.013 40.4562 24.4895 16.6281 16.4565 13.5644 13.1267 9.17027 7.08659 6.78616 6.14366 5.22385 13.9773 9.34521 4.7943 4.79021 4.77175 4.34187 4.15677 4.01251 4.12966 3.8305 3.80467 3.36762 3.99159 3.78248 3.3454 3.32661 3.27699 3.25996 3.15153 3.07118 3.04703 3.02943 3.00757 3.59511 3.80539 2.9939 2.92046 9.87257 4.0188 2.80934 3.77439 4.34275 2.91986 2.5869 2.52879 2.45863 3.8048 2.90916 2.45778 2.42256 2.31083 3.43037 3.64911 2.66286 2.72476 2.46569 2.41726 2.22475 2.18962 2.4236
threshold=10.500000000000002 3815.8958333333339 -0.35224480761034366 6599.0000000000009 411.50000000000006 22.500000000000004 12.500000000000002 4401.5000000000009 9.5000000000000018 1684.5000000000002 52.382967676703558 972.79166666666686 4.535651266121639 12258.583333333336 2839.4583333333339 29995.500000000004 11704.125000000002 78.705185000000014 61.427646000000003 4739.7500000000009 1616.0000000000002 16.625004749383294 55.44290038940558 1.4751221336119331 27.525000000000002 108101.50000000001 11956.10416666667 1588.7708333333337 32455.500000000004 32545.520833333336 4518.8958333333348 652.25000000000011 27900.000000000004 1640.9375000000002 237.31250000000003 57.925512034654304 224.50000000000003 63.945073564632246 28477.000000000004 33811.500000000007 15837.083333333334 12076.79166666667 1.9597673104899072 2.5000000000000004 11092.539306546432 225.50000000000003 60.748380000000004 5746.0000000000009 2135.3333333333335 77.722240000000014 -0.83772353834556756 61.664127500000014 8024.4056031949412 69.493018333333353 17.425000000000001 8648.0000000000018 1935.5000000000002 2.7663885018184025 6.1154141032137126 3630.5000000000005 93.19583925000002 77.563045000000002
decision_type=2 2 2 2 2 2 2 2 2 2 2 2 2 2 2 2 2 2 2 2 2 2 2 2 2 2 2 2 2 2 2 2 2 2 2 2 2 2 2 2 2 2 2 2 2 2 2 2 2 2 2 2 2 2 2 2 2 2 2 2 2 2
left_child=4 2 6 23 8 7 15 30 11 18 26 12 -1 -14 -10 -2 50 -16 -5 20 -9 31 -20 24 25 52 -8 -6 41 33 34 -18 -33 -22 -3 -36 -37 51 60 40 -40 -11 -43 -44 -45 -19 -35 -34 -49 -50 -12 -7 55 -54 -55 56 58 -56 -4 -25 61 -13
right_child=1 5 3 9 27 37 10 19 14 28 16 38 13 -15 17 -17 21 45 22 -21 29 -23 -24 59 -26 -27 -28 -29 -30 -31 -32 32 47 46 35 36 -38 -39 39 -41 -42 42 43 44 -46 -47 -48 48 49 -51 -52 -53 53 54 57 -57 -58 -59 -60 -61 -62 -63
leaf_value=-0.98888340775445904 6.3473063990312397 -2.6004157370011836 0.82540200779320683 -1.2152380740233468 -1.1512513769946395 -1.718737984592883 12.504752338702614 36.216990802755745 -0.77838663204326097 18.825025286063241 9.0883907340234771 -0.81188501882054875 -0.98971671775445913 0.027561739178483577 -1.2090781499193051 -1.4578162320361456 -1.2435553673366599 0.068117934927943935 13.310071253697133 56.386338063993541 -2.2334471463601222 -2.6722232091313436 -0.21746603262315148 -1.4719066375527869 3.6721450790117953 -1.1907031624208557 36.717051940667581 -0.090650601739817066 14.772043135635759 23.082095751123088 15.718617618811395 -2.3162303540576303 23.558457368384015 17.965267682751563 15.050719978694152 -6.1305083697631471 3.7356464731879879 -2.9180592619826697 -0.044212021268780183 0.031342423213632779 -0.64680191694667821 12.733757048165424 -5.9648497196631025 15.69804386568654 -3.9249851424976074 -0.8409603806282332 3.1909257457362901 -2.8401896207143724 22.552303648321757 -1.2504078837093628 -5.8409668728756241 0.64778423747085523 15.742007015038869 4.1773220629703838 1.0835369020262533 29.287868172174644 2.5031556475322438 -1.8064723897996156 -0.98190901792949825 -0.088528951216400739 -0.44741026141558277 -0.88672290199696668
leaf_weight=99 21 22 61 198 40 40 88 358 119 30 35 1136 23 43 47 52 23 65 91 206 37 54 77 157 26 216 154 162 74 82 57 24 263 101 47 27 50 20 20 24 105 58 40 43 43 61 52 36 123 36 29 33 46 36 39 21 27 39 352 50 26 1242
leaf_count=99 21 22 61 198 40 40 88 358 119 30 35 1136 23 43 47 52 23 65 91 206 37 54 77 157 26 216 154 162 74 82 57 24 263 101 47 27 50 20 20 24 105 58 40 43 43 61 52 36 123 36 29 33 46 36 39 21 27 39 352 50 26 1242
internal_value=-0.0036521 0.00316992 0.00114834 -0.000972681 -0.011711 0.00792068 0.00504957 0.00890386 -0.0122677 0.00279315 0.00608253 -0.0127468 -0.00752271 0.00313162 -0.00779528 -0.0071409 0.00449687 -0.00457539 7.37503e-05 0.0102942 0.00908903 0.00538723 0.00355146 -0.00327726 -0.00244699 -0.0028097 0.0101487 -0.00339931 0.00623742 0.00627343 0.003161 0.00620075 0.00671437 0.00408732 0.000800821 0.00263497 -0.00132296 -0.003029 -0.0130829 -0.0089336 -0.0123261 0.00432975 0.00291689 0 0.00379791 -0.00164155 0.00595689 0.00726261 0.00467453 0.00667505 -0.00322933 -0.000164159 -0.00161327 0.00148032 -0.00128834 -0.00269356 -0.003197 -0.00495519 -0.00380537 -0.00672139 -0.0133385 -0.0134338
internal_weight=7006 3794 2662 1724 3212 1132 938 1039 3010 654 865 2718 165 66 292 73 623 173 366 836 630 559 168 1070 863 837 242 202 288 272 203 505 482 190 146 124 77 93 2553 149 125 214 184 126 86 126 153 458 195 159 64 73 621 160 114 461 440 78 413 207 2404 2378
internal_count=7006 3794 2662 1724 3212 1132 938 1039 3010 654 865 2718 165 66 292 73 623 173 366 836 630 559 168 1070 863 837 242 202 288 272 203 505 482 190 146 124 77 93 2553 149 125 214 184 126 86 126 153 458 195 159 64 73 621 160 114 461 440 78 413 207 2404 2378
is_linear=0
shrinkage=0.03


Tree=82
num_leaves=63
num_cat=0
split_feature=4 58 56 56 4 4 62 23 20 56 56 4 2 27 20 58 12 3 16 56 35 58 2 42 42 45 58 62 61 29 61 66 64 15 21 32 37 45 21 62 21 45 33 22 0 61 25 43 52 3 45 21 26 62 61 35 18 26 62 2 31 52
split_gain=405.984 41.68 22.4603 14.0404 12.6821 10.6495 8.84582 8.05798 8.00006 9.54319 7.9724 7.73498 5.94803 5.64882 5.16749 5.06979 4.47331 7.85536 5.97042 6.57356 4.44199 4.24848 4.21311 4.19087 4.42545 4.14791 4.38618 4.07837 3.9152 3.74282 3.67349 3.62888 3.62311 4.14355 3.54547 4.45871 4.68676 4.35151 9.61903 3.83897 6.00117 3.36018 4.10799 3.34214 3.57764 3.30225 3.07794 2.97765 2.92707 3.32022 2.99497 2.92122 3.48342 2.91773 2.81826 3.03262 2.67532 2.66912 2.65285 2.82342 2.64622 2.61835
threshold=10.500000000000002 3828.7708333333335 339.00000000000006 48.500000000000007 22.500000000000004 18.500000000000004 996.20833333333337 94.583383000000012 -10.361458333333331 593.00000000000011 4401.5000000000009 9.5000000000000018 49.471368000000005 15.832575281318979 0.65104166666666685 2635.2500000000005 84814.000000000015 56.064141967873049 3824.0000000000005 5814.5000000000009 12742.000000000002 4739.7500000000009 78.705185000000014 35024.354166666679 32479.270833333339 31763.500000000004 652.25000000000011 2033.8750000000002 1616.0000000000002 59.672056660032887 662.50000000000011 1668.5208333333337 328.50000000000006 4704.8619203012522 3.6715634366306591 66.178372350749413 28616.000000000004 28061.500000000004 4.535651266121639 972.79166666666686 4.535651266121639 32959.000000000007 2.0036654590100595 -0.050000000000000148 82454.000000000015 1464.5000000000002 55.895052000000007 32519.500000000004 1102.5000000000002 60.389750862887375 31683.000000000004 3.7120931277697791 48.563695979166674 1855.3958333333335 1616.0000000000002 12570.500000000002 15.125000000000002 69.595938375000017 1640.9375000000002 60.748380000000004 62.284049537457953 1329.5000000000002
decision_type=2 2 2 2 2 2 2 2 2 2 2 2 2 2 2 2 2 2 2 2 2 2 2 2 2 2 2 2 2 2 2 2 2 2 2 2 2 2 2 2 2 2 2 2 2 2 2 2 2 2 2 2 2 2 2 2 2 2 2 2 2 2
left_child=3 2 14 11 10 7 20 13 -8 -10 -3 34 57 16 -2 -13 23 54 19 25 -5 28 -17 24 -4 -19 -27 29 -12 31 -24 -14 -15 -34 -1 36 37 38 -36 40 -39 42 -29 -16 -45 -44 -6 58 -21 50 -50 -41 -53 -11 -18 -56 61 -7 -30 -60 -51 -33
right_child=1 4 5 6 46 12 8 -9 9 53 21 15 27 32 43 22 17 18 -20 48 -22 -23 30 -25 -26 26 -28 41 47 -31 -32 56 33 -35 35 -37 -38 39 -40 51 -42 -43 45 44 -46 -47 -48 -49 49 60 -52 52 -54 -55 55 -57 -58 -59 59 -61 -62 -63
leaf_value=-0.83236635143235027 -1.0788841631636108 7.1258238563884282 4.1206687406031053 -0.49549101294541781 -2.7410981199848243 1.6194820853652345 0.1973467002726508 -2.118155365206388 -0.77952158503185087 -1.0838730136595245 35.099222888366512 -0.83500880653332443 13.918485796085706 21.185244291571792 -0.76086515884578387 -1.1536232431683793 25.489242132437056 0.17453535788564067 19.381086503949266 -3.4025597645316044 0.026494199146368514 54.694747922073716 -0.88320423619950417 23.066619572544035 -5.6866557048194313 -0.19708984819145484 23.970817231081604 7.0728872681378752 -2.1455449665335209 -2.1355243240033528 0.11475450702024062 -1.0751128178153293 11.292166488152851 -2.5920565128573978 0.0098787850629422982 0.062062944856519663 -0.30635769292373494 -0.94106075559241731 -0.96002521622182524 -0.44236635143235031 0.025038471577336591 -1.9293208390046996 16.688443022683874 -2.5067964904052995 5.7182585937245136 -1.0960360691496782 0.28144923250533083 21.651900445492902 -2.223735278782192 -8.0319226498343141 24.476675343618854 -0.32124378318470403 -0.83236635143235027 -0.052720751149373794 -5.4275648234580283 34.563230744489942 -2.4205749642503473 16.356987246447357 18.783068858889635 0.88927556599903257 1.5357873617523272 4.3811945129096506
leaf_weight=1434 169 198 79 22 35 177 22 86 329 42 349 97 23 32 164 50 269 82 126 36 23 206 51 56 47 22 132 140 36 112 77 83 21 104 38 27 34 34 46 22 27 24 40 37 70 118 56 82 32 35 32 20 695 122 28 44 128 66 97 50 31 40
leaf_count=1434 169 198 79 22 35 177 22 86 329 42 349 97 23 32 164 50 269 82 126 36 23 206 51 56 47 22 132 140 36 112 77 83 21 104 38 27 34 34 46 22 27 24 40 37 70 118 56 82 32 35 32 20 695 122 28 44 128 66 97 50 31 40
internal_value=-0.00360072 0.00304341 0.00102119 -0.0114495 0.00793616 0.00223687 -0.00711837 0.00400819 -0.00823529 -0.00902859 0.00889598 -0.0123627 -0.000170329 0.00464117 -0.00517382 -0.00756816 0.00543431 0.00633069 0.00402765 0.00223079 0.00558758 0.0102024 -0.00453116 0.00113674 -0.00187946 0.00545108 0.00835172 -0.00156334 0.00893503 -0.00364413 -0.00161593 -0.00174024 -0.000649268 -0.00297362 -0.0129157 -0.0114643 -0.0118186 -0.0122401 -0.00567182 -0.012927 -0.00559738 0.000922074 0.00180141 -0.00258945 0.00151261 -0.00149905 -0.00276619 0.00615617 -0.00232992 -0.000207533 0.00463339 -0.0135287 -0.013861 -0.00308958 0.00988566 0.00453537 -0.0027957 0.00387495 0.00399782 0.00579198 -0.00494705 0.000341186
internal_weight=7006 3794 2685 3212 1109 2245 560 1294 515 493 1018 2652 951 1208 440 275 1051 869 528 402 45 820 178 182 126 236 154 708 614 386 128 274 157 125 2377 943 916 882 84 798 61 322 298 271 107 158 91 265 166 130 64 737 715 164 341 72 251 243 183 147 66 123
internal_count=7006 3794 2685 3212 1109 2245 560 1294 515 493 1018 2652 951 1208 440 275 1051 869 528 402 45 820 178 182 126 236 154 708 614 386 128 274 157 125 2377 943 916 882 84 798 61 322 298 271 107 158 91 265 166 130 64 737 715 164 341 72 251 243 183 147 66 123
is_linear=0
shrinkage=0.03


Tree=83
num_leaves=63
num_cat=0
split_feature=56 55 55 60 4 34 55 4 16 55 3 43 62 34 16 4 1 34 24 32 56 34 55 49 33 49 4 34 33 1 56 26 62 6 56 61 7 16 68 45 21 53 52 48 34 16 32 52 55 39 62 69 60 17 32 34 23 45 43 60 51 56
split_gain=387.881 59.7659 52.9441 51.2207 44.7901 29.8579 19.6115 13.6609 7.41472 7.18926 7.00207 6.71479 6.05504 6.02165 6.6966 5.06568 4.98244 4.41243 4.25252 4.18451 4.17254 3.84815 3.92116 4.39672 3.7568 3.59065 3.48239 3.40345 3.36409 3.31035 3.26316 3.22677 3.19042 6.27407 3.11622 2.95654 3.13889 3.07466 2.88085 3.75144 2.8264 2.67002 2.45779 3.36048 2.41104 2.4019 2.33221 2.29734 2.18682 2.17991 2.58536 2.17808 2.15872 2.54513 2.14951 2.1482 2.67155 2.13378 2.12394 2.52744 2.11513 2.99258
threshold=301.00000000000006 9953.5000000000018 39.500000000000007 1489.5000000000002 9.5000000000000018 -0.81327009816320472 6948.5000000000009 17.500000000000004 5160.5000000000009 6248.0000000000009 62.86388036797856 33811.500000000007 2529.3125000000005 -2.3181991866177003 2573.5000000000005 10.500000000000002 0.4250000000000001 0.29416207820783319 53.205295000000007 59.946402759470082 10451.000000000002 0.81789552298973345 4024.0000000000005 220.50000000000003 3.0822265837289637 485.50000000000006 18.500000000000004 -0.36268519593199139 1.8597501882320771 15.125000000000002 17.500000000000004 74.32667585416668 1649.8750000000002 4.5000000000000009 5814.5000000000009 4925.0000000000009 25.500000000000004 473.00000000000006 110287.50000000001 31939.500000000004 1.9503007477585816 1706.5000000000002 1102.5000000000002 258.50000000000006 0.77689139346648528 505.50000000000006 65.274129353811531 674.50000000000011 10401.500000000002 35502.500000000007 1481.5625000000002 107385.00000000001 1624.5000000000002 24.375000000000004 52.778297827254555 0.36546343418585542 47.427121500000005 32455.500000000004 29301.500000000004 1638.5000000000002 1726.5000000000002 894.00000000000011
decision_type=2 2 2 2 2 2 2 2 2 2 2 2 2 2 2 2 2 2 2 2 2 2 2 2 2 2 2 2 2 2 2 2 2 2 2 2 2 2 2 2 2 2 2 2 2 2 2 2 2 2 2 2 2 2 2 2 2 2 2 2 2 2
left_child=2 5 4 10 -1 9 8 58 18 13 -4 27 15 -2 16 32 -15 20 38 34 -9 22 24 -24 47 -12 -13 51 31 -26 -17 -25 -6 -34 -18 36 37 -19 -7 -40 -32 -38 -30 -44 -42 49 -37 -20 55 -23 -51 -5 53 -39 -54 -3 -57 -56 -8 -60 61 -49
right_child=1 48 3 11 12 6 7 17 -10 -11 25 26 -14 14 -16 30 19 35 21 -21 -22 45 23 28 29 -27 -28 -29 42 -31 40 -33 33 -35 -36 46 41 52 39 -41 44 -43 43 -45 -46 -47 -48 60 -50 50 -52 -53 54 -55 57 56 -58 -59 59 -61 -62 -63
leaf_value=-0.83515022439408726 49.790470535398121 27.243599285584494 0.063551410829062072 0.0095824215110539516 -0.92613269965409839 -2.1449651512421792 13.457333860995686 11.351125522426891 27.816798709951836 31.174372919099703 0.060201056510824032 1.076164051842992 0.20707021959603195 22.256583754440307 29.44782991524982 -1.0857071172163839 10.208296768213017 -4.9497897369660331 -5.300903480378147 -7.8428847534271169 -5.1032118444450765 0.26511511651976094 9.6072429944110631 12.394793358919014 27.122713409680291 -0.65060317054285166 -1.0359925154080982 -0.72287752203419664 -4.8477902350622299 -4.9940447706942903 -2.2260817365058894 0.47771986054458465 -0.99865736243063297 -0.16671081046036404 -1.2014097155002945 10.362970077194786 9.7928107720619675 7.6167016169093493 1.6005190211087472 -1.492320899118619 0.18110656209701345 -1.3949468272958621 8.4871991818363597 -1.2257232672210283 -0.72126611940550311 -1.1590197934633166 -1.5440003638239841 5.2270238595114593 48.871160764291361 -1.3709374504637022 -0.33655788745320747 -0.81885116587512663 4.3797274480065989 -3.0038066424586032 -4.4858563873411299 -1.6308922703410462 23.69024927199106 0.64950049902015927 27.048456727003558 2.3019566539620357 -1.2651382769648838 -0.88039068391894604
leaf_weight=2035 133 81 180 33 92 159 34 239 41 185 32 20 59 55 102 128 81 62 29 52 22 26 103 26 45 27 20 470 35 34 37 96 71 71 76 63 32 41 32 34 105 23 30 52 92 117 22 40 347 40 172 20 23 32 84 28 53 22 172 41 78 220
leaf_count=2035 133 81 180 33 92 159 34 239 41 185 32 20 59 55 102 128 81 62 29 52 22 26 103 26 45 27 20 470 35 34 37 96 71 71 76 63 32 41 32 34 105 23 30 52 92 117 22 40 347 40 172 20 23 32 84 28 53 22 172 41 78 220
internal_value=-0.00361357 0.0034225 -0.0106947 -0.00392345 -0.0127122 0.00181092 0.000186119 0.00361474 -0.00203108 0.00731911 0.00770389 -0.00886521 -0.00588002 0.00543378 0.00343349 -0.00678913 0.000897387 0.00137122 -0.00240991 -0.00120516 0.0044121 -0.0016639 -0.000491054 0.00192049 -0.00234701 -0.00121827 0.00291771 -0.00977251 -0.000301129 0.00356511 -0.00454847 0.00316953 -0.0102392 -0.00736805 0.00122215 -0.000586488 -0.00191789 -0.00328285 -0.00618392 -0.00086233 -0.00242204 0.0045735 -0.00394535 -0.00105968 -0.000974125 -0.00425796 0.00437133 -0.00362844 0.0129287 -0.00250735 -0.00352192 -0.00248588 -0.00146957 0.00262654 -0.003811 0.00997532 0.0064365 -0.00562677 0.00963982 0.0107555 -0.00291925 -0.00160323
internal_weight=7006 3514 3492 802 2690 3005 2321 912 1409 684 239 563 655 499 366 596 264 665 1368 209 261 1143 788 342 446 59 40 523 239 79 362 122 234 142 157 404 319 264 225 66 234 55 117 82 197 355 85 367 509 238 212 53 202 73 129 162 81 106 247 213 338 260
internal_count=7006 3514 3492 802 2690 3005 2321 912 1409 684 239 563 655 499 366 596 264 665 1368 209 261 1143 788 342 446 59 40 523 239 79 362 122 234 142 157 404 319 264 225 66 234 55 117 82 197 355 85 367 509 238 212 53 202 73 129 162 81 106 247 213 338 260
is_linear=0
shrinkage=0.03


Tree=84
num_leaves=63
num_cat=0
split_feature=56 55 55 60 10 34 55 10 55 46 34 44 24 6 59 10 67 33 55 10 60 68 70 45 10 10 56 64 46 57 65 7 69 57 36 64 64 55 13 70 65 64 66 69 56 34 21 44 64 55 56 21 43 36 38 56 9 59 47 34 28 45
split_gain=383.644 57.5631 56.4779 50.7951 46.4847 27.6723 18.9587 13.6844 7.70068 6.53704 6.2782 6.26431 5.90385 5.38356 7.6444 7.09295 5.37065 4.51559 4.10034 4.26159 3.79068 4.98062 4.80236 3.67939 3.40305 3.3307 3.30058 3.14763 3.99504 3.39342 3.08967 2.90326 2.88117 2.81252 2.81657 3.31376 3.03611 2.7173 2.63584 2.93381 2.89147 2.8688 2.78451 3.24694 2.56953 3.91117 2.49268 2.44204 2.63526 2.35544 2.34455 2.18022 2.13466 3.10009 2.13256 2.8726 3.18805 3.70004 3.09694 2.551 2.05011 2.25617
threshold=301.00000000000006 9953.5000000000018 39.500000000000007 1489.5000000000002 0.74305326206722599 -0.81327009816320472 6948.5000000000009 0.46472317204376884 6248.0000000000009 33824.083333333336 -2.9543167547537368 31830.500000000004 66.870440000000016 3.5000000000000004 352.50000000000006 0.96386255839173451 101614.00000000001 1.8862058519345721 4024.0000000000005 0.74305326206722599 3188.0000000000005 101784.00000000001 84259.020833333343 32620.000000000004 0.56392291514228221 0.87900005428953576 5553.5000000000009 732.50000000000011 29863.500000000004 11.500000000000002 956.50000000000011 12.500000000000002 89705.500000000015 411.50000000000006 14493.500000000002 4022.5000000000005 876.00000000000011 7395.0000000000009 103681.50000000001 106291.77083333334 7763.5000000000009 2602.5000000000005 2794.9375000000005 111118.00000000001 7847.5000000000009 0.78901808354421032 2.8864736396412245 30275.000000000004 1570.5000000000002 10477.000000000002 6845.5000000000009 1.9364156608676335 29160.000000000004 13908.500000000002 11646.29166666667 9920.5000000000018 1.0000000180025095e-35 4831.0000000000009 1028.0000000000002 0.02115352917114777 -2.1869574999999908 29438.500000000004
decision_type=2 2 2 2 2 2 2 2 2 2 2 2 2 2 2 2 2 2 2 2 2 2 2 2 2 2 2 2 2 2 2 2 2 2 2 2 2 2 2 2 2 2 2 2 2 2 2 2 2 2 2 2 2 2 2 2 2 2 2 2 2 2
left_child=2 5 4 16 -1 8 12 17 10 20 -2 26 33 15 25 -6 -4 -8 38 -20 21 22 -5 -18 -13 -15 47 -16 29 -29 44 -30 -27 -7 35 -35 -36 -9 39 40 51 -41 -40 -44 45 -19 -31 52 -49 60 -28 -14 53 -12 -32 56 57 58 59 -56 -3 -62
right_child=1 49 3 9 13 6 7 37 -10 -11 11 24 18 14 27 -17 23 30 19 -21 -22 -23 -24 -25 -26 32 50 28 31 46 54 -33 -34 34 36 -37 -38 -39 42 41 -42 -43 43 -45 -46 -47 -48 48 -50 -51 -52 -53 -54 -55 55 -57 -58 -59 -60 -61 61 -63
leaf_value=-0.81009571766226474 64.29346168597452 29.339408241587478 0.061978545551619246 -0.845640910373197 -0.99519542157162366 -1.3085253962873031 10.549478096695747 7.9121286983331167 30.239141731526722 0.015883760356775519 16.097796487975064 -2.3631582046350523 -3.7000953188961465 -0.94622663461556111 -1.0787003219408913 -1.3455928820492635 -0.6728297588293104 21.082715414388321 0.081290497065530182 15.911930094350408 -0.74747921286144992 -0.64596463012918359 0.51517681323858211 0.029108583634645271 22.913643896821942 -1.4305950793505244 -6.9874482292273479 -0.89369037443558319 1.2843608150894397 -1.6757371720797505 8.1085969677822369 -0.17123263106581943 0.47962375549743769 -1.725202898194077 2.0128671848307111 -0.43475570081544618 -0.52145882350779171 26.405854968570473 -1.2882647651568406 0.74806062335856149 16.306053468526887 20.127533069859751 -1.7966202844904884 2.9396658150063741 -8.4950507218555504 -1.978037626512384 0.60113378901183923 17.723891449546809 -9.6872780174615034 48.722250335001142 -0.21049788408261519 -0.53278326340568849 30.870509026399947 -8.2900367364082097 13.317416540387589 -6.7076459463996976 10.009953951095484 11.131113303722586 -8.4999132507062498 -0.84661978586996378 -0.20746120672936741 20.926908328946929
leaf_weight=2048 78 88 158 25 164 55 131 39 185 42 30 24 38 61 23 96 21 22 225 71 375 85 36 60 153 35 35 30 56 26 112 58 32 157 63 129 227 193 86 44 23 24 29 47 70 30 61 21 20 311 69 191 49 20 26 37 65 41 31 115 25 85
leaf_count=2048 78 88 158 25 164 55 131 39 185 42 30 24 38 61 23 96 21 22 225 71 375 85 36 60 153 35 35 30 56 26 112 58 32 157 63 129 227 193 86 44 23 24 29 47 70 30 61 21 20 311 69 191 49 20 26 37 65 41 31 115 25 85
internal_value=-0.00357503 0.0034225 -0.0106174 -0.00362424 -0.012701 0.00184087 0.000276593 0.00364763 0.00714369 -0.00854555 0.00519335 0.00373308 -0.00190334 -0.00564865 -0.00336823 -0.00898501 0.00795483 0.00149537 -0.000150366 0.00262411 -0.00946459 -0.00531828 0.0011784 0.00162762 0.00802936 -0.00934426 0.000602212 -0.000342385 0.000700995 -0.00317677 0.000295028 0.0047064 -0.00464978 -0.00405958 -0.0034317 -0.00554701 -0.00133402 0.00993968 -0.00186061 -0.00027179 -0.00177311 0.00524229 -0.00497841 -0.000749014 -0.00390663 0.00109405 -0.000137773 0.00361884 -0.00248175 0.0127519 -0.00342939 -0.00280227 0.00617558 0.00173653 0.00150316 0.000228499 0.00128371 -0.000478649 -0.00242301 -0.000510276 0.0101312 0.0073297
internal_weight=7006 3514 3492 802 2690 3005 2321 912 684 563 499 421 1409 642 382 260 239 680 778 296 521 146 61 81 177 128 244 254 231 117 549 114 67 631 576 286 290 232 482 320 252 68 162 76 122 52 87 140 41 509 104 229 99 50 427 315 278 213 172 141 198 110
internal_count=7006 3514 3492 802 2690 3005 2321 912 684 563 499 421 1409 642 382 260 239 680 778 296 521 146 61 81 177 128 244 254 231 117 549 114 67 631 576 286 290 232 482 320 252 68 162 76 122 52 87 140 41 509 104 229 99 50 427 315 278 213 172 141 198 110
is_linear=0
shrinkage=0.03


Tree=85
num_leaves=63
num_cat=0
split_feature=56 55 55 60 10 34 55 10 55 55 34 34 44 56 24 12 4 58 46 60 37 4 58 55 58 51 20 56 39 56 25 4 19 45 13 58 57 36 64 37 18 25 1 53 44 45 69 64 19 19 19 54 42 18 7 44 64 47 56 18 66 1
split_gain=383.181 56.4483 53.2194 47.0782 46.5097 27.157 13.2627 11.5262 7.04343 6.63634 6.05912 5.86082 5.98116 5.64412 5.45462 5.19204 4.91726 4.67736 4.58421 3.78281 4.90007 3.51184 3.4696 3.46439 3.65007 3.63488 3.55441 3.46401 3.46392 3.30058 3.29991 3.29389 3.25302 3.11062 3.01703 2.99886 2.98237 3.10183 3.55768 2.9181 2.76753 2.75178 2.67581 2.66842 2.64317 2.62281 2.56856 2.55174 2.74235 3.0464 2.48068 3.81529 3.1699 2.54069 2.45263 2.44204 2.63526 2.40346 2.34455 2.33433 2.18106 2.14173
threshold=301.00000000000006 9463.5000000000018 37.500000000000007 1489.5000000000002 0.74305326206722599 -0.81327009816320472 6948.5000000000009 0.56392291514228221 6248.0000000000009 10138.000000000002 0.29416207820783319 -2.9543167547537368 31830.500000000004 30.500000000000004 66.870440000000016 94499.500000000015 18.500000000000004 3876.0416666666674 33824.083333333336 3188.0000000000005 16255.500000000002 10.500000000000002 3721.4791666666674 2686.0000000000005 4518.8958333333348 1949.5000000000002 -6.0062499999999988 9819.5000000000018 31006.000000000004 5553.5000000000009 65.227120000000014 16.500000000000004 -4.3749999999999991 33847.500000000007 94805.000000000015 2796.4375000000005 411.50000000000006 14493.500000000002 4022.5000000000005 19247.500000000004 26.325000000000006 52.713714500000002 20.275000000000002 643.50000000000011 33841.500000000007 32455.500000000004 88522.500000000015 5273.5000000000009 26.125000000000004 30.325000000000006 27.375000000000004 1918.5416666666667 43272.916666666679 28.075000000000006 23.500000000000004 30275.000000000004 1570.5000000000002 758.00000000000011 6845.5000000000009 29.825000000000006 991.79166666666686 24.825000000000006
decision_type=2 2 2 2 2 2 2 2 2 2 2 2 2 2 2 2 2 2 2 2 2 2 2 2 2 2 2 2 2 2 2 2 2 2 2 2 2 2 2 2 2 2 2 2 2 2 2 2 2 2 2 2 2 2 2 2 2 2 2 2 2 2
left_child=2 5 4 15 -1 8 14 10 11 16 34 -2 29 17 36 -4 -3 42 19 20 -5 -15 -18 24 32 26 -25 50 -19 55 -28 -14 -16 39 35 -8 -7 38 -38 -17 -27 -29 -6 -40 -20 -24 -37 48 -39 -50 51 52 -12 -52 60 -13 -57 -54 -31 -55 -36 -10
right_child=1 9 3 18 13 6 7 -9 61 -11 27 12 31 21 23 33 22 28 44 -21 -22 -23 45 25 -26 40 30 41 -30 58 -32 -33 -34 -35 54 46 37 47 43 -41 -42 -43 -44 -45 -46 -47 -48 -49 49 -51 53 -53 57 59 -56 56 -58 -59 -60 -61 -62 -63
leaf_value=-0.78579284613239675 62.364657835395278 28.583016983963951 0.060119189185070705 0.047222208103769744 -0.88299782172709218 -1.2692696343986838 12.972877984320856 31.143073353288763 27.861267532736345 41.317617207732418 1.6000705593615794 20.37422729083314 22.226234579917289 -0.92370818771470142 16.457750236182672 0.021962017372310568 16.505390241203077 1.109137458573586 0.16929425440514467 -0.72200283795445541 -0.62942546110787445 0.0062861930717531319 -1.9876452866993133 -2.0103248202422002 16.328059593867383 -1.1269658364287234 0.090555478942906123 -9.6683289867561228 -0.77055401771251242 -6.7778247823505353 6.649013137883955 -2.2922634584960009 -1.127467380462795 0.021342028627964034 5.7520970598573689 4.7066016382036606 -1.6734468112482546 0.1677596414994747 -2.4019112465206169 -0.65957512642563609 1.0774109679400681 -4.891394604287961 0.05753834460898169 0.17137051400284328 -0.56380854314510587 12.813979333430561 -4.3531262814120231 -3.6785289223291691 -1.4889070025696225 0.25582229421573016 5.1002455465364251 -8.5957375462593326 -5.2234568883705794 -5.4410187379596024 1.4703546820965856 17.192174706060413 -9.3966596769376523 -0.24593185313763341 -0.20418294756013891 11.446623411344307 16.389513682473989 4.8266683900198402
leaf_weight=2040 78 95 160 61 320 55 26 133 145 437 126 99 153 27 29 42 49 21 22 377 88 177 64 33 25 70 113 27 73 35 158 24 323 22 38 22 157 157 40 20 27 26 20 89 22 29 43 45 62 26 55 22 33 20 40 21 20 41 69 22 93 20
leaf_count=2040 78 95 160 61 320 55 26 133 145 437 126 99 153 27 29 42 49 21 22 377 88 177 64 33 25 70 113 27 73 35 158 24 323 22 38 22 157 157 40 20 27 26 20 89 22 29 43 45 62 26 55 22 33 20 40 21 20 41 69 22 93 20
internal_value=-0.00358787 0.00340542 -0.010626 -0.00390247 -0.0126683 0.00155171 -6.7552e-05 0.0031052 0.00686192 0.0112105 0.0014146 0.00507313 0.00366184 -0.00559003 -0.00179689 0.00711594 0.00713623 -0.00752592 -0.0086248 -0.00940316 -0.00531187 -0.00145517 0.00356791 -0.000111811 -0.00217979 0.00182498 0.00344295 -0.00104004 -0.00156217 0.000602212 0.00458134 0.00785997 -0.00297359 0.00103448 0.00491034 0.000461032 -0.00386943 -0.0032234 -0.00544215 -0.00236715 -0.00321318 -0.00813559 -0.00916495 -0.0017196 0.000612245 0.000128894 -0.00294931 -0.00102378 0.000171359 -0.00405221 0.00013162 -0.00160738 -0.000284858 0.00414006 0.00725891 0.00361884 -0.00248175 -0.00522267 -0.00342939 -0.00135392 0.00924485 0.0122471
internal_weight=7006 3514 3492 814 2678 2840 2176 767 664 674 634 499 421 638 1409 244 237 434 570 526 149 204 142 778 377 401 304 372 94 244 271 177 352 84 262 91 631 576 286 62 97 53 340 129 44 93 65 290 245 88 319 222 200 97 171 140 41 74 104 42 131 165
internal_count=7006 3514 3492 814 2678 2840 2176 767 664 674 634 499 421 638 1409 244 237 434 570 526 149 204 142 778 377 401 304 372 94 244 271 177 352 84 262 91 631 576 286 62 97 53 340 129 44 93 65 290 245 88 319 222 200 97 171 140 41 74 104 42 131 165
is_linear=0
shrinkage=0.03


Tree=86
num_leaves=63
num_cat=0
split_feature=56 55 55 10 60 34 55 10 55 55 34 46 34 10 56 12 43 24 55 10 34 6 59 60 37 10 7 10 69 56 41 33 59 17 35 60 41 20 55 20 49 65 37 22 64 49 51 36 33 33 14 19 30 24 47 1 33 60 55 50 24 1
split_gain=379.46 56.1495 52.6366 46.9828 43.2756 26.4238 12.6907 12.4777 6.92344 6.46443 6.24258 5.84074 5.67005 5.65732 5.51579 5.48558 5.34443 4.93462 4.31243 4.55391 4.16154 4.12906 5.4945 3.67642 4.90007 3.51184 3.43915 3.15981 3.13451 3.12889 3.10069 3.03742 2.85635 3.38475 3.26361 2.97139 2.69539 2.68687 2.79949 2.70746 2.60674 2.57248 2.63982 2.55627 2.5598 2.47379 3.09596 2.46433 2.66581 2.45066 2.29663 2.26984 2.25851 2.85835 2.20682 2.41106 2.19416 2.18897 2.137 2.22894 2.10852 2.05759
threshold=301.00000000000006 9463.5000000000018 37.500000000000007 0.74305326206722599 1489.5000000000002 -0.81327009816320472 7226.5000000000009 0.56392291514228221 6248.0000000000009 10477.000000000002 0.28261239758228746 33824.083333333336 -3.3759201351777288 1.0000000180025095e-35 30.500000000000004 92683.000000000015 31830.500000000004 66.870440000000016 4024.0000000000005 0.87900005428953576 0.75212358207691576 3.5000000000000004 507.00000000000006 3188.0000000000005 16255.500000000002 0.87900005428953576 7.5000000000000009 0.56392291514228221 85270.500000000015 5746.0000000000009 41469.500000000007 3.6948476769958791 4228.0000000000009 28.225000000000005 12236.500000000002 1686.5000000000002 37504.500000000007 23.005208333333336 5107.5000000000009 18.694791666666671 182.50000000000003 833.50000000000011 9588.5000000000018 2.274999999999999 4687.5000000000009 210.50000000000003 1822.5000000000002 11058.000000000002 2.9032270256656925 1.6213543999208819 93303.750000000015 0.62500000000000011 67.086867996869799 54.992815000000007 207.50000000000003 19.775000000000002 2.1241784107157877 2905.5000000000005 2913.5000000000005 351.70833333333343 82.769125000000017 24.825000000000006
decision_type=2 2 2 2 2 2 2 2 2 2 2 2 2 2 2 2 2 2 2 2 2 2 2 2 2 2 2 2 2 2 2 2 2 2 2 2 2 2 2 2 2 2 2 2 2 2 2 2 2 2 2 2 2 2 2 2 2 2 2 2 2 2
left_child=2 5 3 -1 15 8 17 10 12 13 31 23 -2 20 21 -4 29 37 40 28 -3 57 30 24 -6 -16 -17 -18 -20 50 -23 -8 34 -34 35 -12 -37 38 -7 49 -19 -42 -43 44 -31 -44 47 -47 51 -40 58 -49 53 -39 -51 -56 -36 -5 59 -14 -24 -10
right_child=1 9 4 14 11 6 7 -9 61 -11 32 -13 16 -15 25 26 27 18 19 -21 -22 22 60 -25 -26 -27 -28 -29 -30 43 -32 -33 33 -35 56 36 -38 52 39 -41 41 42 45 -45 -46 46 -48 48 -50 54 -52 -53 -54 -55 55 -57 -58 -59 -60 -61 -62 -63
leaf_value=-0.76221906074842494 66.457016423782392 16.365013202810168 0.059448259414660427 -0.96172024295933001 0.04580554186065669 -1.108750410325857 11.534276469297955 30.208781152690097 27.025429506754243 46.021054308719123 10.954196736599705 0.01603415443400202 -1.324889284926744 29.505342374563114 -0.89599694208326031 -0.0018201201019696356 -2.2234955547411173 7.2911123513690699 9.1918508202864402 34.074708316397519 -0.22889624155606042 -0.94281381334805836 -0.82528571021564578 -0.7003427528158217 -0.61054269727463828 0.0060976072795995151 0.051195395423909031 21.390750466566949 0.023735549198087822 -8.0828505744506209 -0.51373384605663297 -3.6482884074966933 11.115264928846113 -0.29556239786072863 1.74282471456253 5.9264246717479638 -3.536975234745332 -0.31865263260973048 7.0494595329337786 -1.6383186751166283 -5.2274518083018755 -9.2213884483505719 -1.6957877316602195 16.128765907666121 7.8927933142225717 -1.0622213134192953 -1.1534124420172402 -2.591435156213147 20.890014601958168 2.8467279662452345 -2.8551295219430175 1.478045850560352 -0.79447601169978743 2.0667609937360067 -1.6606197574310539 0.17760230318797915 -5.3604927940870404 -1.146708469245215 24.13140573167917 28.87362142217469 0.13622675175696683 4.6818683383192363
leaf_weight=2040 57 128 147 132 61 274 211 121 145 311 36 44 50 157 27 31 24 58 22 41 78 63 26 377 88 177 66 161 253 49 52 26 38 46 36 32 33 72 24 76 69 21 50 35 25 33 60 37 38 44 33 116 21 57 78 38 115 64 25 40 97 20
leaf_count=2040 57 128 147 132 61 274 211 121 145 311 36 44 50 157 27 31 24 58 22 41 78 63 26 377 88 177 66 161 253 49 52 26 38 46 36 32 33 72 24 76 69 21 50 35 25 33 60 37 38 44 33 116 21 57 78 38 115 64 25 40 97 20
internal_value=-0.00362213 0.00333713 -0.010626 -0.0126571 -0.00393932 0.00148833 -0.00010891 0.00323729 0.0067264 0.0111215 0.00138196 -0.00846694 0.00495292 0.00837786 -0.00554302 0.00662433 0.00379326 -0.00167802 -7.14196e-05 0.0026479 0.00508006 -0.00745681 -0.0047753 -0.00934613 -0.00531187 -0.00145517 0.00105046 0.00768233 0.00124318 0.000980163 -0.0094874 0.00511177 -0.0012407 0.00353151 -0.00284411 0.00130564 -0.00248848 -0.00354773 -0.00454409 -0.00229527 -0.00186061 -0.00268097 -0.00163897 -0.00285976 -0.00603239 -0.000978749 9.5037e-05 0.00172691 0.00304553 -0.000309614 0.00382849 0.00125408 0 0.00148722 -0.00166771 -0.00385013 -0.00563865 -0.0106935 0.0058384 0.0036293 -0.000341186 0.0120654
internal_weight=7006 3514 3492 2678 814 2840 2176 694 664 674 573 570 499 363 638 244 442 1482 798 316 206 434 238 526 149 204 97 185 275 257 115 237 336 84 252 101 65 684 534 260 482 424 355 109 74 334 284 224 191 184 148 153 150 129 160 116 151 196 115 90 123 165
internal_count=7006 3514 3492 2678 814 2840 2176 694 664 674 573 570 499 363 638 244 442 1482 798 316 206 434 238 526 149 204 97 185 275 257 115 237 336 84 252 101 65 684 534 260 482 424 355 109 74 334 284 224 191 184 148 153 150 129 160 116 151 196 115 90 123 165
is_linear=0
shrinkage=0.03


Tree=87
num_leaves=63
num_cat=0
split_feature=56 55 55 60 16 34 16 55 34 58 56 55 56 55 34 55 12 43 18 34 48 19 63 16 28 51 7 2 60 35 58 24 24 28 66 52 57 43 39 0 15 50 60 40 59 59 3 16 11 35 18 27 26 43 60 65 2 34 27 7 58 40
split_gain=369.768 56.9633 52.6762 41.9776 34.5012 26.7915 10.1472 8.56818 7.53629 6.81905 7.43886 6.46891 5.62711 5.50189 5.64544 5.32236 5.24466 4.81921 4.47326 4.36457 4.19624 4.69567 4.03482 3.89284 3.69664 4.32088 3.43915 3.39566 3.30301 4.70956 3.16899 3.10179 3.0876 3.19925 3.06196 2.95091 2.92949 2.91237 2.94232 2.90704 2.95923 2.85339 2.759 3.00157 2.7367 2.70718 3.2538 2.69272 2.54757 2.42738 2.29252 2.26605 3.21542 2.87315 2.50394 2.22304 2.22755 2.17081 2.09782 1.99194 1.98897 1.98842
threshold=301.00000000000006 9463.5000000000018 37.500000000000007 1489.5000000000002 1227.0000000000002 -0.41406514797033006 3370.0000000000005 4915.0000000000009 -3.3759201351777288 4487.479166666667 5814.5000000000009 10138.000000000002 30.500000000000004 5760.5000000000009 0.30330622150294678 4277.0000000000009 92683.000000000015 33811.500000000007 28.975000000000005 0.73636589160350863 215.50000000000003 16.125000000000004 6256.5000000000009 2278.5000000000005 -0.94127900000000142 949.50000000000011 7.5000000000000009 86.114955000000023 2832.5000000000005 19026.000000000004 2388.229166666667 75.815783000000025 53.748125000000009 -2.5019489999999922 5064.6250000000009 751.50000000000011 19.500000000000004 32767.500000000004 30426.500000000004 108940.50000000001 4550.3837661448606 253.10416666666671 2391.5000000000005 37738.500000000007 929.50000000000011 5178.0000000000009 53.807132086749839 694.50000000000011 94380.500000000015 16075.000000000002 20.775000000000002 15.642222383443229 74.022272770833339 29181.000000000004 1401.5000000000002 6621.0000000000009 47.168726000000007 -1.2517319120420252 8.8782132611513145 16.500000000000004 2321.666666666667 34347.500000000007
decision_type=2 2 2 2 2 2 2 2 2 2 2 2 2 2 2 2 2 2 2 2 2 2 2 2 2 2 2 2 2 2 2 2 2 2 2 2 2 2 2 2 2 2 2 2 2 2 2 2 2 2 2 2 2 2 2 2 2 2 2 2 2 2
left_child=2 5 4 16 -1 7 13 8 -2 10 39 19 30 31 22 34 47 28 27 -3 21 -16 24 -12 25 -15 -18 55 29 48 -6 35 33 -21 -8 -7 -14 38 -32 40 -10 -38 43 -27 -43 46 61 -4 -5 60 -40 52 -42 -54 -55 56 -9 -53 -57 -28 -33 -22
right_child=1 11 3 17 12 6 15 18 9 -11 23 -13 36 14 20 -17 26 -19 -20 32 45 -23 -24 -25 -26 42 59 -29 -30 -31 37 49 -34 -35 -36 -37 41 -39 50 -41 51 44 -44 -45 -46 -47 -48 -49 -50 -51 -52 57 53 54 -56 58 -58 -59 -60 -61 -62 -63
leaf_value=-0.73935248892597227 62.526927387543282 21.94579117868112 0.057664811632220675 -0.24024821480019515 -0.97525712445353929 -2.8914904459049948 -1.3451040293776713 9.0480203898245968 -7.8138285090544768 31.749159337419105 -6.0803324291817669 38.788125273840187 -0.93333190574623359 15.577810379292218 -0.058484575501208266 14.130998912017098 -0.0017655164989105996 0.013519683184658361 -6.9557007916121707 9.7654607921366274 -1.9290119574381879 10.085286985881549 -7.071691099373802 4.8878490786307385 13.676301002885229 -4.5381465723197101 0.088910565658693264 -0.63634214933234035 -0.67114096498064013 -0.68297092343720112 0.13435806885964013 3.460875012695519 12.436426840674317 -8.5828481830144483 22.875617027946589 -0.57663466576191746 -3.3048463893983628 0.27613244312620833 -0.87160443881275929 26.498433410643162 28.807886686625228 -0.5980642281306302 -4.2567268460322243 9.5663151234352419 7.9896778178660792 0.13310444234712462 -2.1416226379588079 0.041256158493926873 0.1327378160104459 -0.7228551488348598 -0.18623396929084091 10.035005297678435 -8.2045252075073396 0.65651708031944511 20.28748351340473 21.032200042929176 24.984772808157135 -6.6588662255999278 0.37278163757846411 -0.2321771425463435 -0.60092398013083759 6.3882598388722629
leaf_weight=2149 52 149 113 38 152 93 101 39 30 45 104 437 49 41 65 160 31 42 21 20 49 29 35 40 113 24 46 23 424 42 28 56 39 29 23 409 28 25 124 52 72 54 34 56 45 87 249 34 24 123 24 20 27 59 34 26 276 25 39 20 62 47
leaf_count=2149 52 149 113 38 152 93 101 39 30 45 104 437 49 41 65 160 31 42 21 20 49 29 35 40 113 24 46 23 424 42 28 56 39 29 23 409 28 25 124 52 72 54 34 56 45 87 249 34 24 123 24 20 27 59 34 26 276 25 39 20 62 47
internal_value=-0.0036778 0.003192 -0.0105916 -0.00390247 -0.0126235 0.00132988 -0.000790367 0.00533178 0.00288698 0.0017654 0.000673721 0.0110325 -0.00574939 -0.00173462 -5.06573e-05 0.0044245 0.00650143 -0.00836169 0.00855223 0.0070097 -0.00193309 0.00379384 0.00320686 -0.00497571 0.00446475 0.00143133 0.00105046 0.00925825 -0.00914031 -0.00429395 -0.00793543 -0.0036092 0.00166856 -0.00329939 -0.000217566 -0.0049532 -0.00134583 -0.00543013 -0.00679727 0.0032341 0.00195432 0.00103855 -0.00155127 0.00146067 0.00345106 -0.00318676 -0.00438134 0.0100748 0.000917874 -0.00079635 -0.00848751 0.0030873 0.00451327 0.00147377 0.0039957 0.00993686 0.010987 -0.00292683 0.00479263 0.00494705 0.0022608 0.000280957
internal_weight=7006 3514 3492 814 2678 2840 1856 984 560 508 463 674 529 1572 829 284 244 570 424 237 526 94 303 144 268 155 97 403 528 104 353 743 88 49 124 502 176 201 176 319 267 127 114 80 99 432 345 147 62 241 148 237 192 120 93 380 315 45 65 66 118 96
internal_count=7006 3514 3492 814 2678 2840 1856 984 560 508 463 674 529 1572 829 284 244 570 424 237 526 94 303 144 268 155 97 403 528 104 353 743 88 49 124 502 176 201 176 319 267 127 114 80 99 432 345 147 62 241 148 237 192 120 93 380 315 45 65 66 118 96
is_linear=0
shrinkage=0.03


Tree=88
num_leaves=63
num_cat=0
split_feature=4 22 57 57 3 16 15 16 4 42 3 62 21 43 50 2 17 28 62 43 1 44 3 23 61 3 59 61 4 11 61 46 7 45 44 21 62 20 50 31 26 43 3 35 28 60 62 45 44 22 57 62 25 48 49 16 13 48 47 15 15 43
split_gain=363.515 35.6559 16.0336 15.2854 11.5868 13.5497 9.39244 8.65621 7.08698 6.03996 9.47406 5.83874 17.7555 8.79791 5.20901 5.00754 4.90842 5.66908 4.46485 4.32583 4.28337 4.18158 4.15933 4.03467 3.99561 3.92264 4.07712 4.27758 3.90042 3.86053 3.64233 3.61728 11.794 3.79125 8.38009 6.19931 3.5898 3.571 3.4054 3.40181 3.27139 3.13555 3.42926 4.48568 3.08582 3.03165 2.89068 3.38145 3.51154 3.29875 2.75927 4.04354 2.8106 4.27952 5.37065 2.73418 2.69698 2.68802 2.65795 2.65675 3.69315 2.59171
threshold=10.500000000000002 0.42500000000000077 5738.0000000000009 411.50000000000006 53.11266639639026 3294.0000000000005 8595.5906034446361 1947.5000000000002 9.5000000000000018 35024.354166666679 57.838217933909114 972.79166666666686 4.535651266121639 28318.000000000004 103.39583333333336 83.672758000000016 -0.57499999999999984 -2.1233280000000039 2536.2500000000005 29855.500000000004 19.975000000000005 32355.500000000004 50.508136398715145 91.000580000000014 4925.0000000000009 58.630701277616943 3670.0000000000005 1377.5000000000002 22.500000000000004 103328.50000000001 1986.0000000000002 33824.083333333336 13.500000000000002 27949.500000000004 28588.500000000004 4.0823006284962906 1588.7708333333337 13.267708333333333 367.12500000000006 50.325262508857229 85.563996916666682 32322.500000000004 59.810924297666482 19689.500000000004 -4.0448549999999974 1222.5000000000002 924.47916666666686 29861.500000000004 29325.500000000004 -0.27499999999999858 17.500000000000004 2203.6875000000005 70.284875000000014 193.50000000000003 228.50000000000003 1860.0000000000002 75198.500000000015 212.50000000000003 216.50000000000003 11951.355702526382 14800.587345558672 27227.000000000004
decision_type=2 2 2 2 2 2 2 2 2 2 2 2 2 2 2 2 2 2 2 2 2 2 2 2 2 2 2 2 2 2 2 2 2 2 2 2 2 2 2 2 2 2 2 2 2 2 2 2 2 2 2 2 2 2 2 2 2 2 2 2 2 2
left_child=3 2 18 8 14 9 -7 22 11 -6 23 12 -1 -14 -3 19 17 -12 25 30 56 -22 -4 38 -24 29 27 -27 -26 46 -16 33 -33 34 -13 -36 -5 -32 -11 -40 44 -8 -43 -44 -18 -19 -2 48 -48 -49 61 52 53 54 -52 -42 58 -46 -10 -55 -61 -35
right_child=1 4 7 36 5 6 41 -9 20 10 16 31 13 -15 15 -17 40 45 -20 -21 21 -23 24 -25 28 26 -28 -29 -30 -31 37 32 -34 50 35 -37 -38 -39 39 -41 55 42 43 -45 57 -47 47 49 -50 -51 51 -53 -54 59 -56 -57 -58 -59 -60 60 -62 -63
leaf_value=-0.81711360484296047 -2.7527642144595825 -5.9779298628873905 10.808191408788788 -0.97437939115650984 -3.5420018075617827 -1.3804722177758366 27.084253711227575 17.323111304614411 -0.80019869514407205 7.8149946334257034 25.36501542773301 -0.74717191425819307 -0.81324614959927644 0.022148035992016018 28.667204145848036 -2.0517924217823293 -5.5414156930319312 -2.2919056546573846 6.5614405701953906 43.33660850149478 -0.99612773754635897 0.69537249752045049 -0.76882716089604397 -3.93963367688586 14.485328772737294 -0.65760182896121588 0.0077528264965819457 -0.96160949574940369 -2.3662532111206107 3.2418544940814855 41.329537010936654 -1.077171914258193 0.01149937863394058 -0.83941705075348549 -0.30787038136356987 0.055934867283254017 -0.11387632954675027 -4.6531242248131202 -2.9123685348046817 21.594239833285528 -0.38323163114183445 40.007747806602744 -4.034489398908538 17.266780135801355 6.6973675781426252 19.213723702551679 -0.3762925929284347 -0.89353178307332592 6.6174331569182341 -0.042150892868104389 -0.6447507278009148 -0.60010494245873813 -0.57829458712996529 -0.43606954380970181 0.054802221378112109 16.102739720977052 -0.75197212337473462 -1.0403935587366071 0.081990700087338414 0.2163526291244294 -0.60283937803422427 -0.6934446249373214
leaf_weight=99 27 20 104 40 101 62 203 227 27 145 56 152 21 45 274 32 115 51 83 188 25 24 319 21 73 180 110 250 23 41 23 105 30 27 40 26 162 28 23 149 20 85 38 93 21 20 173 106 62 107 31 422 461 146 20 23 181 118 35 25 24 1044
leaf_count=99 27 20 104 40 101 62 203 227 27 145 56 152 21 45 274 32 115 51 83 188 25 24 319 21 73 180 110 250 23 41 23 105 30 27 40 26 162 28 23 149 20 85 38 93 21 20 173 106 62 107 31 422 461 146 20 23 181 118 35 25 24 1044
internal_value=-0.00368636 0.00260062 -0.000324651 -0.0111133 0.00549055 0.00397069 0.00800665 0.00309208 -0.0116498 0.00171707 0.00263351 -0.0121287 -0.00661417 0.00540091 0.00909927 0.00965327 -0.000346616 0.00457907 -0.00256518 0.0103722 -0.00717905 0.000855397 0.000947794 0.00637977 -0.000390267 -0.00309346 -0.00488243 -0.00620088 0.00496358 -0.00121488 0.00824977 -0.0124836 -0.00763879 -0.0127526 -0.0089271 0 -0.00310242 0.000821918 0.007228 0.010093 -0.00246382 0.00962062 0.00706617 0.00398169 -0.00376623 -0.00101266 -0.00198274 -0.00139924 0.00107188 -0.0041389 -0.0131299 -0.0120733 -0.0106661 -0.00803332 -0.000234834 0.00515081 -0.00881119 -0.000733285 -0.00333333 -0.0100564 -0.00391039 -0.0142396
internal_weight=7006 3794 1885 3212 1909 1344 481 746 3010 863 762 2718 165 66 565 545 424 127 1139 513 292 49 519 338 415 1056 540 430 96 516 325 2553 135 2418 218 66 202 51 317 172 297 419 216 131 254 71 475 448 235 213 2200 1129 707 246 51 43 243 139 62 195 49 1071
internal_count=7006 3794 1885 3212 1909 1344 481 746 3010 863 762 2718 165 66 565 545 424 127 1139 513 292 49 519 338 415 1056 540 430 96 516 325 2553 135 2418 218 66 202 51 317 172 297 419 216 131 254 71 475 448 235 213 2200 1129 707 246 51 43 243 139 62 195 49 1071
is_linear=0
shrinkage=0.03


Tree=89
num_leaves=63
num_cat=0
split_feature=55 4 10 55 4 55 45 34 56 56 55 58 57 60 37 34 55 4 56 21 56 59 22 1 44 22 44 62 44 64 66 16 31 34 10 4 62 60 11 57 26 2 22 55 17 55 65 60 10 36 58 59 21 4 56 59 47 63 28 55 34 64
split_gain=354.116 72.1248 65.1001 49.7074 28.0452 15.5557 10.5739 8.91496 9.67395 8.25636 8.088 6.37738 6.18981 6.84913 7.17156 5.3748 4.70856 7.67771 6.76 5.22532 4.45486 4.28984 4.24275 3.87149 4.13824 3.75692 3.71092 3.5898 3.58102 4.0733 3.97742 3.52022 3.21362 3.61443 4.14748 3.1921 3.9064 3.15939 3.14906 3.12167 3.26687 3.09579 3.03865 2.93037 2.91854 3.09222 3.4076 2.96472 3.1769 3.16243 2.84114 4.71137 2.75 2.73959 5.1315 2.61735 3.28523 2.75183 2.54145 3.25011 3.24785 2.48749
threshold=34.500000000000007 3.5000000000000004 0.74305326206722599 10002.500000000002 18.500000000000004 7566.5000000000009 33206.500000000007 -3.3759201351777288 15.500000000000002 92.500000000000014 5496.5000000000009 4347.541666666667 411.50000000000006 2288.0000000000005 19247.500000000004 0.39040136774525186 4024.0000000000005 15.500000000000002 5145.5000000000009 3.320770364550325 6723.5000000000009 4632.0000000000009 -0.90000000000000113 20.675000000000001 32355.500000000004 0.55000000000000049 32853.500000000007 1588.7708333333337 31211.500000000004 4059.0000000000005 959.33333333333337 1050.5000000000002 53.28487132577105 -1.2737011342877975 0.96386255839173451 10.500000000000002 2434.8750000000005 1188.5000000000002 80146.500000000015 7805.0000000000009 83.245605416666692 87.756915000000006 1.6500000000000015 1995.5000000000002 14.125000000000002 91.500000000000014 897.50000000000011 1152.5000000000002 0.96386255839173451 18257.000000000004 3392.4166666666674 3062.0000000000005 4.0238236916047745 16.500000000000004 10377.000000000002 4797.5000000000009 2286.5000000000005 249.50000000000003 -2.261765 10799.000000000002 0.78901808354421032 1741.5000000000002
decision_type=2 2 2 2 2 2 2 2 2 2 2 2 2 2 2 2 2 2 2 2 2 2 2 2 2 2 2 2 2 2 2 2 2 2 2 2 2 2 2 2 2 2 2 2 2 2 2 2 2 2 2 2 2 2 2 2 2 2 2 2 2 2
left_child=2 6 -1 4 5 7 12 -3 -9 23 26 16 13 14 -2 20 21 -18 -19 37 39 22 -10 35 -25 -21 31 -14 29 -22 -30 41 -24 34 43 36 -4 -20 -17 40 -12 -6 52 -34 47 -46 -47 49 -49 -35 51 -11 -13 -7 -55 57 -57 -40 -5 60 -60 -37
right_child=1 3 9 58 10 53 -8 8 11 50 15 42 27 -15 -16 38 17 18 19 25 28 -23 32 24 -26 -27 -28 -29 30 -31 -32 -33 33 44 -36 61 -38 -39 55 -41 -42 -43 -44 -45 45 46 -48 48 -50 -51 -52 -53 -54 54 -56 56 -58 -59 59 -61 -62 -63
leaf_value=-0.70793580281728596 0.10923248852687123 57.930854059144799 -0.77619273428975 38.52346333869118 0.026551972443394901 36.697588910589054 0.068047847515414692 0.087047815106637783 0.021411192408417604 -3.0118504439398066 10.29144286273686 7.5778458316488377 -0.94514800942181465 -0.65603169992890364 -0.85738554454340554 5.9741209088024698 18.331129950727149 11.769156709581603 -1.2990380758517677 2.6334356743352689 -7.0806453671977483 16.329591238009542 -3.4357417533349235 -0.97900184979929328 1.1621184043033395 -4.6922569553800031 -0.95507382421714149 -0.11046003966034738 -4.4129088044804119 3.105742946764376 11.699148336460556 -1.0139421074863548 -2.0003153945107304 0.068161195474903874 28.466919533028921 0.19302171155245446 -0.01657813181989809 4.8151200114406123 2.3488757922617589 20.027383410455712 -4.0365975526513376 -1.9771329174572247 54.165018953502447 19.545219233146351 -0.93635993197745671 -7.8503775405452636 0.062581366299950147 -0.64758486079009281 7.5651786840969768 -0.18906296980217524 6.3328390930035194 21.113811454129419 -0.77556440910912328 13.945261456548215 -2.0234427338429941 6.5403961063795935 -3.7195862479956392 -1.6436074727244228 23.434237388081854 48.499060760463969 3.4879959212450511 -0.87112303946094716
leaf_weight=1996 33 65 189 257 162 161 36 121 31 81 64 45 40 447 20 34 190 60 85 25 47 20 135 24 25 74 113 162 36 39 89 63 34 62 57 46 33 51 26 63 20 27 44 30 36 54 80 62 52 38 104 35 22 149 36 77 25 330 104 90 40 210
leaf_count=1996 33 65 189 257 162 161 36 121 31 81 64 45 40 447 20 34 190 60 85 25 47 20 135 24 25 74 113 162 36 39 89 63 34 62 57 46 33 51 26 63 20 27 44 30 36 54 80 62 52 38 104 35 22 149 36 77 25 330 104 90 40 210
internal_value=-0.00362641 0.00178321 -0.0120346 0.00356926 0.00213474 0.00449233 -0.00674299 0.00314439 0.00263973 -0.0044733 -0.00139248 0.00187398 -0.00755875 -0.00935213 0.00079096 0.000208211 0.00122183 0.00348794 0.000447306 -0.00183752 0.00300754 -0.000364636 -0.000777827 -0.0065111 0.0014664 -0.00708375 -0.00512736 -0.00310242 0.000198958 -0.00449477 0.00345324 -0.00308211 -0.00130761 -0.00020194 0.00431049 -0.00733529 -0.00998199 0.00196179 -0.0018228 0.00701564 0.00317479 -0.00101534 0.00874887 -0.000889236 -0.00163239 -0.0045679 -0.00243848 0.000686595 -0.00260298 0.00446553 0.000395275 -0.00281654 0.00464978 0.0102196 0.00768233 -0.00248199 0.00173359 -0.0036984 0.0124252 0.0101111 0.00726579 -0.00502538
internal_weight=7006 4263 2743 3525 3034 1819 738 1473 1408 747 1215 1287 702 500 53 850 1176 485 295 235 358 691 671 527 49 99 365 202 211 86 125 252 640 505 121 478 222 136 492 147 84 189 111 64 384 170 134 214 114 100 220 116 67 346 185 458 102 356 491 234 144 256
internal_count=7006 4263 2743 3525 3034 1819 738 1473 1408 747 1215 1287 702 500 53 850 1176 485 295 235 358 691 671 527 49 99 365 202 211 86 125 252 640 505 121 478 222 136 492 147 84 189 111 64 384 170 134 214 114 100 220 116 67 346 185 458 102 356 491 234 144 256
is_linear=0
shrinkage=0.03


Tree=90
num_leaves=63
num_cat=0
split_feature=4 22 56 56 3 16 16 7 15 4 50 20 57 20 17 63 44 34 38 28 62 6 33 44 6 45 40 43 29 30 24 44 3 70 2 57 59 52 25 28 56 17 43 44 67 44 3 34 62 42 43 5 62 62 56 14 47 66 2 65 21 22
split_gain=350.008 34.6968 15.7886 14.7913 10.5097 12.1235 9.52936 9.46385 8.82921 8.6706 8.50608 7.6845 9.2577 6.16378 5.97894 5.97542 5.6203 5.49436 4.54358 4.44711 4.23 5.60074 4.1981 4.19317 4.4957 4.12761 4.01961 3.89729 4.23104 3.91657 4.37995 3.8408 3.59468 3.55544 3.49507 3.48512 3.43653 3.36396 3.28023 3.03533 2.97743 3.54598 2.93928 4.83736 2.8976 4.19127 2.79969 2.78273 2.78227 3.13132 2.94213 5.26693 7.63325 6.18555 9.65738 5.56911 5.45621 3.6316 3.2278 2.92061 3.26308 2.71241
threshold=10.500000000000002 0.42500000000000077 35.500000000000007 2751.5000000000005 53.301349073517365 3294.0000000000005 2053.0000000000005 8.5000000000000018 8595.5906034446361 9.5000000000000018 353.89583333333343 -10.361458333333331 411.50000000000006 19.444791666666671 0.87500000000000011 6146.5000000000009 32519.500000000004 0.77689139346648528 11199.562500000002 -1.0601619999999981 1531.6666666666667 4.5000000000000009 1.8656610044038298 32610.500000000004 9.5000000000000018 32703.000000000004 32665.500000000004 32322.500000000004 59.810924297666482 59.572229407627134 87.714340000000007 33063.500000000007 56.064141967873049 86937.541666666672 87.756915000000006 411.50000000000006 909.50000000000011 782.50000000000011 69.486952500000015 -3.8186239999999994 29.500000000000004 -7.8749999999999991 32242.000000000004 31687.500000000004 90380.000000000015 31830.500000000004 58.204156539042621 1.0142533795746689 2195.3958333333339 62692.250000000007 31830.500000000004 2.5000000000000004 1942.3958333333337 972.79166666666686 9.5000000000000018 96076.895833333343 204.50000000000003 2063.0000000000005 67.420459500000007 1784.5000000000002 4.0939374274760389 -0.89999999999999891
decision_type=2 2 2 2 2 2 2 2 2 2 2 2 2 2 2 2 2 2 2 2 2 2 2 2 2 2 2 2 2 2 2 2 2 2 2 2 2 2 2 2 2 2 2 2 2 2 2 2 2 2 2 2 2 2 2 2 2 2 2 2 2 2
left_child=2 3 9 33 15 14 17 10 -7 48 -4 -9 -13 38 16 22 -6 34 -17 37 -11 -22 -3 24 26 -14 -16 -10 -29 -30 -31 -25 -28 36 44 -15 -2 -18 -12 -34 47 -42 43 -41 -5 -46 -26 -35 50 -50 51 52 55 54 -53 58 -54 -58 59 -1 -61 -19
right_child=1 4 7 6 5 8 -8 11 27 20 13 12 25 35 23 18 19 61 -20 -21 21 -23 -24 31 46 -27 32 28 29 30 -32 -33 39 40 -36 -37 -38 -39 -40 42 41 -43 -44 -45 45 -47 -48 -49 49 -51 -52 53 56 -55 -56 -57 57 -59 -60 60 -62 -63
leaf_value=-0.83983756939906429 -1.5513659391574433 -0.97232714178526292 -0.85718761560214563 9.4278552888434159 40.487315959772424 -1.2845464264384234 16.042626443069757 0.18532356052929988 25.507262284682035 -0.75086024588560729 -0.16341675004816891 -0.64390691218303486 -0.52714865997315685 -0.41503638155688699 -8.1217406651769242 -6.4440162398397476 -1.0783625799053493 0.11369778358146049 10.552890760124182 -1.1959428977186874 -0.77079106533275188 0.021072478599442022 35.314006817939955 15.497280211948837 21.972964565234196 0.64564312558981096 8.2682430863725358 37.958669743737275 -9.7517791787067694 16.984288057943676 -2.0654729080366723 -0.47936669494618855 -3.1813839217147142 -0.87738247302403716 -1.4879122469350261 0.081677059801585516 2.5611233361532046 14.29106141276135 0.019508955727022437 -0.023638848063328624 6.1471025133290507 -0.75125897005483666 -4.1895307811391147 18.716434984630322 -0.51970819434087956 9.1721117191648354 -0.7902955349033709 -0.30237067344653706 -0.70793069189991231 -0.14423967700238199 -0.53509689035467578 0.014788368849129156 -0.2297075708074216 -0.67513050142555475 -0.74668998289664523 0.046481730114801181 -0.19783810919266034 0.0890145864445505 -0.69125613260778163 -0.64576381924122095 0.10938453372936251 -1.5139123322149566
leaf_weight=29 37 23 56 122 65 60 270 22 203 79 31 314 130 33 52 30 20 69 113 63 82 104 415 85 35 22 120 84 29 81 21 51 141 161 46 30 93 58 66 65 30 370 48 25 178 210 22 56 684 23 671 20 26 463 54 33 20 28 150 22 20 243
leaf_count=29 37 23 56 122 65 60 270 22 203 79 31 314 130 33 52 30 20 69 113 63 82 104 415 85 35 22 120 84 29 81 21 51 141 161 46 30 93 58 66 65 30 370 48 25 178 210 22 56 684 23 671 20 26 463 54 33 20 28 150 22 20 243
internal_value=-0.00359216 0.0025769 -0.0108798 -0.000308737 0.00542769 0.00395076 0.00184254 -0.00689817 0.00777452 -0.0119959 -0.00165201 -0.00921328 -0.0100343 0.00185509 0.00179626 0.00879711 0.00624454 0.000307568 0.00343816 0.00284904 -0.00683516 -0.00433638 0.0105387 0.000367955 -0.000879748 -0.00392505 -0.00188872 0.00932074 0.00647141 0.00306636 0.00584721 0.00504776 -0.000856928 -0.00358988 0.00209854 -0.00541997 0.000899308 0.00764405 0.00661174 -0.0027302 -0.00454059 -0.00299175 0.000412744 0.0036293 0.00281709 0.00153826 0.00704028 -0.00737909 -0.012604 -0.0141875 -0.0118723 -0.0106947 -0.00767144 -0.012534 -0.00441296 -0.0101417 0.000769231 0.00679834 -0.0118589 -0.00649789 -0.00135392 -0.00287408
internal_weight=7006 3794 3212 1885 1909 1328 1138 704 478 2508 216 488 466 160 850 581 206 868 143 141 265 186 438 644 508 152 451 418 215 131 102 136 399 747 556 63 130 78 97 279 617 400 138 90 510 388 57 217 2243 707 1536 865 328 537 74 254 74 48 221 71 42 312
internal_count=7006 3794 3212 1885 1909 1328 1138 704 478 2508 216 488 466 160 850 581 206 868 143 141 265 186 438 644 508 152 451 418 215 131 102 136 399 747 556 63 130 78 97 279 617 400 138 90 510 388 57 217 2243 707 1536 865 328 537 74 254 74 48 221 71 42 312
is_linear=0
shrinkage=0.03


Tree=91
num_leaves=63
num_cat=0
split_feature=4 57 34 56 56 7 50 4 20 57 33 13 56 20 18 27 26 56 64 43 35 49 62 68 45 20 57 25 34 44 25 4 26 35 27 42 24 48 59 47 34 45 64 62 44 38 65 46 56 26 43 46 36 42 67 21 62 70 53 62 23 31
split_gain=336.388 29.2953 19.7294 15.063 14.7799 9.15769 8.50608 7.99509 7.57541 10.09 6.37103 8.06373 6.3075 6.16378 5.17089 4.90842 4.54182 4.54716 4.67286 4.35904 6.68536 4.31323 4.23 3.99319 3.85908 3.84006 3.48512 3.36084 3.34721 4.15183 3.28023 3.22517 3.12399 3.78246 3.12645 3.08829 3.03497 3.71091 3.21018 3.04691 3.43069 3.03399 6.57114 7.21843 11.0131 7.34541 2.99748 2.94521 3.54058 3.11415 3.10621 5.81112 3.0779 3.16732 2.75557 3.45854 3.98767 2.77329 2.73406 4.43209 2.70611 2.68762
threshold=10.500000000000002 7300.5000000000009 -0.81327009816320472 35.500000000000007 8832.0000000000018 8.5000000000000018 353.89583333333343 9.5000000000000018 -10.361458333333331 411.50000000000006 2.7206521504482475 87450.000000000015 138.50000000000003 19.444791666666671 15.625000000000002 11.229386614291927 66.371523187500017 48.500000000000007 7827.0000000000009 29894.000000000004 12358.500000000002 719.50000000000011 1531.6666666666667 121144.00000000001 32703.000000000004 10.929166666666667 411.50000000000006 64.79483500000002 -3.3759201351777288 31830.500000000004 69.486952500000015 17.500000000000004 71.849789937500006 20440.500000000004 17.141120050613559 33708.854166666679 75.191945000000018 228.50000000000003 1083.5000000000002 204.50000000000003 0.77689139346648528 29566.500000000004 8467.5000000000018 1560.7083333333337 28182.500000000004 12337.520833333334 590.50000000000011 32545.520833333336 10627.500000000002 85.738332000000028 32280.500000000004 31735.500000000004 18411.000000000004 48755.916666666679 90264.000000000015 2.2555035293969259 1796.166666666667 90232.937500000015 1159.5000000000002 1911.1250000000002 59.048847500000008 60.713246380683685
decision_type=2 2 2 2 2 2 2 2 2 2 2 2 2 2 2 2 2 2 2 2 2 2 2 2 2 2 2 2 2 2 2 2 2 2 2 2 2 2 2 2 2 2 2 2 2 2 2 2 2 2 2 2 2 2 2 2 2 2 2 2 2 2
left_child=3 2 12 7 15 6 -5 41 -7 -10 11 14 -2 30 35 16 -4 -18 23 20 -6 58 -9 -19 -11 -24 -15 -16 -14 54 -8 -12 34 61 36 -3 39 -38 -39 -17 -41 42 43 44 -1 -46 -33 48 49 50 51 -23 53 -49 -30 -56 -57 -58 59 60 -13 -34
right_child=1 10 4 5 19 8 13 22 9 24 31 21 28 26 27 32 17 18 -20 -21 -22 47 25 -25 -26 -27 -28 -29 29 -31 -32 46 33 -35 -36 -37 37 38 -40 40 -42 -43 -44 -45 45 -47 -48 52 -50 -51 -52 -53 -54 -55 55 56 57 -59 -60 -61 -62 -63
leaf_value=-0.74736360651011768 -1.0126777496981865 -0.57036641055738069 -1.1245393438922406 -0.83147198713408133 16.256287220136144 0.17976385371342093 -0.1585142475467238 -0.72833443850903912 -0.62458970481754383 -0.51133420017396203 29.528133176828248 -5.0022224022532908 56.71384731299819 -0.40258529011018035 -6.8472141208369068 -2.0929175391397794 -0.8130884649706247 -0.84941254975048885 21.432012392219193 27.851660716569231 -9.8609802720035802 -0.5276718928146602 -0.7659797147861408 5.7341333436912505 0.62627383182211704 -0.18267379914355628 0.079226748007537748 9.0892356245163501 17.550713781496277 19.389170518813078 0.018923687055211857 -3.4665902530959829 -0.60241222357457447 2.1049072113982881 -0.89242956460811207 53.130953155260656 14.742789908746156 -1.2227912976069673 9.3013717992199059 7.5312941784446785 -0.15955543582314929 -0.60153771716384918 0.0038622828361501147 -0.66644381369000061 -0.6832647677031618 0.10891309862708183 17.83908290937552 13.00120414932945 30.214288448954015 11.766434911818232 -2.8614325912192089 12.974290168635234 35.842216363335098 -5.4889599543175427 -8.9706969107230581 -5.7478104999449302 -3.0334213421484399 38.415204875142003 15.793752852467559 17.111613598738931 5.4427636693118435 -1.3707972745562154
leaf_weight=102 25 20 197 56 63 22 31 79 314 130 251 20 52 33 85 29 107 354 34 134 38 121 61 78 22 125 30 29 115 192 66 33 227 83 84 22 78 33 24 86 111 1666 35 373 26 41 274 22 28 39 91 71 49 22 20 28 20 42 166 63 30 104
leaf_count=102 25 20 197 56 63 22 31 79 314 130 251 20 52 33 85 29 107 354 34 134 38 121 61 78 22 125 30 29 115 192 66 33 227 83 84 22 78 33 24 86 111 1666 35 373 26 41 274 22 28 39 91 71 49 22 20 28 20 42 166 63 30 104
internal_value=-0.0035579 0.00248992 0.000431279 -0.0107023 -0.000980098 -0.00681295 -0.00165201 -0.0117926 -0.00909035 -0.0099056 0.00586798 0.00426717 0.00576199 0.00185509 -0.00190263 -0.00199619 -0.00373588 -0.00237655 -0.00108775 0.00604849 0.00130564 0.00560449 -0.00683516 -0.00193705 -0.00353057 -0.00433638 -0.00541997 -0.00523225 0.00654871 0.00563894 0.00661174 0.00838022 -0.000433011 -0.00231104 0.00130757 0.00705463 0.00252562 0.00608438 0.000210158 0.000384785 0.00173516 -0.0123766 -0.0104696 -0.0112839 -0.0061029 0.00330849 0.00629111 0.00375085 0.00247644 0.00157405 0.000466266 0.00263925 0.00850698 0.00265306 0.00285207 -0.000517711 0.00196448 0.00623188 0.00853458 0.00488064 -0.00173653 -0.00375113
internal_weight=7006 3794 2358 3212 1864 704 216 2508 488 466 1436 878 494 160 156 1629 770 573 466 235 101 722 265 432 152 186 63 114 469 417 97 558 859 414 445 42 361 135 57 226 197 2243 577 542 169 67 307 443 350 322 283 192 93 44 225 110 90 62 279 113 50 331
internal_count=7006 3794 2358 3212 1864 704 216 2508 488 466 1436 878 494 160 156 1629 770 573 466 235 101 722 265 432 152 186 63 114 469 417 97 558 859 414 445 42 361 135 57 226 197 2243 577 542 169 67 307 443 350 322 283 192 93 44 225 110 90 62 279 113 50 331
is_linear=0
shrinkage=0.03


Tree=92
num_leaves=63
num_cat=0
split_feature=55 55 10 10 55 34 57 34 61 56 57 16 55 10 56 60 0 16 55 61 55 18 2 58 0 32 62 7 37 27 13 10 16 43 45 19 56 10 59 13 55 34 15 21 15 34 66 58 66 62 66 60 46 15 44 43 69 59 34 48 68 59
split_gain=354.702 68.3744 62.2156 51.056 14.1429 13.8127 17.5512 9.34809 8.67269 7.72321 7.6469 7.83308 6.33549 7.46641 7.01856 5.77459 5.07856 5.03438 5.03357 4.97244 3.94372 5.39152 3.87626 4.97974 3.7124 3.5708 3.51375 3.49782 3.43873 3.27445 3.82471 3.18829 3.11015 3.15403 3.79437 3.01777 2.99733 3.89016 2.91083 2.90359 2.87645 2.77855 2.73334 2.54709 2.54466 2.45757 3.12844 2.38945 2.22521 2.20731 2.18061 2.08597 2.55168 2.02657 1.93063 3.28292 2.58433 3.7112 2.5761 2.12575 1.92097 1.90863
threshold=32.500000000000007 9953.5000000000018 0.74305326206722599 1.0000000180025095e-35 7566.5000000000009 -0.35224480761034366 554.00000000000011 -2.3181991866177003 1572.5000000000002 30.500000000000004 2357.5000000000005 5160.5000000000009 4167.5000000000009 0.74305326206722599 7314.5000000000009 5634.5000000000009 86730.500000000015 156.00000000000003 6631.0000000000009 829.50000000000011 75.500000000000014 13.975000000000001 78.705185000000014 2646.729166666667 85791.500000000015 60.562588230658285 2536.2500000000005 13.500000000000002 18231.000000000004 16.200583495405112 88335.500000000015 0.87900005428953576 -1106.4999999999998 29033.500000000004 29846.500000000004 27.375000000000004 9920.5000000000018 0.74305326206722599 482.50000000000006 95365.500000000015 10477.000000000002 0.61804997696099317 4886.4832064743314 1.4999849032782728 15453.207464194269 0.63961068073675886 1553.8333333333337 3306.5000000000005 1047.3333333333337 2109.2916666666674 3664.1250000000005 2431.5000000000005 32208.958333333339 13313.457647144118 32884.000000000007 32443.500000000004 111348.50000000001 4880.5000000000009 0.52460659840888024 277.50000000000006 99580.000000000015 3149.0000000000005
decision_type=2 2 2 2 2 2 2 2 2 2 2 2 2 2 2 2 2 2 2 2 2 2 2 2 2 2 2 2 2 2 2 2 2 2 2 2 2 2 2 2 2 2 2 2 2 2 2 2 2 2 2 2 2 2 2 2 2 2 2 2 2 2
left_child=2 3 -1 5 7 16 8 -5 28 22 17 12 -12 14 42 29 -2 49 51 -16 21 27 -4 -24 -21 -17 31 -10 -7 32 -31 -11 -8 -34 -35 48 -6 -38 -25 -36 45 61 -14 -19 -15 -3 -47 60 -32 -9 -20 52 -18 -37 55 56 -41 -58 -57 -56 -26 -33
right_child=1 40 9 4 36 6 15 10 20 26 11 -13 13 44 19 25 18 43 50 24 -22 -23 23 38 47 -27 -28 -29 -30 30 35 41 33 34 39 53 37 -39 -40 54 -42 -43 -44 -45 -46 46 -48 -49 -50 -51 -52 -53 -54 -55 59 58 57 -59 -60 -61 -62 -63
leaf_value=-0.66222881608506612 0.06706179383077128 20.311977940735154 -0.79996542879515242 41.225102013482172 20.888095665984061 0.082730148978798435 -0.98978783858871644 0.10336688296658976 0.08024360613825926 -0.77311911283657786 -1.7250021677999392 27.213804728331205 -5.6285944584348631 18.045671656538907 -4.9324986982887271 10.091612991520101 0.076995286805063262 -0.94158495354140248 3.0674800253738068 9.8468705147117674 -0.63305680977176704 -0.4285173010031203 -0.839164424198382 -0.6369420332462491 -1.9014332295722123 0.24499298202242784 11.142942187131483 -0.24029965098263559 -0.11389546618602167 7.9257261793594678 0.17337013959300562 -0.18027301788152272 -1.2238150544509858 1.8603946223967374 -4.9286125893691999 9.4446886346129073 4.4105747162725857 47.710083236639228 0.095141191882610623 0.19306269590674219 40.363706903153144 -1.1842223690040543 4.6067561682757514 0.30659384436253473 -0.51074138901810784 20.998104776676655 0.74459351879336966 -12.732984888573863 -1.0458338833070879 0.067869597100933279 23.653038344525374 -0.64379119363377257 -0.60017202505316358 -0.10650287102477932 0.01763521028691116 13.216585209748445 -2.4373967907820973 8.5059759572265552 -0.074184779336969764 -5.446783054709055 2.5209463983779004 18.107571956401838
leaf_weight=1965 93 124 150 146 218 24 118 88 27 25 370 53 20 120 53 25 46 20 42 20 498 31 120 54 22 90 37 29 26 34 28 114 192 127 73 22 90 32 100 55 311 100 109 238 24 28 46 23 64 55 35 55 52 23 20 45 98 29 35 36 23 36
leaf_count=1965 93 124 150 146 218 24 118 88 27 25 370 53 20 120 53 25 46 20 42 20 498 31 120 54 22 90 37 29 26 34 28 114 192 127 73 22 90 32 100 55 311 100 109 238 24 28 46 23 64 55 35 55 52 23 20 45 98 29 35 36 23 36
internal_value=-0.00356646 0.00177975 -0.0120884 0.000394352 0.00420915 -0.00277834 -0.00383168 0.0028589 -0.00781294 -0.00464203 0.00200872 0.000372715 -0.000378778 0.00216614 -0.000766383 -0.00155911 0.00291551 0.00541511 0.000508475 -0.00540043 -0.00883951 -0.00289323 -0.00727894 -0.00513316 -0.000987514 0.00479583 -0.00104774 0.00262032 0.00413174 -0.00229406 0.00147282 -0.00222465 -0.00307572 -0.00231939 -0.00109438 -0.000743982 0.00969421 0.00587224 -0.00153796 -0.002562 0.0121037 -0.00118752 0.00427576 0.00289423 0.00768217 0.00922261 0.00481781 -0.00436123 -0.00387622 0.00993711 0.00677043 -0.00262573 0 0.00558758 -0.00131091 -0.000217474 -0.0024547 -0.00481511 0.00483146 -0.00636364 -0.000266075 0.00137908
internal_weight=7006 4305 2701 3796 1724 2072 1749 1384 635 736 1238 837 784 414 270 1114 323 401 230 141 585 87 424 274 88 115 312 56 50 999 171 275 828 710 518 137 340 122 154 391 509 250 129 258 144 198 74 68 92 143 77 153 98 45 318 262 182 127 80 56 45 150
internal_count=7006 4305 2701 3796 1724 2072 1749 1384 635 736 1238 837 784 414 270 1114 323 401 230 141 585 87 424 274 88 115 312 56 50 999 171 275 828 710 518 137 340 122 154 391 509 250 129 258 144 198 74 68 92 143 77 153 98 45 318 262 182 127 80 56 45 150
is_linear=0
shrinkage=0.03


Tree=93
num_leaves=63
num_cat=0
split_feature=55 55 10 10 4 55 34 4 44 58 56 56 44 57 60 55 56 66 25 20 13 58 44 67 4 1 56 65 62 62 55 4 52 30 62 56 12 62 34 9 2 34 4 61 52 56 27 29 56 31 63 12 50 63 65 4 62 42 43 41 34 51
split_gain=352.067 68.425 61.7202 50.8849 18.5091 13.597 8.93072 8.94983 8.27881 7.47157 6.76479 6.68967 5.67602 6.30643 5.92044 4.49407 9.76301 4.45158 4.30949 5.80933 4.26554 3.91387 3.52255 5.96734 3.43393 3.32621 3.20596 3.12862 3.10674 3.07347 3.0716 3.05146 3.04607 2.99984 2.8597 2.8217 2.75619 2.7309 2.67575 3.74528 2.65773 2.61891 2.59547 3.52158 4.34429 3.71484 3.40209 3.19497 2.93358 2.83669 2.56554 2.55708 2.55405 2.53717 2.41629 2.37287 2.77302 2.3283 2.71051 2.32612 2.28821 2.57981
threshold=32.500000000000007 9953.5000000000018 0.74305326206722599 1.0000000180025095e-35 2.5000000000000004 7566.5000000000009 -2.3181991866177003 10.500000000000002 32995.500000000007 4518.8958333333348 17.500000000000004 30.500000000000004 33504.500000000007 411.50000000000006 2616.0000000000005 4024.0000000000005 8299.5000000000018 3664.1250000000005 65.971255000000014 -8.5416666666666643 95942.000000000015 4406.0208333333348 28478.000000000004 88660.000000000015 17.500000000000004 20.675000000000001 5279.5000000000009 571.00000000000011 2536.2500000000005 1588.7708333333337 10477.000000000002 10.500000000000002 591.50000000000011 49.033209878280836 2167.5208333333335 10221.000000000002 116177.00000000001 2009.5416666666667 -0.15999840504037974 1.0000000180025095e-35 90.433335000000014 0.46079780671681553 22.500000000000004 4925.0000000000009 2690.5000000000005 8716.5000000000018 19.273046119824645 58.930302766909826 6723.5000000000009 52.850778751741167 752.50000000000011 85462.500000000015 215.04166666666671 4672.0000000000009 3167.5000000000005 15.500000000000002 2091.979166666667 54571.770833333343 31744.500000000004 35153.500000000007 0.51470149018027567 1501.5000000000002
decision_type=2 2 2 2 2 2 2 2 2 2 2 2 2 2 2 2 2 2 2 2 2 2 2 2 2 2 2 2 2 2 2 2 2 2 2 2 2 2 2 2 2 2 2 2 2 2 2 2 2 2 2 2 2 2 2 2 2 2 2 2 2 2
left_child=2 3 -1 4 12 6 52 34 10 15 20 21 13 14 -2 26 18 55 27 -20 -6 25 37 32 -7 -4 36 -17 31 -15 41 -13 -24 -25 -8 -26 -9 -12 39 -10 60 -3 43 44 46 -45 47 48 -35 -50 -43 -19 -5 59 -52 56 -18 58 -49 -29 61 -33
right_child=1 30 11 5 8 24 7 9 38 -11 22 28 -14 29 -16 16 17 51 19 -21 -22 -23 23 33 35 -27 -28 53 -30 -31 -32 40 -34 42 -36 -37 -38 -39 -40 -41 -42 50 -44 45 -46 -47 -48 57 49 -51 54 -53 -54 -55 -56 -57 -58 -59 -60 -61 -62 -63
leaf_value=-0.64236195160251408 0.0092478696901419962 20.756772660265014 -0.70965806461396908 14.016798749059335 0.10135502915166654 24.528028296024612 0.061908160499968543 -0.19298626622022994 -1.6566491221934847 36.847156130295204 -1.2837032317209378 -0.74992553945148066 0.077836297954111441 -0.85731927065710911 -0.60643879229501452 -2.3151928982844856 9.1588975765968819 -1.2253253643795869 -5.2727185560598713 17.9189927165325 -0.50609948958896267 0.25817254824412827 -2.8381875900436633 -12.254957142306283 9.2463108176179585 0.094216184789625859 -2.1618837591061673 3.1834191674770316 10.808653921517534 -0.16188654583100642 39.152795696058526 10.646525016919085 7.0660824752155778 6.373180764900094 -0.0032767707818925373 -2.8397299830255904 24.758906462878894 6.2522903798898541 -0.96348974649516184 14.862261923812111 -1.0619096359609965 21.396271793075329 -0.34893990196534475 12.820265636436069 -6.0302892421450993 -5.1869555767520117 -5.4806390445108839 0.0012645098817016275 -6.5720180839284241 4.905719649549801 13.603409344197607 14.801603112639295 43.877599940144243 -0.49192780209874398 -12.478976200948052 -5.7042927224900906 -2.5310980717630081 6.7636912285922648 -1.0488553401632874 9.0377630747537161 -0.94895677883942875 -3.5369334036489128
leaf_weight=1965 48 109 359 23 54 244 109 383 24 53 150 25 22 40 409 23 21 22 24 155 20 34 22 27 73 31 169 33 37 162 311 74 78 135 21 23 33 28 149 23 75 24 186 93 32 30 20 80 36 83 44 21 123 37 21 63 21 38 83 50 75 26
leaf_count=1965 48 109 359 23 54 244 109 383 24 53 150 25 22 40 409 23 21 22 24 155 20 34 22 27 73 31 169 33 37 162 311 74 78 135 21 23 33 28 149 23 75 24 186 93 32 30 20 80 36 83 44 21 123 37 21 63 21 38 83 50 75 26
internal_value=-0.00360928 0.00171703 -0.0120995 0.000331129 -0.00283625 0.00413955 0.00281555 0.00198449 -0.000849687 0.0011073 8.53485e-05 -0.00468279 -0.00688886 -0.0073919 -0.00934588 0.000551606 0.00273772 -0.00362593 0.00567215 0.00877722 0.0088664 -0.00713747 -0.000492374 0.000235394 0.00951779 -0.00799026 -0.00119979 0.00176101 -0.00133611 -0.00295398 0.0120448 -0.00244275 0.00716284 -0.000583561 0.00943121 0.0046514 0.000209084 -0.00436272 -0.00656298 -0.000254777 -0.00142743 0.00907118 -0.000253645 0.0006618 -0.000437783 0.00521527 0.000277836 0.000817403 0.00305785 -0.000352645 0.00518519 0.00445476 0.00983573 0.0037219 0.00202765 -0.0069648 -0.00135392 -0.00199901 -0.00356836 0.0066426 0.000582524 0.00356643
internal_weight=7006 4305 2701 3796 2072 1724 1384 1238 1391 1108 1195 736 681 659 457 1055 470 148 322 179 74 424 1121 943 340 390 585 143 312 202 509 275 100 843 130 96 416 178 196 47 250 198 816 630 507 123 475 455 254 119 89 43 146 120 65 105 42 201 163 83 175 100
internal_count=7006 4305 2701 3796 2072 1724 1384 1238 1391 1108 1195 736 681 659 457 1055 470 148 322 179 74 424 1121 943 340 390 585 143 312 202 509 275 100 843 130 96 416 178 196 47 250 198 816 630 507 123 475 455 254 119 89 43 146 120 65 105 42 201 163 83 175 100
is_linear=0
shrinkage=0.03


Tree=94
num_leaves=63
num_cat=0
split_feature=55 55 10 10 55 55 34 61 56 57 58 56 57 34 34 55 17 55 24 56 55 7 66 12 10 56 23 17 44 59 50 62 28 55 34 20 65 10 27 21 12 13 59 44 21 62 56 66 10 23 63 49 50 50 50 59 21 54 46 31 65 29
split_gain=334.007 70.2816 59.6227 54.5663 15.3945 12.4457 9.28612 9.03009 11.9018 7.49099 6.40854 6.31432 6.26956 4.54974 4.4007 5.55911 4.42254 3.78388 4.33141 3.67366 3.56736 5.02813 3.85655 3.54487 3.52163 4.95214 3.51829 3.33657 3.58615 3.18339 4.43641 3.50537 3.17475 3.89096 4.26942 3.16989 4.84366 3.1264 3.12673 3.32564 4.03625 3.07323 4.07907 3.01375 2.96947 2.90155 2.86734 3.50487 3.07304 2.86299 2.86235 2.83548 2.81763 4.59043 2.55405 2.52742 3.7403 3.01886 2.51738 2.50679 2.42296 2.73805
threshold=31.500000000000004 9953.5000000000018 0.74305326206722599 1.0000000180025095e-35 5496.5000000000009 7566.5000000000009 -2.3181991866177003 1546.5000000000002 18.500000000000004 2357.5000000000005 4487.479166666667 92.500000000000014 625.00000000000011 -0.025615956148897109 -0.42403443256650059 4915.0000000000009 21.175000000000001 593.00000000000011 51.132110000000004 5553.5000000000009 95.500000000000014 16.500000000000004 3536.916666666667 85237.000000000015 0.74305326206722599 9307.5000000000018 94.583383000000012 21.075000000000006 32355.500000000004 2200.5000000000005 335.08333333333343 2468.9791666666674 -2.261765 10904.000000000002 1.1423261733038574 12.379166666666668 2429.5000000000005 0.87900005428953576 9.6616699766538563 3.8569457151187754 97106.500000000015 75198.500000000015 921.50000000000011 31744.500000000004 1.3268299140386297 1290.1041666666667 8034.0000000000009 3664.1250000000005 0.56392291514228221 33.862966500000006 3983.5000000000005 2254.5000000000005 472.58333333333343 384.04166666666669 215.04166666666671 3627.5000000000005 3.0933699712599254 1825.7500000000002 32671.250000000004 55.798684014431231 3725.0000000000005 59.562668753458865
decision_type=2 2 2 2 2 2 2 2 2 2 2 2 2 2 2 2 2 2 2 2 2 2 2 2 2 2 2 2 2 2 2 2 2 2 2 2 2 2 2 2 2 2 2 2 2 2 2 2 2 2 2 2 2 2 2 2 2 2 2 2 2 2
left_child=2 3 -1 4 7 6 54 8 43 26 14 27 20 35 15 16 19 -16 -19 -11 21 22 -9 -20 25 -7 44 37 -29 49 -31 58 -3 34 -34 -6 -37 41 -39 40 -40 42 -4 -2 -8 -14 48 -48 -17 -15 -47 -22 53 -10 -5 56 57 -13 -32 -25 61 -21
right_child=1 32 11 5 13 24 9 12 52 10 -12 55 45 29 17 46 -18 18 23 60 51 -23 -24 59 -26 -27 -28 28 -30 30 31 -33 33 -35 -36 36 -38 38 39 -41 -42 -43 -44 -45 -46 50 47 -49 -50 -51 -52 -53 -54 -55 -56 -57 -58 -59 -60 -61 -62 -63
leaf_value=-0.62574554894146051 0.08089783313328254 33.720120684696575 -0.66608640241796147 13.596294786587549 15.258360958365541 17.677688270435354 -0.80659469838905296 -0.17431334278002331 -0.20099587565658533 0.1928237035809616 43.71019752615608 -4.6573943873272965 -0.99629278212348782 3.8084451119115692 -9.4057530707404133 2.7077884018214351 8.4643502259407342 -6.4557089117390296 -4.2216124770172652 3.4107157421644478 -0.64128638027499918 -0.58957214897250732 0.074777902410509897 3.6987291789629033 43.843794478459458 4.9467137518028172 -0.0036053436609410736 -0.93539499423854411 1.1471605359002797 6.7268876825871455 -0.25966166265981883 2.3204751480886125 19.841291569673409 44.788340550307758 -5.5359114277518353 7.963045439317316 -5.8002450400451426 -0.9373745789218495 0.54544957228189894 -1.0125790895318065 -0.48326696491254656 -0.69712231186508899 0.15826309274102782 0.0010461373816930929 0.13940762181064187 0.058177192286082119 -5.6940135860944157 9.8096999595111587 21.778859366116375 -1.9168207213554282 -1.0435042272598469 -0.25964410731313442 -0.20662336647773863 0.082861086155024272 42.561271941939921 24.219480412854896 4.7552607670622002 5.099693006623836 -1.6516352110976604 -0.46275030365384734 -10.062937403682671 -6.4986466060637298
leaf_weight=1939 51 263 25 23 78 141 26 32 80 146 26 49 47 20 38 37 53 39 52 39 479 66 50 98 81 118 69 24 25 60 182 94 144 78 24 76 50 89 67 69 28 163 28 23 324 147 31 28 69 304 84 45 60 37 123 32 105 23 24 127 32 22
leaf_count=1939 51 263 25 23 78 141 26 32 80 146 26 49 47 20 38 37 53 39 52 39 479 66 50 98 81 118 69 24 25 60 182 94 144 78 24 76 50 89 67 69 28 163 28 23 324 147 31 28 69 304 84 45 60 37 123 32 105 23 24 127 32 22
internal_value=-0.00373774 0.00139559 -0.0120952 3.13226e-06 -0.00326552 0.00392457 0.00267242 -0.00547998 -0.000406213 0.00183664 0.000193525 -0.00476138 -0.00681718 -0.000266862 -0.000273702 0.00166703 -0.000811366 -0.00278735 -0.00169883 -0.0025596 -0.00838714 -0.00423363 0.000694275 -0.000368098 0.00907674 0.0073408 0.00511095 -0.00653735 0.000855397 -0.00144277 0.00049153 -0.00098967 0.011868 0.00937424 0.00676383 0.00365997 0.000689929 -0.00731614 -0.00502568 -0.00254113 0.00107256 -0.00998149 -0.00361582 0.00967611 0.00633248 -0.00300971 0.00606905 0.00071066 0.00901979 -0.00360074 -0.00160969 -0.00955352 -0.00464145 -0.00189582 0.00983573 -0.000344333 -0.00176172 -0.0070319 -0.00318777 0.00125278 -0.00721805 -0.00363339
internal_weight=7006 4340 2666 3831 2089 1742 1402 1201 251 1256 837 727 950 888 811 457 292 354 316 239 672 148 82 277 340 259 419 518 49 684 360 300 509 246 168 204 126 469 253 164 95 216 53 74 350 278 165 59 106 324 231 524 177 117 146 209 177 72 206 225 93 61
internal_count=7006 4340 2666 3831 2089 1742 1402 1201 251 1256 837 727 950 888 811 457 292 354 316 239 672 148 82 277 340 259 419 518 49 684 360 300 509 246 168 204 126 469 253 164 95 216 53 74 350 278 165 59 106 324 231 524 177 117 146 209 177 72 206 225 93 61
is_linear=0
shrinkage=0.03


Tree=95
num_leaves=63
num_cat=0
split_feature=55 55 10 10 55 55 61 4 55 4 62 24 46 4 58 55 28 55 59 4 58 7 59 6 22 55 27 21 55 21 45 24 59 20 17 26 48 7 17 55 55 15 20 44 28 14 4 58 21 0 48 58 2 66 4 69 58 46 54 7 62 2
split_gain=329.518 66.7189 60.8917 53.4016 14.1828 11.2433 9.35442 9.14829 6.45482 6.01888 5.67241 4.59698 4.57962 4.342 5.93509 4.0329 3.70501 4.04317 3.57852 3.38787 3.86222 3.3087 3.2277 3.22024 3.19881 3.19304 4.45345 3.4189 3.10458 3.01466 3.64336 3.51035 2.89956 2.9687 2.89407 2.81307 3.87973 4.04404 3.02393 2.98883 4.62492 4.46749 4.19554 2.71125 2.63175 2.59984 2.59601 4.79355 2.78286 2.44602 2.61967 2.37607 2.3182 2.27329 2.25021 2.4013 2.23244 2.21871 2.21477 2.21141 2.19596 2.18513
threshold=34.500000000000007 9953.5000000000018 0.74305326206722599 1.0000000180025095e-35 4521.5000000000009 7566.5000000000009 1546.5000000000002 15.500000000000002 5635.0000000000009 10.500000000000002 2091.979166666667 83.426380000000009 32411.791666666668 10.500000000000002 4427.979166666667 1995.5000000000002 -2.261765 10904.000000000002 4632.0000000000009 15.500000000000002 3460.9375000000005 8.5000000000000018 671.50000000000011 4.5000000000000009 0.42500000000000077 5034.5000000000009 8.1264205996667815 3.4208056081111557 9026.5000000000018 2.6880973371728758 32959.000000000007 54.312407000000007 2586.5000000000005 0.65104166666666685 28.725000000000005 66.489010333333354 586.50000000000011 6.5000000000000009 -6.2749999999999995 75.500000000000014 1919.5000000000002 5281.1395207551705 7.3072916666666679 29215.000000000004 1.6802154999999959 113134.91666666669 14.500000000000002 1820.166666666667 3.7596418918709937 127250.00000000001 885.50000000000011 2839.4583333333339 83.322792500000006 3094.7083333333339 21.500000000000004 93563.000000000015 3615.8958333333335 30244.895833333339 1894.104166666667 13.500000000000002 2371.0625000000005 79.104017000000013
decision_type=2 2 2 2 2 2 2 2 2 2 2 2 2 2 2 2 2 2 2 2 2 2 2 2 2 2 2 2 2 2 2 2 2 2 2 2 2 2 2 2 2 2 2 2 2 2 2 2 2 2 2 2 2 2 2 2 2 2 2 2 2 2
left_child=2 3 -1 4 6 7 12 8 13 10 -4 22 21 -5 15 18 -3 49 -15 -7 60 43 -9 -12 32 57 -27 59 58 30 31 -6 33 -11 35 -8 38 56 -37 42 -41 -42 -40 -2 -23 -10 -17 -48 -49 50 54 -26 -31 -25 55 -18 -38 -24 -22 -28 -21 -14
right_child=1 16 9 5 29 19 34 11 45 24 23 -13 61 14 -16 46 17 -19 -20 20 28 44 25 53 51 26 27 -29 -30 52 -32 -33 -34 -35 -36 36 37 -39 39 40 41 -43 -44 -45 -46 -47 47 48 -50 -51 -52 -53 -54 -55 -56 -57 -58 -59 -60 -61 -62 -63
leaf_value=-0.59850793574059336 0.098166265984797427 32.708517064155672 -0.62812888213142037 0.045556317798109869 -3.3147364046378196 42.528480644105656 -0.62179949131860224 -2.4462732069400954 34.917094357811216 -0.90925334155419391 -1.0232602889785651 4.576053066689064 -0.083253969027880501 -0.2896094004571978 28.443022650928338 23.376735562756565 7.1856018519352984 43.44469033379854 13.780533941413122 18.239615975219539 -3.8143374688487164 0.00073809169091937571 -6.9307825383497672 -0.31354359677889915 -1.4623985629253267 17.129104340209523 -1.4123330519379669 -4.20338043772374 11.32607533190072 -0.30171964246574817 -1.6765757524454032 5.0620935112225443 0.45062670115468106 -0.63241046099629095 0.11234526833312315 0.16110720428152858 -0.27301947167157392 -0.64476469951051496 0.10375616734054734 -0.65840471770635389 -1.0300119512682591 0.33080863788721671 -0.27825803330626536 -0.19425642914731334 0.070771470898337255 22.220770853071798 25.178862628503637 0.26736286303745144 -6.2953503091517451 24.397167223612758 -5.6252730204059027 11.093022192189187 -7.6075440703627679 1.1536360920026243 -2.2556998095394238 25.380737228533196 0.19484429040606915 -0.069221463299527386 4.4518116648970905 8.7130081806069111 3.510455467937545 -0.78829819411747826
leaf_weight=1996 20 263 157 116 36 81 218 101 90 61 28 43 57 410 68 153 32 78 21 113 45 23 39 54 44 29 26 40 59 757 41 180 55 261 30 22 32 222 30 128 35 59 20 22 40 23 25 59 21 45 22 62 20 25 20 49 28 53 22 45 20 32
leaf_count=1996 20 263 157 116 36 81 218 101 90 61 28 43 57 410 68 153 32 78 21 113 45 23 39 54 44 29 26 40 59 757 41 180 55 261 30 22 32 222 30 128 35 59 20 22 40 23 25 59 21 45 22 62 20 25 20 49 28 53 22 45 20 32
internal_value=-0.00383623 0.00138209 -0.0119471 0 -0.00325861 0.00392868 -0.00577252 0.00270685 0.00422574 -0.00463392 -0.00828095 -0.00126828 0.000139104 0.0033467 0.00251222 0.00167175 0.0115734 0.00888663 -9.74252e-05 0.00881211 0.00710922 0.00439581 -0.00246773 -0.00291317 -0.002633 -0.000504093 0.00233405 -0.000378038 0.0033069 -0.000780389 0.00203034 0.00359556 -0.00392999 -0.00502018 -0.00716782 -0.00751417 -0.00639993 -0.00892237 -0.00396804 -0.00484013 -0.00633498 -0.00124336 0.00173653 -0.00206651 0.00874802 0.0109814 0.00463774 0.000970504 -0.00258427 0.00622844 0.00399675 0.00195099 -0.00171407 0.000151707 0.00605341 0.00828607 -0.00194676 -0.00485342 -0.00107303 0.0035443 0.0106837 -0.00484848
internal_weight=7006 4263 2743 3754 2052 1702 1018 1362 986 747 264 376 194 873 757 689 509 246 431 340 259 105 333 107 483 232 140 111 126 1034 257 216 377 322 824 794 576 282 294 272 222 94 50 42 63 113 258 105 80 168 123 106 777 79 101 81 60 92 67 71 133 89
internal_count=7006 4263 2743 3754 2052 1702 1018 1362 986 747 264 376 194 873 757 689 509 246 431 340 259 105 333 107 483 232 140 111 126 1034 257 216 377 322 824 794 576 282 294 272 222 94 50 42 63 113 258 105 80 168 123 106 777 79 101 81 60 92 67 71 133 89
is_linear=0
shrinkage=0.03


Tree=96
num_leaves=63
num_cat=0
split_feature=4 58 34 56 4 15 4 4 58 25 15 20 36 22 35 2 62 6 3 20 36 58 62 46 56 26 29 38 18 42 34 43 59 42 40 44 65 3 5 64 51 20 7 54 7 1 30 15 56 62 25 64 48 15 5 5 38 67 15 26 27 47
split_gain=310.623 35.0986 20.2631 13.0048 11.1905 9.30831 9.05782 6.98055 6.32277 5.29913 4.52523 4.51911 4.43013 4.39638 4.37056 4.34278 4.28309 4.33483 4.273 4.17502 4.06342 4.05502 3.96391 4.10424 4.08321 4.2978 3.9285 4.3807 3.76291 3.94422 3.65617 3.53343 3.22587 3.21108 3.8054 3.21081 3.17857 3.11298 3.09512 3.07548 2.82354 5.31848 6.16609 8.6782 5.78131 7.41525 5.73298 4.49624 6.88394 4.38528 3.37682 3.39333 5.45694 3.08812 3.72363 6.66581 2.81141 2.7964 2.7548 2.70641 2.67804 2.66643
threshold=10.500000000000002 3956.0833333333335 -0.35224480761034366 48.500000000000007 22.500000000000004 8273.5291356381003 12.500000000000002 9.5000000000000018 4821.604166666667 81.008495500000024 5442.7531821240482 21.840625000000003 10989.500000000002 0.87500000000000011 10117.500000000002 84.18856000000001 1521.0000000000002 4.5000000000000009 53.590704221118024 13.267708333333333 18145.000000000004 3020.4375000000005 996.20833333333337 33158.250000000007 593.00000000000011 85.307853041666689 51.045996834819128 10381.04166666667 28.975000000000005 35024.354166666679 0.90907504926051186 32481.500000000004 4514.0000000000009 32915.083333333336 54908.500000000007 30545.500000000004 2723.0000000000005 56.881641896903069 1.0000000180025095e-35 1078.5000000000002 818.50000000000011 18.244791666666668 8.5000000000000018 1808.6875000000002 3.5000000000000004 9.2750000000000021 62.53624380980839 8024.4056031949412 7.5000000000000009 2057.5416666666674 71.185472500000017 4187.0000000000009 215.50000000000003 18394.631617299332 1.5000000000000002 3.5000000000000004 19645.750000000004 92114.000000000015 5829.2515009752187 49.347415104166672 9.0750601514813685 138.50000000000003
decision_type=2 2 2 2 2 2 2 2 2 2 2 2 2 2 2 2 2 2 2 2 2 2 2 2 2 2 2 2 2 2 2 2 2 2 2 2 2 2 2 2 2 2 2 2 2 2 2 2 2 2 2 2 2 2 2 2 2 2 2 2 2 2
left_child=3 2 6 7 8 18 35 40 9 13 -5 12 -11 31 -7 26 -9 -18 19 30 -13 -17 -12 24 25 -24 -8 61 29 57 -4 33 -20 -3 -35 -2 -36 -31 -39 -6 -1 42 43 44 -42 46 58 50 -49 -47 51 -44 -53 59 -55 -56 -40 -29 -46 -43 -21 -28
right_child=1 4 5 10 39 14 15 16 -10 11 22 20 -14 -15 -16 21 17 -19 32 60 -22 -23 23 -25 -26 -27 27 28 -30 37 -32 -33 -34 34 36 -37 -38 38 56 -41 41 53 47 -45 45 49 -48 48 -50 -51 -52 52 -54 54 55 -57 -58 -59 -60 -61 -62 -63
leaf_value=-0.59502644855220277 0.61918503296585869 26.549923791476434 10.708300508460688 -0.6706675828844143 -3.2118053541645142 15.801251142435412 26.656280302350734 -0.5763024617244239 38.290448634554927 -3.5857521950036517 0.021216820021089971 -15.942298211936544 24.203726625716506 31.817589322578986 0.12324453545977235 -2.1290123478517486 -0.67427234899383826 -0.0087976418501216347 -0.72969745118166862 -5.7117546716703638 4.5543503533592045 23.378778565376606 -0.45692615886716786 0.10801085802631746 -0.279492296986661 0.013011441511148759 -5.8089583537240559 5.7672993809362874 -8.6233937098781457 18.470812190486857 -1.008317294732533 25.195642914121606 5.2710133037647164 -1.0131292814864172 15.579695994894442 -0.90481022382218668 -2.6714866501347476 26.297838356453088 -0.44114843907358331 -0.17372721522072082 -0.85357635977768831 -0.47467108070616815 -0.55635511661114434 0.12875281180823481 0.091792305264023891 -0.50454427488988962 -0.1727813120569105 -0.92516613562890992 0.12226850775519142 0.0032449658160343376 -0.52582149627298114 0.12024928846416194 -0.48843697193551761 -0.47888565795903176 0.072641647008045138 -0.53441962843100399 11.763629982885286 -7.5627336263816458 -0.0056119743087166534 -0.58357635977768829 -0.33950697143439201 6.3163223474826191
leaf_weight=627 27 50 104 118 22 63 123 81 193 27 35 26 54 227 693 111 87 107 787 46 31 35 211 24 149 23 24 50 20 233 51 82 33 81 52 54 21 34 111 50 74 23 89 20 34 55 21 22 26 20 373 20 30 36 30 22 138 20 21 834 98 23
leaf_count=627 27 50 104 118 22 63 123 81 193 27 35 26 54 227 693 111 87 107 787 46 31 35 211 24 149 23 24 50 20 233 51 82 33 81 52 54 21 34 111 50 74 23 89 20 34 55 21 22 26 20 373 20 30 36 30 22 138 20 21 834 98 23
internal_value=-0.0037249 0.00208666 0.000457594 -0.0105903 0.00720118 -0.00138233 0.00389991 -0.011469 0.00817083 0.00674551 -0.00642207 0.00149891 0.00606658 0.00815046 0.00118635 0.00474677 -0.00691385 -0.00446677 -0.00312036 -4.01204e-05 -0.0049387 0 -0.0050147 -0.00585114 -0.00660924 -0.00908586 0.00563974 0.00470372 0.0053902 0.00583006 0.00336557 0.00565187 -0.00423973 0.00351298 0.00134328 -0.00569667 0.00632011 0.00673707 0.00459908 -0.00411928 -0.0119944 -0.0113634 -0.00955409 -0.00555692 -0.00725011 -0.00385175 0.00272011 -0.0112962 -0.00243243 -0.0105459 -0.0121207 -0.00806614 -0.00173653 -0.0129002 -0.00745743 -0.00224568 0.00342031 -0.000813124 0.00784029 -0.0134547 -0.00372658 -0.00407643
internal_weight=7006 3794 2878 3212 916 1875 1003 2652 844 651 560 138 81 513 756 922 275 194 1119 299 57 146 442 407 383 234 776 653 606 586 155 286 820 204 154 81 73 516 283 72 2377 1750 805 245 225 151 76 560 48 75 512 139 50 945 88 52 249 70 55 857 144 47
internal_count=7006 3794 2878 3212 916 1875 1003 2652 844 651 560 138 81 513 756 922 275 194 1119 299 57 146 442 407 383 234 776 653 606 586 155 286 820 204 154 81 73 516 283 72 2377 1750 805 245 225 151 76 560 48 75 512 139 50 945 88 52 249 70 55 857 144 47
is_linear=0
shrinkage=0.03


Tree=97
num_leaves=63
num_cat=0
split_feature=55 55 4 4 4 55 56 34 55 45 34 56 16 57 12 55 56 66 56 60 4 57 3 16 29 35 22 64 1 55 49 1 25 16 34 4 59 6 27 21 12 16 29 38 42 56 56 20 65 61 59 21 50 36 49 21 34 20 18 47 55 18
split_gain=327.021 65.3882 59.1089 44.3124 22.8292 16.6636 9.07186 10.4628 8.88227 7.61781 6.91378 6.84797 5.33 5.28902 5.10932 4.37762 5.75154 5.94965 4.1776 4.00401 3.97183 4.57514 4.18136 4.58495 3.65147 3.68453 3.60631 3.93654 3.44921 3.33041 3.2281 3.19002 3.15976 2.8866 2.75146 2.71197 3.2746 4.60789 2.68307 2.91276 3.56 2.67679 3.31732 2.65137 2.59018 2.56984 2.52842 3.06699 3.35567 2.51335 2.40052 3.61247 2.39283 2.26858 2.25609 2.18882 2.53857 2.18427 2.23528 2.20377 2.18103 2.14353
threshold=30.500000000000004 10138.000000000002 9.5000000000000018 2.5000000000000004 17.500000000000004 7395.0000000000009 18.500000000000004 -2.3181991866177003 5428.5000000000009 33365.500000000007 0.16848186437253435 95.500000000000014 5160.5000000000009 411.50000000000006 100880.00000000001 4024.0000000000005 8299.5000000000018 2594.604166666667 5220.5000000000009 2288.0000000000005 6.5000000000000009 1846.5000000000002 64.014273847436314 189.50000000000003 59.235309663626076 17003.500000000004 -0.12499999999999999 6674.0000000000009 23.625000000000004 652.50000000000011 226.50000000000003 20.675000000000001 84.093150000000023 3240.5000000000005 -0.92152700072759675 10.500000000000002 945.50000000000011 4.5000000000000009 9.6616699766538563 3.5979034720693828 97891.000000000015 740.50000000000011 61.567323831540556 9345.5833333333358 32915.083333333336 9869.5000000000018 10221.000000000002 16.150000000000002 2783.5000000000005 748.50000000000011 3627.5000000000005 3.0933699712599254 215.04166666666671 13846.000000000002 272.50000000000006 4.2980314882226898 -1.0261718737904386 16.346875000000001 25.075000000000006 630.50000000000011 5635.0000000000009 16.525000000000002
decision_type=2 2 2 2 2 2 2 2 2 2 2 2 2 2 2 2 2 2 2 2 2 2 2 2 2 2 2 2 2 2 2 2 2 2 2 2 2 2 2 2 2 2 2 2 2 2 2 2 2 2 2 2 2 2 2 2 2 2 2 2 2 2
left_child=2 3 -1 9 5 6 14 52 28 13 26 31 15 19 -5 18 30 60 20 -2 24 22 23 -22 -9 -26 -10 33 41 34 -17 35 55 46 -23 36 -4 -38 -37 40 -40 42 -6 -12 -19 57 47 -28 -49 -33 51 -13 -8 -15 -14 56 -32 59 -59 -45 -18 -58
right_child=1 -3 11 4 8 -7 7 12 10 -11 43 50 54 53 -16 16 17 44 -20 -21 21 29 -24 -25 25 -27 27 -29 -30 -31 32 49 -34 -35 -36 38 37 -39 39 -41 -42 -43 -44 45 -46 -47 -48 48 -50 -51 -52 -53 -54 -55 -56 -57 61 58 -60 -61 -62 -63
leaf_value=-0.57272858324689102 0.028348872375406627 29.453869246033953 -0.60254625859333422 0.074213320554637432 -0.33135641694974538 22.884544802146412 4.9179209974865579 -0.17558709374547021 12.235126367792235 0.076482768285277697 3.2294964546888876 -2.1223437542199575 26.786911509108144 -0.56472998410553865 -0.15554631815956327 12.277705401784701 0.00021285824424921885 -4.110296284132005 -3.0806602079639607 -0.53420484307508931 0.052470368832087923 3.74510147943412 -0.13153230756547002 1.7013523470127307 0.016864339302078975 -0.1528915976491281 7.0432301271213147 17.617411655232818 0.080981406332464298 1.6611035100030813 23.860996953147151 -0.62169929324713147 17.232015245397928 12.433812159773369 -5.6940936477754507 -0.86635565895948785 -0.8242531741938004 0.11230387033115846 0.61341981761686482 -0.91866340237894262 -0.38409889712679257 -0.80921968232939434 -2.5537933748144122 -0.97425368302929427 15.505831740609992 -6.7345128962500072 -7.2079406150990142 -0.33125650010175833 -8.2364071219547217 1.1239002204412671 23.395047705016331 4.4289299256710342 37.344729041731817 -0.071686836314225524 7.7222787648414712 -2.8827570592147458 -3.3595329922785049 1.8138036828659203 -0.42556802211218836 -1.8493422808325612 -5.1931236408890751 2.2012065601847461
leaf_weight=1912 29 437 140 167 162 279 22 31 99 28 53 70 51 65 33 84 20 22 156 431 47 32 32 134 23 51 111 55 39 130 25 30 22 27 76 99 37 40 58 82 24 137 60 168 30 67 25 56 28 20 32 102 127 137 23 21 26 126 225 25 48 58
leaf_count=1912 29 437 140 167 162 279 22 31 99 28 53 70 51 65 33 84 20 22 156 431 47 32 32 134 23 51 111 55 39 130 25 30 22 27 76 99 37 40 58 82 24 137 60 168 30 67 25 56 28 20 32 102 127 137 23 21 26 126 225 25 48 58
internal_value=-0.00374202 0.00130662 -0.0120619 7.95289e-05 0.00155331 0.00384555 0.00258333 0.00165905 -0.00121796 -0.00682075 0.000208431 -0.00481814 0.000680326 -0.00747168 0.00853073 0.000137628 0.00285594 -0.00247294 -0.00121753 -0.00925234 0 0.00122368 0.00442046 0.00619547 -0.00525214 -0.00157895 0.00332087 0.00167825 -0.00504145 -0.00162537 0.00557814 -0.00661573 0.00293886 4.85633e-05 -0.00552266 -0.00736722 -0.00986642 -0.0048249 -0.00529076 -0.00290676 0.00105968 -0.00596491 -0.00390365 -0.00166692 0.00512476 -0.00222877 -0.00107678 6.15069e-05 -0.00424495 0.000538922 -0.000132288 -0.00155142 0.00913481 -0.00339931 0.00846154 0.0011299 0.00285976 -0.00153832 -0.000119624 -0.0041015 -0.00832599 0.000321046
internal_weight=7006 4360 2646 3923 3233 1770 1491 1291 1463 690 1065 734 1142 662 200 1068 356 120 712 460 556 451 213 181 105 74 401 302 398 238 236 530 152 247 108 480 217 77 263 164 82 359 222 664 52 611 220 195 84 50 204 172 149 202 74 130 109 544 351 193 68 84
internal_count=7006 4360 2646 3923 3233 1770 1491 1291 1463 690 1065 734 1142 662 200 1068 356 120 712 460 556 451 213 181 105 74 401 302 398 238 236 530 152 247 108 480 217 77 263 164 82 359 222 664 52 611 220 195 84 50 204 172 149 202 74 130 109 544 351 193 68 84
is_linear=0
shrinkage=0.03


Tree=98
num_leaves=63
num_cat=0
split_feature=55 55 10 10 4 55 46 56 4 16 55 45 4 62 35 57 49 56 20 60 55 55 68 56 21 27 47 59 4 56 15 18 59 4 30 56 62 54 10 19 56 55 7 4 7 68 47 59 7 45 26 32 54 54 63 30 37 1 25 33 30 49
split_gain=322.438 62.4837 60.0033 46.4779 15.3679 11.5678 7.77025 8.20863 7.59098 7.80782 8.56948 6.47984 5.89768 5.80232 5.58342 5.26932 4.8931 4.63894 4.56376 4.48111 4.24348 4.18642 3.98413 3.71813 3.4658 3.78701 3.50633 3.4444 3.39957 4.37463 3.37463 4.69722 3.24349 4.12613 3.2298 3.08952 2.89414 2.81514 2.80847 2.76323 2.73077 2.7056 2.61531 2.59723 2.73595 2.49354 2.46776 2.42688 2.42602 2.46048 2.40382 2.33525 2.59431 3.18758 2.58443 3.51121 2.29852 2.27151 2.21951 2.14098 2.47852 2.11444
threshold=29.500000000000004 9953.5000000000018 0.74305326206722599 1.0000000180025095e-35 2.5000000000000004 7566.5000000000009 33011.916666666679 18.500000000000004 15.500000000000002 291.50000000000006 1995.5000000000002 33206.500000000007 10.500000000000002 1891.3958333333337 17235.000000000004 411.50000000000006 648.50000000000011 7314.5000000000009 10.929166666666667 2616.0000000000005 3702.5000000000005 10477.000000000002 82950.500000000015 5630.0000000000009 3.0224866627598477 15.300481532633825 216.50000000000003 494.50000000000006 16.500000000000004 10377.000000000002 8273.5291356381003 15.725000000000001 5178.0000000000009 22.500000000000004 55.939586357352994 25.500000000000004 1511.2708333333335 2197.6458333333335 0.96386255839173451 4.8250000000000002 3304.0000000000005 4974.5000000000009 24.500000000000004 17.500000000000004 24.500000000000004 110609.50000000001 216.50000000000003 1059.5000000000002 12.500000000000002 32513.500000000004 80.774163250000015 49.526910543619756 628.22916666666686 688.52083333333337 328.50000000000006 61.402534056549527 17256.000000000004 30.475000000000005 73.879070000000013 1.8955929111869179 53.902368982444358 1894.5000000000002
decision_type=2 2 2 2 2 2 2 2 2 2 2 2 2 2 2 2 2 2 2 2 2 2 2 2 2 2 2 2 2 2 2 2 2 2 2 2 2 2 2 2 2 2 2 2 2 2 2 2 2 2 2 2 2 2 2 2 2 2 2 2 2 2
left_child=2 3 -1 4 11 8 7 14 9 23 24 15 13 -4 -6 19 30 20 -15 56 39 43 -9 -5 34 26 -26 -19 -7 47 31 -12 37 -34 -11 42 -17 51 -27 -10 -22 -25 -14 -3 -45 -18 -36 -30 -20 -50 -28 -24 -53 -54 55 -55 -2 -56 -29 -42 -61 -8
right_child=1 21 12 5 6 28 61 22 17 10 16 -13 35 18 -16 36 45 27 48 -21 40 -23 32 41 25 38 50 58 29 -31 -32 -33 33 -35 46 -37 -38 -39 -40 -41 59 -43 -44 44 -46 -47 -48 -49 49 -51 -52 52 53 54 57 -57 -58 -59 -60 60 -62 -63
leaf_value=-0.55774866110293764 0.10981208574484373 25.880215165889293 -0.5947327084813 0.084672771764458685 0.067341740060010868 29.999896135572797 -0.94192732577916005 -0.27509725237491239 0.17419793669385852 -7.5237250371296591 23.407853374735513 0.074188285236719262 -0.82884076482411795 -0.80279486409031342 -0.38913015267212187 -0.80399321875625007 12.580029501024292 -4.8970638895347518 0.20639653926137511 -0.52088369421893421 19.900030829799025 34.571052379084811 15.602304994905325 -1.1904956759295782 -0.074498229592536519 -1.3550838649286145 7.4906104018962241 -0.39313182232073474 13.033745308549332 -3.8843743993623501 25.241674557691216 -2.1894157565001477 13.188127803317428 -0.12815308923884516 4.1290443858314116 -0.17562485858085664 -0.1111458826275657 -0.73609742060407435 3.0343897944110632 -7.5132913635840302 6.7279247101892494 30.41444443012405 0.2148597904229394 12.159171136707773 -2.1484438193600637 -4.4644245290218532 -1.3966694221634377 6.5829438668340208 -0.93684122880823595 0.62626949301791301 -1.0403375505800887 -2.3742667400111475 6.5228530109777463 -1.2052921554052067 -0.15721413508392706 9.2529408296800835 -0.67212633605780925 -5.8590902245583036 -7.063455543634741 3.2360811409748291 -4.030094943818531 0.17700927089401031
leaf_weight=1896 26 55 117 200 68 159 182 49 22 55 42 30 149 43 28 37 27 36 34 411 24 311 21 53 43 26 121 102 71 35 164 40 55 54 47 286 165 74 67 32 66 23 20 119 24 23 105 75 38 22 20 55 46 29 689 31 21 26 30 20 44 23
leaf_count=1896 26 55 117 200 68 159 182 49 22 55 42 30 149 43 28 37 27 36 34 411 24 311 21 53 43 26 121 102 71 35 164 40 55 54 47 286 165 74 67 32 66 23 20 119 24 23 105 75 38 22 20 55 46 29 689 31 21 26 30 20 44 23
internal_value=-0.00367351 0.00127741 -0.0120387 -1.46451e-05 -0.00301259 0.00357034 -0.00123558 -0.000328136 0.00238601 0.00368999 0.00214972 -0.00669033 -0.0045861 -0.00825266 0.00808533 -0.00731253 0.00617021 -0.00126828 -0.00402626 -0.00909627 0.00171552 0.0111609 -0.00104685 0.0080297 -0.000303656 0.0018838 0.00438349 -0.00497918 0.00854749 0.00569851 0.00791142 0.00288672 -0.000663827 0.00423465 -0.00324481 -0.00253131 -0.00325087 -0.00121718 -0.003029 -0.00548983 0.00426347 0.00232589 -0.00574808 0.00770823 0.00553459 -0.00233533 -0.000966469 0.00798768 -0.000286929 -0.00394343 0.00667612 -0.00074908 -0.000989613 -0.00056266 -0.0010218 0.00494176 -0.000254777 -0.00152706 -0.0027025 0.00251345 -0.00135725 -0.00664066
internal_weight=7006 4401 2605 3892 2120 1772 1430 1225 1432 1056 780 690 709 254 96 660 296 376 137 458 208 509 1129 276 484 277 184 168 340 181 246 82 1080 109 207 455 202 971 93 54 154 76 169 198 143 50 152 146 94 60 141 897 876 821 775 60 47 715 132 130 64 205
internal_count=7006 4401 2605 3892 2120 1772 1430 1225 1432 1056 780 690 709 254 96 660 296 376 137 458 208 509 1129 276 484 277 184 168 340 181 246 82 1080 109 207 455 202 971 93 54 154 76 169 198 143 50 152 146 94 60 141 897 876 821 775 60 47 715 132 130 64 205
is_linear=0
shrinkage=0.03


Tree=99
num_leaves=63
num_cat=0
split_feature=55 55 4 9 4 55 4 46 4 58 34 45 56 16 55 57 34 56 56 55 60 14 62 11 4 16 4 14 58 7 34 60 24 54 22 61 3 12 55 58 22 24 24 62 61 13 19 2 4 7 59 37 46 11 49 52 13 22 47 33 45 59
split_gain=313.195 61.8781 61.77 39.589 13.8444 10.3666 10.7453 8.96218 8.48086 8.20219 6.86653 6.31497 5.84024 5.73765 7.5605 5.57733 5.26128 5.01149 4.98192 4.59452 4.34832 3.96222 3.80544 3.78216 3.76191 3.75192 3.7244 3.518 3.37253 3.35137 3.30384 3.7489 4.10236 3.28207 2.9422 2.8819 3.14074 2.84616 2.81829 2.97919 2.68577 2.72142 2.6286 2.51668 2.46521 3.08909 2.52944 2.42275 2.34119 2.32545 2.29942 2.29852 2.29119 2.23902 2.23764 2.22072 2.48813 2.79116 2.21605 2.18872 2.74808 2.22328
threshold=29.500000000000004 10138.000000000002 9.5000000000000018 1.0000000180025095e-35 2.5000000000000004 7566.5000000000009 15.500000000000002 33259.770833333343 17.500000000000004 2796.4375000000005 -2.9543167547537368 33206.500000000007 19.500000000000004 291.50000000000006 2522.0000000000005 411.50000000000006 0.71343606105629587 4534.5000000000009 19.500000000000004 3298.5000000000005 2616.0000000000005 75292.479166666686 2376.8125000000005 86220.500000000015 14.500000000000002 2103.0000000000005 6.5000000000000009 82619.916666666672 1820.166666666667 8.5000000000000018 -0.95030863824556266 1971.5000000000002 78.100025000000016 871.89583333333337 0.20000000000000007 5339.5000000000009 64.147373999574043 89132.000000000015 6421.0000000000009 2969.3333333333335 -0.37499999999999994 65.536462000000014 67.857783000000012 1511.2708333333335 3488.0000000000005 99952.000000000015 14.275000000000002 90.558165000000017 21.500000000000004 24.500000000000004 847.50000000000011 17256.000000000004 27226.520833333339 88292.500000000015 346.50000000000006 639.50000000000011 88812.000000000015 -0.149999999999999 213.50000000000003 1.8955929111869179 32562.500000000004 809.50000000000011
decision_type=2 2 2 2 2 2 2 2 2 2 2 2 2 2 2 2 2 2 2 2 2 2 2 2 2 2 2 2 2 2 2 2 2 2 2 2 2 2 2 2 2 2 2 2 2 2 2 2 2 2 2 2 2 2 2 2 2 2 2 2 2 2
left_child=2 3 -1 4 11 6 10 16 -7 -10 -5 15 22 18 25 20 23 19 -12 -8 51 -18 49 29 54 -15 -20 -25 -28 -6 -27 32 -32 58 -19 37 -37 53 39 -26 -14 -42 50 -17 45 46 -43 -48 -3 -4 -11 -2 -23 -29 -16 -54 57 -57 -30 60 -36 -61
right_child=1 48 12 5 7 8 17 -9 9 42 13 -13 40 14 24 43 21 34 26 -21 -22 52 -24 27 38 30 28 35 33 -31 31 -33 -34 -35 59 36 -38 -39 -40 -41 41 44 -44 -45 -46 -47 47 -49 -50 -51 -52 -53 55 -55 -56 56 -58 -59 -60 61 -62 -63
leaf_value=-0.53941252103730042 0.10651772317249836 28.668092773522783 -0.77398492935781937 47.606279472645816 -0.04218860882674242 21.418798229664972 -1.310209008883753 -0.91610340299389426 17.146755727059571 2.9377137595200202 0.062350830153657597 0.071962636679617581 -0.40647403963037781 -0.26124567290076667 28.268759128027348 -0.7798734221935627 6.3271674206484203 1.6409451287017462 -0.13941236103477628 16.161052647675742 -0.50525718339236625 -3.5985785183941559 0.034491390522094316 -2.470711646240686 2.6723115983517252 9.7184961561702483 20.297227952236245 -0.15075121893013715 0.013880840486050374 0.54836131153840995 -5.7820589279225301 10.536510552965622 -0.15503625128772008 0.040733202247886804 -1.1235607402558616 15.1127308761943 -0.69388549145523937 -0.099287001945317241 17.593671440601138 -5.7858973605674597 -0.55608096150606801 -0.30939510984702151 9.7012544656039061 -0.10781150614873865 8.0336574576232547 -1.0463431233002212 6.0660295952523136 -0.22357100176496256 10.192923910176386 -0.3192574714933446 -2.7461929198999222 -0.65196254597607506 -1.8951934740471859 0.20435573884824634 15.526994541585594 1.9451164916552131 -0.64451320305751025 -4.6909192279327598 -6.6947043591713093 -4.9193380887634746 7.7866396459980747 -1.8607261483902267
leaf_weight=1885 26 408 213 86 31 261 27 137 47 43 79 30 83 194 105 37 20 75 26 63 411 24 42 20 41 83 42 23 21 72 30 45 140 90 79 41 28 350 33 31 23 113 32 165 45 46 60 51 29 44 108 21 36 45 32 58 292 26 24 78 37 119
leaf_count=1885 26 408 213 86 31 261 27 137 47 43 79 30 83 194 105 37 20 75 26 63 411 24 42 20 41 83 42 23 21 72 30 45 140 90 79 41 28 350 33 31 23 113 32 165 45 46 60 51 29 44 108 21 36 45 32 58 292 26 24 78 37 119
internal_value=-0.00369064 0.00118879 -0.0119351 6.81113e-06 -0.0031282 0.00287384 0.00168787 -0.00118195 0.00668296 0.00246415 0.00331821 -0.00651645 -0.00445355 0.00262474 0.0012219 -0.00713074 -0.000250446 -0.00206442 0.00626374 0.00429523 -0.00896529 -0.0026902 -0.00766299 0.0015686 0.00556382 -0.000908352 0.00375185 0.000496943 0.00531903 0.00680892 0.00119758 -0.000753138 -0.00280423 0.00297557 -0.00354805 0.00101006 0.00668596 6.45779e-05 0.00125595 -0.00203883 -0.00216576 -0.000967169 -0.000393228 -0.00295398 -0.000228499 -0.00132173 0.000120482 0.00334833 0.0119012 -0.00903151 -0.00206486 -0.000254777 -0.00329512 0.00568282 0.00884026 -0.00275904 -0.00206594 0.00246136 -0.00359202 -0.00482913 -0.00152455 -0.00675799
internal_weight=7006 4401 2605 3964 1893 2071 1580 1203 491 230 1102 690 720 1016 734 660 1066 478 282 90 458 456 299 610 242 492 203 507 177 103 298 215 170 135 388 487 69 418 105 72 421 338 183 202 315 270 224 111 437 257 151 47 436 68 137 412 376 84 45 313 116 197
internal_count=7006 4401 2605 3964 1893 2071 1580 1203 491 230 1102 690 720 1016 734 660 1066 478 282 90 458 456 299 610 242 492 203 507 177 103 298 215 170 135 388 487 69 418 105 72 421 338 183 202 315 270 224 111 437 257 151 47 436 68 137 412 376 84 45 313 116 197
is_linear=0
shrinkage=0.03


Tree=100
num_leaves=63
num_cat=0
split_feature=57 4 58 22 10 2 12 51 2 63 66 62 33 29 16 20 31 20 70 42 43 21 60 14 15 38 29 26 6 69 59 59 70 46 48 26 53 19 40 61 66 53 48 46 65 62 14 36 59 63 49 11 17 5 33 63 26 24 29 69 28 36
split_gain=284.644 34.4812 20.5661 17.834 9.6873 8.155 8.26736 7.02238 6.59034 5.44211 6.63367 5.22917 5.05607 4.65573 6.32502 6.12254 4.38514 4.09536 3.97985 6.22232 3.91891 4.56495 3.80346 3.77334 3.66848 5.58824 7.13536 4.83255 7.82198 3.65701 3.55924 3.50371 3.44667 5.67167 4.43377 3.56161 3.4445 3.43329 3.38985 3.3769 3.36531 3.23915 3.71693 3.17557 3.0974 2.98534 2.87952 4.15776 2.86656 3.00624 3.24946 3.16752 3.18162 2.8072 2.99939 2.79982 2.78863 2.65925 3.0778 2.88819 2.7705 2.75889
threshold=504.00000000000006 9.5000000000000018 4271.3333333333348 -0.39999999999999897 1.0000000180025095e-35 84.898862000000008 74215.000000000015 1694.5000000000002 53.748125000000009 4672.0000000000009 4617.791666666667 2529.3125000000005 2.0607731632186406 58.142546831947712 3824.0000000000005 -0.68020833333333319 63.912630487279216 -10.968749999999998 89956.125000000015 32036.958333333336 32009.500000000004 1.432916286544663 5379.5000000000009 111300.02083333336 5958.1068490423322 13551.437500000002 58.630701277616943 67.943493250000003 8.5000000000000018 79665.000000000015 2586.5000000000005 3393.0000000000005 95207.166666666686 29321.312500000004 333.50000000000006 74.32667585416668 1373.5000000000002 -1.0000000180025095e-35 26126.500000000004 140.50000000000003 2770.541666666667 1914.5000000000002 234.50000000000003 27226.520833333339 1848.5000000000002 2311.1875000000005 93105.791666666672 18687.500000000004 295.50000000000006 621.50000000000011 182.50000000000003 80436.500000000015 22.825000000000006 1.0000000180025095e-35 3.1525707825339961 5656.5000000000009 70.292664520833355 83.974107000000018 54.967300967092605 89608.000000000015 1.1286849999999975 22851.500000000004
decision_type=2 2 2 2 2 2 2 2 2 2 2 2 2 2 2 2 2 2 2 2 2 2 2 2 2 2 2 2 2 2 2 2 2 2 2 2 2 2 2 2 2 2 2 2 2 2 2 2 2 2 2 2 2 2 2 2 2 2 2 2 2 2
left_child=1 7 4 36 8 6 -6 17 43 10 13 30 -11 32 15 -15 -16 -1 19 -14 24 -22 -10 41 -9 26 -26 28 -27 -7 37 -28 33 35 45 -8 -4 -3 -19 -40 -13 42 -17 -2 -37 -35 -20 -48 -31 -50 -51 -52 -53 -32 -55 -21 -45 59 60 -39 -59 -61
right_child=2 11 3 -5 5 29 9 20 22 12 -12 40 18 14 16 23 -18 38 46 55 21 -23 -24 -25 25 27 31 -29 -30 48 53 -33 -34 34 -36 44 -38 57 39 -41 -42 -43 -44 56 -46 -47 47 -49 49 50 51 52 -54 54 -56 -57 -58 58 -60 61 -62 -63
leaf_value=-0.0073564485661699302 -2.6920077138342342 -0.61788071223461771 1.4336688612159472 29.502216537818679 -14.740336512267913 -9.9303571701353075 23.068117202238753 -0.58105241792368401 -0.72705902999586502 -3.4446387808912275 21.643131526646311 -0.41390393023564453 18.238429543960287 11.282410130712178 15.061073690039175 2.1078529973100752 -0.52472128012493158 -0.31707896213402281 32.693458274566602 7.8518861838320202 0.019619668669728193 -0.55511862165054082 0.32221122849591038 -10.000247063870193 -0.19742246479725831 0.27176222378974518 0.023156204502279464 -0.41181724470963571 -0.46162240679862193 -10.256436264867562 -0.46320650967315713 -0.058227524090939578 19.901671066528792 12.356572396594693 -2.7269241667249386 9.7426753166701658 -0.75647721952775593 -0.75347138794243196 -0.41059862704020073 -0.46584580655374763 3.7486163291875316 3.3663736096748016 -6.1011372891077738 0.29876454199648833 -5.9406236462484818 -1.2327922902434283 -1.7080403535947288 17.821554313096474 14.136888418547247 14.802477745925001 9.7032221967621073 -1.9330662557303093 25.954495847495828 -0.056057201340770392 13.996484956559069 -4.8114086297457925 12.285519901512034 -0.23731349129965237 -0.52645056775346655 -0.37134631932662721 4.6764280444904429 -0.8936554935822566
leaf_weight=34 23 176 32 452 23 21 87 109 652 79 144 41 30 53 129 75 32 31 43 20 30 308 133 25 45 26 55 166 24 25 20 21 130 45 28 23 81 110 24 1868 33 39 71 313 21 28 28 37 26 24 21 152 21 63 30 57 120 60 204 116 26 43
leaf_count=34 23 176 32 452 23 21 87 109 652 79 144 41 30 53 129 75 32 31 43 20 30 308 133 25 45 26 55 166 24 25 20 21 130 45 28 23 81 110 24 1868 33 39 71 313 21 28 28 37 26 24 21 152 21 63 30 57 120 60 204 116 26 43
internal_value=-0.00366923 -0.0094461 0.00265981 0.00787825 0.00159713 0.00318912 0.00424344 -0.0111349 -0.00037225 0.00458051 0.00570584 -0.00442143 0.00100986 0.00461392 0.00246876 -0.000387685 0.00715084 -0.0121006 0.00340307 -0.000672269 -0.00871955 -0.0111713 -0.0020405 -0.00269871 -0.00685272 -0.00528627 -9.90917e-05 -0.00817677 0 -0.00133402 -0.0050902 0.00547963 0.00711682 0.00489875 -0.00041543 0.00901602 -0.00275862 -0.00585226 -0.0122833 -0.0124449 0.00319838 -0.00119935 -0.00326489 0.00249287 0.00197279 0.00344733 0.00746531 0.00341014 -0.000379041 0.000602212 -0.000536451 -0.00183926 -0.00318891 -0.000106101 0.0020623 -0.00521401 0.0030755 -0.00468968 -0.00267839 -0.00684504 0.00205575 -0.00422376
internal_weight=7006 3663 3343 565 2778 1537 1247 2741 1241 1224 930 922 294 786 424 263 161 1957 215 107 784 338 785 210 446 337 121 216 50 290 848 76 362 232 101 131 113 735 1923 1892 74 185 146 456 44 73 108 65 269 244 218 194 173 113 93 77 433 559 290 269 86 159
internal_count=7006 3663 3343 565 2778 1537 1247 2741 1241 1224 930 922 294 786 424 263 161 1957 215 107 784 338 785 210 446 337 121 216 50 290 848 76 362 232 101 131 113 735 1923 1892 74 185 146 456 44 73 108 65 269 244 218 194 173 113 93 77 433 559 290 269 86 159
is_linear=0
shrinkage=0.03


Tree=101
num_leaves=63
num_cat=0
split_feature=55 4 55 4 4 55 56 34 55 34 56 45 27 16 11 57 42 4 45 55 56 62 7 38 61 62 67 44 64 56 64 16 55 56 16 19 1 28 16 33 27 27 56 36 43 50 44 26 1 53 29 56 55 28 33 49 62 27 56 54 57 38
split_gain=312.355 60.0549 58.2543 37.1715 19.411 16.2977 8.70517 9.02878 6.70561 6.95765 6.42661 5.59661 5.40077 5.31392 6.77778 5.0999 4.60914 4.27736 4.2543 4.18115 7.29796 3.68369 3.5692 3.41655 3.41026 3.38751 3.37452 3.34923 3.27915 3.11029 3.09008 3.02547 3.0115 4.02485 4.25071 3.57463 2.89916 3.64431 3.2781 2.85357 2.81169 3.61378 2.79404 2.78441 4.22903 3.19627 2.73863 2.71067 2.64471 3.4109 2.62534 3.22214 2.58557 2.74801 2.87896 3.04048 2.58391 2.47364 2.44547 2.4365 2.39357 2.77795
threshold=28.500000000000004 9.5000000000000018 10138.000000000002 2.5000000000000004 17.500000000000004 6421.0000000000009 18.500000000000004 -2.6966691457070691 7529.5000000000009 -0.076671601576549606 19.500000000000004 33206.500000000007 16.44687015472832 291.50000000000006 105999.50000000001 411.50000000000006 35661.520833333336 15.500000000000002 28614.000000000004 9026.5000000000018 8264.0000000000018 996.20833333333337 21.500000000000004 29632.333333333339 4404.0000000000009 2376.8125000000005 82982.500000000015 32460.500000000004 598.50000000000011 9639.5000000000018 1700.5000000000002 740.50000000000011 2751.5000000000005 4768.5000000000009 70.500000000000014 24.975000000000005 17.175000000000001 -2.1233280000000039 1684.5000000000002 1.7612226582367498 17.022673600133494 18.26311617934493 8299.5000000000018 26993.000000000004 32322.500000000004 695.18750000000011 31830.500000000004 70.10073260416668 4.3250000000000002 1567.5000000000002 59.562668753458865 3780.0000000000005 10611.000000000002 -3.9222900000000034 3.8644389435609523 857.50000000000011 2468.9791666666674 14.380347308027648 4861.5000000000009 902.64583333333337 6170.0000000000009 12167.000000000002
decision_type=2 2 2 2 2 2 2 2 2 2 2 2 2 2 2 2 2 2 2 2 2 2 2 2 2 2 2 2 2 2 2 2 2 2 2 2 2 2 2 2 2 2 2 2 2 2 2 2 2 2 2 2 2 2 2 2 2 2 2 2 2 2
left_child=1 -1 3 11 5 6 13 -8 23 27 25 15 16 14 -5 21 18 -7 -9 20 39 -2 32 24 31 -3 -15 -10 -24 -11 47 50 43 -34 -35 42 -33 -38 -39 -19 -14 -42 -36 44 46 -46 48 -12 -18 -50 51 59 53 -4 55 -55 -32 -22 -26 -6 -31 -62
right_child=2 10 52 4 8 17 7 12 9 29 30 -13 40 26 -16 -17 22 19 -20 -21 57 -23 28 -25 58 -27 -28 -29 -30 60 56 36 33 34 35 -37 37 38 -40 -41 41 -43 -44 -45 45 -47 -48 -49 49 -51 -52 -53 -54 54 -56 -57 -58 -59 -60 -61 61 -63
leaf_value=-0.51115177097333908 0.044163398387406613 -0.68521128746497184 23.923713490402307 0.052475658945914071 -0.24251126563919875 36.771099042419884 35.159792715097723 0.018097204231330152 7.3734552215651634 0.072861846389015161 5.7249469435440909 0.075238804790580219 -2.9902849503043853 -0.12507537941003818 -0.29063408035677168 -0.27552527097787199 0.9355342802866653 1.1219437423187764 -7.3598918775756097 18.252999624871663 4.2081651981707822 -0.46989784657447892 -0.78305786102368069 -1.1688408588600352 0.38819768196785437 -0.014875837615079915 0.20982141218800107 18.420292339107437 4.0168851110354913 2.2525322147385394 -0.32608386403303879 -0.9018269317229014 16.384974186482793 -2.0196260193551097 14.359230736532254 -2.7475257095996404 -5.4902241066948134 -0.5339586728874155 8.085084993718338 12.641878145371692 0.39001315517490087 -2.7978042490485495 -0.048765158405394686 1.9042310220144372 -0.095551448080946733 -3.6528007452954805 2.7353974887044386 -0.51994387673356968 -0.50761088764852247 2.6570690579594567 -1.3036317986623673 -1.5977484898793499 33.181135227712254 15.894290002687757 -5.4711373101022582 4.2923605280593708 4.9244911047024562 -5.9172736593061925 -0.66640250124669365 1.8196445644319108 -1.8936667892460537 -7.0736677197294551
leaf_weight=1864 31 254 62 136 38 151 106 123 135 368 39 31 45 23 36 202 25 20 87 73 56 430 33 42 73 42 27 47 166 23 294 116 49 41 48 32 43 57 27 71 52 41 21 35 137 49 25 52 63 24 95 180 257 57 25 36 34 38 67 69 35 48
leaf_count=1864 31 254 62 136 38 151 106 123 135 368 39 31 45 23 36 202 25 20 87 73 56 430 33 42 73 42 27 47 166 23 294 116 49 41 48 32 43 57 27 71 52 41 21 35 137 49 25 52 63 24 95 180 257 57 25 36 34 38 67 69 35 48
internal_value=-0.003605 -0.0119042 0.00122925 8.94714e-05 0.00141895 0.00347608 0.00195703 0.000945845 -0.00115645 0.00109282 -0.00450566 -0.00621956 0.000134112 0.00741558 0.00991865 -0.0068044 0.000936228 0.00875581 -0.00298429 0.00638125 0.00395462 -0.00854912 0.00204117 -0.00298848 -0.00252516 -0.0078926 -0.00113772 0.00607908 0.00548468 -0.000816283 -0.00210451 -0.00347464 0.000786742 0.00383046 0.0012456 0.00456973 -0.00609626 -0.00292683 0.000677765 0.010011 -0.00540912 -0.00238453 0.00842258 -0.000829377 -0.00170845 -0.00465879 0.00227571 0.00276619 0.000240856 -0.00220436 -0.00179796 -0.000355277 0.0116266 0.00881177 0.00607113 0.00850698 -0.00346541 -0.00188098 0.00169165 0.0037535 -0.00534402 -0.00772563
internal_weight=7006 2579 4427 3990 3296 1833 1424 1202 1463 656 715 694 1096 222 172 663 958 409 210 258 185 461 748 807 765 296 50 182 199 474 419 625 549 191 142 101 243 127 84 91 138 93 69 358 323 186 137 91 112 87 382 287 437 180 118 93 328 94 140 107 106 83
internal_count=7006 2579 4427 3990 3296 1833 1424 1202 1463 656 715 694 1096 222 172 663 958 409 210 258 185 461 748 807 765 296 50 182 199 474 419 625 549 191 142 101 243 127 84 91 138 93 69 358 323 186 137 91 112 87 382 287 437 180 118 93 328 94 140 107 106 83
is_linear=0
shrinkage=0.03


Tree=102
num_leaves=63
num_cat=0
split_feature=55 10 55 10 55 55 61 56 34 44 56 36 10 58 26 49 16 56 57 16 50 3 25 1 34 46 69 48 7 27 55 24 18 23 18 32 43 58 34 34 56 35 55 56 56 1 55 28 33 49 16 56 56 44 53 48 59 43 70 33 20 36
split_gain=308.071 57.7766 57.4608 34.6647 13.4338 9.57218 10.4829 10.7255 9.56472 5.73848 5.59539 5.1791 4.86615 4.55601 4.40515 4.30119 5.81489 4.51402 6.4509 6.37469 4.14548 4.41652 3.77849 4.6117 3.63862 3.26444 3.11056 3.05844 3.7648 3.49735 3.06515 3.98383 3.05167 3.01134 2.93467 3.0265 3.12623 2.8813 2.83188 2.79475 3.74481 2.97566 2.78616 3.10951 2.76556 2.70239 2.513 2.93363 2.71885 2.75974 2.48132 2.47249 2.45838 2.57428 2.40652 2.38388 2.8569 2.37563 3.83294 2.48851 2.79503 2.31693
threshold=27.500000000000004 0.74305326206722599 10138.000000000002 1.0000000180025095e-35 7566.5000000000009 5428.5000000000009 1559.5000000000002 18.500000000000004 -2.6966691457070691 32610.500000000004 55.500000000000007 9152.0000000000018 0.56392291514228221 2614.4583333333339 66.489010333333354 289.50000000000006 5160.5000000000009 19.500000000000004 16.500000000000004 449.00000000000006 472.58333333333343 61.255133575186377 73.879070000000013 -5.2249999999999988 -0.025615956148897109 31682.687500000004 89705.500000000015 226.50000000000003 12.500000000000002 15.882260671025746 4096.5000000000009 73.052350000000018 25.825000000000006 67.988417000000013 19.625000000000004 57.439219892098812 32767.500000000004 4141.8958333333348 -0.71805788361573863 -0.45878215069495448 39.500000000000007 16848.500000000004 75.500000000000014 65.500000000000014 48.500000000000007 25.225000000000005 10611.000000000002 -3.9222900000000034 3.8644389435609523 857.50000000000011 1302.5000000000002 10377.000000000002 9639.5000000000018 32681.500000000004 1231.5000000000002 219.50000000000003 2785.5000000000005 28197.000000000004 86161.166666666686 2.0036654590100595 25.935416666666672 13423.500000000002
decision_type=2 2 2 2 2 2 2 2 2 2 2 2 2 2 2 2 2 2 2 2 2 2 2 2 2 2 2 2 2 2 2 2 2 2 2 2 2 2 2 2 2 2 2 2 2 2 2 2 2 2 2 2 2 2 2 2 2 2 2 2 2 2
left_child=1 -1 3 5 8 6 7 25 -5 11 34 -10 13 -6 45 16 17 19 -19 -13 21 -9 42 -24 -7 -2 54 28 -20 30 -29 -32 -25 -22 35 36 37 -3 -30 -11 -41 -42 -16 -44 -23 -8 47 -4 49 -49 -38 -15 53 57 -17 61 -57 -26 -59 60 -60 -12
right_child=2 10 46 4 12 24 14 20 9 39 55 15 -14 51 22 26 -18 18 27 -21 33 44 23 32 52 -27 -28 29 38 -31 31 -33 -34 -35 -36 -37 50 -39 -40 40 41 -43 43 -45 -46 -47 -48 48 -50 -51 -52 -53 -54 -55 -56 56 -58 58 59 -61 -62 -63
leaf_value=-0.49854491489331032 0.048481666731454709 -0.70949253082891839 23.206002085690262 38.248279868812389 26.6197579670811 6.8683489432304032 -0.51461839159491773 -0.33170342605461883 -8.7883276289311745 10.915486706326055 -0.61745509540887378 0.051429911065901161 26.438969072860143 6.0434115677585938 0.0098439304603876454 23.149723441981148 21.867968178265045 -0.099194383048971699 0.42452502972058026 -0.067887001276254896 0.033664992405711018 0.0082932743176265325 0.064203914312355004 -0.54956326739474715 -0.93041470409654259 0.062446523418071317 -1.0294948827529287 -0.86229751352188255 9.2398358420841848 -7.6594834231356073 -0.72454306003824964 12.968965473702083 -0.032544421460090227 -0.10953026589728829 -0.0058379348751654448 -0.57846064873988079 -0.41446162025783612 0.090896357141908898 -0.77587739256880917 0.054259614471163641 -0.64394563394720084 3.2655303010195893 -0.45681491317782991 -0.26483021060504314 -0.091052652840299647 -0.18346350646449366 32.185701170880904 15.417461302607098 -5.3070031907992048 4.1635897122175898 0.65657944967403714 -3.1737184167333359 -4.5063111447172011 -1.7945533030414869 -0.3736853085423375 -1.5329436605171087 11.212186760643963 5.0259169868621756 5.0074390812412135 -0.35072548986794005 -2.6543657889412544 14.939426381638087
leaf_weight=1815 63 141 62 109 34 220 228 82 50 168 38 49 172 122 63 22 45 25 115 27 23 33 35 216 79 27 294 142 53 48 35 39 35 56 54 185 22 26 41 29 84 83 93 273 24 29 257 57 25 36 24 40 82 88 21 128 31 63 111 273 26 36
leaf_count=1815 63 141 62 109 34 220 228 82 50 168 38 49 172 122 63 22 45 25 115 27 23 33 35 216 79 27 294 142 53 48 35 39 35 56 54 185 22 26 41 29 84 83 93 273 24 29 257 57 25 36 24 40 82 88 21 128 31 63 111 273 26 36
internal_value=-0.00360072 -0.0120463 0.00108453 -2.5067e-05 0.00301121 -0.00255029 -0.00423951 0.000574489 0.00173213 0.00104883 -0.00461538 -0.000116291 0.00814181 0.00488016 -0.00576793 0.000373392 0.00186077 0.00103989 0 0.00784494 -0.00301238 8.62689e-05 -0.00454762 -0.00722475 -0.000251566 0.00928968 -0.00234945 0.000786303 0.00350072 -0.00135176 0.000263767 0.00522267 -0.00864994 -0.00849558 -0.00656271 -0.0074529 -0.00498358 -0.00689408 -0.000924548 0.0042763 0.0018205 7.18133e-05 -0.0027546 -0.00376127 0.00651489 -0.00914819 0.0114207 0.0086452 0.0058171 0.00818475 0.0018872 0.00275756 -0.00128376 -0.000651461 0.00515081 -0.000823681 -0.00290383 0.000103242 0.000913126 -0.00013899 0.00315098 0.00360324
internal_weight=7006 2500 4506 4069 1847 2222 1280 308 1479 1370 685 1006 368 196 972 956 619 574 498 76 218 139 715 286 942 90 337 473 209 264 216 74 251 79 452 398 213 167 94 364 196 167 429 366 57 257 437 180 118 93 46 162 722 640 43 233 159 552 473 410 137 74
internal_count=7006 2500 4506 4069 1847 2222 1280 308 1479 1370 685 1006 368 196 972 956 619 574 498 76 218 139 715 286 942 90 337 473 209 264 216 74 251 79 452 398 213 167 94 364 196 167 429 366 57 257 437 180 118 93 46 162 722 640 43 233 159 552 473 410 137 74
is_linear=0
shrinkage=0.03


Tree=103
num_leaves=63
num_cat=0
split_feature=55 10 55 10 55 34 55 61 56 57 55 36 56 16 56 16 55 56 10 7 63 62 10 34 56 50 14 23 18 69 63 56 21 51 67 69 46 45 45 51 28 24 45 22 62 21 18 32 62 49 21 46 38 21 16 62 22 49 26 41 28 63
split_gain=295.084 59.3296 57.7103 30.0087 14.1216 9.62615 8.25898 8.43635 11.5272 5.54786 5.82832 5.43448 5.33208 4.89216 5.50283 6.2661 4.84246 5.7775 5.1758 4.69557 4.66187 4.73714 4.59491 4.04441 3.98607 3.9303 4.08184 3.5884 3.47681 3.68966 3.38955 3.33775 3.2633 3.35541 3.24265 3.16568 3.0732 3.06508 4.09981 3.06011 2.87588 2.79256 2.74699 2.73373 2.70722 3.01794 2.70209 3.33964 2.61315 2.59615 2.57648 2.48865 2.65697 3.21002 2.62128 2.48356 2.45043 2.43317 2.3632 2.3609 2.29224 2.28863
threshold=27.500000000000004 0.74305326206722599 10138.000000000002 1.0000000180025095e-35 7566.5000000000009 -2.0390563537146487 6469.0000000000009 1572.5000000000002 18.500000000000004 625.00000000000011 157.50000000000003 9152.0000000000018 55.500000000000007 5160.5000000000009 19.500000000000004 449.00000000000006 4024.0000000000005 5220.5000000000009 0.87900005428953576 16.500000000000004 2316.5000000000005 2048.4791666666674 0.56392291514228221 0.28261239758228746 10377.000000000002 472.58333333333343 85711.208333333358 67.988417000000013 14.675000000000002 92667.500000000015 4672.0000000000009 9483.0000000000018 3.320770364550325 1882.5000000000002 82982.500000000015 113823.50000000001 31682.687500000004 32681.500000000004 30053.500000000004 1792.5000000000002 -3.5366020000000016 83.974107000000018 32556.500000000004 -0.3499999999999987 1224.6458333333335 4.2980314882226898 19.625000000000004 57.439219892098812 1461.1875000000002 231.50000000000003 4.5224605982432271 32405.000000000004 13859.895833333336 3.7935269735531585 1302.5000000000002 1816.5625000000002 2.024999999999999 272.50000000000006 81.171269875000021 38020.500000000007 -0.76354049999999407 6416.5000000000009
decision_type=2 2 2 2 2 2 2 2 2 2 2 2 2 2 2 2 2 2 2 2 2 2 2 2 2 2 2 2 2 2 2 2 2 2 2 2 2 2 2 2 2 2 2 2 2 2 2 2 2 2 2 2 2 2 2 2 2 2 2 2 2 2
left_child=1 -1 3 6 5 30 7 8 36 10 19 -7 46 14 15 -13 20 -18 32 37 28 48 24 31 42 26 -10 -27 60 -30 41 -8 33 58 -17 55 -2 38 -9 -31 -23 -5 -6 -4 50 61 47 51 49 -22 -11 52 53 -3 -53 59 -32 -15 -19 -28 -16 -46
right_child=2 12 43 4 22 11 23 9 25 44 -12 13 -14 57 16 34 17 18 -20 -21 21 40 -24 -25 -26 27 35 -29 29 39 56 -33 -34 -35 -36 -37 -38 -39 -40 -41 -42 -43 -44 -45 45 -47 -48 -49 -50 -51 -52 54 -54 -55 -56 -57 -58 -59 -60 -61 -62 -63
leaf_value=-0.48358856744651102 0.047027216729511066 0.015156498325535245 5.9369635502542222 36.293469666677936 6.2096775936386166 -9.5241700143995693 8.2013888265761903 0.023836064771905505 -2.0265239519060811 -1.0334876410887808 -0.49594529296686102 0.049887013733924089 -0.37824054536702079 22.644234863558399 8.5811304942788507 -0.11928650798944949 15.880689209996698 0.8069290669574547 27.583913708960662 -0.46615853660368312 -0.015072493007810408 -1.0679496826765627 25.645800000674335 -0.48254482472788368 -3.078506864231326 0.036808030583275531 -0.90963054742045035 -0.11833720300695232 -3.1234308776963209 -0.14017387166447684 -2.7527241380613714 -1.1344284864948848 -1.8169054197013519 -2.5485516437773548 0.20189898138822621 -0.31949106095679913 0.036744788755771578 0.062277796882984258 -0.15727436003882464 -6.8399335448827969 3.9030158132272867 13.770979513902638 17.069090829921787 25.427151524830151 0.043104218495280053 -0.42195823833718044 -0.0056627968289106436 -0.56110682927768429 -0.29340129967028589 16.574579243487424 0.16572533287134475 -0.40202777165010267 -0.93045235593677256 -0.73824433166929615 0.43992901372802873 0.015108806588234032 48.687080991890305 6.3748093848625711 10.31334675580335 0.018222454983293231 -0.15018656089743557 -0.92282393750799763
leaf_weight=1815 63 57 21 103 119 46 226 50 47 43 474 65 233 54 32 21 89 93 43 98 73 34 172 472 40 28 22 66 74 87 34 62 133 31 23 24 28 57 33 23 90 24 37 416 253 34 54 185 174 22 21 24 28 76 28 34 22 27 41 49 21 38
leaf_count=1815 63 57 21 103 119 46 226 50 47 43 474 65 233 54 32 21 89 93 43 98 73 34 172 472 40 28 22 66 74 87 34 62 133 31 23 24 28 57 33 23 90 24 37 416 253 34 54 185 174 22 21 24 28 76 28 34 22 27 41 49 21 38
internal_value=-0.00366067 -0.0119263 0.000924746 -0.000187265 0.00263765 0.00132648 -0.00253679 -0.00385541 0.000116311 -0.00516029 -0.00673641 0.00041432 -0.00439644 0.000789537 0.000292533 0.00670944 -0.00036506 0.00208556 0.000299033 -0.00288534 -0.00204253 -3.05266e-05 0.00789731 0 0.00472718 -0.00298778 -0.00032368 -0.00793836 -0.00536482 -0.00731668 0.00776625 0.00280111 -0.00109695 0.00170806 -0.00197279 0.00241673 0.00935236 0.000620985 -0.00303249 -0.00378747 0.00481064 0.0104799 0.00689942 0.0112835 -0.00226677 -0.00114426 -0.00629728 -0.00715147 -0.00227425 0.00170347 -0.00790952 -0.00456124 -0.00640596 -0.00459805 0.00109405 0.00468126 0.0015508 0.00791615 0.00378076 0.0014346 0.00135593 -0.00014428
internal_weight=7006 2500 4506 4069 1847 1479 2222 1462 361 1101 712 1296 685 1250 1169 109 1060 430 341 238 630 393 368 760 196 270 176 94 237 184 183 288 298 165 44 129 91 140 83 110 124 127 156 437 389 325 452 398 269 95 64 213 161 133 52 105 56 81 134 71 53 291
internal_count=7006 2500 4506 4069 1847 1479 2222 1462 361 1101 712 1296 685 1250 1169 109 1060 430 341 238 630 393 368 760 196 270 176 94 237 184 183 288 298 165 44 129 91 140 83 110 124 127 156 437 389 325 452 398 269 95 64 213 161 133 52 105 56 81 134 71 53 291
is_linear=0
shrinkage=0.03


Tree=104
num_leaves=63
num_cat=0
split_feature=4 58 34 57 4 4 57 49 42 27 58 58 25 63 58 51 32 56 35 44 59 61 58 24 35 65 33 44 21 24 16 33 27 34 51 7 51 40 29 66 56 57 56 42 30 7 20 70 20 20 0 34 56 24 39 3 52 27 27 32 16 69
split_gain=251.574 30.5163 13.6211 12.5611 10.8562 9.06798 7.5049 7.34012 6.5473 5.86341 5.72141 4.53261 10.1311 4.21674 3.93444 4.33815 3.88592 4.8788 3.89566 3.86461 3.63375 5.1338 3.55039 3.5893 3.5069 3.48163 3.6114 5.15687 3.45047 3.33336 3.31255 3.57073 3.28937 3.51975 3.2879 4.0841 3.27258 3.26057 3.17636 6.70922 7.17616 5.84343 5.81738 4.12715 4.0503 3.69394 5.68042 4.27395 3.56225 3.29286 3.1213 4.33778 3.08807 5.87433 3.03717 3.00061 3.73272 4.03404 3.49383 4.22089 5.7368 3.50804
threshold=11.500000000000002 4122.5625000000009 -0.81327009816320472 60.500000000000007 9.5000000000000018 22.500000000000004 7300.5000000000009 2052.0000000000005 62692.250000000007 12.458251628184074 2646.729166666667 569.04166666666686 80.847607000000025 1304.5000000000002 4821.604166666667 1643.5000000000002 66.303793535058247 7363.0000000000009 11391.500000000002 31744.500000000004 3801.0000000000005 1421.5000000000002 2375.8958333333335 81.126410000000007 11941.500000000002 5985.5000000000009 2.3361820696444444 32524.500000000004 2.1629863271716872 88.27884250000001 -177.49999999999997 3.2416843549405487 8.1990970874043985 -3.3759201351777288 650.50000000000011 9.5000000000000018 1050.5000000000002 26126.500000000004 57.731616602595253 6550.5625000000009 14.500000000000002 10.500000000000002 11.500000000000002 40288.166666666679 58.662352909734622 13.500000000000002 0.65104166666666685 88569.270833333358 25.775000000000002 15.538541666666669 90051.500000000015 0.22372240827348125 15.500000000000002 93.320215000000005 39192.500000000007 46.735554734315343 818.50000000000011 14.741654375795269 16.060440314190355 60.369299087965715 3058.5000000000005 81968.500000000015
decision_type=2 2 2 2 2 2 2 2 2 2 2 2 2 2 2 2 2 2 2 2 2 2 2 2 2 2 2 2 2 2 2 2 2 2 2 2 2 2 2 2 2 2 2 2 2 2 2 2 2 2 2 2 2 2 2 2 2 2 2 2 2 2
left_child=3 2 32 4 7 14 20 8 11 -9 -5 12 -1 -12 15 -3 17 25 19 54 21 34 -6 -24 -15 26 27 -8 -20 30 31 -23 -2 -34 -4 -36 -27 -13 -39 41 44 -40 43 49 -41 46 -44 -48 -49 -43 -31 -52 53 -47 -19 -35 57 -57 59 61 -61 -58
right_child=1 5 6 10 22 -7 16 9 -10 -11 13 37 -14 24 -16 -17 -18 18 28 -21 -22 29 23 -25 -26 36 -28 -29 -30 50 -32 -33 33 55 35 -37 -38 38 39 40 -42 42 45 -45 -46 52 47 48 -50 -51 51 -53 -54 -55 -56 56 58 -59 -60 60 -62 -63
leaf_value=0.0093130671195301665 16.413902220251337 25.487312587260419 6.7234471734267203 -0.55003721392921934 -0.51716480243874252 -1.0890422869075747 -0.059580856933716855 0.0043576530337686133 0.08032049928912173 -0.22956453675927505 -0.50347008210942135 -0.2627680356706073 -0.13331400330189291 -0.34242338297074615 33.612757131406482 6.7475386854228621 10.729388652180278 8.2747311969878368 8.0414704211440036 17.441271099435223 0.21881481201397948 -0.78625118239293779 -0.46415015863832731 -0.094166993424035894 0.021264451994613791 9.3802296214077163 21.244394133194291 10.470300407750244 -0.98788029629998164 14.589325238400496 -1.1328202085017385 4.9483757853158865 45.275104779770231 29.820584331609833 1.9353025502080656 -1.0440986059052466 -4.6388161491642723 -0.43091647641409048 -0.52092502157869747 0.096261627597446442 -0.08457182805916956 0.011520450973000499 0.005765156533457833 -0.58878822007795817 -0.58844471741472271 -0.35348211062959994 0.036583560708644464 -0.1795699411815912 0.0041679467613146134 -0.52912355428459112 6.6805057309797213 -2.6821740939593641 -0.14564234696623138 0.024776379183638501 -4.5791985013115477 -2.6712002916285109 -0.58319889250665258 12.678371022596203 -2.526137132868612 -6.9414940215050498 13.680701720569326 18.019981410364981
leaf_weight=21 160 281 37 146 148 61 147 39 20 31 172 36 25 72 176 158 39 46 27 36 206 80 125 193 209 28 111 52 345 33 439 24 32 22 146 315 27 762 591 27 46 21 47 228 23 31 20 181 30 40 21 24 200 20 28 76 21 20 50 53 36 145
leaf_count=21 160 281 37 146 148 61 147 39 20 31 172 36 25 72 176 158 39 46 27 36 206 80 125 193 209 28 111 52 345 33 439 24 32 22 146 315 27 762 591 27 46 21 47 228 23 31 20 181 30 40 21 24 200 20 28 76 21 20 50 53 36 145
internal_value=-0.00356218 0.00212358 0.000752627 -0.00924546 -0.0100623 0.00784943 -0.000344625 -0.0108655 -0.0111485 -0.00124108 -0.00527792 -0.0112945 -0.0018872 -0.00360185 0.00894489 0.00740606 0.00179099 0.00135993 -0.000616055 0.00433243 -0.00177496 -0.00245018 -0.00585068 -0.0040459 -0.00132337 0.00397699 0.00521445 0.00277248 -0.00208815 -0.00426984 -0.00510403 -0.000259366 0.00470167 0.00338827 -0.000174664 -0.000871828 -0.00294011 -0.011481 -0.0116237 -0.0108112 -0.00309053 -0.0113349 -0.0096773 -0.0131166 0.00473054 -0.00779059 -0.00538296 -0.00732151 -0.00858361 -0.00608838 0.00149808 -0.00359202 -0.0104421 -0.00375734 0.000364372 0.00265186 0.00204936 -0.00309053 0.00367748 0.00510388 -0.00013468 0.00792896
internal_weight=7006 3502 2826 3504 2905 676 2211 2439 2369 70 599 2349 46 453 615 439 886 847 482 110 1325 1119 466 318 281 365 310 199 372 621 543 104 615 455 498 461 55 2303 2267 1505 96 1409 818 289 50 529 278 231 211 61 78 45 251 51 74 423 401 96 305 255 89 166
internal_count=7006 3502 2826 3504 2905 676 2211 2439 2369 70 599 2349 46 453 615 439 886 847 482 110 1325 1119 466 318 281 365 310 199 372 621 543 104 615 455 498 461 55 2303 2267 1505 96 1409 818 289 50 529 278 231 211 61 78 45 251 51 74 423 401 96 305 255 89 166
is_linear=0
shrinkage=0.03


Tree=105
num_leaves=63
num_cat=0
split_feature=55 10 55 4 4 55 45 56 34 43 16 11 4 55 56 55 58 56 59 57 60 21 16 67 34 64 60 66 57 22 33 14 55 50 34 45 66 62 33 13 21 15 18 59 55 22 33 57 21 0 34 18 44 57 27 64 33 56 25 47 27 38
split_gain=298.196 55.8632 52.5551 29.4967 15.9675 15.3021 11.6729 10.9321 9.05437 6.16219 6.13207 5.83445 5.63532 4.93769 6.10946 4.83217 6.12783 4.65426 4.60064 4.21905 4.61626 4.20122 4.03979 3.9627 3.95032 4.52147 3.76703 4.12401 3.5633 3.49053 3.32976 3.50783 3.13536 3.10531 3.38684 2.88958 2.88171 2.8385 2.81276 2.77746 2.74406 2.74183 2.72139 4.21528 2.68509 3.03731 2.94533 2.68211 2.6614 2.65615 2.6133 3.81875 2.48973 2.42132 2.40185 2.39604 3.01635 2.37024 2.79663 2.76999 2.46472 2.32487
threshold=26.500000000000004 0.74305326206722599 10138.000000000002 2.5000000000000004 17.500000000000004 6421.0000000000009 33365.500000000007 18.500000000000004 -2.9543167547537368 30906.500000000004 449.00000000000006 105999.50000000001 15.500000000000002 9026.5000000000018 8264.0000000000018 7529.5000000000009 2796.4375000000005 55.500000000000007 2492.0000000000005 411.50000000000006 2616.0000000000005 2.2555035293969259 5733.5000000000009 82982.500000000015 -0.626812883647755 6156.5000000000009 1569.0000000000002 2316.5416666666674 3875.5000000000005 -0.9250000000000006 1.8738217430516464 96594.687500000015 339.00000000000006 311.62500000000006 0.56718021730399582 28478.000000000004 8081.3125000000009 2276.2916666666674 3.679711999009418 101088.00000000001 4.7223535156538992 11281.789628191143 5.7250000000000005 253.50000000000003 10611.000000000002 0.89999999999999913 3.8644389435609523 5929.5000000000009 4.8363328554670382 133995.50000000003 -0.025615956148897109 17.275000000000002 31789.500000000004 3245.5000000000005 13.555886640616796 3028.5000000000005 2.1149563054880112 8213.0000000000018 78.891633000000013 208.50000000000003 12.179589507736283 14368.85416666667
decision_type=2 2 2 2 2 2 2 2 2 2 2 2 2 2 2 2 2 2 2 2 2 2 2 2 2 2 2 2 2 2 2 2 2 2 2 2 2 2 2 2 2 2 2 2 2 2 2 2 2 2 2 2 2 2 2 2 2 2 2 2 2 2
left_child=1 -1 3 6 5 7 19 10 -9 26 11 -5 -7 14 -14 18 50 42 36 20 39 -18 24 -12 32 57 37 -28 -23 -20 54 35 -11 -31 -35 -32 -6 48 41 -2 -21 47 -3 -44 45 46 -4 -37 -10 -33 -17 -52 61 -34 -30 56 -16 58 59 -26 -61 -45
right_child=2 17 44 4 15 12 -8 8 9 22 23 -13 13 -15 55 16 21 -19 29 40 -22 28 -24 -25 25 -27 27 -29 30 33 31 49 53 34 -36 38 -38 -39 -40 -41 -42 -43 43 52 -46 -47 -48 -49 -50 -51 51 -53 -54 -55 -56 -57 -58 -59 -60 60 -62 -63
leaf_value=-0.46707753604559282 0.078490473032997832 -0.56894052384367089 11.782793022620972 0.044310364300322397 -1.038350834422423 33.937928157657609 0.051824130490706874 39.690796952147373 -0.099290539629575528 -0.020956509878823224 -0.11241487868382748 -0.26029463261035862 8.8420273734212973 16.651865356095932 5.2859557906943246 20.56780091232017 9.1303815680481364 -0.58963110987994194 0.29413525895946091 -0.18981245066302668 -0.4162124339075926 4.1859872015827975 36.120660016778224 0.27402041143963285 0.2329991458706081 0.060396057261758673 12.023091977425265 -0.0011453391288782199 -0.44605519449165509 3.2063665273067974 -6.8604475877856386 -7.3035614724813991 19.026272748891824 0.43888252477444439 -1.5015426819939843 -1.3209080064755516 5.354969562542073 -6.2468470483793226 -4.4092073877263465 -0.3221934061144055 -0.58430875768438328 -4.0183606176283861 -0.55933201660432186 -0.25088213282019295 29.882656252266859 21.290472151786023 -5.9855331219458634 7.4498812140917652 0.071473356957635875 -0.50442987263116723 -5.1840014021482261 12.785187116863511 0.088191173987021323 7.6277711064165121 9.6172836229784657 7.0155890638282381 -6.8921337606916673 -6.1715517392024228 -0.22027747705510292 -0.53187736925407991 0.18453834353360937 -0.57333611330770251
leaf_weight=1773 25 187 89 152 547 151 44 85 265 89 23 36 91 73 24 54 48 227 73 178 419 47 36 27 27 49 28 143 37 28 45 64 44 45 82 35 32 55 58 25 24 39 69 79 257 68 23 95 41 50 20 22 72 155 42 31 39 21 167 57 38 37
leaf_count=1773 25 187 89 152 547 151 44 85 265 89 23 36 91 73 24 54 48 227 73 178 419 47 36 27 27 49 28 143 37 28 45 64 44 45 82 35 32 55 58 25 24 39 69 79 257 68 23 95 41 50 20 22 72 155 42 31 39 21 167 57 38 37
internal_value=-0.00341231 -0.0118682 0.00111725 6.8362e-05 0.00123076 0.00301063 -0.00547056 0.00163643 0.000551496 -0.000108633 0.00754725 0.0100319 0.00816915 0.00545138 0.0028201 -0.00113594 0.000772748 -0.00448815 -0.00269112 -0.00645507 -0.00801961 -0.000423139 0.00177426 -0.00173653 0.00122392 -0.000868839 -0.00253148 0.00112215 -0.00122437 0.000907497 -0.00202537 -0.00317793 0.00384242 -0.00162476 -0.00363493 -0.00131202 -0.00411328 -0.00427029 5.28402e-05 0.000538922 -0.00280554 0.00202247 -0.00627561 -0.00424737 0.0110089 0.00814547 0.00505798 0.00412759 -0.00312643 -0.0075986 0.00777315 0.00206651 -0.00189793 0.00593672 0.00356511 -0.0025186 -0.0058954 -0.00221541 -0.00149429 0.00194103 -0.00044164 -0.00462532
internal_weight=7006 2444 4562 4125 3410 1947 715 1538 1300 1215 238 188 409 258 185 1463 656 671 807 671 469 560 683 50 647 359 532 171 512 228 465 386 288 155 127 272 579 361 227 50 202 169 444 257 437 180 112 130 306 114 96 42 188 199 79 94 63 310 289 122 95 116
internal_count=7006 2444 4562 4125 3410 1947 715 1538 1300 1215 238 188 409 258 185 1463 656 671 807 671 469 560 683 50 647 359 532 171 512 228 465 386 288 155 127 272 579 361 227 50 202 169 444 257 437 180 112 130 306 114 96 42 188 199 79 94 63 310 289 122 95 116
is_linear=0
shrinkage=0.03


Tree=106
num_leaves=63
num_cat=0
split_feature=55 4 55 4 4 55 45 56 34 16 11 56 55 56 55 34 38 67 51 59 16 49 38 16 56 16 56 57 60 39 66 26 34 18 59 55 22 59 22 66 44 68 22 43 34 4 55 56 47 30 57 51 56 49 66 56 65 60 49 2 2 59
split_gain=294.758 54.3683 52.1541 26.5433 14.7819 15.111 11.2579 9.91193 8.79413 6.00046 5.89387 5.47561 4.76873 5.77074 4.71285 5.9136 4.45889 4.28775 4.12729 4.03018 3.54557 3.46455 3.39107 3.37599 3.34153 3.24253 4.05919 3.18304 3.42733 3.11334 3.04775 3.6624 3.01349 2.96829 4.05461 2.87925 2.83492 2.82655 3.6951 2.91271 2.76852 2.72214 2.62661 2.93913 3.68329 2.62563 3.2225 4.93068 2.57138 2.65818 2.54654 2.44464 2.43933 2.39944 2.80632 2.39303 2.36488 2.29766 2.29126 2.80903 2.25124 3.03356
threshold=25.500000000000004 9.5000000000000018 10138.000000000002 2.5000000000000004 17.500000000000004 7395.0000000000009 33365.500000000007 18.500000000000004 -1.5912206938856348 449.00000000000006 105999.50000000001 55.500000000000007 4024.0000000000005 7314.5000000000009 6948.5000000000009 -0.025615956148897109 11704.125000000002 82982.500000000015 1689.0000000000002 4228.0000000000009 2573.5000000000005 2191.5000000000005 12167.000000000002 1860.0000000000002 9561.0000000000018 5160.5000000000009 5553.5000000000009 625.00000000000011 2586.5000000000005 33517.500000000007 1241.8333333333337 87.739548854166671 -0.20119042393059058 5.7250000000000005 253.50000000000003 10611.000000000002 1.0249999999999988 2616.0000000000005 -0.87499999999999989 8081.3125000000009 32460.500000000004 148560.00000000003 0.39999999999999908 31809.500000000004 -3.6978180374300105 15.500000000000002 9026.5000000000018 8917.5000000000018 719.50000000000011 59.195098361941596 8012.0000000000009 2051.5000000000005 7414.5000000000009 226.50000000000003 1087.6458333333337 6673.5000000000009 3167.5000000000005 2658.0000000000005 110.50000000000001 88.523490000000024 77.142712000000003 909.50000000000011
decision_type=2 2 2 2 2 2 2 2 2 2 2 2 2 2 2 2 2 2 2 2 2 2 2 2 2 2 2 2 2 2 2 2 2 2 2 2 2 2 2 2 2 2 2 2 2 2 2 2 2 2 2 2 2 2 2 2 2 2 2 2 2 2
left_child=1 -1 3 6 5 7 16 9 42 10 -5 33 21 53 37 40 -2 -11 20 22 -15 25 23 29 50 26 30 28 51 -17 -10 -32 -27 -3 -35 36 56 39 -39 -6 52 -21 -9 44 -44 -7 47 -47 49 -40 57 -18 -16 -14 -55 -52 -4 -24 -13 -60 -36 -62
right_child=2 11 35 4 14 45 -8 8 12 17 -12 58 13 18 15 19 27 -19 -20 41 -22 -23 24 -25 -26 32 -28 -29 -30 -31 31 -33 -34 34 60 -37 -38 38 48 -41 -42 -43 43 -45 -46 46 -48 -49 -50 -51 55 -53 -54 54 -56 -57 -58 -59 59 -61 61 -63
leaf_value=-0.46586476313492942 -0.52841336722017951 -0.56453539985895385 11.495927957600214 0.037880682891877591 -1.0355919376644032 34.189687416475749 0.050269406575985637 -0.18581931251274 -0.11161131165542755 -0.10978788062361423 -0.25366579402450218 10.537444067890602 13.837216575395777 -0.68015429808292083 12.092373938388736 3.7027205422038696 -0.25265332369494242 0.23446807138649819 -2.9139865789797339 7.8318589512513404 17.438359437092103 0.024612671276411504 -1.281280766281286 11.879170139895963 -7.6681790170786819 22.880385201542019 -3.9437745187737345 -0.047049376188596455 -0.34403520180877273 -2.6078822985935131 0.0020437007298259855 -0.047002196408151238 -1.4277507657559809 -0.5425520561061915 -0.77578023521813622 28.986176564698869 22.949298639171193 0.38995491371464702 -0.33568519443823047 5.1943204756658119 14.230364181020104 -3.2448543823250655 47.534114006157125 35.63707225549031 9.4770206045624672 12.861217911360026 16.152309395413049 -1.6177217734804252 -1.3889565012778404 4.2400872551720044 16.444960755129124 0.063163959077443502 -0.026559742403769633 7.7747428086550281 0.2276824641786743 -1.5117445563042202 -0.82399628402812597 -4.8791628058666987 0.65491761191424758 -1.8427244961955977 -0.42776762307459704 0.94107718020580244
leaf_weight=1710 141 197 86 164 473 95 44 45 123 24 37 30 65 78 51 51 24 30 60 100 50 34 85 46 56 26 117 121 366 51 485 41 20 69 29 257 59 64 30 32 64 23 26 76 129 64 73 47 64 23 25 21 116 25 74 63 35 46 122 70 91 63
leaf_count=1710 141 197 86 164 473 95 44 45 123 24 37 30 65 78 51 51 24 30 60 100 50 34 85 46 56 26 117 121 366 51 485 41 20 69 29 257 59 64 30 32 64 23 26 76 129 64 73 47 64 23 25 21 116 25 74 63 35 46 122 70 91 63
internal_value=-0.00333524 -0.0119113 0.00107933 4.94258e-05 0.00113566 0.00280713 -0.0052043 0.0017593 0.000812021 0.0072207 0.00960716 -0.00466696 -0.000297972 0.00263277 -0.00115645 0.000440098 -0.00616847 -0.00160813 -0.000940989 -0.00125801 0.00208431 -0.0015211 -0.00265186 0.000992573 -0.00462377 -0.00191725 -0.00238481 -0.00489945 -0.00615909 -0.00202742 -0.00145124 -0.000450485 0.00579176 -0.00657315 -0.00439111 0.0109403 0.0079789 -0.00296895 0.000231916 -0.00412196 0.0044656 0.00350934 0.00563926 0.00693206 0.00452611 0.00928699 0.00715372 0.00388839 -0.00292058 0.0019209 -0.00293017 0.00159645 0.00240575 0.00674589 0.00375378 0.000987514 0.0053014 -0.00558352 -0.000796938 -0.00201458 -0.00203168 -0.000564568
internal_weight=7006 2381 4625 4188 3471 2008 717 1729 1474 255 201 671 1198 352 1463 777 673 54 188 546 128 846 423 148 275 812 766 532 411 102 649 526 46 449 252 437 180 686 181 505 231 123 276 231 155 279 184 111 117 53 219 45 167 164 99 88 121 131 222 192 183 154
internal_count=7006 2381 4625 4188 3471 2008 717 1729 1474 255 201 671 1198 352 1463 777 673 54 188 546 128 846 423 148 275 812 766 532 411 102 649 526 46 449 252 437 180 686 181 505 231 123 276 231 155 279 184 111 117 53 219 45 167 164 99 88 121 131 222 192 183 154
is_linear=0
shrinkage=0.03


Tree=107
num_leaves=63
num_cat=0
split_feature=55 10 55 10 55 60 57 34 56 13 56 35 55 56 34 55 56 46 39 10 56 55 57 60 0 22 61 36 24 7 34 35 27 24 1 57 33 61 50 51 10 2 60 15 35 2 66 15 65 17 13 7 66 31 70 25 56 12 57 33 47 46
split_gain=289.293 56.6129 51.5827 26.8857 10.7281 10.2896 10.718 9.1424 9.00083 5.59383 5.16185 5.13494 5.43245 4.31759 5.49263 4.5132 5.24634 4.09077 5.87525 4.02147 4.45877 3.95054 3.69014 3.58019 3.84987 3.43438 3.41085 3.4831 3.279 3.20561 3.78285 3.2041 3.16833 3.06052 2.90014 2.71276 3.36741 2.81984 2.69229 2.77711 2.65366 2.57618 2.51424 2.45315 2.41473 2.88773 2.3883 2.78827 5.05705 2.84379 2.37715 2.33642 2.33923 2.32678 3.85225 2.27778 2.26083 2.22006 2.21208 2.18757 2.16532 2.22599
threshold=25.500000000000004 0.74305326206722599 10002.500000000002 1.0000000180025095e-35 7566.5000000000009 2200.5000000000005 820.00000000000011 -2.9543167547537368 17.500000000000004 97405.500000000015 19.500000000000004 12884.500000000002 55.500000000000007 27.500000000000004 -0.43743114872634686 4915.0000000000009 5553.5000000000009 30660.812500000004 41492.000000000007 0.74305326206722599 9307.5000000000018 10477.000000000002 24.500000000000004 5444.0000000000009 83740.000000000015 1.1750000000000009 365.50000000000006 26663.000000000004 52.600697000000004 24.500000000000004 0.16848186437253435 10473.000000000002 6.6075182810007478 90.411025000000009 0.27500000000000008 6783.5000000000009 1.7501460485120501 2457.5000000000005 467.93750000000006 1410.5000000000002 0.74305326206722599 53.748125000000009 1349.5000000000002 5058.606830397569 12320.000000000002 59.620587500000006 7991.8750000000009 8445.3591456437334 1741.5000000000002 23.725000000000005 89192.000000000015 5.5000000000000009 4442.9375000000009 57.765561630050179 87080.541666666672 55.061189000000006 8516.5000000000018 93084.000000000015 9775.0000000000018 1.0113506138115416 1257.5000000000002 32497.812500000004
decision_type=2 2 2 2 2 2 2 2 2 2 2 2 2 2 2 2 2 2 2 2 2 2 2 2 2 2 2 2 2 2 2 2 2 2 2 2 2 2 2 2 2 2 2 2 2 2 2 2 2 2 2 2 2 2 2 2 2 2 2 2 2 2
left_child=1 59 3 5 7 8 11 -5 9 -2 33 -7 38 31 15 16 32 -18 -19 20 42 25 -12 24 -8 29 -10 34 -16 30 -4 -9 -15 -3 -28 37 -37 -26 39 43 -33 56 -6 -13 -22 -46 47 48 -36 57 -39 52 -50 -14 -55 -17 -38 -49 -44 -1 -25 -62
right_child=2 10 21 4 19 6 23 13 26 -11 22 12 53 14 28 55 17 18 -20 -21 44 -23 -24 60 35 -27 27 -29 -30 -31 -32 40 -34 -35 46 36 41 50 -40 -41 -42 -43 58 -45 45 -47 -48 49 51 -51 -52 -53 -54 54 -56 -57 -58 -59 -60 -61 61 -63
leaf_value=-0.048023639521989556 0.08322670118646272 -0.6220660068464966 14.061240103772233 38.946693831217054 13.762997744697239 -0.49412255877775368 3.7546813791163891 -0.011540484348087432 -0.092239800350357115 -0.13061946126717475 -0.41493459438235913 -0.04019993833226726 -0.52409728994201266 21.507126314392771 -4.9160975754610803 -0.054990660225571447 -6.3519857342756358 23.960106541825894 -2.1299469722624873 33.163996793981475 8.4552448761513368 26.964809676304139 -0.041817573110158969 6.02428564789476 -4.6361648178247643 21.310731219611579 0.023706101309537677 -0.81311873775465215 -0.10582205973270901 -3.4677165119460369 3.4662661808759956 0.027276185108309859 0.92785516868985263 -0.36145863540884887 -7.7477897021398814 7.0532783308121543 6.4892619903783544 0.089477376227626443 -0.14899622641025356 0.021389622665853807 0.019511985795449965 -4.1250876625812589 -1.7882261666042814 0.027611502037404066 -4.7207063480728628 4.6047318770656602 15.982788629323879 0.0017039568139308513 -1.5038231103442647 -0.18119650879434027 -0.45987861230159188 0.0041172386008278749 -0.4589852652399804 0.16643556342810401 -0.32969690722905487 12.430764821155543 -2.2796031138855142 1.1884609831182416 15.518893709149733 -0.45403951614429533 0.42135845415258016 -1.0812358338855939
leaf_weight=21 79 210 39 85 84 157 44 28 36 44 109 20 89 45 48 36 72 20 69 83 37 311 269 50 38 42 97 67 551 27 72 109 260 72 50 56 45 53 28 22 55 86 26 23 40 43 24 25 24 67 253 235 30 22 306 161 28 35 33 1700 91 25
leaf_count=21 79 210 39 85 84 157 44 28 36 44 109 20 89 45 48 36 72 20 69 83 37 311 269 50 38 42 97 67 551 27 72 109 260 72 50 56 45 53 28 22 55 86 26 23 40 43 24 25 24 67 253 235 30 22 306 161 28 35 33 1700 91 25
internal_value=-0.00333952 -0.0118357 0.00103392 -5.73281e-05 0.00258448 -0.00227291 -0.00379987 0.00150867 0.000420612 0.00789602 -0.00435843 -0.00658372 -0.00511076 0.000946978 0.000306632 0.00218971 0.000572838 -0.00379888 0.00047138 0.00735914 0.00551881 0.010226 -0.00205501 -0.00138083 -0.0024573 0.00664631 -0.000908564 -0.000408194 -0.00177266 0.00432295 0.00658866 0.00513795 0.00289086 -0.00743353 0.000327031 -0.00313361 -0.000474198 -0.0047864 0.00141783 0.00479263 0.00674589 -0.00271527 0.00909853 0.000278422 0.00122398 -0.00158845 -0.000605999 -0.00108775 -0.00251253 0.00269079 -0.00381248 -0.000975441 -0.00659889 -0.00657396 -0.00538555 0.00599696 0.00139535 0.0074376 0.00426396 -0.0147011 0.00251054 0.000232558
internal_weight=7006 2381 4625 4134 1885 2249 1436 1539 813 123 660 667 510 1454 1262 663 466 161 89 346 263 491 378 769 603 180 690 654 599 138 111 192 305 282 587 559 215 344 93 65 164 159 143 43 120 83 490 466 339 127 306 289 54 417 328 197 73 60 59 1721 166 116
internal_count=7006 2381 4625 4134 1885 2249 1436 1539 813 123 660 667 510 1454 1262 663 466 161 89 346 263 491 378 769 603 180 690 654 599 138 111 192 305 282 587 559 215 344 93 65 164 159 143 43 120 83 490 466 339 127 306 289 54 417 328 197 73 60 59 1721 166 116
is_linear=0
shrinkage=0.03


Tree=108
num_leaves=63
num_cat=0
split_feature=55 10 55 10 55 34 60 57 56 10 3 38 49 15 55 55 17 62 10 61 58 56 61 62 58 60 18 55 49 25 56 25 21 38 34 15 38 18 55 27 22 37 25 7 13 57 47 43 56 53 55 28 34 17 28 18 50 55 7 16 26 25
split_gain=279.106 55.2167 50.4812 22.7947 12.4828 9.6585 9.33077 9.82309 9.73102 6.29661 5.68912 5.16579 5.10868 5.56346 5.13298 4.8969 4.80597 4.64945 4.48358 4.29157 3.99188 5.40876 3.77916 4.04174 3.69415 3.46014 3.35614 3.34525 4.10786 4.70662 4.05404 4.32421 4.11961 3.34421 3.33451 3.28416 3.19388 3.0583 2.87408 2.83586 2.7584 2.74665 2.74256 2.89455 2.91579 2.70966 3.3409 2.70761 2.69868 2.6528 2.53832 2.82318 2.98132 2.54582 2.47074 2.37712 2.95981 2.267 2.26407 2.24427 2.62238 2.28829
threshold=24.500000000000004 0.74305326206722599 10138.000000000002 1.0000000180025095e-35 7566.5000000000009 -3.3759201351777288 2200.5000000000005 625.00000000000011 17.500000000000004 0.87900005428953576 64.354798707297775 11646.29166666667 198.50000000000003 4472.6551356784903 25.500000000000004 55.500000000000007 6.4250000000000016 2134.666666666667 0.56392291514228221 473.50000000000006 4427.979166666667 8868.5000000000018 2707.5000000000005 1550.854166666667 2614.4583333333339 1461.5000000000002 18.975000000000005 4024.0000000000005 224.50000000000003 83.525150000000011 4342.5000000000009 72.504829500000014 2.9209287925337883 28853.895833333336 -0.77940160944810077 3878.582588966387 12009.000000000002 -10.574999999999998 977.00000000000011 11.781532764944286 1.6500000000000015 17210.500000000004 81.180627500000014 2.5000000000000004 142185.50000000003 6.5000000000000009 609.50000000000011 31789.500000000004 23.500000000000004 1347.5000000000002 10611.000000000002 -2.8964345000000011 0.16848186437253435 23.475000000000005 -2.8964345000000011 15.975000000000001 443.27083333333337 4915.0000000000009 18.500000000000004 381.50000000000006 69.356065062500008 86.189047000000016
decision_type=2 2 2 2 2 2 2 2 2 2 2 2 2 2 2 2 2 2 2 2 2 2 2 2 2 2 2 2 2 2 2 2 2 2 2 2 2 2 2 2 2 2 2 2 2 2 2 2 2 2 2 2 2 2 2 2 2 2 2 2 2 2
left_child=1 -1 3 6 5 -5 8 11 10 17 -2 -8 13 35 -14 49 -15 -3 24 -10 21 27 39 -24 -6 41 -18 30 -29 34 31 36 38 -21 57 -7 -16 -11 48 -9 -22 -19 43 -25 55 -39 -47 -32 -33 -13 51 -4 -53 -54 -26 -45 -57 -30 -44 61 -61 -34
right_child=2 9 50 4 18 12 7 22 19 37 -12 15 14 16 20 -17 26 25 -20 33 40 -23 23 42 54 -27 -28 28 29 -31 47 32 59 -35 -36 -37 -38 45 -40 -41 -42 -43 58 44 -46 46 -48 -49 -50 -51 -52 52 53 -55 -56 56 -58 -59 -60 60 -62 -63
leaf_value=-0.46270661840959726 0.053581362068688701 -0.47330680151757842 15.767774188588136 40.722426249999188 23.629209742306351 0.073989101562078385 -0.50382822453639564 -4.6729730958639761 -0.077335670530146741 -5.5911086151148348 -0.39796732261204226 0.0036963918345240998 -0.018811445437151162 1.4203425015816236 -0.2532437142842619 -0.34202405097864996 -0.0073008295494743081 0.48421190673452824 22.555696019996276 0.0015342429077047014 0.023582308141344439 -4.5476737802955718 -0.61029530589503189 6.7551490625636736 -0.20512402462378304 -1.620173025997744 5.1956512443582232 10.057655604989309 -6.2448150029133105 12.002812862816626 -7.7215875580545434 0.017746934330587008 0.0062423877024647646 -1.024400842312394 -0.89901307454660129 -6.4729084143830455 0.31473149151415097 -0.63025084604759052 3.8868719352431276 -0.91936160483689033 38.230528634259493 -0.64417254123396794 -0.30697275046417588 -1.0194505320587086 -3.6249922670661769 -0.29241709684676509 23.652545832926215 -0.11634632396948291 -0.6236833245633352 -0.074302081934630018 27.307646977468774 17.819397540779882 -5.767271310095075 12.526129195570647 5.7901196060093749 1.4914918921503602 0.053862934926542608 16.857627316388662 0.2924326223527407 6.2564283764557675 -0.10389722386910079 0.074505072632173319
leaf_weight=1627 97 134 81 60 34 28 100 51 75 24 29 69 59 104 24 449 76 41 172 626 51 113 151 36 99 25 84 58 21 32 95 21 38 36 134 31 86 66 30 97 34 24 33 33 40 276 23 93 111 51 257 38 24 37 63 106 233 53 23 42 119 29
leaf_count=1627 97 134 81 60 34 28 100 51 75 24 29 69 59 104 24 449 76 41 172 626 51 113 151 36 99 25 84 58 21 32 95 21 38 36 134 31 86 66 30 97 34 24 33 33 40 276 23 93 111 51 257 38 24 37 63 106 233 53 23 42 119 29
internal_value=-0.0032239 -0.0119579 0.000880594 -9.97898e-05 0.00225515 0.00112355 -0.00211212 -0.0035643 0.000361488 -0.00427663 0.00806503 -0.00625019 0.00066854 0.00402971 -0.000202719 -0.00513442 0.00589549 -0.00828648 0.00724531 -0.000952381 0.000225488 -0.000256574 -0.00132238 -0.00033888 0.00411525 -0.00296337 0.00260462 0.000453301 0.00310969 0.00136193 -0.000693213 0.000713857 -0.000761343 -0.00017671 -0.000273907 -0.00426396 0.0059673 -0.00195837 -0.0044232 -0.00565159 0.00648649 0.000645161 0.000946241 0.00173399 0.00101189 -0.00126541 -4.01204e-05 -0.00444976 -0.00633611 0.000224813 0.0105971 0.00781233 0.00435923 0.000196399 0.00220234 0.00184628 0.002601 0.00481781 -0.00529412 0.00182815 -7.44879e-05 0.00643815
internal_weight=7006 2240 4766 4329 1994 1626 2335 1472 863 613 126 669 1566 323 1243 569 264 224 368 737 1184 1099 803 655 196 90 160 986 298 240 688 500 390 662 208 59 110 389 162 148 85 65 504 448 412 365 299 188 132 120 437 180 99 61 162 372 339 74 56 228 161 67
internal_count=7006 2240 4766 4329 1994 1626 2335 1472 863 613 126 669 1566 323 1243 569 264 224 368 737 1184 1099 803 655 196 90 160 986 298 240 688 500 390 662 208 59 110 389 162 148 85 65 504 448 412 365 299 188 132 120 437 180 99 61 162 372 339 74 56 228 161 67
is_linear=0
shrinkage=0.03


Tree=109
num_leaves=63
num_cat=0
split_feature=55 10 55 4 34 45 55 48 55 4 55 65 38 63 61 3 62 66 64 57 10 55 57 20 53 42 3 29 41 49 17 4 28 24 59 13 63 49 4 64 24 49 0 22 60 38 57 59 22 23 38 33 37 31 66 28 64 66 4 55 58 70
split_gain=271.54 54.1978 49.8812 23.2269 11.8994 9.9967 7.03135 7.53879 6.2889 5.8155 12.4257 4.80602 4.49205 4.45942 4.43813 3.83966 3.77982 4.06523 3.74864 3.60147 3.55521 5.35292 3.35243 3.32298 5.06808 3.52829 3.07285 3.77606 3.33317 3.06133 2.83826 2.8621 2.78118 2.78026 2.66703 4.02852 2.85146 3.30071 3.20925 2.62136 2.55373 2.47287 2.41467 2.35653 2.30367 2.63444 2.77934 2.58728 2.88588 2.65666 2.63424 2.43701 2.42228 2.41996 2.27738 2.26583 2.26113 2.24685 2.23825 3.26645 4.02063 2.16885
threshold=25.500000000000004 0.74305326206722599 10138.000000000002 2.5000000000000004 -0.81327009816320472 33365.500000000007 24.500000000000004 175.50000000000003 6248.0000000000009 17.500000000000004 7395.0000000000009 1012.0000000000001 11646.29166666667 5415.0000000000009 3681.5000000000005 55.329799554874647 2529.3125000000005 2770.541666666667 8378.5000000000018 6.5000000000000009 0.87900005428953576 1995.5000000000002 411.50000000000006 21.255208333333336 1426.5000000000002 40949.250000000007 60.131510212924141 57.838217933909114 51471.500000000007 525.50000000000011 -1.3749999999999998 13.500000000000002 -1.5029505000000041 57.037386500000004 2586.5000000000005 100784.50000000001 3637.5000000000005 224.50000000000003 10.500000000000002 2744.5000000000005 61.009624000000009 232.50000000000003 138903.50000000003 -0.3499999999999987 1686.5000000000002 12516.937500000002 4738.5000000000009 2391.5000000000005 0.12500000000000003 51.345223000000011 12898.333333333334 3.001472652527942 11925.500000000002 55.861047856415539 6981.0000000000009 0.88643200000000288 4223.0000000000009 4279.8125000000009 15.500000000000002 9026.5000000000018 3475.3125000000005 124083.60416666669
decision_type=2 2 2 2 2 2 2 2 2 2 2 2 2 2 2 2 2 2 2 2 2 2 2 2 2 2 2 2 2 2 2 2 2 2 2 2 2 2 2 2 2 2 2 2 2 2 2 2 2 2 2 2 2 2 2 2 2 2 2 2 2 2
left_child=1 6 3 5 8 12 -1 -8 13 10 11 41 -2 20 26 -16 19 -18 -13 -3 57 30 23 24 25 -14 27 44 -28 -26 -22 32 -32 39 35 36 37 -21 -39 42 56 -6 -17 -4 45 53 -47 -46 49 -49 -51 52 -48 -11 -15 -38 -10 61 -12 60 -60 -5
right_child=2 16 43 4 9 -7 7 -9 40 14 58 18 22 54 15 33 17 -19 -20 34 21 -23 -24 -25 29 -27 28 -29 -30 -31 31 -33 -34 -35 -36 -37 55 38 -40 -41 -42 -43 -44 -45 47 46 51 48 -50 50 -52 -53 -54 -55 -56 -57 -58 -59 59 -61 -62 -63
leaf_value=-0.44882541985730934 -0.48862504183658234 -0.61057240247667333 4.3782949924838519 -0.026990168670374997 -0.027017262543962344 0.049540605649177644 0.0053682337731642349 -0.0082116574627353958 4.249132129796708 0.0042553074916122568 28.744824022993662 0.0033030273954909716 -0.44755977844542105 -1.3572957987640075 5.0385136031524782 -2.4429488770422902 -0.54015018627264877 4.9363343904599315 0.063419535074937194 0.37051403351773399 27.254752190553127 32.07314793696797 -0.15833876254823734 -0.46277047428403179 0.081728649968826173 -0.0087696712402803457 -1.5157051562509605 0.5064447693704528 -0.021200606360527077 -0.083885837005938407 14.450454956218314 -8.7003614762871759 -1.0405524787976173 0.20519182592063728 7.081256509369914 -0.87207433832915959 -0.28194319468370083 -0.48537189806033409 -0.15612409033837138 3.1891077890967243 25.814956969294144 -2.1236389769230981 3.9412568789510303 21.207228451138324 -1.812552747012995 0.83929211364403378 -8.5452883429655611 8.4879126903731503 -6.5092632156675538 -2.3474657315733669 0.25169422770254185 -6.9883989351494344 0.88165199489271573 8.8284519797872232 4.4850919911508296 -0.87777603191658549 12.061456072867626 0.10524585797992111 12.043852248580679 10.340995649498064 -5.6458647206985004 0.14802635501255121
leaf_weight=1627 137 127 21 164 88 44 35 59 47 99 66 824 82 82 58 107 37 32 53 76 20 115 159 134 26 30 148 105 62 105 86 28 39 213 53 71 82 52 81 30 111 98 24 416 187 74 28 20 20 21 25 51 53 30 47 49 38 48 39 62 41 20
leaf_count=1627 137 127 21 164 88 44 35 59 47 99 66 824 82 82 58 107 37 32 53 76 20 115 159 134 26 30 148 105 62 105 86 28 39 213 53 71 82 52 81 30 111 98 24 416 187 74 28 20 20 21 25 51 53 30 47 49 38 48 39 62 41 20
internal_value=-0.00335236 -0.0115837 0.000884738 -0.000121057 0.000893665 -0.00503695 -0.0143873 -0.00634431 0.00399006 -0.000101672 0.00135473 3.95071e-05 -0.00594562 0.00256047 -0.00147 0.00103448 -0.00426754 0.00234443 0.000971383 -0.00504483 0.00380119 0.00602916 -0.00469502 -0.00623707 -0.00412176 -0.00880464 -0.00264543 -0.00169962 -0.00584008 -9.15332e-05 0.00266898 0.00125408 0.00321343 -7.21732e-05 -0.00380737 -0.00462661 -0.00325493 -0.00106169 -0.00392186 -0.003054 0.00870474 -0.00433638 -0.00489703 0.0105285 -0.00260977 -0.000931065 -0.00304221 -0.00465763 -0.000313589 0.00267776 -0.00123644 -0.00565481 -0.00236745 0.00241673 -0.00241673 -0.00672769 0.00472385 0.00102111 0.00805863 0.00589022 0.00183521 -0.000472569
internal_weight=7006 2381 4625 4188 3471 717 1721 94 845 2626 1271 1063 673 649 1355 432 660 69 877 591 520 288 536 377 243 112 923 713 210 131 173 153 125 374 464 411 340 209 133 161 196 186 131 437 608 335 206 273 86 66 46 132 81 129 129 131 85 232 208 142 80 184
internal_count=7006 2381 4625 4188 3471 717 1721 94 845 2626 1271 1063 673 649 1355 432 660 69 877 591 520 288 536 377 243 112 923 713 210 131 173 153 125 374 464 411 340 209 133 161 196 186 131 437 608 335 206 273 86 66 46 132 81 129 129 131 85 232 208 142 80 184
is_linear=0
shrinkage=0.03


Tree=110
num_leaves=63
num_cat=0
split_feature=55 10 55 10 55 60 56 57 55 32 55 13 58 56 59 35 17 55 10 56 28 49 22 61 3 23 58 5 57 2 62 5 17 55 13 3 59 60 40 15 15 31 25 52 56 24 35 55 16 28 37 32 56 10 55 58 33 40 61 26 64 15
split_gain=265.457 51.098 48.4325 19.3317 15.1717 9.52434 10.9462 8.425 8.31628 11.2896 5.77316 5.57396 5.49558 5.00941 4.81103 4.37737 3.73277 3.71512 6.2436 4.35417 3.43122 3.65089 3.31026 3.25587 3.59699 3.25395 3.73909 3.23948 3.14803 3.12906 2.99298 2.94085 2.92411 2.68673 2.62675 2.5905 2.58613 2.55417 2.68935 2.54028 5.85666 3.87112 2.74162 2.72761 2.52756 2.51195 4.35955 2.65112 3.463 2.77377 3.37485 2.69104 2.51034 2.50853 3.33121 5.20241 2.50781 2.46537 2.43847 2.4033 2.39972 2.36965
threshold=25.500000000000004 0.74305326206722599 10138.000000000002 0.35201941816566318 7395.0000000000009 2235.5000000000005 17.500000000000004 1772.5000000000002 23.500000000000004 55.576122161528239 30.500000000000004 97405.500000000015 4347.541666666667 19.500000000000004 552.50000000000011 12272.500000000002 -3.0249999999999995 2823.5000000000005 0.87900005428953576 7314.5000000000009 -0.3040675000000021 209.50000000000003 1.8249999999999995 2707.5000000000005 52.382967676703558 80.893005000000002 2839.4583333333339 1.0000000180025095e-35 24.500000000000004 67.420459500000007 1461.1875000000002 2.5000000000000004 28.825000000000006 10755.000000000002 109575.00000000001 57.06116260452972 2062.0000000000005 5634.5000000000009 63290.000000000007 9558.765756474977 5390.14461944506 59.506638794121862 64.337945000000005 901.50000000000011 5707.5000000000009 51.132110000000004 11941.500000000002 7566.5000000000009 -299.49999999999994 -1.4633640000000019 19086.500000000004 54.509778211409007 5279.5000000000009 0.74305326206722599 9026.5000000000018 3475.3125000000005 1.8862058519345721 34788.500000000007 1155.5000000000002 71.849789937500006 3362.5000000000005 17562.214563317328
decision_type=2 2 2 2 2 2 2 2 2 2 2 2 2 2 2 2 2 2 2 2 2 2 2 2 2 2 2 2 2 2 2 2 2 2 2 2 2 2 2 2 2 2 2 2 2 2 2 2 2 2 2 2 2 2 2 2 2 2 2 2 2 2
left_child=1 8 3 5 12 6 11 10 -1 -10 -7 -2 16 25 31 -12 20 29 19 -19 44 -22 -14 -9 -25 -3 -27 -17 -15 36 35 -8 39 -4 57 -31 -18 61 -39 40 -29 43 -41 -42 -5 46 -16 49 -49 -47 -51 -50 -32 54 55 -6 -37 -20 -28 -13 -43 -26
right_child=2 13 33 4 53 7 14 23 9 -11 15 59 22 28 45 27 17 18 34 -21 21 -23 -24 24 37 26 58 32 -30 30 52 -33 -34 -35 -36 56 -38 38 -40 42 41 60 -44 -45 -46 47 -48 48 51 50 -52 -53 -54 -55 -56 -57 -58 -59 -60 -61 -62 -63
leaf_value=-0.43710614984296448 0.072229470253310737 -0.59580718210786587 11.511237088582019 18.597329882274533 11.460963948131047 0.0030876142385006487 -0.004476253664992544 -1.8100965770938091 0.0041563302272208166 -0.010041456307230022 -0.47149307847371397 0.013269332157691308 0.4711705493980563 -0.39734699883117713 3.3725881388487275 -0.48300710367358241 -0.80946217393674635 0.91659889730647592 9.6920745671801161 -1.1627601668361329 0.98405191025075511 -0.86338390708429602 39.6325323996153 5.0234803218388038 -0.083374657080748871 -0.58019264029039508 -0.38132626295882815 -0.31966855495036445 -0.021041959178533035 0.91381796464424403 -0.037991113316271558 -0.79687786060190735 0.33421589246998323 28.143531474581906 -0.38585765088207608 0.20197503952964552 -0.095251890497474956 4.9886746563542967 -0.018167201416961234 -0.003682123826654404 0.03256016979758062 -0.037816700049010589 -0.41448807569547713 -0.21524604645695689 5.2168685496099805 -0.93693125495809904 -3.5521270386087416 23.795186496953356 -6.1112026972448525 0.014754155960405057 -0.048739915000527885 6.9120562845221318 -7.12949735758865 30.630061288872383 14.427182017181313 -5.2323336649777223 -0.10296604338237272 35.177692217638622 0.37295136778852911 -0.49711742104025963 0.16598857333678346 -1.7080711877617489
leaf_weight=1584 103 128 216 68 62 41 70 151 44 93 157 22 76 109 82 65 43 150 22 169 21 26 41 45 353 80 46 135 269 78 341 112 26 221 22 36 29 40 65 45 26 37 138 64 27 111 135 39 25 199 111 51 60 95 73 49 71 72 28 26 47 36
leaf_count=1584 103 128 216 68 62 41 70 151 44 93 157 22 76 109 82 65 43 150 22 169 21 26 41 45 353 80 46 135 269 78 341 112 26 221 22 36 29 40 65 45 26 37 138 64 27 111 135 39 25 199 111 51 60 95 73 49 71 72 28 26 47 36
internal_value=-0.00336949 -0.0115081 0.000819874 -0.000171199 0.00237999 -0.00179969 0.000328699 -0.00337299 -0.0142304 -0.00708972 -0.00550762 0.00782263 0.00106279 -0.00440388 -0.00087905 -0.00611674 0.000471217 -0.000120757 0.00202712 -0.00013162 0.00504574 -0.00152866 0.00727583 -0.000952036 0.000133556 -0.00743353 -0.00445814 -0.00490825 -0.00213436 -0.00154536 -0.000813854 -0.00525535 -0.00410539 0.0103226 0.0079845 0.00233387 -0.00744799 -0.000601093 0.00353949 -0.00462711 -0.0029505 0.000672028 -0.00743856 -0.0036293 0.00832808 0.000175276 -0.00254261 0.00128148 0.00531712 0.000170981 0.00163496 0.00153745 -0.00227375 0.00874955 0.00666486 0.00334833 -0.000672269 0.01017 0.000364372 -0.000561331 0.0053151 -0.00172706
internal_weight=7006 2381 4625 4188 1631 2557 1086 1471 1721 137 781 151 1352 660 935 740 1235 1093 435 319 142 47 117 690 539 282 154 583 378 658 586 182 518 437 116 185 72 494 105 492 309 174 183 90 95 753 217 536 115 421 310 76 401 279 184 111 107 94 74 48 84 389
internal_count=7006 2381 4625 4188 1631 2557 1086 1471 1721 137 781 151 1352 660 935 740 1235 1093 435 319 142 47 117 690 539 282 154 583 378 658 586 182 518 437 116 185 72 494 105 492 309 174 183 90 95 753 217 536 115 421 310 76 401 279 184 111 107 94 74 48 84 389
is_linear=0
shrinkage=0.03


Tree=111
num_leaves=63
num_cat=0
split_feature=57 10 58 22 7 44 5 34 45 5 60 12 57 58 66 58 41 38 48 41 48 20 58 50 20 7 14 3 69 52 53 7 7 5 2 57 3 62 59 19 59 58 58 31 36 50 22 66 44 64 57 26 15 57 52 63 5 53 44 29 17 70
split_gain=205.691 18.755 18.6906 13.8939 10.4726 11.9422 10.5239 9.76762 8.49524 6.79999 7.21307 6.56977 5.84969 5.63983 5.16327 5.87987 6.73385 4.89317 4.56222 4.46367 5.83838 5.2012 4.12835 3.88485 3.74929 3.91498 3.64043 3.44674 7.04807 3.64929 3.4019 3.30175 5.4951 3.48766 3.2519 3.28367 4.19288 3.81156 3.19715 4.06923 4.03436 3.43088 3.16147 3.55466 2.92566 2.82456 2.78521 2.76635 2.73666 2.73423 5.16318 6.46205 3.19978 2.76363 3.62975 3.35368 3.97772 4.54956 2.98141 2.71483 4.45968 3.42845
threshold=411.50000000000006 0.74305326206722599 4271.3333333333348 -0.39999999999999897 9.5000000000000018 31169.500000000004 3.5000000000000004 -0.81327009816320472 27504.500000000004 3.5000000000000004 3599.5000000000005 97514.000000000015 7046.5000000000009 620.06250000000011 3769.8750000000005 3941.9583333333339 39109.500000000007 22100.104166666672 203.50000000000003 47068.000000000007 198.50000000000003 3.3802083333333339 3847.5000000000005 105.41666666666667 5.9093750000000016 3.5000000000000004 105030.31250000001 51.037069707731497 96109.500000000015 668.50000000000011 1680.5000000000002 23.500000000000004 25.500000000000004 1.5000000000000002 86.752850000000009 1999.0000000000002 57.925512034654304 1789.7708333333337 3232.5000000000005 13.625000000000002 758.00000000000011 4406.0208333333348 4821.604166666667 57.655320010749577 9685.5000000000018 231.02083333333334 0.09999999999999977 4687.4375000000009 27190.500000000004 6555.0000000000009 2.5000000000000004 71.202861666666692 4068.1998427587737 60.500000000000007 1220.5000000000002 1289.5000000000002 2.5000000000000004 1399.5000000000002 25516.000000000004 59.91753729621076 22.925000000000001 95207.166666666686
decision_type=2 2 2 2 2 2 2 2 2 2 2 2 2 2 2 2 2 2 2 2 2 2 2 2 2 2 2 2 2 2 2 2 2 2 2 2 2 2 2 2 2 2 2 2 2 2 2 2 2 2 2 2 2 2 2 2 2 2 2 2 2 2
left_child=1 4 7 30 5 8 13 23 -1 14 22 46 44 -6 15 -10 -17 24 -16 45 21 -21 -11 -2 25 -13 -26 29 48 -14 -4 -22 -33 -34 35 -25 -37 -38 39 41 -41 -3 43 -5 -9 -15 -7 -40 -29 52 -51 -52 -47 55 -55 56 57 -54 -57 61 -61 -30
right_child=2 38 3 42 6 11 -8 12 9 10 -12 17 27 19 18 16 -18 -19 -20 20 31 -23 -24 34 26 -27 -28 28 59 -31 -32 32 33 -35 -36 36 37 -39 47 40 -42 -43 -44 -45 -46 49 -48 -49 -50 50 51 -53 53 54 -56 58 -58 -59 -60 60 -62 -63
leaf_value=-0.63439032861370537 -3.8080634505179294 -0.45632141496006329 0.9316743569362671 26.052728697166359 0.009137803851016351 -0.25576974812849679 -0.42112593703617701 -6.2597811049388481 -0.22720263278639286 0.0079813911407511286 -0.066337062304892946 -0.058710271510062771 -5.3195187691282442 -0.66119277487331796 -0.0057573310836103531 -0.24239347517302698 0.22166290632592464 -0.67948623428089705 0.026191546689938078 0.10162018735290995 -0.42119277487331797 -0.037377856636091784 -0.021030279836595722 24.517577082218839 -0.24399296534767553 0.10059146598210129 0.0421446192565001 2.1823554625025419 -0.072667326732243964 10.667433195674038 -0.54311627833369236 0.037091459912486774 -0.18433349592787759 -0.0080456490292091232 -0.16164250935032215 14.540320618972913 -7.0119788336113285 9.7125590653361726 -2.4024979258147368 -0.33461458984470682 0.80404637844094251 1.1213944511352474 30.128824229392322 8.2378154033796367 -0.1876992922259908 -0.081908693532384377 -0.055166826815432904 12.867256609886535 -2.0426793608439491 0.27459453977298998 -0.31505580539438705 0.0036221775822579258 0.016932482634795996 0.067734777619375866 -0.4525890331384258 -0.26871550265364563 -0.35446885784810861 -0.42667114980057924 -0.36029915951197738 -3.561395255798816 2.7895535328205279 11.549087234806192
leaf_weight=54 22 387 41 156 25 256 851 45 90 85 28 25 35 135 20 24 21 120 39 33 149 30 27 49 37 42 23 24 77 132 77 24 39 40 84 323 57 79 25 195 90 25 171 129 1145 26 26 37 215 20 49 20 38 20 21 20 38 23 347 44 274 203
leaf_count=54 22 387 41 156 25 256 851 45 90 85 28 25 35 135 20 24 21 120 39 33 149 30 27 49 37 42 23 24 77 132 77 24 39 40 84 323 57 79 25 195 90 25 171 129 1145 26 26 37 215 20 49 20 38 20 21 20 38 23 347 44 274 203
internal_value=-0.00336093 -0.00832676 0.00195943 0.00689253 -0.00943841 -0.00678443 -0.0106858 0.000949753 -0.00277506 -0.000978749 0.00404711 -0.00971839 1.23057e-05 -0.00873393 -0.00462133 -0.00786084 0.000931264 -0.00611898 0.00274112 -0.00906352 -0.00603618 0.00209192 0.00746655 0.00429409 -0.00198269 0.0028614 -0.0074376 0.00170003 0.000910286 0.00563734 -0.0022608 -0.00808013 -0.00389913 -0.00773704 0.00475764 0.00566227 0.00486169 0.00041881 -0.00412594 -0.00470808 -0.00193616 -0.00661733 0.0092677 0.0073027 -0.00140913 -0.0103183 -0.0128571 0.00236715 -0.00343789 -0.00944703 -0.00451178 -0.00842258 -0.0102645 -0.0107908 -0.00321168 -0.0114503 -0.0064783 -0.00166939 -0.0127813 0.0026534 0.000745049 0.004809
internal_weight=7006 3624 3382 574 2865 917 1948 2808 388 334 140 529 2194 1097 194 135 45 247 59 1072 315 63 112 614 127 67 60 1004 837 167 118 252 103 79 592 508 459 136 759 697 285 412 456 285 1190 757 282 62 239 622 89 69 533 507 41 466 99 61 367 598 318 280
internal_count=7006 3624 3382 574 2865 917 1948 2808 388 334 140 529 2194 1097 194 135 45 247 59 1072 315 63 112 614 127 67 60 1004 837 167 118 252 103 79 592 508 459 136 759 697 285 412 456 285 1190 757 282 62 239 622 89 69 533 507 41 466 99 61 367 598 318 280
is_linear=0
shrinkage=0.03


Tree=112
num_leaves=63
num_cat=0
split_feature=55 10 55 61 56 34 56 16 16 55 56 10 49 20 34 43 3 30 15 59 43 24 55 7 7 48 33 24 34 19 43 45 43 1 59 34 65 31 49 40 54 41 3 56 52 33 25 5 47 2 2 24 43 0 55 56 58 25 29 66 42 65
split_gain=270.216 54.9336 44.3193 20.9013 9.48497 8.14501 7.26567 9.67932 7.62339 7.34052 6.16625 5.39925 5.39496 5.01434 4.86262 4.22972 4.64294 3.91429 4.14982 3.81656 4.57792 3.59745 3.37571 3.35072 3.38537 3.30833 3.25679 3.14276 3.25965 3.27541 3.10048 3.07635 4.16171 2.93139 3.80698 2.8311 3.94449 2.78273 2.77173 4.36913 3.47176 2.77021 2.64962 2.92101 2.63609 2.56825 2.65667 2.53436 2.52123 2.9274 2.86155 2.52113 2.51618 2.54127 2.45078 2.73793 2.34852 2.28167 2.28138 2.64513 2.29143 2.27216
threshold=23.500000000000004 0.74305326206722599 10138.000000000002 1882.5000000000002 724.00000000000011 -1.0684926574663505 26.500000000000004 5561.5000000000009 381.50000000000006 7566.5000000000009 19.500000000000004 0.56392291514228221 1446.5000000000002 7.6145833333333348 -2.6966691457070691 32009.500000000004 57.772567411265818 65.564732701440519 5185.4879018293677 3062.0000000000005 30053.500000000004 53.748125000000009 10755.000000000002 26.500000000000004 13.500000000000002 1914.5000000000002 3.0822265837289637 61.427646000000003 -0.016157411021012532 18.025000000000002 32443.500000000004 33365.500000000007 31850.000000000004 9.6750000000000025 909.50000000000011 0.25273376406352105 2840.5000000000005 55.861047856415539 973.50000000000011 52670.500000000007 795.43750000000011 66126.000000000015 58.106205774928576 3971.5000000000005 657.50000000000011 3.3424198275018546 85.017375000000015 1.5000000000000002 255.50000000000003 87.618035000000006 90.558165000000017 90.411025000000009 27549.500000000004 83278.000000000015 3378.5000000000005 9767.0000000000018 2851.9791666666674 77.494405000000015 61.567323831540556 3608.791666666667 46330.270833333336 1122.5000000000002
decision_type=2 2 2 2 2 2 2 2 2 2 2 2 2 2 2 2 2 2 2 2 2 2 2 2 2 2 2 2 2 2 2 2 2 2 2 2 2 2 2 2 2 2 2 2 2 2 2 2 2 2 2 2 2 2 2 2 2 2 2 2 2 2
left_child=1 -1 3 5 13 31 8 9 12 33 51 27 -7 17 -6 16 -15 18 19 -5 -21 54 35 24 26 -17 57 37 -29 -30 41 32 42 34 58 -4 -37 61 39 40 -32 52 -2 -44 -35 46 -20 -39 49 -46 -51 -3 -23 -54 -16 -56 -53 -18 60 -60 -8 -11
right_child=2 10 22 4 14 6 7 -9 -10 11 -12 -13 -14 15 21 25 23 -19 45 20 -22 30 -24 -25 -26 -27 -28 28 29 -31 38 -33 -34 44 -36 36 -38 47 -40 -41 -42 -43 43 -45 48 -47 -48 -49 -50 50 -52 56 53 -55 55 -57 -58 -59 59 -61 -62 -63
leaf_value=-0.41264959330872664 8.1417475534690862 -0.51054064923980069 15.834008264127204 -0.35430212999743721 26.523744284965566 0.0090396740160858611 -0.30961894370169724 22.322775653281841 -0.077965120572753011 -9.583636048108529 -0.18074693729942487 16.707480367888145 -0.068643492117933927 -0.33829976857412164 -4.3304024463255022 -0.52714727610309486 -0.33002605018608272 -0.51536741991966761 0.088778454685532776 -0.45524899518995032 0.017470808100602416 -2.2326932780840161 26.395360803462697 0.049037000175067624 -0.36220080479663619 -0.25461265094018914 0.40193724016670568 12.833198667577316 -4.9756945776677775 9.2351480539039574 -3.7088669741812939 -0.12582239514263752 29.225174391611418 -6.7037355058056205 0.014629554556629997 11.626062989304399 -2.9028568248574174 -1.3578542846496429 9.7595827764338168 -2.9802424580628215 3.3828356405695832 -2.5724557592577386 0.011491472857750295 -8.8623210872007245 0.083450143894401654 -0.38183458587366409 -0.17495258752882684 9.3666163075303839 -0.81694779101473614 -2.8168152361987904 -0.022401643732454131 -0.63752657291491999 1.7456675387219593 -0.083056979085117749 -0.15454203284625581 -6.1331743713536708 0.13860542538186188 0.025694799571528433 0.030996798361719369 -2.6861753275468607 0.98139296888102778 -0.27845954691674707
leaf_weight=1584 261 207 90 80 37 271 106 65 85 31 311 105 21 131 26 107 49 32 79 21 64 41 221 28 81 32 26 43 29 29 23 56 135 48 209 90 36 20 83 37 96 48 40 33 225 24 37 57 265 47 75 30 45 400 240 55 42 23 25 45 20 104
leaf_count=1584 261 207 90 80 37 271 106 65 85 31 311 105 21 131 26 107 49 32 79 21 64 41 221 28 81 32 26 43 29 29 23 56 135 48 209 90 36 20 83 37 96 48 40 33 225 24 37 57 265 47 75 30 45 400 240 55 42 23 25 45 20 104
internal_value=-0.00315111 -0.0119346 0.000800273 -0.000105117 -0.00242764 0.00173748 0.000832165 -7.55765e-05 0.00456643 -0.000574472 -0.00411286 0.0027912 0.00687093 -0.00489743 -0.000647158 -0.00687906 -0.0050488 -0.00208247 -0.00102262 -0.00425197 0.000141011 -0.00101179 0.00991078 -0.00223081 -0.00375209 -0.0113012 0 0.000804855 0.0051632 0.000464716 9.31315e-05 0.00505047 0.00584524 -0.00189841 0.000103678 0.007205 0.00425852 -0.00125884 0.00293601 0.000557335 0.00337531 -0.00117394 0.00403173 -0.000984952 -0.00313134 0.00276231 0.00462532 0.00326848 -0.00259271 -0.000898876 -0.00464373 -0.0073522 -0.000487554 0.000161761 -0.0036811 -0.00288716 -0.00245492 -0.0032871 -0.00289138 -0.00723252 -0.000452022 -0.0038638
internal_weight=7006 2174 4832 4395 1945 2450 1925 1548 377 1483 590 418 292 814 1131 477 338 337 305 165 85 1094 437 207 179 139 98 313 101 58 773 525 469 1065 405 216 126 212 239 156 119 534 334 73 660 140 116 77 612 347 122 279 486 445 321 295 72 72 196 70 126 135
internal_count=7006 2174 4832 4395 1945 2450 1925 1548 377 1483 590 418 292 814 1131 477 338 337 305 165 85 1094 437 207 179 139 98 313 101 58 773 525 469 1065 405 216 126 212 239 156 119 534 334 73 660 140 116 77 612 347 122 279 486 445 321 295 72 72 196 70 126 135
is_linear=0
shrinkage=0.03


Tree=113
num_leaves=63
num_cat=0
split_feature=4 56 58 34 4 21 4 23 50 19 49 29 34 46 64 45 38 45 56 16 59 38 58 38 29 7 63 36 65 7 15 42 58 51 62 66 1 15 66 3 32 7 58 35 62 27 3 43 70 56 24 61 33 4 49 61 7 49 11 27 28 69
split_gain=182.785 29.4604 23.2506 10.2283 9.7785 9.1871 7.17934 5.27973 5.21713 4.87158 4.741 4.47464 4.2525 4.21552 6.47194 6.65227 4.55812 7.02037 4.17667 4.10954 4.04952 4.01903 3.99711 3.83836 10.7353 6.03933 3.66374 3.87387 4.17406 3.62419 3.58188 3.49987 3.49278 4.74347 3.45473 3.41604 6.02012 3.408 3.38427 3.92778 3.19697 4.8646 3.18337 3.15987 3.11342 3.17279 4.0624 3.07926 2.94167 2.85818 4.1844 2.80598 3.14029 2.78874 4.83445 2.78129 2.79924 2.77882 2.75701 2.72759 2.68324 2.68085
threshold=11.500000000000002 22.500000000000004 4265.5416666666679 -0.41406514797033006 9.5000000000000018 1.5261035388849338 22.500000000000004 84.514365000000012 105.41666666666667 1.2250000000000003 242.50000000000003 49.778924932433618 -0.076671601576549606 32193.812500000004 792.00000000000011 31480.000000000004 11753.312500000002 32649.500000000004 19.500000000000004 381.50000000000006 229.50000000000003 25956.916666666668 3572.0833333333335 13375.10416666667 59.91753729621076 23.500000000000004 3360.5000000000005 9152.0000000000018 359.50000000000006 6.5000000000000009 5021.7677002107148 34082.708333333343 4821.604166666667 1643.5000000000002 1560.7083333333337 6773.854166666667 -2.6249999999999996 10660.3282228603 1668.5208333333337 46.250058175644753 54.27840635173002 21.500000000000004 4804.4375000000009 12647.000000000002 1685.1458333333337 9.1269723132183014 59.73098034926047 31910.500000000004 88402.020833333343 5707.5000000000009 42.817653500000006 4327.0000000000009 3.1217798661229161 15.500000000000002 216.50000000000003 1336.5000000000002 27.500000000000004 2191.5000000000005 84403.000000000015 12.535285800451781 1.0900190000000054 97271.000000000015
decision_type=2 2 2 2 2 2 2 2 2 2 2 2 2 2 2 2 2 2 2 2 2 2 2 2 2 2 2 2 2 2 2 2 2 2 2 2 2 2 2 2 2 2 2 2 2 2 2 2 2 2 2 2 2 2 2 2 2 2 2 2 2 2
left_child=1 4 3 7 13 -3 32 8 -2 10 19 -10 29 14 15 -1 -16 22 37 60 43 53 23 24 40 31 27 -13 -29 47 -14 -25 33 49 -28 -15 -37 -6 48 -40 41 -18 -24 -5 -36 46 -46 -11 -22 -4 -51 55 -53 54 -9 -41 -57 59 -34 -12 -7 -50
right_child=2 5 6 20 18 9 -8 21 11 12 57 26 30 35 16 -17 17 -19 -20 -21 38 -23 42 25 -26 -27 34 28 -30 -31 -32 -33 58 -35 44 36 -38 -39 39 51 -42 -43 -44 -45 45 -47 -48 -49 61 50 -52 52 -54 -55 -56 56 -58 -59 -60 -61 -62 -63
leaf_value=0.040635267203293669 -3.9070758950035316 0.0081578775761943934 4.0831386575236772 11.757945968549011 -0.47257196490041653 0.0063768627704946642 -1.3984695090782793 9.4485429052025118 26.93092379884845 -0.0022871394430307034 -0.23941419582389273 -7.2721542279856202 -0.48144378231263912 -0.41050419219755452 -0.40361257341638579 -0.39881334305439631 0.0074707591860459386 0.0076842892408475194 0.10508402083330309 -0.041700920343720235 8.2025136262349907 30.258588946547896 -0.40351376758489643 -0.0055646889316454916 0.052969517647681791 0.018425139359194719 11.33227358830727 -4.3409623209446906 13.673585812445946 -0.26058400059053444 -0.17838070892978788 -0.33397068537767893 15.251905833708806 5.0369358737099716 -8.4545302740502031 0.082664338671054299 -0.47421353091947388 -0.17964839825534512 10.776687135997149 -0.20844429137114728 -0.37398402807062892 -0.45460139181042014 -0.16186089424976638 -0.51981908344479055 21.46904835782987 -2.0894029919418062 -1.895982078892128 -0.03149492744999513 -1.0190551973956463 2.6084874549403114 29.486575527969926 -0.059061900081375143 11.491261463909986 -5.2324563544886447 -1.4491742709430309 -0.82949111985091351 0.17323626009727378 0.01803698301981287 28.511536879561053 -0.004453497585522488 -0.0031994341157984959 0.54988557183613185
leaf_weight=21 32 131 29 37 209 60 46 48 85 71 77 21 93 689 298 32 41 25 43 28 40 24 202 21 30 24 75 33 288 271 588 167 49 106 20 20 46 84 38 451 66 29 24 21 61 92 27 31 83 48 127 121 32 46 140 637 64 22 127 30 31 454
leaf_count=21 32 131 29 37 209 60 46 48 85 71 77 21 93 689 298 32 41 25 43 28 40 24 202 21 30 24 75 33 288 271 588 167 49 106 20 20 46 84 38 451 66 29 24 21 61 92 27 31 83 48 127 121 32 46 140 637 64 22 127 30 31 454
internal_value=-0.00318537 -0.00802974 0.001661 0.000625231 -0.0103192 -0.00471844 0.00743657 0.00311158 0.00440948 -0.00548115 -0.00168077 0.00495229 -0.00637226 -0.0112282 -0.00991429 0.000225989 -0.0104972 -0.00903195 -0.0056144 0.00261965 -0.000620292 -0.000569547 -0.00967886 -0.00776779 -0.00431668 -0.0104526 0.00405445 0.00612979 0.00695111 -0.00895738 -0.00495081 -0.0122648 0.00851059 0.00656885 0.00146129 -0.0129281 -0.00630862 -0.00689867 -0.000857768 -0.00168416 -0.0079133 -0.00338088 -0.0128571 0.00717728 -0.000584708 0.000649639 0.00473326 -0.00408423 0.00106047 0.00924547 0.010691 -0.00196307 0.00184193 -0.00178129 -0.000143541 -0.00247114 -0.00365426 -0.00567002 0.011908 -0.00767507 0.00572997 0.000469186
internal_weight=7006 3504 3502 2970 2071 1433 532 992 734 1302 248 702 1054 1735 980 53 927 629 336 119 1978 258 604 378 166 212 617 342 321 373 681 188 486 310 275 755 66 293 1920 1343 136 70 226 58 200 180 88 102 577 204 175 1305 153 234 188 1152 701 129 176 107 91 537
internal_count=7006 3504 3502 2970 2071 1433 532 992 734 1302 248 702 1054 1735 980 53 927 629 336 119 1978 258 604 378 166 212 617 342 321 373 681 188 486 310 275 755 66 293 1920 1343 136 70 226 58 200 180 88 102 577 204 175 1305 153 234 188 1152 701 129 176 107 91 537
is_linear=0
shrinkage=0.03


Tree=114
num_leaves=63
num_cat=0
split_feature=55 4 55 4 4 55 18 56 64 44 48 55 49 33 7 47 39 36 44 55 4 16 24 4 47 56 55 58 44 56 56 59 60 17 41 60 28 5 59 59 28 17 43 28 21 57 59 47 60 43 33 36 58 55 24 65 4 13 16 64 15 45
split_gain=255.663 52.8306 43.9504 18.1718 9.80545 13.0661 7.83976 6.30159 4.54482 4.3459 3.99881 3.76349 3.18593 3.62341 3.39119 4.10827 3.75731 3.95873 3.67342 3.3155 6.64714 5.58342 3.37909 3.10658 3.07914 3.05552 3.6916 3.2754 3.63003 2.9843 3.91804 2.96106 3.35602 3.36526 3.13104 2.95554 2.91016 2.8973 2.89108 3.77402 3.08163 2.88971 2.87959 2.80116 2.76241 4.02377 2.81681 2.75175 2.67539 3.15115 2.65431 2.651 2.64137 3.51101 2.51786 2.51268 2.81544 4.34626 2.50115 2.70531 2.49243 2.74043
threshold=23.500000000000004 9.5000000000000018 10138.000000000002 2.5000000000000004 17.500000000000004 7395.0000000000009 2.7750000000000004 19.500000000000004 8308.5000000000018 32610.500000000004 2178.0000000000005 10696.000000000002 295.00000000000006 4.2063290904454069 22.500000000000004 578.50000000000011 38446.500000000007 20522.500000000004 32556.500000000004 1995.5000000000002 14.500000000000002 775.50000000000011 67.857783000000012 15.500000000000002 220.50000000000003 9819.5000000000018 6948.5000000000009 2501.604166666667 33096.500000000007 75.500000000000014 108.50000000000001 4751.5000000000009 3069.5000000000005 21.375000000000004 56032.500000000007 1370.5000000000002 -1.5879915000000044 2.5000000000000004 2391.5000000000005 1390.5000000000002 5.9039780000000066 19.975000000000005 32437.500000000004 -6.6490900000000002 3.0736071110482204 8450.5000000000018 1008.5000000000001 739.00000000000011 776.50000000000011 31809.500000000004 1.7699567706924857 25575.000000000004 3331.6875000000005 9026.5000000000018 86.833815000000016 4005.0000000000005 19.500000000000004 101937.50000000001 -391.99999999999994 6032.0000000000009 12369.387074094206 32482.500000000004
decision_type=2 2 2 2 2 2 2 2 2 2 2 2 2 2 2 2 2 2 2 2 2 2 2 2 2 2 2 2 2 2 2 2 2 2 2 2 2 2 2 2 2 2 2 2 2 2 2 2 2 2 2 2 2 2 2 2 2 2 2 2 2 2
left_child=1 -1 3 6 5 8 9 60 12 -2 29 43 19 14 15 18 -16 54 -14 21 24 -5 -22 -7 -21 26 38 28 -28 -8 -31 32 58 -34 -35 -24 -20 -12 39 55 47 50 51 -4 -27 46 -46 -40 49 -23 -17 -36 -25 -54 -18 56 -6 -58 -29 -60 -3 -62
right_child=2 7 11 4 25 23 10 -9 -10 -11 37 -13 13 -15 16 41 17 -19 36 20 22 48 35 52 -26 44 27 31 -30 30 -32 -33 33 34 42 -37 -38 -39 40 -41 -42 -43 -44 -45 45 -47 -48 -49 -50 -51 -52 -53 53 -55 -56 -57 57 -59 59 -61 61 -63
leaf_value=-0.38836737097567386 -0.0019865644064679167 -0.51174355266931371 22.998502312190201 0.0069928747935594868 -0.96183681261026321 27.778116520368858 -0.35874927239468712 -0.16774711957893379 0.047061122628784556 0.077822260618507569 0.4258711008063909 24.721409333357951 -1.5495923447834501 6.1698909220128009 13.453691862912425 -0.46949674062628671 -0.490354368618306 5.4293668587814885 11.67103614645705 11.962350367990075 -1.3297832068578463 -0.4762658128806424 0.25443494093763092 15.577640047814993 33.62779480786832 3.3112772308913918 19.715470020521661 7.5218342409961041 -0.66579248263238988 0.17617080796572862 -0.27639646570182086 7.7006547938029781 5.8028813473544867 -5.2939798180918656 -10.300128991665032 4.9184664521076451 -0.38125173639225668 -0.20383747267870156 0.1060278475194579 -1.046606077016633 0.24546767350573509 -0.075940588201609635 6.8875457368152091 7.9547379844343409 2.747699913841434 -8.6771813622985974 -4.3451060469868255 -0.78920477670900568 -0.57636954513413974 5.8544681405523482 0.045311488045923762 3.4250667686543057 -2.4687092896803366 8.1004299026022633 0.010732995118844837 -1.3348321949569686 1.5906804535783874 -0.70998587491922016 1.382927705890288 -2.1633038715489663 -0.39451194164256836 0.51156129509261239
leaf_weight=1573 56 236 32 461 61 95 284 312 101 31 21 238 195 41 32 22 76 46 46 56 99 81 68 74 95 28 54 47 30 28 270 104 35 62 23 24 40 45 83 161 50 53 20 167 22 59 40 74 236 62 58 25 54 56 26 169 46 37 188 45 33 20
leaf_count=1573 56 236 32 461 61 95 284 312 101 31 21 238 195 41 32 22 76 46 46 56 99 81 68 74 95 28 54 47 30 28 270 104 35 62 23 24 40 45 83 161 50 53 20 167 22 59 40 74 236 62 58 25 54 56 26 169 46 37 188 45 33 20
internal_value=-0.00314255 -0.0116862 0.000700937 -0.000200678 0.000663097 0.00193073 -0.00450551 -0.00411246 0.00104635 0.00392652 -0.00564265 0.00977351 0.000700017 -0.00101086 -0.00161084 -0.00310794 0.00181566 -0.000182309 -0.00516542 0.00162169 0.00411283 0.0006035 0.000376766 0.00799713 0.00881535 -0.00123847 -0.000773914 0.0008719 0.00638526 -0.00643704 -0.00431734 2.18539e-05 -0.00103797 -0.00443368 -0.0066641 0.00452769 0 0.00131619 -0.00230803 -0.00360051 0.000637373 0.00121713 -0.00215859 0.00669011 -0.00531187 -0.00728324 -0.00188406 -0.00141311 -0.00208916 0.00113208 0.00483146 -0.00617464 0.00568713 0.00269755 -0.00349657 -0.0016672 0.00122831 0.00483755 0.000953231 -0.00030888 -0.00730543 -0.00135593
internal_weight=7006 2174 4832 4395 3660 2197 735 601 1918 87 648 437 1817 635 594 414 180 148 281 1182 342 840 191 279 151 1463 1314 633 84 582 298 549 445 165 130 92 86 66 681 474 207 133 68 199 149 121 62 157 379 143 80 48 184 110 102 313 144 83 280 233 289 53
internal_count=7006 2174 4832 4395 3660 2197 735 601 1918 87 648 437 1817 635 594 414 180 148 281 1182 342 840 191 279 151 1463 1314 633 84 582 298 549 445 165 130 92 86 66 681 474 207 133 68 199 149 121 62 157 379 143 80 48 184 110 102 313 144 83 280 233 289 53
is_linear=0
shrinkage=0.03


Tree=115
num_leaves=63
num_cat=0
split_feature=55 10 55 4 22 58 1 27 4 34 64 62 52 33 34 55 4 56 59 37 58 56 55 45 58 56 37 69 13 44 55 34 37 42 55 3 28 33 29 15 5 45 34 6 56 24 22 58 11 14 37 46 61 23 4 55 17 24 22 15 70 67
split_gain=237.98 46.5359 44.132 17.9965 10.2784 8.95595 6.38703 6.22283 5.23595 5.07664 6.62633 5.0487 5.00302 4.9422 4.51398 4.85693 5.26013 4.57039 3.78821 4.87685 4.53868 3.76419 3.62873 3.60322 3.53147 4.19438 4.61417 3.8463 3.96428 4.61592 5.51498 3.81902 3.59858 3.31951 3.28098 3.25174 4.07364 3.13554 3.07822 5.80515 3.07039 3.02265 2.9623 4.39826 2.94648 2.88202 2.81561 2.82257 2.79169 2.76247 2.69127 2.68841 2.57736 2.55908 2.49296 2.95785 2.71836 2.60436 2.54014 2.6904 2.46889 2.50982
threshold=21.500000000000004 0.74305326206722599 10138.000000000002 2.5000000000000004 1.6000000000000005 4130.7500000000009 3.0250000000000004 18.611920781056593 10.500000000000002 0.44752954497107572 8238.5000000000018 2147.479166666667 688.50000000000011 2.641788858681831 -3.3759201351777288 7300.5000000000009 15.500000000000002 9483.0000000000018 4584.0000000000009 27466.500000000004 2117.0625000000005 75.500000000000014 10696.000000000002 33206.500000000007 4863.6875000000009 22.500000000000004 18375.000000000004 96622.500000000015 103238.50000000001 31132.500000000004 5959.0000000000009 -1.1097886380165389 14013.500000000002 40288.166666666679 9.5000000000000018 47.170321691687768 -3.238151999999999 3.0916541173503802 58.630701277616943 4723.4201136683596 2.5000000000000004 29846.500000000004 0.25273376406352105 5.5000000000000009 121.50000000000001 85.285190000000014 -0.050000000000000148 2851.9791666666674 110322.00000000001 75292.479166666686 11768.000000000002 32525.729166666668 1155.5000000000002 96.40932500000001 17.500000000000004 1663.5000000000002 -1.3749999999999998 79.961490000000012 -0.90000000000000002 6932.6264046867236 119620.72916666667 132806.50000000003
decision_type=2 2 2 2 2 2 2 2 2 2 2 2 2 2 2 2 2 2 2 2 2 2 2 2 2 2 2 2 2 2 2 2 2 2 2 2 2 2 2 2 2 2 2 2 2 2 2 2 2 2 2 2 2 2 2 2 2 2 2 2 2 2
left_child=1 -1 3 6 7 14 13 9 11 10 12 -3 23 51 -6 16 38 -17 19 24 -21 -8 42 33 25 26 31 35 -29 -30 -31 -14 -26 41 46 -27 -37 -28 39 -16 -40 50 -4 -44 -23 -13 -10 -48 -25 -11 -5 -2 -47 54 55 56 -51 -58 59 -56 61 -60
right_child=2 8 22 4 5 -7 21 -9 34 49 -12 45 18 -15 15 17 -18 -19 -20 20 -22 44 -24 48 32 27 37 28 29 30 -32 -33 -34 -35 -36 36 -38 -39 40 -41 -42 -43 43 -45 -46 52 47 -49 -50 53 -52 -53 -54 -55 58 -57 57 -59 60 -61 -62 -63
leaf_value=-0.40164472771144105 -0.002182731541474183 -0.43689833268358363 14.437712320569963 -5.8068246538179613 38.453256415000332 33.127608488505771 -0.33060217265298664 -0.51808679960627368 -0.72299951212046376 4.0384422184739375 0.82828939731731721 -1.0034527703855198 -0.004019698167541357 -0.053394992487571853 -4.507310909613043 22.250099579087401 -2.8385712779166807 0.092240684179741947 6.8399545033664708 2.0607941081500325 -0.86442793743227775 0.18268361049908494 23.97976705335719 -0.39512932475458329 0.02997624138280159 26.945556460877086 -0.011932555009036533 0.42760321939091683 -1.4473995765605696 -0.22909994134464795 7.305412815177351 0.015140912992992313 -0.050526073901346981 0.0067830885497526692 0.5688930415190151 -4.3295658907516552 0.0012497016211120381 0.0052103844181128874 -4.1213586084400591 17.22121720863236 16.589993586233096 -0.24757291581610566 -5.3628933057333592 10.672893702204583 -0.25199285837781371 -0.3669306511118412 -4.0207973390384657 5.749003390903856 0.018309140114697725 0.0046744134645709855 3.9897174008801994 0.074876304847095759 0.98308571980896908 -0.91082871644498253 -0.26575818761060416 3.8781257049621125 -0.078524157182097265 0.001784416476835915 -0.78567299022317449 0.38370494936324645 -1.0690670986978965 7.0569907517820685
leaf_weight=1396 22 118 82 24 28 121 304 114 103 26 120 26 36 36 23 58 72 55 88 36 92 35 238 70 20 27 52 299 36 165 162 132 40 45 134 165 451 20 44 85 35 86 25 92 315 24 50 50 25 58 29 44 25 29 88 61 57 96 445 68 79 25
leaf_count=1396 22 118 82 24 28 121 304 114 103 26 120 26 36 36 23 58 72 55 88 36 92 35 238 70 20 27 52 299 36 165 162 132 40 45 134 165 451 20 44 85 35 86 25 92 315 24 50 50 25 58 29 44 25 29 88 61 57 96 445 68 79 25
internal_value=-0.00294986 -0.0119293 0.000454125 -0.000403179 0.00041985 0.00434082 -0.00463828 -0.000186269 -0.00435201 5.44264e-05 0.000863475 -0.00829622 0.000469978 0.00232125 0.00216696 0.00128191 -0.000972597 0.00647215 0.00104442 0.000733945 -0.00489461 -0.00572848 0.0095676 -0.00326765 0.00118497 0.00146398 0.00511037 0.000790744 0.00239692 0.000280914 0.00141241 0.00783462 -0.0059401 -0.000798479 -0.00208247 -0.000858342 -0.00130985 -0.00120666 0.00166756 0.00496762 -0.00280657 -0.00310568 0.00653943 0.00343296 -0.0035904 -0.00215712 -0.0044904 -0.000869131 -0.00801262 -0.00168298 0.00248588 0.00721634 0.00207739 -0.0019352 -0.00167025 0.00076075 -0.000909522 -0.00301764 -0.0026124 0.00074952 -0.00357312 -0.00273772
internal_weight=7006 1926 5080 4643 3887 521 756 3366 530 3252 2220 193 2100 102 400 372 259 113 1821 1733 128 654 437 279 1605 1545 240 1305 662 363 327 168 60 184 337 643 616 72 187 108 79 139 199 117 350 75 203 100 95 1032 53 66 49 1006 977 272 211 153 705 156 549 470
internal_count=7006 1926 5080 4643 3887 521 756 3366 530 3252 2220 193 2100 102 400 372 259 113 1821 1733 128 654 437 279 1605 1545 240 1305 662 363 327 168 60 184 337 643 616 72 187 108 79 139 199 117 350 75 203 100 95 1032 53 66 49 1006 977 272 211 153 705 156 549 470
is_linear=0
shrinkage=0.03


Tree=116
num_leaves=63
num_cat=0
split_feature=55 55 16 61 56 55 23 56 20 56 59 67 16 43 51 63 24 56 3 42 57 63 56 47 20 15 44 22 66 16 43 70 70 64 63 66 3 31 1 64 69 59 1 48 22 65 2 65 7 19 15 47 37 55 21 19 53 33 33 48 16 61
split_gain=237.464 41.5657 35.0755 16.4859 10.3997 8.99668 6.18874 5.84469 5.22166 4.58476 4.49059 4.90044 4.4077 4.36827 4.52405 4.36234 4.16838 4.06846 3.76156 6.02948 3.71823 3.50239 3.49948 3.46965 3.40368 3.36466 4.28795 3.26768 3.24425 3.09658 3.09252 3.00435 2.94083 2.89734 2.83305 2.80296 2.78135 3.65488 2.62228 2.61417 2.56729 3.32735 3.26908 2.52516 2.48428 3.07029 2.46007 2.49751 2.45642 2.41399 2.39508 2.36254 2.6045 3.50269 2.55387 3.09442 2.14768 3.00584 2.12296 2.11774 2.09419 3.11052
threshold=21.500000000000004 10401.500000000002 719.50000000000011 1826.5000000000002 724.00000000000011 7566.5000000000009 59.620587500000006 18.500000000000004 7.6145833333333348 8991.5000000000018 3232.5000000000005 94662.500000000015 6014.0000000000009 32009.500000000004 961.50000000000011 3422.5000000000005 54.67879150000001 15.500000000000002 54.643791630280546 39764.604166666679 19.500000000000004 328.50000000000006 8213.0000000000018 361.50000000000006 0.15208333333333338 7684.5344385346025 32355.500000000004 1.8999999999999992 2159.2708333333339 473.00000000000006 27577.500000000004 102275.18750000001 126661.29166666667 6382.5000000000009 5656.5000000000009 5863.229166666667 49.408733053537098 48.72916490477111 24.375000000000004 842.50000000000011 129770.00000000001 2877.5000000000005 -3.0249999999999995 1914.5000000000002 0.84999999999999998 5865.5000000000009 47.168726000000007 1136.0000000000002 17.500000000000004 16.525000000000002 5805.6069650499603 243.50000000000003 28919.500000000004 3702.5000000000005 3.4328429805653613 23.375000000000004 1083.5000000000002 3.3424198275018546 2.3361820696444444 336.50000000000006 3058.5000000000005 4966.0000000000009
decision_type=2 2 2 2 2 2 2 2 2 2 2 2 2 2 2 2 2 2 2 2 2 2 2 2 2 2 2 2 2 2 2 2 2 2 2 2 2 2 2 2 2 2 2 2 2 2 2 2 2 2 2 2 2 2 2 2 2 2 2 2 2 2
left_child=2 3 -1 5 8 12 9 25 10 15 24 -12 17 14 -10 -7 21 29 19 34 -9 -6 40 -8 35 -4 -27 30 -24 31 -18 58 38 60 36 -5 -19 -38 -25 -16 41 51 -43 -15 45 49 -11 -48 -17 -36 -44 52 53 54 55 -20 -41 -58 -2 -55 61 -32
right_child=1 -3 7 4 16 6 23 20 13 46 11 -13 -14 43 39 48 27 18 22 -21 -22 -23 28 32 -26 26 -28 -29 -30 -31 33 -33 -34 -35 44 -37 37 -39 -40 56 -42 42 50 -45 -46 -47 47 -49 -50 -51 -52 -53 -54 59 -56 -57 57 -59 -60 -61 -62 -63
leaf_value=-0.38032401093124268 0.038112931585038083 20.378374751949266 -0.49470486267653579 -0.5091608869120523 2.5255882842526005 12.273138982994642 16.526740848514617 -0.48602951994729754 -0.43901118093835251 -2.8762273389496928 -0.38280037715034909 0.022631938992743697 32.606132867050583 -0.47858751671024558 0.031637406901649373 12.546403850676979 -1.9584327822021168 25.133476628272366 -0.0061721944860357427 16.105376067015005 0.10359245947583375 -0.68069331109608811 -5.5158239771158195 10.652585407484825 -0.034793598281197477 -0.41732457430828779 0.30033252990022302 19.526033528036777 0.42486765622888922 -0.056678812719483315 -0.47143482889886229 -0.025873995030092089 22.364115775033586 3.8987747910929298 0.0048218781006625373 -0.12619302124010834 -5.4647589658386186 0.020009889513710702 -0.99497889608193868 -0.28866017529244142 -0.2977350308652138 4.9990600155745231 -0.077228238811207328 -0.22577117042170081 -4.0822491152703329 3.6288924558533378 -7.553388292521622 11.577445165884246 -0.81672821013727115 -1.0070628885896438 0.014686685603202498 -0.020877034026784057 -0.027342733025537136 10.895311773082071 0.0047436555877642663 -0.78964278455413928 -0.13904494060310058 0.046812621743969204 0.019147298276857683 0.42692800622754562 5.4037258318406654 0.34050453673504844
leaf_weight=1413 43 347 190 69 34 67 161 65 73 72 26 136 33 112 50 34 39 37 274 79 184 346 72 40 103 37 37 52 50 35 353 31 23 98 46 25 48 175 56 50 45 32 20 32 44 25 24 46 52 24 33 504 28 52 224 27 158 23 90 36 80 192
leaf_count=1413 43 347 190 69 34 67 161 65 73 72 26 136 33 112 50 34 39 37 274 79 184 346 72 40 103 37 37 52 50 35 353 31 23 98 46 25 48 175 56 50 45 32 20 32 44 25 24 46 52 24 33 504 28 52 224 27 158 23 90 36 80 192
internal_value=-0.00292845 0.000471841 -0.0118981 -0.000262407 -0.00228755 0.00128519 0.00461137 -0.00516858 -0.00480924 0.00156557 -0.00203843 0.00164713 0.000375872 -0.00679984 -0.00499012 0.00517309 -0.000474835 0.000201051 -0.000230388 0.00206442 -0.00185468 -0.00307024 -0.00101782 0.00780793 -0.00508371 -0.00828095 -0.00279352 0.000733325 -0.00587224 0.00427926 0.000232253 0.00601463 0.00387909 0.000680404 0.000556252 -0.0092136 0.00241061 0.00112954 0.00152966 -0.0032444 -0.000550545 -0.00029022 0.00542891 -0.0112214 -0.00289001 -0.000126183 -0.0023012 0.00166904 0.000662021 -0.00338088 0.00079096 -0.000717841 0.000486664 0.000900343 -2.28528e-05 -0.00183328 -0.00459541 -0.00304804 0.00797896 0.00643587 -6.71892e-05 -0.000737479
internal_weight=7006 5080 1926 4733 2051 2682 575 513 857 295 359 162 2107 498 354 153 1194 2074 1875 478 249 380 1397 280 197 264 74 814 122 199 762 164 119 723 399 94 260 223 96 281 1275 1230 85 144 139 95 142 70 86 70 53 1145 641 613 525 301 231 181 133 88 625 545
internal_count=7006 5080 1926 4733 2051 2682 575 513 857 295 359 162 2107 498 354 153 1194 2074 1875 478 249 380 1397 280 197 264 74 814 122 199 762 164 119 723 399 94 260 223 96 281 1275 1230 85 144 139 95 142 70 86 70 53 1145 641 613 525 301 231 181 133 88 625 545
is_linear=0
shrinkage=0.03


Tree=117
num_leaves=63
num_cat=0
split_feature=55 10 55 10 55 34 4 18 44 4 4 62 56 54 45 55 55 58 24 58 44 1 55 41 16 3 63 34 37 26 60 4 40 58 66 61 64 55 36 33 59 41 14 34 7 64 65 65 36 37 56 44 1 45 61 61 36 34 45 34 50 56
split_gain=232.522 46.9724 40.8363 15.8751 10.7294 10.7029 6.29063 8.67378 6.60119 5.54287 5.53762 5.0487 4.55635 4.20978 5.54459 4.48194 4.11564 4.07684 3.83588 4.32052 3.96951 4.07785 3.86821 6.13445 4.64857 3.72262 3.60891 3.62613 3.54267 3.18561 3.11125 3.07183 3.37556 3.81083 3.06922 3.24653 3.13542 2.96775 2.89541 2.82505 2.75609 2.66595 2.59771 2.56645 2.52617 2.50637 2.49469 2.48048 2.41837 2.41646 2.37967 3.49146 2.97721 2.76787 2.72802 3.88588 3.63136 3.8388 3.11353 2.93879 3.28532 3.16693
threshold=21.500000000000004 0.74305326206722599 10138.000000000002 1.0000000180025095e-35 7566.5000000000009 -3.3759201351777288 2.5000000000000004 2.7750000000000004 33063.500000000007 10.500000000000002 15.500000000000002 2147.479166666667 6104.5000000000009 2004.0625000000002 32295.500000000004 2357.5000000000005 10696.000000000002 2929.1875000000005 77.475430000000003 4347.541666666667 31744.500000000004 9.0250000000000021 2751.5000000000005 52031.000000000007 534.50000000000011 51.18483201860267 4672.0000000000009 -1.2304178972446598 15075.500000000002 60.568502229166675 1439.5000000000002 16.500000000000004 53588.500000000007 3417.2708333333335 4843.979166666667 994.50000000000011 1321.0000000000002 9.5000000000000018 18005.500000000004 2.1149563054880112 2200.5000000000005 37061.000000000007 98926.750000000015 1.0517646276345654 8.5000000000000018 1678.5000000000002 2225.5000000000005 5022.0000000000009 11330.500000000002 16951.500000000004 8868.5000000000018 32126.000000000004 -3.9749999999999996 32539.500000000004 1598.0000000000002 3681.5000000000005 17651.500000000004 2.4352807397764065 27857.500000000004 -1.131502405699379 282.64583333333343 28.500000000000004
decision_type=2 2 2 2 2 2 2 2 2 2 2 2 2 2 2 2 2 2 2 2 2 2 2 2 2 2 2 2 2 2 2 2 2 2 2 2 2 2 2 2 2 2 2 2 2 2 2 2 2 2 2 2 2 2 2 2 2 2 2 2 2 2
left_child=1 -1 3 6 5 -5 7 17 50 11 -6 -3 -12 15 45 -9 31 -2 19 20 21 42 24 39 28 47 27 -22 44 -26 49 -4 33 -33 35 36 -29 -11 46 -24 -10 -35 -7 -14 -20 -15 -30 -23 -17 -13 52 -52 -8 -53 58 56 57 -56 -54 60 -60 -61
right_child=2 9 16 4 10 18 8 13 40 37 12 30 43 14 -16 48 -18 -19 22 -21 26 25 23 -25 29 -27 -28 34 38 -31 -32 32 -34 41 -36 -37 -38 -39 -40 -41 -42 -43 -44 -45 -46 -47 -48 -49 -50 -51 51 53 54 -55 55 -57 -58 -59 59 61 -62 -63
leaf_value=-0.37818566555216049 0.022219012230337325 -0.40908036696371869 23.582940192667728 35.87442712985429 25.783746797436997 0.13097400047403254 -0.020699770710771795 -0.32324196657341286 -0.48173219533995365 -0.52994451049613356 26.291836082681328 0.73290610733107542 4.5475467260589904 0.16221427776751302 -0.42093117176222167 -0.52388334912045131 22.649022799197972 -0.063311149119887875 0.0083502722058975288 14.061256900643247 15.217756597124634 -0.69239943048676678 4.9687427252423504 -5.2115734482546943 5.612972363913177 -1.9145886374846863 -0.32108142367387699 5.664431349289643 0.038764683928031611 -0.22204267303688432 -1.0611453735669898 24.188744949226628 7.4730168098986356 -5.2927180257142208 4.6504807268574178 -1.6978713583459022 -0.0070697814585066248 0.5575628061805179 0.0097023111005568197 19.889663868526043 0.01044780114806132 7.2580088797904319 -1.0262701538513761 -4.3370780621382439 0.014086388917791126 -0.023640419875764349 -0.1088649408132593 7.543349501841794 -0.082003177595844079 -0.62761479563601019 -3.4094348540234569 -0.54962954737954528 -0.14223267121238728 12.666800300660265 -0.005640763842686667 0.35926252983361379 -0.47791878032313861 -1.5600545027804744 0.019697073408289256 0.012173118428621734 -0.16551219639352666 0.04438619759071432
leaf_weight=1396 77 118 40 60 85 91 47 378 191 203 36 33 222 32 50 35 238 21 60 50 40 42 90 22 28 240 101 47 21 440 21 20 42 34 32 88 69 134 63 66 38 63 20 25 73 20 38 21 143 21 145 41 57 20 285 345 67 45 20 141 69 206
leaf_count=1396 77 118 40 60 85 91 47 378 191 203 36 33 222 32 50 35 238 21 60 50 40 42 90 22 28 240 101 47 21 440 21 20 42 34 32 88 69 134 63 66 38 63 20 25 73 20 38 21 143 21 145 41 57 20 285 345 67 45 20 141 69 206
internal_value=-0.00297555 -0.0118514 0.000389166 -0.000435485 0.00143634 0.000481105 -0.00207917 -0.00436053 -0.00107274 -0.00423882 0.00610432 -0.00829622 0.00406923 -0.00560249 0 -0.0066301 0.0091558 0.00394495 4.99397e-05 -0.0014053 -0.00194918 -0.0039773 0.00141161 0.00537339 0.000431476 -0.00578027 0.000270485 0.0020536 0.00369267 -0.00133946 -0.00215712 0.00593672 0.0040352 0.00138343 0.000622618 -0.000720235 0.00255814 -0.00190448 0 0.00747598 -0.00581405 -0.00105046 0.000918092 0.00259814 0.00707739 0.00685221 -0.00477157 0.00066561 -0.00267827 0.00160813 -0.000340703 -0.00333333 0.000138055 0.00265139 0.000422638 -0.000723622 -0.00274994 -0.00144502 0.00215372 0.00301995 -0.00181818 0.00426966
internal_weight=7006 1926 5080 4643 2170 1802 2473 756 1717 530 368 193 283 658 102 556 437 98 1742 841 791 414 901 178 723 303 377 276 255 468 75 199 159 117 236 204 116 337 122 156 229 97 111 247 133 52 59 63 178 54 1488 206 1282 61 1235 742 397 330 493 436 89 347
internal_count=7006 1926 5080 4643 2170 1802 2473 756 1717 530 368 193 283 658 102 556 437 98 1742 841 791 414 901 178 723 303 377 276 255 468 75 199 159 117 236 204 116 337 122 156 229 97 111 247 133 52 59 63 178 54 1488 206 1282 61 1235 742 397 330 493 436 89 347
is_linear=0
shrinkage=0.03


Tree=118
num_leaves=63
num_cat=0
split_feature=55 55 56 34 55 34 34 61 41 24 24 57 55 57 55 2 38 61 62 22 30 27 5 38 60 2 59 41 57 56 55 60 22 37 55 53 29 40 54 6 3 38 69 54 21 25 40 55 56 55 1 60 64 56 37 22 23 21 5 50 40 40
split_gain=232.159 40.3992 18.7195 16.1285 11.1656 8.59551 6.86944 5.07668 4.42167 4.53485 4.35565 4.0543 3.96028 3.78205 3.97619 3.74086 3.65697 3.59091 3.41582 3.66423 3.16692 3.15653 3.14984 3.04716 3.03891 2.86808 2.8277 2.78604 2.76915 2.71613 5.00058 3.51554 2.65648 2.65136 3.63875 2.62184 2.78685 2.62109 2.83888 2.61946 2.68712 3.51826 4.75303 2.62074 2.60555 2.59983 3.91766 3.07751 2.49061 3.20742 3.48254 3.03106 2.9682 2.90822 2.64837 2.57952 2.68182 2.62236 2.46565 2.44004 2.43061 2.40293
threshold=20.500000000000004 10138.000000000002 84.500000000000014 0.28261239758228746 7566.5000000000009 0.42504966562929886 -2.9543167547537368 1421.5000000000002 51863.500000000007 77.475430000000003 60.188884500000007 21.500000000000004 10755.000000000002 625.00000000000011 100.50000000000001 89.195407500000016 15143.91666666667 1523.5000000000002 1290.1041666666667 0.25000000000000011 65.382037901920725 14.741654375795269 5.5000000000000009 11596.91666666667 1337.5000000000002 43.927870000000006 1210.5000000000002 32445.000000000004 8841.0000000000018 5553.5000000000009 6421.0000000000009 3409.5000000000005 -1.0249999999999984 14148.500000000002 26.500000000000004 818.50000000000011 60.721331475344073 40309.500000000007 820.75000000000011 3.5000000000000004 63.524576638003211 16147.145833333334 112820.50000000001 1597.3333333333337 3.9275060075339638 87.908297500000018 62010.500000000007 724.00000000000011 23.500000000000004 1841.5000000000002 14.575000000000001 2350.5000000000005 5850.0000000000009 3881.5000000000005 18375.000000000004 1.2500000000000011 97.102975000000015 1.743771262206512 4.5000000000000009 516.33333333333337 34347.500000000007 46149.500000000007
decision_type=2 2 2 2 2 2 2 2 2 2 2 2 2 2 2 2 2 2 2 2 2 2 2 2 2 2 2 2 2 2 2 2 2 2 2 2 2 2 2 2 2 2 2 2 2 2 2 2 2 2 2 2 2 2 2 2 2 2 2 2 2 2
left_child=2 3 5 4 6 -1 16 -5 9 29 21 -4 60 14 20 -7 -2 -12 -15 25 26 27 48 -16 -17 -20 -9 -6 -29 31 58 33 -25 -8 -35 -24 44 -36 -39 -27 41 42 43 -41 -37 46 -10 -47 51 53 52 54 -51 55 59 56 57 -50 -31 -11 -3 -28
right_child=1 12 11 7 10 15 8 13 45 22 17 -13 -14 18 23 24 -18 -19 19 -21 -22 -23 35 32 -26 39 61 28 -30 30 -32 -33 -34 34 37 36 -38 38 -40 40 -42 -43 -44 -45 -46 47 -48 -49 49 50 -52 -53 -54 -55 -56 -57 -58 -59 -60 -61 -62 -63
leaf_value=-0.35756872063674061 32.691862975784275 1.6179175733638202 -0.57387315514131632 5.4345482661393162e-05 22.114510274576023 -0.41889784749122955 -0.04290867504300655 -0.27917053722904123 -0.3652136742705423 0.0070898966643850331 20.094922261198352 -0.18036380950239844 22.229701993302406 -0.75570125162818591 -0.41015366361192623 0.05968366689935193 -0.46728022947975512 7.4660754699686089 5.5110068093515974 -1.9436432832451418 -0.34519531377565127 9.6859999910143415 -0.31071786331460488 -0.21288971791069006 -0.57092192991534851 -1.1269286406251648 -0.0036653042618898721 0.88502384372066445 -7.3019254155202722 -4.4331829499573452 5.3768863260362467 -0.22374134877873605 -0.34330250812278729 -0.0059901518009375463 0.17510023646237871 0.10684923153151064 -0.070159194309527051 -2.7356695880142055 0.046018390040056048 0.019277890977323294 -0.22549842037494158 5.6097406864038444 -2.4183562799541156 2.1159515980367858 -0.15227608868005305 -0.011167805254755692 2.1210448467227159 11.991827813177574 0.041192235743500019 -0.91555046738750201 13.244796942519388 -0.21139838955670714 14.177263466689201 -6.7483444184173003 0.0045794161380557693 17.047441246210827 0.059784625630913656 -0.009184014622028655 -0.19170801278102773 0.027297920649418897 9.6149873434391697 0.062747745238294184
leaf_weight=1381 71 52 44 530 35 247 180 25 225 62 131 144 221 126 57 56 25 104 51 150 25 75 57 162 22 81 88 76 37 201 103 114 198 99 54 50 20 24 133 148 137 57 24 24 25 37 27 20 32 53 92 25 28 55 56 38 24 227 86 59 164 32
leaf_count=1381 71 52 44 530 35 247 180 25 225 62 131 144 221 126 57 56 25 104 51 150 25 75 57 162 22 81 88 76 37 201 103 114 198 99 54 50 20 24 133 148 137 57 24 24 25 37 27 20 32 53 92 25 28 55 56 38 24 227 86 59 164 32
internal_value=-0.00288991 0.000433677 -0.0118616 -0.000381168 0.00108583 -0.0128521 0.000233265 -0.002497 -0.000107429 0.000433293 0.00536346 -0.00285486 0.0091558 -0.00345246 -0.0052836 -0.00843433 0.00808533 0.00821778 -0.00210124 -0.00124535 -0.0013933 0.00233976 0.0019732 -0.00686166 -0.00265045 -5.17142e-05 0.000289456 -0.000182309 -0.00249337 -0.00096268 -0.00291464 0.000292998 -0.00582338 0.00140175 0.0030861 -0.00195266 0.00107256 0.00531502 0.00332272 -0.000789641 0.00022302 0.00206243 0.000137685 0.00190006 0.00375499 -0.00343578 -0.00474812 0.00231173 0.00277193 0.00171553 0.00509532 0.00562593 0.000517879 0.000151555 0.00701299 0.00125195 0.000254327 -0.000625241 -0.00495298 0.0095128 0.00623323 0.00222315
internal_weight=7006 5112 1894 4675 2760 1706 2302 1915 2206 1897 458 188 437 1385 587 325 96 235 798 672 170 223 903 417 78 522 145 148 113 994 390 604 360 490 310 152 95 211 157 471 390 253 196 172 75 309 252 57 751 549 173 202 81 376 177 321 283 259 287 121 216 120
internal_count=7006 5112 1894 4675 2760 1706 2302 1915 2206 1897 458 188 437 1385 587 325 96 235 798 672 170 223 903 417 78 522 145 148 113 994 390 604 360 490 310 152 95 211 157 471 390 253 196 172 75 309 252 57 751 549 173 202 81 376 177 321 283 259 287 121 216 120
is_linear=0
shrinkage=0.03


Tree=119
num_leaves=63
num_cat=0
split_feature=55 10 55 61 57 1 16 55 4 4 24 4 62 4 3 42 16 55 7 7 24 17 1 44 45 31 16 55 37 62 55 51 61 4 68 58 5 44 3 43 60 7 58 3 24 2 55 33 70 14 58 10 53 42 67 43 2 55 64 68 2 53
split_gain=231.031 48.8407 38.9774 14.8387 6.6419 6.76006 6.45215 5.61467 6.56221 4.94742 4.65528 4.65087 5.88575 4.61293 4.95894 5.39907 4.4989 4.14394 4.0257 4.45146 3.82571 3.68473 3.4144 3.39596 3.87112 3.35669 3.41284 4.02954 3.21456 3.07343 3.11405 3.34493 3.1229 3.04956 3.64059 4.31168 3.02702 3.6973 2.98972 4.98769 3.17089 2.92924 3.51429 3.27236 2.85977 3.08257 2.76313 2.76101 2.72101 2.98218 2.68741 2.63593 3.04417 2.61477 2.93822 2.61331 2.57456 2.55421 2.55107 2.87578 2.53393 2.52316
threshold=20.500000000000004 0.74305326206722599 10138.000000000002 1882.5000000000002 625.00000000000011 3.4750000000000005 6014.0000000000009 7566.5000000000009 15.500000000000002 19.500000000000004 61.876575500000008 10.500000000000002 2147.479166666667 15.500000000000002 53.11266639639026 33793.666666666672 3433.0000000000005 10799.000000000002 9.5000000000000018 23.500000000000004 85.285190000000014 1.0750000000000004 25.075000000000006 33917.500000000007 33459.000000000007 64.283264473654597 775.50000000000011 5107.5000000000009 11551.500000000002 2413.7708333333339 2438.5000000000005 1373.5000000000002 2929.5000000000005 16.500000000000004 129097.00000000001 3417.2708333333335 1.0000000180025095e-35 28220.500000000004 57.925512034654304 32009.500000000004 4045.0000000000005 7.5000000000000009 4821.604166666667 54.501412332231787 79.541347000000016 66.250832500000016 48.500000000000007 1.1165558084245475 86475.416666666686 81608.458333333343 3663.8333333333335 0.56392291514228221 2908.5000000000005 32719.083333333339 75697.000000000015 27897.500000000004 47.427121500000005 9.5000000000000018 1522.0000000000002 110609.50000000001 64.376362000000015 1129.5000000000002
decision_type=2 2 2 2 2 2 2 2 2 2 2 2 2 2 2 2 2 2 2 2 2 2 2 2 2 2 2 2 2 2 2 2 2 2 2 2 2 2 2 2 2 2 2 2 2 2 2 2 2 2 2 2 2 2 2 2 2 2 2 2 2 2
left_child=1 -1 3 6 5 9 7 13 -9 16 36 12 -3 14 15 53 23 33 28 -20 -14 -6 -12 24 46 26 41 -28 -7 30 48 32 -32 -4 35 -35 -10 55 -21 40 -40 43 44 -16 45 -43 -5 -15 49 -23 -39 52 -31 54 -2 -38 -52 -13 -47 -60 -11 -62
right_child=2 11 17 4 21 18 -8 8 10 60 22 57 20 47 25 -17 -18 -19 19 38 -22 29 -24 -25 -26 -27 27 -29 -30 51 31 -33 -34 34 -36 -37 37 50 39 -41 -42 42 -44 -45 -46 58 -48 -49 -50 -51 56 -53 -54 -55 -56 -57 -58 -59 59 -61 61 -63
leaf_value=-0.35843731671314316 -0.16119520112069949 -0.38332227082836834 22.70695841313567 0.0061333014405759905 12.261460961785197 -0.38381546201112882 25.249667234867491 24.786252129414823 -2.2021707273391939 -0.52487804918788639 10.761068789337941 -0.50331911356214731 -0.94101751697538283 15.065693601889166 -0.19000889226282769 19.042156292473873 -0.21522757572778364 22.22587442032556 -0.37056336711976623 -0.36555228805707451 0.16144057126886849 -4.7432500180506825 -2.4584419081030502 -0.69035919024565928 0.15964511898819872 -0.0089472356791061702 -0.21991780663955438 14.668033374146507 -0.0057442952764072781 -0.13784007855964545 -0.56848384319935341 -0.31927673865412431 0.81834945162549033 23.174632980446685 8.0954886118830647 -0.37034946097533972 -0.11651829561412341 8.6816762238973197 -0.17677891395040746 -0.44382654999121979 0.16028561805391242 0.071661319506337764 -0.10107848946176311 0.00200050606332713 0.011961650035794679 -0.16730836774804234 -0.064983178299326774 -0.85054581165724463 -1.7706135302515758 10.341988614309304 -6.1966053998471491 17.808127591239181 6.9228859571533938 -6.1104337130383666 0.11206019610591859 -10.115956941654513 2.6471392905726678 0.51004456410212284 0.01515412420937718 -0.015606985619414589 -0.41022821591054687 0.16651544465870705
leaf_weight=1374 39 117 48 42 65 31 56 69 48 34 125 203 26 20 34 83 64 203 257 41 47 21 31 24 73 281 413 58 139 217 78 425 132 24 47 115 41 103 37 39 31 54 21 173 188 25 26 554 65 22 29 30 37 22 50 21 39 127 85 24 39 20
leaf_count=1374 39 117 48 42 65 31 56 69 48 34 125 203 26 20 34 83 64 203 257 41 47 21 31 24 73 281 413 58 139 217 78 425 132 24 47 115 41 103 37 39 31 54 21 173 188 25 26 554 65 22 29 30 37 22 50 21 39 127 85 24 39 20
internal_value=-0.00286422 -0.0118141 0.000451282 -0.000349083 -0.00231361 -0.00422695 0.00110458 0.000888559 0.00372851 -0.000735796 0.00236102 -0.00397424 -0.00771699 0.000210442 0.00106251 0.00554869 0.00162375 0.00901853 -0.00617632 -0.00780548 -0.000984952 -0.000738943 0.00651505 0.00425197 0.00603827 0.000418111 0.00118315 -0.000725961 -0.00227513 -0.00118002 -0.00219621 -0.00138876 0.00169919 0.00626655 0.00449758 0.00202732 4.26894e-05 0.00146718 -0.00362593 -0.000952381 0.0039207 0.00267671 0.00418534 -0.000202801 0.00485775 0.00221691 0.000837004 -0.002085 -0.00691027 -0.000974478 0.00375219 0.00146779 0.000460449 0.00118812 0.00350168 -0.00478261 -0.000837004 -0.00180854 -0.000201342 0.00175985 -0.00657358 -0.00274112
internal_weight=7006 1894 5112 4675 1989 897 2686 2630 506 322 437 520 190 2124 1550 194 229 437 575 405 73 1092 156 165 141 1356 1075 471 170 1027 743 635 210 234 186 139 281 233 148 107 68 604 397 207 376 188 68 574 108 43 171 284 254 111 89 62 68 330 134 109 93 59
internal_count=7006 1894 5112 4675 1989 897 2686 2630 506 322 437 520 190 2124 1550 194 229 437 575 405 73 1092 156 165 141 1356 1075 471 170 1027 743 635 210 234 186 139 281 233 148 107 68 604 397 207 376 188 68 574 108 43 171 284 254 111 89 62 68 330 134 109 93 59
is_linear=0
shrinkage=0.03


Tree=120
num_leaves=63
num_cat=0
split_feature=55 10 55 61 55 10 57 6 15 7 16 10 62 24 55 24 49 26 27 7 47 53 5 55 24 56 10 40 58 37 60 1 56 62 1 64 19 45 13 3 67 66 61 10 48 3 62 55 63 51 61 46 19 29 16 61 14 28 26 55 1 49
split_gain=222.383 48.5732 39.1158 13.0276 6.92676 7.69762 6.20675 5.88157 5.28098 4.7807 4.63124 4.40469 5.61101 4.29352 4.11726 3.82571 3.68507 3.65946 3.64664 4.46135 3.59945 3.49878 3.3448 3.34377 3.2671 4.08132 3.16859 3.34661 4.38794 3.14783 3.06354 2.98058 2.93928 3.45466 2.94983 2.90604 3.06337 2.87259 2.76591 2.70458 2.78075 2.64028 3.8151 3.20992 2.9906 2.66527 2.58918 2.55421 2.53211 3.82353 2.90583 3.2581 2.66971 3.07008 2.84251 2.51399 2.48859 2.52554 3.39188 2.45112 2.52876 2.38757
threshold=20.500000000000004 0.74305326206722599 10138.000000000002 1882.5000000000002 7566.5000000000009 0.74305326206722599 625.00000000000011 2.5000000000000004 5207.7899961946814 9.5000000000000018 6014.0000000000009 0.87900005428953576 2147.479166666667 61.876575500000008 10799.000000000002 85.285190000000014 334.50000000000006 59.215402687500003 15.61168253632958 24.500000000000004 695.50000000000011 1315.5000000000002 1.0000000180025095e-35 5107.5000000000009 79.541347000000016 23.500000000000004 0.56392291514228221 53588.500000000007 3417.2708333333335 11551.500000000002 1904.5000000000002 25.075000000000006 9819.5000000000018 2503.0208333333335 -3.0249999999999995 5053.5000000000009 15.275000000000002 29390.500000000004 71729.000000000015 61.645634194576935 110287.50000000001 3473.3958333333339 1052.5000000000002 0.74305326206722599 327.50000000000006 55.503365644066896 1187.7500000000002 9.5000000000000018 7058.5000000000009 1353.5000000000002 2707.5000000000005 29248.812500000004 9.8750000000000018 54.501412332231787 -1809.4999999999998 1616.0000000000002 119976.39583333336 2.955571999999997 70.752549562500022 1841.5000000000002 18.125000000000004 110.50000000000001
decision_type=2 2 2 2 2 2 2 2 2 2 2 2 2 2 2 2 2 2 2 2 2 2 2 2 2 2 2 2 2 2 2 2 2 2 2 2 2 2 2 2 2 2 2 2 2 2 2 2 2 2 2 2 2 2 2 2 2 2 2 2 2 2
left_child=1 -1 3 4 10 13 7 8 39 29 16 12 -3 22 26 -14 21 -18 -11 -20 -10 24 -6 56 41 38 27 28 -4 -9 35 -15 33 34 -8 36 -27 -24 -26 40 -5 42 43 44 -2 -45 -37 61 49 50 51 -36 -51 -54 -55 -39 57 58 -23 60 -38 -13
right_child=2 11 14 6 5 -7 32 9 20 18 -12 47 15 31 -16 -17 17 -19 19 -21 -22 23 37 -25 25 30 -28 -29 -30 -31 -32 -33 -34 -35 48 46 59 55 -40 -41 -42 -43 -44 45 -46 -47 -48 -49 -50 52 -52 -53 53 54 -56 -57 -58 -59 -60 -61 -62 -63
leaf_value=-0.34768419721174887 -0.017048903488459236 -0.37182260270351741 22.479393991033294 -0.12491953501831926 -2.1661597803781478 24.128900073846651 21.284181869330691 -0.37230099815079498 0.065485226174699068 -0.36740440679025099 30.324052673960139 0.087126702427455599 -0.91278699146612119 10.438236725657816 21.559098187715772 0.15659735413080242 0.023032752174252557 -0.11558477781363563 -0.30649516561290174 0.049550473987605766 -0.37398444338882553 0.40033872663903391 -1.0113700198958759 16.238536965935108 -0.14147122785336033 -0.45147204539857877 22.025749660741621 7.5531694610633799 -0.50558552145647806 -0.013244932061114163 9.2802210958891287 -1.5724958999393857 -4.0656232023376102 3.691217946109675 3.9059390249856278 -1.2821528269156648 0.007601942205165883 7.2334801949577194 0.013649056733586224 -0.37502252513012635 14.184602063135287 0.0013369121275833961 -2.4741371617089132 27.115595607454534 -2.1975352636752539 -0.022559532829148628 0.061750757463330357 0.49474322717905933 -2.3841861213622928 5.7093743915197974 0.94649638315204043 -3.6414868645134808 -2.3115530269579545 -0.51169276304468725 -0.13839303143856341 -2.278755480449222 -0.25334257673177074 -0.16616951737458882 0.018390749618350685 5.0798893142696491 -0.1375253741004682 -0.68304839194146327
leaf_weight=1374 74 117 24 63 49 82 25 31 130 276 33 28 26 125 203 47 65 590 70 37 22 92 80 49 24 121 48 48 114 171 25 37 75 200 27 22 51 136 134 77 20 315 95 20 35 42 50 127 66 21 190 45 40 94 309 20 41 28 148 31 72 175
leaf_count=1374 74 117 24 63 49 82 25 31 130 276 33 28 26 125 203 47 65 590 70 37 22 92 80 49 24 121 48 48 114 171 25 37 75 200 27 22 51 136 134 77 20 315 95 20 35 42 50 127 66 21 190 45 40 94 309 20 41 28 148 31 72 175
internal_value=-0.00295414 -0.0117349 0.000298703 -0.000503091 0.000858866 0.00393498 -0.00234377 -0.00419351 -0.000855495 -0.00596821 0.000102916 -0.00391655 -0.00755918 0.00237531 0.00888126 -0.000984952 -6.92058e-05 -0.00194169 -0.00794049 -0.00319328 0.00313609 0.000763733 0.000147317 0.00334264 -6.48006e-05 0.00163554 0.0061384 0.00433638 0.00193338 -0.00221178 -7.25611e-05 0.0062739 -0.000821353 -0.000395241 -0.001263 -0.000812446 -0.00222465 0.00163914 0.00567362 -0.00466583 -0.000866426 -0.00162106 -0.00382187 -0.00112215 -0.00423465 0.00429952 0.00453537 -0.00180854 -0.00158692 -0.0010701 0.00181992 -0.0032871 -0.00270847 -0.00320921 -0.00241131 0.00401666 0.00217405 0.00323387 0.00423574 0.000564568 -0.001316 -0.00389956
internal_weight=7006 1894 5112 4675 2686 529 1989 897 312 585 2157 520 190 447 437 73 2124 655 383 107 152 1469 285 358 1111 530 234 186 138 202 372 162 1092 1017 817 347 275 236 158 160 83 581 266 171 109 62 72 330 792 726 262 72 464 443 403 156 309 268 240 154 123 203
internal_count=7006 1894 5112 4675 2686 529 1989 897 312 585 2157 520 190 447 437 73 2124 655 383 107 152 1469 285 358 1111 530 234 186 138 202 372 162 1092 1017 817 347 275 236 158 160 83 581 266 171 109 62 72 330 792 726 262 72 464 443 403 156 309 268 240 154 123 203
is_linear=0
shrinkage=0.03


Tree=121
num_leaves=63
num_cat=0
split_feature=56 4 58 34 4 49 57 7 17 43 7 61 66 70 4 33 44 33 44 58 13 34 27 54 36 33 21 36 12 27 7 44 54 58 30 24 7 34 45 21 21 21 45 45 23 66 63 63 24 18 45 53 24 39 59 29 70 29 70 23 58 56
split_gain=144.451 33.8742 21.216 10.3535 9.9672 9.09908 6.8405 6.39926 6.13395 6.10699 5.60989 8.82134 6.36463 5.57232 4.87811 4.79704 4.46957 4.81754 4.18442 3.94866 3.92431 3.92121 4.04581 3.88591 3.84783 3.73329 3.68227 3.64131 4.76039 3.56411 3.50708 3.74579 7.72381 3.32482 3.23065 3.41565 4.25123 3.22088 3.16937 3.15339 3.09656 7.89529 4.41528 2.99535 2.94625 3.48171 3.43104 2.93731 3.25434 2.92314 2.96864 2.9186 2.89848 2.73308 2.72606 3.80278 5.05431 4.95994 4.89963 5.24565 4.307 3.49924
threshold=21.500000000000004 12.500000000000002 4122.5625000000009 -0.81327009816320472 9.5000000000000018 312.50000000000006 16.500000000000004 8.5000000000000018 15.625000000000002 33477.500000000007 23.500000000000004 249.50000000000003 7462.666666666667 134795.29166666672 22.500000000000004 3.8965364450608919 31264.500000000004 2.9364580970136873 32659.500000000004 3876.0416666666674 74391.500000000015 0.92284038861415152 11.183946821883794 2038.8125000000002 11119.500000000002 2.0294279582233723 1.5261035388849338 20981.500000000004 95633.500000000015 8.1990970874043985 16.500000000000004 29100.000000000004 1880.2083333333337 950.31250000000011 53.308567725035921 91.584970000000013 23.500000000000004 -3.3759201351777288 29491.500000000004 3.1071665045857633 3.5444329532125987 3.8967092284127367 32620.000000000004 29163.000000000004 84.201225000000008 1814.0833333333337 2778.5000000000005 6314.0000000000009 67.25481400000001 22.375000000000004 32694.500000000004 758.50000000000011 93.090295000000012 35160.500000000007 4584.0000000000009 59.810924297666482 95426.541666666686 54.017518558900825 99556.541666666686 59.620587500000006 2463.0208333333335 6845.5000000000009
decision_type=2 2 2 2 2 2 2 2 2 2 2 2 2 2 2 2 2 2 2 2 2 2 2 2 2 2 2 2 2 2 2 2 2 2 2 2 2 2 2 2 2 2 2 2 2 2 2 2 2 2 2 2 2 2 2 2 2 2 2 2 2 2
left_child=4 6 3 29 10 -4 7 18 15 23 30 -12 13 -13 16 19 17 -7 20 26 -2 54 -23 -9 -10 -18 -8 28 -28 -3 31 32 43 -33 -6 36 -36 -31 -17 -25 -35 42 -42 -1 45 -22 -47 53 -49 51 -51 -26 -53 -39 55 56 57 61 -58 -60 -59 -5
right_child=1 2 5 21 34 14 8 9 24 -11 11 12 -14 -15 -16 38 25 -19 -20 -21 44 22 -24 39 49 -27 27 -29 -30 37 -32 33 -34 40 35 -37 -38 47 -40 -41 41 -43 -44 -45 -46 46 -48 48 -50 50 -52 52 -54 -55 -56 -57 58 60 59 -61 -62 -63
leaf_value=-0.3481470727055942 -0.22817624527407637 14.948959918558403 23.290849750033747 6.6537117438465518 0.082445807919009753 -6.7409207787148944 0.019274907272025743 -0.34027208686206828 -0.52968317809777465 -0.029692904218797497 0.018704396991033236 -0.29238653776507117 0.13431230320484583 0.0042969790749511462 -2.0891062501808277 -0.048881457670647221 -2.7569507343895245 12.945107552099797 -0.35312110412931563 0.030490732679210646 0.018890286705644035 -0.91191181204484517 -0.085731693104880727 -0.15414669028313022 -0.68971209101613351 14.528835014679188 -0.044006743002353979 -0.070230059877623097 0.0072571673024280515 33.819554383797168 -0.31026077743555502 -0.3407383457903842 0.077891850136928578 -0.44625981587408098 -0.40786581908323827 -0.18450231047030227 0.00011702008103059214 12.930437945743151 -0.4500880588195047 0.010979784145746904 -0.30891663251898993 -0.32101875322920448 0.069976119675646792 -0.004650866371503852 0.018463396401300861 -0.29416283606922244 0.0033108604705076416 1.77006736845678 -8.8673882110497466 -0.2601944678000741 -0.028984814773136802 -0.043364146083915249 0.0056951940623757476 3.6054682571936656 6.8901728740792532 -0.57980196405647799 10.301992071658814 -0.10975734206327559 -3.8634257611157952 3.5810176065794801 -4.8183805134063364 -0.32947887042647833
leaf_weight=90 36 151 258 139 48 36 103 206 57 62 30 310 20 21 49 40 34 57 32 86 25 177 270 24 29 183 280 54 107 31 405 26 23 303 212 71 48 86 46 25 20 258 25 27 40 30 42 36 25 214 65 234 63 252 109 457 129 127 77 143 121 222
leaf_count=90 36 151 258 139 48 36 103 206 57 62 30 310 20 21 49 40 34 57 32 86 25 177 270 24 29 183 280 54 107 31 405 26 23 303 212 71 48 86 46 25 20 258 25 27 40 30 42 36 25 214 65 234 63 252 109 457 129 127 77 143 121 222
internal_value=-0.00282568 -0.000162159 0.00173614 0.000527801 -0.00979402 0.00672825 -0.00332982 -0.00625742 -0.00221827 -0.00893094 -0.0108575 -0.00766728 -0.00900598 -0.010003 0.00362573 -0.000289066 0.00502096 -0.000451128 -0.00210629 0.000614188 -0.000242634 -0.000508346 -0.0029792 -0.0109839 -0.00429995 0.00737909 -0.000325308 -0.00152346 -0.000495996 0.0040475 -0.0118868 -0.0106813 -0.00618844 -0.0116706 -0.00541282 -0.00646934 -0.00806228 0.00264357 -0.0069338 -0.00329939 -0.0121218 -0.00993731 0.00159645 -0.00932536 0.00205689 -0.000741504 -0.00411928 0.0019093 -0.00412439 -0.00358949 -0.00584737 -0.00164673 -0.000747223 0.00300799 0.000214553 -0.000135679 0.000936228 -0.000709243 0.00381553 0.00107678 -0.00397823 0.00152866
internal_weight=7006 5069 3169 2552 1937 617 1900 522 1378 317 1558 381 351 331 359 716 310 93 205 630 173 1971 447 255 662 217 544 441 387 581 1177 772 140 632 379 331 260 430 86 49 606 303 45 117 137 97 72 399 61 605 279 326 297 338 1524 1415 958 609 349 220 248 361
internal_count=7006 5069 3169 2552 1937 617 1900 522 1378 317 1558 381 351 331 359 716 310 93 205 630 173 1971 447 255 662 217 544 441 387 581 1177 772 140 632 379 331 260 430 86 49 606 303 45 117 137 97 72 399 61 605 279 326 297 338 1524 1415 958 609 349 220 248 361
is_linear=0
shrinkage=0.03


Tree=122
num_leaves=63
num_cat=0
split_feature=55 10 55 61 16 57 18 55 4 4 15 55 24 16 4 66 31 3 46 62 4 33 59 62 63 25 63 17 42 29 27 70 44 6 44 16 49 53 61 64 62 64 63 40 57 57 24 59 64 38 51 48 68 1 43 65 28 50 13 27 55 64
split_gain=225.486 45.4508 35.0872 17.4033 6.63327 6.34941 5.78088 5.75059 6.69325 5.69724 4.81954 4.72638 4.51591 4.49838 4.31562 4.09052 4.03787 4.0209 4.18687 3.87443 4.58517 3.62916 3.48528 3.4663 5.01496 3.34115 3.40684 3.22839 3.10372 4.36549 3.10358 3.93548 5.20977 3.52214 3.10036 4.19571 3.07529 3.13557 3.06219 3.02156 2.93712 2.85305 2.80684 2.791 2.79087 2.85576 2.76798 2.73781 2.68052 2.62636 2.60431 2.67906 2.59094 3.91312 2.53696 2.52938 2.67355 2.50936 2.46701 2.44407 2.42885 2.40731
threshold=19.500000000000004 0.74305326206722599 10477.000000000002 1826.5000000000002 6014.0000000000009 625.00000000000011 4.5750000000000002 7676.5000000000009 16.500000000000004 15.500000000000002 5207.7899961946814 5635.0000000000009 63.507509500000005 775.50000000000011 10.500000000000002 8081.3125000000009 55.861047856415539 55.214356078094141 29677.854166666672 2529.3125000000005 10.500000000000002 3.7918161934298444 2319.5000000000005 1214.1875000000002 531.50000000000011 54.384794000000007 4473.5000000000009 -3.0249999999999995 33291.208333333343 54.367619641873127 15.782614211588411 86069.229166666672 29441.500000000004 2.5000000000000004 30430.500000000004 -1670.4999999999998 386.50000000000006 1159.5000000000002 774.50000000000011 1414.5000000000002 1187.7500000000002 3959.5000000000005 1846.5000000000002 34788.500000000007 35.500000000000007 27.500000000000004 94.402335000000008 1020.5000000000001 2004.0000000000002 15096.562500000002 930.50000000000011 221.50000000000003 78838.000000000015 20.675000000000001 32182.500000000004 1136.0000000000002 -0.56103900000000084 248.77083333333337 100784.50000000001 9.6616699766538563 11105.000000000002 1550.5000000000002
decision_type=2 2 2 2 2 2 2 2 2 2 2 2 2 2 2 2 2 2 2 2 2 2 2 2 2 2 2 2 2 2 2 2 2 2 2 2 2 2 2 2 2 2 2 2 2 2 2 2 2 2 2 2 2 2 2 2 2 2 2 2 2 2
left_child=1 -1 3 4 7 6 10 9 -9 11 22 13 16 21 -12 -11 55 18 59 20 52 25 -5 24 -7 -2 39 -25 -28 -30 33 -32 -33 -8 35 -35 37 40 -14 46 -19 -16 -21 -31 45 -41 -27 -38 -34 -40 -23 -52 -3 -54 -18 -10 -57 -20 -22 -15 -4 -39
right_child=2 19 60 5 -6 23 30 8 12 15 14 -13 38 17 41 -17 54 36 57 42 58 50 -24 27 -26 26 28 -29 29 43 31 32 48 34 -36 -37 47 61 49 44 -42 -43 -44 -45 -46 -47 -48 -49 -50 -51 51 -53 53 -55 -56 56 -58 -59 -60 -61 -62 -63
leaf_value=-0.33731037781330708 0.021987790697274291 -0.17896724115619317 11.293447963498329 -0.37790627685356043 22.500903797489137 2.6105479540074965 0.16054483785291537 17.119912056897828 -5.9149872190769202 -0.95437322491071308 0.059689270825385596 19.145179436225817 18.856568313197421 -5.6522945002307505 -0.4751773648769087 13.21912078051013 8.3966497400246585 0.67702664248893041 0.080924753818362408 -0.80988156255531329 -0.26766996827136635 -0.11974615866261157 -0.0030958527119691404 16.852744338015707 -1.0869064073941077 -0.015460661141950282 0.023929217250974605 -0.057318308103381808 -0.54071471541048965 0.0068334072069686511 -0.34837978807656683 0.079391919153161059 -0.29199030598715564 -0.010238453939385739 -0.41071802515482358 -0.3086670344767235 -1.5574382807370875 3.5448101659046958 7.8362945977476643 0.009157119857214617 -1.1342445004123509 0.1540717216455624 2.1692998345927852 -0.0059881969913086587 0.061207254514932856 -0.031728369173829131 0.016403363247934982 0.05595517189574474 0.02110870017833669 -4.2532691217151477 0.012435843792590795 -0.060056502814973912 -0.43644889194266007 0.01664463460395723 -0.95201589758701166 -1.2218255596033849 4.7702316989056817 21.628718667304938 -1.1833274344852567 0.59451220821754092 26.18852695933052 -0.2540722052171287
leaf_weight=1340 21 37 193 92 59 21 31 159 39 548 64 97 33 24 30 27 72 22 26 22 231 23 98 26 100 87 40 1019 28 26 27 30 57 74 153 153 61 104 36 303 121 62 27 156 89 32 24 22 37 30 24 33 103 21 42 93 54 57 67 60 118 101
leaf_count=1340 21 37 193 92 59 21 31 159 39 548 64 97 33 24 30 27 72 22 26 22 231 23 98 26 100 87 40 1019 28 26 27 30 57 74 153 153 61 104 36 303 121 62 27 156 89 32 24 22 37 30 24 33 103 21 42 93 54 57 67 60 118 101
internal_value=-0.00272719 -0.0117185 0.000493786 -0.00013245 0.00142151 -0.00221156 -0.00409316 0.00120371 0.00391865 0.000499513 -0.00103149 0.00143065 0.00183413 0.00100869 0.00286355 -0.00205529 0 -0.000998161 0.00294434 -0.0040681 -0.00492703 0.00236655 -0.00424513 -0.000743504 -0.00554913 0.00297358 0.00265189 -0.000183714 -0.000227909 -0.00169919 -0.00597225 -0.0022634 0 -0.00732668 -0.00812155 -0.00586526 -0.00253305 -0.00128411 0.00738648 0.00400299 -0.00469602 -0.00127036 0.00391039 0 0.0051568 0.00388541 -0.000378038 -0.00772563 -0.00347503 0.00358548 -0.00370787 -0.000210158 -0.00901304 -0.0110959 0.00444347 -0.00272434 -0.000897349 0.00772563 -0.00270715 -0.00174792 0.0102604 0.0010824
internal_weight=7006 1848 5158 4847 2773 2074 908 2714 558 2156 346 1581 399 1484 156 575 300 598 167 508 459 886 190 1166 121 806 785 1045 250 210 562 151 124 411 380 227 431 348 99 535 143 92 49 182 424 335 111 83 94 66 80 57 161 124 114 186 147 83 298 84 311 205
internal_count=7006 1848 5158 4847 2773 2074 908 2714 558 2156 346 1581 399 1484 156 575 300 598 167 508 459 886 190 1166 121 806 785 1045 250 210 562 151 124 411 380 227 431 348 99 535 143 92 49 182 424 335 111 83 94 66 80 57 161 124 114 186 147 83 298 84 311 205
is_linear=0
shrinkage=0.03


Tree=123
num_leaves=63
num_cat=0
split_feature=56 4 16 3 10 63 34 21 7 66 23 54 42 7 22 26 3 43 3 7 54 62 43 57 59 3 17 63 4 21 52 27 19 40 21 27 34 49 66 59 46 19 50 54 42 63 20 20 23 66 14 36 22 3 48 27 54 57 50 50 18 26
split_gain=136.342 28.4528 11.5182 13.9348 10.0782 8.18704 7.8158 6.81526 5.49317 7.95691 6.86321 6.73292 5.95556 5.04097 5.33511 7.21392 4.97105 4.77241 4.4764 4.4709 4.79136 11.8268 5.90772 4.20432 4.19244 5.42826 8.55232 4.84231 4.7969 4.1496 4.06263 4.50462 3.91863 4.78676 5.43595 3.89926 3.82794 3.82696 3.67668 3.63687 4.31419 3.33893 3.29276 3.48955 3.21095 3.11478 4.07602 3.31454 3.30846 4.90643 3.08835 3.0528 2.98562 6.55586 2.90736 2.89447 4.7737 2.8598 2.80244 3.05561 3.10179 3.00907
threshold=21.500000000000004 12.500000000000002 3705.0000000000005 51.658275129451695 0.74305326206722599 6011.5000000000009 -2.3181991866177003 1.5514856339132252 23.500000000000004 696.18750000000011 70.358285000000009 2081.4583333333339 36844.875000000007 9.5000000000000018 -0.050000000000000482 61.281978291666668 54.501412332231787 30582.500000000004 46.250058175644753 16.500000000000004 1518.9791666666667 1979.0625000000002 29343.000000000004 22.500000000000004 4632.0000000000009 59.997130874046853 0.4250000000000001 123.50000000000001 22.500000000000004 2.8471822859190143 1102.5000000000002 15.391501627098769 5.4250000000000016 33772.500000000007 4.8363328554670382 3.2997585510167542 0.22372240827348125 258.50000000000006 5637.3333333333348 2967.5000000000005 32423.208333333336 19.225000000000005 197.35416666666669 1064.2708333333337 42179.625000000007 2840.5000000000005 24.603125000000006 21.407291666666669 61.187628000000011 1814.0833333333337 101779.93750000001 10283.500000000002 1.9750000000000016 57.521374049051282 2634.5000000000005 4.316312450402827 1226.7083333333335 22.500000000000004 243.95833333333334 602.35416666666686 12.225000000000001 70.752549562500022
decision_type=2 2 2 2 2 2 2 2 2 2 2 2 2 2 2 2 2 2 2 2 2 2 2 2 2 2 2 2 2 2 2 2 2 2 2 2 2 2 2 2 2 2 2 2 2 2 2 2 2 2 2 2 2 2 2 2 2 2 2 2 2 2
left_child=4 7 3 5 8 17 -5 -2 19 -10 12 -12 -11 16 15 -15 -9 36 -7 20 38 22 23 -22 25 26 35 -28 -26 -4 -17 51 -29 34 -34 -8 -3 -14 -1 55 -41 -33 -40 44 -44 46 47 48 -18 -50 -39 -32 -35 -54 -53 56 -27 -6 -16 60 -60 -61
right_child=1 2 29 6 57 18 24 13 9 10 11 -13 37 14 58 30 45 -19 -20 -21 21 -23 -24 -25 28 39 27 32 -30 -31 31 41 33 52 -36 -37 -38 50 42 40 -42 -43 43 -45 -46 -47 -48 -49 49 -51 -52 54 53 -55 -56 -57 -58 -59 59 61 -62 -63
leaf_value=-0.47355461749140842 0.014517035440836885 14.343842332135736 2.129845505316398 20.176413619746508 -0.21362881490286231 11.112522201382708 -2.9640746499044694 -0.24055719913483539 0.027044210407061939 -0.24726666856987659 -0.30093179867231196 0.0038933561069861965 0.040429637182251309 -0.47113239493328635 -2.0915566009841449 -0.0095654456108633205 -0.19157067896416666 26.321756888717346 -0.99429587489030602 -0.29484683846953558 0.026505718388352903 -0.28505765228408708 0.0090782996364025155 -0.30358143176796371 9.1956478847615468 -0.89836627065775354 11.110597290459244 -2.2449018481867324 -0.34767778787620501 11.539746870193467 0.022272003646714448 -0.29384057778086897 -4.8280966228231046 -0.019777054624673836 6.5979108806109981 13.326823329240996 0.4263210416367792 -0.35403726597937757 -0.53370700660592829 -0.58356113783570995 10.302538652349575 0.011114210455633041 0.07660159863027885 -0.49816756059870027 -0.55523798213367381 0.0044832696024104555 0.0058387129343605432 -0.40865400195067192 0.017450794534627539 -0.063849099993790084 0.014778334427824244 -0.25319651821538708 10.276414892969141 -4.6637608405011317 0.037480038148183362 -1.3316999927227355 7.1232921344302982 -0.51712126160384786 -0.008143396778758678 7.9819173450024321 3.8588964647509609 -0.7127157239990326
leaf_weight=367 159 212 110 85 250 53 27 74 21 43 222 21 30 125 40 211 45 88 192 412 38 132 52 64 137 38 27 153 76 327 20 24 149 650 21 129 99 25 76 94 54 83 27 21 23 266 78 61 44 105 22 276 60 20 22 346 22 91 94 26 66 81
leaf_count=367 159 212 110 85 250 53 27 74 21 43 222 21 30 125 40 211 45 88 192 412 38 132 52 64 137 38 27 153 76 327 20 24 149 650 21 129 99 25 76 94 54 83 27 21 23 266 78 61 44 105 22 276 60 20 22 346 22 91 94 26 66 81
internal_value=-0.00271435 -0.00012665 0.00161308 0.000888328 -0.00948428 0.00474616 -0.000300273 -0.00302984 -0.0104862 -0.00733403 -0.00837786 -0.0112793 -0.00247294 -0.0035736 -0.00485629 -0.00620418 -0.0015332 0.00739664 0.000416157 -0.0114817 -0.0101575 -0.00701503 -0.00134328 -0.00555338 -0.000679946 -0.00115468 -4.61128e-05 -0.00099713 0.00329423 0.0061359 -0.00490017 -0.00659139 -0.00132181 -0.000563271 -0.005097 0.00651505 0.00563163 0.00249027 -0.0118985 -0.00362209 0.000384875 -0.00123249 -0.00783141 -0.00312236 0.00113772 -0.000620931 -0.00255779 -0.00439828 -0.0024575 -0.00028169 -0.00280255 -0.00838416 0.000488974 0.00595506 -0.00914794 -0.00508988 0.000948419 -0.00478452 -0.0015044 -0.000381879 0.00222986 -0.00431373
internal_weight=7006 5069 3169 2732 1937 644 2088 1900 1596 384 363 243 120 1741 1068 761 673 399 245 1212 800 286 154 102 2003 1790 1236 1080 213 437 636 425 1053 900 170 156 311 77 514 554 148 107 147 71 50 599 333 255 194 149 47 318 730 80 298 406 60 341 307 267 160 107
internal_count=7006 5069 3169 2732 1937 644 2088 1900 1596 384 363 243 120 1741 1068 761 673 399 245 1212 800 286 154 102 2003 1790 1236 1080 213 437 636 425 1053 900 170 156 311 77 514 554 148 107 147 71 50 599 333 255 194 149 47 318 730 80 298 406 60 341 307 267 160 107
is_linear=0
shrinkage=0.03


Tree=124
num_leaves=63
num_cat=0
split_feature=55 10 55 61 58 22 57 7 46 55 55 44 6 15 10 7 5 37 64 10 27 32 28 16 64 19 26 64 55 24 5 14 22 17 41 37 24 32 36 50 2 43 2 68 17 2 17 52 26 58 49 42 7 64 3 54 25 15 13 11 15 20
split_gain=220.093 46.0478 34.8427 15.9898 6.73031 8.69359 6.66502 5.67045 5.12442 4.90928 3.99401 3.93045 3.82352 3.75988 4.26902 3.71443 3.69883 3.65791 3.58393 3.55576 3.34586 4.03355 3.33645 3.33259 4.18636 3.96536 3.2881 3.29826 3.16674 4.81582 4.04149 4.12647 3.8943 3.63139 3.12405 4.6995 3.09994 3.08426 3.38813 3.03181 2.93142 2.87896 2.86482 2.7988 2.76101 2.75868 2.75004 4.05618 4.21237 3.51586 2.83218 2.67814 2.64921 3.26765 3.28663 2.58208 2.84883 2.52722 2.4542 3.22574 2.44474 2.49221
threshold=18.500000000000004 0.74305326206722599 10138.000000000002 1826.5000000000002 4085.9166666666674 1.6000000000000005 625.00000000000011 9.5000000000000018 33815.187500000007 10904.000000000002 8.5000000000000018 32793.000000000007 9.5000000000000018 13802.913836316633 0.96386255839173451 24.500000000000004 2.5000000000000004 11551.500000000002 8825.5000000000018 0.56392291514228221 18.26311617934493 66.178372350749413 2.377299500000007 981.50000000000011 3959.5000000000005 6.9750000000000005 66.649984562500023 4449.5000000000009 7566.5000000000009 62.475388000000009 1.0000000180025095e-35 84859.000000000015 -0.32499999999999923 24.325000000000006 48071.500000000007 25540.500000000004 72.120325000000022 57.078222636861035 15153.500000000002 322.87500000000006 37.081273500000002 28446.000000000004 55.826556500000009 106227.00000000001 -3.0249999999999995 74.985777500000012 7.8250000000000002 751.50000000000011 69.974995062500014 3467.9583333333339 169.50000000000003 39212.479166666672 7.5000000000000009 2089.0000000000005 54.57058211229846 1185.8750000000002 73.409282000000019 6017.0801179995951 74708.500000000015 78897.500000000015 17562.214563317328 0.65104166666666685
decision_type=2 2 2 2 2 2 2 2 2 2 2 2 2 2 2 2 2 2 2 2 2 2 2 2 2 2 2 2 2 2 2 2 2 2 2 2 2 2 2 2 2 2 2 2 2 2 2 2 2 2 2 2 2 2 2 2 2 2 2 2 2 2
left_child=1 -1 3 4 18 34 7 17 15 19 13 -12 44 14 -3 -9 22 -5 20 26 21 28 -17 25 -25 -19 27 40 32 30 -30 -32 41 -31 58 -36 51 -18 -39 -20 -4 -2 -28 -26 -8 -22 57 -48 49 55 -50 -27 53 -43 -55 -49 -57 -34 -6 -60 61 -46
right_child=2 10 9 6 5 -7 12 8 -10 -11 11 -13 -14 -15 -16 16 37 23 39 -21 45 -23 -24 24 43 36 42 -29 29 33 31 -33 46 -35 35 -37 -38 38 -40 -41 -42 52 -44 -45 60 -47 47 48 50 -51 -52 -53 -54 54 -56 56 -58 -59 59 -61 -62 -63
leaf_value=-0.32301269607212912 0.031671077327925554 -0.44412664184354272 7.7939407826815108 -0.34602541000861864 -0.14662215943096088 26.653011049580307 19.869473531728428 -0.29465620107370444 0.28204232718540184 21.782015858481916 -0.23546185380885479 1.0559310742107857 -1.0438613641929781 1.0690047373917233 -0.93440305860892514 -0.18760953753304133 -0.35264690645939256 0.023741090767587954 0.0026264112780664739 20.491675279407591 -0.017676171640876016 3.1991172000039021 0.2201148967556627 -0.32107392193549217 -0.15426841218699769 0.18728347921618785 9.3575557321323863 14.566256885786641 -2.8226402787967708 12.859708928947784 -7.8396662624670892 5.1490375164761737 -0.0040354842154164319 -3.8794768089568787 -0.44509519351924587 0.0133403093777099 0.051686742777745438 0.0611821796991237 -0.40011314128480729 0.93782236874665537 -5.2927659645035057 -0.11595305252047559 0.64089511588249481 0.18210480305696689 -5.2790193066669229 -5.9360209741584091 -3.1895102584466257 6.0469329229997673 0.11602020302858917 21.681611345962228 -0.41372210314825902 -0.21361770425417195 0.0083994834426071203 -0.43641655970950283 0.0064973148263055688 -3.4727672641059937 2.04801579094174 0.069744765248506049 0.058034120980888629 0.005273020308169318 -0.96308001961055312 -0.0055213101136419238
leaf_weight=1304 86 163 21 31 45 115 29 392 22 169 190 28 53 24 89 36 34 43 36 55 42 61 35 31 44 28 91 26 47 128 48 134 389 26 42 25 86 22 36 28 31 28 44 20 24 27 69 27 55 57 472 54 260 34 73 38 32 79 47 186 71 944
leaf_count=1304 86 163 21 31 45 115 29 392 22 169 190 28 53 24 89 36 34 43 36 55 42 61 35 31 44 28 91 26 47 128 48 134 389 26 42 25 86 22 36 28 31 28 44 20 24 27 69 27 55 57 472 54 260 34 73 38 32 79 47 186 71 944
internal_value=-0.00276145 -0.0118108 0.00036232 -0.000379787 0.00111728 0.0044273 -0.00239399 -0.00429603 -0.00610293 0.00846946 -0.00400121 -0.000949106 -0.000840246 -0.00639986 -0.00748512 -0.00666907 -0.00283262 -0.00119252 0.000446817 0.00591943 0.000242756 0.000453549 0.00227848 -0.000186214 -0.00485804 0.00190431 0.0041389 -0.000729834 0.000229096 0.00269381 -5.23789e-05 0.00196046 -0.000324878 0.00679429 0.00203419 -0.00375559 -0.000160619 -0.00680782 -0.00253012 0.0074415 -0.00512476 0.00195801 0.00697261 -0.000421217 -0.000446587 -0.00625181 -0.00122896 -0.00235569 -0.00164734 0.00270604 -0.00292544 -0.00434836 0.000865604 -0.00253146 -0.000112045 -0.000741504 -0.00380884 0.000570391 0.00344121 0.00468468 -0.000704456 -0.000306786
internal_weight=7006 1798 5208 4771 2736 460 2035 914 577 437 494 218 1121 276 252 555 163 337 2276 268 2212 2143 71 306 95 211 213 78 2082 383 229 182 1699 154 345 67 168 92 58 64 52 481 135 64 1068 69 1218 750 681 154 527 82 395 135 107 97 70 468 278 233 1039 968
internal_count=7006 1798 5208 4771 2736 460 2035 914 577 437 494 218 1121 276 252 555 163 337 2276 268 2212 2143 71 306 95 211 213 78 2082 383 229 182 1699 154 345 67 168 92 58 64 52 481 135 64 1068 69 1218 750 681 154 527 82 395 135 107 97 70 468 278 233 1039 968
is_linear=0
shrinkage=0.03


Tree=125
num_leaves=63
num_cat=0
split_feature=55 10 55 34 55 10 34 56 16 56 55 61 60 19 31 23 69 26 11 46 10 1 31 55 52 10 34 15 38 44 0 61 55 58 25 15 47 56 48 40 25 45 43 43 44 40 64 64 69 44 63 64 19 45 16 11 28 45 43 64 62 63
split_gain=217.851 45.6546 32.7623 16.2171 7.22805 8.42423 6.62951 5.53853 6.78913 5.06567 4.90568 4.43155 4.27218 5.28839 4.14874 3.94859 3.45451 4.81874 3.90289 4.11719 3.43838 3.4552 3.33228 3.43759 4.71511 3.24728 3.45188 3.14138 3.11328 3.10327 4.95528 2.94374 2.89349 2.88707 3.2679 3.37919 2.88455 3.06674 3.57406 2.85002 3.46895 2.69029 3.31827 2.93777 3.21507 2.6264 2.62513 4.47357 3.69981 2.59832 2.54925 2.48289 2.48157 2.47197 3.31747 2.47117 2.46296 2.40475 2.31064 2.2776 2.26982 2.52891
threshold=18.500000000000004 0.74305326206722599 10138.000000000002 0.40207716452673742 6421.0000000000009 0.74305326206722599 -2.9543167547537368 5553.5000000000009 5273.5000000000009 7957.0000000000009 11042.500000000002 1421.5000000000002 3409.5000000000005 -3.4749999999999996 50.926151871484329 51.345223000000011 106843.00000000001 59.433645770833344 109362.50000000001 32493.125000000004 0.87900005428953576 20.675000000000001 48.961081337730668 2913.5000000000005 751.50000000000011 0.56392291514228221 0.30330622150294678 4830.1685052305847 15278.770833333336 31789.500000000004 96670.500000000015 1572.5000000000002 10.500000000000002 2450.2708333333335 81.008495500000024 5805.6069650499603 215.50000000000003 1446.0000000000002 226.50000000000003 36677.000000000007 81.533825000000022 32477.500000000004 27897.500000000004 29836.500000000004 30507.500000000004 33029.000000000007 859.50000000000011 1181.5000000000002 138171.00000000003 27793.500000000004 951.50000000000011 3294.0000000000005 0.62500000000000011 32602.500000000004 1609.0000000000002 87004.000000000015 -4.2463999999999933 29338.500000000004 29275.500000000004 2383.5000000000005 2512.2708333333339 3594.5000000000005
decision_type=2 2 2 2 2 2 2 2 2 2 2 2 2 2 2 2 2 2 2 2 2 2 2 2 2 2 2 2 2 2 2 2 2 2 2 2 2 2 2 2 2 2 2 2 2 2 2 2 2 2 2 2 2 2 2 2 2 2 2 2 2 2
left_child=1 -1 3 4 6 9 28 12 29 -6 25 27 16 -14 15 -13 22 -18 -19 31 21 32 -8 24 -24 26 49 -5 -2 59 -31 -20 -3 34 35 -15 51 58 -39 -29 50 42 -11 -44 -45 -28 57 -48 -49 -4 -41 -26 -22 -43 -55 -25 -7 -16 -38 -9 61 -32
right_child=2 20 10 11 5 56 7 8 -10 41 -12 14 13 33 46 -17 17 18 19 -21 52 -23 23 55 36 -27 45 39 -30 30 60 -33 -34 -35 -36 -37 37 38 -40 40 -42 53 43 44 -46 -47 47 48 -50 -51 -52 -53 -54 54 -56 -57 -58 -59 -60 -61 -62 -63
leaf_value=-0.31332231518996523 28.031299081031776 -0.43454699642229516 -1.2157358129962994 0.033895735879177505 8.5052008631314315 23.767510921844796 -0.72198735978552564 -4.6762545008301908 26.313898363385906 6.0521207046293872 22.441561388833104 6.125881980902288 0.47705808704675096 -0.13158528961616761 0.50193723805144219 -1.5016013855784711 0.023131260351681709 -0.11228513258891297 0.013773940493455842 0.046820074276217802 -0.96691531414229526 0.10452446032804871 -0.020366550782614217 -0.73573548900527841 -0.033261118070706669 19.958488030903535 -10.932658446300456 -0.31478846961420459 -0.37366159002703853 13.310723329795909 0.99141845255347905 -0.37647913421101986 -0.11336757530942441 -0.27871312195016384 -0.33041358973436202 0.26118130836321435 0.0090544466521964573 9.9099561466787147 -1.5228294448378279 -0.2723955086778535 -0.23744271165407341 8.7438266866277079 -8.6389235157898288 5.608378045881536 -1.9595791273776466 3.4584691424389802 -0.50887169735390458 -0.24448062912726659 0.63422706346667534 12.02769575300521 0.26495060169355522 0.014359133042407421 -0.088603323669012746 -4.3572671293736676 7.3075564428538291 11.322518231416451 5.5959828563592415 -0.17847154033711135 0.010911417530719589 -1.5313219056974139 -8.990409737520821 -5.6432356983371141
leaf_weight=1304 67 94 20 80 296 106 44 109 24 34 135 32 37 24 20 48 28 217 32 65 77 30 163 20 125 59 20 117 24 38 74 23 56 146 38 28 172 54 73 73 60 44 51 30 101 110 104 795 72 93 132 85 237 27 26 73 22 193 309 143 23 50
leaf_count=1304 67 94 20 80 296 106 44 109 24 34 135 32 37 24 20 48 28 217 32 65 77 30 163 20 125 59 20 117 24 38 74 23 56 146 38 28 172 54 73 73 60 44 51 30 101 110 104 795 72 93 132 85 237 27 26 73 22 193 309 143 23 50
internal_value=-0.0027743 -0.0117774 0.000333519 -0.000386074 0.000930019 0.00351648 0.000102682 -0.000221912 -0.00314899 0.00203907 0.00819492 -0.00270958 0.000544958 -0.00290004 -0.00362867 0.0029588 0.00118131 -0.00134758 -0.00234945 0.00197336 -0.00400121 -0.0073126 0.00200966 0.00234336 0.00181633 0.00604767 0.00449198 -0.000188271 0.00803513 -0.00400824 -0.00103728 -0.00402904 -0.00917388 -0.00456163 -0.000299667 0.00454894 0.00274661 0.00379378 -0.000330448 -0.00132688 0.00038476 -0.000613223 -0.00248496 -0.00410214 -0.00169336 0.0011299 -0.00407651 -0.00473896 -0.00402722 0.00832891 0.00225256 -0.000271299 -0.00209169 0.00352214 -0.00079096 0.00786251 0.0105152 -0.00104176 0.0048888 -0.00617612 -0.00354861 -0.00190975
internal_weight=7006 1798 5208 4771 3045 737 2308 2217 461 609 437 1726 1756 273 1264 80 1483 365 337 120 494 180 1118 1074 981 302 243 462 91 437 185 55 150 236 90 52 818 608 127 382 265 313 216 182 131 130 1184 971 867 113 205 210 314 97 53 93 128 213 481 252 147 124
internal_count=7006 1798 5208 4771 3045 737 2308 2217 461 609 437 1726 1756 273 1264 80 1483 365 337 120 494 180 1118 1074 981 302 243 462 91 437 185 55 150 236 90 52 818 608 127 382 265 313 216 182 131 130 1184 971 867 113 205 210 314 97 53 93 128 213 481 252 147 124
is_linear=0
shrinkage=0.03


Tree=126
num_leaves=63
num_cat=0
split_feature=55 10 55 34 55 34 4 15 49 4 15 56 26 4 61 31 1 32 18 50 16 17 54 69 42 63 56 4 31 55 69 17 51 16 26 5 33 22 15 22 61 61 28 43 55 66 26 32 15 55 36 47 66 65 69 24 65 24 12 40 15 52
split_gain=213.645 45.0826 30.4368 17.7852 7.83846 5.97802 6.30495 5.0002 5.5819 4.65508 4.64892 4.02164 3.88787 3.88628 3.78739 3.97666 3.67085 3.63365 4.97229 3.55818 4.02508 3.27946 3.26277 3.18662 3.83279 3.36552 3.82658 3.07578 3.00925 2.98768 2.84539 2.77774 2.81916 2.70931 2.86106 2.65868 2.74828 2.84488 2.96614 2.65516 2.65341 3.0432 3.10236 2.49254 2.4107 2.40796 2.87871 2.71294 2.38775 2.96872 2.81215 2.46625 2.36589 2.34207 2.28283 2.28089 2.91622 2.41358 2.23004 2.75463 2.24116 2.19244
threshold=17.500000000000004 0.74305326206722599 10477.000000000002 0.40207716452673742 7805.0000000000009 -2.0390563537146487 12.500000000000002 5255.6446674432145 224.50000000000003 17.500000000000004 10660.3282228603 6892.5000000000009 71.968209270833356 10.500000000000002 1052.5000000000002 51.180157053732493 20.675000000000001 57.492345072153064 13.975000000000001 118.27083333333336 381.50000000000006 -0.72499999999999987 746.33333333333337 84690.500000000015 34417.625000000007 5042.0000000000009 5814.5000000000009 18.500000000000004 46.250058175644753 11105.000000000002 119174.00000000001 27.125000000000004 2744.5000000000005 3705.0000000000005 69.718724000000023 1.5000000000000002 3.720585547210701 0.50000000000000033 4625.9161592216087 -0.149999999999999 4886.5000000000009 3123.0000000000005 1.0002130000000025 29907.500000000004 10.500000000000002 1287.3541666666667 67.243387791666677 66.398678735085625 4812.7926346519716 7044.5000000000009 12782.000000000002 221.50000000000003 2316.5416666666674 6168.0000000000009 89705.500000000015 72.120325000000022 3099.5000000000005 67.25481400000001 108101.50000000001 48211.500000000007 8024.4056031949412 1153.5000000000002
decision_type=2 2 2 2 2 2 2 2 2 2 2 2 2 2 2 2 2 2 2 2 2 2 2 2 2 2 2 2 2 2 2 2 2 2 2 2 2 2 2 2 2 2 2 2 2 2 2 2 2 2 2 2 2 2 2 2 2 2 2 2 2 2
left_child=1 -1 3 4 5 6 -2 19 12 -6 23 -11 21 16 48 28 44 18 -14 -7 35 -9 -8 -10 -25 58 30 -19 -16 53 -27 32 -17 40 -35 -21 37 38 -37 -15 41 42 -12 54 -3 47 -47 -45 61 51 52 -50 -51 -4 -13 56 57 -23 59 60 -26 -5
right_child=2 13 29 14 9 7 22 8 10 11 33 43 17 39 15 31 -18 27 -20 20 -22 55 -24 24 25 26 -28 -29 -30 -31 -32 -33 -34 34 -36 36 -38 -39 -40 -41 -42 -43 -44 45 -46 46 -48 -49 49 50 -52 -53 -54 -55 -56 -57 -58 -59 -60 -61 -62 -63
leaf_value=-0.31207159421563974 -0.41152946333257312 -0.42151058652962631 11.303983542348131 0.045529989703028517 14.198360478229933 -2.822825389972222 -0.34758754289221538 -0.0086478555279400904 0.028977077195667708 16.252594605884202 -0.47425447661865605 2.7109951558001284 0.013491613307080427 -0.63787564936526364 -2.0561995886156184 -0.26202509739657381 0.10138872651820718 0.034167440375763469 -0.42914414493019565 0.018397406105488123 -0.28660944757025031 0.0048892577617205826 23.85272533992902 -0.35219395109829266 0.0093588091548211412 -0.26432668131215609 -7.9662569411921549 -2.4169796572143967 2.4771615402676708 23.61631634147351 0.038715557884158008 -0.14811245575444248 0.44224419433457118 23.411217856070728 -0.4514079248067901 0.022856591082176525 -0.1611557735059112 -1.5670910995115901 -0.019235148510911893 0.025900012844591334 6.0736765401443149 -0.35030293328195744 0.00065206707627030625 -2.5394077077200792 -0.13198291862814537 -0.28833652037591034 8.1731587092779403 4.2911974943980251 0.0034796024840166593 5.3445715273959102 8.496510359641178 -0.15545700233294735 -9.0883185758189207 -1.2290054848772889 -6.2050495513534765 0.03089070061010158 0.046232908643193828 -0.26469044091339966 2.1792565318424839 -0.30659896160784156 0.17276366467718804 -0.013908400654872786
leaf_weight=1257 33 94 170 37 187 43 37 34 85 74 146 31 65 124 31 999 30 214 117 85 184 38 140 72 168 59 32 23 90 118 22 280 35 20 69 74 36 71 98 179 39 68 123 46 50 50 69 26 93 23 62 112 25 23 35 185 37 22 51 37 108 21
leaf_count=1257 33 94 170 37 187 43 37 34 85 74 146 31 65 124 31 999 30 214 117 85 184 38 140 72 168 59 32 23 90 118 22 280 35 20 69 74 36 71 98 179 39 68 123 46 50 50 69 26 93 23 62 112 25 23 35 185 37 22 51 37 108 21
internal_value=-0.00271435 -0.0118488 0.000289638 -0.000280583 0.00107894 0.000414406 0.00526892 -4.94825e-06 0.000767134 0.00445281 -0.000584114 0.00230142 0.00279146 -0.00398659 -0.00265306 -0.00335308 -0.00756462 0.000887616 -0.00228995 -0.00240568 -0.00174603 0.00530528 0.00752117 0.00108343 0.000240393 0.00121987 -0.00328912 0.00334036 0.0018332 0.00939248 0.000147965 -0.00383304 -0.00455178 -0.0028639 0.00181818 7.41555e-05 -0.00133286 -0.000172768 0.00190006 -0.00192016 -0.00398032 -0.00484129 -0.00338907 0.000513419 -0.00955586 0.0022606 0.00488665 -0.00203883 3.2163e-05 -0.000990162 0.00297003 -0.00313018 -0.00243243 0.00705334 -0.00449319 0.00637008 0.00259526 -0.00144759 0.0026284 0.0016672 0.00270554 0.00562823
internal_weight=7006 1734 5272 4961 3153 2635 210 2425 1834 518 1099 331 735 477 1808 1435 174 419 182 591 548 316 177 634 549 477 113 237 121 311 81 1314 1034 465 89 364 279 243 172 303 376 337 269 257 144 191 119 72 373 315 110 205 48 193 66 282 97 60 364 313 276 58
internal_count=7006 1734 5272 4961 3153 2635 210 2425 1834 518 1099 331 735 477 1808 1435 174 419 182 591 548 316 177 634 549 477 113 237 121 311 81 1314 1034 465 89 364 279 243 172 303 376 337 269 257 144 191 119 72 373 315 110 205 48 193 66 282 97 60 364 313 276 58
is_linear=0
shrinkage=0.03


Tree=127
num_leaves=63
num_cat=0
split_feature=55 10 55 34 55 4 34 56 48 55 59 55 69 21 4 62 27 24 49 58 35 50 52 45 57 46 24 15 46 22 57 7 20 62 66 48 15 53 46 11 59 37 40 55 56 17 59 61 55 49 35 13 54 0 22 22 34 45 15 52 22 49
split_gain=211.631 46.137 29.371 15.792 6.41132 7.70305 5.47489 5.38833 4.70345 4.64339 4.60885 4.53111 4.17076 3.91568 3.78616 4.36661 3.77744 3.60023 4.27723 3.54637 3.42515 3.5714 3.38642 3.33956 3.28124 3.24929 3.18831 3.11715 2.94707 2.94105 2.93319 3.77297 3.2056 3.01082 3.08797 2.99671 2.96237 2.85769 2.80974 3.19297 2.7504 2.60086 3.88672 3.37382 4.12099 2.73866 3.17996 2.58703 2.57328 2.57118 2.56136 3.00923 2.94753 3.80167 2.46078 3.67124 3.24736 3.37528 2.44468 2.44148 2.43499 2.29837
threshold=17.500000000000004 0.74305326206722599 10138.000000000002 0.40207716452673742 5959.0000000000009 15.500000000000002 -2.9543167547537368 6621.5000000000009 228.50000000000003 95.500000000000014 4962.5000000000009 11042.500000000002 106843.00000000001 2.1629863271716872 10.500000000000002 2147.479166666667 11.834496649738256 72.484355000000008 182.50000000000003 3417.2708333333335 13788.500000000002 304.54166666666669 774.50000000000011 32477.500000000004 1707.0000000000002 31298.770833333336 86.227727500000015 5150.2865322382249 33578.895833333336 1.4000000000000015 625.00000000000011 8.5000000000000018 5.3593750000000009 2330.1041666666674 935.39583333333337 2381.0000000000005 11092.539306546432 2321.0000000000005 33853.208333333336 93953.500000000015 2062.0000000000005 22563.000000000004 50314.000000000007 1536.5000000000002 3780.0000000000005 17.275000000000002 2350.5000000000005 1008.5000000000001 10755.000000000002 834.50000000000011 10743.500000000002 85931.500000000015 1777.6875000000002 133995.50000000003 0.69999999999999984 0.050000000000002494 -1.0684926574663505 28963.000000000004 15107.646397056089 836.50000000000011 -0.149999999999999 784.00000000000011
decision_type=2 2 2 2 2 2 2 2 2 2 2 2 2 2 2 2 2 2 2 2 2 2 2 2 2 2 2 2 2 2 2 2 2 2 2 2 2 2 2 2 2 2 2 2 2 2 2 2 2 2 2 2 2 2 2 2 2 2 2 2 2 2
left_child=1 -1 3 4 6 29 16 28 38 12 17 19 22 -9 15 -3 40 37 -19 -4 -14 27 -8 50 54 48 -17 -22 -7 -6 31 32 -10 34 36 -33 -32 -11 39 -5 -2 42 43 44 45 46 -20 -43 -21 -27 59 -52 -53 -54 55 56 57 -24 -51 -15 -16 -58
right_child=2 14 11 8 5 7 9 13 30 10 -12 -13 20 23 60 26 -18 18 41 25 21 -23 24 -25 -26 49 -28 -29 -30 -31 33 35 -34 -35 -36 -37 -38 -39 -40 -41 -42 47 -44 -45 -46 -47 -48 -49 -50 58 51 52 53 -55 -56 -57 61 -59 -60 -61 -62 -63
leaf_value=-0.30270944638917058 -1.2403724180367939 -0.32222969793575013 24.897382895449226 -0.12361353369839345 8.7930696697417439 12.984679984411208 -0.0065899793701275295 7.0711178255789759 0.13923809500047149 -0.61242899328170308 -0.24375277678894469 21.309448145023396 -0.44721993734800441 -1.7702886061408434 -0.61873937988430605 -0.78966560971816713 28.213598846275243 12.569770797868719 12.261704005283768 -1.0298189433372682 -0.0093440292374117814 -0.046226976124832786 -0.19506941057263757 4.1540892007081993 -8.6388872955299227 8.6782567099073642 0.15273573932498116 0.019849473603416837 -0.70273531548842583 23.771149131571345 5.4955221821400322 -0.2738632972688152 -0.086577082110327636 0.11292559093728356 -0.66869165092817651 0.024326804204622972 -0.61390395139746257 0.48236318347954921 -0.49399648041491989 0.019762210730393904 31.591955726357615 -5.3536512171690083 3.1069197892561804 1.8250413509191137 -8.7918317276639506 -2.2262872917229446 -0.31113672509687434 0.012637192110877179 9.8544175381287822 -2.6136559708824278 -6.3060709318129646 0.1789517781260565 -4.5028222775452464 6.318070775816663 17.386422021606986 -0.054853249281687222 0.010996261095592813 0.0053850994549100939 9.5498753670156198 16.994896207931447 0.025123012459253597 -0.0075384940118037131
leaf_weight=1257 20 105 39 323 39 176 151 48 31 415 39 135 29 22 124 25 48 85 42 79 44 172 23 116 20 81 44 50 37 119 33 282 88 198 508 31 65 25 22 166 22 55 49 177 46 34 28 43 30 31 48 133 61 22 26 58 420 94 42 20 179 32
leaf_count=1257 20 105 39 323 39 176 151 48 31 415 39 135 29 22 124 25 48 85 42 79 44 172 23 116 20 81 44 50 37 119 33 282 88 198 508 31 65 25 22 166 22 55 49 177 46 34 28 43 30 31 48 133 61 22 26 58 420 94 42 20 179 32
internal_value=-0.00272291 -0.0118142 0.000266877 -0.000405783 0.000883067 0.00311735 4.53918e-05 0.00173035 -0.00268559 -0.000255899 -0.00170215 0.00771448 0.00108301 -5.74346e-05 -0.00386083 -0.0073923 0.0072919 -0.00130317 0.000289751 0.00565045 -0.00197221 -0.000890643 0.00218056 -0.000987918 0.00309315 0.00437856 -0.00147612 0.00379384 0.00568747 0.00908918 -0.00368659 -0.00568618 -0.00110831 -0.00260788 -0.00365781 -0.00741616 0.00119266 -0.00333333 -0.000258266 0.000208546 0.00064133 -0.000816283 0.000311087 -0.000862122 -0.00417722 -0.000835735 0.00252496 -0.0051682 0.000384968 0.00718365 -0.00263639 -0.00373722 -0.00220731 -0.0066426 0.00346348 0.00308085 0.00381655 -0.000614859 0.00303694 0.00420428 -0.00182118 0.00497014
internal_weight=7006 1734 5272 4835 3088 841 2247 683 1747 2157 1038 437 1119 470 477 174 90 999 559 302 295 266 824 422 673 263 69 94 213 158 1236 432 119 804 606 313 98 440 511 489 42 474 376 327 150 104 70 98 109 154 306 264 216 83 653 627 569 117 73 42 303 452
internal_count=7006 1734 5272 4835 3088 841 2247 683 1747 2157 1038 437 1119 470 477 174 90 999 559 302 295 266 824 422 673 263 69 94 213 158 1236 432 119 804 606 313 98 440 511 489 42 474 376 327 150 104 70 98 109 154 306 264 216 83 653 627 569 117 73 42 303 452
is_linear=0
shrinkage=0.03


Tree=128
num_leaves=63
num_cat=0
split_feature=55 10 55 61 16 57 7 55 4 4 55 16 52 4 60 56 14 3 66 4 56 65 66 1 19 53 55 22 57 35 13 24 4 24 26 47 48 33 33 61 37 67 26 23 57 6 25 19 59 28 41 55 65 60 66 25 22 25 22 37 43 67
split_gain=207.22 45.6634 28.8281 13.5073 6.35272 6.23228 5.40757 4.3609 5.87306 4.67699 7.51571 5.76193 4.0534 3.92334 3.88729 3.82449 3.68139 5.5068 3.67094 3.58815 3.54087 4.79285 3.79628 3.53929 3.45774 4.15238 3.43308 3.36732 3.32905 3.15879 3.11504 3.16579 3.09554 3.36949 2.98616 2.98225 3.34136 2.80498 2.77745 2.7026 2.90652 3.16651 2.56623 3.69727 2.55336 2.55158 2.52072 2.51598 2.55752 2.48425 2.4633 2.44198 2.93544 2.40925 2.36198 3.17903 2.71197 2.52847 2.34913 2.32794 2.32103 2.27275
threshold=17.500000000000004 0.74305326206722599 10477.000000000002 1616.0000000000002 5561.5000000000009 625.00000000000011 9.5000000000000018 8342.5000000000018 17.500000000000004 14.500000000000002 3073.5000000000005 534.50000000000011 1596.5000000000002 10.500000000000002 4831.0000000000009 10529.000000000002 84403.416666666686 54.707902205546667 8081.3125000000009 19.500000000000004 8213.0000000000018 4526.5000000000009 2594.604166666667 20.675000000000001 23.375000000000004 1269.5000000000002 5959.0000000000009 1.9250000000000009 2522.0000000000005 12320.000000000002 114851.50000000001 83.285052000000022 9.5000000000000018 87.11200700000002 85.074108666666675 243.50000000000003 314.50000000000006 4.5620146876765064 1.9041409504521238 3164.5000000000005 20629.500000000004 81059.000000000015 65.218555333333356 40.3230225 4955.0000000000009 8.5000000000000018 67.746745000000018 0.62500000000000011 2586.5000000000005 -6.2059609999999941 45693.500000000007 11292.000000000002 6168.0000000000009 4319.5000000000009 6488.3958333333339 74.07632000000001 -0.82499999999999918 61.854152000000006 1.2500000000000011 15581.000000000002 32949.500000000007 113823.50000000001
decision_type=2 2 2 2 2 2 2 2 2 2 2 2 2 2 2 2 2 2 2 2 2 2 2 2 2 2 2 2 2 2 2 2 2 2 2 2 2 2 2 2 2 2 2 2 2 2 2 2 2 2 2 2 2 2 2 2 2 2 2 2 2 2
left_child=1 -1 3 4 7 6 14 9 -9 10 11 16 30 23 19 37 34 -18 20 29 21 26 -22 -3 25 -13 49 42 -23 -5 39 53 33 -19 -2 36 -30 -10 -12 40 41 -8 43 -7 -45 -44 59 -15 -49 -11 -29 52 -4 -32 55 57 -57 -31 -6 -14 -28 -35
right_child=2 13 51 5 58 27 12 8 15 18 38 24 46 47 -16 -17 17 32 -20 -21 22 28 -24 -25 -26 -27 60 50 35 54 31 -33 -34 61 -36 -37 -38 -39 -40 -41 -42 -43 45 44 -46 -47 -48 48 -50 -51 -52 -53 -54 -55 -56 56 -58 -59 -60 -61 -62 -63
leaf_value=-0.2936281629974955 0.015352917529582939 -0.34818380221418493 11.39047006488463 -0.09748113516417159 6.1693343823996658 0.11938694951308178 -0.52222959258455648 13.494586963678429 5.3431690237460856 -1.1907173416121712 -0.31524415444934673 -0.30318623160446639 -0.23705407529353331 -1.2518822104622069 -0.21277059254427058 -7.1248895351690953 -0.3099411141275985 0.00021076293055285688 9.0735822294258188 -0.50332231761648494 -3.535152828468608 3.4242067706016406 -0.29659002794806838 0.093764992542911471 -4.1824663096549779 0.10216727176949753 5.3034175706838864 20.138626579598366 -0.83390749128727515 -0.01831335618979615 0.004567901021509186 -0.36674804664941546 0.21290954696198439 0.010458309013354351 -0.10966411956918311 -3.5533096344398993 10.748431413107769 -3.3226971252466089 27.265216481950187 -0.27169881219717962 -0.48844231387883602 0.017818135864689919 0.037934908927222462 -0.4999608234907873 -6.4492946459072433 -0.78557577586082494 -0.35841821348878472 -0.27153979468866762 9.4870323601756539 0.046818252002188955 -1.7346249711018709 26.485276705563237 -1.2672775649848336 0.73359443393979007 0.1045953649919284 0.053506692296863979 -0.2258426328165985 0.073122492844726203 22.184768031508764 -0.0036970036364341926 -0.29947126736335122 -0.011044185417754307
leaf_weight=1257 141 144 203 39 31 104 22 163 146 38 21 251 44 72 37 26 47 434 40 40 114 37 100 30 36 201 105 52 56 28 41 20 39 125 20 116 28 24 86 184 25 59 833 125 72 100 161 206 25 136 24 84 24 24 54 32 67 59 44 50 37 23
leaf_count=1257 141 144 203 39 31 104 22 163 146 38 21 251 44 72 37 26 47 434 40 40 114 37 100 30 36 201 105 52 56 28 41 20 39 125 20 116 28 24 86 184 25 59 833 125 72 100 161 206 25 136 24 84 24 24 54 32 67 59 44 50 37 23
internal_value=-0.00271435 -0.0117104 0.000244115 -0.000310818 0.00114142 -0.00199774 -0.00379982 0.000890699 0.0039599 0.000395321 0.00143038 0.000806317 -0.00547056 -0.00379795 -0.000834035 0.000443651 0.00233024 0.00134261 -0.00142733 0.000225635 -0.00189284 -0.000618333 -0.00517048 -0.0073923 -0.00177628 -0.00105508 0.00179374 -0.000638883 -0.00384648 0.00144034 -0.00347107 0.00155112 0.00209628 0.00154097 0.00640596 -0.00538231 -0.00103448 0.00209877 0.00907563 -0.00495346 -0.00110273 0.00162762 -0.00101856 -0.00342743 -0.00584475 -0.000237917 -0.00839671 -0.0017222 -0.00018174 -0.00101666 0.00547963 0.00910318 0.00745046 0.00479263 0.00273636 0.00111231 -0.00254289 0.00530425 0.009747 -0.00443146 0.00525686 0.00544902
internal_weight=7006 1734 5272 4961 2665 2296 986 2590 359 2231 1424 1317 630 477 356 196 829 668 807 319 767 553 214 174 488 452 316 1310 237 279 375 85 621 582 161 200 84 170 107 290 106 81 1234 301 197 933 255 303 231 174 76 311 227 65 240 186 99 87 75 94 142 148
internal_count=7006 1734 5272 4961 2665 2296 986 2590 359 2231 1424 1317 630 477 356 196 829 668 807 319 767 553 214 174 488 452 316 1310 237 279 375 85 621 582 161 200 84 170 107 290 106 81 1234 301 197 933 255 303 231 174 76 311 227 65 240 186 99 87 75 94 142 148
is_linear=0
shrinkage=0.03


Tree=129
num_leaves=63
num_cat=0
split_feature=55 10 55 61 57 22 44 5 63 19 16 43 16 37 43 55 15 10 43 22 13 40 55 49 34 16 69 55 40 41 15 56 63 68 22 36 21 28 34 0 67 25 5 27 68 21 0 69 34 53 23 10 32 42 15 20 47 2 16 55 65 61
split_gain=207.402 43.8273 27.9484 13.2399 6.1441 5.60386 4.77727 5.68815 4.36239 4.04344 4.53479 4.12973 3.84882 3.67293 3.6406 3.36005 3.54593 4.12954 3.31289 3.30914 4.81574 4.37082 3.82966 4.2107 3.60132 4.40105 3.59413 3.40352 3.38048 3.52384 3.25641 3.20418 3.17286 3.12136 3.07977 3.24934 2.95324 4.16632 2.93004 2.91492 3.10958 2.87575 2.8625 2.98301 3.67436 2.75728 3.11208 3.09583 3.10197 2.65828 2.69225 2.63765 2.61197 2.92722 2.60694 2.57537 2.79011 2.56101 2.55522 2.55335 2.85757 2.50565
threshold=17.500000000000004 0.74305326206722599 10477.000000000002 1826.5000000000002 625.00000000000011 1.9750000000000016 31789.500000000004 2.5000000000000004 1979.5000000000002 11.625000000000002 156.00000000000003 32009.500000000004 -2666.9999999999995 21467.500000000004 29223.500000000004 8.5000000000000018 13802.913836316633 0.87900005428953576 32429.500000000004 -0.32499999999999923 89315.000000000015 33322.000000000007 8342.5000000000018 811.00000000000011 -1.0684926574663505 -264.99999999999994 96109.500000000015 25.500000000000004 30379.000000000004 33529.000000000007 5127.8777898442577 10320.500000000002 3770.0000000000005 88616.500000000015 1.45 16106.500000000002 2.9098813412666034 0.64587199999999723 0.30330622150294678 82155.500000000015 85504.500000000015 75.845175000000026 1.5000000000000002 10.853961585163603 98102.500000000015 1.5261035388849338 104168.50000000001 92090.000000000015 -1.0121912546141691 1211.5000000000002 67.019027000000008 0.74305326206722599 60.237202269525277 39314.791666666679 5356.5873508065588 20.511458333333337 209.50000000000003 92.092512500000012 3058.5000000000005 11292.000000000002 6168.0000000000009 5339.5000000000009
decision_type=2 2 2 2 2 2 2 2 2 2 2 2 2 2 2 2 2 2 2 2 2 2 2 2 2 2 2 2 2 2 2 2 2 2 2 2 2 2 2 2 2 2 2 2 2 2 2 2 2 2 2 2 2 2 2 2 2 2 2 2 2 2
left_child=1 -1 3 5 9 19 7 8 -7 10 14 12 13 -11 -5 16 17 -3 -17 20 24 26 23 33 27 -26 28 -2 29 -21 -28 -24 -22 -23 42 -36 -30 -38 58 -40 -41 -29 43 -35 -45 -44 47 48 -47 -14 -51 -8 53 -49 -16 56 -9 -54 61 60 -4 -6
right_child=2 15 59 4 38 6 51 55 -10 11 -12 -13 49 -15 54 18 -18 -19 -20 21 32 22 31 -25 25 -27 30 41 36 -31 -32 -33 -34 34 35 -37 37 -39 39 40 -42 -43 45 44 -46 46 -48 52 -50 50 -52 -53 57 -55 -56 -57 -58 -59 -60 -61 -62 -63
leaf_value=-0.28481931810757061 0.0050804670121193498 -0.40788591707255428 11.048755962938067 -0.21416348587069037 -0.19442009408846089 -3.4315713433471817 -0.4723284623418203 -2.5547956578674165 5.7703016256651791 0.034894507585915197 -0.15594821124755356 -0.335911719935579 -0.37566855206745564 -0.27132787040924633 0.00017603913081622123 -0.20721870000546408 1.060056991412524 -0.46824902291281317 0.43850030383774097 0.027464127776529314 0.0059065223607997902 0.038421198004307065 7.7041283457763798 -0.34432051338958236 0.015674433208939218 0.020932021682747184 11.363809802904971 0.0039296845515309538 -2.0550339675670211 -10.084185840295104 -0.39391696595109804 -1.2931311081939929 -0.017634550710078703 3.007324208064424 -0.21604037956110117 10.720773284728056 -1.9144587050842983 0.044224441282971157 1.8434546807030141 -1.7102754498285908 -0.21765119483334955 -0.19312005513161301 0.021008812757897975 -1.043137273114445 0.026357465868359284 5.8320311051700946 -4.4886032149850879 -0.68333078972762218 -1.1151686875736369 -0.25726973201505532 0.01399919060702203 23.390353297077777 -0.34543444302243187 1.6960721426148302 0.055590350518946605 15.342768661270838 9.272224871690705 0.019829145119294986 7.5615298608855479 25.690718404396328 -1.2292592380353016 9.4054925741730937
leaf_weight=1257 28 81 203 22 342 40 20 22 32 79 328 148 55 34 83 154 24 171 47 115 225 142 207 184 188 134 27 31 56 39 22 40 150 92 40 57 88 21 47 26 634 23 120 27 47 28 118 30 112 60 53 92 75 86 63 25 58 28 81 84 24 37
leaf_count=1257 28 81 203 22 342 40 20 22 32 79 328 148 55 34 83 154 24 171 47 115 225 142 207 184 188 134 27 31 56 39 22 40 150 92 40 57 88 21 47 26 634 23 120 27 47 28 118 30 112 60 53 92 75 86 63 25 58 28 81 84 24 37
internal_value=-0.00267581 -0.0116758 0.000283948 -0.000262442 -0.00207782 0.00106026 0.00502248 0.00193111 -0.00453537 -0.00390444 -0.00204999 -0.00604055 -0.00388474 0.000371353 0.00194527 -0.00392371 -0.00607389 -0.00712812 -0.000954749 0.000615092 0.00224875 -8.9945e-05 0.000657316 -4.80567e-05 0.00452116 0.00595157 -0.00300733 -0.00105968 -0.00417424 -0.000953926 0.00452138 0.00405504 -0.000191949 0.000715497 3.13917e-05 0.00506694 -0.0071593 -0.00423465 -0.000627196 -0.00184132 -0.00235873 -0.00548983 -0.000605425 0.00287176 -0.00157895 -0.00157763 -0.00260323 -0.00120301 -0.00468951 -0.00676383 -0.00408488 0.00987511 0.00101324 0.00410853 0.00367556 0.00639391 0.00370787 -0.00244423 0.00123234 0.00900675 0.00731836 0.000189924
internal_weight=7006 1734 5272 4961 2092 2869 289 177 72 925 496 429 281 113 168 477 276 252 201 2580 779 1801 1433 1186 404 322 368 82 319 154 49 247 375 1002 860 97 165 109 1167 707 660 54 763 166 74 597 477 359 140 168 113 112 219 116 146 105 80 103 460 311 227 379
internal_count=7006 1734 5272 4961 2092 2869 289 177 72 925 496 429 281 113 168 477 276 252 201 2580 779 1801 1433 1186 404 322 368 82 319 154 49 247 375 1002 860 97 165 109 1167 707 660 54 763 166 74 597 477 359 140 168 113 112 219 116 146 105 80 103 460 311 227 379
is_linear=0
shrinkage=0.03


Tree=130
num_leaves=63
num_cat=0
split_feature=55 10 55 61 57 18 16 4 4 66 34 55 4 51 66 1 44 15 65 36 53 55 34 16 34 49 55 45 4 22 66 63 34 39 49 53 51 21 26 57 34 59 16 38 21 58 58 45 38 51 26 66 57 43 58 53 37 59 2 20 28 55
split_gain=207.447 43.7747 28.1295 13.2183 6.31476 5.54976 5.14567 5.13449 4.70149 4.29718 4.13619 6.6547 4.35151 4.10571 4.33564 3.83583 3.50132 6.09836 4.18855 3.79152 3.48466 4.2786 3.96098 5.17476 6.16013 5.29753 4.18796 3.76985 3.64531 3.39503 3.29861 3.27209 3.10341 3.10125 3.05152 3.87546 3.77192 3.47554 3.02337 3.00198 2.93004 3.06962 3.34118 3.08009 3.56372 3.7407 3.76408 3.03194 3.49916 2.91451 3.34922 2.85936 2.84305 2.63429 2.62719 2.60514 2.57778 2.97631 2.80332 2.57685 2.55873 2.55335
threshold=16.500000000000004 0.74305326206722599 10477.000000000002 1826.5000000000002 625.00000000000011 11.475000000000001 5273.5000000000009 19.500000000000004 10.500000000000002 6066.916666666667 0.14895914860584017 7805.0000000000009 15.500000000000002 1168.5000000000002 3371.4791666666674 20.675000000000001 29879.000000000004 5958.1068490423322 5217.5000000000009 16351.000000000002 663.50000000000011 2913.5000000000005 -2.0390563537146487 346.00000000000006 -0.97836012436839315 1339.5000000000002 23.500000000000004 32524.500000000004 12.500000000000002 1.5000000000000007 7511.9375000000009 3098.5000000000005 -0.091421741823594957 42336.000000000007 208.50000000000003 1277.5000000000002 1701.5000000000002 4.3791271940498202 71.737705958333351 2522.0000000000005 0.30330622150294678 4632.0000000000009 3058.5000000000005 16514.520833333339 1.833738624292538 2450.2708333333335 2875.3750000000005 30053.500000000004 11986.85416666667 1529.5000000000002 66.489010333333354 2012.2916666666667 19.500000000000004 29275.500000000004 3135.1250000000005 1174.5000000000002 13651.000000000002 791.50000000000011 85.336810000000014 18.018750000000001 1.4869970000000061 11292.000000000002
decision_type=2 2 2 2 2 2 2 2 2 2 2 2 2 2 2 2 2 2 2 2 2 2 2 2 2 2 2 2 2 2 2 2 2 2 2 2 2 2 2 2 2 2 2 2 2 2 2 2 2 2 2 2 2 2 2 2 2 2 2 2 2 2
left_child=1 -1 3 6 5 7 10 9 15 13 11 12 20 -5 -15 56 17 -7 19 33 21 -2 28 24 26 32 60 -28 -22 -8 39 -13 -26 -19 -25 -36 37 -37 -38 -14 41 42 43 44 -6 -46 -47 48 -48 50 -33 59 -12 -30 55 -11 57 -3 -59 -41 -24 -4
right_child=2 8 61 4 40 16 29 -9 -10 54 52 31 30 14 -16 -17 -18 18 -20 -21 22 -23 23 34 25 -27 27 -29 53 -31 -32 49 -34 -35 35 36 38 -39 -40 51 -42 -43 -44 -45 45 46 47 -49 -50 -51 -52 -53 -54 -55 -56 -57 -58 58 -60 -61 -62 -63
leaf_value=-0.28537043994130357 -0.074258855421568556 -0.3093846096300667 9.7442350350567892 -0.23323065875907761 -5.6490110349439124 -0.26493572547142691 4.5318661151014652 -0.28091188052404359 -0.26331823978194702 0.27535705184417991 0.013188526665255419 13.397978884574721 6.2844712467807788 -0.14392956750008182 0.061335653569976251 0.087482818709139917 -0.2542614089898525 0.0059338081976009959 -0.23968161709389327 -0.15075896526714228 -0.26649258607646154 10.274436021455235 -0.00047524041769593235 0.24772157741874309 0.010385591341147523 -0.20420939455209844 -0.13393373585972235 0.016347349789929879 9.3661176502720167 22.062752585051577 8.1027189828106021 -0.24416744597191153 0.018868110941797907 0.15744010652247434 -1.0540086645485554 4.7249926866685019 10.023577961965284 -1.18574496361216 -2.3729981509045865 3.3473483258646772 -0.21235504896542237 8.5762480056581101 5.9468337286883841 -4.6462165439680847 10.085403027141883 -5.4608044739821384 -6.6981706082687378 -1.248729422039969 18.119201542958908 -6.2705416216769843 23.018940835987468 -2.589445593674609 -0.15670624280363454 24.429549934008644 -0.11148006637595809 -0.015943763303925849 -0.36207025628097839 -0.49737121542176216 0.15755016583892056 -0.38410299781884077 0.0066016917309790557 24.919996852264457
leaf_weight=1212 149 35 227 144 22 54 66 107 296 60 158 125 26 37 72 28 278 57 21 25 20 28 34 67 342 34 79 32 30 50 36 58 61 32 119 103 20 21 49 28 707 66 76 89 59 41 21 43 43 25 65 233 692 75 24 25 58 22 25 52 39 84
leaf_count=1212 149 35 227 144 22 54 66 107 296 60 158 125 26 37 72 28 278 57 21 25 20 28 34 67 342 34 79 32 30 50 36 58 61 32 119 103 20 21 49 28 707 66 76 89 59 41 21 43 43 25 65 233 692 75 24 25 58 22 25 52 39 84
internal_value=-0.00264156 -0.0118471 0.000252716 -0.000289295 -0.00210261 -0.00393868 0.00101745 -0.00162439 -0.00400129 7.4565e-05 0.000759616 0.00152146 0.000812116 -0.00206243 0.00230981 -0.00801309 -0.00625562 -0.00307774 0.000310881 0.00260298 0.00163352 -0.0022699 0.00225047 0.00161684 0.00330382 0.00524365 -0.00128734 -0.0049685 0.00729017 0.0072093 -0.00203146 0.00586598 0.0062069 0.00552189 -0.00113954 -0.00239346 0.000217504 0.00336019 -0.0053835 -0.00295488 -0.000627196 0.00123234 0.000220756 -0.00112229 0.000707115 0.00194109 -0.000587441 0.00235294 0.00650546 0.00281567 0.00472786 -0.00377515 -0.00098459 0.00953378 0.00505958 0.00754407 -0.0100428 -0.0065408 -0.00152866 0.00108614 0.00426813 0.00900675
internal_weight=7006 1676 5330 5019 2103 936 2916 469 464 362 2800 1950 1677 253 109 168 467 189 135 114 1302 177 1125 1000 621 437 184 111 125 116 375 273 403 89 379 312 193 124 69 339 1167 460 394 318 229 207 148 107 64 148 123 313 850 105 109 85 140 82 47 80 73 311
internal_count=7006 1676 5330 5019 2103 936 2916 469 464 362 2800 1950 1677 253 109 168 467 189 135 114 1302 177 1125 1000 621 437 184 111 125 116 375 273 403 89 379 312 193 124 69 339 1167 460 394 318 229 207 148 107 64 148 123 313 850 105 109 85 140 82 47 80 73 311
is_linear=0
shrinkage=0.03


Tree=131
num_leaves=63
num_cat=0
split_feature=55 16 55 61 16 57 7 46 7 5 34 55 12 2 34 16 26 13 58 28 22 37 18 57 0 54 34 16 59 34 26 23 61 34 37 22 62 19 55 18 11 60 55 65 30 34 69 58 21 17 16 42 69 40 2 34 53 60 21 3 55 45
split_gain=207.149 32.1067 27.8412 12.1912 5.80058 5.24652 6.0134 4.49197 4.24194 4.54314 3.81579 6.15281 4.66617 4.07433 4.03845 4.16471 3.71652 3.80012 3.68187 3.651 3.34191 3.32051 4.0032 3.16028 3.13821 3.11291 2.89087 3.94868 4.07003 3.06485 3.44296 3.66559 2.80332 3.02207 3.19496 2.78442 3.20273 2.70782 2.63345 2.58988 3.26206 3.12597 2.55335 2.85757 2.5477 2.65635 2.54336 2.4997 2.47752 2.46798 2.69087 2.45107 2.32853 2.58206 3.15534 3.16733 3.03085 4.09178 3.06857 4.40058 2.71789 2.59057
threshold=16.500000000000004 1457.0000000000002 10477.000000000002 1616.0000000000002 5561.5000000000009 625.00000000000011 9.5000000000000018 33815.187500000007 24.500000000000004 2.5000000000000004 0.23341743882864566 7766.0000000000009 76903.500000000015 48.345931000000007 -0.95030863824556266 427.50000000000006 59.215402687500003 100580.00000000001 3475.3125000000005 2.256342999999998 -0.149999999999999 11459.500000000002 -3.9749999999999996 23.500000000000004 77490.500000000015 624.60416666666686 0.30330622150294678 3058.5000000000005 4632.0000000000009 -2.5190760021123206 85.898237666666674 54.67879150000001 3310.5000000000005 1.0142533795746689 20505.000000000004 0.25000000000000011 1171.6250000000002 17.075000000000006 10.500000000000002 -11.774999999999999 118501.00000000001 894.50000000000011 11292.000000000002 6168.0000000000009 50.960496864518333 1.1192923193292652 111118.00000000001 3392.4166666666674 3.1274693016349917 7.8250000000000002 1881.0000000000002 45895.500000000007 125395.50000000001 33772.500000000007 77.142712000000003 -1.0410041070796543 695.50000000000011 1489.5000000000002 3.9275060075339638 56.679289891806 2913.5000000000005 33710.500000000007
decision_type=2 2 2 2 2 2 2 2 2 2 2 2 2 2 2 2 2 2 2 2 2 2 2 2 2 2 2 2 2 2 2 2 2 2 2 2 2 2 2 2 2 2 2 2 2 2 2 2 2 2 2 2 2 2 2 2 2 2 2 2 2 2
left_child=1 -1 3 4 10 6 21 8 32 19 11 12 14 18 23 -16 17 37 -13 -10 38 -5 -23 -2 -22 -18 27 28 29 -7 31 -31 33 34 -8 36 -28 -14 -3 -27 52 -42 43 -4 45 -12 51 48 -11 -38 -51 -26 53 54 55 -41 57 60 61 -60 -55 -58
right_child=2 20 42 5 -6 26 7 -9 9 47 44 13 16 -15 15 -17 25 -19 -20 -21 24 22 -24 -25 46 39 35 -29 -30 30 -32 -33 -34 -35 -36 -37 49 -39 -40 40 41 -43 -44 -45 -46 -47 -48 -49 -50 50 -52 -53 -54 56 -56 -57 58 -59 59 -61 -62 -63
leaf_value=-0.27690006909303561 -0.10702177461655069 -0.44235413205145885 10.424966232998194 -0.26501412851261963 15.634027043008027 17.575625496670146 -0.0016310567757787451 0.28085855114100799 -0.14564938637982039 -0.22925558946022598 -3.2433738425769114 7.5143476465020278 0.022966978760684993 12.893398323284382 0.015959067974750381 -0.12751806649481451 -4.8653445946331653 1.0932355574292705 -2.7499746102199785 0.22259354023032951 -0.79889283456336924 -1.0646150009299986 0.009313401996434028 0.005461939015194232 -0.15943646882831217 -1.7847691318223133 -0.74910831527103716 7.7744858396858945 8.0737814870841298 3.1894418592536726 6.9353041084240363 -2.9786135872420538 -0.25838706518726196 -0.54680455686590745 -0.33060414532335092 -2.0724549170845208 -1.662259665135678 -0.021129312216984102 -0.017890447041302764 13.4718647230032 0.0011429089462310492 2.5835658843313194 24.172396946696526 -1.4847085119459915 -0.0045880600463240736 1.3501649915504503 -3.9192758190909518 -0.4375226567293094 0.033760004344253344 -0.015180015165256577 11.131858650587473 5.3498912724135703 -0.32786461615133183 -0.20194282845874717 -0.56382735344106172 -1.1501726147038061 0.018857893123458105 2.9167763007101892 13.773182783589954 -0.029354200166533138 4.5109648095977128 -0.052237275404823806
leaf_weight=1300 27 146 203 33 75 49 113 22 38 34 73 44 86 198 135 33 30 31 31 41 21 30 296 43 86 24 76 99 61 87 38 219 255 27 45 146 26 53 51 26 42 33 84 24 617 25 24 36 28 447 62 48 68 113 71 51 536 37 41 112 28 28
leaf_count=1300 27 146 203 33 75 49 113 22 38 34 73 44 86 198 135 33 30 31 31 41 21 30 296 43 86 24 76 99 61 87 38 219 255 27 45 146 26 53 51 26 42 33 84 24 617 25 24 36 28 447 62 48 68 113 71 51 536 37 41 112 28 28
internal_value=-0.00259445 -0.0117934 0.000297743 -0.000241478 0.00112205 -0.00184437 -0.00348362 -0.00522923 -0.00570734 -0.00176172 0.000886537 0.00158347 0.000890116 0.00575613 0.0047753 0.00729923 0.000231898 0.00439153 -0.000159787 0.00356511 -0.00406009 -0.000367586 0.000542778 -0.00124108 -0.00107203 -0.000336263 -0.000593084 0.00105225 -0.000125523 -0.00125159 -0.00225806 -0.00332244 -0.00728698 -0.00444084 -0.00282732 -0.00179897 -0.000903289 0.00224299 -0.00675799 -9.66862e-05 9.86426e-05 0.0061518 0.00900675 0.00731836 -0.000981681 -0.00547401 0.000360531 -0.00608563 -0.00236715 -7.849e-05 0.000377136 0.00199105 -0.000307803 4.02646e-05 -0.00362593 0.000544747 0.000650207 -0.00284672 0.0015228 -0.00223383 -0.00518781 0.00254742
internal_weight=7006 1676 5330 5019 2711 2308 998 639 617 177 2636 1921 1648 273 238 168 1410 170 75 79 376 359 326 70 179 1240 1310 553 454 393 344 306 440 185 158 757 611 139 197 1210 1186 75 311 227 715 98 158 98 62 535 509 134 1111 1043 148 77 895 178 717 153 141 564
internal_count=7006 1676 5330 5019 2711 2308 998 639 617 177 2636 1921 1648 273 238 168 1410 170 75 79 376 359 326 70 179 1240 1310 553 454 393 344 306 440 185 158 757 611 139 197 1210 1186 75 311 227 715 98 158 98 62 535 509 134 1111 1043 148 77 895 178 717 153 141 564
is_linear=0
shrinkage=0.03


Tree=132
num_leaves=63
num_cat=0
split_feature=55 10 55 34 55 4 49 15 56 4 20 20 59 48 34 16 16 30 59 62 56 26 34 41 48 47 53 48 49 55 28 45 60 58 25 33 30 49 31 45 54 56 3 50 12 58 60 44 36 62 35 55 25 59 66 17 26 46 62 16 25 30
split_gain=202.548 44.6248 27.5281 10.364 7.40945 6.89254 5.67289 6.0368 5.23756 4.58735 4.01289 3.93543 6.02324 3.80974 3.79461 3.60375 3.54127 3.34851 3.33909 3.57786 3.30103 3.26627 3.28298 3.26167 3.27777 3.20946 3.09148 3.57036 3.21556 3.01097 3.00615 5.1722 4.11602 2.73543 2.59566 2.99975 3.78761 3.1307 2.68035 2.61452 2.95144 2.59374 2.54272 3.23295 2.53888 2.51836 2.42827 3.18262 4.52957 3.5521 2.7986 2.94782 2.42357 2.41486 3.20331 2.55414 3.69375 2.40958 2.38871 2.30923 2.28231 3.18478
threshold=16.500000000000004 0.74305326206722599 10401.500000000002 0.40207716452673742 5959.0000000000009 14.500000000000002 332.50000000000006 5255.6446674432145 6621.5000000000009 10.500000000000002 20.205208333333339 11.055208333333335 507.00000000000006 228.50000000000003 -1.0905774303575766 3705.0000000000005 189.50000000000003 45.725954650865255 5178.0000000000009 1904.291666666667 6415.5000000000009 71.737705958333351 -2.9543167547537368 43379.000000000007 221.50000000000003 191.50000000000003 1575.5000000000002 621.50000000000011 224.50000000000003 11042.500000000002 0.51693950000000666 29861.500000000004 1819.5000000000002 3392.4166666666674 74.295685000000006 3.3885071363210471 53.512152399841483 719.50000000000011 50.926151871484329 32381.500000000004 1323.9166666666667 25.500000000000004 66.909935417343391 370.39583333333343 92883.000000000015 1565.4375000000002 278.50000000000006 29150.000000000004 11722.500000000002 1928.6458333333337 11941.500000000002 2164.5000000000005 70.75394750000001 3062.0000000000005 2063.0000000000005 1.0750000000000004 64.782460708333346 33578.895833333336 2330.1041666666674 -369.49999999999994 83.008610000000019 63.774949867853586
decision_type=2 2 2 2 2 2 2 2 2 2 2 2 2 2 2 2 2 2 2 2 2 2 2 2 2 2 2 2 2 2 2 2 2 2 2 2 2 2 2 2 2 2 2 2 2 2 2 2 2 2 2 2 2 2 2 2 2 2 2 2 2 2
left_child=1 -1 3 4 6 -6 7 16 57 11 20 -3 -13 23 -10 17 25 -16 19 -19 41 22 -9 24 30 -2 27 28 -24 33 45 -32 -33 -4 35 36 -15 42 -37 -39 -41 52 43 -38 -25 -5 -23 49 -49 -48 -50 -52 -8 54 -43 -55 -57 -7 -35 -27 61 -12
right_child=2 9 29 13 5 8 10 21 14 -11 60 12 -14 34 15 -17 -18 18 -20 -21 -22 46 26 44 -26 59 -28 -29 -30 -31 31 32 -34 58 -36 38 37 39 -40 40 -42 53 -44 -45 -46 -47 47 48 50 -51 51 -53 -54 55 -56 56 -58 -59 -60 -61 -62 -63
leaf_value=-0.26850232467027341 -0.17396268147930938 -0.37673842458563706 24.795824780816645 0.011697714736095238 34.189084541781121 13.336684912400969 0.0018022417676179002 28.39645355749877 8.1931304953933655 -0.25463109287272584 -0.21501487916649475 -0.2917960692683737 0.033020958055387836 -1.3179632701465016 8.090470408977362 7.5210709994833813 -0.39680166345583034 0.64804537912135851 7.7212313958573757 -2.8645488517087778 -5.5657953364422248 0.024221334988059163 0.010936011259870603 -0.087357479552128969 0.29697050415368947 0.00037138610933613593 0.18353057005901999 -0.33937374020605066 -0.017067808768723863 18.446044654549642 0.2331089165975001 0.012855617470026991 -0.60626553748502665 2.1921874530276546 -0.20562961877753594 0.48044497144520332 -0.19795695940918448 -0.097675634364619388 -0.60249753809504436 0.21708994541244997 -1.0546571237372711 1.0957743036887666 -0.38923104455206031 0.27102339289350508 0.063431843762936493 -0.88440087977545667 -1.1900219112572086 0.038556864758979292 -4.2278855562349484 0.011706908454200934 -0.011366779101943666 5.4377469004167871 -0.14430161889801049 20.203993865647181 -0.085877591174019469 -0.39400953129755811 0.035401657517069508 -0.39689518548404062 11.017608030345109 0.059915437786026579 -0.016278561630262461 -0.29309540977326143
leaf_weight=1212 49 50 28 30 46 207 84 33 76 296 97 51 67 87 34 81 142 159 22 226 83 69 253 57 48 157 64 32 89 135 75 46 34 126 356 30 106 252 125 21 86 40 20 185 113 124 61 50 30 52 234 83 82 51 169 21 47 40 58 34 122 69
leaf_count=1212 49 50 28 30 46 207 84 33 76 296 97 51 67 87 34 81 142 159 22 226 83 69 253 57 48 157 64 32 89 135 75 46 34 126 356 30 106 252 125 21 86 40 20 185 113 124 61 50 30 52 234 83 82 51 169 21 47 40 58 34 122 69
internal_value=-0.00269722 -0.0117934 0.000162661 -0.000405772 0.000620119 0.00294243 -0.000279483 0.000877732 0.00232162 -0.00387201 -0.00219859 -0.00783462 -0.00480102 -0.0022294 0.000797525 -0.000109174 -0.00234755 -0.00118341 -0.00194547 -0.00260192 -0.00074857 0.00205409 0.00391 -7.96813e-05 -0.00171381 -0.000112453 0.0032116 0.00215718 0.00306051 0.00833189 -0.00285345 7.73694e-05 -0.00520599 0.00606789 -0.00312042 -0.0022662 -0.00148197 -0.000711834 -0.0060735 -0.00262322 -0.00655462 0.000176078 0.00148505 0.00220543 0.00333333 -0.0058209 0.000538767 -0.000170555 0.00108789 -0.00461538 -0.000121003 0.000700095 -0.00287176 0.00172813 -0.000200861 0.00513854 0.00127753 0.00599757 0.0047094 0.00163265 -0.00509198 -0.00738712
internal_weight=7006 1676 5330 4983 3188 891 2297 1432 845 464 865 168 118 1795 598 522 382 441 407 385 577 1050 471 527 357 240 438 374 342 347 309 155 80 212 1268 912 757 670 155 359 107 494 311 291 170 154 579 510 397 113 347 317 166 328 209 119 68 247 184 191 288 166
internal_count=7006 1676 5330 4983 3188 891 2297 1432 845 464 865 168 118 1795 598 522 382 441 407 385 577 1050 471 527 357 240 438 374 342 347 309 155 80 212 1268 912 757 670 155 359 107 494 311 291 170 154 579 510 397 113 347 317 166 328 209 119 68 247 184 191 288 166
is_linear=0
shrinkage=0.03


Tree=133
num_leaves=63
num_cat=0
split_feature=56 57 58 34 10 38 7 54 50 29 16 7 56 37 57 44 26 49 20 11 34 19 31 16 54 34 29 65 56 25 20 29 14 48 27 7 14 23 58 7 64 14 38 22 27 27 7 27 7 48 63 31 29 35 16 23 23 24 57 13 66 13
split_gain=110.606 18.581 14.05 9.01494 8.80435 6.88781 6.69536 6.99662 5.18617 4.87412 4.83839 4.66638 7.35031 4.82399 4.37809 4.54388 4.29162 4.03833 3.75642 4.78705 4.33424 6.16838 6.81224 3.70949 3.64445 3.50959 3.40119 4.92915 3.40822 3.44733 3.33544 3.32206 3.27391 3.56232 3.26235 3.2284 5.00514 3.64073 6.95612 4.61783 4.44689 3.52506 5.6111 3.13765 3.12593 3.69424 3.81647 3.06062 3.01827 2.98089 2.85981 4.20918 4.01016 4.74771 2.84502 2.78288 2.72119 4.38966 2.71341 3.52666 3.01795 2.98307
threshold=17.500000000000004 504.00000000000006 4739.7500000000009 -0.81327009816320472 0.74305326206722599 7985.1250000000009 9.5000000000000018 1592.7291666666667 105.41666666666667 46.250058175644753 694.50000000000011 23.500000000000004 13.500000000000002 24638.000000000004 7529.5000000000009 32524.500000000004 68.908376541666684 186.50000000000003 -6.0062499999999988 90693.500000000015 -0.97836012436839315 14.275000000000002 65.674947890738352 4875.0000000000009 1954.1458333333337 -3.6978180374300105 52.159737909725159 4104.0000000000009 8868.5000000000018 57.341395000000013 21.189583333333335 49.639184393025154 87514.437500000015 659.50000000000011 13.885194065542176 16.500000000000004 119490.12500000001 76.067032000000012 3553.6875000000005 13.500000000000002 4551.0000000000009 82499.208333333343 12076.79166666667 0.84999999999999998 3.9772316838212971 13.303628755777231 30.500000000000004 12.918224994369973 10.500000000000002 324.50000000000006 4999.5000000000009 49.23007622806486 60.389750862887375 17822.500000000004 -1419.4999999999998 46.478882000000006 67.019027000000008 79.354280000000003 27.500000000000004 95365.500000000015 2719.1041666666674 125521.50000000001
decision_type=2 2 2 2 2 2 2 2 2 2 2 2 2 2 2 2 2 2 2 2 2 2 2 2 2 2 2 2 2 2 2 2 2 2 2 2 2 2 2 2 2 2 2 2 2 2 2 2 2 2 2 2 2 2 2 2 2 2 2 2 2 2
left_child=4 6 3 8 5 -1 18 17 -3 -5 43 35 13 56 -11 23 -14 30 -2 20 -20 49 47 26 -9 -10 -16 28 29 -28 -8 -27 -21 -34 54 36 37 38 39 -7 -41 42 -39 55 -19 46 58 -23 -17 -22 51 -33 -53 -54 -26 -4 57 -13 61 -60 -61 -46
right_child=1 2 10 9 -6 11 7 24 25 14 -12 12 16 -15 15 48 -18 44 19 32 21 22 -24 -25 34 31 27 -29 -30 -31 -32 50 33 -35 -36 -37 -38 41 -40 40 -42 -43 -44 -45 45 -47 -48 -49 -50 -51 -52 52 53 -55 -56 -57 -58 -59 59 60 -62 -63
leaf_value=0.0047523433318387015 -0.46394771143573804 -3.6507189580004931 -1.253330276411414 9.4277717603023383 -0.22608747182455963 -0.21667399796694994 -0.43927741038993012 -0.25608968881253075 29.808285819215524 -0.29748683592689301 15.011828591599077 -0.14278902074484712 -0.1389883581735965 0.00031206385507207555 2.8081070399051167 3.3230423955018975 0.014464819227606557 0.025408575016475421 -0.17196188022953834 0.079935675871089615 -0.22454766231671122 0.019817632151892361 -0.051377929576536939 6.475391342925322 -0.07605628569894092 22.567557185101975 3.0088218581480941 -5.0929505091289498 -1.7420733297192055 -0.99303593168818671 0.0012609145912817964 -2.4969876317580382 0.0055098238475498459 -0.050478222903900263 0.0017359245491011066 -0.21777946723211053 0.018974672146051696 -0.38852339466990488 -0.37848373353989684 0.048893260204183699 -0.32582685447727078 -0.34844151959811931 0.028550574886342196 29.465186051540275 -0.14973830172589944 0.0026088258484629812 0.01921804440536139 0.0030991179048335481 13.313680553689554 0.026003854255025709 -0.38627343400768493 14.585225851203521 -6.7209723089346882 7.4623197350209374 -0.020514841872776871 0.14593617712266962 -0.25757446794177907 0.11356891844573766 0.0047711506613916299 -0.41968092824289377 -0.031038260446988861 0.018389884319960359
leaf_weight=20 27 22 23 86 307 124 73 171 31 1341 195 27 24 34 203 100 56 52 51 36 115 60 23 75 52 55 162 95 161 94 24 54 291 73 63 384 22 21 108 30 20 350 20 21 218 206 20 72 99 24 124 219 59 98 30 26 178 20 91 29 90 27
leaf_count=20 27 22 23 86 307 124 73 171 31 1341 195 27 24 34 203 100 56 52 51 36 115 60 23 75 52 55 162 95 161 94 24 54 291 73 63 384 22 21 108 30 20 350 20 21 218 206 20 72 99 24 124 219 59 98 30 26 178 20 91 29 90 27
internal_value=-0.00252166 -0.000350117 0.000999671 0.000427861 -0.00906653 -0.0100528 -0.00270424 -0.00415932 0.00352968 -0.000420926 0.00762731 -0.0103004 -0.00720142 -0.0096565 -0.000681087 0.000831059 0.00071161 -0.0027069 -0.000540085 -0.000136894 -0.00272964 -0.00131588 0.0027853 -0.000186052 -0.00796267 0.00402593 -0.000855824 -0.00216169 -0.000748022 0.00139399 -0.0084655 0.00351666 0.00209198 0.00122768 -0.00442453 -0.0112705 -0.0100302 -0.0104918 -0.00785892 -0.00411832 0.00353293 -0.0123805 -0.00394161 0.000813124 -0.00193971 -0.00248422 -0.00394022 0.00542771 0.00488197 -0.00590942 0.00280996 0.00396884 0.00509705 0.00141311 -0.00836784 -0.00329939 -0.0112483 -0.00471338 -0.0045089 -0.00198477 -0.00539043 -0.00665851
internal_weight=7006 5261 3343 3078 1745 1438 1918 1146 662 2416 265 1418 339 259 2330 989 80 830 772 745 345 294 155 790 316 640 715 512 417 256 97 609 400 364 145 1079 695 673 282 174 50 391 41 70 733 681 475 132 199 139 554 430 376 157 82 49 225 47 455 210 119 245
internal_count=7006 5261 3343 3078 1745 1438 1918 1146 662 2416 265 1418 339 259 2330 989 80 830 772 745 345 294 155 790 316 640 715 512 417 256 97 609 400 364 145 1079 695 673 282 174 50 391 41 70 733 681 475 132 199 139 554 430 376 157 82 49 225 47 455 210 119 245
is_linear=0
shrinkage=0.03


Tree=134
num_leaves=63
num_cat=0
split_feature=55 10 55 61 16 10 1 12 34 55 60 16 57 64 43 54 61 14 53 21 35 65 16 34 17 54 43 46 68 59 16 48 21 65 59 65 59 34 55 30 65 22 22 26 59 36 61 19 50 64 40 22 22 55 56 33 55 0 25 41 34 54
split_gain=203.232 39.3714 24.4042 10.3384 4.75908 4.41456 4.12799 3.76343 4.09988 5.68793 4.47189 4.70665 3.60932 5.63384 3.76507 3.54491 3.50913 3.40804 3.89963 3.39583 4.27437 3.28641 3.24862 7.17147 3.17905 3.13721 4.57524 3.11872 3.11368 3.00777 4.60134 2.89924 4.04877 3.68803 2.94058 2.85275 2.77801 2.76578 2.72122 2.72057 2.66423 2.76836 2.62812 2.583 2.64333 3.29232 3.58317 2.74622 2.68189 3.10377 3.40658 2.88914 2.55211 2.87065 4.02802 2.51054 2.50804 2.7597 2.48537 2.45921 2.45395 2.44136
threshold=15.500000000000002 0.74305326206722599 10401.500000000002 1826.5000000000002 6014.0000000000009 0.87900005428953576 20.675000000000001 80249.500000000015 -0.75560666831938395 5760.5000000000009 2319.5000000000005 2321.0000000000005 625.00000000000011 2840.5000000000005 30306.500000000004 626.37500000000011 2797.5000000000005 84473.270833333358 1083.5000000000002 4.2980314882226898 10397.500000000002 2163.5000000000005 291.50000000000006 -0.68993714881326429 -0.97499999999999987 2038.8125000000002 29381.500000000004 30075.604166666672 78838.000000000015 5225.0000000000009 156.00000000000003 525.50000000000011 4.4893662898724669 3099.5000000000005 4185.5000000000009 635.50000000000011 327.50000000000006 -1.948045977480209 11105.000000000002 57.356560995019102 1378.5000000000002 0.10000000000000099 0.69999999999999984 87.954510104166687 791.50000000000011 22759.000000000004 748.50000000000011 -1.825 273.52083333333337 2527.5000000000005 50601.500000000007 -0.049999999999999871 0.10000000000000099 7766.0000000000009 6509.0000000000009 1.2738123365487728 27.500000000000004 87125.500000000015 70.75394750000001 30720.500000000004 0.24428232937331987 1025.0208333333335
decision_type=2 2 2 2 2 2 2 2 2 2 2 2 2 2 2 2 2 2 2 2 2 2 2 2 2 2 2 2 2 2 2 2 2 2 2 2 2 2 2 2 2 2 2 2 2 2 2 2 2 2 2 2 2 2 2 2 2 2 2 2 2 2
left_child=1 -1 3 4 7 6 28 22 9 10 11 59 13 14 25 -11 -14 18 -15 38 -21 -20 23 -2 -18 26 -5 52 -3 30 39 32 -26 -33 -35 36 -29 -13 42 -19 -25 -42 60 44 45 61 47 -47 58 -50 -51 -52 56 -54 -55 -32 57 -10 -46 -9 -4 -37
right_child=2 5 19 12 -6 -7 -8 8 27 15 -12 37 16 17 -16 -17 24 29 21 20 -22 -23 -24 40 31 -27 -28 35 -30 -31 55 33 -34 34 -36 43 -38 -39 -40 -41 41 -43 -44 -45 48 46 -48 -49 49 50 51 -53 53 54 -56 -57 -58 -59 -60 -61 -62 -63
leaf_value=-0.25939086709565901 -0.001320255357417146 -0.11244432915049449 10.337565948778757 -0.28197880548363824 17.955828804905575 -0.26293783006243143 0.1551549700922554 -8.8490305148170716 -0.45902241761712187 -2.5927660155931971 19.240568147758427 19.834557273993934 -0.7343882289424527 -0.4070357654468551 -0.20854807725403163 11.934832578473792 30.022483543830798 0.064159070020508635 -0.23775816150978432 -4.2480022398642907 7.5875266293057573 0.022633377692239234 0.024719242789988129 -0.0016874792459798016 1.2670451505910056 0.13932223590466478 0.012159813186437773 0.22085413950770549 -0.32733680180504976 -0.24678114352209457 -0.34066400481991505 0.0061964059383001315 -1.836861797678921 -4.0809844416793313 -0.28334864910339091 -0.036746837892557803 -2.4520521860108282 2.4661452905740586 19.799376976005824 0.0084808523852555242 0.018084215766694386 0.02064013055898881 13.796809162464196 -0.28986346353396603 0.024967658135173067 0.10941049844603075 -2.2506622140995058 -0.26941017275229329 0.011639405154031994 0.03529696878793457 -0.13192872021051413 0.011895524386935143 -2.8076181399155664 20.258046215301828 -1.7219575985105211 -0.03424924650337232 0.074257584032584492 0.0030589456622642252 -0.077078877730915707 -0.010533148813834766 -2.1761253263564502 0.027774683990132817
leaf_weight=1158 126 33 33 54 59 281 25 30 23 27 26 32 336 51 269 180 24 34 20 21 55 59 233 20 174 23 49 50 102 25 24 474 39 47 61 110 112 63 95 121 135 26 97 40 69 30 60 35 168 132 22 31 150 24 90 223 144 22 58 380 46 246
leaf_count=1158 126 33 33 54 59 281 25 30 23 27 26 32 336 51 269 180 24 34 20 21 55 59 233 20 174 23 49 50 102 25 24 474 39 47 61 110 112 63 95 121 135 26 97 40 69 30 60 35 168 132 22 31 150 24 90 223 144 22 58 380 46 246
internal_value=-0.0024874 -0.0118829 0.000290729 -0.000236557 0.000908198 -0.00424394 -0.00822611 0.000734944 0.000215369 0.00206883 0.000418 -0.00020194 -0.00184234 -0.0032108 -0.00595292 0.00628682 -0.000711627 -0.0012601 -0.00551115 0.00798617 0.00232589 -0.00128951 0.00299389 0.00502117 0.00034428 -0.00164155 -0.00389913 -0.000629293 -0.0103035 2.80965e-05 0.000664014 1.50924e-05 0.00301267 -0.00107713 -0.00607771 0.000190869 -0.00349784 0.00580442 0.00956105 0.00471954 0.00884594 0.0101304 0.00730835 0.00079113 0.00110498 -0.000461443 -0.00465228 0.000184332 0.00268069 0.00402719 0.00670989 0.000225989 -0.00274112 -0.00464597 -0.00102542 -0.00186969 -6.34585e-05 -0.00625277 -0.00103855 -0.00160205 0.00318584 0.00100253
internal_weight=7006 1599 5407 5060 2953 441 160 2894 2354 738 531 505 2107 952 395 207 1155 557 130 347 76 79 540 307 819 126 103 1616 135 427 402 795 213 582 108 1163 162 95 271 155 181 161 176 1001 961 481 125 65 480 353 185 53 453 264 114 247 189 45 127 410 79 356
internal_count=7006 1599 5407 5060 2953 441 160 2894 2354 738 531 505 2107 952 395 207 1155 557 130 347 76 79 540 307 819 126 103 1616 135 427 402 795 213 582 108 1163 162 95 271 155 181 161 176 1001 961 481 125 65 480 353 185 53 453 264 114 247 189 45 127 410 79 356
is_linear=0
shrinkage=0.03


Tree=135
num_leaves=63
num_cat=0
split_feature=56 57 58 3 10 7 54 38 11 3 35 16 20 54 45 56 26 2 10 63 38 13 14 3 63 20 30 3 26 70 52 66 3 38 54 23 21 41 66 27 16 37 38 45 52 20 42 27 48 11 62 26 66 16 50 20 56 8 38 18 51 11
split_gain=108.571 14.1289 14.4227 9.35798 8.58842 7.27446 7.83146 6.56672 5.02745 4.71411 4.69691 4.85439 4.64601 4.37181 13.8795 5.39456 4.81189 4.06787 5.12914 4.36492 3.96163 4.0023 3.93178 4.80328 6.85379 6.49003 3.7369 4.5286 3.72793 3.70656 3.99164 3.71123 11.3309 3.51698 3.44858 3.33056 3.327 3.30769 3.30597 3.26235 3.23454 3.14074 3.08608 5.85067 3.00755 3.00154 2.95978 4.45058 2.90355 3.09634 3.05892 2.92491 3.63833 2.84502 2.81015 2.80416 2.6782 3.65954 3.87801 3.19155 2.62243 2.58957
threshold=17.500000000000004 504.00000000000006 4821.604166666667 46.250058175644753 0.74305326206722599 9.5000000000000018 1592.7291666666667 8487.7083333333339 82039.000000000015 54.501412332231787 7233.5000000000009 5273.5000000000009 -6.0062499999999988 1880.2083333333337 32295.500000000004 14.500000000000002 64.522752104166685 87.756915000000006 0.56392291514228221 621.50000000000011 14368.85416666667 76829.000000000015 79043.791666666672 57.772567411265818 4672.0000000000009 -0.78541666666666654 59.304765540550072 61.477814772128369 71.968209270833356 126661.29166666667 1426.5000000000002 6550.5625000000009 58.701807253780252 28853.895833333336 1954.1458333333337 79.610012000000026 2.7803455807541724 43923.500000000007 736.72916666666686 13.885194065542176 -264.99999999999994 17256.000000000004 13242.60416666667 29136.000000000004 818.50000000000011 -9.4843749999999982 31686.750000000004 14.009072161366939 205.50000000000003 98034.000000000015 1860.5625000000002 76.155688687500017 2316.5416666666674 -1419.4999999999998 917.95833333333337 19.052083333333339 9819.5000000000018 1.0000000180025095e-35 11646.29166666667 23.825000000000006 703.50000000000011 95406.500000000015
decision_type=2 2 2 2 2 2 2 2 2 2 2 2 2 2 2 2 2 2 2 2 2 2 2 2 2 2 2 2 2 2 2 2 2 2 2 2 2 2 2 2 2 2 2 2 2 2 2 2 2 2 2 2 2 2 2 2 2 2 2 2 2 2
left_child=4 5 3 -3 7 9 20 -1 -4 -2 -5 17 -11 29 16 -16 -15 18 33 -19 21 -7 35 24 28 45 -27 54 -24 31 -31 46 -33 56 -8 -20 -34 55 -14 53 -10 -18 -40 -44 -23 -25 47 -9 50 61 -22 52 -51 -36 -28 -30 -12 58 -58 -59 -6 -50
right_child=1 2 8 10 60 6 34 13 40 12 11 -13 38 14 15 -17 41 19 22 -21 48 44 23 25 -26 26 27 -29 37 30 -32 32 36 -35 39 -37 -38 -39 42 -41 -42 -43 43 -45 -46 -47 -48 -49 49 51 -52 -53 -54 -55 -56 -57 57 59 -60 -61 -62 -63
leaf_value=0.0042070636339905931 -0.27121289587114189 18.682310511694741 -1.8372159648095305 12.615589392984248 -0.40038210587815581 0.00036613678525613478 -0.2393777092164317 0.01215750897169407 0.010645897090522567 -0.44224755407979616 -0.0091092446966655055 8.5000169957774414 -0.43829632950145392 -0.16637222133523769 -0.2564039128758519 -0.011676355609015266 0.026412458712051858 7.2209265105643725 -11.406954671057392 -1.6950656663245354 -0.011123155119678962 -0.41831736206536246 17.006204590688984 -0.24014666635137699 -0.44262652611553677 -3.1260981248716595 18.343742444986901 -1.64538581571265 4.1076134044929491 -0.29442319646916432 0.0059780880695796765 -0.3964904247862357 -0.22709817892965989 -2.9086082928527106 -0.067330329042245618 1.1274556902883637 0.12985731737814085 18.974158629790296 0.0079081875044921535 0.0011413203396271852 17.495285178047787 -0.094545417125399933 -0.2500052822478116 0.0035810002279452746 -0.13828608406447729 26.854771031391216 -0.23045694853844817 -0.11250252676809054 -0.0024466357307705165 -0.20522217707658344 0.033284230283060441 -0.25365274416541123 0.0043066625408971502 -0.020490607953755971 -0.39850795655676846 -5.2514950958127153 1.1618557212690757 11.291226708151234 -6.2207150076654578 -0.7296026031741667 -0.14039455004452311 0.047257451482694425
leaf_weight=25 69 113 25 30 74 86 171 37 27 27 1460 99 21 22 118 29 41 21 29 231 62 89 190 34 154 97 46 98 69 20 22 153 21 43 52 22 26 26 159 63 160 28 65 431 154 52 846 50 92 35 64 98 118 30 22 35 54 27 133 46 233 32
leaf_count=25 69 113 25 30 74 86 171 37 27 27 1460 99 21 22 118 29 41 21 29 231 62 89 190 34 154 97 46 98 69 20 22 153 21 43 52 22 26 26 159 63 160 28 65 431 154 52 846 50 92 35 64 98 118 30 22 35 54 27 133 46 233 32
internal_value=-0.00242746 -0.000275988 0.00090096 0.000387084 -0.00891181 -0.00232887 -0.00384521 -0.00988596 0.00847242 -7.38246e-05 6.85862e-05 -4.91951e-05 0.00065709 -0.0101564 -0.00641327 -0.0121142 0.00276619 -0.000274134 7.28073e-05 -0.00391511 -0.00230936 -0.00486782 0.00195287 0.00245657 0.00442312 -0.000206245 -0.00255416 0.000162553 0.00692596 -0.0109114 -0.00206651 -0.0112364 -0.00748126 -0.00085758 -0.00786776 -0.00610568 0.00535032 0.00297463 0.00114924 -0.00442453 0.0101657 0.00668596 0.00152954 0.000356783 -0.00683669 0.0069338 -0.0120373 -0.00668197 -0.00062263 -0.00195148 0.0033069 -0.00387097 -0.00125408 -0.00836784 0.00612335 0.00054755 -0.000643567 -0.00344867 -0.00567611 0.00221614 -0.00433735 0.00190975
internal_weight=7006 5261 3343 3131 1745 1918 1146 1438 212 772 3018 2988 703 1413 238 147 91 2889 2637 252 830 329 874 823 474 349 263 166 320 1175 42 1133 200 1763 316 51 47 130 676 145 187 69 655 496 243 86 933 87 501 375 126 251 153 82 68 104 1720 260 187 73 307 124
internal_count=7006 5261 3343 3131 1745 1918 1146 1438 212 772 3018 2988 703 1413 238 147 91 2889 2637 252 830 329 874 823 474 349 263 166 320 1175 42 1133 200 1763 316 51 47 130 676 145 187 69 655 496 243 86 933 87 501 375 126 251 153 82 68 104 1720 260 187 73 307 124
is_linear=0
shrinkage=0.03


Tree=136
num_leaves=63
num_cat=0
split_feature=55 10 55 61 4 55 4 21 51 1 35 55 55 34 63 26 12 4 34 47 51 68 45 34 26 64 57 45 58 4 13 13 13 59 64 69 68 43 26 46 63 15 3 64 59 47 20 28 34 68 28 55 57 31 26 41 32 21 19 11 64 59
split_gain=199.761 39.5433 21.2455 10.769 4.88628 7.28264 4.45319 4.3789 4.22959 3.99065 3.43435 3.02954 3.00901 4.57374 3.87779 3.15852 2.97841 3.33033 7.64571 3.04044 3.4489 2.94303 2.91129 2.8516 3.07614 3.91716 4.02245 4.46365 3.9318 4.38366 3.3104 3.81398 3.21471 3.55736 3.1614 2.84599 2.82925 2.81838 2.74938 2.72028 2.70978 3.62039 3.9348 3.08998 3.21173 2.75899 2.7035 2.67377 3.59551 2.67371 2.66055 2.63635 2.61693 2.60174 2.58963 2.63589 3.10199 2.94742 2.55397 2.51669 2.5094 2.50929
threshold=15.500000000000002 0.74305326206722599 10401.500000000002 1826.5000000000002 16.500000000000004 6421.0000000000009 10.500000000000002 4.2980314882226898 1410.5000000000002 20.675000000000001 10397.500000000002 11105.000000000002 7566.5000000000009 -0.036293517806385005 576.50000000000011 67.431146208333345 80539.000000000015 8.5000000000000018 -0.96470876145325224 1158.5000000000002 2598.5000000000005 78838.000000000015 29800.500000000004 -1.8182728105869932 66.489010333333354 4485.5000000000009 1303.0000000000002 31343.000000000004 998.62500000000011 10.500000000000002 91131.000000000015 82203.000000000015 114851.50000000001 2616.0000000000005 1237.0000000000002 104648.00000000001 82493.500000000015 28318.000000000004 78.778947125000016 28345.833333333339 2004.0000000000002 6500.1024779397067 56.011268142797299 1846.5000000000002 444.50000000000006 205.50000000000003 21.070833333333336 -5.8896264999999941 0.19084399195339688 92390.500000000015 -2.7884685 65.500000000000014 5858.5000000000009 54.271525419374775 87.003411208333333 44771.000000000007 57.840685909665403 3.9908372743466192 20.475000000000005 105414.00000000001 1700.5000000000002 552.50000000000011
decision_type=2 2 2 2 2 2 2 2 2 2 2 2 2 2 2 2 2 2 2 2 2 2 2 2 2 2 2 2 2 2 2 2 2 2 2 2 2 2 2 2 2 2 2 2 2 2 2 2 2 2 2 2 2 2 2 2 2 2 2 2 2 2
left_child=1 -1 3 4 5 16 9 11 -7 21 -9 47 61 15 35 -14 17 18 22 40 -21 -3 -2 -5 32 26 27 30 29 -29 31 -26 -25 -34 -35 -15 52 -28 -10 -32 54 42 51 -44 -45 -43 -20 -4 -49 58 -51 -42 -19 -46 55 57 -57 -18 -39 -41 -47 -6
right_child=2 6 7 23 12 8 -8 10 38 -11 -12 -13 13 14 -16 -17 19 36 46 20 -22 -23 -24 24 25 -27 37 28 -30 -31 39 -33 33 34 -36 -37 -38 49 -40 59 41 45 43 44 53 60 -48 48 -50 50 -52 -53 -54 -55 -56 56 -58 -59 -60 -61 -62 -63
leaf_value=-0.24404977210650444 -0.14879902839418258 -0.10485916277464395 17.621533684463849 11.754842110887566 -3.8224171320644937 14.713759728438935 -0.24303823198421379 -4.15541784430643 11.898781309708884 0.15471215749082332 7.0714435325113483 18.662566044557934 1.4322745057407609 -1.7953373536010213 -1.798897708281529 11.964869918778858 -0.042976850406858592 0.0015885980232904727 0.017115600111427352 0.057829141165947284 -0.04321296162858429 -0.31282743838391647 0.0036007206381392719 -0.2441264561678638 0.020822624271240285 0.021027139559951349 -1.1766295651706149 0.029014714718711934 -0.29771343367132391 -0.50985727726008467 -0.24185131727573458 -0.1766377557472999 -0.78585735044528027 -0.071024412359605091 0.82597073987257763 8.2450164859041433 1.5634599444840136 4.5205853178379192 -2.5818555197665316 0.052540284425132401 -0.367883345242147 0.62953898992942459 -0.37257227339190663 -0.025621706987490212 -0.1710209456902522 0.45200949231631782 -0.0012976631641522828 12.572726036562662 0.31289444092919438 -3.1417437545828668 0.037697337151681866 -1.1708947214952967 -7.6531516079952189 0.010444638666657421 9.9881778991402914 0.062994816633575104 -0.031772751604944569 -0.92897312093540674 -0.75214133083315571 -0.0049347886903259308 -0.0016647076487234357 -0.27347172379892981
leaf_weight=1158 42 33 43 61 94 160 281 21 75 25 55 95 87 20 184 78 187 165 158 89 24 102 29 479 20 376 40 20 226 31 23 88 37 25 50 29 44 43 32 46 52 60 20 45 20 92 20 62 71 83 411 68 22 256 20 25 214 51 20 28 155 336
leaf_count=1158 42 33 43 61 94 160 281 21 75 25 55 95 87 20 184 78 187 165 158 89 24 102 29 479 20 376 40 20 226 31 23 88 37 25 50 29 44 43 32 46 52 60 20 45 20 92 20 62 71 83 411 68 22 256 20 25 214 51 20 28 155 336
internal_value=-0.00238035 -0.0116953 0.000373953 -0.000117982 0.00105042 0.00181262 -0.0040399 0.00755402 0.00644702 -0.00803873 0.00114323 0.00933973 -0.000902065 0.000972118 -0.00172458 0.00479709 0.00114472 0.00318059 0.00558812 0.000433205 0.00514589 -0.0100814 -0.00270042 -0.00175692 -0.00194859 -0.00120404 -0.00212399 -0.00416304 -0.00664742 0.000821918 -0.000789859 -0.00441258 -0.00377601 0.000776093 0.00455393 0.00574338 0.000571181 -0.000472283 0.00179272 0.00321318 9.48542e-06 0.00112876 -0.000546519 0.00109059 0.00181252 0.00365353 0.00891072 0.00696763 0.00482344 7.53904e-05 -0.000661809 -0.00522065 -0.00102619 0.00303151 -0.00171394 -0.00216307 5.01882e-05 -0.00439731 0.0058954 0.00603239 0.00223391 -0.00264357
internal_weight=7006 1599 5407 5060 2953 2125 441 347 267 160 76 271 828 398 233 165 1858 480 249 1378 113 135 71 2107 2046 1455 1079 482 277 51 205 108 591 112 75 49 231 597 107 97 1265 768 461 341 321 307 178 176 133 557 494 120 187 276 497 477 239 238 63 74 247 430
internal_count=7006 1599 5407 5060 2953 2125 441 347 267 160 76 271 828 398 233 165 1858 480 249 1378 113 135 71 2107 2046 1455 1079 482 277 51 205 108 591 112 75 49 231 597 107 97 1265 768 461 341 321 307 178 176 133 557 494 120 187 276 497 477 239 238 63 74 247 430
is_linear=0
shrinkage=0.03


Tree=137
num_leaves=63
num_cat=0
split_feature=55 10 55 34 55 0 34 10 10 66 1 21 66 64 10 55 55 10 44 65 56 21 39 63 30 35 47 16 56 55 60 19 57 55 7 43 48 48 30 19 12 44 55 63 23 21 50 63 34 48 25 64 42 47 25 28 34 28 62 25 44 7
split_gain=193.864 35.9006 20.8506 7.07839 6.42783 4.86144 4.25562 5.23103 4.04293 3.76783 3.71086 3.62919 3.55801 3.5082 3.46339 3.33381 4.22602 4.33203 4.34744 3.61697 3.27341 3.18632 2.94235 3.07906 2.94228 2.90526 2.76811 2.76657 3.26233 3.92481 3.58738 4.12556 3.74795 2.97697 4.01678 3.18023 3.11386 2.96758 4.8928 2.79971 2.7515 2.6662 2.62207 2.62072 3.10556 2.61885 2.6126 2.64633 2.55869 2.5105 3.65985 2.38931 2.3502 2.30409 2.28543 2.25557 3.59551 2.2384 2.41424 3.17947 2.22828 2.22538
threshold=14.500000000000002 0.74305326206722599 10401.500000000002 0.27245465694115018 7766.0000000000009 75919.500000000015 -1.948045977480209 0.74305326206722599 0.87900005428953576 1889.854166666667 20.675000000000001 4.2980314882226898 3022.604166666667 8917.0000000000018 0.74305326206722599 190.00000000000003 1384.5000000000002 0.74305326206722599 32782.500000000007 2187.5000000000005 6673.5000000000009 3.2984003554357986 39192.500000000007 3203.5000000000005 54.853711598603276 12742.000000000002 228.50000000000003 6014.0000000000009 5814.5000000000009 2823.5000000000005 2431.5000000000005 -3.4749999999999996 1929.5000000000002 27.500000000000004 22.500000000000004 32492.500000000004 220.50000000000003 333.50000000000006 62.248632444021553 22.725000000000005 87671.000000000015 32524.500000000004 11105.000000000002 150.50000000000003 68.619795000000011 2.6291731960869211 351.70833333333343 4672.0000000000009 -0.96470876145325224 216.50000000000003 81.83831050000002 1846.5000000000002 43754.416666666672 361.50000000000006 81.180627500000014 -5.8896264999999941 0.19084399195339688 -0.17050450000000691 2662.541666666667 44.905927500000011 29309.500000000004 12.500000000000002
decision_type=2 2 2 2 2 2 2 2 2 2 2 2 2 2 2 2 2 2 2 2 2 2 2 2 2 2 2 2 2 2 2 2 2 2 2 2 2 2 2 2 2 2 2 2 2 2 2 2 2 2 2 2 2 2 2 2 2 2 2 2 2 2
left_child=1 -1 3 4 5 9 7 -7 10 -2 24 42 60 27 20 19 22 18 21 53 -6 41 -17 -24 -3 26 -13 28 29 30 32 -32 33 34 37 -36 -37 38 -8 49 -31 -18 55 -23 -45 -14 47 -9 -47 50 -35 -33 -20 54 -5 -4 -57 58 59 -22 -11 -51
right_child=2 8 11 15 14 6 13 46 -10 12 -12 25 45 -15 -16 16 17 -19 52 -21 57 43 23 -25 -26 -27 -28 -29 -30 40 31 51 -34 39 35 36 -38 -39 -40 -41 -42 -43 -44 44 -46 48 -48 -49 -50 61 -52 -53 -54 -55 -56 56 -58 -59 -60 -61 -62 -63
leaf_value=-0.25015547158886342 0.0074022487936174384 -0.22555586914770515 17.092887673929944 0.026458359396101763 18.001700642495759 -0.27238049546767767 0.00028403462295026213 13.770592366578885 -0.27433142358814622 -0.44150714591929013 0.096354965251951655 4.2746789847554467 -0.26038231672561762 0.078163437367903835 16.651722270735764 -0.37940447708768577 -0.030546698172235549 18.037274920957024 -0.23650876378246311 0.0060723981565257469 -4.0748335592086189 2.45580572919804 -0.30237439154374263 0.0079905627836945915 -0.29923505206004208 13.4351930631314 -2.7666174928536202 16.548532433506061 -1.0212748501222539 -0.51107910249750144 0.064373404729354891 -0.18421171058781488 -1.2893646680333131 0.020793773848983007 -0.023184981148902287 -0.01474913181603636 0.012179115817928139 -0.014488089143402796 0.0092726790136784479 -0.051050802985916147 5.188770921356622 2.0510400392527837 18.102689063221224 -0.22694005812043824 -1.0711045964263226 -0.038191906484441505 23.652245607304557 -7.5983417780796065 0.029037921964474318 0.025409095810882538 -0.14002837293666123 -0.073909891730501942 -1.6328796397338827 -0.18990357179939199 -0.36339878288094785 12.195544255465801 0.30350760770132185 8.9893104923562159 -4.5681748962074558 1.8974662411557073 0.0052075987690374777 0.078290958881468808
leaf_weight=1075 78 35 43 50 93 42 198 30 261 23 24 21 22 26 62 64 411 47 78 400 35 21 89 51 90 22 33 36 535 42 51 90 172 61 56 25 36 95 61 46 183 60 95 578 64 34 103 34 76 99 64 209 75 40 66 62 71 76 25 169 20 73
leaf_count=1075 78 35 43 50 93 42 198 30 261 23 24 21 22 26 62 64 411 47 78 400 35 21 89 51 90 22 33 36 535 42 51 90 172 61 56 25 36 95 61 46 183 60 95 578 64 34 103 34 76 99 64 209 75 40 66 62 71 76 25 169 20 73
internal_value=-0.00232469 -0.0119467 0.000262991 -0.00021395 0.000700302 0.000124804 -0.000296565 0.00378766 -0.00438186 0.00407744 -0.00832998 0.00738116 0.00161051 -0.000693666 0.00397088 -0.0015601 -0.00228009 -0.00166179 -0.00199052 0.000426182 0.00293142 -0.00134644 -0.00630573 -0.00383298 -0.0104077 0.00153745 -0.00216266 -0.00082876 -0.000971805 -0.000276728 -0.000895891 -0.00350471 2.73806e-05 0.000880727 -0.00066228 -0.00548249 -0.000687398 0.000923468 0.00259359 0.00300787 0.00338516 0.000534918 0.00900775 -0.00268738 -0.00303224 0.0040651 0.00617594 0.00135725 0.0059673 0.00407943 0.000815348 -0.00485456 -0.00674069 -0.0034401 -0.00126615 0.00679727 0.00482344 0.00141593 -5.23789e-05 0.00101421 -0.00584687 0.00643231
internal_weight=7006 1485 5521 5174 3080 2620 2367 209 410 253 149 347 175 2158 460 2094 1538 1334 1287 556 398 1134 204 140 125 76 54 2132 2096 1561 1336 350 986 814 471 117 61 354 259 343 225 471 271 663 642 132 167 64 110 297 125 299 153 156 116 176 133 305 229 204 43 172
internal_count=7006 1485 5521 5174 3080 2620 2367 209 410 253 149 347 175 2158 460 2094 1538 1334 1287 556 398 1134 204 140 125 76 54 2132 2096 1561 1336 350 986 814 471 117 61 354 259 343 225 471 271 663 642 132 167 64 110 297 125 299 153 156 116 176 133 305 229 204 43 172
is_linear=0
shrinkage=0.03


Tree=138
num_leaves=63
num_cat=0
split_feature=55 10 55 61 4 55 4 49 21 1 68 16 16 34 34 12 3 10 49 30 26 25 64 55 34 45 27 24 69 16 3 60 56 27 55 58 26 25 56 35 64 34 55 43 14 1 46 25 4 15 44 45 30 24 40 23 21 45 15 62 64 13
split_gain=194.382 35.9006 19.4179 9.23111 4.97427 8.12814 4.04293 4.01612 3.73282 3.71086 3.46591 3.29651 4.11799 6.56119 5.73369 5.50319 4.66003 3.51073 3.34748 3.26486 3.20732 3.82184 5.16155 3.64753 3.59427 3.52363 3.63574 2.9956 3.73848 2.9919 4.4113 4.27649 4.14496 2.95619 2.93571 5.21104 3.34978 2.91 2.89667 2.88083 2.84258 3.73972 2.70588 2.6123 2.59252 4.04124 2.51237 2.44618 2.44109 3.78169 3.37909 2.43899 2.36921 2.3585 2.34172 2.5612 2.32267 2.30705 2.76218 2.24683 2.21483 2.20242
threshold=14.500000000000002 0.74305326206722599 10477.000000000002 1826.5000000000002 16.500000000000004 7933.5000000000009 10.500000000000002 1339.5000000000002 4.2980314882226898 20.675000000000001 78838.000000000015 6014.0000000000009 291.50000000000006 -0.68993714881326429 -0.70531328568366181 80993.000000000015 54.707902205546667 0.87900005428953576 124.50000000000001 62.734785678965032 66.489010333333354 74.518400000000014 5850.0000000000009 37.500000000000007 -2.9543167547537368 33741.500000000007 3.9772316838212971 80.674180000000021 90372.000000000015 2605.5000000000005 55.092520828985286 536.50000000000011 3881.5000000000005 17.25695120230171 8816.5000000000018 3271.4583333333335 64.423343541666682 94.934345000000022 9212.5000000000018 12603.500000000002 6382.5000000000009 -0.24012709648586747 1841.5000000000002 28487.500000000004 89380.687500000015 3.4750000000000005 26823.895833333339 55.895052000000007 19.500000000000004 4685.0726549797209 33063.500000000007 33106.500000000007 56.767904865860338 63.208194500000005 50601.500000000007 56.105232500000007 2.2127573813052175 32471.500000000004 4845.9234387857496 2420.4791666666674 1473.0000000000002 111854.50000000001
decision_type=2 2 2 2 2 2 2 2 2 2 2 2 2 2 2 2 2 2 2 2 2 2 2 2 2 2 2 2 2 2 2 2 2 2 2 2 2 2 2 2 2 2 2 2 2 2 2 2 2 2 2 2 2 2 2 2 2 2 2 2 2 2
left_child=1 -1 3 4 5 7 9 11 19 10 -3 12 13 17 29 -15 -17 47 -18 -4 24 25 27 -24 -5 26 -22 33 -29 30 31 -14 -32 59 40 -36 38 -20 -37 -10 48 -42 -31 -38 45 -26 -28 -2 -6 -50 52 57 -51 -9 55 -47 -55 58 -49 -23 -59 -53
right_child=2 6 8 20 34 -7 -8 53 39 -11 -12 -13 14 15 -16 16 18 -19 37 -21 21 22 23 -25 44 -27 46 28 -30 42 32 -33 -34 -35 35 36 43 -39 -40 -41 41 -43 -44 -45 -46 54 -48 51 49 50 -52 61 -54 56 -56 -57 -58 60 -60 -61 -62 -63
leaf_value=-0.24265080744119752 0.1703254989914561 -0.094636450527313232 14.395500348466202 14.792218880717037 -1.6752549269785504 13.306961499034696 -0.26610148088050206 0.016927341595201317 -1.1849860191835433 0.093464316294393224 -0.3257155292108676 24.435727210710137 20.656699938322635 0.013238642332682956 -0.10641435735485168 -0.40236865627035734 -0.011243593075536636 25.37898833362485 0.010044620642139641 -0.90972386023455321 0.064486863605156153 -0.069887800943423159 -0.32477023943638189 0.1818462378493432 3.403935023089995 -0.56393992606759724 -1.0335673220105603 0.021364862048148803 -0.32738304532622009 3.9942114053013711 7.2827108704783674 0.28575173626879313 -6.0714356350580552 0.50520947156029894 20.982306434496284 2.4288025961078801 -5.8476245331648347 -0.019364988450039818 -3.8810173535020476 13.03213727123747 7.4998364480994129 -0.77558921539828585 18.512605789995884 5.4454273788839869 -0.073650901647160927 -0.13786343900589146 0.00436402630631342 -0.39123370407914593 1.3438277665244784 -0.52646314066522792 -6.1111095481282671 -0.14831541806853166 1.2932185062476127 -0.3210843855202074 -0.51510775591920721 -0.30746559532891526 -0.076161889432549007 -0.011149072381046494 -0.0014783577145854564 -0.33032694029216575 0.0094574089210520632 0.0031575758991997205
leaf_weight=1075 24 32 228 25 303 156 261 25 42 24 93 35 33 189 566 27 28 24 293 21 23 171 20 90 20 21 23 26 121 56 43 80 54 24 54 26 29 29 61 20 59 74 59 74 281 130 919 25 36 60 29 42 41 22 28 160 77 23 225 52 75 20
leaf_count=1075 24 32 228 25 303 156 261 25 42 24 93 35 33 189 566 27 28 24 293 21 23 171 20 90 20 21 23 26 121 56 43 80 54 24 54 26 29 29 61 20 59 74 59 74 281 130 919 25 36 60 29 42 41 22 28 160 77 23 225 52 75 20
internal_value=-0.00231184 -0.0119467 0.000279292 -0.000154891 0.000896265 0.00163984 -0.00438186 0.00114122 0.00756027 -0.00832998 -0.0104077 0.00147531 0.00130646 0.00260424 -0.000181798 0.00476418 0.00265712 -5.89391e-05 0.0035904 0.00920112 -0.00167143 -0.000903966 -0.00302916 0.00269755 -0.00344201 0.000179495 0.000447622 -0.00463588 -0.00803535 0.00298985 0.000842456 0.00488064 -0.0038311 -0.00259814 -0.00106016 0.00170832 -0.000615466 0.00446135 -0.00495982 0.000917874 -0.00218734 0.00166792 0.00688097 0.00302619 -0.00389598 -0.00566992 0.000156034 -0.000684174 -0.00328715 -0.000343167 -0.00274404 -0.00123628 -0.000118694 -0.00408541 -0.00649796 -0.00567735 -0.00617558 -0.000249928 -0.00178729 -0.00368445 0.00363914 -0.00671498
internal_weight=7006 1485 5521 5210 3076 2230 410 2074 311 149 125 1950 1915 1024 891 566 377 458 350 249 2134 1490 504 110 644 986 965 394 147 325 210 113 97 247 846 244 190 322 87 62 602 133 115 103 619 338 942 434 469 166 130 410 101 124 318 290 99 348 250 223 98 62
internal_count=7006 1485 5521 5210 3076 2230 410 2074 311 149 125 1950 1915 1024 891 566 377 458 350 249 2134 1490 504 110 644 986 965 394 147 325 210 113 97 247 846 244 190 322 87 62 602 133 115 103 619 338 942 434 469 166 130 410 101 124 318 290 99 348 250 223 98 62
is_linear=0
shrinkage=0.03


Tree=139
num_leaves=63
num_cat=0
split_feature=55 10 55 61 16 18 26 45 34 10 1 51 68 28 23 57 24 55 15 56 41 29 55 56 65 19 26 57 7 18 19 27 15 27 2 61 55 19 49 49 19 61 63 61 53 14 70 34 46 65 16 68 48 21 48 7 7 34 61 41 19 59
split_gain=193.347 35.9006 18.4519 9.13375 4.90663 4.2534 4.34907 4.34623 4.34678 4.04293 3.71086 3.70428 3.46591 3.43228 3.40897 3.40704 3.39392 4.68262 4.19069 3.64624 3.43382 3.72762 3.2701 4.86941 3.56288 3.10366 3.19072 3.0785 4.91798 3.82107 3.65797 4.35652 3.51304 4.34192 3.43101 4.78481 2.83474 2.83306 3.76735 2.68565 2.65418 2.64304 2.95677 3.60732 3.25939 3.35464 3.69205 2.81625 2.56623 2.89138 2.52326 2.48663 2.44523 3.03728 2.43608 2.41052 2.35531 2.34667 3.17882 2.6287 4.33813 2.852
threshold=14.500000000000002 0.74305326206722599 10755.000000000002 1826.5000000000002 5273.5000000000009 17.575000000000006 71.108169937500008 33365.500000000007 -3.3759201351777288 0.87900005428953576 20.675000000000001 1689.0000000000002 78838.000000000015 -9.5710625000000018 62.468185500000011 10977.000000000002 54.992815000000007 7834.5000000000009 5321.002837331197 3624.5000000000005 39719.500000000007 55.503365644066896 8286.0000000000018 8299.5000000000018 294.50000000000006 22.725000000000005 90.580394395833352 625.00000000000011 9.5000000000000018 -3.9749999999999996 19.625000000000004 14.24495359211816 5207.7899961946814 16.404692950033844 64.13648000000002 4149.0000000000009 1536.5000000000002 1.2250000000000003 440.50000000000006 615.50000000000011 12.375000000000002 2797.5000000000005 1341.5000000000002 5274.5000000000009 1823.5000000000002 105898.00000000001 124083.60416666669 0.20066878436285054 32661.000000000004 609.50000000000011 2605.5000000000005 123244.00000000001 969.00000000000011 4.4699142691491334 209.50000000000003 12.500000000000002 24.500000000000004 -2.0390563537146487 748.50000000000011 42143.500000000007 -4.8249999999999984 579.50000000000011
decision_type=2 2 2 2 2 2 2 2 2 2 2 2 2 2 2 2 2 2 2 2 2 2 2 2 2 2 2 2 2 2 2 2 2 2 2 2 2 2 2 2 2 2 2 2 2 2 2 2 2 2 2 2 2 2 2 2 2 2 2 2 2 2
left_child=1 -1 3 4 5 7 13 8 -2 10 12 -4 -3 -7 15 55 18 19 -10 25 21 -21 23 40 -24 26 -18 28 29 -5 32 -32 -30 37 -31 -36 -6 54 -39 -37 -8 -29 44 52 47 -46 -47 -43 49 -16 -51 57 53 -44 -34 -15 -33 -9 -59 -60 61 -61
right_child=2 9 11 27 36 6 22 51 16 -11 -12 -13 -14 14 48 -17 17 -19 -20 20 -22 -23 24 -25 -26 -27 -28 41 30 34 31 56 33 -35 35 39 -38 38 -40 -41 -42 42 43 -45 45 46 -48 -49 -50 50 -52 -53 -54 -55 -56 -57 -58 58 59 60 -62 -63
leaf_value=-0.23537128321796158 25.798742765241084 -0.091797357011493858 16.434751495348273 -0.96751849002367873 -0.79777063258020464 5.3241367820187948 -0.63972501297524098 -1.2078209754085667 0.11532865249848669 -0.25811843645408772 0.090660386805561613 1.002571179069655 -0.31594406333454156 4.4034048811933371 -4.7131561024593793 -8.6580114685750402 0.0097366321995558461 15.894121781126868 -4.302523643451277 -0.11047724352687055 2.9133920543007115 -6.1314873000753414 15.79180480283434 -4.787364146489276 -0.037678657420947274 -0.013852738809200956 -0.12274555629108067 -0.87486848590516275 -0.20757911663616338 -0.082647359005238633 -0.29979763366377987 -0.22906678411577874 0.066561161626894211 0.071631485087220323 0.047655660643106508 -0.25782967058120004 13.586875869394779 0.00062849695686804095 -0.18418377085255319 0.046631397569611308 -0.012599645984429699 9.9185194116814301 0.52789627475922318 3.8026930207315606 -1.3638729359577795 0.24208448781460928 -2.8573879295755242 -0.074960024477052231 7.7610916212979282 0.00090955873459076743 15.251422325110042 1.9944759195281903 -0.57956551586814942 -2.2144339212194408 -0.0039065772007364427 -0.031074976718181959 0.037315123477607695 0.0068369445908683163 -3.839655721978481 -0.30094091470068496 0.20184599130315284 0.0070394807875186413
leaf_weight=1075 34 32 162 31 29 31 54 23 147 261 24 59 93 56 33 22 678 111 55 104 57 45 22 82 79 35 30 349 188 94 100 59 22 22 164 37 98 68 59 20 473 37 227 106 90 119 40 84 37 221 61 26 106 39 77 130 26 222 53 29 30 29
leaf_count=1075 34 32 162 31 29 31 54 23 147 261 24 59 93 56 33 22 678 111 55 104 57 45 22 82 79 35 30 349 188 94 100 59 22 22 164 37 98 68 59 20 473 37 227 106 90 119 40 84 37 221 61 26 106 39 77 130 26 222 53 29 30 29
internal_value=-0.00233753 -0.0119467 0.00024669 -0.000106979 0.000926947 0.000681931 -0.000608716 0.00166676 0.00252064 -0.00438186 -0.00832998 0.00873813 -0.0104077 0.00128912 0.00074451 -0.00229217 0.00223199 0.00291199 -0.00132113 0.00222527 -0.00129549 -0.00370221 -0.00219265 -0.00302413 0.00278932 0.00320549 0.00363932 -0.00160667 -0.0028663 0 -0.00446305 -0.00800648 -0.00295116 -0.000592503 0.000990162 0.00303935 0.00670338 -0.00184432 -0.00481511 -0.00441331 -0.00195788 -0.000586417 0.000314821 0.00187618 -0.00169414 -0.00366118 -0.00101823 0.00232865 0.00254757 0.00165662 0.002648 -0.00101189 0.000475679 0.00201804 0.00193744 -0.000951102 -0.00296122 -0.00162393 -0.00102451 -0.00454996 -0.00132804 -0.00614458
internal_weight=7006 1485 5521 5300 3136 3009 1301 1708 1296 410 149 221 125 591 560 208 1262 1060 202 949 206 149 710 609 101 743 708 2164 967 346 621 185 436 248 315 221 127 226 127 57 527 1197 848 478 370 249 159 121 352 315 282 412 372 266 99 186 85 386 363 141 88 58
internal_count=7006 1485 5521 5300 3136 3009 1301 1708 1296 410 149 221 125 591 560 208 1262 1060 202 949 206 149 710 609 101 743 708 2164 967 346 621 185 436 248 315 221 127 226 127 57 527 1197 848 478 370 249 159 121 352 315 282 412 372 266 99 186 85 386 363 141 88 58
is_linear=0
shrinkage=0.03


Tree=140
num_leaves=63
num_cat=0
split_feature=55 10 55 61 16 18 37 59 13 10 51 62 28 33 33 43 39 36 55 28 46 57 7 19 43 15 49 18 37 20 40 22 66 29 16 60 15 29 66 23 7 57 50 26 33 66 60 23 33 13 25 18 18 60 21 2 55 48 12 21 31 26
split_gain=191.039 36.9163 18.5937 7.7625 4.31857 5.49701 4.78806 5.34787 4.42292 3.93169 3.70428 3.68505 3.33662 3.18813 3.05915 4.65356 3.62698 3.59376 3.42911 4.15763 3.41391 3.03082 4.04494 4.09737 5.0922 3.96045 4.15935 3.19869 3.2383 2.90589 2.83819 2.71284 2.90103 2.63707 2.63371 3.85994 2.60006 2.99523 4.15892 2.58885 2.99438 2.56758 2.50977 2.49587 2.43262 2.319 3.23162 2.72321 3.31974 2.3127 2.30745 2.35611 2.78125 2.55449 2.27586 2.25303 2.22629 2.58693 3.37111 4.02558 3.92398 2.65637
threshold=14.500000000000002 0.74305326206722599 10755.000000000002 1826.5000000000002 5273.5000000000009 17.575000000000006 14813.500000000002 552.50000000000011 90596.500000000015 0.87900005428953576 1689.0000000000002 2147.479166666667 -6.2059609999999941 3.4178265515277784 2.4974378956593486 29381.500000000004 45046.000000000007 13787.500000000002 1536.5000000000002 0.18752800000000039 28345.833333333339 625.00000000000011 9.5000000000000018 2.3750000000000004 32009.500000000004 5300.7427717411601 525.50000000000011 -4.3749999999999991 11459.500000000002 18.694791666666671 35233.500000000007 1.5000000000000007 1419.3750000000002 58.511315909833506 156.00000000000003 4584.0000000000009 3721.9435420113314 55.214356078094141 6488.3958333333339 64.617069500000014 4.5000000000000009 21.500000000000004 118.27083333333336 65.218555333333356 1.6314754799674629 4329.9375000000009 288.50000000000006 69.15921250000001 3.402327547507086 89315.000000000015 67.529555000000002 2.4250000000000003 -7.8749999999999991 828.50000000000011 4.0112565231365096 68.421878000000007 8816.5000000000018 336.50000000000006 90520.000000000015 2.072036035648948 64.79318542647114 70.10073260416668
decision_type=2 2 2 2 2 2 2 2 2 2 2 2 2 2 2 2 2 2 2 2 2 2 2 2 2 2 2 2 2 2 2 2 2 2 2 2 2 2 2 2 2 2 2 2 2 2 2 2 2 2 2 2 2 2 2 2 2 2 2 2 2 2
left_child=1 -1 3 4 5 6 42 13 -9 11 -4 -3 -10 33 15 20 17 -16 19 -19 44 22 27 34 25 30 29 -5 -29 -27 -25 32 -6 -8 -24 41 -14 -38 50 40 -30 -36 -2 -23 -7 46 54 48 -48 -28 -39 52 53 -52 -44 -35 57 58 -17 -60 61 -61
right_child=2 9 10 21 31 14 7 8 12 -11 -12 -13 36 -15 16 56 -18 18 -20 -21 -22 43 23 24 -26 26 49 28 39 -31 -32 -33 -34 55 35 -37 37 38 -40 -41 -42 -43 45 -45 -46 -47 47 -49 -50 -51 51 -53 -54 -55 -56 -57 -58 -59 59 60 -62 -63
leaf_value=-0.22831014472142272 -5.1180064147907798 -0.24932462489408491 15.941708950487836 -1.0009396441918306 4.4243470170089854 0.099361936183336844 0.0027921462202388624 -0.44757320969432091 12.197216414894301 -0.25037488336046865 0.97249404369757031 -0.33048096758663059 0.53701258341897107 -0.38264313363152136 0.0029905271308782308 -0.014525933786079078 -0.13087247209026803 -2.7409237146348708 16.839847845443181 0.0030050698384048945 -2.1729071690688069 -0.44257727906139521 0.015493723150397862 -0.11845265983769572 -0.29450803569589223 -0.0016506852785689219 -0.14015324135523227 -0.19101024088606844 -0.13441591787066712 0.076557796358239297 -0.24383194665671645 18.700777303005726 -3.4217626401169401 -5.2883087305593808 -0.0033219244402982184 0.079227057753999033 -0.35715484490487964 0.032977572682896007 0.063561391314125013 0.042208590742986198 0.039700544602584334 -0.49204072379160796 0.026420895422927797 0.033220050586311341 -0.86689526170347564 0.060778625804108408 -3.2171995942137528 0.019832169219591831 0.011283407300237512 -0.13455748310876409 -0.043828671934651911 0.025206205344054169 -0.057111259884564655 0.21129074420153174 0.0065965903311540324 -0.015394895828360742 5.5746688512912801 -0.063988615917725047 0.11747626489601241 3.3246343291069023 -0.20130560335253964 0.0078873533210933999
leaf_weight=1075 22 90 162 29 51 20 93 83 39 261 59 59 32 34 253 139 125 25 59 36 92 302 54 25 119 63 24 32 62 27 63 56 20 24 49 36 77 91 42 177 46 65 55 895 41 283 49 303 59 96 41 37 128 43 87 86 47 280 23 46 38 77
leaf_count=1075 22 90 162 29 51 20 93 83 39 261 59 59 32 34 253 139 125 25 59 36 92 302 54 25 119 63 24 32 62 27 63 56 20 24 49 36 77 91 42 177 46 65 55 895 41 283 49 303 59 96 41 37 128 43 87 86 47 280 23 46 38 77
internal_value=-0.00235466 -0.0119063 0.000214088 -0.000140941 0.000812155 0.000582234 0.00170189 0.000102341 0.00158539 -0.00423555 0.00873813 -0.00812877 0.00259762 -0.00371995 -0.000885405 -0.00203213 0.000957639 0.00244438 0.0067194 0.00166939 -0.00674069 -0.0015235 -0.00277324 -0.00422154 -0.00592664 -0.00381416 -0.0015564 -0.000164692 0.000700095 0.00329634 -0.00916005 0.00623131 0.00227848 -0.00227474 -0.000720235 -0.00277815 0.00191814 0.00133304 0.00242607 0.00172571 -0.00191489 -0.00549518 0.00328283 -0.000511235 -0.0011784 0.00354862 0.00240824 0.00105084 -0.00302498 -0.00522065 0.00131432 -0.000168607 -0.00140028 0.00281807 0.00631246 -0.00542234 -0.00091832 -0.0014127 0.000408542 0.00307985 0.00137803 0.00399675
internal_weight=7006 1485 5521 5300 3136 3009 1708 850 613 410 221 149 530 237 1301 803 498 373 120 61 153 2164 967 621 417 298 210 346 317 90 88 127 71 203 204 150 491 459 382 285 108 114 858 1197 61 836 553 411 108 120 340 249 212 84 142 110 650 603 323 184 161 123
internal_count=7006 1485 5521 5300 3136 3009 1708 850 613 410 221 149 530 237 1301 803 498 373 120 61 153 2164 967 621 417 298 210 346 317 90 88 127 71 203 204 150 491 459 382 285 108 114 858 1197 61 836 553 411 108 120 340 249 212 84 142 110 650 603 323 184 161 123
is_linear=0
shrinkage=0.03


Tree=141
num_leaves=63
num_cat=0
split_feature=55 10 55 61 58 22 10 37 37 56 13 56 55 66 58 53 60 35 40 51 58 17 68 56 60 17 26 25 66 53 7 45 18 0 12 57 43 26 51 22 14 59 21 47 26 49 53 25 63 50 40 33 36 55 57 12 0 42 25 0 21 57
split_gain=190.28 36.5277 17.36 7.46035 5.20461 6.16108 3.93169 3.7896 3.75978 5.92039 3.45979 3.91535 5.6236 3.55223 4.39497 4.25961 3.47996 3.45374 3.40732 3.39785 3.39732 3.27808 3.44754 2.98513 2.96346 3.09803 2.85833 4.18133 5.2034 4.07248 5.56886 3.852 3.30429 4.23924 2.91193 2.81797 2.78486 2.69884 2.60289 2.48154 2.98632 2.80623 3.7175 3.22844 2.46602 2.46105 3.06647 3.34705 3.3469 3.04603 2.45235 2.39929 3.31232 2.35904 3.28869 2.35709 3.43869 2.6617 3.09056 3.80294 2.34009 2.32957
threshold=14.500000000000002 0.74305326206722599 10755.000000000002 1826.5000000000002 4544.0000000000009 1.5000000000000007 0.87900005428953576 14106.000000000002 23970.000000000004 15.500000000000002 111854.50000000001 8917.5000000000018 8194.0000000000018 3473.3958333333339 3599.5416666666674 1758.0000000000002 309.00000000000006 12949.500000000002 34599.500000000007 1689.0000000000002 3721.4791666666674 21.075000000000006 78838.000000000015 28.500000000000004 456.50000000000006 0.62500000000000011 66.489010333333354 74.07632000000001 3002.6666666666674 1890.5000000000002 4.5000000000000009 33741.500000000007 26.625000000000004 92334.000000000015 122650.00000000001 9098.5000000000018 31688.500000000004 83.245605416666692 2744.5000000000005 1.8999999999999992 90232.312500000015 2616.0000000000005 4.2464773215346368 573.50000000000011 82.447871562500026 2393.0000000000005 1284.5000000000002 57.341395000000013 6146.5000000000009 450.14583333333337 50601.500000000007 1.8253087353706388 28128.000000000004 75.500000000000014 554.00000000000011 92883.000000000015 95636.500000000015 39903.208333333336 82.464025000000007 124367.00000000001 2.7916014852137416 8356.5000000000018
decision_type=2 2 2 2 2 2 2 2 2 2 2 2 2 2 2 2 2 2 2 2 2 2 2 2 2 2 2 2 2 2 2 2 2 2 2 2 2 2 2 2 2 2 2 2 2 2 2 2 2 2 2 2 2 2 2 2 2 2 2 2 2 2
left_child=1 -1 3 4 8 7 21 -6 9 36 11 12 -11 14 -13 17 -16 -15 -10 -4 61 22 -3 -9 25 -20 39 29 32 31 -31 45 33 -29 -32 -19 44 -30 -34 40 50 42 -42 -43 -2 46 47 -28 49 -48 -5 52 -36 -49 -55 -26 -57 -58 59 -59 -12 -14
right_child=2 6 19 26 5 -7 -8 23 18 10 60 13 20 15 16 -17 -18 35 24 -21 -22 -23 -24 -25 55 -27 27 28 37 30 34 -33 38 -35 51 -37 -38 -39 -40 -41 41 43 -44 -45 -46 -47 48 53 -50 -51 -52 -53 -54 54 -56 56 57 58 -60 -61 -62 -63
leaf_value=-0.22146084037978003 0.014939520640570549 -0.081253436264666273 15.463457681973203 -0.18619964870243552 0.0065053488213496274 21.188412952956458 -0.2428636368596517 0.0041830406487962076 11.959416840975209 0.0010579690353861436 -0.17908491468167084 -5.5591197352190376 4.3890329321943495 11.965531945406456 6.2826841228905774 -7.063523700176229 -1.9246329002699167 5.2740827326339197 -0.0016095112752423191 0.94331922238665356 -0.77161339257256256 0.044139176714846254 -0.29898600268768277 -1.2048495927630591 -0.22181409321304427 -0.28551051492875829 -0.19286269771945788 -0.045911360349386567 0.0061243701275601123 2.8496242424710725 -0.32210659454155899 -0.54125916648099637 -0.89128598419596927 -0.34757117955599498 6.1969479427199436 -5.3495385962429003 -0.0085169523525504675 -0.41225754392686664 1.595254544841558 10.995743474552546 -0.89397247570642824 0.047071274715725052 0.40593775322527686 -0.050330157254149341 -0.011048493749704331 -0.56531078735822993 0.74338168005031913 0.037538732324354528 -2.6476767721418279 0.21460108031984135 -0.49347775415462275 -0.48989323983033195 -4.2368622195013765 -0.15764671615095058 0.80129501707037887 0.089433844247451405 0.025720082609952895 -1.2853904501138094 0.011570964808177209 1.5696040940529836 8.6524767340435211 17.620283202673434
leaf_weight=1075 172 31 162 319 117 71 261 41 22 1551 29 72 69 66 28 33 111 20 35 59 33 25 93 37 51 57 115 47 268 37 176 21 25 117 54 26 51 41 24 37 72 59 24 110 20 32 91 57 22 107 29 130 21 46 83 39 20 117 74 29 55 90
leaf_count=1075 172 31 162 319 117 71 261 41 22 1551 29 72 69 66 28 33 111 20 35 59 33 25 93 37 51 57 115 47 268 37 176 21 25 117 54 26 51 41 24 37 72 59 24 110 20 32 91 57 22 107 29 130 21 46 83 39 20 117 74 29 55 90
internal_value=-0.00233325 -0.0118659 0.000230389 -0.000112639 0.000821721 0.00483653 -0.00423555 0.00206048 0.000448416 0.000913812 0.000417755 0.000177219 0.000764156 -0.00268745 -0.0051729 0.000909717 -0.00202732 0.00371989 -0.00208737 0.00846676 0.00560645 -0.00812877 -0.0101289 -0.00303457 -0.00269367 -0.00745928 -0.00146805 -0.000750941 -0.00292473 0.000390082 -0.00185841 0.00203275 -0.00653214 -0.00857404 -0.00294411 -0.00253796 0.00535582 -0.000427046 0.000244399 -0.00313336 -0.00359158 -0.00117691 -0.00527575 0.00113542 0.00701197 0.00251672 0.0030167 0.0010362 0.00571104 0.00695103 -0.00542086 -0.000497318 0.00375499 0.00353036 0.00125484 -0.00135414 -0.000257972 -0.00161183 -0.0025761 -0.00511294 0.00638526 0.00742929
internal_weight=7006 1485 5521 5300 3136 266 410 195 2870 2426 2183 2099 1743 356 211 145 139 112 444 221 192 149 124 78 422 92 2164 1514 522 992 418 574 213 164 381 46 243 309 49 650 613 265 96 169 192 553 521 301 220 198 348 205 75 186 129 330 279 240 220 146 84 159
internal_count=7006 1485 5521 5300 3136 266 410 195 2870 2426 2183 2099 1743 356 211 145 139 112 444 221 192 149 124 78 422 92 2164 1514 522 992 418 574 213 164 381 46 243 309 49 650 613 265 96 169 192 553 521 301 220 198 348 205 75 186 129 330 279 240 220 146 84 159
is_linear=0
shrinkage=0.03


Tree=142
num_leaves=63
num_cat=0
split_feature=55 10 55 61 58 44 4 64 50 51 49 60 16 2 57 18 15 58 25 27 64 16 60 17 59 28 24 42 21 56 25 4 25 59 28 50 50 21 12 30 60 50 29 36 30 58 37 27 7 51 48 18 18 59 12 30 61 51 61 49 25 60
split_gain=187.243 36.3789 17.2597 8.23809 6.09901 3.88094 3.64371 3.40591 4.03178 3.39785 3.34832 3.56574 3.26108 3.16263 3.05137 4.64758 5.61706 3.66881 3.7918 3.58488 4.2839 3.11384 3.00826 3.84152 3.44791 3.17636 2.97374 2.92558 2.90543 2.96438 3.68898 5.59425 4.01348 3.60894 3.01787 3.06138 3.05325 2.85787 3.22166 2.77228 2.69477 3.26055 2.68378 4.94491 3.34874 2.89724 2.61696 2.54187 2.52364 2.45535 2.40565 2.38505 2.36408 2.60287 3.6433 3.48817 2.31108 2.28641 2.27714 2.40453 3.23462 2.75602
threshold=13.500000000000002 0.74305326206722599 10755.000000000002 1826.5000000000002 4518.8958333333348 32548.500000000004 10.500000000000002 8547.5000000000018 314.97916666666669 1689.0000000000002 799.50000000000011 456.50000000000006 6014.0000000000009 92.362648000000021 625.00000000000011 22.075000000000006 5207.7899961946814 4265.5416666666679 57.553963000000003 15.782614211588411 2089.0000000000005 1016.5000000000001 309.00000000000006 15.375000000000002 564.50000000000011 4.3215794999999995 55.305881500000005 43272.916666666679 5.8259036886305662 9819.5000000000018 70.449700000000021 16.500000000000004 41.549354500000007 600.50000000000011 -0.56103900000000084 356.06250000000006 435.93750000000006 1.6918656585015472 108916.00000000001 54.853711598603276 1163.5000000000002 532.60416666666674 64.224159273741734 25411.500000000004 56.33626398307613 817.22916666666686 11459.500000000002 10.20157729017626 14.500000000000002 2113.5000000000005 167.50000000000003 -0.57499999999999984 14.125000000000002 2156.0000000000005 95633.500000000015 57.398258192600657 473.50000000000006 1072.5000000000002 2797.5000000000005 736.50000000000011 73.259935000000013 2350.5000000000005
decision_type=2 2 2 2 2 2 2 2 2 2 2 2 2 2 2 2 2 2 2 2 2 2 2 2 2 2 2 2 2 2 2 2 2 2 2 2 2 2 2 2 2 2 2 2 2 2 2 2 2 2 2 2 2 2 2 2 2 2 2 2 2 2
left_child=1 -1 3 4 7 -6 13 10 -9 -4 12 49 22 39 15 16 52 18 27 -17 -21 48 23 -2 26 47 -24 -18 29 30 31 -26 -33 -32 35 46 -37 -13 56 -3 41 -31 44 -44 -35 -46 -34 -25 -20 51 -47 -12 53 55 -55 -5 -39 -36 -16 60 -60 -62
right_child=2 6 9 14 5 -7 -8 8 -10 -11 11 37 -14 -15 58 19 17 -19 21 20 -22 -23 24 25 28 -27 -28 -29 -30 40 33 32 34 42 57 36 -38 38 -40 -41 -42 -43 43 -45 45 50 -48 -49 -50 -51 -52 -53 -54 54 -56 -57 -58 -59 59 -61 61 -63
leaf_value=-0.23600296588576564 0.040567753467174332 -0.08405555713222039 14.999553951513999 0.016636227801791463 0.010697063629091036 0.042718913352363948 -0.26072849248373359 -2.517439657950149e-05 0.68603040017669814 0.9150196457150741 -0.00045167458001648341 0.040849204186600492 13.051846282309107 -0.031642271059907578 -0.83265970922482657 -0.26693560774891162 -0.21080554580981795 -0.079066646593048157 0.051369468407376426 -0.18366836279092566 0.11719682376519681 -0.016107659451383184 -4.0275466697221738 -0.015477857775389658 0.063928866194677095 -0.072985769587849914 -0.018483960089931271 0.020699591391035346 6.365366685341816 1.8817955228068786 0.090747628926117221 3.5041712768261823 0.015891348670011213 -0.090596281292504771 5.3661051134679107 3.7643221471397736 -2.4870112072854909 -1.2195672264405084 -0.49294737576205533 -0.26333281740862297 -4.7776969121437736 -4.2612135256074364 -0.6350881111098875 0.0047046117661546562 -0.11494704802016258 -0.067581390087508131 -5.5074960032619718 0.0092849745017161388 0.005882108666584296 0.011207621537312775 0.038927262741474386 -0.57731931703539885 -0.43674766266238813 -0.1432160135266371 0.0089062911927144123 -0.52502139148656646 0.015991010706409216 -0.78967724156893382 0.51629445995037881 -0.10925473782747473 7.5976871014131007 -0.94063196995566722
leaf_weight=1043 106 29 162 26 160 132 257 47 50 59 20 23 29 37 349 125 34 58 141 40 20 119 52 26 254 20 311 22 24 41 27 64 21 312 55 38 44 20 108 80 60 21 54 72 43 34 56 234 90 23 265 67 25 110 105 67 190 57 239 518 20 71
leaf_count=1043 106 29 162 26 160 132 257 47 50 59 20 23 29 37 349 125 34 58 141 40 20 119 52 26 254 20 311 22 24 41 27 64 21 312 55 38 44 20 108 80 60 21 54 72 43 34 56 234 90 23 265 67 25 110 105 67 190 57 239 518 20 71
internal_value=-0.00224761 -0.0118643 0.000253053 -8.65314e-05 0.000891427 0.00502225 -0.00419747 0.000469649 0.00599382 0.00846676 0.000274981 -0.00208823 0.000735744 -0.00798768 -0.00150613 -0.00274616 -0.00174633 0.000381383 0.00139621 -0.00703404 -0.000948419 0.00256213 0.000607568 0.00302253 0.000116529 0.00116744 -0.0025117 -0.00582888 0.000737306 0.000571109 0.000964831 0.00277033 0.000214861 -0.000349399 -0.00137219 -0.0040352 0 -0.000562885 -0.00131091 -0.0105591 -0.00390663 0.000434783 -0.00072683 -0.00473434 4.12781e-05 0.00209588 -0.00832685 0.00206459 0.00459541 -0.00678474 0.00314945 -0.009093 -0.0047193 -0.00398247 -0.00214784 -0.00818475 0.000842456 0.0023818 -0.000486175 0.000350195 0.00235383 -0.00243688
internal_weight=7006 1446 5560 5339 3160 292 403 2868 97 221 2771 451 2320 146 2179 982 797 464 406 185 60 350 2291 386 1905 280 363 56 1542 1518 1396 589 335 807 271 159 82 341 318 109 122 62 780 126 654 342 77 260 231 110 299 87 333 308 215 93 210 112 1197 848 330 91
internal_count=7006 1446 5560 5339 3160 292 403 2868 97 221 2771 451 2320 146 2179 982 797 464 406 185 60 350 2291 386 1905 280 363 56 1542 1518 1396 589 335 807 271 159 82 341 318 109 122 62 780 126 654 342 77 260 231 110 299 87 333 308 215 93 210 112 1197 848 330 91
is_linear=0
shrinkage=0.03


Tree=143
num_leaves=63
num_cat=0
split_feature=55 10 55 34 55 13 34 4 16 56 55 51 60 43 2 10 36 54 56 4 3 19 60 38 54 30 27 55 50 56 4 62 36 28 3 66 66 57 14 43 11 53 40 44 22 2 48 54 42 0 48 63 38 20 53 50 22 60 56 18 54 39
split_gain=184.637 36.6935 17.4413 6.54246 6.81777 4.56801 4.69402 3.7896 3.66198 5.01456 4.61729 3.39785 3.39498 3.19345 3.16263 3.1227 3.13786 3.2494 3.06321 3.44711 2.93499 3.10505 2.87668 2.7764 3.11957 2.77228 2.7609 3.35064 4.0003 3.7022 3.09721 3.66053 2.83015 2.74462 2.6537 2.75781 3.71942 2.6534 2.64313 2.60249 2.55841 3.57873 4.01599 2.51553 2.45912 2.45678 2.44887 2.44153 2.36103 2.61081 2.49342 4.31232 2.4647 3.33907 3.17891 2.42047 3.46024 2.31235 2.30487 2.6552 2.89589 2.3098
threshold=13.500000000000002 0.74305326206722599 10755.000000000002 0.27245465694115018 8436.5000000000018 103858.00000000001 -2.9543167547537368 10.500000000000002 5273.5000000000009 5553.5000000000009 6248.0000000000009 1689.0000000000002 3409.5000000000005 30582.500000000004 92.362648000000021 0.35201941816566318 13517.500000000002 785.16666666666686 6621.5000000000009 15.500000000000002 58.98919075172622 20.175000000000001 456.50000000000006 20716.104166666672 1592.7291666666667 54.853711598603276 16.200583495405112 75.500000000000014 472.58333333333343 11.500000000000002 21.500000000000004 1141.1666666666667 12182.500000000002 -0.10942799999999407 63.657621198053256 1122.5000000000002 1517.1458333333337 7834.5000000000009 92337.875000000015 27806.500000000004 103737.00000000001 1249.5000000000002 35732.500000000007 29495.500000000004 0.25000000000000011 81.370887500000009 2634.5000000000005 972.75000000000011 40509.354166666679 133995.50000000003 684.50000000000011 3529.5000000000005 26291.208333333339 -8.9552083333333314 2321.0000000000005 944.52083333333337 0.90000000000000135 1039.5000000000002 11.500000000000002 15.525000000000002 1496.7083333333337 40083.000000000007
decision_type=2 2 2 2 2 2 2 2 2 2 2 2 2 2 2 2 2 2 2 2 2 2 2 2 2 2 2 2 2 2 2 2 2 2 2 2 2 2 2 2 2 2 2 2 2 2 2 2 2 2 2 2 2 2 2 2 2 2 2 2 2 2
left_child=1 -1 3 4 5 6 38 14 9 12 37 -4 34 -7 25 26 17 -17 -6 -20 21 -18 45 -22 -25 -3 27 28 -5 -29 40 -32 -28 -21 58 -36 -37 -11 -2 -12 41 -31 -43 -41 -39 -15 -42 -19 -24 50 51 55 54 -54 -52 -50 -57 -55 59 -8 -61 -60
right_child=2 7 11 15 18 13 8 -9 -10 10 39 -13 -14 22 -16 16 20 47 19 33 23 -23 48 24 -26 -27 32 29 -30 30 31 -33 -34 -35 35 36 -38 44 -40 43 46 42 -44 -45 -46 -47 -48 -49 49 -51 52 -53 53 57 -56 56 -58 -59 61 60 -62 -63
leaf_value=-0.22892287690919266 23.782467248469718 -0.081533890418253777 14.549567332968554 0.012189651165533383 21.000063828153142 -0.35368494836870012 0.021737446161651873 -0.2529066377092215 17.006921922319819 -3.2059686558678822 20.179992802386387 0.88756905634360006 -0.094607850998890228 -0.22823678605273387 -0.030693002928110322 -0.57700518368118969 0.025326506920912945 1.4721145316160136 15.090901934577923 0.14817316963336452 -0.18027346009185463 19.981835634169165 0.025020920901391932 0.61693374571967918 -0.53979456558141981 -0.25543283288636431 -0.25121050094139102 -0.47675668423001266 -0.074338141853780959 -0.44249094869920441 -0.94310690434064692 0.015430738378587598 0.025394650645171168 8.8815506110375644 -0.019578233480252932 0.023059140590241112 -0.0078211069490910744 5.9066934685229437 -0.30480853846564387 -4.8383249559087922 -0.35964853636735011 -0.8993889432788682 0.075524471234790197 0.96975827805798864 -2.8861485895215853 -0.21730038411376848 0.045023577129481504 -0.17575026673734231 1.6940110805207744 8.0540243249190819 -0.43355331477831682 -0.35543318566905191 -3.5545563733850321 -0.05240641561239897 -0.032405166870473179 0.011876429263758616 -3.0053795100015441 13.569574564390486 0.0015173799290087331 -0.057600505288014331 0.016247431568417951 0.011434840846695344
leaf_weight=1043 62 29 162 116 70 77 109 257 40 175 29 59 141 60 37 28 69 33 34 211 81 30 80 67 70 80 68 29 47 201 47 329 227 56 57 25 87 22 20 42 289 72 155 111 82 31 37 180 103 29 88 102 35 22 49 30 22 31 597 20 35 380
leaf_count=1043 62 29 162 116 70 77 109 257 40 175 29 59 141 60 37 28 69 33 34 211 81 30 80 67 70 80 68 29 47 201 47 329 227 56 57 25 87 22 20 42 289 72 155 111 82 31 37 180 103 29 88 102 35 22 49 30 22 31 597 20 35 380
internal_value=-0.0022733 -0.0118228 0.000209888 -0.000131483 0.000738599 0.000229852 0.000971929 -0.00412305 0.000674658 0.000484807 -0.00223813 0.00846676 0.00135208 -0.00175471 -0.00798768 -0.00139856 0.000532163 -0.00204065 0.00455942 0.00322816 0.00249763 0.00678103 -0.00109515 0.000536451 0.00315098 -0.0105591 -0.00206666 -0.0026526 0.00136113 -0.00321974 -0.00294399 -0.000709918 0.000548966 0.00206664 0.00182963 -0.00166765 0.00104371 -0.00466499 0.00800244 0.00146623 -0.00405384 -0.00251577 5.28402e-05 -7.83801e-05 -0.000835735 -0.00605928 -0.00606256 -0.000760206 -0.000324818 -0.00108002 -0.0016117 0.000396733 -0.00391826 0 -0.00643326 0.00355899 -0.00166987 0.00474576 0.00235036 0.00564899 0.000217786 0.00179306
internal_weight=7006 1446 5560 5339 3164 2793 2034 403 1952 1912 461 221 1451 759 146 2175 558 241 371 301 317 99 682 218 137 109 1617 1322 163 1159 1130 376 295 267 1310 169 112 279 82 182 754 428 227 153 104 91 326 213 591 511 482 257 225 88 137 155 52 53 1141 164 55 977
internal_count=7006 1446 5560 5339 3164 2793 2034 403 1952 1912 461 221 1451 759 146 2175 558 241 371 301 317 99 682 218 137 109 1617 1322 163 1159 1130 376 295 267 1310 169 112 279 82 182 754 428 227 153 104 91 326 213 591 511 482 257 225 88 137 155 52 53 1141 164 55 977
is_linear=0
shrinkage=0.03


Tree=144
num_leaves=63
num_cat=0
split_feature=55 10 55 34 55 69 10 55 10 58 56 61 64 25 63 45 56 59 34 51 26 2 35 59 60 63 61 57 25 30 6 25 59 48 49 23 37 56 2 56 39 7 60 56 55 10 19 64 57 66 49 2 49 53 29 41 25 0 45 27 1 53
split_gain=175.136 34.3547 17.7154 6.38933 8.20843 5.55476 4.85939 4.9053 3.7896 3.72691 5.40262 3.43635 4.19514 3.72428 4.22444 3.97389 3.7698 3.71478 3.41648 3.39785 3.34042 3.16263 3.15012 3.23765 3.11043 2.98751 2.94815 2.82143 3.01117 2.77228 2.7254 2.90206 2.95863 2.73096 2.72176 2.67938 3.06365 2.6136 2.83072 2.57353 2.51534 3.00478 2.79411 2.50924 2.96522 2.68779 2.50381 2.79228 2.41102 2.64717 2.96305 3.36884 2.34366 4.08575 3.62332 3.91988 3.63466 2.85611 2.88586 2.84205 2.98275 2.78875
threshold=13.500000000000002 0.74305326206722599 10755.000000000002 -0.81327009816320472 2823.5000000000005 83988.000000000015 0.87900005428953576 8662.0000000000018 0.87900005428953576 4821.604166666667 8299.5000000000018 1108.5000000000002 8308.5000000000018 74.518400000000014 249.50000000000003 33851.500000000007 9767.0000000000018 4359.5000000000009 0.77689139346648528 1689.0000000000002 69.222267541666682 92.362648000000021 10329.000000000002 1130.5000000000002 5634.5000000000009 3840.5000000000005 1572.5000000000002 10977.000000000002 71.931865000000016 54.853711598603276 6.5000000000000009 95.399860000000018 3705.5000000000005 85.500000000000014 704.50000000000011 50.579668000000005 23774.500000000004 11.500000000000002 75.136020000000016 2522.0000000000005 46269.500000000007 8.5000000000000018 545.50000000000011 8034.0000000000009 4024.0000000000005 0.56392291514228221 15.825000000000001 4824.5000000000009 7566.5000000000009 4191.7916666666679 1841.5000000000002 91.860232500000009 753.50000000000011 1211.5000000000002 63.774949867853586 62840.000000000007 58.071308500000008 125883.50000000001 32492.500000000004 11.183946821883794 3.0250000000000004 607.50000000000011
decision_type=2 2 2 2 2 2 2 2 2 2 2 2 2 2 2 2 2 2 2 2 2 2 2 2 2 2 2 2 2 2 2 2 2 2 2 2 2 2 2 2 2 2 2 2 2 2 2 2 2 2 2 2 2 2 2 2 2 2 2 2 2 2
left_child=1 -1 3 4 30 22 7 43 21 11 20 27 13 14 17 35 24 -13 -14 -4 34 29 23 -5 52 -26 -25 28 -7 -3 31 32 -2 -32 -11 39 48 -24 -39 -15 -35 -42 -43 44 -6 -46 47 -40 49 50 51 -37 53 59 55 56 -54 -56 -59 -16 -61 -62
right_child=2 8 19 5 6 9 -8 -9 -10 10 -12 12 18 15 16 -17 -18 -19 -20 -21 -22 -23 37 26 25 -27 -28 -29 -30 -31 33 -33 -34 40 -36 36 -38 38 46 -41 41 42 -44 -45 45 -47 -48 -49 -50 -51 -52 -53 54 -55 57 -57 -58 58 -60 60 61 -63
leaf_value=-0.22205519060191689 -0.11602002357624468 -0.079087873705706177 14.113080312979518 -0.29728371171859203 -1.8696035527704542 0.014706178762640628 23.960121951569626 12.802307664464987 -0.24531943857794544 -0.17168449978145928 15.0178844196918 2.9297901365162851 0.093384868872880847 0.29217720774175887 -0.24463052357620341 0.23435323199370606 -3.8686749581114146 -0.39965370098131986 -0.059058336818252177 0.86094198465329097 0.81406043387153881 -0.029772212840267008 0.02816110031016052 0.571126552953927 4.5584942770466155 -1.1491217286053097 -0.38853244392566461 -3.8644332692925309 -0.0084728291738142229 -0.24776984789977335 -0.27879901061169132 0.004560648855688249 0.63436473567471297 0.017395993082990929 0.010180812393981071 -0.33364519177064639 -0.23255954107791452 -0.013678140131842155 -0.001206295423962267 -0.80211821788740501 -0.1478292719749785 -0.017968424239417614 0.029037764722389631 -3.1097895961918494 0.27410595351648226 11.455730320373517 0.029548997475967818 0.070295114836421493 6.4444962084220876 -0.019068761187787685 0.24940235460605037 0.0060596973889475159 -0.80482928778571172 0.057559502198721614 -0.33002492846453185 3.3454703992465964 -0.019916286496091722 0.082254028009976568 -3.1469001967047094 0.059029106599464351 -0.68389162057980291 0.007431315772076061
leaf_weight=1043 278 29 162 68 20 558 102 77 257 51 54 74 73 23 218 25 139 33 43 59 31 37 51 46 64 22 35 44 548 80 20 37 53 198 39 246 156 75 97 21 36 36 23 83 64 74 69 37 27 163 21 38 145 297 48 71 178 33 29 37 53 158
leaf_count=1043 278 29 162 68 20 558 102 77 257 51 54 74 73 23 218 25 139 33 43 59 31 37 51 46 64 22 35 44 548 80 20 37 53 198 39 246 156 75 97 21 36 36 23 83 64 74 69 37 27 163 21 38 145 297 48 71 178 33 29 37 53 158
internal_value=-0.0022733 -0.0115739 0.000145141 -0.00019891 0.00183635 -0.000728392 0.00513449 0.00329142 -0.00412305 -0.00111619 0.00315248 -0.00132549 -0.00196378 -0.00224311 -0.00143331 -0.00403694 -0.00184773 0.00431373 0.00359173 0.00846676 -0.000346821 -0.00798768 0.00231542 -0.00128773 -0.00136132 0.00414634 0.00273736 2.34762e-05 0.000322756 -0.0105591 -0.000193804 -0.00194784 -0.00284506 0.00185883 -0.00329634 -0.00446267 -0.00494855 0.00395624 0.00279396 0.00265306 0.0025998 -0.00138801 0.00274112 0.00116964 0.00339658 0.00497466 0.00463811 0.00221477 -0.00378105 -0.00428755 -0.00593904 -0.00674762 -0.00173783 -0.000684052 -0.00332672 -0.00197158 -0.00337976 -0.00814714 -0.00381643 -0.00243939 -0.000229746 -0.00162009
internal_weight=7006 1446 5560 5339 1101 4238 420 318 403 3760 175 3585 2435 2319 1599 720 1492 107 116 221 121 146 478 149 1353 86 81 1150 1106 109 681 368 331 313 90 695 651 329 278 44 293 95 59 241 158 138 203 134 495 468 305 284 1267 763 504 394 323 110 62 466 248 211
internal_count=7006 1446 5560 5339 1101 4238 420 318 403 3760 175 3585 2435 2319 1599 720 1492 107 116 221 121 146 478 149 1353 86 81 1150 1106 109 681 368 331 313 90 695 651 329 278 44 293 95 59 241 158 138 203 134 495 468 305 284 1267 763 504 394 323 110 62 466 248 211
is_linear=0
shrinkage=0.03


Tree=145
num_leaves=63
num_cat=0
split_feature=55 10 55 61 4 16 39 62 34 31 15 48 21 45 27 56 19 34 16 34 55 51 24 38 2 35 65 41 27 12 43 14 56 46 21 38 15 19 65 39 0 3 18 47 41 59 4 16 28 49 65 62 4 32 21 62 54 19 25 23 55 32
split_gain=175.327 31.8856 16.077 8.42109 4.23485 4.18789 4.85758 3.89784 3.86759 3.30717 3.23634 3.98556 3.20479 3.08818 3.76003 3.55585 3.38 3.34556 3.93916 3.23688 3.35639 2.96289 2.90995 2.90133 2.97524 2.88229 2.84307 2.7506 2.72408 2.70734 3.05528 2.6994 2.67319 2.5889 2.69062 3.61138 3.35298 3.05029 2.79429 2.54507 2.52963 3.36529 2.74179 2.4305 2.42159 2.31549 2.25839 2.24965 2.63893 2.23312 2.21897 2.21847 3.10506 2.20347 2.60106 2.19641 3.69521 2.16894 2.16283 2.99799 2.58774 4.50126
threshold=12.500000000000002 0.74305326206722599 10755.000000000002 1456.5000000000002 10.500000000000002 5273.5000000000009 45046.000000000007 2147.479166666667 -1.0905774303575766 68.893286965451821 5207.7899961946814 210.50000000000003 1.432916286544663 27654.500000000004 12.042128634081804 14.500000000000002 -1.1249999999999998 -0.95030863824556266 317.50000000000006 -0.79929168459663547 6248.0000000000009 1689.0000000000002 86.227727500000015 12009.000000000002 81.543725000000009 9876.5000000000018 7617.5000000000009 30172.500000000004 14.415444930824442 93733.500000000015 31642.500000000004 78509.812500000015 11.500000000000002 30321.291666666668 2.8754945613112715 19645.750000000004 13802.913836316633 23.925000000000001 991.00000000000011 32593.000000000004 132002.00000000003 63.263681648586761 30.475000000000005 719.50000000000011 45148.500000000007 579.50000000000011 9.5000000000000018 -2192.9999999999995 -2.8964345000000011 368.50000000000006 938.50000000000011 2276.2916666666674 18.500000000000004 60.101104628000527 4.6213724512608056 2203.6875000000005 1700.1458333333335 14.425000000000002 41.549354500000007 42.817653500000006 8963.5000000000018 56.456192831597868
decision_type=2 2 2 2 2 2 2 2 2 2 2 2 2 2 2 2 2 2 2 2 2 2 2 2 2 2 2 2 2 2 2 2 2 2 2 2 2 2 2 2 2 2 2 2 2 2 2 2 2 2 2 2 2 2 2 2 2 2 2 2 2 2
left_child=1 -1 3 5 7 6 13 -3 23 10 49 55 43 14 46 16 -15 -18 -19 20 25 28 -9 57 29 -17 33 -27 -4 -25 -31 -13 44 -14 -35 36 38 47 -36 -34 42 -42 -41 -8 -33 -29 -2 -37 -49 -10 -7 52 -30 54 -47 -12 -57 -5 -21 -60 -61 -62
right_child=2 4 21 8 -6 50 12 22 9 -11 11 31 26 15 -16 19 17 18 -20 58 -22 -23 -24 24 -26 27 -28 45 51 30 -32 32 39 34 35 37 -38 -39 -40 40 41 -43 -44 -45 -46 53 -48 48 -50 -51 -52 -53 -54 -55 -56 56 -58 -59 59 60 61 -63
leaf_value=-0.26508182709274658 -0.01891325753710639 -0.21865368286366013 15.444463771298578 -4.1763711900143603 -0.26151347443664663 0.15506844383637144 -0.0077868497227310124 -0.66873982951416933 -0.29961430323510763 -0.14405599111217379 0.11941099858770514 -3.5328222194781174 0.022399468747140359 -0.066104912770525479 -0.26422553720588077 12.962106513154712 -0.00071728405374003044 0.019057988692599642 0.0064720390501252466 2.4400218956655952 11.177091017234416 0.83511372511371518 0.078841008122479572 15.645483203399399 -0.19515036813036551 -0.55369003388689564 -0.53637412585686206 -0.0021117068446842246 9.3116609074907313 -1.6074358046995438 9.0233436486104797 -0.014468084833807956 0.066640186905703724 -0.089564078389307494 -3.5929481578272133 0.009083222953935266 -0.21622705647763216 -0.74113628036812051 0.0028149939086176442 -0.074022489718628889 13.876940616705715 0.016895490862133898 -4.5064297100652766 0.53760644820942849 -0.27650764598201205 0.075212432545818261 4.4173798926491328 7.2722573064034526 -0.079216775618010313 -0.046241671229654634 11.490419877614325 17.644811621420313 -6.7661806381627132 -0.048475520941734795 -0.018559123909837643 -0.1677559487451068 12.232465912074534 1.5326263347528786 -9.1455071669453076 -0.00028354880407356121 0.12476126778128672 14.878441101845382
leaf_weight=972 24 79 85 35 242 33 55 20 327 46 109 25 46 22 65 40 38 94 43 45 115 59 36 67 39 41 31 124 30 24 31 35 85 194 27 84 28 48 80 1167 33 219 43 39 50 89 59 31 54 242 71 24 23 49 30 69 29 32 22 873 91 44
leaf_count=972 24 79 85 35 242 33 55 20 327 46 109 25 46 22 65 40 38 94 43 45 115 59 36 67 39 41 31 124 30 24 31 35 85 194 27 84 28 48 80 1167 33 219 43 39 50 89 59 31 54 242 71 24 23 49 30 69 29 32 22 873 91 44
internal_value=-0.00218767 -0.0119057 0.000129395 -0.000192601 -0.00448687 0.000982742 0.0007474 -0.00874907 -0.0013786 -0.00172321 -0.00157084 -0.000964004 -0.00135546 0.00153923 -0.0026131 0.00189023 0.00569254 0.00709309 0.0092779 0.00140874 0.00343577 0.0080597 -0.00262032 0.00235423 0.00454376 0.00204235 -0.0021377 0.00111678 0.0101604 0.00685504 0.00185118 -0.00145555 -0.00130323 -0.00166695 -0.00224684 -0.000673104 -0.00452998 0.0017135 -0.00207283 -0.00101609 -0.00131113 0.0014161 -0.00188166 0.00379384 -0.00648649 0.00214653 0.00158845 0.00361916 0.000141011 -0.00355298 0.00688761 0.00599222 0.00248588 0.00444378 0.00664987 0.00295509 -0.000275229 -0.0028614 0.000485536 0.000200951 0.000443408 0.00430792
internal_weight=7006 1349 5657 5436 377 2729 2625 135 2707 2479 2433 1864 717 1908 148 1760 197 175 137 1563 488 221 56 228 161 373 623 333 162 122 55 1657 1632 592 546 352 135 217 107 1547 1462 252 1210 94 85 292 83 169 85 569 104 77 53 168 119 207 98 67 1075 1030 1008 135
internal_count=7006 1349 5657 5436 377 2729 2625 135 2707 2479 2433 1864 717 1908 148 1760 197 175 137 1563 488 221 56 228 161 373 623 333 162 122 55 1657 1632 592 546 352 135 217 107 1547 1462 252 1210 94 85 292 83 169 85 569 104 77 53 168 119 207 98 67 1075 1030 1008 135
is_linear=0
shrinkage=0.03


Tree=146
num_leaves=63
num_cat=0
split_feature=55 10 55 61 4 16 55 10 39 2 18 15 59 17 17 16 24 49 28 56 16 33 22 43 56 15 55 55 34 45 40 33 53 2 37 64 34 55 32 45 15 30 53 64 33 63 52 24 23 59 23 16 27 3 56 49 34 4 6 53 35 45
split_gain=172.651 32.8824 16.2708 8.18977 4.55979 4.28255 4.01656 5.07258 4.0032 3.63109 3.2237 3.94388 4.10233 3.76957 3.51108 3.37851 3.32463 2.98387 2.97166 5.02942 3.64559 3.05498 2.80881 2.73598 3.32704 3.00508 2.74305 2.72495 3.19999 2.58786 2.64937 2.57611 2.57005 3.16965 2.54345 2.42871 2.42091 4.18779 3.44044 3.53633 3.74048 3.25273 2.808 2.82779 2.74806 2.63471 2.37489 2.33493 2.2846 3.79797 4.1662 2.59582 2.75859 2.49431 2.30829 2.28356 2.27756 2.26439 2.62742 4.44897 2.24892 2.9448
threshold=12.500000000000002 0.74305326206722599 10755.000000000002 1456.5000000000002 10.500000000000002 5273.5000000000009 4521.5000000000009 0.74305326206722599 45046.000000000007 92.362648000000021 21.875000000000004 5207.7899961946814 1753.5000000000002 28.725000000000005 3.7250000000000005 -3152.9999999999995 58.045719000000005 228.50000000000003 -1.4194049999999938 6673.5000000000009 1881.0000000000002 1.8656610044038298 1.4000000000000015 32620.000000000004 8446.5000000000018 13802.913836316633 5959.0000000000009 11390.000000000002 0.97458667083795814 31456.500000000004 34347.500000000007 3.5802547150316242 2162.0000000000005 54.67879150000001 21211.000000000004 7486.5000000000009 0.053329851142642333 8286.0000000000018 50.93756903486247 27554.500000000004 4981.7510867941483 51.196135153362739 1244.5000000000002 6674.0000000000009 1.7767761119482721 3098.5000000000005 629.50000000000011 61.876575500000008 87.419110000000003 552.50000000000011 58.045719000000005 694.50000000000011 10.20157729017626 53.301349073517365 20.500000000000004 205.50000000000003 1.0701274507413994 17.500000000000004 6.5000000000000009 1925.5000000000002 14504.500000000002 31939.500000000004
decision_type=2 2 2 2 2 2 2 2 2 2 2 2 2 2 2 2 2 2 2 2 2 2 2 2 2 2 2 2 2 2 2 2 2 2 2 2 2 2 2 2 2 2 2 2 2 2 2 2 2 2 2 2 2 2 2 2 2 2 2 2 2 2
left_child=1 -1 3 5 9 8 10 18 36 -3 11 12 -5 17 34 -16 -13 -12 19 -8 -20 -22 -9 24 26 -25 -10 28 -4 30 -17 35 33 -23 -14 -18 37 38 -2 -40 44 56 43 60 -41 -39 -42 -47 49 50 -48 52 -50 -53 -54 -46 -38 -21 -59 -60 61 -43
right_child=2 4 27 6 -6 -7 7 22 23 -11 13 16 14 -15 15 29 31 -19 20 57 21 32 -24 25 -26 -27 -28 -29 -30 -31 -32 -33 -34 -35 -36 -37 41 45 39 40 46 42 -44 -45 55 47 48 -49 51 -51 -52 53 54 -55 -56 -57 -58 58 59 -61 -62 -63
leaf_value=-0.25712937227996419 0.01534749328191058 -0.22353146311178043 9.0659608317211493 -0.68513046448477644 -0.25366807020354643 7.9370322734460297 3.1946250304873502 -0.44537647212818227 4.0234544562647296e-05 -0.022319435969149169 0.0030890553424208988 -0.13350306721720243 0.051719245145211833 0.23874172090062834 0.014810802797426649 -0.028888544131353722 0.0042232300804161405 -0.2006187609280897 -0.093125465927111004 -0.12426162137231585 13.163262920559063 11.790747256162158 25.099070943691913 -0.1308976663963215 -1.93316397991141 -4.7722284852038275 6.068206305176818 18.696712878932775 -0.79218805810061887 0.028003762548314413 -0.27380372702053329 -0.1468638097192381 -2.1996896352007025 -0.17881976219875126 -0.083925274160188079 0.087000992849063291 -3.8553262029285178 14.577740457478466 -0.095292428369652946 -0.85562890075888054 -0.026766342048014733 -0.036236145794939487 0.03355042598472522 0.021384765973642902 -0.43677453134046118 -0.50279797953556227 -0.1117955031646363 19.702946970079363 -0.010746111728125899 0.062034513438998358 0.0041362519160163909 3.3083879490416255 0.017359211960794277 -1.9861055343679799 0.016518554088679183 0.013489435461559011 3.2826201798926737 -6.1633027098104778 3.4057903327324399 -4.1095573260988019 0.012585119908485466 -0.43517466163113994
leaf_weight=972 75 100 124 122 242 104 91 23 390 35 38 91 115 30 27 30 512 240 568 71 35 63 45 162 86 22 57 67 30 26 120 108 33 34 63 49 77 59 53 33 41 126 251 50 47 50 28 34 44 248 267 20 29 77 68 87 23 74 28 71 79 42
leaf_count=972 75 100 124 122 242 104 91 23 390 35 38 91 115 30 27 30 512 240 568 71 35 63 45 162 86 22 57 67 30 26 120 108 33 34 63 49 77 59 53 33 41 126 251 50 47 50 28 34 44 248 267 20 29 77 68 87 23 74 28 71 79 42
internal_value=-0.00221764 -0.0118612 8.16673e-05 -0.000242269 -0.00432776 0.000916786 -0.00141184 -5.01716e-05 0.000678831 -0.00874907 -0.0023945 -0.00171958 -0.00378056 -0.00515093 -0.00223563 -0.00493353 -0.00035127 -0.00624595 -0.000558936 -0.00290063 0.000507434 0.00443368 0.00788546 -0.00122995 -0.000135059 -0.00438349 0.000899128 0.0080597 0.0058209 -0.00645656 -0.00797468 0.000376625 0.00228286 0.00475798 0.000825379 0.00119765 0.00139773 0.00216411 0.00154149 0.00109107 0.00149833 -8.79494e-05 0.000815545 -0.00115113 -0.00258528 0.0070021 0.00233183 0.00353151 0.00270388 0.00377831 0.00146391 0.000239395 0.00284904 -0.00352214 0.00568486 -0.00064877 -0.00506494 -0.00514953 -0.00700173 -0.00375378 -0.00247673 -0.00444378
internal_weight=7006 1349 5657 5436 377 2729 2707 1136 2625 135 1571 1263 503 308 381 203 760 278 1068 335 733 165 68 717 533 184 447 221 154 176 150 669 130 97 178 561 1908 1260 1117 1042 989 648 548 297 167 143 822 84 781 543 295 238 141 97 97 134 100 244 173 99 247 168
internal_count=7006 1349 5657 5436 377 2729 2707 1136 2625 135 1571 1263 503 308 381 203 760 278 1068 335 733 165 68 717 533 184 447 221 154 176 150 669 130 97 178 561 1908 1260 1117 1042 989 648 548 297 167 143 822 84 781 543 295 238 141 97 97 134 100 244 173 99 247 168
is_linear=0
shrinkage=0.03


Tree=147
num_leaves=63
num_cat=0
split_feature=55 10 55 61 4 58 55 10 2 56 13 51 66 55 58 44 18 15 59 58 52 22 17 40 68 48 51 27 22 21 49 54 37 44 28 56 18 58 66 26 37 29 27 22 25 18 45 66 40 4 52 60 56 26 54 54 64 64 18 46 21 4
split_gain=173.572 32.8824 14.5301 8.73888 4.55979 4.27958 3.64736 5.14064 3.63109 3.55448 3.98535 3.74246 3.37652 3.61625 5.69246 4.07088 3.36008 3.98904 3.7889 3.68098 3.74225 3.31829 3.29712 3.61262 3.26458 3.08404 3.07211 2.90816 2.80881 2.71249 3.89421 3.1301 3.027 5.50216 2.61378 4.84669 3.08329 3.0156 2.59973 2.70096 2.59661 3.22581 2.62875 2.57575 4.65323 3.01092 3.1286 2.63387 2.87058 2.56422 2.46791 2.52964 2.46178 2.36864 2.68965 2.36807 2.95911 2.35537 2.29204 2.92132 2.22731 2.75361
threshold=12.500000000000002 0.74305326206722599 10755.000000000002 1456.5000000000002 10.500000000000002 4755.729166666667 4521.5000000000009 0.74305326206722599 92.362648000000021 15.500000000000002 103013.00000000001 1518.5000000000002 8434.8750000000018 8662.0000000000018 3296.1875000000005 31769.500000000004 21.875000000000004 5207.7899961946814 1753.5000000000002 4383.791666666667 2040.5000000000002 1.5000000000000007 4.5750000000000002 34347.500000000007 98313.500000000015 2381.0000000000005 1689.0000000000002 14.344070517590625 1.4000000000000015 2.0123908456955779 346.50000000000006 2102.6458333333335 25764.500000000004 33096.500000000007 -1.4194049999999938 6621.5000000000009 5.2250000000000005 3038.3750000000005 3002.6666666666674 79.662190937500014 10209.000000000002 52.85754418639214 16.625004749383294 1.3750000000000002 61.001686000000007 17.575000000000006 27654.500000000004 2719.1041666666674 51322.000000000007 18.500000000000004 829.50000000000011 2391.5000000000005 10802.500000000002 59.215402687500003 1185.8750000000002 1592.7291666666667 1507.5000000000002 4022.5000000000005 31.625000000000004 32648.750000000004 4.6025788271895509 22.500000000000004
decision_type=2 2 2 2 2 2 2 2 2 2 2 2 2 2 2 2 2 2 2 2 2 2 2 2 2 2 2 2 2 2 2 2 2 2 2 2 2 2 2 2 2 2 2 2 2 2 2 2 2 2 2 2 2 2 2 2 2 2 2 2 2 2
left_child=1 -1 3 5 8 9 16 34 -3 10 11 40 13 29 -15 52 17 18 -5 25 -21 -7 38 -24 -25 -18 27 -4 -9 31 32 55 33 43 35 -8 -36 -37 -20 50 42 -42 -2 45 -45 -31 -47 48 -48 -29 51 -40 -16 54 -32 56 -11 -58 59 -39 61 -38
right_child=2 4 26 6 -6 21 7 28 -10 12 -12 -13 -14 14 15 -17 19 -19 22 20 -22 -23 23 24 -26 -27 -28 49 -30 30 53 -33 -34 -35 36 37 60 58 39 -41 41 -43 -44 44 -46 46 47 -49 -50 -51 -52 -53 -54 -55 -56 -57 57 -59 -60 -61 -62 -63
leaf_value=-0.24941549111156527 0.0076289566092739665 -0.21682551921842702 14.709151033207963 -0.66457655055023312 -0.24605802809744068 0.0048527309739853659 4.0757071192892091 -0.43201517796433109 -0.021649852890074719 6.2918915295537214 -0.078197915093066256 0.02224127395448617 6.2470808841069356 19.27526181742034 0.019072663257848035 6.7133351993870924 -0.21705338937737459 -0.0028068048944792246 -0.48775871842464352 0.61730663436768329 -0.15116123181427865 21.30970888821199 0.044455721270625172 -0.22986998272373016 0.066888086230822846 0.018533764636367332 0.538081488408643 12.79339634612721 24.346098815381154 0.0062174595163521041 0.23948111654493437 0.030781692500963905 2.6010413380463704 -0.81809579077571237 -0.92913962284446527 -3.838521429845041 0.70207217583129022 -0.13541254383735576 -0.48948543325634664 -0.22168308456586885 0.0036904375644009322 -0.0017411878538312919 -0.0002284061436445306 -0.99957131123070209 12.699491769278747 -9.0491284953701232 -0.064999652949085621 0.49970678421778825 0.027453619264018271 -0.42263709977729375 0.066900597694591113 1.5872924383416267 -4.5621260784531472 -0.20677905125401391 -0.022001110125335923 -0.2849147767908487 -0.033107967384205669 0.024348003584470541 -8.2555213575344624 -6.7366205796528078 -0.40432637037937408 -0.40549383903350755
leaf_weight=972 58 100 81 122 242 117 89 23 35 30 42 80 25 67 153 67 216 760 41 21 27 35 40 127 23 44 59 46 45 400 30 28 23 114 41 35 466 160 27 23 24 98 21 40 146 25 219 44 39 35 66 34 25 436 36 25 120 162 20 31 100 126
leaf_count=972 58 100 81 122 242 117 89 23 35 30 42 80 25 67 153 67 216 760 41 21 27 35 40 127 23 44 59 46 45 400 30 28 23 114 41 35 466 160 27 23 24 98 21 40 146 25 219 44 39 35 66 34 25 436 36 25 120 162 20 31 100 126
internal_value=-0.00219195 -0.0118612 0.000113486 -0.000192601 -0.00432776 0.00100473 -0.00140076 -0.000102984 -0.00874907 0.000714757 0.00365831 0.00495197 0.000291469 0.000166883 0.00316245 0.00102815 -0.00233722 -0.00164833 -0.00372093 -0.00515093 0.00243243 0.00589744 -0.00223563 -0.00503419 -0.00717522 -0.00656286 0.00765265 0.00979025 0.00788546 -0.000319232 -0.000867856 0.00200493 0.000168555 -7.01003e-05 -0.000615111 -0.0028111 0.000384668 -0.00498578 0.000533752 0.00237841 0.0027449 0 0.00697851 0.000703099 0.00385277 -9.90235e-05 -0.00223785 -0.00138034 -0.00254552 0.00569667 0.004107 -0.000196399 -0.00133071 -0.00304123 0.0022239 0.00119252 0.00191285 0.000946473 -0.00360966 -0.00257457 0.000862592 0.00156561
internal_weight=7006 1349 5657 5436 377 2729 2707 1136 135 2577 323 281 2254 2229 312 245 1571 1263 503 308 48 152 381 190 150 260 221 162 68 1917 1552 365 1050 1027 1068 335 733 246 191 150 201 122 79 913 186 727 327 302 258 81 127 61 178 502 66 337 312 282 211 191 692 592
internal_count=7006 1349 5657 5436 377 2729 2707 1136 135 2577 323 281 2254 2229 312 245 1571 1263 503 308 48 152 381 190 150 260 221 162 68 1917 1552 365 1050 1027 1068 335 733 246 191 150 201 122 79 913 186 727 327 302 258 81 127 61 178 502 66 337 312 282 211 191 692 592
is_linear=0
shrinkage=0.03


Tree=148
num_leaves=63
num_cat=0
split_feature=55 10 55 4 58 45 4 4 3 62 41 69 56 55 28 46 37 49 50 56 17 13 49 7 39 68 43 20 27 27 65 51 28 57 43 45 65 62 43 3 31 7 49 65 16 43 41 26 65 51 27 11 56 13 27 27 30 3 39 66 68 40
split_gain=172.591 32.4945 13.4636 5.56928 5.63455 5.24282 4.55979 4.33564 6.27124 3.89784 3.83588 4.02728 5.348 4.02154 3.69002 3.35065 3.309 3.27833 3.18747 3.15596 3.14233 3.20234 3.01842 5.1057 4.41444 3.70793 4.34378 3.43437 3.0005 2.99832 2.95069 3.15452 3.11501 3.75287 3.2345 3.02778 3.47587 3.85736 3.02375 2.9196 2.91267 2.90411 2.8494 2.86271 4.16642 2.84583 4.05295 2.81158 2.80394 2.79368 2.91142 2.73659 2.70291 2.63373 2.62752 3.98706 2.74011 2.56064 2.52825 2.89066 4.54368 5.44849
threshold=12.500000000000002 0.74305326206722599 10755.000000000002 2.5000000000000004 4789.9375000000009 33206.500000000007 10.500000000000002 17.500000000000004 47.170321691687768 2147.479166666667 25456.000000000004 108514.50000000001 12.500000000000002 4384.0000000000009 -4.3902049999999972 33678.166666666679 28477.000000000004 1599.5000000000002 298.87500000000006 9819.5000000000018 11.175000000000002 76829.000000000015 330.50000000000006 9.5000000000000018 47905.500000000007 101262.00000000001 31769.500000000004 24.67604166666667 10.898370071307879 3.822255081547842 4167.5000000000009 1041.5000000000002 -3.1629585000000016 8519.0000000000018 31398.500000000004 32332.500000000004 1784.5000000000002 1231.7500000000002 29936.500000000004 50.508136398715145 53.942530137845431 8.5000000000000018 773.50000000000011 1047.5000000000002 -4844.9999999999991 32630.500000000004 38547.500000000007 80.872731541666681 2225.5000000000005 1689.0000000000002 14.344070517590625 101133.00000000001 1.5000000000000002 82875.000000000015 16.354651493598599 17.022673600133494 58.327497306469084 57.26393278982615 29947.500000000004 915.72916666666674 92239.000000000015 50601.500000000007
decision_type=2 2 2 2 2 2 2 2 2 2 2 2 2 2 2 2 2 2 2 2 2 2 2 2 2 2 2 2 2 2 2 2 2 2 2 2 2 2 2 2 2 2 2 2 2 2 2 2 2 2 2 2 2 2 2 2 2 2 2 2 2 2
left_child=1 -1 3 5 7 22 9 8 -5 -3 -10 12 28 16 -6 19 29 -18 20 30 21 -14 25 24 -24 -2 -27 -26 -12 -13 32 40 -9 34 38 36 37 -35 48 -22 -32 -36 45 -44 -45 46 -25 -48 57 50 -4 -15 -30 -23 58 -56 -57 -34 -20 60 -60 -62
right_child=2 6 49 4 14 -7 -8 15 10 -11 11 13 18 51 -16 -17 17 -19 54 -21 39 53 23 42 27 26 -28 -29 52 -31 31 -33 33 35 41 -37 -38 -39 -40 -41 -42 -43 43 44 -46 -47 47 -49 -50 -51 -52 -53 -54 -55 55 56 -58 -59 59 -61 61 -63
leaf_value=-0.24193302637821834 -0.26691868148218012 -0.19888336290784409 14.267876502211712 18.630295398224742 19.541634305372664 0.029824330189197602 -0.23867628725451773 -1.195919449820035 -0.39499557078588399 -0.26706739071663627 -0.0038425742967286422 0.12581190916533158 0.069095328443808654 11.732858757599056 0.010162475357861566 -0.46122768519391683 0.027051317641967287 -0.087091452438443184 -0.092620179304053626 -2.2153345838178575 0.0031301981997505467 -0.82835847111153271 0.067528195736018398 -0.15681275352973989 -0.095551852279770796 0.072933911015126293 -0.19402707894457855 0.24693454921126479 -0.0001366197389328505 -0.15374897274572519 1.3525380291959026 -1.570625814213622 -3.1809526197488593 11.645021310391911 4.638346802928722 11.43126512810513 6.657088614509612 -1.2798089805240669 -3.2532214679830926 -0.26398288855618263 -0.45436166662663252 0.01990622865212572 -0.26565122565895322 0.063503316287384662 -0.15408349673749216 -0.39696986197478418 0.023785682969738067 0.069552114106959786 1.3680087893091057 0.52193904375639244 7.6100388223666044 0.04058267578223422 0.016083992916167241 0.0086958911155315729 -0.30378954398610852 0.058855826228191285 -0.021904702397436786 0.040132278867861901 0.012857385972851656 0.019287944969420712 -0.89310919111646514 1.0298189247495793
leaf_weight=972 113 79 81 62 49 69 242 138 28 56 54 21 31 46 228 119 52 77 89 182 36 29 65 41 55 25 36 24 34 309 126 213 52 21 66 50 60 74 60 210 81 217 67 20 137 26 86 28 50 59 81 174 136 181 86 55 52 51 32 933 58 22
leaf_count=972 113 79 81 62 49 69 242 138 28 56 54 21 31 46 228 119 52 77 89 182 36 29 65 41 55 25 36 24 34 309 126 213 52 21 66 50 60 74 60 210 81 217 67 20 137 26 86 28 50 59 81 174 136 181 86 55 52 51 32 933 58 22
internal_value=-0.00217482 -0.0118168 0.000124092 -0.000170527 0.000225447 -0.0024959 -0.00432776 -3.70956e-05 0.00066688 -0.00874907 0.000452443 0.000567517 0.00123497 -0.00143131 0.00437387 -0.00130569 -0.00303202 0.00102246 0.000692906 -0.000903477 -0.00137959 0.00104521 -0.00325266 -0.00215261 0.00268563 -0.00670304 -0.000687398 -0.00204804 0.0056091 -0.00462587 -0.000366929 -0.00242085 0.000657848 0.00147197 5.44245e-05 0.00488542 0.0027853 -0.000757098 -0.00273111 -0.00376676 0.000202801 0.00216178 -0.00388052 -0.00614458 -0.00389561 -0.00106019 0.000464217 0.00339176 -0.000470281 0.00738128 0.00942011 0.00189459 0.00756614 -0.000271299 0.00145581 -0.0017711 0.00207283 -0.00331717 0.00200776 0.00242273 -0.00211418 -0.00595506
internal_weight=7006 1349 5657 5436 4644 792 377 4367 2807 135 2745 2717 2038 679 277 1560 459 129 1814 1441 487 241 723 549 144 174 61 79 224 330 1259 420 839 701 496 205 155 95 213 246 207 283 405 224 157 181 155 114 153 221 162 220 170 210 1327 193 107 103 1134 1045 112 80
internal_count=7006 1349 5657 5436 4644 792 377 4367 2807 135 2745 2717 2038 679 277 1560 459 129 1814 1441 487 241 723 549 144 174 61 79 224 330 1259 420 839 701 496 205 155 95 213 246 207 283 405 224 157 181 155 114 153 221 162 220 170 210 1327 193 107 103 1134 1045 112 80
is_linear=0
shrinkage=0.03


Tree=149
num_leaves=63
num_cat=0
split_feature=55 10 55 61 4 55 41 4 62 57 18 26 16 55 58 66 44 24 4 51 62 16 16 55 4 26 34 41 57 63 51 38 16 15 38 51 33 34 64 66 61 34 58 18 0 58 5 24 53 36 47 63 34 36 21 23 36 64 64 25 57 63
split_gain=169.163 31.366 11.971 8.77178 4.32283 7.02649 4.99186 4.2518 4.12408 3.27046 5.18877 3.54262 5.27882 3.18398 6.51739 3.35787 3.3166 3.06066 3.00033 3.08986 2.89132 3.47764 3.56483 4.31954 5.72897 4.4665 4.16275 4.75154 4.51103 4.40883 3.63251 3.54039 3.38673 3.33913 3.28631 3.09289 2.86074 3.05416 2.83648 2.74809 2.71362 2.79818 2.91229 3.15502 2.79132 2.69395 3.22134 3.16538 2.99652 2.8227 2.52295 2.97179 2.77536 2.49085 2.47106 3.05723 2.44806 2.38871 2.37205 2.32001 2.28568 2.25781
threshold=11.500000000000002 0.74305326206722599 11105.000000000002 1826.5000000000002 16.500000000000004 7933.5000000000009 53918.500000000007 10.500000000000002 2147.479166666667 625.00000000000011 22.375000000000004 69.595938375000017 -4538.4999999999991 8816.5000000000018 3392.4166666666674 7894.1250000000009 27539.500000000004 70.402970000000025 15.500000000000002 1494.5000000000002 1238.8333333333337 6014.0000000000009 534.50000000000011 4384.0000000000009 14.500000000000002 83.245605416666692 -1.0905774303575766 34347.500000000007 32.500000000000007 8917.0000000000018 794.50000000000011 11704.125000000002 2605.5000000000005 5660.4581498302059 13551.437500000002 1792.5000000000002 2.2977097350177806 -0.016157411021012532 2557.0000000000005 6981.0000000000009 2845.0000000000005 0.44752954497107572 4739.7500000000009 31.425000000000001 87438.500000000015 2614.4583333333339 5.5000000000000009 90.149890000000013 1049.5000000000002 15153.500000000002 228.50000000000003 4373.5000000000009 -0.39414790825980001 20981.500000000004 3.9778542199270741 91.000580000000014 11330.500000000002 809.50000000000011 2721.0000000000005 78.891633000000013 2921.0000000000005 4951.0000000000009
decision_type=2 2 2 2 2 2 2 2 2 2 2 2 2 2 2 2 2 2 2 2 2 2 2 2 2 2 2 2 2 2 2 2 2 2 2 2 2 2 2 2 2 2 2 2 2 2 2 2 2 2 2 2 2 2 2 2 2 2 2 2 2 2
left_child=1 -1 3 4 5 6 20 8 -3 10 17 12 -12 15 -15 60 -16 -5 -7 -20 -2 22 26 30 -25 -26 28 50 38 31 33 -29 58 -24 -33 54 -18 -38 -22 -19 -11 42 43 59 -43 46 49 48 -47 -36 51 -28 -53 -50 55 -34 -46 -57 -32 -42 -6 -60
right_child=2 7 -4 9 13 18 -8 -9 -10 40 11 -13 -14 14 16 -17 36 39 19 -21 21 -23 23 24 25 -27 27 29 -30 -31 32 34 35 -35 45 -37 37 -39 -40 -41 41 44 -44 -45 56 47 -48 -49 53 -51 -52 52 -54 -55 -56 57 -58 -59 61 -61 -62 -63
leaf_value=-0.24936166704870411 0.01038155349257714 -0.19592264940458107 12.35068591291494 -0.086277981823895775 0.48004982493293252 16.776539830929913 -0.084546297470768625 -0.20796237962084432 -0.24731596745572793 -0.68184619845742411 0.066212321560862403 -0.23666164612056495 -0.14388027076035603 16.518403847257414 -6.0177633134772801 4.8638589405954944 4.7001088753546805 -0.039404355941441392 8.7429348230117636 -0.87156168576038906 -0.00012138403799283991 20.229929959025704 -0.22445816385262929 21.323407886696039 -2.5158136845637546 6.1903337868087283 0.0099071041134615005 -0.11593903704782695 0.015447384519777695 -0.18022270542925892 -1.4390335659254874 0.046056366819428367 7.6360352965946117 0.61534487296927176 -0.066479839076125799 -8.996949290055726 5.4114929427215062 -0.92660307438815837 -0.14169303466978342 0.062672644275768338 3.8041903676685704 0.28596998374514099 9.5236251602277111 -5.4558609753646392 -0.84446967890612057 0.0079069172243674407 0.024208777604109315 0.021428117573553198 -0.013726247993832529 -0.0070105225944057104 0.026985804121642223 -0.014832423025011171 0.0019017484998501909 0.0069951263773492213 -2.4539855407029312 -5.6235238023812322 -0.081418548857271844 0.52674817155568232 0.017396164900310394 -0.29454176624773937 -0.98507801247134008 -0.73269454816120849
leaf_weight=929 383 74 118 367 65 88 143 231 55 370 31 115 32 86 25 50 30 390 61 45 63 34 37 53 60 24 91 20 92 21 130 58 78 53 35 26 52 142 78 76 262 54 21 24 54 53 29 46 53 164 65 26 36 74 28 21 400 57 61 47 487 33
leaf_count=929 383 74 118 367 65 88 143 231 55 370 31 115 32 86 25 50 30 390 61 45 63 34 37 53 60 24 91 20 92 21 130 58 78 53 35 26 52 142 78 76 262 54 21 24 54 53 29 46 53 164 65 26 36 74 28 21 400 57 61 47 487 33
internal_value=-0.0020378 -0.0118548 0.000175264 -2.35752e-05 0.000946634 0.00161713 0.00113793 -0.0043238 -0.00869094 -0.00147653 -0.00274157 -0.00739472 -0.00161648 -0.000781133 0.00155774 -0.00208769 -0.000891208 -0.00174289 0.00709428 0.0036475 0.00151145 0.000978165 0.000781935 -0.00092573 0.00380744 -0.00103448 0.00190917 0.00297238 -0.00159588 0.00148617 -0.00216943 0.00202406 -0.0033103 0.00329634 0.00251318 -0.000556878 0.000254351 -0.00106646 -0.00497519 -0.000122291 -0.000435841 0.000483703 0.00253318 0.00183729 -0.000938792 0.00164501 -0.000644454 0.00396727 0.00214881 -0.00201909 0.00672627 0.00458524 -0.000434783 -0.000330448 0.000798479 0.002287 -0.00171108 -0.0018822 -0.00587684 0.00265933 -0.0027658 -0.00219979
internal_weight=7006 1289 5717 5599 3356 2419 2225 360 129 2243 1011 178 63 937 335 602 249 833 194 106 2082 1699 1665 661 137 84 1004 771 233 553 524 532 434 90 512 210 224 194 141 466 1232 862 354 333 508 454 228 226 180 199 218 153 62 127 184 156 454 78 224 309 552 94
internal_count=7006 1289 5717 5599 3356 2419 2225 360 129 2243 1011 178 63 937 335 602 249 833 194 106 2082 1699 1665 661 137 84 1004 771 233 553 524 532 434 90 512 210 224 194 141 466 1232 862 354 333 508 454 228 226 180 199 218 153 62 127 184 156 454 78 224 309 552 94
is_linear=0
shrinkage=0.03


Tree=150
num_leaves=63
num_cat=0
split_feature=55 4 55 34 55 13 46 34 56 38 55 4 62 34 60 32 53 43 45 56 54 35 47 64 23 12 14 18 20 69 13 39 69 56 59 50 53 69 70 4 20 15 36 54 31 15 2 59 15 59 27 49 3 21 33 47 56 33 51 54 44 26
split_gain=169.099 31.1113 11.2847 7.83663 6.20667 4.17852 4.83815 4.04835 4.64487 4.19642 4.6978 4.03351 4.12408 3.99819 3.94829 3.11967 3.09033 2.96396 2.90622 3.00242 2.86756 2.9492 3.18788 2.95093 2.89664 3.77499 2.77206 3.17081 2.63479 2.8311 2.6244 2.66896 2.54282 2.53085 2.53582 2.90977 2.48848 2.4801 3.65032 2.50345 2.46885 2.44414 2.57719 2.42836 2.24505 2.1872 2.1814 2.15491 2.13966 2.09673 2.09371 2.076 2.42876 2.02102 2.70636 2.50302 2.09105 2.46657 2.51736 2.30943 2.04766 1.99533
threshold=11.500000000000002 9.5000000000000018 11105.000000000002 0.083259223702384602 8771.5000000000018 103858.00000000001 31346.666666666672 -2.0390563537146487 3166.5000000000005 16895.416666666668 3871.0000000000005 10.500000000000002 2147.479166666667 -0.6657388305594657 2832.5000000000005 53.336225588840414 774.50000000000011 27412.500000000004 30506.000000000004 7903.5000000000009 2242.7291666666674 15334.500000000002 219.50000000000003 6281.0000000000009 76.851247500000014 112806.50000000001 107812.31250000001 -10.574999999999998 24.67604166666667 112451.50000000001 88933.000000000015 48750.000000000007 84541.000000000015 7127.5000000000009 1439.5000000000002 387.08333333333343 1033.5000000000002 83988.000000000015 79673.562500000015 8.5000000000000018 24.717708333333338 15238.169573930218 25789.000000000004 527.41666666666686 68.893286965451821 8595.5906034446361 86.114955000000023 614.50000000000011 5718.7514371988791 671.50000000000011 14.703498060773644 173.50000000000003 55.503365644066896 1.9976610978351144 1.5581039120233608 222.50000000000003 15.500000000000002 3.3424198275018546 1511.5000000000002 1844.4375000000002 32639.500000000004 76.927218104166684
decision_type=2 2 2 2 2 2 2 2 2 2 2 2 2 2 2 2 2 2 2 2 2 2 2 2 2 2 2 2 2 2 2 2 2 2 2 2 2 2 2 2 2 2 2 2 2 2 2 2 2 2 2 2 2 2 2 2 2 2 2 2 2 2
left_child=1 -1 3 4 5 7 -7 36 13 10 -10 12 -3 53 16 32 51 -6 -17 -20 21 22 -8 26 49 -26 40 -28 29 -29 -16 -32 -12 -19 -35 -36 -2 38 -5 -40 48 -22 -43 -39 -45 47 -14 -13 -23 -25 -4 -15 -53 55 -55 -9 59 60 -59 -56 -58 -37
right_child=2 11 50 37 17 6 20 8 9 -11 15 45 46 14 30 18 -18 33 19 -21 41 23 -24 24 25 -27 27 28 -30 -31 31 -33 -34 34 35 61 -38 43 39 -41 -42 42 -44 44 -46 -47 -48 -49 -50 -51 -52 52 -54 54 56 -57 57 58 -60 -61 -62 -63
leaf_value=-0.24188081703724298 0.11592439239811395 -0.19004496992244363 15.964527284258947 -0.51176862959308556 -3.7725551409890792 -0.34556168312435054 2.7465140727818471 -0.37845711840887586 -6.1386173137711131 2.9537610979612325 13.41624212312632 -2.5563236482168223 -0.54365802902253813 0.029762497737606794 -0.11878780001476597 -1.7109533837882553 0.011591684702705008 20.807884921660516 6.0345789770990494 -0.58443802661287003 0.68596693877830606 -0.076406035491833252 -0.17068641294775375 0.0059342480611515921 -0.58351473467904458 2.5054626837594061 -2.4553330687960897 -0.44355894997476525 -0.31531822178915248 2.4843334349172252 0.037268465374120915 -0.073207753990789645 1.0618241041458532 10.075543014716949 -3.5381921197175688 5.637784217625831 18.558038738830955 -0.46172544736116206 0.010836675644901471 0.016163645638246862 0.026979013014332337 -0.75812358539042179 5.8883663997228357 -0.045476969303949774 -0.19349771862312987 0.15624759245037906 0.059963575185522727 -0.30537773956694719 -0.64320341344091569 6.1364662126147049 8.052155184347102 -0.35665911329056321 0.010215149894620463 0.019696769462427176 0.0013916492938864699 0.010180298612045675 -0.063624660188555851 0.010730299035503457 -0.012888526812812806 0.0061627631077529089 0.024628907842319431 -1.0586170176257927
leaf_weight=923 84 74 59 23 20 81 33 25 141 105 22 24 20 34 44 177 423 65 48 40 22 57 25 23 24 21 41 28 58 75 38 21 50 95 25 53 98 27 37 184 21 27 24 2376 32 73 35 140 91 29 59 27 74 37 115 29 177 50 38 25 26 34
leaf_count=923 84 74 59 23 20 81 33 25 141 105 22 24 20 34 44 177 423 65 48 40 22 57 25 23 24 21 41 28 58 75 38 21 50 95 25 53 98 27 37 184 21 27 24 2376 32 73 35 140 91 29 59 27 74 37 115 29 177 50 38 25 26 34
internal_value=-0.00201639 -0.0118315 0.000196253 2.1432e-06 0.0010777 0.000615273 -0.00140715 0.00132283 0.000881604 -0.00130681 -0.00250366 -0.00441683 -0.00869094 0.00196264 0.00351233 -0.000569564 0.00450994 0.00522766 -0.00208223 0.0023496 -0.000470706 -0.00124881 0.00511188 -0.00204443 0.00259526 -0.00292683 -0.00326597 -0.000875804 0.00100559 0.00389913 -0.00186227 0.0022335 0.00495146 0.00605292 0.00440367 0.00131133 0.00558484 -0.00116905 0.00170832 0.00290366 -0.0061029 0.00508892 0.001409 -0.00145867 -0.00135667 -0.00207507 -0.00239564 -0.00400366 -0.00747468 0.00742802 0.00937341 0.000532939 -0.00160237 0 0.00063448 -0.00548983 -2.78358e-05 -0.00148403 0.00269012 0.00297645 -0.00330871 0.00392652
internal_weight=7006 1289 5717 5599 2920 2628 680 1948 1766 583 478 366 129 1183 661 337 558 292 265 88 599 526 58 468 97 45 371 202 161 103 103 59 72 272 207 112 182 2679 244 221 169 73 51 2435 2408 237 55 164 148 52 118 135 101 522 468 54 431 291 88 140 203 87
internal_count=7006 1289 5717 5599 2920 2628 680 1948 1766 583 478 366 129 1183 661 337 558 292 265 88 599 526 58 468 97 45 371 202 161 103 103 59 72 272 207 112 182 2679 244 221 169 73 51 2435 2408 237 55 164 148 52 118 135 101 522 468 54 431 291 88 140 203 87
is_linear=0
shrinkage=0.03


Tree=151
num_leaves=63
num_cat=0
split_feature=55 10 55 61 37 4 55 34 10 62 56 28 44 48 56 58 56 55 2 34 56 61 37 26 21 37 27 59 34 61 7 49 45 58 65 55 65 21 69 67 64 36 64 22 31 21 2 37 56 55 58 36 56 26 2 10 34 58 20 64 3 51
split_gain=160.644 33.1972 11.6349 7.55576 4.64701 5.03881 5.95799 4.95988 4.34301 4.12408 3.81268 3.72126 3.83202 3.76583 3.41482 3.373 3.16956 4.16586 3.02071 3.03095 2.82517 4.22342 4.48859 2.77735 3.81185 4.21742 2.67917 2.67902 2.35852 3.45242 3.48799 3.34678 2.77619 2.77044 4.0498 3.18469 4.24715 2.76556 2.50529 4.35064 2.41695 2.39667 2.39182 2.4519 2.56387 2.37683 4.16034 2.35442 2.3516 3.12173 4.64722 3.60113 2.88093 2.41624 2.3654 3.78668 4.68852 3.04087 2.8987 2.70972 4.54831 4.31166
threshold=11.500000000000002 0.87900005428953576 11105.000000000002 1826.5000000000002 23970.000000000004 16.500000000000004 6421.0000000000009 0.43569701997977367 0.74305326206722599 2147.479166666667 15.500000000000002 -1.6818319999999998 33710.500000000007 221.50000000000003 6509.0000000000009 4224.0833333333348 8213.0000000000018 8816.5000000000018 58.045719000000005 -0.025615956148897109 19.500000000000004 3363.5000000000005 16583.000000000004 82.730230770833344 4.1227450318018528 15075.500000000002 15.245917796700335 681.50000000000011 0.69931683169612679 5339.5000000000009 18.500000000000004 201.50000000000003 32332.500000000004 2450.2708333333335 2671.0000000000005 9026.5000000000018 1741.5000000000002 2.1227758909360297 107017.00000000001 111118.00000000001 3707.0000000000005 16896.500000000004 5273.5000000000009 -0.69999999999999973 56.757615450849535 4.0015200216634579 67.420459500000007 15980.000000000002 8917.5000000000018 2522.0000000000005 3762.3333333333335 14706.000000000002 6048.0000000000009 90.580394395833352 90.982220000000012 0.74305326206722599 -1.0905774303575766 2353.0625000000005 15.434375000000005 1570.5000000000002 58.81146678809624 1664.5000000000002
decision_type=2 2 2 2 2 2 2 2 2 2 2 2 2 2 2 2 2 2 2 2 2 2 2 2 2 2 2 2 2 2 2 2 2 2 2 2 2 2 2 2 2 2 2 2 2 2 2 2 2 2 2 2 2 2 2 2 2 2 2 2 2 2
left_child=1 8 3 4 5 6 10 18 -1 -10 23 13 -13 -7 -8 -16 17 26 -6 -20 21 22 -5 24 -2 -26 -15 -25 29 30 38 -30 -31 34 -32 -35 -37 -36 41 -40 -33 45 -42 44 -44 -22 -47 -43 49 52 51 -51 53 54 57 56 -56 -12 -59 60 -60 -62
right_child=2 -3 -4 20 7 11 14 -9 9 -11 48 12 -14 16 15 -17 -18 -19 19 -21 28 -23 -24 27 25 -27 -28 -29 31 32 33 40 -34 35 37 36 -38 -39 39 -41 42 47 43 -45 -46 46 -48 -49 -50 50 -52 -53 -54 -55 55 -57 -58 58 59 -61 61 -63
leaf_value=-0.23462439252612569 0.0078137490486152386 -0.20641093600573071 11.619915098498385 0.026512774513598014 0.15673904502672345 -2.5549530267108822 20.803939207702488 0.031452181520847874 -0.18434362082477032 -0.22358674756137994 -0.032246364408736627 0.62673051569194282 -4.7076863944605112 -0.8567160856583359 2.3792477490964665 15.472816364880472 -1.2733258880395442 15.068079971884316 -0.061713473842459725 -0.24716209930015495 0.093408428949863301 -0.16663876407744196 -0.20133998403410991 -0.0095113166150600746 0.0031042048571714707 -0.15135564779980457 2.7739755660921603 0.0092649144170338718 -0.34310580012789521 11.368650070787352 -0.40365238525961716 -0.15116614051831764 1.1429154495631866 -0.48640078594425085 -0.044878959552930073 4.5699598577538474 -5.3291650499200749 12.72649732634406 -0.68305688988530422 0.031476040040883432 0.18215314688188017 -0.28604011101434973 0.19471028312424465 -0.70414157518730691 -0.087259837616963126 0.18221147929783968 -0.33596885021668327 0.057084504810739206 -2.9433279726231283 -0.13494727191139191 21.463356317399594 6.1492218034723098 -5.6024878840190606 -0.23859572624622671 -0.15042265340076702 -0.089806347462613303 0.020164671334172615 0.014118344843572394 -0.31186722752491197 -0.013137909150454279 0.26046291045474274 -0.0010148669400880195
leaf_weight=929 191 231 118 97 57 106 46 88 74 55 209 357 22 111 146 82 147 50 251 73 179 127 52 24 130 22 20 23 88 44 40 533 52 201 24 44 30 33 82 169 119 76 41 65 36 53 31 27 54 102 48 69 46 40 26 120 107 159 52 260 65 53
leaf_count=929 191 231 118 97 57 106 46 88 74 55 209 357 22 111 146 82 147 50 251 73 179 127 52 24 130 22 20 23 88 44 40 533 52 201 24 44 30 33 82 169 119 76 41 65 36 53 31 27 54 102 48 69 46 40 26 120 107 159 52 260 65 53
internal_value=-0.00210203 -0.0116686 5.45731e-05 -0.000141451 0.000758917 0.00120952 0.0019946 -0.0020081 -0.0139183 -0.00869094 0.00136492 -0.000789571 0.00137695 -0.00268832 0.00611821 0.00459009 -0.00108808 0.00155715 -0.00349515 -0.00461894 -0.0014899 -0.00433539 -0.000885312 0.00399128 0.00493151 0.00136095 -0.0012357 -0.00280255 -0.00108891 -0.000149295 -0.000679406 -0.00224124 0.00527575 -0.00297501 0.00135942 -0.00451472 0.000769231 0.00651489 0.000700049 -0.00160096 -0.0016207 0.00228626 0.00073535 -0.00187896 0.00171206 0.00380844 -0.000321046 -0.00157129 0.000636125 0.000882678 0.00416248 0.0018235 0.000247999 0.000560902 0.000839121 0.00336626 0.00685199 3.38303e-05 0.00114072 -0.000132527 0.00280423 0.00607113
internal_weight=7006 1289 5717 5599 3356 2887 2074 469 1058 129 1800 813 379 434 274 228 328 181 381 324 2243 276 149 390 343 152 131 47 1967 1085 989 882 96 372 97 275 74 57 617 251 794 366 261 142 77 263 84 103 1410 1356 219 171 1137 1091 1051 253 133 798 589 430 170 118
internal_count=7006 1289 5717 5599 3356 2887 2074 469 1058 129 1800 813 379 434 274 228 328 181 381 324 2243 276 149 390 343 152 131 47 1967 1085 989 882 96 372 97 275 74 57 617 251 794 366 261 142 77 263 84 103 1410 1356 219 171 1137 1091 1051 253 133 798 589 430 170 118
is_linear=0
shrinkage=0.03


Tree=152
num_leaves=63
num_cat=0
split_feature=55 10 55 4 13 4 55 55 18 25 4 4 53 3 56 28 40 23 2 55 56 39 21 17 56 34 57 40 53 44 57 57 55 56 21 40 56 58 51 44 49 26 56 15 55 34 25 43 55 53 49 23 50 48 19 30 2 2 33 14 55 13
split_gain=155.017 32.4445 11.6872 6.41529 5.59806 6.5973 6.32982 6.26553 4.67292 4.5721 4.32429 3.9784 3.93008 3.88388 4.19566 4.41965 3.72243 5.11431 3.70907 3.68032 3.59503 3.48385 3.44887 3.44563 3.44447 3.82398 3.32425 4.28461 3.31831 3.28876 3.23319 3.20583 2.96419 2.82871 2.78514 2.75025 2.66693 3.2621 2.95451 2.62652 3.10141 3.17637 2.80886 2.56049 2.52977 2.59035 2.40592 2.37113 2.34833 2.47962 2.38774 2.49366 2.31547 2.31221 2.91605 2.29475 2.28881 2.28248 3.48082 2.39832 2.26766 2.26629
threshold=11.500000000000002 0.74305326206722599 11105.000000000002 2.5000000000000004 103858.00000000001 16.500000000000004 6352.5000000000009 5959.0000000000009 4.0250000000000012 83.713713000000013 10.500000000000002 15.500000000000002 1269.5000000000002 60.205907275289832 7636.5000000000009 -3.1629585000000016 50152.500000000007 89.029785000000018 92.362648000000021 9683.5000000000018 11.500000000000002 41827.000000000007 3.5312345290662015 26.825000000000006 15.500000000000002 -3.3759201351777288 2074.5000000000005 47274.500000000007 1098.5000000000002 31567.500000000004 16.500000000000004 238.50000000000003 942.50000000000011 652.50000000000011 2.2555035293969259 58785.500000000007 6509.0000000000009 4544.0000000000009 1263.5000000000002 32853.500000000007 753.50000000000011 67.137470062500014 4861.5000000000009 5474.811169642634 1995.5000000000002 -1.2737011342877975 82.616505000000018 32056.500000000004 65.500000000000014 1637.5000000000002 476.50000000000006 93.648718000000017 917.95833333333337 88.500000000000014 15.975000000000001 53.598913936741276 61.676530000000007 48.345931000000007 1.8385666382210881 87641.937500000015 10401.500000000002 76829.000000000015
decision_type=2 2 2 2 2 2 2 2 2 2 2 2 2 2 2 2 2 2 2 2 2 2 2 2 2 2 2 2 2 2 2 2 2 2 2 2 2 2 2 2 2 2 2 2 2 2 2 2 2 2 2 2 2 2 2 2 2 2 2 2 2 2
left_child=1 -1 3 8 5 6 24 20 9 -2 18 52 -10 14 -7 19 17 21 -3 -16 -6 -14 -15 -18 48 28 53 44 -26 -25 -22 43 -29 -33 -13 46 -8 38 55 40 41 -36 -42 -32 -28 -46 -35 -31 49 50 51 56 -9 54 -27 -38 -5 59 -59 -44 -61 -58
right_child=2 10 -4 4 7 13 36 11 12 -11 -12 34 16 22 15 -17 23 -19 -20 -21 30 -23 -24 29 25 26 27 32 -30 47 31 33 -34 35 39 -37 37 -39 -40 -41 42 -43 57 -45 45 -47 -48 -49 -50 -51 -52 -53 -54 -55 -56 -57 61 58 -60 60 -62 -63
leaf_value=-0.22758566075034192 0.031824479948132339 -0.18724491555008504 11.271317645543458 -0.0019115471693005048 -0.12302048829101009 0.16716209191883691 19.816058078289405 20.769542167705676 -0.18237271363709509 -0.099364863175890827 -0.20021860792556026 5.6624592078190377 -0.078352407578817521 -0.75266738760203222 -6.3565611420053934 -0.037493320703324569 -0.19379741258377944 0.070653549704875862 0.0020754807884166837 -0.0024888433704472845 0.0081127618101007205 0.039869724547320261 0.12142944173517208 -0.27435355794185329 -0.53487414787007981 0.00036420903346087382 -4.6221509985632929 -8.2241676821085008 22.612042818862975 0.26532494058459211 -0.28291830370063942 13.06011039951224 15.924568680614374 -1.5184779926606415 -1.4961250069558423 2.667473638219453 3.9995876495334413 17.201463586662275 -0.62284959491835246 -2.9015774824617435 1.7244721055562595 5.9699391453097084 -6.7453407739419982 -0.062429847435952722 5.9116731307374897 -0.35012419607382977 0.12774397534990384 -0.0069302924940579302 0.10720078987371109 0.0097510911394007842 -0.011870421697757818 -0.0064611692202026913 6.713186276790184 0.0055390760201404453 -0.34311903102578151 13.269995989372527 0.0070425034079630057 1.6440145340292474 -1.9582656873224913 0.45631447584158763 9.3380230187524642 0.0033967583304093463
leaf_weight=929 98 96 118 24 80 541 42 34 183 34 231 80 111 97 92 281 172 21 33 46 121 73 44 29 23 41 176 21 35 35 62 20 40 234 23 30 41 48 63 69 39 97 24 81 79 138 79 37 55 57 46 35 29 974 21 35 86 72 196 90 21 144
leaf_count=929 98 96 118 24 80 541 42 34 183 34 231 80 111 97 92 281 172 21 33 46 121 73 44 29 23 41 176 21 35 35 62 20 40 234 23 30 41 48 63 69 39 97 24 81 79 138 79 37 55 57 46 35 29 974 21 35 86 72 196 90 21 144
internal_value=-0.0020849 -0.0114824 3.35835e-05 -0.000162883 0.000249058 0.000932904 0.00187357 -0.00128418 -0.00266297 0.0024754 -0.00382394 0.000577445 -0.00369384 -0.00096449 -0.000278096 -0.002534 -0.00225267 0.000789859 -0.00822618 -0.00692976 -0.00332626 -0.000798479 -0.00561304 -0.00454778 0.00132926 0.000656934 0.000360378 -0.00177714 0.00820998 -0.000118694 -0.00255462 -0.00360996 0.00559738 -0.0020986 -5.90634e-05 -0.00274556 0.00659974 0.00503474 0.00267434 -0.000732055 -4.80342e-05 0.00422148 -0.00121466 -0.00742138 -0.00293055 -0.0007462 -0.00358352 0.0032871 0.00365019 0.00282326 0.00182632 0.00284331 0.00779715 0.00130007 -0.00429952 0.00666229 0.0038843 -0.00196477 -0.00356956 0.00119911 0.00307831 0.00481095
internal_weight=7006 1289 5717 5599 4806 3325 2224 1481 793 132 360 774 661 1101 960 419 478 205 129 138 707 184 141 273 1995 1548 1490 454 58 101 627 506 61 363 711 343 229 187 139 631 562 120 442 143 393 217 313 72 447 392 335 289 63 1036 62 76 254 403 268 135 111 230
internal_count=7006 1289 5717 5599 4806 3325 2224 1481 793 132 360 774 661 1101 960 419 478 205 129 138 707 184 141 273 1995 1548 1490 454 58 101 627 506 61 363 711 343 229 187 139 631 562 120 442 143 393 217 313 72 447 392 335 289 63 1036 62 76 254 403 268 135 111 230
is_linear=0
shrinkage=0.03


Tree=153
num_leaves=63
num_cat=0
split_feature=55 10 55 61 10 22 38 3 10 55 56 46 24 54 52 38 17 55 13 24 61 17 14 64 29 69 27 38 53 64 17 19 13 27 43 27 69 42 55 2 61 52 33 11 39 40 29 51 19 14 68 27 60 28 2 32 12 7 27 68 57 20
split_gain=144.753 30.3239 11.7409 7.17623 3.93008 3.60662 4.82506 5.68295 4.9357 5.31963 3.75951 4.35145 3.4743 3.4691 3.26432 3.28375 3.1567 3.14533 3.13163 3.07639 3.03537 2.98211 2.92002 2.8056 2.80271 2.78523 3.306 2.73998 2.59896 2.96211 2.59833 2.88988 2.52778 2.50967 2.77953 4.63722 3.29657 2.73847 2.84707 2.40481 2.37746 2.69813 2.36572 2.49906 2.35926 2.31905 2.27139 2.23384 2.53385 2.21028 2.46266 2.41387 2.15096 2.13978 2.13712 4.67028 2.8246 2.76147 2.09371 2.08966 2.06983 2.04804
threshold=10.500000000000002 0.74305326206722599 11105.000000000002 1826.5000000000002 0.87900005428953576 1.5000000000000007 17721.125000000004 57.986650578029433 0.74305326206722599 7448.5000000000009 8213.0000000000018 28194.791666666672 45.912775000000003 1465.0000000000002 713.50000000000011 10970.333333333334 21.075000000000006 2438.5000000000005 108019.50000000001 70.402970000000025 966.50000000000011 7.8250000000000002 81125.583333333358 7012.0000000000009 67.382948223007915 117958.50000000001 12.755070817789308 12817.458333333334 657.50000000000011 8308.5000000000018 4.0250000000000012 1.8750000000000002 111854.50000000001 3.6972998181812655 29329.500000000004 15.245917796700335 84172.500000000015 35661.520833333336 12.500000000000002 55.56710300000001 1252.5000000000002 2009.5000000000002 2.541622065852335 77862.000000000015 34138.500000000007 67774.500000000015 48.152520737168075 872.50000000000011 -9.5249999999999986 86048.479166666672 101784.00000000001 6.4081742279932294 1819.5000000000002 -0.81234350000000066 85.154180000000011 54.85560130316005 84349.000000000015 16.500000000000004 14.703498060773644 95182.000000000015 3875.5000000000005 -1.7135416666666667
decision_type=2 2 2 2 2 2 2 2 2 2 2 2 2 2 2 2 2 2 2 2 2 2 2 2 2 2 2 2 2 2 2 2 2 2 2 2 2 2 2 2 2 2 2 2 2 2 2 2 2 2 2 2 2 2 2 2 2 2 2 2 2 2
left_child=1 -1 3 5 16 10 7 8 9 -7 11 21 -13 32 15 -14 -3 -10 -8 -17 -20 -2 -16 25 28 33 53 -11 30 54 31 -5 -12 -24 35 52 42 -38 -39 -32 -15 -42 -36 -44 -40 -26 -23 48 -21 -6 59 -52 -35 -27 -30 56 -56 -57 -4 -51 -41 -50
right_child=2 4 58 24 49 6 18 -9 17 27 13 12 14 40 22 19 -18 -19 20 47 -22 46 23 -25 45 26 -28 -29 29 -31 39 -33 -34 34 36 -37 37 38 44 60 41 -43 43 -45 -46 -47 -48 -49 61 50 51 -53 -54 -55 55 57 -58 -59 -60 -61 -62 -63
leaf_value=-0.25127227543989095 0.92028415311391043 -0.19565443459001441 14.79885448340994 -0.069743943730006211 -1.5231714551902777 -3.6937154608325953 18.481192226284421 -1.4822559771931991 -2.5488064877682244 -0.41901080224708492 -0.17382709847508976 2.3047414575286984 -0.022221057646979039 -3.7832560893752816 0.013528622217660916 0.010201449464296051 0.064810005933146037 13.206450815582047 -3.2374430457578818 -0.14018552545236349 14.881437018863743 -0.57325803028100353 -0.52965241677644059 0.025257410077973254 -0.25034471215639048 -0.75643230722293986 0.0044641200512667819 6.4829882687235836 -0.034464514758381082 0.082330198462907983 -0.12687978501535693 0.73375168402543034 5.662486410643325 -0.020865035502564168 0.010029736394308805 0.0061895567331608703 -2.8478644499291068 -0.033096730766229744 7.5272961217414194 -0.48925898769129916 -5.035686294828742 1.2146667750330424 -0.31693663271522327 0.0040797578570325394 0.0028644726108459826 0.073810128496705041 0.010302428910702339 -0.35566292601642502 -0.075395850083313287 0.029755701812414655 0.042563885559908907 -3.1042725197859657 0.064600149240716234 -0.22960701564719302 -0.17742885472633571 -0.02616540396143982 0.081751006416895144 -0.3274290783536733 7.1238535464954653 8.0945127295716421 -1.9155389801802447 0.0048429281622676965
leaf_weight=823 27 93 59 57 62 44 80 57 35 61 214 57 54 125 131 98 21 148 29 26 40 23 31 110 54 36 61 41 1652 79 40 21 20 143 139 71 29 26 25 49 36 34 27 29 894 20 229 47 30 54 42 33 25 46 20 117 31 91 59 22 27 102
leaf_count=823 27 93 59 57 62 44 80 57 35 61 214 57 54 125 131 98 21 148 29 26 40 23 31 110 54 36 61 41 1652 79 40 21 20 143 139 71 29 26 25 49 36 34 27 29 894 20 229 47 30 54 42 33 25 46 20 117 31 91 59 22 27 102
internal_value=-0.00190077 -0.0116312 9.73344e-06 -0.000182465 -0.00388872 0.000671532 0.00293777 0.00115773 0.00268004 -0.00141684 0.000258735 0.000702277 0.000260158 -0.00233512 6.74281e-05 -0.00255391 -0.00838738 0.00596395 0.00752515 -0.00132629 0.00277858 0.00423504 0.000582524 0.000246439 -0.00149993 -7.39523e-05 -0.00406709 0.00232125 -0.00130351 -0.000978343 -0.00462133 -0.000345711 0.000115335 0.000321034 0.000509197 -0.00243413 0.00111368 0.00039729 0.000679293 -0.0074677 -0.0052896 -0.000813124 0.00467453 -0.000481283 0.000959634 -0.00724696 0.00320111 -0.00342272 -0.0016888 -0.0014641 0.000476506 -0.00335553 -0.00515764 -0.00800244 -0.00121501 -0.00375145 0.00434442 -0.00575204 0.00937341 0.00429698 -0.0106045 0
internal_weight=7006 1150 5856 5738 327 3480 535 386 329 146 2945 2516 2237 429 2180 357 114 183 149 303 69 279 1823 1692 2258 1582 143 102 2184 1990 194 78 234 1439 1408 239 1169 974 945 116 195 70 195 56 919 74 252 205 158 213 151 75 168 82 1911 259 51 208 118 76 76 132
internal_count=7006 1150 5856 5738 327 3480 535 386 329 146 2945 2516 2237 429 2180 357 114 183 149 303 69 279 1823 1692 2258 1582 143 102 2184 1990 194 78 234 1439 1408 239 1169 974 945 116 195 70 195 56 919 74 252 205 158 213 151 75 168 82 1911 259 51 208 118 76 76 132
is_linear=0
shrinkage=0.03


Tree=154
num_leaves=63
num_cat=0
split_feature=57 54 29 45 58 34 57 34 7 58 57 59 54 6 65 5 7 20 12 11 54 31 61 19 65 52 31 50 34 10 20 17 64 2 49 44 40 38 27 28 29 40 64 65 26 2 17 19 42 14 63 22 40 27 65 41 16 63 44 59 45 45
split_gain=37.9034 9.40422 9.43339 8.62254 8.01121 6.56558 6.35341 6.52258 6.26181 5.71521 5.70457 5.22366 4.86777 5.31071 4.71209 4.65205 4.43893 4.3845 4.59294 4.10257 4.08384 4.70527 3.83223 3.78386 5.31912 3.7799 3.70659 3.69501 3.83636 3.3966 3.37982 3.34343 3.27499 3.27117 3.18463 3.09737 3.61731 2.987 2.97262 3.11779 2.93318 3.38944 4.91729 2.92182 2.88391 3.02785 2.72741 2.64827 2.60171 2.58344 2.51217 2.46392 2.43873 2.64867 2.38173 2.71264 2.91863 2.50404 2.34927 2.56995 2.33715 3.93306
threshold=504.00000000000006 711.91666666666686 63.46394751495923 27251.500000000004 4821.604166666667 -0.81327009816320472 10.500000000000002 -1.0905774303575766 9.5000000000000018 2826.7916666666674 25.500000000000004 180.50000000000003 1918.5416666666667 5.5000000000000009 4844.5000000000009 1.5000000000000002 7.5000000000000009 24.269791666666666 103544.50000000001 82039.000000000015 902.64583333333337 55.861047856415539 640.50000000000011 22.375000000000004 5744.5000000000009 1220.5000000000002 63.64999520563952 105.41666666666667 -3.6978180374300105 0.74305326206722599 -10.968749999999998 13.375000000000002 8741.5000000000018 78.535020000000017 220.50000000000003 32694.500000000004 51123.500000000007 23440.375000000004 12.88128804048427 1.1286849999999975 50.195076589378395 35148.500000000007 4449.5000000000009 2077.0000000000005 72.460250854166688 70.524830000000023 27.725000000000005 22.075000000000006 39573.333333333336 98018.520833333358 4672.0000000000009 1.5000000000000007 28970.500000000004 7.9327293019068028 6692.0000000000009 56380.500000000007 -1074.4999999999998 6588.5000000000009 33096.500000000007 1496.5000000000002 31683.000000000004 32051.500000000004
decision_type=2 2 2 2 2 2 2 2 2 2 2 2 2 2 2 2 2 2 2 2 2 2 2 2 2 2 2 2 2 2 2 2 2 2 2 2 2 2 2 2 2 2 2 2 2 2 2 2 2 2 2 2 2 2 2 2 2 2 2 2 2 2
left_child=1 10 3 -3 5 27 15 -8 11 12 26 -9 13 14 22 20 37 18 32 -6 -5 -22 -10 24 25 30 29 -2 -29 -1 -18 -24 -17 -20 -11 36 -13 -4 -12 -40 50 42 -42 -44 -45 -46 49 -36 -23 -25 -7 -21 -52 -54 55 56 -30 -58 60 -60 -43 -62
right_child=4 2 16 6 19 40 7 8 9 34 38 35 -14 -15 -16 17 23 -19 33 51 21 48 31 46 -26 -27 -28 28 54 -31 -32 -33 -34 -35 47 -37 -38 -39 39 -41 41 58 43 44 45 -47 -48 -49 -50 -51 52 -53 53 -55 -56 -57 57 -59 59 -61 61 -63
leaf_value=-0.28282263098620419 -3.6373653825497465 -0.26335892593852173 0.007508963589812314 0.026852729588180857 -3.999280576972378 4.7385560007681127 -0.10637579740829148 -0.2906399511166689 0.025764419876674029 0.004073312005353511 -0.28566942056034134 0.019186944583038004 0.018048238098188243 -0.08680818131173848 -0.12377685684696475 -0.17290754086532914 0.0077119376642422206 0.0065238534365610152 0.067806675751454284 5.4448263309532559 -0.27043469888044419 0.018947066411082111 -0.10717175649228068 -0.019586459495735582 -0.18754432763859341 -0.025283643230988879 -0.072437413707376913 24.512635438527468 12.371921479060196 -0.22887096770915397 -0.14478078117576365 0.01330400670815555 0.018526667399831425 -0.09227400749169401 -0.0017576856161828401 -0.012523704630007194 -0.075975812243234978 -0.081303594589496486 -0.13646088300341619 0.068917675445076307 -4.4863509182112056 -0.25146960659703393 -5.4991251630471467 8.4537920797765214 -4.6348720108848331 3.7928935911400075 -0.016251535659210229 -0.18290863149489484 -0.013283203487269643 -0.11422985049586813 7.2405120986547082 25.75980298146246 -7.1834906261598812 -0.036390488311308214 -0.62346605240976261 -8.4558276568151456 5.7959888777506468 -4.7365128022190399 -3.7052301619767913 0.11794001521948758 1.9617851746537052 -0.019084559984727179
leaf_weight=250 22 69 82 31 25 134 160 26 24 190 83 295 47 104 86 432 22 39 53 135 35 37 95 22 124 307 87 33 110 65 73 34 20 32 228 99 24 29 26 38 173 696 28 62 28 22 22 30 56 187 39 52 24 128 88 29 356 36 119 59 167 778
leaf_count=250 22 69 82 31 25 134 160 26 24 190 83 295 47 104 86 432 22 39 53 135 35 37 95 22 124 307 87 33 110 65 73 34 20 32 228 99 24 29 26 38 173 696 28 62 28 22 22 30 56 187 39 52 24 128 88 29 356 36 119 59 167 778
internal_value=-0.00188364 -0.0039917 -0.00335153 -0.00232269 0.000425354 4.21577e-05 -0.0019898 -0.00083004 -0.000114656 -0.001643 -0.0076161 0.00276289 -0.0042989 -0.00554357 -0.00306148 -0.00426064 -0.00600968 -0.00551467 -0.0062223 0.00606789 0.000263985 -0.00208431 7.83801e-05 -0.00683133 -0.00541152 -0.00372295 -0.00946779 0.00266578 0.00307775 -0.010987 -0.00895899 -0.00195198 -0.00742535 0.000141011 0.000662798 0.00358048 0.00502037 -0.000378038 -0.00252889 0.00229329 -0.000676407 -0.00108203 -0.00396678 0.000192719 0.0023818 -0.00293413 -0.0100476 -0.00149942 0.00141783 -0.0111047 0.00197478 0.00760021 -0.00021978 -0.00195266 0.00253917 0.00329881 0.00381796 0.00259373 -0.000583805 -0.00385738 -0.000226677 0.000742779
internal_weight=7006 3663 3114 2246 3343 3131 2177 1442 1282 838 549 444 390 343 239 735 868 576 537 212 159 128 153 757 526 402 402 674 652 315 95 129 452 85 448 418 319 111 147 64 2457 2132 313 140 112 50 231 258 93 209 325 187 191 152 619 531 502 392 1819 178 1641 945
internal_count=7006 3663 3114 2246 3343 3131 2177 1442 1282 838 549 444 390 343 239 735 868 576 537 212 159 128 153 757 526 402 402 674 652 315 95 129 452 85 448 418 319 111 147 64 2457 2132 313 140 112 50 231 258 93 209 325 187 191 152 619 531 502 392 1819 178 1641 945
is_linear=0
shrinkage=0.03


Tree=155
num_leaves=63
num_cat=0
split_feature=55 10 55 13 16 22 16 3 70 64 34 65 47 60 4 1 55 3 54 15 48 5 60 56 38 56 54 36 39 55 58 21 54 56 16 56 5 52 22 38 18 24 19 30 34 55 31 41 3 63 45 64 19 54 52 54 13 22 67 22 29 62
split_gain=150.27 30.8423 11.1331 9.37812 6.35261 5.96649 6.84572 4.8995 5.06651 3.41477 3.95602 3.71552 3.34313 3.33543 3.20531 3.15842 2.98619 2.91572 3.34996 3.2195 3.35503 2.97453 2.95353 4.38342 3.53848 4.25083 4.82861 3.3646 3.23084 3.13914 3.40875 3.06186 2.91262 2.94902 2.89896 2.87145 3.36258 2.83601 2.79327 2.74504 2.72085 4.37952 2.66802 2.65124 2.93497 4.2126 2.64938 2.57693 2.8657 2.83844 2.68027 2.59922 3.79316 2.5168 2.48341 2.45935 2.57866 2.43726 2.39033 3.52942 3.68905 3.14136
threshold=10.500000000000002 0.74305326206722599 11105.000000000002 77660.000000000015 505.50000000000006 1.5000000000000007 4875.0000000000009 53.807132086749839 89956.125000000015 8308.5000000000018 0.77689139346648528 7617.5000000000009 169.50000000000003 1819.5000000000002 10.500000000000002 20.675000000000001 9683.5000000000018 67.086867996869799 816.54166666666686 18394.631617299332 770.50000000000011 1.5000000000000002 2832.5000000000005 13.500000000000002 9345.5833333333358 8157.5000000000009 1465.0000000000002 11058.000000000002 31532.000000000004 8816.5000000000018 3553.6875000000005 4.0939374274760389 1941.1875000000002 5412.5000000000009 3536.5000000000005 6621.5000000000009 1.5000000000000002 1418.5000000000002 2.4500000000000011 29632.333333333339 0.62500000000000011 69.360640000000018 3.5250000000000004 59.997130874046853 -0.97836012436839315 18.500000000000004 57.765561630050179 37233.000000000007 60.131510212924141 4253.5000000000009 31614.500000000004 1041.5000000000002 21.725000000000005 1237.2916666666667 1360.5000000000002 688.52083333333337 86112.500000000015 1.8999999999999992 133299.50000000003 0.30000000000000021 60.263791152673555 2141.1666666666674
decision_type=2 2 2 2 2 2 2 2 2 2 2 2 2 2 2 2 2 2 2 2 2 2 2 2 2 2 2 2 2 2 2 2 2 2 2 2 2 2 2 2 2 2 2 2 2 2 2 2 2 2 2 2 2 2 2 2 2 2 2 2 2 2
left_child=1 -1 3 4 43 9 7 8 12 17 11 55 -7 -6 15 -3 35 18 -5 20 -19 -21 24 -24 31 28 -27 -25 -26 32 -31 -20 39 37 -28 36 57 -34 -14 40 41 -30 -43 44 45 -2 -38 -42 51 50 -50 -49 -53 -47 -52 -11 -57 -9 59 60 61 -29
right_child=2 14 -4 5 13 6 -8 16 -10 10 -12 -13 38 -15 -16 -17 -18 19 22 21 -22 -23 23 27 25 26 34 58 29 30 -32 -33 33 -35 -36 -37 46 -39 -40 -41 47 42 -44 -45 -46 53 -48 48 49 -51 54 52 -54 -55 -56 56 -58 -59 -60 -61 -62 -63
leaf_value=-0.23735214106176819 0.0075726186958141994 -0.19535257559015548 10.505410679509822 -0.10706817364562994 -0.03487870980332175 -4.7803467683116194 15.642434812755617 0.11332421630921999 14.70491453493746 -0.12110796306309601 -0.06045522939803627 15.764142307215888 -0.0050942154425138138 5.9709234577280945 -0.15107977252164004 0.11819712322518861 7.2451898037065892 0.0097470096565555938 2.9072554588452295 -0.042576608334983265 -0.18059288949019012 0.047596670899687755 -0.25556794889458212 -0.40610772014189883 0.15585666224942543 0.95159092543332913 -6.2379228679966401 -0.022870765753368685 0.059261841089617663 11.61021660162908 -4.2164922508844391 0.0017396631079017765 -0.089630862301960851 -0.82344143639839495 -0.71307658559688203 -1.0332403576139768 8.8834346143466885 0.019007329076529231 15.030872374696209 -0.53139127335463987 -0.14522676939348614 -0.029295240572829541 0.022855594909249495 0.0095651861932270418 0.0071577852022979994 0.0079952498989525889 -1.3201727659194602 3.585770795198691 -0.15511123385454015 -0.29386587885695381 -0.023891566745594908 0.017152799551072233 -0.20268582115850223 -0.10151491311837273 0.015617850725196093 -0.11580737015957084 0.076330861593318214 -3.9695353838338452 0.69950992189165839 -2.1411777226236879 -0.106478807596479 0.052248876427274916
leaf_weight=823 30 94 118 755 175 20 78 21 88 29 58 36 85 37 213 20 22 38 52 24 135 48 57 77 132 140 124 205 103 62 24 47 22 44 100 145 58 263 39 52 263 149 29 39 270 26 39 44 98 30 112 174 61 24 74 21 62 27 217 109 282 163
leaf_count=823 30 94 118 755 175 20 78 21 88 29 58 36 85 37 213 20 22 38 52 24 135 48 57 77 132 140 124 205 103 62 24 47 22 44 100 145 58 263 39 52 263 149 29 39 270 26 39 44 98 30 112 174 61 24 74 21 62 27 217 109 282 163
internal_value=-0.00169096 -0.0116051 0.000255631 6.74439e-05 0.00361338 -0.000346888 0.00240637 0.0012075 0.00451099 -0.000726894 0.00304221 0.00565159 0.00102012 -0.000551627 -0.003797 -0.00786152 -0.00123999 -0.000907846 -0.000715288 -0.00408813 -0.00630849 0.00120666 -0.000302801 -0.00156472 0.000332863 6.99967e-05 -0.00287558 -0.0011224 0.000689476 0.000316065 0.0058885 0.00587286 0 0.00249772 -0.0056091 -0.00205791 0.000909717 0.00361978 0.00287671 -0.000691279 -0.000379914 0.00217716 -0.000656934 0.00589052 0.00504713 0 0.00414006 -0.00122299 -0.000121396 -0.00209169 -0.001151 0.00208527 0.000816674 -0.00532934 0.000951102 0.00291704 0.00555957 -0.00555094 -0.000642352 -0.00143855 -0.000595293 0.00137734
internal_weight=7006 1150 5856 5738 601 5137 622 544 232 4515 206 148 144 212 327 114 312 4309 4064 245 173 72 3309 1110 2199 2100 364 1053 1736 1604 86 99 1518 329 224 290 145 285 124 1189 1137 281 178 389 350 80 97 856 593 314 284 279 235 50 186 112 83 48 976 759 650 368
internal_count=7006 1150 5856 5738 601 5137 622 544 232 4515 206 148 144 212 327 114 312 4309 4064 245 173 72 3309 1110 2199 2100 364 1053 1736 1604 86 99 1518 329 224 290 145 285 124 1189 1137 281 178 389 350 80 97 856 593 314 284 279 235 50 186 112 83 48 976 759 650 368
is_linear=0
shrinkage=0.03


Tree=156
num_leaves=63
num_cat=0
split_feature=55 10 55 61 69 56 55 10 58 33 10 1 57 44 15 54 50 34 55 30 29 1 49 46 15 51 28 47 34 66 1 56 29 41 21 41 21 58 58 61 42 3 42 26 55 24 50 36 59 7 49 53 57 30 19 56 14 33 36 59 29 36
split_gain=146.518 31.365 11.4355 7.23989 3.6364 4.75818 3.86164 4.43186 5.13346 3.40962 3.35309 3.15842 3.11722 3.08259 3.02567 3.32519 2.82177 2.80816 5.11405 2.71422 2.53126 3.12476 2.4759 3.40114 3.8095 3.75795 3.09347 3.02237 2.68814 2.38341 3.96137 2.51976 2.35089 3.0036 2.39498 3.57744 3.44921 2.68532 3.12982 2.28145 2.2606 2.53654 2.26945 2.81028 2.81188 2.75266 2.36172 2.89462 2.23374 2.22277 2.28931 2.21539 2.69063 2.88759 2.47385 2.72089 2.21028 2.18295 2.16677 2.97539 2.37358 2.64578
threshold=10.500000000000002 0.74305326206722599 11105.000000000002 1826.5000000000002 83988.000000000015 11.500000000000002 8963.5000000000018 0.74305326206722599 3401.541666666667 2.2977097350177806 0.87900005428953576 20.675000000000001 10977.000000000002 29376.000000000004 3597.6027923218785 639.22916666666686 282.64583333333343 -2.0390563537146487 2072.5000000000005 58.115021473755441 67.382948223007915 26.125000000000004 224.50000000000003 32998.375000000007 4550.3837661448606 829.50000000000011 1.9543460000000012 2526.5000000000005 -0.34299815327822708 3951.6250000000005 13.575000000000001 21.500000000000004 67.086867996869799 47267.000000000007 2.0333975395169186 39719.500000000007 2.2127573813052175 1799.5416666666667 1897.7916666666667 1052.5000000000002 48073.250000000007 60.131510212924141 46522.895833333336 74.32667585416668 92.500000000000014 74.518400000000014 357.56250000000006 11935.500000000002 302.50000000000006 21.500000000000004 224.50000000000003 1575.5000000000002 7623.5000000000009 54.97378314181902 23.475000000000005 7314.5000000000009 86048.479166666672 3.6016003772935901 11281.500000000002 4552.5000000000009 58.930302766909826 20671.000000000004
decision_type=2 2 2 2 2 2 2 2 2 2 2 2 2 2 2 2 2 2 2 2 2 2 2 2 2 2 2 2 2 2 2 2 2 2 2 2 2 2 2 2 2 2 2 2 2 2 2 2 2 2 2 2 2 2 2 2 2 2 2 2 2 2
left_child=1 -1 3 4 5 19 12 8 -8 -10 11 -3 14 16 -6 -16 -7 18 48 57 58 -22 23 24 28 26 -26 32 -19 30 31 -18 34 -34 35 -24 -36 -38 -39 -25 42 -42 43 46 -45 -46 47 -27 -17 50 -31 52 54 -54 55 -40 -12 -2 59 -5 61 -60
right_child=2 10 -4 20 6 13 7 -9 9 -11 56 -13 -14 -15 15 17 29 22 -20 -21 21 -23 27 39 25 40 -28 -29 -30 49 -32 -33 33 -35 36 -37 37 38 51 -41 41 -43 -44 44 45 -47 -48 -49 -50 -51 -52 -53 53 -55 -56 -57 -58 -59 60 -61 -62 -63
leaf_value=-0.23023157682991516 0.0076426844245155402 -0.18949199832245078 10.190248359124507 -0.15827675542413858 0.030722878890384563 -0.01851663669701022 16.529210419980991 14.917047834275854 5.0167881090394442 -0.35069683492688453 -1.4655604699542051 0.114651209528433 -4.2691698079813207 0.013288038929320595 -0.38815317324286475 14.327401721574779 0.00065204722135158376 -1.4381068594401745 20.802261773137086 0.0078295587069914952 -0.25950814944955153 0.012180606600635713 -0.13465443137751931 -0.045101972762931479 0.022161889021830063 -0.40759360512946841 -0.034276643921092052 0.44303512181420401 0.0037187843780388439 -0.038662605951128734 0.0048114977470133094 -0.33037614869775767 0.0067824238329432874 -0.17851286984338591 -1.3937574151217735 0.079810106515612822 -1.1160734744123511 0.036524720860220371 -0.063033467248543501 -4.251380082431468 3.5938789231872623 0.006782697663475723 -0.14048221025206428 -0.07315684796689309 -4.4159599775281437 1.0198317235731693 0.040316606778379761 0.0073157144560604334 -0.92491894524073781 0.29162144272518026 0.34021323771787937 0.0066960895762712622 7.6862486298402652 -0.7168686172475327 0.010163742748061821 -10.814446789934708 0.024472591775313787 -0.0062659731676873243 -0.0016979209038208863 -0.21777575249168779 -0.085001814586127294 0.48146575669753133
leaf_weight=823 76 94 118 232 61 67 83 43 37 240 62 20 52 242 94 20 22 29 73 63 46 28 46 85 87 31 20 23 44 76 73 46 21 40 52 140 62 27 228 30 22 210 48 24 20 34 108 39 39 27 24 331 42 58 57 38 151 26 751 51 1095 55
leaf_count=823 76 94 118 232 61 67 83 43 37 240 62 20 52 242 94 20 22 29 73 63 46 28 46 85 87 31 20 23 44 76 73 46 21 40 52 140 62 27 228 30 22 210 48 24 20 34 108 39 39 27 24 331 42 58 57 38 151 26 751 51 1095 55
internal_value=-0.00178944 -0.011579 0.000132682 -5.69875e-05 0.000800839 0.00266406 0.00029473 0.0030067 0.0019078 -4.33057e-05 -0.00370529 -0.00786152 -0.000172155 0.00137238 -5.25601e-06 -0.00018766 -0.000483438 5.49786e-05 0.0042922 0.0071593 -0.00138036 -0.00684211 -0.000223937 0.00102515 0.00179724 0.00253771 0.00767507 -0.0011175 -0.00467852 0.000883999 -0.00178597 -0.00700441 -0.00133701 -0.00707038 -0.00101008 0.00207953 -0.00165568 -0.00118847 -0.000706696 -0.00375326 0.00150532 0.00373546 -0.000187438 0.00092542 -0.00380282 0 0.00301516 -0.00124108 -0.0022335 0.00387097 0.00176823 -0.00107015 -0.00251004 0.00176823 -0.00384401 -0.00506201 -0.0014641 0.00408423 -0.00119363 -0.00364535 -0.00082689 0.000405657
internal_weight=7006 1150 5856 5738 3480 742 2738 403 360 277 327 114 2335 577 2283 2222 335 2128 132 165 2258 74 1996 831 716 643 107 1165 73 268 141 68 1142 61 1081 186 895 843 781 115 536 232 304 256 78 54 178 70 59 127 100 754 423 100 323 266 213 102 2184 283 1901 806
internal_count=7006 1150 5856 5738 3480 742 2738 403 360 277 327 114 2335 577 2283 2222 335 2128 132 165 2258 74 1996 831 716 643 107 1165 73 268 141 68 1142 61 1081 186 895 843 781 115 536 232 304 256 78 54 178 70 59 127 100 754 423 100 323 266 213 102 2184 283 1901 806
is_linear=0
shrinkage=0.03


end of trees

feature_importances:
Column_55=850
Column_4=550
Column_56=515
Column_34=473
Column_58=342
Column_62=331
Column_57=268
Column_59=249
Column_16=240
Column_10=214
Column_21=185
Column_22=180
Column_61=179
Column_6=160
Column_44=159
Column_43=155
Column_3=154
Column_26=150
Column_2=149
Column_60=149
Column_24=145
Column_45=139
Column_27=133
Column_66=126
Column_15=121
Column_33=121
Column_28=112
Column_7=111
Column_19=108
Column_63=108
Column_49=107
Column_18=99
Column_25=99
Column_64=99
Column_1=94
Column_20=92
Column_46=89
Column_48=89
Column_65=89
Column_23=86
Column_54=86
Column_13=82
Column_50=80
Column_51=78
Column_37=77
Column_53=77
Column_38=74
Column_17=73
Column_36=69
Column_47=67
Column_30=63
Column_40=63
Column_41=62
Column_69=62
Column_31=61
Column_14=60
Column_29=57
Column_52=57
Column_35=54
Column_42=54
Column_12=53
Column_0=44
Column_5=43
Column_32=43
Column_68=39
Column_70=39
Column_11=36
Column_39=29
Column_67=28
Column_9=26
Column_8=2

parameters:
[boosting: gbdt]
[objective: quantile]
[metric: quantile]
[tree_learner: serial]
[device_type: cpu]
[data_sample_strategy: bagging]
[data: ]
[valid: ]
[num_iterations: 1500]
[learning_rate: 0.03]
[num_leaves: 63]
[num_threads: 24]
[seed: 42]
[deterministic: 0]
[force_col_wise: 0]
[force_row_wise: 0]
[histogram_pool_size: -1]
[max_depth: -1]
[min_data_in_leaf: 20]
[min_sum_hessian_in_leaf: 0.001]
[bagging_fraction: 0.8]
[pos_bagging_fraction: 1]
[neg_bagging_fraction: 1]
[bagging_freq: 0]
[bagging_seed: 400]
[bagging_by_query: 0]
[feature_fraction: 0.8]
[feature_fraction_bynode: 1]
[feature_fraction_seed: 30056]
[extra_trees: 0]
[extra_seed: 12879]
[early_stopping_round: 0]
[early_stopping_min_delta: 0]
[first_metric_only: 0]
[max_delta_step: 0]
[lambda_l1: 0.1]
[lambda_l2: 0.1]
[linear_lambda: 0]
[min_gain_to_split: 0]
[drop_rate: 0.1]
[max_drop: 50]
[skip_drop: 0.5]
[xgboost_dart_mode: 0]
[uniform_drop: 0]
[drop_seed: 17869]
[top_rate: 0.2]
[other_rate: 0.1]
[min_data_per_group: 100]
[max_cat_threshold: 32]
[cat_l2: 10]
[cat_smooth: 10]
[max_cat_to_onehot: 4]
[top_k: 20]
[monotone_constraints: ]
[monotone_constraints_method: basic]
[monotone_penalty: 0]
[feature_contri: ]
[forcedsplits_filename: ]
[refit_decay_rate: 0.9]
[cegb_tradeoff: 1]
[cegb_penalty_split: 0]
[cegb_penalty_feature_lazy: ]
[cegb_penalty_feature_coupled: ]
[path_smooth: 0]
[interaction_constraints: ]
[verbosity: -1]
[saved_feature_importance_type: 0]
[use_quantized_grad: 0]
[num_grad_quant_bins: 4]
[quant_train_renew_leaf: 0]
[stochastic_rounding: 1]
[linear_tree: 0]
[max_bin: 255]
[max_bin_by_feature: ]
[min_data_in_bin: 3]
[bin_construct_sample_cnt: 200000]
[data_random_seed: 175]
[is_enable_sparse: 1]
[enable_bundle: 1]
[use_missing: 1]
[zero_as_missing: 0]
[feature_pre_filter: 1]
[pre_partition: 0]
[two_round: 0]
[header: 0]
[label_column: ]
[weight_column: ]
[group_column: ]
[ignore_column: ]
[categorical_feature: ]
[forcedbins_filename: ]
[precise_float_parser: 0]
[parser_config_file: ]
[objective_seed: 16083]
[num_class: 1]
[is_unbalance: 0]
[scale_pos_weight: 1]
[sigmoid: 1]
[boost_from_average: 1]
[reg_sqrt: 0]
[alpha: 0.5]
[fair_c: 1]
[poisson_max_delta_step: 0.7]
[tweedie_variance_power: 1.5]
[lambdarank_truncation_level: 30]
[lambdarank_norm: 1]
[label_gain: ]
[lambdarank_position_bias_regularization: 0]
[eval_at: ]
[multi_error_top_k: 1]
[auc_mu_weights: ]
[num_machines: 1]
[local_listen_port: 12400]
[time_out: 120]
[machine_list_filename: ]
[machines: ]
[gpu_platform_id: -1]
[gpu_device_id: -1]
[gpu_use_dp: 0]
[num_gpu: 1]

end of parameters

pandas_categorical:null
