tree
version=v4
num_class=1
num_tree_per_iteration=1
label_index=0
max_feature_idx=70
objective=quantile
feature_names=Column_0 Column_1 Column_2 Column_3 Column_4 Column_5 Column_6 Column_7 Column_8 Column_9 Column_10 Column_11 Column_12 Column_13 Column_14 Column_15 Column_16 Column_17 Column_18 Column_19 Column_20 Column_21 Column_22 Column_23 Column_24 Column_25 Column_26 Column_27 Column_28 Column_29 Column_30 Column_31 Column_32 Column_33 Column_34 Column_35 Column_36 Column_37 Column_38 Column_39 Column_40 Column_41 Column_42 Column_43 Column_44 Column_45 Column_46 Column_47 Column_48 Column_49 Column_50 Column_51 Column_52 Column_53 Column_54 Column_55 Column_56 Column_57 Column_58 Column_59 Column_60 Column_61 Column_62 Column_63 Column_64 Column_65 Column_66 Column_67 Column_68 Column_69 Column_70
feature_infos=[66131:160560] [-20:34.149999999999999] [25.719044:100] [36.971664299722725:71.559848645091535] [0:23] [0:6] [1:10] [1:31] [0:1] [0:1] [0:0.99270887409805397] [66131:160560] [66131:160560] [66131:160560] [72233.041666666672:137142.20833333334] [2057.6408592873181:22024.617595875727] [-9183:8446] [-20:34.149999999999999] [-20:34.149999999999999] [-20:34.149999999999999] [-16.568749999999998:29.675000000000001] [0.52945401875049547:7.951298487978419] [-5.8000000000000007:5.5499999999999972] [25.719044:100] [25.719044:100] [25.719044:100] [45.313373250000005:95.04641233333335] [0.97911827352794878:23.426507825749582] [-30.049300000000002:30.860949999999995] [36.971664299722725:71.559848645091535] [36.971664299722725:71.559848645091535] [36.971664299722725:71.559848645091535] [45.760024263258238:67.819212344444352] [0.67909628204517791:7.5954539582083802] [-8.6935655667746659:7.6341842441526993] [6201:33428] [6201:33428] [6201:33428] [7216.916666666667:32362.625] [18440:75926] [18440:75926] [18440:75926] [24497.5:64836.833333333336] [25199:33959] [25199:33959] [26474:33959] [25316:33930.166666666664] [43:6933] [43:6933] [43:6933] [83.541666666666671:5366.375] [366:3539] [366:3539] [366:3539] [431.45833333333331:2835.4583333333335] [0:12186] [0:12186] [0:12186] [281.875:5366.791666666667] [85:6739] [85:6739] [85:6739] [718.33333333333337:3117.0833333333335] [29:9938] [29:9938] [29:9938] [157.125:8964.4166666666661] [68553:162721] [68553:162721] [68553:162721] [74746.875:140862.16666666666]
tree_sizes=2946 4824 3308 3549 3959 4043 4392 5386 5376 5385 5382 5369 5385 5375 5356 5388 5370 5362 5365 5376 5372 5367 5373 5358 5368 5356 5370 5356 5358 5376 5380 5386 5423 5397 5394 5407 5408 5382 5400 5396 5415 5397 5384 5430 5407 5419 5400 5407 5386 5432 5431 5412 5413 5407 5445 5444 5434 5418 5419 5441 5416 5414 5423 5446 5438 5427 5441 5436 5458 5423 5466 5448 5457 5461 5419 5434 5453 5456 5408 5456

Tree=0
num_leaves=36
num_cat=0
split_feature=4 16 6 4 4 57 46 60 4 55 4 55 44 34 6 6 4 20 62 16 4 58 63 62 62 58 12 38 4 6 60 44 19 44 34
split_gain=1352.09 52.7448 71.845 22.2087 10.5164 25.8261 9.30478 7.46753 6.90988 16.7666 6.2148 13.3772 6.45336 3.56413 2.87637 2.76244 2.29612 12.758 2.20887 1.93292 1.11658 3.74422 1.07865 0.979564 0.821868 0.736854 1.45633 0.582671 0.310302 1.65317 1.57127 0.309283 0.0812893 0.0786056 0.0693758
threshold=12.500000000000002 779.00000000000011 2.5000000000000004 1.0000000180025095e-35 11.500000000000002 625.00000000000011 32527.937500000004 2125.5000000000005 1.0000000180025095e-35 1919.5000000000002 13.500000000000002 1498.5000000000002 31884.000000000004 0.030855533115811799 8.5000000000000018 3.5000000000000004 9.5000000000000018 2.2104166666666671 1726.2083333333337 1340.0000000000002 22.500000000000004 4739.7500000000009 2068.0000000000005 2402.9166666666674 2521.9166666666674 620.06250000000011 103858.00000000001 9978.8750000000018 1.5000000000000002 3.5000000000000004 3409.5000000000005 27227.000000000004 21.725000000000005 33859.500000000007 0.90865540349130935
decision_type=2 2 2 2 2 2 2 2 2 2 2 2 2 2 2 2 2 2 2 2 2 2 2 2 2 2 2 2 2 2 2 2 2 2 2
left_child=1 8 6 15 31 13 7 -3 9 -1 11 23 -13 -6 34 -4 25 -18 -15 -8 -12 24 -14 32 27 26 -10 -22 29 30 -27 -5 -2 -30 -11
right_child=10 2 3 4 5 -7 19 -9 16 14 20 12 22 18 -16 -17 17 -19 -20 -21 21 -23 -24 -25 -26 28 -28 -29 33 -31 -32 -33 -34 -35 -36
leaf_value=344.20999999999998 340.25 388.45999999999998 341.06 427.69999999999999 357.11000000000001 390.68000000000001 341.10500000000002 341.18000000000001 417.35000000000002 384.15499999999997 339.94999999999999 346.31 352.49000000000001 343.16000000000003 351.57499999999999 346.88 340.85000000000002 507.56 348.44 340.25 339.96499999999997 349.69999999999999 359.60000000000002 344.83999999999997 345.13999999999999 383.34500000000003 366.72500000000002 340.25 580.54999999999995 472.75999999999999 363.76999999999998 478.46000000000004 342.88999999999999 460.10000000000002 388.81999999999999
leaf_weight=34 174 31 31 21 21 141 32 36 33 20 2619 33 24 42 22 22 23 105 26 120 22 21 20 20 30 28 20 218 2200 185 26 419 20 47 109
leaf_count=34 174 31 31 21 21 141 32 36 33 20 2619 33 24 42 22 22 23 105 26 120 22 21 20 20 30 28 20 218 2200 185 26 419 20 47 109
internal_value=350 350.012 350.006 350.011 350.012 350.007 349.991 350 350.014 350.008 349.986 349.99 350.001 349.994 350.013 349.992 350.015 350.011 349.991 349.987 349.985 349.987 350.008 349.986 349.986 350.015 350.011 349.986 350.015 350.014 350.009 350.015 349.985 350.015 350.015
internal_weight=6995 3794 942 723 670 230 219 67 2852 185 3201 291 77 89 151 53 2667 128 68 152 2910 291 44 214 270 2539 53 240 2486 239 54 440 194 2247 129
internal_count=6995 3794 942 723 670 230 219 67 2852 185 3201 291 77 89 151 53 2667 128 68 152 2910 291 44 214 270 2539 53 240 2486 239 54 440 194 2247 129
is_linear=0
shrinkage=1


Tree=1
num_leaves=57
num_cat=0
split_feature=56 16 6 10 62 55 10 60 57 55 59 44 6 60 45 59 56 10 20 31 11 62 6 3 62 11 58 55 44 20 58 58 60 44 16 16 60 57 58 42 68 44 16 59 61 59 45 15 19 19 60 18 1 48 16 24
split_gain=990.73 117.788 101.329 44.7129 23.3798 23.3564 29.4551 22.9888 45.4459 22.6987 28.2178 11.9257 8.4958 8.02689 8.7441 7.28497 6.69498 4.59535 16.6257 4.3757 4.33694 3.21551 3.90526 2.87541 2.79227 5.19402 2.74592 2.66467 2.45198 2.07217 2.0125 1.91186 6.31432 1.57015 2.69866 1.55114 1.37987 4.78615 4.33778 1.08417 0.547013 0.542827 0.534802 1.32283 0.74918 0.514433 0.378127 0.76347 0.350864 0.350864 0.327086 0.201339 0.158818 0.0749006 0.0612576 0.0438322
threshold=1242.0000000000002 779.00000000000011 2.5000000000000004 0.96386255839173451 2103.6250000000005 652.50000000000011 0.96386255839173451 4706.5000000000009 4155.0000000000009 977.00000000000011 3015.5000000000005 31132.500000000004 8.5000000000000018 1298.5000000000002 33365.500000000007 1451.5000000000002 4285.5000000000009 0.74305326206722599 2.7187500000000004 58.275616870035897 81341.000000000015 1649.1666666666667 3.5000000000000004 56.040432182700982 1480.479166666667 80510.500000000015 2381.9375000000005 977.00000000000011 32451.500000000004 20.476041666666671 3145.1666666666674 1059.104166666667 2431.5000000000005 32503.500000000004 2523.5000000000005 1489.5000000000002 3296.5000000000005 2611.0000000000005 3684.1250000000005 33043.354166666679 109985.50000000001 27227.000000000004 -619.49999999999989 2492.0000000000005 3707.0000000000005 5945.5000000000009 33486.500000000007 5186.5062789114481 17.425000000000001 10.375000000000002 1728.5000000000002 5.4750000000000005 10.375000000000002 87.500000000000014 599.50000000000011 57.767812000000006
decision_type=2 2 2 2 2 2 2 2 2 2 2 2 2 2 2 2 2 2 2 2 2 2 2 2 2 2 2 2 2 2 2 2 2 2 2 2 2 2 2 2 2 2 2 2 2 2 2 2 2 2 2 2 2 2 2 2
left_child=1 9 13 7 24 6 41 36 16 17 51 19 26 14 -3 27 30 31 -19 21 -17 -8 -23 -7 -5 -26 -12 -6 -29 -27 -9 32 40 34 -15 -16 -2 38 -38 -39 -1 -4 -33 46 -45 -10 -44 -48 -13 -25 -35 -11 -21 -43 -20 -32
right_child=3 2 5 4 15 23 11 8 45 10 12 48 -14 33 35 20 -18 18 54 52 -22 22 -24 49 25 29 -28 28 -30 -31 55 42 -34 50 -36 -37 37 39 -40 -41 -42 53 43 44 -46 -47 47 -49 -50 -51 -52 -53 -54 -55 -56 -57
leaf_value=144.37949999999998 -9.7484999999999999 60.676199999999994 70.674000000000007 -9.5324999999999989 61.299599999999998 -1.9069499999999999 -8.4074999999999989 10.58535 -9.7184999999999988 -9.5384999999999991 14.970375000000001 7.0073999999999996 -1.8962999999999992 -1.7754000000000001 -6.99315 26.456699999999998 -6.7109999999999994 -9.3869999999999987 159.28319999999999 -4.5082500000000003 -7.3283999999999994 -2.7131999999999996 23.889599999999998 -9.1517999999999997 10.3368 -9.3674999999999997 134.7372 -2.0280000000000005 7.9319999999999986 -2.4806999999999997 34.755375000000001 224.99849999999998 -1.3847999999999989 -9.4380000000000006 -9.4574999999999996 -9.3674999999999997 -9.4784999999999986 -9.1784999999999997 19.9254 -9.7187249999999992 26.095874999999996 93.331199999999995 219.1035 20.413274999999999 45.373275 -6.6674999999999995 49.033499999999997 69.508499999999998 32.846699999999998 -8.1264000000000003 -9.5474999999999994 -6.2618999999999998 -7.2648000000000001 126.91619999999999 94.108199999999997 54.275399999999998
leaf_weight=115 2189 22 22 66 57 28 21 21 213 39 20 20 35 20 21 21 29 30 85 20 34 20 23 20 21 42 133 23 31 28 20 1880 26 20 33 24 24 20 21 220 20 20 265 30 38 23 25 36 25 25 218 20 27 391 20 55
leaf_count=115 2189 22 22 66 57 28 21 21 213 39 20 20 35 20 21 21 29 30 85 20 34 20 23 20 21 42 133 23 31 28 20 1880 26 20 33 24 24 20 21 220 20 20 265 30 38 23 25 36 25 25 218 20 27 391 20 55
internal_value=-3.60252e-05 0.0102061 0.0014675 -0.0124812 -0.00189415 0.0084232 0.0104091 -0.0136863 -0.00659651 0.0133691 0.00466208 -0.00074952 0.0103509 -0.0113851 -0.00196721 0.0059422 0.00800959 0.0142045 0.00874907 -0.0060486 -0.00294011 -0.000889236 0.0037587 -0.0075513 -0.0101973 -0.00671789 0.013403 0.010369 0.00548983 -0.0106562 0.0118314 0.0145054 0.0112477 -0.0135417 -0.00870056 -0.00957871 -0.0147193 -0.0126692 -0.00359202 -0.0143565 0.0138564 0.0144355 0.0147342 0.0136184 0.00964758 -0.0143456 0.0144342 0.0119804 0.0122395 -0.0122395 -0.0146031 -0.013401 -0.0129936 0.0146972 0.0143863 0.0141411
internal_weight=6995 3837 1020 3158 323 662 589 2835 361 2817 247 156 188 358 67 166 125 2570 135 111 55 64 43 73 157 91 153 111 54 70 96 2435 161 291 53 45 2474 285 45 240 135 433 2274 394 68 236 326 61 45 45 238 59 47 411 105 75
internal_count=6995 3837 1020 3158 323 662 589 2835 361 2817 247 156 188 358 67 166 125 2570 135 111 55 64 43 73 157 91 153 111 54 70 96 2435 161 291 53 45 2474 285 45 240 135 433 2274 394 68 236 326 61 45 45 238 59 47 411 105 75
is_linear=0
shrinkage=0.03


Tree=2
num_leaves=38
num_cat=0
split_feature=4 16 6 4 4 56 46 60 4 56 4 55 44 6 4 6 4 43 16 20 54 59 58 56 63 62 4 31 60 52 26 14 4 19 48 23 2
split_gain=1336.64 51.9464 68.362 21.7179 10.6692 26.6742 8.76568 7.46753 6.92213 21.4472 6.18679 13.3772 6.45336 3.74688 12.0374 2.76244 2.73234 3.63726 2.27806 1.68986 1.4041 1.29529 2.2468 1.25813 1.07865 0.979564 0.66313 1.10763 0.650597 0.30353 0.227488 0.209954 0.190544 0.0812893 0.0801206 0.0696491 0.0690982
threshold=12.500000000000002 779.00000000000011 2.5000000000000004 1.0000000180025095e-35 11.500000000000002 397.50000000000006 32527.937500000004 2125.5000000000005 1.0000000180025095e-35 397.50000000000006 13.500000000000002 1498.5000000000002 31884.000000000004 2.5000000000000004 9.5000000000000018 3.5000000000000004 2.5000000000000004 32855.000000000007 1340.0000000000002 9.9114583333333357 1579.6875000000002 5379.5000000000009 4352.3125000000009 784.50000000000011 2068.0000000000005 2402.9166666666674 8.5000000000000018 60.11674780162118 2738.5000000000005 1803.5000000000002 60.568502229166675 108627.12500000001 22.500000000000004 21.725000000000005 78.500000000000014 96.662235000000024 82.559007500000021
decision_type=2 2 2 2 2 2 2 2 2 2 2 2 2 2 2 2 2 2 2 2 2 2 2 2 2 2 2 2 2 2 2 2 2 2 2 2 2
left_child=1 8 6 15 29 19 7 -3 9 -1 11 25 -13 14 16 -4 17 -10 -8 -6 -21 32 31 -11 -14 33 -18 -28 -19 -5 -7 -23 -12 -2 -15 -32 -25
right_child=10 2 3 4 5 30 18 -9 13 23 21 12 24 34 -16 -17 26 28 -20 20 -22 22 -24 36 -26 -27 27 -29 -30 -31 35 -33 -34 -35 -36 -37 -38
leaf_value=-6.0694109999999997 -9.1914749999999987 35.485914000000001 -8.5472460000000012 117.91871399999999 -1.3779525000000006 12.747987 -8.3800402500000004 -8.2703249999999997 3.7157017500000009 5.4096390000000003 -9.4560449999999996 -3.7730010000000003 2.3267399999999996 170.95354499999999 -4.1751899999999997 -2.8758997499999999 152.982084375 65.020398374999999 -9.1724250000000005 -2.1518040000000007 -7.3882042500000011 -7.5250604999999995 -6.2926949999999993 35.262738750000004 9.0740399999999983 -4.9443599999999988 26.565614999999998 68.578244999999995 32.706945000000005 95.148713999999998 41.044405500000003 -9.1277099999999987 -9.2610749999999999 -6.8215019999999988 218.24854500000001 39.405611999999998 37.297488749999999
leaf_weight=36 174 31 31 407 26 20 32 36 37 21 2577 33 24 22 29 22 354 48 120 24 30 21 22 108 20 20 23 29 23 33 110 52 238 20 2102 20 20
leaf_count=36 174 31 31 407 26 20 32 36 37 21 2577 33 24 22 29 22 354 48 120 24 30 21 22 108 20 20 23 29 23 33 110 52 238 20 2102 20 20
internal_value=-7.46237e-05 0.0119704 0.00585607 0.0103056 0.0117699 0.00650587 -0.00881789 0.000178838 0.0139886 0.00833063 -0.0143519 -0.0101408 0.000544747 0.0143797 0.0121193 -0.00813559 0.0131823 0.00885291 -0.0128008 -0.00745318 -0.0104806 -0.0147717 -0.0111672 0.0133602 0.00809524 -0.0139981 0.0143241 0.0108829 0.012827 0.0145126 0.0139707 -0.0137073 -0.0148918 -0.0146677 0.0149555 0.0145042 0.0144965
internal_weight=6995 3794 942 723 670 230 219 67 2852 185 3201 291 77 2667 543 53 514 108 152 80 54 2910 95 149 44 214 406 52 71 440 150 73 2815 194 2124 130 128
internal_count=6995 3794 942 723 670 230 219 67 2852 185 3201 291 77 2667 543 53 514 108 152 80 54 2910 95 149 44 214 406 52 71 440 150 73 2815 194 2124 130 128
is_linear=0
shrinkage=0.03


Tree=3
num_leaves=41
num_cat=0
split_feature=4 16 6 4 4 57 46 60 4 55 4 55 44 20 4 22 18 55 6 4 20 59 4 58 17 62 34 64 46 11 52 47 4 1 4 50 49 62 34 24
split_gain=1324.33 51.9046 70.6208 21.922 10.9294 22.9396 9.70685 6.47116 6.44208 13.5241 6.21285 16.0932 4.67233 3.97504 12.3757 3.61993 3.15046 3.03365 2.8659 2.68553 2.56183 2.52296 1.37675 4.53246 1.2629 1.18487 0.835381 0.802273 0.494846 0.302935 0.265069 0.307159 0.261018 0.620064 0.241666 0.191509 0.0849449 0.0696491 0.0688162 0.0522485
threshold=12.500000000000002 599.50000000000011 2.5000000000000004 1.0000000180025095e-35 11.500000000000002 625.00000000000011 32527.937500000004 2125.5000000000005 13.500000000000002 1770.0000000000002 1.0000000180025095e-35 1919.5000000000002 32451.500000000004 2.4218750000000004 9.5000000000000018 0.35000000000000037 21.575000000000006 3162.5000000000005 8.5000000000000018 1.5000000000000002 9.9114583333333357 572.50000000000011 22.500000000000004 4739.7500000000009 -1.3749999999999998 2521.9166666666674 0.5902879141113716 2208.5000000000005 33890.083333333343 83920.500000000015 1803.5000000000002 85.500000000000014 2.5000000000000004 -0.97499999999999987 8.5000000000000018 89.375000000000014 87.500000000000014 1227.7708333333337 0.90865540349130935 67.486255000000014
decision_type=2 2 2 2 2 2 2 2 2 2 2 2 2 2 2 2 2 2 2 2 2 2 2 2 2 2 2 2 2 2 2 2 2 2 2 2 2 2 2 2
left_child=1 10 6 17 30 15 7 -3 9 16 11 -1 -11 14 19 20 39 -4 38 24 -6 -8 -10 25 -12 29 -7 -21 32 -24 31 -5 33 -29 -34 -15 -33 -23 -13 -2
right_child=8 2 3 4 5 26 21 -9 22 12 13 18 -14 35 -16 -17 -18 -19 -20 27 -22 37 23 -25 -26 -27 -28 28 -30 -31 -32 36 34 -35 -36 -37 -38 -39 -40 -41
leaf_value=-5.0663606699999981 -8.9853307499999993 38.844884579999999 -8.2908286199999992 92.534927580000002 -1.3066139250000008 40.438298737500006 -6.80130225 -7.9274467499999997 -9.1723636499999994 -3.0452699699999988 23.008486650000002 31.392356962500003 7.599678299999999 162.87608864999999 -8.2886343 4.948679835000001 -1.720081199999999 1.0994556862499991 1.5945355799999998 16.266432468750004 -6.4952098725000011 -9.3609022500000005 -9.0307627500000009 0.18816225000000086 4.0219068731249985 -4.2981761924999997 6.4028668350000002 90.249253498125 80.397582468750002 -8.9776350750000002 92.294252579999991 83.87115258 156.37408246874998 89.444212649999997 59.183047649999999 209.73608864999997 119.57115257999999 -8.9122522499999999 35.609755837500003 -8.8680307499999973
leaf_weight=33 23 33 35 20 21 118 29 38 2619 31 21 20 28 30 21 25 31 20 22 20 43 20 20 21 20 30 23 26 39 220 33 20 300 20 39 2082 406 110 107 178
leaf_count=33 23 33 35 20 21 118 29 38 2619 31 21 20 28 30 21 25 31 20 22 20 43 20 20 21 20 30 23 26 39 220 33 20 300 20 39 2082 406 110 107 178
internal_value=-0.0001218 0.0118676 0.00597224 0.0103612 0.0117783 0.00637549 -0.00859192 0.000590717 -0.0143332 -0.0100378 0.0139591 0.00855025 0.00274112 0.0143337 0.0119087 -0.00552189 -0.0133003 -0.00784029 0.0127565 0.0128881 -0.00931357 -0.012709 -0.0147613 -0.0127173 0.00540146 -0.0137616 0.013905 0.0135713 0.0138576 -0.0144815 0.0143644 0.0145864 0.0142093 0.0116486 0.0145444 0.0149126 0.0147782 -0.0145042 0.0144925 -0.0146793
internal_weight=6995 3794 994 764 709 230 230 71 3201 291 2800 182 59 2618 506 89 232 55 149 485 64 159 2910 291 41 270 141 444 424 240 479 446 385 46 339 2112 426 130 127 201
internal_count=6995 3794 994 764 709 230 230 71 3201 291 2800 182 59 2618 506 89 232 55 149 485 64 159 2910 291 41 270 141 444 424 240 479 446 385 46 339 2112 426 130 127 201
is_linear=0
shrinkage=0.03


Tree=4
num_leaves=46
num_cat=0
split_feature=4 6 4 4 4 56 4 56 46 4 55 44 60 60 28 55 22 20 62 4 58 63 19 62 22 57 13 24 27 52 56 34 50 29 11 57 4 58 20 4 44 19 6 22 25
split_gain=1312.37 42.7851 52.2909 44.3317 19.1345 32.335 16.6495 25.8526 11.6377 6.44208 13.1213 5.48107 4.69894 3.04683 3.5841 2.55067 1.87206 1.77331 1.47029 1.37675 4.53246 1.27591 2.40024 1.18487 1.1351 1.02354 0.984872 2.37733 0.742654 0.532152 0.529782 0.470843 0.461535 0.534238 0.302935 0.229638 0.152789 0.744885 0.854889 0.135973 0.656725 0.0812893 0.0702682 0.0651799 0.0217232
threshold=12.500000000000002 2.5000000000000004 9.5000000000000018 1.0000000180025095e-35 1.0000000180025095e-35 428.50000000000006 11.500000000000002 397.50000000000006 32536.250000000004 13.500000000000002 1498.5000000000002 31523.500000000004 1483.5000000000002 1624.5000000000002 3.1191415000000018 2611.0000000000005 0.32499999999999934 11.344791666666667 2402.9166666666674 22.500000000000004 4739.7500000000009 5074.5000000000009 -0.87499999999999989 2521.9166666666674 1.4250000000000009 192.50000000000003 94368.000000000015 73.441440000000014 11.87830545885714 614.50000000000011 894.00000000000011 0.5163658047968448 89.375000000000014 55.171830913120793 83920.500000000015 741.00000000000011 1.5000000000000002 2714.2291666666674 16.740625000000005 10.500000000000002 28228.500000000004 21.725000000000005 3.5000000000000004 0.45000000000000018 84.580555000000018
decision_type=2 2 2 2 2 2 2 2 2 2 2 2 2 2 2 2 2 2 2 2 2 2 2 2 2 2 2 2 2 2 2 2 2 2 2 2 2 2 2 2 2 2 2 2 2
left_child=1 2 3 -1 5 25 32 16 12 10 18 -12 -4 26 21 -7 17 -8 41 -11 23 22 -15 34 -13 -3 27 -5 -10 -29 -17 35 33 -6 -21 -9 37 38 -34 -38 -41 -2 -42 -28 -23
right_child=9 4 8 13 6 15 7 31 28 19 11 24 -14 14 -16 30 -18 -19 -20 20 -22 44 -24 -25 -26 -27 43 29 -30 -31 -32 -33 36 -35 -36 -37 39 -39 -40 40 42 -43 -44 -45 -46
leaf_value=-8.7185346824999996 -8.6496898274999978 -8.3820117759937496 54.242926602599994 9.0306594946874963 110.7232309905 2.3612586501000004 -1.6849045455374996 23.40889899495 -8.780177182500001 -8.8971927404999995 -4.1239118708999989 0.17966912910000074 -6.8959733475 65.354576740903127 -2.1811702063781229 11.071807792256248 0.73684611495000008 -6.3453535763250004 -4.6372075207499979 -8.7598398675000002 0.18251738250000074 75.914596342556251 -0.7648765086937499 -4.1692309067249989 7.1938284509999981 -4.1307262936499995 145.13199980924998 126.6463599946875 -8.1485346824999993 132.17109999468749 36.400271412374998 11.542595258062502 17.005803098203124 177.94465537155 -8.7083060227499995 41.195294677875005 211.3624309905 105.37554499049999 30.7727059905 45.004018002599999 63.994018002600001 -6.5652545039999994 103.6240180026 61.502859994687498 89.912859994687494
leaf_weight=59 174 40 28 25 20 23 20 23 106 2619 29 23 20 28 22 22 22 38 20 20 21 35 21 30 25 32 273 20 23 66 116 20 30 20 220 109 2064 175 24 36 21 20 172 21 20
leaf_count=59 174 40 28 25 20 23 20 23 106 2619 29 23 20 28 22 22 22 38 20 20 21 35 21 30 25 32 273 20 23 66 116 20 30 20 220 109 2064 175 24 36 21 20 172 21 20
internal_value=-0.00018613 0.011749 0.00541259 0.00970513 0.0133534 0.00507079 0.0140428 0.00632055 -0.00887634 -0.0143332 -0.0100378 0.000544747 0.00367983 0.0124496 0.00830293 0.0125512 -0.00745318 -0.0102754 -0.013858 -0.0147613 -0.0127173 0.010634 0.00696538 -0.0137616 0.00679834 -0.0116089 0.0137299 0.0111791 -0.0135709 0.013554 0.0140985 0.0135897 0.0147406 0.0111471 -0.0144815 0.0142846 0.014796 0.0138018 0.0104806 0.0148934 0.0139328 -0.0146677 0.014666 0.0146787 0.0138294
internal_weight=6995 3794 767 590 3027 233 2794 232 177 3201 291 77 48 531 126 161 80 58 214 2910 291 104 49 270 48 72 405 111 129 86 138 152 2562 40 240 132 2522 229 54 2293 229 194 193 294 55
internal_count=6995 3794 767 590 3027 233 2794 232 177 3201 291 77 48 531 126 161 80 58 214 2910 291 104 49 270 48 72 405 111 129 86 138 152 2562 40 240 132 2522 229 54 2293 229 194 193 294 55
is_linear=0
shrinkage=0.03


Tree=5
num_leaves=47
num_cat=0
split_feature=4 16 6 4 4 56 46 4 56 60 4 55 6 4 44 60 28 6 18 37 16 51 63 33 59 57 55 13 24 6 60 20 39 44 22 6 4 24 4 29 33 4 60 60 60 24
split_gain=1301.4 55.4342 65.8916 20.2783 11.1339 22.5518 7.59853 6.65034 21.1132 6.10308 5.85459 12.8971 5.61777 8.68247 4.1629 3.18629 3.677 2.76244 2.57458 2.57169 2.27806 2.05405 2.42677 1.8032 1.53707 1.71444 1.25621 1.11294 2.19107 0.987712 0.692958 0.675999 0.660524 0.557097 0.364695 0.323656 0.264036 0.228624 0.221431 0.962936 0.967104 0.20025 0.142918 1.19186 0.062515 0.0522485
threshold=12.500000000000002 779.00000000000011 2.5000000000000004 1.0000000180025095e-35 11.500000000000002 339.00000000000006 32527.937500000004 1.0000000180025095e-35 397.50000000000006 2125.5000000000005 13.500000000000002 1770.0000000000002 2.5000000000000004 9.5000000000000018 31523.500000000004 1624.5000000000002 3.1191415000000018 3.5000000000000004 21.575000000000006 9799.0000000000018 1340.0000000000002 1373.5000000000002 5175.5000000000009 1.6441191761379914 5379.5000000000009 4306.0000000000009 3702.5000000000005 94368.000000000015 73.441440000000014 9.5000000000000018 4268.5000000000009 18.798958333333335 40983.000000000007 29467.500000000004 -0.3500000000000002 6.5000000000000009 22.500000000000004 64.671200000000013 1.5000000000000002 57.218199758839077 2.7456389481002508 2.5000000000000004 3296.5000000000005 3641.0000000000005 4831.0000000000009 67.486255000000014
decision_type=2 2 2 2 2 2 2 2 2 2 2 2 2 2 2 2 2 2 2 2 2 2 2 2 2 2 2 2 2 2 2 2 2 2 2 2 2 2 2 2 2 2 2 2 2 2
left_child=1 7 6 17 29 21 9 8 -1 -3 11 18 13 15 -13 27 23 -4 45 -7 -8 22 -6 -17 36 -26 31 28 -9 30 37 -10 -30 -21 -25 -27 -12 -5 39 40 -14 -29 -38 -44 -45 -2
right_child=10 2 3 4 5 19 20 12 26 -11 24 14 38 -15 -16 16 -18 -19 -20 33 -22 -23 -24 34 25 35 -28 41 32 -31 -32 -33 -34 -35 -36 -37 42 -39 -40 -41 -42 -43 43 44 -46 -47
leaf_value=-5.6114160610904991 -8.4562801326749977 31.628702244521996 -7.7906434081201859 34.133145072884993 2.1997407315014992 8.3034843100387494 -7.6304550470250012 8.7597397098468726 3.5478625129128765 -7.5775126470750003 -8.6302769582850001 -3.5951945147729996 73.956010104169451 -3.5378699555250006 4.8308193771269998 6.3163210128170659 -2.8153311491211523 -2.494061092449094 -1.6738688378729989 11.864796464064 -8.3912682545250004 -6.8512479544970626 -2.794749787191189 117.80819417359687 -4.4425412220232499 -8.576077458284999 37.194470128128749 77.0912685349725 116.19782894275312 23.569221267703497 50.098538409653898 16.387298869121999 125.52215169484685 42.503859032538749 27.963876822998113 -8.1846149520675002 -8.6452975170674993 121.0497212677035 207.42155806078503 90.784278640785004 135.634278640785 139.49890000041 -8.4471711420675 -8.3947345170674996 -7.4322047670674998 -8.3424991326749982
leaf_weight=36 23 31 31 25 23 22 32 25 20 36 2577 22 20 29 37 22 21 22 31 30 120 30 22 37 20 33 106 26 24 34 27 23 60 103 38 42 91 354 1928 152 24 261 20 95 32 178
leaf_count=36 23 31 31 25 23 22 32 25 20 36 2577 22 20 29 37 22 21 22 31 30 120 30 22 37 20 33 106 26 24 34 27 23 60 103 38 42 91 354 1928 152 24 261 20 95 32 178
internal_value=-0.00025475 0.0116304 0.00531472 0.00968331 0.0110983 0.0057236 -0.00909174 0.0137152 0.00816856 -0.000625931 -0.0143426 -0.0102439 0.0140985 0.011346 0.0022335 0.0122486 0.00784928 -0.00813559 -0.0134296 0.0122631 -0.0128008 -0.00774967 -0.00359202 0.0103193 -0.014751 -0.0108517 0.013159 0.0135496 0.0108341 0.0138991 0.0143241 0.00863109 0.0131629 0.0138392 0.0125433 -0.0129427 -0.0148812 0.0146716 0.0148002 0.0136002 0.00945578 0.0145664 -0.0137211 -0.01293 -0.0140205 -0.0146793
internal_weight=6995 3794 942 723 670 230 219 2852 185 67 3201 291 2667 543 59 514 118 53 232 155 152 75 45 97 2910 95 149 396 109 440 406 43 84 133 75 75 2815 379 2124 196 44 287 238 147 127 201
internal_count=6995 3794 942 723 670 230 219 2852 185 67 3201 291 2667 543 59 514 118 53 232 155 152 75 45 97 2910 95 149 396 109 440 406 43 84 133 75 75 2815 379 2124 196 44 287 238 147 127 201
is_linear=0
shrinkage=0.03


Tree=6
num_leaves=51
num_cat=0
split_feature=4 16 6 4 4 56 46 4 58 4 55 16 46 6 4 6 4 57 41 60 55 37 24 45 4 58 6 55 29 6 37 62 62 28 25 28 46 39 54 11 17 46 66 60 2 4 55 58 19 50
split_gain=1274.8 55.4505 64.3302 19.8927 10.3402 23.3041 8.85244 6.91817 8.71098 6.35673 13.1213 6.08431 4.66692 4.22086 8.20435 3.7071 4.84077 3.40637 3.57471 3.30836 3.03365 2.40255 3.30723 2.21962 1.81339 4.326 1.743 1.72988 1.67721 2.24866 1.63878 1.49797 1.47029 1.41007 1.17562 0.944359 0.892252 0.879733 1.12887 0.595315 0.586804 0.552509 0.470919 0.240833 0.287994 0.114017 0.0951642 0.430827 0.0812893 0.0325504
threshold=12.500000000000002 599.50000000000011 2.5000000000000004 1.0000000180025095e-35 11.500000000000002 397.50000000000006 32497.812500000004 1.5000000000000002 2534.6875000000005 13.500000000000002 1498.5000000000002 2810.5000000000005 31224.312500000004 2.5000000000000004 9.5000000000000018 8.5000000000000018 1.0000000180025095e-35 22.500000000000004 41888.500000000007 1624.5000000000002 3162.5000000000005 17861.500000000004 73.441440000000014 33815.500000000007 22.500000000000004 4739.7500000000009 9.5000000000000018 2357.5000000000005 55.465836581206318 8.5000000000000018 9799.0000000000018 2521.9166666666674 2402.9166666666674 -3.2354299999999934 82.455082000000019 3.7471400000000021 32453.666666666668 48540.500000000007 760.02083333333337 83920.500000000015 16.225000000000005 29634.541666666668 7288.0208333333348 3912.5000000000005 80.674180000000021 2.5000000000000004 32.500000000000007 2931.6875000000005 21.725000000000005 89.375000000000014
decision_type=2 2 2 2 2 2 2 2 2 2 2 2 2 2 2 2 2 2 2 2 2 2 2 2 2 2 2 2 2 2 2 2 2 2 2 2 2 2 2 2 2 2 2 2 2 2 2 2 2 2
left_child=1 7 6 20 26 28 11 8 17 10 32 -3 -12 14 21 40 -17 34 -19 23 -4 22 -9 -8 -11 31 33 -14 -6 -30 -7 39 48 -5 -1 45 -20 38 -24 -26 -10 -32 46 49 -45 -23 -35 -48 -2 -15
right_child=9 2 3 4 5 30 19 13 15 24 12 -13 27 43 -16 16 -18 18 36 -21 -22 35 37 -25 25 -27 -28 -29 29 -31 41 -33 -34 42 -36 -37 -38 -39 -40 -41 -42 -43 -44 44 -46 -47 47 -49 -50 -51
leaf_value=37.080700398923319 -8.1399241586947486 25.426761909410949 -7.7381005273170267 32.024973110646911 -5.6344555304003379 10.784379780737586 -2.4090200705864526 3.6739330003977031 99.945809891767212 -8.3713686495364499 -3.8923386793298089 -7.3501872676627489 0.036447960759690257 157.97724458752995 -6.5304338568592506 -0.93210557925778348 58.652911281561451 14.474707378207352 -5.5030735792577845 -8.1887091762517503 1.3446643719805385 89.494630249744162 54.009857444001469 -8.6416193193892497 -8.2414441909629765 0.40000800403702552 25.637848129672388 6.5850227402061892 0.25328790717108007 -5.5744555304003383 13.747104693616828 -3.854746636911889 -4.3478457755692785 117.88380582449089 14.872201456738573 108.30307281496022 -1.8663279757091444 47.419428280093527 124.61350300039769 -8.1933055915554736 69.855250281561453 41.306531664062582 52.43990311033545 216.59048631896147 145.97048631896146 145.01893300039771 34.56272962967239 129.0138058244909 -6.3180808037438094 203.82548631896145
leaf_weight=21 174 26 35 20 21 20 34 39 21 2619 25 26 30 28 23 31 34 28 25 118 20 36 22 26 20 21 38 22 30 29 30 30 20 341 20 21 20 20 86 220 219 100 23 59 33 240 20 37 20 1774
leaf_count=21 174 26 35 20 21 20 34 39 21 2619 25 26 30 28 23 31 34 28 25 118 20 36 22 26 20 21 38 22 30 29 30 30 20 341 20 21 20 20 86 220 219 100 23 59 33 240 20 37 20 1774
internal_value=-0.000361968 0.0114011 0.00530832 0.00949745 0.0108476 0.00559322 -0.00859192 0.0135627 0.00997853 -0.0143051 -0.0100378 0.00224568 0.000544747 0.0141918 0.011665 0.0126254 0.00617512 0.00286591 -0.000984952 -0.0117743 -0.00784029 0.0125339 0.00958707 -0.0059401 -0.0147304 -0.0124081 0.0133626 0.00570058 -0.00745318 -0.00477157 0.0125716 -0.0134284 -0.013858 0.0139016 0.00978102 0.014177 -0.00625277 0.0119204 0.0130157 -0.0142316 0.0143565 0.0138125 0.0142769 0.0148392 0.0129967 0.0146577 0.0145365 0.0128196 -0.0146677 0.0149309
internal_weight=6995 3794 994 764 709 230 230 2800 419 3201 291 52 77 2381 487 305 65 114 73 178 55 464 167 60 2910 291 479 52 80 59 150 270 214 441 41 297 45 128 108 240 240 130 421 1894 92 276 398 57 194 1802
internal_count=6995 3794 994 764 709 230 230 2800 419 3201 291 52 77 2381 487 305 65 114 73 178 55 464 167 60 2910 291 479 52 80 59 150 270 214 441 41 297 45 128 108 240 240 130 421 1894 92 276 398 57 194 1802
is_linear=0
shrinkage=0.03


Tree=7
num_leaves=63
num_cat=0
split_feature=56 16 6 56 58 15 55 58 56 60 57 46 62 6 55 58 60 45 6 12 33 56 12 2 62 3 6 37 45 56 6 16 60 46 58 56 45 44 16 11 16 56 51 16 16 55 16 47 60 39 55 58 58 5 58 34 48 6 19 60 60 37
split_gain=929.995 118.723 92.8744 35.877 60.5419 21.9891 21.016 18.1232 17.188 9.30253 8.73048 12.318 8.8247 9.44775 8.25535 11.9006 7.72274 7.56569 7.09956 6.90808 4.96362 4.74227 3.31333 3.20916 4.53826 3.17484 3.08242 3.71207 4.81418 2.89305 2.74166 2.65916 2.5847 2.67879 2.2516 8.78976 3.71104 2.1847 3.43827 1.80742 1.66712 1.57218 1.3471 1.2967 1.27358 1.19729 7.55936 1.18013 1.17147 1.09424 0.928328 4.55854 0.865372 0.839659 0.752392 0.735812 1.55555 0.42328 0.359113 0.328273 0.292107 0.215854
threshold=1242.0000000000002 570.50000000000011 2.5000000000000004 4184.5000000000009 3907.0833333333335 13432.699223732898 652.50000000000011 1230.8541666666667 60.500000000000007 1298.5000000000002 35.500000000000007 31772.979166666668 1621.6041666666667 3.5000000000000004 977.00000000000011 2550.4791666666674 4706.5000000000009 33365.500000000007 8.5000000000000018 103681.50000000001 1.7303339530525097 1929.5000000000002 100148.50000000001 90.411025000000009 1803.4166666666667 56.040432182700982 2.5000000000000004 17426.500000000004 33581.500000000007 44.500000000000007 4.5000000000000009 -391.99999999999994 2658.0000000000005 29793.166666666668 4821.604166666667 8542.5000000000018 32364.500000000004 32503.500000000004 2523.5000000000005 80228.500000000015 1307.5000000000002 2357.5000000000005 1245.5000000000002 -951.49999999999989 5045.0000000000009 3073.5000000000005 3791.0000000000005 79.500000000000014 3547.0000000000005 33654.000000000007 121.50000000000001 2353.0625000000005 3132.8125000000005 5.5000000000000009 4068.9583333333335 0.64041280246166832 215.50000000000003 8.5000000000000018 10.375000000000002 1728.5000000000002 6071.0000000000009 30554.500000000004
decision_type=2 2 2 2 2 2 2 2 2 2 2 2 2 2 2 2 2 2 2 2 2 2 2 2 2 2 2 2 2 2 2 2 2 2 2 2 2 2 2 2 2 2 2 2 2 2 2 2 2 2 2 2 2 2 2 2 2 2 2 2 2 2
left_child=1 7 9 4 5 16 10 8 19 17 32 12 29 -14 26 22 23 -3 -17 31 -21 -18 -16 39 -25 -8 27 28 -9 -12 -6 -1 44 52 45 36 -36 38 -11 -2 -19 -7 -31 -30 53 46 -5 -28 55 -15 -49 -52 -34 -4 -32 61 -57 -53 -27 -39 -47 -29
right_child=3 2 6 34 30 41 25 14 -10 37 11 -13 13 49 15 18 21 40 -20 20 -22 -23 -24 24 -26 58 47 48 43 42 54 -33 33 -35 35 -37 -38 59 -40 -41 -42 -43 -44 -45 -46 60 -48 50 -50 -51 51 57 -54 -55 -56 56 -58 -59 -60 -61 -62 -63
leaf_value=126.35009791038576 -7.8157764339339053 54.27034679521622 139.91106912554145 -7.8954770119921323 9.7857965573217331 52.28766481164071 -0.53920668428296548 -0.72870630873546016 -7.8265275900503557 2.4401378958562061 15.593688515178441 81.505139260119165 -7.9365039339339063 71.772468978516073 12.611769794631048 104.62115840701074 27.511786411476496 -3.0917092184688557 -0.067571847409738553 -4.5054418134032845 74.140146516949684 -5.1742121269844743 -7.8613010069295814 -7.8052275900503565 5.7351571285080833 -7.6270792569329409 141.03203698964833 131.18698664978837 103.14172502853953 -0.88406139551516616 35.587246714140704 50.917639099947785 9.9302105231146118 -1.2455418722636615 -6.2336878775170002 -7.9702275900503565 2.9685322348072956 -7.8390770119921314 -7.860206423808811 -8.030227590050357 -8.0610797172716566 2.822075579898109 -5.8272218644883287 29.143068309029303 27.699660024756163 -8.1211208400503558 0.028261035090400809 197.36572172939262 10.793591077698441 26.227956282511244 -1.0926809330158607 179.42354672939263 54.019604735645331 46.145481597859941 47.578416359676879 129.42793491766705 45.650115010385775 50.190949691354177 -7.3584294676531634 -7.9766793191016978 -8.087737545143618 162.60528726818964
leaf_weight=95 30 24 254 222 23 26 32 28 37 22 20 79 30 46 20 132 20 20 31 28 25 26 24 24 22 20 34 198 33 23 22 36 21 24 22 136 22 20 33 441 29 22 35 26 26 1953 35 1732 20 32 21 128 26 22 90 28 22 26 26 225 22 24
leaf_count=95 30 24 254 222 23 26 32 28 37 22 20 79 30 46 20 132 20 20 31 28 25 26 24 24 22 20 34 198 33 23 22 36 21 24 22 136 22 20 33 441 29 22 35 26 26 1953 35 1732 20 32 21 128 26 22 90 28 22 26 26 225 22 24
internal_value=-0.000452031 0.00947122 0.0010853 -0.0125097 -0.00675111 -0.0107707 0.00741098 0.0127932 0.00453189 -0.011048 0.00921016 0.00502452 0.000789898 0.00635523 0.0135143 0.00773539 -0.0124347 -0.00139535 0.0114776 0.00829441 -0.00079096 -0.000585683 -0.00605442 -0.0134829 -0.00579176 -0.00725992 0.0140283 0.0115062 0.00599311 -0.0068758 0.0114138 0.0119908 0.0121737 0.00691983 -0.0142892 -0.0109772 0.000612245 -0.0133855 -0.00784029 -0.0142263 -0.00818737 0.00866944 -0.0102754 0.0108629 0.0133962 -0.0145545 -0.0125321 0.0145186 0.0131359 0.0118694 0.0146201 0.0124043 0.0110828 0.0140058 0.0133541 0.0136604 0.0101198 0.0141921 -0.0122993 -0.0146144 -0.0148155 0.0144394
internal_weight=6995 3837 1089 3158 746 611 716 2748 221 373 638 265 186 108 2527 207 563 73 163 184 53 46 44 517 46 78 2320 379 87 78 135 131 373 71 2412 180 44 300 55 471 49 48 58 59 302 2232 257 1941 292 78 1907 175 47 276 112 272 50 154 46 245 1975 222
internal_count=6995 3837 1089 3158 746 611 716 2748 221 373 638 265 186 108 2527 207 563 73 163 184 53 46 44 517 46 78 2320 379 87 78 135 131 373 71 2412 180 44 300 55 471 49 48 58 59 302 2232 257 1941 292 78 1907 175 47 276 112 272 50 154 46 245 1975 222
is_linear=0
shrinkage=0.03


Tree=8
num_leaves=63
num_cat=0
split_feature=56 16 6 56 58 10 55 10 6 55 15 62 62 57 10 20 44 45 59 57 61 58 59 59 58 66 57 24 62 28 31 15 6 62 6 11 43 19 61 61 50 61 69 48 19 45 16 62 56 31 48 10 30 58 16 24 44 2 7 19 66 15
split_gain=919.117 102.219 83.4891 59.1823 63.8029 26.5211 19.8448 19.0459 16.4684 18.9618 15.0256 14.1488 10.5793 8.85434 8.83048 7.25976 6.42451 6.11514 5.81013 7.23941 5.64718 6.72862 5.21581 4.56482 4.82082 4.13445 4.05807 4.8806 5.84778 2.9887 2.73164 3.33198 2.64293 2.6037 2.59842 2.53092 2.14155 2.00492 1.96355 1.71868 1.54535 1.35972 2.30051 1.31088 1.83731 1.0247 1.00252 0.991092 0.812415 0.686137 0.607679 0.526873 0.720114 0.492323 0.534238 0.476673 0.784296 0.406149 0.385784 0.329197 0.576355 0.211928
threshold=593.00000000000011 865.50000000000011 2.5000000000000004 3241.0000000000005 3561.8750000000005 0.96386255839173451 652.50000000000011 0.96386255839173451 2.5000000000000004 258.00000000000006 7285.5757550506314 1538.7708333333337 2109.5833333333335 4083.5000000000005 0.74305326206722599 13.094791666666671 31523.500000000004 32569.500000000004 5379.5000000000009 4306.0000000000009 2457.5000000000005 2826.7916666666674 1117.5000000000002 1850.0000000000002 1230.8541666666667 4614.8958333333348 22.500000000000004 67.106830000000016 1442.3958333333337 -1.643324999999997 56.108397616962527 5102.1800016720836 9.5000000000000018 1168.8333333333337 3.5000000000000004 80228.500000000015 29437.000000000004 3.3250000000000006 4095.5000000000005 1572.5000000000002 373.79166666666669 4011.0000000000005 103921.00000000001 390.50000000000006 -1.4749999999999999 32497.500000000004 -790.49999999999989 1448.8125000000002 1610.5000000000002 60.678510248335847 857.50000000000011 0.56392291514228221 62.248632444021553 5105.6458333333348 2440.5000000000005 69.453215000000014 29363.500000000004 50.810230000000011 11.500000000000002 -0.27499999999999997 6833.0000000000009 9455.7009116510926
decision_type=2 2 2 2 2 2 2 2 2 2 2 2 2 2 2 2 2 2 2 2 2 2 2 2 2 2 2 2 2 2 2 2 2 2 2 2 2 2 2 2 2 2 2 2 2 2 2 2 2 2 2 2 2 2 2 2 2 2 2 2 2 2
left_child=1 8 17 4 10 6 32 18 9 14 35 61 58 48 23 -6 -14 22 53 -20 59 26 -3 30 25 -25 50 -28 -29 -7 31 -1 38 -23 -8 -2 -17 43 55 -19 -31 -37 -43 -26 -45 -18 -33 -38 -13 -21 -22 -32 -53 -5 -55 56 -4 -35 -9 60 -10 -12
right_child=3 2 5 7 15 29 34 12 20 -11 11 13 16 -15 -16 36 45 39 19 49 21 33 -24 24 37 -27 27 28 -30 40 51 46 -34 57 -36 41 47 -39 -40 -41 -42 42 -44 44 -46 -47 -48 -49 -50 -51 -52 52 -54 54 -56 -57 -58 -59 -60 -61 -62 -63
leaf_value=-1.3009506499164762 -6.6860707623488453 26.362236391359733 67.645872237920486 -7.8770405898488445 -7.6405695961073006 0.98284303558570085 -7.2680644504322958 -5.6316196062323938 201.73538059802229 -7.8006885598424685 -7.9232446062323936 30.66880260663417 -3.3364189159148583 -5.8829676836008167 -5.192999947359346 13.041117656088671 0.67449306897305739 -5.3993745982894241 2.6432437922052316 -7.8437586235988466 74.008541140214604 56.792352291232831 -7.4622202412196428 -5.8497515190073566 85.906461520741729 26.884978986240817 -5.3349749084660507 -3.4521423416721637 52.830849786242716 -2.5393817021053029 141.60303552534702 110.82889154441476 15.446753306834475 44.114697764942406 0.7686817128645469 -7.7779371762323954 9.7949746555027239 18.756161051975653 23.87906621790184 -7.7317024969447505 -7.242405208553679 -2.8383645711052101 -7.6614045235052179 0.83767981883597253 64.343861560074203 10.307762392725794 37.572132979268659 46.613676360752656 23.494745200960217 -7.7324300247199353 41.903934890931986 63.754630987040464 43.017762412686437 -7.5815707623488455 -7.6720140123488454 110.77104852397126 53.178458847019861 148.66040007751081 -7.009819606232397 193.81475007751084 117.08660007751084 -7.8748696062323944
leaf_weight=22 25 21 25 2350 35 24 28 29 31 30 20 46 32 30 34 28 23 36 30 22 41 30 35 23 49 23 28 23 44 39 248 30 32 26 25 279 33 22 20 214 31 20 28 22 23 32 20 118 23 46 20 27 20 20 20 312 22 287 37 1617 22 43
leaf_count=22 25 21 25 2350 35 24 28 29 31 30 20 46 32 30 34 28 23 36 30 22 41 30 35 23 49 23 28 23 44 39 248 30 32 26 25 279 33 22 20 214 31 20 28 22 23 32 20 118 23 46 20 27 20 20 20 312 22 287 37 1617 22 43
internal_value=-0.000537805 0.00994374 0.00093392 -0.0118198 -0.0042398 0.00784268 0.0107886 -0.0139078 0.0127609 0.00831563 -0.00997277 -0.00238742 -0.00360549 0.00466196 0.00955781 0.00951425 0.00323766 -0.0116531 -0.01454 -0.00730887 0.0139745 0.0111441 -0.00262032 0.0105122 0.0062739 -0.0018872 0.0059385 0.00201893 0.00643815 -0.00666312 0.0123727 0.0070319 0.0130187 0.0135004 -0.00644068 -0.0134536 0.0119598 0.00953488 0.013722 -0.0136625 -0.00980029 -0.0141608 -0.00929314 0.0114453 0.00758315 0.00947368 0.0113174 0.0133819 0.0105933 -0.0127313 0.0119804 0.0136632 0.0104459 -0.0148349 -0.0111471 0.0142356 0.0110828 0.0143149 -0.0126626 0.0148177 0.0120904 -0.0135024
internal_weight=6995 3626 864 3369 728 558 464 2641 2762 593 514 162 153 99 563 214 87 306 2488 98 2169 499 56 529 162 46 156 95 67 94 367 72 411 343 53 352 179 116 379 250 70 327 48 94 45 55 50 151 69 68 61 295 47 2390 40 359 47 313 66 1670 53 63
internal_count=6995 3626 864 3369 728 558 464 2641 2762 593 514 162 153 99 563 214 87 306 2488 98 2169 499 56 529 162 46 156 95 67 94 367 72 411 343 53 352 179 116 379 250 70 327 48 94 45 55 50 151 69 68 61 295 47 2390 40 359 47 313 66 1670 53 63
is_linear=0
shrinkage=0.03


Tree=9
num_leaves=63
num_cat=0
split_feature=56 16 45 56 58 10 9 10 45 16 15 56 38 60 16 12 44 60 46 51 42 60 44 47 16 60 60 57 26 33 28 52 57 49 29 58 24 36 56 50 30 45 1 10 68 24 61 27 26 43 60 43 46 56 66 25 58 1 17 19 52 58
split_gain=912.302 101.356 71.461 57.676 63.6505 34.6016 30.0218 18.3239 15.3386 14.2157 14.0312 10.0031 9.17826 7.93595 9.43526 8.07999 7.36931 6.25811 5.78227 4.85632 4.84607 4.37333 5.61703 4.16551 4.08028 3.98827 3.80693 11.2027 3.68885 3.60053 3.55278 3.46679 3.41782 3.0959 2.79639 2.39155 3.27213 2.20885 3.76732 2.63526 1.99006 1.51771 2.50637 1.32789 2.09534 1.61326 1.2786 1.18931 0.983758 0.971187 0.919437 0.819781 0.81243 0.811442 0.675971 0.673408 0.638335 0.607342 0.58013 0.577358 0.540712 0.460558
threshold=593.00000000000011 865.50000000000011 33365.500000000007 3241.0000000000005 3561.8750000000005 0.96386255839173451 1.0000000180025095e-35 0.96386255839173451 33206.500000000007 -489.49999999999994 7285.5757550506314 1846.5000000000002 16895.416666666668 1796.5000000000002 -2568.9999999999995 103681.50000000001 30967.500000000004 602.50000000000011 32039.854166666672 812.50000000000011 34345.395833333343 2492.0000000000005 32681.500000000004 419.50000000000006 2373.5000000000005 983.50000000000011 4831.0000000000009 4155.0000000000009 74.473443770833356 2.5551860276309406 3.4381769999999965 2001.5000000000002 625.00000000000011 187.50000000000003 58.883421288913674 2515.4375000000005 72.524117500000017 12699.500000000002 1446.0000000000002 296.35416666666674 55.35038840966233 30362.500000000004 5.2250000000000005 0.87900005428953576 79381.500000000015 70.943805000000012 1572.5000000000002 11.74608173378904 48.563695979166674 30111.000000000004 576.50000000000011 32594.500000000004 33824.083333333336 75.500000000000014 6431.7500000000009 70.282435000000007 817.22916666666686 21.725000000000005 22.625000000000004 3.7750000000000004 1623.5000000000002 3876.0416666666674
decision_type=2 2 2 2 2 2 2 2 2 2 2 2 2 2 2 2 2 2 2 2 2 2 2 2 2 2 2 2 2 2 2 2 2 2 2 2 2 2 2 2 2 2 2 2 2 2 2 2 2 2 2 2 2 2 2 2 2 2 2 2 2 2
left_child=1 8 5 4 10 6 24 26 13 25 37 18 19 48 -15 31 20 -14 34 -9 40 22 -11 -17 29 51 -5 30 -27 -3 -28 35 41 -24 -12 36 -16 38 39 -2 -6 42 -7 -8 -45 -46 -4 -13 -1 -26 -35 -10 -30 -25 -37 -38 -50 -20 -19 -53 -29 -18
right_child=3 2 46 7 16 32 43 12 9 21 11 47 17 14 15 23 61 58 57 -21 -22 -23 33 53 49 28 27 60 52 -31 -32 -33 -34 50 -36 54 55 -39 -40 -41 -42 -43 -44 44 45 -47 -48 -49 56 -51 -52 59 -54 -55 -56 -57 -58 -59 -60 -61 -62 -63
leaf_value=104.8103075751855 -7.8610463403788531 -6.2890270788538567 -5.4321611259173261 -7.6402827471533801 29.294573776358373 0.45960140811207112 144.3863342713461 0.58157081768232155 5.64966844472292 -7.1941030014872513 12.210734443966642 -6.9644426831181141 -4.0038003349161064 145.91320332518549 -2.8326721165961386 53.247624280620272 28.053348349493525 9.1381004381546784 16.000381166331103 -6.8286175353871705 -7.584843088349178 -8.0890742478408715 -5.7717795056862089 -1.8023820169664591 -4.4105823201499303 -1.2671662883076646 -5.7235095666439468 -7.716182747153379 61.21940211100506 17.066580682605423 32.722621408772667 27.6073750473257 0.95335774451813016 68.671219209375622 -7.2099403979203283 140.32838506191817 39.486001657625174 -7.4982294807363328 -7.6470916208203272 12.355691458500058 0.69346735806984983 -6.7551330522970687 -5.0742330522970684 12.066409356910821 11.313867311409824 63.48317039329433 -7.5054278646203034 -7.3009677297433369 48.620899182215879 -7.541964853737908 24.377872887261177 126.60334100731379 73.173558970557366 -5.8010395069516854 114.84149407467743 58.867344492160981 186.92030757518552 30.95591987493993 6.3845877986899628 88.199338489322741 -7.6111827471533795 34.078401878368346
leaf_weight=22 20 24 30 2231 32 20 200 23 20 20 20 38 20 359 21 20 31 23 20 67 27 33 23 24 20 33 20 20 24 38 27 36 20 28 23 108 21 262 49 21 20 51 32 34 20 157 190 36 21 28 26 145 30 21 23 28 1645 25 20 31 190 104
leaf_count=22 20 24 30 2231 32 20 200 23 20 20 20 38 20 359 21 20 31 23 20 67 27 33 23 24 20 33 20 20 24 38 27 36 20 28 23 108 21 262 49 21 20 51 32 34 20 157 190 36 21 28 26 145 30 21 23 28 1645 25 20 31 190 104
internal_value=-0.000606424 0.00983619 0.000864483 -0.0118465 -0.00436341 0.00591057 0.00929188 -0.0139078 0.0126415 0.00729121 -0.0100895 -0.00275756 -0.00380144 0.0135805 0.010773 0.00684211 0.00937412 0.00494453 0.00405221 -0.0099556 0.00204804 -0.000899308 0.0022863 -0.00248848 -0.0046049 0.0110632 -0.014528 -0.0110152 0.00564868 0.000434783 0.00216561 0.00941375 -0.00838343 0.00599222 -0.0037587 0.0109498 0.0063766 -0.0134536 -0.00928968 -0.00248175 0.00742802 -0.0105917 -0.00685221 0.0130187 0.0112838 0.012603 -0.0138891 -0.0108907 0.0146774 -0.0111642 0.00992606 0.0134472 0.0104806 -0.00758315 0.0133638 0.0106314 0.0147632 0.0115743 0.0114153 0.0141227 -0.0139791 0.0136343
internal_weight=6995 3626 864 3369 728 644 521 2641 2762 413 514 162 153 2349 661 302 214 63 88 90 79 130 97 65 110 283 2488 257 87 62 47 237 123 77 43 201 70 352 90 41 52 103 52 411 211 177 220 74 1688 48 54 196 54 45 131 49 1666 45 43 176 210 135
internal_count=6995 3626 864 3369 728 644 521 2641 2762 413 514 162 153 2349 661 302 214 63 88 90 79 130 97 65 110 283 2488 257 87 62 47 237 123 77 43 201 70 352 90 41 52 103 52 411 211 177 220 74 1688 48 54 196 54 45 131 49 1666 45 43 176 210 135
is_linear=0
shrinkage=0.03


Tree=10
num_leaves=63
num_cat=0
split_feature=56 16 6 56 58 10 55 10 6 55 20 62 56 62 10 61 61 6 55 44 46 59 28 26 70 26 59 58 58 30 31 24 11 52 3 28 45 63 6 16 45 6 61 51 28 65 56 63 43 62 61 13 10 24 58 63 27 58 19 51 43 45
split_gain=906.087 97.0709 84.2466 58.1592 61.9391 23.5146 18.795 18.4067 15.2651 14.8931 14.3378 12.5266 10.6103 10.1281 8.62645 7.88957 7.27821 8.33703 11.8699 6.99984 5.45709 5.36586 5.76492 5.1734 4.78786 4.73808 4.60029 4.54214 3.98429 3.56746 3.26137 4.15571 3.16765 3.07808 3.07707 2.89528 2.74773 2.6549 2.52152 2.44727 2.17978 2.15133 2.35629 2.13235 1.97343 1.82887 1.79193 1.56463 1.48566 1.19909 1.01069 1.50048 0.867604 0.796658 0.858725 0.782813 0.629402 0.60044 0.517417 0.985766 0.471777 0.452803
threshold=529.50000000000011 779.00000000000011 2.5000000000000004 3241.0000000000005 3561.8750000000005 0.96386255839173451 652.50000000000011 0.96386255839173451 2.5000000000000004 478.50000000000006 16.740625000000005 1538.7708333333337 1846.5000000000002 2109.5833333333335 0.74305326206722599 1627.5000000000002 2188.5000000000005 8.5000000000000018 1446.0000000000002 30967.500000000004 31359.687500000004 5271.0000000000009 2.8426625000000034 73.514275937500017 89260.729166666672 73.648180187500017 1850.0000000000002 2714.2291666666674 746.97916666666686 60.4974570066925 56.108397616962527 78.872790000000009 80228.500000000015 1405.5000000000002 59.732221208782086 -1.5892104999999999 33079.000000000007 2805.5000000000005 3.5000000000000004 -177.49999999999997 32569.500000000004 9.5000000000000018 4095.5000000000005 880.50000000000011 1.6428884999999982 6048.0000000000009 20.500000000000004 2068.0000000000005 31820.500000000004 1448.8125000000002 4011.0000000000005 104087.00000000001 0.56392291514228221 69.453215000000014 3808.0208333333335 4884.5000000000009 7.1308729839408063 2840.4583333333335 1.2250000000000003 605.50000000000011 31607.500000000004 32610.500000000004
decision_type=2 2 2 2 2 2 2 2 2 2 2 2 2 2 2 2 2 2 2 2 2 2 2 2 2 2 2 2 2 2 2 2 2 2 2 2 2 2 2 2 2 2 2 2 2 2 2 2 2 2 2 2 2 2 2 2 2 2 2 2 2 2
left_child=1 8 15 4 10 6 41 21 9 14 32 60 48 -9 26 29 58 27 25 24 -15 -5 61 -24 33 -19 30 34 -28 -3 31 -1 -2 -6 39 -7 -31 -30 -8 46 -17 42 53 44 -39 -37 -18 -22 -13 -21 -34 -52 -32 54 -4 -54 -29 -14 59 -10 -12 -23
right_child=3 2 5 7 19 35 38 13 16 -11 11 12 57 20 -16 40 17 18 -20 49 47 22 23 -25 -26 -27 28 56 37 36 52 -33 50 -35 -36 45 -38 43 -40 -41 -42 -43 -44 -45 -46 -47 -48 -49 -50 -51 51 -53 55 -55 -56 -57 -58 -59 -60 -61 -62 -63
leaf_value=-0.9725299697130162 -4.115965354436824 11.279264849615338 14.396840991074919 -7.4110742647387786 29.092248741758944 1.0025629742617745 -6.9816678332239768 -6.4497355522167803 90.574369553618567 -7.9317838431940277 -7.4606643360679206 6.9312087892413112 -6.5838026999485209 -3.5059124396774295 -7.1697313536321419 -6.6304230640198769 15.417190097509241 80.552736936810518 -5.176968046442691 8.4787733594865902 0.91745839762788017 -7.3696631155398471 34.172839238701442 -6.5237671312573982 -7.6025583818151512 -3.9743004598288731 -4.3110459002174579 107.65947158588429 -0.76822900165308505 5.3340798447957569 134.54810912939905 101.05578638387901 -7.3265846065233333 -2.2556476006912352 61.507543375776883 -5.2324790607281564 -7.2134835928024446 54.531173678058479 0.87793873108311005 -2.747691953098256 -7.3134347060216518 13.814076203084031 21.033350465344572 62.063058716213334 -2.4711735872163305 -1.6004758141181883 92.657097743548832 12.195711861163311 36.119978467111949 49.057845473676764 -3.4556605115219901 -7.2066155033779724 45.898432577706181 105.50451090443461 133.77309922632188 43.995612249837841 148.4192499188234 -3.3542719393564573 184.73269834792993 156.96119272782127 -7.2981973798481796 -7.3648990062262785
leaf_weight=32 21 22 29 2374 36 23 27 66 28 24 46 25 21 31 29 35 27 58 25 33 29 51 22 20 21 24 21 20 21 20 248 40 287 22 40 47 24 34 25 21 221 35 21 60 21 20 27 27 39 109 22 26 21 325 22 21 301 20 1523 44 20 21
leaf_count=32 21 22 29 2374 36 23 27 66 28 24 46 25 21 31 29 35 27 58 25 33 29 51 22 20 21 24 21 20 21 20 248 40 287 22 40 47 24 34 25 21 221 35 21 60 21 20 27 27 39 109 22 26 21 325 22 21 301 20 1523 44 20 21
internal_value=-0.000700776 0.00976595 0.00120187 -0.0118385 -0.00444727 0.00809441 0.0107147 -0.0139306 0.0125962 0.00822758 -0.0100398 -0.00287551 0.00353949 -0.00380144 0.00924466 -0.0110742 0.0137632 0.0107384 0.00319328 0.00887381 0.00289323 -0.0145521 -0.00812445 0.00064133 0.00166877 0.00873325 0.0101368 0.012582 0.00580522 -0.00177005 0.012005 0.00619972 -0.0134709 0.00614458 0.00740226 -0.00596004 -0.00673469 0.00769287 -0.00627639 0.00375499 -0.0134596 0.0127679 0.0134022 0.0094874 0.00511797 -0.00912072 0.00715342 0.00850267 0.0111856 0.0128571 -0.0141808 -0.00991684 0.0134333 0.0139511 0.0102153 0.0091924 0.0144254 -0.00832117 0.0147903 0.012025 -0.0131165 -0.0132732
internal_weight=6995 3606 896 3389 748 574 484 2641 2710 572 527 171 105 153 548 322 2138 543 107 221 87 2488 114 42 79 82 519 436 157 66 362 72 356 58 115 90 44 136 52 75 256 432 397 115 55 67 54 56 64 142 335 48 290 376 51 42 321 41 1595 72 66 72
internal_count=6995 3606 896 3389 748 574 484 2641 2710 572 527 171 105 153 548 322 2138 543 107 221 87 2488 114 42 79 82 519 436 157 66 362 72 356 58 115 90 44 136 52 75 256 432 397 115 55 67 54 56 64 142 335 48 290 376 51 42 321 41 1595 72 66 72
is_linear=0
shrinkage=0.03


Tree=11
num_leaves=63
num_cat=0
split_feature=4 16 6 4 4 59 6 4 4 57 60 45 4 55 58 22 50 32 6 53 57 31 19 55 61 18 34 54 59 4 43 59 16 0 21 16 51 59 1 41 4 63 47 13 58 24 29 18 28 13 4 58 30 22 43 43 60 58 60 58 20 64
split_gain=1203.76 53.1889 61.1607 19.4425 12.0767 10.7203 9.70021 9.50583 8.16119 19.194 7.86317 10.203 6.2148 13.7425 5.58108 4.80517 4.91305 7.25718 4.39806 3.70302 3.57554 4.89034 3.42804 3.13648 2.63309 2.57458 2.42705 2.27659 2.24533 1.97636 3.47875 3.53247 1.92714 1.78104 1.62517 1.44914 1.42609 1.25001 1.21607 1.03405 0.725095 1.3411 0.67492 0.814631 0.64314 0.880138 0.637373 0.620064 0.598687 0.545639 0.529072 1.23602 0.48356 0.3054 0.239138 0.237396 0.224087 1.3894 0.135703 0.123345 0.401976 0.0753383
threshold=12.500000000000002 536.50000000000011 2.5000000000000004 1.0000000180025095e-35 1.5000000000000002 4706.5000000000009 2.5000000000000004 9.5000000000000018 11.500000000000002 625.00000000000011 1971.5000000000002 32569.500000000004 13.500000000000002 1770.0000000000002 3639.1458333333335 -0.20000000000000009 493.22916666666669 61.087338466662651 8.5000000000000018 940.50000000000011 22.500000000000004 59.190450841377434 21.275000000000002 3162.5000000000005 4444.5000000000009 21.575000000000006 0.5902879141113716 1341.604166666667 572.50000000000011 10.500000000000002 30585.000000000004 628.50000000000011 -973.49999999999989 89228.500000000015 4.6394393668987757 1307.5000000000002 698.50000000000011 5945.5000000000009 17.275000000000002 49876.500000000007 3.5000000000000004 5337.5000000000009 79.500000000000014 82695.500000000015 1565.4375000000002 81.643815000000004 63.076878945035062 -1.3749999999999998 4.412262499999998 138057.50000000003 22.500000000000004 4593.2083333333348 60.263791152673555 -0.32499999999999923 29064.500000000004 29355.500000000004 2658.0000000000005 2364.0833333333335 4751.5000000000009 3241.791666666667 13.544791666666669 621.50000000000011
decision_type=2 2 2 2 2 2 2 2 2 2 2 2 2 2 2 2 2 2 2 2 2 2 2 2 2 2 2 2 2 2 2 2 2 2 2 2 2 2 2 2 2 2 2 2 2 2 2 2 2 2 2 2 2 2 2 2 2 2 2 2 2 2
left_child=1 4 10 23 5 14 7 15 24 18 11 -3 13 25 20 40 17 32 19 -10 46 33 -15 -4 29 -2 55 -19 -13 48 31 -31 52 -22 -16 -12 -33 50 -7 -23 41 -6 43 -8 45 -44 -1 -30 -5 61 -14 53 -17 -52 -38 -11 -46 -58 -55 60 -59 -40
right_child=12 2 3 8 6 38 42 -9 9 26 35 28 37 22 34 16 -18 27 -20 -21 21 39 -24 -25 -26 -27 -28 -29 47 30 -32 36 -34 -35 -36 -37 54 -39 49 -41 -42 -43 44 -45 56 -47 -48 -49 -50 -51 51 -53 -54 58 -56 -57 57 59 -60 -61 -62 -63
leaf_value=15.800176311565826 -7.0584870683276346 48.485009051277025 -6.9098240967942015 136.31170387536034 79.142462993311511 34.478043553839797 149.96761819994009 -9.0540354210407745 -2.6018273845355706 22.630870087284286 -7.0624999497990393 -1.7429597107837247 -7.1923620842966161 -2.8170783611613528 37.648629143105296 89.476313987579815 77.228033319504831 -3.037706119647793 -6.4816185269648496 3.2108812839314407 -2.4381263413672478 -8.7173038735484258 5.5596453417394747 1.6700414599302991 11.78587942178433 -1.1016933778113536 1.0658969714988416 7.6765540797541565 -7.0381713737259064 -2.1628023186610901 97.655211265832008 45.526964762763576 25.218927160542343 31.222352073610821 30.622312451612665 -7.0419127125010448 54.826353460102574 -4.2699146114023705 30.816225343395146 -2.7419076081183356 134.4151208410303 113.16426065559283 22.386120896038005 41.206369895719085 182.19071739749205 134.45756739749206 15.312957608828969 -6.7042369306134759 75.989505902615832 41.197462445789249 -7.1547586946325827 -4.885762686531347 123.10512084103031 -6.9506480124664538 42.632748179590031 36.731070333757906 47.238737577575833 91.715216450946357 -5.1297096012051728 170.13093052499207 118.96969768165488 68.887613205538813
leaf_weight=23 201 24 37 250 35 20 20 22 29 20 25 22 2611 29 43 34 66 31 34 26 22 23 30 20 24 31 23 20 26 33 88 25 30 22 22 115 32 26 20 37 187 35 20 20 1565 23 26 20 21 20 203 27 25 22 26 99 20 20 21 157 32 135
leaf_count=23 201 24 37 250 35 20 20 22 29 20 25 22 2611 29 43 34 66 31 34 26 22 23 30 20 24 31 23 20 26 33 88 25 30 22 22 115 32 26 20 37 187 35 20 20 1565 23 26 20 21 20 203 27 25 22 26 99 20 20 21 157 32 135
internal_value=-0.000812283 0.0106183 0.00475125 0.00874349 0.0127714 0.00801743 0.013601 0.00979592 0.010063 0.0053743 -0.00877639 -0.00192182 -0.0143613 -0.0101408 0.00342503 0.0107147 0.00726346 0.00404711 -0.00552189 -0.000217786 0.000274331 -0.00285303 0.00274112 -0.00809107 0.012226 -0.0134296 0.0122238 -0.00493151 -0.00788546 0.0127173 0.0104214 0.0069509 0.00922559 0.00469388 0.0107834 -0.0132548 0.0102527 -0.014782 0.0131317 -0.00843594 0.0134656 0.0106562 0.0145821 0.010399 0.0146709 0.0107193 0.00696538 -0.0116486 0.0144301 0.0139463 -0.0148424 -0.0134456 0.0123858 -0.0141284 0.0128571 0.0139547 0.0147634 0.0136709 -0.0114153 0.0144046 0.0126104 0.0145841
internal_weight=6995 3794 1019 787 2775 413 2362 485 730 231 232 92 3201 291 218 463 206 140 89 55 153 104 59 57 499 232 142 51 68 475 204 116 89 44 65 140 83 2910 195 60 257 70 1877 40 1837 43 49 46 271 175 2884 273 59 246 58 119 1794 229 43 209 52 155
internal_count=6995 3794 1019 787 2775 413 2362 485 730 231 232 92 3201 291 218 463 206 140 89 55 153 104 59 57 499 232 142 51 68 475 204 116 89 44 65 140 83 2910 195 60 257 70 1877 40 1837 43 49 46 271 175 2884 273 59 246 58 119 1794 229 43 209 52 155
is_linear=0
shrinkage=0.03


Tree=12
num_leaves=63
num_cat=0
split_feature=4 6 16 46 4 56 4 4 4 6 22 4 55 7 57 19 4 4 1 61 40 16 66 48 59 23 45 68 18 55 61 4 6 55 4 6 4 55 23 14 18 28 18 24 36 21 11 4 15 60 22 21 61 6 4 2 23 15 57 16 5 16
split_gain=1185.17 54.7154 59.9106 19.9173 14.9732 22.0356 12.9512 12.297 10.1479 18.876 8.53314 6.93819 13.576 5.71507 5.73356 4.84827 4.60573 4.5117 3.92546 3.32561 2.91909 2.70232 2.63072 2.62425 2.41923 2.41843 2.30051 2.25858 4.36002 2.09741 2.0615 2.04483 2.7897 1.86693 1.66835 2.93945 1.56203 3.72184 3.39032 1.55795 1.32788 1.11722 0.738729 0.691232 1.37592 0.5517 0.39225 0.371194 1.36819 0.470976 2.58356 0.340731 0.245155 0.241501 0.190544 0.151548 0.080732 0.0777901 0.0612299 0.0537674 0.0470044 0.122332
threshold=12.500000000000002 3.5000000000000004 536.50000000000011 32497.812500000004 1.0000000180025095e-35 593.00000000000011 1.0000000180025095e-35 11.500000000000002 11.500000000000002 8.5000000000000018 -0.15000000000000022 13.500000000000002 1498.5000000000002 18.500000000000004 40.500000000000007 21.275000000000002 1.5000000000000002 8.5000000000000018 11.775000000000002 1572.5000000000002 45927.500000000007 4470.5000000000009 3205.3958333333335 703.50000000000011 5379.5000000000009 81.310445000000016 31701.500000000004 101624.00000000001 -2.0249999999999995 3773.0000000000005 1780.0000000000002 22.500000000000004 6.5000000000000009 20.500000000000004 8.5000000000000018 1.5000000000000002 1.5000000000000002 593.00000000000011 69.566152500000015 89760.833333333358 21.575000000000006 4.8871979999999988 11.275000000000002 72.524117500000017 13754.500000000002 2.8772120429552124 77502.500000000015 10.500000000000002 6460.6334433621296 2658.0000000000005 -0.29999999999999932 1.3268299140386297 540.50000000000011 7.5000000000000009 22.500000000000004 77.725755000000007 76.587395000000015 4527.7829600561345 5675.0000000000009 1307.5000000000002 1.5000000000000002 3791.0000000000005
decision_type=2 2 2 2 2 2 2 2 2 2 2 2 2 2 2 2 2 2 2 2 2 2 2 2 2 2 2 2 2 2 2 2 2 2 2 2 2 2 2 2 2 2 2 2 2 2 2 2 2 2 2 2 2 2 2 2 2 2 2 2 2 2
left_child=1 2 10 6 5 23 -4 18 21 33 16 12 40 14 17 -14 -1 22 43 20 -5 36 -12 -3 54 -23 -11 55 -29 45 52 -26 -33 -10 41 -36 37 38 -6 -9 58 42 51 44 -8 -7 -35 49 -49 -38 57 -18 -15 -31 -13 -24 -39 -51 -2 -50 61 -21
right_child=11 4 3 19 8 29 7 39 9 26 13 24 15 30 -16 -17 34 -19 -20 60 -22 25 27 -25 31 -27 -28 28 -30 53 -32 32 -34 46 35 -37 47 56 -40 -41 -42 -43 -44 -45 -46 -47 -48 48 59 50 -52 -53 -54 -55 -56 -57 -58 -59 -60 -61 -62 -63
leaf_value=7.1969266824489013 -6.9174664321944199 -1.4625056562015444 -6.8349230753234309 1.093015296083248 37.759230516900899 14.956396496698876 54.275474292148054 -1.1300516317524421 1.5330254204238831 -6.2871699711559046 -0.87669831605149617 -6.9747441742677161 -2.7325660103265124 48.080479455716677 -7.1710906668535568 4.2935683841738888 113.74168593465525 -5.1401673474231613 -2.176381725562305 -6.5959891061260141 -6.9176413747476433 61.74182362265892 115.54316085295915 -5.6581650575903373 -7.1835447358840776 3.8906666523214799 -1.2629054825895263 73.720017169774351 -3.4292236045124285 42.650262950225589 13.64246330532553 0.04655687363348477 -4.418598510592834 31.245427136336144 -0.85696105309356652 95.753070317978512 171.90999587556729 114.75004759560832 -3.3250437994209299 -6.0554376913880796 -3.4973995385239878 84.713507984336857 79.239995875567288 60.406078706538132 14.536086721550534 5.6435895427151133 32.764122375376729 50.519206146585638 78.623307265204275 197.3597637350135 78.981290027265686 141.87380525816263 139.78690705262599 7.8765528078272427 -6.8893131198376114 49.934572142829708 80.790817353165977 153.18258214740379 -4.9385257431178653 92.479719239326613 -6.8789031466077919 -6.7584002186260141
leaf_weight=30 173 20 41 24 37 21 25 23 27 28 22 2577 39 20 21 38 32 28 21 20 24 24 30 39 42 33 20 37 23 69 20 26 27 24 21 23 1618 107 22 20 21 23 34 67 20 21 102 24 38 20 30 322 60 32 238 28 36 149 20 83 91 20
leaf_count=30 173 20 41 24 37 21 25 23 27 28 22 2577 39 20 21 38 32 28 21 20 24 24 30 39 42 33 20 37 23 69 20 26 27 24 21 23 1618 107 22 20 21 23 34 67 20 21 102 24 38 20 30 322 60 32 238 28 36 149 20 83 91 20
internal_value=-0.000842304 0.0104997 0.00509956 -0.00438526 0.0129061 0.00503216 0.0017135 0.00526405 0.0135614 0.00707111 0.00995608 -0.0142863 -0.00983167 0.00585265 0.00276044 0.000933852 0.0123933 0.00462225 0.00978212 -0.0117923 -0.00492723 0.014147 0.00683084 -0.0103553 -0.0147304 0.00756567 -0.00929314 0.00861135 0.0044426 0.0114046 0.0116583 -0.00990536 -0.00587571 0.0122273 0.0131444 0.00741497 0.0143187 0.011712 0.00527919 -0.00863109 -0.0137179 0.0137485 0.0141381 0.0120161 0.00891353 0.00562945 0.0137748 0.0145849 0.0129014 0.0147169 0.0131693 0.0145637 0.0138202 0.0137685 -0.0148918 0.0128571 0.0143396 0.0146186 -0.0145106 0.0142197 -0.0142792 -0.0126434
internal_weight=6995 3794 1170 396 2624 202 217 176 2422 201 774 3201 291 289 189 77 485 168 133 179 48 2221 140 59 2910 57 48 118 60 143 100 95 53 153 455 44 2164 202 59 43 214 411 388 112 45 42 126 1962 145 1817 199 354 80 101 2815 58 143 169 193 121 131 40
internal_count=6995 3794 1170 396 2624 202 217 176 2422 201 774 3201 291 289 189 77 485 168 133 179 48 2221 140 59 2910 57 48 118 60 143 100 95 53 153 455 44 2164 202 59 43 214 411 388 112 45 42 126 1962 145 1817 199 354 80 101 2815 58 143 169 193 121 131 40
is_linear=0
shrinkage=0.03


Tree=13
num_leaves=63
num_cat=0
split_feature=4 20 4 4 4 56 4 56 46 4 19 59 64 61 58 60 21 46 46 24 18 24 59 64 60 3 53 4 37 62 57 4 59 62 62 3 57 28 11 57 19 28 4 46 51 60 24 18 4 24 4 21 60 57 70 62 4 58 4 25 58 23
split_gain=1175.23 52.2163 37.0983 32.7179 26.3841 30.9253 16.5759 19.2274 10.0928 6.5865 11.3387 7.52937 4.26587 3.97242 3.78975 9.70544 4.11827 2.82907 10.5554 4.3079 4.98865 2.42288 2.39775 2.32917 3.7627 2.0781 2.05731 2.04483 1.92409 1.77774 2.13411 1.70375 2.46893 1.67993 1.64366 1.63273 1.62908 2.03655 1.53214 1.33097 2.25207 1.22964 1.21601 2.43393 1.65929 0.908914 0.86559 1.17562 0.849941 0.725888 0.650578 1.5434 0.592152 0.559593 0.610399 0.459357 0.345218 1.35618 0.317912 0.294963 0.252291 0.173721
threshold=12.500000000000002 3.1489583333333337 9.5000000000000018 1.0000000180025095e-35 1.0000000180025095e-35 593.00000000000011 11.500000000000002 339.00000000000006 32536.250000000004 13.500000000000002 21.275000000000002 559.50000000000011 2000.5000000000002 1531.5000000000002 2714.2291666666674 2492.0000000000005 4.1222218320879778 32493.125000000004 32698.354166666672 68.731882500000012 -2.0249999999999995 66.486730000000009 5379.5000000000009 3650.5000000000005 785.50000000000011 56.040432182700982 1393.5000000000002 22.500000000000004 9799.0000000000018 2210.6875000000005 4949.0000000000009 10.500000000000002 628.50000000000011 2545.6250000000005 1918.6875000000002 58.009710775625742 1303.0000000000002 6.6741779999999951 102446.00000000001 26.500000000000004 -10.124999999999998 5.5861494999999985 10.500000000000002 30509.479166666668 1294.5000000000002 776.50000000000011 59.928962500000004 16.925000000000001 8.5000000000000018 85.483390000000014 1.5000000000000002 4.959221101131094 3599.5000000000005 1373.5000000000002 89146.104166666672 1949.3541666666667 22.500000000000004 4593.2083333333348 2.5000000000000004 98.127205000000018 3392.4166666666674 73.009477500000017
decision_type=2 2 2 2 2 2 2 2 2 2 2 2 2 2 2 2 2 2 2 2 2 2 2 2 2 2 2 2 2 2 2 2 2 2 2 2 2 2 2 2 2 2 2 2 2 2 2 2 2 2 2 2 2 2 2 2 2 2 2 2 2 2
left_child=1 2 3 -1 5 25 14 26 13 10 29 -12 -5 -4 15 31 21 52 19 -19 -21 -17 56 24 -20 -3 35 -24 -9 -2 -31 41 -33 -29 -23 -8 37 -7 -22 48 -41 46 50 44 49 -10 47 -6 -25 -44 51 60 -14 54 -30 -38 -11 -58 -48 -52 61 -16
right_child=9 4 8 12 6 36 7 28 45 22 11 -13 17 -15 42 16 -18 18 23 20 38 34 27 39 -26 -27 -28 33 53 30 -32 32 -34 -35 -36 -37 55 -39 -40 40 -42 -43 43 -45 -46 -47 58 -49 -50 -51 59 -53 -54 -55 -56 -57 57 -59 -60 -61 -62 -63
leaf_value=-6.677178536369504 -6.6360779806537193 -4.7431199999192648 44.801074003090292 -1.4871546816137446 33.234126411996989 -1.0814560778536588 -2.4824489508223619 6.1566384896761042 -6.5346375495467388 -6.7655018490396843 -4.3144924102674613 4.6005642993204505 191.50112089666038 -5.0911366777629246 48.247542597224282 -2.9535461253919628 -8.7539036040953881 -4.4145391215738439 66.229973806692001 100.57238248795238 3.0261297202366175 18.348818396298174 -6.9680383938075545 104.09012972023662 -1.3829070253754718 -5.492558444116332 -6.5916053530532119 -4.7387167055809654 7.5098603962118737 -6.395628051829096 -0.13669054396647085 0.0082876291306774874 47.666797055964395 -0.63803485864661746 74.842358807604143 0.09842395134222158 9.0597745948908237 20.96335364609627 -5.849199179906126 66.453596000361358 11.193627245898133 80.577695999300275 43.733742430100335 87.049608047248142 0.19377065762361326 -6.8267970810974763 44.661036345879424 79.917695999300264 25.586908348573349 83.889081663182168 176.75769599930027 43.768830720431922 60.835064731319214 40.440133557556862 18.427018138421332 35.030569650585619 -6.7465301321914257 -5.2365700836049216 109.53920496976535 93.96904050526598 97.523350021795679 58.452574865634745
leaf_weight=60 169 20 31 23 20 21 22 23 28 2577 25 37 103 26 23 23 22 22 37 22 20 31 42 175 28 68 27 29 25 39 21 23 29 24 34 27 28 23 20 20 21 22 26 107 20 93 20 21 21 20 1541 21 20 75 33 72 218 20 407 22 108 20
leaf_count=60 169 20 31 23 20 21 22 23 28 2577 25 37 103 26 23 23 22 22 37 22 20 31 42 175 28 68 27 29 25 39 21 23 29 24 34 27 28 23 20 20 21 22 26 107 20 93 20 21 21 20 1541 21 20 75 33 72 218 20 407 22 108 20
internal_value=-0.00088948 0.0104048 0.00342423 0.00703766 0.0121811 0.00244291 0.0129891 0.00528651 -0.00857383 -0.014277 -0.00993473 0.00140097 0.00940989 0.00178634 0.0136858 0.0116807 0.00351499 0.00998232 0.00869464 -0.000677765 0.00333333 0.00643587 -0.0147098 0.0113108 0.00617512 -0.0115437 -0.0070565 -0.00990536 0.0113197 -0.0130162 -0.00843594 0.0133315 0.00800384 -0.00587571 0.00940092 -0.00329939 0.0110132 0.00605442 -0.00291771 0.0127035 0.00759124 0.013889 0.0143687 0.0118544 0.00721634 -0.0134765 0.0142213 0.00978102 0.0137532 0.0103471 0.014617 0.0127077 0.0139886 0.0127122 0.0102754 0.0131568 -0.0148705 -0.0135951 0.0146383 0.0148244 0.013779 0.0114153
internal_weight=6995 3794 770 592 3024 232 2792 232 178 3201 291 62 532 57 2560 652 110 509 386 84 62 88 2910 302 65 88 76 95 156 229 60 542 52 53 65 49 144 44 40 237 41 490 1908 173 66 121 468 41 196 46 1735 172 123 133 58 100 2815 238 427 1563 151 43
internal_count=6995 3794 770 592 3024 232 2792 232 178 3201 291 62 532 57 2560 652 110 509 386 84 62 88 2910 302 65 88 76 95 156 229 60 542 52 53 65 49 144 44 40 237 41 490 1908 173 66 121 468 41 196 46 1735 172 123 133 58 100 2815 238 427 1563 151 43
is_linear=0
shrinkage=0.03


Tree=14
num_leaves=63
num_cat=0
split_feature=4 6 16 4 56 4 56 22 70 4 55 46 40 4 58 4 55 60 46 55 4 66 4 55 4 62 58 51 22 61 16 62 26 63 25 62 57 7 19 40 53 61 5 66 4 48 4 61 61 20 60 19 12 1 44 43 34 57 6 36 25 60
split_gain=1151.45 57.1598 54.991 24.7948 27.9713 17.5793 19.5569 10.7165 7.45766 7.11787 13.3182 5.3305 5.24813 5.35389 4.4093 8.65697 4.86057 4.27941 4.26761 3.50516 3.46107 3.39402 3.33743 2.63279 2.48214 4.09585 3.99519 2.42338 2.22701 2.21237 2.17696 2.11803 2.09849 2.06762 3.66982 1.98834 1.92463 1.69123 1.66864 2.58721 1.6002 1.58438 1.55035 1.53159 1.28061 1.46787 1.25027 2.09884 1.24529 0.971187 0.811158 0.679197 0.662417 0.837527 0.649585 0.557623 0.342242 0.317665 0.241501 0.217283 0.486017 0.179421
threshold=12.500000000000002 2.5000000000000004 927.50000000000011 1.0000000180025095e-35 593.00000000000011 11.500000000000002 397.50000000000006 -0.20000000000000009 112936.58333333336 13.500000000000002 1498.5000000000002 32493.125000000004 42343.500000000007 8.5000000000000018 3257.479166666667 1.5000000000000002 784.50000000000011 2235.5000000000005 29884.562500000004 3773.0000000000005 10.500000000000002 4839.1250000000009 1.5000000000000002 21.500000000000004 22.500000000000004 2118.8333333333335 4352.3125000000009 1373.5000000000002 0.15000000000000011 1919.5000000000002 -28.499999999999996 1675.7708333333335 79.840491895833352 2805.5000000000005 79.975430000000003 2402.9166666666674 354.00000000000006 16.500000000000004 20.675000000000001 60981.500000000007 710.50000000000011 839.50000000000011 4.5000000000000009 4862.7083333333339 8.5000000000000018 236.50000000000003 3.5000000000000004 1416.5000000000002 1572.5000000000002 12.036458333333334 1850.0000000000002 -0.17499999999999996 68792.500000000015 11.775000000000002 27227.000000000004 29336.000000000004 -0.076934777226945514 5729.0000000000009 7.5000000000000009 9538.5000000000018 88.78170200000001 1850.0000000000002
decision_type=2 2 2 2 2 2 2 2 2 2 2 2 2 2 2 2 2 2 2 2 2 2 2 2 2 2 2 2 2 2 2 2 2 2 2 2 2 2 2 2 2 2 2 2 2 2 2 2 2 2 2 2 2 2 2 2 2 2 2 2 2 2
left_child=1 2 7 4 36 14 28 22 12 10 35 17 13 40 15 16 37 -4 -12 32 29 31 -1 -8 -11 -26 38 43 49 51 50 -14 -6 -31 42 57 -3 -5 -27 -40 -9 -20 -35 -22 46 -46 47 -24 -13 -7 -10 -17 53 -16 -54 -25 -42 -2 -21 60 -53 -61
right_child=9 3 11 5 19 6 23 8 30 24 18 48 21 -15 52 20 -18 -19 41 58 27 -23 44 55 25 26 -28 -29 -30 33 -32 -33 -34 34 -36 -37 -38 -39 39 -41 56 -43 -44 -45 45 -47 -48 -49 -50 -51 -52 59 54 -55 -56 -57 -58 -59 -60 61 -62 -63
leaf_value=8.4384408929324302 -6.4493609228758118 -6.2148780004657089 19.859432701992969 -4.373763506674365 -1.8440769797900014 -2.7096662055525655 0.73545813045979003 15.466880745606304 73.203161566166571 -6.5661838410684954 -3.413081407046858 -4.4767674050653552 -2.0298963475958511 -5.4807256011120886 176.85181511932126 110.00365192468855 69.495707350838089 -6.3548899423734619 -0.28491735088315889 40.741854452335929 53.873128525165605 31.88311794758722 74.010496487553837 12.430510180254908 -6.5715400529439778 -6.3526244780771446 0.14603709382209587 -2.485013511287697 -0.2545999467230331 93.040801334354839 16.133540187490784 -5.1066283874984224 15.69481680760758 111.70434969432652 -3.4454614993263224 -3.5256738299269137 -2.9146330433343222 11.749120498604434 0.058664278798510022 -3.917613855142275 89.873511374891251 4.548710245602182 15.632948152828497 5.2481950052507127 41.24636645441359 20.846251117573122 133.60720599341653 98.478190265223247 -6.4375780599891277 -4.30562078026552 5.7282250217639268 170.64676681108739 148.95496511932126 46.114965119321262 166.15182510310075 39.291939383330984 80.830373006004322 -5.3502800910082318 7.1155782576891058 115.37766333964898 47.278624784142288 105.81908643225648
leaf_weight=26 174 59 20 32 24 20 31 24 49 2619 21 35 20 20 21 26 35 21 20 69 49 26 34 25 180 46 22 22 32 63 20 41 21 45 26 20 28 29 22 21 24 36 23 24 25 20 164 36 122 28 20 30 31 20 1435 96 20 20 32 600 24 27
leaf_count=26 174 59 20 32 24 20 31 24 49 2619 21 35 20 20 21 26 35 21 20 69 49 26 34 25 180 46 22 22 32 63 20 41 21 45 26 20 28 29 22 21 24 36 23 24 25 20 164 36 122 28 20 30 31 20 1435 96 20 20 32 600 24 27
internal_value=-0.00098812 0.0101913 0.00287055 0.0120452 0.00262548 0.0128295 0.00489875 0.00761202 0.00316925 -0.0142395 -0.00972862 -0.010737 -0.000411194 0.00473326 0.0135463 0.0120387 0.00340271 -0.0010219 0.000933852 0.0106571 0.0128996 -0.00564868 0.0114454 0.0112229 -0.0146892 -0.0119959 -0.00739874 0.0073817 -0.00707865 0.0135019 0.0102357 -0.00952537 0.00359202 0.0101973 0.00730074 -0.0135778 -0.0108152 -0.00166939 -0.0102357 -0.00584687 0.00876652 0.00529412 0.0109692 0.0100137 0.0124042 0.00758315 0.0133148 0.00980029 -0.0132527 -0.0111642 0.0127641 0.01423 0.0145989 0.0105109 0.0147105 0.0132287 0.0121769 -0.0145131 0.0137685 0.0144208 0.0121442 0.0146101
internal_weight=6995 3794 767 3027 233 2794 232 569 264 3201 291 198 175 88 2562 1055 96 41 77 146 959 87 305 152 2910 291 111 95 80 864 89 61 45 157 94 214 87 61 89 43 68 56 68 73 279 45 234 70 157 48 69 707 1507 41 1466 121 44 194 101 681 54 627
internal_count=6995 3794 767 3027 233 2794 232 569 264 3201 291 198 175 88 2562 1055 96 41 77 146 959 87 305 152 2910 291 111 95 80 864 89 61 45 157 94 214 87 61 89 43 68 56 68 73 279 45 234 70 157 48 69 707 1507 41 1466 121 44 194 101 681 54 627
is_linear=0
shrinkage=0.03


Tree=15
num_leaves=63
num_cat=0
split_feature=56 16 45 56 58 60 15 45 46 58 60 58 16 23 62 60 57 62 20 56 35 62 58 62 2 57 13 56 1 51 11 57 26 1 24 58 16 1 49 59 66 54 38 64 43 62 60 26 24 46 2 59 57 57 3 19 51 43 59 54 58 62
split_gain=846.181 100.637 74.3442 55.5437 67.0886 31.5446 23.9975 18.1936 12.3399 10.6391 9.11101 11.2522 7.09002 6.8752 6.72929 9.89444 6.8093 6.41521 6.28252 9.51464 5.8586 5.75332 6.56682 5.03823 4.93111 4.4226 4.62482 4.09554 3.68666 3.94303 3.63594 3.60351 3.32984 2.50705 2.46441 5.12976 2.59175 3.64834 2.42585 2.36049 2.21232 5.55363 2.16734 2.14328 3.06356 2.05339 2.0371 2.03559 1.96276 1.73117 1.63809 1.60042 2.3604 1.15492 1.05408 1.02738 0.991208 0.976718 0.908145 1.58372 0.750224 1.10373
threshold=529.50000000000011 536.50000000000011 33365.500000000007 4184.5000000000009 3870.6250000000005 2235.5000000000005 11454.737904589418 33206.500000000007 32820.916666666679 3647.6041666666674 1850.0000000000002 2826.7916666666674 -249.49999999999997 83.426380000000009 1471.5833333333337 1020.5000000000001 100.50000000000001 1766.1041666666667 10.407291666666667 1929.5000000000002 14252.500000000002 1538.7708333333337 2061.0625000000005 1235.3125000000002 52.357857500000009 23.500000000000004 93427.500000000015 2357.5000000000005 10.375000000000002 892.50000000000011 83779.500000000015 49.500000000000007 48.563695979166674 18.025000000000002 78.100025000000016 4427.979166666667 3914.5000000000005 23.625000000000004 203.50000000000003 572.50000000000011 5088.3958333333339 762.33333333333337 14737.04166666667 6869.0000000000009 28864.500000000004 1480.479166666667 1412.5000000000002 54.634728729166675 73.618195000000014 32590.770833333339 87.908297500000018 5379.5000000000009 5729.0000000000009 27.500000000000004 59.813205816051934 12.475000000000001 1305.5000000000002 28675.500000000004 1439.5000000000002 802.91666666666686 3800.7291666666674 2435.8541666666674
decision_type=2 2 2 2 2 2 2 2 2 2 2 2 2 2 2 2 2 2 2 2 2 2 2 2 2 2 2 2 2 2 2 2 2 2 2 2 2 2 2 2 2 2 2 2 2 2 2 2 2 2 2 2 2 2 2 2 2 2 2 2 2 2
left_child=1 7 5 4 6 14 18 10 13 20 32 25 40 54 15 16 33 -8 -2 21 28 57 -23 31 -6 42 50 -19 29 -7 -11 -13 -1 -3 51 36 60 -38 -14 -4 41 -10 -12 58 -45 -26 -43 -25 -28 -21 -27 -5 -53 -32 -9 -47 -24 -20 -16 -60 -36 -62
right_child=3 2 39 34 24 9 17 8 12 30 11 23 38 -15 43 -17 -18 27 19 49 -22 22 56 47 45 26 48 -29 -30 -31 53 -33 -34 -35 35 -37 37 -39 -40 -41 -42 46 -44 44 -46 55 -48 -49 -50 -51 -52 52 -54 -55 -56 -57 -58 -59 59 -61 61 -63
leaf_value=76.736935219131794 -6.2767442709101742 73.094795915949476 -4.854424621168576 -6.3637782783364409 -2.0703931628971111 -2.863762030643318 -5.9762271759578232 -1.7655613869404851 -3.7976660808701559 72.931548962184166 66.658478529235467 57.99907173476673 -6.8705972441206136 93.346867776957836 103.60006206462151 -5.9056305633215933 -3.3838636089488192 32.096928761701584 -6.6744156352371684 -6.2851324701518294 -6.1642432441022583 -5.8726134570821609 13.407959488186794 37.205664838677045 5.7270971614334361 50.479690344556282 -5.3321405474249559 -0.61648258806999645 -7.2432224775666141 22.056416216326191 26.177177078529123 -4.0927300814692842 157.79871635198324 10.012105213470374 -6.4537782783364408 1.2254836606723873 0.54033110956821018 -6.2437782783364408 34.715059238449435 -6.3465407208599238 109.46712131509766 68.047741707818275 11.537160384739632 89.058868708971104 -4.6657839758131905 15.155785609311231 17.722199351675574 130.25691302904934 6.5846745271491978 -5.5972499085389238 19.983847997855975 -3.3565537453909631 -6.3300420712481325 -2.1834008912826572 -5.8616219956552476 48.942728931941836 1.4516052530895343 -4.1563373157918031 31.519669534351848 66.820248430731439 -5.9184251706375033 -5.1168647276195989
leaf_weight=22 350 100 28 2024 23 34 25 20 33 28 50 29 29 20 226 27 26 51 26 164 79 24 39 20 27 22 35 34 35 20 20 22 1604 20 196 20 22 39 34 213 105 82 23 24 21 22 30 362 33 21 23 28 36 20 36 126 21 24 20 31 25 22
leaf_count=22 350 100 28 2024 23 34 25 20 33 28 50 29 29 20 226 27 26 51 26 164 79 24 39 20 27 22 35 34 35 20 20 22 1604 20 196 20 22 39 34 213 105 82 23 24 21 22 30 362 33 21 23 28 36 20 36 126 21 24 20 31 25 22
internal_value=-0.00103101 0.00908377 0.000830162 -0.0117943 -0.00575376 0.00559705 -0.00971891 0.0121282 0.00612182 -0.00341804 0.0131673 0.0100501 0.00875759 -0.0046912 0.00990103 0.00509532 0.00819302 0.00324251 -0.0118547 -0.00878095 -0.00747769 -0.00266219 0.00210464 0.0127038 0.00982837 0.00385277 0.000106101 0.00719154 -0.00215488 0.00271719 0.00656388 0.00375734 0.0143515 0.0112157 -0.0142395 -0.0117464 -0.0127162 -0.00707038 -0.000190174 -0.0136126 0.0110236 0.00855961 0.00960328 0.0124713 0.00625277 0.0115477 0.0117484 0.013889 -0.00480176 -0.0131929 0.00758315 -0.0146243 -0.00978159 0.000673317 -0.010107 0.012944 0.0074376 -0.0107186 0.0134681 0.00962818 -0.0141176 -0.0104459
internal_weight=6995 3606 972 3389 977 731 779 2634 389 236 2245 619 313 76 495 173 146 110 669 319 168 134 84 433 198 186 113 85 89 54 68 51 1626 120 2412 324 304 61 63 241 250 145 73 322 45 175 112 382 68 185 45 2088 64 40 56 148 60 50 277 51 243 47
internal_count=6995 3606 972 3389 977 731 779 2634 389 236 2245 619 313 76 495 173 146 110 669 319 168 134 84 433 198 186 113 85 89 54 68 51 1626 120 2412 324 304 61 63 241 250 145 73 322 45 175 112 382 68 185 45 2088 64 40 56 148 60 50 277 51 243 47
is_linear=0
shrinkage=0.03


Tree=16
num_leaves=63
num_cat=0
split_feature=4 6 16 45 4 56 4 6 57 22 4 19 4 59 7 57 57 16 60 4 48 4 60 4 25 54 4 56 6 23 43 7 49 25 18 39 61 60 5 37 4 57 3 43 2 29 57 40 64 22 61 14 49 54 25 34 61 16 60 7 34 31
split_gain=1123.35 59.561 57.5462 19.1571 13.2768 20.6089 12.1858 17.2029 11.6758 10.1226 7.98457 11.2727 7.97202 6.7107 6.26274 5.8232 4.82377 4.19798 3.88512 3.8092 3.25739 2.67243 3.99785 2.67197 2.53875 3.49532 2.44261 3.12671 2.90357 2.42474 2.24844 3.19319 2.22705 2.04513 2.00954 1.9749 1.91975 1.83209 1.73442 2.53442 1.27148 1.2576 1.17363 1.08057 1.56527 1.07876 0.968183 0.912406 1.67195 0.892465 2.3095 1.32176 0.844813 0.690023 0.595463 0.524572 0.514311 0.493032 0.433636 0.373053 0.352519 0.345003
threshold=12.500000000000002 3.5000000000000004 536.50000000000011 32569.500000000004 1.0000000180025095e-35 593.00000000000011 10.500000000000002 8.5000000000000018 28.500000000000004 -0.15000000000000122 13.500000000000002 21.275000000000002 11.500000000000002 559.50000000000011 18.500000000000004 42.500000000000007 40.500000000000007 -489.49999999999994 785.50000000000011 1.5000000000000002 703.50000000000011 1.5000000000000002 3641.0000000000005 2.5000000000000004 87.364355000000003 719.02083333333337 22.500000000000004 4950.5000000000009 6.5000000000000009 81.310445000000016 29651.000000000004 11.500000000000002 207.50000000000003 75.825008000000011 18.975000000000005 39443.500000000007 3971.5000000000005 1796.5000000000002 5.5000000000000009 22722.500000000004 8.5000000000000018 5729.0000000000009 55.106899684536067 30378.500000000004 79.167630000000017 53.144976552084707 1303.0000000000002 40724.500000000007 7360.0000000000009 -0.29999999999999932 1986.0000000000002 84080.979166666686 669.50000000000011 762.33333333333337 96.48238000000002 -0.26223868984955695 2543.0000000000005 2478.5000000000005 516.50000000000011 16.500000000000004 0.52565685930853345 66.617569866651323
decision_type=2 2 2 2 2 2 2 2 2 2 2 2 2 2 2 2 2 2 2 2 2 2 2 2 2 2 2 2 2 2 2 2 2 2 2 2 2 2 2 2 2 2 2 2 2 2 2 2 2 2 2 2 2 2 2 2 2 2 2 2 2 2
left_child=1 2 9 8 5 20 21 30 12 19 11 34 33 -13 16 29 17 24 -5 -1 -3 22 -6 -16 32 -26 -12 41 -29 -9 31 -8 -11 56 45 -17 -10 -35 47 55 -19 -28 -33 44 -24 -2 52 -21 53 -23 57 -52 -7 -49 -32 -40 -4 -51 -25 -38 -55 -48
right_child=10 4 3 18 6 46 7 15 36 14 26 13 -14 -15 23 35 -18 40 -20 38 -22 49 43 58 25 -27 27 28 -30 -31 54 42 -34 37 -36 -37 59 -39 39 -41 -42 -43 -44 -45 -46 -47 61 48 -50 50 51 -53 -54 60 -56 -57 -58 -59 -60 -61 -62 -63
leaf_value=6.3702234406468961 -4.8895957272791311 -1.0064505254692293 129.46756532653743 -3.5414023592614789 5.0031279915665046 7.9126251963301621 -0.23754556188928744 31.025473484912069 -1.5140881213381578 97.011271434696354 -6.1835425248113483 -4.2585443127197191 -4.2205637462212025 4.5521076519515971 1.6403410644618412 -6.7836013330634799 -6.7774349608981446 13.370209923962145 -6.0619657877107116 130.14075944709444 -5.0144151100810861 163.15094902542543 94.453911590054901 47.675681451869245 -3.5703343407840142 49.396144946020257 -6.1950159319958855 0.038353274111910307 -5.4869983294980607 -2.2032183672075494 54.335858429422082 44.891592614597378 24.757671585561027 40.764663543846702 -3.1366523434972664 -0.71971654018260156 -6.5431502629877878 -3.5576255007813691 98.849431294380267 -1.2283197866009867 -7.7840739534100214 -2.9333419099607805 23.994106869609006 78.73850261672051 23.293506003682189 -6.1032467591976518 29.724755526136349 79.716321298279226 23.769740413547677 118.53665392781926 25.615591314867789 99.722621613647036 18.574873567192046 120.75718666136061 36.367200415568448 106.339057732558 19.838074501527302 62.626405898759863 100.91359623158593 -4.0869544924047485 96.336908777580092 9.8892966192025114
leaf_weight=28 24 20 38 28 32 23 29 20 25 47 2619 25 24 37 22 32 21 20 147 209 39 1356 41 20 20 34 199 31 39 20 191 38 27 28 31 24 25 23 26 21 28 22 24 107 22 174 80 26 21 394 22 26 20 94 24 22 32 20 63 26 25 20
leaf_count=28 24 20 38 28 32 23 29 20 25 47 2619 25 24 37 22 32 21 20 147 209 39 1356 41 20 20 34 199 31 39 20 191 38 27 28 31 24 25 23 26 21 28 22 24 107 22 174 80 26 21 394 22 26 20 94 24 22 32 20 63 26 25 20
internal_value=-0.00110392 0.00993833 0.00430476 -0.00499116 0.0124488 0.00503216 0.0130659 0.00827406 0.000868385 0.00906472 -0.0141926 -0.00941944 0.00587181 0.00188406 0.0047567 -0.00277836 0.00158295 0.00321976 -0.0124043 0.0118132 -0.00984772 0.0140176 0.0106729 0.0106755 0.00606557 0.0010536 -0.0146686 -0.0119959 -0.0063766 0.00591022 0.0117511 0.00770582 0.00967611 0.00901734 -0.0124924 -0.00903743 -0.00863338 0.00434442 0.0124904 0.00798842 -0.00430353 -0.0137585 0.0115459 0.0125044 0.00922345 -0.0136143 0.011195 0.0133085 0.0115412 0.014387 0.0131725 0.00679834 0.00723898 0.0126947 0.0134449 0.0117879 0.012368 0.0139024 0.0131408 -0.0119765 0.0137028 0.0128571
internal_weight=6995 3794 1170 396 2624 202 2422 402 221 774 3201 291 145 62 302 96 197 176 175 472 59 2020 202 105 128 54 2910 291 70 40 306 91 74 121 229 56 76 51 444 69 48 221 62 170 63 198 143 375 166 1818 462 48 43 145 215 48 70 414 83 51 119 100
internal_count=6995 3794 1170 396 2624 202 2422 402 221 774 3201 291 145 62 302 96 197 176 175 472 59 2020 202 105 128 54 2910 291 70 40 306 91 74 121 229 56 76 51 444 69 48 221 62 170 63 198 143 375 166 1818 462 48 43 145 215 48 70 414 83 51 119 100
is_linear=0
shrinkage=0.03


Tree=17
num_leaves=63
num_cat=0
split_feature=4 6 16 68 4 55 4 6 22 4 55 57 7 62 55 57 4 60 62 66 43 4 4 58 4 55 43 12 18 4 4 51 4 62 58 16 39 62 62 28 61 22 55 58 2 39 22 43 47 6 18 16 69 70 22 1 17 48 1 45 17 60
split_gain=1105.22 59.4713 58.457 18.5549 14.3274 17.1576 13.5939 14.0198 9.66453 8.20912 15.2605 8.00554 6.59031 6.55746 5.81303 5.52318 5.37187 4.39558 3.65379 5.23648 3.62964 3.59488 3.23804 3.20672 5.47346 5.09317 3.1205 2.99553 3.70296 2.75303 2.60884 3.27752 2.58328 4.96733 3.76668 2.11365 2.00889 1.92646 1.88641 2.0609 1.84165 2.16185 2.53404 1.67467 1.65429 1.36691 1.17373 1.01767 0.911522 0.87291 0.850851 0.821754 1.49663 1.21271 0.806242 1.1396 0.594441 0.574459 0.572372 0.47107 1.57202 0.450211
threshold=12.500000000000002 3.5000000000000004 536.50000000000011 99425.500000000015 1.0000000180025095e-35 3458.0000000000005 11.500000000000002 8.5000000000000018 -0.20000000000000009 13.500000000000002 1498.5000000000002 34.500000000000007 18.500000000000004 2009.8125000000002 20.500000000000004 39.500000000000007 8.5000000000000018 1426.5000000000002 2057.6250000000005 3465.7500000000005 29960.500000000004 10.500000000000002 1.5000000000000002 3271.6875000000005 1.5000000000000002 784.50000000000011 33669.500000000007 98912.500000000015 -2.3249999999999997 2.5000000000000004 10.500000000000002 1373.5000000000002 22.500000000000004 2325.4375000000005 3615.8958333333335 4113.5000000000009 38563.000000000007 2402.9166666666674 1016.7500000000001 4.8871979999999988 1523.5000000000002 -0.29999999999999932 23.500000000000004 2923.5625000000005 84.857410000000016 37635.500000000007 -1.150000000000001 30378.500000000004 758.00000000000011 7.5000000000000009 11.275000000000002 841.00000000000011 82057.000000000015 83816.291666666672 -0.42500000000000066 14.675000000000002 7.2250000000000005 922.50000000000011 16.125000000000004 31543.000000000004 13.225000000000001 516.50000000000011
decision_type=2 2 2 2 2 2 2 2 2 2 2 2 2 2 2 2 2 2 2 2 2 2 2 2 2 2 2 2 2 2 2 2 2 2 2 2 2 2 2 2 2 2 2 2 2 2 2 2 2 2 2 2 2 2 2 2 2 2 2 2 2 2
left_child=1 2 8 11 5 13 23 14 22 10 37 21 15 48 -8 16 18 26 19 -10 -12 47 -1 24 25 46 -5 -21 -29 -14 40 58 -11 54 -35 -23 -9 -2 -24 50 -26 57 -43 -19 -22 -13 -6 56 -3 -7 -40 -25 53 -53 -34 -56 -4 -42 -32 60 -16 -31
right_child=9 4 3 17 6 49 7 36 12 32 20 45 29 -15 59 -17 -18 43 -20 27 44 35 38 51 30 -27 -28 28 -30 61 31 -33 33 34 -36 -37 -38 -39 39 -41 41 42 -44 -45 -46 -47 -48 -49 -50 -51 -52 52 -54 -55 55 -57 -58 -59 -60 -61 -62 -63
leaf_value=11.787286537044542 -5.8645191709587339 -4.2502786129661683 155.39549682514703 2.4577730969163696 19.29388651229646 34.301520429632411 -0.43210916062778665 -6.61903261169227 -2.3984539942095036 -5.9980362490670078 -3.0078202589296668 -5.2356797422141437 1.591130832527986 13.939830001531108 25.373944548922001 -6.6692186503427919 -6.4213819161774737 -5.8783864820784526 97.679169842531593 70.043314547268565 2.9764470338707159 -5.50049072191955 19.536739030809141 162.69192040490597 104.14685147618073 65.954574692313557 -6.3256223100890479 74.893766801047633 -4.354285711637174 46.245411008313162 60.31399645548592 -2.3746030775940787 -5.9621923605467479 -4.9368070405232665 0.15253264748691323 10.294552901352899 -0.69812504397712305 -3.3327093357047346 119.30148500731556 68.125194963037231 115.67809046934782 55.670128841623757 -4.4450953887585296 -4.4419466457620365 -0.41244696704504918 -4.5893616982996051 -6.0959075912223053 8.8977090372874272 -5.4251858620451108 5.2890592129989971 68.899490789740881 36.320838065294652 100.38569784352318 87.06020887259362 -6.2845781326343131 -2.7260800024581768 19.135802753983768 69.998214100550427 25.094446688908306 41.243036245981187 9.3769618559387666 97.441073425475651
leaf_weight=27 194 20 33 27 20 82 27 24 25 2619 20 24 22 28 33 28 32 138 43 40 36 23 21 1168 528 34 20 20 21 20 27 23 180 29 38 28 24 20 348 26 78 29 26 35 21 23 23 23 38 34 33 26 152 27 23 21 22 33 27 66 27 68
leaf_count=27 194 20 33 27 20 82 27 24 25 2619 20 24 22 28 33 28 32 138 43 40 36 23 21 1168 528 34 20 20 21 20 27 23 180 29 38 28 24 20 348 26 78 29 26 35 21 23 23 23 38 34 33 26 152 27 23 21 22 33 27 66 27 68
internal_value=-0.00117254 0.00978019 0.00415093 -0.00521838 0.0122888 0.00458684 0.0129297 0.00543013 0.00894846 -0.0141551 -0.00931639 0.00202726 0.00492636 -0.00554007 0.0098759 0.00177905 0.00371066 -0.0110268 0.0061167 0.003082 0.00210117 0.0059024 0.0117601 0.0136068 0.0121295 0.0044358 -0.00280255 0.00680641 0.0010219 0.0108719 0.0128933 0.00754864 -0.0146376 -0.0118928 -0.00464978 -0.000234834 -0.00866944 -0.0134376 0.0123966 0.0128519 0.0134808 0.0106382 0.00566243 -0.0132409 0.00598949 -0.00853503 -0.00236659 0.00994878 -0.0113081 0.0121189 0.0134138 0.0145161 0.0126377 0.00813559 -0.0140428 -0.0101361 0.012196 0.0130693 0.0115896 0.0125852 0.0104326 0.0132463
internal_weight=6995 3794 1170 396 2624 202 2422 201 774 3201 291 176 319 86 153 209 181 220 149 106 77 129 455 2221 848 77 47 81 41 110 771 77 2910 291 67 51 48 214 428 407 694 166 55 173 57 47 43 78 58 116 381 1373 205 53 224 44 55 111 54 126 60 88
internal_count=6995 3794 1170 396 2624 202 2422 201 774 3201 291 176 319 86 153 209 181 220 149 106 77 129 455 2221 848 77 47 81 41 110 771 77 2910 291 67 51 48 214 428 407 694 166 55 173 57 47 43 78 58 116 381 1373 205 53 224 44 55 111 54 126 60 88
is_linear=0
shrinkage=0.03


Tree=18
num_leaves=63
num_cat=0
split_feature=4 6 4 4 4 56 4 43 62 46 4 55 4 55 7 26 12 55 43 12 54 44 46 47 24 4 62 58 35 58 24 62 41 64 43 15 58 58 56 62 52 52 63 47 58 5 26 59 35 58 62 6 31 25 2 11 2 59 6 47 63 48
split_gain=1092.25 59.4162 36.2034 31.2056 23.4041 24.1757 21.8086 13.6803 10.2806 8.80154 7.54556 13.7763 6.14225 9.49184 5.81192 12.706 5.29145 4.43369 4.19707 3.77335 3.6681 4.16551 3.53836 3.45726 3.2846 2.76936 4.82502 3.76668 2.72588 2.64504 4.40145 7.25635 2.50244 2.43656 2.26931 2.12503 2.12078 2.0318 2.00613 1.92646 1.81724 1.55986 1.51896 1.47305 1.28057 1.29643 1.27487 1.15512 1.48632 1.13275 0.745187 1.03001 0.56182 0.560202 0.509767 0.481383 1.04511 0.471077 0.46051 0.399033 0.396713 0.356543
threshold=12.500000000000002 2.5000000000000004 9.5000000000000018 1.0000000180025095e-35 1.0000000180025095e-35 593.00000000000011 10.500000000000002 31114.500000000004 1538.7708333333337 32536.250000000004 13.500000000000002 1498.5000000000002 1.5000000000000002 258.00000000000006 19.500000000000004 65.609339395833345 85829.000000000015 3871.0000000000005 32515.500000000004 103681.50000000001 711.91666666666686 33710.500000000007 29884.562500000004 208.50000000000003 85.077210000000022 22.500000000000004 2325.4375000000005 3615.8958333333335 10858.500000000002 2714.2291666666674 62.114975000000008 2048.5208333333335 39519.500000000007 3128.5000000000005 29387.000000000004 5810.1049126243815 2646.729166666667 652.25000000000011 17.500000000000004 2402.9166666666674 657.50000000000011 1108.5000000000002 2068.0000000000005 93.500000000000014 2105.3333333333335 3.5000000000000004 79.840491895833352 2350.5000000000005 16555.000000000004 2826.7916666666674 2118.8333333333335 4.5000000000000009 66.053810681594868 98.127205000000018 87.370965000000012 69789.500000000015 75.101917000000014 536.50000000000011 7.5000000000000009 515.50000000000011 3422.5000000000005 525.50000000000011
decision_type=2 2 2 2 2 2 2 2 2 2 2 2 2 2 2 2 2 2 2 2 2 2 2 2 2 2 2 2 2 2 2 2 2 2 2 2 2 2 2 2 2 2 2 2 2 2 2 2 2 2 2 2 2 2 2 2 2 2 2 2 2 2
left_child=1 2 3 -1 5 32 12 8 28 23 11 39 13 35 15 -5 40 46 19 -17 21 -20 -13 -4 -23 -12 50 -28 -8 30 31 -14 -3 -16 -18 -6 47 -22 -15 -2 -10 -42 -24 -9 59 -46 -7 -32 -49 -40 -27 -52 -45 55 -30 56 -31 -11 -19 -39 -35 -34
right_child=10 4 9 14 6 17 7 43 16 57 25 22 29 38 33 18 34 58 20 -21 37 24 42 -25 -26 26 27 -29 54 53 36 -33 61 60 -36 -37 -38 44 49 -41 41 -43 -44 52 45 -47 -48 48 -50 -51 51 -53 -54 -55 -56 -57 -58 -59 -60 -61 -62 -63
leaf_value=-5.860355717544695 -5.6885835958299715 -2.485925632944908 38.476705753690744 -4.1135813815516507 -5.8704690476285872 -1.9370358511073924 0.30100433665631271 12.299308732387333 16.272010001966333 -6.155535903212674 -5.8180951615949974 -2.8828531368990964 79.155939713524106 22.475178784382329 29.236632715993178 30.986660178534244 4.9043322882704983 39.459042828294329 -5.2082145119696479 -3.8416567244566413 12.44133689547297 -2.7280114117610013 0.17946024373972022 -4.0547836089476839 89.519703043075978 -5.8361496241053468 -4.7887028293075682 0.14795666806230598 -2.6929147019018393 135.14806584227219 88.887294444410145 -13.607167650952842 -6.0049188210309605 51.614299650389732 -1.8417099455765253 11.307425236951532 118.60572329733833 97.384274737445821 34.186356583069532 -3.2327280556335922 45.838099224386589 17.56693661167813 3.577883220705147 55.952345711737848 52.194035476368413 7.2697966311594566 14.693123155364995 77.106109660642531 41.565726717306077 78.676743551928524 -5.9901602521433031 -2.6413828032785696 47.737060471217077 73.861319108506805 -4.7705406697028243 153.58116279275882 165.02673990209325 -5.8861218902585417 6.6035016013011179 57.48835806084697 140.72487105503697 -4.8097325830079667
leaf_weight=59 194 22 23 25 25 26 25 39 20 33 2619 21 47 20 27 24 30 68 20 23 24 20 29 25 25 180 29 38 20 20 335 27 23 33 35 26 27 110 28 20 52 36 27 152 22 20 21 52 25 134 22 22 23 22 32 1509 33 96 31 29 129 42
leaf_count=59 194 22 23 25 25 26 25 39 20 33 2619 21 47 20 27 24 30 68 20 23 24 20 29 25 25 180 29 38 20 20 335 27 23 33 35 26 27 110 28 20 52 36 27 152 22 20 21 52 25 134 22 22 23 22 32 1509 33 96 31 29 129 42
internal_value=-0.00125831 0.00962995 0.0021666 0.00573971 0.0115199 0.00236808 0.012282 0.00632838 0.00154738 -0.00972332 -0.0141645 -0.0095225 0.0134659 0.00880309 0.00804368 0.00569132 0.00561525 0.00983573 0.00732261 -0.00089172 0.00876342 0.00248848 0.00132296 0.00118503 0.00758315 -0.0146273 -0.0117898 -0.00464978 -0.00754864 0.0139822 0.0120678 0.00522267 -0.0101263 0.0122792 -0.00110599 -0.00258317 0.0132134 0.0107362 0.0120099 -0.0134376 0.00968548 0.0115437 0.00529412 0.0118963 0.0118277 0.00705463 0.00216561 0.0137515 0.0102724 0.0131215 -0.013909 -0.0101361 0.0130897 0.0145995 -0.0114587 0.0146706 0.0115254 -0.0138033 0.013441 0.0132423 0.0136767 -0.0130876
internal_weight=6995 3794 767 590 3027 233 2794 464 250 177 3201 291 2330 233 531 342 173 146 317 47 270 65 77 48 45 2910 291 67 77 2097 513 74 87 189 65 51 439 205 182 214 108 88 56 214 181 42 47 412 77 162 224 44 175 1584 52 1562 53 129 99 139 162 65
internal_count=6995 3794 767 590 3027 233 2794 464 250 177 3201 291 2330 233 531 342 173 146 317 47 270 65 77 48 45 2910 291 67 77 2097 513 74 87 189 65 51 439 205 182 214 108 88 56 214 181 42 47 412 77 162 224 44 175 1584 52 1562 53 129 99 139 162 65
is_linear=0
shrinkage=0.03


Tree=19
num_leaves=63
num_cat=0
split_feature=56 16 20 56 58 58 10 9 60 38 15 10 62 61 62 58 56 45 46 10 16 24 20 44 59 56 62 66 46 70 24 52 16 2 10 59 55 59 30 62 15 48 36 15 46 55 53 58 36 56 50 59 28 17 17 54 66 17 58 21 43 43
split_gain=807.776 104.496 67.5518 49.8849 63.8485 23.1538 22.6146 17.123 15.551 13.111 12.6596 11.9636 10.5421 9.21382 8.85968 8.35253 7.8731 7.67093 14.2889 7.52758 6.55724 5.98994 5.8994 5.34242 4.875 3.71984 3.35723 3.51905 3.28609 3.13376 2.98898 2.68534 2.8359 2.66854 2.5986 2.49799 2.46659 3.75593 2.91565 2.43276 3.33485 2.33978 2.31156 2.24449 3.38719 2.22258 2.1568 2.01402 1.99952 5.34781 3.07311 1.93169 1.89144 1.8637 1.72561 1.55772 5.09718 1.52857 1.41869 1.24254 1.14976 1.13975
threshold=529.50000000000011 599.50000000000011 3.1489583333333337 4184.5000000000009 3561.8750000000005 2714.2291666666674 0.96386255839173451 1.0000000180025095e-35 1850.0000000000002 18867.166666666668 7285.5757550506314 0.96386255839173451 1587.4583333333337 1482.5000000000002 2109.5833333333335 3966.2083333333335 1929.5000000000002 33052.500000000007 32973.687500000007 0.56392291514228221 -264.99999999999994 45.386785500000009 0.43437500000000001 32539.500000000004 3705.5000000000005 1610.5000000000002 2402.9166666666674 4406.729166666667 31359.687500000004 90373.083333333358 66.486730000000009 1050.5000000000002 -2348.4999999999995 52.932645500000007 0.96386255839173451 5379.5000000000009 724.00000000000011 4632.0000000000009 60.988770015193857 1471.5833333333337 7146.1608790692317 747.50000000000011 22483.000000000004 4581.2933162224681 29291.145833333339 301.00000000000006 1380.5000000000002 2923.5625000000005 12699.500000000002 1446.0000000000002 285.00000000000006 1480.0000000000002 2.6582779999999961 7.5250000000000012 18.325000000000006 762.33333333333337 5170.8541666666679 11.575000000000001 1152.1875000000002 4.959221101131094 25499.500000000004 31820.500000000004
decision_type=2 2 2 2 2 2 2 2 2 2 2 2 2 2 2 2 2 2 2 2 2 2 2 2 2 2 2 2 2 2 2 2 2 2 2 2 2 2 2 2 2 2 2 2 2 2 2 2 2 2 2 2 2 2 2 2 2 2 2 2 2 2
left_child=1 5 13 4 10 8 7 24 17 15 48 35 -12 23 -13 25 61 43 22 55 26 -7 -19 -3 57 -6 27 31 -16 -22 -9 -10 -33 -17 -18 -5 60 38 -38 40 -32 -34 -25 44 -1 -35 51 -15 49 50 -2 -8 -37 58 -42 56 -20 -4 -29 -45 -23 -14
right_child=3 2 6 11 9 21 46 30 20 -11 12 14 16 47 28 33 34 18 19 -21 29 36 -24 42 -26 -27 -28 53 -30 -31 39 32 41 45 -36 52 37 -39 -40 -41 54 -43 -44 59 -46 -47 -48 -49 -50 -51 -52 -53 -54 -55 -56 -57 -58 -59 -60 -61 -62 -63
leaf_value=64.590675611077842 -5.8524468207131806 78.305769194476312 -3.5941512704789407 -5.6328747119221463 4.9341139803673011 -2.5189445822072458 -3.0770246097459557 1.4891994725731559 -9.3953064731179516 44.344236865393306 -5.6999328731796481 -4.9293332963794443 6.5753959593370448 -5.6650006877239516 -2.5299057028350678 -2.1035580978424377 -5.3165237291608403 -5.8775656523713087 -0.42911860438616711 -2.2025816334899577 11.377451043947746 76.754912561417612 30.41107313079338 -1.1364259777852261 12.507081835640816 -5.6412253257090148 71.309326203707442 27.913410699681826 3.8079033407416687 -7.1669198407169654 -0.19010380446069972 24.049844419705607 8.8073493292833938 4.2018796270848346 0.51459751871811243 -5.5927234575002442 83.266668974058817 80.219771905445256 -3.0208585155108341 86.354274841894451 65.907604728610067 -4.0717678960014565 -6.1739950813887976 98.654181458599254 -2.9251286634666167 39.257638903887681 -5.5175806228063164 -3.0977424081204772 -5.5484517247186682 -5.7518004318362044 8.6374230062017521 0.43229049793397734 -2.1435493673507624 1.2068865524059742 18.674268974209873 92.285986711222577 93.82009235591255 -5.8247712564000311 65.57272338315758 25.352872485950588 149.31872790897603 23.217993500339514
leaf_weight=27 20 27 22 2226 29 21 32 22 21 113 85 46 21 235 23 20 48 36 29 32 20 25 30 21 39 45 24 20 38 43 33 27 20 31 21 52 20 82 20 293 66 23 21 380 23 40 33 30 348 90 23 27 27 20 20 143 41 27 31 20 1480 43
leaf_count=27 20 27 22 2226 29 21 32 22 21 113 85 46 21 235 23 20 48 36 29 32 20 25 30 21 39 45 24 20 38 43 33 27 20 31 21 52 20 82 20 293 66 23 21 380 23 40 33 30 348 90 23 27 27 20 20 143 41 27 31 20 1480 43
internal_value=-0.00133122 0.00855134 0 -0.0118474 -0.0061222 0.0116011 0.0059062 0.00832599 0.00801604 0.0060302 -0.0109598 -0.0141648 -0.0049381 -0.010856 -0.00431373 0.000617807 0.000315552 0.0101458 0.00649952 0.00984088 0.00149338 0.0137959 -0.00585477 -0.00104197 -0.00371169 -0.00684211 0.00433638 0.00275756 0.00314239 -0.00684628 0.010774 -0.00111965 0.00166904 0.00671789 -0.00668596 -0.0146206 0.0140016 0.00980344 0.00216958 0.0113492 0.00765743 -0.00306265 -0.00776722 0.0126572 0.00652695 0.00945148 -0.00778502 -0.0133987 -0.0136811 -0.0104583 -0.00167053 -0.00426396 -0.00925411 0.00776371 0.0107666 0.0118817 0.00808845 -0.0100204 0.0108023 0.0134141 0.0143392 0.00790952
internal_weight=6995 3606 948 3389 977 2658 614 522 1010 278 699 2412 218 334 107 165 133 761 311 245 249 1648 66 69 88 74 186 162 61 63 434 91 70 91 69 2305 1627 122 40 412 119 43 42 450 50 71 92 265 481 133 43 59 79 71 86 213 70 49 51 400 1505 64
internal_count=6995 3606 948 3389 977 2658 614 522 1010 278 699 2412 218 334 107 165 133 761 311 245 249 1648 66 69 88 74 186 162 61 63 434 91 70 91 69 2305 1627 122 40 412 119 43 42 450 50 71 92 265 481 133 43 59 79 71 86 213 70 49 51 400 1505 64
is_linear=0
shrinkage=0.03


Tree=20
num_leaves=63
num_cat=0
split_feature=4 16 6 60 60 4 45 6 59 6 4 58 4 55 22 19 58 46 14 4 46 12 19 4 4 62 58 4 5 62 64 23 53 42 58 60 34 55 41 58 28 33 23 34 18 59 58 62 28 1 19 46 35 6 22 70 5 46 62 41 49 46
split_gain=1068.02 61.1008 55.5645 16.0396 15.8285 12.7403 11.1869 10.3363 10.2908 9.14322 15.9465 8.92239 8.14491 16.3141 6.9393 6.01092 5.99506 5.45923 4.75863 4.72895 3.85642 3.21145 3.08226 3.07592 2.96162 5.31969 3.15656 2.92463 2.79103 2.66008 2.53487 6.62481 2.50827 2.35906 2.19021 4.32235 3.26527 2.05493 2.00586 1.98802 1.80578 1.5484 1.76696 2.81242 1.49249 1.59019 1.44989 1.40528 1.30069 1.28033 1.21118 1.11519 1.03428 0.993615 0.924145 1.49357 1.34036 2.47272 1.54818 0.807929 0.780244 0.779409
threshold=12.500000000000002 -90.499999999999986 2.5000000000000004 2125.5000000000005 1531.5000000000002 1.5000000000000002 33206.500000000007 2.5000000000000004 4672.5000000000009 8.5000000000000018 10.500000000000002 3870.6250000000005 13.500000000000002 1498.5000000000002 -0.10000000000000002 -6.7749999999999995 3994.854166666667 30579.937500000004 110561.43750000001 1.0000000180025095e-35 32661.000000000004 94368.000000000015 21.275000000000002 9.5000000000000018 22.500000000000004 2353.3541666666674 3579.7500000000005 11.500000000000002 3.5000000000000004 1675.7708333333335 5795.5000000000009 89.355252000000021 1237.5000000000002 34345.395833333343 2831.7291666666674 2658.0000000000005 0.27341709699021882 2751.5000000000005 42974.000000000007 2902.3958333333335 -2.3654625000000027 1.8955929111869179 69.566152500000015 0.50419747718274632 5.2250000000000005 3232.5000000000005 620.06250000000011 2344.0000000000005 0.18752800000000039 10.375000000000002 3.5250000000000004 29748.416666666668 11507.500000000002 7.5000000000000009 -0.20000000000000193 81613.020833333358 3.5000000000000004 29331.187500000004 2581.354166666667 48734.500000000007 328.50000000000006 32527.937500000004
decision_type=2 2 2 2 2 2 2 2 2 2 2 2 2 2 2 2 2 2 2 2 2 2 2 2 2 2 2 2 2 2 2 2 2 2 2 2 2 2 2 2 2 2 2 2 2 2 2 2 2 2 2 2 2 2 2 2 2 2 2 2 2 2
left_child=1 5 4 9 6 8 -3 14 16 30 -11 19 13 47 46 -16 32 52 20 37 61 28 -15 48 -14 -26 -27 -19 38 -22 54 51 -1 -13 35 44 -37 -5 -21 -10 -6 -34 43 -43 -9 -46 -7 -2 -8 -30 -48 -32 -12 -41 -4 -56 59 -58 -59 -57 -25 -17
right_child=12 2 3 11 40 7 23 34 39 10 17 33 24 22 15 18 -18 27 -20 21 29 -23 -24 60 25 26 -28 -29 49 -31 31 -33 41 -35 -36 36 -38 -39 -40 53 -42 42 -44 -45 45 -47 50 -49 -50 -51 -52 -53 -54 -55 55 56 57 58 -60 -61 -62 -63
leaf_value=12.98379275320004 -5.3537510673398794 62.181903217967069 116.58184935271379 -5.5236158738726813 -2.6935552213794196 21.333818913846152 -2.7884460803558295 72.742090818401579 12.4318274824663 85.107088825092021 -2.6069513058981437 63.977122073185434 -5.4747574143741904 -2.210199932462193 69.410876692181191 -3.7108536113725048 25.730347658172509 30.668983995399444 69.38452062632382 32.80249789238362 70.878114893106925 -4.6117795309367509 3.7186852316607779 -5.8792237664219886 -5.4345417368450297 -4.7630250557913447 0.19376103793997415 -1.1832004587412108 15.538296153326854 -3.2593537437466642 108.97310870072344 -2.5775372797265677 5.3751108601174149 16.61405654740161 150.90259492463494 -4.9227815172246503 58.811270956481877 -1.9062311579978719 -0.30725716593760694 54.127733599181447 -5.4799023020552404 19.886673065483411 -7.5273706571789329 -3.0056116991410127 93.929479020248039 57.651443813258552 112.92805815159006 -3.1759905799528476 22.156982106822198 -5.479347380978222 41.530323984779166 88.820007737820532 -5.9855917492492905 37.501458575358875 43.34790200516948 54.876205590150121 4.5849535100106058 43.406944473096004 17.490336893604162 40.866577403250943 -3.2705509336822098 -4.4205738453543821
leaf_weight=39 188 50 175 39 20 23 21 35 28 82 24 50 2619 39 39 20 32 20 33 38 22 27 38 30 229 24 38 20 20 22 45 26 24 20 1255 26 31 20 20 117 151 23 22 25 347 31 199 26 20 21 35 26 29 38 26 134 20 59 25 24 20 26
leaf_count=39 188 50 175 39 20 23 21 35 28 82 24 50 2619 39 39 20 32 20 33 38 22 27 38 30 229 24 38 20 20 22 45 26 24 20 1255 26 31 20 20 117 151 23 22 25 347 31 199 26 20 21 35 26 29 38 26 134 20 59 25 24 20 26
internal_value=-0.0013741 0.00939274 0.0041218 0.00760226 -0.00691125 0.0121452 0.000510276 0.0130111 0.00679977 0.00985172 0.00383781 0.00110545 -0.0141364 -0.00931639 0.00876163 0.00386798 0.00134464 -0.00464017 0.00058489 -0.00233387 -0.00296337 0.000927835 0.00249027 -0.00572997 -0.014617 -0.0116867 -0.00381643 0.00366584 0.00345106 0.00333333 0.0117247 0.00722966 -0.00144252 0.0102282 0.0140409 0.0122463 0.00441331 -0.0093401 0.00769363 0.0116985 -0.013045 -0.00411265 -0.0063766 -0.00305613 0.0133188 0.0138773 0.011832 -0.0135778 0.000291971 -0.00248175 0.0125459 0.0119831 -0.0109605 0.0130368 0.0126582 0.0115481 0.0122358 0.00948127 0.011736 0.0140228 -0.0107186 -0.00904555
internal_weight=6995 3794 1302 990 312 2492 141 2144 348 735 175 255 3201 291 419 162 165 93 123 185 90 126 77 91 2910 291 62 40 99 44 560 97 133 70 1725 470 57 59 58 183 171 94 70 48 413 378 257 214 41 41 234 71 53 155 463 288 262 104 84 158 50 46
internal_count=6995 3794 1302 990 312 2492 141 2144 348 735 175 255 3201 291 419 162 165 93 123 185 90 126 77 91 2910 291 62 40 99 44 560 97 133 70 1725 470 57 59 58 183 171 94 70 48 413 378 257 214 41 41 234 71 53 155 463 288 262 104 84 158 50 46
is_linear=0
shrinkage=0.03


Tree=21
num_leaves=63
num_cat=0
split_feature=4 16 20 58 60 60 62 41 68 22 4 15 24 43 4 59 25 4 59 17 59 58 24 4 62 58 58 60 36 62 66 63 62 61 45 46 47 26 61 58 21 34 25 16 45 45 17 17 51 62 36 62 16 59 23 22 4 59 22 24 15 28
split_gain=1052.29 62.0872 48.419 18.8208 15.3025 12.2905 10.265 8.56858 8.05796 7.83834 7.45327 10.1461 6.87262 6.44136 8.7136 6.29198 4.85879 4.72922 5.46735 4.69269 4.32489 4.27773 4.37206 3.3647 5.19794 4.33644 3.29503 3.26046 3.15678 3.11891 5.23884 3.73141 2.96606 2.87443 2.6777 4.43867 2.63728 2.44389 2.38773 2.20299 3.61775 2.20127 2.12771 1.8815 3.22835 1.82484 1.81345 1.89503 1.80056 1.79351 1.43988 1.41812 1.39464 1.44324 1.3285 1.23055 1.14879 2.03613 1.12895 1.84566 1.02621 0.859338
threshold=12.500000000000002 599.50000000000011 3.7208333333333341 2826.7916666666674 1850.0000000000002 1523.5000000000002 1448.8125000000002 39519.500000000007 99814.500000000015 -0.17500000000000068 13.500000000000002 13896.228533963103 45.386785500000009 31226.500000000004 10.500000000000002 686.50000000000011 88.516272000000015 1.5000000000000002 3185.5000000000005 9.2750000000000021 559.50000000000011 2236.6458333333335 80.335020000000014 22.500000000000004 2118.8333333333335 3708.5625000000005 652.25000000000011 1483.5000000000002 13001.500000000002 2421.2500000000005 4406.729166666667 1433.5000000000002 2154.0000000000005 1780.0000000000002 33052.500000000007 33116.062500000007 361.50000000000006 70.789721791666679 1736.5000000000002 3800.7291666666674 2.7669172435463136 0.5428341955573438 79.364975000000001 -369.49999999999994 33486.500000000007 33815.500000000007 15.375000000000002 5.7250000000000005 1854.5000000000002 1638.1458333333337 9538.5000000000018 1988.3958333333337 -318.99999999999994 1638.5000000000002 88.479875000000007 -0.74999999999999944 11.500000000000002 270.50000000000006 -0.099999999999998743 69.771185000000017 4393.7437402251126 -0.17050450000000691
decision_type=2 2 2 2 2 2 2 2 2 2 2 2 2 2 2 2 2 2 2 2 2 2 2 2 2 2 2 2 2 2 2 2 2 2 2 2 2 2 2 2 2 2 2 2 2 2 2 2 2 2 2 2 2 2 2 2 2 2 2 2 2 2
left_child=1 3 8 4 9 13 -7 46 33 34 11 32 -5 14 50 54 26 18 -14 28 -13 22 -18 -12 -25 -26 -11 45 -9 30 31 41 -2 -3 -1 -36 37 -32 -34 40 -20 -6 -17 60 -45 -10 47 -8 -42 -33 -4 -51 53 -37 -16 -27 -15 -58 -19 -60 -28 -21
right_child=10 2 5 12 29 6 7 19 27 16 23 20 17 56 15 42 21 58 39 61 -22 -23 -24 24 25 55 43 -29 -30 -31 36 49 38 -35 35 52 -38 -39 -40 -41 48 -43 -44 44 -46 -47 -48 -49 -50 51 -52 -53 -54 -55 -56 -57 57 -59 59 -61 -62 -63
leaf_value=108.1850730483287 -5.2000211572083082 14.61565294391295 69.829006002902773 -2.3782383839796335 46.711994014018813 -5.1963330339359981 24.307528037649 25.564282897224317 1.5976553681648837 -1.6917909147020258 -5.3105146919429655 -3.0566717063453082 -3.0558277104091371 93.86082307418242 -1.8605122123396096 17.976304190465111 -1.7257515831612136 145.93708822396772 32.49717322716792 -4.7683461031375902 4.6974274587107745 -6.4465659552541981 81.27379524698145 -5.3385207930471781 -4.6986005900551788 -5.5310710839371984 35.233741953119747 -5.250337939030512 -1.9711095765746816 31.041582353443381 -9.9604387904355001 -1.9505741533190184 -0.39271658932092463 -4.8125656099298277 -4.8599884834221418 95.878724401083602 62.731964851983079 17.075983042656855 -6.0000232935801883 55.20891925263691 -2.0958457479804316 -1.4536133595826459 7.9068759961890898 43.4646952118892 -2.6481319012549327 -5.6129432504542409 4.2892056594696939 48.366661203696914 16.136437704531716 -8.1922119783708212 91.564685379567479 -5.2369204852119271 29.841267634225929 45.105417125648813 -3.0911410551142189 0.24818280605036933 2.3987131636235524 29.863968418377489 92.211153628183638 110.65509399766117 68.461594649640602 -5.9137363578641855
leaf_weight=356 172 23 22 24 20 37 27 26 24 21 2619 20 24 155 21 23 35 1299 44 20 34 27 28 180 59 20 20 148 26 35 21 36 39 29 24 93 45 36 26 149 23 21 31 25 21 22 34 72 21 25 103 34 28 24 31 32 20 78 25 109 107 22
leaf_count=356 172 23 22 24 20 37 27 26 24 21 2619 20 24 155 21 23 35 1299 44 20 34 27 28 180 59 20 20 148 26 35 21 36 39 29 24 93 45 36 26 149 23 21 31 25 21 22 34 72 21 25 103 34 28 24 31 32 20 78 25 109 107 22
internal_value=-0.00146846 0.00921879 0.00277336 0.0115057 0.00839756 0.00657265 0.00135176 0.00375165 -0.00876473 0.0104709 -0.0141364 -0.0095225 0.0134608 0.00941334 0.00576374 -0.000537229 0.00643083 0.0136869 0.00992723 -0.00315622 0.00216266 0.00063263 0.00494453 -0.0145964 -0.0114806 -0.00631863 0.00910355 -0.0115765 0.0028215 0.00224094 0.00099538 -0.0028435 -0.0121974 0.00166987 0.012649 0.00947368 0.00614104 0.00178634 -0.00663594 0.0113117 0.00745743 0.00467153 0.00659889 0.0104679 0.005141 -0.00449024 0.00865515 0.0107164 0.00129252 -0.00611987 0.0111271 -0.0093401 0.0114542 0.012912 -0.00800384 0 0.0127301 0.0100612 0.0143689 0.0116107 0.0123682 -0.0106176
internal_weight=6995 3794 994 2800 1082 748 264 227 246 809 3201 291 1718 484 231 106 284 1694 261 94 54 90 63 2910 291 111 194 194 52 273 238 136 237 52 525 169 102 57 65 237 88 41 54 173 46 46 133 99 44 95 125 59 145 117 52 52 253 98 1433 134 127 42
internal_count=6995 3794 994 2800 1082 748 264 227 246 809 3201 291 1718 484 231 106 284 1694 261 94 54 90 63 2910 291 111 194 194 52 273 238 136 237 52 525 169 102 57 65 237 88 41 54 173 46 46 133 99 44 95 125 59 145 117 52 52 253 98 1433 134 127 42
is_linear=0
shrinkage=0.03


Tree=22
num_leaves=63
num_cat=0
split_feature=4 16 20 4 45 58 4 46 4 4 57 4 55 45 60 58 58 26 21 55 43 1 36 62 52 61 4 62 58 62 49 4 60 2 56 3 43 54 66 18 40 3 2 24 57 4 32 32 59 57 18 56 54 23 58 2 20 57 25 19 1 26
split_gain=1037.12 64.452 47.17 19.6227 15.3415 14.8613 13.7303 11.504 10.6181 9.39011 19.861 8.08095 15.2605 6.98194 5.44094 5.01208 4.29524 5.96768 4.15669 4.42377 4.1036 4.23625 3.73995 4.03282 3.66017 3.46415 3.3647 5.19794 4.33644 3.31549 3.14083 3.01701 3.01035 2.9665 2.94036 2.87147 2.71054 2.70271 7.12489 2.43395 2.16907 2.1405 2.12139 2.11937 3.9108 2.11169 2.10088 1.99609 1.86035 1.85687 1.80638 1.51496 1.71541 1.46787 1.34486 1.33999 1.82176 1.11732 1.07108 1.2503 1.55086 1.75873
threshold=12.500000000000002 599.50000000000011 3.7208333333333341 1.5000000000000002 33206.500000000007 3460.9375000000005 1.0000000180025095e-35 32661.000000000004 8.5000000000000018 11.500000000000002 1013.5000000000001 13.500000000000002 1498.5000000000002 32569.500000000004 2156.0000000000005 4085.9166666666674 3241.791666666667 50.476544937500002 3.6803234016523718 1536.5000000000002 30924.500000000004 12.475000000000001 13994.000000000002 1022.7083333333334 751.50000000000011 1859.5000000000002 22.500000000000004 2118.8333333333335 3708.5625000000005 2009.8125000000002 206.50000000000003 1.0000000180025095e-35 695.50000000000011 97.283113000000014 1177.5000000000002 56.040432182700982 29960.500000000004 760.02083333333337 5170.8541666666679 4.5750000000000002 48909.000000000007 60.910097558033947 84.857410000000016 69.656073000000006 23.500000000000004 10.500000000000002 55.54517318000994 61.144915341691593 4514.0000000000009 23.500000000000004 21.575000000000006 157.50000000000003 1249.3333333333335 78.465275000000005 2727.2500000000005 80.674180000000021 16.634375000000002 4547.0000000000009 88.78170200000001 17.425000000000001 3.2750000000000004 77.465505833333353
decision_type=2 2 2 2 2 2 2 2 2 2 2 2 2 2 2 2 2 2 2 2 2 2 2 2 2 2 2 2 2 2 2 2 2 2 2 2 2 2 2 2 2 2 2 2 2 2 2 2 2 2 2 2 2 2 2 2 2 2 2 2 2 2
left_child=1 3 13 5 16 18 35 53 37 20 15 12 50 14 -3 51 17 -5 19 41 21 22 23 -8 -23 33 -13 -28 57 31 -10 34 -15 58 -7 -4 -14 38 -9 -24 -16 46 -38 44 -27 -26 -1 -35 -43 -20 -2 -11 -53 -6 -22 -45 -57 -29 -19 60 -60 -62
right_child=11 2 6 4 7 29 9 8 30 10 -12 26 36 32 40 -17 -18 25 49 -21 54 24 39 -25 45 43 27 28 -30 -31 -32 -33 -34 47 -36 -37 42 -39 -40 -41 -42 48 -44 55 -46 -47 -48 -49 -50 -51 -52 52 -54 -55 -56 56 -58 -59 59 -61 61 -63
leaf_value=-3.479499821190938 -5.0826792959575986 33.62950149056784 -3.5936921206586954 -4.841996792504899 -5.0609489648185102 -2.5913479437807547 2.6336449779024758 -2.9916446075460907 -8.2089575866610396 -3.2450692285683624 22.562221619482603 -5.1511992511846767 -2.5422943272749259 -1.3567792789419395 -0.84246833957787204 9.9005629677360574 145.63897557724869 111.64399737239998 0.27576141557888378 16.025834066905553 24.577775772326948 -10.767412971610904 56.214209738141882 84.660648962218076 43.206156957984007 73.685972203332341 -5.1783651692557626 -5.0121592721869872 -0.42900285077410033 54.511543744761489 27.476560474485321 58.718763312784631 -5.1722398455804983 86.647613605262563 9.1773581893250924 -5.1804953069205757 2.7041338315331918 85.116445161134038 83.833290816032004 -5.8037682643515973 -5.1434177981193034 -4.5003010940731434 -0.60938846260494695 91.930336912822952 -7.6826272370818698 -0.20567733896929097 30.110334882840082 -1.6161300726066223 4.6246939514719738 -5.7794472265814685 -2.6654642153434298 0.087948190577505442 -3.0653658066744538 -1.1220205725912433 95.535006864207119 25.465337958553558 66.160354490834507 -1.8519993614439316 76.313458575234492 94.332385017838661 3.4314054128374729 58.325440113205694
leaf_weight=25 193 27 23 23 25 20 20 30 26 47 111 2619 20 20 29 20 1149 487 20 56 20 20 22 127 46 37 180 39 52 117 20 45 145 25 26 29 36 172 42 21 25 32 21 45 25 36 23 20 20 35 21 20 30 20 156 21 38 20 38 76 30 32
leaf_count=25 193 27 23 23 25 20 20 30 26 47 111 2619 20 20 29 20 1149 487 20 56 20 20 22 127 46 37 180 39 52 117 20 45 145 25 26 29 36 172 42 21 25 32 21 45 25 36 23 20 20 35 21 20 30 20 156 21 38 20 38 76 30 32
internal_value=-0.00154136 0.00906855 0.00250176 0.0113985 0.0124531 0.00539728 0.00625184 0.00648165 0.00867632 0.00736532 0.00235423 -0.0141176 -0.00931639 -0.00888663 -0.00162762 -0.00625107 0.013429 0.0118515 -0.000198958 0.002287 0.00979919 0.00758987 0.010242 0.0125221 0.00261508 0.0122492 -0.0145964 -0.0114806 -0.00631863 0.011086 -0.00449024 0.00671789 -0.0124288 0.0131719 0.00123644 -0.00857965 0.00210117 0.0111717 0.00619972 0.00236659 -0.00715342 -0.00146853 0.0054641 0.00829019 0.00381643 0.00544458 0.00305613 0.00558758 -0.00570058 -0.00729583 -0.0134376 -0.00908342 -0.00532934 -0.00758315 0.0134412 0.0109222 0.00781726 -0.0118782 0.0136812 0.0115673 0.00926074 0.00623188
internal_weight=6995 3794 994 2800 2381 419 748 335 290 696 228 3201 291 246 81 117 2046 897 211 156 468 292 190 147 102 874 2910 291 111 208 46 91 165 708 46 52 77 244 72 43 54 100 57 166 62 82 48 45 52 55 214 97 50 45 176 104 59 59 663 176 100 62
internal_count=6995 3794 994 2800 2381 419 748 335 290 696 228 3201 291 246 81 117 2046 897 211 156 468 292 190 147 102 874 2910 291 111 208 46 91 165 708 46 52 77 244 72 43 54 100 57 166 62 82 48 45 52 55 214 97 50 45 176 104 59 59 663 176 100 62
is_linear=0
shrinkage=0.03


Tree=23
num_leaves=63
num_cat=0
split_feature=4 16 6 58 43 4 41 4 6 4 55 4 62 22 60 60 45 17 68 26 37 32 4 4 62 58 44 26 17 36 43 4 62 61 54 5 54 52 11 56 48 48 30 2 18 26 34 53 58 21 51 53 51 4 59 22 4 55 61 40 36 5
split_gain=1023.59 62.2679 51.9971 20.6112 15.9001 13.9633 13.7736 8.94366 10.0056 8.40416 14.987 8.30761 7.05447 6.616 6.46899 6.0142 5.28993 4.10569 5.11426 3.94685 4.7327 6.18321 3.41635 3.3647 5.19794 4.33644 3.30705 3.01516 2.99849 2.93666 2.71054 2.71035 2.5316 2.69051 2.48043 3.03507 2.44921 3.65964 2.44571 2.66424 2.43162 2.42264 2.17878 2.12139 2.03221 1.84093 1.78703 1.78079 1.67155 3.02219 2.17333 1.3565 2.22257 1.35589 1.30671 1.23055 1.20648 1.15756 1.07495 3.16259 1.02547 1.28743
threshold=12.500000000000002 599.50000000000011 2.5000000000000004 2714.2291666666674 30924.500000000004 1.5000000000000002 39519.500000000007 1.5000000000000002 8.5000000000000018 13.500000000000002 1498.5000000000002 9.5000000000000018 1442.3958333333337 -0.20000000000000193 1531.5000000000002 870.50000000000011 32669.500000000004 9.2750000000000021 93647.500000000015 76.783541020833354 19086.500000000004 61.300952897587727 10.500000000000002 22.500000000000004 2118.8333333333335 3708.5625000000005 31687.500000000004 48.563695979166674 12.475000000000001 10441.500000000002 29960.500000000004 2.5000000000000004 2001.3125000000002 604.50000000000011 996.58333333333337 4.5000000000000009 1375.1875000000002 1014.5000000000001 79170.500000000015 173.50000000000003 88.500000000000014 258.50000000000006 61.835488954276357 84.857410000000016 20.975000000000005 66.371523187500017 0.31414451088894429 758.50000000000011 3855.3750000000005 2.7669172435463136 1854.5000000000002 1189.5000000000002 1482.5000000000002 10.500000000000002 1819.5000000000002 -0.74999999999999944 1.0000000180025095e-35 339.00000000000006 540.50000000000011 44030.000000000007 14546.500000000002 5.5000000000000009
decision_type=2 2 2 2 2 2 2 2 2 2 2 2 2 2 2 2 2 2 2 2 2 2 2 2 2 2 2 2 2 2 2 2 2 2 2 2 2 2 2 2 2 2 2 2 2 2 2 2 2 2 2 2 2 2 2 2 2 2 2 2 2 2
left_child=1 3 14 5 6 36 12 8 48 10 44 13 15 31 16 22 -3 18 53 20 21 32 -4 -11 -25 -26 56 -9 38 -30 -12 42 33 -15 35 -21 37 -1 -14 -40 -6 -31 -7 -32 -2 -22 -38 -18 49 -5 -51 -19 -53 -8 -36 -27 -10 -39 59 -42 -33 -62
right_child=9 2 4 7 40 11 17 27 26 23 30 -13 28 19 -16 -17 47 51 -20 34 45 -23 -24 24 25 55 -28 -29 29 41 43 60 -34 -35 54 -37 46 57 39 -41 58 -43 -44 -45 -46 -47 -48 -49 -50 50 -52 52 -54 -55 -56 -57 -58 -59 -60 -61 61 -63
leaf_value=-3.6191574431877029 -4.9358021510106633 34.277144595471604 37.121551946392337 31.005973741442894 4.7382213490669223 15.064297969349623 111.78025935093638 48.448965835774686 -4.5096446062687274 -4.996663273649137 -2.4660254974566782 -7.7906023722577054 71.664336249946089 -1.8771063128822947 -4.9196954669956607 -4.6472579479854197 -5.4022406142801636 -6.7186859881260554 -3.6378707323956245 56.07813228670301 88.976482495571446 -3.2049294863910034 -1.7588994138513061 -5.0230142141780902 -4.493214536072446 -5.3522688658958595 15.872242396556256 134.18980630993124 -7.2002243919764863 15.790232032062066 2.6230098165871967 86.303781308416873 -7.8094065463951905 54.625703537380105 59.225020077763077 -1.1771292853796307 -0.17281597757029885 4.8159759856045703 46.046316241044238 -1.639993320419769 71.017658838957473 -1.0054405775798512 53.986810619619618 -0.59110680872679833 -2.2277883597979944 7.3849670917203776 -4.3652920612509485 -1.1320534459290827 52.669285148250751 -2.3270022952627452 14.701820330484942 -0.32320189296144602 -5.6078443708923373 3.6758259361545216 37.699213685038799 0.2536074073920821 -3.2121265731486393 17.364495277557243 69.872276435044199 14.795222659886106 98.731000194659401 40.996483282237676
leaf_weight=34 190 20 30 45 25 41 23 23 21 2619 20 29 95 21 153 25 29 33 30 25 37 25 23 180 59 20 21 1481 20 43 36 188 24 40 89 24 25 20 54 21 59 23 28 21 24 30 28 28 136 24 22 26 20 20 33 32 23 20 159 35 220 23
leaf_count=34 190 20 30 45 25 41 23 23 21 2619 20 29 95 21 153 25 29 33 30 25 37 25 23 180 59 20 21 1481 20 43 36 188 24 40 89 24 25 20 54 21 59 23 28 21 24 30 28 28 136 24 22 26 20 20 33 32 23 20 159 35 220 23
internal_value=-0.00161427 0.00892623 0.00247158 0.0112164 0.00623871 0.00776516 0.00295618 0.0131435 0.0083088 -0.0141083 -0.00921333 0.00911185 0.00636636 0.00965334 -0.0100261 -0.00149808 -0.00287938 -0.00451677 0.000574555 0.00645504 0.00328628 -0.000517711 0.00418079 -0.0145964 -0.0114806 -0.00631863 -0.00202765 0.0140795 0.00877392 0.00414634 0.00210117 0.0118716 0.00331375 0.00657938 0.00971362 0.00391039 -0.00151062 0.00198381 0.0110935 0.00695073 0.0119633 0.00721634 0.00625181 0.0054641 -0.0132975 0.00956781 -0.00644068 -0.00756567 0.0112814 0.00803513 0.00253796 -0.00925411 -0.00579176 0.00723898 0.0120147 0 -0.00673469 0.00815461 0.0128487 0.01017 0.0127627 0.0114027
internal_weight=6995 3794 994 2800 764 1004 486 1796 292 3201 291 877 334 848 230 78 77 152 73 348 177 110 53 2910 291 111 65 1504 256 86 77 500 85 61 171 49 127 74 170 75 278 66 69 57 214 67 53 57 227 91 46 79 46 43 122 52 44 40 253 94 431 243
internal_count=6995 3794 994 2800 764 1004 486 1796 292 3201 291 877 334 848 230 78 77 152 73 348 177 110 53 2910 291 111 65 1504 256 86 77 500 85 61 171 49 127 74 170 75 278 66 69 57 214 67 53 57 227 91 46 79 46 43 122 52 44 40 253 94 431 243
is_linear=0
shrinkage=0.03


Tree=24
num_leaves=63
num_cat=0
split_feature=4 16 6 58 68 4 6 57 4 56 4 4 4 55 46 38 51 58 50 26 40 4 33 23 26 60 4 62 58 6 62 50 58 51 53 57 26 62 43 4 58 11 37 63 16 38 43 33 59 1 33 21 16 58 55 57 53 4 4 40 37 30
split_gain=1006.8 65.644 49.9952 20.5038 15.4248 15.0406 12.9438 9.68059 9.44541 11.032 8.99158 8.23557 8.04906 14.2422 6.33428 7.85575 5.70417 4.74226 5.29285 5.36467 6.60545 4.69363 4.416 4.08932 3.76274 3.68285 3.57551 4.9893 4.33644 3.43573 3.09806 3.02614 3.00312 5.41711 2.82709 2.7295 4.01851 3.10362 2.49089 2.38554 3.58869 3.36029 2.30664 1.94594 1.91262 1.91129 2.45258 6.31811 2.52996 1.86555 1.78283 1.64948 1.38859 1.21333 1.15882 1.11732 1.05757 1.03493 1.02291 1.01717 1.00701 2.14207
threshold=12.500000000000002 599.50000000000011 3.5000000000000004 2714.2291666666674 98202.000000000015 1.5000000000000002 8.5000000000000018 29.500000000000004 1.0000000180025095e-35 724.00000000000011 11.500000000000002 9.5000000000000018 13.500000000000002 1498.5000000000002 29451.229166666668 15010.333333333334 1565.5000000000002 620.06250000000011 245.18750000000003 77.784698854166678 38344.500000000007 10.500000000000002 1.6888960118031833 93.090295000000012 48.563695979166674 1531.5000000000002 22.500000000000004 2118.8333333333335 3708.5625000000005 7.5000000000000009 2053.291666666667 231.93750000000003 2614.7083333333339 1446.5000000000002 999.50000000000011 22.500000000000004 77.784698854166678 2017.3750000000002 29960.500000000004 2.5000000000000004 3855.3750000000005 91572.500000000015 14678.500000000002 2068.0000000000005 4113.5000000000009 15971.750000000002 33477.500000000007 2.139655502456598 2156.0000000000005 21.375000000000004 2.5551860276309406 3.5234707315766642 -264.99999999999994 2831.7291666666674 22.500000000000004 4547.0000000000009 1296.5000000000002 10.500000000000002 10.500000000000002 34605.500000000007 19588.500000000004 63.111672759775026
decision_type=2 2 2 2 2 2 2 2 2 2 2 2 2 2 2 2 2 2 2 2 2 2 2 2 2 2 2 2 2 2 2 2 2 2 2 2 2 2 2 2 2 2 2 2 2 2 2 2 2 2 2 2 2 2 2 2 2 2 2 2 2 2
left_child=1 3 4 5 7 35 14 21 9 -5 16 17 13 49 15 23 57 22 19 20 30 50 -7 31 -10 34 -14 -28 55 56 42 -4 45 -34 -6 54 -37 -38 -15 40 41 51 -19 -40 -23 -20 47 48 -47 -2 -3 -26 -48 -9 -1 -29 -11 -8 -41 -33 61 -43
right_child=12 2 6 8 25 11 10 53 24 29 -12 -13 26 38 -16 -17 -18 18 32 -21 -22 44 -24 -25 39 -27 27 28 -30 -31 -32 59 33 -35 -36 36 37 -39 43 58 -42 60 -44 -45 -46 46 52 -49 -50 -51 -52 -53 -54 -55 -56 -57 -58 -59 -60 -61 -62 -63
leaf_value=-0.32270191694190314 -4.7877280864803433 8.2594173647935367 3.1295140444799867 -4.2926734070174737 -5.2080171645362388 -4.7490073749017361 89.430965238523129 -5.0702597232633337 31.665609801387525 27.246726311072635 -3.1286038407501398 -7.5568843010899744 -4.8467633754396626 -2.3920447325329777 55.968564848206221 -2.4530620478427205 -2.2737691989747191 59.229180244838076 89.898528615474888 79.167027437493502 -9.13384971221714 -4.9551948242419197 41.04233998968953 -1.7646617421350992 94.347764472416273 -4.76991819567119 -4.8723237877527472 -4.7269980579392046 -0.42374098747263983 1.2362541290265188 -3.5703071762864189 78.964973702310985 106.72299547623015 -6.5851380261400845 2.2601058866993542 -6.9546288368320477 -3.8250471538227515 20.819868928714676 -0.055033954979919031 136.58100080035064 107.47943589795294 63.037073894834897 5.2644085522561248 2.5443195220895816 15.685715624870127 107.89479253117894 80.12595932243029 -1.3742420656299827 3.8330050188460834 -1.6294069055655886 106.47089402368945 -11.922855870797939 31.742908808481666 -1.9045846781540934 14.981138749415699 -1.6616429445184395 24.728906970469275 10.637033591879501 37.138573734450468 24.51746831284003 58.716391384417456 9.0848450975429049
leaf_weight=23 194 20 23 25 31 26 28 26 26 23 47 29 2619 20 278 31 37 49 275 72 35 20 21 23 20 178 180 39 52 36 23 76 30 22 22 34 26 23 29 1273 165 41 22 28 22 69 126 33 21 20 49 23 24 21 21 20 60 33 28 29 56 20
leaf_count=23 194 20 23 25 31 26 28 26 26 23 47 29 2619 20 278 31 37 49 275 72 35 20 21 23 20 178 180 39 52 36 23 76 30 22 22 34 26 23 29 1273 165 41 22 28 22 69 126 33 21 20 49 23 24 21 21 20 60 33 28 29 56 20
internal_value=-0.0017172 0.00873646 0.00210945 0.0110878 -0.00627602 0.00764565 0.0075062 0.000929791 0.0130099 0.00560028 -0.000289456 0.00904344 -0.0141083 -0.00931639 0.00996957 0.00558484 0.00486239 0.0095826 0.0101261 0.00587767 0.00218435 0.00577858 0.000254777 0.00841827 0.0136535 -0.0112159 -0.0145861 -0.0113775 -0.00631863 0.00942065 0.00634431 0.0105152 0.0115431 0.00454894 -0.00418079 -0.00198269 -0.00519856 0.000244399 0.00171206 0.0138349 0.0114795 0.00822611 0.00945148 0.0049387 -0.00206651 0.0122003 0.0103698 0.00716491 0.0112875 -0.0132975 0.0105933 0.000974478 0.0129714 -0.0104459 0.00401361 -0.0118782 0.0127798 0.0105074 0.0144201 0.0126736 0.0108625 0.00805237
internal_weight=6995 3794 994 2800 389 1004 605 158 1796 144 145 877 3201 291 460 182 98 848 801 201 129 111 47 151 1652 231 2910 291 111 119 94 128 600 52 53 127 83 49 77 1626 325 160 71 57 42 548 273 123 90 214 69 43 150 47 44 59 83 61 1301 105 117 61
internal_count=6995 3794 994 2800 389 1004 605 158 1796 144 145 877 3201 291 460 182 98 848 801 201 129 111 47 151 1652 231 2910 291 111 119 94 128 600 52 53 127 83 49 77 1626 325 160 71 57 42 548 273 123 90 214 69 43 150 47 44 59 83 61 1301 105 117 61
is_linear=0
shrinkage=0.03


Tree=25
num_leaves=63
num_cat=0
split_feature=4 16 61 4 43 58 45 62 4 4 43 4 55 36 20 62 35 22 24 49 19 4 21 58 4 62 58 24 42 65 42 27 58 49 22 50 37 43 50 16 61 53 57 38 70 57 25 50 50 57 33 18 56 5 58 33 22 22 19 65 25 44
split_gain=999.018 64.0858 43.4047 20.2399 19.268 15.335 14.7853 10.704 9.60977 9.19667 8.39786 8.37165 13.0941 6.9424 6.06727 5.66774 4.60412 4.58092 6.3101 4.2103 4.17874 4.178 3.99263 3.81454 3.57551 4.9893 4.33644 3.2674 3.20715 3.13786 3.08807 3.04837 2.82153 2.6781 2.49246 2.42556 2.33868 2.30881 2.01142 1.99697 1.9148 1.90881 1.85687 1.8431 1.77934 1.76873 1.64268 1.53604 3.98086 1.71541 1.53214 1.43596 1.33187 1.64339 1.23951 2.63067 1.23055 1.20648 1.17786 1.66308 6.41384 1.1355
threshold=12.500000000000002 599.50000000000011 1780.0000000000002 2.5000000000000004 29900.500000000004 3460.9375000000005 33206.500000000007 1538.7708333333337 8.5000000000000018 10.500000000000002 32949.500000000007 13.500000000000002 1242.0000000000002 10736.000000000002 -2.1364583333333327 1460.1250000000002 14777.500000000002 -0.099999999999998743 61.915515000000006 179.50000000000003 21.275000000000002 1.5000000000000002 3.6803234016523718 2635.2500000000005 22.500000000000004 2118.8333333333335 3708.5625000000005 72.954772000000006 45091.500000000007 774.50000000000011 37029.166666666679 12.411393605505534 2625.041666666667 206.50000000000003 -0.29999999999999932 405.22916666666669 19885.000000000004 31820.500000000004 488.85416666666669 2855.0000000000005 1627.5000000000002 955.50000000000011 23.500000000000004 15044.91666666667 90985.729166666672 23.500000000000004 62.656638000000008 332.33333333333343 246.97916666666671 26.500000000000004 3.0078766669686665 19.775000000000002 60.500000000000007 2.5000000000000004 3855.3750000000005 3.0625085255413094 -0.74999999999999944 1.6500000000000015 12.275000000000002 2064.0000000000005 85.666867500000009 29329.500000000004
decision_type=2 2 2 2 2 2 2 2 2 2 2 2 2 2 2 2 2 2 2 2 2 2 2 2 2 2 2 2 2 2 2 2 2 2 2 2 2 2 2 2 2 2 2 2 2 2 2 2 2 2 2 2 2 2 2 2 2 2 2 2 2 2
left_child=1 3 7 5 15 21 17 9 10 31 35 12 51 37 -9 -4 19 58 30 -17 38 22 23 47 -13 -26 -27 50 -15 36 -19 -3 -6 -10 40 -8 -7 -11 -14 -34 -23 -42 -24 -12 52 -36 -25 48 -1 -49 -16 -2 -21 -54 55 -31 -28 -22 59 60 -5 -29
right_child=11 2 4 6 32 29 8 14 33 13 43 24 20 28 27 16 -18 18 -20 44 57 34 42 46 25 26 56 61 -30 54 -32 -33 39 -35 45 -37 -38 -39 -40 -41 41 -43 -44 -45 -46 -47 -48 49 -50 -51 -52 -53 53 -55 -56 -57 -58 -59 -60 -61 -62 -63
leaf_value=-3.2387301167935783 -4.7096994778177255 1.9900926829100338 -3.9493281084165806 117.69003385568219 -4.7787873165271435 -0.85063673310911947 -1.6863336215180447 -3.612246608439925 -8.5069843931442524 0.13829593488668393 7.8964568338155914 -4.7013604741764725 -0.23017605386275702 -5.2099454228909092 -2.0449494384617219 -1.3353083531820127 -2.8167719050964348 21.810692434236792 65.322773877908787 60.568442912889353 0.24886113586590283 3.6049286759377694 0.10449162193577877 5.0767062397434257 -4.7261540741201653 -4.2407598461341429 -5.1789885702948046 51.480836974086181 -0.043683808403824284 48.803488757392522 -9.0501912174930101 88.114664382911329 1.7115770600220779 20.272516781088935 46.124978690310407 67.341112021836338 42.264978768169605 27.343170156171801 -3.9670208587984392 -4.6539839112659021 42.996846009641345 55.257892975970883 -5.2664661828415342 78.575365635399848 1.1318901852985002 -5.1866694914455795 30.963770580458107 2.0675955933904651 20.195272860853237 -4.879331227819284 101.48016205434551 -3.3583700858178451 7.0993887342348465 4.493162427121649 74.589620743991361 1.2188257137670917 0.25871141479449761 6.2368631952226874 126.61610836353351 120.50065884138573 -10.19544572891766 56.988525534031886
leaf_weight=20 171 32 21 48 150 24 27 25 31 24 20 2619 30 56 20 32 20 20 207 31 23 26 20 25 180 59 20 64 33 55 21 46 20 22 28 24 27 22 20 34 26 66 35 170 28 21 38 20 23 30 20 26 36 20 204 23 32 21 1065 414 20 260
leaf_count=20 171 32 21 48 150 24 27 25 31 24 20 2619 30 56 20 32 20 20 207 31 23 26 20 25 180 59 20 64 33 55 21 46 20 22 28 24 27 22 20 34 26 66 35 170 28 21 38 20 23 30 20 26 36 20 204 23 32 21 1065 414 20 260
internal_value=-0.0017558 0.00865739 0.00210945 0.0109807 -0.00565417 0.00659823 0.0124704 0.00716991 0.00621217 0.00174566 0.00875985 -0.0140989 -0.00921333 -0.00297557 0.0101311 0.00125997 0.00312388 0.0134934 0.00966143 0.00497621 0 0.00245173 -0.000341071 0.00209481 -0.0145861 -0.0113775 -0.00631863 0.0111151 -0.00787879 0.0112939 -0.0010219 0.00994878 -0.0120382 -0.00531073 0.00599641 -0.00199609 0.00434442 0.00644252 -0.00592814 -0.00604436 0.00835732 0.0103909 -0.00729583 0.0116623 0.0076629 0.000244399 0.00779715 -0.00174006 0.00236659 -0.00532934 0.00291771 -0.0136073 0.00978186 0.0068984 0.0125381 0.00918054 0 0.00673469 0.0141051 0.0128127 0.00832599 0.0121166
internal_weight=6995 3794 994 2800 392 711 2089 602 294 213 241 3201 291 135 389 188 167 1795 248 147 94 378 211 156 2910 291 111 364 89 333 41 78 204 53 167 51 51 46 50 54 118 92 55 190 115 49 63 93 43 50 40 197 87 56 282 78 52 44 1547 482 68 324
internal_count=6995 3794 994 2800 392 711 2089 602 294 213 241 3201 291 135 389 188 167 1795 248 147 94 378 211 156 2910 291 111 364 89 333 41 78 204 53 167 51 51 46 50 54 118 92 55 190 115 49 63 93 43 50 40 197 87 56 282 78 52 44 1547 482 68 324
is_linear=0
shrinkage=0.03


Tree=26
num_leaves=63
num_cat=0
split_feature=4 16 61 35 4 43 4 62 22 58 4 55 43 12 52 24 62 55 47 19 4 41 4 4 62 58 26 66 4 62 35 53 4 22 58 5 3 19 50 15 1 38 57 18 59 62 26 26 18 14 34 15 58 58 42 27 7 58 58 22 57 22
split_gain=976.113 66.0553 53.3457 20.9004 16.7093 11.3881 9.67378 12.0647 9.4666 9.10677 8.70047 12.8028 6.20882 6.01716 5.6946 5.46568 5.4018 4.80167 4.74567 4.17874 3.87961 3.59519 3.86257 3.57551 4.9893 4.33644 3.41262 4.6882 3.41033 7.96808 3.35759 3.18788 3.14023 3.39491 2.97568 2.85609 2.68866 2.03878 2.01142 1.98639 4.92379 4.49253 6.21156 1.95174 1.92263 1.8161 2.15101 2.54153 1.74728 1.74089 1.70682 1.59261 1.58809 1.58572 1.70221 2.01597 1.41781 2.13604 9.8663 1.23055 1.21007 1.20648
threshold=12.500000000000002 -177.49999999999997 1780.0000000000002 14818.500000000002 2.5000000000000004 33535.000000000007 10.500000000000002 1538.7708333333337 -0.074999999999999276 3460.9375000000005 13.500000000000002 1242.0000000000002 32649.500000000004 95598.500000000015 657.50000000000011 73.096945000000019 1460.1250000000002 27.500000000000004 220.50000000000003 21.275000000000002 9.5000000000000018 38644.500000000007 1.0000000180025095e-35 22.500000000000004 2118.8333333333335 3708.5625000000005 77.065874500000021 1254.1250000000002 1.0000000180025095e-35 1613.4375000000002 10413.500000000002 702.50000000000011 1.5000000000000002 -0.3499999999999997 620.06250000000011 3.5000000000000004 54.981753463882619 12.675000000000002 488.85416666666669 6932.6264046867236 12.875000000000002 15044.91666666667 24.500000000000004 20.775000000000002 4672.5000000000009 2076.916666666667 83.248059854166669 85.91733172916669 17.775000000000002 79125.895833333358 0.8052433796998707 5741.9569164154955 2923.5625000000005 3627.7916666666674 52309.750000000007 12.355559953471152 13.500000000000002 2840.4583333333335 2041.7291666666667 -0.74999999999999944 26.500000000000004 1.6500000000000015
decision_type=2 2 2 2 2 2 2 2 2 2 2 2 2 2 2 2 2 2 2 2 2 2 2 2 2 2 2 2 2 2 2 2 2 2 2 2 2 2 2 2 2 2 2 2 2 2 2 2 2 2 2 2 2 2 2 2 2 2 2 2 2 2
left_child=1 4 5 13 9 6 39 12 34 26 11 43 30 16 18 -9 -4 -16 31 38 -7 35 -23 -12 -25 -26 32 -28 29 -11 -8 -10 44 51 -6 49 -24 56 -13 40 41 -3 -43 -2 60 46 -29 -48 -32 -18 -38 -34 -5 54 55 -17 57 58 -36 -27 -1 -21
right_child=10 2 3 52 8 20 7 15 14 28 23 19 -14 -15 17 53 21 -19 -20 61 -22 22 36 24 25 59 27 45 -30 -31 48 -33 33 -35 37 -37 50 -39 -40 -41 -42 42 -44 -45 -46 -47 47 -49 -50 -51 -52 -53 -54 -55 -56 -57 -58 -59 -60 -61 -62 -63
leaf_value=-1.8192763500102263 -4.553687684632421 108.88388974862796 -4.4128010922163234 -4.6427795419298059 14.135380499309594 9.1675270243465885 2.4667395331471424 -4.2021211076174989 76.290739945705155 -2.4121024337568659 -4.5603196599511779 -0.22327077224687455 35.827055500296893 -4.2580906687750177 81.943726024694129 19.76460669959916 2.5223911714416967 2.1017083803657921 -5.0740975519617484 0.24139530178992516 -5.1126450182139429 -4.8462124701316256 -4.94063595761821 -4.5843694518965608 -4.1135370507501188 -5.0236189131859605 -2.2522428037293696 28.226872234087786 88.973822667789648 22.380759899350039 -4.7835330287688702 -2.984183070516194 25.786204483030499 -3.7638219309952743 78.595055648782349 0.82866508040182674 2.6981326066121003 128.25220719864492 -3.8480102330344863 90.387338604818495 -2.597631574759939 -2.6404764753628007 110.034859903697 -2.8557501829463541 5.6717702962006253 43.239086826233752 -12.818535350161989 31.656941123543827 -2.3746081672618358 29.400085959659222 39.775136111787404 41.550431498656081 -2.2623217179809298 46.960984990413174 60.790275269800659 -5.0610174480581209 117.22777053372073 119.55746635707884 -1.635743612872502 0.25095007235066247 -5.1084721973562885 6.0497572993660071
leaf_weight=20 177 150 30 179 22 33 37 20 33 28 2619 30 22 31 157 50 20 38 20 23 29 26 23 180 59 20 28 28 215 65 44 25 31 34 105 32 27 974 20 199 25 31 35 20 21 51 20 24 28 57 35 32 28 115 22 20 312 89 43 32 31 21
leaf_count=20 177 150 30 179 22 33 37 20 33 28 2619 30 22 31 157 50 20 38 20 23 29 26 23 180 59 20 28 28 215 65 44 25 31 34 105 32 27 974 20 199 25 31 35 20 21 51 20 24 28 57 35 32 28 115 22 20 312 89 43 32 31 21
internal_value=-0.00188875 0.00840436 0.00306876 -0.00484942 0.0113434 0.0075654 0.00852901 0.0048506 0.0128029 0.00711192 -0.0140895 -0.00911027 -0.00237986 0.000469584 0.00762358 0.00903567 0.00202719 0.0103639 0.000729834 0 -0.00478261 0.00366652 -0.000108011 -0.0145861 -0.0113775 -0.00631863 0.00355201 0.00682991 0.0107984 0.00592911 -0.00533456 0.00511188 0.000603193 0.00414006 0.0137156 0.00753437 0.00296122 0.0138743 -0.00592814 0.0115133 0.00963086 0.0110921 0.00449319 -0.0134551 -0.00411928 0.00935825 0.00619972 0.00197279 -0.00911234 0.0106615 0.00623188 0.00827258 -0.0120811 0.0104877 0.00745928 0.00509272 0.0123693 0.0105525 0.00828494 0 -0.00727984 0.00673469
internal_weight=6995 3794 1348 488 2446 860 798 358 1818 628 3201 291 131 281 273 227 250 195 78 94 62 220 111 2910 291 111 320 151 308 93 109 58 169 97 1545 109 85 1523 50 440 241 216 66 197 72 123 72 44 72 77 62 63 207 207 92 70 549 237 148 52 51 44
internal_count=6995 3794 1348 488 2446 860 798 358 1818 628 3201 291 131 281 273 227 250 195 78 94 62 220 111 2910 291 111 320 151 308 93 109 58 169 97 1545 109 85 1523 50 440 241 216 66 197 72 123 72 44 72 77 62 63 207 207 92 70 549 237 148 52 51 44
is_linear=0
shrinkage=0.03


Tree=27
num_leaves=63
num_cat=0
split_feature=4 16 60 45 68 4 20 4 62 58 4 55 58 62 46 46 2 4 54 4 19 7 4 62 58 62 4 62 4 20 26 66 28 57 58 1 25 4 34 59 43 17 54 38 50 25 18 50 57 20 65 59 23 55 21 66 57 21 45 1 56 44
split_gain=958.227 67.2302 46.4539 22.1204 19.3144 16.865 10.0969 9.85121 11.494 9.15988 8.6674 12.8028 8.61365 5.53133 6.29611 9.46994 5.24453 4.60576 4.3222 4.1833 4.17874 3.96593 3.79251 4.7849 4.33644 3.69283 3.4566 7.58763 3.3575 3.19931 3.19759 4.52115 3.12517 2.78597 3.88768 2.49475 2.91079 2.175 2.15278 2.057 2.05096 3.6965 5.00768 3.61147 2.01142 1.963 1.95174 1.9514 2.72437 4.83261 2.16188 1.94245 2.02929 1.91873 1.81924 1.80704 1.86269 1.79376 1.64795 1.60289 1.5222 1.47142
threshold=12.500000000000002 -177.49999999999997 2125.5000000000005 33365.500000000007 98202.000000000015 2.5000000000000004 3.1489583333333337 10.500000000000002 1854.9583333333337 3870.6250000000005 13.500000000000002 1242.0000000000002 3460.9375000000005 2061.8333333333339 33031.479166666679 32473.958333333339 86.227727500000015 11.500000000000002 1469.4375000000002 9.5000000000000018 21.275000000000002 11.500000000000002 22.500000000000004 2118.8333333333335 3708.5625000000005 1442.3958333333337 1.0000000180025095e-35 1613.4375000000002 1.0000000180025095e-35 24.093750000000004 77.065874500000021 1254.1250000000002 -2.1229915000000008 22.500000000000004 2714.2291666666674 14.425000000000002 74.898297500000012 1.5000000000000002 0.25351691081171884 619.50000000000011 30559.500000000004 12.875000000000002 1073.6458333333335 14702.520833333334 488.85416666666669 74.272800000000004 20.775000000000002 245.18750000000003 21.500000000000004 14.759375000000002 3250.0000000000005 4672.5000000000009 80.513742000000008 1919.5000000000002 3.1462349546661383 1263.1250000000002 68.500000000000014 1.8794240399525999 29190.500000000004 18.125000000000004 428.50000000000006 29446.500000000004
decision_type=2 2 2 2 2 2 2 2 2 2 2 2 2 2 2 2 2 2 2 2 2 2 2 2 2 2 2 2 2 2 2 2 2 2 2 2 2 2 2 2 2 2 2 2 2 2 2 2 2 2 2 2 2 2 2 2 2 2 2 2 2 2
left_child=1 5 3 7 9 12 13 40 16 28 11 46 30 14 15 -7 17 -9 -17 39 44 25 -12 -24 -25 -16 27 -14 53 55 33 -32 -19 45 -35 36 -30 -36 -18 -5 41 43 -43 -3 -13 59 -2 48 -8 50 -50 52 -33 -4 -38 -10 -57 -27 -28 -1 -11 -58
right_child=10 2 4 19 -6 6 47 8 29 60 22 20 26 -15 21 18 38 32 -20 -21 -22 -23 23 24 -26 57 58 -29 35 -31 31 51 -34 34 37 -37 54 -39 -40 -41 -42 42 -44 -45 -46 -47 -48 -49 49 -51 -52 -53 -54 -55 -56 56 61 -59 -60 -61 -62 -63
leaf_value=94.24341987309829 -4.4170770540934488 104.84632731318008 -5.5010157202745926 20.571909872167261 -4.4008066972025324 177.40498654632006 91.707112210078847 33.766190714677705 -0.65112198081719497 78.575023111882572 -4.4235100701526431 -0.2165726490794691 -2.3397393607441606 100.38195071191414 69.235883965047748 -7.4990296552422357 3.1888912062560117 6.9618324175117055 14.23730036014374 -4.5600438428626626 2.9926136050252303 90.544926400484371 -4.4468383683396633 -3.990130939227615 -0.42631860246281644 13.93794163614689 44.883573992529747 21.709337102369535 23.486464690685466 37.593605961918961 -2.1846755196174885 25.891193111482277 -2.3892907351288986 -5.1641872599766927 -2.7078155659491538 -2.01070345145268 16.98781028165536 30.48771730759978 -3.2185697856248758 -4.9044580137257885 98.15329592111506 -11.301617007247712 51.40528453551174 0.67969671444149526 -3.7325699260434511 -0.26157731759141367 -2.7700776774579632 117.82063262975741 45.495844535370132 -2.0483919684775698 143.91997107168979 50.479091263953265 4.9089517674332486 -3.2238743801637133 -3.458325389224318 7.8158861541696183 11.650508482973764 -4.35218351553302 87.610858189422387 6.5143999598370375 16.815419988731417 48.018168493254073
leaf_weight=22 177 150 28 30 189 24 137 45 22 38 2619 30 28 99 25 39 21 24 21 54 44 99 180 59 52 20 30 65 40 80 28 32 22 41 31 27 21 20 65 23 188 22 58 20 20 35 20 1221 21 34 56 44 47 26 24 29 21 22 185 20 22 59
leaf_count=22 177 150 28 30 189 24 137 45 22 38 2619 30 28 99 25 39 21 24 21 54 44 99 180 59 52 20 30 65 40 80 28 32 22 41 31 27 21 20 65 23 188 22 58 20 20 35 20 1221 21 34 56 44 47 26 24 29 21 22 185 20 22 59
internal_value=-0.00199168 0.00820669 0.00282397 0.00653949 -0.00552156 0.0111717 0.0126379 0.00820361 0.00470755 0.000384785 -0.0140802 -0.00911027 0.00692087 0.00802635 0.00562575 -0.00103448 -0.000914737 0.00408342 -0.0074376 -0.00627451 0 0.00901264 -0.0145758 -0.0112745 -0.00631863 0.00330849 0.0105063 0.00560687 -0.00323299 0.00943629 0.00345829 0.00663137 -0.00253796 0.000603193 -0.00289902 -0.000240856 0.00225617 0.00258317 -0.00623693 -0.000225989 0.0112919 0.00946421 0.0040824 0.0119753 -0.00592814 0.0048249 -0.0134551 0.0137309 0.0112334 0.00766877 0.0118288 0.00911454 0.00621997 -0.00937153 -0.00292683 0.00649886 0.00808433 -0.00206651 0.0126081 0.0091924 0.0104326 0.0104494
internal_weight=6995 3794 1348 933 415 2446 1818 826 388 226 3201 291 628 349 250 84 177 91 60 107 94 166 2910 291 111 67 308 93 166 211 320 151 46 169 92 112 85 51 86 53 438 250 80 170 50 77 197 1469 248 111 77 123 79 54 45 131 109 42 215 42 60 80
internal_count=6995 3794 1348 933 415 2446 1818 826 388 226 3201 291 628 349 250 84 177 91 60 107 94 166 2910 291 111 67 308 93 166 211 320 151 46 169 92 112 85 51 86 53 438 250 80 170 50 77 197 1469 248 111 77 123 79 54 45 131 109 42 215 42 60 80
is_linear=0
shrinkage=0.03


Tree=28
num_leaves=63
num_cat=0
split_feature=4 6 61 4 4 4 6 6 44 4 4 4 4 1 26 45 43 21 43 44 1 66 27 14 36 47 33 69 4 47 36 49 4 62 6 38 45 60 50 0 62 35 26 51 4 33 15 1 27 50 27 65 61 33 63 63 5 62 25 61 14 20
split_gain=945.103 55.4277 38.6701 19.7243 21.8633 16.8291 16.2385 13.8369 11.422 9.91543 8.80618 16.5685 8.60144 10.9791 7.69939 8.46405 8.60145 7.74416 6.16053 5.56598 5.0641 5.82582 4.94952 4.94209 4.75552 4.69511 4.6662 4.20486 4.10279 4.00721 3.82188 3.80573 3.74396 4.7849 3.63946 3.15346 3.15238 3.08325 4.38791 3.06469 2.95925 2.94532 2.79955 2.76317 2.70156 2.58057 2.28196 2.03534 1.59579 4.85577 3.14836 1.56897 1.4893 1.48071 1.44231 1.44037 1.28894 2.6096 1.28033 1.22919 2.01791 3.33554
threshold=12.500000000000002 3.5000000000000004 2886.5000000000005 1.0000000180025095e-35 10.500000000000002 9.5000000000000018 8.5000000000000018 7.5000000000000009 32539.500000000004 1.5000000000000002 1.0000000180025095e-35 8.5000000000000018 13.500000000000002 21.375000000000004 53.826336166666671 32681.500000000004 32949.500000000007 2.2555035293969259 30559.500000000004 29397.500000000004 12.675000000000002 4749.1250000000009 8.9647381380590012 95898.375000000015 9538.5000000000018 224.50000000000003 2.5767596042406953 102173.00000000001 10.500000000000002 712.50000000000011 12536.500000000002 542.50000000000011 22.500000000000004 2118.8333333333335 4.5000000000000009 16091.104166666668 30302.500000000004 1374.5000000000002 251.77083333333334 98246.500000000015 2182.1250000000005 11959.000000000002 73.739114104166674 829.50000000000011 8.5000000000000018 2.6481904976073585 5164.9042243936883 13.075000000000001 13.190733387018957 231.93750000000003 12.913877785682132 1642.5000000000002 4149.0000000000009 1.6314754799674629 732.50000000000011 1133.5000000000002 3.5000000000000004 1683.479166666667 74.898297500000012 4327.0000000000009 104880.66666666667 21.250000000000004
decision_type=2 2 2 2 2 2 2 2 2 2 2 2 2 2 2 2 2 2 2 2 2 2 2 2 2 2 2 2 2 2 2 2 2 2 2 2 2 2 2 2 2 2 2 2 2 2 2 2 2 2 2 2 2 2 2 2 2 2 2 2 2 2
left_child=1 2 5 7 18 9 19 31 28 -1 -4 20 13 40 -11 53 17 39 22 30 21 26 37 -18 -8 -15 -12 35 -7 -9 47 45 -14 -34 -35 48 -13 46 -39 -17 -2 -40 -36 -42 56 -3 -5 -6 49 -24 51 -51 -23 -16 -21 -26 -25 -58 -30 -20 61 -61
right_child=12 3 10 4 6 8 24 29 -10 14 11 36 32 25 15 16 23 -19 59 54 -22 52 27 44 55 -27 -28 -29 58 -31 -32 -33 33 34 42 -37 -38 38 41 -41 43 -43 -44 -45 -46 -47 -48 -49 -50 50 -52 -53 -54 -55 -56 -57 57 -59 -60 60 -62 -63
leaf_value=-3.6685459808690952 -4.1894203099922924 -2.3946517688065954 -4.4213893160387281 11.053341376623861 33.737577370580723 79.406691761222547 9.7485324964286519 5.0513043925220291 -4.8087824962864563 -13.508850653294996 -7.0396632772423411 -0.74764916682756843 -4.2908047680480639 3.5959614319752813 31.548561040862801 3.7475157676412936 -2.4555629449167782 131.34696619602227 119.73503746389 6.704337894899723 -14.543293228682154 53.277347594008312 -5.2361468503660467 82.11686077783132 -1.3631670689080089 -1.9020289424909951 24.880362274156028 3.0909633231438716 5.2165189741153144 -4.155093069514451 -1.9930826618360407 20.055665350402329 -4.3134332172894752 -4.7404128988405638 0.87103877141953312 2.830383067280045 -4.5452138972103793 -9.1764665592721553 -14.041032703378686 -5.4221540653068283 0.083351778617834216 41.993638913838467 -2.1535957497559677 -2.4561478986597747 4.8053302379491898 24.653481374181048 93.73920899973615 -0.31604328711540802 96.001895517544511 38.668903925591955 38.820220213565918 104.47637387038172 1.5740014493307308 112.29485070774844 36.518237438192067 -4.184663577493362 85.171069778210111 0.20305182915224804 -5.7822292079321205 95.195511206027689 68.003751381530776 -2.4120274425405479
leaf_weight=42 172 27 76 38 33 47 25 22 65 20 33 25 2619 27 31 31 20 20 989 24 21 60 22 112 20 34 30 29 20 58 32 74 180 32 29 21 99 20 21 36 23 44 50 35 22 21 43 21 377 44 21 228 21 267 196 51 31 20 21 28 69 26
leaf_count=42 172 27 76 38 33 47 25 22 65 20 33 25 2619 27 31 31 20 20 989 24 21 60 22 112 20 34 30 29 20 58 32 74 180 32 29 21 99 20 21 36 23 44 50 35 22 21 43 21 377 44 21 228 21 267 196 51 31 20 21 28 69 26
internal_value=-0.00205601 0.00807227 0.00263824 0.0104939 0.0112452 0.00631226 0.00484208 0.00146957 -0.00262573 0.00841435 -0.00545604 -0.00305085 -0.0140614 -0.00911027 0.00938699 0.0100102 0.00635741 -0.0015155 0.0125177 0.0082228 0.00316172 0.0051839 0.0106673 0.00971234 -0.0059001 0.00216039 -0.00161648 0.0117194 0.00439274 -0.00820225 0.00170732 0.00783784 -0.0145552 -0.0112745 -0.00631863 0.012175 -0.0113376 0.0059422 0.00190364 -0.00643815 -0.0121121 0.00571429 -0.00280657 -0.00614458 0.011248 0.00118503 0.0101356 0.00659889 0.0125228 0.0108918 0.011914 0.0127784 0.0105055 0.013576 0.0107542 -0.00987342 0.0125812 0.00845401 -0.00248175 0.0140248 0.0110642 0.00659889
internal_weight=6995 3794 1170 2624 2422 805 402 202 153 652 365 289 3201 291 610 590 292 87 2020 306 165 144 908 205 96 61 63 742 88 80 86 122 2910 291 111 713 124 166 85 67 230 65 79 58 185 48 81 54 692 315 293 272 81 298 220 71 163 51 41 1112 123 54
internal_count=6995 3794 1170 2624 2422 805 402 202 153 652 365 289 3201 291 610 590 292 87 2020 306 165 144 908 205 96 61 63 742 88 80 86 122 2910 291 111 713 124 166 85 67 230 65 79 58 185 48 81 54 692 315 293 272 81 298 220 71 163 51 41 1112 123 54
is_linear=0
shrinkage=0.03


Tree=29
num_leaves=63
num_cat=0
split_feature=4 16 61 70 4 45 6 4 6 4 55 24 59 22 4 35 18 4 4 55 66 14 40 48 4 60 4 22 7 17 53 6 5 15 44 27 57 24 55 57 4 61 22 53 64 35 33 6 61 47 65 18 60 64 57 50 2 27 1 68 66 27
split_gain=934.33 65.7244 50.6945 18.8755 17.1884 12.474 11.3874 8.98708 13.3147 8.60144 12.9379 8.21629 7.75401 6.69617 4.86691 4.78329 4.6336 4.37798 6.69954 4.38732 4.23944 4.11152 4.08851 3.97957 3.74396 3.59474 3.56829 3.4721 3.36458 3.07748 5.24353 2.96317 2.65158 2.61852 2.50877 2.49838 3.93278 5.92797 2.40217 2.382 2.13215 2.23777 1.99403 1.88909 1.77396 1.68336 1.68293 1.66144 3.81118 2.7755 1.66025 1.58305 1.56756 1.37592 1.35133 1.31197 2.28431 1.29679 1.53579 1.23251 2.09304 1.48116
threshold=12.500000000000002 -177.49999999999997 1780.0000000000002 93593.625000000015 2.5000000000000004 33365.500000000007 2.5000000000000004 10.500000000000002 8.5000000000000018 13.500000000000002 1707.0000000000002 72.954772000000006 4706.5000000000009 -0.10000000000000096 1.5000000000000002 9309.0000000000018 20.975000000000005 1.0000000180025095e-35 11.500000000000002 2913.5000000000005 4749.1250000000009 115187.06250000001 42096.500000000007 719.50000000000011 22.500000000000004 4831.0000000000009 9.5000000000000018 -0.44999999999999946 5.5000000000000009 12.875000000000002 999.50000000000011 6.5000000000000009 5.5000000000000009 5228.9088802274446 32451.500000000004 8.9647381380590012 21.500000000000004 75.396300000000011 40.500000000000007 23.500000000000004 1.0000000180025095e-35 3934.0000000000005 -0.17500000000000068 1104.5000000000002 4528.5000000000009 9746.5000000000018 2.8117507992886694 7.5000000000000009 4966.0000000000009 324.50000000000006 5475.5000000000009 -2.3249999999999997 3153.5000000000005 1654.5000000000002 30.500000000000004 245.18750000000003 90.919585000000012 12.087232192642878 10.825000000000001 83361.000000000015 4116.1875000000009 13.190733387018957
decision_type=2 2 2 2 2 2 2 2 2 2 2 2 2 2 2 2 2 2 2 2 2 2 2 2 2 2 2 2 2 2 2 2 2 2 2 2 2 2 2 2 2 2 2 2 2 2 2 2 2 2 2 2 2 2 2 2 2 2 2 2 2 2
left_child=1 4 5 17 12 7 13 42 11 10 16 -9 14 32 23 -10 -2 19 28 -4 21 22 -15 38 -11 45 50 33 -19 -30 -31 -27 -6 -16 -12 36 -8 -38 -1 -29 53 -42 -3 -20 -13 -26 -5 49 -49 -14 -7 -22 -48 -25 -17 56 57 58 -37 61 -61 -44
right_child=9 2 3 46 6 26 35 8 15 24 34 44 47 20 27 54 -18 18 43 -21 51 -23 -24 40 25 31 -28 39 29 30 -32 -33 -34 -35 -36 55 37 -39 -40 -41 41 -43 59 -45 -46 -47 52 48 -50 -51 -52 -53 -54 -55 -56 -57 -58 -59 -60 60 -62 -63
leaf_value=-4.9317985135980615 -4.1269184244529358 94.627282791182964 -4.7709372286112099 -4.3319141539237265 87.324942889085946 28.473838706351305 83.564998206113245 -4.7538866670840951 9.2682029093965959 -4.1620806250066211 -1.3675942838912516 32.725450049463305 16.941511397148705 18.684829424926747 12.457927355297027 -1.6533558088599363 -0.89550294762215166 -5.3170478262399294 -0.74963844212479303 0.91618036958852822 124.57005879433237 23.933278908592246 -5.0416209361252795 -3.0216928257584503 -4.1613771893785323 0.16643216602307859 -3.9101257238408929 32.405443094512947 40.146574271852153 -2.1615340250909467 57.52704160921904 -3.5004546087070052 44.6450613154785 75.544831319823018 5.5641770669561215 105.07764269263348 -8.2897167985768743 88.093659969898326 16.26808992452062 -7.2235923221147349 -7.3251368415190949 22.533731786101804 16.098656073509446 -2.1900605123671131 23.394760705809873 -4.1836958130060964 -3.0767306906706953 67.156212112869028 -2.3396666192643316 56.753750876736326 -4.5021409333219804 77.885149178308296 -3.9085159945988237 -1.9886502359588012 -3.1554223250089493 117.07100947065003 18.990438876087246 142.09701025509892 17.901235360371974 70.975100798823561 31.930634023838479 65.541653555291305
leaf_weight=22 195 298 39 143 179 21 140 24 26 2619 36 203 33 25 28 24 32 24 34 35 25 25 41 25 22 37 38 38 74 24 31 46 36 83 28 21 21 29 44 20 27 25 36 26 37 186 22 37 24 202 20 21 36 20 42 1076 30 122 27 41 20 30
leaf_count=22 195 298 39 143 179 21 140 24 26 2619 36 203 33 25 28 24 32 24 34 35 25 25 41 25 22 37 38 38 74 24 31 46 36 83 28 21 21 29 44 20 27 25 36 26 37 186 22 37 24 202 20 21 36 20 42 1076 30 122 27 41 20 30
internal_value=-0.00212463 0.00794576 0.00262369 -0.00509527 0.0108773 0.00700732 0.0123574 0.00815773 0.00462511 -0.0140614 -0.00911027 0.00805377 0.00658653 0.00748935 0.00342367 -0.00517915 -0.0124703 -0.00014629 0.00202722 -0.00643725 0.00227571 -0.00144896 -0.00540091 -0.000257511 -0.0145552 -0.0112745 -0.00432364 0.00698995 0.00536904 0.00729667 0.00185118 -0.00592058 0.010795 0.010099 0.00276131 0.0135236 0.010242 0.00293413 0.00540091 0.000981067 -0.00414006 0 0.011108 -0.00643927 0.00973344 -0.0133926 -0.0121432 0.0101216 0.00559738 0.0112803 0.00175182 0.00969631 -0.00769363 -0.00891353 -0.00948563 0.0140091 0.0116792 0.0130335 0.00866944 0.00788356 0.0109984 0.00494705
internal_weight=6995 3794 1348 488 2446 860 1818 781 356 3201 291 264 628 352 332 92 227 287 213 74 137 91 66 163 2910 291 79 169 153 129 55 83 215 111 64 1466 190 50 66 58 97 52 425 60 240 208 201 296 61 235 41 46 58 45 66 1276 200 170 48 127 61 66
internal_count=6995 3794 1348 488 2446 860 1818 781 356 3201 291 264 628 352 332 92 227 287 213 74 137 91 66 163 2910 291 79 169 153 129 55 83 215 111 64 1466 190 50 66 58 97 52 425 60 240 208 201 296 61 235 41 46 58 45 66 1276 200 170 48 127 61 66
is_linear=0
shrinkage=0.03


Tree=30
num_leaves=63
num_cat=0
split_feature=4 4 4 6 56 19 4 43 22 62 46 4 4 13 59 3 38 46 54 4 4 62 6 22 36 55 31 55 56 48 31 45 44 16 61 4 51 5 21 23 24 56 24 29 36 43 47 62 15 5 2 43 61 65 21 27 27 21 38 42 44 54
split_gain=914.408 56.6218 38.7356 34.3367 25.9388 24.9513 19.3213 11.4605 11.4521 10.5073 9.37988 8.44718 10.004 7.82605 6.27304 4.55965 6.91033 3.9679 3.5533 3.53715 3.52929 4.7849 3.63946 3.4755 3.50194 3.28167 4.6411 3.21481 2.72902 2.56695 2.55391 3.8767 2.48617 2.37175 2.36181 2.84876 2.35746 2.9377 2.17256 2.07866 2.71058 2.05445 2.01281 1.9953 1.96977 1.94958 1.91818 1.88651 1.76028 1.71983 1.68515 1.52291 1.46346 2.58619 1.35117 1.32328 1.31394 2.4388 1.27925 1.88857 1.21678 1.0929
threshold=11.500000000000002 1.0000000180025095e-35 13.500000000000002 2.5000000000000004 652.50000000000011 16.375000000000004 9.5000000000000018 30585.000000000004 -0.20000000000000059 1854.9583333333337 32545.520833333336 10.500000000000002 2.5000000000000004 74109.000000000015 739.50000000000011 58.538182730268808 21582.145833333339 30258.270833333339 706.95833333333337 12.500000000000002 22.500000000000004 2118.8333333333335 4.5000000000000009 -0.20000000000000193 9373.5000000000018 5249.5000000000009 63.434831673738508 6335.5000000000009 24.500000000000004 329.50000000000006 61.117646215665637 29277.500000000004 27412.500000000004 -3616.4999999999995 1400.5000000000002 7.5000000000000009 1574.5000000000002 5.5000000000000009 2.1788737682471235 84.432390000000012 69.656073000000006 1177.5000000000002 82.769125000000017 53.919408896820826 15059.500000000002 33100.500000000007 329.50000000000006 2402.9166666666674 5127.8777898442577 3.5000000000000004 71.462423000000015 28906.000000000004 4554.5000000000009 753.50000000000011 1.669643098399902 8.9647381380590012 8.7531730704571338 4.1332786374701707 15010.333333333334 36036.708333333336 29081.500000000004 711.91666666666686
decision_type=2 2 2 2 2 2 2 2 2 2 2 2 2 2 2 2 2 2 2 2 2 2 2 2 2 2 2 2 2 2 2 2 2 2 2 2 2 2 2 2 2 2 2 2 2 2 2 2 2 2 2 2 2 2 2 2 2 2 2 2 2 2
left_child=1 4 5 6 43 13 8 11 36 19 -8 12 17 -2 -13 38 28 30 -18 -7 -4 -22 -23 56 -25 -24 -27 33 -17 44 32 -32 -5 -6 35 -20 37 -3 -10 -26 -41 -35 51 -1 -11 52 50 -15 -42 -43 -34 -16 54 -54 -9 -48 57 -14 61 -60 -50 -58
right_child=2 3 20 7 27 9 10 45 15 29 -12 14 23 47 42 16 18 -19 34 -21 21 22 25 24 39 26 -28 -29 -30 -31 31 -33 46 41 -36 -37 -38 -39 -40 40 48 49 -44 -45 -46 -47 55 -49 60 -51 -52 -53 53 -55 -56 -57 58 -59 59 -61 -62 -63
leaf_value=-4.0843422645890355 3.7569825865393782 75.604050164892044 -4.0372182062564228 -1.7115849513794115 -1.9542746169534757 -0.65334722430446612 17.343140932606421 71.05563232480695 5.9794642891672218 0.1980197513537206 -4.2876884193375142 -2.481791057297023 81.588458471384399 -3.9418404419642394 27.818926603022653 4.6388095571255112 -4.7528260578878641 -7.7061782822447888 60.105425610140507 -3.6425983895778344 -4.0671556516168454 -4.4726896374851641 -2.699789889821965 -3.4790817897195754 93.829366389032415 0.92751339671946043 -3.3776307206619429 35.719141381025445 -6.628274211625933 0.25389327438688497 -9.4368419478996675 20.729394945705881 25.988345856470733 -0.22042757278346925 -0.18182048863457395 9.9729410692024327 8.2234194955290363 54.641737831785726 115.62314024550996 -2.6123067959942454 3.1380759579697042 5.7217631506778828 41.142232577648365 -4.0694330348321346 10.990325669571028 29.07449066898306 27.849167149621632 -2.2586559089663942 19.580724383680018 15.626447437707091 -3.1268096582364748 -4.3290424027474748 31.450337781649459 67.403601351101656 108.70270129505066 79.791385497818894 94.048006501109143 0.20887347280541688 3.1716206658107602 74.488717161606729 55.634872652654487 103.64371250301221
leaf_weight=23 25 220 2619 21 21 37 32 27 21 32 86 37 69 297 20 20 31 21 43 39 180 32 20 22 133 38 21 30 53 38 20 27 30 31 34 21 24 35 29 25 22 39 44 126 75 29 30 39 39 22 23 20 21 85 1065 70 118 20 20 49 61 394
leaf_count=23 25 220 2619 21 21 37 32 27 21 32 86 37 69 297 20 20 31 21 43 39 180 32 20 22 133 38 21 30 53 38 20 27 30 31 34 21 24 35 29 25 22 39 44 126 75 29 30 39 39 22 23 20 21 85 1065 70 118 20 20 49 61 394
internal_value=-0.00218467 0.00864434 -0.0130486 0.00979477 -0.00399521 -0.0059732 0.00362348 0.0113567 0.00606665 0.00195387 -0.00734124 0.00942401 0.0101779 -0.0108336 0.0018332 0.0014161 -0.000578921 0.00469641 0.00357862 -0.0070565 -0.0144624 -0.0112745 -0.00631863 0.0115389 0.0088282 -0.00280657 0.00071066 0.0051153 -0.0079617 0.00669883 0.00588874 -0.000254777 0.00756462 0.00275862 0.00639144 0.00978159 0.0102544 0.0111015 0.00952096 0.00973581 0.00721958 0.00485342 0.00638526 -0.0127565 0.00907563 0.0134561 0.00889615 -0.0120411 0.00906634 0.00805237 0.00418079 0.00142145 0.0136441 0.0101508 0.0139795 0.0113586 0.0127548 0.00922559 0.0132886 0.00929088 0.0107592 0.0138196
internal_weight=6995 3503 3492 3211 292 582 649 2562 531 221 118 1335 1214 361 121 252 202 242 129 76 2910 291 111 972 302 79 59 143 73 145 221 47 174 113 98 64 279 255 50 280 147 92 84 149 107 1227 153 336 122 61 53 40 1198 106 1092 100 670 89 581 69 100 512
internal_count=6995 3503 3492 3211 292 582 649 2562 531 221 118 1335 1214 361 121 252 202 242 129 76 2910 291 111 972 302 79 59 143 73 145 221 47 174 113 98 64 279 255 50 280 147 92 84 149 107 1227 153 336 122 61 53 40 1198 106 1092 100 670 89 581 69 100 512
is_linear=0
shrinkage=0.03


Tree=31
num_leaves=63
num_cat=0
split_feature=4 4 58 4 56 18 4 45 59 22 58 60 44 62 12 62 45 19 62 62 25 24 51 53 55 4 62 58 25 65 5 11 63 52 15 23 56 44 4 44 22 4 22 61 25 35 64 22 60 26 58 48 29 20 55 5 25 37 63 26 16 64
split_gain=900.031 56.7733 38.2001 37.798 24.7383 24.3752 20.8257 12.5083 11.0793 7.61559 6.35051 7.22666 7.56545 6.30657 5.90421 5.78017 4.74701 4.33258 4.26683 4.06702 4.01449 3.91178 3.90431 3.54593 3.53645 3.52929 4.7849 4.33644 3.33645 3.2901 3.58576 3.38004 3.27281 3.60023 3.08254 3.76318 3.07316 3.05976 2.905 3.78946 2.5127 2.40857 3.69315 2.40654 3.36728 2.32894 2.25897 2.13515 2.12871 2.51521 2.11916 2.09863 1.9953 1.94951 1.93187 1.87696 3.59921 1.85656 1.84444 1.80672 1.79053 1.74546
threshold=11.500000000000002 1.0000000180025095e-35 2714.2291666666674 13.500000000000002 652.50000000000011 18.975000000000005 9.5000000000000018 33459.000000000007 2033.0000000000002 -0.20000000000000059 3841.0208333333339 1374.5000000000002 29556.000000000004 1854.9583333333337 84014.500000000015 2267.2916666666674 32978.000000000007 19.225000000000005 2034.2083333333337 2387.104166666667 58.533981500000003 74.934580000000011 1050.5000000000002 983.50000000000011 6335.5000000000009 22.500000000000004 2118.8333333333335 3708.5625000000005 87.364355000000003 5278.0000000000009 1.0000000180025095e-35 101625.00000000001 4884.5000000000009 1705.5000000000002 5707.9330493091284 80.678505000000015 4037.0000000000005 32497.500000000004 8.5000000000000018 33504.500000000007 -0.27499999999999858 12.500000000000002 0.49999999999999989 588.50000000000011 77.236397500000024 22271.500000000004 1654.5000000000002 -1.2500000000000002 3069.5000000000005 80.642721187500015 3401.541666666667 230.50000000000003 53.919408896820826 -0.17604166666666665 7.5000000000000009 2.5000000000000004 82.812487000000019 19751.000000000004 9009.0000000000018 78.055808666666678 2855.0000000000005 3709.5000000000005
decision_type=2 2 2 2 2 2 2 2 2 2 2 2 2 2 2 2 2 2 2 2 2 2 2 2 2 2 2 2 2 2 2 2 2 2 2 2 2 2 2 2 2 2 2 2 2 2 2 2 2 2 2 2 2 2 2 2 2 2 2 2 2 2
left_child=1 4 6 5 52 14 8 21 9 54 11 40 15 -7 18 32 28 -16 41 20 -10 -8 -23 -20 46 58 -27 -28 -11 30 -22 -31 33 -13 -32 -36 -15 -38 39 53 -4 42 -2 44 -42 -33 47 -6 -14 50 57 -34 -1 -18 55 -3 -57 -50 -5 -48 -24 -41
right_child=3 2 10 25 24 13 7 -9 19 16 -12 12 48 36 17 -17 38 -19 23 -21 29 22 60 -25 -26 26 27 -29 -30 31 34 45 51 -35 35 -37 37 -39 -40 61 43 -43 -44 -45 -46 -47 59 -49 49 -51 -52 -53 -54 -55 -56 56 -58 -59 -60 -61 -62 -63
leaf_value=-3.9618119966513641 -2.2571750079812039 40.706529575356718 100.78850270930565 -3.9352327162590219 -1.9138051513332988 -3.6104566773841094 -5.057173804565589 -4.0935820394490987 30.506827648199973 41.278276135843512 113.12074434642133 74.099247206533633 92.962956556271621 12.9731597331052 -3.9022328467798721 -19.17732780708813 -3.3671775019464212 -0.19032584601138763 9.1721671201441506 58.854419600847599 20.848016191120028 40.189371375893487 21.330186791562685 -0.7454268967993869 34.647567139594685 -3.9451409820683403 -3.5753248907949913 -0.32271041153304564 3.1699882606466416 58.550772731080897 -9.8220759333511705 -6.7634437614592544 20.581838033113534 3.7720675046390713 16.060405511203506 -11.688275749255137 -1.1161361620255066 4.9611117225414167 -6.4105811053102117 5.2533242013960804 -8.3016788137045339 -3.7474279940068551 3.405108647951149 88.456783024773344 42.097898660596179 17.004390045981932 1.646982786760169 5.7721649531743617 -5.348933634994018 61.982166516160746 39.018881009998744 -4.9893573599323844 -3.94735004378717 10.288062986633214 78.762963485271925 66.472205481683091 -5.5827637716864045 24.332096784494489 -3.7128726137453829 14.402814215732503 -1.8836217962249617 61.235981454319116
leaf_weight=23 24 61 436 2594 22 31 37 78 47 89 995 38 146 74 268 28 20 24 21 34 21 47 34 24 30 180 59 52 41 40 53 23 23 27 29 26 30 23 27 20 21 38 25 105 53 31 38 32 29 35 36 20 126 20 266 40 35 20 25 21 22 58
leaf_count=23 24 61 436 2594 22 31 37 78 47 89 995 38 146 74 268 28 20 24 21 34 21 47 34 24 30 180 59 52 41 40 53 23 23 27 29 26 30 23 27 20 21 38 25 105 53 31 38 32 29 35 36 20 126 20 266 40 35 20 25 21 22 58
internal_value=-0.0022876 0.00845594 0.00960792 -0.0130658 -0.00420062 -0.00607628 0.00536402 -0.00301238 0.00722862 0.00936642 0.0121351 0.0104532 0.00730415 0.00396584 -0.00982551 0.00152094 0.00549618 -0.0122116 -0.0045193 0.00245643 0.00121066 0.00233405 0.00535403 0.00292683 0.00469602 -0.0144624 -0.0112745 -0.00631863 0.0096618 -0.000457194 -0.00357862 0.00379384 0.0046901 0.00894009 -0.00580019 -0.00076225 0.00693942 0.00135593 0.00173673 0.00378493 0.0125053 -0.00840413 -0.00391039 0.00944724 0.00522267 -0.0010536 0.00222812 -0.00216266 0.010248 0.00721898 0.00437133 -0.00167053 -0.0127565 -0.00366584 0.0120045 0.00901543 0.00575233 0.000244399 -0.014815 0.00629442 0 0.00764405
internal_weight=6995 3503 3211 3492 292 582 1199 218 981 677 2012 1017 402 158 424 136 275 292 132 304 270 140 103 45 143 2910 291 111 130 223 129 94 108 65 108 55 127 53 145 118 615 87 49 179 74 54 113 54 266 120 85 43 149 40 402 136 75 49 2619 59 56 78
internal_count=6995 3503 3211 3492 292 582 1199 218 981 677 2012 1017 402 158 424 136 275 292 132 304 270 140 103 45 143 2910 291 111 130 223 129 94 108 65 108 55 127 53 145 118 615 87 49 179 74 54 113 54 266 120 85 43 149 40 402 136 75 49 2619 59 56 78
is_linear=0
shrinkage=0.03


Tree=32
num_leaves=63
num_cat=0
split_feature=4 16 61 4 38 22 45 58 4 62 44 4 62 19 26 58 25 58 19 4 45 4 62 58 26 50 56 66 4 4 40 39 46 4 62 16 12 61 2 20 22 50 19 57 40 50 58 51 44 44 21 58 11 14 5 57 30 15 58 1 15 35
split_gain=886.133 68.4186 47.1255 19.9851 18.1608 13.3646 10.7722 9.98721 9.66143 10.6362 7.68422 6.13373 8.58222 5.86767 4.78304 4.70646 4.61598 5.23514 4.43254 4.21205 4.13198 3.96672 5.2527 5.95876 3.9197 5.68666 4.5559 3.76954 3.56992 3.56829 3.54527 3.47316 3.22615 3.15746 3.24344 3.14092 3.05039 2.89531 2.88925 2.87208 2.56345 2.55428 2.52291 2.50277 2.22828 2.67147 2.12818 3.51479 2.04633 2.0438 1.9998 1.9267 1.84984 1.85167 1.84827 1.75965 1.70724 1.67036 1.66025 1.63625 4.29664 1.56689
threshold=12.500000000000002 -177.49999999999997 1780.0000000000002 2.5000000000000004 14345.625000000002 -0.050000000000000148 33365.500000000007 3907.0833333333335 10.500000000000002 1538.7708333333337 31169.500000000004 13.500000000000002 2109.5833333333335 19.225000000000005 77.065874500000021 3828.7708333333335 68.900650000000013 3241.791666666667 2.1250000000000004 1.0000000180025095e-35 33486.500000000007 22.500000000000004 1995.9166666666667 4186.3958333333348 85.653550666666675 527.04166666666686 5.5000000000000009 1241.8333333333337 1.0000000180025095e-35 9.5000000000000018 44030.000000000007 54705.500000000007 33259.770833333343 1.0000000180025095e-35 1692.8958333333337 -3847.4999999999995 92795.500000000015 3807.0000000000005 84.857410000000016 7.6145833333333348 -1.0000000180025095e-35 298.87500000000006 20.675000000000001 3439.0000000000005 39604.500000000007 330.85416666666669 3392.4166666666674 1435.5000000000002 33475.500000000007 29397.500000000004 3.7673162975141503 2041.7291666666667 108940.50000000001 85209.854166666672 4.5000000000000009 192.50000000000003 63.076878945035062 6079.0900122186458 1851.0208333333337 11.425000000000002 7594.4699308155114 10796.500000000002
decision_type=2 2 2 2 2 2 2 2 2 2 2 2 2 2 2 2 2 2 2 2 2 2 2 2 2 2 2 2 2 2 2 2 2 2 2 2 2 2 2 2 2 2 2 2 2 2 2 2 2 2 2 2 2 2 2 2 2 2 2 2 2 2
left_child=1 3 6 7 15 20 8 14 46 10 61 12 -2 43 19 28 -7 24 -11 50 -5 -13 -23 42 25 26 -18 31 55 58 -12 -16 -22 34 -9 -21 39 54 -15 -30 -17 -41 -24 -14 45 -6 47 59 -28 -20 -1 -34 53 -37 56 -4 -29 -49 -8 -3 -61 -10
right_child=11 2 4 5 44 16 29 33 9 18 30 21 13 38 27 40 17 -19 49 35 32 22 23 -25 -26 -27 48 37 36 -31 -32 -33 51 -35 -36 52 -38 -39 -40 41 -42 -43 -44 -45 -46 -47 -48 57 -50 -51 -52 -53 -54 -55 -56 -57 -58 -59 -60 60 -62 -63
leaf_value=-0.13295875194573512 -3.6977253274079867 88.215992584185344 -4.8770130143675843 102.90709612269781 -4.5546305526785709 89.273891963695803 28.587483677702398 -1.4978525190758298 -2.3436832161747314 -5.3984867207940992 16.546031007081258 -3.7980446785809598 -4.3852110889664226 3.6130217264675601 -7.4651626037555125 48.737365005408492 23.320103984001452 90.659350189159071 7.4681345856057009 58.880254287294441 -2.6829909854790968 -3.82678675260629 -4.0685284983438281 0.25086317278451986 51.849087929050405 34.081532031211296 -5.5715358044650101 38.731353294320151 35.090133831592532 -3.5494417959127049 -3.7449084766171268 33.756626639755645 66.028719124322848 86.942122397285786 23.715921491102549 -10.665645875564786 -2.7660238578276242 34.859892406897607 -0.21870166508341468 -2.0908341157852277 -1.4839957396971397 21.883391614885404 -1.3133081132585989 -0.20369949228073153 -3.8412392711234316 6.6641087893485045 88.62599284937383 -8.5287830028320926 -0.011242674152133531 32.420408162689128 -3.6216936408250695 19.475134187712065 -5.0855812968263123 20.896386271879056 -2.3360337611760986 -2.3536981321539376 0.25763325129950432 46.108718703156192 -4.5081724137004802 -5.2964300400431146 54.154249832471656 -4.4851607071588626
leaf_weight=23 182 109 25 1415 36 50 21 20 21 20 40 2619 38 26 20 52 25 39 32 37 20 158 57 32 27 34 56 23 34 38 24 20 101 142 44 42 20 81 23 38 21 29 44 22 190 20 195 20 20 174 21 31 38 73 24 23 20 21 20 21 59 45
leaf_count=23 182 109 25 1415 36 50 21 20 21 20 40 2619 38 26 20 52 25 39 32 37 20 158 57 32 27 34 56 23 34 38 24 20 101 142 44 42 20 81 23 38 21 29 44 22 190 20 195 20 20 174 21 31 38 73 24 23 20 21 20 21 59 45
internal_value=-0.00239911 0.00740808 0.00197834 0.010399 -0.00546404 0.0119944 0.00620509 0.00577456 0.00727436 0.00361415 -0.00320523 -0.0140239 -0.00983167 -0.00313474 0.00312011 0.000359356 0.00554361 0.0034908 0.00754976 0.000243486 0.0130253 -0.0144418 -0.0110684 -0.0066266 0.00109192 -0.000977054 -0.00456973 0.00668262 -0.00237729 -0.00432364 0.00416537 -0.00142145 0.0082643 0.0111936 0.00556942 0.00219358 0.000346821 0.00889264 0.00452138 0.00249258 0.00673051 -0.00107303 -0.0102077 -0.00943428 -0.0112028 -0.00582888 0.0103317 0.00833116 -0.00823916 0.00886463 -0.00809524 0.00996972 0.000274331 0.0021894 0.00420268 -0.00929314 0.00793503 0.000291971 0.00175182 0.0100582 0.00670412 -0.0103933
internal_weight=6995 3794 1348 2446 488 1818 860 628 781 356 130 3201 291 109 422 242 251 201 226 234 1567 2910 291 133 162 135 101 188 169 79 64 40 152 206 64 190 121 148 49 101 73 67 101 60 246 56 425 230 76 206 44 132 153 115 67 48 43 41 41 189 80 66
internal_count=6995 3794 1348 2446 488 1818 860 628 781 356 130 3201 291 109 422 242 251 201 226 234 1567 2910 291 133 162 135 101 188 169 79 64 40 152 206 64 190 121 148 49 101 73 67 101 60 246 56 425 230 76 206 44 132 153 115 67 48 43 41 41 189 80 66
is_linear=0
shrinkage=0.03


Tree=33
num_leaves=63
num_cat=0
split_feature=4 4 4 58 56 19 4 45 4 22 13 58 46 38 26 25 4 61 55 63 24 47 4 62 58 49 22 22 26 70 30 55 18 57 26 25 58 67 48 36 32 19 50 65 7 40 4 4 24 13 21 18 29 4 58 63 21 61 50 56 55 39
split_gain=873.723 54.0422 37.1486 34.917 24.7383 22.2759 18.7679 12.2498 10.771 9.09809 7.23906 6.82196 7.547 11.76 6.58907 5.72229 5.05195 5.38812 4.49938 4.159 4.06412 3.99325 3.96672 5.2527 5.95876 3.93614 4.00169 3.81319 3.60476 4.89301 6.46654 3.53645 3.43116 3.33727 4.43515 3.12208 3.73681 3.11386 3.07657 2.6612 2.583 2.52291 2.46553 2.40408 2.38818 2.34933 2.31786 2.31483 2.2843 2.16526 2.11651 2.04733 1.9953 1.94052 1.86285 1.84444 1.82262 1.81681 1.75198 7.23338 2.16675 1.69201
threshold=11.500000000000002 1.0000000180025095e-35 13.500000000000002 2714.2291666666674 652.50000000000011 19.225000000000005 9.5000000000000018 33206.500000000007 2.5000000000000004 -0.24999999999999992 74109.000000000015 3855.3750000000005 29392.395833333339 9769.5416666666697 48.563695979166674 68.900650000000013 12.500000000000002 983.50000000000011 75.500000000000014 6243.5000000000009 95.115425000000016 336.50000000000006 22.500000000000004 1995.9166666666667 4186.3958333333348 221.50000000000003 -0.099999999999999742 -0.049999999999999371 84.315601333333362 112673.66666666669 61.038831868195253 6335.5000000000009 18.975000000000005 23.500000000000004 77.065874500000021 73.728152500000007 1840.6250000000002 81377.500000000015 191.50000000000003 13583.500000000002 58.332364623469694 20.675000000000001 446.81250000000006 984.00000000000011 16.500000000000004 60981.500000000007 9.5000000000000018 10.500000000000002 90.709035000000014 83199.500000000015 2.7055288766867678 23.575000000000006 53.919408896820826 12.500000000000002 4504.0625000000009 9009.0000000000018 3.5627189730790394 3363.5000000000005 234.52083333333337 21.500000000000004 7.5000000000000009 26832.500000000004
decision_type=2 2 2 2 2 2 2 2 2 2 2 2 2 2 2 2 2 2 2 2 2 2 2 2 2 2 2 2 2 2 2 2 2 2 2 2 2 2 2 2 2 2 2 2 2 2 2 2 2 2 2 2 2 2 2 2 2 2 2 2 2 2
left_child=1 4 5 6 52 10 8 20 33 58 -2 12 13 -5 -14 -11 -7 44 57 25 27 -20 55 -24 41 -15 46 48 29 30 38 50 39 35 -35 -3 -37 -21 -17 42 -36 -25 49 -23 -18 -43 -27 61 -8 -12 -6 -52 -1 -34 56 -4 -49 -16 59 -10 -60 -13
right_child=2 3 22 11 31 16 7 -9 9 15 32 47 14 19 18 28 17 -19 21 37 -22 43 23 24 -26 26 -28 -29 -30 -31 -32 -33 53 34 40 36 -38 -39 -40 -41 -42 45 -44 -45 -46 -47 -48 54 -50 -51 51 -53 -54 -55 -56 -57 -58 -59 60 -61 -62 -63
leaf_value=-3.8142467990990192 4.1498776579651047 28.619991593759501 -3.7032343944138226 -25.90498894914429 13.768185405233593 16.7405827198093 24.349835865368313 -3.875793362855132 53.315174862288075 67.993792984884223 0.34384044559145049 81.84956968348429 -2.7698407226954189 101.49046576819229 95.26082022422662 36.605354919938392 -0.0014660778703195377 3.5046310746735339 -2.6857822323366531 45.661162215271702 39.916780654989523 24.673880924720542 -3.7119831500281011 -3.9464726433935131 0.24333727760098384 65.52049716116835 -1.482707062142963 -5.1998271878464513 41.924093166894586 23.703939705849368 -4.738816982678224 32.896662480673768 8.0642538141885627 -7.2564667348143148 19.566073956939867 11.871993693627042 -4.4589681172629945 -4.3422074154976142 -1.5223667490640367 -3.7215330172727912 -7.9158777579314972 0.84857178678513145 -3.1336417093709064 43.869733131548642 -3.1092043042291051 -1.7814162735593311 -2.0404404811969652 48.846301974347114 -6.420304005275268 -2.6698448686378957 5.3912304250257712 -1.9506206972257898 -3.7773715565309693 -1.9695551430346379 59.351756023617938 -3.4875450949755922 0.20953381651405151 22.685886527924357 26.684439800562895 -11.232609773712465 81.325721277055337 113.05396543193636
leaf_weight=23 26 53 2594 22 36 69 60 81 63 62 30 23 27 108 547 50 24 30 21 25 32 28 158 57 32 107 24 23 59 53 35 30 20 49 25 35 36 36 62 213 20 23 46 66 29 21 21 29 22 75 43 34 126 20 30 25 28 20 97 21 261 850
leaf_count=23 26 53 2594 22 36 69 60 81 63 62 30 23 27 108 547 50 24 30 21 25 32 28 158 57 32 107 24 23 59 53 35 30 20 49 25 35 36 36 62 213 20 23 46 66 29 21 21 29 22 75 43 34 126 20 30 25 28 20 97 21 261 850
internal_value=-0.00243771 0.00814764 -0.0130572 0.00927159 -0.00420062 -0.00612781 0.00521391 -0.00273728 0.006984 0.00866466 -0.00961869 0.0116878 0.0100057 0.00633052 0.0117783 0.00480224 0.00372781 -0.00122744 0.0123545 0.00779197 0.00271335 0.00688097 -0.0144418 -0.0110684 -0.0066266 0.00944637 0.00629191 -0.000114177 0.00282516 0.000884558 -0.00191706 0.00469602 -0.0106088 0.00108666 -0.00315622 0.00432716 0.000168776 0.000687398 0.00157895 -0.0115271 0.00359202 -0.0102077 -0.00841827 0.00953241 -0.00700565 -0.00469388 0.00840749 0.0135267 0.00288672 -0.00582303 0.00222812 -0.000544747 -0.0127565 -0.00216958 0.00874856 -0.014815 0.0054641 0.0134579 0.0114612 0.00745541 0.0123904 0.0139984
internal_weight=6995 3503 3492 3211 292 582 1199 218 981 763 430 2012 1052 343 709 321 152 83 682 321 137 115 2910 291 133 260 152 105 259 200 147 143 404 218 94 124 71 61 112 364 45 101 151 94 53 44 128 960 82 105 113 77 149 40 87 2619 57 567 442 84 358 873
internal_count=6995 3503 3492 3211 292 582 1199 218 981 763 430 2012 1052 343 709 321 152 83 682 321 137 115 2910 291 133 260 152 105 259 200 147 143 404 218 94 124 71 61 112 364 45 101 151 94 53 44 128 960 82 105 113 77 149 40 87 2619 57 567 442 84 358 873
is_linear=0
shrinkage=0.03


Tree=34
num_leaves=63
num_cat=0
split_feature=4 4 4 20 56 19 4 46 22 4 59 4 46 13 60 25 25 53 4 41 49 26 45 46 4 62 20 34 46 18 55 31 23 24 55 35 26 63 24 4 4 36 50 60 4 27 54 4 31 1 65 24 45 11 63 49 63 68 21 45 5 52
split_gain=856.853 52.7759 35.9579 29.2422 24.4367 22.3545 15.6713 11.8694 8.33142 8.10654 9.80738 8.08949 7.65402 7.18335 5.73773 5.70871 5.60847 5.18752 4.85594 4.73455 5.44674 4.29895 4.05783 4.36698 4.01758 5.55289 4.57365 3.72341 4.46576 3.64836 3.60428 4.27675 3.52392 4.32992 3.50482 3.15926 3.52188 3.10723 3.06443 2.99561 2.94627 2.83532 2.54701 2.52778 2.28934 2.25939 3.03466 2.18905 3.24415 2.18472 2.13222 2.1488 2.09492 2.084 1.84869 1.83884 1.80768 1.76384 1.68824 1.62424 2.83119 2.07837
threshold=11.500000000000002 1.0000000180025095e-35 13.500000000000002 3.1489583333333337 428.50000000000006 19.625000000000004 9.5000000000000018 30713.875000000004 -0.20000000000000059 10.500000000000002 739.50000000000011 2.5000000000000004 32545.520833333336 74109.000000000015 527.50000000000011 97.168125000000018 62.043169000000006 1237.5000000000002 12.500000000000002 41641.000000000007 559.50000000000011 55.019312312500013 32978.000000000007 32973.687500000007 22.500000000000004 1995.9166666666667 11.055208333333335 -0.3944612905803026 32973.687500000007 18.975000000000005 5249.5000000000009 63.434831673738508 83.974107000000018 62.114975000000008 6335.5000000000009 14519.500000000002 81.609745500000017 1907.0000000000002 81.798932000000022 2.5000000000000004 7.5000000000000009 13583.500000000002 446.81250000000006 1502.5000000000002 12.500000000000002 8.7531730704571338 972.75000000000011 12.500000000000002 56.596111385265196 12.275000000000002 809.50000000000011 67.68663500000001 31820.500000000004 103084.50000000001 932.50000000000011 299.50000000000006 9009.0000000000018 86780.000000000015 3.9906747040585855 32712.500000000004 3.5000000000000004 650.50000000000011
decision_type=2 2 2 2 2 2 2 2 2 2 2 2 2 2 2 2 2 2 2 2 2 2 2 2 2 2 2 2 2 2 2 2 2 2 2 2 2 2 2 2 2 2 2 2 2 2 2 2 2 2 2 2 2 2 2 2 2 2 2 2 2 2
left_child=1 4 5 6 -1 13 8 9 39 11 -11 19 -8 -2 18 21 -10 22 -7 -5 -21 -13 53 -24 56 -26 -27 -9 50 41 -28 -32 45 -34 38 -35 -37 -30 54 55 43 42 47 -25 -31 46 -23 48 -15 57 51 -29 -53 -18 -6 -3 -4 -12 -22 -41 -61 -62
right_child=2 3 24 7 34 14 12 27 16 10 49 15 -14 29 -16 -17 17 -19 -20 20 58 32 23 40 25 26 30 28 37 44 31 -33 33 35 -36 36 -38 -39 -40 59 -42 -43 -44 -45 -46 -47 -48 -49 -50 -51 -52 52 -54 -55 -56 -57 -58 -59 -60 60 61 -63
leaf_value=-3.7492107895656557 4.0253813282261524 24.521475434868339 -3.5921373625814081 40.538051876975707 -2.6973571574543835 5.1024253340511221 20.663230915089756 107.32735854706129 115.73773948360189 -4.2432490552652276 44.877044307315998 -6.8692655838420933 -3.959242263563798 5.9025671429286364 7.6878150517553383 -3.9616664644651789 103.0304259538924 -6.4277833143717178 -3.0297491588052869 -11.54070565324175 31.714377510980658 111.84187513477038 -3.8724158095686767 32.60373827672943 -3.6006236555272584 -3.9882620640259141 -2.4193976746692276 -1.7176517884091935 -8.2546537898348316 6.6755783298850249 0.82311463318157674 -3.1275984714168126 -5.7372573219536616 50.183536581246159 31.909762606253555 -6.3348306930433953 34.559284630584386 60.349370167890434 10.27758124623006 114.68103917708753 -5.9420516079449239 -3.6190640414326278 -3.0396324580897791 -3.7581747403914472 -1.7287224697100214 97.506354588447465 0.80649673398152111 -3.4542868530146809 -2.0412159611971439 -0.75427757764216496 75.702330979818484 10.935613868261003 75.286230462742637 11.594134672011956 1.7710065790533416 -2.3722945836707656 -3.3829187421263245 11.881460132435349 0.56024641524383689 55.951356474626536 -8.2331037980188881 61.124092613900352
leaf_weight=131 26 37 2594 141 30 25 38 590 27 35 35 23 81 23 88 21 28 31 32 39 24 40 40 57 158 40 25 21 26 21 45 23 27 235 30 31 50 36 21 70 33 216 46 24 21 475 35 51 33 22 515 20 65 28 80 23 25 23 31 93 20 21
leaf_count=131 26 37 2594 141 30 25 38 590 27 35 35 23 81 23 88 21 28 31 32 39 24 40 40 57 158 40 25 21 26 21 45 23 27 235 30 31 50 36 21 70 33 216 46 24 21 475 35 51 33 22 515 20 65 28 80 23 25 23 31 93 20 21
internal_value=-0.00248059 0.00800206 -0.0129971 0.00911277 -0.00420062 -0.00617935 0.00342804 0.010557 0.0056324 0.00851682 0.000886186 0.00926286 -0.00639798 -0.0095676 0.00401103 0.0105133 0.00189109 0.000423061 -0.00336252 0.00426202 -0.000924548 0.0108689 0.00212756 -0.00036989 -0.0143593 -0.0109653 -0.0064012 0.0126164 0.0110848 -0.0105376 -0.00270677 0.000837004 0.0111992 0.00877878 0.00361266 0.0097659 0.00458693 0.00333333 0.00146453 0.00941689 0.00260298 -0.0114928 -0.0083083 0.00569667 -0.00206651 0.0127013 0.00774967 -0.00571429 -0.0015508 0.00670412 0.0118532 0.00788878 0.0100118 0.00903743 -0.000517711 0.00344426 -0.0147348 0.00975904 0.00511797 0.0111563 0.00914989 0.00248175
internal_weight=6995 3503 3492 3211 292 582 651 2560 532 1287 115 1172 119 437 145 937 268 241 57 235 94 916 210 154 2910 291 133 1273 683 411 93 68 893 343 161 316 81 62 131 264 114 369 153 81 42 550 75 107 56 80 621 106 85 56 110 60 2619 58 55 204 134 41
internal_count=6995 3503 3492 3211 292 582 651 2560 532 1287 115 1172 119 437 145 937 268 241 57 235 94 916 210 154 2910 291 133 1273 683 411 93 68 893 343 161 316 81 62 131 264 114 369 153 81 42 550 75 107 56 80 621 106 85 56 110 60 2619 58 55 204 134 41
is_linear=0
shrinkage=0.03


Tree=35
num_leaves=63
num_cat=0
split_feature=4 4 58 4 57 56 4 45 59 16 22 4 55 25 4 57 26 58 52 4 62 58 48 58 56 24 22 37 55 45 45 55 46 2 49 61 25 58 24 18 66 26 18 51 48 25 15 25 6 22 58 7 16 55 23 63 48 31 65 62 57 62
split_gain=847.099 52.5529 35.1029 35.0007 23.9181 23.013 18.0078 10.9435 10.6785 9.75822 8.65719 6.73524 11.2239 4.93578 4.74042 4.68443 7.22702 4.47088 4.02371 3.99259 5.55289 5.72239 3.73292 3.71222 3.66427 3.64126 3.6158 3.47889 3.44913 3.68709 3.18993 3.10457 3.00263 3.72815 2.90213 2.88595 2.88293 3.11607 2.86276 2.78492 2.62511 2.61077 2.60855 4.34678 2.52708 2.24483 5.19385 2.16348 2.11729 2.00537 2.52102 1.97977 1.91023 1.89692 1.89404 1.80245 1.7968 1.79428 2.91565 1.79173 1.83227 1.7773
threshold=11.500000000000002 1.0000000180025095e-35 2714.2291666666674 12.500000000000002 963.50000000000011 652.50000000000011 9.5000000000000018 33206.500000000007 2033.0000000000002 -177.49999999999997 -0.20000000000000059 13.500000000000002 2072.5000000000005 87.364355000000003 2.5000000000000004 22.500000000000004 76.783541020833354 4504.0625000000009 650.50000000000011 22.500000000000004 1995.9166666666667 4186.3958333333348 621.50000000000011 3892.979166666667 652.50000000000011 95.115425000000016 -0.049999999999999371 15841.500000000002 22.500000000000004 28385.000000000004 33001.500000000007 6335.5000000000009 31446.437500000004 89.915020000000013 848.50000000000011 4327.0000000000009 76.503270000000015 1840.6250000000002 90.709035000000014 -2.0249999999999995 991.79166666666686 78.055808666666678 18.325000000000006 1094.5000000000002 394.50000000000006 86.189047000000016 5186.5062789114481 96.273427500000011 4.5000000000000009 -0.049999999999999871 3241.791666666667 5.5000000000000009 -814.49999999999989 3162.5000000000005 58.045719000000005 9009.0000000000018 630.50000000000011 57.363340839320848 3148.0000000000005 2154.0000000000005 3439.0000000000005 2470.2916666666674
decision_type=2 2 2 2 2 2 2 2 2 2 2 2 2 2 2 2 2 2 2 2 2 2 2 2 2 2 2 2 2 2 2 2 2 2 2 2 2 2 2 2 2 2 2 2 2 2 2 2 2 2 2 2 2 2 2 2 2 2 2 2 2 2
left_child=1 5 6 4 24 53 8 25 10 14 45 12 59 30 23 36 22 28 -15 55 -21 48 -17 34 -2 26 38 -18 47 -30 -12 40 33 35 54 -31 51 -38 57 52 -7 -20 43 -6 -39 -3 -47 -11 -22 -16 -51 -10 -32 -1 -4 -13 -56 -8 -59 -5 -61 -42
right_child=3 2 9 11 42 31 7 -9 15 17 13 19 -14 18 49 16 27 -19 41 20 21 -23 -24 -25 -26 -27 -28 -29 29 32 39 -33 -34 -35 -36 -37 37 44 -40 -41 61 -43 -44 -45 -46 46 -48 -49 -50 50 -52 -53 -54 -55 56 -57 -58 58 -60 60 -62 -63
leaf_value=-3.6542452668571714 -3.3293245200048442 75.325709367696533 -5.6230652668265515 -3.3822127239252597 15.594493259927482 -1.1735085475090909 37.938187578510814 -3.7307422940625647 0.041205291098204949 61.282769767245448 35.936378290500016 -3.4843732417039659 0.95096342245113652 -5.8989863063242138 105.43908787587822 -12.144582970809571 42.693187361893671 97.238465784591071 -1.1797564943082852 -3.4926049458614403 -3.9009485080669792 0.211343720277507 -0.56543955568954063 78.966058641992461 -0.2291256692873469 37.293368522011413 -5.033613366282375 -3.6234866343420706 76.40122364497492 30.994825887876079 70.630110483022349 30.952469728065953 57.052163350550337 -9.9763230010362456 38.517646163856675 -3.2529337643309622 28.857421397119964 5.9096469393564979 -6.9827360802670269 -2.8146925137753214 1.5721868177715805 44.820443857934528 18.139774557787028 -1.7773917886927801 -13.687977985680591 -4.0628128342887342 51.903239734736182 15.485046194268056 -1.3552106111672932 10.423440499116463 82.245393228113358 45.04267014089551 2.2833879783637347 -2.691837251368828 60.613103668511513 -3.2814311798625351 -5.093204432034117 25.362150574139793 -9.6934560348629226 -4.1433165105385577 -0.15158299441850942 17.718052940628255
leaf_weight=126 142 259 24 182 31 23 20 81 21 274 89 2594 48 25 1079 41 34 79 35 158 44 32 24 143 29 32 23 35 25 37 34 30 39 32 82 21 36 20 22 37 69 34 69 20 21 37 106 33 57 34 52 72 21 23 31 25 27 20 20 30 31 21
leaf_count=126 142 259 24 182 31 23 20 81 21 274 89 2594 48 25 1079 41 34 79 35 158 44 32 24 143 29 32 23 35 25 37 34 30 39 32 82 21 36 20 22 37 69 34 69 20 21 37 106 33 57 34 52 72 21 23 31 25 27 20 20 30 31 21
internal_value=-0.00254921 0.0078736 0.00898197 -0.0130056 -0.00302989 -0.00430332 0.00491369 -0.00287483 0.00664764 0.0114045 0.00874612 -0.0139115 -0.0095225 0.00462377 0.0126737 0.00196317 -0.00221477 0.00793742 -0.000924548 -0.014349 -0.0109653 -0.0064012 -0.00940092 0.00931944 -0.0102396 0.00227571 -0.000399619 0.0045152 0.00679245 0.00309539 0.00752071 0.00427673 0.00102246 -0.00196448 0.00619744 0.00253012 0.00527337 0.000933852 0.00252132 0.00355049 0.00196286 0.00277858 0.00721898 0.00199609 -0.00467153 0.0115568 0.0084696 0.00863562 -0.00991098 0.0135542 0.00902439 0.00882922 0.00784029 -0.0125553 0.00215591 -0.0147234 0.00511188 0.0059401 0.00216958 -0.0121432 -0.00756137 0.00429523
internal_weight=6995 3503 3211 3492 291 292 1199 218 981 2012 677 3201 291 275 1472 304 134 540 94 2910 291 133 65 307 171 137 105 69 461 154 181 143 129 90 164 58 170 77 82 92 113 69 120 51 41 402 143 307 101 1165 86 93 55 149 82 2619 58 60 40 243 61 90
internal_count=6995 3503 3211 3492 291 292 1199 218 981 2012 677 3201 291 275 1472 304 134 540 94 2910 291 133 65 307 171 137 105 69 461 154 181 143 129 90 164 58 170 77 82 92 113 69 120 51 41 402 143 307 101 1165 86 93 55 149 82 2619 58 60 40 243 61 90
is_linear=0
shrinkage=0.03


Tree=36
num_leaves=63
num_cat=0
split_feature=56 16 61 10 59 43 58 10 15 57 60 45 61 57 23 62 20 20 13 10 7 48 45 19 6 62 11 5 58 45 27 65 6 26 44 63 55 61 35 45 51 61 66 11 5 5 43 65 58 28 2 30 27 30 13 16 2 62 12 10 55 15
split_gain=649.303 105.203 58.7957 33.3012 25.3375 21.993 20.9151 17.1807 15.3464 14.6468 12.2498 8.54421 6.50803 12.5442 6.12003 5.57133 5.55796 6.32396 5.32055 5.01522 4.99915 4.93831 4.89848 4.73341 4.4398 4.191 4.62097 4.68225 4.37446 4.0702 3.96467 3.85958 3.76973 3.6557 3.58675 3.47307 3.43726 4.40884 3.25261 3.24692 3.22782 3.21299 3.03462 4.16256 2.92713 2.89534 2.80609 3.03161 2.92266 2.43347 2.91709 2.35537 3.79736 2.34749 2.02626 1.92757 2.13756 1.92113 2.85908 1.8584 2.02278 1.85691
threshold=529.50000000000011 -177.49999999999997 1800.5000000000002 0.96386255839173451 5178.0000000000009 29865.500000000004 3460.9375000000005 0.96386255839173451 13709.448968856324 4155.0000000000009 1624.5000000000002 33365.500000000007 3807.0000000000005 3287.5000000000005 48.705164000000003 1621.6041666666667 3.1489583333333337 -2.1364583333333327 74109.000000000015 0.87900005428953576 10.500000000000002 220.50000000000003 30224.500000000004 18.125000000000004 8.5000000000000018 2098.8958333333335 107142.50000000001 1.5000000000000002 2714.2291666666674 30224.500000000004 12.840676285256205 913.00000000000011 3.5000000000000004 69.03998443750001 32513.500000000004 1237.0000000000002 593.00000000000011 795.50000000000011 25847.500000000004 31589.000000000004 1144.5000000000002 2664.5000000000005 4749.1250000000009 107872.00000000001 3.5000000000000004 2.5000000000000004 29250.500000000004 716.50000000000011 3956.0833333333335 -2.1229915000000008 82.043580000000006 54.722446310201939 8.8153304508320769 56.708456115192085 96128.500000000015 599.50000000000011 72.420938000000021 1882.5416666666667 86604.000000000015 0.56392291514228221 48.500000000000007 5000.4776103620725
decision_type=2 2 2 2 2 2 2 2 2 2 2 2 2 2 2 2 2 2 2 2 2 2 2 2 2 2 2 2 2 2 2 2 2 2 2 2 2 2 2 2 2 2 2 2 2 2 2 2 2 2 2 2 2 2 2 2 2 2 2 2 2 2
left_child=1 6 7 4 12 15 10 11 18 31 16 19 -2 20 -12 -4 17 42 -5 -3 -14 40 33 57 32 26 27 -16 30 -22 -29 -6 -21 -17 53 -33 -10 -38 -28 -26 61 -8 43 -1 -35 -13 48 -48 -43 50 -25 52 -18 -27 -15 56 -7 -20 -59 60 -53 -19
right_child=3 2 5 8 9 55 41 -9 36 -11 14 45 13 54 25 22 51 21 23 24 29 -23 -24 49 39 34 38 28 -30 -31 -32 35 -34 44 -36 -37 37 -39 -40 -41 -42 46 -44 -45 -46 -47 47 -49 -50 -51 -52 59 -54 -55 -56 -57 -58 58 -60 -61 -62 -63
leaf_value=-6.9100735756454306 -3.3498420444528469 68.818774082724886 -3.9152418744253228 3.8760909857058334 -2.5534790058350221 -1.2913888597986301 105.57139886339357 -3.3500877531986326 22.511752202179206 -3.308538535133676 -5.1077530861771265 0.66080160238106822 5.2006619125789024 -2.5283249481347609 30.730176238816405 39.140085310314852 -0.18241454640198754 102.05739907029205 -3.2807463422075025 -6.254423053392034 0.13510597937483368 -10.149878758896591 -3.6571728430890391 2.0799993542250723 -3.1533862820184377 11.607106163529725 -7.0786417097616221 6.9149561900919343 61.872725498816934 -3.107247132344245 -7.985913062583986 6.7072038593492653 42.269333378712346 7.0904885465968386 0.92202029779721661 28.372993008990644 -1.2453754840059128 4.4524404791796481 6.0431756908957253 12.13715950911997 -1.2840788767784692 -2.2850327074032197 80.296612218778606 28.884762689024374 -4.3704637461674833 -3.6808995950103069 7.2639073651424129 73.840069182203806 60.38747458721064 -3.0429173501569577 -1.5301874651768637 66.89898798170627 38.052372109222929 60.548465607266799 -3.4242674574546883 -3.590990665260803 -6.1751521428184315 -0.28822724464567984 -3.9339021900007558 12.883410975132664 32.521501313846656 11.821345219273187
leaf_weight=20 2350 430 47 22 33 22 794 58 54 104 25 43 37 26 39 68 39 33 104 24 37 38 35 23 27 21 43 54 33 50 22 35 118 29 39 41 27 26 26 20 20 21 82 68 21 32 22 146 22 24 27 431 88 80 262 303 21 48 59 29 25 48
leaf_count=20 2350 430 47 22 33 22 794 58 54 104 25 43 37 26 39 68 39 33 104 24 37 38 35 23 27 21 43 54 33 50 22 35 118 29 39 41 27 26 26 20 20 21 82 68 21 32 22 146 22 24 27 431 88 80 262 303 21 48 59 29 25 48
internal_value=-0.00260497 0.00625523 -0.000575456 -0.0120333 -0.0131431 -0.00806995 0.0100979 0.00486239 -0.00404975 -0.00315345 0.00758345 0.00617634 -0.0139122 -0.0104028 0.00305417 -0.000134933 0.00945826 0.00615335 -0.00746337 0.00733646 -0.00239323 0.0013803 0.00262573 -0.00856542 0.00323638 0.00406609 0.00143713 0.00443619 0.0012099 -0.00633754 -0.00272011 0.00450962 0.00589022 0.00556308 0.00811563 0.00823916 0.00571429 0.000225989 -0.00494935 -0.00471338 0.00486647 0.0133539 0.0100353 0.00609535 -0.000538922 -0.00335553 0.0100047 0.0117609 0.00306265 -0.00198381 0.00173653 0.0111207 0.00741149 0.0110979 -0.0138389 -0.0126466 -0.00654292 -0.0108574 -0.00795518 0.0120841 0.0125565 0.00754624
internal_weight=6995 3606 1298 3389 2975 546 2308 752 414 213 1303 694 2762 412 382 200 921 309 307 619 124 139 153 285 189 357 217 148 109 87 76 109 142 118 140 76 107 53 69 47 101 1005 170 88 50 75 211 168 43 74 50 612 127 101 288 346 43 211 107 485 456 81
internal_count=6995 3606 1298 3389 2975 546 2308 752 414 213 1303 694 2762 412 382 200 921 309 307 619 124 139 153 285 189 357 217 148 109 87 76 109 142 118 140 76 107 53 69 47 101 1005 170 88 50 75 211 168 43 74 50 612 127 101 288 346 43 211 107 485 456 81
is_linear=0
shrinkage=0.03


Tree=37
num_leaves=63
num_cat=0
split_feature=4 16 60 4 68 22 62 26 58 58 4 55 60 58 21 57 49 43 49 58 25 57 26 52 60 4 62 58 4 4 26 31 18 25 44 62 26 5 0 21 27 49 21 32 58 44 4 20 51 18 68 27 27 32 0 3 4 62 37 15 63 63
split_gain=820.37 67.0695 32.6227 20.8859 17.2483 12.9849 12.8373 10.2688 9.07306 8.09417 7.86088 10.9293 6.4426 5.95089 5.69451 6.80999 5.65734 4.97771 4.89538 4.57815 4.33206 4.56997 4.03231 3.75995 3.71153 3.67362 4.43716 3.88756 3.33016 3.07192 3.0296 2.993 2.73158 2.72936 2.67964 2.66286 2.66179 2.45892 2.36388 2.38211 3.2458 2.27788 2.26396 3.23486 2.1984 2.21468 2.16017 2.09293 2.07749 4.34622 2.91622 2.61095 1.92009 1.93735 2.2749 2.36667 1.91854 1.90742 1.88109 1.84568 1.82244 1.76341
threshold=12.500000000000002 -177.49999999999997 2125.5000000000005 2.5000000000000004 98202.000000000015 -0.10000000000000096 1766.1041666666667 72.819922687500011 3907.0833333333335 3870.6250000000005 13.500000000000002 1498.5000000000002 1426.5000000000002 3241.791666666667 3.5974512252329336 46.500000000000007 203.50000000000003 33100.500000000007 909.50000000000011 3350.3750000000005 87.103172500000014 15.500000000000002 75.895530916666686 674.50000000000011 270.50000000000006 22.500000000000004 1980.4166666666667 3708.5625000000005 8.5000000000000018 1.0000000180025095e-35 57.628856229166665 60.611335332659159 5.2250000000000005 97.815970000000007 31523.500000000004 1692.8958333333337 85.457779500000001 3.5000000000000004 78498.500000000015 4.2447139616885456 10.618221978911222 330.50000000000006 3.0616424985962318 57.456317459997003 3241.791666666667 31687.500000000004 10.500000000000002 -11.654166666666665 949.50000000000011 18.775000000000002 80768.000000000015 11.001846022778752 6.7174868195446082 55.066580854844908 110354.00000000001 61.327146405491554 1.0000000180025095e-35 2098.8958333333335 16951.500000000004 5936.931224454268 9009.0000000000018 2150.5000000000005
decision_type=2 2 2 2 2 2 2 2 2 2 2 2 2 2 2 2 2 2 2 2 2 2 2 2 2 2 2 2 2 2 2 2 2 2 2 2 2 2 2 2 2 2 2 2 2 2 2 2 2 2 2 2 2 2 2 2 2 2 2 2 2 2
left_child=1 3 6 8 9 19 7 12 14 31 11 -2 16 20 18 44 46 30 36 28 21 -7 58 -22 -9 47 -27 -28 -5 35 -8 32 -4 48 -13 -10 52 -29 -18 40 -40 57 43 -26 45 -16 -3 -12 -32 50 -50 -52 -1 -54 55 -55 -20 -34 -23 -25 -49 -36
right_child=10 2 4 5 -6 13 17 24 29 -11 25 34 -14 -15 15 -17 38 -19 56 -21 23 22 -24 59 42 26 27 37 -30 -31 33 -33 41 -35 61 -37 -38 -39 39 -41 -42 -43 -44 -45 -46 -47 -48 60 49 -51 51 -53 53 54 -56 -57 -58 -59 -60 -61 -62 -63
leaf_value=-5.9352269384614322 -3.1860935349613224 16.766589894332142 25.960201510378116 60.983410386972707 -3.3544282755928978 49.352954612328858 -14.404263967979917 10.144201652105433 -1.2271258025139662 40.498340952843634 -3.4893467831192617 -1.4991062950014293 -3.5725713889390671 79.414859242858469 -11.317402401949346 -3.7413823198681353 76.801935853925514 -1.7070704754656434 5.1838511669750007 107.48529763729231 -6.246110473871175 -4.8901026066152715 50.503382353927677 -1.1058414331756807 4.1484491607010749 -3.2912457631303496 -3.1011245141840162 -2.3733714928394694 8.0466559734128484 74.106764505871837 67.49290060244779 -3.7354820399063708 -5.2193182798036863 -0.78042181109331288 -0.13248743381227029 19.628072178096133 29.80827095165191 0.76115593406686566 -1.5530512413913151 -1.4237534431577676 34.445720854260742 0.67869828827165291 -4.0273562229247819 -3.9571507255656009 31.471505501691016 9.1567461321632653 -3.131977588963359 -3.2600243779442626 34.863348408202988 44.614941633284033 13.997924493516873 -4.3018431475251075 28.681843447488269 3.9487745409828472 30.734131381427272 -10.107414693166941 46.790361172459619 0.091960649306718087 0.9400324500901911 26.93999371695736 -3.078870196125802 3.2030676094666251
leaf_weight=38 214 34 20 699 189 81 20 36 20 60 28 29 28 73 28 50 80 39 30 776 27 30 36 23 21 154 78 35 30 142 209 34 45 22 25 44 31 24 23 28 41 46 52 36 41 22 32 2566 37 135 20 40 30 42 20 22 68 21 22 21 25 23
leaf_count=38 214 34 20 699 189 81 20 36 20 60 28 29 28 73 28 50 80 39 30 776 27 30 36 23 21 154 78 35 30 142 209 34 45 22 25 44 31 24 23 28 41 46 52 36 41 22 32 2566 37 135 20 40 30 42 20 22 68 21 22 21 25 23
internal_value=-0.00266072 0.00677552 0.00139975 0.00973672 -0.00559383 0.0113674 0.00451399 0.000540015 0.00501035 0 -0.0138459 -0.00911027 0.00404735 0.00578729 0.00248045 -0.00242381 0.00565729 0.00763647 0.00495197 0.0125254 0.00348605 0.0061029 0.00132804 -0.00270042 -0.00587181 -0.0143181 -0.0110684 -0.00708972 0.0107969 0.0101747 0.0084703 -0.00341361 -0.00133989 0.00896567 0.000544747 0.00463339 0.00203168 -0.00121827 0.00852411 0.00517915 0.00837754 -0.00318466 -0.00863428 -0.00441331 0.00243688 -0.00173653 -0.00177005 -0.0146776 0.00948084 0.00748384 0.00259526 -0.00144759 0.000374753 0.00234005 0 -0.00276131 0.010367 -0.00676248 -0.00397313 0.00265306 -0.0147667 0.00492723
internal_weight=6995 3794 1348 2446 415 1818 933 411 628 226 3201 291 266 313 422 141 238 522 281 1505 240 169 88 71 145 2910 291 137 729 206 483 166 132 463 77 64 183 59 172 92 64 112 109 57 91 50 66 2619 441 232 97 60 152 114 84 64 98 66 52 44 2591 48
internal_count=6995 3794 1348 2446 415 1818 933 411 628 226 3201 291 266 313 422 141 238 522 281 1505 240 169 88 71 145 2910 291 137 729 206 483 166 132 463 77 64 183 59 172 92 64 112 109 57 91 50 66 2619 441 232 97 60 152 114 84 64 98 66 52 44 2591 48
is_linear=0
shrinkage=0.03


Tree=38
num_leaves=63
num_cat=0
split_feature=4 61 58 4 58 58 4 4 56 70 4 55 22 6 4 4 25 4 19 51 58 21 26 50 54 17 60 26 4 56 58 50 5 20 54 17 53 3 19 53 68 14 41 55 60 22 58 1 12 22 21 59 20 56 34 61 31 42 35 58 36 66
split_gain=808.854 49.7793 34.3278 29.1897 13.1423 10.55 10.1068 12.5806 12.6171 8.86617 8.50478 12.3107 7.71984 5.98006 5.79764 8.45967 5.58031 5.56208 5.30645 7.51169 5.11562 4.22215 4.11049 4.0249 4.87478 4.63613 3.90999 3.71171 3.67362 3.56266 3.44785 3.40613 5.17403 3.38089 3.50668 4.85928 3.30345 3.26937 3.22412 3.18493 4.43031 3.01732 4.16229 2.95846 2.88148 2.8481 2.7541 2.27485 2.20844 2.17905 2.15904 2.12657 2.09293 1.97609 1.91233 1.87785 1.91094 1.87566 3.72435 2.79829 1.83528 1.78703
threshold=12.500000000000002 1780.0000000000002 2826.7916666666674 9.5000000000000018 3350.3750000000005 3438.2500000000005 11.500000000000002 1.0000000180025095e-35 1177.5000000000002 93593.625000000015 13.500000000000002 2072.5000000000005 -0.15000000000000122 8.5000000000000018 8.5000000000000018 1.0000000180025095e-35 68.900650000000013 2.5000000000000004 1.5750000000000004 1435.5000000000002 3855.3750000000005 3.9906747040585855 82.123623083333342 243.95833333333334 1375.1875000000002 7.2250000000000005 1212.5000000000002 85.568137270833361 22.500000000000004 21.500000000000004 4186.3958333333348 519.25000000000011 1.5000000000000002 21.250000000000004 1544.354166666667 19.775000000000002 1821.5000000000002 66.514243533064715 21.475000000000005 1014.5000000000001 94670.000000000015 84080.979166666686 38209.000000000007 18.500000000000004 1330.0000000000002 -0.6750000000000006 652.25000000000011 9.6750000000000025 68792.500000000015 -0.9500000000000004 2.8477421577789044 795.50000000000011 -11.654166666666665 529.50000000000011 -0.20145680420285569 5186.5000000000009 64.249319348485812 35695.333333333336 14882.500000000002 3021.4375000000005 22609.500000000004 6361.9375000000009
decision_type=2 2 2 2 2 2 2 2 2 2 2 2 2 2 2 2 2 2 2 2 2 2 2 2 2 2 2 2 2 2 2 2 2 2 2 2 2 2 2 2 2 2 2 2 2 2 2 2 2 2 2 2 2 2 2 2 2 2 2 2 2 2
left_child=1 3 9 4 12 18 7 8 53 21 11 38 17 60 15 -11 -14 -1 44 33 22 23 41 25 61 -3 -17 31 52 -15 55 32 -18 -20 -35 -36 -32 -10 -2 40 -34 42 -9 -43 51 -45 -19 -23 -6 -28 -47 -5 -12 -4 -33 -30 -57 58 59 -48 -7 -25
right_child=10 2 6 5 48 13 -8 20 37 14 28 -13 16 29 -16 26 27 46 19 -21 -22 47 -24 24 -26 -27 49 -29 30 -31 36 54 39 34 35 -37 -38 -39 -40 -41 -42 43 -44 45 -46 50 57 -49 -50 -51 -52 -53 -54 -55 -56 56 -58 -59 -60 -61 -62 -63
leaf_value=-1.1070453579355035 -3.1158940763488712 12.549686094962276 -3.7061638215225852 -2.8832974581941575 71.221278734484557 44.375201024262651 -2.0415846493079743 23.457110088022695 14.974350746284596 -3.0927591177921006 -3.384666379625684 0.96020704158032089 77.607745446615652 30.430202685432047 -3.5268536792082825 28.867115293615548 32.171008360676552 0.34388440372901868 31.876229240399297 -3.6211498662519714 81.773810102213275 10.01351767174398 58.880601095165737 34.694223327202465 -1.2957224842567348 -9.0148331698821611 13.765194963744268 45.832427277719333 -3.2164677125831118 -2.7907483096062697 0.28711109813507674 46.591158060962975 10.535295962476411 -6.4268589164169887 -2.2836761435657777 46.066476393991664 -3.1891601435733765 -1.2968109585567686 -0.19753269611948637 -11.895721301185585 -5.275985277837874 67.56684668695668 -17.675099516545156 26.296795147137978 -4.0385599775034464 53.357094166862566 54.359780526988828 -5.1894968034056541 99.552489308392339 -4.9430239854681624 -6.4975335972804391 27.4687798032536 -3.162223646605935 -1.0082721030380708 2.1244679889313351 0.086303560119815756 -3.0711010343885099 68.918668020495161 -4.3019575845163303 20.132605417349431 1.9741020657485306 17.944476760188472
leaf_weight=35 207 32 45 26 29 231 45 22 79 70 28 48 54 28 101 39 29 20 106 59 261 22 43 52 35 37 28 45 194 29 23 33 29 32 21 24 29 23 36 30 33 51 21 67 32 20 92 37 790 85 41 21 2591 25 32 20 25 549 21 27 28 28
leaf_count=35 207 32 45 26 29 231 45 22 79 70 28 48 54 28 101 39 29 20 106 59 261 22 43 52 35 37 28 45 194 29 23 33 29 32 21 24 29 23 36 30 33 51 21 67 32 20 92 37 790 85 41 21 2591 25 32 20 25 549 21 27 28 28
internal_value=-0.00272076 0.00664901 0.00191124 0.00914329 0.011053 0.00359755 0.0061526 0.0070434 0 -0.0036513 -0.0138271 -0.00890416 0.00878632 0.00748814 -0.00690808 -0.0041738 0.00456682 0.0103978 -0.000224229 0.00197026 0.00934613 0.000666392 0.0063825 0.00291689 0.00635969 -0.00277858 -0.000177515 0.00251839 -0.0143181 -0.00126095 -0.0110684 0.000628694 -0.00232865 0.00498088 0.000155642 0.00558758 -0.00397313 0.0067287 -0.0116495 -0.00583062 -0.00188406 0.00471409 -0.00236659 0.00643216 -0.00697851 0.00395785 0.0109745 -0.00629442 0.0138957 -0.00302387 -0.000687398 -0.00216561 -0.0146776 -0.00980029 0.00617512 -0.0125972 -0.00691796 0.011293 0.00811563 0.0101763 0.00942493 0.0104494
internal_weight=6995 3794 1309 2485 1848 637 743 698 172 566 3201 291 1029 316 323 222 285 744 321 242 526 243 265 184 115 69 152 231 2910 57 291 186 121 183 77 45 52 102 243 92 62 222 43 179 79 128 709 59 819 113 61 47 2619 70 65 239 45 689 140 119 259 80
internal_count=6995 3794 1309 2485 1848 637 743 698 172 566 3201 291 1029 316 323 222 285 744 321 242 526 243 265 184 115 69 152 231 2910 57 291 186 121 183 77 45 52 102 243 92 62 222 43 179 79 128 709 59 819 113 61 47 2619 70 65 239 45 689 140 119 259 80
is_linear=0
shrinkage=0.03


Tree=39
num_leaves=63
num_cat=0
split_feature=4 16 6 4 22 61 60 6 4 58 4 55 7 35 58 4 55 26 40 58 50 40 36 62 49 4 62 6 44 64 4 57 66 21 23 16 25 21 4 15 42 27 35 52 43 59 23 58 62 41 14 15 24 1 54 21 26 46 62 36 63 4
split_gain=788.372 62.4798 34.2994 20.3551 13.7804 13.233 11.0746 10.906 12.8429 8.68412 8.14763 9.84891 6.93713 5.72857 5.68832 5.37126 5.32465 5.16287 4.96125 4.84756 4.36632 5.19952 4.01059 3.70495 3.85613 3.64969 4.43716 4.39413 3.57482 3.57321 3.52053 3.36515 3.29313 3.14663 3.47419 2.8545 2.6944 3.54697 2.7108 2.59119 2.5668 3.84154 4.29758 2.90617 2.44929 2.44577 3.14048 2.40546 2.36117 2.27444 2.25534 2.94111 2.16181 4.02081 2.27229 2.4885 4.50402 2.00541 1.9176 1.91467 1.77645 1.76424
threshold=12.500000000000002 -177.49999999999997 2.5000000000000004 2.5000000000000004 -0.10000000000000002 1986.0000000000002 1483.5000000000002 8.5000000000000018 10.500000000000002 3401.541666666667 13.500000000000002 1498.5000000000002 14.500000000000002 9224.0000000000018 3241.791666666667 1.0000000180025095e-35 4170.5000000000009 77.065874500000021 41766.500000000007 3392.4166666666674 527.04166666666686 42163.500000000007 10787.000000000002 1442.3958333333337 635.50000000000011 22.500000000000004 1980.4166666666667 4.5000000000000009 32539.500000000004 4127.5000000000009 8.5000000000000018 22.500000000000004 1254.1250000000002 1.9139546136333958 97.283113000000014 -3556.9999999999995 75.558027500000023 2.2411475313306934 1.0000000180025095e-35 11281.789628191143 35609.812500000007 8.7531730704571338 14818.500000000002 955.50000000000011 32473.500000000004 4672.5000000000009 81.646850000000015 2714.2291666666674 1788.6458333333337 40958.500000000007 75890.062500000015 4393.7437402251126 72.954772000000006 12.125000000000002 1134.2708333333337 3.5627189730790394 71.425747291666681 28928.208333333336 2344.0000000000005 14546.500000000002 9009.0000000000018 9.5000000000000018
decision_type=2 2 2 2 2 2 2 2 2 2 2 2 2 2 2 2 2 2 2 2 2 2 2 2 2 2 2 2 2 2 2 2 2 2 2 2 2 2 2 2 2 2 2 2 2 2 2 2 2 2 2 2 2 2 2 2 2 2 2 2 2 2
left_child=1 3 6 9 19 7 12 33 39 17 11 58 -3 -10 20 16 -11 31 23 30 21 22 -6 -7 36 60 -27 -28 -14 -29 40 -1 -19 -4 52 -18 37 -25 -39 -9 41 43 -43 -5 -13 46 -34 -33 49 -24 51 -21 53 -35 -54 -56 59 -17 -2 -57 -12 -30
right_child=10 2 5 4 14 18 -8 8 13 15 25 44 28 -15 -16 57 35 32 -20 50 -22 -23 48 24 -26 26 27 29 61 -31 -32 47 45 34 -36 -37 -38 38 -40 -41 -42 42 -44 -45 -46 -47 -48 -49 -50 -51 -52 -53 54 -55 55 56 -58 -59 -60 -61 -62 -63
leaf_value=3.9155611371586336 -3.0218895645228292 -3.4407257742046022 -0.37044334107169108 43.532708344502616 -3.6054011289322645 -2.8498472677420965 -3.2146518466388283 61.251981021251922 3.8041461573720445 -2.4965611281511255 -3.0866793423827557 -0.66810457314045268 77.877108283853389 -3.5175171691397029 74.860019065827473 15.814188959354238 -0.94016448888455328 -3.3503308581698819 -3.3589422713521362 117.90163481914988 53.541059208463047 -3.7489178110820029 -0.65596474164623997 -4.5048227495119892 35.755767727359952 -3.0986044725670112 -3.5060284864449938 -1.0924479185031666 19.340687972855392 1.3466569176520431 2.139387524958388 -6.2334365500064175 20.669371061245897 71.523456955387815 -0.6871911972274245 15.603070837480841 -3.4171294024712942 -3.5300352528932017 18.969401925018424 -3.4538357648228497 62.3258444092777 56.495567135528063 -3.1143435610418146 -7.8264503470469702 2.8160767626657144 36.539712783754176 -0.99134041084246971 -2.258235750143001 33.18572899733477 76.9244845892011 103.66887562641669 -3.2652548518642694 58.060998212699261 -13.809235851822061 43.346171409502034 12.402833945419026 -8.3107715823181021 61.612732036390035 -1.7414036580708259 50.574123679824751 -2.8916373808438496 -3.4640396741864454
leaf_weight=76 188 60 37 20 22 20 179 66 22 22 2594 47 39 73 72 24 24 28 62 20 62 48 38 20 50 154 49 67 25 21 34 41 38 38 32 50 54 23 52 20 573 90 21 20 30 44 41 46 43 23 712 20 153 25 184 25 34 194 26 34 25 21
leaf_count=76 188 60 37 20 22 20 179 66 22 22 2594 47 39 73 72 24 24 28 62 20 62 48 38 20 50 154 49 67 25 21 34 41 38 38 32 50 54 23 52 20 573 90 21 20 30 44 41 46 43 23 712 20 153 25 184 25 34 194 26 34 25 21
internal_value=-0.00286229 0.00638808 0.00119947 0.00924615 0.0108558 0.00389317 -0.0073033 0.00599112 -0.00039757 0.00458048 -0.0138271 -0.00900721 -0.00111647 -0.00801262 0.00505355 0.00810888 0.00215401 0.00104107 -0.00164354 0.012037 0.00278272 0.000327398 0.00354481 0.000465541 0.00171773 -0.0143078 -0.0110684 -0.00708972 0.00437133 -0.00303065 0.0103245 -0.00264868 0.00504302 0.00805373 0.00864978 0.00603239 -0.000684105 0.00233438 0.00535286 0.00797909 0.0107678 0.007227 0.010099 -0.000673317 0.000155642 0.00716491 0.00394437 -0.00668197 0.00602305 0.00216039 0.0137575 0.00665835 0.00927195 0.00399366 0.0100372 0.00837965 0.00431794 0.0107153 -0.0123167 0.0093401 -0.0146661 -0.00123644
internal_weight=6995 3794 1348 2446 1818 1024 324 743 181 628 3201 291 145 95 308 314 96 314 281 1510 236 174 126 219 199 2910 291 137 85 88 758 163 151 562 525 74 149 95 75 86 724 151 111 40 77 123 79 87 104 61 752 40 493 63 430 277 93 218 214 59 2619 46
internal_count=6995 3794 1348 2446 1818 1024 324 743 181 628 3201 291 145 95 308 314 96 314 281 1510 236 174 126 219 199 2910 291 137 85 88 758 163 151 562 525 74 149 95 75 86 724 151 111 40 77 123 79 87 104 61 752 40 493 63 430 277 93 218 214 59 2619 46
is_linear=0
shrinkage=0.03


Tree=40
num_leaves=63
num_cat=0
split_feature=4 4 58 4 4 58 19 45 22 60 62 4 69 4 4 57 55 58 57 24 24 51 21 54 45 4 62 58 4 27 56 23 24 70 15 22 43 25 51 26 60 60 19 1 62 65 19 59 44 21 25 57 33 47 57 22 17 68 26 33 55 24
split_gain=781.035 47.7435 33.9194 33.1954 22.2365 17.3626 16.6607 16.4754 11.2703 7.14478 6.56486 6.37703 6.18518 5.65149 5.46063 8.67632 6.13156 5.2875 4.91568 6.08143 4.69662 5.88835 4.36731 3.92501 3.89685 3.86874 4.70626 4.32983 3.48672 3.4824 3.4233 3.27269 3.42553 3.09085 9.25945 2.85263 3.30292 2.8402 3.25118 2.67668 2.61808 2.47925 2.4766 2.22029 2.16839 2.10325 2.07518 2.42562 2.07023 4.3218 3.85486 1.99547 1.97358 1.96227 3.74839 2.963 1.93104 1.86789 1.76283 4.282 1.83514 1.85789
threshold=11.500000000000002 1.5000000000000002 3241.791666666667 13.500000000000002 8.5000000000000018 3401.541666666667 19.625000000000004 33206.500000000007 -0.10000000000000002 576.50000000000011 2203.9166666666674 9.5000000000000018 86045.000000000015 3.5000000000000004 1.0000000180025095e-35 963.50000000000011 428.50000000000006 4518.8958333333348 15.500000000000002 70.607397000000006 62.722511500000003 1410.5000000000002 3.0504357871555365 671.70833333333337 28563.000000000004 22.500000000000004 1980.4166666666667 4186.3958333333348 1.0000000180025095e-35 17.750945960415777 1096.5000000000002 96.202590000000015 72.954772000000006 80994.791666666672 4603.2170403572809 -1.0999999999999985 33453.500000000007 69.658678000000023 1163.5000000000002 65.923147458333332 586.50000000000011 324.50000000000006 20.475000000000005 18.975000000000005 991.14583333333348 1625.0000000000002 10.125000000000002 956.50000000000011 28526.000000000004 3.1283007927364452 63.901468500000007 1929.5000000000002 1.7699567706924857 232.50000000000003 10.500000000000002 -0.45000000000000001 27.625000000000004 103752.50000000001 74.764090229166683 3.0780641313775208 48.500000000000007 83.426380000000009
decision_type=2 2 2 2 2 2 2 2 2 2 2 2 2 2 2 2 2 2 2 2 2 2 2 2 2 2 2 2 2 2 2 2 2 2 2 2 2 2 2 2 2 2 2 2 2 2 2 2 2 2 2 2 2 2 2 2 2 2 2 2 2 2
left_child=1 5 4 6 8 14 10 20 13 57 43 33 -12 44 15 -1 35 22 23 -20 -6 31 -7 -10 -25 -5 -27 42 30 46 -24 32 39 34 -4 -16 -37 -21 -39 -22 -9 -23 -28 -2 -3 -44 47 -13 49 -35 -51 -14 -33 54 -46 -55 -32 -8 -15 60 61 -60
right_child=3 2 11 25 7 17 9 40 18 -11 12 29 51 58 16 -17 -18 -19 19 37 21 41 28 24 -26 26 27 -29 -30 -31 56 52 -34 48 -36 36 -38 38 -40 -41 -42 -43 45 -45 53 -47 -48 -49 -50 50 -52 -53 -54 55 -56 -57 -58 -59 59 -61 -62 -63
leaf_value=-3.1132852632159183 -2.9312328775871443 -2.2785852533090929 90.848828241910908 -2.9913047683087619 -12.467247679952443 25.695830429711993 -0.041787880307983867 -2.69056890404585 -3.3735080433574081 6.9118896934024088 2.7779108802433985 -15.963806781914171 -3.6090007170893776 71.475097053277779 3.3019838592623012 3.5628018982489422 26.154488457803556 53.578783609123363 -6.2348605168577427 88.795788321107594 27.93849322987386 11.181120454643949 -4.0425736024868053 -0.5314288570029202 60.647427569888428 -3.0056463383900005 -3.2895251016031462 0.24059170020703988 8.1099765953702345 -3.2025207090459227 4.6380064321026087 23.297293177094744 40.444463623573526 -2.4286936267567123 -23.17600126859088 -6.3529318342506942 0.098313767537545116 14.992843541510364 -1.8616085737494563 -5.5003199700394978 -3.4198296195104518 -6.2479116221783642 -1.6137684435114461 -0.93129343475778603 50.537073320933246 0.46084133544012801 54.206718799761951 43.290195337182773 94.203633508519573 6.7388147387587782 92.853437867292556 -0.29049682284127071 -8.3484584594185201 54.042223501428374 -12.618818738107752 3.2131616512076016 -2.0193254105739595 -2.2477354741367717 38.260552870187702 -2.1379123100821196 12.915103123777707 60.246383897333573
leaf_weight=122 298 21 44 2619 23 57 35 37 21 81 39 20 49 259 22 43 57 60 51 20 25 31 29 24 77 154 59 32 67 28 20 20 157 20 20 57 30 32 36 22 84 33 20 21 22 26 191 41 912 20 104 30 23 108 41 40 20 29 51 24 21 216
leaf_count=122 298 21 44 2619 23 57 35 37 21 81 39 20 49 259 22 43 57 60 51 20 25 31 29 24 77 154 59 32 67 28 20 20 157 20 20 57 30 32 36 22 84 33 20 21 22 26 191 41 912 20 104 30 23 108 41 40 20 29 51 24 21 216
internal_value=-0.00294806 0.00706003 0.00862663 -0.0129885 0.00551774 -0.00076528 -0.00643704 -2.63678e-05 0.00789118 0.002357 -0.0093617 0.011997 -0.00327688 0.0096526 -0.00529145 -0.00915809 -0.00142685 0.00514421 0.00245883 -0.0013803 0.00340317 0.00437801 0.00270326 0.00685504 0.00931751 -0.0142974 -0.0109653 -0.0068709 -0.000198384 0.00791503 -0.00494935 0.00648321 0.00806957 0.013014 0.00650546 -0.00560953 -0.0080597 0.00337117 0.000396476 0.00089172 -0.0095128 -0.00369735 -0.00981922 -0.0116014 0.00567428 -0.00449024 0.00903213 0.00412439 0.013405 0.00997224 0.0120629 -0.00811631 -0.000974478 0.00659403 0.00209192 0.00848751 0.000673317 -0.0051014 0.0112625 0.00969881 0.010715 0.011389
internal_weight=6995 3503 2919 3492 1519 584 582 455 1064 145 437 1400 118 803 331 165 166 253 261 139 334 311 193 122 101 2910 291 137 136 280 69 247 204 1120 64 109 87 88 68 47 121 64 105 319 232 46 252 61 1056 144 124 79 43 211 63 148 40 64 571 312 288 267
internal_count=6995 3503 2919 3492 1519 584 582 455 1064 145 437 1400 118 803 331 165 166 253 261 139 334 311 193 122 101 2910 291 137 136 280 69 247 204 1120 64 109 87 88 68 47 121 64 105 319 232 46 252 61 1056 144 124 79 43 211 63 148 40 64 571 312 288 267
is_linear=0
shrinkage=0.03


Tree=41
num_leaves=63
num_cat=0
split_feature=4 4 58 4 4 6 45 15 62 22 4 62 4 43 6 58 25 26 46 4 4 62 6 64 51 45 58 21 1 22 49 47 53 4 22 70 15 60 26 37 60 62 60 21 49 70 58 66 60 23 21 56 41 64 26 19 19 20 46 21 25 32
split_gain=769.74 48.7911 33.5736 31.3864 21.1427 19.8618 16.4754 16.3157 10.5916 9.12251 7.22005 6.4263 5.69594 5.47689 5.09859 4.36652 4.30924 5.84396 4.34068 4.27911 4.09398 4.98308 4.95157 4.87404 3.90734 3.7109 3.57958 3.75016 4.45353 3.53628 3.49319 3.29697 3.14485 3.1186 2.99174 2.98746 9.25945 2.98024 2.85724 2.78056 2.61808 2.58125 2.51119 2.38962 3.12839 3.03144 2.35949 3.08807 2.31837 3.25274 2.38905 2.30665 2.23548 3.10185 2.19339 2.14741 2.13279 2.087 1.97434 4.33003 3.37285 1.94407
threshold=11.500000000000002 1.5000000000000002 3241.791666666667 13.500000000000002 8.5000000000000018 3.5000000000000004 33206.500000000007 13709.448968856324 1500.5833333333337 -0.10000000000000002 9.5000000000000018 2154.0000000000005 3.5000000000000004 32425.500000000004 4.5000000000000009 4518.8958333333348 69.27285000000002 85.568137270833361 32727.229166666668 1.0000000180025095e-35 22.500000000000004 1980.4166666666667 4.5000000000000009 3752.5000000000005 1410.5000000000002 32562.500000000004 4504.0625000000009 3.5627189730790394 15.375000000000002 0.10000000000000099 228.50000000000003 292.50000000000006 836.50000000000011 1.0000000180025095e-35 -0.44999999999999946 80994.791666666672 4603.2170403572809 1365.5000000000002 75.759907437500019 12648.500000000002 586.50000000000011 1321.2291666666667 378.50000000000006 3.5974512252329336 830.50000000000011 89838.000000000015 2708.4375000000005 2340.7083333333335 1490.5000000000002 95.987207500000025 3.1462349546661383 2357.5000000000005 36768.500000000007 7360.0000000000009 67.137470062500014 20.975000000000005 17.775000000000002 -11.654166666666665 28890.479166666672 3.1283007927364452 63.418893000000004 55.016279057842588
decision_type=2 2 2 2 2 2 2 2 2 2 2 2 2 2 2 2 2 2 2 2 2 2 2 2 2 2 2 2 2 2 2 2 2 2 2 2 2 2 2 2 2 2 2 2 2 2 2 2 2 2 2 2 2 2 2 2 2 2 2 2 2 2
left_child=1 5 4 7 9 19 24 11 13 12 35 55 43 33 -13 39 -11 18 25 -1 57 -22 -23 -24 29 30 27 -12 41 48 37 -9 -16 -7 -21 36 -4 -18 -20 -10 -8 -29 -30 44 52 -45 47 -26 49 -6 -50 -34 -3 56 -35 -2 -54 -5 59 -37 -61 -41
right_child=3 2 10 20 6 8 40 31 15 16 26 14 -14 -15 32 -17 17 -19 38 34 21 22 23 -25 46 -27 -28 28 42 -31 -32 -33 51 54 -36 58 -38 -39 -40 61 -42 -43 -44 45 -46 -47 -48 -49 50 -51 -52 -53 53 -55 -56 -57 -58 -59 -60 60 -62 -63
leaf_value=-3.1118397441215881 -2.818440233358718 43.010823449721975 88.123363394653566 -3.1007868649161678 46.31339735285696 -2.8169811982710966 -2.6098518369244745 8.4192032927655429 -0.78832990591136187 63.357261795031029 53.826977618921447 -3.5362952902835754 57.379645959191535 4.8106738708874071 2.8037470483854978 53.677323990298795 32.064965132837308 61.815561592126002 -0.071174605429866908 0.87490931349163359 -2.9154769482383007 -3.3021618788035498 -1.1059053106644479 0.93185808124144842 26.73998303698967 -3.5806020195370585 68.995811567574648 -5.0381932180583746 25.973652989190082 -3.566717694005336 -12.156519296323504 -0.1813671156706809 0.98163881235358186 11.691267616953443 -5.22876049101263 -2.355832817954024 -22.480721230533153 -3.3757920587051897 53.618309465470695 26.128426973700112 -3.3172347309251382 39.675913483160933 -14.772829544542969 -9.4041208817898951 72.421851150968536 23.745559190267503 -12.107694733941452 -8.0336271115374984 27.573220524647144 -1.9947237702471374 -10.863368395041151 -1.6931216519002961 54.209996802111732 -12.099391749826804 -9.2224017706785268 -0.7696534107839923 -5.9886357833884034 -2.8850174138870113 92.136695829104383 19.355205009864051 88.708678709986884 9.971503431112053
leaf_weight=90 314 30 44 28 157 55 37 68 47 50 114 45 571 24 32 48 31 31 44 40 154 49 61 27 21 34 61 21 20 46 23 40 22 20 50 20 20 22 26 44 84 43 21 23 43 43 23 20 20 27 20 33 52 21 33 28 20 2591 904 26 106 133
leaf_count=90 314 30 44 28 157 55 37 68 47 50 114 45 571 24 32 48 31 31 44 40 154 49 61 27 21 34 61 21 20 46 23 40 22 20 50 20 20 22 26 44 84 43 21 23 43 43 23 20 20 27 20 33 52 21 33 28 20 2591 904 26 106 133
internal_value=-0.0030467 0.00688876 0.00847247 -0.0130142 0.0053795 -0.00102209 -2.63678e-05 -0.00664319 0.00266518 0.00769383 0.0118256 -0.0090424 0.00927904 -0.0042922 -0.0033838 0.00605292 0.00280352 0.000909522 -0.00114936 -0.00931149 -0.0142871 -0.0108622 -0.00665208 -0.0023496 0.00340317 -0.00487738 0.00748661 0.00566864 0.00154139 0.00498704 -0.00114323 0.00385754 0.000826636 -0.00718779 -0.00462819 0.0129069 0.00650546 0.00305085 0.00466476 0.00427041 -0.0095128 0.00650546 -0.00613139 0.00528651 0.0072065 0.000408472 -0.00322933 0.0010219 0.00654618 0.0079685 0 -0.00348457 0.00472786 0.00238453 -0.0019209 -0.011216 0.00536755 -0.0146661 0.0132914 0.0100394 0.0120136 0.00599661
internal_weight=6995 3503 2919 3492 1519 584 455 582 404 1064 1400 474 803 132 132 272 261 211 180 180 2910 291 137 88 334 110 280 219 105 270 76 108 87 108 90 1120 64 53 70 224 121 64 41 232 166 66 64 41 224 184 40 55 123 93 53 342 72 2619 1056 152 132 177
internal_count=6995 3503 2919 3492 1519 584 455 582 404 1064 1400 474 803 132 132 272 261 211 180 180 2910 291 137 88 334 110 280 219 105 270 76 108 87 108 90 1120 64 53 70 224 121 64 41 232 166 66 64 41 224 184 40 55 123 93 53 342 72 2619 1056 152 132 177
is_linear=0
shrinkage=0.03


Tree=42
num_leaves=63
num_cat=0
split_feature=4 4 58 4 56 4 4 18 6 4 13 46 55 26 15 26 21 62 53 46 1 4 62 6 3 66 66 57 62 70 15 38 57 53 19 60 31 62 69 64 61 19 34 26 34 28 32 58 21 54 24 53 16 56 1 16 20 4 39 48 3 58
split_gain=753.272 47.572 40.5965 30.459 20.6928 16.9849 14.3601 14.2639 10.7666 6.02169 5.60189 4.95191 4.75592 4.40912 4.39587 5.74354 5.17433 7.05957 5.01965 4.34875 4.15414 4.06875 4.98308 4.95157 4.07683 4.06177 4.0617 3.86067 3.6698 3.58831 12.8244 3.415 3.35537 8.51045 3.28461 3.17223 3.515 3.11934 3.16996 3.07071 2.84787 4.12351 2.75538 2.72053 2.72027 3.23025 2.65303 2.4908 2.66074 2.49819 2.4737 2.42097 2.27701 2.72813 2.27565 2.2046 2.08106 2.04256 2.039 2.98568 2.7244 2.01625
threshold=11.500000000000002 1.0000000180025095e-35 3392.4166666666674 13.500000000000002 397.50000000000006 9.5000000000000018 2.5000000000000004 18.975000000000005 2.5000000000000004 10.500000000000002 75377.500000000015 32497.812500000004 6335.5000000000009 77.065874500000021 6824.5051410594742 55.019312312500013 2.2297920011717056 2072.5208333333335 1326.5000000000002 32680.104166666668 13.775000000000002 22.500000000000004 1980.4166666666667 4.5000000000000009 54.671064405753988 3944.7083333333335 3044.8750000000005 14.500000000000002 1659.416666666667 80994.791666666672 4704.8619203012522 11226.833333333334 5.5000000000000009 676.50000000000011 18.975000000000005 370.50000000000006 64.576366309625726 2286.3541666666674 87080.500000000015 1433.5000000000002 2626.5000000000005 4.8250000000000002 0.27341709699021882 65.461379437500014 -0.30406741049860736 3.1191415000000018 63.044606792071079 4504.0625000000009 3.5121450744641156 1639.479166666667 82.379243000000017 1104.5000000000002 -3616.4999999999995 1177.5000000000002 3.7250000000000005 2918.0000000000005 -11.654166666666665 12.500000000000002 54908.500000000007 695.50000000000011 59.035069435353499 3579.7500000000005
decision_type=2 2 2 2 2 2 2 2 2 2 2 2 2 2 2 2 2 2 2 2 2 2 2 2 2 2 2 2 2 2 2 2 2 2 2 2 2 2 2 2 2 2 2 2 2 2 2 2 2 2 2 2 2 2 2 2 2 2 2 2 2 2
left_child=1 4 5 7 -1 6 13 10 11 29 -2 -7 50 27 15 -8 17 18 19 54 32 56 -23 -24 -25 -21 35 -3 43 30 -4 -22 33 -18 37 -9 57 -12 -39 -36 -31 -42 51 -10 -16 46 -46 48 -11 -50 52 -30 -6 -54 -17 -45 -5 -37 59 60 -15 -26
right_child=3 2 9 21 12 8 14 26 28 47 34 -13 -14 58 44 16 20 -19 -20 25 31 22 23 24 61 -27 -28 -29 42 40 -32 -33 -34 -35 39 36 -38 38 -40 -41 41 -43 -44 55 45 -47 -48 -49 49 -51 -52 -53 53 -55 -56 -57 -58 -59 -60 -61 -62 -63
leaf_value=-2.9991790411446031 1.2803808747385788 13.21979761371399 77.129265379628421 -3.0077632589686827 -4.4410207299614441 11.392899428386993 -15.559531269326742 -2.7275688270842284 23.155360894952775 37.403841318712068 -2.8117931491816983 -3.1261257332736814 28.113990228815727 38.749571358915205 52.654523158692804 -4.22748281610669 65.880221674377367 63.541552915901853 138.42714867748526 74.610221674377371 -4.9265719540586268 -2.8280126397911514 -3.2030970224394433 1.5486344973108699 -2.3969998468146718 -2.2387278873341359 8.6327265287481492 -4.8349466355642612 -11.49786992570216 87.428858928003805 -25.559265262808147 12.532876743929327 64.61749965389599 -7.9503205053227566 -2.3608726446584614 3.6087202258028808 11.876940065945309 1.0947876253302513 -3.0242456794410484 2.2618021158194064 -1.6899014705896451 58.191577132313313 36.801763534065664 -0.85042933412009292 49.748588464071595 -2.6631544300609491 -0.36489146020825503 42.625115960224527 7.9857404169306756 -11.003959629114226 8.5222363229279381 25.843099064291273 -2.5316817043146793 7.5468576907377436 -1.437478449563905 -4.8739694749812088 -2.798466891470401 -0.48533884647332282 36.510317039463409 -5.3560588886479987 5.2133820954458665 -0.47932549201420893
leaf_weight=127 33 64 58 28 22 22 21 24 22 45 287 94 30 28 280 48 77 79 28 29 22 154 49 21 26 44 27 130 34 941 22 40 276 36 21 37 21 20 43 20 22 228 76 36 106 20 20 30 30 22 21 20 42 50 29 25 2591 49 21 32 54 41
leaf_count=127 33 64 58 28 22 22 21 24 22 45 287 94 30 28 280 48 77 79 28 29 22 154 49 21 26 44 27 130 34 941 22 40 276 36 21 37 21 20 43 20 22 228 76 36 106 20 20 30 30 22 21 20 42 50 29 25 2591 49 21 32 54 41
internal_value=-0.0031625 0.0066661 0.00772072 -0.0130228 -0.00491955 0.00475539 0.0061229 -0.00674626 -0.00140383 0.0115636 -0.0096133 -0.00875969 0.00207147 0.000583409 0.00769803 0.00627074 0.0067321 0.00331389 0 -0.00217855 0.00867213 -0.0142768 -0.0108622 -0.00665208 -0.0023496 0.00303694 0.000929791 -0.00230294 0.00259033 0.0121879 0.00595506 0.00140097 0.00982267 0.00541114 -0.0106162 -0.0012357 0.000952381 -0.0115596 -0.00541997 -0.00248175 0.0126035 0.00970412 0.00574174 -0.00231047 0.0101314 0.00675565 0.00854084 0.00528718 0.00290422 -0.00166987 -0.000310881 0.000499076 -0.00207713 0 -0.00715953 -0.00559738 -0.0146547 -0.00170732 0.00475204 0.00312883 0.0061754 -0.00599106
internal_weight=6995 3503 3211 3492 292 1813 1484 582 329 1398 424 116 165 329 1155 729 708 257 178 150 451 2910 291 137 88 73 158 194 213 1271 80 62 389 113 391 131 107 350 63 41 1191 250 130 83 426 146 126 127 97 52 135 54 114 92 77 61 2619 86 135 114 82 67
internal_count=6995 3503 3211 3492 292 1813 1484 582 329 1398 424 116 165 329 1155 729 708 257 178 150 451 2910 291 137 88 73 158 194 213 1271 80 62 389 113 391 131 107 350 63 41 1191 250 130 83 426 146 126 127 97 52 135 54 114 92 77 61 2619 86 135 114 82 67
is_linear=0
shrinkage=0.03


Tree=43
num_leaves=63
num_cat=0
split_feature=56 58 61 10 60 57 10 10 34 6 62 35 68 36 61 21 58 34 50 22 58 34 58 20 26 38 10 60 58 22 21 40 1 37 18 23 10 60 38 47 56 62 64 32 21 49 50 62 55 58 68 28 10 58 56 47 60 39 49 57 18 55
split_gain=577.385 81.7168 49.924 30.1747 22.6296 24.2743 20.5686 16.5002 14.668 11.3845 11.3732 10.0626 9.61061 8.39849 6.52474 5.70194 5.10113 5.81024 4.94151 4.85985 4.67882 5.65708 4.48916 4.31705 5.61675 5.57483 4.3008 4.15635 3.99382 5.08061 3.81911 8.13024 5.83844 3.84036 4.34873 3.66682 5.61857 6.20093 3.78733 3.23498 3.17988 3.02007 3.68646 3.01717 2.96683 3.26639 2.78624 2.76534 2.73717 2.72551 3.1213 2.66529 2.56719 2.51494 2.69159 2.34852 2.71125 2.29794 2.11052 2.1073 2.09235 3.94023
threshold=593.00000000000011 2714.2291666666674 1780.0000000000002 0.96386255839173451 4672.5000000000009 4155.0000000000009 0.96386255839173451 0.56392291514228221 -0.30406741049860736 8.5000000000000018 2103.6250000000005 9152.0000000000018 94804.500000000015 13152.500000000002 2626.5000000000005 2.2411475313306934 3380.229166666667 0.11713819157882456 516.33333333333337 -0.40000000000000019 4518.8958333333348 2.252732531485869 4863.6875000000009 13.267708333333333 82.450533125000007 15227.854166666668 0.87900005428953576 270.50000000000006 3392.4166666666674 0.050000000000000495 3.6083874065902877 43836.000000000007 9.6750000000000025 9957.0000000000018 -0.97499999999999987 67.815885000000009 0.56392291514228221 1212.5000000000002 18867.166666666668 222.50000000000003 2611.0000000000005 2442.1250000000005 1822.5000000000002 54.074724177376041 4.1967246173492958 284.50000000000006 224.93750000000003 2210.6875000000005 42.500000000000007 1820.166666666667 100646.00000000001 3.9950859999999975 0.87900005428953576 4821.604166666667 2686.0000000000005 225.50000000000003 1330.0000000000002 45251.000000000007 1135.0000000000002 16.500000000000004 16.375000000000004 138.50000000000003
decision_type=2 2 2 2 2 2 2 2 2 2 2 2 2 2 2 2 2 2 2 2 2 2 2 2 2 2 2 2 2 2 2 2 2 2 2 2 2 2 2 2 2 2 2 2 2 2 2 2 2 2 2 2 2 2 2 2 2 2 2 2 2 2
left_child=1 2 7 4 -2 22 8 15 28 20 60 -11 23 43 53 18 -13 -18 19 -1 21 30 40 25 -25 26 -4 -19 29 44 33 32 -32 -10 47 -14 37 -37 48 59 41 42 -6 -9 -3 -46 -34 -35 57 50 -15 -17 -45 54 -12 56 -56 -39 -42 -21 -5 -62
right_child=3 6 12 10 5 -7 -8 13 9 11 14 16 35 49 -16 51 17 27 -20 39 -22 -23 -24 24 -26 -27 -28 -29 -30 -31 31 -33 46 34 -36 36 -38 38 -40 -41 58 -43 -44 52 45 -47 -48 -49 -50 -51 -52 -53 -54 -55 55 -57 -58 -59 -60 -61 61 -63
leaf_value=49.716072589398841 -2.7038352899012881 73.438548326292491 51.036352936037851 -2.6318244439795371 -2.4186338545424588 -2.7542584607047425 -1.6830332310584661 -0.93055738675260724 2.7784104559394471 69.200599658602314 4.7570987750704896 -8.3810199169343917 -2.8237740795904003 9.1480295605208894 -4.0510216045880574 46.701548271096264 49.600629232883428 32.19310495407322 51.554110715174559 13.812785254913537 103.40946882094687 -3.0010143253064432 38.806962331960321 -5.4745293623958213 7.6129371569219773 -5.0136295355933242 -1.3792143099345799 -3.3828012149822699 87.939910609742881 -3.3469191556184614 65.293172399191633 -3.3636548120772671 -6.1784437133162919 -3.1799218820627981 60.506795634648917 39.253493503867631 -2.9996005106496346 -6.3240254221330492 -3.1178316791284315 -9.1596363689501121 -2.5954939756091484 14.868034336704365 13.948740710883129 45.962991670877031 24.581047950219972 -5.2513928962783849 32.982248845160846 68.780816407977198 -2.5326417363007563 -3.8258664223134429 -3.9962764620732214 1.7014248852289755 -0.45685703535491085 9.7556613848314093 3.7837762399538102 -1.6651606967694501 -0.65705524776941149 28.488565376867818 -0.80753695343457255 -2.0586446392426376 3.4865912120849303 -2.0930353316300216
leaf_weight=59 2559 185 55 145 31 242 56 23 37 53 61 57 117 45 24 324 29 22 93 22 126 25 30 55 31 23 22 34 686 23 115 64 22 21 375 30 104 21 111 36 24 28 21 60 41 31 81 24 43 97 33 30 20 27 22 30 20 21 26 44 34 45
leaf_count=59 2559 185 55 145 31 242 56 23 37 53 61 57 117 45 24 324 29 22 93 22 126 25 30 55 31 23 22 34 686 23 115 64 22 21 375 30 104 21 111 36 24 28 21 60 41 31 81 24 43 97 33 30 20 27 22 30 20 21 26 44 34 45
internal_value=-0.00326972 0.00503764 -0.00026463 -0.0122116 -0.013266 -0.00663268 0.00886147 0.00433021 0.00935205 0.00695051 -0.00455036 0.000369042 -0.00670036 -0.00171521 0.000961434 0.00709916 -0.00377903 0.000846063 0.00364817 0.000446927 0.00838895 0.00749509 0.00241724 -0.000951102 -0.0058885 0.00326673 0.00715953 -0.00475936 0.0120453 0.00898608 0.00797186 0.00520028 0.00796424 0.00967403 0.0104904 -0.00908522 -0.0074432 -0.00476338 -0.00671596 -0.00349657 0 0.00370787 -0.000518234 0.00506305 0.0101984 0.00495146 0.00273521 0.00159645 -0.00190364 -0.00572244 -0.00149808 0.00956509 0.00782772 0.00316677 0.00144252 -0.00245492 0.00206651 0.00349169 -0.00592814 0.000408472 -0.00908969 -0.00508217
internal_weight=6995 3626 1519 3369 2961 402 2107 886 2051 1085 408 195 633 278 184 608 142 85 254 161 890 764 160 186 86 100 77 56 966 280 739 282 218 457 420 447 330 226 196 102 130 80 52 103 257 72 103 45 85 175 78 354 80 160 133 72 42 42 50 66 224 79
internal_count=6995 3626 1519 3369 2961 402 2107 886 2051 1085 408 195 633 278 184 608 142 85 254 161 890 764 160 186 86 100 77 56 966 280 739 282 218 457 420 447 330 226 196 102 130 80 52 103 257 72 103 45 85 175 78 354 80 160 133 72 42 42 50 66 224 79
is_linear=0
shrinkage=0.03


Tree=44
num_leaves=63
num_cat=0
split_feature=4 4 58 4 56 4 19 4 45 22 4 13 60 55 56 3 62 26 35 66 62 55 4 4 62 6 29 61 58 67 62 35 6 3 37 4 62 26 49 58 7 28 44 45 11 61 31 49 48 1 42 38 27 67 20 1 31 1 7 63 44 38
split_gain=721.493 47.9907 38.6024 32.9341 19.9089 16.9404 15.3166 14.313 12.694 9.50918 7.02565 6.78934 6.20277 4.72374 4.59742 4.65608 4.50726 4.27547 4.37147 5.9444 5.67253 4.06931 4.13513 4.0436 4.98308 4.95157 3.9416 3.68051 3.98685 4.32211 3.57791 3.31657 3.19641 3.13309 2.96155 2.75125 2.51698 2.50484 2.51458 2.44245 2.42414 2.3591 2.35088 2.33006 2.27187 2.27105 2.33368 2.21756 2.24624 2.26935 2.13538 4.01603 3.59208 2.12297 2.07514 1.86819 1.85594 3.19393 1.83862 1.80656 1.80187 4.20894
threshold=11.500000000000002 1.0000000180025095e-35 3392.4166666666674 13.500000000000002 397.50000000000006 9.5000000000000018 19.525000000000002 2.5000000000000004 33206.500000000007 -0.099999999999998743 10.500000000000002 75377.500000000015 561.50000000000011 6797.5000000000009 46.500000000000007 62.734785678965032 1659.416666666667 84.458704875000009 11547.500000000002 4749.1250000000009 2067.3958333333335 339.00000000000006 1.5000000000000002 22.500000000000004 1980.4166666666667 4.5000000000000009 52.218400462826217 2626.5000000000005 3855.3750000000005 95294.000000000015 2286.3541666666674 16035.500000000002 8.5000000000000018 54.671064405753988 10320.500000000002 8.5000000000000018 2470.2916666666674 65.461379437500014 226.50000000000003 620.06250000000011 11.500000000000002 3.7471400000000021 33847.500000000007 33539.000000000007 83491.500000000015 5186.5000000000009 63.485560151823826 857.50000000000011 670.50000000000011 11.175000000000002 35695.333333333336 14555.16666666667 8.1287680641410773 105323.50000000001 -11.654166666666665 18.975000000000005 52.385360417569196 13.225000000000001 12.500000000000002 9009.0000000000018 32945.000000000007 15143.91666666667
decision_type=2 2 2 2 2 2 2 2 2 2 2 2 2 2 2 2 2 2 2 2 2 2 2 2 2 2 2 2 2 2 2 2 2 2 2 2 2 2 2 2 2 2 2 2 2 2 2 2 2 2 2 2 2 2 2 2 2 2 2 2 2 2
left_child=1 4 5 6 -1 7 11 21 16 14 27 -2 -8 36 26 -16 37 18 -11 20 31 22 43 54 -25 -26 -9 35 29 -29 55 -20 -12 -27 -18 56 40 -7 -39 -28 -6 47 50 -3 -32 -35 -47 48 49 53 51 52 -41 -24 -5 -13 57 -4 -31 -56 -52 -62
right_child=3 2 10 23 13 8 12 9 -10 17 32 30 -14 -15 15 -17 34 -19 19 -21 -22 -23 41 24 25 33 39 28 -30 58 44 -33 -34 45 -36 -37 -38 38 -40 42 -42 -43 -44 -45 -46 46 -48 -49 -50 -51 60 -53 -54 -55 59 -57 -58 -59 -60 -61 61 -63
leaf_value=-2.8631014688292273 1.3811224887342461 -5.4664633752187894 75.568165486968439 -2.8364153025025836 2.5909750564692033 21.828643189375736 -1.5455682390054051 -0.10804654464077884 -2.8276033663406728 -6.9866665391956486 29.400366947881185 -2.5967132427965627 5.2490486255561661 35.862538253313041 -5.4139013107681784 94.601517503993577 -3.9393032262163636 38.759132691058184 8.7270666215345383 63.854459553641945 19.367303757518521 24.399571660870741 51.519417948026785 -2.6688626377482603 -3.0242967287545786 1.5832905210885826 2.4158086083232422 -11.06814981163401 70.172664121853458 41.924541833100818 0.10958403833225019 -6.0342061440991577 -4.4554445961937335 -1.9398672323410757 25.615168038382517 59.061907703763822 10.739618215058915 -0.57865592541244038 -7.4927415959279591 0.99240882892679105 -2.0358139989943513 -7.4522636861306228 12.661543678694779 -0.64990333735338135 -1.9094514378155474 0.2557056277935027 -2.5191526983065016 54.195455553607836 -3.8736443634977196 -8.5025992313409073 62.028637872283895 -5.4276940005739744 72.852666030513177 26.029164834756145 -2.6333978260292503 -1.0062596525187317 89.149355417623369 -4.9181872208922961 24.347433222576264 -2.4599313648208367 -8.4114486375382143 44.673806221827412
leaf_weight=127 39 66 31 28 43 22 62 35 81 28 106 293 85 21 33 26 20 47 20 65 33 72 21 154 49 21 22 32 189 23 28 62 21 22 134 252 31 35 37 29 70 30 33 36 55 22 23 29 25 22 469 31 91 28 2566 20 699 20 25 25 25 106
leaf_count=127 39 66 31 28 43 22 62 35 81 28 106 293 85 21 33 26 20 47 20 65 33 72 21 154 49 21 22 32 189 23 28 62 21 22 134 252 31 35 37 29 70 30 33 36 55 22 23 29 25 22 469 31 91 28 2566 20 699 20 25 25 25 106
internal_value=-0.0033126 0.00630641 0.0073657 -0.0129627 -0.00533037 0.00447411 -0.00643704 0.0058399 -0.0016773 0.00741235 0.0111129 -0.00926684 0.00191706 0.00152635 0.00886235 0.00071066 0.00168077 0.00228146 0.000418068 0.00214881 -0.00192876 0.000309936 -0.00144691 -0.0142665 -0.0108622 -0.00665208 0.00943051 0.0117866 0.00862876 0.0029588 -0.0104443 -0.0061754 0.00434304 -0.0023496 0.0048475 0.0126305 -0.000395559 -0.00347503 -0.00619972 0.00985858 -0.00249337 0.00162476 0.0101352 -0.00614104 -0.00483755 -0.00554396 -0.00159645 0.00345324 0.00121748 0.00396624 0.0104806 0.007227 0.0097169 0.00757637 -0.0146432 -0.0119195 0.0135542 0.00786693 0.00866944 -0.014732 0.0112931 0.00810069
internal_weight=6995 3503 3211 3492 292 1813 582 1484 329 1155 1398 435 147 165 900 59 248 255 208 180 115 329 257 2910 291 137 841 1271 269 80 396 82 127 88 154 1002 144 94 72 806 113 155 784 102 83 67 45 125 96 71 751 151 120 49 2619 313 750 51 48 2591 600 131
internal_count=6995 3503 3211 3492 292 1813 582 1484 329 1155 1398 435 147 165 900 59 248 255 208 180 115 329 257 2910 291 137 841 1271 269 80 396 82 127 88 154 1002 144 94 72 806 113 155 784 102 83 67 45 125 96 71 751 151 120 49 2619 313 750 51 48 2591 600 131
is_linear=0
shrinkage=0.03


Tree=45
num_leaves=63
num_cat=0
split_feature=56 16 6 10 59 58 10 61 16 9 15 60 2 61 44 48 2 45 59 65 22 22 61 57 13 7 6 55 62 42 58 13 60 40 55 56 57 13 27 19 33 28 64 60 10 29 56 66 29 5 18 49 55 36 16 33 44 48 23 37 5 64
split_gain=558.073 87.939 53.4457 28.8203 24.7265 21.3951 17.1883 13.6938 13.1434 11.106 10.7717 10.7482 6.75269 6.69971 6.65543 6.4733 5.96706 7.85842 5.66789 5.53914 5.21553 5.02232 4.79935 8.7616 4.56867 4.49143 4.12847 3.96726 3.80231 5.65903 4.02802 3.6576 3.57551 3.52541 3.51567 3.91875 3.33515 3.65308 3.33161 3.27518 3.262 3.59402 3.25819 3.25345 3.23624 2.97841 2.95456 2.90986 2.86267 2.63429 2.51868 2.47454 2.4444 2.40647 3.68636 2.35113 2.2859 2.26882 2.24608 3.23763 2.2017 2.16094
threshold=529.50000000000011 -299.49999999999994 2.5000000000000004 0.96386255839173451 5178.0000000000009 3401.541666666667 0.96386255839173451 1118.5000000000002 -2430.4999999999995 1.0000000180025095e-35 13709.448968856324 1374.5000000000002 52.056273000000012 2626.5000000000005 32539.500000000004 175.50000000000003 87.11200700000002 31869.500000000004 3393.0000000000005 774.50000000000011 -0.29999999999999932 -0.10000000000000096 3885.5000000000005 3672.5000000000005 75377.500000000015 10.500000000000002 8.5000000000000018 278.50000000000006 2098.8958333333335 40320.854166666679 1840.6250000000002 77471.000000000015 586.50000000000011 51478.000000000007 42.500000000000007 46.500000000000007 3.5000000000000004 74665.500000000015 11.574392032261089 18.975000000000005 1.5677340203967203 -0.020734999999994837 1021.5000000000001 576.50000000000011 0.56392291514228221 54.196419618962771 173.50000000000003 1287.3541666666667 54.814258742836195 3.5000000000000004 8.8750000000000018 1780.5000000000002 8.5000000000000018 13908.500000000002 3564.5000000000005 1.8253087353706388 29287.500000000004 225.50000000000003 93.090295000000012 17033.500000000004 4.5000000000000009 1433.5000000000002
decision_type=2 2 2 2 2 2 2 2 2 2 2 2 2 2 2 2 2 2 2 2 2 2 2 2 2 2 2 2 2 2 2 2 2 2 2 2 2 2 2 2 2 2 2 2 2 2 2 2 2 2 2 2 2 2 2 2 2 2 2 2 2 2
left_child=1 5 7 4 22 11 9 14 42 18 24 21 -13 58 -3 55 36 31 -4 -15 26 34 -2 25 -5 -24 47 -20 29 60 -31 57 -16 -10 35 44 37 -11 -33 53 -22 -42 -6 -12 52 -27 -29 -17 -39 -19 -36 -9 -1 54 -26 -14 -21 -18 -7 -60 -23 -41
right_child=3 2 6 10 8 13 -8 51 33 16 43 12 15 19 32 20 17 49 27 56 40 28 23 -25 39 45 -28 46 -30 30 -32 38 -34 -35 50 -37 -38 48 -40 61 41 -43 -44 -45 -46 -47 -48 -49 -50 -51 -52 -53 -54 -55 -56 -57 -58 -59 59 -61 -62 -63
leaf_value=31.763978434307692 -2.5437182964233718 68.845252200856464 -3.4706637995603304 1.3396888140722183 -2.0573363906566691 84.551793510242902 -1.6679069304370628 -2.8411153893244498 0.026095774282097181 -11.89793079935891 -0.29904659759178881 -6.9671923711616781 12.673073590078024 -1.6583745651650361 0.55164898541513763 -5.4951150087371161 18.483291153273044 53.257955401747495 -6.8287142099875853 11.242618954376265 -5.9584382161405722 78.225825781823787 2.8425848377314606 -2.6323787840333153 -2.4573530417581582 -0.064417769044639361 -1.7903130241734344 26.254240847375222 54.608842390268215 8.2202848291639441 -4.4536810470472119 5.3769355536131291 -3.9369995792283401 -2.5497445040788418 57.669694406290979 1.9057982534618532 56.91852785890498 -2.0948494992309041 -6.0787485226754256 -1.7067097759171941 18.658098096697053 -8.4834494568163734 14.051660878250567 6.9855386385040319 -0.088216265596483934 -2.3506391731611505 -2.801818943938299 36.316894623086071 49.862355665846081 13.953531350710479 -4.2316959052444414 -2.3689247818335626 63.61687102806907 -2.694237248689912 2.4862802763034959 57.746170296677199 53.150346405716874 -2.5503912268963607 -3.6913351036930906 78.702303391538933 1.2566701579969275 0.76805634105050047
leaf_weight=154 2365 45 55 31 29 737 90 288 25 20 39 29 22 30 38 34 58 75 22 38 40 38 39 271 99 28 42 48 28 45 49 36 46 101 30 35 263 20 61 30 44 49 58 68 21 59 20 150 62 30 33 53 321 97 23 55 146 32 24 28 22 27
leaf_count=154 2365 45 55 31 29 737 90 288 25 20 39 29 22 30 38 34 58 75 22 38 40 38 39 271 99 28 42 48 28 45 49 36 46 101 30 35 263 20 61 30 44 49 58 68 21 59 20 150 62 30 33 53 321 97 23 55 146 32 24 28 22 27
internal_value=-0.0033898 0.00482433 -0.00118714 -0.0121307 -0.0131633 0.00847422 0.00312409 -0.0093746 -0.00329423 0.00452188 -0.00470176 0.00583515 0.00221888 0.0117356 -0.00102246 0.00315753 0.00618171 0.00296816 -0.00297726 0.00699206 0.00145363 0.00799768 -0.0139231 -0.0108335 -0.00756106 -0.00425852 0.00423264 0.00163152 0.00360791 0.00173264 -0.00283741 -0.000705505 -0.00602854 -0.00949247 0.00933681 0.0101337 0.00874281 0.00408423 -0.00475798 -0.00879029 -0.00324568 -0.000128894 0.00564868 0.00347339 0.0108184 -0.0080597 0.00524229 0.00617599 0.00690621 0.00953378 0.00256735 -0.0125242 0.0113281 -0.010461 -0.00759214 0.0110506 0.00894622 0.0036293 0.0130174 0.00685221 0.00893511 -0.00231173
internal_weight=6995 3606 1362 3389 2975 2244 892 470 213 802 414 1241 465 1003 129 436 657 292 145 214 359 776 2762 397 307 126 226 90 182 154 94 187 84 126 594 531 365 102 97 276 133 93 87 107 496 87 68 184 82 105 63 341 475 219 122 77 184 90 789 52 60 57
internal_count=6995 3606 1362 3389 2975 2244 892 470 213 802 414 1241 465 1003 129 436 657 292 145 214 359 776 2762 397 307 126 226 90 182 154 94 187 84 126 594 531 365 102 97 276 133 93 87 107 496 87 68 184 82 105 63 341 475 219 122 77 184 90 789 52 60 57
is_linear=0
shrinkage=0.03


Tree=46
num_leaves=63
num_cat=0
split_feature=4 16 61 4 45 45 4 58 58 62 4 62 31 44 22 16 2 44 2 18 4 56 5 18 58 51 2 33 39 33 57 52 64 49 51 66 2 4 62 38 61 49 51 51 40 33 24 42 2 16 12 1 15 4 53 45 58 14 56 26 45 63
split_gain=696.197 58.8563 31.9335 23.8256 16.1075 11.6052 10.6828 10.3629 8.95572 8.69489 7.9565 6.72189 5.62943 5.38661 5.16516 5.06926 5.03964 4.2999 4.37347 4.11162 4.09442 4.17818 4.03034 3.84997 3.7683 4.2128 4.21117 4.10149 3.71499 3.6365 3.63392 3.62238 3.61576 3.61474 3.52633 4.19617 3.45606 3.27628 4.17577 3.59635 3.68053 3.05447 2.93817 2.86547 2.84314 3.45701 3.34975 2.78069 2.74598 5.2344 2.60803 2.44875 4.30643 2.42653 2.41952 2.3584 2.50816 2.29984 2.22522 2.20693 2.88173 3.48712
threshold=12.500000000000002 -619.49999999999989 1780.0000000000002 3.5000000000000004 30023.000000000004 33365.500000000007 10.500000000000002 3913.3333333333335 3241.791666666667 1538.7708333333337 13.500000000000002 2182.1250000000005 59.130434641287152 31501.500000000004 -0.39999999999999897 536.50000000000011 58.557819500000008 33096.500000000007 87.370965000000012 10.025000000000002 1.0000000180025095e-35 2074.5000000000005 3.5000000000000004 2.1750000000000003 2923.5625000000005 1695.5000000000002 88.067909500000013 1.9207672081072118 42881.000000000007 2.8117507992886694 43.500000000000007 2449.0000000000005 5472.5000000000009 563.50000000000011 2051.5000000000005 1340.9791666666667 80.335020000000014 22.500000000000004 1980.4166666666667 11401.062500000002 4715.5000000000009 747.50000000000011 1144.5000000000002 1664.5000000000002 32164.000000000004 3.0780641313775208 57.767812000000006 49530.062500000007 90.919585000000012 3197.5000000000005 82352.000000000015 12.875000000000002 7798.4979537829977 4.5000000000000009 1211.5000000000002 33459.000000000007 1851.0208333333337 75890.062500000015 21.500000000000004 84.843522041666688 31869.500000000004 2030.5000000000002
decision_type=2 2 2 2 2 2 2 2 2 2 2 2 2 2 2 2 2 2 2 2 2 2 2 2 2 2 2 2 2 2 2 2 2 2 2 2 2 2 2 2 2 2 2 2 2 2 2 2 2 2 2 2 2 2 2 2 2 2 2 2 2 2
left_child=1 3 5 7 12 6 17 16 14 13 11 -2 33 -8 -5 29 30 18 43 -13 21 -9 42 -11 25 26 28 -26 -18 -6 41 -29 59 -4 -27 -36 -21 -12 -39 -40 -41 -1 -7 51 45 -16 -46 -42 -25 -50 -15 -3 -53 -48 -35 -55 -57 -10 -28 60 61 -20
right_child=10 2 4 8 15 22 9 20 57 23 37 19 -14 50 44 -17 24 -19 32 36 -22 -23 -24 48 27 34 58 31 -30 -31 -32 -33 -34 54 35 -37 -38 38 39 40 47 -43 -44 -45 46 -47 53 -49 49 -51 -52 52 -54 55 -56 56 -58 -59 -60 -61 -62 -63
leaf_value=-8.2791652302573535 -2.4379847280519682 74.529886092240957 0.048519227750521164 54.40630575214486 -6.246477945395208 3.1588613433141743 -3.2722409352403807 -2.5803090446455994 59.126795353173975 -5.9572257023300308 -2.4974067475306705 -3.3085167691419084 -2.6085532206682127 25.175186168611958 12.225066962785013 -2.6273092817341732 35.64956509855152 -4.9076851517323394 -8.0940242370756366 1.6685908921104016 73.619146041149719 14.999979986678394 -5.9525310824452751 28.754227482497974 42.623030660154001 -5.6375811547986618 -11.311193020716969 29.354289602562865 12.747760058636672 27.76577772906068 -2.4931129783958137 -2.0298999762325627 -7.744635609788868 13.549026542091537 -7.5038996940673588 13.887295318937621 -0.6293931829083993 -2.5110649092941295 0.54622948098642599 -2.7475260720653845 0.26586795756692311 48.329857341733842 -1.6243437978723405 -1.6540013086051408 -7.814039256172868 -4.1047792959099292 15.878465491911637 -1.6388411924746984 -5.1100080135040846 23.355922225081677 -1.2450422820760514 -7.0012791047660352 69.494009817650621 53.262971468379554 56.366488688507651 42.353819946740408 -1.3774707113570537 80.70646018062132 7.5509632387885723 52.466934878817078 46.80942722728939 33.389154305825407
leaf_weight=38 195 210 137 322 42 47 71 22 30 23 2619 23 56 20 53 226 43 20 41 25 211 34 41 121 62 54 24 118 85 23 36 35 22 21 21 40 48 154 20 61 21 22 23 22 22 22 49 35 33 53 40 21 64 132 39 48 26 668 25 43 49 44
leaf_count=38 195 210 137 322 42 47 71 22 30 23 2619 23 56 20 53 226 43 20 41 25 211 34 41 121 62 54 24 118 85 23 36 35 22 21 21 40 48 154 20 61 21 22 23 22 22 22 49 35 33 53 40 21 64 132 39 48 26 668 25 43 49 44
internal_value=-0.003467 0.00522575 0.000732556 0.0083346 -0.00512222 0.00389545 0.00502954 0.00444432 0.0107988 0.00103019 -0.0137709 -0.00900721 0.000403003 -0.00512586 0.00831776 -0.00993473 0.00225833 0.00771684 0.0082484 -0.00246618 0.00936728 0.00208556 -0.00523852 0.0045502 0.00345494 0.00122218 0.00413326 0.00647141 0.00700234 -0.00248848 -0.00402706 0.00380144 0.00473129 0.00280061 -0.00323197 0.00166939 0.000984952 -0.0142459 -0.0111714 -0.00730853 -0.00932536 0.000449251 -0.000813124 0.0104447 0.00578529 0.000559254 0.00718874 -0.00368984 0.00585225 0.00170732 0.00144759 0.0112233 0.00683901 0.00816151 0.00893511 0.00959243 0.00522267 0.0131887 -0.00329939 0.00616601 0.00422819 0.000846063
internal_weight=6995 3794 1552 2242 544 1008 897 870 1372 361 3201 291 253 131 674 291 603 536 516 96 267 56 111 230 507 292 177 215 128 65 96 153 199 197 115 61 73 2910 291 137 117 60 70 317 352 75 277 56 207 86 60 295 85 255 60 206 74 698 49 177 134 85
internal_count=6995 3794 1552 2242 544 1008 897 870 1372 361 3201 291 253 131 674 291 603 536 516 96 267 56 111 230 507 292 177 215 128 65 96 153 199 197 115 61 73 2910 291 137 117 60 70 317 352 75 277 56 207 86 60 295 85 255 60 206 74 698 49 177 134 85
is_linear=0
shrinkage=0.03


Tree=47
num_leaves=63
num_cat=0
split_feature=4 4 58 4 4 58 19 36 4 59 69 54 46 2 27 64 4 26 64 60 57 24 14 46 31 4 55 56 58 7 21 47 48 23 4 62 38 55 61 30 42 24 24 26 58 46 55 64 20 46 58 61 64 18 54 26 36 32 53 17 63 20
split_gain=677.888 48.8863 33.3018 32.9354 17.0296 16.9125 14.3571 13.9804 10.8653 8.68291 6.59839 6.77575 6.58269 10.9138 10.1081 5.83603 5.54075 5.26925 5.24567 5.09491 4.75958 4.81809 4.51506 3.91422 4.1576 3.83199 4.99363 4.26739 3.83146 5.26581 3.71736 3.68402 3.6252 3.58743 3.43872 4.206 3.46314 3.39963 3.3477 3.4837 3.32528 3.248 3.6957 3.32293 3.22278 3.19926 3.18339 2.99309 2.8403 2.71252 2.6877 3.02954 2.63793 2.41648 2.38084 4.67527 2.32146 2.31026 2.29999 2.01075 2.00025 1.99045
threshold=11.500000000000002 1.5000000000000002 2714.2291666666674 13.500000000000002 8.5000000000000018 3966.2083333333335 19.875000000000004 13152.500000000002 10.500000000000002 4880.5000000000009 89142.500000000015 1341.604166666667 29366.625000000004 93.090295000000012 9.1319871131028059 7601.5000000000009 4.5000000000000009 48.563695979166674 1008.5000000000001 370.50000000000006 23.500000000000004 90.544850000000011 82115.020833333358 31772.979166666668 57.019462576567427 1.0000000180025095e-35 428.50000000000006 397.50000000000006 1851.0208333333337 21.500000000000004 2.1629863271716872 208.50000000000003 410.50000000000006 71.006720000000016 22.500000000000004 1980.4166666666667 11401.062500000002 6.5000000000000009 4715.5000000000009 63.85781894423814 55110.333333333343 76.514600000000016 93.090295000000012 69.609501833333354 4821.604166666667 30010.062500000004 14.500000000000002 249.50000000000003 -6.5718749999999995 30343.812500000004 1840.6250000000002 1108.5000000000002 1120.0000000000002 9.1250000000000018 754.93750000000011 64.584796312500018 13042.000000000002 53.795409808580651 849.50000000000011 17.775000000000002 3770.0000000000005 22.848958333333339
decision_type=2 2 2 2 2 2 2 2 2 2 2 2 2 2 2 2 2 2 2 2 2 2 2 2 2 2 2 2 2 2 2 2 2 2 2 2 2 2 2 2 2 2 2 2 2 2 2 2 2 2 2 2 2 2 2 2 2 2 2 2 2 2
left_child=1 5 4 6 16 9 10 22 12 25 11 31 13 14 15 -4 20 -14 -16 -8 28 32 -6 24 57 27 -27 -1 -3 46 41 -2 -22 -11 -5 -36 -37 -9 -38 -40 -21 43 -43 -18 52 -39 -30 -19 -32 -24 51 -47 -7 -48 55 -20 -26 -10 -33 -28 -60 -12
right_child=3 2 8 34 7 44 19 37 23 33 61 -13 17 -15 18 -17 30 47 54 40 21 -23 49 -25 56 26 59 -29 29 -31 48 58 -34 -35 35 36 38 45 39 -41 -42 42 -44 -45 -46 50 53 -49 -50 -51 -52 -53 -54 -55 -56 -57 -58 -59 60 -61 -62 -63
leaf_value=-2.5688910383753023 -2.8118265028256517 47.340986621678965 -9.494275710564029 -2.4224845451047501 -2.281957877921204 -0.28654237330375509 -2.3317644601092784 -3.711198319354017 33.442645812260281 -2.2872906095286885 -2.490275672202455 -2.4205317174027137 -1.6414205203387382 -11.882146762534306 -3.919632383615367 44.520404770657649 13.607136514185049 12.473460551676544 -26.367877688515819 7.4675409499610623 -12.636451547481988 69.64215733552787 44.99164518042538 30.272030825703911 -8.2931405823566777 -4.541844461448866 26.859070074775694 -0.93921303416821444 -13.259076708137135 41.791218937838082 7.9768752365990778 4.1196204316421694 6.735031013722355 12.666533787349817 -2.4357329620153054 0.52984259655683319 -2.6651002899034228 9.4778761117144441 0.65982345189362146 -1.9913077357605529 -0.49395777286749531 55.579620002506772 -0.66903083694114684 -7.2033238593226212 49.788642132143522 3.1897655033070076 -8.620844592487181 72.991159123475938 43.655872012574221 0.65247617438498307 -4.6447371142316705 -2.6876371125854717 14.416394675243115 32.529333689281259 81.408977510199719 98.575773599019215 -1.2782770229330116 -0.16554958536709591 1.0455981990058154 -0.49401928049891691 -1.9296208547004818 -0.66295294374852121
leaf_weight=122 22 98 48 2619 27 39 25 52 23 51 255 70 25 30 21 23 35 29 24 75 44 21 66 78 28 118 20 54 21 51 28 27 44 55 154 20 61 30 24 32 38 70 35 24 35 39 20 1155 244 25 61 27 68 28 267 25 24 29 22 22 21 27
leaf_count=122 22 98 48 2619 27 39 25 52 23 51 255 70 25 30 21 23 35 29 24 75 44 21 66 78 28 118 20 54 21 51 28 27 44 55 154 20 61 30 24 32 38 70 35 24 35 39 20 1155 244 25 61 27 68 28 267 25 24 29 22 22 21 27
internal_value=-0.00345413 0.00586966 0.00745504 -0.0128081 0.0032997 -0.00204931 -0.00628243 -0.00242128 0.00992947 -0.00494684 -0.00891016 -0.00405305 0.0106988 0.00752568 0.00881402 -0.0014346 0.00575547 0.0118452 0.0109819 0.00215062 0.00278814 -0.00230981 0.0058171 0.00294893 -0.000835735 -0.00731032 -0.0039163 -0.0103748 0.00535076 0.00172356 0.00797294 0.00127036 -0.0054143 0.00251649 -0.0141119 -0.0109653 -0.00708972 -0.00708752 -0.00906917 -0.00368984 0.00488064 0.00436929 0.00753568 -0.00121827 0.00694581 -0.00485041 -0.00364689 0.0121333 0.0101323 0.00902305 -0.00693942 -0.00267776 0.00431373 0.000561331 0.0119488 0.00574338 -0.00685221 0.00512476 0.00466476 0.00491686 0.000278422 -0.0116873
internal_weight=6995 3503 2919 3492 1090 584 582 327 1829 442 444 162 1647 438 408 71 763 1209 337 138 327 109 118 182 104 336 160 176 218 120 436 92 88 106 2910 291 137 209 117 56 113 164 105 59 142 157 69 1184 272 91 127 66 107 48 316 49 52 52 70 42 43 282
internal_count=6995 3503 2919 3492 1090 584 582 327 1829 442 444 162 1647 438 408 71 763 1209 337 138 327 109 118 182 104 336 160 176 218 120 436 92 88 106 2910 291 137 209 117 56 113 164 105 59 142 157 69 1184 272 91 127 66 107 48 316 49 52 52 70 42 43 282
is_linear=0
shrinkage=0.03


Tree=48
num_leaves=63
num_cat=0
split_feature=4 16 45 4 60 58 58 4 58 62 21 22 4 55 35 16 50 59 44 26 25 22 11 44 57 2 7 1 18 58 4 62 57 65 32 33 62 57 30 57 39 14 30 27 7 48 16 51 48 58 57 48 43 14 18 55 53 49 45 58 33 1
split_gain=666.408 54.1424 28.8277 23.3396 16.8411 16.1012 11.7088 10.5464 8.99614 8.02746 7.12181 6.73804 6.47708 8.43739 5.2485 4.75457 4.51305 4.37283 4.25055 4.25042 5.6396 4.21253 4.20435 4.20268 3.98658 3.8828 3.74499 3.59452 6.49244 3.50753 3.30088 4.206 3.5319 3.27537 5.54225 3.29745 3.25515 3.22248 3.03403 2.99 2.98636 2.93618 2.87484 2.88001 2.7583 3.02951 2.80217 2.61113 2.60576 2.51646 2.97995 2.48876 2.424 2.41207 2.32451 2.26707 2.19327 2.18315 2.13909 4.48697 3.9132 2.1306
threshold=12.500000000000002 -619.49999999999989 33365.500000000007 2.5000000000000004 2125.5000000000005 3392.4166666666674 3876.0416666666674 10.500000000000002 4518.8958333333348 1538.7708333333337 3.7233433597867491 -0.099999999999998743 13.500000000000002 1242.0000000000002 14818.500000000002 986.50000000000011 243.95833333333334 4706.5000000000009 31169.500000000004 84.458704875000009 69.27285000000002 -0.17500000000000068 107142.50000000001 28374.000000000004 15.500000000000002 89.546590000000023 19.500000000000004 12.875000000000002 12.575000000000001 4504.0625000000009 22.500000000000004 1980.4166666666667 3162.5000000000005 2064.0000000000005 59.471424394508375 2.4248048366761972 1823.6250000000002 16.500000000000004 63.91400450429061 29.500000000000004 35445.500000000007 82433.562500000015 53.833982392690885 9.3617104946615139 4.5000000000000009 563.50000000000011 -3847.4999999999995 1565.5000000000002 227.50000000000003 2272.4583333333335 925.00000000000011 249.50000000000003 27912.500000000004 75890.062500000015 11.875000000000002 6270.5000000000009 1302.5000000000002 430.50000000000006 33001.500000000007 1840.6250000000002 2.6895111922712647 17.775000000000002
decision_type=2 2 2 2 2 2 2 2 2 2 2 2 2 2 2 2 2 2 2 2 2 2 2 2 2 2 2 2 2 2 2 2 2 2 2 2 2 2 2 2 2 2 2 2 2 2 2 2 2 2 2 2 2 2 2 2 2 2 2 2 2 2
left_child=1 3 4 8 7 11 14 21 10 18 17 33 13 -2 16 26 39 22 -9 20 -13 27 25 -18 36 -1 -4 47 -29 54 -14 -32 -33 34 35 -5 -22 -24 55 -6 52 42 -35 -44 -12 -46 -47 -3 -42 -19 -51 -15 -23 -7 -11 -34 -25 -8 -43 -60 -61 -30
right_child=12 2 15 5 6 53 57 9 -10 29 44 19 30 51 -16 -17 23 49 -20 -21 24 40 37 56 -26 -27 -28 28 61 -31 31 32 38 41 -36 -37 -38 -39 -40 -41 48 58 43 -45 45 46 -48 -49 -50 50 -52 -53 -54 -55 -56 -57 -58 -59 59 60 -62 -63
leaf_value=29.719951338507922 -2.3944295719816 74.227007427559599 -4.5500205001499099 9.2971927084799511 -0.3957282166427285 54.910722167272766 7.0054173129998114 -3.060218487695741 66.241048390130558 -3.1081811989900552 13.303183589160293 84.162651362431646 -2.3498100087516076 0.19504665790413694 -2.5433279454439108 -2.2718752041137562 -2.4421216116954816 -4.5912413199487112 0.1472458963987438 42.332759590690316 -4.2783479158528737 45.622273749250589 19.35476603072188 0.19660536878578569 -4.4138505300595376 -3.5414106621329231 14.484773128821145 -20.578573687334082 66.0294291746022 37.246759396718446 -2.3626609731548465 -2.5846311713051597 -1.5010807250724487 40.631975455543675 35.713150613710511 -18.861652903275591 38.078815431488678 -5.2632646999597705 -1.5299367246276405 -3.3968624377444874 57.203433249039364 56.874151525591351 -7.7638403034078554 20.171412578440854 1.6079468014025042 -1.1629325677679936 -6.5207850544678925 5.4254809149610805 0.95981150631138457 41.988667826899267 4.1785438092607388 -1.3552212537864474 -7.133928760819467 79.703725777972267 9.9873852457291772 1.4110889424723068 21.227960064636221 38.38932784665549 53.444755356312008 -17.086299136673617 31.696075581605555 27.002494047290664
leaf_weight=65 197 195 106 22 34 38 46 70 74 53 27 32 2619 61 90 127 44 22 64 35 30 29 24 31 68 26 28 20 67 41 154 65 21 39 128 23 27 37 27 45 48 297 22 36 43 30 64 23 26 115 51 33 60 727 166 24 30 29 95 24 21 80
leaf_count=65 197 195 106 22 34 38 46 70 74 53 27 32 2619 61 90 127 44 22 64 35 30 29 24 31 68 26 28 20 67 41 154 65 21 39 128 23 27 37 27 45 48 297 22 36 43 30 64 23 26 115 51 33 60 727 166 24 30 29 95 24 21 80
internal_value=-0.00353991 0.00496481 0.000655241 0.00794657 0.00249555 0.00975122 -0.00312804 0.00458232 0.0027452 0.000829739 0.00130331 0.00702035 -0.0136209 -0.00931639 -0.00600876 -0.00843355 -0.00307985 0.00378418 -0.00512304 0.00201458 -7.63845e-05 0.00727422 0 0.000970504 -0.00297362 0.00408342 -0.0044519 0.00898987 0.00563734 0.00391003 -0.01405 -0.0109653 -0.00708972 0.00837505 0.0047487 -0.00425721 0.00283713 -0.00608838 -0.00245492 -0.00849558 0.00320049 0.00954316 0.00475798 0.000464716 -0.00382084 -0.00555799 -0.00857598 0.0115406 0.00765182 0.00684211 0.00810957 -0.00188098 -0.00047138 0.0129552 0.00238247 0.00226164 0.00608838 0.0073502 0.0105971 0.00747323 -0.000266075 0.00783141
internal_weight=6995 3794 1552 2242 1291 1664 349 942 578 394 504 899 3201 291 274 261 184 340 134 192 157 548 152 105 125 91 134 385 167 260 2910 291 137 707 173 45 57 61 72 79 163 534 97 58 164 137 94 218 74 188 166 94 89 765 219 45 61 75 437 140 45 147
internal_count=6995 3794 1552 2242 1291 1664 349 942 578 394 504 899 3201 291 274 261 184 340 134 192 157 548 152 105 125 91 134 385 167 260 2910 291 137 707 173 45 57 61 72 79 163 534 97 58 164 137 94 218 74 188 166 94 89 765 219 45 61 75 437 140 45 147
is_linear=0
shrinkage=0.03


Tree=49
num_leaves=63
num_cat=0
split_feature=4 4 22 4 4 59 18 62 21 70 45 11 62 14 61 4 55 45 31 38 4 2 67 50 45 4 46 62 15 38 4 62 3 63 47 36 51 14 14 20 53 38 4 56 53 41 22 15 63 27 38 15 62 70 25 19 24 53 69 4 51 31
split_gain=627.789 43.2475 29.3007 27.2087 17.6572 13.3607 12.6536 9.05953 6.84411 6.134 6.07942 5.85705 5.97983 5.50606 5.19592 7.15017 4.9843 4.79768 4.60241 4.45064 4.32525 4.23254 4.82364 4.89216 3.73287 3.6458 3.61254 3.5638 13.7985 12.8087 3.81233 3.86771 3.51364 3.49366 3.46284 3.40083 4.32221 3.14264 3.26265 3.0456 3.00127 2.99758 2.93173 3.12332 2.88968 3.10793 2.87865 2.72579 4.37443 3.52523 2.68973 2.52662 2.50259 4.29219 2.45753 3.21968 2.33244 2.31402 3.08146 3.04511 2.38265 2.28414
threshold=11.500000000000002 1.5000000000000002 -0.17500000000000068 13.500000000000002 10.500000000000002 4706.5000000000009 18.975000000000005 2192.2708333333335 2.276717214927038 90623.520833333343 33486.500000000007 83920.500000000015 2203.9166666666674 82662.375000000015 1736.5000000000002 7.5000000000000009 1096.5000000000002 31869.500000000004 61.743871273378268 14203.66666666667 3.5000000000000004 86.071357500000019 96575.000000000015 799.00000000000011 33079.000000000007 8.5000000000000018 27486.229166666668 991.14583333333348 8287.2605671625224 12877.937500000002 22.500000000000004 1980.4166666666667 50.221050963748411 2208.5000000000005 301.50000000000006 20981.500000000004 1580.5000000000002 118253.31250000001 95518.000000000015 11.055208333333335 1366.5000000000002 24390.437500000004 1.0000000180025095e-35 652.50000000000011 1129.5000000000002 38644.500000000007 -1.1499999999999999 5913.4934715065428 1868.5000000000002 13.839742415220607 12309.000000000002 11570.165972923518 2114.6041666666674 83941.104166666672 89.206675000000004 19.125000000000004 71.617225000000005 655.50000000000011 100343.50000000001 7.5000000000000009 1079.5000000000002 59.190450841377434
decision_type=2 2 2 2 2 2 2 2 2 2 2 2 2 2 2 2 2 2 2 2 2 2 2 2 2 2 2 2 2 2 2 2 2 2 2 2 2 2 2 2 2 2 2 2 2 2 2 2 2 2 2 2 2 2 2 2 2 2 2 2 2 2
left_child=1 5 4 6 10 9 11 8 57 18 20 12 -2 -9 15 -10 -7 -8 26 -16 34 32 23 47 -6 37 -1 28 -5 -30 -29 -32 -22 -18 44 36 -17 38 -12 -33 -28 -19 43 -11 45 -3 -44 52 49 -49 -41 -25 53 -23 56 -56 -15 -4 59 60 -59 -42
right_child=3 2 7 27 24 16 17 13 14 42 25 -13 -14 54 19 35 33 41 -20 -21 21 22 -24 51 -26 -27 40 30 29 -31 31 39 -34 -35 -36 -37 -38 -39 -40 50 61 -43 46 -45 -46 -47 -48 48 -50 -51 -52 -53 -54 -55 55 -57 -58 58 -60 -61 -62 -63
leaf_value=-4.6306243753060112 -2.1639517513383324 33.151363081006764 -3.9098417593048245 -2.4593157084890596 0.35793049940773469 -2.7163807102233193 -1.858417895047952 -6.9979305130244978 42.663788779827193 -2.3370242201792855 -9.5362034819236374 -2.2891692120515574 1.1051977515414637 32.777403584098082 15.868937150684527 19.518439367553182 6.8694596006248263 5.9694976083342972 -3.2056475016990627 -3.5692921532351192 25.216274952153412 8.7904484028133663 55.623606896265194 47.254366089294621 -2.6039555265828849 -3.2510733386623496 -1.0496886206475435 -2.2830341002881482 0.060684291510940506 -2.2193157084890593 -2.2566328233099222 -2.5542622643919799 77.431326899952012 46.042645510715339 54.113822975562357 -11.635117003233685 -7.5469137158598567 -3.4341036876230144 47.833991496389231 0.51529719539912999 27.320588815026202 -0.26409884756215035 3.0124592946591382 -0.48841382989753357 44.259083807665128 -20.548548184956076 -4.3188415285244295 41.836015417226804 70.748119886247963 -2.4734518748712344 -1.1073575528998625 -14.934714919506487 61.253217697621729 -15.94544306660881 -1.3139643749058041 71.359442882668191 60.492349409137354 42.656620590856441 -4.4527027442829041 -2.8056736475684687 -1.0596354414561482 0.19938748320438152
leaf_weight=20 135 29 53 136 111 41 47 27 106 94 20 242 47 31 33 106 120 74 22 39 30 32 194 22 21 38 52 2440 37 24 136 43 865 57 347 25 28 22 113 22 38 37 23 23 49 20 74 40 115 30 72 21 24 22 47 29 109 20 34 42 25 20
leaf_count=20 135 29 53 136 111 41 47 27 106 94 20 242 47 31 33 106 120 74 22 39 30 32 194 22 21 38 52 2440 37 24 136 43 865 57 347 25 28 22 113 22 38 37 23 23 49 20 74 40 115 30 72 21 24 22 47 29 109 20 34 42 25 20
internal_value=-0.00341982 0.0055528 0.00704395 -0.0124215 0.00881807 -0.00189522 -0.00648858 0.00194537 -0.000316963 -0.00540016 0.00950863 -0.00918887 -0.00509061 0.00671329 0.00217146 0.0041192 0.00397524 0.000740038 -0.000769231 -0.00495146 0.0100413 0.010868 0.00863227 0.00626266 -0.0017941 0.00441222 0.00136049 -0.0136067 -0.00964992 0.00216039 -0.0138926 -0.0104797 0.0121126 0.00616601 0.00744102 7.54243e-05 0.00199105 0.00646035 0.00820436 -0.0068709 0.00351499 0.00415842 -0.00867352 -0.0118873 0.0024159 -0.00268839 -0.00475798 0.00779932 0.0097893 0.00380884 -0.00379384 -0.00306265 0.00303457 -0.000499076 0.00831559 0.00390276 0.0106852 -0.00515221 -0.00282411 0.000137773 0.00558758 0.00820998
internal_weight=6995 3503 2919 3492 2165 584 582 754 511 366 2033 424 182 243 337 265 218 158 152 72 1840 1395 500 306 132 193 130 2910 197 61 2713 273 895 177 445 159 134 155 133 137 110 111 214 117 98 49 97 263 185 70 94 43 78 54 216 76 140 174 121 87 45 58
internal_count=6995 3503 2919 3492 2165 584 582 754 511 366 2033 424 182 243 337 265 218 158 152 72 1840 1395 500 306 132 193 130 2910 197 61 2713 273 895 177 445 159 134 155 133 137 110 111 214 117 98 49 97 263 185 70 94 43 78 54 216 76 140 174 121 87 45 58
is_linear=0
shrinkage=0.03


Tree=50
num_leaves=63
num_cat=0
split_feature=4 58 16 60 4 4 4 62 43 58 44 38 4 55 22 21 61 50 21 1 49 48 6 7 36 66 1 47 24 48 4 43 6 3 56 68 24 58 42 45 58 38 64 58 52 47 27 4 48 22 26 22 44 34 36 24 47 21 62 26 16 47
split_gain=614.436 51.7864 29.1045 16.7577 16.291 16.4009 12.5057 10.8143 7.72849 6.90341 6.79383 6.04632 5.81035 7.97329 5.55913 5.5356 5.25553 5.02746 4.6488 5.90433 4.58533 5.11045 4.43514 18.6155 5.76101 4.32392 4.27829 4.32246 4.25733 4.19496 4.08271 3.97472 3.93731 5.61827 3.8567 4.96002 3.50217 3.48319 6.37025 3.47323 6.24211 8.32688 3.71829 3.22473 3.20907 3.43873 3.09899 3.0571 3.03492 3.03374 3.12297 2.97767 3.23522 2.96637 2.93595 2.86686 2.78621 4.41569 3.7643 2.98218 2.72917 2.66851
threshold=12.500000000000002 3392.4166666666674 -619.49999999999989 2093.0000000000005 10.500000000000002 1.5000000000000002 3.5000000000000004 1701.6250000000002 33138.500000000007 4518.8958333333348 29987.000000000004 19645.750000000004 13.500000000000002 1242.0000000000002 -0.074999999999999276 4.1639231687270124 1298.5000000000002 493.22916666666669 3.5974512252329336 11.775000000000002 559.50000000000011 719.50000000000011 9.5000000000000018 5.5000000000000009 14139.000000000002 1254.1250000000002 18.125000000000004 180.50000000000003 73.321180000000012 241.50000000000003 22.500000000000004 28906.000000000004 4.5000000000000009 54.315954582535859 44.500000000000007 87403.500000000015 57.341395000000013 4518.8958333333348 27943.083333333339 29190.500000000004 3800.7291666666674 14368.85416666667 249.50000000000003 2614.7083333333339 650.50000000000011 198.50000000000003 11.192435707109238 1.0000000180025095e-35 329.50000000000006 -0.20000000000000059 72.005554895833342 -0.45000000000000001 33041.000000000007 1.0000000180025095e-35 22609.500000000004 74.934580000000011 180.50000000000003 3.4090230202344207 2349.0000000000005 85.077195854166675 386.50000000000006 2078.5000000000005
decision_type=2 2 2 2 2 2 2 2 2 2 2 2 2 2 2 2 2 2 2 2 2 2 2 2 2 2 2 2 2 2 2 2 2 2 2 2 2 2 2 2 2 2 2 2 2 2 2 2 2 2 2 2 2 2 2 2 2 2 2 2 2 2
left_child=1 2 6 7 5 9 18 16 28 15 47 17 13 -2 34 61 26 29 20 48 21 51 30 24 -24 -22 27 -4 31 55 -14 -9 -32 -34 36 -36 -8 38 -7 40 -40 -42 -41 -33 45 -16 -46 -5 -20 50 -29 52 -1 -53 -13 -6 -30 58 -58 -60 -12 -3
right_child=12 4 3 10 11 37 14 8 -10 -11 60 54 22 -15 44 -17 -18 -19 19 -21 25 -23 23 -25 -26 -27 -28 49 56 -31 32 43 33 -35 35 -37 -38 -39 39 42 41 -43 -44 -45 46 -47 -48 -49 -50 -51 -52 53 -54 -55 -56 -57 57 -59 59 -61 -62 -63
leaf_value=41.791715286732732 -2.2539216084606051 14.946800339004511 35.606628116234958 -2.0204822583430557 -2.5416916428206449 -11.915460596826929 -0.59167078649814353 64.603960689295704 -2.7215034381414154 42.380495219166782 -3.4198436935953396 33.645321882456678 -2.2108246854804148 -0.11426097502228202 18.380144625305885 -3.1742692819115987 -2.6366985774727492 -3.6408403863954719 38.279301606406989 -7.2799631149200188 -0.27880078994181529 -4.8963575351540927 0.058863762765612365 -2.3855362372343878 -2.3308246854804149 39.669179497713372 -11.151449771215653 31.15731335178868 58.986996361046238 -2.7777067118394614 -2.4145096784036628 -9.8496299122616584 1.4416176751522953 -2.1347318764483667 -5.4058863599844695 77.730833825893214 44.413115356087225 98.433357080524544 -14.180832319856217 8.0394367548991159 79.999239034886159 -8.9396478416468881 62.689674197634538 28.99235984674019 6.4775035330822215 -5.3510625722063123 49.032873399798 0.1934389617681245 -1.6892120581408743 -3.2659342634266451 -1.1117720726411673 -9.6275781822923996 -4.3385155411098868 11.499143165389519 -0.73358747477904096 19.58105621125253 36.512804568488271 -6.8416529636881611 -9.0945109720165878 10.779712361253759 -2.2497819554111005 -2.6139253008154353
leaf_weight=50 197 91 36 46 21 22 25 20 48 60 37 68 2457 94 26 66 74 51 21 90 29 50 30 130 20 87 36 30 63 23 120 23 24 129 21 20 512 262 27 25 132 28 647 20 83 24 23 81 20 67 56 27 20 46 24 67 88 29 22 21 170 39
leaf_count=50 197 91 36 46 21 22 25 20 48 60 37 68 2457 94 26 66 74 51 21 90 29 50 30 130 20 87 36 30 63 23 120 23 24 129 21 20 512 262 27 25 132 28 647 20 83 24 23 81 20 67 56 27 20 46 24 67 88 29 22 21 170 39
internal_value=-0.00350989 0.00465644 0.00157489 -0.00227691 0.00864557 0.00991495 0.00475002 0.000587585 0.00430111 0.00303397 -0.00771326 0.00164109 -0.0131898 -0.00911027 0.00714753 0.000290668 -0.00355065 -0.0018322 0.000743013 -0.00398169 0.00275639 -6.2144e-05 -0.0135964 -0.00897835 0.00652695 0.0074677 -0.00125278 0.000539397 0.00617616 0.00172817 -0.0138995 -0.00066561 -0.0103698 -0.00713259 0.00850545 -0.000291971 0.00918265 0.0114531 0.0105346 0.010944 0.00727953 0.00953779 0.011958 -0.00584687 0.00209481 -0.00413174 0.00506126 -0.00221873 0.00540146 -0.00164598 0.00205575 0.00280922 0.00723252 -0.00139535 0.00778502 0.00473326 0.00812192 0.00597751 0.00832952 0.000974478 -0.0110671 0.003897
internal_weight=6995 3794 2141 967 1653 1399 1174 633 334 256 334 254 3201 291 734 196 299 162 440 131 309 193 2910 180 50 116 225 189 286 111 2730 63 273 153 578 41 537 1143 881 859 187 160 672 43 156 50 106 127 41 153 86 143 70 73 92 88 223 160 131 43 207 130
internal_count=6995 3794 2141 967 1653 1399 1174 633 334 256 334 254 3201 291 734 196 299 162 440 131 309 193 2910 180 50 116 225 189 286 111 2730 63 273 153 578 41 537 1143 881 859 187 160 672 43 156 50 106 127 41 153 86 143 70 73 92 88 223 160 131 43 207 130
is_linear=0
shrinkage=0.03


Tree=51
num_leaves=63
num_cat=0
split_feature=4 58 16 60 34 58 24 57 21 62 57 43 44 4 55 22 62 30 70 4 60 61 65 20 17 15 4 15 6 7 30 4 6 6 55 24 25 4 66 57 29 5 58 22 66 17 51 43 27 16 47 25 15 64 33 58 62 62 47 21 23 25
split_gain=602.317 51.6528 28.4576 17.6136 15.9578 11.6495 9.84836 13.3182 7.87414 7.66981 7.12077 6.40603 6.28562 6.05774 7.74616 5.43394 6.52422 5.22752 5.1088 4.90843 5.11451 4.90098 4.7393 4.73651 4.69765 5.0554 4.66327 4.51503 4.41496 18.6155 5.76101 4.32132 4.156 5.04224 4.43472 4.0986 4.02496 3.73826 3.73054 3.6981 3.46617 3.27867 3.42849 3.27597 3.15795 4.04145 2.95997 3.45967 3.99072 2.83267 3.04412 2.76473 2.75332 3.82403 2.71455 2.57889 4.2308 2.64372 2.54465 3.06846 2.72319 2.51686
threshold=12.500000000000002 3392.4166666666674 -177.49999999999997 2093.0000000000005 -0.40483136868481745 4518.8958333333348 69.453215000000014 18.500000000000004 3.57160069460816 1701.6250000000002 32.500000000000007 33138.500000000007 29987.000000000004 13.500000000000002 1242.0000000000002 -0.12499999999999999 2173.4375000000005 62.985818092556947 101020.58333333336 10.500000000000002 3017.5000000000005 1298.5000000000002 6960.5000000000009 11.173958333333335 12.125000000000002 5609.9408560620623 3.5000000000000004 11454.737904589418 9.5000000000000018 5.5000000000000009 56.094790815178776 22.500000000000004 4.5000000000000009 6.5000000000000009 4835.0000000000009 73.321180000000012 88.297410000000013 1.0000000180025095e-35 5390.416666666667 925.00000000000011 53.23758798531734 5.5000000000000009 2422.5000000000005 -0.20000000000000059 2514.8333333333335 24.025000000000002 1366.5000000000002 32845.500000000007 9.1319871131028059 -1922.9999999999998 229.50000000000003 81.174935000000019 11454.737904589418 2030.5000000000002 2.3462357202195379 3973.7916666666674 2263.8125000000005 2200.1041666666674 171.50000000000003 3.2119193042213334 96.834020000000024 95.614495000000019
decision_type=2 2 2 2 2 2 2 2 2 2 2 2 2 2 2 2 2 2 2 2 2 2 2 2 2 2 2 2 2 2 2 2 2 2 2 2 2 2 2 2 2 2 2 2 2 2 2 2 2 2 2 2 2 2 2 2 2 2 2 2 2 2
left_child=1 2 6 9 49 8 7 24 23 21 18 35 37 14 -2 26 17 38 19 20 40 27 44 -6 -1 -26 46 36 31 30 -30 -15 -33 34 -34 51 43 -5 -17 61 -10 -28 -43 -4 45 -9 47 -8 -49 -3 -51 -11 53 -48 -27 57 -57 -12 -37 60 -60 -25
right_child=13 4 3 12 5 -7 15 22 10 11 55 -13 -14 28 -16 16 -18 -19 -20 -21 -22 -23 -24 39 25 54 41 -29 29 -31 -32 32 33 -35 -36 58 -38 -39 -40 -41 -42 42 -44 -45 -46 -47 52 48 -50 50 -52 -53 -54 -55 -56 56 -58 -59 59 -61 -62 -63
leaf_value=77.683374059142636 -2.1863039602067871 78.382078849279736 50.503918760184597 -2.3692972996271005 -0.76762187173003493 73.293078672423931 46.114029770898249 20.379017312694213 -1.9078466548199411 68.16693173551883 -2.4636104170548294 -2.58565877816112 -2.2843250312578984 -2.1444999449160025 -0.11083314577161417 -1.0354822270076101 43.941504432701514 -5.7371213337250362 -10.384118262878978 -3.1482695081717602 -2.4536346528333297 -2.5322706841453009 40.7406737772612 54.06757639149621 -8.2557350895344506 39.107406505402274 45.995258156378 -6.1497916069668337 0.057097849882644026 -2.3139701501173557 -2.2608999449160025 -2.3420743880515524 -1.3866463791565224 -2.166640076888835 1.0968902959967977 57.217386470214848 -6.7215835742893297 0.13494371813353198 55.517249319855949 3.7013665594961367 55.401298803927588 -7.0193843234520035 55.118989392054495 -0.9256169269465756 -10.516053027861179 -4.0431810274976892 -7.468928362692389 43.320168814356286 -10.23848296533955 50.487402624393013 4.1293464130523674 -7.0283472964018685 13.858254710039457 3.2423126406606753 -1.3931067169199558 7.4207328835396718 -10.872047573117431 0.22182205136076333 25.695676627735001 -0.98161986073745988 -3.3453797186803307 12.456378522239628
leaf_weight=79 197 466 63 37 35 208 65 25 21 21 51 33 191 2457 94 73 55 60 42 26 35 63 26 254 30 25 421 26 30 130 20 120 20 92 41 47 35 76 38 59 130 32 48 62 98 23 36 22 28 152 44 30 42 62 23 56 28 20 78 45 23 26
leaf_count=79 197 466 63 37 35 208 65 25 21 21 51 33 191 2457 94 73 55 60 42 26 35 63 26 254 30 25 421 26 30 130 20 120 20 92 41 47 35 76 38 59 130 32 48 62 98 23 36 22 28 152 44 30 42 62 23 56 28 20 78 45 23 26
internal_value=-0.00358708 0.0044983 0.00142077 -0.00292374 0.00848225 0.00606599 0.00417359 -0.000309936 0.00438258 0.000393461 0.00149597 0.00383255 -0.00867149 -0.0131711 -0.00900721 0.00567865 0.00157895 -0.00129749 0.00459268 0.00649222 0.00820527 -0.00342031 -0.00608367 0.00753007 0.00599618 0.000729834 0.00689988 -0.000951102 -0.0135861 -0.00897835 0.00652695 -0.0138885 -0.01026 -0.00693664 -0.000196399 0.00551823 0.000918176 -0.00302387 0.00253825 0.00861693 0.0106023 0.00858511 0.0029588 0.00345324 -0.00819302 -0.00180873 0.00357507 0.00714162 0.00113772 0.0120933 0.00901071 -0.00199609 0.000620985 -0.00211009 0.00679834 -0.00355899 0 -0.00776371 0.00751942 0.00552361 0.0084273 0.0100571
internal_weight=6995 3794 2141 830 1653 991 1311 329 783 526 409 277 304 3201 291 982 226 171 254 212 186 249 172 374 157 78 756 186 2910 180 50 2730 273 153 61 244 160 113 111 339 151 501 80 125 146 48 255 115 50 662 196 51 140 98 48 155 84 71 193 146 101 280
internal_count=6995 3794 2141 830 1653 991 1311 329 783 526 409 277 304 3201 291 982 226 171 254 212 186 249 172 374 157 78 756 186 2910 180 50 2730 273 153 61 244 160 113 111 339 151 501 80 125 146 48 255 115 50 662 196 51 140 98 48 155 84 71 193 146 101 280
is_linear=0
shrinkage=0.03


Tree=52
num_leaves=63
num_cat=0
split_feature=4 58 60 57 4 45 4 20 38 22 4 55 4 21 65 4 42 56 3 4 57 19 54 57 6 43 30 59 64 45 45 58 38 4 6 6 58 57 66 15 1 5 2 48 32 58 28 55 55 55 27 24 4 46 12 60 50 50 2 28 65 65
split_gain=582.419 49.798 27.1789 17.2598 17.1273 11.2673 9.84502 8.20946 7.52597 7.11304 6.65527 7.12665 6.61511 5.83042 5.51369 5.50144 5.11295 4.71412 6.23983 4.67515 4.56586 4.28423 4.40594 5.52666 4.23537 18.6155 5.76101 4.125 5.18948 4.19149 4.12136 6.49022 8.05522 4.0837 4.156 5.04224 4.0409 4.00711 3.84465 4.25171 3.77705 3.73738 3.70664 3.68671 4.7625 3.68502 3.58251 3.55018 4.57316 3.36263 3.22746 3.19707 3.27272 3.15461 3.13554 2.97757 2.90663 4.68372 2.875 2.85038 2.83704 2.68551
threshold=12.500000000000002 3392.4166666666674 1770.5000000000002 31.500000000000004 8.5000000000000018 33206.500000000007 10.500000000000002 0.15208333333333338 18867.166666666668 -0.17500000000000068 13.500000000000002 2072.5000000000005 1.0000000180025095e-35 3.4765671871724568 827.50000000000011 1.5000000000000002 55110.333333333343 44.500000000000007 62.86388036797856 2.5000000000000004 160.00000000000003 12.475000000000001 1426.7708333333337 285.00000000000006 9.5000000000000018 29064.500000000004 56.094790815178776 785.50000000000011 4267.5000000000009 31820.500000000004 29190.500000000004 3800.7291666666674 14368.85416666667 22.500000000000004 4.5000000000000009 6.5000000000000009 2371.2708333333339 963.50000000000011 4862.7083333333339 9717.0970897872048 6.3750000000000009 4.5000000000000009 88.067909500000013 532.50000000000011 60.747865559786355 2118.9791666666674 2.6874219999999984 23.500000000000004 8.5000000000000018 4835.0000000000009 13.349979110695633 72.954772000000006 10.500000000000002 30042.500000000004 88167.000000000015 2093.0000000000005 1341.0833333333337 1831.2083333333337 96.202590000000015 1.7394000000000036 382.50000000000006 3148.0000000000005
decision_type=2 2 2 2 2 2 2 2 2 2 2 2 2 2 2 2 2 2 2 2 2 2 2 2 2 2 2 2 2 2 2 2 2 2 2 2 2 2 2 2 2 2 2 2 2 2 2 2 2 2 2 2 2 2 2 2 2 2 2 2 2 2
left_child=1 2 4 6 9 27 15 55 14 17 11 -2 37 36 -5 -3 -10 19 -19 -1 -18 50 -23 -24 33 -26 -27 28 29 45 31 -17 -33 -12 -35 49 42 -9 39 -11 41 -40 53 -38 -45 -6 -21 48 -48 -36 -16 -29 58 -14 -54 -4 60 -58 -53 -47 -32 -15
right_child=10 3 7 8 5 -7 -8 12 16 38 24 -13 13 61 21 30 20 18 -20 46 -22 22 23 -25 25 26 -28 51 -30 -31 56 32 -34 34 35 -37 43 -39 40 -41 -42 -43 -44 44 -46 59 47 -49 -50 -51 -52 52 54 -55 -56 -57 57 -59 -60 -61 -62 -63
leaf_value=-2.9159551496264133 -2.0164221854633189 -2.6392403119367711 1.0840117570013592 -4.7903529764953792 24.350653508918317 -2.5998598779637345 -1.2246684500044167 -2.1749356856079833 38.405218649376309 -1.7971535594297916 -2.0801649465685221 0.38708154326625277 26.880629961005177 -6.7401186017031289 -5.3406077964644032 -14.363593415063068 53.204431100685071 -7.8497373706886622 80.495063254535808 47.951751230405122 -0.70608556970998049 27.367010507547942 18.411754390371559 -3.9183939683314453 -2.2445510456138353 0.055384914386164892 -2.1930729465685226 -7.9224675877711297 -7.7384735132738562 21.034219038045794 19.592521606227127 76.088477405586843 -8.6484297502455991 -2.271812156410006 -1.3450469877818265 -2.10164087458217 34.483668138820128 -0.042107714631349609 86.90634412513343 42.042250002830293 -1.8285026753354259 29.181576156463816 -7.1531640221098236 -3.5172192602302492 38.628655466253946 -4.5258130603515561 -0.18364334261300427 -3.1498324397297983 59.188781283671197 1.0639835871168941 11.84129500477634 55.938258812647192 6.9685178033941817 -1.7596232568177197 -4.0268747614664795 -2.295464351075799 -3.4285187180606544 60.840182059265899 4.1930287122410528 8.5252950196123027 73.985368088130969 -0.52863446521197766
leaf_weight=32 243 28 20 35 22 97 60 82 118 142 2457 48 33 67 43 27 38 28 22 453 77 112 44 28 130 30 20 39 44 51 30 173 28 120 20 92 74 43 48 26 24 25 58 35 27 55 37 43 61 41 33 71 52 38 20 146 38 69 26 21 672 79
leaf_count=32 243 28 20 35 22 97 60 82 118 142 2457 48 33 67 43 27 38 28 22 453 77 112 44 28 130 30 20 39 44 51 30 173 28 120 20 92 74 43 48 26 24 25 58 35 27 55 37 43 61 41 33 71 52 38 20 146 38 69 26 21 672 79
internal_value=-0.00363426 0.00431644 0.00129466 0.00822818 0.00365645 -0.000837181 0.0103297 -0.00354223 0.00374361 0.00603762 -0.0130586 -0.00869804 -0.00172916 0.000102165 0.000548966 0.0109962 0.00777349 0.00767194 -0.00113772 0.00838045 0.00323197 0.00206459 0.00454644 -0.00120666 -0.0134934 -0.00897835 0.00652695 0.00137622 -0.0017711 0.000885312 0.0113509 0.0077466 0.00960716 -0.0137896 -0.01026 -0.00693664 0.00276122 -0.00776978 0.0018559 -0.000874479 0.00661174 0.0100137 -0.00102246 0.00637032 0.000917874 -0.00272171 0.00898334 0.00476258 0.00792049 -0.000196399 -0.00390276 0.00431043 0.0061029 0.0035443 0.00120666 -0.00937387 0.0123619 0.00767507 0.00970134 -0.00587385 0.0130708 -0.00470226
internal_weight=6995 3794 2141 1653 1439 498 1125 702 528 941 3201 291 536 411 295 1065 233 676 50 626 115 260 184 72 2910 180 50 401 193 149 1037 228 201 2730 273 153 265 125 265 168 97 73 129 136 62 98 594 141 98 61 76 208 169 71 72 166 809 107 97 76 702 146
internal_count=6995 3794 2141 1653 1439 498 1125 702 528 941 3201 291 536 411 295 1065 233 676 50 626 115 260 184 72 2910 180 50 401 193 149 1037 228 201 2730 273 153 265 125 265 168 97 73 129 136 62 98 594 141 98 61 76 208 169 71 72 166 809 107 97 76 702 146
is_linear=0
shrinkage=0.03


Tree=53
num_leaves=63
num_cat=0
split_feature=4 58 4 4 4 4 43 15 4 22 62 6 62 20 4 62 24 6 6 57 6 7 30 4 61 43 47 24 64 56 3 24 42 28 48 3 4 43 58 14 3 54 31 50 1 27 54 31 4 4 61 7 50 57 60 69 54 40 22 48 36 21
split_gain=569.933 46.2991 28.1674 26.3491 17.4345 16.9212 15.3623 12.6847 8.06169 7.54441 6.8282 6.91824 5.89736 5.73731 5.7024 5.638 5.4973 5.48397 4.64731 4.3382 4.19596 18.6155 5.76101 4.5675 5.2841 4.16645 4.08341 3.93609 3.77772 3.6241 6.97566 3.7582 3.60658 3.5915 3.38748 3.32929 3.3197 3.312 3.29866 5.64039 3.26455 3.62369 3.20572 2.89737 2.86118 2.84608 2.77828 2.68275 2.67592 2.59744 2.58463 2.39853 2.34079 2.33348 5.35592 3.08498 4.8427 2.19954 2.16035 3.03172 2.53711 3.03869
threshold=11.500000000000002 3392.4166666666674 13.500000000000002 1.5000000000000002 1.5000000000000002 8.5000000000000018 33050.000000000007 13709.448968856324 9.5000000000000018 -0.074999999999999276 1638.1458333333337 3.5000000000000004 1701.6250000000002 9.3979166666666689 3.5000000000000004 1882.5416666666667 73.321180000000012 3.5000000000000004 8.5000000000000018 15.500000000000002 9.5000000000000018 5.5000000000000009 56.094790815178776 22.500000000000004 4715.5000000000009 32602.500000000004 2178.0000000000005 70.607397000000006 2527.5000000000005 44.500000000000007 62.53624380980839 57.553963000000003 55110.333333333343 3.0632050000000004 217.50000000000003 59.415470947402625 5.5000000000000009 28906.000000000004 4518.8958333333348 75890.062500000015 64.628931733802716 1433.8541666666667 58.710116052492133 304.54166666666669 25.275000000000002 12.876192793597692 694.10416666666674 60.678510248335847 1.0000000180025095e-35 1.0000000180025095e-35 2626.5000000000005 23.500000000000004 510.14583333333343 12.500000000000002 3017.5000000000005 82417.500000000015 1038.2291666666667 36292.000000000007 -0.45000000000000001 747.50000000000011 15678.000000000002 3.7233433597867491
decision_type=2 2 2 2 2 2 2 2 2 2 2 2 2 2 2 2 2 2 2 2 2 2 2 2 2 2 2 2 2 2 2 2 2 2 2 2 2 2 2 2 2 2 2 2 2 2 2 2 2 2 2 2 2 2 2 2 2 2 2 2 2 2
left_child=1 3 7 17 10 9 12 13 38 14 49 -12 28 -2 33 43 -14 48 -19 37 23 22 -22 -4 -25 40 57 -21 35 31 -31 -16 -9 58 -18 -7 -29 -11 39 -6 41 42 -10 -15 53 -36 -39 -26 -1 -3 52 -28 -17 54 55 56 -41 -13 60 -60 61 -5
right_child=2 4 20 5 8 6 -8 32 25 19 11 26 16 15 29 50 34 18 -20 27 21 -23 -24 24 47 -27 51 36 -30 30 -32 -33 -34 -35 45 -37 -38 46 -40 44 -42 -43 -44 -45 -46 -47 -48 -49 -50 -51 -52 -53 -54 -55 -56 -57 -58 -59 59 -61 -62 -63
leaf_value=-2.0460712891129633 -2.2400420312389948 -2.7478474910050408 -2.0177599981714667 40.387254649655738 -12.701908116489752 48.531821927025916 -2.7060543249037532 7.2759861074466397 30.430870285555482 -1.2446916142745976 -4.5814558730262105 0.94750820586174989 -5.6883133076754211 -0.66684386174321553 -0.17813404233460459 0.63995630561618777 45.02417435491644 1.3419146149061771 -3.585623645728429 -7.578456797570019 0.053723366954579889 -2.1772145142454202 -2.1272807581714668 -2.0385916483447049 0.19500522866075129 60.698963784422077 -6.1066075162263935 -1.3547025759728148 -2.5040876309003859 -6.657961536185562 78.080211356899724 44.319261742927679 -0.83552565286357883 -4.1449672695087294 29.638743113518412 -1.6022743323062878 17.469976993525943 -4.6841549373991276 92.252984163083312 61.174436570180056 40.048222571314298 -3.4990196117600405 -8.4266810337744484 -2.2397901138613072 28.193071588516194 -6.8521544456836789 43.357003658833904 -1.8711183547267809 -2.3824388673450363 -1.70027826040965 -3.0781557685155727 16.916901092436682 -2.0949106753009232 65.051881986346459 -10.501167615726189 56.115401171935311 -7.9106238766880317 29.474086066414333 24.525540153080591 -8.0947960381296244 45.330391654956834 -10.013556490796972
leaf_weight=80 178 37 2457 29 32 30 113 60 73 31 20 21 55 40 31 79 71 114 54 48 30 130 20 182 27 55 20 42 87 26 20 573 48 68 69 39 39 20 233 24 36 69 21 130 37 30 60 64 80 37 21 20 26 408 23 232 27 101 51 29 67 21
leaf_count=80 178 37 2457 29 32 30 113 60 73 31 20 21 55 40 31 79 71 114 54 48 30 130 20 182 27 55 20 42 87 26 20 573 48 68 69 39 39 20 233 24 36 69 21 130 37 30 60 64 80 37 21 20 26 408 23 232 27 101 51 29 67 21
internal_value=-0.00369001 0.00485912 -0.0122668 0.00182692 0.00878514 0.00337275 -0.00126897 -0.00623089 0.0102252 0.00536057 0.00162827 0.00476112 0.00160588 -0.00834634 0.00660256 -0.00576494 0.0047179 -0.00593417 -0.00212374 0.000612245 -0.0134727 -0.00897835 0.00652695 -0.0137676 -0.0100403 0.00541913 0.00682912 -0.00311387 -0.00286355 0.00811721 0 0.00873531 0.00302498 0.00287439 0.00738977 0.00234443 0.000887793 0.0049685 0.0114231 0.0104738 0.00337519 0.00154506 0.00538789 -0.00932981 0.0109999 0.00375378 0.00820225 -0.00408342 -0.00991255 -0.00603239 -0.000927835 -0.00142145 0.000970504 0.0114228 0.00939889 0.0105334 0.00375734 0.00955774 0.00493151 0.00108614 0.00753202 0.00233533
internal_weight=6995 3503 3492 1977 1526 1649 494 582 1270 1155 256 182 381 474 915 296 225 328 168 240 2910 180 50 2730 273 254 162 129 156 650 46 604 108 265 170 69 81 111 1016 783 199 163 94 170 751 99 80 91 160 74 126 40 105 714 306 283 51 122 197 80 117 50
internal_count=6995 3503 3492 1977 1526 1649 494 582 1270 1155 256 182 381 474 915 296 225 328 168 240 2910 180 50 2730 273 254 162 129 156 650 46 604 108 265 170 69 81 111 1016 783 199 163 94 170 751 99 80 91 160 74 126 40 105 714 306 283 51 122 197 80 117 50
is_linear=0
shrinkage=0.03


Tree=54
num_leaves=63
num_cat=0
split_feature=4 58 4 4 4 22 19 4 55 58 34 4 15 25 62 31 55 21 70 4 59 64 58 29 4 61 62 7 61 22 16 57 62 21 20 43 36 14 17 56 49 62 11 63 31 64 48 58 58 55 34 31 14 7 61 34 45 7 14 49 26 36
split_gain=556.333 45.1865 27.0522 23.991 17.6221 16.1939 12.3926 8.90105 7.9168 7.56931 7.31369 6.51413 5.94267 6.18641 5.42103 4.87401 4.518 4.46727 7.04964 4.4382 5.51798 4.51446 4.64264 4.29126 4.28111 5.525 4.61445 22.8969 4.14836 4.08388 3.82124 5.41971 3.70179 3.56659 5.65417 3.56614 3.55236 4.88419 3.55118 3.49889 3.49812 3.47117 3.43907 3.37285 2.96026 2.83098 4.51048 3.41105 3.63515 3.4861 2.81125 2.77302 2.74188 2.59103 2.57431 3.54033 2.55799 2.47813 2.4172 2.40758 2.45024 2.39919
threshold=11.500000000000002 3392.4166666666674 13.500000000000002 1.0000000180025095e-35 1.0000000180025095e-35 -0.17500000000000068 19.875000000000004 10.500000000000002 4099.5000000000009 4518.8958333333348 -0.44594125185091466 3.5000000000000004 7855.4651152736906 65.662362500000015 2203.9166666666674 60.039639193671931 1919.5000000000002 3.6083874065902877 101020.58333333336 7.5000000000000009 804.50000000000011 2089.0000000000005 2831.7291666666674 53.23758798531734 22.500000000000004 4715.5000000000009 991.14583333333348 5.5000000000000009 795.50000000000011 -0.3499999999999987 -1529.9999999999998 15.500000000000002 1701.6250000000002 3.5798534878763069 8.6218750000000011 29355.500000000004 12742.000000000002 82549.270833333358 12.875000000000002 44.500000000000007 578.50000000000011 1988.3958333333337 85065.500000000015 1697.5000000000002 61.384169306036036 8308.5000000000018 695.50000000000011 2371.2708333333339 1969.3750000000002 34.500000000000007 -0.12136303994980933 53.900143290747515 78953.583333333358 17.500000000000004 1780.0000000000002 0.83898672004891151 28243.500000000004 16.500000000000004 101779.93750000001 201.50000000000003 67.621995791666691 15059.500000000002
decision_type=2 2 2 2 2 2 2 2 2 2 2 2 2 2 2 2 2 2 2 2 2 2 2 2 2 2 2 2 2 2 2 2 2 2 2 2 2 2 2 2 2 2 2 2 2 2 2 2 2 2 2 2 2 2 2 2 2 2 2 2 2 2
left_child=1 3 6 16 8 7 14 11 -3 10 52 33 13 15 56 -7 -1 29 23 39 21 22 -21 -19 26 -26 27 -4 50 -12 31 -15 -14 40 -35 -31 37 -32 -22 -13 45 -10 -16 -20 -27 46 47 48 49 -5 53 -40 -6 -8 55 -25 -2 -44 -42 -23 -61 -9
right_child=2 4 24 5 9 12 28 61 41 -11 17 19 32 30 42 -17 -18 18 43 20 38 59 -24 54 25 44 -28 -29 -30 35 36 -33 -34 34 -36 -37 -38 -39 51 -41 58 -43 57 -45 -46 -47 -48 -49 -50 -51 -52 -53 -54 -55 -56 -57 -58 -59 -60 60 -62 -63
leaf_value=-2.1900482692367791 -0.76080866458854191 -2.7517204290671495 0.052111665945942319 36.871150963071408 9.1712883965849237 -1.1105365416281232 -0.042375717456760498 -0.51855215605839478 -2.5124716779873641 84.048060552204007 53.611683017831851 41.600682023029762 -1.1268320757707806 25.383162483985124 0.32233093539228064 83.137270239876187 -0.85994029939717287 -8.7063499963898039 -18.83430723332911 55.003840639923006 60.936872386646741 -8.8571288540351762 -5.3070331989308581 50.368932252278377 -1.9968149669731021 0.14541123761855829 -1.9609455900254109 -2.1118980788180579 6.7154848613793092 -8.1209225114960919 -3.8190517305436651 -4.2484915651104211 36.107784187733252 19.184798608360488 -7.4918998855942114 42.605821233649642 -3.4404461046654604 23.300318187995309 40.274941064203709 -1.0623650400951918 65.824266811277496 12.534929545021173 -2.6749697409688054 20.953458742872272 -1.8692734009931344 -11.569143586019495 -7.8519521569857398 39.619563984782239 -9.2646395733186999 -1.0074325940598692 6.8627718839726546 -15.262886138679331 59.041625709369633 -2.3079898498406446 11.563632178046358 -2.3023661128544246 -2.111816055677405 -0.16386462336166288 13.936762961602108 51.841229133245477 -5.2114628649889196 -2.2440118015131696
leaf_weight=102 57 39 41 26 21 38 28 45 31 321 192 446 49 66 56 35 62 40 40 48 91 29 25 118 200 30 2440 138 60 31 43 71 65 31 76 92 190 29 21 32 50 58 40 28 61 23 41 30 21 27 21 21 418 29 77 20 266 25 31 24 53 36
leaf_count=102 57 39 41 26 21 38 28 45 31 321 192 446 49 66 56 35 62 40 40 48 91 29 25 118 200 30 2440 138 60 31 43 71 65 31 76 92 190 29 21 32 50 58 40 28 61 23 41 30 21 27 21 21 418 29 77 20 266 25 31 24 53 36
internal_value=-0.00377579 0.00467072 -0.0122496 0.00167518 0.00854924 0.00267056 -0.00633396 0.00463043 -0.00208431 0.00952507 0.00831121 0.00531105 -0.00142808 -0.00291675 -0.00877505 0.00508892 -0.0093053 0.00624824 0.00375116 0.00683078 0.00402756 0.000569514 0.00632011 0.00604469 -0.0134315 -0.00993473 -0.0138185 -0.00911223 0.00149891 0.00879721 -0.00438988 -0.000306346 0.0047064 0.00192923 -0.00263305 0.00448416 -0.00651278 -0.000790569 0.00865515 0.008653 0.00390205 0.00282828 -0.00331957 -0.00480176 -0.00375412 0.00140988 0.00297726 0.00631124 0.00279352 0.00700565 -0.00303457 0.00135392 0.0113004 -0.00651489 0.00772664 0.0101883 -0.0108078 -0.00801843 0.00902589 -0.00336475 -0.000544747 -0.00495684
internal_weight=6995 3503 3492 1977 1526 1813 582 1227 128 1398 1077 1146 586 472 444 73 164 638 323 790 312 179 73 255 2910 291 2619 179 138 315 399 137 114 356 107 123 262 72 133 478 249 89 121 68 91 168 145 104 74 53 78 42 439 57 215 138 323 65 81 106 77 81
internal_count=6995 3503 3492 1977 1526 1813 582 1227 128 1398 1077 1146 586 472 444 73 164 638 323 790 312 179 73 255 2910 291 2619 179 138 315 399 137 114 356 107 123 262 72 133 478 249 89 121 68 91 168 145 104 74 53 78 42 439 57 215 138 323 65 81 106 77 81
is_linear=0
shrinkage=0.03


Tree=55
num_leaves=63
num_cat=0
split_feature=56 58 16 10 59 69 58 55 10 16 6 7 6 15 62 45 56 62 14 65 23 61 37 16 15 58 58 68 26 62 53 26 48 58 6 7 30 50 48 14 45 67 51 10 48 58 52 37 44 50 23 51 61 69 27 52 41 39 61 28 10 45
split_gain=428.403 71.7257 39.3838 25.3123 20.2652 19.3676 16.4069 15.3665 14.1478 12.0869 11.3756 9.06134 8.88503 8.81717 8.6387 7.04851 6.72064 6.61078 6.19621 6.09239 5.67392 5.65699 5.46376 5.023 4.98467 4.85204 4.75798 4.72669 4.4516 4.33162 4.94868 5.52989 4.95951 4.91483 4.08941 18.4926 5.76101 4.02584 4.26885 3.9936 3.84801 4.34682 3.64194 3.60311 3.97767 3.50964 3.50814 3.48719 3.42982 3.24265 3.17537 3.09994 3.07815 7.91502 3.71426 2.89057 2.87443 2.76402 3.70296 2.73054 2.65953 2.63852
threshold=529.50000000000011 2646.729166666667 -318.99999999999994 0.96386255839173451 4672.5000000000009 88406.000000000015 4518.8958333333348 22.500000000000004 0.87900005428953576 -919.99999999999989 8.5000000000000018 6.5000000000000009 4.5000000000000009 5966.0470926360476 1558.6875000000002 27355.000000000004 44.500000000000007 1393.6875000000002 82115.020833333358 1242.5000000000002 53.48647350000001 1482.5000000000002 10903.500000000002 1620.0000000000002 4845.9234387857496 4863.6875000000009 652.25000000000011 106843.00000000001 77.784698854166678 2387.104166666667 1567.5000000000002 76.783541020833354 344.50000000000006 1675.0416666666667 9.5000000000000018 5.5000000000000009 56.094790815178776 369.95833333333343 171.50000000000003 76320.875000000015 29212.500000000004 81855.500000000015 2915.5000000000005 0.56392291514228221 578.50000000000011 1851.0208333333337 822.50000000000011 24894.000000000004 29987.000000000004 193.79166666666671 89.355252000000021 1072.5000000000002 3885.5000000000005 99401.500000000015 12.743180727486889 1565.5000000000002 30600.000000000004 48088.000000000007 923.50000000000011 1.1289829999999983 0.87900005428953576 32569.500000000004
decision_type=2 2 2 2 2 2 2 2 2 2 2 2 2 2 2 2 2 2 2 2 2 2 2 2 2 2 2 2 2 2 2 2 2 2 2 2 2 2 2 2 2 2 2 2 2 2 2 2 2 2 2 2 2 2 2 2 2 2 2 2 2 2
left_child=1 2 16 4 34 18 7 8 15 25 13 59 -5 20 -14 -3 17 26 -4 -19 -9 45 -15 24 -22 42 -1 -24 -29 30 31 37 50 -34 52 36 -36 38 49 -17 41 -28 -6 44 -41 -7 -18 51 -23 -21 -33 -16 -2 54 -54 -45 -52 -39 -59 -12 -20 -53
right_child=3 6 5 12 9 21 -8 10 -10 -11 11 -13 14 22 47 39 46 19 60 29 23 48 27 -25 -26 -27 40 28 -30 -31 -32 32 33 -35 35 -37 -38 57 -40 43 -42 -43 -44 55 -46 -47 -48 -49 -50 -51 56 61 53 -55 -56 -57 -58 58 -60 -61 -62 -63
leaf_value=-6.2649899253008092 -1.8683988305255601 -12.373440912331752 -1.7744122278595853 -2.1450209025119467 -1.7630311238860006 0.077072982806139972 81.438730777365521 -8.7907591100666185 -0.037309496663735897 -1.9285041668480207 -1.2820338943058858 -5.1236299868839978 -2.0782103068691598 -11.520533729377558 1.8966436748856881 3.5537563053567189 15.358165879057273 -14.037256005023259 29.305048141470301 -7.1235931850209546 41.741663429948964 -1.5322465460517536 63.624778666081447 -2.5509002226633175 -1.01646769593096 37.712172373195493 20.319489936531948 -0.58522498092486597 32.463320698310504 52.77395040744441 67.810264284021684 40.545038015115843 29.573248535699737 -11.75629897305274 0.050548315967564005 -2.0485411364535158 -2.0046339677255602 94.927390841432455 -9.986572457733752 58.783479550862282 52.307622785722245 -5.4226142837662605 3.1056272540468077 37.471079660428451 41.672725534970681 -3.2621715378047864 -4.8819623329298087 6.328359423418819 -2.1273759007703639 38.874904039854954 19.596628694384627 -1.5905591469315437 -1.6859875359280798 -1.9835062535072063 2.7435890598922219 -5.0925041449591113 -2.6048792239310661 21.478444733496197 -3.6963433577155449 61.489417376606184 -1.2176156567476426 2.1887059045730024
leaf_weight=23 2175 21 43 116 115 71 310 33 151 151 21 110 84 21 77 36 22 25 78 23 61 59 178 36 57 22 20 94 83 45 36 81 22 26 30 127 20 22 91 516 144 21 27 188 144 80 65 20 331 21 23 69 40 236 32 33 29 21 20 37 34 48
leaf_count=23 2175 21 43 116 115 71 310 33 151 151 21 110 84 21 77 36 22 25 78 23 61 59 178 36 57 22 20 94 83 45 36 81 22 26 30 127 20 22 91 516 144 21 27 188 144 80 65 20 331 21 23 69 40 236 32 33 29 21 20 37 34 48
internal_value=-0.00386156 0.00333518 -0.00174582 -0.0115199 -0.0124876 -0.00693435 0.00685742 0.00576727 0.00802681 -0.00527452 0.00239639 -0.00444378 -0.00455687 0.00444326 -0.00180141 0.00939878 0.0028804 0.00386957 0.00239845 0.00194187 -0.000865847 -0.00961375 0.0070912 0.00153796 0.00454699 0.000347349 0.00834695 0.00797522 0.00447205 0.00273201 0.00176343 0.000743867 0.00453893 -0.00367983 -0.0133405 -0.00887634 0.00652695 -0.00271075 -0.00564027 0.00979392 0.00995138 0.00175182 -0.00166784 0.0101941 0.0113119 -0.00464593 -0.00495982 0.0013872 -0.0115278 0.00197279 0.00752817 0.000139104 -0.0136571 -0.0107984 -0.00203883 0.00683853 0.00166987 0.00351823 -0.0010219 0.00511188 0.00612846 -0.00292058
internal_weight=6995 3606 1476 3389 2975 696 2130 1820 1089 315 731 168 414 563 298 938 780 693 155 485 187 541 376 154 118 164 208 355 177 460 415 379 181 48 2660 177 50 198 135 917 185 41 142 881 660 151 87 214 390 44 133 194 2483 308 72 221 52 63 41 58 112 117
internal_count=6995 3606 1476 3389 2975 696 2130 1820 1089 315 731 168 414 563 298 938 780 693 155 485 187 541 376 154 118 164 208 355 177 460 415 379 181 48 2660 177 50 198 135 917 185 41 142 881 660 151 87 214 390 44 133 194 2483 308 72 221 52 63 41 58 112 117
is_linear=0
shrinkage=0.03


Tree=56
num_leaves=63
num_cat=0
split_feature=4 16 6 4 58 4 4 6 58 60 45 4 45 45 4 59 62 57 22 26 58 4 6 7 62 6 30 62 23 24 61 6 31 24 18 28 44 44 58 23 3 51 28 32 26 27 39 15 63 52 25 69 28 23 26 20 42 66 0 54 28 46
split_gain=538.18 45.1064 29.4777 18.8425 10.7543 9.51309 11.1925 10.5515 8.75072 7.8268 6.85377 6.17072 5.76144 5.40229 5.22483 5.86226 5.1058 4.98036 4.5224 5.26136 4.42071 4.25535 5.68545 20.6697 5.4026 5.60884 4.23066 4.63028 3.94371 6.35036 4.28924 4.12982 3.86654 3.33452 3.30694 3.28417 3.21451 3.19847 3.94667 3.17274 3.1639 3.11794 3.10563 3.07863 3.07303 2.89549 2.88058 3.615 2.96075 2.86922 2.85718 3.17941 2.80998 2.68942 3.07517 2.62207 2.86095 2.50318 2.50131 2.49679 3.02903 2.48854
threshold=12.500000000000002 -619.49999999999989 2.5000000000000004 3.5000000000000004 3392.4166666666674 1.0000000180025095e-35 10.500000000000002 8.5000000000000018 4518.8958333333348 1189.5000000000002 32681.500000000004 13.500000000000002 27408.500000000004 31634.500000000004 1.5000000000000002 4706.5000000000009 2182.1250000000005 320.50000000000006 -0.62499999999999989 55.665429979166682 3392.4166666666674 22.500000000000004 9.5000000000000018 5.5000000000000009 1980.4166666666667 4.5000000000000009 55.800123030914797 2072.5208333333335 83.285052000000022 74.934580000000011 4444.5000000000009 3.5000000000000004 55.08139669119479 94.922370000000015 21.275000000000002 2.026880000000006 32371.500000000004 29329.500000000004 2319.7083333333335 70.524830000000023 51.69897415878085 1117.5000000000002 -0.43550599999999834 55.599538331743865 84.729747375000017 14.877661123999331 38308.500000000007 15669.107368414092 892.50000000000011 624.50000000000011 93.138065000000012 81334.000000000015 2.6874219999999984 87.714340000000007 64.202881270833345 10.407291666666667 39938.812500000007 4839.1250000000009 86302.000000000015 1305.4583333333337 1.9183684999999999 32304.312500000004
decision_type=2 2 2 2 2 2 2 2 2 2 2 2 2 2 2 2 2 2 2 2 2 2 2 2 2 2 2 2 2 2 2 2 2 2 2 2 2 2 2 2 2 2 2 2 2 2 2 2 2 2 2 2 2 2 2 2 2 2 2 2 2 2
left_child=1 3 9 8 18 17 12 13 14 10 57 16 -7 32 15 -1 -2 -4 52 -20 33 22 -13 -24 -23 -26 43 39 30 -30 -14 -32 40 41 -27 -9 58 38 -31 -28 -8 55 -43 -21 -17 -39 -22 -48 -49 -41 -6 -52 -5 54 -34 56 -16 -3 -18 -51 -61 -36
right_child=11 2 5 4 50 6 7 35 -10 -11 -12 21 28 -15 20 44 36 -19 19 26 46 24 23 -25 25 34 27 -29 29 37 31 -33 53 -35 61 -37 -38 45 -40 49 -42 42 -44 -45 -46 -47 47 48 -50 59 51 -53 -54 -55 -56 -57 -58 -59 -60 60 -62 -63
leaf_value=-2.7124443498179653 -1.8377724962415021 -0.25323905616820408 -2.3506141107461853 54.413959236707683 64.304025722291001 -8.7770690103585345 30.877901638646925 -3.0703750903317228 66.652208334665431 -2.0474512529294131 -2.5157129007952403 -1.8395726718072818 48.442189591457037 17.67286757675819 54.993246747230792 1.0677790216155107 0.0068179575902016154 -0.0068496143324207987 -12.976547065071681 11.796877317892262 -4.8324086928163617 -1.8580242622799543 0.04903186648853719 -1.9870849023599102 -2.1648186753897338 0.48925616704616087 65.90326640471848 45.740380876204135 -9.8618220290812406 25.855432109113515 -3.3784933880910808 54.688310524134891 -2.8669883131928069 31.559537325581804 -2.1108793839899387 3.2351622941282838 0.37952837917997512 39.566631326578843 -5.4912168094168692 -5.3116088648773729 0.14429462319299999 43.563532096626211 -2.9885131158954401 -5.2755945821566996 12.361005915813694 5.6122079098019002 53.578573962967347 33.952000244335281 -5.1298128229413482 39.372837379827317 -11.523267634287649 61.193575195008727 18.427446229620873 -5.2759130719344558 8.4765917750661277 -8.3525071019769612 10.013198694931312 81.245614440824369 -2.2308000705845337 5.712637846828013 -8.1658494523760421 -0.0023809871945613282
leaf_weight=120 195 23 48 114 512 24 23 76 103 221 125 2457 282 148 35 114 22 48 20 90 24 154 45 117 49 26 46 134 29 21 22 24 48 20 24 20 41 111 46 23 55 38 164 39 24 37 119 20 27 74 24 102 77 51 42 22 40 28 33 94 23 38
leaf_count=120 195 23 48 114 512 24 23 76 103 221 125 2457 282 148 35 114 22 48 20 90 24 154 45 117 49 26 46 134 29 21 22 24 48 20 24 20 41 111 46 23 55 38 164 39 24 37 119 20 27 74 24 102 77 51 42 22 40 28 33 94 23 38
internal_value=-0.00394305 0.00369969 -0.000230011 0.00642121 0.00861235 0.00219202 0.00301388 -0.000479378 0.00296173 -0.0072828 -0.00253833 -0.0130024 0.00573226 0.00183056 0.00185373 -0.00161565 -0.0088011 -0.00683663 0.00612587 0.00471736 0.00361815 -0.0134212 -0.013807 -0.00830969 -0.00993473 -0.00555799 0.00529918 0.00684344 0.0063398 0.00342892 0.00849436 0 -0.00115016 0.00144782 -0.000987514 -0.00933403 -0.00309053 0.00521618 -0.000178838 0.00448674 0.00418694 0.000641926 -0.00146957 0.000557707 0.00258508 0.00767725 0.00724356 0.00865141 0.00152866 0.00292854 0.0114669 0.00735131 0.0101099 -0.00412473 -0.000965594 0.00506694 0.00774967 0.00669276 -0.00784029 0.00414443 0.00138343 -0.00478261
internal_weight=6995 3794 1552 2242 1372 1155 1059 463 870 397 176 3201 596 367 767 258 291 96 734 543 509 2910 2619 162 291 137 523 394 572 244 328 46 219 319 88 96 96 215 67 260 78 299 202 129 138 148 190 166 47 214 638 126 191 141 90 97 75 51 55 191 117 62
internal_count=6995 3794 1552 2242 1372 1155 1059 463 870 397 176 3201 596 367 767 258 291 96 734 543 509 2910 2619 162 291 137 523 394 572 244 328 46 219 319 88 96 96 215 67 260 78 299 202 129 138 148 190 166 47 214 638 126 191 141 90 97 75 51 55 191 117 62
is_linear=0
shrinkage=0.03


Tree=57
num_leaves=63
num_cat=0
split_feature=4 58 16 4 4 69 58 21 4 55 14 59 4 54 55 18 55 50 55 46 43 23 23 20 3 4 61 66 43 17 2 51 54 7 14 38 68 56 22 26 46 68 17 23 12 61 33 3 3 19 38 58 12 33 22 66 48 47 70 12 16 3
split_gain=525.554 44.4236 23.1259 20.0822 19.5941 13.9837 11.165 13.1938 8.88715 8.52103 7.50728 7.10266 6.97963 6.93867 7.89097 6.11247 5.72105 5.69508 5.57397 7.42858 11.0395 5.48524 4.74579 4.59615 5.46018 4.4645 4.76797 4.38701 4.00806 4.26719 3.918 3.88973 3.8505 9.08961 21.2625 3.7946 3.76613 3.74325 4.34917 3.64485 3.60974 3.60368 3.59165 3.51885 3.10152 3.02771 2.98376 2.90918 2.90862 2.95517 2.6269 2.62673 2.7004 5.66328 2.58568 2.55485 2.52386 2.43712 2.39342 3.02057 2.37755 2.36995
threshold=12.500000000000002 2646.729166666667 -619.49999999999989 1.0000000180025095e-35 10.500000000000002 87392.000000000015 4518.8958333333348 3.6083874065902877 2.5000000000000004 4170.5000000000009 82115.020833333358 1527.5000000000002 13.500000000000002 1523.0000000000002 84.500000000000014 18.875000000000004 724.00000000000011 493.22916666666669 23.500000000000004 29366.625000000004 28864.500000000004 69.15921250000001 87.370965000000012 23.802083333333339 52.414920600884678 22.500000000000004 4715.5000000000009 2063.0000000000005 30009.500000000004 15.375000000000002 64.617069500000014 1770.5000000000002 1719.3541666666667 5.5000000000000009 89584.500000000015 9345.5833333333358 102641.50000000001 44.500000000000007 -0.074999999999999276 84.458704875000009 33546.562500000007 101624.00000000001 -3.9749999999999996 77.283988000000008 78801.500000000015 1657.5000000000002 3.0223731349265575 66.514243533064715 53.843108001980092 14.675000000000002 15510.29166666667 2902.3958333333335 101298.00000000001 2.8117507992886694 -0.6750000000000006 4614.8958333333348 493.50000000000006 225.50000000000003 99914.708333333358 89633.500000000015 651.50000000000011 61.645634194576935
decision_type=2 2 2 2 2 2 2 2 2 2 2 2 2 2 2 2 2 2 2 2 2 2 2 2 2 2 2 2 2 2 2 2 2 2 2 2 2 2 2 2 2 2 2 2 2 2 2 2 2 2 2 2 2 2 2 2 2 2 2 2 2 2
left_child=1 2 11 9 6 10 7 18 54 -3 -4 37 16 23 21 17 -2 43 30 20 -20 -15 28 24 -10 32 48 -24 29 -13 -5 36 -14 34 -34 -26 -30 38 -1 40 -40 42 -7 -6 -45 -37 -46 -11 49 -27 -12 -21 -53 -54 58 -38 -17 -18 59 -9 -43 -28
right_child=12 3 5 4 15 41 -8 8 13 47 50 22 25 14 -16 56 57 -19 19 51 -22 -23 27 -25 35 26 61 -29 31 -31 -32 -33 33 -35 -36 45 55 -39 39 -41 -42 60 -44 44 46 -47 -48 -49 -50 -51 -52 52 53 -55 -56 -57 -58 -59 -60 -61 -62 -63
leaf_value=29.163203523839552 -2.045841731503768 -2.2409866411828774 -2.2622998103942322 -0.085284195939248089 -1.7394938802512094 57.531952068396215 80.39359565248246 -14.65175407663115 -10.249484945671147 10.134071064585074 19.597465597645677 68.509668834641502 -1.7991558661199991 55.837605576104707 77.229027913093915 22.032327543935402 0.0028918789303932612 -3.0190575170591063 58.380285195000845 2.1918345360318017 -11.335845610478128 -4.4260618852320652 11.491978909521485 -3.9483307368061196 -1.8694245369661893 -2.26725132740602 0.21404865901946821 -8.9298406230864291 -11.411574938555381 -1.975638383066525 56.908172547895205 -8.8705716660411955 0.047560910493881177 -1.8171596854555749 -1.5587305302805752 54.148624754975323 0.5438900714192868 -2.4131221203902897 -3.9167262519881341 32.515773699584855 38.292701297998128 -4.2261214558150551 -2.3095226129246673 30.390914127582967 6.2584764890978999 25.391643577241567 -3.2668015605114227 -3.7441506658822297 -1.8395245463229477 0.029351441893199989 -1.4952736574331 70.45464883482606 34.788921043866168 -9.1495749310290435 -8.3410765746831466 47.135269736564709 -1.6091101899302269 -1.3818260703281349 -9.6928519899139562 23.514881728087012 -1.7376202337103881 -1.7217980773542094
leaf_weight=276 159 91 46 23 64 26 292 23 33 76 99 48 1853 31 40 102 70 79 30 32 50 143 36 30 22 22 28 63 43 29 504 23 36 667 63 216 43 35 47 21 28 87 213 32 41 51 31 20 155 23 24 95 108 20 44 34 21 62 28 45 156 63
leaf_count=276 159 91 46 23 64 26 292 23 33 76 99 48 1853 31 40 102 70 79 30 32 50 143 36 30 22 22 28 63 43 29 504 23 36 667 63 216 43 35 47 21 28 87 213 32 41 51 31 20 155 23 24 95 108 20 44 34 21 62 28 45 156 63
internal_value=-0.00400309 0.00354946 -0.000749401 0.00599975 0.00679207 -0.0048564 0.00804634 0.00703845 0.00398952 -0.00343132 0.0025547 0.00292935 -0.0129555 0.00566508 0.0013872 0.000478249 -0.00849193 -0.00223391 0.00953138 0.00648165 -0.00146067 -0.00136129 -0.000413663 0.00825618 0.00930456 -0.0134006 -0.00983167 -0.00587286 0.0020309 0.00754864 0.0114627 -0.000922432 -0.0137956 -0.0119789 -0.00345106 0.0106261 0.00122398 0.00555637 0.00644182 0.000905307 -0.00215712 -0.00746111 -0.00481807 0.000874479 0.00429395 0.0116136 0.000790569 0.00277836 -0.0124288 -0.00558758 0.00643379 0.00898471 0.010139 0.00723653 -0.00276231 0.00521401 0.00594639 -0.003838 0 0.00303965 -0.0100452 -0.00408342
internal_weight=6995 3794 1377 2417 2230 651 1860 1568 706 187 169 726 3201 566 214 370 291 247 862 335 80 174 319 352 322 2910 291 99 220 77 527 143 2619 766 99 289 120 407 372 96 75 482 239 168 104 267 72 96 200 45 123 255 223 128 140 77 123 132 96 68 243 91
internal_count=6995 3794 1377 2417 2230 651 1860 1568 706 187 169 726 3201 566 214 370 291 247 862 335 80 174 319 352 322 2910 291 99 220 77 527 143 2619 766 99 289 120 407 372 96 75 482 239 168 104 267 72 96 200 45 123 255 223 128 140 77 123 132 96 68 243 91
is_linear=0
shrinkage=0.03


Tree=58
num_leaves=63
num_cat=0
split_feature=4 58 16 4 4 68 58 55 45 55 60 4 14 37 18 55 4 6 7 62 6 69 22 6 51 61 61 54 17 22 58 42 2 25 58 4 14 48 62 23 53 48 58 26 70 57 65 52 5 62 57 58 70 15 7 3 35 27 3 69 20 28
split_gain=516.011 45.247 22.1553 18.6404 18.7641 13.3746 11.0741 8.3498 7.70107 7.66627 6.72441 6.65705 6.3708 6.33368 5.93301 5.72105 5.55418 5.51827 20.6697 5.50473 6.55933 5.31853 5.13713 5.06802 5.02477 4.39424 4.2879 4.22107 4.76438 4.21163 4.10866 3.97248 3.9534 4.27437 3.87108 3.61032 4.49014 4.06528 3.53731 3.7975 3.58479 3.42499 3.29293 3.24703 3.18684 3.13315 2.97643 4.36472 2.93969 2.91565 2.88696 6.03833 6.69901 3.41258 4.18254 2.7508 2.74185 3.99378 2.71826 2.67243 2.65492 2.54133
threshold=12.500000000000002 2646.729166666667 -619.49999999999989 1.0000000180025095e-35 10.500000000000002 94670.000000000015 4518.8958333333348 22.500000000000004 27355.000000000004 4170.5000000000009 1374.5000000000002 13.500000000000002 82115.020833333358 10450.500000000002 18.875000000000004 724.00000000000011 22.500000000000004 9.5000000000000018 5.5000000000000009 1980.4166666666667 4.5000000000000009 86529.500000000015 -0.050000000000000482 7.5000000000000009 2376.5000000000005 221.50000000000003 956.50000000000011 1433.8541666666667 1.6250000000000002 0.44999999999999957 3306.7500000000005 31210.604166666672 65.084275000000005 61.848307500000011 4130.7500000000009 8.5000000000000018 75890.062500000015 578.50000000000011 2387.104166666667 87.370965000000012 930.50000000000011 333.50000000000006 2078.1875000000005 64.202881270833345 82759.666666666672 17.500000000000004 642.50000000000011 1343.5000000000002 3.5000000000000004 1442.3958333333337 15.500000000000002 1840.6250000000002 96934.312500000015 5646.756023384004 10.500000000000002 61.835488954276357 25269.500000000004 16.001107361430957 56.040432182700982 90181.500000000015 26.673958333333339 3.5796800000000037
decision_type=2 2 2 2 2 2 2 2 2 2 2 2 2 2 2 2 2 2 2 2 2 2 2 2 2 2 2 2 2 2 2 2 2 2 2 2 2 2 2 2 2 2 2 2 2 2 2 2 2 2 2 2 2 2 2 2 2 2 2 2 2 2
left_child=1 2 10 9 6 12 7 8 -5 -3 29 15 44 -9 27 -2 17 -13 -19 -18 -21 -14 24 -11 25 -15 42 28 -6 31 -26 -1 33 -27 -32 36 -10 46 39 61 -40 55 -7 -30 49 48 47 -38 -37 -4 53 -52 59 54 -33 -23 57 -39 -22 -53 -34 -12
right_child=11 3 5 4 14 26 -8 13 35 23 38 16 21 22 -16 -17 19 18 -20 20 58 41 -24 -25 30 32 -28 -29 43 -31 34 50 60 -35 -36 45 37 56 40 -41 -42 -43 -44 -45 -46 -47 -48 -49 -50 -51 51 52 -54 -55 -56 -57 -58 -59 -60 -61 -62 -63
leaf_value=-2.7800061567258263 -1.9844664795586549 -2.1737570419473911 -2.1944308160824035 -12.223362147941588 -5.0289533196293128 0.018674242022401727 77.981787782907972 -7.4274170605165724 -15.816806731333445 15.045130310005144 14.181466688942473 -1.7298707010893963 17.549611251965384 -9.0271654491863913 16.429193794974143 -0.58400901187598742 -1.7546365614228521 0.046134083179064617 -1.8729575647254455 -2.044688378738353 0.91119915116262207 -3.3148896625349713 -3.1097352196696102 -4.320810373454953 -6.2279458699071775 -8.2674734551826941 -2.0052690166904084 -2.907646214890427 -0.18228416195545719 -2.8989502142006405 32.861644478284425 -3.6689269351393068 48.071988428317042 31.67734991530854 -12.231191563705037 35.048316326230506 -3.7014345436627081 -1.8591509356290044 67.639136460253368 -6.6801168077208057 -2.9637889424141415 18.825069631001242 -4.2487268801345515 25.583459258929757 -4.4003384697749786 42.345073046255628 56.359871674818571 54.666025587695572 -7.9772217037431075 6.5301387884527005 35.861738484995875 31.263467038989127 -11.918189829656457 48.822412117172455 40.637247913608704 9.7624774422973015 55.293204184169035 66.535866499510803 -1.013731677491748 -3.5239067179731638 -0.71057467492934845 -6.6932678516836823
leaf_weight=24 159 91 20 21 30 70 292 50 24 65 97 2457 102 20 123 132 154 45 117 49 24 75 66 31 30 21 236 90 75 30 61 32 281 55 24 67 20 63 23 75 23 28 42 52 33 97 476 22 67 20 87 23 47 136 66 25 50 31 64 20 22 43
leaf_count=24 159 91 20 21 30 70 292 50 24 65 97 2457 102 20 123 132 154 45 117 49 24 75 66 31 30 21 236 90 75 30 61 32 281 55 24 67 20 63 23 75 23 28 42 52 33 97 476 22 67 20 87 23 47 136 66 25 50 31 64 20 22 43
internal_value=-0.00398164 0.00350202 -0.000836541 0.00597493 0.00673826 -0.0048564 0.0079657 0.00696193 0.00875919 -0.00311064 0.00276408 -0.0128525 -0.000237545 0.00428027 0.000559308 -0.00849193 -0.0132872 -0.0137269 -0.00830969 -0.00931639 -0.00490153 0.00220339 0.00516635 0.00277836 0.00617973 0.00777249 -0.00886814 -0.00211251 0.000840229 0.00492797 0.000625543 0.00568145 0.00849908 0.00232589 0.0040188 0.00917239 0.0102711 0.010734 -0.00108005 -0.00270572 0.00644252 -0.00185012 -0.00398751 0.0033989 -0.0079617 0.00589355 0.0119803 0.00420428 0.00288591 -0.00216958 0.00637801 0.00345567 -0.00196448 0.00857326 0.00425076 -0.00446553 0.00622484 0.00315622 0 0.00654292 0.0100363 0.000192719
internal_weight=6995 3794 1377 2417 2230 651 1860 1568 938 187 726 3201 303 630 370 291 2910 2619 162 291 137 230 580 96 514 399 348 247 157 465 115 435 379 76 85 917 686 662 261 215 46 128 112 127 73 231 518 42 134 40 411 177 90 234 98 100 144 94 88 43 303 140
internal_count=6995 3794 1377 2417 2230 651 1860 1568 938 187 726 3201 303 630 370 291 2910 2619 162 291 137 230 580 96 514 399 348 247 157 465 115 435 379 76 85 917 686 662 261 215 46 128 112 127 73 231 518 42 134 40 411 177 90 234 98 100 144 94 88 43 303 140
is_linear=0
shrinkage=0.03


Tree=59
num_leaves=63
num_cat=0
split_feature=4 58 61 34 16 22 58 44 4 21 4 56 4 62 6 6 46 5 42 3 6 33 51 56 53 46 51 4 17 47 20 20 21 58 23 46 22 53 62 66 58 25 58 25 44 16 21 68 25 62 24 29 47 60 14 60 39 3 54 61 66 34
split_gain=503.65 44.4801 28.5435 13.4978 12.7906 11.3671 9.88878 8.37138 7.88307 7.85973 7.83838 6.8264 5.5249 5.50473 6.55933 5.49459 20.6697 5.41716 5.72707 5.59795 5.38652 5.35645 5.49322 5.19712 4.90298 4.57235 4.54394 4.51918 4.51907 5.83157 4.95756 4.64308 4.49489 4.73184 6.07476 4.91006 4.12379 5.13735 4.01912 3.90935 3.88826 3.8261 3.55404 4.05907 3.52809 3.52154 3.45837 3.208 3.18592 3.34214 3.17445 3.08242 3.33545 3.05641 3.03576 3.0331 2.94119 3.15332 2.91579 2.8606 2.79133 2.75265
threshold=12.500000000000002 3392.4166666666674 1780.0000000000002 -0.45878215069495448 -28.499999999999996 -0.15000000000000122 4518.8958333333348 30020.500000000004 10.500000000000002 3.6212333628824873 13.500000000000002 55.500000000000007 22.500000000000004 1980.4166666666667 4.5000000000000009 9.5000000000000018 29202.541666666672 1.5000000000000002 54571.770833333343 60.611335332659159 4.5000000000000009 1.8385666382210881 1418.5000000000002 39.500000000000007 1014.5000000000001 32466.500000000004 586.50000000000011 1.0000000180025095e-35 13.375000000000002 568.50000000000011 18.296875000000004 21.415625000000006 3.6473520581347043 2646.729166666667 86.071357500000019 30042.500000000004 -0.3499999999999987 1829.5000000000002 1701.6250000000002 4614.8958333333348 652.25000000000011 76.114935000000017 2815.8125000000005 79.547915000000003 32569.500000000004 -1972.4999999999998 2.7214492841795437 107616.50000000001 92.041010000000014 2696.9166666666674 59.277069000000004 53.23758798531734 158.00000000000003 2968.5000000000005 98178.875000000015 1365.5000000000002 44303.500000000007 55.106899684536067 1705.9791666666667 693.50000000000011 1087.6458333333337 0.35722001181849811
decision_type=2 2 2 2 2 2 2 2 2 2 2 2 2 2 2 2 2 2 2 2 2 2 2 2 2 2 2 2 2 2 2 2 2 2 2 2 2 2 2 2 2 2 2 2 2 2 2 2 2 2 2 2 2 2 2 2 2 2 2 2 2 2
left_child=1 2 5 48 32 8 9 27 21 25 20 26 15 -14 -15 -12 -17 19 55 -7 -2 40 28 24 -24 36 -11 -6 29 44 -30 -32 33 34 35 -4 37 -5 -22 -37 -1 -29 -26 -44 -23 -33 -35 51 -3 -50 -8 -28 -53 58 -46 59 57 -38 -54 -19 -39 -34
right_child=10 3 4 6 7 17 50 -9 -10 11 12 -13 13 14 -16 16 -18 18 -20 -21 38 22 23 -25 42 -27 47 41 30 -31 31 45 61 46 -36 39 56 60 -40 -41 -42 -43 43 -45 54 -47 -48 -49 49 -51 -52 52 53 -55 -56 -57 -58 -59 -60 -61 -62 -63
leaf_value=-8.826105687645363 -1.9223651424281007 56.124586883943664 41.266366058628904 51.836126647112565 -2.1212250130344805 40.736346167059217 5.9152728280357358 -1.9270091867652483 -2.4170209448979971 43.357751026721566 -1.6779745800567143 -2.0097986966581742 -1.7019974645801663 -1.9833477273762024 -0.018224045630364998 -1.8167688377836824 0.044750060683692534 -2.64413363524945 43.422878513559908 -1.4312125457016016 -1.8744742854867207 85.20320552168927 -9.007385950378179 -9.7537237850025029 29.990671251633511 51.994783592723834 -16.948735561525108 14.970429143088992 -12.667205376591564 -12.47879763204099 37.589428017238831 4.1200444724256338 -9.5810437122332974 32.204229911848117 -4.7548607381933721 -4.4784443464925019 32.302966754583615 15.238238117887567 -0.082350294681091604 19.864322878330331 40.772330878154925 -1.0543385937895695 -11.461651451750221 6.9910376324951677 -8.6091721867425068 -14.812183849114508 -1.635216798231504 -14.489452510236902 56.686577950605759 -0.71096502244891779 62.088431212788116 -3.8983683705100791 43.115200466535406 -2.8364640199167588 24.500442824012431 -3.7177346683809991 21.249127638821331 -6.1014408341963327 1.7846767072346892 7.0037945223578477 -2.2072105666553918 0.66408571457777299
leaf_weight=24 120 483 36 93 37 67 25 207 58 36 2457 142 154 49 88 117 45 156 25 40 63 167 23 24 53 100 30 52 40 20 38 31 62 75 72 53 25 33 108 52 266 50 20 34 20 31 41 24 113 29 190 35 86 30 61 81 58 50 26 90 45 35
leaf_count=24 120 483 36 93 37 67 25 207 58 36 2457 142 154 49 88 117 45 156 25 40 63 167 23 24 53 100 30 52 40 20 38 31 62 75 72 53 25 33 108 52 266 50 20 34 20 31 41 24 113 29 190 35 86 30 61 81 58 50 26 90 45 35
internal_value=-0.00404169 0.00335178 0.000496007 0.00704858 -0.00411475 0.00309839 0.00492851 -0.00839931 0.00504011 0.00340917 -0.0128056 0.000469323 -0.0132769 -0.00931639 -0.00490153 -0.0137154 -0.00830969 -0.000744936 -0.00254757 0.00515406 -0.0080797 0.00577045 0.00405088 -0.000759247 0.00159108 0.00637713 0.00330213 -0.00267434 0.00587356 0.0081574 0.00147752 0.00506494 -0.000626613 0.0010392 -0.00160488 0.00199858 0.00452812 0.00760959 -0.00462887 -0.00125595 0.00908997 0.000558276 0.00431373 -0.0010536 0.00941959 0 0.00591731 0.00173951 0.0105295 0.00652357 0.0106555 0.00295509 0.00447205 0.00652357 0.00421702 -0.00361357 0.000540947 -0.00335553 0.00880464 -0.00193824 0.0018822 -0.00630278
internal_weight=6995 3794 2141 1653 772 1369 1028 346 910 813 3201 409 2910 291 137 2619 162 459 352 107 291 852 562 154 130 404 267 139 408 268 140 100 426 329 213 141 304 171 171 105 290 102 107 54 248 62 116 231 625 142 215 207 177 142 81 327 133 75 112 246 78 97
internal_count=6995 3794 2141 1653 772 1369 1028 346 910 813 3201 409 2910 291 137 2619 162 459 352 107 291 852 562 154 130 404 267 139 408 268 140 100 426 329 213 141 304 171 171 105 290 102 107 54 248 62 116 231 625 142 215 207 177 142 81 327 133 75 112 246 78 97
is_linear=0
shrinkage=0.03


Tree=60
num_leaves=63
num_cat=0
split_feature=56 58 61 10 60 56 60 16 10 10 15 58 43 50 17 37 6 58 58 43 42 7 36 50 31 20 6 58 63 23 25 39 6 7 36 51 38 44 48 65 33 55 5 6 64 62 7 32 15 15 47 31 17 42 62 50 35 39 17 60 17 5
split_gain=387.24 65.8421 35.8884 24.3537 18.0295 19.257 16.398 14.0116 12.4466 10.2007 8.999 8.13364 6.92285 11.8522 7.17851 7.0325 6.81493 6.55269 7.85135 7.34729 11.1137 6.38851 5.95163 5.92156 6.03042 5.91376 6.11555 5.39207 5.3275 4.72438 4.62348 4.437 4.28697 19.5338 4.96761 4.27023 4.08066 4.02612 4.01134 5.03392 4.48227 3.8788 3.87712 4.04628 5.90125 4.32757 3.90664 3.85156 3.78626 3.76607 4.59481 3.65761 4.92169 3.50213 3.38806 3.32404 3.08752 3.00363 2.85678 2.83045 4.29398 2.81242
threshold=529.50000000000011 2646.729166666667 1780.0000000000002 0.96386255839173451 4672.5000000000009 5072.0000000000009 2738.5000000000005 36.500000000000007 0.56392291514228221 0.87900005428953576 13709.448968856324 4092.1458333333335 30559.500000000004 885.52083333333348 13.375000000000002 10511.500000000002 8.5000000000000018 620.06250000000011 1820.166666666667 29960.500000000004 34580.291666666679 12.500000000000002 8866.5000000000018 307.22916666666669 61.431304970480582 18.87916666666667 8.5000000000000018 3241.791666666667 951.50000000000011 86.071357500000019 67.948905000000011 32215.500000000004 9.5000000000000018 5.5000000000000009 14139.000000000002 2263.5000000000005 14838.104166666668 30193.000000000004 578.50000000000011 642.50000000000011 2.5965529812628292 60.500000000000007 3.5000000000000004 7.5000000000000009 3428.5000000000005 2192.2708333333335 11.500000000000002 63.044606792071079 5400.6819187964984 5991.7647477390719 283.50000000000006 58.875564680998799 16.525000000000002 55110.333333333343 1874.166666666667 338.62500000000006 13445.000000000002 43390.500000000007 14.825000000000001 1319.5000000000002 12.875000000000002 2.5000000000000004
decision_type=2 2 2 2 2 2 2 2 2 2 2 2 2 2 2 2 2 2 2 2 2 2 2 2 2 2 2 2 2 2 2 2 2 2 2 2 2 2 2 2 2 2 2 2 2 2 2 2 2 2 2 2 2 2 2 2 2 2 2 2 2 2
left_child=1 2 9 4 32 28 8 29 12 17 41 25 13 14 -3 -16 42 -1 31 20 56 -21 -18 36 -25 51 -27 -17 -6 47 -29 -19 -2 34 -34 55 -23 -9 39 40 -14 -5 59 44 46 -46 -44 48 -4 -33 -51 52 -8 -12 -43 -30 58 -50 -20 -10 -61 -55
right_child=3 6 7 10 5 -7 11 37 16 -11 53 -13 38 -15 15 27 22 18 19 21 -22 23 -24 24 -26 26 -28 30 35 -31 -32 49 33 -35 -36 -37 -38 -39 -40 -41 -42 54 43 -45 45 -47 -48 -49 57 50 -52 -53 -54 61 -56 -57 -58 -59 -60 60 -62 -63
leaf_value=-5.5406129527728218 -1.6013027864575236 57.438941464923033 -3.8708217433939729 -2.1274190934924873 -1.7391853712061733 -1.685891016305461 12.056714534531846 -1.2090776830853496 37.111267383196427 -2.4519114923843595 6.4034420099185931 42.676663044955717 69.000644262615864 -9.306821584699037 -14.141199783687037 -2.3529780551220938 37.439370045482335 -7.7474894475555534 -1.4951906959344432 -11.83922439253044 59.69937730105125 -1.6316639942736129 -3.7198932210853757 16.568007868879928 -7.7990777785474252 30.127526546316837 -2.4938675082228907 -2.5635126489212356 17.741520233479086 -5.1681669927583105 57.104388064334287 40.310941448395376 0.043407558863181636 -1.7622657726501718 -1.9019305130959152 10.867723331358633 50.162834939258694 -1.8130480785109799 44.804340351103356 61.74334170805124 -4.4300257012751763 -1.6238465923380225 8.4504319055532804 48.010601895876654 -3.0034003345689211 53.617106562304649 -12.71880293768424 -4.1711728220044666 41.817810280291994 -6.7390743928266783 66.027993927937061 -2.3533208325725581 -15.278956138015957 1.5643906559634932 -0.14223117936390423 -1.4739741042253918 -12.797078843881661 0.30363823132031936 13.08582122402532 35.076725866628287 -17.932133093023278 -2.457367961224163
leaf_weight=40 2390 228 55 92 55 219 84 83 177 81 59 130 23 25 28 37 35 20 44 61 110 37 89 42 74 94 26 34 22 75 93 188 30 127 20 53 62 280 180 455 22 94 30 42 30 32 59 26 41 21 37 95 22 23 121 59 22 57 20 38 22 25
leaf_count=40 2390 228 55 92 55 219 84 83 177 81 59 130 23 25 28 37 35 20 44 61 110 37 89 42 74 94 26 34 22 75 93 188 30 127 20 53 62 280 180 455 22 94 30 42 30 32 59 26 41 21 37 95 22 23 121 59 22 57 20 38 22 25
internal_value=-0.00410602 0.0027362 -0.00213197 -0.0113871 -0.0123364 -0.00646165 0.00611098 -0.00765192 0.00747543 0.00182982 -0.00455687 0.00102416 0.00928984 0.00636262 0.00756249 0.00326393 0.00378452 0.0028878 0.00353204 0.00120102 0.00564508 -0.00194495 -0.00239323 0.000474198 -0.00410853 -0.00153223 0.0037219 0.00564899 0.000539397 -0.0022314 0.00859166 0.00765502 -0.0132687 -0.00870695 0.00712575 0.00378076 0.00587286 -0.0114349 0.0111998 0.0125915 0.00292683 -0.0071703 0.00557312 0.00239254 7.94176e-05 0.00719807 -0.00484848 0.00040201 0.00223383 0.00876473 0.00201377 -0.00468424 -0.000819981 0.00291317 -0.00493724 -0.000517879 -0.00240418 0.00577982 0.000889236 0.00814846 0.00244592 -0.00305613
internal_weight=6995 3606 1476 3389 2975 408 2130 617 1679 859 414 451 1125 445 420 192 554 778 738 472 196 276 124 215 116 321 120 164 189 254 127 266 2567 177 50 134 99 363 680 500 45 307 430 193 151 62 89 179 153 246 58 201 106 107 215 81 86 98 64 237 60 48
internal_count=6995 3606 1476 3389 2975 408 2130 617 1679 859 414 451 1125 445 420 192 554 778 738 472 196 276 124 215 116 321 120 164 189 254 127 266 2567 177 50 134 99 363 680 500 45 307 430 193 151 62 89 179 153 246 58 201 106 107 215 81 86 98 64 237 60 48
is_linear=0
shrinkage=0.03


Tree=61
num_leaves=63
num_cat=0
split_feature=4 58 4 4 4 4 43 6 62 58 21 65 70 20 15 62 6 56 4 22 29 62 4 6 43 62 6 18 64 59 60 47 60 46 46 70 14 42 16 65 66 1 55 55 21 0 21 6 62 3 58 42 46 26 26 62 54 65 20 35 55 60
split_gain=487.082 38.4732 24.0652 21.6805 16.5356 13.526 12.6475 10.9489 8.24549 7.65634 9.00886 7.56627 8.41387 9.16202 8.06195 6.66315 6.45812 6.30352 5.44633 5.15055 5.11126 5.08168 4.70735 5.23741 20.6697 4.67442 5.2949 4.9524 4.38185 5.91777 4.34149 3.96699 3.95256 3.91169 3.90616 12.0175 4.83452 5.96893 3.79633 3.43181 3.41471 5.12105 4.29097 4.22757 4.10792 3.92988 3.6725 3.39322 3.31351 3.24153 3.8322 3.19114 3.04318 2.97456 3.12466 2.91055 2.66902 2.6663 2.65482 2.58409 2.44229 2.4411
threshold=11.500000000000002 3297.6666666666674 13.500000000000002 1.5000000000000002 1.0000000180025095e-35 8.5000000000000018 33050.000000000007 3.5000000000000004 1854.9583333333337 4518.8958333333348 3.6083874065902877 624.50000000000011 83088.125000000015 22.021875000000001 4420.8147211311789 2294.479166666667 3.5000000000000004 1096.5000000000002 3.5000000000000004 -0.62499999999999989 55.229668595842774 2414.5208333333339 22.500000000000004 9.5000000000000018 29064.500000000004 1938.979166666667 4.5000000000000009 21.275000000000002 1716.5000000000002 795.50000000000011 1396.5000000000002 229.50000000000003 3153.5000000000005 29748.416666666668 28890.479166666672 86849.687500000015 119976.39583333336 56246.458333333343 -2618.4999999999995 4800.5000000000009 5170.8541666666679 6.3750000000000009 24.500000000000004 8.5000000000000018 3.3633895140514274 76505.000000000015 2.2127573813052175 7.5000000000000009 1675.7708333333335 60.313314408217387 1820.166666666667 43140.916666666679 32039.854166666672 84.843522041666688 69.99939670833335 1815.8958333333335 1973.5833333333335 7441.5000000000009 5.9093750000000016 11275.000000000002 9.5000000000000018 819.50000000000011
decision_type=2 2 2 2 2 2 2 2 2 2 2 2 2 2 2 2 2 2 2 2 2 2 2 2 2 2 2 2 2 2 2 2 2 2 2 2 2 2 2 2 2 2 2 2 2 2 2 2 2 2 2 2 2 2 2 2 2 2 2 2 2 2
left_child=1 3 7 16 17 18 28 -2 -9 10 34 61 14 32 -13 38 -1 -3 39 -20 -18 40 23 -4 -25 -24 -27 -28 53 -30 33 -10 59 -31 35 -6 -36 -38 -15 60 42 46 43 49 57 -43 48 -19 -42 -21 -51 -44 -22 54 -7 -41 -33 -45 -32 -14 -5 -12
right_child=2 4 22 5 9 6 -8 8 31 -11 11 12 13 15 -16 -17 20 47 19 21 52 -23 25 24 -26 26 27 -29 29 30 58 56 -34 -35 36 -37 37 -39 -40 55 41 45 51 44 -46 -47 -48 -49 -50 50 -52 -53 -54 -55 -56 -57 -58 -59 -60 -61 -62 -63
leaf_value=-1.746118033788403 -1.7911248911949782 -3.1120125183451757 -1.5818664294768638 -6.6552119738935653 60.244628788001592 23.12881668893365 -3.235727465164675 -1.7619131787893256 1.1759038982729431 70.426713366842506 10.358757410179651 28.829666128060239 30.301860225895098 27.970804047612653 -21.958683066058683 -15.809981491562427 18.701238782675798 9.8799590407863676 38.296551087581392 -3.0672892265086285 -2.9627052521591768 46.73732924037256 -1.6184798454259626 -1.7093977994706668 0.042105332097286237 -1.8758082119611907 0.32807307738543795 -1.0415700197438684 -4.1257487474141907 43.403178896891724 20.351453491968492 -1.6435689156128648 7.7805778158599193 5.0742884716402434 51.794702733387943 -17.116301153899411 -11.661651007400469 36.569801420371526 -7.3743296087308954 1.6606205945814416 -6.4962103438579808 12.80154676839109 5.6217111203350392 65.959922738838529 0.21059049741026228 -10.400683341573799 73.455964545658034 -3.2874858363890209 44.273823942640483 37.332858273769524 -2.2230757860565151 -4.4049414624948051 0.74173122100429734 41.735871299723804 -2.9915961292990048 35.848991860518908 2.3375648603654247 0.5412520356545929 -6.5369021610418754 53.133680360846043 -0.24435943822650186 -13.014481181575656
leaf_weight=155 180 44 2457 29 41 24 113 183 146 321 20 22 77 61 61 28 28 69 197 43 95 59 146 117 45 49 27 69 104 37 20 52 54 50 420 25 26 62 41 64 22 31 50 66 54 20 78 23 23 25 31 66 35 38 51 54 21 20 33 195 167 31
leaf_count=155 180 44 2457 29 41 24 113 183 146 321 20 22 77 61 61 28 28 69 197 43 95 59 146 117 45 49 27 69 104 37 20 52 54 50 420 25 26 62 41 64 22 31 50 66 54 20 78 23 23 25 31 66 35 38 51 54 21 20 33 195 167 31
internal_value=-0.00414033 0.00376295 -0.0120692 0.000843207 0.0071507 0.00228284 -0.00197192 -0.00648858 -0.00372295 0.00806814 0.00692982 0.00431622 0.0053645 0.00696558 -0.0033935 0.000207533 -0.00636218 -0.0028435 0.00410518 0.00544135 -0.00206831 0.00402483 -0.0131841 -0.0135894 -0.00830969 -0.0095225 -0.00566506 -0.00152966 0.000789695 -0.00146252 0.00254818 0.000191693 0.00965041 0.00668197 0.00960982 0.00267776 0.0105038 0.00405221 0.0037904 0.000754537 0.00308448 0.00653073 0.00138553 0.00368883 0.00704497 -0.001409 0.00984565 0.00159609 0.00292683 -0.00102926 0.00368984 -0.00333333 -0.00458878 0.00567639 0.00215712 0.00480102 -0.00549932 0.011115 -0.00418079 0.0111246 -0.00166752 -0.00669276
internal_weight=6995 3503 3492 1882 1621 1569 470 582 402 1485 1164 590 539 456 83 130 313 136 1099 785 158 588 2910 2619 162 291 145 96 357 244 140 219 326 87 574 66 508 88 102 314 529 174 355 239 140 51 123 92 45 99 56 116 130 113 75 118 73 86 53 272 196 51
internal_count=6995 3503 3492 1882 1621 1569 470 582 402 1485 1164 590 539 456 83 130 313 136 1099 785 158 588 2910 2619 162 291 145 96 357 244 140 219 326 87 574 66 508 88 102 314 529 174 355 239 140 51 123 92 45 99 56 116 130 113 75 118 73 86 53 272 196 51
is_linear=0
shrinkage=0.03


Tree=62
num_leaves=63
num_cat=0
split_feature=4 61 4 19 44 43 4 22 7 62 4 48 15 31 43 4 1 4 62 51 43 46 55 4 62 1 5 48 49 66 62 7 1 17 69 56 30 18 55 62 56 1 62 7 66 38 5 44 44 37 60 4 30 27 2 31 65 61 68 55 65 1
split_gain=475.928 38.4433 21.9286 19.598 13.0251 12.352 9.65187 7.55217 6.83421 6.59349 6.51382 6.27631 6.65032 5.92598 6.29578 7.43857 5.5488 5.5776 5.44915 5.29926 5.2644 8.20918 4.9929 4.84433 4.93504 4.73573 6.73691 4.44024 4.40643 4.17773 4.08076 22.8969 3.94081 3.98589 3.92759 3.86165 5.81903 3.85833 3.76949 3.56909 3.48808 3.46162 4.4281 3.43686 4.23917 3.38752 3.30527 3.29482 3.2824 3.24898 3.10903 3.12974 3.39364 2.92346 2.89805 3.22418 2.8877 2.88145 2.83857 2.66527 2.59742 2.58925
threshold=12.500000000000002 1780.0000000000002 8.5000000000000018 12.875000000000002 30233.000000000004 33138.500000000007 1.0000000180025095e-35 -0.17500000000000068 7.5000000000000009 1988.3958333333337 13.500000000000002 532.50000000000011 13709.448968856324 57.472281710172005 32639.500000000004 10.500000000000002 8.7250000000000014 11.500000000000002 2210.6875000000005 1565.5000000000002 30559.500000000004 30258.270833333339 2611.0000000000005 22.500000000000004 1938.979166666667 11.775000000000002 1.5000000000000002 885.50000000000011 525.50000000000011 5595.3750000000009 991.14583333333348 5.5000000000000009 12.875000000000002 -0.72499999999999987 84202.500000000015 26.500000000000004 58.178132486030755 12.725000000000001 4170.5000000000009 1489.3958333333337 24.500000000000004 -0.57499999999999984 1381.0208333333337 21.500000000000004 1194.6666666666667 15227.854166666668 4.5000000000000009 31501.500000000004 31769.500000000004 10039.500000000002 3363.5000000000005 8.5000000000000018 62.912113095154687 15.882260671025746 90.411025000000009 67.811589735769516 2734.5000000000005 2391.5000000000005 82372.500000000015 8.5000000000000018 1093.5000000000002 23.375000000000004
decision_type=2 2 2 2 2 2 2 2 2 2 2 2 2 2 2 2 2 2 2 2 2 2 2 2 2 2 2 2 2 2 2 2 2 2 2 2 2 2 2 2 2 2 2 2 2 2 2 2 2 2 2 2 2 2 2 2 2 2 2 2 2 2
left_child=1 2 7 4 8 11 9 20 -3 -5 22 12 13 19 15 41 17 -10 29 32 21 25 60 30 -25 45 -27 35 57 40 31 -12 33 -4 49 -22 -37 -26 -11 48 -9 -15 -43 44 -29 -1 -31 -14 53 -34 51 52 -6 -8 55 -41 -39 -18 -20 -28 -2 -57
right_child=10 3 5 6 50 -7 39 18 16 38 23 -13 47 14 -16 -17 28 -19 58 -21 27 -23 -24 24 37 26 59 43 -30 46 -32 -33 34 -35 -36 36 -38 56 -40 54 -42 42 -44 -45 -46 -47 -48 -49 -50 -51 -52 -53 -54 -55 -56 61 -58 -59 -60 -61 -62 -63
leaf_value=63.435773386633372 -1.1732856254087147 -4.559053799395806 -0.4744613877793562 -2.4202147487493986 -0.21650098666931186 -4.8012645891658714 -8.6549611800361266 5.3191869093011741 43.727658621731237 -1.9247875999277186 0.040842172134367444 -3.0646592629452241 -3.0692753899397553 55.189366425888828 21.793760373871535 -4.2524758369779896 0.19428256291466595 -1.6733563269360943 7.5475348396222941 -6.0086565191814811 53.926337241573506 -8.8555143812839834 1.3960351903241752 -1.5699254500631836 -1.7926196206400433 -2.434672613099333 -2.7063975607479458 55.353954506107989 18.961025131739881 61.617841802154757 -1.5390191746904003 -1.6581158654865469 -11.157364012404164 32.625279130109881 35.955748099715883 -6.6827551594534818 53.440440623284402 -0.98825388162257433 12.535316225884999 38.23901083411404 -3.3674640895846073 17.192028670552453 -11.165849584160323 49.558886231411059 -6.4325099195547502 -6.0650530958956956 -3.0678068761217183 36.032391495739851 41.165272219758087 13.270287753394614 -1.7394355502618406 -1.8906917056072172 -3.3204459180077581 9.7768391969330057 -0.011169546283717864 29.013023723459884 0.068456944607323753 -4.6438942280085032 44.870669489044332 49.96948322790454 -1.5310844500000771 -10.29454574499729
leaf_weight=197 50 65 24 90 98 75 46 90 92 41 41 57 22 22 59 105 35 20 20 31 543 39 32 146 40 64 25 22 41 46 2440 138 37 142 30 22 84 59 58 234 77 48 53 52 44 20 20 164 33 47 145 70 43 39 47 23 46 61 62 142 209 28
leaf_count=197 50 65 24 90 98 75 46 90 92 41 41 57 22 22 59 105 35 20 20 31 543 39 32 146 40 64 25 22 41 46 2440 138 37 142 30 22 84 59 58 234 77 48 53 52 44 20 20 164 33 47 145 70 43 39 47 23 46 61 62 142 209 28
internal_value=-0.00418321 0.00300387 0.00519577 -0.00115499 -0.00474108 0.00150311 0.00260053 0.00734944 -0.000276982 -0.00307774 -0.0127025 0.00254667 0.00324831 0.00170038 -0.00140021 -0.00366944 0.00197511 0.00693131 0.00317994 0.00457088 0.00839407 0.00593718 -0.00838887 -0.0131325 -0.00941944 0.00708994 0.00407616 0.00994916 -0.00205689 0.000823681 -0.0135436 -0.00911223 0.00588004 0.00883203 0.00155127 0.0109259 0.00562677 -0.0054583 0.00224016 0.00499222 -0.00168761 0.001316 -0.0010089 0.00454699 0 0.010281 0.00721634 0.00820527 0.000482642 -0.00174792 -0.00866891 -0.00630981 -0.0036995 -0.0026087 0.00658537 0.00772361 -0.00239772 -0.00558793 0.00982948 0.00725314 -0.00977229 0.000821918
internal_weight=6995 3794 2485 1309 670 916 639 1569 314 189 3201 841 784 598 287 228 249 112 315 311 1254 487 291 2910 291 448 231 767 137 233 2619 179 280 166 114 649 106 145 99 450 167 123 101 118 66 217 66 186 118 84 356 211 141 85 332 285 105 96 82 167 259 51
internal_count=6995 3794 2485 1309 670 916 639 1569 314 189 3201 841 784 598 287 228 249 112 315 311 1254 487 291 2910 291 448 231 767 137 233 2619 179 280 166 114 649 106 145 99 450 167 123 101 118 66 217 66 186 118 84 356 211 141 85 332 285 105 96 82 167 259 51
is_linear=0
shrinkage=0.03


Tree=63
num_leaves=63
num_cat=0
split_feature=4 16 45 4 4 4 15 22 55 62 15 2 4 31 22 44 4 54 7 38 55 5 20 33 24 49 4 62 20 16 7 63 23 0 48 62 5 49 19 48 64 42 35 64 33 33 16 24 7 46 49 66 48 3 2 62 44 3 38 38 41 4
split_gain=464.147 36.5973 22.1459 18.0715 10.7247 10.1377 8.38266 8.04868 7.5927 6.88914 6.76909 7.53466 6.71692 5.93725 5.88616 5.82478 5.6786 4.82548 7.14321 20.3591 4.6932 4.53552 4.2672 4.20493 3.98031 4.32168 3.88545 4.08519 4.3709 3.87346 3.7464 3.54348 3.53122 4.38834 3.43211 3.42408 3.24263 5.44146 8.01256 3.10036 3.0407 3.03757 3.90867 4.72032 4.98498 3.06556 3.01738 2.97869 2.96042 2.90272 2.8383 2.80726 2.65346 4.81739 2.5898 2.56825 2.54644 2.42797 2.41856 2.40696 2.55731 2.38299
threshold=12.500000000000002 -619.49999999999989 33365.500000000007 2.5000000000000004 1.0000000180025095e-35 10.500000000000002 13709.448968856324 -0.64999999999999891 4277.0000000000009 2421.2500000000005 10001.438814659794 91.769973000000007 13.500000000000002 55.08139669119479 -0.15000000000000122 29624.000000000004 1.5000000000000002 1719.3541666666667 5.5000000000000009 12877.937500000002 724.00000000000011 1.5000000000000002 19.417708333333337 3.4116864159505664 77.236397500000024 321.50000000000006 22.500000000000004 1938.979166666667 11.055208333333335 536.50000000000011 21.500000000000004 2618.5000000000005 85.733235000000022 93206.000000000015 586.50000000000011 2192.2708333333335 1.5000000000000002 1118.5000000000002 27.825000000000006 246.50000000000003 1433.5000000000002 32677.187500000004 14777.500000000002 1887.0000000000002 1.9664555722151065 2.4750545432362685 -2910.4999999999995 91.584970000000013 12.500000000000002 31531.604166666668 230.50000000000003 2698.8750000000005 553.50000000000011 65.299830622194193 87.370965000000012 2747.4583333333335 28487.500000000004 55.171830913120793 12212.250000000002 23902.812500000004 37159.000000000007 1.5000000000000002
decision_type=2 2 2 2 2 2 2 2 2 2 2 2 2 2 2 2 2 2 2 2 2 2 2 2 2 2 2 2 2 2 2 2 2 2 2 2 2 2 2 2 2 2 2 2 2 2 2 2 2 2 2 2 2 2 2 2 2 2 2 2 2 2
left_child=1 3 4 9 8 14 13 34 -3 16 11 23 20 56 54 -12 22 26 19 -19 -2 -16 -1 24 25 -9 -14 -28 -29 30 -4 55 33 50 -5 51 37 38 57 -22 -34 -26 -43 -44 -45 -46 -18 -13 -24 -8 -15 -23 -17 -54 61 -11 -7 -20 -30 60 -56 -6
right_child=12 2 29 7 5 6 49 10 -10 31 15 47 17 32 21 52 46 18 36 -21 39 35 48 -25 41 -27 27 28 58 -31 -32 -33 40 -35 -36 -37 -38 -39 -40 -41 -42 42 43 44 45 -47 -48 -49 -50 -51 -52 -53 53 -55 59 -57 -58 -59 -60 -61 -62 -63
leaf_value=-7.6198097788666859 -1.7485829367421724 -1.7844315612784432 -5.3336039172379106 54.814891832412883 9.3458077846688248 -6.3248289829242657 -2.8799857710806385 -2.2991875175898961 17.026426178734013 9.6617461360113808 -7.9639331512136318 -5.6090826823203264 -1.5026748916438482 -2.5119020973888793 32.974501614812816 44.291917450589935 26.953285475180216 0.039616906970336596 0.083616217774857934 -1.2861071366807462 -0.069335271222506378 4.1805175412295847 2.8071612715247487 47.791265617730026 -2.6610901211958797 63.55625497637832 -1.5117626838859224 -1.7388410320208421 0.33040309445338778 -1.6141685355892952 10.728033965561107 40.523149614278701 -1.8056360713014026 -2.2101080620744233 44.188494073523856 10.144298024847386 -1.5487438847387807 -1.4005438847387808 0.91125611526121919 -1.2788861612699138 -4.2740587531329677 43.749829060243862 -15.070321699755258 56.224437570493336 -4.3504100493289481 17.024021865170784 -0.60457945692882498 1.5315744591746625 -1.5373657785944634 21.308496315831089 5.3053463586872205 -6.0125685983869603 -7.6662874025983863 39.701212020184819 21.242221998660337 -7.207381428275478 9.2621359851234484 -1.3723438847387808 -1.0140223963864463 27.221284641019764 -4.9931341569843193 44.923725260747197
leaf_weight=76 159 94 90 450 66 21 20 150 20 54 20 66 1853 68 54 287 97 39 21 70 86 27 57 130 26 54 106 40 23 151 20 54 36 49 124 49 510 108 21 46 79 88 23 43 20 26 130 47 89 89 63 65 32 78 62 21 76 79 40 21 62 270
leaf_count=76 159 94 90 450 66 21 20 150 20 54 20 66 1853 68 54 287 97 39 21 70 86 27 57 130 26 54 106 40 23 151 20 54 36 49 124 49 510 108 21 46 79 88 23 43 20 26 130 47 89 89 63 65 32 78 62 21 76 79 40 21 62 270
internal_value=-0.00425183 0.00284573 -0.000693899 0.00529727 0.000915498 0.00176875 -0.00146079 0.0068848 -0.00786152 0.000721328 0.00536373 0.00349428 -0.012665 -0.00351186 0.00416654 0.00837209 -0.00102872 -0.0131016 -0.0111744 -0.00395967 -0.00828581 -0.000215274 -0.00444394 0.00492234 0.00348059 0.000426262 -0.0138921 -0.00995696 -0.005645 -0.00866335 -0.00433243 0.00683191 -0.00563199 -0.00298168 0.00976659 -0.00306166 -0.0122338 -0.00921868 -0.00480595 -0.0040651 -0.00974805 0.00622291 0.00748126 0.00371989 0.00686869 0 0.00229855 -0.00355438 -0.00141684 0.00588451 -9.15332e-05 -0.00648208 0.00917149 0.00514986 0.00594887 0.00255659 0.00290422 -0.00836164 -0.00066561 0.00256375 0.000942788 0.00739958
internal_weight=6995 3794 1552 2242 1291 1177 501 1664 114 578 1090 673 3201 392 676 417 449 2910 848 109 291 195 222 560 430 204 2062 209 103 261 110 129 295 180 574 141 739 229 121 132 115 226 200 112 89 46 227 113 146 109 131 92 397 110 481 75 97 100 63 145 124 336
internal_count=6995 3794 1552 2242 1291 1177 501 1664 114 578 1090 673 3201 392 676 417 449 2910 848 109 291 195 222 560 430 204 2062 209 103 261 110 129 295 180 574 141 739 229 121 132 115 226 200 112 89 46 227 113 146 109 131 92 397 110 481 75 97 100 63 145 124 336
is_linear=0
shrinkage=0.03


Tree=64
num_leaves=63
num_cat=0
split_feature=4 58 61 57 4 4 4 6 57 45 58 51 24 47 33 45 15 41 31 18 50 66 55 44 1 4 62 6 58 58 57 6 7 15 26 26 62 50 22 18 51 35 7 58 4 4 65 58 38 26 1 46 46 45 34 54 53 70 60 60 7 47
split_gain=452.722 43.1205 22.5698 16.9406 10.6146 8.13513 7.84014 7.78572 8.14375 7.78049 6.70689 5.96687 5.91594 5.86931 7.4255 5.85299 8.42946 5.67016 7.71576 5.60607 5.3985 8.25535 5.34436 5.25404 5.85784 5.23727 5.47702 6.15361 5.19182 5.12145 5.51024 5.0542 20.6697 4.75484 4.5741 5.14264 4.39096 5.415 4.18555 4.13139 4.0707 4.28337 4.92342 4.94759 3.92758 4.32815 3.89563 3.90567 3.72596 3.68358 3.46352 3.32361 3.30938 6.47796 3.30539 3.12994 3.09951 5.17632 3.0806 2.95793 2.94693 2.90178
threshold=12.500000000000002 3392.4166666666674 1780.0000000000002 28.500000000000004 8.5000000000000018 10.500000000000002 13.500000000000002 3.5000000000000004 27.500000000000004 33079.000000000007 4487.479166666667 1024.5000000000002 57.553963000000003 204.50000000000003 1.943909141653956 29167.500000000004 8287.2605671625224 38380.500000000007 53.215911082845182 11.875000000000002 1399.0208333333335 1007.1458333333334 942.50000000000011 30233.000000000004 8.7250000000000014 22.500000000000004 1938.979166666667 4.5000000000000009 4383.791666666667 4821.604166666667 100.50000000000001 9.5000000000000018 5.5000000000000009 13709.448968856324 85.457779500000001 87.954510104166687 2182.1250000000005 1432.4375000000002 -0.40000000000000019 21.275000000000002 1558.5000000000002 15476.000000000002 19.500000000000004 2041.7291666666667 8.5000000000000018 1.5000000000000002 1405.0000000000002 652.25000000000011 11991.083333333334 67.137470062500014 4.0250000000000012 29311.270833333336 31736.562500000004 32562.500000000004 -0.24035466622331822 762.33333333333337 1231.5000000000002 83392.812500000015 3153.5000000000005 739.50000000000011 17.500000000000004 229.50000000000003
decision_type=2 2 2 2 2 2 2 2 2 2 2 2 2 2 2 2 2 2 2 2 2 2 2 2 2 2 2 2 2 2 2 2 2 2 2 2 2 2 2 2 2 2 2 2 2 2 2 2 2 2 2 2 2 2 2 2 2 2 2 2 2 2
left_child=1 2 4 5 12 10 22 8 23 33 15 -9 60 50 46 16 17 18 -3 54 28 -22 -2 24 -4 31 -27 -28 52 30 -21 -8 -33 38 49 -36 -32 -38 59 -29 41 48 43 -43 45 -25 -15 -48 -16 -13 -14 -49 53 58 -5 -47 -42 -58 -17 -6 -1 -40
right_child=6 3 7 19 9 -7 25 11 -10 -11 -12 34 13 14 40 20 -18 -19 -20 29 21 -23 -24 44 -26 26 27 39 -30 -31 36 32 -34 -35 35 -37 37 -39 61 -41 56 42 -44 -45 -46 55 47 51 -50 -51 -52 -53 -54 -55 -56 -57 57 -59 -60 -61 -62 -63
leaf_value=-10.129076766541711 -1.618962998419524 -9.5558369800648499 28.716438029607605 5.736677704450412 -2.3237456567449954 -2.7239389566268088 -1.4442037525695326 16.999552652419986 -2.2351494241670231 -3.6341844871413733 69.651574317671745 1.7427024807717635 50.443706753432821 -1.4397980893515432 -1.9460722257029328 37.144985483869128 -19.783798825578888 -22.481141021702378 48.190070318425938 27.654905148920744 42.212157144158553 -11.300087422238297 -0.49778825029106044 -1.4095612736162637 -8.7592089061237264 -1.4774748060447105 -1.7135901460225282 0.32049100161978572 -4.2889106532503725 32.603181329458465 -1.7339789457534123 0.038428399761226473 -1.561910072979787 35.243872069500576 28.743424780696166 -2.7875513361067443 22.434279128429012 -4.3741944440202527 -0.64693238153029597 -0.93865898616071264 -6.304284033873123 10.058218939329835 44.612521747742775 -8.7974653690149029 -1.7089622820200721 -3.4606105242151579 -5.7840405768571257 16.657413004956346 60.995742262489181 -2.766169422425659 23.975926819968997 42.617437421761799 52.863714783154627 -14.478712953093385 -3.3557686335302468 36.796369580645916 -6.1736008574041854 34.343761313651818 1.2437599280945324 46.914963967727715 2.9654322156463055 -4.0180542546492903
leaf_weight=29 167 35 53 27 33 54 2457 39 130 79 273 52 116 46 28 171 21 21 106 153 37 44 124 73 21 146 49 27 28 69 132 45 117 23 41 22 101 36 221 69 40 22 50 48 82 46 30 68 72 178 91 158 234 24 59 35 28 41 28 60 33 53
leaf_count=29 167 35 53 27 33 54 2457 39 130 79 273 52 116 46 28 171 21 21 106 153 37 44 124 73 21 146 49 27 28 69 132 45 117 23 41 22 101 36 221 69 40 22 50 48 82 46 30 68 72 178 91 158 234 24 59 35 28 41 28 60 33 53
internal_value=-0.00429043 0.00271922 -8.96735e-05 0.00635896 0.0022219 0.00858377 -0.0125994 -0.00419246 -0.00680982 -0.00143253 0.00918403 -0.00071364 0.00412954 0.00479298 0.00334654 0.00770525 0.00301475 0.00534855 0.00752658 0.00220412 0.00921569 0.00199753 -0.00787358 -0.00415027 0.00279352 -0.0130707 -0.00921333 -0.0050448 0.0104143 0.00344533 0.00219616 -0.0134978 -0.00830969 0.000299923 -0.00219038 0.00494453 -0.000379041 0.0033698 -0.000523018 -0.000593132 0.000218778 0.0025761 -0.00122398 -0.0063766 -0.00634053 -0.00348475 0.0067428 0.00818821 0.00716284 -0.00415906 0.00918397 0.00954003 0.0111835 0.00852532 -0.00484321 0.00125771 -0.00450962 -0.000607815 0.0103064 0.00496241 -0.00478261 -0.00239694
internal_weight=6995 3794 2141 1653 1369 1076 3201 772 440 469 1022 332 900 838 631 749 183 162 141 577 566 81 291 310 74 2910 291 145 485 491 422 2619 162 390 293 63 269 137 367 96 329 220 120 70 236 154 302 256 100 230 207 226 457 223 86 81 109 69 199 93 62 274
internal_count=6995 3794 2141 1653 1369 1076 3201 772 440 469 1022 332 900 838 631 749 183 162 141 577 566 81 291 310 74 2910 291 145 485 491 422 2619 162 390 293 63 269 137 367 96 329 220 120 70 236 154 302 256 100 230 207 226 457 223 86 81 109 69 199 93 62 274
is_linear=0
shrinkage=0.03


Tree=65
num_leaves=63
num_cat=0
split_feature=4 58 4 61 4 18 22 4 33 52 58 4 4 6 6 45 1 50 70 15 25 26 6 43 45 44 55 22 2 5 51 46 24 2 58 42 14 50 31 32 65 52 58 31 5 33 6 58 70 27 47 50 59 60 4 58 44 35 61 47 59 47
split_gain=446.318 40.7066 24.515 19.2925 17.1681 11.4562 7.80935 7.41746 6.66435 9.66854 6.04876 5.73415 5.70786 5.53986 8.37988 5.5243 7.25754 6.28445 5.43375 5.5696 5.12411 5.04472 5.03153 20.6697 4.64459 4.53041 4.37308 4.20899 4.0803 3.8807 5.55567 4.70191 3.82326 3.93196 3.7816 5.43149 5.30454 5.84733 4.11645 5.94514 4.13189 6.21803 3.70245 3.84577 3.62755 3.51241 3.52726 3.16526 5.05324 3.54004 3.13967 4.66961 3.67627 3.06699 3.05167 3.03165 3.01041 2.88802 2.87607 2.78807 2.76346 6.70721
threshold=11.500000000000002 3297.6666666666674 13.500000000000002 1780.0000000000002 1.5000000000000002 18.425000000000001 -0.15000000000000122 8.5000000000000018 1.8385666382210881 1446.5000000000002 4821.604166666667 22.500000000000004 1.0000000180025095e-35 4.5000000000000009 7.5000000000000009 32799.500000000007 5.2250000000000005 237.31250000000003 98578.395833333343 5936.931224454268 65.662362500000015 84.315601333333362 9.5000000000000018 29064.500000000004 32425.500000000004 32594.500000000004 1841.5000000000002 -0.29999999999999932 89.355252000000021 2.5000000000000004 1256.5000000000002 32545.520833333336 84.432390000000012 75.855102000000016 4518.8958333333348 31109.708333333339 119976.39583333336 1992.8125000000002 53.215911082845182 51.927371540833498 642.50000000000011 1393.5000000000002 1851.0208333333337 65.611487402068732 4.5000000000000009 4.1499571478143116 7.5000000000000009 2815.8125000000005 83562.916666666672 13.802484955723081 1187.5000000000002 195.22916666666671 966.50000000000011 416.50000000000006 12.500000000000002 2646.729166666667 31789.500000000004 10706.000000000002 2543.0000000000005 187.50000000000003 1092.5000000000002 220.50000000000003
decision_type=2 2 2 2 2 2 2 2 2 2 2 2 2 2 2 2 2 2 2 2 2 2 2 2 2 2 2 2 2 2 2 2 2 2 2 2 2 2 2 2 2 2 2 2 2 2 2 2 2 2 2 2 2 2 2 2 2 2 2 2 2 2
left_child=1 3 5 6 10 24 8 34 32 15 45 22 26 -13 -15 16 -10 -18 19 28 44 -22 -4 -24 56 54 -5 50 -19 -9 60 53 33 -1 35 -6 38 -38 39 -37 41 -40 -17 59 -8 46 -3 48 -11 -50 51 -14 -53 -32 -7 -35 57 -2 -42 -44 61 -31
right_child=2 4 11 12 7 25 20 29 9 47 -12 13 27 14 -16 42 17 18 -20 -21 21 -23 23 -25 -26 -27 -28 -29 -30 30 31 -33 -34 55 -36 36 37 -39 40 -41 58 -43 43 -45 -46 -47 -48 -49 49 -51 -52 52 -54 -55 -56 -57 -58 -59 -60 -61 -62 -63
leaf_value=61.872155071050592 -0.61487430123605802 8.1432843906542871 -1.4008776399924465 -1.5482596942028473 -7.1272682387936586 0.68533651202180401 67.019868236861186 28.662682952388714 60.702169511930343 -5.2147341692482856 29.605044510041928 -1.5436162759113305 -8.6724898343912766 0.019105418152891358 -1.5102308136188527 31.368679030399544 -14.387112864456631 32.446892977634214 -4.8939512302159391 56.89316657952179 -2.567933668703589 17.588259671816925 -1.5150527707903934 0.037275547768389573 -1.5495805014783133 5.367002978057589 -1.1439908214610144 -2.1833170813881679 -10.874517129978821 -16.02175041648924 15.493723460509118 44.836681777473835 34.186555907415546 -7.1840972253248419 70.295588584258894 41.596340564050898 -7.9500341420554648 53.261946787842327 -10.278903738044249 -8.0286712575852643 50.536171668565494 77.334326700900633 -0.48638317034845385 18.486149368590549 -0.94439542426249767 -3.9820719033079968 -3.0166662073184178 -9.5911767107413368 -1.4567179449073753 46.665986734973231 -2.0550746903172192 -2.377932736343499 23.338077523997416 -17.097176709789419 -0.92937786298306668 22.768985365735542 0.20186719335984321 -1.6667286164948962 27.61537192914243 -19.867118583959453 35.194361930135948 40.751049820212067
leaf_weight=34 54 121 2457 94 35 60 32 171 108 29 35 120 41 92 79 44 27 20 36 78 251 84 117 45 153 50 61 208 20 33 22 26 197 51 204 25 44 26 22 35 440 25 22 21 21 32 83 55 21 23 56 24 165 55 67 20 29 169 89 39 57 41
leaf_count=34 54 121 2457 94 35 60 32 171 108 29 35 120 41 92 79 44 27 20 36 78 251 84 117 45 153 50 61 208 20 33 22 26 197 51 204 25 44 26 22 35 440 25 22 21 21 32 83 55 21 23 56 24 165 55 67 20 29 169 89 39 57 41
internal_value=-0.00432474 0.00324056 -0.0119146 0.000237501 0.00672506 -0.00628243 0.00244262 0.00810829 0.00406106 0.00206592 -0.000154924 -0.0130398 -0.003947 -0.00900721 -0.00550555 0.00429294 0.00657904 0.00288239 0.00523686 0.00835732 -0.00107447 -0.002453 -0.0134863 -0.00830969 -0.00906443 6.77583e-05 -0.00897485 -0.00236187 -0.000673317 0.00469514 0.00216574 -0.00302619 0.00763654 0.0029686 0.00956724 0.00855755 0.00913043 0.00124108 0.00999371 0.00244592 0.0107742 0.00216561 -0.000927835 -0.00471376 0.00757062 -0.00189327 -0.000426262 -0.00512881 -0.000984952 0.00537415 0 0.0015515 0.00355368 -0.00677043 -0.00292683 -0.00101266 -0.00653312 -0.00771851 0.0115328 -0.00854337 0.00627002 0.00238866
internal_weight=6995 3503 3492 1882 1621 582 1233 1350 845 543 271 2910 649 291 171 415 289 181 154 118 388 335 2619 162 405 177 155 494 40 405 234 103 302 105 945 741 706 70 636 60 576 47 126 82 53 236 204 128 73 44 286 230 189 77 127 71 252 223 529 61 131 74
internal_count=6995 3503 3492 1882 1621 582 1233 1350 845 543 271 2910 649 291 171 415 289 181 154 118 388 335 2619 162 405 177 155 494 40 405 234 103 302 105 945 741 706 70 636 60 576 47 126 82 53 236 204 128 73 44 286 230 189 77 127 71 252 223 529 61 131 74
is_linear=0
shrinkage=0.03


Tree=66
num_leaves=63
num_cat=0
split_feature=4 16 6 4 22 44 1 12 51 4 59 16 4 43 46 48 55 20 6 6 20 6 7 44 38 63 36 20 5 19 46 2 59 29 66 23 41 7 26 2 70 4 16 32 27 54 27 66 33 63 43 44 27 2 65 37 20 57 45 60 30 63
split_gain=440.601 35.6758 24.5245 17.0649 9.17639 8.23952 8.0259 9.00177 10.6181 7.99889 7.55249 6.44601 6.28418 6.19255 11.1018 6.46195 5.66599 5.64007 5.44333 7.90921 5.08768 5.03153 20.6697 4.95887 5.21909 4.85968 4.68057 5.71433 4.67784 4.64972 4.5097 4.40332 4.27777 4.15138 4.14546 4.52997 3.76468 5.00362 6.7488 4.04786 4.31611 3.70504 3.60037 3.82808 3.49681 3.79844 3.4629 3.37454 3.37019 3.31911 4.53147 4.4154 4.27301 3.43674 3.15448 3.14905 3.10994 3.07501 2.99624 2.93069 3.21416 2.90953
threshold=12.500000000000002 -619.49999999999989 2.5000000000000004 1.5000000000000002 -0.074999999999999276 31830.500000000004 12.875000000000002 89313.500000000015 1604.5000000000002 13.500000000000002 4706.5000000000009 536.50000000000011 22.500000000000004 30559.500000000004 30310.375000000004 563.50000000000011 942.50000000000011 12.762500000000001 4.5000000000000009 7.5000000000000009 19.417708333333337 9.5000000000000018 5.5000000000000009 33063.500000000007 15143.91666666667 2778.5000000000005 14706.000000000002 5.3593750000000009 2.5000000000000004 16.625000000000004 32525.729166666668 86.416165000000021 666.50000000000011 56.83714099818809 4499.3125000000009 71.773583000000016 34171.000000000007 11.500000000000002 74.602816354166677 89.915020000000013 81613.020833333358 11.500000000000002 -1972.4999999999998 61.857261048487381 10.85890008237944 1499.1041666666667 13.349979110695633 1122.5000000000002 1.8253087353706388 1588.5000000000002 32594.500000000004 32451.500000000004 5.4144338198148461 75.855102000000016 2261.5000000000005 27948.500000000004 14.507291666666669 1.5000000000000002 32594.500000000004 3776.5000000000005 60.611335332659159 5074.5000000000009
decision_type=2 2 2 2 2 2 2 2 2 2 2 2 2 2 2 2 2 2 2 2 2 2 2 2 2 2 2 2 2 2 2 2 2 2 2 2 2 2 2 2 2 2 2 2 2 2 2 2 2 2 2 2 2 2 2 2 2 2 2 2 2 2
left_child=1 3 11 10 13 6 7 8 32 16 -1 30 21 14 17 23 -2 26 -14 -20 36 -11 -23 42 -25 -12 -5 -28 47 46 -3 -30 -4 -31 35 -6 39 38 -38 40 56 61 -15 57 -35 -46 -8 -7 -41 50 -17 53 -53 -51 -36 -32 -19 -44 -33 60 -9 -34
right_child=9 2 5 4 34 28 29 59 -10 12 25 -13 18 15 -16 49 -18 20 19 -21 -22 22 -24 24 -26 -27 27 -29 31 33 55 58 41 44 54 -37 37 -39 -40 48 -42 -43 43 -45 45 -47 -48 -49 -50 51 -52 52 -54 -55 -56 -57 -58 -59 -60 -61 -62 -63
leaf_value=-3.1672248894939736 -1.5232209371890959 42.822283637011893 -4.2745528292988508 73.757305293350029 -9.675324829056331 6.8409274426188036 -4.0664002110290154 -3.3391701101702451 -2.3245882179456854 -1.3588513107926732 -0.20603818621058506 -1.4995064650329122 -1.4973077876339906 51.79150601660298 -11.027436515891367 40.894977805861707 -0.45497326689283624 23.353267103999251 0.018532255608304665 -1.4649238892102874 53.251833017374807 0.036157281335337924 -1.4696011876666817 -11.031196973002034 25.703197302205069 28.015653986943608 43.430787930919905 -22.005381635341084 23.817196354917883 28.716893174740665 -6.1389194573564687 -10.573025536106291 41.077554449738557 11.147375334433956 -3.4540706963908723 0.13474780385925897 52.808218573830018 -8.1906724862714686 -6.6369399337712549 27.450159380037242 49.564651107913541 -0.24715943356232797 -2.1607759389910868 -4.3257359758021314 13.062173048672721 -3.463894668741859 -0.71373762756613057 46.553971976221554 -12.259619978437581 46.971213479417266 -6.1647666387227034 -4.4618358987477196 47.971652154299669 -8.2451107046800374 40.089485548595995 4.1261550914900367 -24.21305664058109 55.207676615969547 28.338267039534792 -2.5093620894979725 26.617055068974377 16.449029449436651
leaf_weight=132 167 38 34 151 26 56 139 24 63 2457 132 232 120 426 59 129 124 21 92 79 72 45 117 29 97 39 42 26 51 35 97 56 176 20 21 132 37 71 25 20 86 40 20 26 27 50 92 87 32 29 21 20 70 47 83 30 20 101 42 62 23 78
leaf_count=132 167 38 34 151 26 56 139 24 63 2457 132 232 120 426 59 129 124 21 92 79 72 45 117 29 97 39 42 26 51 35 97 56 176 20 21 132 37 71 25 20 86 40 20 26 27 50 92 87 32 29 21 20 70 47 83 30 20 101 42 62 23 78
internal_value=-0.00434619 0.00256899 -0.000925842 0.00498952 0.00602444 0.00128301 -0.000187696 0.00227355 0.00440297 -0.0125432 -0.00162323 -0.00735835 -0.0130191 0.00684038 0.00457182 0.00831642 -0.00777053 0.00579008 -0.0088011 -0.00533022 0.003585 -0.0134863 -0.00830969 0.00992991 0.00449643 0.00252484 0.00963943 0.00303965 0.00563848 -0.00358579 -0.0027983 0.00189135 0.00657422 0.000885693 0.000789775 -0.00225806 0.00191285 -0.00189331 0.00429952 0.00475712 0.00764752 0.00774226 0.0111185 0.00701564 -0.0022863 -0.00521401 -0.00615318 0.00951782 -0.00224568 0.00473584 0.00797468 0.00178808 0.00629301 -0.00350854 0.00544669 -0.00552321 -0.000291971 0.00926507 -0.00180428 -0.00533456 0.000254777 0.0090791
internal_weight=6995 3794 1552 2242 1939 1155 863 500 391 3201 303 397 2910 1677 662 1015 291 603 291 171 384 2619 162 699 126 171 219 68 292 363 165 149 328 132 262 158 312 133 62 179 127 294 573 147 97 77 231 143 52 316 150 166 90 76 104 127 41 121 98 109 47 254
internal_count=6995 3794 1552 2242 1939 1155 863 500 391 3201 303 397 2910 1677 662 1015 291 603 291 171 384 2619 162 699 126 171 219 68 292 363 165 149 328 132 262 158 312 133 62 179 127 294 573 147 97 77 231 143 52 316 150 166 90 76 104 127 41 121 98 109 47 254
is_linear=0
shrinkage=0.03


Tree=67
num_leaves=63
num_cat=0
split_feature=4 16 6 4 4 4 4 22 38 60 4 62 6 62 46 43 52 5 47 62 4 6 7 6 13 51 57 45 51 31 59 63 65 68 5 27 7 45 18 4 36 61 49 33 56 5 25 54 50 51 35 51 60 19 15 33 54 64 16 33 32 42
split_gain=429.067 33.8001 22.6724 16.5368 7.96719 7.93904 8.14424 7.21771 7.05039 6.67652 6.25308 6.07964 6.52198 5.66887 5.60656 5.40881 5.31325 5.4758 5.31284 5.19519 5.03274 5.0089 20.6697 4.97355 4.91011 5.07891 4.63858 4.57348 4.47671 5.05708 4.39723 4.02181 3.63963 3.50964 3.4726 3.40772 3.40044 3.33639 3.32492 3.28905 3.27584 3.13806 2.99513 2.8966 3.19915 2.86266 3.59549 5.13421 3.52655 4.71495 3.6388 2.85122 2.82232 2.70952 2.63728 2.68384 2.61601 2.57262 2.49556 2.38056 2.32118 3.24716
threshold=12.500000000000002 -619.49999999999989 2.5000000000000004 2.5000000000000004 13.500000000000002 1.0000000180025095e-35 10.500000000000002 -0.64999999999999891 18539.750000000004 1483.5000000000002 22.500000000000004 1973.6875000000002 4.5000000000000009 2421.2500000000005 29351.208333333339 28084.500000000004 657.50000000000011 3.5000000000000004 173.50000000000003 1108.2916666666667 1.5000000000000002 9.5000000000000018 5.5000000000000009 4.5000000000000009 72021.000000000015 855.50000000000011 625.00000000000011 27408.500000000004 1256.5000000000002 55.205358957596289 594.50000000000011 2618.5000000000005 1424.5000000000002 117220.50000000001 2.5000000000000004 8.2040201812387341 6.5000000000000009 31795.500000000004 21.275000000000002 8.5000000000000018 18812.500000000004 671.50000000000011 651.50000000000011 3.3027202340290982 44.500000000000007 3.5000000000000004 92.668997000000005 1860.854166666667 248.77083333333337 829.50000000000011 11923.500000000002 2541.5000000000005 4552.5000000000009 14.825000000000001 5609.9408560620623 3.4890058207104118 1973.5833333333335 6608.5000000000009 -74.499999999999986 1.8062653261032633 59.946402759470082 55585.937500000007
decision_type=2 2 2 2 2 2 2 2 2 2 2 2 2 2 2 2 2 2 2 2 2 2 2 2 2 2 2 2 2 2 2 2 2 2 2 2 2 2 2 2 2 2 2 2 2 2 2 2 2 2 2 2 2 2 2 2 2 2 2 2 2 2
left_child=1 3 9 13 23 26 27 43 28 18 21 -12 -13 20 15 54 17 36 -3 -17 33 -6 -23 -2 -21 -26 -4 -7 29 -8 -25 60 37 -1 -35 -34 -16 -18 -14 -20 -10 -19 -22 44 -5 46 52 -48 50 -50 -47 -40 -29 -51 55 -9 -42 -43 -55 -30 -15 -62
right_child=4 2 5 7 10 6 8 14 40 -11 11 12 38 31 16 19 32 41 39 24 42 22 -24 30 25 -27 -28 45 59 -31 -32 -33 35 34 -36 -37 -38 -39 51 -41 56 57 -44 -45 -46 48 47 -49 49 53 -52 -53 -54 58 -56 -57 -58 -59 -60 -61 61 -63
leaf_value=-3.4045668885240525 -1.5571306231547299 45.953545419976329 -2.2885799514115113 39.009404438954817 -1.3180857714688929 -9.4397645015123821 8.766426597373794 -2.9043208926100306 23.102680464270342 -1.4062120909889846 -1.3413049266305124 -1.5709547197354927 0.30974714135835624 -7.6659954598818683 -5.9489355217954527 39.558261498185843 -2.2305996621192934 -15.407574367816588 3.7901679190518758 12.376318691511841 -1.4579926776046659 0.035072562895277881 -1.4255131520366813 -1.4557844002517202 20.864885187543027 -10.522220143245658 4.8652117413316907 33.292562567210595 0.23218739512482889 -1.7805902748846631 -0.02520178809142436 36.791427933689093 19.479967805624366 -6.2378986867317483 2.5056539378923959 42.537560103483493 33.151110696800117 22.711290880977099 -1.1949822383151523 -3.7531660546063641 -2.7599748932321266 26.215865666842479 29.488731531314759 64.542203874503556 -2.8968228957392421 -13.040278445579233 -3.1847093497038532 35.336088324219951 70.4647302222631 -3.140580320971071 26.374396514468451 0.15902284554777601 -2.0491291417596029 -3.4709008783513946 62.642943732423362 30.358879736927722 16.088438911913855 -9.6336176929562409 39.621948243868729 -3.1550824376554294 17.025421638952167 -4.3835160831869073
leaf_weight=133 120 24 65 394 2457 24 74 29 45 196 151 49 27 20 23 24 47 26 57 23 119 45 117 70 24 75 31 250 20 152 101 54 115 35 54 400 50 140 40 120 35 20 108 157 23 37 56 24 39 57 22 24 28 23 45 28 37 21 36 100 31 24
leaf_count=133 120 24 65 394 2457 24 74 29 45 196 151 49 27 20 23 24 47 26 57 23 119 45 117 70 24 75 31 250 20 152 101 54 115 35 54 400 50 140 40 120 35 20 108 157 23 37 56 24 39 57 22 24 28 23 45 28 37 21 36 100 31 24
internal_value=-0.00444483 0.00237922 -0.00102249 0.00473529 -0.0125338 0.0011012 0.00185252 0.00625383 -0.00112719 -0.00720725 -0.0130088 -0.0088011 -0.00426124 0.00035807 0.00481332 0.000834341 0.00598147 0.000620985 -0.00334162 -0.00285421 -0.00122912 -0.0134749 -0.00830969 -0.00777053 -0.00538084 -0.00829465 -0.0071488 0.00417212 -0.00328518 -0.000782839 -0.00445354 0.0059024 0.007046 -0.00444394 0.00013468 0.00835178 0.00632011 0.00343132 0.000461032 -0.00514963 0.0052263 -0.00554396 0.00190225 0.00898276 0.00765284 0.00471421 0.00635856 0.00071161 0.00194769 0.00433269 -0.00426396 -0.00322933 0.00797195 0.00126615 0.00614104 0.00178634 0.00120666 -0.000291971 0.0057868 -0.00796836 0.00135819 0.0045735
internal_weight=6995 3794 1552 2242 3201 1155 1059 1664 463 397 2910 291 140 578 1090 248 842 140 201 146 449 2619 162 291 122 99 96 596 346 226 171 129 702 222 89 515 73 187 91 177 117 67 227 574 417 572 358 80 214 155 59 64 278 116 102 57 72 41 59 120 75 55
internal_count=6995 3794 1552 2242 3201 1155 1059 1664 463 397 2910 291 140 578 1090 248 842 140 201 146 449 2619 162 291 122 99 96 596 346 226 171 129 702 222 89 515 73 187 91 177 117 67 227 574 417 572 358 80 214 155 59 64 278 116 102 57 72 41 59 120 75 55
is_linear=0
shrinkage=0.03


Tree=68
num_leaves=63
num_cat=0
split_feature=4 61 16 4 43 54 7 62 43 16 2 33 42 20 35 20 62 62 4 64 25 19 57 5 62 66 66 30 46 4 19 42 20 20 46 60 5 2 19 4 4 6 6 1 42 5 65 7 5 70 46 66 56 65 70 7 6 60 40 33 56 25
split_gain=415.178 32.0628 22.0112 18.5624 11.8808 8.41544 9.72924 18.8536 7.94361 7.8175 6.91675 6.88963 9.51748 6.94822 7.51071 6.62651 6.01601 5.46873 5.32167 5.36391 5.03183 5.02629 4.7622 5.91493 6.62185 4.70946 4.75444 4.67741 4.60777 4.5702 4.58972 4.21566 4.18125 4.17801 5.27887 4.26034 4.14523 6.03814 5.20967 4.12472 5.02248 5.07221 7.33489 4.10196 5.60563 4.0886 4.04102 6.24621 5.29162 6.27825 4.94714 3.83794 3.74718 3.74399 3.52435 5.48609 3.52001 4.07279 3.45979 3.44018 3.37927 4.68733
threshold=12.500000000000002 1780.0000000000002 536.50000000000011 8.5000000000000018 33138.500000000007 1719.3541666666667 5.5000000000000009 1000.0000000000001 29805.500000000004 -5253.9999999999991 89.546590000000023 3.4660756676719338 33238.041666666672 3.1489583333333337 22012.500000000004 -8.9552083333333314 2387.104166666667 1538.7708333333337 10.500000000000002 4592.5000000000009 89.437815000000015 19.225000000000005 8264.0000000000018 1.5000000000000002 1275.5208333333337 3725.2708333333335 1326.6458333333335 52.691285828668605 31736.562500000004 1.5000000000000002 12.875000000000002 55993.125000000007 -11.271874999999998 22.193750000000005 33011.916666666679 387.50000000000006 1.5000000000000002 87.370965000000012 2.8250000000000006 13.500000000000002 22.500000000000004 4.5000000000000009 6.5000000000000009 16.125000000000004 38358.520833333336 1.5000000000000002 3793.0000000000005 7.5000000000000009 2.5000000000000004 97696.208333333358 29202.541666666672 4749.1250000000009 12.500000000000002 4034.5000000000005 109158.06250000001 12.500000000000002 4.5000000000000009 539.50000000000011 33378.500000000007 2.5767596042406953 15.500000000000002 79.055660000000003
decision_type=2 2 2 2 2 2 2 2 2 2 2 2 2 2 2 2 2 2 2 2 2 2 2 2 2 2 2 2 2 2 2 2 2 2 2 2 2 2 2 2 2 2 2 2 2 2 2 2 2 2 2 2 2 2 2 2 2 2 2 2 2 2
left_child=1 3 9 11 17 32 7 -7 58 -3 16 12 27 14 45 53 29 18 19 -5 -13 -22 23 24 -8 26 31 -1 46 -11 43 -26 -2 -30 35 -35 -19 38 -38 56 -41 -42 -43 44 52 -14 48 -48 49 50 -15 -46 -31 -16 -25 -56 -34 -58 -4 -29 61 -50
right_child=5 2 8 4 -6 6 22 -9 -10 10 -12 20 13 28 15 -17 -18 36 -20 -21 21 -23 -24 54 25 -27 -28 59 33 30 -32 -33 39 34 -36 -37 37 -39 -40 40 41 42 -44 -45 51 -47 47 -49 60 -51 -52 -53 -54 -55 55 -57 57 -59 -60 -61 -62 -63
leaf_value=40.753060778658984 -0.19344774532896039 46.194702821769106 3.033328078013934 15.98555188410575 -5.012958599752344 0.03402038600841948 -1.371067013951911 -1.0567797885489032 -1.4190647495457884 -1.4509301132710766 -6.5379796712769531 49.272567046275924 27.652467816536291 -5.8186458754858812 10.677429919216708 51.400329051270496 21.213980725626765 28.279773855101812 -1.8660744831215832 -7.1215153159375353 -5.1053358661865644 63.216520261805982 -1.3419130139519109 -1.3366210139519108 -1.4001400139519109 -1.307435657465595 0.50040684431893634 -1.5977379472129722 54.236267180174458 3.8536379491319916 35.781712905355441 0.54832408170080904 -1.5104167044600878 0.38065413404163334 -3.8673799685277799 41.095595316618223 -1.9081127103120525 -2.3140720109971609 24.390802986619423 -1.2941771049235413 -1.4282192912236107 0.18787599132301863 -1.3881400756245676 -16.359721527790569 -8.8155583435413014 -6.3683953336918506 -3.3667738520008603 47.260213243179237 -7.3100316962227723 -11.458932340161432 19.253377941860553 16.758305037270496 86.160051461408102 -4.2221451444811553 0.086564548642166977 -1.4243214823284218 -1.6153368639141585 -0.0039400289484740371 -1.3263383895436853 -15.850683379869283 44.008806502483836 40.712114703170826
leaf_weight=46 23 100 53 126 75 42 48 78 214 279 78 211 31 37 22 103 147 146 132 28 44 27 318 174 30 26 50 39 158 44 115 20 110 42 20 190 49 207 153 1836 109 47 49 27 50 81 29 145 38 34 63 38 32 29 35 112 35 59 132 42 103 35
leaf_count=46 23 100 53 126 75 42 48 78 214 279 78 211 31 37 22 103 147 146 132 28 44 27 318 174 30 26 50 39 158 44 115 20 110 42 20 190 49 207 153 1836 109 47 49 27 50 81 29 145 38 34 63 38 32 29 35 112 35 59 132 42 103 35
internal_value=-0.00443625 0.00227643 -0.00152166 0.0042783 0.000880908 -0.0123932 -0.00997964 -0.00197336 -0.00739664 0.00105153 7.03617e-05 0.00625964 0.0053236 0.00617792 0.0019053 0.00621025 0.000979374 0.00190465 -0.00145753 0.00231668 0.0105175 0.0035443 -0.0111573 -0.00929509 -0.00480758 -0.00116574 0.00176823 -0.00245476 0.00744548 -0.000379422 0.00214636 -0.00473054 -0.0133843 0.00979517 0.00736612 0.00864713 0.00364259 0.00208262 0.00577437 -0.0135148 -0.0139248 -0.0094198 -0.00433923 -0.000690738 0.00107861 -0.00398751 0.00544722 0.00911545 0.00337633 -0.0010962 0.00266733 -0.00405221 0.0070565 -0.00258317 -0.011716 -0.00823929 -0.00939245 -0.00506908 -0.0028201 -0.00680641 0.00679727 0.00180575
internal_weight=6995 3794 1309 2485 916 3201 933 120 399 910 810 1569 1287 1160 266 154 732 841 286 154 282 71 813 495 174 126 100 127 894 585 306 50 2268 410 252 232 555 409 202 2245 2041 205 96 191 164 112 484 174 310 134 100 88 76 51 321 147 204 94 185 81 176 73
internal_count=6995 3794 1309 2485 916 3201 933 120 399 910 810 1569 1287 1160 266 154 732 841 286 154 282 71 813 495 174 126 100 127 894 585 306 50 2268 410 252 232 555 409 202 2245 2041 205 96 191 164 112 484 174 310 134 100 88 76 51 321 147 204 94 185 81 176 73
is_linear=0
shrinkage=0.03


Tree=69
num_leaves=63
num_cat=0
split_feature=4 58 60 56 4 16 43 58 4 35 60 6 43 4 24 6 6 30 55 51 33 4 15 43 58 50 32 33 50 63 25 14 50 65 14 59 52 26 65 2 24 58 58 46 65 58 31 24 42 25 26 46 43 2 46 24 25 50 43 4 60 24
split_gain=406.883 39.9727 18.7147 15.0583 9.83382 9.81805 8.58049 8.49163 7.90485 7.06261 6.55103 6.51613 22.8059 7.84634 6.15561 6.09428 6.50589 6.03239 5.99687 5.37846 7.51807 5.30434 5.14955 5.07582 5.0622 4.80186 4.58482 4.58429 4.47755 4.46406 4.35845 4.23986 6.74328 4.3075 4.13603 4.11159 3.88246 3.79416 3.72321 3.67888 3.66127 3.64256 4.5552 6.92031 4.74381 4.43043 4.29852 6.25178 3.84876 3.48239 3.4132 3.34584 5.46676 3.34483 4.02479 5.19126 4.30972 3.43193 3.17349 3.17124 3.12644 3.09238
threshold=12.500000000000002 3392.4166666666674 1770.5000000000002 100.50000000000001 8.5000000000000018 -28.499999999999996 33067.500000000007 4487.479166666667 13.500000000000002 15080.500000000002 3017.5000000000005 9.5000000000000018 28289.000000000004 22.500000000000004 57.553963000000003 4.5000000000000009 7.5000000000000009 56.637920518728478 942.50000000000011 1565.5000000000002 2.864446918904052 8.5000000000000018 13709.448968856324 30009.500000000004 4739.7500000000009 1432.4375000000002 51.70383491531134 3.9215771451191612 385.45833333333343 5235.5000000000009 63.901468500000007 119976.39583333336 1992.8125000000002 642.50000000000011 75890.062500000015 785.50000000000011 1393.5000000000002 65.461379437500014 1405.0000000000002 73.009477500000017 79.044240000000016 620.06250000000011 1851.0208333333337 32525.729166666668 4728.0000000000009 2422.5000000000005 56.639967682431426 80.335020000000014 39596.083333333343 79.364975000000001 65.344862750000019 28668.354166666668 27912.500000000004 95.241310000000013 32973.687500000007 67.924362500000015 64.57435000000001 396.27083333333343 33712.500000000007 1.0000000180025095e-35 1202.5000000000002 73.618195000000014
decision_type=2 2 2 2 2 2 2 2 2 2 2 2 2 2 2 2 2 2 2 2 2 2 2 2 2 2 2 2 2 2 2 2 2 2 2 2 2 2 2 2 2 2 2 2 2 2 2 2 2 2 2 2 2 2 2 2 2 2 2 2 2 2
left_child=1 2 4 7 14 53 22 10 18 26 21 13 -13 -10 30 -15 -17 -14 -2 41 28 31 35 59 25 40 29 50 -21 -5 -1 33 -33 36 -35 37 -3 39 49 -6 -11 -16 46 44 -44 58 47 -43 -47 -30 -12 52 -36 54 55 56 57 -4 -45 -7 -40 -37
right_child=8 3 5 9 6 23 -8 -9 11 24 27 12 17 15 19 16 -18 -19 -20 20 -22 -23 -24 -25 -26 -27 -28 -29 38 -31 -32 32 -34 34 51 61 -38 -39 60 -41 -42 42 43 45 -46 48 -48 -49 -50 -51 -52 -53 -54 -55 -56 -57 -58 -59 -60 -61 -62 -63
leaf_value=53.20132249106004 -1.3853906711484467 -11.248690443484429 41.237933917714088 26.813047133064092 -5.4637737322540891 -2.3801581472768167 -3.530459616989067 59.95038534623567 -1.2397178851771198 -0.51374677664195012 -2.9461616593143618 -1.3424903670570236 0.032999774428166831 -1.3658580805727725 -4.5188741160762422 0.015693974652793229 -1.3285033797429064 -1.6832282634388569 -0.40315769337596929 -4.5598992718130829 -7.0076845745400531 15.944628870855365 31.686343256951048 -1.3863197084657126 32.214898164999063 -4.9363009815138001 -2.5677311854232991 -6.4965910663601925 -12.171068292997939 -3.4140867080903328 -7.4136818171807679 -9.8501224939928615 48.109067502178185 -19.833272723192781 46.166237404809927 -3.8045591341246379 62.759097834254042 -3.8241955349651402 40.412186476753668 16.758185876115995 20.328297855321921 -7.8790907535641601 18.585320803746242 -8.6835361440561289 55.316893976237807 49.342102431425445 51.664197547169834 29.863534482329431 -1.490572805696047 41.171684778012697 23.712586634882094 41.69631973127936 -3.749785566441469 -5.9258642816631211 -5.0108127169920591 10.369931611528422 -8.199199822356757 -4.2242862359310172 5.1911177820370265 -0.030521400116279549 -1.9559625560240324 10.182755849885179
leaf_weight=20 167 21 20 35 21 39 85 297 2457 56 29 119 41 120 32 92 61 20 124 37 43 242 23 189 50 40 123 49 20 21 45 34 22 22 45 45 21 144 88 27 65 28 202 43 85 23 122 51 41 20 60 389 32 20 67 192 62 22 21 91 20 153
leaf_count=20 167 21 20 35 21 39 85 297 2457 56 29 119 41 120 32 92 61 20 124 37 43 242 23 189 50 40 123 49 20 21 45 34 22 22 45 45 21 144 88 27 65 28 202 43 85 23 122 51 41 20 60 389 32 20 67 192 62 22 21 91 20 153
internal_value=-0.00453489 0.00211038 -0.000594087 0.00561491 0.00136335 -0.00461045 -0.00204176 0.00720608 -0.012412 0.00045373 0.0058348 -0.0128851 -0.0073126 -0.0132512 0.00316863 -0.00839253 -0.00438929 0.00756137 -0.00766747 0.00383175 -0.000118369 0.00684338 -0.000246914 -0.0084989 0.00417811 0.00156425 -0.0039196 -0.00019551 0.00249595 0.00315508 -0.00571429 0.00838935 0.000481283 0.00921902 0.0100123 -0.00106896 0 -0.00420094 0.00484132 0.00305613 0.00455822 0.00522605 0.00574095 0.00393158 0.00652038 -0.00185012 0.00945798 0.00394437 0.00369735 -0.00291771 0.00383838 0.0106136 0.0048249 -0.00136257 -0.000694024 0.000800405 -0.00458213 0.0027791 -0.0074415 -0.003897 0.00774283 0.00195356
internal_weight=6995 3794 2141 1653 1439 702 498 1263 3201 390 966 2910 180 2730 941 273 153 61 291 876 228 828 413 319 211 161 179 138 185 56 65 586 56 530 488 390 42 192 148 48 121 648 616 415 287 128 201 79 64 40 89 466 77 383 363 296 104 42 64 130 108 198
internal_count=6995 3794 2141 1653 1439 702 498 1263 3201 390 966 2910 180 2730 941 273 153 61 291 876 228 828 413 319 211 161 179 138 185 56 65 586 56 530 488 390 42 192 148 48 121 648 616 415 287 128 201 79 64 40 89 466 77 383 363 296 104 42 64 130 108 198
is_linear=0
shrinkage=0.03


Tree=70
num_leaves=63
num_cat=0
split_feature=4 58 4 4 4 6 4 45 62 46 4 54 7 62 26 51 33 15 58 6 25 55 22 29 25 58 4 45 61 53 14 50 57 65 2 48 50 66 13 57 25 27 45 59 44 60 26 17 66 33 59 44 26 26 64 47 68 64 54 21 65 26
split_gain=392.044 36.9273 23.6244 16.9767 15.0586 10.4611 9.97266 10.5382 7.0401 6.89124 7.31107 6.57406 9.20499 19.6236 6.13448 6.46958 7.86528 6.66014 5.65621 5.25467 5.16993 6.05587 4.95922 4.94198 4.90102 4.51623 4.26909 4.95562 4.86318 4.23811 4.20997 6.45727 4.61306 6.76798 4.77594 4.18957 4.15349 3.91722 7.02954 3.68833 3.66547 3.7473 3.87231 3.51569 4.86739 3.48968 4.03013 6.15521 4.56519 4.0368 3.40363 3.39969 3.06577 7.83281 8.08122 3.02022 2.97022 2.96751 2.94051 2.84746 2.84009 2.79201
threshold=11.500000000000002 3392.4166666666674 13.500000000000002 1.5000000000000002 1.5000000000000002 3.5000000000000004 8.5000000000000018 33079.000000000007 1854.9583333333337 32493.125000000004 10.500000000000002 1558.8958333333337 5.5000000000000009 1350.3125000000002 53.826336166666671 1541.5000000000002 2.8553659985088409 5892.9457758549206 4821.604166666667 3.5000000000000004 65.004539500000007 32.500000000000007 -0.40000000000000019 55.229668595842774 95.614495000000019 4383.791666666667 22.500000000000004 29846.500000000004 2797.5000000000005 1277.5000000000002 119490.12500000001 1992.8125000000002 14.500000000000002 1242.5000000000002 84.284243000000018 586.50000000000011 188.56250000000003 3002.6666666666674 81126.000000000015 19.500000000000004 87.710680000000011 13.349979110695633 31820.500000000004 862.50000000000011 30303.500000000004 441.50000000000006 79.281216187500021 12.875000000000002 4749.1250000000009 1.5924375329129676 3292.5000000000005 31830.500000000004 70.621859437500021 67.431146208333345 892.50000000000011 249.50000000000003 82781.000000000015 1716.5000000000002 1823.8958333333337 2.5940768234375438 454.50000000000006 68.409651208333344
decision_type=2 2 2 2 2 2 2 2 2 2 2 2 2 2 2 2 2 2 2 2 2 2 2 2 2 2 2 2 2 2 2 2 2 2 2 2 2 2 2 2 2 2 2 2 2 2 2 2 2 2 2 2 2 2 2 2 2 2 2 2 2 2
left_child=1 3 5 19 18 -2 14 40 -7 10 24 26 13 -13 -5 20 17 58 50 -1 21 -16 36 -21 25 30 -4 28 -28 -26 32 -32 33 -6 37 -19 -22 -35 -39 56 41 43 -43 57 -45 -24 47 48 -47 -48 -3 55 53 -14 -55 -10 -38 -8 -17 -52 -11 -27
right_child=2 4 11 6 9 8 7 -9 51 60 -12 12 52 -15 15 16 -18 35 -20 23 22 -23 45 -25 29 61 27 -29 -30 -31 31 -33 -34 34 -36 -37 39 38 -40 -41 -42 42 -44 44 -46 46 49 -49 -50 -51 59 -53 -54 54 -56 -57 -58 -59 -60 -61 -62 -63
leaf_value=-1.5016449056543035 -1.3393454448440938 -2.7449148817155882 -1.2159172409468064 -9.1195799227982821 -10.730768528593599 -1.537890373291815 35.967910004182173 -2.0770129365510597 -0.010171309081512163 32.339253966871155 -2.1777215201483249 0.032009781195321947 -1.2593308469780398 -0.98065806083712137 57.842148048356272 -7.9267826412226707 -6.7974540373038597 35.87092879141786 26.540985387992041 15.747641529465909 -3.2299837338666291 -15.327882831750385 -7.5311556649744302 -2.0639219568550327 -20.273483104914483 67.986297458045215 -1.5388555499703427 -1.3060042391025013 0.058103121306693026 20.80235565790306 -10.899940544859959 44.934850324682337 34.640985920738167 42.312604670711039 -5.5741056860299336 -0.37588764236604216 47.126062002122126 21.375909487995475 -15.515479865545649 45.691987468147559 -2.2900849761867947 -10.05544760006204 30.862498601348008 50.092210946653012 3.6839268574787023 -1.568794535989025 34.484375474865409 -9.2692422711225522 35.996457509864626 10.010298826604103 14.629439873991405 0.82619835510201256 -1.2896021735082541 0.83882880015237837 -1.0456055796790038 -1.8109947556707704 9.7060624792934629 -1.9807885610222444 7.291468732885896 -1.1628569512283662 61.800840429132329 16.783585153745342
leaf_weight=160 180 33 1666 40 26 183 20 123 68 29 100 54 210 91 122 58 51 96 35 31 31 23 45 137 21 146 20 122 43 43 52 31 329 79 39 83 26 52 30 112 150 48 25 56 34 57 39 46 72 89 27 121 584 28 92 30 138 38 27 161 256 37
leaf_count=160 180 33 1666 40 26 183 20 123 68 29 100 54 210 91 122 58 51 96 35 31 31 23 45 137 21 146 20 122 43 43 52 31 329 79 39 83 26 52 30 112 150 48 25 56 34 57 39 46 72 89 27 121 584 28 92 30 138 38 27 161 256 37
internal_value=-0.00454347 0.00254689 -0.0116569 -0.000157807 0.00605268 -0.00612781 0.00108059 -0.0024833 -0.00342452 0.00739076 0.00619429 -0.0127614 -0.0108602 -0.00380427 0.00260757 0.00302394 -0.00060933 0.00146535 -0.000573995 -0.00639134 0.00445819 0.00959338 0.00331552 -0.00265913 0.00706361 0.00768725 -0.0138469 -0.00946515 -0.00256735 -0.000889236 0.00648331 0.000144404 0.00742569 0.00409996 0.00598201 0.00475712 0.00609573 0.00826816 0.00361754 0.00726911 3.23363e-05 0.00249661 -0.00303694 0.00524646 0.00895671 0.000853203 0.00201914 -0.000925186 0.00241673 0.00606557 -0.00236092 0.000191693 -0.0119757 -0.00962436 -0.00347211 -0.00394495 0.00436929 -0.000464716 -0.00542891 -0.000781499 0.0115118 0.0118624
internal_weight=6995 3503 3492 1977 1526 582 1649 494 402 1270 985 2910 1059 145 1155 1115 315 264 256 328 800 145 655 168 885 821 1851 185 63 64 638 83 555 226 200 179 307 161 82 276 371 221 73 148 90 348 303 175 129 128 221 219 914 330 120 98 164 58 85 188 285 183
internal_count=6995 3503 3492 1977 1526 582 1649 494 402 1270 985 2910 1059 145 1155 1115 315 264 256 328 800 145 655 168 885 821 1851 185 63 64 638 83 555 226 200 179 307 161 82 276 371 221 73 148 90 348 303 175 129 128 221 219 914 330 120 98 164 58 85 188 285 183
is_linear=0
shrinkage=0.03


Tree=71
num_leaves=63
num_cat=0
split_feature=4 58 61 57 4 4 58 4 16 21 70 45 4 6 7 62 6 45 24 70 25 26 26 35 58 27 15 15 57 24 47 42 25 62 2 18 27 59 25 4 22 61 15 21 66 64 58 48 70 70 41 1 47 24 1 26 18 3 53 6 21 62
split_gain=388.152 36.2904 15.9668 14.5926 10.4172 8.58973 7.88706 7.78006 7.72419 7.31463 8.8152 6.77086 6.6991 7.73706 17.2738 6.12719 6.25198 5.93545 5.87926 5.75479 5.58703 5.39498 6.65323 5.3417 5.78106 5.42964 5.26674 5.20244 5.13619 5.07368 5.95529 6.127 5.01284 4.58629 4.39606 4.33942 4.21101 4.07121 4.03783 3.85442 4.25217 3.88229 4.41349 3.76876 4.25626 6.27623 5.55034 5.67958 3.7258 3.63243 3.49705 3.49103 3.16002 3.15234 3.13342 3.36202 3.08352 3.004 4.84333 3.20308 2.96574 3.88221
threshold=12.500000000000002 3392.4166666666674 1780.0000000000002 31.500000000000004 10.500000000000002 8.5000000000000018 4487.479166666667 13.500000000000002 -28.499999999999996 3.6083874065902877 101623.62500000001 33079.000000000007 22.500000000000004 9.5000000000000018 5.5000000000000009 1973.6875000000002 4.5000000000000009 30023.000000000004 97.510710000000003 83088.125000000015 81.174935000000019 80.782776791666677 83.095234166666685 14976.000000000002 4821.604166666667 15.300481532633825 13709.448968856324 4603.2170403572809 1.5000000000000002 57.553963000000003 204.50000000000003 55336.979166666679 87.710680000000011 2182.1250000000005 64.617069500000014 15.825000000000001 14.570933194082363 819.50000000000011 66.778745000000001 3.5000000000000004 -0.39999999999999897 604.50000000000011 11454.737904589418 4.5514766504652373 4577.1458333333348 8378.5000000000018 2287.9583333333335 381.50000000000006 83562.916666666672 126226.66666666667 43048.500000000007 17.775000000000002 558.50000000000011 80.139925000000019 17.675000000000001 67.946232750000021 21.275000000000002 61.695160674873513 1723.0000000000002 7.5000000000000009 2.2942739731561477 1365.3333333333337
decision_type=2 2 2 2 2 2 2 2 2 2 2 2 2 2 2 2 2 2 2 2 2 2 2 2 2 2 2 2 2 2 2 2 2 2 2 2 2 2 2 2 2 2 2 2 2 2 2 2 2 2 2 2 2 2 2 2 2 2 2 2 2 2
left_child=1 2 5 4 6 18 9 33 43 21 19 26 13 -9 -15 -14 -17 54 29 27 -12 34 -23 25 36 -5 32 -11 -21 38 35 39 51 -2 -3 -31 37 -25 -1 -32 41 42 48 44 46 -46 -4 -48 -41 53 -27 -7 -43 -38 55 -10 -18 -49 -59 -60 61 -42
right_child=7 3 8 23 -6 11 -8 12 17 10 20 -13 15 14 -16 16 56 -19 -20 28 -22 22 -24 24 -26 50 -28 -29 -30 30 31 -33 -34 -35 -36 -37 49 -39 -40 40 60 52 -44 -45 45 -47 47 57 -50 -51 -52 -53 -54 -55 -56 -57 -58 58 59 -61 -62 -63
leaf_value=50.496938286226246 -1.1598739364401964 -2.7700438352172885 -4.5483641864479489 -2.7523218148391537 -2.3195405966122689 14.074725389649508 57.667487880690786 -1.1640840217727924 8.9525216314491338 18.381910635072128 57.003468346214923 -3.3622354403828631 -1.1855683362934628 0.031049487759462122 -1.2635275908400652 -1.4008236298164616 0.29260453449913087 -1.2824197291152095 54.60488638923696 -0.64748233991655069 -17.370406565816893 -9.5204909883312752 26.129689158521003 31.542814236600396 47.845865125009809 26.960544565526678 30.804455508528143 -34.08736130395566 30.111279229562427 33.825239395270643 -5.7665964772629446 48.386439686457528 -3.4784096936388456 -0.14758703978385157 52.328052775754578 -1.5657176687243464 -2.4053346139897189 2.9624147357130912 -8.0888565049734638 -3.6435798878058083 28.161685995099077 28.919856189552192 -8.0861736244261095 -9.5134281952344502 20.143459256779341 -9.4684818722848778 29.330269206682395 -7.7698160967606382 37.858935219008515 -12.694207577236943 -0.93633844472214367 -6.3734443995228549 6.3944351903956704 17.398614824483239 -2.3728854720025443 -0.8285100944109649 -0.47291432915381104 19.612810623904625 9.1815547532883901 -5.6929484976222877 8.9662901031030788 -4.9664977927425635
leaf_weight=21 195 24 88 153 60 164 275 2457 46 24 22 79 151 45 117 49 27 215 36 45 65 41 43 39 51 53 23 24 218 164 100 38 158 96 284 33 27 101 41 20 29 95 23 39 98 28 37 47 64 23 48 45 30 33 20 65 64 24 28 37 133 73
leaf_count=21 195 24 88 153 60 164 275 2457 46 24 22 79 151 45 117 49 27 215 36 45 65 41 43 39 51 53 23 24 218 164 100 38 158 96 284 33 27 101 41 20 29 95 23 39 98 28 37 47 64 23 48 45 30 33 20 65 64 24 28 37 133 73
internal_value=-0.00457778 0.00191271 -0.000664145 0.00525195 0.00718336 0.00127967 0.00786968 -0.0122714 -0.00411475 0.00633717 0.00345893 -0.0020081 -0.0127408 -0.0132229 -0.00682912 -0.00838887 -0.00383298 -0.00744582 0.00299633 0.00582449 -0.00495982 0.00925019 0.00246136 0.00113047 0.00403867 -0.00199528 -0.000376826 -0.00367983 0.00757127 0.00249624 0.00313801 0.00165592 -0.00125851 -0.00756441 0.0110906 0.00767123 0.00193635 0.00511777 -0.00574879 0.000867572 0.0020167 0.00489875 0.000672269 -0.00140108 -0.000495996 0.00402062 -0.00268863 0.000415945 0.00388823 -0.0033935 0.00338279 0.00177905 0.00848921 0.000449251 -0.00237986 -0.000378038 0.00079034 -0.00240265 0.000808081 -0.00341014 -0.000816674 -0.00467189
internal_weight=6995 3794 2141 1653 1125 1369 1065 3201 772 790 398 469 2910 2619 162 291 140 346 900 311 87 392 84 528 274 254 390 48 263 864 802 605 367 291 308 197 223 140 62 567 467 232 107 426 387 126 261 173 84 83 101 209 125 60 131 111 91 136 89 65 235 102
internal_count=6995 3794 2141 1653 1125 1369 1065 3201 772 790 398 469 2910 2619 162 291 140 346 900 311 87 392 84 528 274 254 390 48 263 864 802 605 367 291 308 197 223 140 62 567 467 232 107 426 387 126 261 173 84 83 101 209 125 60 131 111 91 136 89 65 235 102
is_linear=0
shrinkage=0.03


Tree=72
num_leaves=63
num_cat=0
split_feature=4 58 4 4 4 4 43 18 4 54 7 62 24 26 51 44 50 58 4 44 54 45 57 59 58 21 70 70 26 26 63 20 58 23 7 61 1 46 45 62 21 63 26 62 20 46 43 20 57 20 31 22 7 24 59 63 70 70 50 21 49 31
split_gain=383.117 34.1438 20.7676 17.0621 14.1757 9.24004 9.16054 8.41464 7.86244 7.01575 8.9099 19.6236 6.72158 5.56151 6.28313 5.28977 5.22889 4.93598 4.56607 4.53669 5.69043 4.53407 4.34607 4.28558 4.22277 5.57356 8.18909 7.94815 4.73368 6.37845 4.19417 4.03602 3.95018 5.21672 5.02089 5.16496 4.85733 6.5191 9.21441 4.8131 5.84083 4.54524 4.03812 3.92063 4.7812 3.82969 3.77601 3.7443 3.72533 3.44942 4.96897 4.30845 4.00983 3.35938 3.43866 3.71912 3.47252 3.3324 3.2355 3.22419 3.16431 3.10204
threshold=11.500000000000002 3392.4166666666674 13.500000000000002 1.5000000000000002 1.5000000000000002 8.5000000000000018 33050.000000000007 17.425000000000001 8.5000000000000018 1558.8958333333337 5.5000000000000009 1350.3125000000002 97.510710000000003 53.826336166666671 1574.5000000000002 32594.500000000004 381.50000000000006 4821.604166666667 22.500000000000004 32610.500000000004 2405.7500000000005 30023.000000000004 9.5000000000000018 1638.5000000000002 4487.479166666667 3.758921143013398 102436.25000000001 83088.125000000015 80.782776791666677 82.123623083333342 5406.5000000000009 28.444791666666671 2646.729166666667 84.432390000000012 19.500000000000004 529.50000000000011 10.125000000000002 31807.187500000004 29269.500000000004 1597.0208333333335 1.8560217061352955 8383.0000000000018 84.610373750000008 1938.979166666667 11.055208333333335 29066.145833333339 32521.500000000004 2.9406250000000003 2.5000000000000004 23.971875000000004 61.690537872363656 -0.20000000000000193 23.500000000000004 64.937889000000013 785.50000000000011 4946.5000000000009 86122.208333333343 92218.125000000015 243.95833333333334 3.9622905387637899 330.50000000000006 58.476377216546574
decision_type=2 2 2 2 2 2 2 2 2 2 2 2 2 2 2 2 2 2 2 2 2 2 2 2 2 2 2 2 2 2 2 2 2 2 2 2 2 2 2 2 2 2 2 2 2 2 2 2 2 2 2 2 2 2 2 2 2 2 2 2 2 2
left_child=1 3 7 47 17 12 23 21 24 18 11 -11 13 -5 32 -9 -16 -3 -4 20 22 45 -10 53 25 28 27 -27 30 -30 -6 -12 33 34 35 -15 -34 38 -38 40 -35 -37 -41 -20 -45 -2 -42 -1 57 50 51 52 -18 -7 55 -55 -56 -29 -49 -26 -21 -44
right_child=2 4 9 5 8 6 -8 15 19 10 31 -13 -14 14 16 -17 49 -19 43 60 -22 -23 -24 -25 59 26 -28 48 29 -31 -32 -33 36 39 -36 41 37 -39 -40 42 46 -43 61 44 -46 -47 -48 58 -50 -51 -52 -53 -54 54 56 -57 -58 -59 -60 -61 -62 -63
leaf_value=-1.432788202272818 -1.5570781477683375 -0.97715116137640279 -1.1445172030652182 -9.3467176634793709 52.117851361577607 -10.162471006393575 -2.6521959743694223 -0.68842248587549815 -6.7236833270567784 0.030118003126678301 -1.164558529756369 -0.91631579835882393 50.363075212791642 -5.5707419173467176 -5.0461325814497329 4.6520942632527769 32.533855993428539 24.309379872602001 -1.161531152190157 50.683423571487197 -17.003522415653322 -1.3468077941258725 18.571183734704398 54.492441280013246 33.252816508851836 -10.979231627249046 -14.493472543529087 -3.4426284960133806 -9.311272521761234 13.398510750984341 -3.6394792315592666 0.0071116784800387472 57.862076248097395 -13.225977326620741 46.398650069655368 24.067436185080712 63.932675969172642 34.197013249785662 -15.01443448963494 -8.8386170970175773 -0.092225550531288711 -14.110653408893608 18.745318567354087 -1.331884575959656 0.032061392717011972 -0.059370782181825628 46.264936071604211 -2.3642682188176991 37.435773775203771 47.096168368154835 -5.0221839151794114 -3.8415219940381302 -4.1199893198649304 -0.42158579688750908 35.615626511219595 -8.770590915477932 2.5236580791077174 25.392667216067274 -0.63345245841302777 60.550025847521098 -0.60308887880490147 -4.9277028173775985
leaf_weight=108 93 221 1666 40 294 29 113 140 73 54 894 91 38 38 64 60 60 35 93 66 21 213 200 20 56 34 45 28 24 50 22 20 98 20 107 140 29 68 56 75 32 20 32 40 52 76 44 44 147 37 81 31 22 146 35 29 122 21 176 168 21 23
leaf_count=108 93 221 1666 40 294 29 113 140 73 54 894 91 38 38 64 60 60 35 93 66 21 213 200 20 56 34 45 28 24 50 22 20 98 20 107 140 29 68 56 75 32 20 32 40 52 76 44 44 147 37 81 31 22 146 35 29 122 21 176 168 21 23
internal_value=-0.00464211 0.00236705 -0.0116741 -0.000233676 0.00573816 0.00100782 -0.00242259 -0.00648858 0.00703645 -0.0127099 -0.0107469 -0.00380427 0.00247771 0.00205174 0.00246217 -0.00148426 -0.00126059 -0.000691136 -0.0138307 0.00341643 0.0016219 -0.00909971 0.00279019 -0.000188927 0.00858396 0.00737032 0.00407852 0.00637549 0.00968213 0.00279352 0.0112844 -0.0118444 0.00387035 0.00239503 0.00495575 0.002105 0.0069773 0.00360549 -0.00190364 -0.00104821 0.00402706 0.00447845 -0.00481937 -0.00930308 -0.00485342 -0.00539326 0.00784494 -0.00648278 0.00870474 0.000830809 -0.000757342 0.00328912 0.00690621 -0.000947106 -8.13008e-05 -0.00298115 0.00313176 0.0014664 -0.00421172 0.0121687 0.00943743 0.00130672
internal_weight=6995 3503 3492 1977 1526 1649 494 582 1270 2910 1059 145 1155 1117 1077 200 295 256 1851 381 294 382 273 381 889 665 275 230 390 74 316 914 782 531 305 198 251 153 85 226 96 160 130 185 92 169 76 328 196 231 194 113 82 361 332 175 157 49 220 224 87 55
internal_count=6995 3503 3492 1977 1526 1649 494 582 1270 2910 1059 145 1155 1117 1077 200 295 256 1851 381 294 382 273 381 889 665 275 230 390 74 316 914 782 531 305 198 251 153 85 226 96 160 130 185 92 169 76 328 196 231 194 113 82 361 332 175 157 49 220 224 87 55
is_linear=0
shrinkage=0.03


Tree=73
num_leaves=63
num_cat=0
split_feature=56 16 6 10 61 56 61 61 21 54 7 62 62 44 6 44 17 38 68 6 21 33 70 7 26 22 62 33 27 26 7 26 63 7 70 7 50 30 61 16 23 64 25 5 50 62 63 5 49 19 45 27 26 30 66 26 41 62 62 51 21 38
split_gain=307.752 41.0287 28.938 17.3651 18.0228 13.9425 8.36213 7.69318 7.66881 7.02407 11.0957 17.8872 6.78595 6.69928 6.66945 6.41913 9.30162 7.52314 6.68449 6.90759 6.31365 7.09827 8.11102 6.4321 6.00676 5.84985 6.07933 5.72379 5.68653 8.39271 5.05282 5.00782 4.8817 4.82236 4.79393 4.68421 4.02782 4.17057 3.92923 3.90735 4.03752 3.77025 3.53695 4.17698 3.51779 3.85147 5.87877 3.50134 5.58168 7.58887 3.46465 3.3654 3.10885 2.91882 2.88875 2.84959 3.20478 3.01114 2.84195 2.87923 3.39696 3.49933
threshold=278.50000000000006 -619.49999999999989 2.5000000000000004 0.96386255839173451 4404.0000000000009 5145.5000000000009 2433.5000000000005 1118.5000000000002 2.2411475313306934 1544.354166666667 5.5000000000000009 1350.3125000000002 2109.5833333333335 32524.500000000004 7.5000000000000009 31830.500000000004 12.875000000000002 14838.104166666668 92620.000000000015 9.5000000000000018 3.57160069460816 3.5498987222212954 83193.666666666686 28.500000000000004 74.473443770833356 -0.40000000000000019 2222.7708333333339 2.0367375619436046 15.782614211588411 60.173934250000009 12.500000000000002 65.344862750000019 2976.0000000000005 8.5000000000000018 104356.62500000001 21.500000000000004 280.93750000000006 54.034988873464805 2084.5000000000005 -4940.4999999999991 91.356087500000015 684.50000000000011 90.673425000000009 3.5000000000000004 231.02083333333334 2263.8125000000005 4812.0000000000009 1.5000000000000002 1076.5000000000002 27.125000000000004 27723.000000000004 18.26311617934493 78.403375604166683 58.96117622388406 4839.1250000000009 82.450533125000007 36879.000000000007 1845.729166666667 2442.1250000000005 2352.5000000000005 5.1720950751288681 12703.520833333334
decision_type=2 2 2 2 2 2 2 2 2 2 2 2 2 2 2 2 2 2 2 2 2 2 2 2 2 2 2 2 2 2 2 2 2 2 2 2 2 2 2 2 2 2 2 2 2 2 2 2 2 2 2 2 2 2 2 2 2 2 2 2 2 2
left_child=1 6 7 4 9 14 8 13 25 -2 11 -11 -5 54 30 16 17 18 19 44 24 22 -22 28 -10 33 35 52 29 -24 -6 -31 -28 -1 50 -27 -18 -38 -14 -8 58 -17 43 -33 45 46 -4 48 49 -12 -29 -30 -26 -20 -3 56 -39 -58 59 60 61 -41
right_child=3 2 15 12 5 -7 39 -9 20 10 47 -13 38 -15 -16 41 36 -19 53 -21 21 -23 23 -25 27 26 32 34 51 31 -32 42 -34 -35 -36 -37 37 55 -40 40 -42 -43 -44 -45 -46 -47 -48 -49 -50 -51 -52 -53 -54 -55 -56 -57 57 -59 -60 -61 -62 -63
leaf_value=-8.6583289375928825 -1.1013175921482623 -2.565589955141732 22.174109570640315 -1.0727830149934194 10.40738556150915 -1.1557840933339911 27.944919416394463 -1.2373054755286557 55.394897680934299 0.029214463032878085 -0.97488714666659015 -0.89200017595688619 0.096356678100901261 -2.1580132265879954 -1.3464098614656901 -10.059776439458624 -6.166287854365164 -5.4439766890665426 -2.1248728791268259 -2.1162229180648024 -5.9854839645887159 45.478989297880617 -6.4819113851876091 -7.747945244108041 -5.3238519236736783 -6.754431555805458 -3.5308470650806201 13.453408459437892 40.663999209386979 61.605706157686235 -0.81639713830330674 1.3104232438250527 51.933778811673392 36.406024792964715 30.739549986837567 18.699618696303141 15.329061215097401 -11.881729676524538 -2.1075630609791682 28.584263541224313 -7.4955928747640064 32.278361242102626 -5.0455093636121502 36.381289850439778 32.458019007514103 72.264764902581263 -9.3555448847350409 -1.1113749308558629 -1.1841961252269173 1.1793975192290507 -6.7444416142493537 0.61649963150521214 30.994879702526418 6.9689277036994737 67.810829135165832 7.3702086637058342 -2.3865456392088276 21.316597845168296 27.360927008047302 -5.7669611908627116 -13.682414001312248 -0.61238632970338502
leaf_weight=28 1689 20 31 250 59 247 68 344 246 53 104 60 155 110 86 30 71 48 38 49 60 188 44 33 20 97 22 28 142 42 138 91 37 117 52 31 30 44 33 84 27 163 48 65 171 26 32 548 81 21 43 28 148 27 26 40 80 24 50 45 30 153
leaf_count=28 1689 20 31 250 59 247 68 344 246 53 104 60 155 110 86 30 71 48 38 49 60 188 44 33 20 97 22 28 142 42 138 91 37 117 52 31 30 44 33 84 27 163 48 65 171 26 32 548 81 21 43 28 148 27 26 40 80 24 50 45 30 153
internal_value=-0.00462495 0.00171473 -0.00224129 -0.01087 -0.0116642 -0.00661573 0.00440327 -0.00803239 0.00542016 -0.0127096 -0.0104971 -0.00169761 -0.00526592 -0.00247918 -0.00205581 0.000958965 -0.000354381 0.00248045 0.00392141 0.00576512 0.00647602 0.00467143 0.00295064 0.00422227 0.00895923 0.00134598 -0.00214858 0.00601855 0.00514453 0.00257497 0.000974125 0.00474197 0.0057868 0.00587181 0.0010723 -0.00583138 -0.00450363 -0.00246217 -0.000940989 0.000813826 -0.000339244 0.00581046 0.00277805 0.00497758 0.00771626 0.00282828 -0.00114105 -0.0118114 -0.00842795 -0.00441247 -0.00396624 0.00950617 0.00961927 -0.00479263 0.00709328 -0.00413078 -0.00605672 -0.00314121 0.000488815 -0.000567126 0.000606514 0.00182202
internal_weight=6995 3471 1404 3524 3086 530 2067 500 1610 2556 867 113 438 156 283 904 711 422 374 309 1278 741 553 493 537 332 187 291 460 290 197 246 59 145 123 128 289 218 188 457 389 193 204 156 260 89 63 754 206 125 71 170 168 65 46 188 148 104 362 312 267 237
internal_count=6995 3471 1404 3524 3086 530 2067 500 1610 2556 867 113 438 156 283 904 711 422 374 309 1278 741 553 493 537 332 187 291 460 290 197 246 59 145 123 128 289 218 188 457 389 193 204 156 260 89 63 754 206 125 71 170 168 65 46 188 148 104 362 312 267 237
is_linear=0
shrinkage=0.03


Tree=74
num_leaves=63
num_cat=0
split_feature=56 58 60 10 59 58 46 10 1 41 58 55 16 33 54 23 14 57 62 46 7 36 58 2 42 6 46 5 66 5 66 37 58 26 61 57 11 54 62 22 16 56 5 58 54 61 56 20 32 54 14 62 62 7 52 41 54 5 57 32 20 26
split_gain=300.712 50.4379 20.1207 18.3941 20.1585 14.9923 13.6144 9.24496 9.04849 10.8986 10.8865 9.02298 7.83742 7.56034 7.47618 7.75197 7.0363 6.93311 6.7191 6.55444 6.26625 6.04236 6.0319 7.85575 7.61553 5.55432 17.9307 12.2128 5.501 5.48066 5.42841 5.22983 6.43806 5.01319 4.81388 7.86904 5.78292 4.79504 4.74085 5.14954 4.68812 6.20504 9.2502 4.56222 7.17484 4.55357 4.05461 5.05784 4.02341 8.36805 4.02164 3.98552 3.90195 3.8281 3.78693 3.71132 3.60759 4.4435 6.75607 5.34027 5.10006 3.55745
threshold=258.00000000000006 2646.729166666667 1728.5000000000002 0.96386255839173451 5225.0000000000009 4487.479166666667 31736.562500000004 0.56392291514228221 13.775000000000002 35041.000000000007 3401.541666666667 23.500000000000004 -1670.4999999999998 2.5965529812628292 1740.541666666667 74.58544000000002 117215.54166666667 1929.5000000000002 2154.0000000000005 30010.062500000004 14.500000000000002 12785.500000000002 1840.6250000000002 76.57050000000001 44731.625000000007 9.5000000000000018 28307.666666666672 2.5000000000000004 2039.9583333333337 2.5000000000000004 5062.1666666666679 15376.500000000002 652.25000000000011 64.309069395833347 3448.5000000000005 6216.5000000000009 83340.500000000015 2296.2916666666674 2554.9583333333339 -0.099999999999999742 1275.0000000000002 9.5000000000000018 1.5000000000000002 2840.4583333333335 1873.7083333333337 2626.5000000000005 20.500000000000004 17.072916666666671 66.651232246290633 2100.9583333333335 82115.020833333358 2072.5208333333335 1918.6875000000002 24.500000000000004 984.50000000000011 40345.500000000007 1544.354166666667 1.5000000000000002 8204.0000000000018 60.701864357137467 26.335416666666671 85.568137270833361
decision_type=2 2 2 2 2 2 2 2 2 2 2 2 2 2 2 2 2 2 2 2 2 2 2 2 2 2 2 2 2 2 2 2 2 2 2 2 2 2 2 2 2 2 2 2 2 2 2 2 2 2 2 2 2 2 2 2 2 2 2 2 2 2
left_child=1 2 7 4 11 6 8 22 9 14 20 -2 29 16 -3 -16 43 -6 -5 52 37 50 23 -1 28 34 -27 -28 -24 -12 -14 51 -33 -30 56 36 -36 -10 39 -15 41 42 -11 44 -8 -20 -7 -48 49 -18 -9 -25 -4 -26 -43 -42 -13 58 59 -58 -61 -35
right_child=3 5 19 18 17 46 13 21 10 40 12 25 30 38 15 -17 48 -19 45 -21 -22 -23 24 31 53 26 27 -29 33 -31 -32 32 -34 61 35 -37 -38 -39 -40 -41 55 54 -44 -45 -46 -47 47 -49 -50 -51 -52 -53 -54 -55 -56 -57 57 -59 -60 60 -62 -63
leaf_value=50.884865092684677 18.145620735651054 49.122495931336026 -1.7549422895379039 -0.99743012177767099 21.532180165186837 57.737217977876348 29.963850295553232 -2.7520557632205436 45.293118432149718 68.163100242757423 -3.8555428974547201 -1.0693993230546879 -11.525277786228799 21.507647752663068 42.89407334722555 -6.5067095820344454 -11.24446476865859 -1.1358354988929089 0.093609796204488366 -1.222569868299638 -11.764313686361838 -2.7465478147517715 32.664998621359061 -6.0392000996627608 -5.3570678064671933 -1.1573437592964964 -1.3212593689651653 0.028338029141891923 47.430047394316297 28.826496104964381 27.545830417315681 -9.4105029947388754 37.190375859255681 -6.0491642860412362 2.2735924250703796 -1.1336298456990499 -1.0177984290888196 -8.8907340555673731 -16.486837458965816 -3.825876495530542 3.8523468605797415 57.530220533586935 -10.465884394890541 41.845004531538493 -5.1562872186866935 -2.2038696220186238 -5.0681350485919028 47.930188439353493 40.500585483859417 14.291278359670832 15.15651830314984 9.7821287597829212 14.605324481205605 39.336766898229897 10.595331161841159 -2.4670281551685878 0.90472629932826221 -1.0315458987409143 -0.98107671986530232 -1.1688314385693885 0.12373285654139017 22.196015412035159
leaf_weight=83 27 186 76 266 69 187 33 32 39 24 49 1544 88 143 24 42 31 155 154 379 133 190 72 50 66 112 20 48 42 158 21 27 76 114 31 236 269 21 20 38 37 54 58 298 23 25 37 91 24 64 72 32 60 22 47 57 34 433 68 32 20 32
leaf_count=83 27 186 76 266 69 187 33 32 39 24 49 1544 88 143 24 42 31 155 154 379 133 190 72 50 66 112 20 48 42 158 21 27 76 114 31 236 269 21 20 38 37 54 58 298 23 25 37 91 24 64 72 32 60 22 47 57 34 433 68 32 20 32
internal_value=-0.00465926 0.00164161 -0.00268192 -0.010799 -0.0116191 0.00468255 0.00357281 0 0.00141316 0.00416178 -0.00143783 -0.012295 0.00198355 0.00689364 0.00867513 0 0.00896639 -0.00293173 -0.005082 -0.00741992 -0.00705334 -0.00437606 0.00208895 0.00547184 -0.000508475 -0.012459 -0.0073126 0.00480176 0.00206459 0.00541767 -0.00450962 0.00200972 0.00651794 -0.00062201 -0.0128049 -0.010235 -0.00698767 0.000948419 0.00199901 0.003545 4.33057e-05 0.0028509 -0.00325213 0.0110901 0.00315508 -0.000569514 0.0107014 0.00653396 0.00261965 -0.000126183 0.0014121 -0.00361754 -0.00174137 -0.00813848 0.00783383 -0.00538789 -0.0134494 -0.0114154 -0.00698897 -0.00135889 -0.00742802 -0.00326489
internal_weight=6995 3452 1425 3543 3098 2027 1712 910 1038 529 509 2874 316 674 252 66 473 224 445 515 193 294 616 268 348 2847 180 68 260 207 109 185 103 188 2667 536 300 60 201 181 277 183 82 354 56 179 315 128 119 95 104 82 136 88 101 94 2131 587 154 86 52 146
internal_count=6995 3452 1425 3543 3098 2027 1712 910 1038 529 509 2874 316 674 252 66 473 224 445 515 193 294 616 268 348 2847 180 68 260 207 109 185 103 188 2667 536 300 60 201 181 277 183 82 354 56 179 315 128 119 95 104 82 136 88 101 94 2131 587 154 86 52 146
is_linear=0
shrinkage=0.03


Tree=75
num_leaves=63
num_cat=0
split_feature=4 58 4 4 4 6 25 4 26 58 22 55 61 4 6 46 14 58 66 17 33 24 35 46 1 44 61 44 58 15 11 52 65 63 33 21 58 58 58 44 7 40 58 14 14 50 65 52 44 38 6 29 56 45 48 25 65 17 7 33 2 49
split_gain=364.622 29.8449 21.3258 15.6761 14.0768 8.46215 8.36359 8.28415 8.20421 9.47238 7.13278 6.97571 6.91961 6.38243 7.21409 18.2548 9.95429 5.99984 5.96004 8.34171 6.63035 6.60104 6.46844 6.39329 5.92936 5.5874 5.53604 5.28245 5.2755 4.94805 4.92617 4.88175 5.08397 4.87041 4.70933 4.47478 5.59533 4.44027 6.94754 4.32363 4.01512 3.97671 3.85663 5.03982 5.14563 5.97762 4.08928 5.39752 4.6581 4.7645 3.82965 5.27552 3.80414 3.77947 7.26209 5.46291 3.77653 3.51445 3.51383 3.36325 3.21719 3.16431
threshold=11.500000000000002 3392.4166666666674 13.500000000000002 1.5000000000000002 1.5000000000000002 3.5000000000000004 62.270646000000006 8.5000000000000018 84.458704875000009 2840.4583333333335 -0.049999999999999371 27.500000000000004 419.50000000000006 22.500000000000004 9.5000000000000018 28307.666666666672 86279.791666666672 652.25000000000011 4805.3958333333339 10.975000000000001 1.8385666382210881 91.584970000000013 15378.500000000002 33440.750000000007 8.7250000000000014 28595.000000000004 4715.5000000000009 32610.500000000004 4821.604166666667 5913.4934715065428 111059.00000000001 1465.5000000000002 1710.0000000000002 5997.0000000000009 1.8385666382210881 3.5627189730790394 1565.4375000000002 2826.7916666666674 2364.0833333333335 27484.500000000004 24.500000000000004 38889.500000000007 4518.8958333333348 75890.062500000015 119976.39583333336 1992.8125000000002 642.50000000000011 1393.5000000000002 28487.500000000004 12599.10416666667 3.5000000000000004 55.229668595842774 5.5000000000000009 33834.500000000007 258.50000000000006 80.150345000000016 1424.5000000000002 10.375000000000002 3.5000000000000004 4.1499571478143116 86.071357500000019 330.50000000000006
decision_type=2 2 2 2 2 2 2 2 2 2 2 2 2 2 2 2 2 2 2 2 2 2 2 2 2 2 2 2 2 2 2 2 2 2 2 2 2 2 2 2 2 2 2 2 2 2 2 2 2 2 2 2 2 2 2 2 2 2 2 2 2 2
left_child=1 3 5 50 28 -2 11 42 10 17 18 57 -7 14 53 -16 -17 -10 20 23 35 22 24 -20 -22 -14 -15 31 56 -21 -25 32 -9 34 41 36 -8 38 60 -39 -24 -19 43 -6 46 -46 47 -45 49 -48 -1 -52 -38 -4 55 -55 -3 -5 -27 -58 -26 -29
right_child=2 4 13 6 7 12 8 27 9 -11 -12 -13 25 26 15 16 -18 33 19 29 21 -23 40 30 37 58 -28 61 -30 -31 -32 -33 -34 -35 -36 -37 52 39 -40 -41 -42 -43 -44 44 45 -47 48 -49 -50 -51 51 -53 -54 54 -56 -57 59 -59 -60 -61 -62 -63
leaf_value=-1.2830637728146754 -1.1453642241582893 -3.1420562872457776 -1.0037445268605194 59.529320919305789 -21.134815080119605 -1.4431744473475363 -1.065315754758704 -3.2878190283446562 -11.038703739458988 45.419241347371923 -2.5572266486013904 -6.6072265820450546 -1.517253361287604 -1.0416381087743365 -1.1226234465176015 0.027487888267635156 -0.68445862021128712 25.877572219756338 45.193633656886028 -10.696977942656213 32.975315575901419 -9.1262071078411147 -7.99076722912001 -2.3058346656954214 -5.2278572525147906 8.6182052296162048 -0.53302093658036098 46.759244243577768 23.607495327561086 13.647936832501264 26.207878103906314 -7.3965999198225649 19.337288567258891 50.169570284532988 -6.5810456274633902 -16.011198134753048 -2.640376774838578 26.795373622883407 67.935410037037485 -9.9247374900934791 21.467704242077186 -0.88998947913715298 54.935202654374244 -12.419593800562984 -9.8451420953312478 41.310708924550944 40.930354597590977 65.285010869824347 34.622347944967679 -8.4074465010141548 14.132620167161242 -1.8482406795998019 36.105039244324509 -1.4352587283359406 -1.4489692871921729 0.034741271664059423 6.3626185324827516 5.4747114842057041 -0.089178100714359512 -4.9521793247233576 4.8088987861178971 -1.4385707548379196
leaf_weight=160 180 89 2367 97 28 102 52 60 25 80 232 42 67 200 101 40 21 51 168 55 44 62 97 65 20 22 91 66 35 20 24 63 171 46 58 33 25 22 32 50 20 33 204 24 44 26 47 25 454 37 31 137 109 20 50 20 111 66 211 21 21 21
leaf_count=160 180 89 2367 97 28 102 52 60 25 80 232 42 67 200 101 40 21 51 168 55 44 62 97 65 20 22 91 66 35 20 24 63 171 46 58 33 25 22 32 50 20 33 204 24 44 26 47 25 454 37 31 137 109 20 50 20 111 66 211 21 21 21
internal_value=-0.00462495 0.0022129 -0.0114851 -0.000218502 0.00536466 -0.00623089 0.000971439 0.00665853 0.000164116 0.00464688 -0.00097472 0.00664066 -0.00379756 -0.0125346 -0.0130052 -0.00682912 0.00608838 0.00132332 0.0002089 0.00342367 -0.0016045 -0.00406683 -0.00224436 0.00599767 0.00117398 -0.0014895 -0.00828581 0.00294411 -0.00104256 -0.00535286 -0.00047138 0.00100986 0.00303765 0.00317384 0.000401126 0.0025194 0.00433638 -0.00173673 0.00344733 -0.0070319 -0.00778822 0.00495838 0.00824654 0.00715516 0.00768833 0 0.00860501 0.000244399 0.00936071 0.00281807 -0.00620847 -0.00301606 0.00758389 -0.0134109 -0.0072919 0.00216958 -0.00276798 0.00945432 0.000694981 0.000431491 -0.00467153 0.00943743
internal_weight=6995 3503 3492 1977 1526 582 1649 1270 1444 293 1151 205 402 2910 2619 162 61 213 919 332 587 368 306 257 189 300 291 381 256 75 89 294 231 188 142 219 186 145 73 72 117 84 889 685 657 70 587 49 538 84 328 168 134 2457 90 40 221 163 233 132 41 87
internal_count=6995 3503 3492 1977 1526 582 1649 1270 1444 293 1151 205 402 2910 2619 162 61 213 919 332 587 368 306 257 189 300 291 381 256 75 89 294 231 188 142 219 186 145 73 72 117 84 889 685 657 70 587 49 538 84 328 168 134 2457 90 40 221 163 233 132 41 87
is_linear=0
shrinkage=0.03


Tree=76
num_leaves=63
num_cat=0
split_feature=56 16 6 56 6 38 45 54 61 61 6 43 46 16 27 20 26 42 32 42 32 52 43 61 46 63 46 59 32 33 48 21 55 27 26 53 38 32 53 65 25 55 21 32 64 32 70 22 5 45 49 5 54 65 15 13 20 35 15 48 27 43
split_gain=285.527 36.9297 24.133 16.3183 22.9982 10.3365 9.98966 8.82669 8.17516 7.66259 7.36093 22.6375 6.98786 6.56732 6.36606 5.8977 5.87665 5.96446 5.46519 6.4606 5.4081 5.39916 6.22294 6.81016 5.93645 4.83055 4.76527 4.58374 4.53301 4.5326 4.46836 4.39062 4.9465 3.99556 5.24201 3.75072 3.90492 3.9113 3.65065 5.10684 3.7523 4.28018 3.63861 4.5463 4.80572 3.63091 5.78258 5.15598 4.62913 3.6163 3.51722 3.47221 3.47214 5.09531 3.31297 3.30866 3.28318 3.34265 3.26848 5.17185 6.04684 4.24415
threshold=258.00000000000006 -619.49999999999989 2.5000000000000004 5072.0000000000009 3.5000000000000004 18539.750000000004 32051.500000000004 746.33333333333337 1986.0000000000002 1118.5000000000002 9.5000000000000018 28289.000000000004 32520.750000000004 -4940.4999999999991 15.782614211588411 28.444791666666671 52.36348114583334 34265.791666666679 58.377599649512071 42750.354166666679 53.082929159613933 1511.5000000000002 27863.000000000004 1780.0000000000002 31508.458333333339 3810.5000000000005 33815.187500000007 5379.5000000000009 57.100130993444957 3.2889370146346351 885.50000000000011 2.2411475313306934 31.500000000000004 14.344070517590625 64.892538958333333 887.50000000000011 14794.312500000002 55.120696223668354 1200.5000000000002 1816.5000000000002 89.029785000000018 25.500000000000004 4.8712236610764021 61.144915341691593 8378.5000000000018 64.482774892917192 121451.83333333336 -0.10000000000000002 5.5000000000000009 29566.500000000004 316.50000000000006 4.5000000000000009 1489.9583333333337 1578.5000000000002 4961.5931253480467 78903.500000000015 12.762500000000001 15777.500000000002 14401.689679922138 832.50000000000011 13.386948708581016 32364.500000000004
decision_type=2 2 2 2 2 2 2 2 2 2 2 2 2 2 2 2 2 2 2 2 2 2 2 2 2 2 2 2 2 2 2 2 2 2 2 2 2 2 2 2 2 2 2 2 2 2 2 2 2 2 2 2 2 2 2 2 2 2 2 2 2 2
left_child=1 8 9 4 -2 7 -7 -6 14 29 15 -12 -8 -10 16 26 -1 20 -16 -20 25 22 -4 38 -23 -18 58 30 35 54 42 32 45 -33 -35 49 -37 -38 39 -24 41 -41 43 44 51 46 47 48 -19 -9 -40 56 -36 -54 -3 -27 57 -15 -5 60 61 -60
right_child=3 2 21 10 5 6 12 28 13 -11 11 -13 -14 27 18 -17 17 31 19 -21 -22 24 23 -25 -26 55 -28 -29 -30 -31 -32 33 -34 34 52 36 37 -39 50 40 -42 -43 -44 -45 -46 -47 -48 -49 -50 -51 -52 -53 53 -55 -56 -57 -58 -59 59 -61 -62 -63
leaf_value=-9.7482457620839433 -1.0093716653025033 5.0924397565932713 21.472133833110057 -1.0056262662281048 16.759982214060301 -1.1948247179197002 0.11100396091944276 -1.2625671872982291 27.536020487888518 -1.1297584546640564 -1.0889447431220736 0.026663251619606285 34.572620067168209 70.672646973563673 50.358085650580101 0.10575925169826035 59.560422115144064 37.781587422780284 -8.3178011524743667 32.471453199524127 -4.1599250054422008 -2.2378257144814753 -11.337432709280568 -2.3545253973290907 20.632200079192035 12.210751167114084 -0.22494160880723113 34.969611873554221 -1.0691758127480004 32.113939882447823 -5.2717831130818151 30.532094061188673 -8.7357444219767775 43.191365884169628 -16.746668397714185 -1.0968335690110438 -1.3568790461769646 0.23818559487333146 29.165007541848816 24.490726211834826 -5.1993987596857547 -8.3644960022418662 -9.5939393074140984 -7.2494665634143347 -9.0046812184012364 41.742728584293523 -5.7748901963415911 -3.5648039640306068 -15.397616361598256 5.2614662695166796 -1.4363283606286359 36.090906567050816 -3.7509878966940686 28.306311155174843 -3.41422036365522 -8.8604149516185942 -1.5230020621869562 -2.968544360383166 1.2177859205913999 -1.0697150730205689 -0.79039639695145258 -0.65175002312178143
leaf_weight=23 460 45 113 1516 43 71 127 29 95 341 88 53 44 36 156 22 31 98 25 181 83 160 60 129 44 43 34 35 279 24 127 571 43 24 23 223 21 36 129 139 62 21 44 35 20 48 20 41 24 31 34 61 39 21 87 23 70 24 20 336 83 27
leaf_count=23 460 45 113 1516 43 71 127 29 95 341 88 53 44 36 156 22 31 98 25 181 83 160 60 129 44 43 34 35 279 24 127 571 43 24 23 223 21 36 129 139 62 21 44 35 20 48 20 41 24 31 34 61 39 21 87 23 70 24 20 336 83 27
internal_value=-0.00468928 0.00145042 -0.00233196 -0.010672 -0.00809105 -0.00530583 0 -0.00724513 0.00399545 -0.00762824 -0.0122858 -0.00561304 0.00392753 0.000844453 0.00512952 -0.0127457 0.00403601 0.00434326 0.00860812 0.00537118 -0.000649639 0.000619459 0.00189492 0.000621843 -0.00365997 0.00414006 -0.0129145 -0.000656934 -0.00816023 -0.00209481 -0.0015392 0.00529041 0.00206859 0.00658752 0.00123249 -0.005813 -0.0072724 -0.000210158 0.00238598 0.000308401 0.00241783 0.00485322 0.000506722 0.00193824 0.00360966 0.00381653 0.00186783 0.0037523 0.00685504 0.000948419 0.00595953 0.00508634 -0.00231047 0.00144759 -0.0042922 -0.000408472 0.00228286 0.0074376 -0.0131058 -0.0108711 -0.00574174 0.00280255
internal_weight=6995 3452 1388 3543 1364 904 242 662 2064 497 2179 141 171 547 1517 2038 1155 1132 362 206 180 891 687 574 204 97 2016 452 619 156 417 952 274 678 107 340 280 57 445 282 222 160 290 246 211 231 183 163 122 60 163 191 83 60 132 66 130 60 1982 466 130 47
internal_count=6995 3452 1388 3543 1364 904 242 662 2064 497 2179 141 171 547 1517 2038 1155 1132 362 206 180 891 687 574 204 97 2016 452 619 156 417 952 274 678 107 340 280 57 445 282 222 160 290 246 211 231 183 163 122 60 163 191 83 60 132 66 130 60 1982 466 130 47
is_linear=0
shrinkage=0.03


Tree=77
num_leaves=63
num_cat=0
split_feature=4 58 4 4 4 4 43 46 20 43 61 4 69 26 51 33 54 20 7 70 37 15 58 58 66 50 58 50 50 12 66 58 2 38 58 26 66 7 58 44 32 20 42 65 6 29 50 15 70 63 58 33 37 33 4 45 44 37 52 5 60 44
split_gain=343.044 26.765 21.8201 12.2954 11.3043 9.53665 8.28868 7.3868 7.31897 6.85039 6.75343 6.35947 5.96178 5.69829 5.57835 6.38453 5.48392 12.0681 9.22917 16.5712 5.33211 5.05238 5.04791 4.78002 5.30183 6.81167 6.02952 5.6001 6.61562 4.23568 4.16092 4.01469 5.77517 5.41729 11.1818 4.76235 4.35757 4.15259 7.18533 6.81374 3.99947 3.99631 3.89846 3.89831 3.8023 4.77925 3.8008 3.78268 3.68492 3.63839 5.31198 3.56318 3.5536 3.47909 3.41999 4.42023 3.57132 3.28561 7.96605 5.62231 3.24818 3.18392
threshold=11.500000000000002 3392.4166666666674 13.500000000000002 1.5000000000000002 1.5000000000000002 8.5000000000000018 33050.000000000007 32493.125000000004 7.9989583333333343 32232.500000000004 419.50000000000006 10.500000000000002 98329.500000000015 53.826336166666671 1595.5000000000002 2.8553659985088409 1558.8958333333337 -11.271874999999998 5.5000000000000009 90373.083333333358 24894.000000000004 5892.9457758549206 4821.604166666667 4383.791666666667 1139.4583333333335 837.08333333333337 4130.7500000000009 234.52083333333337 212.06250000000003 104287.00000000001 1644.1458333333335 2646.729166666667 83.784035000000017 12177.958333333334 2826.7916666666674 79.66643400000001 1273.1875000000002 19.500000000000004 1969.3750000000002 30233.000000000004 54.925251921563522 28.444791666666671 44360.979166666679 1328.0000000000002 3.5000000000000004 55.229668595842774 456.64583333333343 10660.3282228603 90888.458333333343 970.50000000000011 4383.791666666667 1.328996075682662 29680.000000000004 1.943909141653956 22.500000000000004 29823.000000000004 28197.000000000004 26521.000000000004 693.50000000000011 1.5000000000000002 811.50000000000011 32594.500000000004
decision_type=2 2 2 2 2 2 2 2 2 2 2 2 2 2 2 2 2 2 2 2 2 2 2 2 2 2 2 2 2 2 2 2 2 2 2 2 2 2 2 2 2 2 2 2 2 2 2 2 2 2 2 2 2 2 2 2 2 2 2 2 2 2
left_child=1 3 8 44 22 13 -7 9 -2 11 -10 23 -11 -5 31 21 17 -4 19 40 61 60 -3 24 -6 27 -27 28 48 -14 -29 32 37 34 -33 42 -35 38 51 -40 -18 -20 -34 -23 52 -46 -45 -32 -26 50 -9 -15 -1 -37 57 56 -56 -19 59 -59 -16 -12
right_child=2 4 16 5 7 6 -8 49 10 12 20 -13 29 14 15 -17 18 54 41 -21 -22 43 -24 -25 25 26 -28 30 -30 -31 47 33 35 36 -36 53 -38 -39 39 -41 -42 -43 -44 46 45 -47 -48 -49 -50 -51 -52 -53 -54 -55 55 -57 -58 58 -60 -61 -62 -63
leaf_value=-1.4072324605774531 -1.0779321242516311 -1.2614094834251433 0.092380465222454189 -9.1233432376206594 39.641760815762005 -0.39666293483929277 -2.5860340871256651 56.951324166985003 -1.3630869536443906 -12.773776910036007 -0.72412702284764097 -2.4694864841408752 23.213718057815711 -3.5571709741834647 -0.10432716348774988 -7.4354170719136476 -0.63270710615915116 -1.0013881633995141 -1.0158020552511953 -0.77999571445276594 6.0426973029631519 -3.6647695541730534 21.862091865719201 48.93061039731775 44.182389053523956 -13.633058138669316 28.932022435458276 -2.724509349586183 -26.323297524397457 -1.8751465743775952 32.79310261103744 102.94585070712318 -8.6643436709766402 -0.066606704604532746 -15.330534891834812 13.987595668266566 41.188707348191791 41.072585157185436 99.295858683118183 -9.8702648530058106 0.099200188170931999 0.091124489296027067 1.5376312161894565 -4.7560508895700417 13.550797574060903 -1.9254921805484126 32.409155355650419 2.094398873505861 -5.5067697964034412 53.717108396636974 -12.220736278866656 35.783028701301838 0.16771712203325223 -2.6597230105168728 -1.2925379524775922 -1.0958657010241348 0.16056465315532889 0.026736722922122098 -0.76252670690926294 -0.79138816339951412 -13.583121764792541 3.0233947497761333
leaf_weight=137 170 221 21 40 125 381 113 24 102 50 230 83 54 29 40 50 21 1488 894 85 20 47 35 182 30 44 30 30 39 43 206 26 65 30 40 113 162 101 24 64 39 20 26 21 31 137 102 48 21 239 22 89 23 55 20 121 40 25 111 25 31 60
leaf_count=137 170 221 21 40 125 381 113 24 102 50 230 83 54 29 40 50 21 1488 894 85 20 47 35 182 30 44 30 30 39 43 206 26 65 30 40 113 162 101 24 64 39 20 26 21 31 137 102 48 21 239 22 89 23 55 20 121 40 25 111 25 31 60
internal_value=-0.00468499 0.00194742 -0.011339 -0.000355065 0.00493218 0.000698563 -0.00278689 0.00609165 -0.00602474 0.00485433 -0.00385101 0.00590264 -0.00110129 0.00219202 0.00259349 -0.000968739 -0.0124006 -0.0133931 -0.0106619 -0.00359752 -0.00163496 0.00104521 -0.000808278 0.00676996 0.00541267 0.00387637 -0.00441296 0.00552526 -0.000965594 0.00321318 0.0075924 0.00385511 0.00243243 0.00696242 -0.000408472 -0.000856812 0.00951067 0.00521654 0.00275109 -0.00371169 0.00843594 -0.0117788 -0.00638858 0.00386243 -0.00565986 -0.00248067 0.0066775 0.00884298 0.00610568 0.0103543 0.00253796 0.00759526 -0.00897564 0.00212374 -0.0136534 -0.00967421 -0.00294509 -0.0140877 -0.00994413 0 -0.00565401 -0.00267839
internal_weight=6995 3503 3492 1977 1526 1649 494 1270 582 985 412 838 147 1155 1115 291 2910 1851 1059 145 310 241 256 755 573 448 74 374 90 97 284 824 566 258 66 259 192 307 206 88 60 914 91 170 328 168 123 254 51 285 46 118 160 168 1830 181 60 1649 161 50 71 290
internal_count=6995 3503 3492 1977 1526 1649 494 1270 582 985 412 838 147 1155 1115 291 2910 1851 1059 145 310 241 256 755 573 448 74 374 90 97 284 824 566 258 66 259 192 307 206 88 60 914 91 170 328 168 123 254 51 285 46 118 160 168 1830 181 60 1649 161 50 71 290
is_linear=0
shrinkage=0.03


Tree=78
num_leaves=63
num_cat=0
split_feature=4 58 57 4 16 4 19 58 21 57 38 4 26 46 21 40 15 14 4 6 43 50 66 5 45 20 65 38 7 21 65 45 50 56 55 40 61 38 62 56 65 19 43 23 66 58 5 27 37 50 62 38 56 67 7 7 26 45 21 56 47 69
split_gain=342.809 27.172 17.9984 12.766 11.7195 9.66288 8.12721 7.87308 11.1952 15.0729 7.90402 7.2891 7.11778 8.99424 8.26482 6.6088 6.20074 6.18551 5.59163 6.76157 23.1067 5.56683 5.53899 5.507 6.97484 6.15913 5.49409 6.57073 5.51089 5.79136 5.39676 5.37389 5.18973 4.7719 4.63804 4.59159 4.5715 4.22784 4.20765 6.36171 6.11267 4.6003 6.10222 6.65067 4.7094 4.35696 4.63467 5.81179 4.07083 3.9272 3.92093 3.8571 3.78463 3.48744 3.48273 9.89989 10.6072 3.46059 3.44616 5.02826 3.39355 3.28131
threshold=12.500000000000002 2646.729166666667 31.500000000000004 10.500000000000002 -646.49999999999989 1.5000000000000002 6.0250000000000012 4487.479166666667 3.57160069460816 20.500000000000004 12551.437500000002 13.500000000000002 75.584710750000013 31508.458333333339 2.8247915676039601 40419.000000000007 8211.5374485576631 81790.812500000015 22.500000000000004 9.5000000000000018 28289.000000000004 248.77083333333337 4352.0208333333348 1.5000000000000002 33834.500000000007 26.335416666666671 809.50000000000011 17930.479166666672 8.5000000000000018 2.8247915676039601 4095.0000000000005 32703.000000000004 311.62500000000006 17.500000000000004 1384.5000000000002 34605.500000000007 4715.5000000000009 11727.479166666668 1393.6875000000002 44.500000000000007 1424.5000000000002 -11.774999999999999 30034.500000000004 83.784035000000017 2063.0000000000005 1840.6250000000002 3.5000000000000004 3.2997585510167542 9023.5000000000018 567.00000000000011 2161.666666666667 22645.729166666672 8693.0000000000018 83063.500000000015 22.500000000000004 26.500000000000004 67.946232750000021 31589.000000000004 3.9775399777271239 19.500000000000004 1203.5000000000002 97919.000000000015
decision_type=2 2 2 2 2 2 2 2 2 2 2 2 2 2 2 2 2 2 2 2 2 2 2 2 2 2 2 2 2 2 2 2 2 2 2 2 2 2 2 2 2 2 2 2 2 2 2 2 2 2 2 2 2 2 2 2 2 2 2 2 2 2
left_child=1 4 3 5 17 -3 -4 8 12 10 16 34 48 22 57 32 53 -1 19 23 -21 -12 -14 24 25 54 27 -8 -28 -30 31 -31 -6 -32 -2 -34 -20 -11 39 60 -40 -42 43 -43 -45 46 47 -44 -7 -39 -51 -50 -22 -10 -13 56 -56 -15 59 -9 -19 -16
right_child=11 2 6 -5 15 7 26 58 9 37 21 18 13 14 61 -17 -18 38 36 20 52 -23 -24 -25 -26 -27 28 -29 29 30 33 -33 35 -35 -36 -37 -38 49 40 -41 41 42 45 44 -46 -47 -48 -49 51 50 -52 -53 -54 -55 55 -57 -58 -59 -60 -61 -62 -63
leaf_value=-4.1084966348640677 -1.0057865589180288 -3.7624374290273428 -4.0691238921466573 -3.6890614685077092 -1.8073843842663015 7.9568099162151249 -5.1385540378803283 63.072392901505125 4.970306411337833 -5.3415667025113178 23.001672042767915 -0.91134651849752879 -10.912795877623179 11.912302901233524 -5.2059189372372927 -1.0629914421206967 26.67305988452134 31.436880694980921 -0.94858057126201867 -1.0258023391708755 -0.5158314308348344 -11.670355075483366 29.936434307970821 -0.97134651849752884 0.027531123338706821 0.076928769765860702 19.510605175358624 8.7458056828309232 13.607454014217691 -3.5526081740769389 45.888803733079627 19.94226274626805 40.494044684177723 0.067356146548073634 -0.15618483176499354 -1.117659601349589 -0.63345807901449058 50.513055305384384 -8.7273940810029149 -4.2660334331779088 46.128366475755143 81.797191048353312 23.386359688655656 17.336109970466804 -3.8774877151576672 -7.1699673427814394 26.600437061540035 -4.9075115070707156 56.155482909757175 40.573962085389574 -5.8606026132151783 12.403803943191997 0.044844567255792354 -14.615030356538837 -1.029173775863629 -0.84895709755080451 1.2385371299184325 41.476335385766561 49.798006416648676 -1.8188921771462809 -1.7011039760411586 15.233633359818286
leaf_weight=68 204 54 72 95 198 31 59 30 36 25 22 471 48 41 41 325 82 150 200 107 20 163 32 1755 24 37 160 59 99 215 27 36 62 77 87 76 91 95 46 25 25 57 23 24 41 110 58 64 269 47 29 41 35 28 45 98 27 117 197 45 25 45
leaf_count=68 204 54 72 95 198 31 59 30 36 25 22 471 48 41 41 325 82 150 200 107 20 163 32 1755 24 37 160 59 99 215 27 36 62 77 87 76 91 95 46 25 25 57 23 24 41 110 58 64 269 47 29 41 35 28 45 98 27 117 197 45 25 45
internal_value=-0.00468499 0.00141456 0.00333126 0.00515901 -0.00194757 0.00582768 -0.000332048 0.0062885 0.00523194 0.00195788 -0.00193899 -0.0119153 0.00782138 0.00461894 0.00748464 -0.00482832 0.00326489 0.000708002 -0.0123697 -0.0128105 -0.00682912 -0.00606159 -0.0040824 -0.0132034 -0.0109343 -0.0114983 0.000610572 -0.00530906 0.00175379 5.94583e-05 -0.00172346 -0.00410992 -0.00186552 0.00400576 -0.0073583 0.00258508 -0.00838887 0.00855176 0.00161549 0.00523238 0 0.00118627 0.00035004 0.00587224 -0.000645161 -0.00228146 0.00111647 -0.00323766 0.0108531 0.0102396 0.00508541 0.0118897 0.00892922 -0.00369735 -0.0121853 -0.00844797 0 0.011556 0.0109041 0.00535286 0.00726442 0
internal_weight=6995 3794 2417 1613 1377 1518 804 1464 1192 527 331 3201 665 324 244 661 146 716 2910 2619 162 185 80 2457 702 678 732 118 614 454 355 251 336 104 291 138 291 196 648 200 448 402 377 122 65 255 145 87 341 171 76 310 55 64 641 170 72 158 272 75 175 86
internal_count=6995 3794 2417 1613 1377 1518 804 1464 1192 527 331 3201 665 324 244 661 146 716 2910 2619 162 185 80 2457 702 678 732 118 614 454 355 251 336 104 291 138 291 196 648 200 448 402 377 122 65 255 145 87 341 171 76 310 55 64 641 170 72 158 272 75 175 86
is_linear=0
shrinkage=0.03


Tree=79
num_leaves=63
num_cat=0
split_feature=4 4 4 4 43 6 27 7 7 6 62 4 6 43 42 48 21 21 25 5 45 42 62 69 44 45 18 23 63 26 27 54 56 65 2 49 19 61 2 34 59 15 24 25 38 5 32 54 52 56 26 54 45 54 18 1 43 70 59 39 38 16
split_gain=337.31 22.1629 20.4953 15.3372 12.6801 9.98202 9.87007 9.34837 8.75603 8.43163 8.04583 6.32161 6.68322 23.1067 5.95674 7.59667 5.86295 6.6428 5.93849 5.12122 7.01249 5.8738 5.69452 9.58457 5.03201 5.47615 4.98521 4.71849 6.324 5.02061 4.70228 6.78749 4.81035 5.02579 4.44128 4.25752 4.0803 4.07743 4.01648 5.48527 3.96702 4.93153 4.51258 4.39683 3.93842 4.02005 5.20738 3.91084 5.41526 3.78463 3.72042 3.63605 3.60496 5.37065 3.86674 3.59395 3.59342 3.57179 3.4155 3.39958 4.04624 4.33749
threshold=11.500000000000002 1.5000000000000002 13.500000000000002 8.5000000000000018 33138.500000000007 3.5000000000000004 15.782614211588411 27.500000000000004 21.500000000000004 7.5000000000000009 2154.0000000000005 22.500000000000004 9.5000000000000018 28289.000000000004 33498.187500000007 996.50000000000011 1.5853238808763421 6.0051100964368294 89.639267500000017 1.5000000000000002 33834.500000000007 57819.604166666679 1587.4583333333337 96212.500000000015 32610.500000000004 32905.500000000007 -0.97499999999999987 83.099332500000017 1676.0000000000002 58.760208666666678 13.349979110695633 1397.6458333333337 21.500000000000004 1328.0000000000002 97.094030000000018 770.50000000000011 11.925000000000002 4715.5000000000009 78.294570000000007 -1.0408354121801684 750.50000000000011 5936.931224454268 63.957451000000006 96.273427500000011 12651.458333333336 1.5000000000000002 60.602053574540541 1038.2291666666667 1465.5000000000002 8693.0000000000018 75.446332979166684 1719.3541666666667 32464.500000000004 1639.479166666667 12.725000000000001 -1.4749999999999999 27422.500000000004 100470.60416666667 3831.5000000000005 44218.500000000007 20314.291666666668 3079.0000000000005
decision_type=2 2 2 2 2 2 2 2 2 2 2 2 2 2 2 2 2 2 2 2 2 2 2 2 2 2 2 2 2 2 2 2 2 2 2 2 2 2 2 2 2 2 2 2 2 2 2 2 2 2 2 2 2 2 2 2 2 2 2 2 2 2
left_child=1 5 10 6 24 -1 8 44 14 -7 -2 12 19 -14 -3 16 55 18 30 20 21 22 23 -4 25 34 -20 29 57 36 32 -32 -18 -34 40 -17 -10 -13 -28 -40 41 -5 -42 -44 -8 46 -46 -30 -49 -15 -47 -25 53 -26 -54 -16 -24 -29 -12 60 61 -43
right_child=2 3 11 4 -6 9 7 -9 27 -11 58 37 13 49 15 35 17 -19 26 -21 -22 -23 56 51 52 -27 38 28 47 -31 31 -33 33 -35 -36 -37 -38 -39 39 -41 42 59 43 -45 45 50 -48 48 -50 -51 -52 -53 54 -55 -56 -57 -58 -59 -60 -61 -62 -63
leaf_value=-1.4975737291026474 -0.96426189542450502 -3.6666996606073416 0.46649045029544339 -9.4362567647959779 -2.3582246197322645 4.6278138266707707 42.350929405038656 -5.7175483551795789 -8.3298042498456653 -2.6207285948488876 0.026685942868926987 -0.92012315412415813 -0.99502826899574937 -0.50035648790978926 5.261068085854272 -13.862038648297425 33.170116545550769 -4.0809144225178073 -8.590071677690343 -0.94220612294260297 0.026705189638545689 0.074620906672884776 -0.044006122942602914 -0.85397969098372128 19.967959855599688 -5.0497413691201656 44.413885545777184 -1.6034056505320722 -7.4478286823718189 42.414290413073786 -7.7759507910841963 29.627080318519127 -8.4655193108656288 27.34536439365268 -7.3666243726780634 4.6241448672512524 18.088727775959224 -0.61445433664405558 28.332640444977034 -4.0901426466659174 -9.8131751044114388 9.0110771056105197 17.968692901322555 -10.731971414494714 -10.107639450627921 48.181213033318642 42.748453262740945 32.309846914245142 -4.4970447314282138 0.043499230238118539 -0.53941324904879451 -0.98646214604071758 -0.18613917061909699 -27.821202580865137 43.90975103844049 -6.9121861846329011 -0.87208322360147394 38.836465149275227 -1.6278833324735056 16.628259940501849 -19.28483092944516 -6.6086781803657457
leaf_weight=180 381 160 28 40 111 244 171 46 20 160 175 200 107 20 47 60 190 37 26 1755 24 35 20 112 31 29 36 24 42 246 48 77 20 166 38 65 20 91 36 83 29 108 251 22 27 153 27 34 23 35 32 39 22 20 54 61 444 67 26 55 33 32
leaf_count=180 381 160 28 40 111 244 171 46 20 160 175 200 107 20 47 60 190 37 26 1755 24 35 20 112 31 29 36 24 42 246 48 77 20 166 38 65 20 91 36 83 29 108 251 22 27 153 27 34 23 35 32 39 22 20 54 61 444 67 26 55 33 32
internal_value=-0.00468071 0.00189603 -0.0112789 0.00296393 -0.000356531 -0.00343606 0.00438677 0.00828108 0.00326617 -0.000809206 -0.00612781 -0.0123078 -0.0127761 -0.00682912 0.00180469 0.00270665 0.00375045 0.00473091 0.00540537 -0.0131667 -0.0109771 -0.0115425 -0.0121941 -0.00760469 0.00101688 -6.59237e-05 0.000728879 0.00667297 0.00298264 0.0091122 0.00708841 0.00201439 0.00876629 0.0053036 0.000537741 -0.00417266 -0.000673317 -0.0080797 0.0027853 0.000100756 0.00120505 -0.00144349 0.00356504 0.00476748 0.00972202 0.00720201 0 -0.00224016 0.00283713 0.00892922 0.00930308 -0.0106023 0.00646735 0.000234834 0.0106045 -0.00274746 -0.013956 0.00869374 -0.00125311 0.00024989 -0.00180243 0.000406852
internal_weight=6995 3503 3492 2919 875 584 2044 456 1588 404 582 2910 2619 162 1112 952 827 719 682 2457 702 678 643 179 764 637 181 476 190 286 501 125 376 186 608 125 40 291 155 119 570 268 302 273 410 239 54 99 57 55 185 151 127 51 76 108 464 91 201 228 173 140
internal_count=6995 3503 3492 2919 875 584 2044 456 1588 404 582 2910 2619 162 1112 952 827 719 682 2457 702 678 643 179 764 637 181 476 190 286 501 125 376 186 608 125 40 291 155 119 570 268 302 273 410 239 54 99 57 55 185 151 127 51 76 108 464 91 201 228 173 140
is_linear=0
shrinkage=0.03


end of trees

feature_importances:
Column_4=535
Column_58=290
Column_62=219
Column_6=170
Column_55=135
Column_60=129
Column_16=123
Column_56=117
Column_57=112
Column_61=109
Column_26=108
Column_45=105
Column_22=104
Column_46=95
Column_43=88
Column_24=83
Column_44=83
Column_21=78
Column_59=78
Column_20=75
Column_7=74
Column_15=72
Column_25=70
Column_50=67
Column_19=66
Column_66=61
Column_5=60
Column_1=59
Column_54=58
Column_51=57
Column_2=56
Column_18=55
Column_48=55
Column_33=54
Column_38=51
Column_27=50
Column_63=50
Column_65=49
Column_23=44
Column_47=43
Column_70=43
Column_10=41
Column_49=41
Column_64=41
Column_14=40
Column_31=40
Column_42=37
Column_3=36
Column_53=36
Column_17=35
Column_36=35
Column_28=33
Column_35=33
Column_52=33
Column_34=32
Column_32=29
Column_37=29
Column_30=27
Column_68=26
Column_11=25
Column_40=22
Column_12=21
Column_41=21
Column_13=20
Column_29=20
Column_39=18
Column_69=18
Column_0=7
Column_67=6
Column_9=3

parameters:
[boosting: gbdt]
[objective: quantile]
[metric: quantile]
[tree_learner: serial]
[device_type: cpu]
[data_sample_strategy: bagging]
[data: ]
[valid: ]
[num_iterations: 1500]
[learning_rate: 0.03]
[num_leaves: 63]
[num_threads: 24]
[seed: 42]
[deterministic: 0]
[force_col_wise: 0]
[force_row_wise: 0]
[histogram_pool_size: -1]
[max_depth: -1]
[min_data_in_leaf: 20]
[min_sum_hessian_in_leaf: 0.001]
[bagging_fraction: 0.8]
[pos_bagging_fraction: 1]
[neg_bagging_fraction: 1]
[bagging_freq: 0]
[bagging_seed: 400]
[bagging_by_query: 0]
[feature_fraction: 0.8]
[feature_fraction_bynode: 1]
[feature_fraction_seed: 30056]
[extra_trees: 0]
[extra_seed: 12879]
[early_stopping_round: 0]
[early_stopping_min_delta: 0]
[first_metric_only: 0]
[max_delta_step: 0]
[lambda_l1: 0.1]
[lambda_l2: 0.1]
[linear_lambda: 0]
[min_gain_to_split: 0]
[drop_rate: 0.1]
[max_drop: 50]
[skip_drop: 0.5]
[xgboost_dart_mode: 0]
[uniform_drop: 0]
[drop_seed: 17869]
[top_rate: 0.2]
[other_rate: 0.1]
[min_data_per_group: 100]
[max_cat_threshold: 32]
[cat_l2: 10]
[cat_smooth: 10]
[max_cat_to_onehot: 4]
[top_k: 20]
[monotone_constraints: ]
[monotone_constraints_method: basic]
[monotone_penalty: 0]
[feature_contri: ]
[forcedsplits_filename: ]
[refit_decay_rate: 0.9]
[cegb_tradeoff: 1]
[cegb_penalty_split: 0]
[cegb_penalty_feature_lazy: ]
[cegb_penalty_feature_coupled: ]
[path_smooth: 0]
[interaction_constraints: ]
[verbosity: -1]
[saved_feature_importance_type: 0]
[use_quantized_grad: 0]
[num_grad_quant_bins: 4]
[quant_train_renew_leaf: 0]
[stochastic_rounding: 1]
[linear_tree: 0]
[max_bin: 255]
[max_bin_by_feature: ]
[min_data_in_bin: 3]
[bin_construct_sample_cnt: 200000]
[data_random_seed: 175]
[is_enable_sparse: 1]
[enable_bundle: 1]
[use_missing: 1]
[zero_as_missing: 0]
[feature_pre_filter: 1]
[pre_partition: 0]
[two_round: 0]
[header: 0]
[label_column: ]
[weight_column: ]
[group_column: ]
[ignore_column: ]
[categorical_feature: ]
[forcedbins_filename: ]
[precise_float_parser: 0]
[parser_config_file: ]
[objective_seed: 16083]
[num_class: 1]
[is_unbalance: 0]
[scale_pos_weight: 1]
[sigmoid: 1]
[boost_from_average: 1]
[reg_sqrt: 0]
[alpha: 0.5]
[fair_c: 1]
[poisson_max_delta_step: 0.7]
[tweedie_variance_power: 1.5]
[lambdarank_truncation_level: 30]
[lambdarank_norm: 1]
[label_gain: ]
[lambdarank_position_bias_regularization: 0]
[eval_at: ]
[multi_error_top_k: 1]
[auc_mu_weights: ]
[num_machines: 1]
[local_listen_port: 12400]
[time_out: 120]
[machine_list_filename: ]
[machines: ]
[gpu_platform_id: -1]
[gpu_device_id: -1]
[gpu_use_dp: 0]
[num_gpu: 1]

end of parameters

pandas_categorical:null
