tree
version=v4
num_class=1
num_tree_per_iteration=1
label_index=0
max_feature_idx=70
objective=quantile
feature_names=Column_0 Column_1 Column_2 Column_3 Column_4 Column_5 Column_6 Column_7 Column_8 Column_9 Column_10 Column_11 Column_12 Column_13 Column_14 Column_15 Column_16 Column_17 Column_18 Column_19 Column_20 Column_21 Column_22 Column_23 Column_24 Column_25 Column_26 Column_27 Column_28 Column_29 Column_30 Column_31 Column_32 Column_33 Column_34 Column_35 Column_36 Column_37 Column_38 Column_39 Column_40 Column_41 Column_42 Column_43 Column_44 Column_45 Column_46 Column_47 Column_48 Column_49 Column_50 Column_51 Column_52 Column_53 Column_54 Column_55 Column_56 Column_57 Column_58 Column_59 Column_60 Column_61 Column_62 Column_63 Column_64 Column_65 Column_66 Column_67 Column_68 Column_69 Column_70
feature_infos=[66131:160560] [-20:34.149999999999999] [25.719044:100] [36.971664299722725:71.559848645091535] [0:23] [0:6] [1:10] [1:31] [0:1] [0:1] [0:0.99270887409805397] [66131:160560] [66131:160560] [66131:160560] [72233.041666666672:137142.20833333334] [2057.6408592873181:22024.617595875727] [-9183:8446] [-20:34.149999999999999] [-20:34.149999999999999] [-20:34.149999999999999] [-16.568749999999998:29.675000000000001] [0.52945401875049547:7.951298487978419] [-5.8000000000000007:5.5499999999999972] [25.719044:100] [25.719044:100] [25.719044:100] [45.313373250000005:95.04641233333335] [0.97911827352794878:23.426507825749582] [-30.049300000000002:30.860949999999995] [36.971664299722725:71.559848645091535] [36.971664299722725:71.559848645091535] [36.971664299722725:71.559848645091535] [45.760024263258238:67.819212344444352] [0.67909628204517791:7.5954539582083802] [-8.6935655667746659:7.6341842441526993] [6201:33428] [6201:33428] [6201:33428] [7216.916666666667:32362.625] [18440:75926] [18440:75926] [18440:75926] [24497.5:64836.833333333336] [25199:33959] [25199:33959] [26474:33959] [25316:33930.166666666664] [43:6933] [43:6933] [43:6933] [83.541666666666671:5366.375] [366:3539] [366:3539] [366:3539] [431.45833333333331:2835.4583333333335] [0:12186] [0:12186] [0:12186] [281.875:5366.791666666667] [85:6739] [85:6739] [85:6739] [718.33333333333337:3117.0833333333335] [29:9938] [29:9938] [29:9938] [157.125:8964.4166666666661] [68553:162721] [68553:162721] [68553:162721] [74746.875:140862.16666666666]
tree_sizes=3804 4611 4234 4331 4410 4666 4670 5398 5192 5452 4865 4911 4243 5173 4835 5421 4831 4992 5413 5171 5172 5403 5424 5443 5430 5427 5430 5442 5411 5409 5424 5422 5435 5426 5429 5433 5417 5427 5413 5453 5412 5454 5421 5446 5417 5417 5450 5432 5433 5434 5431 5443 5418 5442 5442 5460 5449 5434 5452 5444 5450 5439 5435 5444 5457 5443 5440 5439 5441 5454 5466 5464 5476 5433 5451 5463 5468 5479 5449 5484 5464 5477 5464 5453 5466

Tree=0
num_leaves=47
num_cat=0
split_feature=70 4 4 0 70 20 70 5 16 4 70 24 1 5 44 31 16 46 16 4 20 59 45 4 21 64 14 49 49 18 2 23 69 46 24 16 70 5 36 4 21 1 2 38 28 28
split_gain=127.936 186.205 28.1314 17.5863 15.4618 13.1107 9.83413 7.52133 12.4536 6.49754 5.59234 6.90372 5.39686 4.83455 6.07925 4.28292 3.9376 2.86415 8.64368 3.05369 4.21996 2.01044 1.97098 1.93323 1.86871 1.57008 1.15826 1.1402 1.06876 1.84613 0.906843 0.760999 0.64046 0.536096 0.533359 0.387682 2.73188 5.88316 0.864341 0.157021 0.25141 0.109742 0.0972268 0.0365016 0.0258776 0.0253042
threshold=89417.729166666672 5.5000000000000009 21.500000000000004 70369.500000000015 84864.437500000015 11.055208333333335 85328.770833333343 4.5000000000000009 -1459.4999999999998 4.5000000000000009 79269.041666666672 67.477840000000015 12.475000000000001 4.5000000000000009 29029.000000000004 50.759328296399779 351.50000000000006 29362.791666666672 -3847.4999999999995 3.5000000000000004 11.673958333333337 248.50000000000003 30506.000000000004 22.500000000000004 3.9631988593267993 4127.5000000000009 81774.000000000015 219.50000000000003 237.50000000000003 12.075000000000001 69.15921250000001 94.609100500000025 76884.000000000015 30442.375000000004 94.077660000000023 -3152.9999999999995 97696.208333333358 5.5000000000000009 15602.000000000002 6.5000000000000009 3.9373268869203151 16.375000000000004 51.642525000000006 12138.520833333334 -12.401487999999999 3.997062500000006
decision_type=2 2 2 2 2 2 2 2 2 2 2 2 2 2 2 2 2 2 2 2 2 2 2 2 2 2 2 2 2 2 2 2 2 2 2 2 2 2 2 2 2 2 2 2 2 2
left_child=1 5 3 12 23 6 -1 39 -9 22 11 -10 15 14 -11 -3 -6 18 -2 20 -20 -12 33 24 -4 -14 -19 -17 31 -30 -8 -23 -28 -7 43 36 37 38 45 40 -5 -18 -31 -21 -37 -34
right_child=17 2 4 7 16 9 30 8 10 13 21 -13 25 -15 -16 27 41 26 19 34 -22 28 -24 -25 -26 -27 32 -29 29 42 -32 -33 35 -35 -36 44 -38 -39 -40 -41 -42 -43 -44 -45 -46 -47
leaf_value=80411.490000330799 80491.002000472698 80556.990000047386 80507.607000417032 80656.620000190436 80531.148000310961 80304.126000990276 80617.416000099329 80367.957000327631 80569.014001324918 80447.184000195266 80529.840000079566 80411.532000412786 80638.050001213254 80305.644000695043 80592.618000032904 80379.159000545958 80623.122002069053 80552.919000056907 80615.352000103885 80666.880001775178 80441.346000548598 80648.562000692182 80515.584000298972 80368.800000339746 80443.719000744895 80473.821000418742 80551.038000125889 80461.338000317657 80567.613000019715 80668.086000094409 80565.870000704977 80561.256001021116 80624.31000059277 80399.028000122315 80519.685002153594 80900.865006693231 80784.17700249709 80558.082000041308 80512.23300027095 80727.432000144123 80579.394000468848 80628.936001732349 80622.474001590017 80750.370000871713 80908.110001643741 80619.882000710073
leaf_weight=38 35 21 20 31 38 313 23 22 30 22 21 20 21 24 24 24 20 20 29 20 27 197 20 41 20 20 23 20 22 23 20 28 61 20 26 26 674 22 20 807 20 29 20 301 3678 20
leaf_count=38 35 21 20 31 38 313 23 22 30 22 21 20 21 24 24 24 20 20 29 20 27 197 20 41 20 20 23 20 22 23 20 28 61 20 26 26 674 22 20 807 20 29 20 301 3678 20
internal_value=80592 80592 80592 80592 80592 80592 80592 80592 80592 80592 80592 80592 80592 80592 80592 80592 80592 80592 80592 80592 80592 80592 80592 80592 80592 80592 80592 80592 80592 80592 80592 80592 80592 80592 80592 80592 80592 80592 80592 80592 80592 80592 80592 80592 80592 80592
internal_weight=7001 2019 1515 1347 168 504 81 1241 383 423 361 50 106 70 46 65 87 4982 438 403 56 311 353 81 40 41 4544 44 290 65 43 225 4524 333 347 4501 797 123 101 858 51 49 43 321 3704 81
internal_count=7001 2019 1515 1347 168 504 81 1241 383 423 361 50 106 70 46 65 87 4982 438 403 56 311 353 81 40 41 4544 44 290 65 43 225 4524 333 347 4501 797 123 101 858 51 49 43 321 3704 81
is_linear=0
shrinkage=1


Tree=1
num_leaves=53
num_cat=0
split_feature=45 9 57 20 67 5 67 42 16 68 25 59 38 21 51 17 42 56 16 42 18 39 59 6 42 18 46 33 56 22 60 53 44 16 11 12 18 1 16 42 66 13 16 16 33 50 35 16 21 38 16 45
split_gain=102.634 113.239 50.3387 33.2632 22.7884 18.456 20.2333 12.2915 12.1969 7.39508 6.82304 4.85561 4.71849 6.60546 4.60883 4.59994 4.22194 7.89957 3.49644 5.4756 3.48165 3.27748 2.98176 2.2172 1.73556 4.41383 1.60958 0.888166 0.824297 0.714595 0.8969 0.708677 0.658554 4.13552 0.632241 0.378311 0.309994 0.243727 0.216754 1.63628 3.57333 0.318226 0.178107 0.172954 0.163356 0.137495 0.214957 0.0492935 0.124978 0.038462 0.0327828 0.0127806
threshold=29882.500000000004 1.0000000180025095e-35 3757.5000000000005 8.8447916666666693 100622.00000000001 4.5000000000000009 73543.000000000015 31856.312500000004 -1136.9999999999998 80946.500000000015 85.414955500000005 1876.5000000000002 9387.5625000000018 2.1034451338021598 1446.5000000000002 13.225000000000001 32819.812500000007 7456.5000000000009 -2618.4999999999995 43678.000000000007 20.975000000000005 33423.000000000007 1272.5000000000002 9.5000000000000018 32303.916666666672 13.275000000000002 30321.541666666668 3.1376833268035003 1498.5000000000002 -0.69999999999999973 4086.5000000000005 1219.5000000000002 29393.500000000004 -3773.9999999999995 104588.50000000001 67828.000000000015 15.525000000000002 20.375000000000004 -3099.4999999999995 42575.479166666672 1814.0833333333337 87821.000000000015 -1046.4999999999998 -2482.4999999999995 1.6213543999208819 246.97916666666671 12320.000000000002 -1775.9999999999998 4.0479952122654508 10471.708333333334 -619.49999999999989 29910.500000000004
decision_type=2 2 2 2 2 2 2 2 2 2 2 2 2 2 2 2 2 2 2 2 2 2 2 2 2 2 2 2 2 2 2 2 2 2 2 2 2 2 2 2 2 2 2 2 2 2 2 2 2 2 2 2
left_child=1 2 3 7 11 35 15 -1 9 -8 -9 14 13 -2 21 -7 17 22 19 -15 28 -5 -4 32 25 -10 -20 -16 45 -18 44 -30 33 -14 -6 -3 -27 -19 39 40 -34 -42 -28 -35 -31 46 -13 48 -37 -41 -26 -40
right_child=12 5 16 4 34 6 8 10 24 -11 -12 20 23 18 27 -17 29 37 26 -21 -22 -23 -24 -25 50 36 42 -29 31 30 -32 -33 38 43 -36 47 -38 -39 51 49 41 -43 -44 -45 -46 -47 -48 -49 -50 -51 -52 -53
leaf_value=-164.83820952406742 -91.125779576146741 -18.997023910540147 -93.750419354443139 -224.78306229769379 -39.003347627512696 -204.86276897192656 -177.9587081667043 43.44744051794725 -49.442507227274859 -11.072645315275571 -92.288699943673421 -195.73460395986694 -93.729059629418046 -83.831519951212243 -296.79377950935975 -113.15462873225449 -20.540816934063688 -41.566454762231572 -60.193145170272544 15.920700363090582 -204.50399937927065 -84.65177918105735 -157.67999977201222 -71.445155761634524 21.930306635195727 -6.5349598909242195 16.600572960453416 -222.6144419905693 -180.78697750734358 1.7831680661124421 -45.495965941211956 -222.47497725593118 -39.754271769809719 8.5066211989850853 109.63170040822791 75.845400624516614 37.842702065928762 24.090228627891364 218.08905252987751 21.471984516602163 -77.427668724140943 112.26695530952854 167.07243172784553 76.724867978846135 67.091610815090647 -264.53177921771419 -284.22977993636738 138.20304080311064 1.6501808913589047 176.25369081616182 71.397515979651075 323.81671075283754
leaf_weight=28 20 22 22 29 20 45 36 95 30 23 20 35 20 20 41 21 32 20 30 25 21 29 25 34 20 20 39 24 20 20 20 20 22 20 24 39 54 29 36 20 20 59 161 144 101 240 25 822 20 644 142 3453
leaf_count=28 20 22 22 29 20 45 36 95 30 23 20 35 20 20 41 21 32 20 30 25 21 29 25 34 20 20 39 24 20 20 20 20 22 20 24 39 54 29 36 20 20 59 161 144 101 240 25 822 20 644 142 3453
internal_value=2.14253e-05 -0.00528401 -0.0132082 -0.0176039 -0.0210812 0.000470597 -0.0049706 -0.00473795 -0.0018825 -0.0142132 -0.0003649 -0.0229601 0.00250844 -0.00115893 -0.0176929 -0.0201059 -0.00222965 -0.00727367 4.36206e-05 -0.00758315 -0.0247411 -0.0114114 -0.016051 0.00275106 0.000845547 -0.00216138 0.0015515 -0.0232258 -0.0254837 0.000554593 0.00148831 -0.0208728 0.00280999 0.00102662 -0.000340136 0.00283025 0.00174089 0.0010998 0.00288639 0.00240753 -0.0011276 0.00182048 0.00253373 0.00261426 0.00247729 -0.0260813 -0.0239101 0.00292816 0.00192893 0.00294986 0.00279457 0.00299046
internal_weight=7001 2234 940 671 528 1294 391 143 325 59 115 484 4767 295 123 66 269 96 275 45 361 58 47 4472 266 104 230 65 340 173 141 40 4438 184 44 903 74 49 4254 765 101 79 200 164 121 300 60 881 59 664 162 3489
internal_count=7001 2234 940 671 528 1294 391 143 325 59 115 484 4767 295 123 66 269 96 275 45 361 58 47 4472 266 104 230 65 340 173 141 40 4438 184 44 903 74 49 4254 765 101 79 200 164 121 300 60 881 59 664 162 3489
is_linear=0
shrinkage=0.03


Tree=2
num_leaves=49
num_cat=0
split_feature=70 4 4 0 70 20 70 5 16 67 4 67 1 18 43 16 16 4 52 5 31 4 19 49 21 70 32 64 53 42 14 3 70 16 5 64 53 21 4 4 21 12 20 2 61 31 1 0
split_gain=121.309 177.531 26.8908 16.9448 14.2297 13.4725 9.02038 7.06311 12.6338 9.36304 6.2038 5.27253 5.04418 3.57107 3.46239 9.42273 3.38586 3.10217 4.84902 4.88449 2.93628 2.64881 2.03917 2.02719 1.8841 1.85291 3.95788 1.57008 1.42058 2.71143 1.16054 0.606317 0.39605 2.49265 6.07889 0.364977 0.345135 0.29908 0.184855 0.157021 0.25141 0.130108 0.0367794 0.0344139 0.0333762 0.0245299 0.0122353 0.01158
threshold=89417.729166666672 5.5000000000000009 21.500000000000004 70369.500000000015 84864.437500000015 10.929166666666667 85328.770833333343 4.5000000000000009 -1459.4999999999998 74914.500000000015 4.5000000000000009 80869.500000000015 12.475000000000001 12.975000000000001 29329.500000000004 -4258.4999999999991 510.50000000000006 6.5000000000000009 1373.5000000000002 2.5000000000000004 50.759328296399779 22.500000000000004 18.775000000000002 219.50000000000003 3.9631988593267993 86252.750000000015 53.201760358023172 4127.5000000000009 1581.5000000000002 32162.354166666668 81774.000000000015 56.997860226576186 97859.937500000015 -3099.4999999999995 5.5000000000000009 1697.5000000000002 1211.5000000000002 3.2774191552489644 22.500000000000004 6.5000000000000009 3.9373268869203151 105340.50000000001 23.900000000000002 94.583383000000012 5230.0000000000009 61.683177412885357 22.275000000000002 90254.500000000015
decision_type=2 2 2 2 2 2 2 2 2 2 2 2 2 2 2 2 2 2 2 2 2 2 2 2 2 2 2 2 2 2 2 2 2 2 2 2 2 2 2 2 2 2 2 2 2 2 2 2
left_child=1 5 3 12 21 6 -1 39 -9 13 25 -12 20 -10 15 -2 22 18 -17 -20 -3 24 -6 -22 -4 -7 -27 -14 35 -30 -16 -8 33 34 37 -11 -28 -32 -19 40 -5 42 44 -37 -35 -39 -31 -18
right_child=14 2 4 7 16 10 31 8 9 28 11 -13 27 -15 30 17 47 38 19 -21 23 -23 -24 -25 -26 26 36 -29 29 46 32 -33 -34 41 -36 43 -38 45 -40 -41 -42 -43 -44 -45 -46 -47 -48 -49
leaf_value=-143.44374607482268 -82.3521694762577 -32.15390549363719 -77.130809602311928 60.406038165988285 -12.674886389246495 -277.25874645796461 65.247838917636585 -211.98294843719617 -163.59807669449555 -0.16521556761383635 -255.67483959934623 -124.64806205430462 44.010591873842976 -15.773017685700822 -35.393624346263238 32.72344337045935 32.06500485031966 201.69204217490696 17.716132857045576 -136.78242607022548 -200.30988640125724 -208.56804636911809 -81.672617901796158 -121.32266628730152 -140.82826800986629 -168.41390826324243 -111.44382662465621 -111.04457854859612 -39.991729511872336 44.118427814761404 -3.5580282680568427 -22.577438317865163 397.97162270009096 162.4895970508864 -39.428616701487023 68.029833828120502 -176.09225429316248 28.080982646809488 16.749929789197957 128.05850703644236 -12.680985570519937 51.140200395946444 54.200199582790084 57.614464273933727 86.069847378702121 20.869991978926848 111.38756139029191 54.262231177593833
leaf_weight=36 29 21 20 31 21 231 22 22 27 34 33 37 21 22 20 55 20 273 23 28 24 41 24 20 20 32 30 20 28 23 30 20 3468 865 25 187 63 57 20 807 20 27 20 20 22 20 20 22
leaf_count=36 29 21 20 31 21 231 22 22 27 34 33 37 21 22 20 55 20 273 23 28 24 41 24 20 20 32 30 20 28 23 30 20 3468 865 25 187 63 57 20 807 20 27 20 20 22 20 20 22
internal_value=5.14206e-05 -0.00615126 -0.00101775 0.000391953 -0.0123319 -0.0215731 -0.0100256 0.00137781 -0.0020047 -0.00064802 -0.0236775 -0.0153638 -0.0111122 -0.012831 0.00256579 -7.0076e-06 -0.00385763 0.00118767 -0.0031951 -0.00986301 -0.0163134 -0.021381 -0.00957871 -0.0207483 -0.0156359 -0.0252991 -0.0221583 -0.00277372 0.00125921 -0.00244726 0.00280824 -0.000498812 0.00284048 0.00232155 -0.00152157 0.00236416 -0.0253276 0.00156863 0.00278403 0.00289127 0.00117417 0.002868 0.00293022 0.00283921 0.00296246 0.00256809 0.00222738 0.00220903
internal_weight=7001 2019 1515 1347 168 504 78 1241 383 361 426 70 106 49 4982 428 87 399 106 51 65 81 45 44 40 356 125 41 312 71 4554 42 4534 1066 132 241 93 107 293 858 51 934 907 207 887 77 43 42
internal_count=7001 2019 1515 1347 168 504 78 1241 383 361 426 70 106 49 4982 428 87 399 106 51 65 81 45 44 40 356 125 41 312 71 4554 42 4534 1066 132 241 93 107 293 858 51 934 907 207 887 77 43 42
is_linear=0
shrinkage=0.03


Tree=3
num_leaves=50
num_cat=0
split_feature=70 4 4 5 68 20 16 70 70 70 4 24 5 44 16 43 16 4 36 26 48 4 70 16 65 49 18 44 14 0 70 3 16 70 5 36 4 4 26 62 46 27 44 17 0 0 16 13 16
split_gain=116.475 174.458 24.3507 16.2704 18.787 12.7801 11.5089 9.02038 7.62096 7.29643 7.01166 6.20436 6.06841 5.28111 4.9695 3.43014 9.42273 3.10217 4.6221 3.02971 2.84285 2.75871 3.60128 1.87551 1.72048 1.42551 3.33825 1.25838 1.15625 1.04704 0.752337 0.606317 0.430735 2.68372 5.91762 0.890054 0.184855 0.157138 0.25141 0.152979 0.333151 0.118149 0.0385157 0.0266453 0.0145858 0.01158 0.00438714 0.138752 0.231456
threshold=89417.729166666672 5.5000000000000009 22.500000000000004 4.5000000000000009 75426.500000000015 10.929166666666667 -1459.4999999999998 85328.770833333343 86104.979166666672 80902.875000000015 4.5000000000000009 67.477840000000015 4.5000000000000009 29029.000000000004 1173.5000000000002 29329.500000000004 -4258.4999999999991 6.5000000000000009 17051.000000000004 56.191834958333338 223.50000000000003 21.500000000000004 84864.437500000015 -1106.4999999999998 2261.5000000000005 230.50000000000003 10.675000000000002 30457.500000000004 81774.000000000015 69789.500000000015 83075.125000000015 56.997860226576186 -3099.4999999999995 98153.375000000015 5.5000000000000009 15745.500000000002 22.500000000000004 6.5000000000000009 68.719945770833348 2349.0000000000005 29747.479166666668 15.960523240012833 30401.500000000004 21.575000000000006 80621.000000000015 77862.000000000015 -2283.9999999999995 83448.500000000015 -2568.9999999999995
decision_type=2 2 2 2 2 2 2 2 2 2 2 2 2 2 2 2 2 2 2 2 2 2 2 2 2 2 2 2 2 2 2 2 2 2 2 2 2 2 2 2 2 2 2 2 2 2 2 2 2
left_child=1 5 3 21 20 7 -6 -1 30 11 19 14 13 -12 45 16 -2 18 24 -7 -5 29 -23 -11 -18 41 -27 39 -17 -3 -4 -9 33 34 35 43 -19 38 -31 -21 -41 -25 -35 -30 -28 -8 47 48 -34
right_child=15 2 8 4 6 10 9 31 -10 23 12 -13 -14 -15 -16 28 17 36 -20 27 -22 22 -24 25 -26 26 44 -29 32 37 -32 -33 46 42 -36 -37 -38 -39 -40 40 -42 -43 -44 -45 -46 -47 -48 -49 -50
leaf_value=-139.14043369257823 -79.881604391969887 -30.484876624855779 -203.56346669419855 -216.18821063075524 -183.93045925849785 -241.33906397659899 46.982913789092557 63.290403750107401 -33.770652020039698 -99.619098135790466 -123.89746123733188 -144.39265862905651 -263.96159986411766 8.7554113608103972 -128.22368168667165 -34.331815615875236 -78.183210644399793 195.64128090965968 -139.75895339361915 -268.09006414678515 -173.11459006885735 -49.597780729632653 36.585608743415023 46.087533627879424 39.125467283870329 -34.638470634889693 23.735708268471505 -113.53603941044464 42.011765292369816 -12.300556003404292 -102.35008587627881 -21.900115168329211 124.00490384817753 78.52232838120581 -38.24575820044263 -30.460606745769422 16.247431895522201 123.35588585652805 73.983857067287602 -179.29229841918948 -106.56062077638069 12.398796758050709 194.98493060851513 4.5469308046275785 71.678460646576951 8.7572032359402385 334.69400598586748 136.16528355909162 -2.1938071307580769
leaf_weight=36 29 22 31 35 21 20 22 22 31 23 22 24 24 24 23 20 25 273 23 253 22 21 32 202 58 22 20 20 69 20 22 20 30 20 25 20 20 816 31 40 23 28 664 20 27 20 3389 276 21
leaf_count=36 29 22 31 35 21 20 22 22 31 23 22 24 24 24 23 20 25 273 23 253 22 21 32 202 58 22 20 20 69 20 22 20 30 20 25 20 20 816 31 40 23 28 664 20 27 20 3389 276 21
internal_value=8.9986e-05 -0.00598782 -0.00089895 2.0963e-05 -0.00441627 -0.0212755 -0.00227031 -0.0100256 -0.0165874 -0.001153 -0.0233255 -0.00875421 -0.0145078 -0.00800434 -0.00387097 0.00255374 -7.0076e-06 0.00118767 -0.0031951 -0.0250463 -0.0205954 0.00232778 -0.00429379 0.000940702 7.22023e-05 0.00158475 -0.00217077 -0.0257334 0.00279506 0.00272635 -0.0235028 -0.000498812 0.00282724 0.00218922 -0.00167785 0.00131989 0.00278403 0.0028924 0.00117417 -0.0262227 -0.0240571 0.0027249 0.00295132 0.00262626 0.00229299 0.00220903 0.00296682 0.00271477 0.00117417
internal_weight=7001 2019 1515 1431 489 504 432 78 84 411 426 89 70 46 65 4982 428 399 106 356 57 942 53 322 83 299 69 336 4554 889 53 42 4534 818 134 109 293 867 51 316 63 230 684 89 47 42 3716 327 51
internal_count=7001 2019 1515 1431 489 504 432 78 84 411 426 89 70 46 65 4982 428 399 106 356 57 942 53 322 83 299 69 336 4554 889 53 42 4534 818 134 109 293 867 51 316 63 230 684 89 47 42 3716 327 51
is_linear=0
shrinkage=0.03


Tree=4
num_leaves=51
num_cat=0
split_feature=70 4 4 0 20 70 70 5 4 4 5 70 56 44 1 4 43 4 20 15 70 26 26 60 25 5 12 62 35 12 70 6 5 38 27 12 27 53 24 31 35 4 21 62 2 28 70 24 70 0
split_gain=113.818 172.761 24.5967 15.2295 13.2611 8.30199 7.62096 6.83531 9.02784 6.78406 6.06841 5.51588 9.10103 5.28111 4.70337 3.3528 3.33354 8.36396 8.35663 4.49692 3.19651 2.93877 2.74496 2.84449 2.42287 2.40151 1.42258 1.21116 1.9339 0.98505 0.752337 0.606317 0.595349 2.45452 1.56535 0.574561 0.610569 0.435346 0.399697 0.181331 0.166998 0.157021 0.25141 0.0807736 0.0348839 0.0226079 0.0252984 0.0762882 0.0227918 0.0200994
threshold=89417.729166666672 5.5000000000000009 22.500000000000004 70369.500000000015 10.929166666666667 85328.770833333343 86104.979166666672 4.5000000000000009 7.5000000000000009 4.5000000000000009 4.5000000000000009 80902.875000000015 6509.0000000000009 29029.000000000004 12.475000000000001 21.500000000000004 29467.500000000004 5.5000000000000009 11.673958333333337 11570.165972923518 84864.437500000015 56.191834958333338 71.108169937500008 1390.5000000000002 94.934345000000022 4.5000000000000009 71248.000000000015 2365.5208333333335 12397.000000000002 80771.500000000015 83075.125000000015 3.5000000000000004 5.5000000000000009 9226.1666666666679 19.273046119824645 74755.500000000015 17.20456949233547 592.50000000000011 94.687018000000009 66.82297329445521 15717.000000000002 6.5000000000000009 3.9373268869203151 1015.8333333333334 42.817653500000006 15.515343000000007 91660.083333333343 78.293720000000022 91409.020833333358 90090.500000000015
decision_type=2 2 2 2 2 2 2 2 2 2 2 2 2 2 2 2 2 2 2 2 2 2 2 2 2 2 2 2 2 2 2 2 2 2 2 2 2 2 2 2 2 2 2 2 2 2 2 2 2 2
left_child=1 4 3 14 5 -1 30 15 -9 21 13 12 -10 -11 22 41 17 18 49 25 -17 -6 23 -3 35 -20 -16 40 -29 -14 -4 -7 45 -34 37 -13 44 -35 43 -39 -23 42 -5 -19 -37 46 47 48 -18 -2
right_child=16 2 6 7 9 31 -8 8 11 10 -12 24 29 -15 26 20 32 38 19 -21 -22 27 -24 -25 -26 -27 -28 28 -30 -31 -32 -33 33 34 -36 36 -38 39 -40 -41 -42 -43 -44 -45 -46 -47 -48 -49 -50 -51
leaf_value=-134.96622068180091 49.666167782600766 -28.492520575723368 -197.4565626933728 56.37434130898982 -234.09889205730099 28.242524121631707 -32.757532459438366 -194.48345300774855 -153.71635462522215 -120.18053740021205 -256.04275186819393 -9.8608586291427223 24.329021801155843 8.4927490199862241 34.114369603008754 -48.10984730774377 91.476720394577455 104.2224713858229 -77.805690615737689 8.4261391912685024 35.488040481112357 -259.89736222014631 -194.35143031935829 -167.01927989405903 -37.217226471383611 -102.95747425297981 -99.943006194906189 -176.44693593515115 -90.040240306498163 -61.945079458421255 -99.27958329999025 -21.243111713279212 -33.904861126432948 -14.529088379987769 -10.618600496615255 42.33284362855391 -15.885021550067837 312.88223077013356 6.6661839199116288 11.59039954471022 -134.86636018358971 120.51607524965328 -11.931539323302079 154.30473094062916 58.116706938744997 47.106163384154456 268.10639344545211 72.517916964675081 29.016735311009167 14.871644821049646
leaf_weight=36 40 22 31 31 20 22 31 37 28 22 24 20 38 24 20 21 142 39 37 20 32 258 20 23 20 23 21 34 24 24 22 20 27 32 20 20 22 491 33 21 20 807 20 328 205 27 3626 32 24 20
leaf_count=36 40 22 31 31 20 22 31 37 28 22 24 20 38 24 20 21 142 39 37 20 32 258 20 23 20 23 21 34 24 24 22 20 27 32 20 20 22 491 33 21 20 807 20 328 205 27 3626 32 24 20
internal_value=0.000124266 -0.00588381 -0.000819748 0.000104815 -0.021097 -0.00964148 -0.0165874 0.000982567 -0.00220961 -0.0231847 -0.0145078 -0.000811456 -0.0072919 -0.00800434 -0.0108294 0.00243662 0.00255976 0.000327717 -0.0059743 -0.0123221 -0.00485876 -0.0248778 -0.0158525 -0.0115743 0.00121212 -0.0164226 -0.00277372 -0.0255549 -0.021222 -0.000821256 -0.0235028 -0.000498812 0.00283042 0.00192861 0.00235597 0.00197679 0.0023796 0.00266311 0.00254186 0.00287639 -0.0264401 0.00289127 0.00117417 0.00282757 0.00285207 0.00296798 0.0029756 0.00252903 0.00279952 0.00244592
internal_weight=7001 2019 1515 1431 504 78 84 1325 414 426 70 377 90 46 106 911 4982 540 140 80 53 356 65 45 287 60 41 336 58 62 53 42 4442 591 564 267 247 544 400 512 278 858 51 367 225 3851 3824 198 166 60
internal_count=7001 2019 1515 1431 504 78 84 1325 414 426 70 377 90 46 106 911 4982 540 140 80 53 356 65 45 287 60 41 336 58 62 53 42 4442 591 564 267 247 544 400 512 278 858 51 367 225 3851 3824 198 166 60
is_linear=0
shrinkage=0.03


Tree=5
num_leaves=54
num_cat=0
split_feature=14 4 4 44 4 20 0 44 17 67 15 53 5 4 53 15 4 4 1 16 24 23 0 67 38 4 4 45 0 5 16 53 25 34 14 16 5 25 16 5 16 42 15 0 27 16 22 42 43 42 19 4 0
split_gain=99.2925 120.287 23.8586 15.2293 39.0875 17.8789 13.6105 11.5626 11.1633 7.19219 6.89018 4.91819 4.75967 7.58548 5.26881 4.5072 4.31776 4.26781 4.24763 3.7428 3.77501 3.0839 2.79863 2.48808 2.28803 1.79106 1.63157 1.447 1.24317 0.872434 1.34121 0.820656 0.768174 1.31924 0.745983 3.17862 4.56398 0.950109 0.486746 0.803032 0.281554 0.224853 0.179474 0.205541 0.145967 0.138483 0.0881734 0.263523 0.0399463 0.0385614 0.0379492 0.033457 0.0204276
threshold=83586.291666666672 5.5000000000000009 21.500000000000004 29855.500000000004 4.5000000000000009 12.655208333333336 70369.500000000015 31392.500000000004 8.3250000000000011 93489.000000000015 11454.737904589418 1399.5000000000002 4.5000000000000009 7.5000000000000009 1873.5000000000002 6288.8598204673008 22.500000000000004 4.5000000000000009 12.475000000000001 -2965.4999999999995 79.354280000000003 53.205295000000007 73906.500000000015 74914.500000000015 9345.5833333333358 22.500000000000004 1.0000000180025095e-35 29269.500000000004 68792.500000000015 5.5000000000000009 121.00000000000001 1091.5000000000002 80.370882500000008 -0.29557525462093176 92669.437500000015 -3099.4999999999995 5.5000000000000009 58.308237000000013 -1972.4999999999998 4.5000000000000009 -1529.9999999999998 36759.291666666679 4223.8144698407768 87013.500000000015 10.898370071307879 1457.0000000000002 -0.74999999999999944 37550.166666666672 29422.500000000004 47237.916666666672 25.075000000000006 20.500000000000004 84269.500000000015
decision_type=2 2 2 2 2 2 2 2 2 2 2 2 2 2 2 2 2 2 2 2 2 2 2 2 2 2 2 2 2 2 2 2 2 2 2 2 2 2 2 2 2 2 2 2 2 2 2 2 2 2 2 2 2
left_child=1 7 6 4 5 11 18 8 -1 16 15 45 40 -14 23 -7 21 41 24 20 -6 -4 -19 -15 -3 29 -17 -27 -26 42 -31 -18 51 -34 35 36 37 -5 39 44 -8 -10 43 -21 -37 -2 47 -44 -36 -40 -42 -25 -39
right_child=3 2 9 34 19 10 12 -9 17 -11 -12 -13 13 14 -16 26 31 22 -20 25 -22 -23 -24 32 28 27 -28 -29 -30 30 -32 -33 33 -35 48 38 -38 52 49 -41 50 -43 46 -45 -46 -47 -48 -49 -50 -51 -52 -53 -54
leaf_value=-67.089041309825262 24.154354655423319 -28.239386404324232 -108.08061479375795 -5.1073814253553405 43.813647277826909 -164.89330500377412 0.66153927408322988 -30.10371519348773 -253.19926911652612 15.707661422967378 -44.067218958299094 -78.631526921426698 -200.34072288807783 -91.984420260791268 -49.042605151982819 -84.940873389720679 -140.74595764240743 -256.19776036499798 -41.312667653668839 -4.7525001302183574 -151.55967739977103 -46.543096821341344 -112.94057145017086 54.95523771367386 -171.09381436854076 -49.526765994234552 -151.56668135219283 14.445859928507046 -171.23889911094946 -61.403209621167328 115.76678560438198 -191.53286581257152 -16.216658048780808 35.583954055794187 51.043080250525072 30.897664246888347 -36.428078413427528 11.859909414035211 164.1866242863278 -4.4604474612140006 112.05690469593367 -167.31744114562608 106.8140509314846 110.41303505810981 98.409625267224953 14.110495565601683 146.63361749361147 19.782244951222136 368.58121864572922 160.00804626270818 105.5253528177257 33.68111147811647 21.920862295916685
leaf_weight=39 52 21 31 23 27 22 29 25 230 22 27 23 24 33 25 20 21 20 38 20 26 22 29 158 23 22 76 23 20 20 27 31 20 26 20 20 24 20 682 26 499 30 56 21 62 20 658 23 3444 20 20 20 41
leaf_count=39 52 21 31 23 27 22 29 25 230 22 27 23 24 33 25 20 21 20 38 20 26 22 29 158 23 22 76 23 20 20 27 31 20 26 20 20 24 20 682 26 499 30 56 21 62 20 658 23 3444 20 20 20 41
internal_value=0.000145691 -0.00682577 -0.00176161 0.00197688 -0.00107299 -0.0118576 -0.000134923 -0.021517 -0.0229331 -0.0139732 -0.0184838 -0.00170347 0.0010994 -0.00189154 -0.000499823 -0.0216173 -0.0172407 -0.0248463 -0.0104897 0.00172896 -0.0059887 -0.0110734 -0.0164969 0.000770128 -0.0152106 0.0022032 -0.0244433 -0.00359202 -0.0192111 0.00252333 -0.00140127 -0.0234357 0.00191432 -0.00149675 0.00278702 0.00201612 -0.00280296 0.000463734 0.00266263 0.000749306 0.00277504 -0.0264014 0.00276443 0.000729927 0.00222899 0.00212205 0.00287342 0.00182048 0.00299039 0.00295257 0.00293585 0.00281303 0.00245499
internal_weight=7001 1456 1083 5545 1163 240 956 373 348 127 145 95 854 306 282 118 105 309 102 923 53 53 49 257 64 870 96 45 43 825 47 52 224 46 4382 918 108 84 810 108 548 260 778 41 82 72 737 79 3464 702 519 178 61
internal_count=7001 1456 1083 5545 1163 240 956 373 348 127 145 95 854 306 282 118 105 309 102 923 53 53 49 257 64 870 96 45 43 825 47 52 224 46 4382 918 108 84 810 108 548 260 778 41 82 72 737 79 3464 702 519 178 61
is_linear=0
shrinkage=0.03


Tree=6
num_leaves=54
num_cat=0
split_feature=70 4 4 16 67 17 70 45 70 4 70 70 67 16 16 14 26 6 4 14 4 62 45 2 64 24 16 70 50 50 36 55 29 62 70 4 0 69 27 4 57 17 4 67 70 24 39 55 0 25 16 28 0
split_gain=106.408 165.646 23.3417 16.3509 11.5441 9.28542 7.62096 6.73848 5.90866 4.98427 6.54582 4.4016 4.29138 3.56016 3.33661 2.55505 4.01425 2.52313 6.74906 2.37216 3.03867 2.26864 3.81129 1.77614 1.6793 1.48553 1.0682 4.07753 4.27278 3.94586 2.43381 2.69387 0.985857 0.890796 0.752337 0.497427 0.455754 0.438512 0.378157 0.326829 0.280867 0.736099 0.234888 0.657724 0.182307 0.128802 0.0821906 0.0704014 0.103889 0.0390079 0.0317867 0.0292211 0.01158
threshold=89417.729166666672 4.5000000000000009 22.500000000000004 -1459.4999999999998 70839.000000000015 9.0250000000000021 86104.979166666672 30188.500000000004 84864.437500000015 21.500000000000004 83281.541666666686 85328.770833333343 75300.500000000015 -2910.4999999999995 -2249.4999999999995 80980.729166666672 70.292664520833355 9.5000000000000018 4.5000000000000009 83586.291666666672 6.5000000000000009 2300.729166666667 29288.500000000004 78.671315000000007 3164.5000000000005 74.714744500000009 -2153.4999999999995 98030.812500000015 612.77083333333337 758.81250000000011 15745.500000000002 22.500000000000004 55.51655323964571 818.08333333333348 83075.125000000015 8.5000000000000018 88316.000000000015 73941.500000000015 18.124545976652236 19.500000000000004 4.5000000000000009 20.275000000000002 20.500000000000004 85518.500000000015 88797.604166666672 48.345931000000007 26126.500000000004 1.5000000000000002 75661.500000000015 48.53032000000001 -2390.9999999999995 15.515343000000007 75661.500000000015
decision_type=2 2 2 2 2 2 2 2 2 2 2 2 2 2 2 2 2 2 2 2 2 2 2 2 2 2 2 2 2 2 2 2 2 2 2 2 2 2 2 2 2 2 2 2 2 2 2 2 2 2 2 2 2
left_child=1 5 3 8 -5 11 34 21 14 12 -11 -1 15 -10 -3 16 24 19 -19 20 -2 44 -23 -16 -6 -26 27 28 30 -30 40 -32 -15 -14 -4 -17 -12 -35 42 -20 41 -21 46 -44 -7 -29 -39 48 -48 -47 -42 -28 -34
right_child=17 2 6 4 9 7 -8 -9 13 10 36 -13 33 32 23 35 -18 18 39 26 -22 22 -24 -25 25 -27 51 45 29 -31 31 -33 52 37 -36 -37 -38 38 -40 -41 50 -43 43 -45 -46 49 47 -49 -50 -51 -52 -53 -54
leaf_value=-101.921665096553 -89.705792843159571 -221.84106039593053 -185.78687983819455 -161.05925593916106 -60.435781916257191 -245.09589519219952 -27.447733916396654 -46.75233193055211 -160.39019583863976 -103.63047225928072 -22.986720162983044 -13.859755581925146 -11.524109110872962 -45.643180025504776 -139.21074669344969 -6.1891182455700555 -146.51933104238196 -92.128520789220929 217.53441775558733 34.565721935852515 71.564898771826179 -90.265221403751369 -157.2945494435231 -198.85690671330761 -112.04828776451463 8.8858108646543439 279.47854239505455 4.55475440396709 -81.299372671440082 -3.5114659040519851 -27.522281495144028 14.139862178050347 9.4112562358435312 -9.0815654960900538 -92.462020211823699 34.119074621075896 34.290084913044822 31.149795694525945 -15.325158388007111 -1.9811794042739832 38.747942859072289 -4.6557243491876061 -14.086572180493645 87.140440312232244 -147.32057575902465 39.029626763586506 10.9835541140123 104.55359844225138 246.10517774273382 187.44165038590535 57.507367724389354 19.259720237462872 16.991858331018555
leaf_weight=22 21 28 31 28 20 239 31 25 22 32 20 34 23 30 24 22 20 23 65 34 25 30 50 25 21 42 3531 28 27 26 22 28 20 29 22 57 32 38 20 20 123 20 25 56 21 20 20 812 26 925 20 24 22
leaf_count=22 21 28 31 28 20 239 31 25 22 32 20 34 23 30 24 22 20 23 65 34 25 30 50 25 21 42 3531 28 27 26 22 28 20 29 22 57 32 38 20 20 123 20 25 56 21 20 20 812 26 925 20 24 22
internal_value=0.000192827 -0.00561636 -0.0012033 -0.000346741 0.000763904 -0.0223557 -0.0165874 -0.0241085 -0.00908241 0.00117253 -0.00588585 -0.0108556 0.00165705 -0.00398512 -0.0152529 -0.00258649 -0.0057032 0.00254772 -0.0019704 0.00264849 -0.00409978 -0.0252191 -0.0205618 -0.010387 -0.00274368 -0.000285261 0.00271349 0.00196057 -0.00108964 -0.00881356 0.000558478 -0.00532934 -0.000707351 0.00239634 -0.0235028 0.00144121 0.000633397 0.00252899 0.00263564 0.00190364 0.00207002 0.000166359 0.00272029 0.00110974 -0.0266321 0.00290412 0.0028624 0.00292623 0.0016269 0.00296477 0.0027673 0.00298219 0.00220903
internal_weight=7001 2019 1598 1514 1343 421 84 365 171 1315 84 56 1231 94 77 182 103 4982 108 4874 46 340 80 49 83 63 4828 1273 300 53 247 50 72 1049 53 79 52 1026 997 85 197 54 977 81 260 973 896 858 46 945 143 3555 42
internal_count=7001 2019 1598 1514 1343 421 84 365 171 1315 84 56 1231 94 77 182 103 4982 108 4874 46 340 80 49 83 63 4828 1273 300 53 247 50 72 1049 53 79 52 1026 997 85 197 54 977 81 260 973 896 858 46 945 143 3555 42
is_linear=0
shrinkage=0.03


Tree=7
num_leaves=63
num_cat=0
split_feature=70 16 60 70 16 60 5 56 16 48 16 16 70 48 31 56 70 53 43 16 5 48 1 20 27 14 12 25 70 11 53 22 14 7 16 18 57 2 26 16 5 47 1 12 67 1 22 5 60 5 14 13 15 27 1 14 14 16 43 2 37 37
split_gain=103.845 57.7413 55.4593 14.2381 29.3355 11.3113 11.0264 12.7458 10.2337 8.43239 7.88176 7.22735 7.02294 6.92359 5.3103 4.62246 4.62782 3.96162 3.19075 7.18641 6.73725 4.73189 3.1176 2.34987 3.01136 2.17123 2.13822 1.87454 1.45767 1.33266 1.44826 1.12862 0.810157 1.35972 0.78601 0.756918 0.56729 0.842864 0.50241 2.3756 2.52454 0.34499 0.359204 0.321191 0.797131 0.3045 0.285523 0.641716 0.277075 0.21669 0.498837 0.202851 0.205541 0.187841 0.123018 0.0581116 0.312601 0.359204 0.0374894 0.0373251 0.0241308 0.153831
threshold=86252.750000000015 -2249.4999999999995 2541.0000000000005 89417.729166666672 -1922.9999999999998 3694.5000000000005 4.5000000000000009 91.500000000000014 1433.5000000000002 225.50000000000003 510.50000000000006 -758.99999999999989 81970.437500000015 832.50000000000011 55.234038937640797 1770.0000000000002 83075.125000000015 1825.5000000000002 29467.500000000004 -2283.9999999999995 4.5000000000000009 996.50000000000011 9.2750000000000021 11.173958333333335 11.563611601040764 80168.437500000015 80548.500000000015 74.921565000000015 82851.333333333358 69789.500000000015 2455.5000000000005 -1.5249999999999984 84239.770833333358 12.500000000000002 -1775.9999999999998 15.625000000000002 5249.5000000000009 82.800558000000009 57.051209666666672 -3701.4999999999995 4.5000000000000009 594.50000000000011 15.375000000000002 75981.000000000015 80610.000000000015 17.575000000000006 -0.65000000000000002 3.5000000000000004 3996.0000000000005 5.5000000000000009 88942.166666666672 73330.500000000015 10319.467488841645 18.124545976652236 12.125000000000002 87919.520833333358 87514.437500000015 -973.49999999999989 32767.500000000004 96.216452000000018 9873.5000000000018 9409.0000000000018
decision_type=2 2 2 2 2 2 2 2 2 2 2 2 2 2 2 2 2 2 2 2 2 2 2 2 2 2 2 2 2 2 2 2 2 2 2 2 2 2 2 2 2 2 2 2 2 2 2 2 2 2 2 2 2 2 2 2 2 2 2 2 2 2
left_child=1 22 6 4 9 46 13 11 15 27 14 28 -13 29 -7 54 -17 23 19 20 21 45 -1 24 -9 -10 -11 -2 -8 -3 34 -21 33 -20 -31 -28 37 -25 39 40 -34 59 -43 44 -24 -5 47 -6 53 -41 -51 52 -40 -33 -4 56 -53 -58 -48 -36 61 -57
right_child=3 2 8 18 5 10 7 17 25 26 -12 12 -14 -15 -16 16 -18 -19 32 31 -22 -23 43 36 -26 -27 35 -29 -30 30 -32 48 38 -35 41 -37 -38 -39 51 49 -42 42 -44 -45 -46 -47 58 -49 -50 50 -52 55 -54 -55 -56 60 57 -59 -60 -61 -62 -63
leaf_value=-128.90897302746274 9.918941875962366 -26.48093271853449 -140.87418625954848 40.672763800686965 55.00352513108777 -65.345391711984988 -227.96117173682165 129.67894645915595 -220.63784893847114 -88.43509870291598 11.307154901591467 -155.46834166068032 7.7241313456184093 -125.74358575927151 -100.29856738357172 -158.64455070494463 -81.724577141012304 -101.53309388404288 62.957497715654121 -56.878418425336982 -88.206469133792595 -59.718664545864591 -216.91231102701502 -63.133615772451328 -146.20450297336063 -41.166058234052393 -79.895212961031532 -90.064407164482461 -102.97463790260224 -20.826326878641559 -115.06588790742026 157.68743303094786 4.9122875285389034 -28.489429981892606 96.311024153497129 -171.46739480290557 47.384531327036072 10.31512779260534 -36.414425884937472 158.61269728281133 -21.339417341675631 79.187576938970111 -41.618746872641871 -238.08792830857416 -163.55049012795348 -4.3702332758795368 116.72640746464596 -12.969252237518647 3.0375103135305017 156.6291371784497 -2.8217156652581794 112.57265604521572 178.10621001111036 14.624232157926341 -226.77973888922904 233.67423739646881 -2.4269649341349231 104.335434323074 154.10770595286181 97.523047908437974 301.96576360257853 70.807295581403181
leaf_weight=22 22 20 21 51 45 20 27 20 20 20 37 30 39 23 38 32 35 37 33 26 31 20 25 21 27 34 21 27 29 26 20 345 34 21 390 41 109 23 20 329 22 20 20 98 20 20 414 24 27 40 20 153 21 20 82 76 20 20 20 20 3613 20
leaf_count=22 22 20 21 51 45 20 27 20 20 20 37 30 39 23 38 32 35 37 33 26 31 20 25 21 27 34 21 27 29 26 20 345 34 21 390 41 109 23 20 329 22 20 20 98 20 20 414 24 27 40 20 153 21 20 82 76 20 20 20 20 3613 20
internal_value=0.000201397 -0.00748547 -0.00505022 0.00193833 -0.00197504 0.000837653 -0.00172456 -0.00577465 -0.018407 -0.0148284 -0.00864353 -0.0135252 -0.00694645 0.00099054 -0.0155422 -0.0220282 -0.0157377 -0.00167018 0.00251159 0.000327717 -0.0060688 -0.00190999 -0.0240581 0 -0.00585987 -0.00693161 -0.0207186 -0.00488798 -0.0215508 0.00171478 0.0020258 0.00220282 0.00277639 -0.000831793 0.00236295 -0.0235266 0.00180274 -0.00102041 0.00282149 0.00184678 -0.00390374 0.00265941 0 -0.0257023 -0.0228825 0.00168776 0.00263566 0.000781476 0.00260903 0.00268311 0.000948419 0.00293069 0.000729927 0.00282662 -0.0260718 0.00295303 0.00236147 0 0.00292329 0.0029188 0.00298293 0.00234131
internal_weight=7001 1290 1125 5711 729 598 901 362 224 131 95 125 69 539 58 170 67 237 4982 540 122 91 165 200 47 54 82 49 56 516 496 418 4442 54 476 62 153 44 4388 445 56 450 40 143 45 71 503 69 392 389 60 3943 41 365 103 3902 193 40 434 410 3709 96
internal_count=7001 1290 1125 5711 729 598 901 362 224 131 95 125 69 539 58 170 67 237 4982 540 122 91 165 200 47 54 82 49 56 516 496 418 4442 54 476 62 153 44 4388 445 56 450 40 143 45 71 503 69 392 389 60 3943 41 365 103 3902 193 40 434 410 3709 96
is_linear=0
shrinkage=0.03


Tree=8
num_leaves=60
num_cat=0
split_feature=70 9 57 70 16 5 68 59 48 17 16 70 34 49 30 48 43 16 5 48 67 17 68 62 5 22 61 24 56 70 22 11 14 16 5 65 23 24 56 30 13 28 49 16 41 16 67 61 16 65 16 22 13 14 28 16 24 15 11
split_gain=102.087 98.9992 43.2169 11.3041 23.6865 11.2636 13.6245 8.22819 8.05619 7.50308 6.12102 7.35587 6.04432 5.90034 3.81604 3.51157 3.30198 7.33905 7.26972 4.78059 3.21802 2.46627 2.35865 3.62656 2.35535 2.10345 1.49858 1.41406 1.25208 1.18218 1.127 1.10791 0.778172 3.24007 8.68293 0.634245 0.606495 0.59241 0.541717 0.533239 1.11586 0.513447 0.458662 0.404513 0.308213 0.21625 0.369175 0.192406 0.406553 0.189181 0.182675 0.070009 0.089577 0.0386875 0.0370479 0.0344566 0.382151 0.0297103 0.0245299
threshold=86642.583333333358 1.0000000180025095e-35 3609.0000000000005 89417.729166666672 -1972.4999999999998 4.5000000000000009 78144.000000000015 4006.0000000000005 225.50000000000003 8.3250000000000011 -758.99999999999989 78802.916666666686 0.97430325224421221 688.00000000000011 50.986232207564953 394.50000000000006 29467.500000000004 -2249.4999999999995 4.5000000000000009 996.50000000000011 76742.500000000015 12.475000000000001 80470.000000000015 1988.3958333333337 3.5000000000000004 -0.074999999999999276 4327.0000000000009 70.936142000000004 4768.5000000000009 86252.750000000015 -1.5249999999999984 69789.500000000015 92669.437500000015 -2844.4999999999995 5.5000000000000009 3250.0000000000005 79.792540000000017 86.416165000000021 1610.5000000000002 60.910097558033947 94498.500000000015 5.6059589999999959 222.50000000000003 803.50000000000011 40264.000000000007 -4426.9999999999991 102185.00000000001 2598.5000000000005 699.00000000000011 8741.5000000000018 -1743.9999999999998 -0.65000000000000002 87248.500000000015 82525.645833333358 2.7976145000000021 -5687.9999999999991 67.918552500000018 7846.0333014486005 82651.500000000015
decision_type=2 2 2 2 2 2 2 2 2 2 2 2 2 2 2 2 2 2 2 2 2 2 2 2 2 2 2 2 2 2 2 2 2 2 2 2 2 2 2 2 2 2 2 2 2 2 2 2 2 2 2 2 2 2 2 2 2 2 2
left_child=1 2 9 4 8 31 10 26 24 -1 -7 -12 28 25 -11 -9 17 18 19 44 21 -8 23 42 -2 -14 41 -10 -4 38 -19 -3 33 34 45 -29 -22 -13 -24 49 -41 51 -16 -38 -5 46 -18 -32 -49 53 -33 52 -6 -35 -53 56 -34 -52 -30
right_child=3 5 12 16 7 6 20 15 27 14 11 37 13 -15 22 -17 32 30 -20 -21 36 -23 29 -25 -26 -27 -28 35 58 -31 47 50 55 39 -36 -37 43 -39 -40 40 -42 -43 -44 -45 -46 -47 -48 48 -50 -51 57 54 -54 -55 -56 -57 -58 -59 -60
leaf_value=-74.190495588963856 20.808723353333885 -25.686504736978417 -95.570325001574929 67.310274203893414 40.868571117319348 -187.84222090534158 -70.566777745455525 -46.805685517254553 -76.103152610574639 -87.361492155824635 -154.22040611223565 -18.897924813528867 -70.544881083837481 -117.29687777839727 -214.84570545898515 -109.73484225648049 -4.7228918325719516 -55.172065872577058 -85.499517647547421 -57.927104609488453 45.266007344893012 31.174583821109064 -231.14330006876563 -115.79236248339467 -88.869765744866228 56.394570341245675 -67.194789604164583 -137.58893663966344 11.375012554302556 -100.69880717158135 185.51735441907647 6.77010106547697 -0.85812159670771715 24.775001656189868 -36.319646652020879 -176.05954234499669 -10.884268466476495 33.072655117372449 -162.61868931077555 -8.6364322004954488 27.13944260470414 -5.5435142722695652 -234.29891447800594 17.768547514661183 -4.2391262776030185 29.282444703701028 13.276467298543528 -2.5542343269302892 56.581676970104127 0.43085184194694937 100.74133568019322 107.25342476345055 13.509922532117624 138.74280418400465 28.338930038974745 358.63190554265537 205.34466477779645 72.024398551929863 35.364678637504809
leaf_weight=39 22 20 20 53 20 37 35 23 20 26 21 20 35 30 26 20 20 26 32 20 112 21 215 21 21 22 20 23 20 26 296 20 20 20 28 27 20 21 27 20 38 26 25 22 20 56 21 36 57 20 441 355 20 737 20 3316 146 23 57
leaf_count=39 22 20 20 53 20 37 35 23 20 26 21 20 35 30 26 20 20 26 32 20 112 21 215 21 21 22 20 23 20 26 296 20 20 20 28 27 20 21 27 20 38 26 25 22 20 56 21 36 57 20 441 355 20 737 20 3316 146 23 57
internal_value=0.000205682 -0.00703302 -0.0163979 0.0020189 -0.00180846 -0.000243512 -0.00475574 0.000970046 -0.0142175 -0.0218761 -0.0139253 -0.00806763 -0.00431831 -0.0100574 -0.023215 -0.0115545 0.00249353 0.000272172 -0.00609113 -0.00180451 -0.000414088 -0.00657754 -0.0240723 -0.0190153 -0.00389791 -0.00430823 0.00214704 -0.0204993 0.000803296 -0.0254122 0.00219706 0.00251736 0.00276288 0.00199667 -0.002494 -0.0232934 0.00181051 -0.000583941 -0.026109 0.00267273 -5.1635e-05 0.00251644 -0.0233659 -0.0012114 0.00172367 0.00173018 1.09855e-10 0.00260601 0.00135338 0.00287994 0.00280727 0.00277523 0.00142145 0.00295602 0.00291122 0.00297321 0.00243829 0.00292825 0.00256809
internal_weight=7001 1402 589 5599 617 813 309 504 113 405 99 62 184 87 366 43 4982 540 125 93 210 56 340 72 43 57 461 70 97 268 415 504 4442 960 125 50 154 41 242 835 58 441 51 42 73 97 41 389 93 777 484 415 40 757 375 3482 166 464 77
internal_count=7001 1402 589 5599 617 813 309 504 113 405 99 62 184 87 366 43 4982 540 125 93 210 56 340 72 43 57 461 70 97 268 415 504 4442 960 125 50 154 41 242 835 58 441 51 42 73 97 41 389 93 777 484 415 40 757 375 3482 166 464 77
is_linear=0
shrinkage=0.03


Tree=9
num_leaves=63
num_cat=0
split_feature=14 9 57 44 16 8 49 0 17 44 33 14 42 22 58 34 24 30 45 15 8 68 16 61 69 68 16 43 17 42 16 1 26 16 21 50 15 61 56 21 18 28 15 63 16 42 16 19 13 27 32 2 13 15 14 36 16 43 34 21 16 0
split_gain=87.1404 82.7295 39.5817 12.7648 24.8014 14.4172 13.5504 11.703 11.4185 11.913 5.62417 5.31859 4.86944 4.62649 4.46276 3.89442 4.79244 3.76315 3.71747 3.68112 3.49749 6.43972 3.44118 4.26896 3.71475 2.97149 3.68052 2.5767 1.92799 3.3092 1.91338 1.55662 1.0772 3.22738 3.20286 1.04388 0.821644 0.738352 0.729528 0.619455 0.535594 0.378912 0.369609 0.360508 0.348166 0.29802 0.236093 0.827434 0.208469 0.180492 0.176826 0.168095 0.146617 0.0834963 0.0482064 0.710436 0.282937 0.0399157 0.0383902 0.0371404 0.0347256 0.0264909
threshold=83586.291666666672 1.0000000180025095e-35 3757.5000000000005 29855.500000000004 -2071.4999999999995 1.0000000180025095e-35 346.50000000000006 70369.500000000015 9.0250000000000021 31392.500000000004 2.6624325315468167 88794.187500000015 37217.604166666679 -0.74999999999999944 3020.4375000000005 0.97430325224421221 51.644671500000008 50.561388934109296 30092.500000000004 4961.5931253480467 1.0000000180025095e-35 78472.500000000015 351.50000000000006 1657.5000000000002 95349.000000000015 79333.500000000015 -2618.4999999999995 29314.000000000004 12.675000000000002 32049.916666666668 -57.499999999999993 16.625000000000004 58.427409979166669 -3701.4999999999995 4.4893662898724669 138.37500000000003 4499.9367863849739 4236.0000000000009 4534.5000000000009 1.8120814103916507 19.975000000000005 3.8472740000000027 7919.2478775584887 7330.5000000000009 -1809.4999999999998 34322.750000000007 -2028.4999999999998 19.125000000000004 73330.500000000015 21.362155152934964 51.21916346605348 90.17932500000002 96195.500000000015 4223.8144698407768 93105.791666666672 17051.000000000004 -4258.4999999999991 29624.000000000004 2.0701406554259809 2.0522693084244952 -1637.4999999999998 79104.500000000015
decision_type=2 2 2 2 2 2 2 2 2 2 2 2 2 2 2 2 2 2 2 2 2 2 2 2 2 2 2 2 2 2 2 2 2 2 2 2 2 2 2 2 2 2 2 2 2 2 2 2 2 2 2 2 2 2 2 2 2 2 2 2 2 2
left_child=1 2 8 4 5 6 45 14 10 12 -1 31 17 22 -3 38 40 -10 -7 27 42 30 23 -6 -25 26 -19 -16 29 -23 -22 -8 33 34 -5 -35 -24 44 -4 -27 -17 -36 60 -41 -15 -2 47 -37 -34 54 -46 -30 -40 -52 55 56 -50 -56 -55 -48 -9 -47
right_child=3 7 15 32 13 18 11 20 9 -11 -12 -13 -14 37 19 16 -18 25 -20 -21 21 28 36 24 -26 39 -28 -29 51 -31 -32 -33 48 35 41 46 -38 -39 52 43 -42 -43 -44 -45 50 61 59 -49 49 -51 53 -53 -54 58 57 -57 -58 -59 -60 -61 -62 -63
leaf_value=-108.51134549289694 -4.5529956448180293 -152.89090619482104 -92.547701172326256 -29.828323062807545 95.514841359569019 -164.08932306404967 -155.17309068841482 29.165820335036621 -88.945934715309093 -24.070157645994769 50.634739779832046 -29.652617572469829 -49.107478483047629 -1.3195229768789385 -45.773496198880032 -18.654179172491659 -85.806299572670611 -220.80471881612192 -69.340717937830405 7.7076541249719277 -179.12670353197268 -33.197279980995702 -63.807615525272951 -80.071573076317193 -54.53343337278077 -100.88159079228315 -173.78584158614524 -146.20531257486181 40.379167381370976 15.216370544727098 -44.977617006023664 -106.1695054405123 93.276426118744851 -13.156346806843414 12.075075734203566 59.317278933343104 39.112170913544297 -34.542002343784418 17.252654121996159 -224.40403640535658 54.380609853803954 -3.3815631854160757 0.24849404584055262 -197.49836862033243 28.650608358610899 28.098282748610487 450.52190959287384 -1.9163576417514769 1.9035701938246987 33.516283828259809 34.522271225114373 16.392242970898746 6.0267431960114859 133.20310960840607 51.870272114762614 -8.3773392344805799 110.1374764283225 361.4051014211168 11.500545985585568 191.22616743495558 105.18428961291418 41.509697519097578
leaf_weight=24 20 29 21 23 24 45 20 21 24 26 28 30 24 22 21 21 39 32 20 32 20 33 20 27 28 23 20 20 119 41 20 24 39 20 22 57 70 28 63 213 20 20 22 24 20 20 20 21 30 21 38 20 20 619 20 20 536 3167 20 366 436 68
leaf_count=24 20 29 21 23 24 45 20 21 24 26 28 30 24 22 21 21 39 32 20 32 20 33 20 27 28 23 20 20 119 41 20 24 39 20 22 57 70 28 63 213 20 20 22 24 20 20 20 21 30 21 38 20 20 619 20 20 536 3167 20 366 436 68
internal_value=0.000261388 -0.00626949 -0.0145491 0.00197688 -0.000815063 -0.00925131 -0.00489292 -8.99172e-05 -0.0194545 -0.0212354 -0.00616123 -0.0147773 -0.022652 0.00145726 -0.00960823 -0.00285171 -0.00782772 -0.0235912 -0.0213825 -0.0055814 0.00123344 -0.00161201 -0.00301597 -0.00758533 -0.012196 -0.0244825 -0.0176775 -0.0115328 0.000450493 -0.0034413 -0.0126434 -0.0214286 0.00271856 0.00146421 -0.00479263 0.00231151 0.000965594 0.00247356 0.000951009 -0.0258247 -0.000583941 7.1259e-05 0.00274264 -0.0263433 0.00266166 0.00185939 0.00260504 0.00103713 0.00289739 0.00292006 0.00278009 0.00254493 0.00223827 0.00286221 0.00293552 0.00263607 0.00283519 0.00298955 0.0029479 0.00291375 0.00292715 0.00262202
internal_weight=7001 1456 622 5545 1163 247 182 834 438 386 52 74 360 916 102 184 80 336 65 73 732 253 169 79 55 312 52 41 213 74 40 44 4382 549 65 484 90 747 104 260 41 42 479 237 719 108 464 78 3833 3794 697 139 83 677 3773 586 566 3187 639 386 457 88
internal_count=7001 1456 622 5545 1163 247 182 834 438 386 52 74 360 916 102 184 80 336 65 73 732 253 169 79 55 312 52 41 213 74 40 44 4382 549 65 484 90 747 104 260 41 42 479 237 719 108 464 78 3833 3794 697 139 83 677 3773 586 566 3187 639 386 457 88
is_linear=0
shrinkage=0.03


Tree=10
num_leaves=56
num_cat=0
split_feature=70 9 56 70 16 59 0 59 16 56 34 58 54 5 24 70 18 59 16 70 16 5 59 51 61 5 12 30 42 70 21 16 30 42 28 34 16 16 65 3 16 0 7 0 45 14 49 44 26 16 22 16 43 38 38
split_gain=94.1793 87.6393 39.349 12.0511 25.7877 13.1076 11.6822 7.60208 6.01184 4.89355 4.80293 4.04311 3.79942 3.77736 4.81211 5.60602 3.51759 3.45193 2.91241 2.60622 9.11024 14.4134 4.35382 4.02414 2.58064 2.45521 2.41203 2.09215 1.43291 1.22678 1.38879 0.710235 0.672731 1.52233 0.648067 0.512464 0.357826 0.341859 0.300648 0.274143 0.224606 0.215763 0.50343 0.176426 0.167563 0.145567 0.528114 0.131629 0.119309 0.627691 0.0368731 0.132908 0.0285736 0.00813622 0.141357
threshold=86252.750000000015 1.0000000180025095e-35 4534.5000000000009 89417.729166666672 -2745.9999999999995 4006.0000000000005 70369.500000000015 1971.5000000000002 -2618.4999999999995 8.5000000000000018 1.6118189960202722 3020.4375000000005 1083.5625000000002 4.5000000000000009 69.049240000000012 82105.875000000015 8.1750000000000025 1423.5000000000002 -57.499999999999993 98030.812500000015 -2283.9999999999995 4.5000000000000009 3749.5000000000005 2232.5000000000005 4327.0000000000009 4.5000000000000009 80548.500000000015 60.550043389035935 30639.062500000004 84662.083333333343 2.4550833644689525 -1529.9999999999998 60.910097558033947 39107.520833333343 2.2635749999999963 1.0952235981644487 -489.49999999999994 -1287.4999999999998 8825.5000000000018 50.395495447496607 -4063.4999999999995 72510.000000000015 22.500000000000004 77084.000000000015 27224.500000000004 87919.520833333358 233.50000000000003 27594.500000000004 51.055602395833347 -3847.4999999999995 -0.65000000000000002 318.50000000000006 29381.500000000004 12549.583333333334 12265.875000000002
decision_type=2 2 2 2 2 2 2 2 2 2 2 2 2 2 2 2 2 2 2 2 2 2 2 2 2 2 2 2 2 2 2 2 2 2 2 2 2 2 2 2 2 2 2 2 2 2 2 2 2 2 2 2 2 2 2
left_child=1 2 7 4 9 24 11 8 43 -2 28 -3 -7 41 36 -16 -9 -13 -17 20 21 23 27 45 31 -10 -11 -23 -4 -18 -31 34 38 -34 -6 -30 -15 -35 44 -20 -28 42 -8 -1 -22 46 -5 -33 49 -21 51 -49 -50 54 -54
right_child=3 6 10 19 5 12 13 16 25 26 -12 17 -14 14 15 18 29 -19 39 48 32 22 -24 -25 -26 -27 40 -29 35 30 -32 47 33 37 -36 -37 -38 -39 -40 -41 -42 -43 -44 -45 -46 -47 -48 50 52 -51 -52 -53 53 -55 -56
leaf_value=-222.88060364694923 -51.639962674251002 -148.3041790089764 -50.234415173634751 64.695108933431342 8.8927640547589508 -55.103456450217926 84.988671839022487 -69.585871593423562 -42.242918554649094 -94.611226657518571 -93.261851938183199 1.8654791853574435 -77.149024505650743 -10.521649732735293 -149.08018259536937 -103.04890330069514 -216.88575569072424 -137.58268118834971 -10.083008329960268 -3.6286722793470663 12.98754637265481 -39.360592609780575 -5.4238521651875997 -47.842660824587426 -56.069682015103687 -164.53782279098832 -159.84490742233231 -80.701260306857378 33.076484763405368 -49.626942188905794 -104.4078109728747 34.97544197330739 -113.75174602576784 -0.84546469179678663 -33.960831861282273 -9.7579803146397683 41.548290919599154 113.70129939890759 0.58008667445708317 23.105702494381536 -147.08820257281255 91.940356557053946 -6.8332633471719788 -228.76666836270567 133.79695508886164 39.215303038772866 -4.1643058674166245 0.34318039903916109 44.163064963334172 109.37555382653618 108.09565936954675 38.99329907324023 83.28811336011799 366.44566130649753 121.576963984347
leaf_weight=20 20 29 34 47 31 28 41 23 36 30 35 35 33 20 33 23 192 31 20 20 23 32 20 32 26 33 25 32 63 22 39 25 21 20 23 22 97 78 28 38 20 364 20 20 1042 131 20 20 24 91 402 46 123 3175 23
leaf_count=20 20 29 34 47 31 28 41 23 36 30 35 35 33 20 33 23 192 31 20 20 23 32 20 32 26 33 25 32 63 22 39 25 21 20 23 22 97 78 28 38 20 364 20 20 1042 131 20 20 24 91 402 46 123 3175 23
internal_value=0.000299953 -0.00702039 -0.0162493 0.00195409 -0.00164586 0.000534616 -0.000391426 -0.0213763 -0.0145738 -0.0162145 -0.00340688 -0.0102208 -0.0126678 0.00102881 -0.00205106 -0.00644172 -0.0240456 -0.00603631 -0.0021455 0.00248148 0.00144486 -0.00310411 -0.0137336 0.000769231 0.0019473 -0.00911722 -0.0197337 -0.0175507 -0.000503778 -0.025081 -0.0210147 0.00239079 0.00262602 0.000453401 -0.000831793 0.00155112 0.00220325 0.00204893 0.00285976 0.00139415 -0.0242129 0.00270995 0.000981997 -0.0238653 0.00294057 0.00237759 0.00116244 0.00274995 0.00293828 0.00189019 0.00286477 0.00204236 0.00297211 0.00298094 0.00256674
internal_weight=7001 1290 539 5711 729 634 751 385 109 95 154 95 61 656 231 114 276 66 81 4982 1526 314 84 230 573 69 75 64 119 253 61 547 1212 119 54 85 117 98 1093 58 45 425 61 40 1065 198 67 493 3456 111 468 66 3345 3321 146
internal_count=7001 1290 539 5711 729 634 751 385 109 95 154 95 61 656 231 114 276 66 81 4982 1526 314 84 230 573 69 75 64 119 253 61 547 1212 119 54 85 117 98 1093 58 45 425 61 40 1065 198 67 493 3456 111 468 66 3345 3321 146
is_linear=0
shrinkage=0.03


Tree=11
num_leaves=57
num_cat=0
split_feature=45 4 1 4 5 4 15 68 12 29 62 45 4 0 51 5 20 65 53 65 54 31 45 6 59 5 34 4 32 19 4 4 4 0 59 1 16 24 32 30 12 21 0 13 53 29 43 43 0 0 16 62 69 15 15 1
split_gain=73.2231 127.799 24.4636 18.9584 17.365 25.6916 13.9231 7.57987 5.56985 4.96005 4.05815 8.69098 3.7426 8.77314 7.38615 6.04939 5.85853 3.43989 3.3023 3.78828 3.2373 3.08925 2.23669 2.18986 2.00097 3.00715 1.82946 1.85045 1.82324 1.65221 1.52343 1.35851 1.53813 2.17242 1.05889 1.1252 0.731843 1.24609 0.460121 1.03358 0.375729 0.366557 0.344066 0.42178 0.250271 0.230955 0.213809 0.176918 0.119544 0.105529 0.3045 0.0635821 0.0393779 0.0328288 0.0151137 0.0122353
threshold=29882.500000000004 4.5000000000000009 8.7250000000000014 22.500000000000004 4.5000000000000009 7.5000000000000009 11824.819774598882 74173.500000000015 78554.000000000015 55.779973302524759 2365.5208333333335 29302.500000000004 5.5000000000000009 98246.500000000015 2326.5000000000005 5.5000000000000009 16.48854166666667 1997.5000000000002 1772.5000000000002 1074.5000000000002 926.00000000000011 59.17411100606909 27396.000000000004 3.5000000000000004 3969.5000000000005 1.5000000000000002 -2.3181991866177003 21.500000000000004 51.70383491531134 16.375000000000004 6.5000000000000009 21.500000000000004 5.5000000000000009 75388.000000000015 2350.5000000000005 16.525000000000002 -4426.9999999999991 57.553963000000003 49.923273454655877 47.570886649388633 67828.000000000015 1.9139546136333958 73906.500000000015 82369.500000000015 1581.5000000000002 59.351275501903181 30439.500000000004 28526.000000000004 88919.000000000015 72510.000000000015 -1250.9999999999998 2281.4375000000005 76484.500000000015 4336.7536972046591 7512.5787133200301 13.225000000000001
decision_type=2 2 2 2 2 2 2 2 2 2 2 2 2 2 2 2 2 2 2 2 2 2 2 2 2 2 2 2 2 2 2 2 2 2 2 2 2 2 2 2 2 2 2 2 2 2 2 2 2 2 2 2 2 2 2 2
left_child=1 2 20 4 31 8 10 -7 30 28 22 -12 13 14 15 24 -17 -18 26 -20 -1 -22 -4 -24 36 -26 -9 38 -5 -30 -6 32 33 -3 35 -33 37 -2 39 -28 -34 -25 43 54 -40 -27 -15 -44 -39 50 -42 -43 -49 -38 -14 -35
right_child=12 3 6 9 5 7 -8 18 -10 -11 11 -13 42 46 -16 16 17 -19 19 -21 21 -23 23 41 25 45 27 -29 29 -31 -32 34 40 55 -36 -37 53 48 44 -41 49 51 47 -45 -46 -47 -48 52 -50 -51 -52 -53 -54 -55 -56 -57
leaf_value=22.430447168763816 -7.6641538663346136 -82.02722717890903 -206.4158375260522 -154.06745983427896 -199.71065508857646 -136.25648373656682 68.686733475191545 -111.09837500633394 -32.861048736634643 -61.633883532278702 3.151678071606911 -135.81851066483011 19.486596650214615 11.373925249128611 -77.421491138156185 30.459597290523753 -18.766818982392653 -45.180317772602372 14.128294970523163 -71.602172112384949 -64.571253187392344 2.7118536988862836 -129.65871390854772 -120.2744487935248 -49.937847176583766 53.598586216103023 62.877568976553846 -61.441093573046757 -76.870176922288167 -121.34140161732211 -130.43791488075931 0.41193419910229162 -3.2644222635029814 40.252067147639373 42.048753064090469 -31.028653934087107 97.474502504512628 2.583230064257815 40.626232898256035 -41.633890749641616 -6.6282654467567959 -211.36490815509265 16.331179847023073 -3.0615143416177153 2.8989833754789132 -0.42212561091310163 164.62154328497797 120.47053337103085 51.449983445150806 112.09432470182432 92.480585698618512 -113.03312159924181 286.15433619347266 41.844252851908649 59.895593372643098 18.455794075588692
leaf_weight=37 26 25 22 22 43 25 20 23 21 29 21 39 20 39 30 22 24 20 22 26 30 21 25 20 32 26 31 20 23 20 24 21 22 23 26 21 20 20 212 20 20 210 22 20 31 20 730 20 35 945 51 23 3470 143 28 20
leaf_count=37 26 25 22 22 43 25 20 23 21 29 21 39 20 39 30 22 24 20 22 26 30 21 25 20 32 26 31 20 23 20 24 21 22 23 26 21 20 20 212 20 20 210 22 20 31 20 730 20 35 945 51 23 3470 143 28 20
internal_value=0.000338518 -0.00414261 -0.0180795 -0.000446747 0.000288858 -0.00440273 -0.0213812 -0.00123628 -0.0191033 -0.0135494 -0.0227354 -0.0154243 0.00243922 0.000975487 -0.00251854 -0.00139912 -0.00966717 -0.0159864 -0.000186964 -0.00754678 -0.0037798 -0.00868885 -0.0241819 -0.0249299 0.00028873 -0.00387964 0.000854346 0.00146132 -0.0181567 -0.0143387 -0.0233383 0.00228175 0.00253594 -0.00180617 -0.00180617 -0.00477435 0.00163458 -0.000665845 0.00207072 -0.000469667 0.00282343 -0.0257922 0.00292366 0.000748899 0.00261621 0.000976139 0.00287869 0.00296489 0.00185118 0.00290818 0.00168776 -0.0262033 0.00298186 0.00279583 0.00230769 0.00222738
internal_weight=7001 2234 468 1766 1672 498 380 410 88 94 360 60 4767 1187 418 388 66 44 385 48 88 51 300 278 322 78 337 314 65 43 67 1174 1106 68 68 42 244 81 294 51 1038 253 3580 68 243 46 769 3512 55 1016 71 233 3490 163 48 43
internal_count=7001 2234 468 1766 1672 498 380 410 88 94 360 60 4767 1187 418 388 66 44 385 48 88 51 300 278 322 78 337 314 65 43 67 1174 1106 68 68 42 244 81 294 51 1038 253 3580 68 243 46 769 3512 55 1016 71 233 3490 163 48 43
is_linear=0
shrinkage=0.03


Tree=12
num_leaves=49
num_cat=0
split_feature=70 4 4 4 70 16 49 0 5 70 5 54 40 48 1 4 23 67 16 5 4 67 44 1 67 70 19 53 56 49 16 70 21 0 2 21 16 32 4 70 36 16 61 0 13 22 45 61
split_gain=88.4755 114.662 22.7999 13.2836 29.973 11.5341 9.29493 8.59256 8.45317 7.18929 9.69856 12.1876 6.38104 6.11903 5.00005 4.62821 4.15929 3.3818 4.54041 3.33507 6.9089 3.3629 2.98262 2.69001 2.47695 1.82056 1.23917 1.00362 1.74978 0.938821 0.652556 0.612704 0.928122 0.49619 0.397063 0.3612 0.315825 0.238988 0.175411 1.54653 0.17405 0.173279 0.158818 0.119799 0.037565 0.0362629 0.0346061 0.0113601
threshold=86252.750000000015 4.5000000000000009 22.500000000000004 6.5000000000000009 89530.958333333358 -2249.4999999999995 330.50000000000006 70369.500000000015 4.5000000000000009 99914.708333333358 4.5000000000000009 1150.0833333333337 50601.500000000007 1087.5000000000002 8.5250000000000021 21.500000000000004 64.376362000000015 70839.000000000015 -758.99999999999989 4.5000000000000009 7.5000000000000009 74914.500000000015 29441.500000000004 12.475000000000001 84832.500000000015 83075.125000000015 17.775000000000002 1581.5000000000002 6964.5000000000009 221.50000000000003 -5687.9999999999991 84662.083333333343 3.1140489267198439 81695.000000000015 82.23948750000001 6.1894795993060496 -1775.9999999999998 49.923273454655877 22.500000000000004 88998.979166666672 17051.000000000004 1950.0000000000002 249.50000000000003 71609.000000000015 99380.000000000015 0.049999999999999885 29748.000000000004 140.50000000000003
decision_type=2 2 2 2 2 2 2 2 2 2 2 2 2 2 2 2 2 2 2 2 2 2 2 2 2 2 2 2 2 2 2 2 2 2 2 2 2 2 2 2 2 2 2 2 2 2 2 2
left_child=1 14 5 4 6 -3 8 17 29 10 13 26 33 30 -1 19 -8 -7 -19 36 -21 23 -18 -22 -17 -4 -12 41 -29 -2 -6 -16 -33 -13 -20 40 -9 -5 47 -40 45 -23 -11 -38 -45 -32 -41 -39
right_child=3 2 25 37 9 7 16 15 -10 42 11 12 -14 -15 31 24 22 18 34 20 21 27 -24 -25 -26 -27 -28 28 -30 -31 35 32 -34 -35 -36 -37 43 38 39 46 -42 -43 -44 44 -46 -47 -48 -49
leaf_value=-83.431348862390763 20.014821247212776 -182.12402571657401 -152.02344142525001 37.257922694032068 -1.4723373805220958 -136.47024687622095 -84.430758410967073 -0.66856055128288683 -142.97167711538142 8.4811823601049277 44.947673130416078 -63.758123664580033 -4.5322945332382192 -59.06558514102926 -207.75349907448026 -106.2979211762399 -117.40761077550162 -139.00942647528146 -15.79383657434434 -160.45809585644247 -124.71933684760062 44.934324201606046 -75.63240082921439 9.7776575629797655 -7.6684211959333375 -69.533658166552812 -7.8174975147771244 -18.652534334469497 15.544579280613963 -17.291358838615075 38.570007552439776 -47.968046221193688 -111.16632273477633 -75.575530420234017 7.0325180355131716 -0.24904142752297276 15.499213988306325 318.71803751257164 -12.92696693350304 14.57351414877499 15.886467668874767 13.781335856310946 188.51655115449461 84.837312418401169 65.681260769120271 15.012162027015503 110.2991935466035 236.2852379170038
leaf_weight=32 54 36 31 35 28 21 34 24 34 24 52 20 24 37 184 20 44 30 20 24 21 146 26 20 35 24 20 24 28 25 282 27 25 26 24 20 28 37 20 20 20 20 879 426 20 20 194 3736
leaf_count=32 54 36 31 35 28 21 34 24 34 24 52 20 24 37 184 20 44 30 20 24 21 146 26 20 35 24 20 24 28 25 282 27 25 26 24 20 28 37 20 20 20 20 879 426 20 20 194 3736
internal_value=0.000377084 -0.00671808 -0.00213384 0.00198035 -0.000269606 -0.0010609 -0.0106679 -0.000412415 -0.00466843 0.00128297 -0.00142051 -0.0081703 -0.0170756 0.000928519 -0.0241813 0.000556154 -0.017147 -0.00895899 -0.00587045 0.00115222 -0.00144119 0 -0.0213552 -0.00788321 -0.00784029 -0.0209074 0.000457698 0.0014718 -0.00213052 0.00068268 0.00209943 -0.0257052 -0.0222841 -0.0236226 0.000204082 0.00246419 0.002632 0.00291012 0.0029318 0.00208885 0.00271034 0.0026189 0.00292991 0.00280321 0.00292535 0.00288977 0.00284447 0.00298322
internal_weight=7001 1290 1022 5711 1669 967 217 931 113 1452 549 142 70 407 268 836 104 95 74 781 283 259 70 41 55 55 72 218 52 79 370 236 52 46 44 342 498 4042 4007 234 322 166 903 474 446 302 214 3773
internal_count=7001 1290 1022 5711 1669 967 217 931 113 1452 549 142 70 407 268 836 104 95 74 781 283 259 70 41 55 55 72 218 52 79 370 236 52 46 44 342 498 4042 4007 234 322 166 903 474 446 302 214 3773
is_linear=0
shrinkage=0.03


Tree=13
num_leaves=60
num_cat=0
split_feature=70 4 4 4 70 4 5 20 67 43 52 17 5 4 32 20 46 37 5 48 37 65 67 28 31 70 21 4 13 4 44 18 70 40 56 50 57 60 7 12 19 70 4 50 4 19 38 25 32 38 60 4 5 19 59 61 20 38 12
split_gain=86.1262 110.352 21.5655 12.8404 31.4227 11.9754 16.9611 7.44095 7.05488 6.69899 6.50799 5.61076 4.74234 4.49519 4.42596 6.33755 2.95428 2.8251 4.82979 2.56629 2.33347 1.96918 1.76911 2.56448 1.71237 1.50492 0.930183 1.463 0.820702 0.846293 0.775738 0.768333 0.712157 1.36982 2.13977 0.684435 0.580041 0.412327 1.20877 0.367185 1.14632 0.291718 1.15445 1.39191 0.489726 0.606317 0.269018 0.258107 0.166584 0.149643 0.143813 0.0625228 0.565039 0.0459819 0.087461 0.038402 0.0290381 0.0246769 0.0200994
threshold=86252.750000000015 4.5000000000000009 22.500000000000004 5.5000000000000009 89530.958333333358 7.5000000000000009 4.5000000000000009 18.48854166666667 70839.000000000015 29467.500000000004 1549.5000000000002 8.5250000000000021 2.5000000000000004 21.500000000000004 54.245821894553742 11.055208333333335 29052.354166666672 14253.500000000002 5.5000000000000009 255.50000000000003 15980.000000000002 4556.5000000000009 73543.000000000015 0.26417249999999376 52.176848649804704 83075.125000000015 3.1595205385082061 1.0000000180025095e-35 70398.500000000015 8.5000000000000018 27441.500000000004 16.225000000000005 80902.875000000015 30379.000000000004 7193.5000000000009 276.18750000000006 3.5000000000000004 2125.5000000000005 14.500000000000002 93953.500000000015 21.475000000000005 90974.916666666672 22.500000000000004 329.31250000000006 6.5000000000000009 12.175000000000002 12726.541666666668 74.659260000000017 59.616361748604568 10024.208333333334 199.50000000000003 6.5000000000000009 5.5000000000000009 21.175000000000001 838.50000000000011 4149.0000000000009 23.390625000000004 12823.395833333334 89564.000000000015
decision_type=2 2 2 2 2 2 2 2 2 2 2 2 2 2 2 2 2 2 2 2 2 2 2 2 2 2 2 2 2 2 2 2 2 2 2 2 2 2 2 2 2 2 2 2 2 2 2 2 2 2 2 2 2 2 2 2 2 2 2
left_child=1 11 5 4 7 6 24 14 -7 10 58 -1 -12 22 -2 -16 -15 18 35 -17 -14 -8 23 -10 -3 -4 27 -13 29 -5 -26 -21 33 49 -35 -11 -37 53 -39 40 -19 42 44 -44 45 -30 -9 -29 50 -24 -46 52 -43 -34 -55 -52 -38 -41 -6
right_child=3 2 25 28 9 8 21 46 13 17 12 26 20 16 15 19 -18 39 -20 31 -22 -23 32 -25 30 -27 -28 47 41 -31 -32 -33 37 34 -36 36 56 38 -40 57 -42 51 43 -45 48 -47 -48 -49 -50 -51 55 -53 -54 54 -56 -57 -58 -59 -60
leaf_value=-78.043505840735293 5.9065797331317338 -65.886090852209151 -147.46273818249256 -39.561779161903949 30.309332980785456 -127.56068808270011 -181.4143238271397 -138.68252701437729 -48.715960870161176 -2.0806994684260909 -14.910983104529706 -147.49457093748214 -114.05565494424026 -77.008822204910913 3.9525184869855656 -62.170410375082071 4.7578949908613168 54.094069144091904 -33.989365574276235 -129.68996503998378 -39.240296586816712 -126.6314049159319 2.0182707204823789 14.412356435524757 -20.122487153293356 -67.447648421556408 -199.11931997168259 -175.99195099420464 52.516779317754903 55.876128986154775 23.674430728463904 -55.748093942664127 62.363113055779678 -42.268627397687624 10.953241103756282 -0.43465588330819116 33.996206411823302 -7.6592371996507662 78.418713775321152 26.264302766252111 -5.4663092028848554 197.45035164713087 17.998311796865089 -38.575917594987565 45.286147077628847 -36.20932906924893 -77.337961262319823 -242.69440351782075 58.618284359702997 53.538428423824747 125.85830257423184 300.21510471001795 -4.3923525760225308 13.67872532952563 102.60751670259057 57.226951793334351 29.092527540805051 141.12182816235287 5.0225247849073469
leaf_weight=28 36 24 31 20 40 27 35 24 27 20 39 20 20 34 30 26 21 80 32 29 20 24 20 35 22 24 154 37 22 20 56 21 402 25 21 39 88 20 48 26 30 167 22 22 25 20 20 29 21 68 623 3274 24 24 34 20 20 771 20
leaf_count=28 36 24 31 20 40 27 35 24 27 20 39 20 20 34 30 26 21 80 32 29 20 24 20 35 22 24 154 37 22 20 56 21 402 25 21 39 88 20 48 26 30 167 22 22 25 20 20 29 21 68 623 3274 24 24 34 20 20 771 20
internal_value=0.000398509 -0.00660181 -0.00210449 0.00198035 -0.000477954 -0.0010609 -0.00852886 -0.0119774 0.000427987 0.00123845 -0.00496046 -0.0237337 -0.0106195 0.000954948 -0.00859254 -0.0116777 -0.00729583 0.00202061 -0.00120542 -0.0162812 -0.0178803 -0.0213198 0.0015868 -0.00323671 -0.00108717 -0.020363 -0.025227 -0.0224042 0.00280297 -0.00142145 0.00103713 -0.0202994 0.0020435 6.71142e-05 -0.00409978 0.000825853 0.00154997 0.00253929 0.00030837 0.00273178 0.00106267 0.00284357 0.00229906 -0.00238095 0.00258515 -0.000498812 -0.0227891 -0.0246445 0.00277754 0.0022815 0.00286035 0.00296442 0.00235479 0.00286242 0.0019105 0.00294822 0.00269195 0.00295822 0.00244592
internal_weight=7001 1290 1022 5711 1431 967 161 186 806 1245 139 268 79 779 142 106 55 1106 199 76 40 59 724 62 102 55 240 86 4280 40 78 50 662 134 46 167 147 528 68 907 110 4240 775 44 731 42 44 66 689 88 668 3465 191 460 58 643 108 797 60
internal_count=7001 1290 1022 5711 1431 967 161 186 806 1245 139 268 79 779 142 106 55 1106 199 76 40 59 724 62 102 55 240 86 4280 40 78 50 662 134 46 167 147 528 68 907 110 4240 775 44 731 42 44 66 689 88 668 3465 191 460 58 643 108 797 60
is_linear=0
shrinkage=0.03


Tree=14
num_leaves=56
num_cat=0
split_feature=70 4 4 4 70 48 5 4 70 70 56 5 51 40 1 4 65 48 5 5 51 53 2 16 1 1 4 15 66 62 13 16 64 13 70 4 16 64 0 69 56 58 16 61 53 0 28 63 4 5 13 60 60 0 0
split_gain=81.1569 98.5921 21.8807 16.0484 35.8457 10.1864 8.30387 9.63713 6.63695 6.25445 7.49182 6.06423 7.89547 7.17847 6.04664 5.24073 5.07054 4.87736 4.26462 3.66818 4.04833 3.32248 2.66222 2.53493 2.1859 1.72276 1.70372 1.15584 0.886555 0.866926 0.746712 0.906843 0.651024 0.685117 0.440006 1.86659 1.80006 1.64936 0.425436 0.413133 1.15355 0.407614 0.261397 0.194279 0.179763 0.105922 0.101905 0.291994 0.0625228 0.565039 0.0370304 0.0361277 0.0245679 0.0204276 0.016021
threshold=85328.770833333343 5.5000000000000009 22.500000000000004 5.5000000000000009 89530.958333333358 218.50000000000003 4.5000000000000009 8.5000000000000018 99914.708333333358 78802.916666666686 6104.5000000000009 4.5000000000000009 1232.5000000000002 50753.000000000007 8.0250000000000021 4.5000000000000009 4921.5000000000009 1087.5000000000002 2.5000000000000004 4.5000000000000009 1117.5000000000002 1307.5000000000002 77.342050000000015 630.00000000000011 8.5250000000000021 16.625000000000004 21.500000000000004 7694.3410654160498 3606.5833333333339 2394.6458333333339 70398.500000000015 -758.99999999999989 1058.0000000000002 95196.500000000015 90974.916666666672 22.500000000000004 -2112.4999999999995 2893.5000000000005 86252.000000000015 102441.00000000001 20.500000000000004 2012.9791666666667 -1287.4999999999998 317.50000000000006 1041.5000000000002 79317.000000000015 3.366206500000001 2976.0000000000005 6.5000000000000009 5.5000000000000009 96393.000000000015 4045.0000000000005 199.50000000000003 92795.500000000015 85642.000000000015
decision_type=2 2 2 2 2 2 2 2 2 2 2 2 2 2 2 2 2 2 2 2 2 2 2 2 2 2 2 2 2 2 2 2 2 2 2 2 2 2 2 2 2 2 2 2 2 2 2 2 2 2 2 2 2 2 2
left_child=1 15 6 4 5 25 26 16 11 10 -9 17 27 -14 -7 24 -8 32 -17 20 -16 44 -22 -23 -1 45 29 -13 -4 42 31 -5 33 -6 35 36 -32 -37 -24 -34 -41 -26 -3 -10 -11 -2 51 -48 49 -36 -44 52 -38 -42 -21
right_child=3 2 28 30 8 14 7 9 43 21 -12 12 13 -15 19 18 -18 -19 -20 54 22 23 38 -25 41 -27 -28 -29 -30 -31 34 -33 39 -35 48 37 46 -39 -40 40 53 -43 50 -45 -46 -47 47 -49 -50 -51 -52 -53 -54 -55 -56
leaf_value=-91.336269429054425 1.5036997906676486 6.0555822716192553 -143.03885490508458 -38.374925787046926 -4.9539732175638651 -3.4321194720098211 -155.51303240462153 -128.55063115656245 1.4456405603897724 42.976637859619814 -4.6742203408882146 80.219380214066916 -70.124936849653253 -3.3333462311233757 -30.307120222084546 -29.930671713731407 -73.975105122441491 -56.554336371028896 -192.00997562268768 -146.07783085547783 -55.566022529529086 2.785222427606846 -82.150240266713695 -38.621260507441377 -56.709409968781841 -29.707583545842724 -27.336364872587406 -10.596351113375242 -136.58082584703698 -9.0193190245873982 -32.962799640725784 55.864855726685192 29.37547314849115 11.723068998217434 191.52684109771695 17.589779593268474 24.736183620456305 -45.731204034073592 -73.946284130800649 -2.8565828581601287 25.93565030435327 -196.29287936433479 81.472994661948761 169.3287711263265 9.2128267064361875 14.529854767130438 -8.1105670588039622 58.008442867647886 291.20865156871736 -4.2605819987419817 58.780335559636349 67.521862099959108 119.58954774857988 40.021869519971062 -125.96739671830018
leaf_weight=25 20 30 21 20 20 23 31 29 20 124 29 42 34 25 28 20 20 37 24 24 38 28 20 33 20 20 23 20 26 24 32 23 186 24 167 22 26 30 21 20 20 177 353 756 37 27 20 45 3274 24 20 20 718 41 20
leaf_count=25 20 30 21 20 20 23 31 29 20 124 29 42 34 25 28 20 20 37 24 24 38 28 20 33 20 20 23 20 26 24 32 23 186 24 167 22 26 30 21 20 20 177 353 756 37 27 20 45 3274 24 20 20 718 41 20
internal_value=0.000471355 -0.00703318 -0.00192368 0.00186183 -0.000833726 -0.0114226 -0.000722059 -0.00433102 0.00121436 -0.00213138 -0.010895 -0.00159881 -0.00738233 -0.0152284 -0.0152499 -0.02292 -0.0163209 0.000405056 -0.0132653 -0.0174322 -0.0143417 0.000148582 -0.0178255 -0.00579378 -0.0248131 -0.0014307 0.00192624 4.83093e-05 -0.0217834 0.0023601 0.00276854 -0.00111369 0.00163934 -0.00170068 0.00280738 0.00220786 0.00254326 -0.00328215 -0.0232117 0.00220142 0.000369914 -0.0259056 0.00269412 0.00291844 0.00242086 0.00165605 0.0028151 0.00156682 0.00296442 0.00235479 0.00291075 0.00291716 0.00295525 0.00245499 -0.0248299
internal_weight=7001 1094 828 5907 1486 241 781 331 1245 280 58 469 121 59 174 266 51 348 44 151 107 222 79 61 222 67 450 62 47 427 4421 43 311 44 4378 913 861 52 41 267 81 197 403 776 161 47 829 65 3465 191 373 764 744 61 44
internal_count=7001 1094 828 5907 1486 241 781 331 1245 280 58 469 121 59 174 266 51 348 44 151 107 222 79 61 222 67 450 62 47 427 4421 43 311 44 4378 913 861 52 41 267 81 197 403 776 161 47 829 65 3465 191 373 764 744 61 44
is_linear=0
shrinkage=0.03


Tree=15
num_leaves=63
num_cat=0
split_feature=70 9 56 70 16 5 60 49 0 59 53 3 16 22 16 21 70 68 46 16 31 20 16 70 5 53 30 1 30 0 5 59 49 33 39 12 16 28 16 70 59 61 13 19 38 70 52 68 0 65 20 22 53 29 0 68 15 16 19 16 59 0
split_gain=76.5365 73.2795 36.3164 13.2661 28.4822 12.1063 11.0043 10.4324 8.99884 5.66304 5.15996 5.04157 4.97418 4.5084 4.08768 4.0285 3.30527 3.9612 2.96137 2.49525 2.45039 2.09884 1.97349 7.30983 5.16513 3.0777 2.04703 1.93712 1.92194 1.88365 1.59028 1.30898 1.07367 1.0274 2.01816 0.829561 0.827076 1.4134 0.752337 0.561492 0.548748 0.411381 0.411289 0.290025 0.285979 0.174988 0.74201 0.286019 0.397063 0.171804 0.169125 0.15007 0.223128 0.152345 0.139324 0.0534417 0.119544 0.0440433 0.122356 0.0366492 0.0337811 0.0182821
threshold=85328.770833333343 1.0000000180025095e-35 4534.5000000000009 90974.916666666672 -2192.9999999999995 4.5000000000000009 4268.5000000000009 268.50000000000006 72845.500000000015 1971.5000000000002 1693.0000000000002 57.070478634056734 478.00000000000006 -0.149999999999999 -2249.4999999999995 3.9373268869203151 80161.104166666672 72114.500000000015 29052.354166666672 -1287.4999999999998 56.815522223433021 13.68125 -3701.4999999999995 101623.62500000001 4.5000000000000009 1631.5000000000002 62.327032901371162 8.5250000000000021 60.910097558033947 69789.500000000015 3.5000000000000004 3801.0000000000005 195.50000000000003 2.3585254498165238 29420.500000000004 92334.000000000015 -1529.9999999999998 1.8644350000000041 -3152.9999999999995 84365.270833333343 3569.5000000000005 4327.0000000000009 70398.500000000015 7.5250000000000012 12174.875000000002 98030.812500000015 2571.5000000000005 109449.00000000001 102726.50000000001 8741.5000000000018 23.900000000000002 -0.65000000000000002 1624.5000000000002 52.490019507665281 79999.000000000015 77293.000000000015 8366.1033953714523 -2795.4999999999995 18.475000000000005 -1190.4999999999998 4918.5000000000009 85173.500000000015
decision_type=2 2 2 2 2 2 2 2 2 2 2 2 2 2 2 2 2 2 2 2 2 2 2 2 2 2 2 2 2 2 2 2 2 2 2 2 2 2 2 2 2 2 2 2 2 2 2 2 2 2 2 2 2 2 2 2 2 2 2 2 2 2
left_child=1 2 9 4 5 7 28 40 10 14 16 -9 18 15 30 -4 17 -3 -8 -18 -20 -16 23 24 26 -26 35 -11 36 -19 -1 -13 -29 34 -10 -5 37 61 -7 -34 -2 51 -24 -36 -21 46 47 49 -49 50 57 52 53 -38 -15 56 -53 58 -44 -35 -59 -6
right_child=3 8 13 22 6 38 12 11 33 27 -12 31 -14 54 21 -17 19 29 20 44 -22 -23 42 -25 25 -27 -28 32 -30 -31 -32 -33 39 59 43 -37 41 -39 -40 -41 -42 -43 45 -45 -46 -47 -48 48 -50 -51 -52 55 -54 -55 -56 -57 -58 60 -60 -61 -62 -63
leaf_value=-157.09972587764341 26.768403888493424 6.9013597346999127 -5.9266454346610553 23.132116943966366 30.206460817618545 -142.62033928047001 -59.128524918870859 -22.62773333487695 -9.3186640965440635 -90.640906313233884 -132.81622198820969 -57.305796356773911 17.484222632097186 5.5307099959223702 -17.405838712663247 -88.047953613385914 -80.453247231695372 -136.44878058252129 -24.146784766078735 23.35924682980729 -97.045924474512091 -127.26966971735756 -9.2994279514382399 170.94311613930762 -55.321118072868082 -9.9168343294581547 -20.811861621586054 -161.54884074952543 -76.736757450918489 -118.15335522957629 -216.98113297476166 -90.137495598653302 -187.05181458378252 21.641720558599978 -3.6566403722748411 -3.2784055082592767 16.71861800788291 -30.820971292306439 -84.122558899314086 -62.615152778639612 -10.16829611093406 -10.048135546520744 18.105996459871804 70.183630774637663 -0.47129520002120795 352.92281469317015 -11.77370611234511 -5.7018150851331475 83.554441119922174 2.4952541635547298 2.1480799173675331 168.28641466155062 -3.0149402568383272 46.221407192861449 36.274605413314013 99.734676778977757 22.761903143977413 116.95625053975174 0.93145633725509203 58.42101565994701 54.684053759816344 21.647000537031495
leaf_weight=20 53 21 27 71 35 31 21 20 29 24 25 32 33 20 23 33 21 23 24 61 22 23 20 472 31 20 31 20 27 20 25 25 159 20 22 22 20 31 22 25 20 32 37 64 22 2926 28 20 24 20 21 35 22 73 53 643 20 862 20 314 21 20
leaf_count=20 53 21 27 71 35 31 21 20 29 24 25 32 33 20 23 33 21 23 24 61 22 23 20 472 31 20 31 20 27 20 25 25 159 20 22 22 20 31 22 25 20 32 37 64 22 2926 28 20 24 20 21 35 22 73 53 643 20 862 20 314 21 20
internal_value=0.00050135 -0.0067864 -0.0160385 0.00185167 -0.000875426 -0.0111669 0.00109725 -0.00677548 -0.000266314 -0.0215293 -0.00568617 -0.0144747 -0.00836164 -0.00283997 -0.0150823 -0.00893511 -0.00376562 -0.00912636 -0.0130551 -0.000432277 -0.0086551 -0.0086551 0.0025925 0.00104775 -0.00418047 -0.0122113 -0.000846092 -0.0240815 0.00208851 -0.0143387 -0.0215521 -0.0190193 -0.0250612 0.00205745 -0.0003649 0.00135338 0.00231984 -0.000452962 -0.0235028 -0.0258284 0.00131327 0.00260561 0.00284164 0.00191638 0.00187726 0.00286346 0.00251258 0.0026456 0.000204082 0.00275201 0.00280928 0.00273767 0.00166811 0.00232009 0.00213406 0.00290933 0.00185118 0.00286884 0.00189142 0.00290033 0.00292832 0.00239564
internal_weight=7001 1094 452 5907 1261 203 1058 150 642 319 193 77 100 133 91 60 168 64 67 104 46 46 4646 647 175 51 124 228 958 43 45 57 204 449 115 93 931 86 53 184 73 845 3999 86 83 3979 1053 1025 44 981 961 813 115 93 73 698 55 940 57 334 883 55
internal_count=7001 1094 452 5907 1261 203 1058 150 642 319 193 77 100 133 91 60 168 64 67 104 46 46 4646 647 175 51 124 228 958 43 45 57 204 449 115 93 931 86 53 184 73 845 3999 86 83 3979 1053 1025 44 981 961 813 115 93 73 698 55 940 57 334 883 55
is_linear=0
shrinkage=0.03


Tree=16
num_leaves=56
num_cat=0
split_feature=70 4 4 4 70 48 16 5 17 43 67 20 5 39 5 69 5 61 18 42 14 5 0 42 4 2 17 16 67 4 70 19 15 43 2 32 39 36 18 4 14 37 0 16 25 65 15 23 13 35 0 0 0 7 61
split_gain=73.2589 90.1785 19.2793 15.8678 34.0577 13.4832 10.4319 8.48833 7.48153 6.6391 6.62203 5.84159 5.21879 4.63715 3.97126 3.36878 2.85047 3.98292 3.70738 4.71283 2.84283 4.2642 5.06275 2.77618 2.76978 2.0264 1.87402 1.857 1.51115 1.0011 3.25242 0.989506 0.942739 0.84608 0.801958 0.638962 1.19335 0.5127 0.454575 0.428845 0.368414 0.350487 0.350165 0.749722 0.276593 0.245217 0.177202 0.128472 0.0367858 0.0311794 0.0307175 0.0210531 0.0194096 0.0137905 0.0103707
threshold=84864.437500000015 4.5000000000000009 21.500000000000004 6.5000000000000009 89830.500000000015 218.50000000000003 -1670.4999999999998 4.5000000000000009 9.0250000000000021 29467.500000000004 70839.000000000015 11.673958333333337 4.5000000000000009 37886.000000000007 4.5000000000000009 92381.000000000015 4.5000000000000009 945.50000000000011 13.275000000000002 32162.354166666668 95299.958333333358 5.5000000000000009 88477.500000000015 39107.520833333343 22.500000000000004 79.203155000000024 10.575000000000001 -3099.4999999999995 85248.000000000015 22.500000000000004 88445.416666666672 20.275000000000002 8817.9909082744016 29624.000000000004 85.513525000000016 59.046523398947315 49028.500000000007 16537.000000000004 16.925000000000001 14.500000000000002 85316.583333333358 8841.0000000000018 72845.500000000015 -1005.4999999999999 73.052350000000018 2661.5000000000005 7580.1923114212805 46.478882000000006 96393.000000000015 10397.500000000002 69789.500000000015 89633.500000000015 77263.500000000015 2.5000000000000004 140.50000000000003
decision_type=2 2 2 2 2 2 2 2 2 2 2 2 2 2 2 2 2 2 2 2 2 2 2 2 2 2 2 2 2 2 2 2 2 2 2 2 2 2 2 2 2 2 2 2 2 2 2 2 2 2 2 2 2 2 2
left_child=1 26 6 4 5 27 7 -3 -7 11 -8 51 13 -10 15 -13 41 18 19 -18 21 35 -23 25 28 -15 -1 -2 -4 42 -31 50 -24 -32 -28 37 -37 40 -26 -20 -11 -12 43 -5 -14 -29 48 -22 -43 -42 -19 -6 -47 -49 -44
right_child=3 2 24 29 9 8 10 -9 12 20 16 14 44 23 -16 -17 17 31 39 -21 47 22 32 -25 38 -27 34 45 -30 30 33 -33 -34 -35 -36 36 -38 -39 -40 -41 49 46 54 -45 -46 52 -48 53 -50 -51 -52 -53 -54 -55 -56
leaf_value=-70.169253723347822 -61.75986073285047 -42.527246481250984 -93.613404090816587 -8.5820963725462995 37.443869245363075 0.69960731645755758 -117.74169684115743 -181.0254557604402 -30.692232622287968 -0.69544127618305918 -7.003926558572072 34.992026648211194 -120.16404369701539 -60.886975891695165 -67.782676868453706 -40.505290560588122 -112.74979765937837 3.4252741710194479 -1.7766813029525084 -40.337491544799455 5.3817682058609941 -31.949357135617582 22.062798825429052 -29.07717270336374 -135.52847616788509 -77.35659286280233 -185.3657900443996 -6.3839047747805937 -9.8195218535305493 -35.00942675017307 -3.0091731720611228 -31.002127452679545 -3.5284252277036998 92.726607367424037 -166.10199361078631 12.673909246771526 -3.2488567332983536 -2.2257146563447092 -124.09307272179548 14.370405709924011 13.092166528299586 75.753772150865814 285.07349779254594 49.872101821572237 -137.51005649435379 22.564241408640168 19.427757052397499 41.541450600707627 56.301654901932338 51.084972241479662 18.769844714160147 2.6570969189862153 31.499602537282041 169.63658333168749 209.28839007870909
leaf_weight=35 24 35 20 31 43 29 28 26 28 20 21 27 20 29 29 36 36 20 20 28 28 24 25 27 20 37 153 20 20 28 35 27 20 187 26 21 20 22 21 28 21 327 37 64 32 20 20 34 20 175 107 20 38 875 3837
leaf_count=35 24 35 20 31 43 29 28 26 28 20 21 27 20 29 29 36 36 20 20 28 28 24 25 27 20 37 153 20 20 28 35 27 20 187 26 21 20 22 21 28 21 327 37 64 32 20 20 34 20 175 107 20 38 875 3837
internal_value=0.000531345 -0.00682304 -0.00231161 0.00181214 -0.000593429 -0.0097172 -0.00079128 -0.0126678 -0.0142058 0.00133116 0.000268289 -0.00452611 -0.0165685 -0.0130801 -0.00934853 -0.00503962 0.000885186 -0.00149944 -0.00580731 -0.0105304 0.00204031 -0.000267164 -0.00694645 -0.016305 -0.0162022 -0.019652 -0.0241709 -0.00079334 -0.010399 0.00280723 0.000947621 0.00161583 -0.000931264 0.0021747 -0.0254606 0.00137585 -0.0020438 0.00197816 -0.0217518 0.000436591 0.00242943 0.0025277 0.00292358 0.00107256 -0.0245873 0.00142125 0.00274585 0.00290044 0.00290406 0.00283019 0.002738 0.00247227 0.00242685 0.00296337 0.00296817
internal_weight=7001 1038 824 5963 1744 304 743 61 202 1440 682 155 173 121 92 63 654 266 112 64 1285 348 69 93 81 66 214 102 40 4219 250 154 45 222 179 279 41 238 41 48 216 388 3969 95 52 78 367 937 347 196 127 63 58 909 3874
internal_count=7001 1038 824 5963 1744 304 743 61 202 1440 682 155 173 121 92 63 654 266 112 64 1285 348 69 93 81 66 214 102 40 4219 250 154 45 222 179 279 41 238 41 48 216 388 3969 95 52 78 367 937 347 196 127 63 58 909 3874
is_linear=0
shrinkage=0.03


Tree=17
num_leaves=58
num_cat=0
split_feature=70 4 4 4 70 48 4 5 67 5 70 52 5 68 1 48 34 1 5 54 70 18 23 2 59 51 7 52 67 55 2 61 15 5 4 70 43 38 6 0 16 57 4 19 34 30 2 16 16 62 22 28 0 26 22 26 61
split_gain=70.4817 93.8959 15.9397 13.4522 27.9009 11.4537 10.3073 11.497 7.11647 8.29678 6.34556 6.553 5.88544 5.569 4.64784 4.29174 4.0311 3.63065 3.54764 4.89331 2.7915 2.64685 2.58348 2.45684 2.05835 2.05323 1.47786 1.12682 0.933982 1.32537 0.785735 0.749824 0.725302 0.692851 0.68064 2.47757 0.84608 0.674969 0.467765 0.387756 0.874474 0.35846 0.350467 0.687824 0.39754 0.334263 0.216412 0.186993 0.147251 0.127661 0.112504 0.0410797 0.133907 0.0359932 0.0329849 0.0293789 0.0108272
threshold=85718.562500000015 4.5000000000000009 21.500000000000004 6.5000000000000009 89530.958333333358 225.50000000000003 6.5000000000000009 4.5000000000000009 72936.500000000015 5.5000000000000009 99914.708333333358 1225.5000000000002 4.5000000000000009 100808.00000000001 8.0250000000000021 1087.5000000000002 1.7134480879354756 8.5250000000000021 4.5000000000000009 988.87500000000011 82743.729166666672 15.375000000000002 64.376362000000015 85.513525000000016 3346.5000000000005 1455.5000000000002 18.500000000000004 1426.5000000000002 75697.000000000015 84.500000000000014 74.413295000000019 2543.0000000000005 8949.5342980222831 5.5000000000000009 22.500000000000004 88445.416666666672 29624.000000000004 11444.437500000002 8.5000000000000018 72845.500000000015 -1005.4999999999999 24.500000000000004 20.500000000000004 18.975000000000005 -2.3181991866177003 61.695160674873513 85.90998500000002 -2910.4999999999995 -591.49999999999989 2053.291666666667 -0.9250000000000006 7.8707664999999993 96670.500000000015 57.800545916666671 2.4000000000000017 87.373883062500013 140.50000000000003
decision_type=2 2 2 2 2 2 2 2 2 2 2 2 2 2 2 2 2 2 2 2 2 2 2 2 2 2 2 2 2 2 2 2 2 2 2 2 2 2 2 2 2 2 2 2 2 2 2 2 2 2 2 2 2 2 2 2 2
left_child=1 17 6 4 5 21 7 26 9 46 11 33 15 32 -7 27 20 -1 19 -16 -4 41 -21 49 -24 -25 -3 -13 29 30 -10 -18 -14 37 39 -36 -37 -6 53 40 -5 -2 44 -44 -30 -29 -8 -20 -32 -19 -51 56 -53 -12 55 -46 -41
right_child=3 2 16 34 10 14 8 -9 28 -11 38 12 13 -15 18 -17 31 23 47 22 -22 -23 24 25 -26 -27 -28 45 42 -31 48 -33 -34 -35 35 36 -38 -39 -40 51 -42 -43 43 -45 54 -47 -48 -49 -50 50 -52 52 -54 -55 -56 -57 -58
leaf_value=-79.682426610983228 22.462591141993663 18.040389832459841 -85.722361257990727 -8.4371425098957182 -0.58658102818707403 -4.5162019936322499 22.515824700409638 -176.39224597913142 -34.954332078143338 -117.25503759078165 38.168331043924589 -1.4462678332198464 -61.263853969664197 -10.925162627164395 1.5072458713799857 -54.982244183877135 -59.532258118641131 -186.86078592361909 -134.21642745243602 -35.953947084205794 -7.1573285523881491 -71.6868770491118 -124.08379704495322 -56.188046442298862 -66.131664896220798 -142.91089095090979 -67.974418031684223 34.455733188852221 -0.24300614178901808 -23.663020913618855 4.1680271668655884 -130.48041739464196 -63.613048907105771 -7.03515045934612 -33.298464026770461 -2.9188979768993111 89.944809146401269 49.395609315242616 0.20106143780634667 276.52129285876953 48.938777543049227 -5.5681852840286616 18.626621078574441 -9.8312990228835169 54.904430151551054 -0.72676774947690714 -5.5618313141910587 -96.612433720213787 26.770796254010779 -87.918129661526351 -81.17999570909258 42.299693907167395 249.02867553457256 188.28596887215741 1.9331038002079064 12.795928239071038 216.0636448719446
leaf_weight=27 48 36 25 27 21 21 23 35 20 34 21 38 20 38 20 36 20 119 21 22 29 29 21 20 33 22 22 82 34 24 20 26 20 36 20 35 187 225 32 37 59 27 29 20 389 33 20 20 64 29 20 20 47 850 20 23 3705
leaf_count=27 48 36 25 27 21 21 23 35 20 34 21 38 20 38 20 36 20 119 21 22 29 29 21 20 33 22 22 82 34 24 20 26 20 36 20 35 187 225 32 37 59 27 29 20 389 33 20 20 64 29 20 20 47 850 20 23 3705
internal_value=0.000557055 -0.00623163 -0.0018596 0.00189195 -0.000341287 -0.00935139 -0.000464887 -0.00986036 0.00074573 -0.00785992 0.00128297 -0.0012566 -0.00462748 -0.0115621 -0.0144402 -0.00174511 -0.0131568 -0.0230536 -0.0164551 -0.013205 -0.00748614 -0.00158501 -0.0166754 -0.0244027 -0.0202403 -0.0176009 -0.00160069 0.000431091 0.00178199 -0.000491803 0.000951009 -0.019718 -0.0193766 0.00192485 0.00281792 0.00125155 0.0021747 0.00249898 0.00283025 0.00291443 0.00087108 0.00135819 0.00235294 0 0.00260674 0.00192876 0.000835267 -0.0239416 0.00224732 -0.0260738 -0.0238289 0.00295975 0.00205663 0.00296177 0.00285351 0.00291919 0.00297507
internal_weight=7001 1150 913 5851 1714 262 813 93 720 77 1452 549 267 78 158 189 100 237 137 96 54 104 76 210 54 42 58 153 643 128 104 46 40 282 4137 242 222 246 903 3895 86 75 515 49 466 115 43 41 84 168 49 3809 67 871 432 412 3742
internal_count=7001 1150 913 5851 1714 262 813 93 720 77 1452 549 267 78 158 189 100 237 137 96 54 104 76 210 54 42 58 153 643 128 104 46 40 282 4137 242 222 246 903 3895 86 75 515 49 466 115 43 41 84 168 49 3809 67 871 432 412 3742
is_linear=0
shrinkage=0.03


Tree=18
num_leaves=63
num_cat=0
split_feature=70 4 4 70 4 5 4 20 67 0 48 20 27 51 44 58 1 52 21 5 70 4 4 5 52 17 50 62 20 26 21 32 4 26 45 4 67 36 0 17 13 43 25 43 52 56 19 30 20 4 5 0 12 25 14 4 4 2 59 34 34 65
split_gain=69.0146 73.2385 17.9573 43.3555 14.9146 9.30809 14.1926 7.40735 6.37978 6.29833 7.83793 5.42291 5.12541 5.529 4.89621 4.49422 3.97709 2.63101 2.63011 2.44567 1.9917 4.2294 3.69912 7.12556 1.7402 1.55631 1.47545 1.26721 1.16695 0.840437 0.718406 1.50374 0.708677 0.585318 0.492394 0.467442 0.57781 0.421631 0.408 0.843504 0.4075 0.390105 0.271236 0.248186 0.653698 1.64531 0.215838 0.199701 0.169623 0.0800715 0.605031 1.00577 0.0389276 0.133907 0.0380066 0.0276365 0.023437 0.0227143 0.022654 0.0203713 0.114001 0.0261715
threshold=83662.583333333343 4.5000000000000009 4.5000000000000009 89530.958333333358 21.500000000000004 4.5000000000000009 7.5000000000000009 18.554166666666671 72936.500000000015 98246.500000000015 1193.5000000000002 15.434375000000005 11.183946821883794 1220.5000000000002 30457.500000000004 2012.9791666666667 9.0250000000000021 1256.5000000000002 3.9373268869203151 4.5000000000000009 88998.979166666672 22.500000000000004 6.5000000000000009 4.5000000000000009 1133.5000000000002 21.375000000000004 353.60416666666669 2394.6458333333339 15.434375000000005 69.033853541666687 4.5536515844255439 54.10783218191505 22.500000000000004 56.191834958333338 29438.500000000004 21.500000000000004 91838.500000000015 15805.500000000002 72845.500000000015 14.275000000000002 70398.500000000015 29556.000000000004 73.409282000000019 29241.500000000004 1622.5000000000002 2751.5000000000005 17.775000000000002 52.386772711662992 21.197916666666668 6.5000000000000009 5.5000000000000009 94717.500000000015 99118.000000000015 68.115155000000016 78743.145833333358 12.500000000000002 22.500000000000004 82.985150000000019 180.50000000000003 1.0695300113618276 1.3110996514655542 5475.5000000000009
decision_type=2 2 2 2 2 2 2 2 2 2 2 2 2 2 2 2 2 2 2 2 2 2 2 2 2 2 2 2 2 2 2 2 2 2 2 2 2 2 2 2 2 2 2 2 2 2 2 2 2 2 2 2 2 2 2 2 2 2 2 2 2 2
left_child=1 15 3 7 5 27 -7 12 11 10 17 -8 13 -2 16 -1 -14 33 -6 25 21 22 23 42 55 37 29 30 -18 -26 -3 -32 -20 -5 -17 38 -37 -19 39 57 -22 -11 -4 44 -42 -46 -9 -28 -35 50 58 -52 53 -43 -40 -10 -51 -24 -45 -58 -61 -62
right_child=2 4 20 9 18 6 8 46 24 41 -12 -13 14 -15 -16 34 28 19 32 -21 40 -23 35 -25 26 -27 47 -29 -30 -31 31 -33 -34 48 -36 36 -38 -39 54 -41 43 52 -44 49 45 -47 -48 -49 -50 56 51 -53 -54 -55 -56 -57 59 -59 -60 60 61 -63
leaf_value=-33.052302509946678 7.492194628016807 69.087566804015182 -8.9004982521147937 -0.65698060705204098 -79.778527011056752 -167.91026255836104 -112.73296595821118 -119.92286738685166 36.43425678848569 -6.5577384513630612 -64.372609435326936 -2.8363923765122938 -30.539218174962791 -41.532231681405058 -16.912424972270205 -181.47095467176504 -130.18993423338426 20.996726338722116 -88.099056999958421 -55.088986400752418 -5.3558069156789037 -51.796127449612015 13.27797884555185 -94.723099122740948 -1.6584483481006647 -2.375741152036754 6.6217317222072634 -40.355100991062621 -47.399333126933321 -59.806628505324497 62.18187914934424 -56.057573701931176 -130.52184980419986 42.488953624948223 -171.42647317391993 -8.2013892626482292 43.250619120872692 -8.1049828525337695 122.55620253772099 -8.2121554362883558 92.487098071210653 5.3313095915798812 27.307900818952621 13.132452686204422 -38.293460543910058 166.14478569375655 -100.80051518511389 -0.37572276267836502 -0.052683589237372784 268.08154560495149 -7.8178857436031315 266.32986971635228 129.21939878262083 76.56673634215646 107.48514865479996 21.549764908705974 193.97164887208433 18.580364989768299 125.10052220124982 109.76771039898115 47.84662711764436 19.393704668833081
leaf_weight=20 42 277 20 20 32 39 23 24 20 21 38 20 20 35 28 139 31 42 20 35 20 39 20 24 20 21 20 22 38 20 36 20 20 126 26 20 20 23 20 26 195 20 37 26 37 63 20 20 20 3165 20 29 624 47 512 76 90 49 317 21 66 20
leaf_count=20 42 277 20 20 32 39 23 24 20 21 38 20 20 35 28 139 31 42 20 35 20 39 20 24 20 21 20 22 38 20 36 20 20 126 26 20 20 23 20 26 195 20 37 26 37 63 20 20 20 3165 20 29 624 47 512 76 90 49 317 21 66 20
internal_value=0.000599906 -0.00730606 0.00172237 -0.00144459 -0.00277624 -0.00125265 -0.00559086 -0.0129903 -0.00260155 0.00120336 -0.00225161 -0.0129466 -0.0104328 -0.00435798 -0.014398 -0.0240519 -0.0178451 -0.000543365 -0.0156865 -0.00391412 0.00255452 0.00116631 0.00167224 -0.00436498 -5.11072e-05 -0.00114983 -0.00333333 0.00189242 -0.0212735 -0.00740648 0.00235965 -0.000695187 -0.0208728 0.00189645 -0.0256935 0.00241043 -0.000673317 0.00110599 0.00261202 0.000757098 0.00282225 0.00278472 0.00136602 0.00284359 0.00197221 0 -0.0241497 0.000673317 0.00256674 0.00291122 0.00245601 -0.000610998 0.00290841 0.00205663 0.00293742 0.00265349 0.00296333 0.00251809 0.00290294 0.00252664 0.00212885 0.00261324
internal_weight=7001 870 6131 1275 685 613 258 238 219 1037 325 43 194 77 117 185 89 287 72 121 4856 787 748 81 176 86 80 355 69 40 333 56 40 166 165 667 40 65 627 95 4069 712 57 4049 295 100 44 40 146 3754 392 49 691 67 532 96 3362 69 343 197 107 86
internal_count=7001 870 6131 1275 685 613 258 238 219 1037 325 43 194 77 117 185 89 287 72 121 4856 787 748 81 176 86 80 355 69 40 333 56 40 166 165 667 40 65 627 95 4069 712 57 4049 295 100 44 40 146 3754 392 49 691 67 532 96 3362 69 343 197 107 86
is_linear=0
shrinkage=0.03


Tree=19
num_leaves=60
num_cat=0
split_feature=70 9 56 58 70 70 16 5 49 59 0 30 68 51 32 22 59 34 5 61 5 68 24 48 20 60 19 43 16 20 17 66 16 15 64 36 49 38 16 36 55 5 32 0 5 22 48 12 16 16 28 29 32 59 3 43 20 30 0
split_gain=65.104 67.2334 28.4228 9.48561 10.6621 8.99493 20.9932 11.8103 7.91959 6.70193 6.68063 5.48569 4.90778 4.81305 6.33196 4.62647 4.53011 4.38325 3.22601 6.61063 2.66222 4.07376 3.03711 2.11893 1.83607 1.71025 2.14594 1.68347 4.66317 1.98477 1.68202 2.20657 1.63376 1.34121 0.933522 0.913151 0.748903 0.561048 2.12495 2.74266 2.63811 0.552628 0.522498 0.469806 0.463584 1.82162 0.403701 0.378912 0.226614 0.179557 0.172802 0.163447 0.146617 0.13102 0.268225 0.0383093 0.034181 0.0299013 0.0178789
threshold=86252.750000000015 1.0000000180025095e-35 4610.0000000000009 2012.9791666666667 83539.979166666672 90974.916666666672 -2192.9999999999995 4.5000000000000009 386.50000000000006 4672.5000000000009 70369.500000000015 58.068133915281315 79093.000000000015 1220.5000000000002 52.605093534905656 -0.149999999999999 2658.0000000000005 0.86539681530588919 5.5000000000000009 1052.5000000000002 4.5000000000000009 78144.000000000015 93.090295000000012 1233.0000000000002 13.884375 4185.5000000000009 16.225000000000005 29467.500000000004 -3773.9999999999995 19.263541666666672 12.475000000000001 4159.0833333333348 -2745.9999999999995 4886.4832064743314 3028.5000000000005 17217.500000000004 237.50000000000003 15305.708333333334 -2795.4999999999995 15359.500000000002 22.500000000000004 4.5000000000000009 55.51338923914011 80329.500000000015 4.5000000000000009 -0.60000000000000009 1529.0000000000002 87438.500000000015 -2568.9999999999995 -1670.4999999999998 5.9039780000000066 54.71609481481331 50.05960821355918 4797.5000000000009 60.205907275289832 32704.500000000004 24.603125000000006 61.477814772128369 84034.000000000015
decision_type=2 2 2 2 2 2 2 2 2 2 2 2 2 2 2 2 2 2 2 2 2 2 2 2 2 2 2 2 2 2 2 2 2 2 2 2 2 2 2 2 2 2 2 2 2 2 2 2 2 2 2 2 2 2 2 2 2 2 2
left_child=1 2 3 16 12 6 7 8 36 23 18 -10 32 14 -6 17 -1 -4 33 -20 49 22 -22 25 -19 44 -27 28 29 -7 31 -23 -5 -3 -15 48 58 38 39 41 -41 57 -14 -9 55 -46 53 -16 -30 -12 -50 -47 -17 56 -55 -8 -40 -29 -2
right_child=5 10 15 4 13 27 9 43 11 -11 20 -13 42 34 47 52 -18 24 19 -21 21 30 -24 -25 -26 26 -28 37 35 -31 -32 -33 -34 -35 -36 -37 -38 -39 46 40 -42 -43 -44 -45 45 51 -48 -49 50 -51 -52 -53 -54 54 -56 -57 -58 -59 -60
leaf_value=5.4149649433318254 47.064277922910591 -66.180347409294569 12.131771635940007 -162.64765459539194 -72.045344383668279 -6.1772530829753745 99.313319887238237 -119.80688002177654 -10.797858403282524 -53.313377235073411 9.1106522613880987 -93.87278420843748 -175.48197850625326 -98.384184860322165 8.6370919168290499 39.825466069079717 -37.233677139747215 -117.99037655225051 -126.73777831769598 -3.3804513584146347 -131.40378515507095 -10.068910972106513 -0.83946745973033077 -45.821369223724901 -37.472911501457212 16.041878401688471 -69.335286777491106 51.69759660600598 5.4543009818603378 -56.524214209632042 31.292368882046077 56.840190798918137 -144.69119790648458 4.1858091822587751 -86.985054813146789 -8.210408091371928 -16.718653904967603 330.12385628135422 119.24115531766056 -9.788409673151051 11.697639605194986 -5.7866804958140419 -105.4600774782501 -97.842844775872024 -17.408119100382656 21.343322049259022 -2.8942121899724027 -36.097323057569639 94.517997704371822 73.470014048655273 6.2337731044869749 6.2558242257244361 13.718920456779568 48.262295636566549 -0.85082336771193079 61.90293118824161 229.94374953623654 9.1023072762552992 6.8911507680477673
leaf_weight=29 34 20 25 26 28 20 593 24 20 35 21 28 147 21 22 20 26 20 25 23 22 39 21 30 24 33 23 97 30 24 117 32 21 27 20 38 26 2992 973 36 30 31 27 20 20 101 20 20 237 404 21 38 63 36 20 20 21 20 20
leaf_count=29 34 20 25 26 28 20 593 24 20 35 21 28 147 21 22 20 26 20 25 23 22 39 21 30 24 33 23 97 30 24 117 32 21 27 20 38 26 2992 973 36 30 31 27 20 20 101 20 20 237 404 21 38 63 36 20 20 21 20 20
internal_value=0.000647041 -0.00543911 -0.0135225 -0.0178404 -0.0197561 0.00202238 -0.000461928 -0.0100581 -0.00540984 0.00138394 0.000359473 -0.0150312 -0.0235821 -0.0120972 -0.00723252 -0.00250493 -0.0062069 -0.00824891 -0.00706625 -0.0125364 0.00144033 -0.00114236 -0.00946636 0.00191236 -0.0139456 0.00219901 -0.00283422 0.0025925 0.000640368 -0.0085034 0.000749601 -0.0028692 -0.0147771 -0.00140127 -0.020292 0.00188592 0.000337079 0.00276069 0.00222646 -0.000490425 -0.00558245 0.00176232 -0.0259334 -0.0234694 0.00256832 0.00109365 0.00277264 7.1259e-05 0.00246789 0.00285109 0.00275475 0.00232926 0.00223827 0.00285401 0.0013369 0.00294569 0.00293632 0.00271563 0.00238447
internal_weight=7001 1290 539 387 332 5711 1065 172 128 893 751 48 221 111 70 152 55 69 95 48 656 231 43 858 44 828 56 4646 370 44 188 71 47 47 41 326 80 4276 1284 214 66 148 174 44 772 159 1070 42 288 425 258 139 83 1050 56 613 994 117 54
internal_count=7001 1290 539 387 332 5711 1065 172 128 893 751 48 221 111 70 152 55 69 95 48 656 231 43 858 44 828 56 4646 370 44 188 71 47 47 41 326 80 4276 1284 214 66 148 174 44 772 159 1070 42 288 425 258 139 83 1050 56 613 994 117 54
is_linear=0
shrinkage=0.03


Tree=20
num_leaves=60
num_cat=0
split_feature=70 4 4 4 44 6 16 70 15 33 49 54 21 0 45 42 30 31 27 67 17 69 16 70 21 35 57 1 4 5 4 4 18 33 18 45 43 22 22 4 5 67 45 4 43 48 4 25 15 26 0 69 28 62 22 14 31 1 27
split_gain=63.0009 90.3508 16.2399 10.8004 23.6621 12.851 10.2573 5.92074 5.9024 5.41521 5.38169 3.90246 3.72326 3.6439 2.51746 3.33919 2.47536 3.46123 2.28667 3.11237 2.21846 2.03887 2.92221 1.88595 2.07721 1.88411 1.36379 1.24008 1.20418 2.72734 1.40489 0.843905 0.763396 2.131 0.705308 0.601909 0.914379 0.59241 0.466995 0.426994 1.24684 3.04775 0.602138 0.438292 1.42474 1.17034 0.333123 0.320826 0.300572 0.268225 0.186947 0.0746738 0.269004 0.0538804 0.15106 0.307824 0.0337154 0.029141 0.0226286
threshold=86252.750000000015 4.5000000000000009 22.500000000000004 4.5000000000000009 29907.500000000004 4.5000000000000009 -2249.4999999999995 80569.354166666686 11170.599861246616 2.2082065201427135 167.50000000000003 1100.2500000000002 1.9755067216979285 98246.500000000015 29167.500000000004 35862.375000000007 52.795915661951916 54.335123164759864 13.726523167162513 98348.000000000015 16.625000000000004 76199.500000000015 -1106.4999999999998 83539.979166666672 3.1595205385082061 16075.000000000002 95.500000000000014 13.775000000000002 7.5000000000000009 4.5000000000000009 21.500000000000004 3.5000000000000004 7.8250000000000002 2.4678327999820655 18.025000000000002 32075.500000000004 30407.500000000004 -0.45000000000000001 -0.50000000000000078 6.5000000000000009 4.5000000000000009 88537.000000000015 31589.000000000004 22.500000000000004 29936.500000000004 808.50000000000011 19.500000000000004 47.760215000000009 6613.9942986061014 58.427409979166669 75919.500000000015 81279.000000000015 -3.300525000000007 1033.6250000000002 -0.32499999999999923 89105.020833333358 56.043881889608947 15.975000000000001 19.728164547009921
decision_type=2 2 2 2 2 2 2 2 2 2 2 2 2 2 2 2 2 2 2 2 2 2 2 2 2 2 2 2 2 2 2 2 2 2 2 2 2 2 2 2 2 2 2 2 2 2 2 2 2 2 2 2 2 2 2 2 2 2 2
left_child=1 10 6 4 5 14 -3 9 11 -8 -1 -7 -12 18 15 37 27 -18 35 -20 -4 22 -5 31 -25 49 38 -11 29 48 32 -14 33 -30 -32 36 -6 -2 -13 40 50 -42 -43 53 45 -45 -29 -15 -9 -21 -23 52 -34 54 55 -41 -46 -54 -49
right_child=3 2 20 21 13 8 7 28 -10 16 12 26 23 47 -16 -17 17 -19 19 25 -22 39 -24 24 -26 -27 -28 46 30 -31 34 -33 51 -35 -36 -37 -38 -39 -40 43 41 42 -44 44 56 -47 -48 58 -50 -51 -52 -53 57 -55 -56 -57 -58 -59 -60
leaf_value=-83.893178440146414 8.1352660709604407 -138.57822022777802 -74.788904228451301 -49.682422478000277 18.236570336029128 -91.825093915873609 -123.16435617200469 30.670295306435658 -7.857097310899217 -22.593813527031202 -86.901319772441923 -127.22358019300511 -170.34766509617342 2.3878250017519145 32.150378204155835 -51.912676939679436 -107.46073624084924 28.717942533152598 -28.171538626980116 -0.47464453825670239 -115.97843354645424 3.3900215033019587 64.395726905571422 -68.60541695217114 -82.740365751665578 -3.5049224493797841 -29.116041433777202 30.077068941579874 -4.3936962748275095 -64.460656478714242 -20.644078627456881 -162.18988450326651 7.9776956042119531 36.55494897401956 5.3338823206879198 28.423455329682792 -1.8583825887047862 -6.679262318774879 -64.50993241908813 -5.1462787322401429 -50.307305167294551 -2.6530091677358705 29.905989962471523 13.898663118656579 8.5008518118561565 -33.917477910404251 -23.043114845956406 135.11069633613056 -1.3912535964561279 8.3957486285937168 142.37027039550537 53.259041436612939 38.703800471077443 205.50444828530132 251.78613793878424 234.5638265040179 97.969616719393002 35.000019921808835 51.255584103776627
leaf_weight=22 21 36 20 32 27 27 32 49 30 29 24 39 123 26 60 21 29 21 27 20 35 20 42 33 34 26 22 70 20 29 20 32 23 45 23 75 31 20 20 28 25 20 75 30 20 21 20 637 20 36 320 392 89 3547 136 38 165 20 27
leaf_count=22 21 36 20 32 27 27 32 49 30 29 24 39 123 26 60 21 29 21 27 20 35 20 42 33 34 26 22 70 20 29 20 32 23 45 23 75 31 20 20 28 25 20 75 30 20 21 20 637 20 36 320 392 89 3547 136 38 165 20 27
internal_value=0.000664181 -0.00532284 -0.0012533 0.00201712 -0.000520929 -0.00852364 -0.00034743 0.00025776 -0.0147936 -0.00429637 -0.0208243 -0.0180666 -0.0221008 0.00170904 -0.00140049 -0.00565217 -0.00212892 -0.00772455 -0.00144981 -0.00467461 -0.0170962 0.00268726 -0.00222672 -0.0233273 -0.0188674 -0.00171742 -0.021381 0.000201511 0.00151623 -0.00155963 0.0019981 -0.0252224 0.0023833 -0.000645161 -0.00320186 0.00117205 -0.00108434 -0.000583941 -0.0238579 0.00276979 0.00188437 -0.000724396 0.00170347 0.0028712 0.00158831 -0.002818 0.00196448 0.00282133 0.00164978 0.0013369 0.00281388 0.00276474 0.00206662 0.00295111 0.00238991 0.00113464 0.0028201 0.00269478 0.00294986
internal_weight=7001 1290 1022 5711 1192 260 967 931 138 201 268 108 246 932 122 62 169 50 242 109 55 4519 74 222 67 82 81 119 730 98 632 155 589 65 43 133 58 41 59 4445 460 120 95 3985 236 51 90 690 69 56 340 524 132 3749 202 66 185 109 664
internal_count=7001 1290 1022 5711 1192 260 967 931 138 201 268 108 246 932 122 62 169 50 242 109 55 4519 74 222 67 82 81 119 730 98 632 155 589 65 43 133 58 41 59 4445 460 120 95 3985 236 51 90 690 69 56 340 524 132 3749 202 66 185 109 664
is_linear=0
shrinkage=0.03


Tree=21
num_leaves=63
num_cat=0
split_feature=70 4 4 70 16 5 48 70 70 5 56 20 58 27 46 64 4 43 62 26 23 37 5 1 64 24 27 41 0 4 5 12 4 24 58 13 12 50 0 1 27 24 26 63 45 38 0 34 47 5 19 25 0 27 0 31 45 25 14 0 16 0
split_gain=59.4797 107.98 13.9007 12.5106 12.4248 9.23971 8.33586 6.29963 6.25883 4.8751 8.71015 4.59674 4.30537 4.20547 2.97394 2.60655 2.60453 5.44256 5.7737 4.62273 2.47606 2.29831 3.24054 1.8309 1.79235 1.52139 1.51115 1.28232 1.2355 1.83168 1.74895 1.19059 1.13625 1.08126 0.818366 0.813277 0.453404 0.411465 0.408765 0.707797 0.36818 0.342096 0.319886 0.829513 0.319684 0.628134 0.28802 0.255023 0.192144 0.216412 0.186993 0.169624 0.153831 0.0931112 0.0811715 0.0707967 0.0939072 0.0562556 0.118061 0.017923 0.156542 0.0101748
threshold=89417.729166666672 4.5000000000000009 22.500000000000004 84662.083333333343 -2249.4999999999995 4.5000000000000009 225.50000000000003 80902.875000000015 84662.083333333343 4.5000000000000009 5412.5000000000009 18.554166666666671 2012.9791666666667 11.229386614291927 27706.125000000004 2577.5000000000005 6.5000000000000009 29467.500000000004 1057.0625000000002 84.146895020833341 75.757390000000015 14362.500000000002 5.5000000000000009 10.375000000000002 3849.0000000000005 79.167630000000017 16.404692950033844 44055.500000000007 72845.500000000015 7.5000000000000009 3.5000000000000004 80771.500000000015 21.500000000000004 47.904905000000007 2625.041666666667 88875.500000000015 76903.500000000015 222.56250000000003 87013.500000000015 16.125000000000004 18.124545976652236 55.579698500000006 87.034621854166673 4513.5000000000009 29020.500000000004 12082.395833333334 73172.000000000015 3.3200530271309465 79.500000000000014 3.5000000000000004 17.775000000000002 50.013578500000008 90954.500000000015 19.728164547009921 88790.000000000015 69.491656680478627 31543.000000000004 95.399860000000018 82334.270833333343 76197.000000000015 -1287.4999999999998 70908.500000000015
decision_type=2 2 2 2 2 2 2 2 2 2 2 2 2 2 2 2 2 2 2 2 2 2 2 2 2 2 2 2 2 2 2 2 2 2 2 2 2 2 2 2 2 2 2 2 2 2 2 2 2 2 2 2 2 2 2 2 2 2 2 2 2 2
left_child=1 3 4 12 5 -3 34 9 -4 46 14 13 -1 20 -11 26 17 18 -2 27 -8 22 33 -14 -10 -17 -15 52 29 30 -9 -12 40 -19 -5 -34 -25 -35 39 -23 42 -39 57 -44 -31 61 -6 48 49 -18 -13 -40 -20 55 -38 -53 -57 -30 -59 60 -50 -46
right_child=16 2 8 6 7 -7 11 28 24 10 31 50 23 15 -16 25 47 21 19 -21 -22 38 -24 36 -26 -27 -28 -29 32 44 -32 -33 35 37 -36 -37 54 41 51 -41 -42 -43 43 -45 45 -47 -48 -49 59 -51 -52 53 -54 -55 -56 56 -58 58 -60 -61 -62 -63
leaf_value=-34.246429420297787 -65.274561120423826 -11.137093854706402 -115.19333268946293 -14.081651741838341 -0.10961779382806269 -136.75192667170811 11.319486144259864 14.034803956701714 1.7027964852032653 -60.20456756067221 7.1570137828610747 -103.47165440870134 -83.187384523078364 -16.117862033163465 -136.52558638348748 -95.252840824144116 85.661118029399844 -1.7107923707490715 18.55799860248937 -56.346151927838278 -33.833597548156106 57.37154387918504 -21.081958913780156 -156.23144350151966 -47.591203911219125 -42.242589915474269 -116.59648467679342 -9.3661920628175359 64.49941725016231 23.981423292839704 -61.645233808412485 -29.400200834667157 8.6248669089786478 -1.277078195534578 16.75678898374013 -15.221794114063766 -165.2697716319895 0.35157857618856114 4.7900437455259492 -3.6712536712491799 -0.43785875912425126 34.214947553878368 113.4058173756804 -17.986116569400266 25.597699451104798 -6.7983768255637989 77.610399328435363 8.4264584552004305 3.3356610176408394 -1.0475994099558412 -91.156332566241986 113.42089785462355 0.42127002104778016 30.050988777767714 -131.22135268178533 7.9107794321405764 138.32659694742662 0.041168439755391285 106.37074603441692 234.9339632663474 97.183785052349847 45.883621062097987
leaf_weight=26 23 39 37 22 34 29 21 29 26 25 44 21 25 20 34 23 23 27 76 20 20 31 39 24 21 20 20 25 827 73 23 25 34 24 25 36 112 36 21 20 21 132 47 20 20 20 60 33 20 20 20 883 20 35 22 21 25 20 34 3346 82 20
leaf_count=26 23 39 37 22 34 29 21 29 26 25 44 21 25 20 34 23 23 27 76 20 20 31 39 24 21 20 20 25 827 73 23 25 34 24 25 36 112 36 21 20 21 132 47 20 20 20 60 33 20 20 20 883 20 35 22 21 25 20 34 3346 82 20
internal_value=0.000702747 -0.00364024 -7.69663e-05 -0.0171551 0.000580543 -0.0119383 -0.0119802 0.00117212 -0.0119501 -0.00347141 -0.00728337 -0.0151545 -0.0223816 -0.0122079 -0.015736 -0.0161011 0.00246342 0.00139291 -0.00374771 -0.00144578 -0.00423358 0.00204698 -0.000476559 -0.0240197 -0.00458599 -0.0212993 -0.010399 0.000743188 0.00201699 -0.000226904 -0.0050096 0 0.0024194 0.000931082 -0.000764331 -0.00124108 -0.0252562 0.00173347 0.00267831 1.10228e-10 0.00268703 0.00226651 0.00277502 0.00071535 0.00162284 0 0.00168969 0.00290542 0.00293031 0.000835267 -0.0239416 0.00281393 0.00234131 0.00287211 -0.0260626 0.00293187 0.0016269 0.00292816 0.00182994 0.00295554 0.00238002 0.00216958
internal_weight=7001 2019 1598 421 1514 68 212 1446 84 222 128 165 209 124 59 83 4982 1458 164 141 41 1294 258 183 47 43 40 121 1224 185 52 69 1039 219 47 70 158 192 1036 51 969 168 948 67 133 60 94 3524 3491 43 41 985 96 964 134 929 46 881 54 3448 102 40
internal_count=7001 2019 1598 421 1514 68 212 1446 84 222 128 165 209 124 59 83 4982 1458 164 141 41 1294 258 183 47 43 40 121 1224 185 52 69 1039 219 47 70 158 192 1036 51 969 168 948 67 133 60 94 3524 3491 43 41 985 96 964 134 929 46 881 54 3448 102 40
is_linear=0
shrinkage=0.03


Tree=22
num_leaves=63
num_cat=0
split_feature=14 4 4 16 4 44 20 42 54 35 55 67 53 18 4 16 58 44 62 40 0 0 21 25 26 39 14 69 16 45 45 23 25 20 62 25 59 14 4 11 43 4 16 35 33 60 19 34 25 16 26 57 32 1 48 34 0 34 60 37 16 18
split_gain=50.7601 76.8303 13.0409 10.4212 9.4022 23.6016 12.504 9.14088 6.48481 5.42966 5.01967 5.01643 4.03727 4.37276 3.48825 3.44709 3.26159 3.15164 3.56031 3.12826 3.0482 2.36424 2.19173 2.11844 2.02092 1.95812 1.73735 1.38787 2.49321 1.2813 1.52282 1.28096 1.21344 1.1677 1.57901 1.1465 1.03953 0.893902 0.726778 1.39154 0.65611 1.28736 1.44249 2.24358 1.32857 0.404513 0.368632 0.383179 0.320826 0.192306 0.635593 1.2581 0.151741 0.943996 0.140937 0.136731 0.0995474 0.0750512 0.160386 0.0460149 0.122356 0.0318457
threshold=83488.145833333358 4.5000000000000009 22.500000000000004 -2249.4999999999995 4.5000000000000009 29855.500000000004 11.861458333333333 33303.291666666679 1586.1041666666667 17597.000000000004 1177.5000000000002 75300.500000000015 1120.5000000000002 16.125000000000004 21.500000000000004 -758.99999999999989 2012.9791666666667 28192.000000000004 1529.6250000000002 37428.500000000007 98246.500000000015 73591.500000000015 3.7935269735531585 81.36451000000001 56.813851375000006 32087.000000000004 82525.645833333358 76199.500000000015 -1459.4999999999998 32348.000000000004 31167.500000000004 48.345931000000007 87.364355000000003 11.173958333333335 2276.6666666666674 84.378948000000022 2288.0000000000005 88575.208333333343 6.5000000000000009 74862.500000000015 29255.500000000004 21.500000000000004 -2112.4999999999995 14051.500000000002 2.6927893278116026 2698.0000000000005 26.025000000000002 -2.3181991866177003 47.760215000000009 -1599.4999999999998 57.628856229166665 3.5000000000000004 57.848048965747218 19.975000000000005 381.50000000000006 -0.45878215069495448 89167.000000000015 -0.97836012436839315 1468.5000000000002 10564.000000000002 -318.99999999999994 0.62500000000000011
decision_type=2 2 2 2 2 2 2 2 2 2 2 2 2 2 2 2 2 2 2 2 2 2 2 2 2 2 2 2 2 2 2 2 2 2 2 2 2 2 2 2 2 2 2 2 2 2 2 2 2 2 2 2 2 2 2 2 2 2 2 2 2 2
left_child=1 7 3 21 5 6 23 16 12 10 19 15 -9 26 38 35 -1 -17 -19 -8 24 -3 -4 54 31 -16 -14 28 -6 30 56 -7 -20 -18 -35 -5 -32 -21 39 -13 41 42 43 -29 -43 -27 47 -40 -22 50 51 -42 53 61 -2 -53 -26 58 -49 60 -44 -52
right_child=4 2 22 11 27 20 9 8 -10 -11 -12 14 13 -15 25 17 33 18 32 37 48 -23 -24 -25 29 45 -28 40 -30 -31 36 -33 -34 34 -36 -37 -38 -39 46 -41 49 44 59 -45 -46 -47 -48 57 -50 -51 52 55 -54 -55 -56 -57 -58 -59 -60 -61 -62 -63
leaf_value=-33.414595970173089 20.910445289633582 -137.16410473636563 -80.000195835397449 -53.196004568046682 -50.763333679435654 -0.040784391489758355 -85.74092217545568 7.992498537293482 -89.870910693755306 -1.0660252808080437 -26.61160629767269 -76.617915264034778 -77.303024208872031 -6.8439033561875995 -68.879373634373408 8.9650140560871137 -133.73753043681066 -98.580518977948586 15.128591858622496 -116.03529263464128 2.2700014738123082 -57.122178450545434 -112.48158291138282 -31.243597748160035 5.3245246319550414 -5.132867865793199 -40.975312218009968 -56.051421949446052 48.236047148921422 19.416784093765603 -0.25999456167409418 -11.213045957693355 -56.388252193523655 -169.95952548690883 -67.759025930515406 -139.04749818767391 -8.6660317125366184 -52.794533376743225 0.52919007871213841 10.362518035671178 -4.7564489308787827 37.316575867483394 10.648885194829216 74.758154846233353 -23.175012826282376 8.2568699216540899 -4.8803067066406598 45.524880391969027 120.90635170674337 225.95732953196844 92.258002500538026 114.52586172475989 214.43413360663817 -8.9382202706949698 5.0011030027194945 5.0122228383691931 44.75944808165184 48.668612947740186 28.481193173228039 84.908847763833066 61.82948466085967 76.284900254453689
leaf_weight=26 55 20 33 23 24 22 27 29 32 26 30 20 23 23 21 74 20 22 33 46 26 20 28 20 20 20 20 20 51 84 20 28 20 108 26 22 21 20 36 43 23 25 20 27 36 22 20 54 664 3040 20 50 534 21 20 20 24 557 33 348 37 124
leaf_count=26 55 20 33 23 24 22 27 29 32 26 30 20 23 23 21 74 20 22 33 46 26 20 28 20 20 20 20 20 51 84 20 28 20 108 26 22 21 20 36 43 23 25 20 27 36 22 20 54 664 3040 20 50 534 21 20 20 24 557 33 348 37 124
internal_value=0.000737027 -0.00430852 -0.000663634 0.000110367 0.00203047 -0.000379846 -0.00866448 -0.0176034 -0.0113769 -0.0140845 -0.0167181 0.000702872 -0.0073817 -0.0114826 0.00172497 -0.00363215 -0.0219711 -0.00140845 -0.00575233 -0.0201719 0.00184138 -0.0148878 -0.0141408 -0.000126183 -0.00123231 -0.00503962 -0.017123 0.00265989 -0.00135819 0.000319338 -0.00225617 -0.00652695 -0.00146893 -0.0236535 -0.0247204 -0.0109091 -0.00642336 -0.0237368 0.00228804 -0.000760697 0.00272997 0.00170727 0.00226277 -0.00267516 -0.00235679 -0.0012114 0.00256678 0.00268637 0.00282133 0.00286605 0.00242772 6.44469e-05 0.00273781 0.00188976 0.00215712 0.002097 0.00156463 0.00285515 0.00192882 0.00284374 0.00189142 0.00276891
internal_weight=7001 1428 1121 1060 5573 1153 244 307 127 149 123 1020 95 66 826 194 180 149 75 93 909 40 61 95 219 63 43 4420 75 169 85 50 53 154 134 45 41 66 763 63 4345 513 452 47 61 42 700 680 690 3832 792 93 699 165 75 70 44 644 87 405 57 144
internal_count=7001 1428 1121 1060 5573 1153 244 307 127 149 123 1020 95 66 826 194 180 149 75 93 909 40 61 95 219 63 43 4420 75 169 85 50 53 154 134 45 41 66 763 63 4345 513 452 47 61 42 700 680 690 3832 792 93 699 165 75 70 44 644 87 405 57 144
is_linear=0
shrinkage=0.03


Tree=23
num_leaves=63
num_cat=0
split_feature=70 4 4 4 44 5 18 16 49 5 4 70 56 58 17 15 18 17 52 14 5 0 53 17 60 58 43 51 48 44 26 4 36 40 32 15 11 40 0 4 43 55 68 16 51 16 40 14 61 16 31 11 4 70 58 43 2 13 15 2 13 2
split_gain=55.9998 83.4998 12.4843 10.7075 20.5671 12.3771 12.247 10.164 9.30183 4.64335 5.3255 4.2388 4.58426 3.84974 3.72156 4.2396 3.53594 3.16789 3.13393 3.02574 2.64521 3.8328 2.16183 2.04641 2.02833 1.66106 1.33288 1.46066 1.23061 2.30117 1.1844 1.11354 1.01458 0.745221 0.572877 0.556726 0.368809 0.368744 0.359204 0.248593 0.833659 0.834833 0.209841 0.488269 0.192397 0.172215 0.170628 0.162786 0.141075 0.265106 0.0643544 0.105922 0.0388582 0.375273 0.0359851 0.0347358 0.0336797 0.0327803 0.0372509 0.0314792 0.0266003 0.0238946
threshold=85718.562500000015 4.5000000000000009 22.500000000000004 6.5000000000000009 29936.500000000004 4.5000000000000009 8.8750000000000018 -2249.4999999999995 265.50000000000006 4.5000000000000009 7.5000000000000009 78802.916666666686 5707.5000000000009 2012.9791666666667 10.375000000000002 10469.154360491912 8.1750000000000025 17.425000000000001 1180.5000000000002 95299.958333333358 5.5000000000000009 88477.500000000015 1307.5000000000002 17.425000000000001 1999.5000000000002 3460.9375000000005 29223.500000000004 855.50000000000011 220.50000000000003 31211.500000000004 50.476544937500002 21.500000000000004 15855.500000000002 32138.000000000004 49.756495652255317 3143.3857431424726 69789.500000000015 31347.000000000004 97301.500000000015 22.500000000000004 29987.000000000004 4756.5000000000009 77293.000000000015 -951.49999999999989 1168.5000000000002 -1775.9999999999998 40621.500000000007 88357.833333333343 149.50000000000003 -919.99999999999989 69.491656680478627 108405.00000000001 21.500000000000004 88593.729166666672 5105.6458333333348 29241.500000000004 41.053168500000005 96393.000000000015 7777.57942917536 59.048847500000008 70398.500000000015 52.600697000000004
decision_type=2 2 2 2 2 2 2 2 2 2 2 2 2 2 2 2 2 2 2 2 2 2 2 2 2 2 2 2 2 2 2 2 2 2 2 2 2 2 2 2 2 2 2 2 2 2 2 2 2 2 2 2 2 2 2 2 2 2 2 2 2 2
left_child=1 13 7 4 5 8 -7 -3 46 31 -11 12 -12 -1 -10 18 -15 -4 -16 20 28 -22 44 -20 33 -8 37 -28 59 -30 -21 36 47 -24 -5 -36 -9 -18 -23 42 41 -41 43 -37 -13 -38 -2 -31 49 -44 54 -52 60 -54 -32 -55 -42 58 -47 -6 -50 -49
right_child=3 2 17 34 19 6 25 9 14 10 11 22 -14 16 15 -17 26 -19 23 30 21 38 24 -25 -26 -27 27 -29 29 32 50 -33 -34 -35 35 39 45 -39 -40 40 56 -43 48 -45 -46 57 -48 61 52 -51 51 -53 53 55 -56 -57 -58 -59 -60 -61 -62 -63
leaf_value=-31.045864959024168 23.427862909565075 -127.97563512212687 -62.608304088765031 -13.569175167327836 6.4346971473712458 -0.09716530623440249 -50.626965930025399 -4.8827185968856179 9.5538509688941566 -131.57891160443802 -95.623759524435059 24.106283080059168 4.0700302035528004 -44.736353588530186 -18.147869302567351 0.22712789544647446 -152.27619721851738 -103.92473558915235 -144.33500876413686 -0.70357039025748702 -20.630999171393672 -2.0035683359553373 -5.2457166152973311 -55.416437258986818 -21.356629615622857 -114.55183756976741 -104.3613612433624 -71.669185682974486 -15.286655089513168 5.0332787121124349 137.85248356555797 -12.765878432543328 -2.8219446936578176 5.4211054703461645 -1.145474295931407 -0.87794759161415004 4.3668407044105955 -158.0432048539287 14.730756679673881 2.0662229837620201 36.046490404894541 -9.6599792836654572 -0.81755691427120258 123.98780754852572 13.359820101849712 62.127267885158808 5.0655382761524868 2.3875513802445596 28.933601768364863 343.94852082080081 4.6642910276562288 102.08580562061184 -0.53832365803376314 33.403080126558088 50.907175241189876 102.52378140598678 79.11154071453619 46.909341650667137 58.518201647976014 57.477784524297725 201.23956324205079 16.223192801951232
leaf_weight=30 131 31 21 25 20 37 33 20 24 37 31 141 31 20 35 30 20 28 27 28 27 20 24 38 20 42 23 30 27 29 845 26 21 27 26 21 20 114 20 23 20 31 20 45 36 380 20 20 25 35 20 27 20 20 21 199 164 20 20 118 3463 54
leaf_count=30 131 31 21 25 20 37 33 20 24 37 31 141 31 20 35 30 20 28 27 28 27 20 24 38 20 42 23 30 27 29 845 26 21 27 26 21 20 114 20 23 20 31 20 45 36 380 20 20 25 35 20 27 20 20 21 199 164 20 20 118 3463 54
internal_value=0.000758452 -0.00529258 -0.00116964 0.00194835 -4.37546e-05 -0.00584033 -0.0143711 -0.000329823 -0.0026942 0.000295283 -0.00235091 -0.0010545 -0.00806763 -0.0211556 -0.00788449 -0.00989239 -0.0226267 -0.0158859 -0.0128571 0.0018179 -0.00053075 -0.00590164 0.000689238 -0.0167742 -0.00371308 -0.0213316 -0.023923 -0.019548 0.000705638 -0.00115156 0.0027096 0.00219091 0.000556003 -0.000469667 0.00277441 0.00280222 0.00253641 -0.0256152 0 0.00283033 0.00185216 -0.00138632 0.00289 0.00113464 0.00247318 0.00271984 0.00258107 0.00180407 0.00291981 0.00130672 0.00289782 0.00165605 0.00294277 0.00248432 0.00296155 0.00284801 0.00281912 0.00284932 0.00291677 0.00275887 0.00297325 0.00255061
internal_weight=7001 1150 913 5851 1714 417 112 864 305 833 347 310 62 237 154 130 207 49 100 1297 356 67 248 65 71 75 187 53 289 151 941 486 124 51 4137 4112 460 134 40 4086 238 54 3848 66 177 440 151 103 3782 55 913 47 3727 239 866 219 184 420 400 138 3488 74
internal_count=7001 1150 913 5851 1714 417 112 864 305 833 347 310 62 237 154 130 207 49 100 1297 356 67 248 65 71 75 187 53 289 151 941 486 124 51 4137 4112 460 134 40 4086 238 54 3848 66 177 440 151 103 3782 55 913 47 3727 239 866 219 184 420 400 138 3488 74
is_linear=0
shrinkage=0.03


Tree=24
num_leaves=63
num_cat=0
split_feature=70 4 4 4 70 16 5 6 49 70 50 36 67 16 43 61 67 58 62 54 19 7 55 4 55 4 5 66 57 42 49 11 44 5 16 36 4 48 36 5 32 44 59 48 64 54 11 4 5 11 68 11 26 23 12 1 4 66 16 1 2 23
split_gain=51.7055 73.6878 12.4793 11.9182 23.51 9.76237 8.41376 5.67841 5.20802 4.86867 5.59141 4.68983 4.42392 3.74882 4.01503 4.08185 3.6764 3.34826 3.33175 3.20743 3.11013 3.02661 2.97953 2.63068 2.43757 4.11377 1.75101 1.13506 1.96409 2.27992 1.11581 1.91624 0.936523 1.74082 7.31336 2.72763 2.04464 1.05049 0.728969 0.615627 1.62805 2.23187 0.589005 0.568986 0.548112 0.397005 0.278207 0.220251 0.997634 1.84338 0.20773 0.175266 0.15737 0.151828 0.128595 0.0995474 0.0364658 0.0356158 0.0335702 0.0305647 0.0213514 0.0194337
threshold=84864.437500000015 4.5000000000000009 21.500000000000004 5.5000000000000009 89530.958333333358 -2153.4999999999995 4.5000000000000009 4.5000000000000009 229.50000000000003 101778.72916666667 429.06250000000006 17156.500000000004 74914.500000000015 -758.99999999999989 28595.000000000004 945.50000000000011 83782.500000000015 2012.9791666666667 2067.3958333333335 887.79166666666686 14.275000000000002 2.5000000000000004 31.500000000000004 22.500000000000004 1177.5000000000002 3.5000000000000004 4.5000000000000009 2188.0625000000005 8.5000000000000018 42397.083333333336 594.50000000000011 105787.50000000001 30093.500000000004 4.5000000000000009 -973.49999999999989 13001.500000000002 21.500000000000004 729.50000000000011 12320.000000000002 4.5000000000000009 53.265685221864651 28268.500000000004 2125.5000000000005 1031.5000000000002 2805.5000000000005 557.16666666666686 99033.000000000015 7.5000000000000009 5.5000000000000009 94546.000000000015 82321.500000000015 71946.000000000015 55.665429979166682 90.17932500000002 89564.000000000015 8.3250000000000011 20.500000000000004 462.56250000000006 -517.49999999999989 12.675000000000002 78.503473000000014 37.081273500000002
decision_type=2 2 2 2 2 2 2 2 2 2 2 2 2 2 2 2 2 2 2 2 2 2 2 2 2 2 2 2 2 2 2 2 2 2 2 2 2 2 2 2 2 2 2 2 2 2 2 2 2 2 2 2 2 2 2 2 2 2 2 2 2 2
left_child=1 17 5 4 6 -3 8 -8 -2 10 27 26 13 -7 53 -16 -4 -1 43 -10 -20 -21 -13 -18 25 44 30 28 29 -6 54 -32 33 36 35 -35 -5 38 -38 51 59 55 58 50 -23 -29 -11 48 52 -50 -19 -14 -34 -15 -12 -42 -53 -48 -36 -41 -30 -49
right_child=3 2 16 32 9 12 7 -9 19 46 11 22 39 14 15 -17 23 18 20 21 -22 24 -24 -25 -26 -27 -28 45 60 -31 31 -33 47 34 42 -37 37 -39 -40 40 41 -43 -44 -45 -46 -47 57 61 49 -51 -52 56 -54 -55 -56 -57 -58 -59 -60 -61 -62 -63
leaf_value=-30.456062293264242 9.2970028989140818 -124.41577138890588 -110.82275779234217 125.29234725342695 -16.485839755351957 -112.62991554671721 -21.349650741713958 -108.79616609001241 7.3759414617842696 4.715358519326208 36.18613426378711 -51.250304312675091 0.21851474504843871 9.5603684546846512 -92.755046738799905 16.576656541631142 -11.143852300004051 -161.52670775096752 -53.527274620089294 -10.340469489077851 -69.503650986751992 -72.104089229771475 -35.043815438947853 -60.809205156493405 -13.727785511657416 -31.866556282272029 -33.634359212476447 -0.29406848109548173 19.524100522977307 0.059939485061229474 -8.0157855306491221 18.974523536177024 4.7855475882530749 -47.042415257604986 15.198653848349725 -1.4194745205827051 -6.1723003405044716 -15.009779917010905 22.4859523979618 2.0931011585671202 111.6094033683576 -45.446288501856678 -4.0718958626722577 -67.497164215044222 -58.40608118526437 38.785083227429759 37.278675522413032 88.159782319710658 -10.040130087184236 280.54034882193338 -154.57020752713032 61.858443582335411 194.55035806559596 1.6309617800994547 4.9135721278680782 3.5521326945359815 9.5299902921540642 182.6596186288472 54.574995130133445 23.262045975788663 4.6688690451668782 282.04260805581549
leaf_weight=29 48 30 20 839 20 38 25 42 23 30 42 20 20 72 21 22 29 39 23 23 20 21 25 32 21 22 30 20 44 34 30 21 23 29 20 22 29 34 47 20 24 33 22 20 25 203 21 106 20 30 83 298 286 20 20 20 20 665 161 105 20 2800
leaf_count=29 48 30 20 839 20 38 25 42 23 30 42 20 20 72 21 22 29 39 23 23 20 21 25 32 21 22 30 20 44 34 30 21 23 29 20 22 29 34 47 20 24 33 22 20 25 203 21 106 20 30 83 298 286 20 20 20 20 665 161 105 20 2800
internal_value=0.000771307 -0.00540699 -0.00132872 0.00184736 -0.000469534 -0.000104966 -0.00886445 -0.0179732 -0.00550519 0.00121436 -0.000963901 -0.00511962 0.000597392 -0.00357019 -0.00119911 -0.0087703 -0.0125031 -0.0210883 -0.0225932 -0.00852702 -0.0150348 -0.0106244 -0.0135698 -0.00873977 -0.0131313 -0.0159031 -0.00243187 0.00131926 -0.00104149 -0.00526802 -0.000689655 -0.00399217 0.00262326 0.00190009 -0.000295159 -0.0104501 0.00249078 -0.00133515 0.000591327 0.00193853 0.00060861 -0.00280156 0.0022452 -0.0248487 -0.0210195 0.0025818 0.00282782 0.00288873 0.00215539 -0.00173653 -0.0257248 0.00272405 0.00279521 0.0023127 0.00198068 0.00156463 0.00289532 0.00295146 0.00281612 0.00273381 0.0024805 0.00297822
internal_weight=7001 1038 824 5963 1495 743 250 67 183 1245 529 188 713 173 135 43 81 214 185 135 43 112 45 61 89 68 143 341 118 54 113 51 4468 1203 254 51 949 110 76 540 202 77 203 142 46 223 716 3265 359 50 122 338 309 92 62 44 318 686 181 125 64 2906
internal_count=7001 1038 824 5963 1495 743 250 67 183 1245 529 188 713 173 135 43 81 214 185 135 43 112 45 61 89 68 143 341 118 54 113 51 4468 1203 254 51 949 110 76 540 202 77 203 142 46 223 716 3265 359 50 122 338 309 92 62 44 318 686 181 125 64 2906
is_linear=0
shrinkage=0.03


Tree=25
num_leaves=63
num_cat=0
split_feature=70 4 4 70 5 4 24 16 48 70 48 0 58 5 61 67 5 2 17 58 3 34 4 35 50 0 20 38 28 27 40 4 45 58 58 65 4 14 16 27 36 34 39 22 0 17 2 26 61 16 0 12 4 67 1 27 1 12 3 2 16 53
split_gain=48.9626 64.1344 13.2539 28.5031 12.5926 10.4562 9.92093 8.2141 6.57337 4.83482 5.21514 4.8025 4.79892 4.13422 5.97976 3.32383 3.05649 6.19071 2.93678 2.8415 2.77028 2.42691 3.60336 2.39666 2.05 1.86549 1.60137 1.21865 1.06655 0.90401 0.886251 0.872705 2.02228 2.12469 0.734067 0.549362 0.545459 0.425321 0.821677 0.41161 0.533591 0.369925 0.365858 0.216412 0.214185 0.395099 0.175891 0.166812 0.13843 0.558303 0.0720401 0.101766 0.0612001 0.301846 0.359204 0.0607382 0.105922 0.0601672 0.0345253 0.0272299 0.0266453 0.0250049
threshold=83662.583333333343 4.5000000000000009 6.5000000000000009 89417.729166666672 4.5000000000000009 21.500000000000004 66.901053000000005 -2153.4999999999995 277.50000000000006 97859.937500000015 1031.5000000000002 73393.000000000015 2012.9791666666667 4.5000000000000009 1052.5000000000002 84196.500000000015 4.5000000000000009 80.000892500000006 13.575000000000001 2371.2708333333339 62.53624380980839 0.73617222087407808 3.5000000000000004 11534.000000000002 227.41666666666671 85946.000000000015 17.871875000000006 12305.41666666667 1.8644350000000041 8.6838725249475814 44652.000000000007 22.500000000000004 30340.500000000004 3512.7083333333339 3615.8958333333335 2028.5000000000002 20.500000000000004 99086.250000000015 -5687.9999999999991 13.975368052715277 15678.000000000002 -0.62641150176275662 27518.500000000004 -0.94999999999999973 73393.000000000015 14.275000000000002 41.053168500000005 85.227013854166685 164.50000000000003 -1637.4999999999998 94717.500000000015 94673.500000000015 21.500000000000004 93080.000000000015 15.625000000000002 16.504650616901333 12.675000000000002 77351.500000000015 54.03244003382342 77.342050000000015 -3203.4999999999995 423.50000000000006
decision_type=2 2 2 2 2 2 2 2 2 2 2 2 2 2 2 2 2 2 2 2 2 2 2 2 2 2 2 2 2 2 2 2 2 2 2 2 2 2 2 2 2 2 2 2 2 2 2 2 2 2 2 2 2 2 2 2 2 2 2 2 2 2
left_child=1 12 3 4 8 7 -6 -3 26 10 16 13 -1 41 18 -7 29 25 -15 -8 -12 22 28 -17 -14 -18 60 -23 -10 -5 -31 42 33 43 -32 -26 47 38 -11 -40 -41 -9 -4 -33 45 59 -34 55 49 -46 51 -39 61 54 -54 -13 -57 -37 -55 -44 -2 -50
right_child=2 5 31 9 6 15 19 11 21 37 20 36 24 14 -16 23 17 -19 -20 -21 -22 27 -24 -25 35 -27 -28 -29 -30 30 34 32 46 -35 -36 57 -38 50 39 40 -42 -43 44 -45 48 -47 -48 -49 52 -51 -52 -53 53 58 -56 56 -58 -59 -60 -61 -62 -63
leaf_value=-21.958404588287742 6.4188818402521433 -121.24210882103078 3.4552020374296362 -0.60319408722405177 -0.54515558992376534 -106.76810355750737 -46.120489299025337 -7.2934128539838223 -90.029247965155875 -0.79360003618715436 -56.384242255102805 40.998736010954779 -111.45929066973524 -108.80361100563181 9.0365776047533934 -0.79137088901172603 -5.6420222043189394 -45.846134981944942 -53.48631613561637 -103.24107013445864 -7.6727023802988761 -35.130038497700696 -29.535770125497457 -38.726817946843489 -120.05955866235949 5.5957978086999089 -22.367017765306841 0.72068136188728937 -55.318834821184339 36.552810847394305 -2.5238556432150379 -11.579454587684088 32.32030222315629 -40.867096217658293 22.233525524505428 -142.86211006943316 -2.0335966005480159 72.587070628853226 42.843530018459624 27.095205046905807 -2.7421304923419916 23.910565220623113 84.582702229457595 4.0967985266220506 -0.46895668653263128 -4.5572124278917023 83.402619060089847 14.58839903613466 8.0861672576086736 233.31207900346809 215.69350601998468 6.5785648016231644 2.2725474471206719 37.918790256506931 -6.7923903903732352 0.81120246702635301 21.682513013937168 -149.89800581151241 118.59548230402127 15.920176074216771 14.992316087958521 184.06518550219585
leaf_weight=20 20 28 39 34 25 21 21 24 20 20 27 300 25 39 35 20 27 22 23 57 22 20 24 31 26 49 22 21 28 209 26 20 20 28 30 20 35 25 135 45 30 62 20 23 21 37 164 20 25 70 737 20 20 20 20 20 27 94 191 73 69 3555
leaf_count=20 20 28 39 34 25 21 21 24 20 20 27 300 25 39 35 20 27 22 23 57 22 20 24 31 26 49 22 21 28 209 26 20 20 28 30 20 35 25 135 45 30 62 20 23 21 37 164 20 25 70 737 20 20 20 20 20 27 94 191 73 69 3555
internal_value=0.000869863 -0.00578899 0.00181534 -0.000359644 -0.00836441 -0.00155014 -0.0170514 -0.000274017 -0.00435074 0.00143406 -0.00116342 0.000481969 -0.0214587 -0.00353905 -0.00778579 -0.0123578 -1.51094e-05 -0.00461774 -0.0133816 -0.0223175 -0.010387 -0.00944297 -0.0127739 -0.00810176 -0.0231496 -0.000512483 0.000810081 -0.00350365 -0.017526 0.00148445 0.00208223 0.00270933 0.000987848 -0.00329114 -0.00122995 -0.0246039 0.00232032 0.00258176 0.00142112 0.00198477 0.000159787 0.00121951 0.00281587 0.000835267 0.00284371 0.00159108 0.00265617 0.00266412 0.00288442 0.00164654 0.00291906 0.00159645 0.002913 0.00238949 0 0.00281763 0.00165605 -0.0256354 0.00284225 0.00264232 0.00262626 0.0029488
internal_weight=7001 870 6131 1785 327 685 103 613 224 1458 446 585 185 183 97 72 397 98 62 78 49 113 72 51 165 76 111 41 48 299 265 4346 255 71 56 140 402 1012 230 210 75 86 4091 43 4052 130 184 367 3922 91 782 45 3831 251 40 347 47 114 211 93 89 3580
internal_count=7001 870 6131 1785 327 685 103 613 224 1458 446 585 185 183 97 72 397 98 62 78 49 113 72 51 165 76 111 41 48 299 265 4346 255 71 56 140 402 1012 230 210 75 86 4091 43 4052 130 184 367 3922 91 782 45 3831 251 40 347 47 114 211 93 89 3580
is_linear=0
shrinkage=0.03


Tree=26
num_leaves=63
num_cat=0
split_feature=70 4 4 70 5 4 24 16 49 43 58 52 53 0 54 70 68 21 67 35 48 3 58 35 14 62 21 67 63 43 34 5 4 0 47 4 17 4 17 0 0 5 4 11 35 15 28 0 0 15 34 14 61 10 4 70 19 26 0 66 70 14
split_gain=48.019 60.4886 13.1864 25.7223 11.9772 10.2868 9.2312 8.11362 5.94659 5.65653 4.46662 4.43351 5.60344 4.18777 4.11853 3.60794 3.68629 3.34288 3.32383 2.9026 2.57469 4.06901 2.44829 2.39666 2.15698 2.11379 2.03923 1.9386 1.80361 2.17424 1.35655 1.92146 0.953704 2.02365 2.72036 0.728411 0.63206 0.478832 0.464656 0.525116 0.434569 0.484661 1.12504 0.421349 0.390718 0.35624 0.268046 0.261871 0.198355 0.164444 0.186218 0.132908 0.132762 0.594348 0.140101 0.589008 0.821292 0.069495 0.0922499 0.0597326 0.348413 0.0366605
threshold=83662.583333333343 4.5000000000000009 6.5000000000000009 89417.729166666672 4.5000000000000009 21.500000000000004 66.901053000000005 -2153.4999999999995 229.50000000000003 29467.500000000004 2012.9791666666667 1418.5000000000002 1070.5000000000002 73393.000000000015 980.77083333333337 80161.104166666672 72114.500000000015 3.5234707315766642 84196.500000000015 9213.5000000000018 867.00000000000011 62.985818092556947 2839.4583333333339 11534.000000000002 95487.875000000015 2098.8958333333335 2.5159899350551846 93489.000000000015 2505.0000000000005 31278.500000000004 -0.6894965009029298 3.5000000000000004 22.500000000000004 99582.500000000015 429.50000000000006 7.5000000000000009 20.775000000000002 20.500000000000004 12.275000000000002 88654.500000000015 73393.000000000015 4.5000000000000009 8.5000000000000018 99405.000000000015 16381.500000000002 2900.2498194353398 -8.813032999999999 87874.000000000015 88919.000000000015 7404.8313191869784 -2.3181991866177003 87919.520833333358 164.50000000000003 0.35201941816566318 21.500000000000004 90974.916666666672 21.275000000000002 57.800545916666671 103759.00000000001 797.27083333333337 110113.14583333334 78743.145833333358
decision_type=2 2 2 2 2 2 2 2 2 2 2 2 2 2 2 2 2 2 2 2 2 2 2 2 2 2 2 2 2 2 2 2 2 2 2 2 2 2 2 2 2 2 2 2 2 2 2 2 2 2 2 2 2 2 2 2 2 2 2 2 2 2
left_child=1 10 3 4 8 7 -6 -3 -2 11 -1 51 -13 15 -10 16 -9 26 -7 -18 -14 -22 -8 -20 28 38 -16 -19 29 -11 31 -31 40 34 47 -17 -30 46 -12 -40 41 -4 -43 -38 -32 -42 -15 -34 -26 50 -48 -5 53 -47 61 56 -56 58 -50 60 -59 -54
right_child=2 5 32 9 6 18 22 13 14 24 25 12 20 37 17 35 19 27 23 -21 21 -23 -24 -25 48 -27 -28 -29 36 30 44 -33 33 -35 -36 -37 43 -39 39 -41 45 42 -44 -45 -46 52 49 -49 57 -51 -52 -53 54 -55 55 -57 -58 59 -60 -61 -62 -63
leaf_value=-21.299652450638899 17.404064606154442 -117.60484555640004 56.806958558812504 13.969780010044845 -0.5288009222261687 -103.56506045078214 -35.481003617808639 12.177772380048545 1.0533987614792379 -7.1242243258854527 -180.21121313048619 -52.504518724254737 25.407957481656066 7.8452718369741667 -48.056150003740861 -23.827746108786421 -3.9346702748479543 7.7639400391059388 -0.76762976234136937 -121.98424985641851 -57.39650471259413 0.069540180399564236 -104.13387400505138 -37.565013408438368 6.1150987541286383 -56.173270615502112 -86.734988253045088 -36.005618610098459 43.265365079267163 30.270406568441999 6.7109289639446645 -23.823993202574886 -5.2023101771265452 96.257419251153706 -36.526794463975918 20.798342572034258 -2.068837969675938 -1.9725887025314741 -146.30720425380355 -123.91032959389791 -3.7558919254957797 -7.1176977568945805 19.339194004096822 21.565661251680091 -2.5257502614150038 -0.52223462406530885 0.80446359286982694 18.987634408606386 -0.50576698048503599 17.869499959340938 38.525206859726637 6.9654176443626277 106.13620940949038 182.71239670034922 8.7396371332141722 139.40462806006846 -5.222579203252848 -3.6679234758229646 58.391147926130877 145.38551490339162 312.85698712383476 175.47722857443611
leaf_weight=20 78 28 70 46 25 21 33 25 39 24 20 22 29 25 20 35 23 21 20 37 21 26 45 31 37 35 29 37 146 32 69 23 20 168 33 63 20 35 86 24 23 29 48 23 24 20 20 34 20 20 302 20 20 71 40 192 22 20 21 750 85 3556
leaf_count=20 78 28 70 46 25 21 33 25 39 24 20 22 29 25 20 35 23 21 20 37 21 26 45 31 37 35 29 37 146 32 69 23 20 168 33 63 20 35 86 24 23 29 48 23 24 20 20 34 20 20 302 20 20 71 40 192 22 20 21 750 85 3556
internal_value=0.000839868 -0.00575451 0.00177619 -0.000393255 -0.00799755 -0.00163772 -0.0164694 -0.00037188 -0.004083 0.00131061 -0.0209724 -0.00393053 -0.00798165 0.000379422 -0.00765914 -0.0033752 -0.00789659 -0.0107003 -0.0123578 -0.0119301 -0.00406045 -0.00840764 -0.0215493 -0.00810176 0.00197744 -0.0226045 -0.0164969 -0.0057315 1.11542e-10 -0.00221383 -0.00083052 -0.0045735 0.00266791 0.000870247 -0.00282434 0.000519878 0.00203067 0.00209649 -0.0244197 -0.0253134 0.0027792 0.00114208 -0.000466926 -0.00111369 0.00135338 0.00283943 0.00241896 0.00127542 0.00273926 0.00263958 0.00280348 0.00204236 0.00286144 0.00164654 0.00288948 0.00216057 -0.000338164 0.00282893 0.00145985 0.00289089 0.00211227 0.00294035
internal_weight=7001 870 6131 1785 327 685 103 613 224 1458 185 164 98 585 146 183 85 107 72 60 76 47 78 51 1294 165 49 58 361 172 148 55 4346 255 87 98 189 402 130 110 4091 147 77 43 93 3944 367 54 933 342 322 66 3921 91 3830 254 62 896 41 855 105 3576
internal_count=7001 870 6131 1785 327 685 103 613 224 1458 185 164 98 585 146 183 85 107 72 60 76 47 78 51 1294 165 49 58 361 172 148 55 4346 255 87 98 189 402 130 110 4091 147 77 43 93 3944 367 54 933 342 322 66 3921 91 3830 254 62 896 41 855 105 3576
is_linear=0
shrinkage=0.03


Tree=27
num_leaves=63
num_cat=0
split_feature=70 4 4 70 4 16 5 24 54 58 62 44 7 5 4 64 17 39 70 62 69 5 30 21 70 16 5 4 48 17 21 33 11 3 17 16 5 19 11 70 4 60 2 11 47 49 69 30 62 31 39 30 28 24 16 58 16 35 5 60 16 38
split_gain=46.2766 59.0175 11.9738 26.5228 9.66616 8.16378 7.17656 6.28595 5.91716 4.25164 4.11896 4.82286 3.59291 3.44929 6.25323 3.22 3.03993 4.29822 2.55275 2.46326 2.33928 2.81126 2.10857 1.91719 1.57033 3.06235 11.03 2.05165 2.4891 4.49458 1.44817 0.98698 0.900388 1.72029 0.851117 0.740641 2.19811 1.55253 0.66186 0.613834 0.48078 0.47883 0.397063 0.395062 1.43587 1.42305 0.378043 0.360846 0.355961 0.274143 0.217034 0.679882 0.191815 0.182108 0.17405 0.157703 0.136304 0.590896 0.959521 0.0989273 0.733624 0.0884645
threshold=83662.583333333343 4.5000000000000009 4.5000000000000009 89530.958333333358 21.500000000000004 -2153.4999999999995 4.5000000000000009 66.901053000000005 980.77083333333337 2012.9791666666667 1079.8750000000002 31709.500000000004 2.5000000000000004 4.5000000000000009 7.5000000000000009 2805.5000000000005 12.675000000000002 26126.500000000004 80569.354166666686 2098.8958333333335 91584.000000000015 4.5000000000000009 59.572229407627134 3.9631988593267993 95426.541666666686 -2390.9999999999995 4.5000000000000009 21.500000000000004 729.50000000000011 21.475000000000005 2.4346973853972926 2.3736575434332465 90954.500000000015 58.816559360148382 12.275000000000002 -973.49999999999989 4.5000000000000009 15.425000000000002 69789.500000000015 85993.666666666686 1.0000000180025095e-35 2698.0000000000005 69.566152500000015 106608.00000000001 1158.5000000000002 719.50000000000011 77819.500000000015 64.499953981133686 1407.0208333333337 57.992084691851218 28926.000000000004 55.167470312241271 4.4181455000000023 92.912472500000021 -1670.4999999999998 4518.8958333333348 -3337.4999999999995 16381.500000000002 3.5000000000000004 2350.5000000000005 454.00000000000006 9345.5833333333358
decision_type=2 2 2 2 2 2 2 2 2 2 2 2 2 2 2 2 2 2 2 2 2 2 2 2 2 2 2 2 2 2 2 2 2 2 2 2 2 2 2 2 2 2 2 2 2 2 2 2 2 2 2 2 2 2 2 2 2 2 2 2 2 2
left_child=1 9 3 6 5 -3 8 -8 49 -1 11 -5 -10 38 -15 22 17 -16 -6 34 21 41 -14 -20 25 26 -4 35 39 -30 -9 -19 33 -22 -11 36 55 42 -7 -29 -36 -12 -38 44 47 -46 -26 53 -18 -2 51 -37 -41 -34 -40 -27 57 58 -48 -52 -61 -58
right_child=2 4 24 10 18 13 7 30 12 19 20 -13 15 14 16 -17 48 31 23 -21 32 -23 -24 -25 46 27 -28 28 29 -31 -32 -33 43 -35 40 50 37 -39 54 52 -42 -43 -44 -45 45 -47 56 -49 -50 -51 59 -53 -54 -55 -56 -57 61 -59 -60 60 -62 -63
leaf_value=-20.660662877119542 6.2718885853156721 -114.07670018970799 36.14262639966914 -51.751008560008209 -100.15675484714596 -4.5486363066818152 -2.0413559080135459 -78.386455031267189 -4.6903484576013748 -174.80487673657149 44.217576363468787 10.441751477871023 -5.1736384211462818 -128.27026413668582 -83.045478931160517 -57.202832139406013 -15.168914964342761 -1.4823953591617149 -15.064895802398432 -54.488072497037059 13.710963850925687 -40.939836455453943 -87.514168598125394 -46.495363957392719 -14.0943512494985 83.843969931420943 -57.360603327607926 -30.419959847084879 -42.920610044325279 6.2375404126479772 -91.860020319043727 7.5885103568646564 15.311243246294348 -1.0140932204158555 -113.3693281642652 45.720629859376949 5.7064518458214266 -18.758282180591468 0.84976403039244131 13.366300912916103 -144.05455588450761 -1.2803051392486862 -6.1381056113522829 115.66847991300843 0.6351684614987767 -4.8382119221569688 117.31105748433586 -3.4935833800970264 24.453569425834857 -10.627917465286369 114.92506516127582 -1.8857506068468568 0.5829125967242702 34.697071976729433 59.641581815161437 9.215231502924448 72.228856491570838 191.0290881340384 -4.5390261463505857 -9.3489613568284611 73.683566391180207 311.09600830047276
leaf_weight=20 38 28 78 30 23 20 20 23 25 20 36 31 21 24 26 34 33 26 27 35 30 28 24 22 22 173 28 24 23 26 33 32 228 21 25 62 24 31 20 77 85 20 20 525 25 23 26 20 102 20 930 25 32 20 302 22 39 218 20 28 154 2774
leaf_count=20 38 28 78 30 23 20 20 23 25 20 36 31 21 24 26 34 33 26 27 35 30 28 24 22 22 173 28 24 23 26 33 32 228 21 25 62 24 31 20 77 85 20 20 525 25 23 26 20 102 20 930 25 32 20 302 22 39 218 20 28 154 2774
internal_value=0.000857008 -0.0056166 0.00177619 -0.000809348 -0.00155014 -0.000322949 -0.0098404 -0.0174639 -0.00623689 -0.0206483 0.00126121 -0.00628478 -0.0105187 0.000430696 -0.00229535 -0.0136536 -0.000684619 -0.00517241 -0.0119417 -0.0222411 0.0017365 -0.0030321 -0.00824834 -0.00794297 0.00245567 0.00173468 -0.0031951 0.00205318 -0.000939044 -0.00672098 -0.0226203 -0.000567986 0.00218922 -0.00164384 -0.0241891 0.00242598 0.000988523 -0.00335553 0.0023765 0.00117205 -0.0253134 0.000802139 0.000204082 0.0024254 0.00156596 -0.00318087 0.00286341 0.0024282 0.00208734 0.00139415 0.00274706 0.00123995 0.00214482 0.00274486 0.00271034 0.00267555 0.00289168 0.00219235 -0.000845987 0.00286215 0.00215815 0.00295617
internal_weight=7001 870 6131 1275 685 613 238 76 162 185 1037 61 104 585 243 79 219 84 72 165 976 84 45 49 4856 1757 106 1651 182 49 56 58 892 51 130 1469 270 75 342 133 110 56 44 841 316 48 3099 268 135 58 1199 87 109 248 322 195 3077 264 46 1112 182 2813
internal_count=7001 870 6131 1275 685 613 238 76 162 185 1037 61 104 585 243 79 219 84 72 165 976 84 45 49 4856 1757 106 1651 182 49 56 58 892 51 130 1469 270 75 342 133 110 56 44 841 316 48 3099 268 135 58 1199 87 109 248 322 195 3077 264 46 1112 182 2813
is_linear=0
shrinkage=0.03


Tree=28
num_leaves=63
num_cat=0
split_feature=42 4 4 44 6 20 4 0 27 15 4 5 30 21 51 53 25 45 56 0 4 38 60 12 28 6 20 41 5 53 15 0 64 25 29 61 35 4 5 69 43 43 20 22 15 4 5 0 64 53 31 63 24 38 25 3 64 14 3 31 42 60
split_gain=40.8249 50.2775 11.4262 25.3744 12.8874 9.86883 8.86908 7.49724 6.72556 6.65846 6.07754 6.06548 4.00273 3.75382 3.36694 3.3512 3.26862 2.97498 2.83847 2.79344 2.68803 1.94405 1.63069 1.46554 1.46403 2.97179 1.729 1.58567 1.9199 1.22718 1.01837 0.99482 1.43152 1.13776 0.952887 0.894664 0.863761 0.654782 0.639757 0.595883 0.664575 0.57781 0.511237 0.439686 0.377248 0.337976 1.59085 2.65394 0.491688 0.337026 0.316383 0.627578 0.261556 0.329714 0.510268 0.398113 0.211032 0.159697 0.154772 0.104363 0.0941633 0.382703
threshold=33303.291666666679 4.5000000000000009 4.5000000000000009 29907.500000000004 4.5000000000000009 9.3979166666666689 21.500000000000004 73591.500000000015 10.853961585163603 11092.539306546432 6.5000000000000009 4.5000000000000009 60.849426768978482 3.8274605493330554 1349.5000000000002 1211.5000000000002 56.409456500000005 27491.500000000004 32.500000000000007 87874.000000000015 1.0000000180025095e-35 9318.0208333333339 1580.5000000000002 85627.000000000015 1.968730000000001 9.5000000000000018 16.252083333333335 31719.000000000004 4.5000000000000009 1935.5000000000002 4981.7510867941483 103759.00000000001 1008.5000000000001 49.644130000000011 58.15395595274429 149.50000000000003 13432.500000000002 7.5000000000000009 2.5000000000000004 76884.000000000015 27207.500000000004 29181.000000000004 13.544791666666669 1.7499999999999998 2900.2498194353398 7.5000000000000009 4.5000000000000009 78674.000000000015 1887.0000000000002 2010.5000000000002 59.0712220445198 2237.0000000000005 40.3230225 12265.875000000002 69.486952500000015 56.459274696159618 2618.5000000000005 91953.875000000015 60.389750862887375 66.709452853565907 36759.291666666679 3363.5000000000005
decision_type=2 2 2 2 2 2 2 2 2 2 2 2 2 2 2 2 2 2 2 2 2 2 2 2 2 2 2 2 2 2 2 2 2 2 2 2 2 2 2 2 2 2 2 2 2 2 2 2 2 2 2 2 2 2 2 2 2 2 2 2 2 2
left_child=1 5 3 4 12 -1 7 10 18 20 11 -3 58 -8 15 21 -15 -12 -6 23 -10 -7 37 -5 44 27 -27 28 -26 34 -17 32 36 -34 -22 -29 -21 -19 -9 -40 -41 -28 -16 49 -4 46 -46 -48 -49 -42 51 -35 -37 54 55 -54 -39 -56 -2 -55 61 -47
right_child=2 6 24 19 8 14 13 38 9 -11 17 -13 -14 16 42 30 -18 22 -20 31 29 -23 -24 -25 25 26 41 35 -30 -31 -32 -33 33 50 -36 52 -38 56 39 40 43 -43 -44 -45 45 60 47 48 -50 -51 -52 -53 53 59 57 -57 -58 -59 -60 -61 -62 -63
leaf_value=-26.459757659224085 11.974847402688599 -35.3289713799428 -3.3613868938125213 7.0192238858324947 -24.780360332064252 -56.873224542661838 -36.894844036457989 66.474164456256119 -32.375398746545308 -2.9475411819838739 -81.586095763641126 -135.6794093703958 -36.192893131192747 -56.645002907219592 -116.70072125085372 -134.85334208470024 -95.946636998087925 -40.892154473504 3.2225401146006121 1.8165815304520112 -64.587035718477267 -27.828676456176943 -39.144240213710113 -11.42368983345329 59.983935460970493 -19.243046348941132 36.778698295754651 -5.3763474490589669 -26.827926831347657 -92.878305191163776 -57.053430629820511 140.84626830210604 -0.94332036319674917 -4.0398622811236953 -47.178731647618847 -0.11810801866664697 -5.1712913362571715 2.4177789944917074 -23.897138438524102 -16.843070173131512 20.462345704494723 -33.149956627723057 -153.75455886707451 -1.2490647677728841 114.31526470755269 61.750928005237277 -43.411083904429553 -4.4766758152525385 72.057125737131528 -1.2119539831249659 10.225068518569264 50.15908501400925 20.744675872607562 121.63899822712644 18.653970715434067 -6.8802626874480124 11.543877520115357 52.575265433902423 1.5969736127743603 4.0109336106115467 202.81824476161214 -0.40445936889571843
leaf_weight=35 78 24 21 31 27 23 39 239 21 26 27 25 29 21 21 23 21 28 31 20 22 22 21 29 39 26 20 31 24 46 21 555 23 22 22 25 20 25 21 22 165 20 69 34 346 499 22 20 65 21 192 32 23 596 90 26 80 20 20 32 2733 50
leaf_count=35 78 24 21 31 27 23 39 239 21 26 27 25 29 21 21 23 21 28 31 20 22 22 21 29 39 26 20 31 24 46 21 555 23 22 22 25 20 25 21 22 165 20 69 34 346 499 22 20 65 21 192 32 23 596 90 26 80 20 20 32 2733 50
internal_value=0.000874148 -0.00464999 0.00182438 -0.000729476 -0.00798199 -0.0175852 -0.0012397 -0.000192597 -0.0128242 -0.0164551 -0.00468057 -0.014053 -0.000519276 -0.0106535 -0.0204355 -0.0161616 -0.0168884 -0.00212038 -0.00418244 0.00179526 -0.019658 -0.0102439 -0.000486697 -0.0044426 0.00249804 0.00145355 -0.00467474 0.00190376 -0.00266244 -0.0219423 -0.0221088 0.00223238 0.000854093 0.00164994 -0.0180272 0.00224884 -0.00441396 0.000721262 0.0018582 0.000820981 0.00125155 -0.000673317 -0.024606 0.00175829 0.0027675 0.00279029 0.00199956 -0.00117647 0.00119859 0.00233745 0.00225518 0.000166359 0.00244182 0.00253843 0.00128221 -0.001222 0.00182683 0.00242507 0.00235474 0.00285146 0.00289845 0.00250228
internal_weight=7001 1027 5974 1246 322 214 813 732 195 137 230 49 127 81 179 89 42 181 58 924 111 45 154 60 4728 972 66 906 63 90 44 864 309 269 44 843 40 133 502 263 242 40 90 220 3756 3735 453 107 85 186 246 54 812 787 159 49 105 110 98 628 3282 549
internal_count=7001 1027 5974 1246 322 214 813 732 195 137 230 49 127 81 179 89 42 181 58 924 111 45 154 60 4728 972 66 906 63 90 44 864 309 269 44 843 40 133 502 263 242 40 90 220 3756 3735 453 107 85 186 246 54 812 787 159 49 105 110 98 628 3282 549
is_linear=0
shrinkage=0.03


Tree=29
num_leaves=63
num_cat=0
split_feature=70 4 4 16 51 4 70 5 32 53 6 70 33 35 5 6 67 36 43 70 51 59 7 44 63 2 5 24 16 5 68 49 35 42 4 1 25 32 15 66 0 12 64 61 57 39 49 16 0 34 4 5 0 0 68 4 0 15 0 60 0 34
split_gain=44.6612 68.1536 9.4632 9.3177 7.54791 6.7313 12.9928 8.66237 5.56202 4.89366 4.36792 3.90681 3.98544 3.78391 5.25438 5.66202 5.2382 2.86896 2.7135 2.70285 2.57371 2.25957 2.04578 1.78673 1.58633 1.55298 1.45723 2.16114 1.13376 1.82977 1.48964 0.987814 0.782679 0.752622 1.85748 1.09987 0.702494 0.698286 0.633572 0.482916 0.472725 0.413643 0.405677 0.36195 0.803751 0.356922 0.845658 0.34221 0.326277 0.284129 0.224337 0.712419 1.38248 0.188136 0.313557 0.133127 0.243727 0.0955477 0.282293 0.0507972 0.111538 0.0431917
threshold=86332.562500000015 4.5000000000000009 22.500000000000004 -2249.4999999999995 1366.5000000000002 6.5000000000000009 89417.729166666672 4.5000000000000009 51.420570416714604 1981.5000000000002 4.5000000000000009 80569.354166666686 2.2082065201427135 18072.500000000004 4.5000000000000009 3.5000000000000004 99607.000000000015 11024.500000000002 28838.000000000004 80902.875000000015 2493.5000000000005 4268.5000000000009 10.500000000000002 29156.500000000004 1433.5000000000002 87.167712500000007 4.5000000000000009 69.049240000000012 -726.49999999999989 4.5000000000000009 78472.500000000015 1168.5000000000002 15777.500000000002 38853.479166666679 22.500000000000004 13.375000000000002 47.760215000000009 58.428143637931385 3359.1889780533679 1299.5208333333337 71946.000000000015 80262.500000000015 2671.0000000000005 4236.0000000000009 40.500000000000007 27832.000000000004 230.50000000000003 -5821.4999999999991 73172.000000000015 -0.89223760121640783 7.5000000000000009 4.5000000000000009 86580.500000000015 97301.500000000015 102641.50000000001 21.500000000000004 89071.500000000015 7455.5354664961806 82193.000000000015 502.50000000000006 84034.000000000015 2.3571433052517823
decision_type=2 2 2 2 2 2 2 2 2 2 2 2 2 2 2 2 2 2 2 2 2 2 2 2 2 2 2 2 2 2 2 2 2 2 2 2 2 2 2 2 2 2 2 2 2 2 2 2 2 2 2 2 2 2 2 2 2 2 2 2 2 2
left_child=1 4 3 -3 8 6 7 9 19 25 -9 12 -5 14 20 -16 17 -17 -4 -1 36 -21 -6 -10 -18 39 48 41 29 49 -31 45 -19 34 37 -36 -8 38 -7 -2 -40 -28 -24 47 -45 46 -30 -38 -14 -13 51 -35 -53 54 -15 59 -57 -47 -59 60 -42 -52
right_child=5 2 18 11 22 33 13 10 23 -11 -12 28 26 53 15 16 24 32 -20 21 -22 -23 42 -25 -26 -27 27 -29 31 30 -32 -33 -34 50 35 -37 43 -39 40 -41 55 -43 -44 44 -46 57 -48 -49 -50 -51 61 52 -54 -55 -56 56 -58 58 -60 -61 -62 -63
leaf_value=-137.86833057506908 -10.029605123421709 -103.61911007656079 -88.777409164497797 -91.755377870743487 -49.500086656738866 -3.2605454181498867 -1.4844589275074394 -13.422312134449934 3.9868518136223696 -85.040468653825258 -96.709655506992959 0.91197265553590035 -4.3547802874689854 35.363111313136457 64.752216273555561 -3.9612083065450312 2.4208782685184476 -30.868632244513684 -44.019156535417935 -38.125780665139317 -16.541525795297346 -56.449612901705116 -110.59516804428046 -27.876463721386219 -13.559070941703874 -21.836535744751036 22.624233504941618 -74.983497174660044 34.134520646361054 -47.544858209416404 -0.58195176681980065 -5.3740749725070893 -41.466286090031147 201.06253099701269 22.235668188737396 -14.409868350096243 2.1127846492330176 -10.855229329272042 -4.62076790797604 13.666006577534706 8.2782254117770311 -16.329593124141965 -141.49743147489684 -0.9202327185225827 32.785472937631205 36.608427046592332 -2.989413130956744 32.004033895056565 66.808343387089408 24.763838083694331 238.11987735753013 -10.6851169797166 243.73872793137113 199.53834751543084 -5.5827981724679638 -2.7434777160027846 40.529851292453813 -0.59559363379955998 43.275217248834984 102.14695107752108 357.23905727213952 39.098320934444594
leaf_weight=35 21 37 32 32 34 31 25 24 28 22 32 34 30 44 63 20 37 25 23 23 29 27 28 33 29 32 26 39 54 20 29 20 20 132 23 33 23 27 28 73 20 20 64 34 48 443 34 336 54 58 2875 20 29 696 29 20 29 20 41 659 30 65
leaf_count=35 21 37 32 32 34 31 25 24 28 22 32 34 30 44 63 20 37 25 23 23 29 27 28 33 29 32 26 39 54 20 29 20 20 132 23 33 23 27 28 73 20 20 64 34 48 443 34 336 54 58 2875 20 29 696 29 20 29 20 41 659 30 65
internal_value=0.000852723 -0.00412184 -0.000639518 3.02695e-05 -0.0174972 0.002007 0.000398893 -0.0066879 -0.0127926 -0.00285618 -0.016738 0.000606855 -0.00310293 0.00139291 -0.000217675 -0.00440495 -0.00796339 -0.0140092 -0.0127405 -0.0177673 0.0014179 -0.0131138 -0.0229104 -0.00579378 -0.00195159 -0.000547185 -0.00124187 -0.0040188 0.00160138 -0.000807938 -0.00549898 0.00216141 -0.0182262 0.00267091 0.00189646 -0.00336898 0.0019631 0.00224973 0.00240852 0.00137088 0.00257601 0.00032538 -0.0253094 0.00224439 0.000401949 0.00238642 0.000578888 0.00265664 0.00153389 0.00166124 0.00289321 0.0018222 -0.001222 0.00283968 0.00131327 0.00271864 0.0010998 0.00269589 0.001473 0.00282612 0.00173653 0.00295806
internal_weight=7001 1318 1046 991 272 5683 1662 204 146 148 56 954 201 1458 689 194 131 65 55 85 495 50 126 61 66 126 169 85 753 141 49 612 45 4021 900 56 466 844 817 94 786 46 92 441 82 592 88 359 84 92 3121 181 49 769 73 758 49 504 61 709 50 2940
internal_count=7001 1318 1046 991 272 5683 1662 204 146 148 56 954 201 1458 689 194 131 65 55 85 495 50 126 61 66 126 169 85 753 141 49 612 45 4021 900 56 466 844 817 94 786 46 92 441 82 592 88 359 84 92 3121 181 49 769 73 758 49 504 61 709 50 2940
is_linear=0
shrinkage=0.03


Tree=30
num_leaves=63
num_cat=0
split_feature=70 4 5 70 4 11 47 70 67 5 4 4 6 0 6 17 51 44 62 65 70 57 44 43 64 5 49 59 23 49 2 1 1 31 42 21 2 62 13 64 4 28 42 19 5 35 15 35 14 49 4 5 0 51 15 56 29 42 0 22 16 38
split_gain=45.1417 68.7617 18.2481 11.4184 10.4354 7.79929 5.68167 5.25425 5.04801 5.03448 8.52856 3.32938 7.78252 4.07593 3.8855 3.30342 3.23224 3.15438 3.33238 3.11752 3.04921 2.91868 2.74867 2.70496 2.22994 2.05034 2.77933 2.16835 1.52075 1.42124 1.35967 1.2498 1.55613 1.16791 0.895069 0.847634 0.833639 0.790486 0.700635 0.675327 0.527961 0.492695 1.02582 1.47119 0.41102 1.39918 0.389625 0.364227 0.311756 0.284901 0.189481 0.822103 1.62588 0.246987 0.183645 0.631285 0.136811 0.132065 0.0922499 0.0385771 0.038366 0.0362763
threshold=88998.979166666672 5.5000000000000009 4.5000000000000009 83539.979166666672 21.500000000000004 85173.500000000015 205.50000000000003 80025.666666666672 83782.500000000015 4.5000000000000009 8.5000000000000018 4.5000000000000009 9.5000000000000018 103759.00000000001 3.5000000000000004 11.775000000000002 1256.5000000000002 28369.000000000004 1803.4166666666667 4921.5000000000009 86394.645833333358 152.00000000000003 31709.500000000004 27549.500000000004 3881.0000000000005 4.5000000000000009 553.50000000000011 3921.5000000000005 83.300015000000016 784.00000000000011 83.989943000000025 14.675000000000002 18.025000000000002 58.812628564089415 40957.437500000007 4.4320018330053257 65.745802500000011 2161.666666666667 70398.500000000015 1041.5000000000002 20.500000000000004 3.1234550000000074 37934.208333333336 18.875000000000004 4.5000000000000009 15033.500000000002 3143.3857431424726 11492.000000000002 73270.250000000015 1168.5000000000002 7.5000000000000009 4.5000000000000009 81108.500000000015 1482.5000000000002 7777.57942917536 25.500000000000004 45.725954650865255 33411.208333333343 85511.000000000015 -1.3749999999999998 -1775.9999999999998 9769.5416666666697
decision_type=2 2 2 2 2 2 2 2 2 2 2 2 2 2 2 2 2 2 2 2 2 2 2 2 2 2 2 2 2 2 2 2 2 2 2 2 2 2 2 2 2 2 2 2 2 2 2 2 2 2 2 2 2 2 2 2 2 2 2 2 2 2
left_child=1 2 3 5 9 7 -4 -1 -6 48 19 12 13 14 47 17 33 -12 -19 28 -18 -8 25 -10 -9 27 -27 35 -11 -22 -20 -25 -33 -5 -24 -16 -7 -34 -13 -36 -17 46 43 58 61 -46 -40 -2 -3 54 51 -48 -53 -54 56 -56 -50 -52 -43 -59 -58 -44
right_child=11 4 6 16 8 36 21 24 23 10 15 38 -14 -15 22 40 20 18 30 -21 29 -23 34 31 -26 26 -28 -29 -30 -31 -32 32 37 -35 39 -37 -38 -39 41 -41 -42 42 44 -45 45 -47 50 -49 49 -51 57 52 53 -55 55 -57 60 59 -60 -61 -62 -63
leaf_value=-117.77977611800384 -0.12034804268497999 -0.44238806119599922 -89.360958911020617 8.7381409070514326 -94.560867069893476 -64.06637068163316 -143.35978733480411 -41.54878540585603 -47.960815850461763 -106.96829376540772 16.90489720847739 -9.4858214843795476 -60.624126015052958 124.88485950746102 6.00047614897972 29.403644187944831 -54.994894213078652 -74.569622887354157 -25.463631967036793 -7.8528537913757273 -0.68423394010050465 -82.529698387078881 -7.46788144189685 16.584440260544351 3.0449905659364838 -44.721413203463051 -4.2956027381528008 -13.597743730384096 -71.630391958407586 -38.499350075730568 18.818799313578559 -42.4155086901768 -17.24090355736929 -20.629116586983045 -2.4450407775417582 -0.73024818900977251 -110.09886489791721 5.9928412839872234 -3.1627289244537655 11.232040265011761 -9.4701908201422924 13.453600147397635 56.5637341499434 -8.9205498326038377 -9.0157589904028548 120.94965358844077 160.76213142952403 43.932862017637667 25.415883757556639 0.62688594177644108 6.9884469361307229 -17.955888972032504 91.950603747199921 -0.72178911309507454 -0.84884219864705557 113.56854640428978 44.16473393600775 80.335224761252306 17.58624820607232 180.69107082327577 71.228154330936846 133.19829954217201
leaf_weight=23 20 22 22 63 23 20 103 24 22 27 42 20 32 562 36 222 26 32 23 30 36 21 31 25 38 28 21 30 20 20 24 29 31 20 32 24 41 21 21 81 25 21 20 21 31 73 386 184 26 25 28 30 74 26 27 67 20 20 20 2995 611 283
leaf_count=23 20 22 22 63 23 20 103 24 22 27 42 20 32 562 36 222 26 32 23 30 36 21 31 25 38 28 21 30 20 20 24 29 31 20 32 24 41 21 21 81 25 21 20 21 31 73 386 184 26 25 28 30 74 26 27 67 20 20 20 2995 611 283
internal_value=0.000844153 -0.00317325 -0.0132706 -0.00914175 0.000135571 -0.0152567 -0.0220329 -0.0093067 -0.00730642 0.00104255 -0.00150977 0.00228869 0.000804736 0.0012525 -0.000751386 0.000383048 -0.00370684 -0.00366639 -0.00720607 -0.0105837 -0.00792935 -0.0245367 -0.00303073 -0.00494145 -0.00468599 -0.00603882 -0.010998 -0.00329634 -0.015414 -0.00390374 -0.00203822 -0.00291235 -0.00473489 0.000433213 -0.000104094 0 -0.0234697 -0.0015547 0.00268217 0.00111406 0.0023796 0.00271023 0.00177787 -0.00178744 0.00232867 0.000662824 0.00283149 0.00239588 0.00246962 0.00257055 0.00285578 0.00229607 0.000207533 0.00206793 0.00267608 0.00137088 0.00285801 0.00294962 0.00145985 0.00296906 0.00294724 0.00289014
internal_weight=7001 1851 457 311 1394 146 146 85 151 1243 445 5150 1081 1049 487 368 165 121 79 77 82 124 283 128 62 139 49 90 47 56 47 106 81 83 144 60 61 52 4069 113 247 4049 469 62 407 104 3580 204 798 776 3559 516 130 100 751 94 657 3043 41 3015 631 303
internal_count=7001 1851 457 311 1394 146 146 85 151 1243 445 5150 1081 1049 487 368 165 121 79 77 82 124 283 128 62 139 49 90 47 56 47 106 81 83 144 60 61 52 4069 113 247 4049 469 62 407 104 3580 204 798 776 3559 516 130 100 751 94 657 3043 41 3015 631 303
is_linear=0
shrinkage=0.03


Tree=31
num_leaves=63
num_cat=0
split_feature=70 4 4 16 5 44 4 62 54 2 42 70 5 15 33 18 15 11 5 45 56 17 20 5 16 4 4 4 67 13 16 19 31 16 70 5 11 58 29 62 64 55 68 70 61 19 22 70 64 25 0 48 4 31 1 56 62 19 22 45 1 47
split_gain=39.0262 60.6041 9.80263 8.1116 7.70683 6.90195 13.2808 7.80614 6.36245 5.55178 5.08381 3.7265 3.65694 5.03458 3.58501 4.379 2.87761 3.35991 2.75734 4.58281 2.4706 2.33725 2.33641 2.25803 6.28421 2.03611 1.62186 1.40918 1.35728 1.34713 1.23181 1.45454 1.20419 1.10107 2.47218 1.53365 1.71585 1.76342 1.49386 1.05059 1.02464 1.15364 0.958082 0.756422 0.522943 0.510215 0.404909 0.354105 1.87834 0.299226 0.281984 0.5903 0.245702 0.435983 0.213998 0.211105 0.183064 0.176528 0.161054 0.366686 0.14392 0.109587
threshold=86252.750000000015 4.5000000000000009 22.500000000000004 -2071.4999999999995 4.5000000000000009 29907.500000000004 4.5000000000000009 1021.1041666666669 1185.8750000000002 90.760310000000018 28771.604166666672 79269.041666666672 4.5000000000000009 4830.1685052305847 2.7486665276898301 8.4250000000000025 4393.7437402251126 86925.000000000015 4.5000000000000009 29995.500000000004 34.500000000000007 16.625000000000004 15.363541666666668 4.5000000000000009 -2249.4999999999995 21.500000000000004 21.500000000000004 6.5000000000000009 78973.000000000015 85344.500000000015 -90.499999999999986 8.4250000000000025 52.862969033499901 -1459.4999999999998 101778.72916666667 5.5000000000000009 93330.500000000015 3535.6041666666674 64.014273847436314 2338.3958333333335 3475.0000000000005 339.00000000000006 91087.000000000015 89333.333333333358 5010.5000000000009 21.275000000000002 -2.6999999999999993 107353.70833333336 1021.5000000000001 47.760215000000009 71231.500000000015 222.50000000000003 20.500000000000004 51.313882125728689 12.875000000000002 42.500000000000007 915.87500000000011 24.325000000000006 -0.90000000000000113 31741.000000000004 16.625000000000004 81.500000000000014
decision_type=2 2 2 2 2 2 2 2 2 2 2 2 2 2 2 2 2 2 2 2 2 2 2 2 2 2 2 2 2 2 2 2 2 2 2 2 2 2 2 2 2 2 2 2 2 2 2 2 2 2 2 2 2 2 2 2 2 2 2 2 2 2
left_child=1 8 3 4 -3 6 7 -2 10 18 -1 12 -5 -14 -12 -16 -17 -18 40 -20 54 -4 -15 25 -25 56 27 28 -13 -22 31 -26 -28 34 35 38 37 -37 43 45 41 42 -9 -7 49 -27 -35 48 -36 -45 51 -29 -52 -54 -10 -38 -8 -50 59 -51 -42 -48
right_child=5 2 21 11 -6 33 23 9 20 -11 14 26 13 22 15 16 17 -19 19 -21 29 -23 -24 24 30 39 32 50 -30 -31 -32 -33 -34 46 47 36 55 -39 -40 -41 60 -43 -44 44 -46 -47 61 -49 57 58 52 -53 53 -55 -56 -57 -58 -59 -60 -61 -62 -63
leaf_value=-124.39966887103523 -128.52442541541316 -22.592778642134274 -46.06637973130281 73.571291372716928 -117.38348908539527 -10.598922150294968 41.634498914577414 -4.8554067723255399 -137.72236655253889 -53.430371496572526 1.1904216697510301 -44.889553781072728 -109.59553943374073 -75.993671329828658 0.33393407824373056 -40.972462155884294 -29.872326746305657 -46.175653236320905 -79.738994972717606 17.05553714005142 -93.454300019010788 -82.067030392825387 8.2118466575982492 -42.857060559239528 10.131017328945703 10.739462937196183 2.6945893852226876 -3.0939130515991806 15.578025588963097 -124.77476575027431 30.789347611436966 -7.5308326864005704 -24.41216631974514 -0.6871029533014763 -3.5144656469567628 -23.111401704667347 -2.5415213566301644 -11.706241023253433 -0.80551680168304141 -11.863146849232708 8.6188342136516916 3.473843743872671 -18.672556307237244 -0.18238614376929485 -5.5225767468657621 -3.02058649365466 25.019718978119506 234.0250986205578 89.244356488487924 -0.15161407893188275 36.358114644629921 14.867060258036828 29.156217143953082 -0.45409894197020406 -114.38721358753962 7.3272345820901617 102.57218177022652 2.2241172968744141 34.540794088443512 19.340125385565113 5.8473396595055247 222.47402350028449
leaf_weight=28 27 28 20 45 21 28 20 22 29 34 29 30 20 28 20 21 25 20 30 24 21 35 33 21 25 41 27 33 22 24 101 38 23 21 27 21 20 24 21 27 59 21 23 20 20 23 69 828 169 24 564 44 29 20 51 22 707 20 200 61 20 2853
leaf_count=28 27 28 20 45 21 28 20 22 29 34 29 30 20 28 20 21 25 20 30 24 21 35 33 21 25 41 27 33 22 24 101 38 23 21 27 21 20 24 21 27 59 21 23 20 20 23 69 828 169 24 564 44 29 20 51 22 707 20 200 61 20 2853
internal_value=0.000946994 -0.00376482 -0.000431465 0.000266777 -0.011609 0.00201187 5.22525e-05 -0.00598616 -0.0164603 -0.00419562 -0.0120755 0.00090513 -0.00387787 -0.0076942 -0.00922676 -0.0122997 -0.0160212 -0.0115743 -0.00226017 -0.00804067 -0.0214388 -0.0127405 -0.00333879 0.00162098 -0.00136143 0.00229923 0.00167024 0.00202533 -0.00270633 -0.0155654 0.000603291 -0.00266244 -0.00353293 0.00256761 0.00190153 6.50619e-05 -0.0035132 -0.00758315 0.000906175 -0.00190999 -8.27015e-05 -0.0028593 -0.00558758 0.00137638 0.00179022 0.000140406 0.00290714 0.00270951 0.00159648 0.00210423 0.00238661 0.000622568 0.00260316 0.000488798 -0.0246816 0.000783848 0.00283042 0.00266526 0.00235707 0.00119859 0.00219975 0.00293727
internal_weight=7001 1290 1022 967 49 5711 1263 260 268 233 143 918 126 81 115 86 66 45 199 54 125 55 61 1003 185 818 792 742 52 45 164 63 50 4448 1505 461 87 45 374 91 145 66 45 353 325 64 2943 1044 216 305 690 77 613 49 80 42 727 189 285 85 79 2922
internal_count=7001 1290 1022 967 49 5711 1263 260 268 233 143 918 126 81 115 86 66 45 199 54 125 55 61 1003 185 818 792 742 52 45 164 63 50 4448 1505 461 87 45 374 91 145 66 45 353 325 64 2943 1044 216 305 690 77 613 49 80 42 727 189 285 85 79 2922
is_linear=0
shrinkage=0.03


Tree=32
num_leaves=63
num_cat=0
split_feature=70 4 4 16 70 16 5 48 70 56 4 70 5 15 20 38 15 2 26 20 21 4 16 50 5 48 16 14 5 34 4 30 31 14 64 13 32 11 67 34 12 5 16 46 57 38 18 70 69 4 61 25 51 45 47 64 61 14 62 49 40 48
split_gain=39.0471 57.2989 8.51703 7.48551 7.32077 13.8664 10.1459 6.68407 4.6059 4.21355 3.90828 3.37064 3.65694 5.03458 3.36037 3.12275 2.9084 2.80919 2.36594 2.33641 2.31462 2.17963 1.91928 1.78596 1.62271 1.48171 1.4431 3.17404 3.68507 3.41691 1.32694 1.31834 1.19854 1.17103 0.900864 0.898101 0.867872 0.814631 0.701034 1.22871 1.54088 0.649953 1.06971 1.38396 2.25212 0.63836 0.627483 0.613552 0.585723 0.455079 0.942739 0.403867 0.401688 0.330395 0.299506 0.293557 0.287793 0.168124 0.177675 0.168522 0.164808 0.159389
threshold=85718.562500000015 4.5000000000000009 22.500000000000004 -2071.4999999999995 91660.083333333343 -2795.4999999999995 4.5000000000000009 910.50000000000011 80025.666666666672 138.50000000000003 2.5000000000000004 79269.041666666672 4.5000000000000009 4830.1685052305847 9.3979166666666689 12204.22916666667 5608.5312475404799 81.332292500000008 69.106123708333357 15.363541666666668 3.9778542199270741 22.500000000000004 -4844.9999999999991 298.87500000000006 4.5000000000000009 307.50000000000006 -2249.4999999999995 99255.416666666672 4.5000000000000009 -0.99289464806463801 21.500000000000004 62.397218077148104 51.774303900421089 94406.770833333358 2864.5000000000005 84139.000000000015 59.672272404696947 85946.000000000015 76742.500000000015 -0.61597327166714055 71631.500000000015 4.5000000000000009 -249.49999999999997 29928.708333333339 17.500000000000004 15971.750000000002 16.525000000000002 99405.375000000015 98391.000000000015 8.5000000000000018 923.50000000000011 56.409456500000005 1482.5000000000002 28782.500000000004 79.500000000000014 1058.0000000000002 3578.5000000000005 80168.437500000015 915.87500000000011 1401.5000000000002 41403.000000000007 609.50000000000011
decision_type=2 2 2 2 2 2 2 2 2 2 2 2 2 2 2 2 2 2 2 2 2 2 2 2 2 2 2 2 2 2 2 2 2 2 2 2 2 2 2 2 2 2 2 2 2 2 2 2 2 2 2 2 2 2 2 2 2 2 2 2 2 2
left_child=1 8 3 16 5 6 7 22 -1 14 17 12 -5 -14 -10 18 -3 24 25 -15 -4 36 -2 -11 48 -16 27 28 31 -30 38 51 -32 -33 -23 -31 41 -20 39 40 -13 57 43 44 -43 -29 -8 -37 -7 50 -41 -6 -24 -28 -55 -40 -53 -12 -59 -60 -44 -57
right_child=4 2 20 11 26 10 46 -9 9 23 21 30 13 19 15 -17 -18 -19 37 -21 -22 34 52 -25 -26 -27 53 45 29 35 32 33 -34 -35 -36 47 -38 -39 55 49 -42 42 60 -45 -46 -47 -48 -49 -50 -51 -52 56 -54 54 -56 61 -58 58 59 -61 -62 -63
leaf_value=-149.72590290266999 -24.536930147710088 -114.51617859397443 -50.201561575076845 71.364152631535376 -0.089035866263156585 6.3900940839621656 -62.157037109277084 -71.633603922668286 -14.293536845738513 -0.76547448848850763 3.485001498784619 2.0086867541743345 -106.30767325072864 -73.713861189933965 -42.332989146462523 -100.52905678424624 -38.331194023263905 -30.283349348533225 -12.079324919246279 7.965491257870486 -87.195199965191009 1.4404282002011581 9.202100050720972 -58.399960892110954 -41.003114784761117 -57.774620658776421 0.046682784488446774 -2.2411401077420274 -15.215577754624071 -8.0722059342487462 2.8747931441760013 -2.9689092043046541 -22.785971452505922 9.4460547152838608 -24.765589199960857 1.9987666388870911 -13.833497703582919 -43.80883368530408 0.84791494485460372 9.7685139171833377 -12.57070413155537 0.82645984162357911 35.597910600424363 8.9423088614972226 -20.738378392593514 181.63283952998404 -92.116305497657564 -5.1917899538173202 -1.3687022394650075 17.985233513272455 -34.321570113230862 46.8952590287007 -3.0470461525609975 5.0027010682190536 186.2764999987545 32.798973133811444 4.8744642196119177 8.3975428456510954 90.854374823605994 5.0791714957605656 8.3265697618789396 14.400018531315071
leaf_weight=48 20 20 29 45 28 52 21 24 22 20 20 20 20 28 23 42 20 31 20 33 20 24 57 21 33 21 25 23 36 21 22 20 24 27 32 35 22 20 39 25 20 26 106 31 21 748 20 23 35 99 20 194 26 28 3271 387 27 20 682 22 20 42
leaf_count=48 20 20 29 45 28 52 21 24 22 20 20 20 20 28 23 42 20 31 20 33 20 24 57 21 33 21 25 23 36 21 22 20 24 27 32 35 22 20 39 25 20 26 106 31 21 748 20 23 35 99 20 194 26 28 3271 387 27 20 682 22 20 42
internal_value=0.000959849 -0.00409269 -0.000676815 1.04156e-05 0.00195348 8.92138e-06 -0.00804878 -0.00382376 -0.0172332 -0.0150714 0.00116218 0.000629778 -0.00387787 -0.0076942 -0.0174409 -0.0193418 -0.0126434 -0.00333554 -0.015874 -0.00333879 -0.012831 0.00182731 -0.000465567 -0.00642336 -0.00122398 -0.0207483 0.00253323 0.00162677 -0.00049623 -0.00505647 0.00144822 0.00126646 -0.00344902 -0.0033121 -0.00390374 -0.00151707 0.00216163 -0.010399 0.0017988 0.000211841 -0.00441396 0.00230039 0.00077903 -0.00195903 -0.00522293 0.00276229 -0.0210219 0.000361446 0.000895522 0.00151978 -0.000931264 0.00214372 0.00151625 0.00285461 0.00288079 0.00241615 0.00257802 0.00271335 0.00278829 0.00286749 0.00249802 0.00264274
internal_weight=7001 1150 913 864 5851 1345 168 127 237 189 1177 824 126 81 148 126 40 151 84 61 49 1026 103 41 120 44 4506 1182 411 115 698 296 46 47 56 79 970 40 652 184 40 948 204 78 47 771 41 58 87 144 45 249 83 3324 3299 468 221 744 724 704 126 429
internal_count=7001 1150 913 864 5851 1345 168 127 237 189 1177 824 126 81 148 126 40 151 84 61 49 1026 103 41 120 44 4506 1182 411 115 698 296 46 47 56 79 970 40 652 184 40 948 204 78 47 771 41 58 87 144 45 249 83 3324 3299 468 221 744 724 704 126 429
is_linear=0
shrinkage=0.03


Tree=33
num_leaves=63
num_cat=0
split_feature=70 4 4 43 20 5 4 5 11 70 37 5 4 48 21 49 56 4 3 20 70 20 70 4 1 1 48 47 5 4 20 20 18 22 53 0 19 5 54 4 14 25 27 39 65 25 48 4 19 0 4 11 34 2 21 14 48 0 37 34 45 21
split_gain=37.8565 50.1338 9.74353 18.777 11.6207 10.9174 8.57109 6.24131 6.84564 5.06748 4.37231 4.21914 5.97257 3.51635 3.00799 2.89882 2.90883 3.32841 3.82356 2.78221 2.6922 3.2832 1.74876 3.18868 1.60583 3.13657 1.51796 1.50495 1.50382 4.08632 3.90706 1.49694 1.4618 2.99066 1.07937 1.07632 1.10323 1.26118 1.02849 1.00083 0.996515 0.986874 0.823955 0.783357 0.677921 0.66221 0.571216 0.471222 0.70378 0.391628 0.386804 0.389585 0.363099 0.346631 0.284836 0.19138 0.185058 0.180155 0.599099 0.275998 0.413643 0.160766
threshold=83539.979166666672 5.5000000000000009 5.5000000000000009 29936.500000000004 11.055208333333335 4.5000000000000009 22.500000000000004 4.5000000000000009 85511.000000000015 80161.104166666672 9799.0000000000018 4.5000000000000009 7.5000000000000009 1264.5000000000002 4.6621154869671697 229.50000000000003 108.50000000000001 3.5000000000000004 61.835488954276357 17.384375000000002 78802.916666666686 15.363541666666668 95426.541666666686 22.500000000000004 13.375000000000002 17.675000000000001 324.50000000000006 327.50000000000006 4.5000000000000009 8.5000000000000018 16.873958333333338 14.63854166666667 8.6250000000000018 0.8249999999999994 1741.5000000000002 103759.00000000001 18.675000000000001 4.5000000000000009 1392.6875000000002 3.5000000000000004 84239.770833333358 76.742210000000014 17.022673600133494 28055.000000000004 3561.5000000000005 58.782972000000008 207.50000000000003 20.500000000000004 22.075000000000006 80621.000000000015 20.500000000000004 69789.500000000015 -1.2117956213104575 55.56710300000001 2.7046235692401317 79080.083333333358 1164.5000000000002 84269.500000000015 20505.000000000004 -0.99289464806463801 31559.500000000004 2.0333975395169186
decision_type=2 2 2 2 2 2 2 2 2 2 2 2 2 2 2 2 2 2 2 2 2 2 2 2 2 2 2 2 2 2 2 2 2 2 2 2 2 2 2 2 2 2 2 2 2 2 2 2 2 2 2 2 2 2 2 2 2 2 2 2 2 2
left_child=1 7 3 4 42 15 11 8 9 -1 14 50 -13 26 -5 -6 17 18 19 -17 21 -14 23 28 -25 -26 -7 -11 43 30 46 -10 33 54 49 36 40 44 -39 -40 -12 -19 61 -4 53 -27 -30 55 -49 52 51 -3 -22 -38 -31 -45 -34 58 59 60 -24 -2
right_child=2 6 22 10 5 13 -8 -9 31 27 35 12 20 -15 -16 16 -18 41 -20 -21 34 -23 57 24 25 45 -28 -29 29 32 -32 -33 56 -35 -36 -37 37 38 39 -41 -42 -43 -44 47 -46 -47 -48 48 -50 -51 -52 -53 -54 -55 -56 -57 -58 -59 -60 -61 -62 -63
leaf_value=-105.97091237837283 8.6893870223591243 -3.6756746782723888 -2.0908743248671091 -21.933066909457484 5.8315683122612247 -36.288405503053916 -82.317307042356674 -143.29036376852883 -38.749237589721567 -0.51753739664317977 -6.4534299751095201 -98.712484349399688 -71.531202368590328 -40.109645112912759 48.007828040685737 -81.925762901210064 0.88877188482230807 -22.038754846694783 -0.45557013777524419 -58.738831074145466 -0.35058274656407906 5.7437535800636885 -5.8768018546864038 17.900929549449156 -82.673352770784291 -6.4816164857989484 -73.564738067523265 -39.625599688806183 20.078914517132837 -1.0999208824574789 -37.328512037528121 -103.48255787460774 54.778213895985353 -13.187428875609113 -5.8981058309686318 138.78144512976505 -0.6773512418041 0.66460689042258692 -8.0938181536325722 -2.0975197854218885 27.338125928081279 6.8263598136237782 -5.4237722016477372 79.636374860966257 -3.7335084114258361 1.3930905729975065 -15.815510196906237 17.429063231880424 -5.8251195668703586 -0.43128866019777501 -0.91070335654726364 53.905187209514089 16.388604747005886 25.432180850601526 19.678407497808344 102.59644385589712 52.082457306884287 321.77321341510088 -8.5903999603616388 132.64123793884124 95.503712216671943 18.864107983849724
leaf_weight=28 20 20 27 37 31 20 34 68 26 38 21 26 37 20 20 36 36 20 23 25 20 25 20 30 20 20 42 23 23 20 29 31 277 20 20 600 20 26 20 22 256 24 21 20 22 23 27 97 38 24 30 287 105 83 42 956 20 2669 20 197 26 93
leaf_count=28 20 20 27 37 31 20 34 68 26 38 21 26 37 20 20 36 36 20 23 25 20 25 20 30 20 20 42 23 23 20 29 31 277 20 20 600 20 26 20 22 256 24 21 20 22 23 27 97 38 24 30 287 105 83 42 956 20 2669 20 197 26 93
internal_value=0.000916999 -0.00504809 0.00173305 -0.000333528 -0.0058234 -0.00933237 -0.000768986 -0.0175852 -0.0140246 -0.00875421 0.00166622 6.56456e-05 -0.0028238 -0.0185262 -0.00640981 -0.00544336 -0.00703839 -0.00915691 -0.0126635 -0.0165957 -0.00127218 -0.00661836 0.0024215 0.00164822 -0.00373792 -0.00646593 -0.0220773 -0.00382979 0.00196416 0.000504257 -0.005689 -0.0221716 0.00180427 -0.00171742 0.000674157 0.0020998 0.00101468 -0.000714655 -0.00400881 -0.00691211 0.00223024 -0.00238095 0.0014094 0.00254899 0.00105516 -0.00180974 -0.000538922 0.00267303 0.000977054 0.00156942 0.00227826 0.0025985 0.0022542 0.00209505 0.00149758 0.00290442 0.00278694 0.00286586 0.00207526 0.0024928 0.00032538 0.00244032
internal_weight=7001 842 6159 1538 411 277 628 214 146 89 1127 594 257 82 57 195 164 128 84 61 231 62 4621 1689 93 63 62 61 1596 458 79 57 379 82 169 1070 470 193 68 42 277 44 134 1138 125 43 50 1111 135 149 337 307 125 103 62 976 297 2932 263 243 46 113
internal_count=7001 842 6159 1538 411 277 628 214 146 89 1127 594 257 82 57 195 164 128 84 61 231 62 4621 1689 93 63 62 61 1596 458 79 57 379 82 169 1070 470 193 68 42 277 44 134 1138 125 43 50 1111 135 149 337 307 125 103 62 976 297 2932 263 243 46 113
is_linear=0
shrinkage=0.03


Tree=34
num_leaves=63
num_cat=0
split_feature=70 4 4 51 4 5 4 70 5 51 69 48 32 67 46 67 48 4 52 59 5 68 65 48 36 54 34 67 34 55 55 15 12 7 70 19 5 25 4 13 35 48 17 11 22 13 4 28 18 26 53 67 50 65 0 21 45 15 41 45 47 31
split_gain=37.3724 51.6123 7.35563 6.94702 6.82615 9.26344 5.70873 9.41519 8.83198 7.86567 7.34219 5.50225 4.41582 3.97267 3.50797 3.20034 3.05238 2.71622 2.16898 2.02504 1.93806 1.92897 1.87607 1.8191 1.91144 1.48877 1.42095 1.00082 2.59508 0.934105 1.82407 0.927556 0.850717 0.817211 0.708326 2.09189 2.40436 1.57829 0.683252 1.31512 1.02193 1.59629 2.95061 0.638026 0.58141 0.568473 0.474409 0.390283 0.26415 0.24705 0.207441 0.190181 0.175203 0.169414 0.152345 0.120975 0.062197 0.107871 0.0536071 0.317535 0.0621845 0.0629354
threshold=86252.750000000015 4.5000000000000009 21.500000000000004 1312.5000000000002 6.5000000000000009 4.5000000000000009 7.5000000000000009 98030.812500000015 4.5000000000000009 812.50000000000011 94546.000000000015 969.00000000000011 51.420570416714604 84196.500000000015 28622.354166666668 70839.000000000015 324.50000000000006 1.5000000000000002 1158.5000000000002 4268.5000000000009 3.5000000000000004 89593.000000000015 6621.0000000000009 229.50000000000003 16176.500000000002 1387.9166666666667 1.7689196644731384 76742.500000000015 -1.2960321554828373 27.500000000000004 207.50000000000003 3143.3857431424726 79883.000000000015 21.500000000000004 107353.70833333336 18.675000000000001 4.5000000000000009 82.815377000000012 21.500000000000004 85071.500000000015 14931.500000000002 729.50000000000011 21.575000000000006 91310.500000000015 -0.82499999999999918 99979.500000000015 7.5000000000000009 -9.0113954999999972 13.975000000000001 55.912493729166677 464.50000000000006 75697.000000000015 695.18750000000011 7322.5000000000009 98433.500000000015 4.4699142691491334 27491.500000000004 5912.5866954170424 30329.000000000004 28199.500000000004 81.500000000000014 54.417768266903479
decision_type=2 2 2 2 2 2 2 2 2 2 2 2 2 2 2 2 2 2 2 2 2 2 2 2 2 2 2 2 2 2 2 2 2 2 2 2 2 2 2 2 2 2 2 2 2 2 2 2 2 2 2 2 2 2 2 2 2 2 2 2 2 2
left_child=1 3 4 12 5 33 7 8 11 -10 16 23 19 -4 21 -6 18 -13 -11 -1 -14 48 26 49 29 -12 -15 28 -17 -25 43 -8 46 -3 35 -9 44 -38 50 -40 41 54 -43 -31 -37 47 -30 -29 -5 -2 -33 -52 56 -48 -41 -32 57 -49 59 -53 61 -60
right_child=6 2 13 14 15 -7 31 34 9 10 25 17 20 22 -16 27 -18 -19 -20 -21 -22 -23 -24 24 -26 -27 -28 45 32 30 55 38 -34 -35 -36 36 37 -39 39 40 -42 42 -44 -45 -46 -47 53 52 -50 -51 51 58 -54 -55 -56 -57 -58 -59 60 -61 -62 -63
leaf_value=-86.861077527547238 -0.22895833608984825 14.366779817510123 -83.645997469885714 -113.23605031323974 -64.882290843578048 -108.50604520164825 -2.5513197871675173 51.812058803946293 4.9756756252143681 -38.653160907559865 1.9833360689819208 -0.60381605543651495 1.359064517090824 6.0430200148226492 -39.345141987013399 -20.356418338685533 -68.78847296590834 -56.819155658938001 -18.122277220487927 -47.38550856699694 -25.556000805560902 -70.015935177949601 -33.035457415376804 5.3431296073404502 -9.0370171121902025 -29.3219896075985 -16.16165981728868 3.2400647123161335 -25.77281781873063 -19.89195618071567 5.6189933560294989 9.3140435312204612 -5.1628660933730552 -25.855609980057796 208.00470812829371 -0.67247007709402717 -2.299709882594668 -11.492820755071339 -16.211698027882829 12.745021054818682 100.47993937985427 -44.393298686600545 1.3554226376197707 -0.70232119510881752 30.431282125009005 -4.3911233658393281 17.933778636968032 85.410572809771224 -127.51870122290136 48.779523549754245 0.6682305933882593 -4.3848851640338147 5.3524696525349293 26.318323663693821 21.172429985947392 14.569689198906145 38.578900222260458 20.220121117899019 49.8226502546745 96.284319941144503 176.64404459350396 107.48436576668632
leaf_weight=37 30 45 25 39 28 39 24 276 51 24 33 28 35 34 27 24 39 27 33 39 21 25 21 69 38 25 30 33 34 20 36 39 25 23 740 36 20 22 20 73 302 20 34 21 56 22 125 28 45 263 20 22 20 20 20 20 426 20 26 92 3087 25
leaf_count=37 30 45 25 39 28 39 24 276 51 24 33 28 35 34 27 24 39 27 33 39 21 25 21 69 38 25 30 33 34 20 36 39 25 23 740 36 20 22 20 73 302 20 34 21 56 22 125 28 45 263 20 22 20 20 20 20 426 20 26 92 3087 25
internal_value=0.00098556 -0.0036253 -0.00054887 -0.0153413 0.000332201 -0.00677871 0.00202763 0.000685858 -0.00190992 -0.00722574 -0.01061 5.97719e-05 -0.0103785 -0.00787466 -0.0201249 0.00128183 -0.0157024 -0.00892922 -0.0111384 -0.0150986 -0.00390374 -0.0225481 -0.00472385 0.00106216 -0.0011024 -0.00211704 -0.00210608 0.00164458 -1.3152e-05 0.000270921 -0.00160659 0.00269946 0.001073 -4.40527e-05 0.00239718 0.00138259 -0.00167785 -0.0076247 0.00273723 0.00164997 0.00199065 -4.07885e-05 -0.00415896 -0.00642336 0.00100977 0.00233837 0.00180905 0.00253842 -0.0247919 0.00257932 0.00289028 0.00291648 0.00275046 0.00256375 0.00232009 0.00187166 0.00286648 0.00168399 0.00293441 0.0021823 0.00296071 0.00176125
internal_weight=7001 1290 1022 268 912 107 5711 1907 757 205 154 552 132 110 136 805 96 55 57 76 56 109 85 497 204 58 64 777 228 166 97 3804 204 68 1150 410 134 42 3780 469 449 147 54 41 92 549 179 527 84 293 3311 3272 494 145 93 56 474 48 3252 114 3138 51
internal_count=7001 1290 1022 268 912 107 5711 1907 757 205 154 552 132 110 136 805 96 55 57 76 56 109 85 497 204 58 64 777 228 166 97 3804 204 68 1150 410 134 42 3780 469 449 147 54 41 92 549 179 527 84 293 3311 3272 494 145 93 56 474 48 3252 114 3138 51
is_linear=0
shrinkage=0.03


Tree=35
num_leaves=63
num_cat=0
split_feature=42 4 18 6 4 5 4 46 53 4 4 14 5 6 39 1 3 0 31 59 48 52 52 65 4 63 50 23 4 57 47 24 24 4 14 50 5 16 15 16 18 2 55 66 14 66 48 56 39 69 3 1 45 23 49 15 65 30 25 65 31 60
split_gain=34.4869 41.1185 8.17176 7.69981 13.0382 6.97884 8.09544 4.34262 3.77641 4.54394 3.73598 5.92883 6.01845 5.08776 5.09417 3.19077 4.41121 3.19062 3.04807 2.74088 2.73043 2.67352 2.59588 2.47419 2.26083 2.18953 2.11508 1.84553 1.57788 1.50159 1.19495 1.02512 0.816583 0.814566 1.32532 1.4848 1.25633 0.761374 0.663617 0.58538 0.574491 0.504634 1.07018 0.559384 0.39664 1.67648 0.848497 0.382384 0.368152 0.343442 0.69781 0.306382 0.288532 0.917897 0.295835 0.235393 0.196249 0.164808 0.146734 0.12976 0.0555368 0.313657
threshold=33303.291666666679 4.5000000000000009 8.1750000000000025 9.5000000000000018 5.5000000000000009 4.5000000000000009 7.5000000000000009 29180.416666666668 930.50000000000011 20.500000000000004 7.5000000000000009 96441.937500000015 4.5000000000000009 3.5000000000000004 42573.000000000007 14.575000000000001 51.781914353295939 92190.000000000015 52.862969033499901 870.50000000000011 224.50000000000003 818.50000000000011 1041.5000000000002 4524.5000000000009 21.500000000000004 7183.0000000000009 440.06250000000006 87.747938000000019 20.500000000000004 100.50000000000001 870.50000000000011 50.810230000000011 92.31474200000001 22.500000000000004 93691.208333333358 285.00000000000006 3.5000000000000004 -2071.4999999999995 2900.2498194353398 -1599.4999999999998 11.475000000000001 77.991927000000018 40.500000000000007 763.81250000000011 103471.25000000001 1020.0000000000001 1164.5000000000002 32.500000000000007 30148.500000000004 75763.000000000015 54.240520424954468 10.125000000000002 28782.500000000004 49.12895000000001 212.50000000000003 9040.175723558119 1353.5000000000002 62.177398172533152 42.047472000000006 8547.5000000000018 48.639892959964897 1876.5000000000002
decision_type=2 2 2 2 2 2 2 2 2 2 2 2 2 2 2 2 2 2 2 2 2 2 2 2 2 2 2 2 2 2 2 2 2 2 2 2 2 2 2 2 2 2 2 2 2 2 2 2 2 2 2 2 2 2 2 2 2 2 2 2 2 2
left_child=1 2 -1 10 17 24 23 25 40 15 11 12 20 51 22 16 -10 19 -11 -5 59 -9 -15 -7 37 29 -24 31 39 47 55 -22 41 38 35 -35 -37 -3 -12 -6 -8 43 -43 -33 45 -13 -47 -4 -41 50 -39 -14 53 -40 -55 -16 -51 -45 -56 -2 61 -54
right_child=3 5 7 4 28 6 8 21 9 18 33 44 13 14 30 -17 -18 -19 -20 -21 27 -23 26 -25 -26 -27 -28 -29 -30 -31 -32 32 -34 34 -36 36 -38 49 52 48 -42 42 -44 57 -46 46 -48 -49 -50 56 -52 -53 60 54 58 -57 -58 -59 -60 -61 -62 -63
leaf_value=1.4104768039931179 34.378408392391961 -23.824077978945944 -123.56485820317474 -47.66027947640832 -12.878554424646966 -100.28916096116482 -4.1116462463652201 -1.1626176657032321 -63.164480554056212 -63.233519374211419 -2.4214573982368783 -4.3274826210042594 65.086189731487295 -50.485960690182019 -0.20355556414529458 15.249055735773524 2.6646159724909335 -0.35685533916907269 -79.058578986867559 -95.626465807151675 -1.1397396838586427 -93.86780278158308 -11.328471158019354 -84.652382597618598 -18.492932541618103 -79.895132348005149 -28.254768980667336 -18.124957473424342 -7.6925584408082806 -83.302827742568383 -28.621530834863353 -1.8285287807436796 -8.9289905059790353 7.2566294070798678 113.14602801474969 -0.21807759671555052 -37.71257938322632 62.432559070500801 -10.014939442964883 -0.67470336761866712 11.898334972921711 2.0733941829544271 -7.8169465667838862 6.7454512984664365 213.60475205091487 74.373009097484839 -3.5247744199023092 -127.23764370357081 57.733753110524162 14.672611754412983 -4.7462906332022436 -0.63857662632933831 93.118066309775131 -1.6386480191867199 60.048818413334025 0.70185257882195196 50.704632765574424 2.7444725969746373 51.294624763219375 23.510570722471488 170.54180959065502 3.714878723317363
leaf_weight=27 288 24 56 24 20 28 20 24 37 23 22 36 52 25 20 63 33 21 20 38 36 32 39 20 38 29 29 28 39 26 23 20 21 36 145 35 22 30 29 21 100 33 26 106 725 251 26 20 164 37 20 20 87 24 24 27 320 20 237 25 3088 22
leaf_count=27 288 24 56 24 20 28 20 24 37 23 22 36 52 25 20 63 33 21 20 38 36 32 39 20 38 29 29 28 39 26 23 20 21 36 145 35 22 30 29 21 100 33 26 106 725 251 26 20 164 37 20 20 87 24 24 27 320 20 237 25 3088 22
internal_value=0.00101127 -0.00406582 -0.0157637 0.00188464 -0.00258636 -0.000981429 -0.00422842 -0.0179904 -0.00236069 -0.00516184 0.00214411 0.00104739 -0.00082687 -0.00490004 -0.00783568 -0.00238918 -0.00680456 -0.012852 -0.0136427 -0.0162802 0.000756094 -0.0108556 -0.0124382 -0.0156549 0.00139416 -0.0210069 -0.00929515 -0.00133402 0.000897173 -0.0231244 -0.00166904 -0.000537962 0.000199027 0.00268887 0.000970181 -0.00180451 -0.00483362 0.00201809 0.00280377 0.00196002 0.00172356 0.000789859 -0.00152284 0.00174538 0.00256334 0.00164804 0.00244677 -0.0253482 0.00249595 0.00232867 0 0.00170596 0.00283672 0.00193887 0.00246229 0.00101911 0.00265472 0.00249802 0.00275756 0.00270201 0.0029239 0.00214482
internal_weight=7001 1027 214 5974 327 813 344 187 296 176 5647 1876 838 235 163 133 70 83 43 62 603 56 93 48 469 131 68 290 244 102 70 262 226 3771 238 93 57 431 3533 205 120 205 59 146 1038 313 277 76 185 407 50 72 3511 314 285 47 357 126 261 313 3197 109
internal_count=7001 1027 214 5974 327 813 344 187 296 176 5647 1876 838 235 163 133 70 83 43 62 603 56 93 48 469 131 68 290 244 102 70 262 226 3771 238 93 57 431 3533 205 120 205 59 146 1038 313 277 76 185 407 50 72 3511 314 285 47 357 126 261 313 3197 109
is_linear=0
shrinkage=0.03


Tree=36
num_leaves=63
num_cat=0
split_feature=70 9 57 5 47 51 65 34 7 0 59 48 0 16 25 2 1 7 54 65 70 43 70 30 70 17 20 28 18 5 16 54 17 1 5 16 23 37 7 61 63 1 59 61 60 17 60 35 26 65 31 14 59 21 50 0 28 62 2 0 23 0
split_gain=32.4306 37.9033 20.9537 11.1797 8.50399 7.30661 7.6079 5.78686 5.30692 4.73728 4.51219 3.6052 3.84024 3.57881 2.91948 2.61192 2.60357 3.04312 2.4854 2.16564 2.16215 2.45763 2.00441 3.22519 2.99792 4.96554 4.13566 1.5243 1.49513 1.3048 2.58768 2.67221 1.4079 2.04745 1.09291 4.03363 2.20698 1.02991 0.896609 0.631162 0.9536 0.911298 0.485984 1.00687 0.483921 0.562759 0.40765 0.391425 0.33416 0.315062 0.31477 0.840766 0.314144 0.707797 0.272511 0.211105 0.209926 0.586313 0.169202 0.167577 0.126224 0.11149
threshold=89417.729166666672 1.0000000180025095e-35 131.50000000000003 4.5000000000000009 201.50000000000003 1205.5000000000002 3250.0000000000005 0.97430325224421221 9.5000000000000018 71231.500000000015 4268.5000000000009 394.50000000000006 83168.500000000015 -1287.4999999999998 70.607397000000006 89.387605000000022 14.925000000000002 7.5000000000000009 1144.3333333333335 4497.5000000000009 80161.104166666672 28661.500000000004 99576.541666666672 60.675692126353717 92218.125000000015 9.9250000000000025 20.942708333333339 2.5638100000000041 9.5750000000000011 4.5000000000000009 -646.49999999999989 1427.8750000000002 10.825000000000001 7.5250000000000012 4.5000000000000009 -1670.4999999999998 70.141522500000022 9799.0000000000018 15.500000000000002 2286.0000000000005 3741.5000000000005 19.125000000000004 2156.0000000000005 2188.5000000000005 4672.5000000000009 20.975000000000005 150.50000000000003 11635.500000000002 55.373795812500006 6448.5000000000009 68.893286965451821 100460.77083333336 2391.5000000000005 2.5338246144724512 726.33333333333337 84419.000000000015 3.1737674999999972 2281.4375000000005 54.67879150000001 73906.500000000015 48.705164000000003 72845.500000000015
decision_type=2 2 2 2 2 2 2 2 2 2 2 2 2 2 2 2 2 2 2 2 2 2 2 2 2 2 2 2 2 2 2 2 2 2 2 2 2 2 2 2 2 2 2 2 2 2 2 2 2 2 2 2 2 2 2 2 2 2 2 2 2 2
left_child=1 2 3 5 -5 10 16 39 60 13 47 19 -13 -3 38 28 -7 -18 -14 27 21 -15 23 34 25 -25 -27 -10 -6 54 31 -31 33 -32 44 36 -36 -26 -8 -4 41 -41 -39 -44 56 -46 -24 -1 -45 -22 -48 -52 59 -54 61 -21 -2 58 -58 -37 -9 -11
right_child=22 9 7 4 15 6 14 8 11 29 -12 12 18 20 -16 -17 17 -19 -20 55 49 -23 46 24 37 26 -28 -29 -30 30 32 -33 -34 -35 35 52 -38 42 -40 40 -42 -43 43 48 45 -47 50 -49 -50 -51 51 -53 53 -55 -56 -57 57 -59 -60 -61 -62 -63
leaf_value=-13.445891051711273 73.555258686051999 -75.512784016083984 22.383692204494519 -12.197628017789427 -94.663369635180331 0.55626117210994364 -103.46084210503868 10.663494187282879 -2.0115259740856208 48.268222607113145 -29.907821273181593 -82.36423568937353 -11.225750262198147 13.140756551111384 -44.889917329540971 -28.771395470564496 -5.1440924399347665 -32.223016044666821 -44.73766092847314 13.658496605661565 7.0288122547001812 -61.955521581082557 -2.8839758769059274 35.210775976937612 -13.590804569150691 -79.168698461624089 -0.64705936812418663 -62.338896652428176 -128.37735071462683 1.1574322919534552 11.136197613778162 -57.91655564377951 23.153773328217977 -13.937988060417167 -0.45667323854216324 0.74799277949181064 -16.529116796658588 12.087316418908529 -95.424050854781257 -27.092828105677267 7.7402506001402047 4.2334230700604891 -7.5067010432981469 -0.072330944384288096 -6.832825426634348 24.427415645314174 237.4574651846246 14.150558726310265 4.0559394236793667 -1.4040252632738395 -3.5293248042202499 137.22465914253371 -14.310821137907832 11.503526805014154 3.0574578387771663 -3.0586407332040988 -0.14785989474912695 -1.1619651302789173 42.829110133045489 76.21937345914418 7.8459245971704119 66.161000242973103
leaf_weight=26 879 30 104 21 20 31 20 20 20 66 38 24 23 24 31 20 20 25 36 22 57 24 20 31 31 25 21 20 76 30 33 21 185 30 34 20 33 104 31 22 43 32 24 26 21 22 3097 53 64 20 20 49 20 31 29 20 20 29 124 237 40 632
leaf_count=26 879 30 104 21 20 31 20 20 20 66 38 24 23 24 31 20 20 25 36 22 57 24 20 31 31 25 21 20 76 30 33 21 185 30 34 20 33 104 31 22 43 32 24 26 21 22 3097 53 64 20 20 49 20 31 29 20 20 29 124 237 40 632
internal_value=0.00106698 -0.00213957 -0.00701945 -0.0118442 -0.0188621 -0.00833152 -0.0125427 -0.00234452 -0.00565082 0.0013208 -0.00261315 -0.00843125 -0.012852 -0.00355899 -0.0188916 -0.0220413 -0.00563732 -0.0102439 -0.00862944 -0.00390987 -0.00129496 -0.00629938 0.00236707 0.00156172 -0.00113155 -0.0063035 -0.0125597 -0.00890274 -0.0241311 0.0020612 0.000381144 -0.00575342 0.00165659 -0.002187 0.00216108 0.0007518 -0.00590164 0.000457648 -0.0233659 0.00134262 -0.000370752 -0.00304991 0.0011967 -0.000131464 0.00264085 -0.000417633 0.00282006 0.00144121 0.00129856 0.00178988 0.00284735 0.000781476 0.00221032 1.10228e-10 0.0027479 0.000783848 0.00276875 0.00176776 0.00256072 0.00263711 0.00194676 0.00286635
internal_weight=7001 2019 838 412 137 275 158 426 225 1181 117 165 83 155 82 116 76 45 59 82 125 48 4982 1796 326 77 46 40 96 1026 299 51 248 63 1470 375 67 249 51 201 97 54 218 114 1095 43 3186 79 90 77 3166 69 308 51 727 42 1052 173 144 257 60 698
internal_count=7001 2019 838 412 137 275 158 426 225 1181 117 165 83 155 82 116 76 45 59 82 125 48 4982 1796 326 77 46 40 96 1026 299 51 248 63 1470 375 67 249 51 201 97 54 218 114 1095 43 3186 79 90 77 3166 69 308 51 727 42 1052 173 144 257 60 698
is_linear=0
shrinkage=0.03


Tree=37
num_leaves=63
num_cat=0
split_feature=70 4 5 51 4 1 4 0 48 70 21 5 50 3 70 1 59 48 27 0 25 43 70 59 23 31 40 15 21 4 31 26 59 5 16 14 16 19 64 47 5 54 14 24 26 4 30 43 50 70 68 52 39 14 50 4 0 48 14 21 12 3
split_gain=29.6622 44.5791 11.5217 9.19831 8.05707 6.25963 4.86353 6.9924 6.01514 4.76792 5.03116 4.25121 4.72262 2.99794 2.98182 3.72799 2.93023 2.68351 2.39018 2.28284 2.22652 2.15031 1.84366 1.70427 3.51722 1.65383 1.62763 1.25536 1.07278 1.04226 1.06707 1.03506 0.974853 0.967808 1.89036 3.1733 2.37561 1.84866 0.798019 0.709925 0.599664 1.3227 0.591419 0.561865 0.545117 0.497984 1.36462 0.451403 0.54755 0.401372 1.76148 0.366203 0.596958 0.36063 0.463333 0.31975 0.283866 0.584737 0.194162 0.167481 0.138483 0.122356
threshold=86332.562500000015 6.5000000000000009 4.5000000000000009 1360.5000000000002 22.500000000000004 13.375000000000002 5.5000000000000009 99765.000000000015 222.50000000000003 83780.416666666672 2.560483913074604 4.5000000000000009 435.93750000000006 61.093732408019356 78802.916666666686 10.975000000000001 4268.5000000000009 1087.5000000000002 15.014305558071449 84557.000000000015 71.083855000000014 28838.000000000004 82638.625000000015 3801.0000000000005 78.155010000000019 54.335123164759864 29708.500000000004 4118.6989765497647 4.4121730611602459 21.500000000000004 52.862969033499901 51.055602395833347 3393.0000000000005 4.5000000000000009 -845.49999999999989 99491.270833333358 -2568.9999999999995 13.975000000000001 1455.5000000000002 83.500000000000014 4.5000000000000009 1156.8750000000002 84409.104166666672 74.927302000000012 57.800545916666671 21.500000000000004 51.675294660908882 29681.500000000004 731.18750000000011 89830.500000000015 94790.000000000015 1732.5000000000002 30826.500000000004 96688.375000000015 429.06250000000006 2.5000000000000004 70908.500000000015 219.50000000000003 81350.937500000015 6.0081667880117662 88734.500000000015 51.464441597473254
decision_type=2 2 2 2 2 2 2 2 2 2 2 2 2 2 2 2 2 2 2 2 2 2 2 2 2 2 2 2 2 2 2 2 2 2 2 2 2 2 2 2 2 2 2 2 2 2 2 2 2 2 2 2 2 2 2 2 2 2 2 2 2 2
left_child=1 2 3 16 14 20 7 8 40 27 -11 17 19 -14 15 -3 25 23 -19 -13 -5 -6 -18 38 28 -1 -17 -4 -25 42 -31 -9 -7 45 35 36 -35 61 -10 -36 59 -42 51 -21 -39 58 -47 48 -48 50 -41 56 -53 54 -33 -27 57 -16 -8 -2 -54 -38
right_child=6 4 9 5 21 32 33 31 11 10 -12 12 13 -15 29 26 22 18 -20 43 -22 -23 -24 24 -26 55 -28 -29 -30 30 -32 53 -34 34 39 -37 37 44 -40 49 41 -43 -44 -45 -46 46 47 -49 -50 -51 -52 52 60 -55 -56 -57 -58 -59 -60 -61 -62 -63
leaf_value=-40.535201222221161 33.415859201474994 -68.011497748078398 -76.68164313127366 -84.32745147139282 -68.669733374242838 -80.403578307172296 67.904492302366208 -6.7797293778443821 -0.55137146460594944 -9.1553119125402098 -42.183507305192016 -76.513825267995685 -56.946512082426231 -19.328727005739932 -20.038293056380837 36.581498863923009 -36.462837217345964 -5.9329843099086457 -119.218155543826 2.9927222191510023 0.91784556982196563 -29.819087316786096 -19.518178390702374 4.1003545733204492 -18.267055277346028 -19.427664340342691 -32.336224034979018 -127.86400880675922 -9.4219488694045737 3.7253431298533926 -15.573272836553278 30.798742723356394 -92.934310917509237 -18.586113841999111 -8.0092899062626426 173.07934528393656 -0.039730069644877818 -19.447351617812899 6.5036067204493309 27.178294986822532 2.3424785860203281 -20.628952787304989 -0.83490787328241634 -7.3577865045814432 -6.6768895541754594 -10.601827450891633 1.3010107860842133 65.476361560108032 -9.5398134780721282 155.09372945110493 -12.033021293193649 -0.74277244116755192 37.344800216883492 126.43903302828915 -0.20856712716314144 12.428706843097075 31.297466163659575 17.65641394461019 163.67812037724153 9.865581129976416 12.799690877745638 29.12691787762645
leaf_weight=23 176 25 29 20 32 31 20 21 33 23 24 20 29 30 25 49 25 27 20 29 23 23 21 50 26 20 25 56 25 27 24 44 27 23 29 140 20 21 102 76 45 21 20 23 33 20 51 266 21 696 21 30 52 644 39 60 543 41 2784 21 20 37
leaf_count=23 176 25 29 20 32 31 20 21 33 23 24 20 29 30 25 49 25 27 20 29 23 23 21 50 26 20 25 56 25 27 24 44 27 23 29 140 20 21 102 76 45 21 20 23 33 20 51 266 21 696 21 30 52 644 39 60 543 41 2784 21 20 37
internal_value=0.00109269 -0.00296108 -0.0115964 -0.00778489 0.000560838 -0.0147774 0.0020334 0.000513648 -0.00169251 -0.0187812 -0.0109554 -0.00394832 -0.00842105 -0.0147208 0.00125979 -0.00363269 -0.00301811 -0.00186507 -0.00840764 -0.00320388 -0.00598608 -0.0105626 -0.00930586 -0.000546379 -0.00350148 -0.000174588 -0.000202429 -0.0230552 -0.000159787 0.00188339 -0.00223092 0.00251437 -0.021222 0.00254127 0.00176535 -0.000383072 -0.00369127 -0.00183618 0.00164323 0.0024851 0.00184721 -0.000590015 0.00217481 5.75817e-05 -0.00582255 0.00280921 0.00173415 0.00219166 4.1609e-05 0.0026554 0.000803296 0.00232035 0.000617042 0.00270664 0.000794224 0.00183521 0.00260056 0.000680787 0.00294533 0.00267884 0.00212205 0.00189142
internal_weight=7001 1318 382 250 936 101 5683 1425 677 132 47 414 131 59 881 99 149 283 47 72 43 55 46 236 101 103 74 85 75 782 51 748 58 4258 1096 274 134 111 135 822 263 66 731 52 54 3162 358 338 72 793 97 711 102 727 83 80 609 66 2804 197 72 57
internal_count=7001 1318 382 250 936 101 5683 1425 677 132 47 414 131 59 881 99 149 283 47 72 43 55 46 236 101 103 74 85 75 782 51 748 58 4258 1096 274 134 111 135 822 263 66 731 52 54 3162 358 338 72 793 97 711 102 727 83 80 609 66 2804 197 72 57
is_linear=0
shrinkage=0.03


Tree=38
num_leaves=63
num_cat=0
split_feature=70 4 5 4 4 70 20 49 19 18 47 67 70 18 5 59 54 70 21 2 50 49 55 33 43 15 49 37 19 70 4 29 1 17 21 70 5 4 18 22 15 39 17 3 27 21 4 49 32 4 5 53 27 43 4 47 60 1 1 34 11 37
split_gain=28.9888 35.3416 12.3413 7.7151 7.55862 11.1865 7.91966 7.40831 4.28722 3.90309 3.63356 2.90789 2.59897 4.72587 6.45224 4.46462 3.39646 2.22972 2.15142 1.99823 1.99497 1.95212 1.87226 1.72453 2.79383 1.64661 1.55886 1.77636 1.94684 1.44082 1.30398 2.3516 1.95391 1.92742 1.2982 0.736611 0.899281 1.38006 1.83861 3.24447 1.79475 0.857943 0.671187 0.58733 0.5436 0.512179 0.492039 1.13711 0.388383 0.388038 0.279519 0.570654 0.685117 0.250763 0.461849 0.224977 0.193601 0.158324 0.150715 0.127097 0.039644 0.115339
threshold=83662.583333333343 6.5000000000000009 4.5000000000000009 22.500000000000004 6.5000000000000009 90974.916666666672 18.409375000000004 630.50000000000011 17.275000000000002 12.725000000000001 568.50000000000011 70839.000000000015 107686.77083333336 17.275000000000002 4.5000000000000009 3921.5000000000005 1392.6875000000002 89417.729166666672 4.2615821506673344 67.815885000000009 662.97916666666686 1098.5000000000002 339.00000000000006 2.4792125384191528 29585.500000000004 4118.6989765497647 594.50000000000011 17256.000000000004 20.275000000000002 80902.875000000015 22.500000000000004 57.394657348097297 14.675000000000002 20.875000000000004 5.2699990028293771 95912.229166666672 4.5000000000000009 8.5000000000000018 8.6250000000000018 0.8249999999999994 7777.57942917536 28055.000000000004 23.725000000000005 42.301641982329919 16.948932523156149 2.6142892768557444 20.500000000000004 1339.5000000000002 58.092951046775362 21.500000000000004 4.5000000000000009 1693.0000000000002 14.009072161366939 29446.500000000004 2.5000000000000004 298.50000000000006 131.50000000000003 16.925000000000001 12.475000000000001 1.5135704706090147 73393.000000000015 10564.000000000002
decision_type=2 2 2 2 2 2 2 2 2 2 2 2 2 2 2 2 2 2 2 2 2 2 2 2 2 2 2 2 2 2 2 2 2 2 2 2 2 2 2 2 2 2 2 2 2 2 2 2 2 2 2 2 2 2 2 2 2 2 2 2 2 2
left_child=1 2 7 11 5 6 8 10 23 -10 29 -3 13 53 26 16 -16 20 19 -9 -8 34 -11 24 48 -4 -15 28 -28 -1 35 32 -32 -34 43 36 41 40 39 45 -38 -6 -17 -13 57 -39 60 59 -2 -40 -45 58 -53 54 -7 -31 -37 -25 -52 -48 61 -43
right_child=4 3 25 -5 30 12 17 18 9 22 -12 21 -14 14 15 42 -18 -19 -20 -21 -22 -23 -24 44 -26 -27 27 -29 -30 55 31 -33 33 -35 -36 56 37 38 49 -41 -42 46 -44 50 -46 -47 47 -49 -50 -51 51 52 -54 -55 -56 -57 -58 -59 -60 -61 -62 -63
leaf_value=-38.433465971404445 3.607947128266678 -57.141877121773831 -74.38119383733536 -70.007949021158808 -3.3871282849390543 -0.62240494139473601 -63.00073335653218 -28.539435468888549 -31.379655630923754 -27.59611337925795 -59.945809303289217 -37.52995551096415 177.76433194185989 31.078466927288041 -5.8120212207388189 -2.17591201227936 -20.377155619854026 -5.3427451829516075 -96.572235606990574 -41.131113092735355 -34.30717692878769 -25.844661747961343 1.6453830748358762 12.918158765960589 -36.117810105565383 -124.02808854255635 0.53447913792662294 20.952941066272416 -8.6216768051919956 8.1983082003038259 20.453568281943493 48.747932873184844 -41.018836053970979 -1.6333454096554965 -20.700931747078744 43.431777638531919 2.2565934250035262 -1.9516518707085844 60.847850211401145 -11.672030651676353 -10.364449093111258 75.56616462027975 16.244032312571111 35.77983666474772 -21.370633235692889 13.530006935226176 31.473368996891995 -19.389476649369659 -2.2302230016029845 -1.923409686118341 0.24666580727009652 1.43295914034264 -3.4243796986200601 48.0191361668927 6.4745115304038761 -1.5478125910700451 285.9262350122039 0.62733004143531623 15.348526421578098 -0.029940406499864441 93.621358946086019 105.13522255385698
leaf_weight=27 42 28 29 36 25 20 37 22 24 29 24 28 641 121 29 24 38 22 20 21 28 23 33 119 34 56 32 50 34 37 39 152 30 34 20 20 32 20 278 21 23 22 22 285 21 43 92 21 20 21 35 24 20 311 33 23 2537 21 112 20 870 46
leaf_count=27 42 28 29 36 25 20 37 22 24 29 24 28 641 121 29 24 38 22 20 21 28 23 33 119 34 56 32 50 34 37 39 152 30 34 20 20 32 20 278 21 23 22 22 285 21 43 92 21 20 21 35 24 20 311 33 23 2537 21 112 20 870 46
internal_value=0.00109269 -0.00403057 -0.0133153 -8.83651e-05 0.00182023 0.00017478 -0.0040386 -0.0087019 -0.0019761 -0.00777003 -0.0039964 0.000751174 0.00151428 0.000264669 -0.00221937 -0.00811671 -0.0130551 -0.012124 -0.0169255 -0.0129466 -0.0149309 0.00123926 -0.00371981 -2.33371e-05 -0.0032154 -0.0227027 0.000582033 -0.0018863 -0.00512859 -0.00110218 0.00249534 0.000399843 -0.00308438 -0.00631825 0.00161992 0.00262521 0.0020983 0.000938142 0.00158183 -0.00231867 -0.00348457 0.00255907 -0.000845987 0.00192224 0.0018622 0.00104596 0.00268882 0.000946657 0.000531401 0.00268806 0.00217391 0.00125589 -0.00170068 0.00266136 0.000677966 0.00144759 0.00294005 0.00254818 0.00216179 0.00216771 0.00293252 0.00207048
internal_weight=7001 870 259 611 6131 1785 430 174 343 86 111 575 1355 714 350 113 67 87 63 43 65 547 62 257 96 85 237 116 66 87 4346 255 103 64 524 4091 1534 438 383 84 55 1096 46 504 161 63 1071 133 62 299 476 191 44 364 53 60 2557 140 147 112 938 68
internal_count=7001 870 259 611 6131 1785 430 174 343 86 111 575 1355 714 350 113 67 87 63 43 65 547 62 257 96 85 237 116 66 87 4346 255 103 64 524 4091 1534 438 383 84 55 1096 46 504 161 63 1071 133 62 299 476 191 44 364 53 60 2557 140 147 112 938 68
is_linear=0
shrinkage=0.03


Tree=39
num_leaves=63
num_cat=0
split_feature=70 4 8 4 4 70 49 58 58 36 67 8 0 24 12 21 67 27 33 35 18 16 70 54 56 4 14 21 52 21 6 49 28 63 27 34 67 53 50 43 8 16 59 39 0 4 25 4 60 4 49 57 25 21 35 61 11 24 0 16 58 33
split_gain=28.0686 30.1624 10.8112 7.61537 6.89054 10.5625 6.64623 5.40179 9.51021 3.69454 3.03419 2.95362 6.21988 3.95195 2.72291 2.71136 2.4975 2.41345 2.35212 2.08192 2.03183 1.94099 1.84705 4.46885 2.24234 1.42919 2.29402 1.41782 1.36989 2.88596 1.16055 1.84096 1.03753 0.929405 1.86899 0.894557 1.9692 0.824767 1.17388 0.758988 1.2477 4.38314 1.22516 0.89823 0.753287 0.684414 0.677865 0.569858 0.476138 0.441145 0.654894 0.317535 0.314611 0.293731 0.285519 0.283547 0.230242 0.440437 0.190766 0.170104 0.158199 0.125999
threshold=83662.583333333343 6.5000000000000009 1.0000000180025095e-35 21.500000000000004 6.5000000000000009 89530.958333333358 630.50000000000011 3847.5000000000005 4152.6458333333348 16420.000000000004 70839.000000000015 1.0000000180025095e-35 88167.000000000015 79.354280000000003 82290.000000000015 4.2615821506673344 84196.500000000015 16.163670743748401 3.7438990081719763 12358.500000000002 14.825000000000001 -4326.4999999999991 107686.77083333336 1387.9166666666667 39.500000000000007 22.500000000000004 93691.208333333358 4.6406511436962363 1299.5000000000002 4.0238236916047745 8.5000000000000018 615.50000000000011 2.6096849999999994 752.50000000000011 15.080671358791571 -1.3505259998608385 79994.000000000015 1284.5000000000002 351.18750000000006 30835.000000000004 1.0000000180025095e-35 -1670.4999999999998 2125.5000000000005 28055.000000000004 88003.500000000015 20.500000000000004 70.75394750000001 7.5000000000000009 1512.5000000000002 20.500000000000004 1339.5000000000002 8264.0000000000018 94.934345000000022 6.1894795993060496 10264.000000000002 2261.5000000000005 73393.000000000015 88.69239300000001 72208.000000000015 -973.49999999999989 5008.2083333333339 4.5609804311213589
decision_type=2 2 2 2 2 2 2 2 2 2 2 2 2 2 2 2 2 2 2 2 2 2 2 2 2 2 2 2 2 2 2 2 2 2 2 2 2 2 2 2 2 2 2 2 2 2 2 2 2 2 2 2 2 2 2 2 2 2 2 2 2 2
left_child=1 2 6 10 5 7 14 9 18 21 -3 30 13 -13 27 20 -5 46 -9 -18 -8 -2 23 -14 -25 39 28 48 44 -30 53 -32 -10 -33 -35 36 -12 54 -39 40 43 -42 55 -6 -27 47 -4 -37 -1 -45 51 -51 -49 60 -23 56 57 -43 -41 -58 61 -7
right_child=4 3 17 16 25 11 15 8 32 -11 35 12 22 -15 -16 -17 19 -19 -20 -21 -22 37 -24 24 -26 26 -28 -29 29 -31 31 33 -34 34 -36 45 -38 38 -40 58 41 42 -44 49 -46 -47 -48 52 -50 50 -52 -53 -54 -55 -56 -57 59 -59 -60 -61 -62 -63
leaf_value=7.7231128865062439 -19.933461730177562 -55.427620808120665 -62.560115379044241 -74.831011642271335 -3.6379041336556832 63.533997498353799 -12.839381808637032 -74.066444069658871 5.1172592444735541 -70.285450245516685 -11.841160867583266 -0.14831422614776379 6.0180835029116189 -28.288395460961883 -53.286270095774178 -93.675068538780906 -0.18157237700471113 -106.27005894676975 -54.29731345948754 -35.995894215269097 -41.914490497346698 -10.473505570833606 112.59711240855394 -16.111698072678905 -0.42935004336293808 -24.10194666987778 107.56325194298464 -27.281433360274566 -22.255414761017086 9.3259102557184139 24.30044157555054 0.26223002519869354 -20.467038016631623 -7.035540240901331 -28.110642917552084 -24.407319653858455 44.008440025698924 -8.5493815862486002 3.4454354175207444 20.240785694963893 -11.447745526937203 -2.406743423508094 -10.377611203180139 91.162854716463599 14.684088595422415 -1.7691813775545491 -121.93438029144967 24.843179170441505 -29.636186110310998 30.529167926985437 -8.67193452950462 -0.85293272023840161 -0.15928458949909025 0.22795014691408363 4.5403558523576226 -1.3699637671503075 3.1349839296560571 6.7931561886955913 270.42019203149044 48.397925038179096 5.3640555520414841 1.7078134481543576
leaf_weight=42 26 28 25 21 24 818 20 28 24 21 27 36 86 34 22 20 31 20 20 20 23 21 177 37 29 20 145 26 31 23 84 23 32 32 24 33 33 31 37 20 24 29 34 932 36 35 40 359 21 92 31 22 24 25 93 20 21 35 2605 202 21 26
leaf_count=42 26 28 25 21 24 818 20 28 24 21 27 36 86 34 22 20 31 20 20 20 23 21 177 37 29 20 145 26 31 23 84 23 32 32 24 33 33 31 37 20 24 29 34 932 36 35 40 359 21 92 31 22 24 25 93 20 21 35 2605 202 21 26
internal_value=0.00111411 -0.00392713 -0.0125048 -0.000284732 0.00183001 0.000258809 -0.00818495 -0.00455719 -0.0102305 -0.00196421 0.000934892 0.00136561 -0.00082686 -0.00894436 -0.00372637 -0.0159746 -0.00944521 -0.0212926 -0.0200208 -0.00575342 -0.0115545 -0.000735223 0.000893346 -0.00151874 -0.00739788 0.00247463 0.000282242 -0.0013468 -0.00297003 -0.00637708 0.00219922 -0.000110362 -0.00176471 -0.0034134 -0.00550802 0.00146742 -0.00194676 0.000345964 -0.0022467 0.00261054 0.00205648 0.000525883 0.00140721 0.00256108 0.00026738 0.00192862 -0.0241475 0.00227109 0.00104596 0.00269056 0.00111647 0.0021823 0.00259984 0.00262555 0.00191937 0.00201237 0.00225705 0.000608424 0.00291875 0.00271627 0.00271876 0.00278285
internal_weight=7001 870 259 611 6131 1785 174 333 104 229 539 1452 399 70 111 63 72 85 48 51 43 208 329 152 66 4346 255 89 110 54 1053 163 56 79 56 511 60 182 68 4091 1466 365 341 1101 56 451 65 416 63 1077 145 114 383 890 114 307 287 64 2625 223 865 844
internal_count=7001 870 259 611 6131 1785 174 333 104 229 539 1452 399 70 111 63 72 85 48 51 43 208 329 152 66 4346 255 89 110 54 1053 163 56 79 56 511 60 182 68 4091 1466 365 341 1101 56 451 65 416 63 1077 145 114 383 890 114 307 287 64 2625 223 865 844
is_linear=0
shrinkage=0.03


Tree=40
num_leaves=63
num_cat=0
split_feature=70 4 5 43 4 4 1 69 1 7 53 5 5 4 17 3 4 50 2 59 54 41 56 67 38 42 38 4 0 21 60 26 2 47 51 14 4 38 5 66 33 26 58 1 54 29 38 24 39 70 4 59 62 58 66 17 51 52 27 4 43 27
split_gain=28.1641 28.4674 7.32859 6.32792 9.63185 6.18362 6.05513 4.71946 4.70422 5.78855 3.50142 3.27515 3.06846 3.73467 3.41235 4.87113 3.06728 4.00208 3.30055 3.17837 2.96896 3.24643 3.29408 2.74932 2.46064 2.23856 1.97903 1.95673 2.85053 1.90213 1.87864 1.7541 1.20171 0.988766 0.969265 0.913858 0.88587 1.55558 3.23481 2.14658 1.95129 1.80087 1.65852 0.842864 0.748359 1.98852 0.677144 0.601234 0.594507 0.555106 0.531786 0.401761 0.78188 0.398537 0.753287 0.397063 0.397063 0.358673 0.262456 0.230109 0.204454 0.14928
threshold=83662.583333333343 5.5000000000000009 4.5000000000000009 31147.500000000004 4.5000000000000009 21.500000000000004 9.0250000000000021 105147.50000000001 13.775000000000002 26.500000000000004 2126.5000000000005 4.5000000000000009 4.5000000000000009 7.5000000000000009 11.975000000000001 50.805523538797395 8.5000000000000018 395.97916666666669 87.747938000000019 2125.5000000000005 1137.916666666667 37837.000000000007 26.500000000000004 84196.500000000015 13489.79166666667 31507.000000000004 11444.437500000002 21.500000000000004 85511.000000000015 2.5159899350551846 2738.5000000000005 72.919870666666682 60.748380000000004 212.50000000000003 1689.0000000000002 73270.250000000015 7.5000000000000009 17930.479166666672 4.5000000000000009 3114.9375000000005 3.0894831797973352 78.253181729166684 4025.2708333333339 18.975000000000005 1277.7500000000002 56.693400323603157 9769.5416666666697 49.471368000000005 28055.000000000004 90873.291666666672 1.5000000000000002 1328.5000000000002 2195.854166666667 5008.2083333333339 2388.9791666666674 12.125000000000002 1643.5000000000002 1542.5000000000002 11.87830545885714 19.500000000000004 29081.500000000004 18.002324570243733
decision_type=2 2 2 2 2 2 2 2 2 2 2 2 2 2 2 2 2 2 2 2 2 2 2 2 2 2 2 2 2 2 2 2 2 2 2 2 2 2 2 2 2 2 2 2 2 2 2 2 2 2 2 2 2 2 2 2 2 2 2 2 2 2
left_child=1 2 8 4 6 12 57 10 30 26 20 27 35 -14 15 -15 17 33 -19 51 24 22 -22 -7 46 -4 -10 48 -29 -21 55 -23 -25 -13 -16 -3 37 38 47 40 41 42 -40 -33 -30 -46 -8 -5 -6 -49 -28 -18 -53 -39 -55 -1 -17 -2 -9 -37 -48 -51
right_child=3 5 25 36 11 23 7 58 9 -11 -12 16 13 14 34 56 19 18 -20 29 21 31 -24 32 -26 -27 50 28 44 -31 -32 43 -34 -35 -36 59 -38 53 39 -41 -42 -43 -44 -45 45 -47 60 49 -50 61 -52 52 -54 54 -56 -57 -58 -59 -60 -61 -62 -63
leaf_value=1.9475531803160511 26.018567792709234 -0.5202092446729375 -124.11444452910467 -5.6004561119492653 -0.86998390071969134 -72.586081293003375 -11.199498474017965 -3.0093950545176549 -34.899643830451197 -4.2918961232833945 -109.69858042709677 6.9228136286812392 -76.534962635496726 -55.36540143881345 15.096789249736682 14.731638703364235 37.142058910733674 -36.947037845607369 -13.702870253400024 -18.384308303023374 -58.373463293035435 -13.205768227963912 -26.40811222590817 -11.763012644856436 -41.809602463461353 -67.407688070821436 -73.026688241226154 -34.691448680046221 14.243890172939945 -1.1913829306044152 -30.755341862529622 -7.6110261887143018 -14.385011143447173 -20.422699785630076 -7.7770466068361452 49.849452127579042 248.81640148945107 205.84884391525361 -30.66600737563396 24.349610286690698 1.8218628007253641 -4.4603001882630746 -5.3966679988303925 4.0298928304359078 -12.97537795593008 25.389015242541653 -1.0604965967350812 -4.9119203730774057 76.735322144326872 49.720837530896056 -86.886143004092403 -4.1206555165548231 15.180139623573252 -4.6944867914220145 95.700536763596944 -38.495744803959987 -0.66425760359572572 -0.20350929177058083 9.2693457420346412 13.904120616697011 4.3719938158052765 0.22454456390380029
leaf_weight=24 105 22 39 20 24 21 23 22 20 20 28 39 26 31 124 24 208 26 21 20 24 31 30 29 23 33 20 21 69 33 22 21 22 22 20 277 2544 728 23 43 28 21 23 23 28 38 21 24 1197 283 24 32 56 20 36 20 20 33 47 32 49 24
leaf_count=24 105 22 39 20 24 21 23 22 20 20 28 39 26 31 124 24 208 26 21 20 24 31 30 29 23 33 20 21 69 33 22 21 22 22 20 277 2544 728 23 43 28 21 23 23 28 38 21 24 1197 283 24 32 56 20 36 20 20 33 47 32 49 24
internal_value=0.00112268 -0.00392713 -0.0131968 0.0018398 0.000600233 -0.000745255 -0.00318059 -0.005323 -0.00937375 -0.0140904 -0.0070963 0.00159152 0.000286409 -0.00225214 -0.000958466 -0.0061518 -0.000603806 -0.00502313 -0.0115924 0.00075623 -0.00592411 -0.00906274 -0.014695 -0.00902913 -0.0024031 -0.0210957 -0.0184867 0.00232227 -0.000826393 -0.0059887 -0.00331316 -0.0049534 -0.00516634 1.10478e-10 0.00172797 0.00217457 0.00259045 0.001937 0.000601104 -0.00328023 -0.00580442 -0.0085842 -0.0119089 -0.00102041 0.000754996 -0.00149773 -0.00019334 0.00213614 0.00272705 0.00244639 -0.0221088 0.00197568 0.000238366 0.00276623 0.00026738 0.000204082 0.000204082 0.00210717 0.00164978 0.0026011 0.00124108 0.00279388
internal_weight=7001 870 222 6131 2314 648 480 342 150 84 273 1834 576 245 219 75 457 108 47 349 245 129 54 72 116 72 64 1377 156 53 66 75 51 61 144 331 3817 1273 489 138 95 67 46 44 135 66 93 351 1221 331 44 296 88 784 56 44 44 138 69 309 70 307
internal_count=7001 870 222 6131 2314 648 480 342 150 84 273 1834 576 245 219 75 457 108 47 349 245 129 54 72 116 72 64 1377 156 53 66 75 51 61 144 331 3817 1273 489 138 95 67 46 44 135 66 93 351 1221 331 44 296 88 784 56 44 44 138 69 309 70 307
is_linear=0
shrinkage=0.03


Tree=41
num_leaves=63
num_cat=0
split_feature=70 40 70 4 20 64 43 12 19 4 16 5 53 30 16 19 4 70 30 70 26 58 53 1 1 62 30 33 32 36 37 4 60 52 38 28 53 16 68 67 13 6 20 16 58 60 70 58 21 16 15 70 41 16 29 45 58 58 40 26 23 22
split_gain=27.3864 15.4558 12.7208 24.0504 7.9958 4.93291 4.87158 3.94016 3.47776 3.27267 3.69685 3.84173 3.2266 2.97312 2.85115 2.25919 3.03255 2.04273 3.14983 2.38284 6.78913 1.77935 1.77423 1.67843 1.78498 2.4616 1.61634 1.11306 0.987364 1.0015 0.980016 0.975212 0.952114 2.43992 0.948456 0.926426 0.772674 0.640301 1.54188 1.03298 0.75643 0.673982 0.866271 1.21704 0.643001 0.507993 0.501332 0.401236 0.398999 0.358336 0.350787 0.336745 0.335449 0.220347 0.314134 1.03358 0.187634 0.590016 0.870259 0.177132 0.169562 0.158727
threshold=80161.104166666672 30963.000000000004 89417.729166666672 4.5000000000000009 18.232291666666672 5432.5000000000009 27549.500000000004 77527.500000000015 18.975000000000005 21.500000000000004 -2153.4999999999995 4.5000000000000009 2101.5000000000005 59.870102863903476 -1358.4999999999998 16.525000000000002 1.5000000000000002 100096.33333333336 59.359144885230798 91660.083333333343 71.968209270833356 2306.354166666667 597.50000000000011 21.075000000000006 14.275000000000002 2200.1041666666674 64.628931733802716 2.7486665276898301 51.107129082262183 13908.500000000002 10202.500000000002 4.5000000000000009 4319.5000000000009 1329.5000000000002 9460.1875000000018 2.3798970000000002 1591.5000000000002 -160.49999999999997 93242.500000000015 76117.500000000015 73070.000000000015 9.5000000000000018 15.712500000000004 1058.0000000000002 4652.0208333333339 4751.5000000000009 92550.041666666686 5204.854166666667 4.9318388469571763 -4844.9999999999991 3476.4707555502687 86642.583333333358 28331.000000000004 -1775.9999999999998 61.038831868195253 31559.500000000004 4025.2708333333339 4173.1458333333348 36403.000000000007 64.982578770833342 94.139857000000021 2.9000000000000017
decision_type=2 2 2 2 2 2 2 2 2 2 2 2 2 2 2 2 2 2 2 2 2 2 2 2 2 2 2 2 2 2 2 2 2 2 2 2 2 2 2 2 2 2 2 2 2 2 2 2 2 2 2 2 2 2 2 2 2 2 2 2 2 2
left_child=1 5 3 4 6 14 13 -3 27 10 11 51 15 -2 -1 28 -17 18 32 20 36 -11 -21 24 -23 -26 34 -6 -8 -30 -16 -9 49 -34 -24 -18 -20 38 39 40 -12 -39 43 -43 60 46 -36 48 -19 -4 -51 -5 -32 54 55 -48 61 58 -58 -59 -41 -52
right_child=2 7 17 9 8 -7 12 31 -10 21 37 -13 -14 -15 30 16 35 47 19 22 -22 23 26 -25 25 -27 -28 -29 29 -31 52 -33 33 -35 45 -37 -38 41 -40 44 -42 42 -44 -45 -46 -47 53 -49 -50 50 56 -53 -54 -55 -56 -57 57 59 -60 -61 -62 -63
leaf_value=-90.063884692322276 -74.823812911524001 -74.768498731990732 -5.6382622796494974 -2.5360481440432703 -53.121242708255309 -73.250410913531411 -21.287355560108306 -115.15037210452978 -29.018732773010978 10.211025556520285 2.1417182977162295 -61.9642223589778 -53.900289439951813 -17.021463455257752 -5.7036837138664245 -2.9926516526066305 -11.232186928031478 217.22282750654483 42.542943578604252 -18.67243746576688 -57.518381267181127 3.3583681751075329 -4.9147028335252143 1.1125106654562922 -20.938475377320014 -29.453540326412565 -5.432442428590825 -66.828009549930613 3.0991627193992857 -7.8709915358869456 -2.6273038227178018 -67.283960607312551 16.425438183887433 -8.9459172540630671 -0.4510294127968893 -40.298747619679702 -7.3472066855653466 43.269697049426817 -6.7127894707629219 19.927777579756565 -18.321088783452577 19.946637800267744 94.04730377663752 -3.4957472370604408 -4.7117604210850264 -6.3868078110397635 -3.9199131901151798 -1.665176669020856 -0.61944736292176639 -2.2041304422015573 58.231530816778019 7.9168335211559064 30.773553604013436 61.070306036102544 0.86389445893630079 10.438410210004109 -16.457607195187869 79.005500668389161 3.8136037551323447 -0.35660360462668939 3.1020545108175637 8.8083316901233495
leaf_weight=20 26 21 20 22 20 28 28 37 23 34 35 26 27 23 34 36 20 3049 46 22 31 21 24 36 32 25 20 23 85 38 20 20 64 26 22 21 21 678 21 254 33 35 60 22 20 20 20 20 36 21 925 23 72 192 101 31 20 174 34 20 20 23
leaf_count=20 26 21 20 22 20 28 28 37 23 34 35 26 27 23 34 36 20 3049 46 22 31 21 24 36 32 25 20 23 85 38 20 20 64 26 22 21 21 678 21 254 33 35 60 22 20 20 20 20 36 21 925 23 72 192 101 31 20 174 34 20 20 23
internal_value=0.0011741 -0.00853233 0.00153709 -0.00064852 -0.00744934 -0.00353245 -0.00537652 -0.0196287 -0.0169289 0.00115096 0.00165239 -0.0049789 -0.00369267 -0.014053 -0.00129363 -0.00251206 -0.00669261 0.00231288 0.00152789 -0.000376295 -0.00461774 -0.00305874 0.000537492 -0.00486415 -0.00733675 -0.0100876 0.000969542 -0.0219954 -0.000357379 0.000779854 0.00035686 -0.0237478 0.00231934 -0.00063263 0.00138259 -0.0122628 0.00071535 0.002055 0.00103367 0.00149959 -0.00180617 0.00254308 0.000409906 -0.00220665 0.00227474 0.00174825 0.00200765 0.00278638 0.00281417 0.00253658 0.00260291 0.000266075 0.00198697 0.00229294 0.00140039 -0.000469667 0.00267118 0.00189843 -0.000831793 0.00267388 0.00265961 0.00286995
internal_weight=7001 252 6749 1767 370 174 304 78 66 1397 1249 71 255 49 146 228 77 4982 1877 550 98 148 452 114 78 57 430 43 151 123 126 57 1327 90 410 41 67 1178 383 362 68 795 117 57 294 386 366 3105 3085 1237 1217 45 92 344 152 51 1196 248 54 194 274 948
internal_count=7001 252 6749 1767 370 174 304 78 66 1397 1249 71 255 49 146 228 77 4982 1877 550 98 148 452 114 78 57 430 43 151 123 126 57 1327 90 410 41 67 1178 383 362 68 795 117 57 294 386 366 3105 3085 1237 1217 45 92 344 152 51 1196 248 54 194 274 948
is_linear=0
shrinkage=0.03


Tree=42
num_leaves=63
num_cat=0
split_feature=70 4 70 20 4 21 4 38 5 6 24 26 36 52 48 5 63 39 17 66 19 15 58 58 46 4 62 26 4 14 48 50 46 11 65 2 61 24 69 34 21 15 56 58 63 69 34 14 28 14 24 65 16 14 0 30 54 1 59 2 47 53
split_gain=25.6483 30.5473 9.75879 8.47262 6.89466 5.53129 4.06738 5.51028 9.0843 7.90888 3.96962 3.96168 4.63989 3.53119 3.36877 3.27225 3.0415 2.83398 3.84083 2.58438 2.51971 2.10937 1.81965 2.44815 1.69782 1.31186 2.25917 1.26311 1.19418 2.19703 1.55701 1.18668 1.14076 1.07036 0.957239 0.914338 0.785197 1.43793 0.75301 0.72828 1.17148 0.688593 0.633179 0.580985 1.09445 0.574983 0.846293 0.60963 0.535635 0.501325 0.484789 0.47105 0.372771 0.357217 0.301167 0.470687 0.154772 0.1513 0.149643 0.149092 0.239646 0.14751
threshold=86332.562500000015 6.5000000000000009 80025.666666666672 18.232291666666672 22.500000000000004 4.7075349606154244 7.5000000000000009 17930.479166666672 4.5000000000000009 3.5000000000000004 70.747552500000012 78.253181729166684 11084.000000000002 1732.5000000000002 969.00000000000011 5.5000000000000009 2237.0000000000005 26126.500000000004 12.675000000000002 4949.354166666667 21.275000000000002 6077.9226847102955 3876.0416666666674 4544.0000000000009 29099.625000000004 20.500000000000004 1093.041666666667 72.800444770833352 21.500000000000004 94601.479166666672 1193.5000000000002 493.22916666666669 29276.729166666668 84557.000000000015 2444.5000000000005 50.579668000000005 3578.5000000000005 89.546590000000023 104403.00000000001 1.7134480879354756 4.198543462928968 3143.3857431424726 11.500000000000002 5008.2083333333339 2361.5000000000005 73371.500000000015 -0.036293517806385005 84349.812500000015 0.041195000000001876 73270.250000000015 94.077660000000023 3415.0000000000005 -2520.4999999999995 82525.645833333358 75198.500000000015 57.400387777229817 1643.4583333333337 9.9250000000000025 4185.5000000000009 58.557819500000008 670.50000000000011 445.50000000000006
decision_type=2 2 2 2 2 2 2 2 2 2 2 2 2 2 2 2 2 2 2 2 2 2 2 2 2 2 2 2 2 2 2 2 2 2 2 2 2 2 2 2 2 2 2 2 2 2 2 2 2 2 2 2 2 2 2 2 2 2 2 2 2 2
left_child=1 2 15 5 17 13 7 8 14 57 38 12 -12 22 35 -1 -13 18 -3 -7 32 -15 34 -24 -6 45 -27 -14 41 30 33 -29 -16 -30 -4 -2 53 42 -11 -35 -41 -8 -38 -9 -45 46 -19 49 -20 -47 58 -28 -5 -37 55 56 -43 -10 -36 60 -55 -56
right_child=6 4 3 52 24 19 28 43 9 10 11 16 27 21 20 -17 -18 25 48 -21 -22 -23 23 -25 -26 26 51 31 29 -31 -32 -33 -34 39 50 36 37 -39 -40 40 -42 54 -44 44 -46 47 -48 -49 -50 -51 -52 -53 -54 59 61 -57 -58 -59 -60 -61 -62 -63
leaf_value=-78.76406074873556 -0.9956328729180205 -52.621862236690198 -12.512987747096471 -71.594475408682101 -57.200042284604571 -69.123956504595341 -2.1380065853816772 186.09642000634963 43.89562847683586 -10.308592124230213 -1.5038807043979689 1.8741604495093218 -72.175904041906477 -36.830228556183449 -106.2632489432067 -119.36456365737246 -27.091671316648689 -5.3082484276505051 11.353177914904299 -57.911051694340173 5.6178764905191878 -32.150539642921231 -24.51933830796602 -0.33998689199106791 -26.803283524542682 -19.455515614543067 -5.7779157511286483 -19.064737656534941 -5.0823011858732263 138.46445001085422 -13.519007274540639 -26.960408307756044 -5.0076308931844578 11.235150622661592 5.8228889356762714 -2.7092522282685101 -2.3154941984129143 -5.4251811599662556 2.3176269416192623 -7.6502978521571494 15.114423689759453 34.401586958399328 6.8363528779149023 -10.413673186264836 86.312835835492621 -0.12371174648853128 12.060610054260771 -3.5989540118896199 -7.2927387589005761 24.648011628918006 -13.197129843536951 11.362608442926421 -59.555922070040772 28.049122901095362 5.2531774336413397 -5.9677895426958667 2.0414413154475071 0.28494211013916027 -0.33923054439214734 31.832489892897478 -0.21123251714527969 152.21832382306079
leaf_weight=33 35 37 20 20 35 24 21 756 71 37 23 33 22 20 22 34 27 20 38 27 34 21 26 28 20 23 27 20 23 275 36 21 20 89 68 21 24 20 21 25 23 78 116 20 36 25 20 20 26 591 20 54 21 28 24 30 20 20 20 453 20 3139
leaf_count=33 35 37 20 20 35 24 21 756 71 37 23 33 22 20 22 34 27 20 38 27 34 21 26 28 20 23 27 20 23 275 36 21 20 89 68 21 24 20 21 25 23 78 116 20 36 25 20 20 26 591 20 54 21 28 24 30 20 20 20 453 20 3139
internal_value=0.00112697 -0.00264244 -0.00979063 -0.0075595 0.000272407 -0.00563663 0.00200172 0.000866797 -0.000526606 -0.00502203 -0.00830475 -0.0109446 -0.0150871 -0.00357687 0.00114235 -0.0202086 -0.00494176 0.000919306 -0.00379822 -0.0145597 -0.00484888 -0.0115328 -0.00176277 -0.00637708 -0.0100181 0.00153442 -0.00158501 -0.0193027 0.00257091 0.00114625 -0.00126976 -0.0159124 -0.00976247 0 0.000163935 0.00178218 0.00202756 0.000168645 -0.00160069 0.00100656 -0.00193347 0.00277256 0.00126338 0.00273735 -0.000160428 0.00201893 -0.00142145 0.00224021 0.000608424 0.00241032 0.00130435 0.000739827 -0.020292 0.00259146 0.00280757 0.00133489 0.00235474 0.00230516 0.0022815 0.00275394 0.00106029 0.00286618
internal_weight=7001 1318 382 315 936 274 5683 1900 1088 295 204 146 86 223 793 67 60 881 101 51 76 41 182 54 55 780 104 63 3783 471 196 41 42 160 128 717 682 160 58 137 48 3312 140 812 56 676 40 636 64 616 108 81 41 522 3291 128 98 91 88 501 48 3163
internal_count=7001 1318 382 315 936 274 5683 1900 1088 295 204 146 86 223 793 67 60 881 101 51 76 41 182 54 55 780 104 63 3783 471 196 41 42 160 128 717 682 160 58 137 48 3312 140 812 56 676 40 636 64 616 108 81 41 522 3291 128 98 91 88 501 48 3163
is_linear=0
shrinkage=0.03


Tree=43
num_leaves=63
num_cat=0
split_feature=70 40 70 9 57 1 51 37 64 7 68 3 32 27 28 24 5 67 46 38 5 57 10 23 26 61 24 33 49 39 34 35 66 53 51 68 9 62 27 33 40 56 49 32 13 40 1 67 18 1 58 1 1 22 52 26 60 22 67 7 44 39
split_gain=24.4688 12.6381 11.6282 16.0224 7.81982 10.8633 8.43761 5.58984 4.93291 4.49526 4.13341 3.03841 2.70713 2.53414 3.75492 2.23412 2.07722 1.77925 2.22768 1.68571 2.49294 3.5262 3.30863 4.66252 3.15261 1.64136 1.74995 1.63591 1.60172 2.42101 1.58147 2.42302 2.4479 1.29322 1.25913 1.17281 1.12628 1.06022 1.02729 0.959778 0.895801 0.657451 3.97001 0.611028 0.55314 0.55314 0.543501 0.527305 0.482846 0.93698 0.428131 0.421981 1.10971 1.02275 1.16029 0.369071 0.340479 0.315026 0.285062 0.216412 0.210775 0.173391
threshold=80161.104166666672 30963.000000000004 91660.083333333343 1.0000000180025095e-35 100.50000000000001 10.375000000000002 1465.5000000000002 11264.500000000002 5432.5000000000009 3.5000000000000004 102225.00000000001 59.295593290544424 50.780440741239012 14.009072161366939 -0.32844550000000078 71.727425000000011 4.5000000000000009 84562.000000000015 28711.166666666668 19550.000000000004 4.5000000000000009 21.500000000000004 0.56392291514228221 69.884347500000004 78.578654625000013 3448.5000000000005 71.370910000000023 3.7155800931491672 997.50000000000011 36798.000000000007 -0.60178533723355787 11836.500000000002 3161.3750000000005 2044.5000000000002 609.50000000000011 83524.000000000015 1.0000000180025095e-35 1079.8750000000002 8.6838725249475814 1.9747353080039731 40061.500000000007 18.500000000000004 872.50000000000011 57.322915056087687 82050.000000000015 37583.500000000007 9.0250000000000021 73543.000000000015 8.4250000000000025 7.2250000000000005 5204.854166666667 16.525000000000002 18.975000000000005 -0.17500000000000068 974.00000000000011 50.476544937500002 5120.5000000000009 -1.0000000180025095e-35 90398.500000000015 9.5000000000000018 27594.500000000004 42985.500000000007
decision_type=2 2 2 2 2 2 2 2 2 2 2 2 2 2 2 2 2 2 2 2 2 2 2 2 2 2 2 2 2 2 2 2 2 2 2 2 2 2 2 2 2 2 2 2 2 2 2 2 2 2 2 2 2 2 2 2 2 2 2 2 2 2
left_child=1 8 3 4 5 39 12 -3 13 -8 17 27 -7 -1 -15 -13 47 18 -6 20 36 22 23 43 40 38 -27 45 51 -30 31 35 -33 34 -23 -18 37 -4 -14 -2 -25 42 57 -22 -9 -11 -41 -5 49 -32 -21 -19 53 54 -53 -43 -36 -39 -57 -31 -54 -49
right_child=2 7 19 16 10 6 9 44 -10 11 -12 15 25 14 -16 -17 30 28 -20 50 21 33 -24 24 -26 26 -28 -29 29 59 48 32 -34 -35 56 -37 -38 41 -40 46 -42 55 -44 -45 -46 -47 -48 61 -50 -51 -52 52 60 -55 -56 58 -58 -59 -60 -61 -62 -63
leaf_value=9.4695529660505855 -24.36336958032312 -57.757007751787988 -3.7003231026253687 -0.64893120929503911 -17.364136278867701 -45.635644520882913 -11.817532391510573 -112.30649457449725 -68.873558486796611 -63.374235370164385 -25.052518717858646 -58.294224310956018 -19.744853365720036 7.5185555003122566 -78.45141352277065 -34.470611619179003 -15.285618083281134 9.7456783116950785 3.3881243083440613 320.67988460022491 2.7822321344230692 -9.6937515990160374 48.605691908772783 -14.982550120202221 -8.1256314241582519 -4.9596812471915079 -27.547416010095798 -46.916802876350431 -43.920083047234662 11.465349881802068 5.8107838860469343 -11.006600320152243 -9.317679640494033 -8.6735262459826377 84.200093508442734 23.161397075755009 153.52006052461522 22.317424237581768 3.9228942234754154 16.779095393866996 -28.752629467483708 -0.53511718764730132 -5.5607584159135808 -2.6421249994359606 -95.190860829053932 -104.77738837362459 -6.9846258832902643 62.31840350482036 12.777943558952497 -1.4480137308972798 -1.30281117336226 0.46563092095732928 0.046289592500760639 17.212378400689239 -8.4518770566062784 -0.78205205814412615 1.3629862422501338 -0.72364505072076446 39.718566505355305 -4.6431427816205808 10.789568352667793 2.8187282719880122
leaf_weight=81 28 27 36 26 24 36 30 20 28 31 25 24 20 37 28 23 27 144 21 2246 33 24 56 21 29 30 22 20 26 23 31 23 26 21 299 56 975 103 62 102 23 29 22 36 31 20 21 876 171 32 20 20 28 20 23 23 24 20 466 20 112 20
leaf_count=81 28 27 36 26 24 36 30 20 28 31 25 24 20 37 28 23 27 144 21 2246 33 24 56 21 29 30 22 20 26 23 31 23 26 21 299 56 975 103 62 102 23 29 22 36 31 20 21 876 171 32 20 20 28 20 23 23 24 20 466 20 112 20
internal_value=0.0011184 -0.00805633 0.00146153 -0.00030226 -0.00324783 -0.00601151 -0.0091575 -0.0180922 -0.00353245 -0.0144024 -0.000573956 -0.0170449 -0.0045679 -0.00129363 -0.00571429 -0.0109554 0.00187951 6.50619e-05 -0.00558758 0.00234016 0.00175305 2.64972e-05 -0.00319536 -0.00563688 -0.0109166 -0.00257271 -0.00673704 -0.0210127 0.000684932 -0.00347323 -2.45833e-05 -0.00265708 -0.00794297 0.00176854 0.00221262 0.000433213 0.00233499 0.00140752 3.65409e-05 0.000595632 -0.0159864 0.001683 -8.27015e-05 0 -0.023953 -0.023953 0.00175467 0.00263854 0.0014481 -0.000760697 0.00291911 0.00152118 0.000620384 -0.00266244 -0.00529002 0.00218298 0.00271123 0.00199838 0.00237988 0.000835267 0.00211991 0.00276197
internal_weight=7001 252 6749 2243 955 469 318 78 174 148 486 118 170 146 65 47 1288 461 45 4506 2240 566 198 142 73 134 52 71 416 69 366 132 49 368 347 83 1674 699 82 151 44 663 145 69 51 51 123 922 234 63 2266 347 203 63 43 518 323 123 489 43 140 896
internal_count=7001 252 6749 2243 955 469 318 78 174 148 486 118 170 146 65 47 1288 461 45 4506 2240 566 198 142 73 134 52 71 416 69 366 132 49 368 347 83 1674 699 82 151 44 663 145 69 51 51 123 922 234 63 2266 347 203 63 43 518 323 123 489 43 140 896
is_linear=0
shrinkage=0.03


Tree=44
num_leaves=63
num_cat=0
split_feature=42 4 70 5 20 4 6 16 11 17 24 15 58 4 17 3 70 65 48 38 4 58 66 5 4 11 64 5 42 12 48 15 66 59 70 30 27 37 4 2 12 45 22 34 61 4 11 62 53 63 16 41 53 64 7 45 27 46 2 22 12 27
split_gain=24.0758 24.4391 7.37864 6.59351 5.67103 5.5599 8.06815 5.53954 4.14984 5.64394 3.9718 3.76303 3.69177 3.46665 4.11001 5.29191 3.57738 3.11113 2.3309 2.80234 3.82072 4.60195 3.05064 1.9684 4.10504 5.47627 3.082 1.9445 1.97631 2.21492 1.71545 1.44496 1.4417 1.33621 2.49635 2.7433 2.18482 1.08726 1.08092 1.04057 1.00481 0.879693 0.80458 0.84189 0.844103 0.778669 1.69365 0.778205 0.681338 0.629467 1.53852 0.549119 1.00577 0.369337 0.226322 0.196837 0.191651 0.178906 0.173645 0.173433 0.164128 0.235393
threshold=33303.291666666679 4.5000000000000009 80025.666666666672 4.5000000000000009 15.930208333333335 4.5000000000000009 9.5000000000000018 -1136.9999999999998 110015.50000000001 10.375000000000002 72.145155000000017 4118.6989765497647 2851.9791666666674 21.500000000000004 12.275000000000002 50.805523538797395 80902.875000000015 7496.0000000000009 218.50000000000003 13489.79166666667 3.5000000000000004 3417.2708333333335 2039.9583333333337 4.5000000000000009 8.5000000000000018 88919.000000000015 2744.5000000000005 4.5000000000000009 31348.145833333339 82001.000000000015 217.50000000000003 7777.57942917536 750.06250000000011 1770.5000000000002 98578.395833333343 56.89238895537752 15.447146125368549 11313.000000000002 21.500000000000004 87.747938000000019 80090.500000000015 29247.500000000004 -0.89999999999999891 -0.076934777226945514 4095.5000000000005 21.500000000000004 84557.000000000015 1093.041666666667 1605.5000000000002 2577.5000000000005 -160.49999999999997 37448.500000000007 872.50000000000011 1269.0000000000002 14.500000000000002 28721.500000000004 13.091906394380436 27846.125000000004 49.12895000000001 3.1499999999999999 71631.500000000015 13.581918753226157
decision_type=2 2 2 2 2 2 2 2 2 2 2 2 2 2 2 2 2 2 2 2 2 2 2 2 2 2 2 2 2 2 2 2 2 2 2 2 2 2 2 2 2 2 2 2 2 2 2 2 2 2 2 2 2 2 2 2 2 2 2 2 2 2
left_child=1 2 40 38 27 6 8 11 9 55 -8 -5 -6 14 15 -9 -15 18 -11 32 21 22 39 45 25 26 31 28 29 -4 -28 -25 -20 57 35 -35 -37 -33 49 -21 -1 -17 -34 -44 -45 59 -47 -48 -16 50 -3 52 -49 -27 -22 -2 -52 -26 -51 60 61 -7
right_child=5 3 4 7 12 23 10 13 -10 17 -12 -13 -14 16 48 41 -18 -19 19 20 54 -23 -24 24 33 53 30 -29 -30 -31 -32 37 42 34 -36 36 -38 -39 -40 -41 -42 -43 43 44 -46 46 47 51 -50 58 56 -53 -54 -55 -56 -57 -58 -59 -60 -61 -62 -63
leaf_value=-115.1876095238672 0.51928201621592174 -19.266014882768125 3.4613910416819835 -29.871428251940415 -14.392954999811623 -2.6046657007875758 -6.847762689888313 -48.976999614985672 105.71006269022496 5.9640156449364241 -90.032536859523447 -85.849766500933399 -74.225693649686505 -66.673370324266216 19.421990338055835 6.8579517618478993 -3.9356886725945235 -23.626037502530021 -9.854105705587191 1.6932515968197319 -2.2916226956752306 -27.479466635401494 -12.897950147298399 -10.20300786817549 11.749387825016498 -5.0458667237118693 3.0046909318462713 -37.478281092410796 4.9086273444174173 -19.90801411364497 -14.705144135224138 -12.304665524664228 3.3341111810899462 12.697034727030085 259.44364225647394 -15.608778160555952 -2.5092092178678844 -28.249900142376848 -9.3945267319249801 -10.381249710086097 -92.076867638401112 -0.93202937837187383 3.3901620751204167 -9.8634393569648484 1.124432450389631 -31.297027229847718 -4.429760279374749 15.113367795960162 -1.6064203123393992 7.1764988629884154 10.008359944045857 34.257185911222649 -5.5921517238248946 108.09202845216517 3.4430277971475731 49.849670499948964 99.307284218826197 79.529381385871929 32.164511602257186 59.697579701253126 119.98577250556539 69.388779962368659
leaf_weight=22 38 25 20 20 24 20 36 37 469 66 34 30 38 22 128 34 21 29 35 35 20 27 21 22 20 20 42 23 40 21 21 24 78 44 116 25 20 28 38 20 26 23 33 28 22 21 23 29 29 20 30 285 20 116 25 230 59 747 297 21 3037 27
leaf_count=22 38 25 20 20 24 20 36 37 469 66 34 30 38 22 128 34 21 29 35 35 20 27 21 22 20 20 42 23 40 21 21 24 78 44 116 25 20 28 38 20 26 23 33 28 22 21 23 29 29 20 30 285 20 116 25 230 59 747 297 21 3037 27
internal_value=0.00113982 -0.00310194 -0.0121205 -0.000723158 -0.00908489 0.00186957 8.4263e-05 -0.00387969 0.000675963 -0.000772168 -0.00980028 -0.0131138 -0.0162802 -0.00229514 -0.0009319 -0.00589798 -0.0101624 -0.00286951 -0.00218727 -0.00318221 -0.0062998 -0.00948594 -0.00563732 0.00233942 0.00131074 -0.00193336 -0.00617068 -0.00475504 -0.00251541 -0.00715328 -0.00123613 -0.0103239 -0.000810811 0.00222508 5.85082e-05 -0.0037037 -0.00891353 -0.013071 0.00158602 -0.00185118 -0.0225156 -0.000105079 0.00037244 -0.00166065 -0.00413174 0.00270621 0.00140439 0.00189863 0.00202419 0.00201809 7.88783e-05 0.00227177 -0.000610998 0.00231447 0.000931264 0.002652 0.00195286 0.00280016 0.00270577 0.00286368 0.0028822 0.00101911
internal_weight=7001 1027 214 813 166 5974 1246 344 1176 707 70 50 62 294 251 94 43 439 410 344 148 103 76 4728 1245 273 137 104 81 41 63 74 196 972 205 89 45 52 469 55 48 57 161 83 50 3483 378 357 157 431 114 334 49 136 45 268 89 767 317 3105 3084 47
internal_count=7001 1027 214 813 166 5974 1246 344 1176 707 70 50 62 294 251 94 43 439 410 344 148 103 76 4728 1245 273 137 104 81 41 63 74 196 972 205 89 45 52 469 55 48 57 161 83 50 3483 378 357 157 431 114 334 49 136 45 268 89 767 317 3105 3084 47
is_linear=0
shrinkage=0.03


Tree=45
num_leaves=63
num_cat=0
split_feature=70 40 70 16 5 37 60 47 64 2 65 16 65 16 70 5 6 61 55 48 16 67 27 47 23 11 69 15 16 31 27 63 19 59 21 60 56 39 33 12 62 60 52 18 17 7 51 17 11 65 12 51 57 40 44 69 22 28 36 51 52 62
split_gain=24.1328 11.9779 10.051 17.3692 7.12762 5.88945 5.86724 5.53059 4.93291 3.10163 2.9706 2.85115 2.846 2.83935 4.41875 7.05559 5.67533 2.70296 2.66916 2.38444 2.37163 3.36023 2.80367 2.30324 2.17771 2.14202 1.75658 1.80654 1.66087 1.50373 1.23068 1.12257 1.11324 1.05641 1.43849 0.972535 0.894616 0.851722 0.709283 1.29629 0.750166 0.984872 1.52354 0.667427 1.18993 1.13708 0.621228 0.587289 0.542657 0.5103 0.474109 0.433103 0.913938 1.64067 0.380655 1.21984 0.342852 0.311957 0.27223 0.182746 0.155829 0.140762
threshold=80161.104166666672 30963.000000000004 89141.854166666672 -2348.4999999999995 4.5000000000000009 11342.000000000002 3101.5000000000005 609.50000000000011 5432.5000000000009 50.212033500000011 4192.5000000000009 -1358.4999999999998 3250.0000000000005 -845.49999999999989 107686.77083333336 4.5000000000000009 3.5000000000000004 3164.5000000000005 22.500000000000004 1143.0000000000002 570.50000000000011 92328.000000000015 9.0750601514813685 404.50000000000006 69.884347500000004 107142.50000000001 99609.500000000015 11341.082180884319 -1136.9999999999998 55.127898045089594 6.3366128061976434 1755.5000000000002 17.275000000000002 2431.5000000000005 4.8779650023534948 1512.5000000000002 157.50000000000003 51478.000000000007 4.5025176182644291 83270.500000000015 1093.041666666667 1236.5000000000002 1994.5000000000002 17.775000000000002 21.875000000000004 10.500000000000002 1324.5000000000002 11.775000000000002 80339.000000000015 2028.5000000000002 82290.000000000015 572.50000000000011 875.50000000000011 34217.500000000007 28140.500000000004 95998.500000000015 0.7999999999999996 1.6746224999999966 11581.000000000002 2101.5000000000005 1878.5000000000002 2286.3541666666674
decision_type=2 2 2 2 2 2 2 2 2 2 2 2 2 2 2 2 2 2 2 2 2 2 2 2 2 2 2 2 2 2 2 2 2 2 2 2 2 2 2 2 2 2 2 2 2 2 2 2 2 2 2 2 2 2 2 2 2 2 2 2 2 2
left_child=1 8 3 4 7 -3 28 29 11 -8 -6 -1 -9 14 15 19 56 18 24 33 21 22 -11 -24 31 -21 27 -26 30 -2 -5 -18 46 59 43 58 -23 -19 40 -40 41 57 -43 -35 45 -45 61 -48 -7 -22 -31 52 -15 -54 55 -53 -17 -30 -13 -4 -42 -32
right_child=2 5 13 6 10 48 9 12 -10 20 -12 35 -14 51 -16 16 17 37 -20 25 49 36 23 -25 26 -27 -28 -29 38 50 32 -33 -34 34 -36 -37 -38 -39 39 -41 60 42 -44 44 -46 -47 47 -49 -50 -51 -52 54 53 -55 -56 -57 -58 -59 -60 -61 -62 -63
leaf_value=-78.851995841120186 -25.803993574029036 -53.02169015092953 60.030323431374811 -25.43346726937197 -60.32650250365532 -113.81547889278387 -30.644055270960145 -12.300474674747784 -65.006186886274818 0.71575929850741515 -26.975728963053449 19.654915802579609 -72.423925397250727 30.038086178017881 184.7972040019217 38.185865754393625 -5.2044960910503981 -5.379949537658149 -25.70242794508653 -14.591519466875832 -2.0599093114311002 -21.424814719706657 -18.419195858789095 -65.095246069417968 -16.347339921161876 17.966602441030485 -32.229310096469803 2.5908895360960518 31.409965953783139 3.0127069378883684 12.48264778018558 0.52036614597516462 -15.245621021432738 13.634295960682385 -1.2315562452361404 -6.8177123801143953 1.0482407814744434 7.7499843129428845 24.931475897926063 -9.8893962983395234 27.237100480961271 -5.9692189120499464 6.9305303603045374 9.0373907139686231 4.2417448448033621 -6.1770884472875123 10.11292934584395 -7.7111894054939558 -89.107947710466476 14.074776345470021 -29.297228105696934 31.258961188445866 20.67666222975485 -9.9303382475103188 148.56945725418731 -28.264005293992366 -2.2099651531729454 -3.729514325203426 6.1461298073045256 6.5652404516028628 0.44412639129145431 2.5399545104269885
leaf_weight=20 22 28 466 22 33 20 20 27 28 21 30 63 26 75 938 79 20 32 28 39 20 22 28 27 33 24 20 20 100 60 69 29 22 115 37 27 47 26 25 20 766 27 29 20 74 27 20 20 30 71 20 61 23 20 2827 21 20 20 36 20 20 21
leaf_count=20 22 28 466 22 33 20 20 27 28 21 30 63 26 75 938 79 20 32 28 39 20 22 28 27 33 24 20 20 100 60 69 29 22 115 37 27 47 26 25 20 766 27 29 20 74 27 20 20 30 71 20 61 23 20 2827 21 20 20 36 20 20 21
internal_value=0.0011741 -0.00793733 0.00151487 -0.000514772 -0.0084044 -0.0177081 0.000680537 -0.00491296 -0.00353245 -0.00343225 -0.0169255 -0.00129363 -0.0127684 0.00217487 0.00131489 4.78258e-05 -0.00382937 -0.00664584 -0.00877415 0.00149982 -0.00245235 -0.00483804 -0.00918528 -0.0127405 -0.0068059 -0.00408875 -0.0100958 -0.00711864 0.0015748 -0.00079334 -0.00112005 -0.00183299 -0.000138067 0.00196812 0.00046137 0.00035686 0 -0.00108434 0.00204349 -0.00159645 0.00221703 0.000425894 -0.00283422 0.00133418 -0.000198183 -0.00394904 0.000899308 -0.00216958 -0.0238922 0.00131723 0.00108614 0.00276106 0.000939882 -0.0025058 0.00283387 0.000767357 0.00205853 0.00197336 0.0017558 0.00280806 0.00261417 0.00229745
internal_weight=7001 252 6749 1655 218 78 1437 155 174 256 63 146 53 5094 2067 1129 307 208 150 822 236 145 76 55 122 63 73 53 1181 102 174 49 152 759 273 126 69 58 1007 45 962 176 56 236 121 47 130 40 50 91 80 3027 118 43 2909 82 99 120 99 486 786 90
internal_count=7001 252 6749 1655 218 78 1437 155 174 256 63 146 53 5094 2067 1129 307 208 150 822 236 145 76 55 122 63 73 53 1181 102 174 49 152 759 273 126 69 58 1007 45 962 176 56 236 121 47 130 40 50 91 80 3027 118 43 2909 82 99 120 99 486 786 90
is_linear=0
shrinkage=0.03


Tree=46
num_leaves=63
num_cat=0
split_feature=70 4 70 4 47 51 33 11 4 16 48 40 41 52 35 14 16 5 25 48 65 67 52 5 16 20 33 60 41 66 15 49 69 67 39 18 3 44 59 18 16 35 51 56 4 30 34 35 4 53 67 34 39 4 47 45 40 38 1 32 58 34
split_gain=23.9967 14.2928 11.393 16.3779 6.8425 4.73287 4.427 4.42046 4.0888 4.02017 3.93396 4.08516 2.51497 2.7723 1.89795 1.83355 3.35732 4.13523 2.53222 1.86459 1.69034 1.77656 1.67302 1.66045 2.13388 1.75751 1.59485 1.54831 2.58957 1.49201 1.41574 1.86592 1.9795 1.40864 1.33367 1.20347 1.32203 1.17523 1.12627 1.11203 1.08653 1.51437 0.899446 1.34121 0.827783 0.827662 0.749722 0.728228 0.516458 1.03128 0.514856 0.473375 0.392442 0.389359 0.365406 0.351622 0.300698 0.281571 0.879941 0.276523 0.190467 0.18795
threshold=80161.104166666672 6.5000000000000009 91409.020833333358 5.5000000000000009 855.50000000000011 1220.5000000000002 2.2082065201427135 94845.000000000015 21.500000000000004 -1529.9999999999998 307.50000000000006 32675.500000000004 37837.000000000007 1595.5000000000002 9671.0000000000018 99491.270833333358 -884.49999999999989 4.5000000000000009 82.464025000000007 506.50000000000006 2763.0000000000005 85102.500000000015 1567.5000000000002 4.5000000000000009 -790.49999999999989 18.232291666666672 2.6927893278116026 1409.5000000000002 30943.000000000004 1644.1458333333335 11281.789628191143 594.50000000000011 109449.00000000001 89463.500000000015 31175.000000000004 6.6250000000000009 54.71609481481331 27938.500000000004 3705.5000000000005 8.6250000000000018 699.00000000000011 12358.500000000002 596.50000000000011 428.50000000000006 2.5000000000000004 59.359144885230798 -0.66524629859650009 10329.000000000002 20.500000000000004 1749.5000000000002 73543.000000000015 -0.016157411021012532 43219.500000000007 9.5000000000000018 108.50000000000001 28875.500000000004 44652.000000000007 15903.062500000002 19.875000000000004 56.140577879472538 5204.854166666667 -1.3505259998608385
decision_type=2 2 2 2 2 2 2 2 2 2 2 2 2 2 2 2 2 2 2 2 2 2 2 2 2 2 2 2 2 2 2 2 2 2 2 2 2 2 2 2 2 2 2 2 2 2 2 2 2 2 2 2 2 2 2 2 2 2 2 2 2 2
left_child=1 5 3 4 10 -1 -3 9 23 37 20 -12 13 -13 -10 16 17 19 22 56 21 -2 54 48 25 39 44 46 -29 -20 31 51 -33 -14 -16 36 -26 -6 -23 -25 41 -36 43 -18 -24 -35 -8 -22 50 -50 -5 -21 -52 -37 -19 -44 -4 58 -17 -49 -59 -55
right_child=2 6 15 8 7 -7 27 -9 14 -11 11 12 33 -15 34 57 42 18 29 30 47 38 26 24 35 -27 -28 28 -30 -31 -32 32 -34 45 40 53 -38 -39 -40 -41 -42 -43 55 -45 -46 -47 -48 59 49 -51 52 -53 -54 61 -56 -57 -58 60 -60 -61 -62 -63
leaf_value=-76.632939290997911 -25.666418451569086 -53.606756412900303 49.872307067342767 -0.34437150548920242 -53.592712418940152 -104.82457657777391 -1.6169979512509778 4.4974943642480012 -22.936109980945563 -40.678866411621655 -59.921098354839884 -5.2915611153877249 -25.42089198442963 -25.404057026377902 -11.312062235333823 158.57237635409356 43.652819207910269 -1.9761083904002159 -13.473936161561294 23.265192113143193 -7.6707573928792971 7.4910337938384153 -5.3845262367620066 -17.673498432251129 -2.546339140160458 -26.080794235943909 1.1302344513329849 -48.184400927475622 6.6072688164198405 -12.518524808049484 19.220552907771857 -5.2755474110773397 -0.12780283684770152 4.9671202729935198 2.3132731943153169 -0.40103867997500353 3.6203656944278015 -88.41232462550235 -13.851690328393682 3.8879739020208066 3.2270097405405389 -21.866972096991105 -0.98324454226030955 -9.6324281000851837 -21.316942709353714 -4.3940459389768529 36.003412924903458 2.970247599448121 47.199013997217499 -3.9704006527766418 58.178238315261062 -0.76614582858530411 -0.83138112377116524 0.62867493688843146 2.6958250908892376 101.19946180284188 -0.013009933422203076 255.9410643485312 -11.461344858850442 -1.3317654836169612 0.27574712973800092 24.53552569722309
leaf_weight=33 22 30 338 26 23 40 31 22 30 26 20 37 24 34 24 57 27 22 28 35 25 25 20 26 24 23 20 22 32 26 63 32 25 52 22 27 25 33 22 35 71 39 23 20 20 24 64 131 47 20 917 20 20 33 69 1129 26 2522 20 39 20 219
leaf_count=33 22 30 338 26 23 40 31 22 30 26 20 37 24 34 24 57 27 22 28 35 25 25 20 26 24 23 20 22 32 26 63 32 25 52 22 27 25 33 22 35 71 39 23 20 20 24 64 131 47 20 917 20 20 33 69 1129 26 2522 20 39 20 219
internal_value=0.00114839 -0.00793733 0.0014882 -0.000290796 -0.00472187 -0.0191245 -0.00335008 -0.0116715 0.00122904 -0.0148721 -0.00312459 -0.00640502 -0.00487434 -0.00919831 -0.00295003 0.00234168 0.00163965 5.24124e-05 -0.00356899 0.00143573 -0.000738357 -0.00477569 -0.00154864 0.00177034 0.000152876 -0.00410226 -0.00544093 -0.00120724 -0.00526802 -0.00914972 -0.00109652 -0.00313113 -0.0069352 -0.00176823 -0.00159513 0.00125267 -0.00305499 -0.0194118 -0.00140127 -0.0013748 -0.000386071 -0.00333879 0.00262197 -0.00140127 -0.00890274 0.000197109 0.00107256 0.000676576 0.00241433 -8.94187e-05 0.00259163 0.000762251 0.00270836 0.00202078 0.000987925 0.00278882 0.00266136 0.00286129 0.00101167 0.0013933 0.00291609 0.00239191
internal_weight=7001 252 6749 2187 559 73 179 104 1628 82 455 191 171 71 186 4562 1943 744 205 539 264 69 151 1442 412 84 60 149 54 54 175 112 57 100 156 328 49 56 47 61 132 61 1199 47 40 76 95 195 1030 67 963 55 937 279 91 1152 364 2619 77 170 2542 252
internal_count=7001 252 6749 2187 559 73 179 104 1628 82 455 191 171 71 186 4562 1943 744 205 539 264 69 151 1442 412 84 60 149 54 54 175 112 57 100 156 328 49 56 47 61 132 61 1199 47 40 76 95 195 1030 67 963 55 937 279 91 1152 364 2619 77 170 2542 252
is_linear=0
shrinkage=0.03


Tree=47
num_leaves=63
num_cat=0
split_feature=70 4 70 4 17 51 5 33 4 4 53 60 40 56 59 30 65 26 64 0 40 5 16 48 18 48 41 28 16 38 5 18 23 26 35 48 54 7 59 51 65 51 20 27 40 54 55 51 23 4 20 16 60 49 4 60 17 65 38 12 58 63
split_gain=21.7427 15.6008 10.3878 15.5346 6.92035 6.30809 5.49814 4.95336 4.50598 4.03493 3.69608 3.47483 3.31652 2.73814 3.33252 3.17313 2.57773 2.51925 2.51132 2.46907 2.97575 1.62648 2.65531 1.59496 1.58855 1.69216 1.98825 1.72119 1.55255 2.93412 5.05447 3.36061 2.33092 1.8949 2.46737 1.53998 1.24841 1.20249 1.13209 1.12794 1.00242 0.982515 0.98077 0.94789 0.863761 0.83068 1.02827 1.26631 0.611667 0.493519 0.427198 0.415563 0.53584 0.386778 0.667005 0.353007 0.791336 0.343498 0.511085 0.321235 0.313695 0.856475
threshold=80161.104166666672 7.5000000000000009 92550.041666666686 5.5000000000000009 10.375000000000002 1701.5000000000002 5.5000000000000009 2.9342814285442751 21.500000000000004 21.500000000000004 1482.5000000000002 2431.5000000000005 30963.000000000004 40.500000000000007 2738.5000000000005 55.224560993057359 2564.0000000000005 72.688585395833357 5386.5000000000009 83319.500000000015 44303.500000000007 4.5000000000000009 -1845.4999999999998 255.50000000000003 9.3750000000000018 207.50000000000003 29625.000000000004 0.77397500000000019 -884.49999999999989 19550.000000000004 4.5000000000000009 14.925000000000002 69.884347500000004 78.253181729166684 13710.000000000002 1210.0000000000002 1334.2291666666667 11.500000000000002 3569.5000000000005 563.50000000000011 6621.0000000000009 1652.5000000000002 12.379166666666668 11.612648578325276 44918.000000000007 858.54166666666674 12.500000000000002 1446.5000000000002 39.422121000000011 9.5000000000000018 17.998958333333338 -5687.9999999999991 1496.5000000000002 1168.5000000000002 18.500000000000004 4440.5000000000009 22.925000000000001 2535.5000000000005 12425.437500000002 92334.000000000015 5008.2083333333339 1868.5000000000002
decision_type=2 2 2 2 2 2 2 2 2 2 2 2 2 2 2 2 2 2 2 2 2 2 2 2 2 2 2 2 2 2 2 2 2 2 2 2 2 2 2 2 2 2 2 2 2 2 2 2 2 2 2 2 2 2 2 2 2 2 2 2 2 2
left_child=1 6 3 4 45 13 12 11 21 18 -9 -7 -1 14 43 -16 -17 -12 37 -10 40 53 -23 -18 25 -24 -27 -28 29 30 35 -32 36 34 -34 48 -33 -3 -37 -30 57 -38 -15 -6 -35 -2 -47 -48 -4 50 -26 52 -50 -5 -55 -53 -57 58 -21 -44 -31 -62
right_child=2 9 28 8 5 7 -8 10 19 -11 17 -13 -14 42 15 16 23 -19 -20 20 -22 22 24 -25 49 26 27 -29 39 60 31 32 33 44 -36 38 41 -39 -40 -41 -42 -43 59 -45 -46 46 47 -49 51 -51 -52 55 -54 54 -56 56 -58 -59 -60 -61 61 -63
leaf_value=-29.056957437979861 27.747501012902482 -8.1039089467910124 -0.52870429298770538 48.830496235807693 -8.351428023712165 -43.100141238595633 -101.67983928044086 -69.7236226520657 -41.256630659194258 -60.969747169298302 1.816021166150684 -42.104502081309938 -69.757369271874168 -15.24697443828323 -30.399220646865203 -25.582424596808206 3.521501381646031 -63.737238457332836 -46.273655772460096 1.8600854844959696 -15.305406035113045 -26.441457071086237 11.005295603966081 -13.283456485908427 4.4199964070675639 2.7667134678999985 -9.2919205630575181 -18.380217212242481 -6.1875109269128599 211.03378303782151 46.872168484493848 1.0200222425513563 -6.6696287142336832 -11.280500913188687 -27.006506558990036 -4.7749441179844103 -12.861392219007778 6.5895844955751075 12.080512817690067 202.86899549653137 -4.7265148207273873 0.016355609737343766 6.4556367873695049 6.907189558521428 0.15159529136091063 12.264001995065014 -12.954731040645042 1.0441114602323238 24.099559074085981 26.728899853417385 -3.4529209379403438 50.910787256014729 -1.3530715801922613 33.178255080202774 -6.0937245385877219 -14.184379630077661 42.768846053287056 6.7316733640050348 -2.0406992851210033 -0.63081776059817285 -28.09045904073454 88.485415874778198
leaf_weight=20 85 21 20 1108 29 37 40 20 27 20 45 25 24 21 33 22 27 20 20 21 29 20 56 33 26 29 21 20 21 878 53 36 22 20 21 20 20 107 26 2530 38 22 61 48 20 35 30 29 23 261 21 428 22 27 20 20 41 68 22 20 20 52
leaf_count=20 85 21 20 1108 29 37 40 20 27 20 45 25 24 21 33 22 27 20 20 21 29 20 56 33 26 29 21 20 21 878 53 36 22 20 21 20 20 107 26 2530 38 22 61 48 20 35 30 29 23 261 21 428 22 27 20 20 41 68 22 20 20 52
internal_value=0.00118696 -0.00746132 0.00151042 -5.54619e-05 -0.00415578 -0.00617547 -0.0180143 -0.0112576 0.00134447 -0.00215943 -0.00648649 -0.0177295 -0.0105442 -0.00362122 -0.00573139 -0.00896612 -0.00573691 -0.00294931 -0.000425388 -0.00283764 -0.00153285 0.00187931 0.000350143 -0.00244592 0.000850035 -0.00197462 -0.00509272 -0.00934307 0.00239438 0.00170569 0.00037956 -0.0035731 -0.00573557 -0.00924188 -0.0136427 0.0017947 -0.00195903 0.0011007 -0.00344902 0.00286935 0.000160966 -0.00548694 0.000323213 -0.000856031 -0.00441396 0.00080402 -0.00111583 -0.0035533 0.00223606 0.00201558 -0.000764331 0.00243213 -0.000266075 0.00247771 -0.000127388 0.00268657 0.000490998 0.00162016 -0.000417633 0.00184957 0.00283865 0.000873786
internal_weight=7001 252 6749 2434 620 441 84 147 1814 168 85 62 44 294 192 115 82 65 148 205 178 1609 454 60 434 126 70 41 4315 1764 814 214 161 83 43 600 78 128 46 2551 149 42 102 77 40 179 94 59 554 308 47 534 45 1155 47 489 61 111 43 81 950 72
internal_count=7001 252 6749 2434 620 441 84 147 1814 168 85 62 44 294 192 115 82 65 148 205 178 1609 454 60 434 126 70 41 4315 1764 814 214 161 83 43 600 78 128 46 2551 149 42 102 77 40 179 94 59 554 308 47 534 45 1155 47 489 61 111 43 81 950 72
is_linear=0
shrinkage=0.03


Tree=48
num_leaves=63
num_cat=0
split_feature=70 4 4 45 51 1 4 57 25 32 21 32 70 4 0 0 1 25 52 21 27 67 48 36 59 49 54 33 16 66 40 2 18 17 33 18 24 45 44 26 0 67 17 32 26 44 53 3 39 39 45 20 40 65 30 39 62 25 63 4 62 53
split_gain=20.6259 15.2527 9.7821 14.0852 5.93169 4.49197 4.15133 4.12401 4.5198 2.93738 3.02706 6.32998 2.83412 3.90123 2.86591 2.68099 3.63975 2.65298 2.17487 2.22796 2.25164 2.11064 2.00064 2.17226 2.36056 2.14027 1.76008 1.72569 1.70318 2.31206 1.62352 2.55344 1.56695 1.33315 1.28791 1.30921 1.13738 1.03172 1.43197 1.0066 0.858796 0.846129 1.37469 0.827526 0.749211 1.00599 0.635288 0.9241 0.634232 0.410511 0.663606 0.578294 2.0965 0.429541 0.389987 0.770935 0.379972 0.338755 0.245424 0.233444 0.871139 0.20353
threshold=80161.104166666672 7.5000000000000009 5.5000000000000009 29940.000000000004 1220.5000000000002 9.0250000000000021 21.500000000000004 95.500000000000014 58.06081600000001 50.533854127222689 4.7419172261511937 53.711709839867162 96934.312500000015 21.500000000000004 83319.500000000015 104588.50000000001 12.675000000000002 83.182362500000025 1305.5000000000002 3.9908372743466192 13.243363671587025 70839.000000000015 410.50000000000006 15317.500000000002 2033.0000000000002 485.50000000000006 1480.7083333333335 2.0842329548797096 -1287.4999999999998 2388.9791666666674 37323.500000000007 73.665250000000015 11.875000000000002 18.425000000000001 2.9460341232376979 14.275000000000002 59.063432500000005 28520.000000000004 29272.500000000004 67.529788416666676 72208.000000000015 73543.000000000015 11.175000000000002 57.256586387189735 70.292664520833355 27480.500000000004 892.50000000000011 56.024019966870235 31293.500000000004 29615.000000000004 27491.500000000004 4.522916666666668 38970.500000000007 1424.5000000000002 62.248632444021553 49028.500000000007 2536.7500000000005 91.067960000000014 1041.5000000000002 20.500000000000004 1132.6458333333337 665.50000000000011
decision_type=2 2 2 2 2 2 2 2 2 2 2 2 2 2 2 2 2 2 2 2 2 2 2 2 2 2 2 2 2 2 2 2 2 2 2 2 2 2 2 2 2 2 2 2 2 2 2 2 2 2 2 2 2 2 2 2 2 2 2 2 2 2
left_child=1 4 3 5 17 36 21 8 -7 -10 32 -12 13 28 -15 16 -5 -1 48 20 -20 -3 46 27 -25 -26 -27 -24 29 30 43 -32 -11 -29 35 -34 -2 -37 -39 -9 -31 42 -30 -4 -23 -46 47 -18 -16 50 -43 52 -51 -52 -48 -56 -42 -38 -21 -53 -61 -55
right_child=2 6 12 15 -6 7 -8 39 9 10 11 -13 -14 14 18 -17 22 -19 19 58 -22 44 23 24 25 26 -28 33 41 40 31 -33 34 -35 -36 37 57 38 -40 -41 56 49 -44 -45 45 -47 54 -49 -50 51 53 59 -54 61 55 -57 -58 -59 -60 60 -62 -63
leaf_value=-21.435516300234053 -6.911069729345658 -39.871100964263142 -12.600902429627185 41.06978012522454 -97.436934285078834 -89.12417269603236 -59.140654754219526 -18.92684706966585 -48.816758803424328 -28.756456775897785 1.1384616328403432 -51.189004996855118 224.28088413127387 -40.018931739418534 -4.5511418703687481 95.336017086141737 12.566874723252653 -71.561941515193482 -3.7664793047673486 8.4415123237478795 -23.685769201661596 7.2784153941834298 -12.815275647575117 1.454787571699123 -0.81304349551939636 -4.7371027288481633 -15.534676433024169 -5.1265862588154834 -1.5861929024796557 -24.53964014745047 -0.85340808612689656 -10.81001426034851 1.6425314772263524 4.6007478173203813 2.5963106805385405 -18.994176040904929 14.368899919136837 1.2873093851203479 -18.550537887315951 1.2433531022458664 17.227364323647862 -3.1122038408028234 15.486518039756124 45.623107159478657 29.166970278995883 -21.388163427415844 4.3509116572216353 -9.0570022551600822 8.5852532402908253 72.226951049872241 -1.0048031222884553 54.76642831274124 -9.6767826078030268 21.363262036681814 -7.6055249152276394 78.969910408726449 -1.2911392347332571 -5.4338026153235557 -1.4170939771381008 -3.8332495127081891 33.343428072410688 10.952788704094193
leaf_weight=20 20 23 28 225 43 32 20 24 38 28 26 39 2724 27 20 569 22 21 37 25 28 83 20 26 20 20 32 20 24 21 21 20 21 68 45 33 75 28 24 65 140 29 28 28 20 22 77 20 96 91 34 1282 27 31 24 29 20 20 28 20 83 147
leaf_count=20 20 23 28 225 43 32 20 24 38 28 26 39 2724 27 20 569 22 21 37 25 28 83 20 26 20 20 32 20 24 21 21 20 21 68 45 33 75 28 24 65 140 29 28 28 20 22 77 20 96 91 34 1282 27 31 24 29 20 20 28 20 83 147
internal_value=0.00119981 -0.00722332 0.00151487 -0.000459736 -0.0176576 -0.0045802 -0.00198096 -0.00607293 -0.00768863 -0.00645516 -0.00522327 -0.0107834 0.00217509 0.00140551 -0.00204519 0.0013591 -2.98457e-05 -0.00934307 -0.000961128 -0.00383573 -0.0075576 -0.000222822 -0.00183285 -0.00382824 -0.00706422 -0.0098613 -0.013071 -0.000860314 0.00184128 -0.000334412 -0.00407827 -0.00861314 -0.00318258 0.00091941 -0.00194573 -0.0037606 0.000625543 -0.00542891 -0.00270633 -0.0003367 0.00165654 0.00217972 -0.0015547 -0.000695187 0.00129496 -0.00192399 0.000540384 -0.00263658 0.00193798 0.00229287 0.00111987 0.00247888 0.000431838 0.00171146 0.00159108 -0.000338983 0.00241724 0.00201893 0.000677966 0.00265107 0.00122211 0.00230769
internal_weight=7001 252 6749 1690 84 518 168 403 314 282 244 65 5059 2335 261 1172 603 41 234 118 65 148 378 206 98 72 52 108 2074 278 97 41 179 88 151 106 115 85 52 89 181 1796 52 56 125 42 172 42 116 1744 241 1503 118 212 130 53 160 95 53 1385 103 178
internal_count=7001 252 6749 1690 84 518 168 403 314 282 244 65 5059 2335 261 1172 603 41 234 118 65 148 378 206 98 72 52 108 2074 278 97 41 179 88 151 106 115 85 52 89 181 1796 52 56 125 42 172 42 116 1744 241 1503 118 212 130 53 160 95 53 1385 103 178
is_linear=0
shrinkage=0.03


Tree=49
num_leaves=63
num_cat=0
split_feature=70 4 70 4 47 5 56 4 25 5 32 4 50 21 11 4 49 67 53 60 66 65 11 14 4 5 66 25 32 65 48 20 15 15 4 52 51 70 28 46 12 4 57 29 29 18 26 20 42 34 67 28 69 11 64 45 34 56 34 47 30 4
split_gain=19.8821 15.6042 9.61007 12.2714 6.4905 6.00693 4.29349 4.26935 3.43694 3.41725 3.3707 3.0523 3.54671 2.54916 2.53704 2.48975 2.81967 2.21306 2.15493 3.95956 2.0894 3.29191 2.03285 2.02272 2.91396 4.6568 5.38353 5.16145 2.58323 2.63838 2.01046 1.98691 1.76617 5.02258 1.46915 1.83232 1.55552 1.19242 0.989646 0.939707 0.832827 0.92305 1.01412 0.739109 1.43452 0.620533 0.550374 0.887618 0.540239 0.513027 0.480486 0.442836 0.424065 0.655919 0.388721 0.308734 0.276104 0.25388 0.23241 0.507875 0.204615 0.171278
threshold=80161.104166666672 7.5000000000000009 91660.083333333343 4.5000000000000009 855.50000000000011 5.5000000000000009 31.500000000000004 21.500000000000004 77.494405000000015 4.5000000000000009 50.780440741239012 6.5000000000000009 361.47916666666669 4.6025788271895509 77660.000000000015 20.500000000000004 1249.0000000000002 70839.000000000015 1581.5000000000002 2125.5000000000005 4322.7708333333339 7695.0000000000009 83648.500000000015 103471.25000000001 8.5000000000000018 4.5000000000000009 2872.8333333333335 70.059395000000009 59.984974705972313 1328.0000000000002 462.50000000000006 16.578125000000004 11092.539306546432 10001.438814659794 22.500000000000004 1914.0000000000002 572.50000000000011 85328.770833333343 2.224357500000004 28805.583333333339 93612.500000000015 9.5000000000000018 12.500000000000002 59.507625236460946 60.611335332659159 18.675000000000001 70.292664520833355 15.222916666666668 32488.145833333339 0.71294829173290719 73543.000000000015 3.1234550000000074 103392.50000000001 91129.500000000015 1149.5000000000002 30302.500000000004 -1.18763218616629 3077.5000000000005 1.6118189960202722 327.50000000000006 62.53624380980839 6.5000000000000009
decision_type=2 2 2 2 2 2 2 2 2 2 2 2 2 2 2 2 2 2 2 2 2 2 2 2 2 2 2 2 2 2 2 2 2 2 2 2 2 2 2 2 2 2 2 2 2 2 2 2 2 2 2 2 2 2 2 2 2 2 2 2 2 2
left_child=1 5 3 4 10 14 8 17 -6 15 31 12 -11 -8 -1 50 37 -3 40 39 21 22 -12 24 25 30 27 51 29 -29 60 -2 33 49 36 57 -26 38 -17 -20 41 42 -13 54 -45 -28 -19 -48 -22 -32 -5 -27 61 -54 -24 -39 -43 -36 -38 -60 -4 -52
right_child=2 7 23 9 6 -7 13 -9 -10 11 20 18 -14 -15 -16 16 -18 46 19 -21 48 -23 43 -25 34 26 45 28 -30 -31 32 -33 -34 -35 35 -37 58 55 -40 -41 -42 56 -44 44 -46 -47 47 -49 -50 -51 52 -53 53 -55 -56 -57 -58 -59 59 -61 -62 -63
leaf_value=-21.58817408298545 -16.768823273375251 -38.674967935335417 55.794039543047191 -1.5861488051073225 -88.582086632482429 -95.706336073475327 0.77339822671517733 -57.366435111593113 -14.820871873151173 -14.194998525310726 -30.587503201806442 6.876606535023595 -39.100854940162122 -48.75731786031227 -63.367686169901688 2.1848182773290121 -44.011765690046239 7.0600629323577229 -0.5684282636475313 -14.093012983976829 -4.3597952944284311 -19.775907124242824 -6.5135079837198377 284.32087187632794 -4.438875239818187 -11.690650061758273 43.70662526263007 0.85534254781898289 -16.311199306716073 -23.869492735064096 4.0074660252672318 -54.62653661674603 12.553687006869071 -4.8257565594760266 33.465250153742971 -28.65522526457001 111.45909920945938 1.5807513951299972 -11.983908137950856 12.427276273959615 -3.5395773375863664 0.37644334388981776 -3.0058327935391826 -10.568622063985757 0.64512300130607469 -1.3617234934471529 -24.502713528849057 22.958780185254078 4.884540314258655 -3.9850337828758002 5.5378196321726731 0.7231425668953575 60.421818393063575 -3.3884579942235686 1.858481313596309 -0.13865086646529728 15.369348787572401 -7.7474252435854165 74.235267280164678 -3.3025153331448309 2.7384377502645316 65.847431773445649
leaf_weight=24 31 23 406 26 27 40 33 20 25 36 37 33 20 20 20 27 27 83 23 32 21 20 22 2187 38 20 86 20 36 33 51 21 60 30 43 28 1272 97 29 40 30 37 36 22 30 20 20 22 100 25 135 30 26 20 76 20 216 22 42 20 37 848
leaf_count=24 31 23 406 26 27 40 33 20 25 36 37 33 20 20 20 27 27 83 23 32 21 20 22 2187 38 20 86 20 36 33 51 21 60 30 43 28 1272 97 29 40 30 37 36 22 30 20 20 22 100 25 135 30 26 20 76 20 216 22 42 20 37 848
internal_value=0.00116553 -0.00710432 0.00147486 -0.000128394 -0.00435374 -0.0176576 -0.010961 -0.0018025 -0.0171017 0.00103578 -0.00251776 -0.00104949 -0.00764706 -0.00485876 -0.00986395 0.00187395 -0.00118441 -2.02565e-05 -0.000214717 -0.00422713 -0.00138068 -0.00321584 -0.00195617 0.00227358 0.00165323 0.00025641 -0.00323133 -0.00711718 -0.0114478 -0.00711864 0.00166475 -0.00961612 -0.00113787 -0.00347785 0.00246536 -0.00116004 0.00271336 0.000207972 -0.00336898 9.50873e-05 0.000860551 0.00131326 -0.00173661 -0.000379747 -0.00328215 0.00183789 0.00153477 -0.0012114 0.0017341 0.000591327 0.00245664 0.000538922 0.00255952 -0.000195228 0.0011315 0.00194705 0.00215725 0.00156682 0.00288509 0.00101449 0.00272173 0.00269149
internal_weight=7001 252 6749 2243 485 84 105 168 52 1758 380 503 56 53 44 1255 200 148 447 95 328 207 187 4506 2319 854 245 139 89 53 609 52 166 106 1465 93 1372 173 56 63 352 322 69 150 52 106 125 42 121 76 1055 50 1029 46 98 117 253 65 1334 62 443 983
internal_count=7001 252 6749 2243 485 84 105 168 52 1758 380 503 56 53 44 1255 200 148 447 95 328 207 187 4506 2319 854 245 139 89 53 609 52 166 106 1465 93 1372 173 56 63 352 322 69 150 52 106 125 42 121 76 1055 50 1029 46 98 117 253 65 1334 62 443 983
is_linear=0
shrinkage=0.03


Tree=50
num_leaves=63
num_cat=0
split_feature=70 4 4 45 5 62 5 33 49 45 0 6 15 52 4 3 16 52 4 16 5 62 1 64 27 64 38 60 66 32 47 27 0 52 5 4 0 45 44 18 55 3 1 18 38 17 24 67 34 21 43 32 65 40 70 43 44 21 24 18 28 39
split_gain=20.006 15.4022 9.40211 12.0466 8.00036 6.54594 4.86272 4.44092 4.36145 4.30207 4.29183 5.26388 2.81956 2.79299 2.52517 3.86917 3.18501 3.04909 2.48387 3.97562 3.32109 2.43126 3.15012 2.135 2.00676 1.6582 1.62686 1.52393 1.3532 2.18167 3.07241 1.22258 1.59201 1.54499 1.17305 2.33906 3.52138 4.10795 1.3786 2.76091 3.0546 1.25305 1.07269 1.011 0.721119 0.709558 1.03228 0.552996 0.537218 0.511657 0.507366 0.449422 0.367511 0.313158 0.307858 0.248205 0.247645 0.237862 0.588258 0.846293 0.226322 0.213522
threshold=80161.104166666672 6.5000000000000009 6.5000000000000009 31901.000000000004 4.5000000000000009 1033.6250000000002 5.5000000000000009 2.2082065201427135 265.50000000000006 27590.500000000004 88167.000000000015 3.5000000000000004 11092.539306546432 955.50000000000011 21.500000000000004 58.591873762096292 121.00000000000001 1305.5000000000002 3.5000000000000004 -1670.4999999999998 3.5000000000000004 2276.6666666666674 11.175000000000002 3401.0000000000005 15.526498704642714 2237.0000000000005 9460.1875000000018 1638.5000000000002 976.68750000000011 62.735830550393722 729.50000000000011 12.57204097246858 92941.500000000015 1014.5000000000001 4.5000000000000009 8.5000000000000018 82193.000000000015 30506.000000000004 30093.500000000004 8.6250000000000018 26.500000000000004 52.799663065183147 15.825000000000001 11.475000000000001 12341.708333333334 12.475000000000001 80.958815000000016 73543.000000000015 0.02115352917114777 4.6213724512608056 32419.500000000004 57.665338445619959 8648.0000000000018 33053.500000000007 90717.312500000015 25464.000000000004 31345.500000000004 4.9617686791402802 55.877764000000006 13.625000000000002 1.3623525000000003 29615.000000000004
decision_type=2 2 2 2 2 2 2 2 2 2 2 2 2 2 2 2 2 2 2 2 2 2 2 2 2 2 2 2 2 2 2 2 2 2 2 2 2 2 2 2 2 2 2 2 2 2 2 2 2 2 2 2 2 2 2 2 2 2 2 2 2 2
left_child=1 6 3 4 8 -6 -1 -3 26 -10 11 -7 13 -11 34 16 17 -16 19 20 25 22 -13 50 42 -15 -2 45 29 30 -5 53 33 -33 47 36 37 44 39 40 -37 -42 -24 -21 -36 46 -9 -4 -27 -14 -12 -45 -28 -18 -30 -49 -34 -57 59 -59 -20 -41
right_child=2 7 14 28 5 10 -8 27 9 12 23 21 49 18 15 -17 31 -19 60 43 -22 -23 24 -25 -26 48 52 -29 54 -31 -32 32 56 -35 35 38 -38 -39 -40 61 41 -43 -44 51 -46 -47 -48 55 -50 -51 -52 -53 -54 -55 -56 57 -58 58 -60 -61 -62 -63
leaf_value=-60.067799313030349 -17.083862594051176 -46.355075061350078 -1.5385643409542804 4.0968006891592337 -32.207164175581397 0.23270168770686325 -95.439059981035228 -27.64446819061704 -61.141235756185935 4.5995762947258587 5.8085568852355092 -1.5917618918632159 45.623571274611763 -15.588543043226187 -12.104259920006319 37.583969091448253 -1.912821097485826 -43.247908896559188 -1.2171642600757382 -13.547162990523336 -0.4786622080904479 -61.537185264618223 -28.724234240700085 -17.482570589511809 -2.0957809580122886 -23.6894359932923 16.130447245894707 -45.154327269086352 0.08151140876535265 178.65077300107822 -15.466122060562059 -0.85563284406157636 -0.40680265005340016 -12.60567519678561 -3.2329533095358998 2.0123040494283284 98.625989836024189 -21.087699659801217 105.71079801731527 4.5543205286654205 -1.6238729875052524 -13.332290495593924 -50.797599128004926 0.6536086040266289 3.4301386837892447 10.663105037906506 11.883721320297013 19.338411844790738 -23.899664538528434 -0.23938719782247314 -0.99432448599319245 -5.1197011840317934 -0.30105610410659545 10.670952354684655 39.707346995172109 113.99450998845651 50.254671756552369 -3.2868042543968441 78.399920138258196 53.254472073734988 4.4845176074940705 42.602826188130152
leaf_weight=38 24 30 26 38 26 41 35 22 36 62 70 29 95 24 27 307 21 29 20 20 25 26 20 22 21 20 273 28 25 73 24 29 20 30 29 38 75 30 684 95 24 22 20 31 24 78 21 32 22 24 20 20 20 69 775 2834 30 20 122 20 25 141
leaf_count=38 24 30 26 38 26 41 35 22 36 62 70 29 95 24 27 307 21 29 20 20 25 26 20 22 21 20 273 28 25 73 24 29 20 30 29 38 75 30 684 95 24 22 20 31 24 78 21 32 22 24 20 20 20 69 775 2834 30 20 122 20 25 141
internal_value=0.00119124 -0.00710432 0.00150153 -0.000240475 -0.00246984 -0.00664859 -0.0187141 -0.00234506 -0.000801511 -0.00279415 -0.00523969 -0.00844048 -0.00186292 -0.00356745 0.00222076 0.000325565 -0.00239906 -0.00871658 -0.00524384 -0.00697717 -0.0111306 -0.0117054 -0.00928968 -0.000722569 -0.0131588 -0.0146596 0.0018543 -0.000201207 0.0022265 -0.000532938 -0.00468599 -0.000602712 -0.00274977 -0.00609137 0.00247266 0.00165476 -0.00172676 -0.00599278 0.00219002 0.000552952 -0.00410226 -0.00930586 -0.0171322 -0.00160338 -0.000903955 0.00123865 -0.00180974 0.00278282 -0.0183135 0.00196474 0.00129856 0.000587084 0.00247697 0.00196448 0.00269591 0.00282058 0.00113772 0.0028487 0.00168415 -0.00142145 0.000931264 0.00222363
internal_weight=7001 252 6749 1971 1036 295 73 179 741 424 269 157 388 269 4778 562 255 56 207 162 91 116 90 112 61 66 317 149 935 135 62 199 109 59 4216 1162 158 83 1004 320 84 46 40 71 53 121 43 3054 42 119 90 51 293 90 800 3028 50 2996 162 40 45 236
internal_count=7001 252 6749 1971 1036 295 73 179 741 424 269 157 388 269 4778 562 255 56 207 162 91 116 90 112 61 66 317 149 935 135 62 199 109 59 4216 1162 158 83 1004 320 84 46 40 71 53 121 43 3054 42 119 90 51 293 90 800 3028 50 2996 162 40 45 236
is_linear=0
shrinkage=0.03


Tree=51
num_leaves=63
num_cat=0
split_feature=70 4 46 16 5 4 51 33 62 60 54 69 18 0 47 58 54 16 39 52 29 66 25 16 38 5 19 33 63 48 15 33 52 39 34 21 30 60 37 61 64 49 37 5 49 16 17 34 58 63 4 13 69 13 34 22 52 16 67 29 2 16
split_gain=18.8148 16.0432 9.2959 11.599 7.9514 5.8162 5.32346 4.72884 3.9607 3.81496 3.72334 3.31605 3.2159 2.6506 3.57821 2.39025 3.05784 1.88836 3.13924 3.32467 2.32827 1.79283 1.66291 1.45274 2.74492 4.71098 2.49185 2.44942 1.83218 1.65957 1.39486 1.29179 1.36095 1.28173 1.24624 1.24537 1.65745 1.21861 0.910338 0.866916 0.846138 0.662073 1.56554 0.538835 0.967089 0.521277 0.906843 0.445362 0.431604 1.23917 0.423627 0.414541 0.398095 0.890212 0.369796 0.707797 0.368682 0.289826 0.275411 0.288862 0.633014 0.270045
threshold=80161.104166666672 6.5000000000000009 31114.041666666668 -1775.9999999999998 4.5000000000000009 3.5000000000000004 1220.5000000000002 2.2082065201427135 1015.8333333333334 2200.5000000000005 866.06250000000011 89264.500000000015 9.5750000000000011 92587.000000000015 729.50000000000011 3876.0416666666674 1538.0208333333335 741.50000000000011 36425.000000000007 743.50000000000011 51.207179662749901 2340.7083333333335 67.529555000000002 -951.49999999999989 19550.000000000004 4.5000000000000009 18.125000000000004 2.6927893278116026 1588.5000000000002 969.00000000000011 6869.4783080309408 1.5454016765660639 1549.5000000000002 29970.000000000004 0.99191280816125282 5.0722782908291144 55.521369549832677 1638.5000000000002 9482.0000000000018 5379.5000000000009 2780.5000000000005 419.50000000000006 14386.500000000002 4.5000000000000009 227.50000000000003 228.50000000000003 14.825000000000001 -0.076934777226945514 5008.2083333333339 1868.5000000000002 7.5000000000000009 70398.500000000015 81503.500000000015 75593.500000000015 1.7689196644731384 -0.7000000000000004 2138.5000000000005 -6020.4999999999991 85991.500000000015 50.402336218770799 84.684315000000012 -1287.4999999999998
decision_type=2 2 2 2 2 2 2 2 2 2 2 2 2 2 2 2 2 2 2 2 2 2 2 2 2 2 2 2 2 2 2 2 2 2 2 2 2 2 2 2 2 2 2 2 2 2 2 2 2 2 2 2 2 2 2 2 2 2 2 2 2 2
left_child=1 6 3 4 5 10 -1 -3 -6 33 -2 12 -10 14 30 16 -14 18 19 -11 -21 -16 31 24 25 29 38 28 -28 39 -12 -20 40 34 50 43 -37 45 -27 57 -33 52 -43 54 -45 46 -9 -13 -26 -50 -5 -35 53 -7 -19 -56 -15 -4 59 -52 -61 -24
right_child=2 7 23 9 8 41 -8 37 11 17 13 47 15 56 21 -17 -18 35 22 20 -22 -23 61 -25 48 26 27 -29 -30 -31 -32 32 -34 51 -36 36 -38 -39 -40 -41 -42 42 -44 44 -46 -47 -48 -49 49 -51 58 -53 -54 -55 55 -57 -58 -59 -60 60 -62 -63
leaf_value=-63.402335806764185 8.2298535492767471 -44.964422809509564 -0.18200676042944253 -13.146773829665598 -26.618340618751397 7.5999329729679586 -89.971974191840204 -28.879753782587141 7.7781072854386526 6.5861723966506052 -0.059058155918513405 -1.100647425017651 -3.7000251704354854 -2.2263661347732522 -87.189651976308028 -55.556624364199386 -20.38893094135085 20.219028413221043 9.2834891700225555 -32.107165768042812 -42.381899842574505 -19.811770114018245 -0.46320867498873913 200.86796606795349 189.3291451273127 -11.329729270432139 -3.2166607348550484 -0.0088406508242855428 -29.714416289350439 -4.8939709490730703 -46.90438139651009 7.6176543997373791 -30.06203373876188 -0.25071120225423993 -4.4218950266866672 -10.031664463551961 9.9550173308462906 -43.799697451013635 4.3429618052549293 -3.131896470609941 -3.622886561939306 -17.88487563962962 12.474376814060182 10.127387499941751 -6.575730570140216 4.6361118290797174 22.325883857335917 1.1054355882144249 -41.850566740781218 73.543383799272362 13.757000405744753 42.602419389982529 26.739007210761567 -8.5042463577144556 2.2503061632940113 -1.4014035526485407 2.1005788833839412 37.030025644413342 -1.0770354188596141 -1.10932877938076 10.25976620162654 4.8521992789409252
leaf_weight=33 35 30 25 35 26 35 40 20 21 24 30 24 25 20 20 25 24 166 23 26 29 25 20 2359 863 26 23 31 33 29 21 21 39 29 38 20 29 28 55 23 25 27 32 60 37 78 23 21 20 52 103 1204 162 23 31 20 20 381 27 39 66 102
leaf_count=33 35 30 25 35 26 35 40 20 21 24 30 24 25 20 20 25 24 166 23 26 29 25 20 2359 863 26 23 31 33 29 21 21 39 29 38 20 29 28 55 23 25 27 32 60 37 78 23 21 20 52 103 1204 162 23 31 20 20 381 27 39 66 102
internal_value=0.00117839 -0.00686632 0.00147931 0.000167545 -0.00347184 -0.00139302 -0.0187141 -0.00201005 -0.00908489 0.00118205 -0.00575102 -0.00704497 -0.0102208 -0.00800147 -0.0107076 -0.0131579 -0.00916497 -0.000700788 -0.0024264 -0.00758533 -0.0116515 -0.0168958 -0.000638853 0.00242519 0.00171033 0.000167705 -0.00412255 -0.00764638 -0.0113904 0.00174853 -0.00516634 -0.003358 -0.00507638 0.00200506 0.000262902 0.000760121 -0.00366599 0.000160966 -0.000295931 0.00222326 -0.00149675 0.00126836 -0.00152284 0.00146132 -0.000370752 0.00148637 -0.00111369 -0.000266075 0.00273981 0.000457698 0.000988523 0.00243776 0.0020309 -5.1635e-05 0.00229387 1.10228e-10 -0.00142145 0.00254863 0.0014547 0.00183085 0.000685062 0.00174447
internal_weight=7001 252 6749 2829 616 450 73 179 166 2213 171 140 95 136 96 74 49 672 309 79 55 45 230 3920 1561 626 168 87 56 458 51 108 85 1541 308 363 49 149 81 429 46 279 59 314 97 121 43 45 935 72 270 1233 220 58 217 51 40 406 235 208 105 122
internal_count=7001 252 6749 2829 616 450 73 179 166 2213 171 140 95 136 96 74 49 672 309 79 55 45 230 3920 1561 626 168 87 56 458 51 108 85 1541 308 363 49 149 81 429 46 279 59 314 97 121 43 45 935 72 270 1233 220 58 217 51 40 406 235 208 105 122
is_linear=0
shrinkage=0.03


Tree=52
num_leaves=63
num_cat=0
split_feature=70 4 70 4 47 0 5 33 5 65 4 50 20 14 30 44 49 17 17 27 56 42 5 22 0 4 38 2 33 12 13 38 59 59 52 0 37 12 2 24 48 60 28 5 17 22 4 15 2 27 13 26 60 27 33 67 42 64 22 29 58 64
split_gain=19.4568 15.7211 9.0989 10.3525 7.70328 5.32404 4.86272 4.58496 4.35139 6.67428 3.21369 3.19752 2.3672 1.94367 2.87957 1.83639 3.24534 1.73667 1.84885 2.11967 1.61984 1.82482 1.49314 2.18978 1.48317 2.75727 2.01258 1.92749 1.35663 1.33468 2.32764 1.33351 1.27693 1.253 1.75145 1.50487 1.23631 1.94122 1.22366 1.8021 1.72131 1.21167 2.14153 0.926439 1.49481 2.04785 1.14481 0.975709 0.956169 0.9241 0.872803 0.813296 0.74764 0.766912 0.531882 0.500384 0.466486 1.23189 0.38305 0.36259 0.343727 0.338755
threshold=80161.104166666672 6.5000000000000009 91551.270833333358 6.5000000000000009 855.50000000000011 92380.000000000015 5.5000000000000009 2.2082065201427135 4.5000000000000009 2237.0000000000005 21.500000000000004 282.64583333333343 14.63854166666667 99491.270833333358 64.285726696111183 27594.500000000004 532.50000000000011 13.775000000000002 18.425000000000001 13.300901701158546 26.500000000000004 34911.979166666679 4.5000000000000009 -0.24999999999999992 84886.500000000015 8.5000000000000018 14889.958333333334 77.342050000000015 2.5398569029871374 84249.000000000015 87532.500000000015 12726.541666666668 1971.5000000000002 2586.5000000000005 1263.5000000000002 107142.50000000001 13286.000000000002 93612.500000000015 47.904905000000007 62.722511500000003 808.50000000000011 1409.5000000000002 0.087693500000000327 4.5000000000000009 11.775000000000002 0.67500000000000082 9.5000000000000018 5740.6027087944267 86.283450000000002 12.493026207407771 98410.500000000015 66.961504020833345 3236.5000000000005 13.763830312426636 2.3736575434332465 73543.000000000015 36419.625000000007 7081.5000000000009 -0.90000000000000002 45.725954650865255 3380.229166666667 4765.0000000000009
decision_type=2 2 2 2 2 2 2 2 2 2 2 2 2 2 2 2 2 2 2 2 2 2 2 2 2 2 2 2 2 2 2 2 2 2 2 2 2 2 2 2 2 2 2 2 2 2 2 2 2 2 2 2 2 2 2 2 2 2 2 2 2 2
left_child=1 6 3 4 8 12 -1 -3 15 -10 43 58 -6 14 22 16 -2 -12 19 -19 21 -13 33 24 25 26 27 -24 -16 -17 -31 -14 -25 56 -35 38 37 -20 -36 -40 -41 61 -43 50 45 47 48 60 -46 -34 55 -52 -26 -54 -32 -5 57 -4 -11 -57 -45 -9
right_child=2 7 13 10 5 -7 -8 41 9 11 17 20 31 -15 28 29 -18 18 36 -21 -22 -23 23 32 52 -27 -28 -29 -30 30 54 -33 49 34 35 -37 -38 -39 39 40 -42 42 -44 44 46 -47 -48 -49 -50 -51 51 -53 53 -55 -56 59 -58 -59 -60 -61 -62 -63
leaf_value=-55.566606107884084 0.019780583543118874 -43.615490125224177 -5.2038893640651818 -1.2785658581371691 -25.184023212029583 5.8448568183797764 -89.876728955849231 14.51790682185065 -47.257870930726497 -4.9149735297618005 18.624860600742128 -60.813725203018258 -55.298680350766006 213.04685125883711 -3.5064557571815604 3.7888862167779926 -43.385085578448269 -4.2954226427569724 -0.15998392974814368 -55.746923702757009 -2.6827251310975404 -6.4175175648010745 1.2604274111992018 99.76040653806308 0.73809690871161338 19.987481573861512 -24.593990796760352 -6.0992216250401547 -0.016945536995748901 -22.113996653922751 -1.1837198413721006 -87.418628749132822 2.2746425911974972 32.327266452507061 -5.0630983968071712 30.672527324399464 0.92082088737240297 -11.914580022749881 2.3141328141697137 -10.487455444793365 -0.5112733978325853 1.8437507148226331 -46.507449862558452 29.288443802240131 -5.4123507713208268 -7.8723909476998291 24.54563983948459 -0.90478937548433869 2.4309683980653838 -9.8430743505040699 47.062776453415417 -6.1724737129264247 -21.093078746036522 1.9171030538994323 6.4820360505610521 -0.47058135472341633 78.307739249229655 41.915383658021121 5.0540536155855129 52.747232636376964 -0.39698473416020197 -1.0961009068271108
leaf_weight=38 40 30 20 26 23 24 35 75 22 29 42 21 34 2619 24 206 20 28 43 20 20 21 22 246 80 42 20 21 30 34 34 24 22 173 20 57 35 20 44 21 24 29 25 55 20 34 207 20 23 20 41 39 21 35 61 21 922 51 47 852 29 20
leaf_count=38 40 30 20 26 23 24 35 75 22 29 42 21 34 2619 24 206 20 28 43 20 20 21 22 246 80 42 20 21 30 34 34 24 22 173 20 57 35 20 44 21 24 29 25 55 20 34 207 20 23 20 41 39 21 35 61 21 922 51 47 852 29 20
internal_value=0.00119553 -0.00698532 0.00150153 -7.31343e-05 -0.00322224 -0.0106755 -0.0187141 -0.00217755 -0.00180508 -0.00597751 0.00126166 -0.00349747 -0.0143527 0.00227145 0.00154143 -0.000106302 -0.00494176 -0.00240829 -0.00396304 -0.00879418 -0.00855072 -0.0119002 0.00174091 0.00038556 -0.00171713 -0.00439581 -0.00836767 -0.00459397 -0.00526802 0.000752014 -0.00162665 -0.0176076 0.0021555 0.00227686 0.000690062 -0.0014991 -0.00155963 -0.00408875 -0.0035747 -0.0020202 -0.00625277 0 -0.00360444 0.00176871 0.000517908 -0.00197683 0.00190724 8.64554e-05 -0.0025058 -0.00263658 0.00226126 -0.00071161 0.000330639 -0.00229947 0.000757098 0.0025292 0.00281543 0.000421941 0.000591327 0.00265262 0.00153389 0.00201893
internal_weight=7001 252 6749 2215 660 105 73 179 555 160 1555 138 81 4534 1915 395 60 188 146 48 62 42 1861 529 241 105 63 43 54 335 129 58 288 1332 339 166 98 63 109 89 45 149 54 1367 388 138 250 104 43 42 979 80 136 56 95 899 993 71 76 873 84 95
internal_count=7001 252 6749 2215 660 105 73 179 555 160 1555 138 81 4534 1915 395 60 188 146 48 62 42 1861 529 241 105 63 43 54 335 129 58 288 1332 339 166 98 63 109 89 45 149 54 1367 388 138 250 104 43 42 979 80 136 56 95 899 993 71 76 873 84 95
is_linear=0
shrinkage=0.03


Tree=53
num_leaves=63
num_cat=0
split_feature=70 4 70 4 50 5 21 67 5 4 4 21 23 65 4 13 3 61 44 11 18 64 61 65 63 59 41 11 0 11 48 20 22 0 59 19 21 22 58 70 19 43 42 27 1 65 67 30 13 59 41 66 63 59 1 24 30 63 50 14 64 42
split_gain=18.3417 14.1961 8.38939 8.74078 6.05474 4.82862 4.22322 3.36257 3.32799 3.68311 3.09775 2.99492 2.93878 2.88274 2.81417 2.69472 2.80944 2.67754 2.61403 2.55744 1.46008 2.03708 2.73957 1.40188 1.32491 1.3008 2.80807 1.81976 1.28993 1.78105 1.28128 1.8649 1.26627 1.79188 3.68378 4.0979 1.9133 1.04898 1.0947 1.01114 0.931606 1.724 0.813656 0.795557 0.536576 0.51566 0.468646 0.465239 0.461849 0.348427 0.59928 0.332444 0.677631 0.331619 0.369175 0.331164 0.579607 0.299295 0.282089 0.776679 0.807021 0.993985
threshold=80161.104166666672 6.5000000000000009 96934.312500000015 4.5000000000000009 422.64583333333343 5.5000000000000009 2.6764776344816936 84989.000000000015 4.5000000000000009 8.5000000000000018 21.500000000000004 4.7419172261511937 61.676530000000007 4921.5000000000009 20.500000000000004 74815.000000000015 50.805523538797395 2797.5000000000005 29441.500000000004 83758.500000000015 10.475000000000001 3533.5000000000005 966.50000000000011 4349.0000000000009 1799.0000000000002 3670.0000000000005 36519.500000000007 85642.000000000015 92380.000000000015 89633.500000000015 268.50000000000006 17.022916666666671 -0.55000000000000038 107142.50000000001 3185.5000000000005 20.375000000000004 3.0092460169581536 -0.3500000000000002 4025.2708333333339 85328.770833333343 23.475000000000005 32503.500000000004 33569.250000000007 7.8398340165251428 20.075000000000006 6960.5000000000009 73543.000000000015 59.249788496626152 93357.500000000015 3627.5000000000005 42807.500000000007 991.79166666666686 1216.5000000000002 1999.5000000000002 6.3750000000000009 74.927302000000012 59.676528266765423 1822.5000000000002 541.68750000000011 84493.708333333358 2237.0000000000005 30863.916666666668
decision_type=2 2 2 2 2 2 2 2 2 2 2 2 2 2 2 2 2 2 2 2 2 2 2 2 2 2 2 2 2 2 2 2 2 2 2 2 2 2 2 2 2 2 2 2 2 2 2 2 2 2 2 2 2 2 2 2 2 2 2 2 2 2
left_child=1 5 3 4 7 -1 23 -2 14 13 15 28 -13 18 46 16 -3 20 -10 -16 21 22 -11 -6 -20 44 -27 -28 29 -8 -19 -32 33 34 40 48 -37 38 39 -21 51 -42 -23 -29 -9 -15 -5 -41 -36 58 -51 52 -4 -53 -55 -45 -57 -17 -48 60 -60 -62
right_child=2 10 32 8 6 -7 11 25 9 17 -12 12 -14 45 19 57 -18 30 24 37 -22 42 -24 -25 -26 26 27 43 -30 -31 31 -33 -34 -35 35 36 -38 -39 -40 47 41 -43 -44 55 -46 -47 49 -49 -50 50 -52 53 -54 54 -56 56 -58 -59 59 -61 61 -63
leaf_value=-53.899607924647654 -19.635795784292114 -41.960651138506989 62.399956565813895 -1.2402088823929234 -25.706961808548861 -87.180427087173868 1.9211556758266457 3.283631689913554 -34.892203659384982 0.038327377042095247 -51.595812959050122 -1.8917979127347089 -55.156523010063914 20.626039002424431 -24.499339369536305 -0.19343400036569819 0.41160106051800682 5.2645357701694175 -18.578679688440555 -5.3035265587605851 24.357203444402867 -1.5933061482235917 -9.5193185733559709 -46.474851621271476 0.38497727564723233 -28.656545405780907 -43.285540922613137 -7.7739528580836517 1.6828193980028523 -15.485905392086769 -16.759734341446332 -5.4063239862109072 199.90097515204513 93.86599436201746 -12.690320164609464 -19.107965697213018 -11.682351283183195 14.399991737260578 -9.2592095832774159 3.9413956826164016 4.5273619320042107 -44.283441597183376 22.073489951220388 3.9890113438283255 -2.2835829017908895 -3.7500014855150563 55.946479358210141 -6.4184928382367703 36.317107430033971 33.16071183317591 -2.4818594418575173 42.510838643950954 -12.216341634316578 107.49423161771644 -3.8869731521114992 1.4712573271854585 -1.2333009536725348 11.347652909124953 42.804469565488297 70.917050251726963 1.036319746303211 -9.7924959908769029
leaf_weight=38 35 22 28 26 23 35 24 173 39 23 20 25 28 35 29 20 28 30 21 29 371 22 20 21 37 29 24 31 43 35 20 23 2649 472 20 22 23 93 27 81 38 24 66 96 20 26 1099 20 33 29 22 248 20 21 20 35 20 89 31 203 21 26
leaf_count=38 35 22 28 26 23 35 24 173 39 23 20 25 28 35 29 20 28 30 21 29 371 22 20 21 37 29 24 31 43 35 20 23 2649 472 20 22 23 93 27 81 38 24 66 96 20 26 1099 20 33 29 22 248 20 21 20 35 20 89 31 203 21 26
internal_value=0.00119553 -0.00674732 0.00149264 0.000354508 -0.00270503 -0.0178933 -0.00708187 -0.000816238 0.00117614 -0.000515618 -0.00217755 -0.00471954 -0.0105085 -0.00457305 0.00189217 -0.000754242 -0.00652695 0.000594679 -0.00778579 -0.000859907 0.0013802 -0.00132723 -0.00668213 -0.0153061 -0.00366609 -7.70847e-05 -0.00158231 -0.000334789 -0.00167483 -0.00456853 -0.0047606 -0.00807425 0.00247671 0.00154164 0.00027761 -0.00492355 -0.0115743 0.000107957 -0.00137492 -0.000207533 0.00156352 -0.00178744 0.00125993 0.000675453 0.00174003 0.000490998 0.00242125 0.00118694 0.000677966 0.00249458 1.10228e-10 0.00218926 -6.23699e-05 0.0025735 1.09855e-10 0.00158835 -0.000217786 0.00186984 0.0025846 0.00170758 -0.000806658 -0.0033121
internal_weight=7001 252 6749 3131 662 73 199 463 2469 733 179 155 53 158 1736 159 50 575 97 279 502 131 43 44 58 428 235 206 102 59 73 43 3618 969 497 98 45 250 157 130 399 62 88 182 193 61 1457 101 53 1431 51 337 48 289 41 151 55 109 1380 281 78 47
internal_count=7001 252 6749 3131 662 73 199 463 2469 733 179 155 53 158 1736 159 50 575 97 279 502 131 43 44 58 428 235 206 102 59 73 43 3618 969 497 98 45 250 157 130 399 62 88 182 193 61 1457 101 53 1431 51 337 48 289 41 151 55 109 1380 281 78 47
is_linear=0
shrinkage=0.03


Tree=54
num_leaves=63
num_cat=0
split_feature=70 4 4 45 51 62 32 36 33 33 14 4 43 14 32 26 65 16 17 67 24 16 19 55 5 48 45 66 32 32 26 24 5 20 26 49 20 17 15 5 49 62 34 31 54 0 17 19 59 33 7 65 7 45 15 11 32 51 51 4 70 69
split_gain=19.9234 13.2967 8.14384 8.89336 5.43797 4.85565 4.46019 4.40125 3.95231 3.38259 2.99103 3.59313 2.16139 2.42756 3.29503 7.59154 2.30622 2.14205 2.11691 3.39821 1.90838 1.82224 2.19762 2.56245 1.71301 1.27031 1.63289 1.26086 2.29778 3.75417 1.23218 1.37547 1.21501 1.59299 1.19643 1.10132 1.02573 0.762616 1.57188 1.04594 1.64844 0.744434 0.808502 0.595774 0.552621 0.522661 1.31693 0.524924 0.519794 0.492322 0.445578 0.460725 0.440372 0.411215 1.01995 0.369175 0.322057 1.37017 0.319501 0.261327 1.15875 1.75072
threshold=80161.104166666672 6.5000000000000009 5.5000000000000009 31939.500000000004 1220.5000000000002 1015.8333333333334 50.780440741239012 12570.500000000002 3.1376833268035003 2.2082065201427135 89760.833333333358 20.500000000000004 32602.500000000004 83746.416666666686 54.211778847806251 67.051349625000014 7496.0000000000009 -951.49999999999989 13.775000000000002 84832.500000000015 73.613675000000015 599.50000000000011 16.525000000000002 7775.5000000000009 4.5000000000000009 206.50000000000003 29145.500000000004 976.68750000000011 62.735830550393722 59.404192762657658 83.54759016666668 89.915020000000013 4.5000000000000009 15.363541666666668 50.723711625 341.50000000000006 14.927083333333334 11.975000000000001 7455.5354664961806 4.5000000000000009 227.50000000000003 1093.041666666667 1.5135704706090147 56.997860226576186 1030.8958333333335 84269.500000000015 20.175000000000001 22.625000000000004 1390.5000000000002 3.4911149986167778 2.5000000000000004 8825.5000000000018 2.5000000000000004 31634.500000000004 11092.539306546432 105456.50000000001 59.113092621380595 2035.5000000000002 563.50000000000011 21.500000000000004 100314.31250000001 104403.00000000001
decision_type=2 2 2 2 2 2 2 2 2 2 2 2 2 2 2 2 2 2 2 2 2 2 2 2 2 2 2 2 2 2 2 2 2 2 2 2 2 2 2 2 2 2 2 2 2 2 2 2 2 2 2 2 2 2 2 2 2 2 2 2 2 2
left_child=1 4 3 5 -1 8 7 36 20 -3 11 17 13 14 49 -16 44 24 -13 -20 -2 22 -21 43 35 -26 -27 28 29 -5 34 55 -11 -34 -15 52 -7 38 39 -19 48 -23 -43 -24 -17 46 47 -12 -41 -8 -36 53 -4 -52 -55 -32 57 -29 -47 -60 61 -61
right_child=2 9 10 27 -6 6 12 -9 -10 32 45 18 -14 30 15 16 -18 37 19 21 -22 41 23 -25 25 26 -28 56 -30 -31 31 -33 33 -35 50 -37 -38 -39 -40 40 -42 42 -44 -45 -46 58 -48 -49 -50 -51 51 -53 -54 54 -56 -57 -58 -59 59 60 -62 -63
leaf_value=-56.188551051270494 -13.800536883005298 -40.832816332858265 -3.9780646198355485 4.4987434310456731 -81.961100284794298 2.8442140642926756 4.890221536745706 -47.370253020890623 -4.0620464264482026 36.212525068784579 51.276899393055693 18.945007561705378 -6.9521478069041276 -4.6061228832334118 -57.455306830824632 -6.4581239921706031 -19.746060126321037 34.012215126950906 -9.9328378877678958 1.1104653392518398 -86.854874522124604 -5.2192292555250761 -17.449541420260832 -27.143216037909387 0.73212051195623284 -12.544907438520406 -39.047714986279999 9.6314082158363359 155.97402155903808 -19.755345559204986 -3.7528111824675068 -20.619092517565186 -39.385625758605279 0.82082559246194076 -2.1588663565221311 -4.2297435749416117 -20.574673725572609 55.254265538396119 -8.7166846154893314 8.4502881608214047 -2.8845685372561678 14.907415377820854 -3.1838258816314324 0.73268958101159776 1.2810051552010533 2.0166944033512806 -9.928508287208679 -10.320097805332276 -2.8052446853975987 -5.2051485216879021 3.5975315322493429 -0.68071102119681615 30.868862751429358 -1.4555801620055413 47.362393971143931 13.43026519664001 149.42758949193637 -6.6614613767407036 223.18202644293731 -43.661866315086542 125.33417734029103 9.6672697662742628
leaf_weight=33 26 30 25 31 40 20 58 22 33 69 233 70 34 25 22 20 20 376 20 27 20 35 20 23 30 34 25 229 62 21 20 25 39 41 20 34 32 804 34 64 31 90 29 20 46 25 33 23 31 35 322 21 146 20 30 21 421 34 2439 20 259 59
leaf_count=33 26 30 25 31 40 20 58 22 33 69 233 70 34 25 22 20 20 376 20 27 20 35 20 23 30 34 25 229 62 21 20 25 39 41 20 34 32 804 34 64 31 90 29 20 46 25 33 23 31 35 322 21 146 20 30 21 421 34 2439 20 259 59
internal_value=0.0011741 -0.00710432 0.00148375 -0.000317733 -0.0178933 -0.00237754 -0.00168245 -0.00870445 -0.00948167 -0.00268007 0.00208614 0.00116915 -0.000974158 -0.000612679 -0.00340129 -0.00696577 -0.00289199 0.00174959 -0.00166118 -0.00289663 -0.0151627 -0.00190496 -0.00529412 -0.00836767 -0.000561034 -0.0040404 -0.00659898 0.00198095 -0.000920245 -0.00558541 0.00049395 -0.00331316 -0.000804829 -0.00333333 0.0010751 0.000936129 -0.00385797 0.00225879 0.00137101 0.00179845 -0.000547185 5.84037e-05 0.00120907 -0.00366584 -0.000136157 0.00266895 0.00143203 0.00216712 0.00138801 0.000708915 0.00146696 0.00169423 0.0019287 0.00194303 -0.000538922 1.09855e-10 0.00246894 0.00161916 0.0027954 0.00282597 0.0020142 -0.0011378
internal_weight=7001 252 6749 1690 73 892 813 74 79 179 5059 1968 739 705 201 108 86 1634 334 264 46 244 90 63 294 89 59 798 114 52 504 66 149 80 438 205 52 1340 536 502 126 154 119 40 66 3091 289 256 95 93 413 393 171 372 50 41 684 263 2802 2777 338 79
internal_count=7001 252 6749 1690 73 892 813 74 79 179 5059 1968 739 705 201 108 86 1634 334 264 46 244 90 63 294 89 59 798 114 52 504 66 149 80 438 205 52 1340 536 502 126 154 119 40 66 3091 289 256 95 93 413 393 171 372 50 41 684 263 2802 2777 338 79
is_linear=0
shrinkage=0.03


Tree=55
num_leaves=63
num_cat=0
split_feature=70 22 38 16 8 10 62 6 62 48 45 38 18 9 67 64 32 3 18 15 45 47 31 59 3 30 22 48 0 44 26 26 35 37 38 30 13 22 17 8 1 50 29 35 0 70 11 58 59 26 68 0 16 16 11 11 43 65 45 15 38 67
split_gain=17.3172 10.638 6.88972 9.16175 9.91192 5.74409 4.51118 4.40632 4.08161 3.4193 4.44627 3.3808 5.59704 2.64423 2.59184 2.54886 2.44522 2.28728 2.06103 4.45162 3.25072 1.76465 2.30362 1.73835 1.72218 2.15554 1.6951 1.63408 1.82217 2.26599 1.60644 2.1496 1.17093 1.06046 1.0593 1.04048 1.32498 0.972038 0.927806 1.44831 1.48469 1.34449 1.57856 1.06466 0.863761 0.825718 1.54876 0.727204 0.694062 0.634245 0.629675 0.470586 0.467774 0.434607 0.383332 0.377415 0.363075 0.359886 0.346094 0.359204 0.32165 0.309082
threshold=80161.104166666672 -0.29999999999999932 17930.479166666672 -1287.4999999999998 1.0000000180025095e-35 0.35201941816566318 2009.8125000000002 3.5000000000000004 2512.979166666667 268.50000000000006 27820.500000000004 11654.60416666667 20.075000000000006 1.0000000180025095e-35 83012.000000000015 4800.5000000000009 54.60965278675657 56.997860226576186 13.775000000000002 11281.789628191143 32448.500000000004 630.50000000000011 62.983318731378908 1236.5000000000002 60.675692126353717 60.205907275289832 -0.30000000000000043 252.50000000000003 85297.000000000015 29240.500000000004 64.309069395833347 61.106763395833347 10123.000000000002 14298.000000000002 15010.333333333334 61.093732408019356 84794.500000000015 -0.50000000000000078 12.675000000000002 1.0000000180025095e-35 8.5250000000000021 567.00000000000011 55.51655323964571 11635.500000000002 74862.500000000015 89987.854166666672 89952.000000000015 5204.854166666667 2125.5000000000005 67.243387791666677 83524.000000000015 82193.000000000015 1609.0000000000002 -1885.4999999999998 74408.500000000015 90254.500000000015 30484.500000000004 2237.0000000000005 27491.500000000004 5689.1784041861893 12012.04166666667 87403.500000000015
decision_type=2 2 2 2 2 2 2 2 2 2 2 2 2 2 2 2 2 2 2 2 2 2 2 2 2 2 2 2 2 2 2 2 2 2 2 2 2 2 2 2 2 2 2 2 2 2 2 2 2 2 2 2 2 2 2 2 2 2 2 2 2 2
left_child=1 5 3 4 9 6 23 53 11 45 -11 32 16 14 -5 52 -13 -18 57 20 21 55 33 -1 25 -19 27 61 29 -29 31 37 44 -23 -14 36 -32 56 39 41 48 58 -43 50 -9 46 54 -4 60 -25 -42 -28 -3 -6 -2 -20 -30 -12 59 -15 -41 -16
right_child=2 15 47 13 7 -7 -8 8 -10 10 18 12 34 38 26 -17 17 24 19 -21 -22 22 -24 49 -26 -27 51 28 30 -31 35 -33 -34 -35 -36 -37 -38 -39 -40 40 43 42 -44 -45 -46 -47 -48 -49 -50 -51 -52 -53 -54 -55 -56 -57 -58 -59 -60 -61 -62 -63
leaf_value=-50.924662682890848 -10.879626608280391 11.504940010981141 221.41907091728061 -10.251400258742107 -0.83387310780080459 -18.634580118793203 -17.744618691868887 0.034868592458805373 -32.758982385571684 -54.569495093402288 -0.91494181244075945 -46.105045585994773 1.5205919540474397 214.90470313128188 -0.17102085485831708 -36.331461416541941 -3.4176510149935391 -29.150493735025169 -0.047739827194275143 6.8851054542004269 6.2422455577815343 -9.6251086519090538 -1.9704368557132446 -53.126543979904831 -6.7479590639276195 -25.108227638612579 -0.25578880732041981 -3.0115901678779058 3.1667876255985874 -25.137005985867692 -5.647723888876393 -38.116415225886414 0.75934541419904045 -26.277796811917518 -2.5460801857730839 -3.6736284214358892 4.5430233130117976 -10.129947833603181 76.968822086097234 -1.3505184315090084 -3.7958764751583085 -12.455359564774735 26.926336141794895 -8.596677456182956 -9.6718073744954332 50.062335969029235 -14.029006856541939 -11.234741647328445 -8.0579304948992245 -76.966303300963276 2.0339392150404541 19.996085752163616 -0.67293224474160462 12.155955929098253 3.9695484253599429 -1.5806970192513574 -0.37388767027988867 12.824398755856551 63.928769923353194 -2.7716881855274815 23.044229978630273 9.715762214132468
leaf_weight=21 22 78 2408 20 39 29 23 20 34 24 20 22 33 20 32 20 24 23 20 100 36 20 27 23 23 20 24 27 27 20 20 21 38 31 20 32 173 20 1193 20 25 36 34 21 20 345 24 20 22 27 32 356 31 39 139 20 30 100 564 20 110 139
leaf_count=21 22 78 2408 20 39 29 23 20 34 24 20 22 33 20 32 20 24 23 20 100 36 20 27 23 23 20 24 27 27 20 20 21 38 31 20 32 173 20 1193 20 25 36 34 21 20 345 24 20 22 27 32 356 31 39 139 20 30 100 564 20 110 139
internal_value=0.00120838 -0.00650932 0.00149709 0.00077758 -0.00134674 -0.0128188 -0.0164187 -0.00560969 -0.00738362 0.00028122 -0.00181613 -0.00599753 -0.00843125 0.00167572 0.000350654 -0.000464756 -0.0122302 -0.0099556 -0.00100241 -0.00253837 -0.00574302 -0.00815411 -0.0107939 -0.0201688 -0.0128442 -0.0164269 0.000586256 -0.000487895 -0.00161308 -0.00713376 -0.000798514 -0.00400612 -0.000806658 -0.0145597 -0.000338983 0.000586406 0.00142931 -0.00163424 0.00226885 0.00153633 -0.000508474 0.00223854 -0.00166904 -0.00387964 -0.00441396 0.00186191 0.000226904 0.00277624 0.00120316 -0.0232934 -0.00168126 0.00212313 0.00131989 0.000653009 0.00130354 -0.00291771 0.000315237 0.00222315 0.00269657 0 0.00205227 0.0019287
internal_weight=7001 252 6749 4321 1283 123 94 355 277 928 398 243 165 3038 941 129 112 90 374 254 154 118 78 71 66 43 921 541 370 47 323 98 78 51 53 225 193 77 2097 904 230 674 70 78 40 530 185 2428 152 50 57 380 109 78 161 40 57 120 604 40 130 171
internal_count=7001 252 6749 4321 1283 123 94 355 277 928 398 243 165 3038 941 129 112 90 374 254 154 118 78 71 66 43 921 541 370 47 323 98 78 51 53 225 193 77 2097 904 230 674 70 78 40 530 185 2428 152 50 57 380 109 78 161 40 57 120 604 40 130 171
is_linear=0
shrinkage=0.03


Tree=56
num_leaves=63
num_cat=0
split_feature=42 4 43 49 4 0 4 17 5 62 5 33 15 48 14 4 27 14 39 1 62 32 66 0 46 16 5 16 19 62 14 49 33 51 3 30 59 59 4 22 15 31 25 64 1 3 16 31 31 25 20 64 27 16 62 54 0 52 59 0 16 13
split_gain=14.9745 15.0603 9.06824 5.54525 4.5699 4.9363 4.552 4.4042 4.32062 4.21737 4.05475 7.43963 3.0199 2.02376 1.99087 3.73192 1.95416 1.91674 1.77303 2.9665 1.71566 1.68348 1.75601 1.80761 1.87958 1.56171 1.4857 2.46918 3.33175 1.35763 1.31949 1.14465 1.09304 2.12821 2.1158 1.81753 1.02055 1.0072 0.861309 1.42188 0.772674 0.748978 0.730461 0.692603 0.920049 1.87927 0.621329 1.24751 0.552886 0.526424 0.767901 0.513147 0.502829 0.489178 0.460659 0.59241 0.451712 1.85337 0.380332 0.361109 0.82352 0.334299
threshold=33303.291666666679 6.5000000000000009 27498.500000000004 630.50000000000011 5.5000000000000009 102726.50000000001 22.500000000000004 9.9250000000000025 4.5000000000000009 2118.8333333333335 4.5000000000000009 2.0228758121583628 4068.1998427587737 1361.0000000000002 96297.187500000015 21.500000000000004 14.615354387758995 96688.375000000015 26126.500000000004 13.575000000000001 2353.3541666666674 52.939179190020454 3450.6250000000005 107142.50000000001 29471.937500000004 -57.499999999999993 4.5000000000000009 -814.49999999999989 17.275000000000002 1115.1458333333337 78536.250000000015 456.50000000000006 2.9460341232376979 1996.5000000000002 62.248632444021553 55.03646543485555 2658.0000000000005 2125.5000000000005 3.5000000000000004 -0.57499999999999918 4723.4201136683596 58.153171444529853 50.344900000000003 3098.5000000000005 16.375000000000004 50.805523538797395 -517.49999999999989 50.309444360323091 56.815522223433021 85.214067500000013 15.930208333333335 3066.0000000000005 16.680632828717552 351.50000000000006 898.41666666666674 1973.5833333333335 107142.50000000001 1986.5000000000002 1608.0000000000002 84269.500000000015 -1845.4999999999998 93681.000000000015
decision_type=2 2 2 2 2 2 2 2 2 2 2 2 2 2 2 2 2 2 2 2 2 2 2 2 2 2 2 2 2 2 2 2 2 2 2 2 2 2 2 2 2 2 2 2 2 2 2 2 2 2 2 2 2 2 2 2 2 2 2 2 2 2
left_child=1 2 30 8 5 7 18 -2 20 16 13 -12 -10 32 15 26 -5 29 19 -3 41 -17 23 24 58 -26 54 28 51 -13 -1 -8 33 35 -35 -9 -27 49 39 52 -21 -4 -7 44 45 -20 47 -45 -31 -29 -51 -28 -37 -47 55 -6 57 -44 -23 60 -16 -46
right_child=4 6 3 9 14 42 31 10 12 -11 11 17 -14 -15 59 21 -18 -19 43 40 -22 22 -24 -25 25 36 27 37 -30 48 -32 -33 -34 34 -36 38 -38 -39 -40 -41 -42 -43 56 46 61 53 -48 -49 -50 50 -52 -53 -54 -55 -56 -57 -58 -59 -60 -61 -62 -63
leaf_value=-79.78496950593869 13.178553096691148 -34.137667733437127 5.1202964227937429 -41.925698268597912 -11.16906484352036 -0.8935996840754602 -12.718564686122772 -8.4021794429224386 -2.1756553983379203 -10.903368793466466 -19.866152644354695 -26.263584258439462 -60.763016970628335 -84.071206947845525 -9.9222512616728711 -6.9534605605359294 -73.566544940745288 -10.261558242659222 -2.5144617906501501 -3.3294257857106668 -17.213547832159431 0.94289000567919568 11.20572901439156 40.042898563135381 -38.944006105196941 -9.5392202994278534 -1.9080933969659766 41.772672825234892 -17.098674919804523 -1.5860162536870421 -45.31620342671706 -46.598407050457574 2.9264104799238582 -26.42004551514929 -1.0720114499223192 2.4797161099695701 9.1867488833442792 -7.4263546315098088 18.776570289672275 -7.7091557572713709 6.7252452858104466 -13.779146549852136 42.524667087392523 -2.6421665897301159 36.023414934804528 -0.66563656779962399 18.586894136059989 9.5002412768860758 0.50873626817179929 -1.1491681146939328 21.976578306688673 8.2696594126877443 -1.8300777347203665 9.6656033219689075 68.974717651809556 19.297602133105304 107.23251922975972 -19.213462567276292 -0.74864212725615464 254.18669107191383 129.22280197523494 -5.8141940431675359
leaf_weight=23 235 34 91 27 20 26 20 20 22 20 38 24 36 20 28 20 20 20 32 21 22 20 74 34 24 22 31 285 37 33 22 20 115 29 30 49 21 33 99 36 46 23 122 22 71 20 331 46 63 31 50 46 21 38 1375 21 487 25 26 2227 57 20
leaf_count=23 235 34 91 27 20 26 20 20 22 20 38 24 36 20 28 20 20 20 32 21 22 20 74 34 24 22 31 285 37 33 22 20 115 29 30 49 21 33 99 36 46 23 122 22 71 20 331 46 63 31 50 46 21 38 1375 21 487 25 26 2227 57 20
internal_value=0.00114839 -0.00219648 -0.00777197 -0.00560705 0.00172394 0.000283493 0.000166413 -0.00125105 -0.00301391 -0.0130551 -0.00262268 -0.00641774 -0.00986231 -0.00100215 0.00220276 0.00154693 -0.0179618 -0.00319058 0.000748789 -0.00290801 -6.61277e-05 -0.00196599 -0.00119403 -0.00309993 -0.00493369 -0.00813711 0.00198746 0.000596375 -0.00328659 -0.00172356 -0.0202217 -0.00965087 -0.000526184 -0.00153115 -0.00659898 -0.000186584 -0.00459397 0.00171386 0.000643589 -0.00121583 0.00071535 0.00139351 0.00222239 0.00139114 -0.000132523 -0.00229745 0.0020897 -0.000484581 -9.36523e-05 0.00217154 1.10794e-10 0.000233463 0.00124108 0.000877797 0.00248923 -0.000583941 0.00242706 0.000938137 -0.000195228 0.00281692 0.000846064 0.00197585
internal_weight=7001 1027 306 261 5974 1492 721 832 194 67 597 178 58 419 4482 2170 47 140 681 101 136 241 221 147 113 67 1929 513 114 120 45 40 399 284 59 225 43 399 205 106 67 114 660 580 181 90 399 68 96 366 81 77 70 58 1416 41 634 147 46 2312 85 91
internal_count=7001 1027 306 261 5974 1492 721 832 194 67 597 178 58 419 4482 2170 47 140 681 101 136 241 221 147 113 67 1929 513 114 120 45 40 399 284 59 225 43 399 205 106 67 114 660 580 181 90 399 68 96 366 81 77 70 58 1416 41 634 147 46 2312 85 91
is_linear=0
shrinkage=0.03


Tree=57
num_leaves=63
num_cat=0
split_feature=70 4 51 46 16 4 5 4 17 0 47 43 17 4 36 29 16 14 5 5 66 33 58 58 19 50 51 5 57 54 16 47 47 5 15 68 16 37 47 66 46 49 28 46 28 49 26 17 26 50 21 28 67 34 38 66 21 61 65 16 4 14
split_gain=16.124 12.1344 8.91001 7.10449 8.15452 4.84238 4.27257 3.94746 3.27183 3.65296 3.23615 2.26094 3.82833 2.06916 2.03767 2.03003 1.92057 3.24475 5.21671 3.64323 3.53217 2.36375 1.79714 1.6922 1.66997 1.88558 1.56441 1.54885 1.84414 1.50053 1.44937 1.63816 1.40191 1.34217 3.23787 2.04279 1.95242 1.34121 1.30323 1.14111 1.10053 1.30359 1.38737 0.982222 0.883024 0.830294 0.986874 0.76979 1.23578 0.761299 2.61218 0.744849 0.695039 0.663663 1.11011 1.13708 0.655919 0.558881 0.722501 0.597374 0.442478 1.56556
threshold=80902.875000000015 6.5000000000000009 1220.5000000000002 31114.041666666668 -1775.9999999999998 3.5000000000000004 4.5000000000000009 21.500000000000004 11.175000000000002 93149.500000000015 729.50000000000011 28013.500000000004 13.575000000000001 21.500000000000004 17051.000000000004 54.03244003382342 -845.49999999999989 103951.56250000001 4.5000000000000009 5.5000000000000009 4277.8750000000009 2.4581714357030351 3847.5000000000005 2550.4791666666674 20.775000000000002 516.33333333333337 1635.5000000000002 4.5000000000000009 7015.5000000000009 1226.7083333333335 1372.0000000000002 670.50000000000011 268.50000000000006 5.5000000000000009 5378.1162745669089 93242.500000000015 -391.99999999999994 14923.500000000002 258.50000000000006 1539.5000000000002 28353.625000000004 834.50000000000011 2.4730589999999997 32789.854166666672 2.851652499999997 226.50000000000003 70.10073260416668 12.675000000000002 74.005179562500004 623.79166666666674 3.8967092284127367 1.8957370000000042 87651.500000000015 -0.86805910163835864 12574.500000000002 4615.2916666666679 2.4346973853972926 3488.0000000000005 7441.5000000000009 -884.49999999999989 22.500000000000004 93691.208333333358
decision_type=2 2 2 2 2 2 2 2 2 2 2 2 2 2 2 2 2 2 2 2 2 2 2 2 2 2 2 2 2 2 2 2 2 2 2 2 2 2 2 2 2 2 2 2 2 2 2 2 2 2 2 2 2 2 2 2 2 2 2 2 2 2
left_child=1 2 15 4 5 8 53 11 51 10 29 -3 -13 27 -11 -1 17 18 24 20 21 -20 26 -15 -5 43 56 40 33 38 31 32 -25 34 35 36 -29 -12 -10 -21 41 49 52 -26 -23 -35 -47 48 -36 -6 -51 -2 -43 54 55 -7 -8 -42 59 -59 -18 -62
right_child=3 7 -4 16 13 6 22 -9 9 14 37 12 -14 23 -16 -17 60 -19 19 39 -22 44 -24 30 25 -27 -28 28 -30 -31 -32 -33 -34 45 47 -37 -38 -39 -40 -41 57 42 -44 -45 -46 46 -48 -49 -50 50 -52 -53 -54 -55 -56 -57 -58 58 -60 -61 61 -63
leaf_value=-51.214233278859439 2.5021062186348084 10.321790806953162 -74.967626566145384 29.674104937362767 20.292706011954909 -9.8745135796786734 -1.0747532759726026 -46.494823854494719 -6.292686806207886 0.96262190898088784 -50.19209966839793 -34.214523542273064 25.97826803818538 1.4704557040137733 -3.0439309901754772 -0.74839551949414918 195.35716665762092 141.4409833463869 -19.323552001522781 -11.723096135213678 29.782950785786991 -13.91501633131619 -43.992256312299084 -8.5337029049574511 38.576076516591691 -9.4097649759906794 -9.8040727791122873 -18.477136500816872 33.154699545087169 -44.205374967600406 0.88415605370776174 -1.8204675110762176 -17.071047899705114 12.31488861536867 0.73473642474182776 -13.92748418014582 4.0936587419481452 -13.901944142603492 2.0047324994262579 0.47284638851845917 84.137228835599871 16.032898809793462 -27.733220133118955 -1.8308903744537366 -0.49654912558442182 -8.087004425520103 10.365669065985733 6.390447220788162 -4.154077740878007 52.136745904073216 -13.06601379263391 -11.797511771190724 -4.6643856171241342 19.160417530821672 3.227199647715536 19.491721911720354 1.4951725130175844 -6.2277409563012984 -3.9211449581455304 8.8982536206701557 -21.006218965983358 112.59422846897719
leaf_weight=25 35 116 40 360 334 27 20 27 20 38 33 35 39 81 25 26 2229 917 30 28 25 26 29 33 51 21 20 23 143 20 44 35 29 114 43 25 20 22 23 84 778 30 22 30 22 20 24 91 20 44 24 20 26 135 94 20 26 29 20 114 23 74
leaf_count=25 35 116 40 360 334 27 20 27 20 38 33 35 39 81 25 26 2229 917 30 28 25 26 29 33 51 21 20 23 143 20 44 35 29 114 43 25 20 22 23 84 778 30 22 30 22 20 24 91 20 44 24 20 26 135 94 20 26 29 20 114 23 74
internal_value=0.00114839 -0.00555988 -0.014753 0.00145762 0.000294256 -0.00277714 -0.000630558 -0.00168586 -0.00613723 -0.00808393 -0.0112024 -0.00014203 -0.00425101 0.00115646 -0.002187 -0.00634051 0.00227979 0.00147356 -9.74744e-05 -0.00396095 -0.00803104 -0.011178 -0.00611987 -0.00158037 0.00169444 -0.00167483 -0.00331316 0.0014706 6.88206e-05 -0.00646593 -0.00357193 -0.00562307 -0.00855072 -0.00101815 -0.00252589 -0.00797357 -0.00389791 -0.0165517 -0.00320186 -0.000187333 0.00198438 0.000806082 -0.00272727 0.000369914 -0.00692308 0.00108159 -0.00238095 -9.73393e-05 -0.00266244 0.00149963 -0.00136564 0.000217786 -0.000160428 0.00124955 -0.000170092 -0.00394904 -0.000195228 0.00258208 0.000956469 0.00171908 0.00283092 0.000803296
internal_weight=7001 308 91 6693 2773 607 371 217 236 181 118 190 74 2166 63 51 3920 1594 677 215 103 78 95 222 462 102 66 1944 523 63 141 97 62 380 222 68 43 55 43 112 1421 480 78 81 48 158 44 154 63 402 68 55 56 276 141 47 46 941 163 143 2326 97
internal_count=7001 308 91 6693 2773 607 371 217 236 181 118 190 74 2166 63 51 3920 1594 677 215 103 78 95 222 462 102 66 1944 523 63 141 97 62 380 222 68 43 55 43 112 1421 480 78 81 48 158 44 154 63 402 68 55 56 276 141 47 46 941 163 143 2326 97
is_linear=0
shrinkage=0.03


Tree=58
num_leaves=63
num_cat=0
split_feature=70 4 62 4 45 5 4 35 3 49 41 67 17 38 61 26 70 41 5 51 49 4 58 17 5 18 48 49 58 59 23 41 4 62 59 28 38 49 66 7 22 47 15 42 16 49 28 62 4 4 11 49 16 37 19 38 19 39 52 17 69 23
split_gain=15.4229 11.7824 9.06789 7.52249 6.18492 3.45273 3.26558 3.20264 3.28106 2.92526 4.91913 2.56998 4.72785 2.97719 3.78288 2.85396 2.52418 2.23356 2.22076 2.24203 2.12977 2.12115 1.95702 1.86873 1.79596 1.80436 2.21872 1.80474 1.77921 1.68948 1.32679 1.23809 1.18176 1.1754 1.09987 1.07403 1.0628 0.923849 1.04704 0.805691 0.759234 0.750149 0.686749 0.583593 0.535539 1.19452 1.72322 0.720831 0.530366 0.511749 1.04347 0.488335 0.39804 1.06181 1.0163 0.554048 1.04574 1.73069 0.936402 0.388448 0.529467 0.558594
threshold=80902.875000000015 6.5000000000000009 2161.666666666667 5.5000000000000009 29940.000000000004 4.5000000000000009 21.500000000000004 13042.000000000002 57.353471620818688 799.50000000000011 38141.000000000007 119174.00000000001 12.475000000000001 14184.833333333334 819.50000000000011 80.099321645833342 96562.833333333343 32011.500000000004 3.5000000000000004 2035.5000000000002 222.50000000000003 22.500000000000004 3956.0833333333335 8.7250000000000014 4.5000000000000009 10.475000000000001 207.50000000000003 230.50000000000003 3067.7916666666674 1496.5000000000002 85.90998500000002 36345.500000000007 8.5000000000000018 1015.8333333333334 4552.5000000000009 4.2367759999999963 9460.1875000000018 258.50000000000006 2123.6875000000005 11.500000000000002 -0.85000000000000087 219.50000000000003 5150.2865322382249 32488.145833333339 -758.99999999999989 357.00000000000006 -5.106137000000003 898.41666666666674 21.500000000000004 20.500000000000004 84139.000000000015 299.50000000000006 -57.499999999999993 9180.0000000000018 14.825000000000001 20092.562500000004 23.075000000000006 50753.000000000007 1674.5000000000002 14.125000000000002 80552.500000000015 89.023667500000016
decision_type=2 2 2 2 2 2 2 2 2 2 2 2 2 2 2 2 2 2 2 2 2 2 2 2 2 2 2 2 2 2 2 2 2 2 2 2 2 2 2 2 2 2 2 2 2 2 2 2 2 2 2 2 2 2 2 2 2 2 2 2 2 2
left_child=1 2 20 4 5 9 23 17 -9 36 -11 12 -6 33 -15 18 21 -7 -16 -20 -1 24 31 -3 44 26 51 29 -12 -28 -17 -23 41 -14 -35 -36 -2 -38 -39 -25 -19 -27 -40 -44 45 -5 -47 -46 59 -49 -51 -26 53 54 -18 56 58 -58 -55 60 61 -34
right_child=3 6 -4 16 11 7 -8 8 -10 10 28 -13 13 14 15 30 52 40 19 -21 -22 22 -24 39 25 32 27 -29 -30 -31 -32 -33 48 34 35 -37 37 38 42 -41 -42 -43 43 -45 47 46 -48 49 -50 50 -52 -53 -54 55 -56 -57 57 -59 -60 -61 -62 -63
leaf_value=-59.539767878718429 -13.706541850825644 -38.000289869030823 0.49611692388214834 25.265377742588697 42.424138479128771 -28.452503061207775 -45.099979138860043 -43.403883700890532 -12.412863390987525 -54.965060372812722 -46.550364282347054 104.37864145919666 -7.8319241954259216 0.59265858787184866 -2.8261694387313048 -8.6938865874164755 35.71606868515812 -6.9105640871391705 -17.004224572097595 -47.745110488853783 -75.731362913036605 -12.563907884901704 -22.45046978870732 -1.6302007589940433 19.38166544681113 -1.3500084384968996 0.17821970570055712 -10.89060605089189 8.9046472268151824 -12.326546047947197 14.425578122842229 0.56038167337555989 -2.8945790138919896 1.1482575835238327 -6.6738426078232447 18.021717376086848 7.6899845974696586 -17.492026848089104 -2.458809075405672 4.7203452885188044 2.038646883667643 -23.196461896485964 -10.524106920382497 2.9101391439230588 -1.5911811358278938 -9.4990481489274412 9.2411051747254422 72.495188251069251 -2.9095883429880671 -6.3834382328069239 7.8561147112868657 -0.7004980979545028 228.77632656714567 92.658541531993393 -14.423209633012116 314.34149161600561 -29.335795575983276 33.852819055220792 -13.021328153119475 43.65883352460029 10.39764003387843 6.1987343403746396
leaf_weight=29 22 20 28 256 335 20 27 25 30 22 27 396 22 66 37 24 25 25 31 21 34 21 29 25 64 45 50 25 37 20 26 76 21 173 21 20 117 34 25 145 32 20 20 66 39 21 42 944 30 29 138 20 1736 309 20 646 23 24 21 244 60 21
leaf_count=29 22 20 28 256 335 20 27 25 30 22 27 396 22 66 37 24 25 25 31 21 34 21 29 25 64 45 50 25 37 20 26 76 21 173 21 20 117 34 25 145 32 20 20 66 39 21 42 944 30 29 138 20 1736 309 20 646 23 24 21 244 60 21
internal_value=0.00119553 -0.00536514 -0.0144237 0.00149796 -0.000241921 -0.00302928 -0.00154767 -0.00719909 -0.0127405 -0.00153202 -0.00637631 0.000949578 -5.02511e-05 -0.00209476 -0.00473915 -0.00754853 0.00207886 -0.00319066 -0.0107744 -0.0147985 -0.020729 0.00131913 -0.00245044 -0.00014203 0.00154804 0.000188679 -0.00234506 -0.00548896 -0.00210608 -0.00295292 -0.00173653 -0.000370752 0.00122421 0.000190597 0.000882765 -0.00350365 -5.27982e-05 0.000469287 -0.00111647 0.000864198 -0.000105079 -0.00248848 0.000270027 0.00156794 0.00211967 0.00101536 -0.00266244 0.00242327 0.0018745 0.00256503 0.00100539 0.00117717 0.00267786 0.00221047 -0.00226164 0.00241032 0.00147971 -0.00267516 0.00208119 0.00221034 0.000617042 -0.00192399
internal_weight=7001 308 91 6693 1674 502 217 132 55 370 86 1172 776 441 205 139 5019 77 89 52 63 2215 126 190 2089 620 179 95 64 70 50 97 441 236 214 41 284 262 145 170 57 65 111 86 1469 319 63 1150 376 1111 167 84 2804 1068 45 1023 377 47 330 346 102 42
internal_count=7001 308 91 6693 1674 502 217 132 55 370 86 1172 776 441 205 139 5019 77 89 52 63 2215 126 190 2089 620 179 95 64 70 50 97 441 236 214 41 284 262 145 170 57 65 111 86 1469 319 63 1150 376 1111 167 84 2804 1068 45 1023 377 47 330 346 102 42
is_linear=0
shrinkage=0.03


Tree=59
num_leaves=63
num_cat=0
split_feature=70 4 62 4 70 66 0 52 4 61 58 32 36 0 46 38 4 35 56 17 29 16 54 50 17 21 63 24 5 16 16 15 18 42 3 65 28 17 18 58 0 61 20 62 62 60 51 20 65 1 36 35 62 23 13 66 65 26 30 26 35 25
split_gain=16.2893 11.2789 9.06789 6.93305 6.58817 4.91951 3.30239 4.30455 3.18431 3.11573 2.9176 4.39793 2.66512 2.92861 3.08718 2.51472 3.05826 2.18689 2.07812 1.92733 4.427 1.86206 1.73523 1.48336 1.38545 1.35094 1.31138 1.3076 1.30504 1.37825 1.25886 2.64867 1.21263 1.82516 1.42049 1.31279 1.17856 1.12441 2.33021 1.09426 0.859134 0.802635 0.722928 0.708306 0.679329 0.611836 0.635446 0.601451 0.921468 1.27914 0.588256 1.45568 0.57781 0.561548 0.481489 0.47711 0.44549 0.4315 0.883611 0.382555 0.948101 0.368568
threshold=80902.875000000015 6.5000000000000009 2161.666666666667 6.5000000000000009 88797.604166666672 7654.6875000000009 107142.50000000001 1225.5000000000002 20.500000000000004 863.50000000000011 3847.5000000000005 54.28897306305258 16060.500000000002 94546.000000000015 32851.020833333343 15383.958333333334 21.500000000000004 9581.0000000000018 5412.5000000000009 13.375000000000002 50.810247408829561 -517.49999999999989 1192.2708333333337 458.27083333333343 15.625000000000002 4.7605260574050119 6464.5000000000009 94.922370000000015 4.5000000000000009 -1809.4999999999998 -57.499999999999993 10197.672242682556 20.675000000000001 52309.750000000007 63.189451080680989 1753.5000000000002 -9.29359 17.175000000000001 13.625000000000002 4047.6666666666674 90954.500000000015 3310.5000000000005 17.871875000000006 1015.8333333333334 927.87500000000011 3776.5000000000005 1770.5000000000002 13.544791666666669 2583.5000000000005 9.9250000000000025 15255.000000000002 14051.500000000002 2186.8958333333339 62.684846000000007 70398.500000000015 1035.7708333333337 8467.5000000000018 67.529788416666676 61.327146405491554 57.319767895833344 13338.000000000002 43.180985000000014
decision_type=2 2 2 2 2 2 2 2 2 2 2 2 2 2 2 2 2 2 2 2 2 2 2 2 2 2 2 2 2 2 2 2 2 2 2 2 2 2 2 2 2 2 2 2 2 2 2 2 2 2 2 2 2 2 2 2 2 2 2 2 2 2
left_child=1 2 22 4 5 10 7 55 19 43 25 37 40 23 32 16 21 -18 -10 20 -3 28 -1 -14 -19 27 30 42 36 -30 31 -26 -15 34 -34 -36 -5 38 52 53 -11 -38 44 -9 -2 -42 -47 48 49 -23 -50 -52 -12 -31 -49 -6 -17 58 -45 60 -57 -32
right_child=3 8 -4 15 6 -7 -8 9 18 12 11 -13 13 14 -16 56 17 24 -20 -21 -22 47 -24 -25 26 -27 -28 -29 29 39 61 -33 33 -35 35 -37 41 -39 -40 -41 45 -43 -44 57 -46 46 -48 54 50 -51 51 -53 -54 -55 -56 59 -58 -59 -60 -61 -62 -63
leaf_value=-49.357645788914375 -18.04246179819398 -33.794740883757463 0.48123341616570797 -6.2739522982325768 -5.8185810220872707 -41.73606965088382 89.169928417812926 -2.0338283180500119 -42.452610749143176 -6.8032466894752748 11.521193642010537 -47.58475300000304 -5.4512927512263385 1.6744415545479765 -17.698348740132477 196.60366886355331 -20.29277868772385 13.768824498867708 -0.43668315056185514 25.918158818455879 1.90265435309825 1.3175796769166459 -72.455166977687043 -79.876045138941805 -27.01109877253289 -19.833696003287994 -9.651339453404626 -15.386083755985181 -10.92153382880014 -1.927604992737306 -0.18657574660791373 10.942320279019427 -1.0229037079842331 82.672302544545957 -3.9493427269098884 -54.031425063646104 26.020096290902071 3.358664558557511 -22.51528615495776 -13.543374897055028 3.0726939889673659 -2.9088925388735847 -5.1877503312716788 2.8875141329311984 1.7623952346928198 0.93988844282302197 -1.9286290253320644 -0.48426210379357815 27.786294318586105 -3.9031323088349361 -10.999426478226589 73.550493502580323 -6.857555643943865 0.86001138857075388 78.166228123980318 -0.79758322325765807 -5.9605069295937838 10.491867581224067 -2.305739451995179 17.943401878634543 13.236171242691512 2.4840317957606
leaf_weight=27 23 21 28 20 32 27 528 20 20 29 20 39 20 30 22 2225 33 74 21 100 55 52 36 20 24 22 31 20 22 37 23 27 28 25 20 21 311 32 20 20 53 21 32 40 166 31 20 29 414 39 20 33 20 65 1109 22 33 112 21 403 35 78
leaf_count=27 23 21 28 20 32 27 528 20 20 29 20 39 20 30 22 2225 33 74 21 100 55 52 36 20 24 22 31 20 22 37 23 27 28 25 20 21 311 32 20 20 53 21 32 40 166 31 20 29 414 39 20 33 20 65 1109 22 33 112 21 403 35 78
internal_value=0.00118267 -0.00555988 -0.0144237 0.00149348 -9.21601e-06 -0.00333412 0.000902683 -0.000104571 -0.00182404 -0.00203281 -0.00247399 -0.00613272 -0.00385459 -0.0061741 -0.00416838 0.00211325 0.00145159 -0.00143744 -0.00934307 -5.11072e-05 -0.00366623 0.00183523 -0.020729 -0.0133915 -0.000490082 -0.00063854 -0.0019006 1.11434e-10 0.000211651 -0.00218598 -0.000729783 -0.00457926 -0.00229653 -0.00398512 -0.0065123 -0.010073 0.00120136 -0.00250814 -0.00494176 -0.000909091 -0.000586025 0.00163505 0.000678426 0.000963232 0.00139609 0.000662824 -0.00164384 0.00230824 0.00148898 -0.00125137 0.00202954 -0.000903955 -0.000673317 0.000323213 0.00270714 0.00189596 0.00283911 0.00159445 -0.000392799 0.00214519 -0.000105079 0.00118694
internal_weight=7001 308 91 6693 1953 421 1532 1004 217 512 394 131 319 186 146 4740 2482 290 41 176 76 2192 63 40 257 263 183 241 496 144 152 51 124 94 69 41 352 92 60 122 133 332 221 193 189 104 51 1696 558 91 467 53 40 102 1138 492 2258 173 61 460 57 101
internal_count=7001 308 91 6693 1953 421 1532 1004 217 512 394 131 319 186 146 4740 2482 290 41 176 76 2192 63 40 257 263 183 241 496 144 152 51 124 94 69 41 352 92 60 122 133 332 221 193 189 104 51 1696 558 91 467 53 40 102 1138 492 2258 173 61 460 57 101
is_linear=0
shrinkage=0.03


Tree=60
num_leaves=63
num_cat=0
split_feature=70 22 14 16 5 37 32 5 48 60 1 16 42 18 64 35 25 26 41 5 27 29 2 49 15 45 68 3 70 27 39 3 33 51 37 58 16 33 36 67 60 22 47 18 33 25 22 14 31 12 2 60 16 48 60 12 25 70 16 39 46 42
split_gain=15.7308 10.7708 6.46187 7.7834 5.85153 5.2734 4.61272 4.33209 4.00595 3.6721 3.14348 2.96228 2.79522 3.18253 2.67933 2.55812 3.89035 2.48677 3.66573 2.03179 1.97159 3.34351 1.93306 1.4465 1.63794 2.21751 2.01431 2.47671 1.41643 1.38622 1.33458 1.32222 1.21656 1.09332 1.28288 1.31728 0.942954 1.44473 1.38443 0.900861 0.885797 0.883725 0.79727 2.24929 0.717029 1.07786 0.980545 0.676227 1.26074 0.643829 0.634199 0.624122 0.617803 0.907107 0.605793 0.569747 0.495074 0.914143 0.439161 1.83072 0.483396 0.606317
threshold=80025.666666666672 -0.29999999999999932 103471.25000000001 -845.49999999999989 4.5000000000000009 12056.000000000002 49.351637900291585 5.5000000000000009 249.50000000000003 1876.5000000000002 7.2250000000000005 228.50000000000003 33225.645833333336 12.975000000000001 4800.5000000000009 12884.500000000002 70.75394750000001 80.963975937500024 49934.500000000007 3.5000000000000004 10.611204560518258 56.693400323603157 78.908705000000012 225.50000000000003 11281.789628191143 32448.500000000004 98687.000000000015 61.038831868195253 81214.895833333343 13.649835722789803 32602.500000000004 63.657621198053256 2.71907575192107 1108.5000000000002 14441.000000000002 2867.2916666666674 2831.5000000000005 4.0036329916710551 13788.500000000002 78351.000000000015 1624.5000000000002 2.6499999999999999 176.50000000000003 5.4750000000000005 3.3225640283307114 65.227120000000014 -0.75000000000000033 82258.979166666686 57.275572053932144 81791.500000000015 73.349402000000012 1050.0000000000002 70.500000000000014 219.50000000000003 1796.5000000000002 80090.500000000015 47.056939000000007 91660.083333333343 -4617.4999999999991 49339.000000000007 32520.750000000004 52467.437500000007
decision_type=2 2 2 2 2 2 2 2 2 2 2 2 2 2 2 2 2 2 2 2 2 2 2 2 2 2 2 2 2 2 2 2 2 2 2 2 2 2 2 2 2 2 2 2 2 2 2 2 2 2 2 2 2 2 2 2 2 2 2 2 2 2
left_child=1 5 3 4 8 7 -6 -1 41 39 54 19 13 -10 55 44 32 18 22 29 -21 -22 -18 -14 25 26 33 -28 -13 -11 -7 -29 40 -25 35 -35 37 42 -39 49 -17 47 43 -30 45 -12 -47 48 -2 52 -36 -48 53 -5 -8 -3 57 -44 59 -4 -61 -62
right_child=2 14 58 9 6 30 10 -9 12 11 15 28 23 -15 -16 16 17 -19 -20 20 21 -23 -24 24 -26 -27 27 31 36 -31 -32 -33 -34 34 50 -37 -38 38 -40 -41 -42 -43 56 -45 -46 46 51 -49 -50 -51 -52 -53 -54 -55 -56 -57 -58 -59 -60 60 61 -63
leaf_value=4.9439589149767427 10.550646219926705 25.253780421327736 -61.213478777999683 -3.625434473536898 -42.904148993533305 -71.686217899667625 44.569269077396591 -45.0835750046001 -0.31296332996794918 1.2820357745946536 -12.233799534771311 -4.5894477354371466 15.790584011058364 -47.785915493942483 -31.03710091319045 -0.40269195878627295 -44.611734246096702 -2.303495808839191 -6.1195340074362763 4.0012588799138777 -43.710702254671965 -1.214825736885536 -13.035635467673352 6.1281979560054554 2.4624755300077923 6.0088122074373551 -57.93546130621344 0.35394638657523053 -9.064378646595582 -22.938985060925589 -63.606683942186613 -10.451836059926586 1.5881340038241174 -29.069050027063643 -1.4210385609330551 -1.3350269370287537 37.606020767387186 -7.9376643892861249 1.6862637428664844 74.638609229505761 -15.456151304306211 -9.1982195944578304 -13.487862113084169 0.99188731373379813 0.40950031001630782 -12.950288319422098 -2.5352772307311446 35.074388676306519 -9.2582011210676463 -6.3989553556247838 0.60606303526588634 2.0162592174623195 14.088831151524445 3.4284921453148081 -4.3995346090044976 -0.93759051383837444 7.4899384421705193 33.399621828710458 298.56771579841302 99.96593175244567 -9.7637708204776743 37.703704440160145
leaf_weight=29 66 76 21 29 20 23 77 29 28 87 26 22 105 25 20 20 29 21 27 25 36 24 29 27 88 59 20 26 20 35 26 22 31 20 26 29 218 24 32 1684 26 20 39 47 52 20 37 557 21 20 25 37 162 34 20 21 353 63 1925 199 20 22
leaf_count=29 66 76 21 29 20 23 77 29 28 87 26 22 105 25 20 20 29 21 27 25 36 24 29 27 88 59 20 26 20 35 26 22 31 20 26 29 218 24 32 1684 26 20 39 47 52 20 37 557 21 20 25 37 162 34 20 21 353 63 1925 199 20 22
internal_value=0.00119124 -0.00662651 0.00145018 0.000809786 -0.00084897 -0.0135014 -0.0036666 -0.00728055 0.000291212 0.00172946 -0.00303251 0.000275095 -0.00173365 -0.00824859 -0.000307429 -0.00434244 -0.00681595 -0.0105467 -0.012832 -0.00292612 -0.00648649 -0.00943428 -0.0170912 -0.000952807 -0.00190295 -0.00312869 -0.00467453 -0.00885463 0.00108911 -0.00041769 -0.0207739 -0.00505197 -0.00163424 -0.00240755 -0.00386613 -0.00733198 0.00130009 0.000659056 -0.00390374 0.00250065 -0.00475054 0.00182051 0.00115495 -0.00187779 -0.00169088 -0.00297252 -0.00143464 0.00201677 -0.000413318 0.000783354 -0.000469667 0.000121458 0.00125278 -0.00123613 0.00173018 0.00173018 0.00160844 -0.000205681 0.00279274 0.00161389 0.00236416 -0.000498812
internal_weight=7001 224 6777 4590 1636 107 472 58 1164 2954 452 1025 500 53 117 355 183 106 85 207 85 60 58 447 342 254 195 68 818 122 49 48 77 127 100 49 796 578 56 1929 46 664 522 67 172 120 94 644 87 245 51 74 225 63 97 97 455 102 2187 262 241 42
internal_count=7001 224 6777 4590 1636 107 472 58 1164 2954 452 1025 500 53 117 355 183 106 85 207 85 60 58 447 342 254 195 68 818 122 49 48 77 127 100 49 796 578 56 1929 46 664 522 67 172 120 94 644 87 245 51 74 225 63 97 97 455 102 2187 262 241 42
is_linear=0
shrinkage=0.03


Tree=61
num_leaves=63
num_cat=0
split_feature=42 4 70 20 58 37 38 16 5 4 66 5 4 24 23 65 55 49 20 39 26 17 35 45 0 65 35 62 21 58 48 29 70 17 36 59 22 20 50 14 60 5 16 2 65 39 65 12 53 12 53 12 12 16 28 16 15 14 60 27 0 5
split_gain=15.6329 12.4844 9.99453 5.06351 4.05712 4.00801 3.72107 4.18474 3.94459 3.33345 2.58972 2.70167 2.53988 2.53159 3.69536 2.30553 3.13722 2.29784 2.15903 4.69779 2.12476 1.66834 2.38752 1.60429 1.4882 1.3611 2.15664 1.32808 1.16084 1.07954 0.914912 2.01107 1.49568 2.46122 0.862197 0.856245 1.11648 0.821031 1.25416 1.26189 1.10677 1.45935 0.817895 0.78284 0.781674 1.81472 1.33469 0.680338 0.676404 0.621008 0.53553 0.876731 0.576994 0.535358 0.492883 0.66221 0.422025 0.413656 0.47267 0.380292 0.369175 0.351222
threshold=33225.645833333336 6.5000000000000009 79742.812500000015 15.815625000000002 2515.4375000000005 12009.000000000002 20454.458333333336 -845.49999999999989 4.5000000000000009 22.500000000000004 3114.9375000000005 5.5000000000000009 21.500000000000004 80.823110000000014 66.852515000000011 2763.0000000000005 34.500000000000007 231.50000000000003 12.762500000000001 26832.500000000004 65.344862750000019 21.375000000000004 13104.500000000002 27959.000000000004 85297.000000000015 2444.5000000000005 12442.000000000002 1015.8333333333334 4.0612919049790497 3966.2083333333335 586.50000000000011 58.460751490014474 89248.062500000015 21.875000000000004 17156.500000000004 2431.5000000000005 1.5000000000000007 16.405208333333338 674.00000000000011 89760.833333333358 4136.5000000000009 4.5000000000000009 -1215.9999999999998 85.513525000000016 1997.5000000000002 48750.000000000007 1353.5000000000002 77977.500000000015 774.50000000000011 85931.500000000015 1605.5000000000002 84388.500000000015 67828.000000000015 121.00000000000001 -0.81532750000000209 -2348.4999999999995 5740.6027087944267 82258.979166666686 3409.5000000000005 16.200583495405112 78271.000000000015 3.5000000000000004
decision_type=2 2 2 2 2 2 2 2 2 2 2 2 2 2 2 2 2 2 2 2 2 2 2 2 2 2 2 2 2 2 2 2 2 2 2 2 2 2 2 2 2 2 2 2 2 2 2 2 2 2 2 2 2 2 2 2 2 2 2 2 2 2
left_child=1 2 5 15 -5 -1 7 8 17 18 11 13 37 14 -10 16 -4 57 19 -3 -6 22 60 -19 -14 26 -21 28 -25 -22 53 32 -32 -34 47 36 -29 38 40 -40 -9 48 -20 -15 45 -37 61 -12 -42 -27 52 -52 -44 -26 55 -46 -39 -2 -59 -56 -13 -47
right_child=6 9 3 4 20 -7 -8 12 10 -11 34 21 24 43 -16 -17 -18 23 42 25 29 -23 -24 27 30 49 -28 35 -30 -31 31 -33 33 -35 -36 44 -38 56 39 -41 41 -43 50 -45 54 46 -48 -49 -50 -51 51 -53 -54 -55 59 -57 -58 58 -60 -61 -62 -63
leaf_value=-43.81680877358918 -1.6007484823493363 -30.318432304839902 3.5499599976011149 0.84071708331579853 -49.210282229364779 -68.875438974070221 236.4964242278165 31.387582541434217 -16.913858393622249 -39.026911417484911 -9.6804362458877034 1.4196702157872954 -11.762107912544412 0.27639420072981841 -19.966105679801011 2.278272217219361 -21.672890068548924 -10.934717843731434 -16.786798645022159 -2.7947457673744487 -53.524646979498506 1.5846695116397678 -29.334769621847396 -71.382707083408562 -5.1718007634204968 16.223116328183739 2.7438073992574536 19.750405397806635 -0.17040828304717007 -13.8275217127432 0.46075383038471107 25.473279925675971 -21.417138803324985 -1.1802959802609128 -13.881241884970143 -38.204768693719842 -3.833686002608836 -1.8570365352639917 -20.989757625118703 30.346980004527158 -0.39133452461012413 -4.6476335839584619 -5.4422421951305839 -7.249003719210072 5.8353602559455355 25.970435575003158 -2.4768890106730477 3.2114838195904616 15.094247498866535 -0.66456051611407496 3.9700265515850299 -3.4048487620994781 17.340398958638552 10.49436584800551 4.4026895217126283 -5.229110722990967 129.5789694410617 43.912592868591346 -0.7207354635400508 -0.3259524427441548 -4.98830392557936 -3.1078392669269759
leaf_weight=21 30 39 33 26 21 35 2050 854 38 38 24 21 25 33 33 90 27 29 20 20 21 50 24 20 31 89 23 178 25 21 31 47 20 24 28 23 26 20 20 22 25 32 22 24 23 63 34 109 61 39 59 20 335 107 85 20 1161 427 30 30 20 25
leaf_count=21 30 39 33 26 21 35 2050 854 38 38 24 21 25 33 33 90 27 29 20 20 21 50 24 20 31 89 23 178 25 21 31 47 20 24 28 23 26 20 20 22 25 32 22 24 23 63 34 109 61 39 59 20 335 107 85 20 1161 427 30 30 20 25
internal_value=0.00119124 -0.00228205 -0.00746188 -0.00476788 -0.0104377 -0.018877 0.00176988 0.00123049 -3.46443e-05 -0.000106519 -0.00256125 -0.00451666 0.00198258 -0.00751756 -0.011308 -0.00137908 -0.0059401 0.000918453 0.000382826 -0.00212756 -0.0145483 -0.00114683 -0.0043318 -0.000351058 -0.000673448 1.11301e-10 -0.00459397 5.43391e-06 -0.00492239 -0.0104751 0 -0.00189189 -0.0049534 -0.0085034 0.00037244 0.000449616 0.00195492 0.00232882 0.0016951 -0.00334917 0.00191647 -0.000787468 0.00154571 -0.00273205 -0.000554272 -0.00215024 -0.000663391 0.00139745 0.00121951 0.00156909 0.00182298 -0.000379267 0.00231868 0.0016727 0.000891841 -0.00180974 0.00287021 0.00243892 0.00266462 0.00192876 1.09855e-10 0.00125993
internal_weight=7001 999 295 239 89 56 6002 3952 1472 704 404 243 2480 128 71 150 60 1068 666 210 63 115 65 581 285 171 43 552 45 42 260 122 75 44 161 507 204 2195 1014 42 972 118 456 57 303 145 122 133 86 128 436 79 357 138 158 43 1181 487 457 115 41 88
internal_count=7001 999 295 239 89 56 6002 3952 1472 704 404 243 2480 128 71 150 60 1068 666 210 63 115 65 581 285 171 43 552 45 42 260 122 75 44 161 507 204 2195 1014 42 972 118 456 57 303 145 122 133 86 128 436 79 357 138 158 43 1181 487 457 115 41 88
is_linear=0
shrinkage=0.03


Tree=62
num_leaves=63
num_cat=0
split_feature=42 4 52 42 5 38 9 4 4 1 0 36 24 32 48 43 5 4 32 19 48 11 62 1 3 66 33 41 65 15 60 65 32 15 62 62 39 28 55 68 4 24 31 5 15 35 13 4 12 1 18 49 49 5 18 37 3 1 17 22 51 52
split_gain=14.2378 11.0047 7.76624 4.4178 4.10241 3.98818 4.56977 3.30091 2.76661 2.58796 2.58794 3.9251 3.05753 2.8587 2.80216 2.53854 2.40893 2.49918 2.20502 1.85518 1.8324 1.9185 2.84956 1.62618 3.16611 2.54079 2.603 2.7134 1.61051 1.60995 3.0024 1.49521 1.48892 1.42876 1.37732 1.24224 1.21876 1.11535 1.06914 1.01895 2.10648 0.909926 0.886821 0.787537 0.736474 0.6355 0.631387 0.620603 0.588648 0.583593 0.516875 0.727916 0.633943 0.505661 1.02773 0.467348 0.562759 0.449422 0.426532 0.967175 1.22992 0.677045
threshold=33225.645833333336 6.5000000000000009 1683.5000000000002 30130.312500000004 4.5000000000000009 20454.458333333336 1.0000000180025095e-35 22.500000000000004 3.5000000000000004 4.5750000000000002 107142.50000000001 16674.000000000004 72.35514000000002 61.300952897587727 1126.5000000000002 27806.500000000004 4.5000000000000009 8.5000000000000018 54.00885175727494 16.625000000000004 203.50000000000003 84139.000000000015 2267.2916666666674 17.075000000000006 50.805523538797395 6012.7291666666679 2.635601908312625 32274.500000000004 2112.5000000000005 5768.5929566306922 1796.5000000000002 8825.5000000000018 59.113092621380595 6985.0262576012119 1338.1250000000002 1701.6250000000002 34391.000000000007 1.586690999999995 366.50000000000006 106019.00000000001 21.500000000000004 91.769973000000007 48.639892959964897 3.5000000000000004 4336.7536972046591 11201.500000000002 70398.500000000015 3.5000000000000004 103473.50000000001 10.125000000000002 8.4250000000000025 382.50000000000006 235.50000000000003 3.5000000000000004 6.6250000000000009 13442.500000000002 47.170321691687768 20.375000000000004 10.375000000000002 1.7499999999999998 733.50000000000011 1519.5000000000002
decision_type=2 2 2 2 2 2 2 2 2 2 2 2 2 2 2 2 2 2 2 2 2 2 2 2 2 2 2 2 2 2 2 2 2 2 2 2 2 2 2 2 2 2 2 2 2 2 2 2 2 2 2 2 2 2 2 2 2 2 2 2 2 2
left_child=1 2 3 4 8 6 9 23 -1 -2 11 20 43 14 28 -4 58 19 -17 45 -11 22 36 24 25 26 -3 42 -14 30 49 32 39 44 37 -21 -22 -34 -12 41 57 50 -28 -13 -5 -18 -31 -39 -45 -19 51 52 -23 -26 -55 -25 -57 -41 59 61 -61 -8
right_child=5 7 15 33 -6 -7 16 -9 -10 10 38 12 13 -15 -16 18 17 29 -20 35 21 31 -24 55 53 -27 27 -29 -30 46 -32 -33 34 -35 -36 -37 -38 47 -40 40 -42 -43 -44 48 -46 -47 -48 -49 -50 -51 -52 -53 -54 54 -56 56 -58 -59 -60 60 -62 -63
leaf_value=-34.563974312121637 62.020800310914638 -34.590347839223057 -67.479627767376755 -6.1875947038837467 -58.320989873351969 229.40153150098186 80.046329897172924 -37.856104074960271 38.669291639778997 8.0751525146628786 -2.2379048921145714 2.6741396364060477 -16.701296442336535 -0.45096177957612704 -78.562034070983032 -37.799888375164144 -8.7133553546879003 60.804148080333533 -29.83729423249169 -3.3732577527156931 -4.4067357374400435 2.3563162245771059 -40.41210192639894 18.077197663039154 22.835245092101331 7.9016804430823031 -3.0401148955262598 -3.5750508456922923 -9.307468222545161 -1.5815705709447023 -7.1034280145278945 -7.1335297023960615 -0.12283804236909873 -18.519878987630772 3.2483902979686365 -28.369714935511265 2.880243285302972 -9.5229507157773252 50.474571758604299 -2.2299906615649148 -18.439226607557135 -8.6257173823358926 4.5561017407497033 0.34406525770127905 7.2572598429219557 3.6387179632261599 43.311275984792019 -7.1923201569612516 -17.411007784956766 -0.79087705341260384 1.8312439876131605 11.706603808529332 -1.4919017519310034 -2.0829533998430558 8.9335629620583159 42.977263595465395 -11.087424169602137 34.562069347443128 88.629690853099291 -7.6554135238224115 12.68004014037027 1.1221689425960826
leaf_weight=29 247 20 26 40 24 2050 417 38 21 170 20 42 23 36 23 23 25 66 21 30 29 21 34 192 146 63 27 24 33 21 39 21 31 38 47 28 46 27 221 20 22 23 47 26 73 51 338 24 20 20 369 26 20 24 80 22 21 31 1114 24 54 73
leaf_count=29 247 20 26 40 24 2050 417 38 21 170 20 42 23 36 23 23 25 66 21 30 29 21 34 192 146 63 27 24 33 21 39 21 31 38 47 28 46 27 221 20 22 23 47 26 73 51 338 24 20 20 369 26 20 24 80 22 21 31 1114 24 54 73
internal_value=0.00112268 -0.00219197 -0.00705524 -0.00431808 -0.0103239 0.00167491 0.00111662 -0.000149126 -0.00532934 -8.53458e-05 -0.000585012 -0.00117258 -0.00496307 -0.00818419 -0.011378 -0.0157917 0.00198122 0.000373726 -0.0112245 -0.00324385 -0.000368328 -0.000978384 -0.00467461 0.000337787 -0.000751566 -0.00377692 -0.00637595 -0.00431193 -0.00764706 0.00138195 -0.00153477 -0.000382642 -0.000127061 -0.0013501 -0.00302091 -0.00728055 -0.00135819 -0.0053715 0.00223973 0.000569442 -0.00270862 0.0010978 -0.001417 -0.000715096 0.000318302 -0.000118265 0.00240602 -0.00810176 -0.00344902 0.00156794 0.00141023 -0.000983606 -0.00350365 0.00142743 -0.000144092 0.00234794 -0.000417633 0.000587084 0.00257 0.00188523 -0.00119078 0.00238115
internal_weight=7001 999 295 225 74 6002 3952 704 50 1652 1405 1164 203 115 79 70 2300 618 44 134 961 791 109 666 431 181 118 98 56 484 125 682 661 151 129 58 75 82 241 532 73 459 74 88 113 76 359 51 46 86 436 67 41 250 104 235 43 51 1682 568 78 490
internal_count=7001 999 295 225 74 6002 3952 704 50 1652 1405 1164 203 115 79 70 2300 618 44 134 961 791 109 666 431 181 118 98 56 484 125 682 661 151 129 58 75 82 241 532 73 459 74 88 113 76 359 51 46 86 436 67 41 250 104 235 43 51 1682 568 78 490
is_linear=0
shrinkage=0.03


Tree=63
num_leaves=63
num_cat=0
split_feature=70 4 46 4 51 4 32 5 4 0 53 56 23 69 33 54 54 16 38 19 47 59 66 26 65 22 68 2 5 42 66 0 68 1 2 45 38 35 11 44 27 40 49 16 49 10 26 66 49 22 46 47 44 15 64 47 62 27 12 66 42 4
split_gain=14.5036 12.2125 6.87629 6.78506 5.66957 3.5092 5.07808 2.76984 2.58491 2.93532 2.33884 3.21009 2.80383 2.2447 2.23055 2.1441 2.28456 1.93937 2.41788 2.17241 3.93483 1.74253 1.714 1.61404 1.2999 1.16014 1.12949 1.21661 1.05497 2.1864 1.0715 1.05346 2.93347 0.982515 0.982515 0.884768 0.841307 1.351 0.847549 0.834501 0.842852 0.821597 1.64309 0.801942 1.67459 1.42509 2.60437 0.924871 0.709387 0.692765 0.687285 0.66269 1.27515 0.619579 0.478127 0.41759 0.390379 0.364313 0.361875 0.354361 0.349178 0.348343
threshold=80161.104166666672 6.5000000000000009 31114.041666666668 3.5000000000000004 1220.5000000000002 1.5000000000000002 50.533854127222689 4.5000000000000009 20.500000000000004 84139.000000000015 1237.5000000000002 7721.5000000000009 74.985777500000012 87927.500000000015 2.1993993938896703 1237.2916666666667 1915.3333333333335 -591.49999999999989 22367.875000000004 20.775000000000002 212.50000000000003 2698.0000000000005 2900.666666666667 56.3456918125 2535.5000000000005 -1.05 84121.500000000015 82.800558000000009 4.5000000000000009 47325.312500000007 1685.1250000000002 112046.00000000001 113385.00000000001 12.875000000000002 69.15921250000001 27590.500000000004 15204.083333333334 16555.000000000004 84886.500000000015 30343.500000000004 17.20456949233547 26126.500000000004 217.50000000000003 -758.99999999999989 231.50000000000003 0.46472317204376884 65.097558062500013 2246.7500000000005 83.500000000000014 -0.14999999999999966 27761.687500000004 568.50000000000011 32539.500000000004 4845.9234387857496 3881.0000000000005 214.50000000000003 898.41666666666674 7.4325243689368135 75249.500000000015 8081.3125000000009 29609.645833333336 22.500000000000004
decision_type=2 2 2 2 2 2 2 2 2 2 2 2 2 2 2 2 2 2 2 2 2 2 2 2 2 2 2 2 2 2 2 2 2 2 2 2 2 2 2 2 2 2 2 2 2 2 2 2 2 2 2 2 2 2 2 2 2 2 2 2 2 2
left_child=1 4 3 5 -1 35 -7 8 43 -10 21 12 13 -12 -3 25 22 18 19 28 -21 26 -17 -22 33 -8 27 34 -4 30 -30 32 51 -14 -9 -2 38 -38 -11 40 -37 -16 -43 44 -5 47 53 -46 -20 -27 -40 -25 -53 -47 58 -44 -45 -32 -29 -28 -58 -19
right_child=2 14 17 7 -6 6 15 10 9 36 11 -13 24 -15 41 16 -18 61 48 20 23 -23 -24 31 -26 49 59 54 29 -31 57 -33 -34 -35 -36 39 37 -39 50 -41 -42 42 55 56 45 46 -48 -49 -50 -51 -52 52 -54 -55 -56 -57 60 -59 -60 -61 -62 -63
leaf_value=-42.019500318946122 -25.465367314480151 -32.040565007083252 26.897622420282076 23.20972639413058 -63.075502367265457 -31.028354894343792 -7.9062395335341469 -3.8996286401991092 -22.174229681013333 -1.4885869408668591 -33.042075119111615 41.419395238426553 -3.3110906886839127 -7.3433169845081858 36.037789238150751 -41.390049826242759 -5.2894837103389882 181.91035754346521 -9.014292303821378 -29.961237303044609 -7.7227172960128776 -9.4612604151544435 -10.040540081335163 6.2047292453205118 1.184676119246834 2.4448781349166797 6.0208314691925242 -2.2630228785966726 -3.4256099452573325 -21.433216749336722 -6.7677929897723246 64.410291087987673 -45.326386877904618 -2.4578416795525828 -17.293954698892488 1.9590762344448278 -28.866328006620705 20.44063675428789 -7.3263763320980351 -2.5855869885150553 -10.907216937277472 -20.941138158480243 -29.776775701119288 -0.47794897073937165 -2.2120327347637714 17.221105553770588 -9.0388804423798828 16.501961225248984 232.64162680874691 -2.1630909417179267 6.7882003057785303 3.9307777722941171 -6.5669914339752955 -9.0025164148742594 13.22345985052397 3.8429038964033611 6.324201235254586 15.996272379182026 1.140042594043241 -0.74011072643093034 67.898244938406691 9.8058977220256551
leaf_weight=33 23 29 456 330 40 23 28 22 26 30 38 52 20 30 50 32 36 2103 21 21 20 27 34 120 38 65 241 26 36 26 20 93 38 22 20 157 22 21 34 33 25 36 23 33 32 23 22 78 706 20 135 27 38 20 44 41 39 107 21 30 877 88
leaf_count=33 23 29 456 330 40 23 28 22 26 30 38 52 20 30 50 32 36 2103 21 21 20 27 34 120 38 65 241 26 36 26 20 93 38 22 20 157 22 21 34 33 25 36 23 33 32 23 22 78 706 20 135 27 38 20 44 41 39 107 21 30 877 88
internal_value=0.00114839 -0.00591432 0.00141263 0.000284189 -0.0162517 -0.00298047 -0.00555649 0.000945986 0.0015696 -0.00113018 -0.000751069 -0.00343328 -0.0056921 -0.0101762 -0.00167504 -0.00410042 -0.00725759 0.00222622 0.00147129 0.000511925 -0.00136096 0.000487126 -0.0105749 -0.000562333 -0.00183521 -0.00122016 0.000987379 -0.00126221 0.00155325 -0.000317292 0.000956469 -2.84719e-05 -0.00115643 -0.00548694 -0.00548694 -0.000390592 -8.67409e-05 -0.00389791 0.000723255 0.000195258 0.00100494 -0.00017988 -0.00176823 0.00206932 0.00109285 -0.00126785 -0.00479263 0.000790191 0.00278916 0.000493537 0.00156121 0.000388979 -0.00202765 -0.000417633 0.000658617 0.00107644 0.00258561 0.00226593 -0.00140127 0.00210255 0.00270167 0.0028205
internal_weight=7001 252 6749 2829 73 476 238 2353 1722 268 631 200 148 68 179 215 102 3920 1729 1002 357 431 66 336 80 113 404 133 645 189 163 316 223 42 42 238 242 43 199 215 182 150 100 1454 505 175 65 110 727 85 169 185 65 43 91 64 949 127 47 271 916 2191
internal_count=7001 252 6749 2829 73 476 238 2353 1722 268 631 200 148 68 179 215 102 3920 1729 1002 357 431 66 336 80 113 404 133 645 189 163 316 223 42 42 238 242 43 199 215 182 150 100 1454 505 175 65 110 727 85 169 185 65 43 91 64 949 127 47 271 916 2191
is_linear=0
shrinkage=0.03


Tree=64
num_leaves=63
num_cat=0
split_feature=70 4 51 4 17 67 8 62 4 41 24 70 4 40 38 33 7 26 33 35 36 3 38 2 12 27 39 19 8 55 47 41 12 7 7 17 50 45 69 28 7 58 51 2 50 47 22 4 67 0 35 2 19 18 1 43 15 12 37 70 47 0
split_gain=11.8488 10.6298 7.46138 5.59046 5.19013 5.12355 3.59254 4.02035 3.63262 3.23353 3.12661 2.77029 3.41577 2.51934 2.84225 2.46679 2.21422 1.7376 3.47313 1.61886 1.72963 1.96548 1.59724 1.51115 1.48408 1.40775 1.3931 2.09991 0.981317 1.02077 1.72242 0.936466 2.01278 0.922848 2.12656 0.855242 1.47116 1.86027 1.12944 2.75044 0.717732 0.694643 1.84338 0.64639 1.52731 0.635037 0.619579 0.599556 1.12171 0.595365 1.07923 0.566297 0.788767 0.545886 0.51032 0.877183 0.477628 0.417308 0.409177 0.401348 0.360046 0.340108
threshold=80569.354166666686 6.5000000000000009 1220.5000000000002 6.5000000000000009 4.5750000000000002 119174.00000000001 1.0000000180025095e-35 2631.1666666666674 3.5000000000000004 35910.500000000007 91.769973000000007 98578.395833333343 21.500000000000004 34605.500000000007 16147.145833333334 2.1993993938896703 9.5000000000000018 57.628856229166665 2.4068730110021943 9581.0000000000018 16176.500000000002 58.591873762096292 16263.583333333334 86.283450000000002 81604.000000000015 14.209543619075347 33122.500000000007 10.475000000000001 1.0000000180025095e-35 2686.0000000000005 85.500000000000014 38407.000000000007 86224.000000000015 12.500000000000002 6.5000000000000009 10.575000000000001 567.00000000000011 29341.500000000004 103392.50000000001 -4.5935300000000003 1.5000000000000002 4487.479166666667 1465.5000000000002 85.90998500000002 413.02083333333343 870.50000000000011 -1.1249999999999998 20.500000000000004 89859.500000000015 81695.000000000015 13432.500000000002 69.884347500000004 16.125000000000004 7.2250000000000005 12.475000000000001 28661.500000000004 5397.8670334251992 90546.000000000015 12870.500000000002 81786.437500000015 586.50000000000011 78271.000000000015
decision_type=2 2 2 2 2 2 2 2 2 2 2 2 2 2 2 2 2 2 2 2 2 2 2 2 2 2 2 2 2 2 2 2 2 2 2 2 2 2 2 2 2 2 2 2 2 2 2 2 2 2 2 2 2 2 2 2 2 2 2 2 2 2
left_child=1 2 25 4 -2 6 8 13 9 -6 17 12 28 23 33 -3 -16 18 -11 -14 26 -22 31 -8 54 -1 27 -21 35 30 -30 32 -19 34 57 36 38 60 40 -40 -5 61 -43 44 51 -35 -20 -37 -49 50 -13 -32 56 -31 55 -17 -53 -15 -4 -55 -38 -10
right_child=3 15 58 11 5 -7 7 -9 41 10 -12 49 19 14 16 24 -18 22 46 20 21 -23 -24 -25 -26 -27 -28 -29 29 53 43 -33 -34 45 -36 47 37 -39 39 -41 -42 42 -44 -45 -46 -47 -48 48 -50 -51 -52 52 -54 59 -56 -57 -58 -59 -60 -61 -62 -63
leaf_value=3.9756091387176391 114.21243472316947 -30.938698893800183 -34.169537178969478 -1.7015753476251549 -33.384211871567508 69.038952387918144 -32.74877021698029 -41.034026878525538 1.0264282809066485 -6.9443863670646584 -59.592156228462848 45.645806055087483 -18.067591990685074 -6.4268484229472111 -16.771386963705297 34.653514596137661 -7.0995643330367191 1.3870898732456718 1.3267903702229955 4.8454264744515516 -29.23034852881683 0.29153656197511774 -43.084566377351599 -17.615854511358364 -38.387269809596368 -40.917268520409166 1.3158346773092127 -8.6574545551865807 -8.0389158139526593 -3.6730023652447366 16.624668875331352 1.8951812903641769 -10.780157316828262 0.62789510842212581 -21.930979671819856 74.331398128761094 32.632943302482374 -11.321915857225793 -8.8736338764712634 43.660562041906054 35.278784873950961 18.120591805940112 -67.251836666989163 2.4215377939085196 -4.1536240313781008 -3.7858498139163608 -2.1319191029197606 -10.212850402988961 59.769905048914012 215.9477249750876 -20.603979058684157 -1.3612465327905321 -6.630597592262423 0.0010865480986685049 12.97118493513435 -17.750903648362552 2.0836682036855918 4.2441554081924622 -66.645247689595266 38.500710268708488 -2.9360611584649012 23.964004517809141
leaf_weight=22 475 30 20 30 36 309 20 23 96 21 33 52 32 27 33 25 34 24 23 28 20 20 22 20 26 22 154 28 28 31 55 244 24 110 24 929 26 23 22 48 322 30 20 127 20 22 20 26 62 2295 20 26 22 32 94 21 30 26 20 231 22 244
leaf_count=22 475 30 20 30 36 309 20 23 96 21 33 52 32 27 33 25 34 24 23 28 20 20 22 20 26 22 154 28 28 31 55 244 24 110 24 929 26 23 22 48 322 30 20 127 20 22 20 26 62 2295 20 26 22 32 94 21 30 26 20 231 22 244
internal_value=0.00123409 -0.004809 -0.0137336 0.00148636 0.000136218 -0.000735304 -0.00164017 -0.00424653 -0.000580576 -0.00242899 -0.00166383 0.00204155 0.00131949 -0.00335021 -0.00231438 -0.000963794 -0.00769001 -0.000880719 -0.00538222 -0.00177597 -0.000947621 -0.00665835 2.86534e-05 -0.010399 0.000451535 -0.00510204 0.00012851 -0.00390374 0.00173429 0.000702541 -0.000496592 0.000626498 -0.00318087 -0.000573888 -0.00319066 0.00214357 0.00110728 -0.0028692 0.00178394 -0.00166904 0.00247941 0.00153038 -0.00173653 0.000203499 -0.00109732 0.000931113 -0.000417633 0.00264281 0.000238366 0.00277048 4.1609e-05 4.5079e-05 -0.0015749 0.00196872 0.00169165 -0.000845987 0.00026738 0.000112994 -0.0231172 0.00241733 0.000436591 0.00201999
internal_weight=7001 280 84 6721 1960 1485 1176 339 837 447 411 4761 2394 316 276 196 67 378 64 282 250 40 314 40 166 44 210 56 2112 602 308 292 48 209 77 1510 493 71 422 70 352 390 50 280 153 132 43 1017 88 2367 72 133 78 294 140 46 56 53 40 263 48 340
internal_count=7001 280 84 6721 1960 1485 1176 339 837 447 411 4761 2394 316 276 196 67 378 64 282 250 40 314 40 166 44 210 56 2112 602 308 292 48 209 77 1510 493 71 422 70 352 390 50 280 153 132 43 1017 88 2367 72 133 78 294 140 46 56 53 40 263 48 340
is_linear=0
shrinkage=0.03


Tree=65
num_leaves=63
num_cat=0
split_feature=42 4 70 37 51 67 14 59 24 5 4 5 33 14 42 24 66 54 4 5 4 18 25 4 30 63 17 39 43 2 48 29 60 70 70 50 52 25 42 67 50 3 31 55 28 35 35 2 22 0 28 55 4 37 28 66 70 2 66 45 6 4
split_gain=12.5593 10.6619 9.09833 5.62033 5.17449 3.5794 3.48991 3.57881 2.14367 2.03995 1.90512 1.81011 2.05775 1.91171 1.77372 1.59016 3.60471 1.50918 1.44179 1.37601 3.51448 2.43262 1.69328 1.42895 1.80893 1.31969 1.28924 2.07423 2.8328 1.3576 1.0046 0.953986 0.948853 1.06183 1.15829 0.918059 0.861383 1.20421 1.49774 0.837305 0.956169 0.803145 0.794589 0.889926 1.18671 0.771504 0.717902 0.687173 0.685117 0.683651 0.759193 0.840984 0.652182 1.28133 0.58631 0.617812 0.604974 0.5839 0.528837 0.39983 0.366443 0.731505
threshold=33225.645833333336 6.5000000000000009 80161.104166666672 12106.500000000002 1732.5000000000002 89463.500000000015 103951.56250000001 1770.5000000000002 55.317901500000005 4.5000000000000009 22.500000000000004 5.5000000000000009 2.0439017516656417 98018.520833333358 36865.875000000007 90.919585000000012 2340.7083333333335 527.41666666666686 21.500000000000004 4.5000000000000009 8.5000000000000018 14.925000000000002 82.815377000000012 20.500000000000004 59.304765540550072 1735.5000000000002 12.475000000000001 27145.500000000004 28661.500000000004 58.298707000000007 265.50000000000006 51.464441597473254 3694.5000000000005 100470.60416666667 98295.000000000015 623.79166666666674 766.50000000000011 66.187457000000009 31856.312500000004 89859.500000000015 319.45833333333343 61.695160674873513 51.56886372061404 3073.5000000000005 0.4394300000000016 8061.0000000000009 11313.000000000002 76.160740000000018 0.5749999999999994 91310.500000000015 1.6300250000000036 27.500000000000004 20.500000000000004 13149.500000000002 -2.2575679999999987 1602.5208333333337 92218.125000000015 81.332292500000008 7654.6875000000009 28199.500000000004 9.5000000000000018 5.5000000000000009
decision_type=2 2 2 2 2 2 2 2 2 2 2 2 2 2 2 2 2 2 2 2 2 2 2 2 2 2 2 2 2 2 2 2 2 2 2 2 2 2 2 2 2 2 2 2 2 2 2 2 2 2 2 2 2 2 2 2 2 2 2 2 2 2
left_child=1 2 3 -1 8 -6 7 19 -4 15 26 12 14 18 -11 17 -17 -9 47 23 21 46 35 60 39 -24 27 28 -3 -29 -19 -32 49 34 41 -23 -10 -38 -39 40 -25 57 43 44 -31 48 -21 -14 -22 50 -33 -52 -28 -54 -13 56 -56 -34 59 -47 -2 -62
right_child=6 10 4 -5 5 -7 -8 9 36 11 -12 54 13 -15 -16 16 -18 30 -20 20 45 22 25 24 -26 -27 52 29 -30 42 31 32 33 -35 -36 -37 37 38 -40 -41 -42 -43 -44 -45 -46 58 -48 -49 -50 -51 51 -53 53 -55 55 -57 -58 -59 -60 -61 61 -63
leaf_value=-37.93012943038768 76.085907490318462 1.2725425054000714 -31.331096148372161 -58.770791607113324 -14.87523622717541 -44.965222739564894 210.25967201147651 -7.7094832427221469 7.7439287725092676 -35.099344023670518 -34.784380009771951 -13.837007523087923 1.8088041509416661 -12.30961456472582 -6.8683897567290657 -70.976768160582409 1.9046163531539997 19.247254796664176 -23.312139801197848 -5.534095047127443 -3.4578199572358552 0.3507239919102132 -16.941894060371279 2.7679086751096782 -27.549815322564868 -26.108830256010688 14.698076048713627 -3.5628124261424965 -31.172846962547375 -6.5408565058092751 -3.2576843013733061 10.433922475064936 1.2449740535557647 25.378307920573338 -10.31063816489579 -24.231196795155274 2.3926212911262881 -1.2609010769552051 -14.721584010979996 24.492202786535962 -10.381474853895698 -5.6756197210751411 9.0570424267600913 13.901652636598202 4.8530175585556714 -0.043595148023977168 7.5304419467528598 -6.9185958976694888 53.832719163202327 7.1406172639902081 1.5071167547398916 -6.4766118898557403 2.8046045494813816 -5.0211675857810452 -2.7632707201567652 4.3282626932838122 2.8788081623731254 -4.0347058235701496 -1.1798704200738737 53.525861180481293 -4.0897205979340594 26.973964538132289
leaf_weight=32 1406 33 23 41 23 20 2133 26 55 20 38 20 72 26 25 31 48 331 23 22 20 38 23 23 20 26 303 31 22 27 31 51 90 79 28 20 41 35 25 85 20 23 133 28 21 34 69 23 24 228 22 29 48 20 21 88 23 26 24 448 30 153
leaf_count=32 1406 33 23 41 23 20 2133 26 55 20 38 20 72 26 25 31 48 331 23 22 20 38 23 23 20 26 303 31 22 27 31 51 90 79 28 20 41 35 25 85 20 23 133 28 21 34 69 23 24 228 22 29 48 20 21 88 23 26 24 448 30 153
internal_value=0.00125123 -0.00186168 -0.00664859 -0.0158413 -0.00360648 -0.0129466 0.00176988 0.00123129 -0.00134003 6.50253e-06 0.000140605 -0.00200528 -0.00396616 -0.00218598 -0.00957871 0.000667242 -0.0034134 0.00100508 -0.000533446 0.0019122 0.000830103 -0.0025896 -0.00565826 0.00237637 -0.000425388 -0.00977597 0.00051794 -0.000955608 -0.0062069 0.000237401 0.00120563 0.000474387 0.000755077 -0.000646079 -0.00201077 -0.00211704 -5.76552e-05 -0.00172107 -0.0044426 0.000866511 -0.0025058 -0.000862689 0.00111908 -0.00130092 -0.00380457 0.0020669 0.000987925 0.00107256 -0.00170068 0.00180854 -0.000205681 -0.002818 0.00169766 -0.00092511 0.000414201 0.00115821 -0.00170068 0.000129199 0.00240071 0.00261979 0.00263923 0.00134353
internal_weight=7001 999 295 73 222 43 6002 3869 179 1384 704 341 189 144 45 1043 79 964 118 2485 748 198 107 1737 148 49 666 295 55 240 938 607 576 246 167 58 156 101 60 128 43 139 209 76 48 550 91 95 44 330 102 51 371 68 152 132 44 116 506 482 1589 183
internal_count=7001 999 295 73 222 43 6002 3869 179 1384 704 341 189 144 45 1043 79 964 118 2485 748 198 107 1737 148 49 666 295 55 240 938 607 576 246 167 58 156 101 60 128 43 139 209 76 48 550 91 95 44 330 102 51 371 68 152 132 44 116 506 482 1589 183
is_linear=0
shrinkage=0.03


Tree=66
num_leaves=63
num_cat=0
split_feature=70 4 37 14 16 48 66 33 16 23 5 17 43 69 24 24 5 51 38 57 53 49 44 65 53 41 66 4 29 70 17 70 57 55 16 70 1 69 53 38 65 26 7 52 14 2 11 40 65 57 28 27 66 66 53 53 4 69 64 51 63 68
split_gain=13.0464 12.3717 5.62033 5.12213 4.19907 4.20855 3.44241 2.53397 2.22559 2.55273 2.12398 2.40889 4.88966 3.78471 2.10555 2.79417 2.07717 2.07529 2.05907 2.17722 1.63626 1.58297 1.71796 1.55157 1.2795 1.2441 1.20237 0.987358 0.938585 0.936363 0.908437 0.925042 1.27382 0.89705 1.10234 1.43499 0.838294 1.37014 0.908428 0.835021 0.751694 0.747626 0.733171 0.663943 0.623105 0.84138 0.855524 0.608492 0.97101 1.31377 0.594049 0.506899 0.57028 1.93804 0.501782 1.24464 1.1252 0.412578 0.386815 0.370698 0.362009 0.353191
threshold=80161.104166666672 6.5000000000000009 12106.500000000002 89584.500000000015 121.00000000000001 258.50000000000006 7511.9375000000009 2.1993993938896703 -814.49999999999989 38.149722500000003 3.5000000000000004 4.5750000000000002 32497.500000000004 101624.00000000001 64.188787500000004 66.901053000000005 4.5000000000000009 1324.5000000000002 13290.22916666667 28.500000000000004 1237.5000000000002 210.50000000000003 31769.500000000004 3346.5000000000005 1455.5000000000002 28061.000000000004 1035.7708333333337 20.500000000000004 56.80876722807308 87270.520833333358 12.475000000000001 86252.750000000015 31.500000000000004 5916.0000000000009 1336.5000000000002 84864.437500000015 13.575000000000001 102441.00000000001 1825.5000000000002 12780.583333333334 8825.5000000000018 63.975351979166668 1.5000000000000002 1935.5000000000002 94832.604166666672 56.105232500000007 94219.000000000015 26839.500000000004 4267.5000000000009 7834.5000000000009 2.851652499999997 14.009072161366939 2417.979166666667 2951.6458333333339 1894.5000000000002 1541.5000000000002 16.500000000000004 102441.00000000001 1380.5000000000002 572.50000000000011 3911.5000000000005 100380.50000000001
decision_type=2 2 2 2 2 2 2 2 2 2 2 2 2 2 2 2 2 2 2 2 2 2 2 2 2 2 2 2 2 2 2 2 2 2 2 2 2 2 2 2 2 2 2 2 2 2 2 2 2 2 2 2 2 2 2 2 2 2 2 2 2 2
left_child=1 2 -1 4 5 16 14 -3 9 -5 44 -12 21 26 54 -16 42 -15 30 -20 25 22 -13 -21 -22 -18 -14 36 -23 -26 -17 32 -32 -29 35 -35 37 38 51 -37 59 -30 -2 -33 45 46 -11 -9 -49 -50 -27 58 -53 -54 55 -7 -57 -44 -6 -10 -4 -47
right_child=3 7 60 8 27 6 -8 47 40 10 11 12 13 17 15 18 20 -19 19 23 24 28 -24 -25 29 50 -28 33 41 -31 31 43 -34 34 -36 39 -38 -39 -40 -41 -42 -43 57 -45 -46 61 -48 48 49 -51 -52 52 53 -55 -56 56 -58 -59 -60 -61 -62 -63
leaf_value=-36.792225547476043 -1.7021825768931129 -29.994691069022341 -41.068389793565494 -2.3138155407789154 -1.4648428589348503 4.7838941442825949 -28.175108171493481 33.701409538164455 -2.0176539396957689 9.8666403719638378 105.86093383755022 1.7035573485252382 -14.861839800016959 -15.212867266399899 -27.666906537537923 6.0268489975502906 -20.908117951105105 -57.032434284722477 -49.677541917923499 -17.268889239965301 -18.106568965449654 -7.0287112454463996 -24.952385454908939 5.2493685282275679 -5.6617830406533587 1.9012582356650976 3.9390490955855069 7.3523220366689728 -2.8843030347411776 2.3157365646858139 -14.968486924334327 1.4061754551130645 -2.9177152469229681 -10.07003057965275 0.95997943226453597 1.7232445752620542 39.744821008163775 -6.4346631428058627 -1.2415991452834592 -2.354123978335144 -3.9568152122918852 10.674506575753849 10.934503806707873 -6.487486573637506 108.81447689561871 18.624794980559539 -2.3149818468182501 1.1088049674305771 -34.590982621853833 0.68235978282248244 -6.359936569760527 37.936666013659142 -15.910547090067844 17.275084085306464 1.5228395824373548 -11.149813203422351 1.2373253913136268 -5.4695079056790634 13.805434866162448 147.93879229528721 -62.021350746229821 -2.0197189408186098
leaf_weight=32 30 29 20 33 20 72 33 54 22 20 245 37 30 25 31 51 27 39 29 24 33 20 23 22 37 115 49 82 28 21 28 44 36 30 86 36 577 23 33 26 30 250 482 20 759 138 20 51 25 20 25 49 23 64 50 21 21 35 271 2345 21 29
leaf_count=32 30 29 20 33 20 72 33 54 22 20 245 37 30 25 31 51 27 39 29 24 33 20 23 22 37 115 49 82 28 21 28 44 36 30 86 36 577 23 33 26 30 250 482 20 759 138 20 51 25 20 25 49 23 64 50 21 21 35 271 2345 21 29
internal_value=0.0012598 -0.00543832 -0.0158413 0.00151042 0.000467186 -0.000750524 -0.00296826 -0.00117253 0.00216629 0.00134777 0.00150867 0.000301568 -0.000886051 -0.00557652 -0.00227121 -0.00383023 0.000573842 -0.0109984 -0.0027745 -0.00695073 -0.0016389 0.000980173 -0.00344426 -0.00279826 -0.00487376 0.00010772 -0.0011378 0.00165669 0.00188192 -0.00211704 -0.00100502 -0.00236534 -0.0049142 0 -0.00119596 -0.00348534 0.00206301 0.0011302 0.00149315 -0.000821256 0.00276084 0.00234088 0.0016231 0.000140406 0.00243764 0.00095606 -0.00291771 0.000379747 -0.00103018 -0.00425721 0.00126338 0.00186841 0.000330639 -0.00110218 0.000420475 -0.000657318 -0.00477435 0.00189132 0.00257643 0.00282117 -0.0232117 0.00190305
internal_weight=7001 252 73 6749 2607 1287 482 179 4142 1745 1712 746 501 143 449 285 805 64 254 75 258 358 60 46 91 167 79 1320 298 58 179 128 64 260 178 92 1060 483 460 62 2397 278 547 64 966 207 40 150 96 45 140 427 136 87 164 114 42 517 291 2367 41 167
internal_count=7001 252 73 6749 2607 1287 482 179 4142 1745 1712 746 501 143 449 285 805 64 254 75 258 358 60 46 91 167 79 1320 298 58 179 128 64 260 178 92 1060 483 460 62 2397 278 547 64 966 207 40 150 96 45 140 427 136 87 164 114 42 517 291 2367 41 167
is_linear=0
shrinkage=0.03


Tree=67
num_leaves=63
num_cat=0
split_feature=42 4 51 9 0 19 42 46 38 59 27 63 31 66 45 4 15 28 65 17 29 41 33 17 36 32 68 26 44 5 31 59 0 63 31 60 49 11 47 33 52 60 28 16 66 31 14 19 67 13 27 15 31 37 22 24 45 43 43 1 51 0
split_gain=12.25 10.6619 8.1796 3.88363 5.8467 4.6015 3.34555 2.74897 2.28457 3.44489 3.3245 2.02775 2.69424 2.59354 1.94649 1.90512 1.56779 1.47921 1.28042 1.23061 1.99467 2.0732 1.57998 1.22196 1.92712 1.5541 1.1595 1.09972 1.08898 1.08627 1.66917 1.64982 1.26906 0.954833 0.925046 0.908651 0.906275 0.888966 1.05228 1.36534 0.958842 1.02061 1.76834 0.747077 1.25864 0.744667 0.733188 0.767013 0.687876 0.668568 1.38691 0.655588 0.640733 0.61813 1.09691 0.486596 0.473375 0.410017 0.354208 0.597026 2.01525 0.351078
threshold=33225.645833333336 6.5000000000000009 1732.5000000000002 1.0000000180025095e-35 107142.50000000001 14.675000000000002 28771.604166666672 28115.750000000004 13384.91666666667 1540.5000000000002 10.118245208943714 1550.5000000000002 52.385360417569196 1792.7916666666667 27506.500000000004 22.500000000000004 4393.7437402251126 1.8644350000000041 5315.5000000000009 14.425000000000002 51.781914353295939 27794.000000000004 3.5388909017458192 11.575000000000001 15441.000000000002 57.322915056087687 110287.50000000001 64.584796312500018 29177.500000000004 4.5000000000000009 65.178162536560265 2616.0000000000005 75388.000000000015 3941.5000000000005 56.147359015669402 1653.0000000000002 226.50000000000003 84886.500000000015 232.50000000000003 3.4711441360947437 1220.5000000000002 3996.0000000000005 3.2150135000000035 -1845.4999999999998 1073.1041666666667 57.937240246109944 84239.770833333358 12.175000000000002 85991.500000000015 91588.500000000015 15.924623650407664 6050.6918534010247 50.480939566489909 13149.500000000002 0.22500000000000123 81.300510000000017 27959.000000000004 30373.500000000004 28197.000000000004 6.9750000000000005 1108.5000000000002 111709.50000000001
decision_type=2 2 2 2 2 2 2 2 2 2 2 2 2 2 2 2 2 2 2 2 2 2 2 2 2 2 2 2 2 2 2 2 2 2 2 2 2 2 2 2 2 2 2 2 2 2 2 2 2 2 2 2 2 2 2 2 2 2 2 2 2 2
left_child=1 2 6 4 5 23 16 -4 37 33 57 26 -13 -14 -8 19 -1 -15 27 20 21 -3 48 -2 46 -26 35 -16 -29 58 31 32 36 45 -30 -12 51 38 -7 -40 -39 49 -43 44 -34 -10 47 -25 -23 50 56 -31 55 -21 -55 -22 -42 -11 59 60 -5 -6
right_child=3 15 7 29 61 8 14 -9 9 10 11 12 13 17 18 -17 -18 -19 -20 53 52 22 -24 24 25 -27 -28 28 34 30 -32 -33 43 -35 -36 -37 -38 40 39 -41 41 42 -44 -45 -46 -47 -48 -49 -50 -51 -52 -53 -54 54 -56 -57 -58 -59 -60 -61 -62 -63
leaf_value=-36.187094881765937 25.890200396699139 -23.180335197469404 -52.878837344867328 38.155714758666527 15.805351344056403 10.02827855159804 -51.346396061651866 -17.438098334062062 -9.575824277943914 -6.0318880127505317 -6.369819590525597 28.283007785004781 -9.8237989370667247 -25.926242086781972 5.8355841293361426 -32.799641261034949 -15.572549702751155 -57.497921680991922 8.417636841444228 13.597997536703479 -8.7389121803820622 1.6982670652909373 -2.5953987045130074 -4.9391796095510028 -0.59973399736569499 -28.233779705411845 -10.243416494374133 -18.191716787732791 7.5043134470041988 -5.9844623644926216 -29.080690278181596 -10.083405690593231 -9.2682073366904802 -17.062626031396672 -6.4825996579412051 5.1195115242900826 -2.6520742203161825 10.477001455968688 -1.7784999116964866 -5.9383569788720321 -0.92742808031412116 -11.541820472114269 1.2070744859420297 63.21115339696447 2.5629126303757963 6.3554991988958109 5.4189619787157612 2.838824208142833 -3.3702047275283857 1.8611650613721522 -22.654101975932413 1.4571904304260632 12.752826701855867 -4.5086576215314711 28.115936595329735 4.975460062683644 2.891612704518391 3.2883865908476917 104.39444641876473 25.736515400148036 -16.914257690677179 140.02318158771811
leaf_weight=20 473 32 38 38 205 25 25 26 21 22 21 20 35 25 31 38 23 35 50 242 22 69 32 31 31 23 32 36 22 20 21 28 28 25 24 27 27 91 28 23 20 37 41 668 69 109 108 20 27 131 21 75 157 30 35 20 35 34 2365 134 20 760
leaf_count=20 473 32 38 38 205 25 25 26 21 22 21 20 35 25 31 38 23 35 50 242 22 69 32 31 31 23 32 36 22 20 21 28 28 25 24 27 27 91 28 23 20 37 41 668 69 109 108 20 27 131 21 75 157 30 35 20 35 34 2365 134 20 760
internal_value=0.00121267 -0.00186168 -0.00664859 0.0017249 0.000822606 -0.000320575 -0.00399827 -0.0161466 -0.0017865 -0.00342034 -0.0055914 -0.00744234 -0.0100087 -0.0121136 -0.0022488 0.000140605 -0.0115545 -0.0159235 -0.00103004 0.00051794 -0.000668337 -0.00316677 -0.00142857 0.00150853 -0.000366025 -0.00526802 -0.00370786 -0.00281167 -0.00464068 0.00237211 0.00149023 0.00168506 0.0019141 7.73695e-05 -0.00149675 -0.000686071 -0.000909091 -0.000311878 -0.00327201 -0.00575342 0.000279181 -0.000568222 -0.00349552 0.00236832 -6.17919e-05 0.0011299 0.00128221 -0.00164384 0.000468262 0.000521487 -0.00169514 0.00044164 0.00132597 0.00191469 -0.000645161 -0.00192399 0.000762251 0.000802139 0.00269368 0.00142113 -0.00108434 0.00265465
internal_weight=7001 999 295 6002 2509 1544 231 64 858 406 251 195 115 95 188 704 43 60 163 666 359 160 128 686 213 54 80 113 82 3493 936 915 887 155 46 48 122 452 76 51 376 285 78 765 97 130 159 51 96 207 76 95 199 307 65 42 55 56 2557 192 58 965
internal_count=7001 999 295 6002 2509 1544 231 64 858 406 251 195 115 95 188 704 43 60 163 666 359 160 128 686 213 54 80 113 82 3493 936 915 887 155 46 48 122 452 76 51 376 285 78 765 97 130 159 51 96 207 76 95 199 307 65 42 55 56 2557 192 58 965
is_linear=0
shrinkage=0.03


Tree=68
num_leaves=63
num_cat=0
split_feature=70 4 46 4 5 40 4 22 5 42 33 53 56 42 44 4 65 62 22 5 62 4 44 50 56 3 41 16 50 46 28 11 67 25 16 20 59 51 64 66 16 28 34 41 64 47 39 34 33 11 5 36 2 14 51 66 14 50 33 7 2 67
split_gain=11.2282 11.6809 5.96392 5.38908 4.77586 3.41468 2.85768 3.25684 2.71019 2.26733 2.06386 1.61419 2.04779 1.63587 2.10345 1.5661 1.52839 1.4823 1.47647 1.9207 2.59591 2.55854 3.18028 3.03823 2.33743 1.6213 3.13797 1.9693 1.42549 1.40524 1.24841 1.24454 1.65998 1.03674 0.940367 2.00943 1.12306 0.929313 1.62409 1.47703 0.797356 1.39138 1.41328 0.670859 1.39944 0.600839 0.911708 0.82786 0.541414 0.666409 0.518126 0.696991 0.510956 0.740739 1.04174 0.458999 1.03358 0.435668 0.426547 0.394318 0.378912 0.372365
threshold=80161.104166666672 7.5000000000000009 31114.041666666668 3.5000000000000004 5.5000000000000009 31347.000000000004 1.5000000000000002 -0.7000000000000004 4.5000000000000009 33303.291666666679 2.1993993938896703 1169.5000000000002 7721.5000000000009 31210.604166666672 29393.500000000004 20.500000000000004 1944.5000000000002 2286.3541666666674 -0.20000000000000193 3.5000000000000004 2353.3541666666674 7.5000000000000009 32481.500000000004 738.04166666666674 15.500000000000002 58.396830677013192 45285.000000000007 294.50000000000006 440.06250000000006 29220.395833333336 3.0125150000000009 84886.500000000015 88273.000000000015 50.699119500000002 -1775.9999999999998 18.232291666666672 2698.0000000000005 1465.5000000000002 2361.5000000000005 3492.604166666667 -814.49999999999989 -7.0323259999999932 -1.5531329473257498 38141.000000000007 3573.0000000000005 381.50000000000006 38108.500000000007 -0.84944964074335505 2.7358281511606215 76499.500000000015 5.5000000000000009 9932.5000000000018 53.992355000000011 94601.479166666672 1741.5000000000002 797.27083333333337 107550.81250000001 178.22916666666669 2.8890954556719959 1.5000000000000002 73.198120000000017 78351.000000000015
decision_type=2 2 2 2 2 2 2 2 2 2 2 2 2 2 2 2 2 2 2 2 2 2 2 2 2 2 2 2 2 2 2 2 2 2 2 2 2 2 2 2 2 2 2 2 2 2 2 2 2 2 2 2 2 2 2 2 2 2 2 2 2 2
left_child=1 4 3 6 5 -1 33 9 15 -8 -3 34 13 -13 48 40 -9 29 19 52 25 22 -22 24 -24 26 -21 -28 -18 -11 -12 32 -17 -2 35 -10 50 -33 -39 -40 41 42 -5 44 -35 -43 47 -47 -15 -50 51 -36 53 54 -4 56 -27 -53 -6 -54 -49 -59
right_child=2 10 18 8 58 -7 7 16 11 17 30 12 -14 14 -16 31 28 -19 -20 20 21 -23 23 -25 -26 55 27 -29 -30 -31 -32 37 -34 43 36 -37 -38 38 39 -41 -42 45 -44 -45 -46 46 -48 60 49 -51 -52 57 59 -55 -56 -57 -58 61 -60 -61 -62 -63
leaf_value=5.5848005895410573 -7.4983721797738685 -24.707809375904777 6.5476067446353969 15.332545489545227 -59.440358190509386 -26.890874189485874 -34.889263801027489 -13.017393158004973 2.8874460728998108 -3.8444885260031572 4.1315649326858583 -29.167358681211375 36.996189361450988 1.6682585070245444 -9.2292040164971443 -0.48370823868754065 1.6211991425232715 6.820253632699683 181.83131077635957 7.234330775921257 3.5212537767226144 25.401940497392776 -19.809748023096869 -62.075853530324935 4.5280996197946539 -3.7050478862788556 -32.790197851057464 -2.948500866175062 -12.280904217871861 -9.3204658575081947 -28.576025443536867 11.021798207455552 -26.059111768946167 -10.436396766587015 -3.416740943279061 -16.78080288071077 -7.4596417571756852 0.48755187076849654 -22.850204747097234 -9.8931551543432796 52.14138678013758 12.913146820065887 -11.813724089730165 2.8462962356287047 1.4181462416864312 -3.5573415054480098 13.79939350012112 -3.8074337100115714 1.123844664958632 -9.9626111451673012 19.871548392080317 -1.8166199693431231 2.6522872562204309 44.523069406824746 -2.7833941961650339 9.6623428575578156 157.93215585805734 -0.99277434757550798 -37.88609863504896 76.11652029467939 18.956436677951636 14.359135861796492
leaf_weight=24 33 27 44 20 20 20 33 20 32 27 121 30 60 47 37 35 71 20 2066 78 38 54 26 24 20 20 22 20 28 39 20 101 21 21 24 27 20 67 20 24 965 316 21 146 38 28 62 20 24 21 149 38 34 62 20 422 31 31 20 939 22 91
leaf_count=24 33 27 44 20 20 20 33 20 32 27 121 30 60 47 37 35 71 20 2066 78 38 54 26 24 20 20 22 20 28 39 20 101 21 21 24 27 20 67 20 24 965 316 21 146 38 28 62 20 24 21 149 38 34 62 20 422 31 31 20 939 22 91
internal_value=0.00125123 -0.00496232 0.00148375 0.000432647 -0.0140904 -0.00714286 -0.00247637 -0.0048005 0.00102248 -0.00831234 -0.000374777 -0.000655997 -0.00273848 -0.00452546 -0.00302091 0.00163928 -0.00125945 -0.00567944 0.00224152 0.00162289 0.00045292 -0.00290561 -0.00557817 -0.00937232 -0.00475054 0.00137582 -0.00172356 -0.00833729 0.00024218 -0.00785174 0.00106308 -0.000458784 -0.0044385 -0.000138597 0.000444067 -0.00304569 0.00103653 0.000579915 -0.00129613 -0.00578231 0.00202806 0.00103046 -0.00423358 0.000643589 -0.00203046 0.00151975 -0.00015897 -0.00252496 -0.000553746 -0.00292683 0.00145902 0.000374796 0.0024238 0.000594766 -0.00163807 0.00216867 -0.000469667 0.00110556 -0.0216209 0.00265749 7.1259e-05 0.00199017
internal_weight=7001 252 6749 2829 84 44 476 238 2353 119 168 631 219 159 129 1722 119 86 3920 1854 755 162 108 70 46 593 120 42 99 66 141 268 56 238 412 59 353 212 111 44 1454 489 41 205 59 448 132 70 92 45 333 184 1099 126 64 473 51 160 40 973 42 122
internal_count=7001 252 6749 2829 84 44 476 238 2353 119 168 631 219 159 129 1722 119 86 3920 1854 755 162 108 70 46 593 120 42 99 66 141 268 56 238 412 59 353 212 111 44 1454 489 41 205 59 448 132 70 92 45 333 184 1099 126 64 473 51 160 40 973 42 122
is_linear=0
shrinkage=0.03


Tree=69
num_leaves=63
num_cat=0
split_feature=70 4 38 4 5 5 0 69 49 16 17 32 61 35 62 26 4 33 56 36 34 34 62 36 46 49 68 17 16 32 11 60 47 18 50 38 64 49 0 54 12 61 31 40 15 27 16 22 60 14 15 47 58 27 46 56 54 65 55 34 68 38
split_gain=10.3554 10.4956 5.60251 6.68463 4.73704 3.02297 2.83337 2.73651 3.15191 2.70901 2.78788 2.67314 2.48767 2.28045 3.08875 2.10332 2.0734 2.06386 1.89687 1.50968 1.48693 1.47027 1.31046 1.29629 1.19687 1.21506 1.09987 1.03669 1.02287 3.02928 3.3556 3.30223 0.938185 1.3393 0.924903 1.07589 0.867961 1.68245 0.848586 0.84403 0.769717 0.752423 1.18189 0.717455 0.708677 0.605829 0.592884 1.2553 0.965995 0.729701 0.948059 0.693503 0.589927 1.48364 0.648741 0.541402 0.822558 1.11202 0.673833 1.06476 0.53539 0.520526
threshold=80161.104166666672 7.5000000000000009 17451.541666666668 3.5000000000000004 5.5000000000000009 4.5000000000000009 76197.000000000015 90249.500000000015 857.50000000000011 -391.99999999999994 5.7250000000000005 50.93756903486247 4053.0000000000005 12831.500000000002 1701.6250000000002 55.019312312500013 22.500000000000004 2.1993993938896703 13.500000000000002 14757.500000000002 -0.99289464806463801 0.12546399141858802 2365.5208333333335 14386.500000000002 28353.625000000004 867.00000000000011 85493.000000000015 19.775000000000002 -3773.9999999999995 63.19296824899822 111709.50000000001 966.50000000000011 85.500000000000014 18.775000000000002 649.77083333333337 15044.91666666667 2864.5000000000005 586.50000000000011 84034.000000000015 1802.8125000000002 81018.500000000015 2707.5000000000005 53.374539305959516 52352.000000000007 4445.227668522889 12.042128634081804 1.0000000180025095e-35 2.6499999999999999 3351.5000000000005 82634.333333333358 5833.5358427458059 1037.5000000000002 4487.479166666667 16.200583495405112 28199.541666666668 39.500000000000007 778.37500000000011 4800.5000000000009 60.500000000000007 0.50393528533091836 86758.000000000015 14889.958333333334
decision_type=2 2 2 2 2 2 2 2 2 2 2 2 2 2 2 2 2 2 2 2 2 2 2 2 2 2 2 2 2 2 2 2 2 2 2 2 2 2 2 2 2 2 2 2 2 2 2 2 2 2 2 2 2 2 2 2 2 2 2 2 2 2
left_child=1 4 3 7 6 16 -1 8 11 10 -7 -2 32 22 23 21 24 -3 -16 60 -17 -9 27 -15 25 52 -27 39 29 30 31 -4 33 -11 38 -36 43 -38 -22 45 -19 -34 -43 -18 -6 -12 47 48 49 50 -26 -51 54 -54 61 56 -40 58 -58 -60 -13 -5
right_child=2 17 28 5 44 9 -8 15 -10 12 13 19 -14 14 18 20 36 40 -20 -21 34 -23 -24 -25 46 26 -28 -29 -30 -31 -32 -33 41 -35 35 -37 37 -39 55 -41 -42 42 -44 -45 -46 -47 -48 -49 -50 51 -52 -53 53 -55 -56 -57 57 -59 59 -61 -62 -63
leaf_value=1.4353210698196099 -14.259612584398122 -23.96657509462764 -4.8334810367186725 13.952256786342529 -57.657147444794205 41.614025114429175 -26.084147963801332 -1.9094408514497323 -42.416280329197754 -7.0259521554124689 -8.3833143000159414 -5.2439401304970374 -11.316862846526666 -6.7054748717501429 -7.3465982640979117 -21.17954919544783 1.6299620053573212 4.7780489581392516 -29.946093515555557 -4.7530972110264269 -9.5038981276332208 -0.33136250764802999 -24.167746623579976 1.1080270410420048 12.335334693758343 7.4105162235796476 -9.1062403078182914 -27.224563482112817 219.22600923365474 91.115027603009537 10.536169002780927 -60.470851663107879 11.497366681727517 43.823545959210712 -1.8909453105631577 -8.4759707767721348 -0.78680633314225401 -47.111011608040322 10.841646898930678 -4.5721827633926315 -31.615065851732872 -10.671327474164322 14.196344495844873 -10.469708356963732 -47.038339410910716 3.2009013026141395 78.679820191678346 -11.118797131715697 -13.058740912511114 39.637256879092348 -1.7057672271282285 -4.2934615510089378 34.658513044140356 -4.0692084958908668 -8.312023298828338 4.6061824281249395 2.082267938794665 -5.3671038005443297 -8.7146644268026261 2.2478505607034758 5.0173772852295633 -4.9897474074530077
leaf_weight=24 28 27 29 344 20 73 20 30 22 21 38 20 23 20 21 31 51 121 29 39 29 28 20 25 43 23 33 21 2080 294 52 27 508 27 46 24 36 24 63 22 20 20 42 20 20 75 1135 21 27 637 31 30 32 28 34 167 48 33 31 23 49 22
leaf_count=24 28 27 29 344 20 73 20 30 22 21 38 20 23 20 21 31 51 121 29 39 29 28 20 25 43 23 33 21 2080 294 52 27 508 27 46 24 36 24 63 22 20 20 42 20 20 75 1135 21 27 637 31 30 32 28 34 167 48 33 31 23 49 22
internal_value=0.00124266 -0.00472432 0.00146597 0.0008057 -0.0133769 0.00133714 -0.00646258 -0.00184784 -0.00533207 -7.30889e-05 -0.00222319 -0.00359295 0.00107628 -0.00362966 -0.0073817 -0.00084614 0.00187857 -0.000374777 -0.012515 -0.00141536 -0.000206019 -0.00624785 -0.00158433 -0.00159645 0.00207655 0.000784732 -0.00336898 -0.000634209 0.00259981 0.00120119 -0.00308048 -0.00818182 0.00144151 -0.00255717 0.000213316 -0.00295292 -0.0017849 -0.0044426 0.000784065 0.000310881 0.00106308 0.0017839 -0.00130435 0.000421941 -0.0208728 0.00137931 0.00242139 0.00177924 0.00198021 0.00218594 -0.000607287 0.00250037 0.00129754 -0.00144759 0.00171707 0.00118324 0.000106007 -0.00119911 0.000323213 -0.00194085 0.00121563 0.00208959
internal_weight=7001 252 6749 4267 84 3556 44 711 158 985 344 136 641 271 95 553 2571 168 50 108 495 58 176 45 2440 516 56 156 2482 402 108 56 618 48 464 70 131 60 394 135 141 570 62 71 40 113 1924 789 768 741 74 667 460 60 400 365 198 135 102 54 69 366
internal_count=7001 252 6749 4267 84 3556 44 711 158 985 344 136 641 271 95 553 2571 168 50 108 495 58 176 45 2440 516 56 156 2482 402 108 56 618 48 464 70 131 60 394 135 141 570 62 71 40 113 1924 789 768 741 74 667 460 60 400 365 198 135 102 54 69 366
is_linear=0
shrinkage=0.03


Tree=70
num_leaves=63
num_cat=0
split_feature=42 4 70 38 16 51 62 6 8 48 37 17 8 4 42 4 4 69 65 22 43 54 34 7 54 17 4 43 25 21 32 17 56 56 3 17 20 50 61 58 14 27 31 64 33 34 18 8 25 26 50 10 57 64 20 14 16 32 11 62 25 26
split_gain=9.42868 9.29097 4.97884 4.32514 4.18986 3.63616 3.11685 2.92341 3.00936 3.10343 2.47419 2.2693 2.04369 3.77763 2.51783 2.12074 1.83736 1.77163 1.75133 1.7404 1.73985 2.03586 1.89772 1.67201 3.75034 1.65208 1.77266 1.44234 1.64499 1.76705 3.93241 1.33729 2.80449 1.31626 1.94206 1.24491 1.09022 1.69883 1.07118 1.60646 1.06942 1.04664 1.04451 0.997382 1.88248 0.886053 0.881233 0.724777 1.23466 0.650966 0.648166 1.02553 0.646845 0.636988 0.629561 0.602215 0.578287 2.5109 2.73541 0.555744 0.512179 0.472176
threshold=33225.645833333336 4.5000000000000009 80025.666666666672 20314.291666666668 191.50000000000003 1732.5000000000002 1638.1458333333337 3.5000000000000004 1.0000000180025095e-35 246.50000000000003 12223.500000000002 12.125000000000002 1.0000000180025095e-35 7.5000000000000009 31210.604166666672 22.500000000000004 21.500000000000004 84323.000000000015 4867.5000000000009 2.6499999999999999 32503.500000000004 1707.3750000000002 -0.95030863824556266 25.500000000000004 1169.6666666666667 20.175000000000001 4.5000000000000009 32783.500000000007 60.722456000000001 2.7663885018184025 60.188888720832416 14.125000000000002 42.500000000000007 5220.5000000000009 54.65267780615266 17.425000000000001 16.252083333333335 674.00000000000011 3448.5000000000005 2569.541666666667 82634.333333333358 17.141120050613559 55.874536612503938 3650.5000000000005 2.2640938101978585 0.76375511658244488 6.9750000000000005 1.0000000180025095e-35 85.214067500000013 60.568502229166675 588.16666666666686 0.35201941816566318 31.500000000000004 3709.5000000000005 14.927083333333334 73270.250000000015 -4617.4999999999991 63.19296824899822 114996.50000000001 2203.9166666666674 87.908297500000018 84.315601333333362
decision_type=2 2 2 2 2 2 2 2 2 2 2 2 2 2 2 2 2 2 2 2 2 2 2 2 2 2 2 2 2 2 2 2 2 2 2 2 2 2 2 2 2 2 2 2 2 2 2 2 2 2 2 2 2 2 2 2 2 2 2 2 2 2
left_child=1 2 10 4 7 18 -7 19 9 40 -1 17 50 14 -14 23 36 -10 31 38 21 45 -23 46 -25 35 -27 28 29 30 -11 -4 -33 61 -35 -22 37 47 54 -40 42 53 -9 -30 -45 -13 -15 -6 59 -36 55 -52 -24 -31 -2 -3 57 58 -5 -49 -46 -18
right_child=3 12 5 56 16 6 -8 8 11 27 -12 20 13 15 -16 -17 33 -19 -20 -21 25 22 52 24 -26 26 -28 -29 43 41 -32 32 -34 34 49 -37 -38 -39 39 -41 -42 -43 -44 44 60 -47 -48 48 -50 -51 51 -53 -54 -55 -56 -57 -58 -59 -60 -61 -62 -63
leaf_value=-25.591780785868238 43.253937130255444 -2.0894181450962304 0.0073025186605483582 -66.191308539518246 23.589683094861304 -3.1053463959427541 -38.940364552784487 26.258076149077834 -4.0358827011409106 -68.709419790600919 -51.542178226386547 0.8591137728883782 -42.13025226536255 -0.95943819879219161 -11.915594549255168 -30.255914390516679 2.1664658948314854 -27.422912226405082 4.0595039217709621 -11.060422294848943 -17.809999610445466 -26.127659987509066 -5.5701009115510756 10.531431211831363 -22.510503554531756 -4.8336117137351158 -27.578079973457051 -12.637852667975405 2.54746095070678 2.3385209958846658 -1.3944724277854472 -21.173056094319854 0.25366774281243437 -5.3761691502161426 -4.4397796725364378 1.1261244595969564 141.94950715839613 -13.724843701106565 -5.6340833242003026 1.7676151684189594 28.542824155209409 -3.1684453911167445 -10.599560438021502 -13.147325556845374 20.538070970409066 -9.7535016949850721 1.4980746394504423 17.688747905256648 -3.9264989144269347 14.121161651172628 2.3260195261952021 -4.0582549064923121 1.6678225208157671 -6.5757448541248014 -3.1534482493837088 16.535340129153614 239.00174051559748 88.128507537740887 3.0912760317706236 -3.5726210216197227 -1.4783956245579126 -2.27937490280768
leaf_weight=20 603 26 31 20 441 21 20 26 27 24 28 118 20 26 27 21 107 23 43 27 24 25 35 30 20 27 25 39 211 64 32 20 23 31 21 34 1084 26 20 32 370 25 20 37 43 29 193 83 32 30 31 26 21 21 20 373 1842 191 24 28 20 20
leaf_count=20 603 26 31 20 441 21 20 26 27 24 28 118 20 26 27 21 107 23 43 27 24 25 35 30 20 27 25 39 211 64 32 20 23 31 21 34 1084 26 20 32 370 25 20 37 43 29 193 83 32 30 31 26 21 21 20 373 1842 191 24 28 20 20
internal_value=0.00119553 -0.00150135 -0.00717613 0.00164492 0.00105781 -0.00457305 -0.0122628 0.000105336 -0.000724945 0.000196331 -0.0156549 -0.00294512 -2.26956e-05 -0.00179769 -0.00968153 -0.000506722 0.0020682 -0.00892216 -0.00184458 0.0016707 -0.00204969 -0.000539237 -0.00436498 0.000200669 -0.00473054 -0.00514986 -0.00904031 -0.00135439 -0.000892894 -0.00330524 -0.00764706 -0.00465587 -0.00807425 -0.000573888 -0.00354446 -0.00160069 0.00239596 0.00137191 0.00197304 -0.00213052 0.00212689 -0.00106267 -0.00214751 0.000385728 -0.00206793 0.00154997 0.00134185 0.00171032 -0.000125786 1.10228e-10 0.00128261 -0.00168126 -0.00122995 0.000493537 0.00232065 0.00171386 0.00275288 0.00132709 -0.00510204 0.00135014 0.00104596 0.00132179
internal_weight=7001 999 206 6002 3925 158 41 2022 1320 932 48 388 793 337 47 290 1903 50 117 702 338 228 81 269 50 110 52 516 477 166 56 74 43 209 82 58 1694 610 675 52 416 110 46 311 100 147 219 584 143 51 456 57 56 85 623 399 2077 235 44 111 63 127
internal_count=7001 999 206 6002 3925 158 41 2022 1320 932 48 388 793 337 47 290 1903 50 117 702 338 228 81 269 50 110 52 516 477 166 56 74 43 209 82 58 1694 610 675 52 416 110 46 311 100 147 219 584 143 51 456 57 56 85 623 399 2077 235 44 111 63 127
is_linear=0
shrinkage=0.03


Tree=71
num_leaves=63
num_cat=0
split_feature=70 4 70 9 33 48 8 16 33 66 28 16 42 54 68 1 50 50 16 8 56 53 15 15 8 1 31 21 66 64 33 37 27 62 11 48 4 8 62 28 25 10 20 12 21 56 22 41 70 31 0 56 28 7 47 1 22 11 68 30 30 53
split_gain=9.85945 9.10145 5.29093 5.64031 4.94001 3.01336 2.56245 2.08201 1.96914 1.82003 2.90592 1.76524 2.84196 3.61899 1.6816 1.60231 1.86474 2.61961 1.72074 1.51494 1.59581 1.37568 4.55371 1.3352 1.31169 1.57683 1.17339 1.14599 2.50374 1.365 1.58382 2.97202 1.92533 1.33964 1.36861 1.09062 1.07936 1.13696 0.98325 0.980237 1.21991 0.976203 0.975386 1.27347 0.951899 0.942707 0.940547 1.58706 0.76948 1.20325 0.715104 0.71182 0.715459 0.700971 0.678292 0.630995 0.57106 0.567513 0.475486 0.462112 1.56868 0.44059
threshold=80161.104166666672 7.5000000000000009 100842.02083333334 1.0000000180025095e-35 2.4874426051491003 224.50000000000003 1.0000000180025095e-35 1336.5000000000002 2.1993993938896703 7338.8125000000009 0.93386499999999739 -3443.9999999999995 52309.750000000007 2057.2500000000005 113385.00000000001 12.275000000000002 588.16666666666686 742.58333333333337 -459.49999999999994 1.0000000180025095e-35 22.500000000000004 2568.0000000000005 9292.1705026093568 14908.001870506474 1.0000000180025095e-35 7.2250000000000005 54.221047545218717 4.8221747753554718 3208.1458333333339 3326.0000000000005 2.053969312638086 12598.500000000002 11.229386614291927 2536.7500000000005 82193.000000000015 232.50000000000003 7.5000000000000009 1.0000000180025095e-35 1529.6250000000002 -2.8338849999999947 87.583745000000008 0.96386255839173451 16.969791666666669 94805.000000000015 1.9503007477585816 8.5000000000000018 1.7500000000000007 42807.500000000007 87270.520833333358 58.153171444529853 80450.500000000015 5072.0000000000009 0.18752800000000039 1.5000000000000002 381.50000000000006 14.925000000000002 -1.1999999999999997 74862.500000000015 98202.000000000015 62.079177798194671 62.661194003519576 2010.5000000000002
decision_type=2 2 2 2 2 2 2 2 2 2 2 2 2 2 2 2 2 2 2 2 2 2 2 2 2 2 2 2 2 2 2 2 2 2 2 2 2 2 2 2 2 2 2 2 2 2 2 2 2 2 2 2 2 2 2 2 2 2 2 2 2 2
left_child=1 4 3 5 -1 48 26 9 -3 14 -11 12 13 19 21 16 24 18 -18 45 23 27 -23 -21 46 41 -6 29 -29 44 31 -31 -33 34 -32 -10 37 57 -39 -27 -41 -26 43 -9 -7 -4 53 -48 49 54 -13 59 -53 -5 56 -30 -2 -17 -36 61 -61 -46
right_child=2 8 11 15 6 7 -8 42 35 10 -12 50 -14 -15 -16 36 17 -19 -20 20 -22 22 -24 -25 25 39 -28 28 55 30 33 32 -34 -35 58 -37 -38 38 -40 40 -42 -43 -44 -45 51 -47 47 -49 -50 -51 -52 52 -54 -55 -56 -57 -58 -59 -60 60 -62 -63
leaf_value=-53.797512358062193 -1.1661712023301487 -22.860365645575797 -6.4639645408857929 -4.1060786003965069 -21.041055869190902 -11.683948555799306 -39.146733367524405 0.57715160014650058 3.9808859747250676 0.37055398702241732 -33.069879514938194 -6.0085122402158504 87.145448166012756 -60.726271966662765 -29.427311186549634 -11.24323434038935 -4.1724580695443558 32.580812068557442 -15.311330601858067 -17.474478991051221 0.95136360642122786 -66.721510802800083 8.0799529187060877 -0.44893835185373215 14.498559668338258 -6.8890210445276701 4.278934699797861 -30.897487367445152 -3.418212190037007 2.3527090017492482 -2.6046154125018868 -4.0499733013849379 -38.957474867211509 -9.1107645376244406 3.7638242367758061 -29.334422442164534 36.599124669491964 0.14299503515744946 -22.242462521756647 1.2947895762453785 -3.8476903190775338 -4.2652255829632173 50.26134504482193 -13.550191960487235 1.5260524648137839 59.387371371089223 16.761430820637457 -12.280047254873073 5.8148511143566228 -8.2512605054188466 171.80760748844335 8.9339091757190641 -8.0263376289713513 36.165411591489736 -1.5450199599366448 1.2403488349181604 4.505480143866091 39.415085011975485 -2.049013186706313 -2.3517170331009756 1.5945881247644496 -0.98311983789722412
leaf_weight=21 20 27 37 28 20 30 23 65 120 25 36 31 297 22 23 20 23 40 25 26 34 21 21 20 121 21 20 38 21 36 21 21 26 22 98 21 1129 24 24 32 32 24 113 28 186 102 41 26 341 30 2401 20 26 502 27 28 98 96 21 28 76 25
leaf_count=21 20 27 37 28 20 30 23 65 120 25 36 31 297 22 23 20 23 40 25 26 34 21 21 20 121 21 20 38 21 36 21 21 26 22 98 21 1129 24 24 32 32 24 113 28 186 102 41 26 341 30 2401 20 26 502 27 28 98 96 21 28 76 25
internal_value=0.00121695 -0.00460532 0.00143486 0.000689053 -0.0126635 -0.000683597 -0.00836767 -0.00160364 -0.000553242 -0.00226122 -0.00726678 0.00238275 0.00081955 -0.0015927 -0.00186905 0.00166704 0.000701563 -0.00343927 -0.00817048 -0.000410771 -0.00370786 -0.00162332 -0.00691211 -0.00735358 0.00114617 -0.000769231 -0.00366584 -0.00131102 -0.0045465 -0.000863072 -0.00261934 -0.00599278 -0.0109554 -0.000869833 0.00019272 0.000850461 0.00234785 5.48447e-05 -0.00380457 -0.0040188 -0.00210608 0.00111647 0.0010917 -0.00116004 0.00023012 0.00146657 0.00188913 -0.0014307 0.00119163 -0.000411193 0.00272727 0.000664636 -0.00279826 0.00231466 0.000702964 0 0.00170195 0.00167959 0.00146096 0.00118058 -0.000432277 0.00198958
internal_weight=7001 252 6749 3779 84 1571 63 1055 168 849 61 2970 538 241 788 2208 915 88 48 219 80 765 42 46 827 230 40 723 87 636 245 83 47 162 140 141 1293 164 48 85 64 145 206 93 391 139 597 67 516 175 2432 361 46 530 145 49 118 116 119 315 104 211
internal_count=7001 252 6749 3779 84 1571 63 1055 168 849 61 2970 538 241 788 2208 915 88 48 219 80 765 42 46 827 230 40 723 87 636 245 83 47 162 140 141 1293 164 48 85 64 145 206 93 391 139 597 67 516 175 2432 361 46 530 145 49 118 116 119 315 104 211
is_linear=0
shrinkage=0.03


Tree=72
num_leaves=63
num_cat=0
split_feature=70 4 46 8 4 8 0 24 59 58 57 28 14 16 38 32 4 1 40 17 46 30 4 49 55 44 27 55 39 30 16 49 26 16 21 24 43 11 52 41 30 46 21 22 49 16 17 2 50 62 58 24 45 54 47 4 70 60 50 12 62 69
split_gain=9.3757 9.37357 5.89892 4.69832 4.67281 2.95764 2.30621 2.2916 2.19063 2.02486 2.84826 2.97408 2.89401 1.9426 2.68042 1.8504 1.79804 1.79384 1.65953 1.48007 1.4743 5.47152 1.46431 1.2743 2.57992 1.20436 1.19395 1.19218 1.89564 1.45962 2.34489 2.34993 2.12142 1.20285 1.11368 1.09211 1.04043 1.0391 1.12452 1.73235 0.985786 0.727399 1.1401 0.74674 0.709387 0.690704 0.944946 1.04604 1.18579 0.680459 1.16191 0.610135 1.08665 0.579295 0.643622 0.561522 1.24203 1.11857 0.538741 0.512865 1.33871 0.619341
threshold=80161.104166666672 7.5000000000000009 31114.041666666668 1.0000000180025095e-35 3.5000000000000004 1.0000000180025095e-35 76197.000000000015 91.769973000000007 2698.0000000000005 3847.5000000000005 84.500000000000014 2.6954050000000014 83638.750000000015 -591.49999999999989 22367.875000000004 55.771619782591706 21.500000000000004 7.2250000000000005 34217.500000000007 9.0250000000000021 32917.104166666672 61.402534056549527 21.500000000000004 229.50000000000003 1707.0000000000002 29393.500000000004 12.913877785682132 19.500000000000004 52352.000000000007 61.886186547413232 -1704.9999999999998 494.50000000000006 67.621995791666691 -6020.4999999999991 5.9203007598433919 81.126410000000007 27484.500000000004 84886.500000000015 1305.5000000000002 36803.000000000007 59.676528266765423 27640.250000000004 4.8779650023534948 2.6499999999999999 83.500000000000014 -391.99999999999994 7.5250000000000012 88.302103000000002 300.79166666666669 968.56250000000011 3561.8750000000005 89.546590000000023 31498.500000000004 802.91666666666686 217.50000000000003 21.500000000000004 100314.31250000001 3996.0000000000005 188.56250000000003 85931.500000000015 2072.5208333333335 78490.000000000015
decision_type=2 2 2 2 2 2 2 2 2 2 2 2 2 2 2 2 2 2 2 2 2 2 2 2 2 2 2 2 2 2 2 2 2 2 2 2 2 2 2 2 2 2 2 2 2 2 2 2 2 2 2 2 2 2 2 2 2 2 2 2 2 2
left_child=1 3 4 6 7 22 -1 9 23 18 11 -11 -13 14 17 -9 19 58 -2 -3 27 40 41 45 35 -26 -10 51 29 30 -29 -32 -31 -30 53 -25 -5 -24 -39 -40 -22 42 59 49 -16 46 -7 48 -48 50 -43 -19 -53 -20 -55 -15 57 -57 -4 61 -61 -6
right_child=2 16 13 36 5 8 -8 15 26 10 -12 12 -14 55 44 -17 -18 20 34 -21 21 -23 37 24 25 -27 -28 28 33 32 31 -33 -34 -35 -36 -37 -38 38 39 -41 -42 43 -44 -45 -46 -47 47 -49 -50 -51 -52 52 -54 54 -56 56 -58 -59 -60 60 -62 -63
leaf_value=2.3033706085773775 -23.274183903568346 -19.663567571328809 -6.8291712644473384 -46.033679761734327 -1.6593665952429457 31.990442424285057 -22.858732288977254 -0.40552518170443125 -7.2279548849134549 -8.7683577590525434 0.36897400299491429 -39.460863904974879 -0.820238236381863 177.16960496976904 -16.304394796377398 -64.475286523306394 -29.066136045525344 5.1295590324233906 10.256182031568329 3.2781644376113994 19.63941892381937 -43.969558400860628 -3.4906803265927939 -25.408014006509383 0.8360728996055885 -2.5368801848820115 -7.8413448078996462 5.1651622657224312 -5.056281599434735 -20.033774162686935 0.85543316938902458 -31.475111647269479 -6.5931094765172427 3.968892239819604 -1.2438671922141196 -1.320829874832655 -47.628718453013192 9.885313439832192 -16.019951165342139 0.66255236699973841 -6.5233152664418066 -11.740503515626692 -3.6492434129950526 -6.8893763932644063 188.84109663172819 10.884622762849629 -1.7775270745281861 1.4968443189667719 -14.266916172930195 34.388710955537142 17.185317411014402 -11.84123716111054 8.5949678344777158 -1.354576568144235 0.47309422316103206 4.2484681404288436 97.651229895846541 -17.631393958190589 99.930291088938318 17.418740709872758 -6.8862987162941858 18.837085249273112
leaf_weight=24 20 22 25 20 20 39 20 21 22 35 39 20 20 1952 21 21 20 183 71 126 50 20 34 21 76 33 21 81 21 31 24 27 25 155 22 21 20 67 25 53 32 36 23 34 706 277 38 47 36 1180 42 23 53 22 185 35 177 27 252 50 24 134
leaf_count=24 20 22 25 20 20 39 20 21 22 35 39 20 20 1952 21 21 20 183 71 126 50 20 34 21 76 33 21 81 21 31 24 27 25 155 22 21 20 67 25 53 32 36 23 34 706 277 38 47 36 1180 42 23 53 22 185 35 177 27 252 50 24 134
internal_value=0.00119124 -0.00448631 0.00140374 -0.0126635 0.000358418 0.000907739 -0.00578231 -0.00235035 -0.000846142 -0.00169316 -0.00512708 -0.0085486 -0.0141397 0.00215734 0.00140189 -0.00904988 -0.000374777 0.000392177 -0.000459231 0.000749494 -0.000388912 -0.00373164 0.00155217 -0.000362183 -0.00273991 -0.000274977 -0.00737819 0.000154068 -0.000947542 -0.00304625 -0.00129447 -0.00634051 -0.0071123 0.00127768 8.99701e-05 -0.00904988 -0.0201247 -0.00100502 8.27017e-05 -0.00234315 -0.000255786 0.00185082 0.000358423 0.00213838 0.00278916 0.000452986 -0.00110556 -0.00242775 -0.00465587 0.00225817 -0.000422535 0.00171362 -0.000512483 0.000614887 -0.000173829 0.00275204 0.00135508 -0.00227053 0.00244677 0.00101271 -0.00101215 0.00200519
internal_weight=7001 252 6749 84 2829 2353 44 476 631 434 114 75 40 3920 1729 42 168 1002 320 148 725 102 1722 588 151 109 43 623 364 188 132 51 56 176 300 42 40 179 145 78 82 1543 251 1292 727 437 160 121 74 1258 78 259 76 278 207 2191 239 62 277 228 74 154
internal_count=7001 252 6749 84 2829 2353 44 476 631 434 114 75 40 3920 1729 42 168 1002 320 148 725 102 1722 588 151 109 43 623 364 188 132 51 56 176 300 42 40 179 145 78 82 1543 251 1292 727 437 160 121 74 1258 78 259 76 278 207 2191 239 62 277 228 74 154
is_linear=0
shrinkage=0.03


Tree=73
num_leaves=63
num_cat=0
split_feature=70 9 70 27 51 5 69 27 52 1 16 38 5 16 49 5 49 37 56 20 27 23 25 66 50 65 10 39 17 22 21 38 30 26 33 63 2 39 49 44 15 7 50 19 2 14 7 16 26 48 63 28 62 67 49 51 11 21 22 22 2 39
split_gain=9.7442 5.59777 8.26465 6.39751 3.3775 2.7919 2.77472 2.731 3.66182 3.46141 2.42666 2.95451 2.52454 2.47141 2.804 2.3344 1.92962 2.58998 1.6381 2.6917 3.60955 2.3253 1.48481 3.13506 2.06026 1.62368 1.43848 1.30284 1.24306 1.71944 2.38603 1.48908 1.60614 1.27619 1.14061 1.53104 1.07269 1.0356 0.968943 1.37691 1.5531 1.16434 0.951699 1.99032 2.12208 1.00972 0.944324 1.22092 0.898515 1.27363 0.846363 0.793049 0.748826 1.61204 0.70654 0.694986 0.67063 0.649748 0.644342 0.63634 0.632241 0.521643
threshold=92734.312500000015 1.0000000180025095e-35 79742.812500000015 14.570933194082363 1405.5000000000002 4.5000000000000009 72472.000000000015 16.354651493598599 1251.5000000000002 19.325000000000006 -814.49999999999989 22367.875000000004 3.5000000000000004 -5687.9999999999991 849.50000000000011 2.5000000000000004 1168.5000000000002 13604.500000000002 34.500000000000007 16.873958333333338 9.416276847059363 78.328592000000015 82.464025000000007 1073.1041666666667 227.41666666666671 913.00000000000011 1.0000000180025095e-35 51668.000000000007 12.675000000000002 0.94999999999999962 3.8403647021594538 11928.750000000002 53.830683462150077 55.912493729166677 2.139655502456598 2602.5000000000005 65.533680000000018 43305.000000000007 338.50000000000006 32419.500000000004 11673.20289029479 24.500000000000004 567.00000000000011 13.275000000000002 56.105232500000007 73270.250000000015 1.5000000000000002 294.50000000000006 64.522752104166685 703.50000000000011 7266.0000000000009 3.2150135000000035 2186.8958333333339 92328.000000000015 83.500000000000014 563.50000000000011 74713.000000000015 5.575991503872662 -0.27499999999999858 -1.05 83.635612500000022 29823.000000000004
decision_type=2 2 2 2 2 2 2 2 2 2 2 2 2 2 2 2 2 2 2 2 2 2 2 2 2 2 2 2 2 2 2 2 2 2 2 2 2 2 2 2 2 2 2 2 2 2 2 2 2 2 2 2 2 2 2 2 2 2 2 2 2 2
left_child=1 2 3 4 -1 37 -7 16 52 15 11 12 38 14 -14 -10 18 -18 19 34 -21 -22 25 26 -25 27 -24 -15 29 31 -31 32 -8 -30 35 -4 -17 42 -2 40 41 -40 45 44 -44 -3 47 -47 49 61 -27 -19 -9 -54 -13 -12 -57 -58 -37 -36 -46 -20
right_child=10 5 7 -5 -6 6 28 8 9 -11 55 54 13 22 -16 36 17 51 48 20 21 -23 23 24 -26 50 -28 -29 33 30 -32 -33 -34 -35 59 58 -38 -39 39 -41 -42 -43 43 -45 60 46 -48 -49 -50 -51 -52 -53 53 -55 -56 56 57 -59 -60 -61 -62 -63
leaf_value=1.3938802063313409 53.245904785146877 -6.5801271116415325 -9.3788379623475624 -50.438673986674921 -24.517566975733949 -20.25001221017402 4.230986542083742 1.3888133232951474 -9.4831010796687938 10.93036362765535 -6.5901520700437821 -15.815262952486171 -3.9143287021493061 -22.117781522421932 -47.631405813213647 -16.355306549950974 -39.50804965136885 -8.3552000105309094 -1.9836061404250227 -34.136438602753977 -12.24090355915329 1.2966697665601932 -42.213871885618488 -31.17023394430872 3.9565384234841554 2.316339913226876 -5.059256417126238 1.303933493754696 -8.4525353116113671 -6.8580757166519799 1.633480177658263 1.9629628155819747 -6.4991943906984577 7.9437716166016106 -0.33865732024857648 0.76306100589760795 -54.086735668444057 -10.922145309525407 -10.112670862910186 22.663153952679853 13.652402780493144 4.5109624181232304 -10.556842799695088 48.262502953333865 17.573220911573014 -20.316302745944625 39.423328170219058 71.457725735495146 1.8876799394511794 -14.07920038382796 -8.3238311976511277 1.526992963913441 -4.1206494812242429 16.621835134712008 178.27061548550549 -2.9681057933685522 135.52788508424024 -1.9043190403680021 -8.0079129857607985 3.6270112539700445 -10.54720869900712 3.0556980227406108
leaf_weight=27 287 20 20 24 23 34 23 52 20 20 20 21 27 20 20 20 21 34 29 28 20 40 21 27 118 251 24 22 25 39 22 93 30 215 32 25 20 24 39 168 42 27 22 90 24 20 846 22 312 28 20 29 26 20 650 21 2440 22 20 141 20 114
leaf_count=27 287 20 20 24 23 34 23 52 20 20 20 21 27 20 20 20 21 34 29 28 20 40 21 27 118 251 24 22 25 39 22 93 30 215 32 25 20 24 39 168 42 27 22 90 24 20 846 22 312 28 20 29 26 20 650 21 2440 22 20 141 20 114
internal_value=0.00115696 -0.000248701 -0.00184438 -0.0115385 -0.00532934 0.0009139 -0.000985242 -0.00117076 -0.00456485 -0.00932584 0.00204754 0.00119892 0.000247956 -0.00119433 -0.0077707 -0.0129285 -0.000490426 -0.0048157 -3.70781e-05 -0.00168353 -0.00616345 -0.00194676 -0.000572451 -0.00266702 -0.000496209 0.000689876 -0.00957871 -0.00477435 -0.000348915 -0.00205698 -0.00628478 -0.00026694 -0.00429379 0.00111204 -1.25996e-05 -0.00341014 -0.0171322 0.00175627 0.00166223 0.000380297 -0.00224792 -0.00512859 0.00189738 -0.00024984 -0.00422088 0.00226957 0.00242202 -0.00192399 0.0010681 -0.000666277 0.00154924 -0.00171157 -0.000642202 -0.00344902 0.00277157 0.00265111 0.00269663 0.00274278 -0.000266075 0.00124783 -0.000340136 0.000461216
internal_weight=7001 2714 1145 74 50 1569 481 1071 178 80 4287 1784 1113 550 47 60 893 84 809 326 88 60 503 190 145 313 45 42 447 207 61 146 53 240 238 65 40 1088 563 276 108 66 1064 156 66 908 888 42 483 171 271 63 98 46 671 2503 2483 2462 45 173 44 143
internal_count=7001 2714 1145 74 50 1569 481 1071 178 80 4287 1784 1113 550 47 60 893 84 809 326 88 60 503 190 145 313 45 42 447 207 61 146 53 240 238 65 40 1088 563 276 108 66 1064 156 66 908 888 42 483 171 271 63 98 46 671 2503 2483 2462 45 173 44 143
is_linear=0
shrinkage=0.03


Tree=74
num_leaves=63
num_cat=0
split_feature=42 49 22 14 16 1 33 59 59 5 7 32 45 60 55 36 64 66 23 2 39 39 22 65 26 63 15 7 60 62 31 1 56 16 32 54 49 39 18 48 49 1 52 30 3 13 36 49 67 22 48 19 63 60 58 33 63 63 62 44 56 41
split_gain=8.90719 7.87293 7.2709 5.76584 5.27632 4.63212 4.26106 3.30516 3.23316 2.89562 2.07192 2.2122 2.02826 1.88595 1.81289 2.14366 1.78442 1.67305 2.19604 2.72196 1.47531 1.46509 1.35988 1.10769 1.06713 1.06974 1.71449 1.28764 2.53837 1.98412 2.19561 0.91809 2.28619 0.916519 2.32539 3.37829 0.871147 0.85753 0.847838 0.913349 0.821054 1.23567 1.42084 0.799931 1.07158 0.755533 0.743269 0.739078 0.719641 0.635256 0.655262 0.756916 0.635219 1.27231 0.597765 0.564648 0.846598 0.945785 0.541255 0.632565 0.50522 0.46994
threshold=30334.583333333336 573.50000000000011 -0.4500000000000019 103471.25000000001 -57.499999999999993 7.2250000000000005 2.1993993938896703 1589.5000000000002 2738.5000000000005 4.5000000000000009 4.5000000000000009 49.923273454655877 27959.000000000004 2905.5000000000005 6442.5000000000009 18977.000000000004 4765.0000000000009 2291.6250000000005 69.884347500000004 77.991927000000018 29970.000000000004 37358.000000000007 1.7499999999999998 8547.5000000000018 50.723711625 3741.5000000000005 10884.824951886889 14.500000000000002 1556.5000000000002 1282.854166666667 57.992084691851218 14.275000000000002 3881.5000000000005 -3443.9999999999995 63.26292827384507 2016.3958333333335 210.50000000000003 38207.500000000007 10.025000000000002 210.50000000000003 338.50000000000006 13.575000000000001 818.50000000000011 59.249788496626152 61.093732408019356 105414.00000000001 12949.500000000002 368.50000000000006 83782.500000000015 1.0249999999999988 222.50000000000003 -7.8749999999999991 7266.0000000000009 2431.5000000000005 2969.3333333333335 3.4711441360947437 3700.5000000000005 2296.0000000000005 2414.5208333333339 32704.500000000004 21.500000000000004 27794.000000000004
decision_type=2 2 2 2 2 2 2 2 2 2 2 2 2 2 2 2 2 2 2 2 2 2 2 2 2 2 2 2 2 2 2 2 2 2 2 2 2 2 2 2 2 2 2 2 2 2 2 2 2 2 2 2 2 2 2 2 2 2 2 2 2 2
left_child=1 6 -3 4 5 22 -1 9 46 40 43 -12 21 20 15 24 -16 18 -11 -20 31 -13 -2 48 -14 26 27 29 -29 -26 -31 32 54 34 35 36 -5 -21 39 -19 55 42 -42 -9 -45 -30 -8 -24 -15 50 -50 -52 -27 -54 -6 -7 57 -57 59 -53 -43 -40
right_child=3 2 -4 33 13 7 8 10 -10 17 11 12 14 23 16 -17 -18 38 19 37 -22 -23 47 -25 25 52 -28 28 45 30 -32 -33 -34 -35 -36 -37 -38 -39 61 -41 41 60 -44 44 -46 -47 -48 -49 49 -51 51 58 53 -55 -56 56 -58 -59 -60 -61 -62 -63
leaf_value=-28.58662349749542 34.419296452866114 -41.7360221474108 -11.62004532741941 -15.728315056486393 -3.3592729978516749 28.149905623487705 12.081213330278102 4.0200603225969145 -24.982206425961543 0.58275014586417073 -15.734736560328871 -6.0269643147689784 -1.116689773761709 -7.6008142342876193 -2.8930036043967204 -47.189003773882817 -26.482653810516517 0.4748722445330068 -29.313924372287797 0.39472428496944784 44.908987076472776 -27.850027607744124 14.209194872308533 -6.3389737584126165 -5.3493994817699999 1.3215769759935927 1.6505020602754488 -5.1247384755776055 2.0705470901269742 -12.847658047101918 -30.95376545412477 6.6353191960595943 -3.119663567304745 267.13425331957382 86.368213845271413 -60.774470634166327 11.75292788004926 -8.9726862614950047 -2.7960920534928011 -9.4441534004085366 50.216626014538512 -2.3278224314504232 -18.993738732930424 -18.286064265606452 2.9389351825700412 -1.6874654982066259 -2.6595619864366897 -11.982831694764787 9.6560375793328905 -6.1384845832370472 -3.4461464869109459 1.7177598543647943 5.5722256800209831 -8.6272927109895701 5.1118087282896632 0.93398122463912159 27.210922965961924 -19.49994994294692 23.192561986948196 -7.2778687643930269 8.6686926908310227 0.63707916963848632
leaf_weight=24 546 38 40 28 28 345 177 73 34 32 23 24 22 23 33 31 20 21 20 25 1630 27 24 22 33 93 86 29 77 28 22 85 21 1743 319 20 77 26 25 20 20 22 27 20 27 20 23 20 114 26 22 213 24 20 45 21 41 23 74 29 60 96
leaf_count=24 546 38 40 28 28 345 177 73 34 32 23 24 22 23 33 31 20 21 20 25 1630 27 24 22 33 93 86 29 77 28 22 85 21 1743 319 20 77 26 25 20 20 22 27 20 27 20 23 20 114 26 22 213 24 20 45 21 41 23 74 29 60 96
internal_value=0.00116553 -0.00359714 -0.0119462 0.00140613 0.000788504 -0.00028377 -0.00105773 -0.00114324 0.000166596 0.000156535 -0.0026103 -0.00331809 -0.00295366 0.00177651 -0.0024029 -0.00181818 -0.00768362 -0.00242173 -0.00541222 -0.00835443 0.00223537 -0.00868885 0.00197763 0.000183521 -0.00128826 -0.000951169 -0.00197221 -0.00344333 -0.00149881 -0.00635379 -0.0101198 -0.000335008 -0.00239107 0.00266929 0.00143887 -0.00201439 0.000114177 -0.00457926 -0.000499691 -0.00423358 0.00138437 -0.000697134 -0.00458599 0.000974188 -0.00203822 0.000803296 0.00163418 -0.00306122 0.000478946 0.000734156 0.00100199 0.000328305 0.00122538 -0.00170068 8.20795e-05 0.00201581 -0.00014101 -0.00306122 0.0007118 1.23917e-05 0.00149817 0.000743188
internal_weight=7001 336 78 6665 4478 2146 258 1556 234 824 732 612 589 2332 538 485 53 265 103 71 1809 51 590 523 454 432 295 209 126 83 50 179 94 2187 444 125 105 51 162 41 559 129 47 120 47 97 200 44 501 478 452 338 137 44 73 430 85 44 316 242 82 121
internal_count=7001 336 78 6665 4478 2146 258 1556 234 824 732 612 589 2332 538 485 53 265 103 71 1809 51 590 523 454 432 295 209 126 83 50 179 94 2187 444 125 105 51 162 41 559 129 47 120 47 97 200 44 501 478 452 338 137 44 73 430 85 44 316 242 82 121
is_linear=0
shrinkage=0.03


Tree=75
num_leaves=63
num_cat=0
split_feature=70 4 70 49 14 60 20 58 34 8 25 35 51 13 24 56 11 49 46 46 45 17 51 4 50 53 49 41 26 60 9 67 7 42 17 12 25 29 46 4 55 45 60 22 61 44 45 2 45 25 4 67 30 53 17 1 44 64 56 20 4 38
split_gain=10.2215 7.61778 4.6859 5.51952 4.26667 3.65077 2.93757 3.31477 1.7906 1.59488 2.31973 3.11201 2.69462 1.75643 2.65571 1.48419 1.3765 2.14339 1.32956 3.13645 1.19485 3.09687 1.14305 1.17056 1.93066 1.40386 1.06039 1.04662 1.1165 1.31313 1.0084 0.923 0.902066 0.879642 0.873143 1.84962 0.801993 1.03935 0.765642 1.81934 0.784886 0.964584 0.739197 0.69935 1.10747 0.67117 0.832868 1.242 0.910602 0.771515 0.612852 1.29187 0.861607 0.576817 0.574245 1.387 0.85753 0.701188 0.568409 0.666057 0.554938 1.2637
threshold=83379.708333333343 6.5000000000000009 79742.812500000015 573.50000000000011 103471.25000000001 3363.5000000000005 16.046875000000004 2851.9791666666674 2.252732531485869 1.0000000180025095e-35 90.49160000000002 13470.500000000002 1086.5000000000002 70935.000000000015 92.912472500000021 9.5000000000000018 83758.500000000015 328.50000000000006 28292.750000000004 28199.541666666668 27491.500000000004 15.125000000000002 494.50000000000006 8.5000000000000018 435.93750000000006 1033.5000000000002 973.50000000000011 33711.500000000007 57.950117083333339 4514.0000000000009 1.0000000180025095e-35 85991.500000000015 5.5000000000000009 30863.916666666668 24.825000000000006 113091.00000000001 78.891633000000013 50.213819663574235 32780.958333333343 21.500000000000004 339.00000000000006 28923.500000000004 1461.5000000000002 -0.82499999999999918 3839.5000000000005 27889.000000000004 27539.500000000004 55.305881500000005 27224.500000000004 58.06081600000001 21.500000000000004 91672.000000000015 58.773461046762939 2230.5000000000005 5.7250000000000005 17.775000000000002 31461.000000000004 2464.5000000000005 339.00000000000006 15.930208333333335 6.5000000000000009 19981.729166666668
decision_type=2 2 2 2 2 2 2 2 2 2 2 2 2 2 2 2 2 2 2 2 2 2 2 2 2 2 2 2 2 2 2 2 2 2 2 2 2 2 2 2 2 2 2 2 2 2 2 2 2 2 2 2 2 2 2 2 2 2 2 2 2 2
left_child=1 2 3 -1 5 9 15 -8 20 18 13 -12 -13 14 -11 -4 17 -7 19 45 21 -3 -15 24 -24 -26 36 -18 29 43 31 -20 -27 -17 35 38 53 -38 40 -40 41 -30 -39 -29 -45 46 48 49 -2 -48 52 -52 -33 -22 -54 56 -56 -57 59 -43 61 -6
right_child=4 8 6 -5 60 16 7 -9 -10 10 11 12 -14 22 -16 33 27 -19 30 -21 26 -23 23 -25 25 32 -28 28 34 -31 -32 50 -34 -35 -36 -37 37 42 39 -41 -42 58 -44 44 -46 -47 47 -49 -50 -51 51 -53 54 -55 55 57 -58 -59 -60 -61 -62 -63
leaf_value=-32.105159930069789 25.250096276456397 -24.187350738041381 -9.3429740883815047 -47.778620084088466 -6.3678827553805082 1.2264574609469436 -3.5384547614084672 -27.883734996624469 -22.403448979940784 -22.641955026518211 0.39920361413794792 -34.298175208824588 -4.4645441784518898 -4.5693504130385669 1.8427884644962338 -6.507680533441496 -11.536715523876026 -38.222720934308384 -2.0438655236269079 -61.208990601679524 10.167135014855065 0.83433295711766819 1.2416840723118772 43.374770031251828 -11.103984844402774 -7.7125156197865872 -10.725318955810026 0.5841225233236067 -2.1204812350456588 -12.251100724967127 71.199465362973697 24.210185576609671 1.2819180696892416 5.9502691863774579 38.315226127520688 -18.113275962714958 -17.158523105875364 7.102035440318784 0.47667485748461663 -30.082707868865299 1.5731086061421724 4.2398267594294783 -1.374382615092554 29.164307184303432 -6.7621983143470379 44.596558166799703 0.026209615700091015 23.751117338664358 -10.601052979383052 -10.010626072889256 -3.8136339974574383 4.4364039230533097 69.976846270815713 -0.80890303003039332 -3.0759687925031205 3.2668106534561345 -0.5711195140672547 -0.70323793907174059 -6.446866725231617 -4.8955787895880851 293.7449583467814 89.633776665689368
leaf_weight=36 21 27 28 20 65 22 26 33 24 21 80 23 38 27 26 37 34 20 23 25 264 36 150 490 38 22 38 33 26 24 1336 291 31 61 88 23 32 97 54 28 192 77 34 20 24 103 39 124 31 20 24 58 63 21 26 105 25 31 20 24 1552 570
leaf_count=36 21 27 28 20 65 22 26 33 24 21 80 23 38 27 26 37 34 20 23 25 264 36 150 490 38 22 38 33 26 24 1336 291 31 61 88 23 32 97 54 28 192 77 34 20 24 103 39 124 31 20 24 58 63 21 26 105 25 31 20 24 1552 570
internal_value=0.00118696 -0.0019715 -0.00644546 -0.0140642 0.00160301 0.00101922 -0.00411669 -0.00964467 -8.37549e-05 0.00144025 0.000396364 -0.0031467 -0.00824877 0.00102099 -0.00458599 -0.00149881 -0.000930757 -0.00619952 0.00186005 0.000181768 0.000262247 -0.00361331 0.00137317 0.00160033 -9.95436e-05 -0.00355653 0.000771446 -0.000593614 -0.000312747 -0.00320475 0.00216588 0.00118403 -0.000338983 0.000214067 0.00023116 -0.000303985 0.001185 -0.000478234 0.000142484 -0.00244823 0.000778532 -0.00085656 0.000686499 -0.00124514 -0.0037415 0.000949423 5.10422e-05 0.00101584 -0.00328215 -0.00253807 0.00140587 -0.000986602 0.00177416 0.00214662 0.000467813 -0.000352752 -0.00457926 0.00121234 0.000247729 0.00118694 0.00266929 0.00190836
internal_weight=7001 814 241 56 6187 4000 185 59 573 3291 946 141 61 805 47 126 709 42 2345 363 549 63 758 731 241 91 486 667 633 101 1982 646 53 98 532 444 448 163 421 82 339 147 131 77 44 338 235 183 52 59 623 82 541 285 250 187 51 136 121 101 2187 635
internal_count=7001 814 241 56 6187 4000 185 59 573 3291 946 141 61 805 47 126 709 42 2345 363 549 63 758 731 241 91 486 667 633 101 1982 646 53 98 532 444 448 163 421 82 339 147 131 77 44 338 235 183 52 59 623 82 541 285 250 187 51 136 121 101 2187 635
is_linear=0
shrinkage=0.03


Tree=76
num_leaves=63
num_cat=0
split_feature=43 70 22 27 11 5 16 32 22 38 52 45 49 0 52 17 43 49 61 47 49 53 64 38 21 12 5 11 2 25 55 55 66 59 49 46 46 21 22 25 13 33 21 49 49 66 16 34 66 64 70 20 27 49 43 18 5 48 26 46 30 34
split_gain=9.04409 5.31051 7.10889 6.00391 3.41502 3.67586 3.21462 2.85605 1.98137 2.21333 1.90792 1.72691 3.45663 1.71357 2.54392 1.57155 1.94621 3.12386 1.55235 1.49191 1.48022 3.57477 2.64959 1.32447 1.30914 1.25112 1.22929 1.24519 1.52741 1.27207 1.18988 1.57225 1.17735 1.11594 1.44379 1.10163 1.29591 1.11687 1.43402 0.921799 1.174 0.915631 1.70156 1.03906 1.10957 0.876348 0.823275 1.10042 1.04768 0.710846 0.672785 0.987746 0.66938 0.664077 0.628097 0.606229 0.586744 1.26991 0.497531 1.39116 0.477592 0.473883
threshold=30835.000000000004 80161.104166666672 -0.29999999999999932 13.555886640616796 79559.000000000015 5.5000000000000009 -1775.9999999999998 49.526910543619756 -0.20000000000000193 22367.875000000004 1232.5000000000002 29145.500000000004 799.50000000000011 111709.50000000001 2376.5000000000005 15.625000000000002 32753.500000000004 509.50000000000006 3839.5000000000005 301.50000000000006 594.50000000000011 1758.0000000000002 4000.5000000000005 10083.000000000002 2.4550833644689525 82290.000000000015 4.5000000000000009 75919.500000000015 86.283450000000002 69.486952500000015 29.500000000000004 95.500000000000014 2340.7083333333335 2288.0000000000005 212.50000000000003 28353.625000000004 28199.541666666668 4.5743832238867901 -0.12499999999999999 82.25190000000002 78254.500000000015 2.8776076850356458 4.9318388469571763 338.50000000000006 467.50000000000006 1419.3750000000002 -1704.9999999999998 0.52460659840888024 1644.1458333333335 3650.5000000000005 89987.854166666672 7.3072916666666679 13.683711157044741 83.500000000000014 27850.500000000004 12.975000000000001 4.5000000000000009 226.50000000000003 85.91733172916669 33116.062500000007 53.910333460607696 1.7689196644731384
decision_type=2 2 2 2 2 2 2 2 2 2 2 2 2 2 2 2 2 2 2 2 2 2 2 2 2 2 2 2 2 2 2 2 2 2 2 2 2 2 2 2 2 2 2 2 2 2 2 2 2 2 2 2 2 2 2 2 2 2 2 2 2 2
left_child=1 2 3 19 5 -5 7 -3 9 10 58 12 24 14 15 -12 30 45 26 -1 50 22 -22 -4 25 -9 35 28 29 -28 56 -32 -26 39 -35 36 37 -8 55 -29 -41 42 43 -13 -45 -18 -33 -48 -49 -46 -20 -52 -31 -11 -34 -39 -17 -58 -2 -60 -43 -37
right_child=8 6 23 4 -6 -7 18 11 -10 53 13 41 -14 -15 -16 16 17 -19 20 -21 21 -23 -24 -25 32 -27 27 33 -30 52 31 46 54 34 -36 61 -38 38 -40 40 -42 60 -44 44 49 -47 47 48 -50 -51 51 -53 -54 -55 -56 -57 57 -59 59 -61 -62 -63
leaf_value=3.4841121873668564 15.22183433895634 -25.524694892192315 -10.031382747034428 -2.2024054504192381 -33.939700120681955 -48.215186530929557 9.9125093498900512 -0.57106149113323268 155.80846117365445 -16.545407668188957 18.754879436041428 1.567236272081334 -46.14852112612774 52.994896835849872 -44.705595229550291 20.194136350619026 -27.688079426518705 -14.106878818791763 3.7940761008843742 -27.94829186475199 -6.7384687248297208 3.717090340263721 -35.103379286223422 6.7945674308992157 -5.7027801535538867 -8.6652515664018601 -5.8760394180799054 16.111544203058401 0.40288432979131666 -1.9195946738010552 -8.0305701039661166 0.75831675033868295 -0.51181363347663833 -7.0851048011041842 1.4320690849631326 42.213312712147278 -16.987954438173706 -1.5921819639543615 11.099128078854335 7.7881943453065139 -2.6328829542985357 -1.0561798927534849 -7.1679150566251852 -9.6905769147510838 1.7316795559931424 11.55156508381816 5.7086273497783768 -2.3253016144140926 -21.999778399436444 -4.5658234643665674 14.824302546745965 -2.003150864940467 0.53268689329244479 177.09643944042966 3.4526798707322754 -10.731208868447325 -19.773014409718954 6.396066096223592 92.879403002979004 -29.208737188534734 4.3517384902264746 -1.8017978567104158
leaf_weight=37 485 21 38 21 25 20 376 21 2082 22 87 104 33 149 38 109 22 38 103 20 38 59 22 91 32 20 20 256 86 34 36 40 36 32 30 813 38 22 36 31 24 24 26 20 50 29 23 28 20 21 36 25 26 679 68 21 21 28 35 21 116 37
leaf_count=37 485 21 38 21 25 20 376 21 2082 22 87 104 33 149 38 109 22 38 103 20 38 59 22 91 32 20 20 256 86 34 36 40 36 32 30 813 38 22 36 31 24 24 26 20 50 29 23 28 20 21 36 25 26 679 68 21 21 28 35 21 116 37
internal_value=0.00116125 -7.9758e-05 -0.00424831 -0.00940699 -0.0155673 -0.010073 0.000300316 -0.00165681 0.00209739 0.00139626 0.000615334 -0.00125022 -0.00341266 -0.000453525 -0.00127143 -0.000673457 -0.00148439 -0.00538721 0.000836913 -0.00220665 -0.00122925 -0.00377834 -0.00893511 0.000650659 -0.00172784 -0.00642336 0.00114925 -5.56482e-05 -0.00222155 -0.00520599 -0.000334316 -0.00228416 -0.000286554 0.000900563 -0.00275362 0.00163502 0.000498885 0.000949242 -0.0022756 0.00163934 -0.00185118 1.11542e-10 -0.00119403 -0.000215274 -0.00256861 -0.000469667 -0.000486048 -0.00244726 -0.00505197 -0.000759494 0.000603291 -0.00186579 -0.00294509 0.00273855 0.00123919 -0.00598608 0.0014611 -0.001222 0.00194049 -0.000695187 0.00190578 0.00229032
internal_weight=7001 3009 252 123 66 41 2757 592 3992 1910 1209 571 210 668 519 481 394 89 2165 57 283 119 60 129 177 41 1882 539 166 80 305 147 136 373 62 1343 493 455 79 311 55 361 221 195 91 51 111 71 48 71 164 61 60 701 104 43 158 49 541 56 140 850
internal_count=7001 3009 252 123 66 41 2757 592 3992 1910 1209 571 210 668 519 481 394 89 2165 57 283 119 60 129 177 41 1882 539 166 80 305 147 136 373 62 1343 493 455 79 311 55 361 221 195 91 51 111 71 48 71 164 61 60 701 104 43 158 49 541 56 140 850
is_linear=0
shrinkage=0.03


Tree=77
num_leaves=63
num_cat=0
split_feature=14 70 4 27 60 38 16 52 5 51 4 26 46 47 14 20 49 0 16 41 55 22 46 49 58 69 3 34 60 70 16 55 45 37 33 20 38 45 64 32 51 29 66 45 34 56 32 39 52 16 22 42 11 39 70 40 58 5 39 19 41 22
split_gain=9.21005 4.41157 7.31977 5.93641 2.97602 2.20355 3.12506 2.06392 2.01013 1.94803 1.79804 1.7641 2.64567 2.5152 1.75809 1.71832 1.70075 2.95491 1.62383 2.69358 1.68532 1.60155 1.43581 1.68211 1.67885 1.34628 1.38929 1.33923 1.33769 2.13304 3.01087 1.23382 1.25674 1.64045 1.23387 1.21514 1.14205 1.13971 1.12712 1.05261 1.01481 0.900729 0.931998 0.870296 1.18523 3.00586 0.863116 1.13209 0.826741 0.757207 1.00671 1.11769 0.681504 0.677395 1.1488 0.982395 2.49262 0.668121 1.03596 0.66221 0.637112 0.612312
threshold=89584.500000000015 80161.104166666672 7.5000000000000009 14.741654375795269 2156.0000000000005 22367.875000000004 -790.49999999999989 1245.5000000000002 4.5000000000000009 1360.5000000000002 21.500000000000004 67.714599937500012 32917.104166666672 213.50000000000003 107221.31250000001 22.452083333333338 228.50000000000003 78078.500000000015 699.00000000000011 34032.500000000007 8034.0000000000009 1.7500000000000007 28353.625000000004 867.00000000000011 2599.0208333333339 113072.00000000001 59.295593290544424 0.02115352917114777 3236.5000000000005 100470.60416666667 536.50000000000011 1177.5000000000002 30053.500000000004 12182.500000000002 3.1376833268035003 6.2885416666666671 12082.395833333334 28923.500000000004 5386.5000000000009 51.70383491531134 733.50000000000011 57.525832721214094 811.02083333333337 31701.500000000004 -0.19250974443995614 49.500000000000007 49.923273454655877 29090.000000000004 849.50000000000011 -1529.9999999999998 -0.39999999999999897 36419.625000000007 84139.000000000015 29420.500000000004 83662.583333333343 36292.000000000007 2839.4583333333339 5.5000000000000009 29970.000000000004 8.4250000000000025 37759.500000000007 -0.24999999999999992
decision_type=2 2 2 2 2 2 2 2 2 2 2 2 2 2 2 2 2 2 2 2 2 2 2 2 2 2 2 2 2 2 2 2 2 2 2 2 2 2 2 2 2 2 2 2 2 2 2 2 2 2 2 2 2 2 2 2 2 2 2 2 2 2
left_child=1 2 3 9 8 6 7 21 22 -1 38 13 43 -9 41 -14 46 40 19 39 31 -2 23 53 -25 26 -20 36 -8 30 -30 32 33 -21 37 -32 -19 60 -4 -6 -18 -15 -43 44 -13 -46 47 -10 -31 50 -24 -52 -33 54 -3 -55 -57 58 -48 -36 -35 -34
right_child=5 4 10 -5 18 -7 28 11 16 -11 -12 12 15 14 -16 -17 17 27 25 20 -22 -23 49 24 -26 -27 -28 -29 29 48 35 52 61 34 59 -37 -38 -39 -40 -41 -42 42 -44 -45 45 -47 57 -49 -50 -51 51 -53 -54 55 -56 56 -58 -59 -60 -61 -62 -63
leaf_value=-2.6463132111751362 13.318792185829992 14.868345472346169 3.6478457411398804 -44.867606355337692 -33.20322638270811 221.48921801072063 114.82489306236286 -17.42282169030441 0.80438364149689323 -26.316835511051671 -25.771589161466768 3.2634212138957475 11.197642087542567 -12.992353918786987 -41.28264473343912 -24.159642588415661 -1.4561985747233166 0.8405572034286074 2.431507273139732 3.0219197452741189 -18.911055187749835 -15.959942721199674 8.6708316650075119 -1.8207525505224933 -24.437025609719516 -8.8844332560891139 -0.93856908534181738 25.122785889433608 -30.365967417335828 -23.845629909004199 -2.314846994295078 -2.5269805131581564 1.0985205851210988 -17.809951989914595 -6.4891373427261643 18.618812103769496 -4.0545479584737452 -31.821981534346339 -18.331795035814185 -8.1862769712696188 -8.610846293204558 -0.61696146049865286 0.74624465132494522 38.225979335882045 -26.44294037025961 5.0860059994869484 -3.0001742396663547 -20.682760442202383 91.607891240765852 59.488822104101509 10.773138056572792 -13.240537819799945 1.369791837328016 14.604580832603169 -5.4259113303901705 -7.7497554615180269 28.310702346701376 8.4901631242587356 1.4993939540868406 0.93704162275113312 -0.39136441640970709 -18.085878865254319
leaf_weight=29 456 60 128 28 21 1564 1166 20 26 27 20 99 21 21 23 27 21 21 286 30 24 36 118 27 20 20 39 52 20 26 34 20 60 20 20 54 31 30 20 39 30 24 126 144 28 54 44 20 199 618 35 31 146 254 33 28 41 180 97 23 21 21
leaf_count=29 456 60 128 28 21 1564 1166 20 26 27 20 99 21 21 23 27 21 21 286 30 24 36 118 27 20 20 39 52 20 26 34 20 60 20 20 54 31 30 20 39 30 24 126 144 28 54 44 20 199 618 35 31 146 254 33 28 41 180 97 23 21 21
internal_value=0.0010884 -0.000220349 -0.00401031 -0.0112366 0.000144989 0.00199247 0.00145107 0.000216847 0.000832634 -0.00550802 -0.000374777 -0.000981093 0.000257304 -0.00315273 -0.00208655 -0.00629938 -0.000729745 -0.00336557 -0.00134984 -0.0024879 -0.00161889 0.0016521 0.00147973 0.000142518 -0.00522293 0.000208635 0.000682867 -0.000432277 0.0023374 0.000648454 -0.00280296 -0.00113526 -0.00258552 -0.00426787 -0.00591586 -0.000374574 -0.00385797 -0.00835443 0.000749494 -0.00843594 -0.00927593 -0.00101695 -0.00017988 0.00123654 -0.000132523 -0.00281364 0.000375919 -0.00344902 0.00231897 0.00224785 0.000537751 -0.00240545 0.000812763 0.00075703 -0.00148228 0.00141133 -0.00173661 0.000934288 -0.000595322 -0.00180974 -0.0049635 0.000369914
internal_weight=7001 2859 252 84 2607 4142 2578 1079 1787 56 168 587 373 214 194 48 522 155 820 475 415 492 1265 463 47 345 325 104 1499 333 108 391 225 144 114 88 52 71 148 60 51 171 150 325 181 82 367 46 225 802 184 66 166 416 93 323 69 321 141 43 41 81
internal_count=7001 2859 252 84 2607 4142 2578 1079 1787 56 168 587 373 214 194 48 522 155 820 475 415 492 1265 463 47 345 325 104 1499 333 108 391 225 144 114 88 52 71 148 60 51 171 150 325 181 82 367 46 225 802 184 66 166 416 93 323 69 321 141 43 41 81
is_linear=0
shrinkage=0.03


Tree=78
num_leaves=63
num_cat=0
split_feature=14 42 4 4 33 16 47 49 22 5 62 55 69 21 47 11 51 22 19 43 38 35 60 17 51 66 47 50 5 33 58 65 4 1 43 34 67 37 63 21 14 30 15 47 69 37 65 45 26 53 61 21 27 40 47 38 51 62 52 55 49 52
split_gain=8.68923 5.08686 8.12321 3.96124 3.74018 3.67675 3.14199 3.05732 2.20871 2.62593 2.69426 2.86523 4.27906 2.12625 2.11082 3.08256 3.39054 2.1331 2.79603 2.07739 2.01829 1.62926 1.54818 1.83306 1.33176 1.31419 2.0958 1.36813 1.2906 1.51857 1.56642 3.02841 1.23363 1.16776 2.59706 1.15161 1.08968 1.32342 1.287 1.05574 0.919366 1.31327 1.7538 1.95314 0.877898 1.14439 1.87463 0.868728 1.34516 0.737455 0.715354 0.69937 0.696406 1.24721 0.654259 0.644763 0.617159 0.589178 1.08079 0.620246 0.559402 0.993964
threshold=94832.604166666672 30334.583333333336 4.5000000000000009 21.500000000000004 2.1993993938896703 -264.99999999999994 228.50000000000003 573.50000000000011 -0.52499999999999936 3.5000000000000004 2421.2500000000005 1707.0000000000002 104194.50000000001 5.2699990028293771 855.50000000000011 96924.500000000015 1800.5000000000002 1.6000000000000005 0.87500000000000011 28272.000000000004 20578.770833333339 9671.0000000000018 3641.0000000000005 3.2750000000000004 2124.5000000000005 3450.6250000000005 684.50000000000011 338.72916666666669 4.5000000000000009 3.3835897392703091 3876.0416666666674 1659.5000000000002 20.500000000000004 8.7250000000000014 32492.500000000004 -0.18517407665729022 80869.500000000015 9023.5000000000018 2030.5000000000002 4.6621154869671697 83638.750000000015 55.461688078950466 6900.3494970990423 228.50000000000003 89452.500000000015 12154.000000000002 4129.0000000000009 29414.500000000004 68.288747187500022 1205.5000000000002 1531.5000000000002 4.7223535156538992 7.2174678767668228 36499.500000000007 361.50000000000006 12899.72916666667 448.00000000000006 898.41666666666674 1792.5000000000002 652.50000000000011 659.50000000000011 1622.5000000000002
decision_type=2 2 2 2 2 2 2 2 2 2 2 2 2 2 2 2 2 2 2 2 2 2 2 2 2 2 2 2 2 2 2 2 2 2 2 2 2 2 2 2 2 2 2 2 2 2 2 2 2 2 2 2 2 2 2 2 2 2 2 2 2 2
left_child=1 2 7 5 6 14 -4 -1 9 51 20 12 -12 32 17 16 -16 28 -19 -18 33 -5 36 -24 -21 26 27 -23 40 30 44 -32 -6 -11 35 -35 37 38 -7 -27 41 42 50 -44 45 -30 -47 48 -25 -20 -3 -2 53 -42 -54 -28 -38 58 -39 -59 -56 -62
right_child=8 3 4 21 13 22 -8 -9 -10 10 11 -13 -14 -15 15 -17 19 18 49 24 -22 25 23 47 -26 39 55 -29 29 -31 31 -33 -34 34 -36 -37 56 57 -40 -41 52 -43 43 -45 -46 46 -48 -49 -50 -51 -52 -53 54 -55 60 -57 -58 59 -60 -61 61 -63
leaf_value=-20.430013480944176 66.196985073989154 24.298397020685776 -29.520672569927555 -19.3916909330739 17.800053067550383 -5.7297477943858413 -6.2644033266518129 -39.637038162474006 124.51981038526014 45.290366611257213 -6.3671882378535578 25.706626842597785 -62.129202304765748 -24.807028529376886 0.24778897824927248 1.2469605632481682 -10.94172941255054 -16.652111448758642 2.3509281788988834 -45.634798097792633 108.06849311490122 -3.4012384422762403 -4.3235088967678239 -1.6674163273581148 -7.6293464145181762 8.8928433033548817 10.947259065774981 -16.133698406878381 0.10815732736749001 4.581802230463599 2.1488696215679135 -33.983268925606446 -11.110317229346945 -3.6276279875328967 -25.164283838240941 3.844403597207259 -1.2262192661250255 -5.6881436870432633 1.057494740197932 -2.9914533066499671 43.752035451172617 3.7967185462548905 -6.6508989483914851 -7.4579623956446692 1.6947266759059658 -10.824664689870412 -1.8806338652682328 6.7638160793530142 1.8483968288040047 -3.3180036065325402 -1.4790762528171668 -3.4389788338946468 17.621163557047193 -6.1252632448520759 4.8743468925742404 -1.7037687988869568 49.22147259544581 11.499322558591336 11.540786255655069 -1.2794893031945058 -0.76641713341383066 0.89037399999124833
leaf_weight=39 474 41 20 38 175 21 25 30 2422 32 39 33 27 25 43 75 29 21 44 22 165 38 31 25 20 87 34 37 83 85 21 29 22 38 26 45 21 21 24 26 23 112 26 21 38 24 37 92 37 24 35 29 352 20 84 22 1146 226 20 27 20 33
leaf_count=39 474 41 20 38 175 21 25 30 2422 32 39 33 27 25 43 75 29 21 44 22 165 38 31 25 20 87 34 37 83 85 21 29 22 38 26 45 21 21 24 26 23 112 26 21 38 24 37 92 37 24 35 29 352 20 84 22 1146 226 20 27 20 33
internal_value=0.00110554 9.80634e-05 -0.00341863 0.00045336 -0.00103332 0.000768399 -0.00891353 -0.0125904 0.00221525 0.000948134 -0.000844236 -0.00514632 -0.00875946 0.000553805 -0.000389839 -0.00333157 -0.00644172 8.18346e-05 -0.0043771 -0.0104641 0.00053904 -0.00294576 0.00170303 -0.000875202 -0.0147506 -0.00202786 -0.00407323 -0.0073502 0.000451066 -0.00115421 -0.00241706 -0.00712575 0.00161339 -0.00208363 -0.0035747 -0.000938628 0.00202178 0.000513123 -0.00425721 0.000318302 0.0011185 -0.000433858 -0.00258327 -0.00713376 -0.00110379 -0.00218598 -0.00530278 0.000447761 -0.00227053 -0.00136564 0.000197109 0.00239714 0.00180981 -0.00180974 0.00213453 0.00026738 0.00245737 0.00125468 -0.0020438 0.00180166 0.00035011 -0.0020339
internal_weight=7001 3671 336 3335 267 3053 45 69 3330 908 405 99 66 222 1362 189 114 1173 89 71 306 282 1691 185 42 244 131 75 1084 317 232 50 197 141 109 83 1506 339 45 113 767 235 123 47 182 144 61 154 62 68 76 503 532 43 489 56 1167 294 41 253 137 53
internal_count=7001 3671 336 3335 267 3053 45 69 3330 908 405 99 66 222 1362 189 114 1173 89 71 306 282 1691 185 42 244 131 75 1084 317 232 50 197 141 109 83 1506 339 45 113 767 235 123 47 182 144 61 154 62 68 76 503 532 43 489 56 1167 294 41 253 137 53
is_linear=0
shrinkage=0.03


Tree=79
num_leaves=63
num_cat=0
split_feature=43 70 4 33 9 48 21 17 27 5 59 24 36 14 48 63 33 28 30 62 34 32 60 19 67 43 51 26 60 25 48 4 68 22 16 42 16 32 33 5 25 68 2 17 19 17 49 24 15 54 63 22 51 45 63 11 22 35 69 7 11 17
split_gain=8.43075 4.72135 6.61349 5.24629 2.8277 2.37779 3.23018 2.50107 2.24559 2.1991 2.22745 2.08403 2.60134 2.04524 2.61359 1.91122 1.84624 1.73027 1.71821 1.68489 2.50154 2.67911 1.59811 1.23686 1.3079 3.58787 1.51802 2.31085 1.21949 1.39627 1.36851 1.16291 1.26662 1.16289 1.14825 1.01586 0.905527 1.76881 2.7884 4.45179 0.882926 0.847667 1.21187 0.802136 1.5286 0.780959 1.46202 1.66514 0.91225 1.87704 1.21429 0.757797 1.13209 0.692037 0.681834 0.63507 0.906843 0.634447 0.570165 0.957631 0.504729 0.49348
threshold=30835.000000000004 80161.104166666672 7.5000000000000009 2.4874426051491003 1.0000000180025095e-35 218.50000000000003 4.8363328554670382 22.175000000000001 14.570933194082363 4.5000000000000009 1796.5000000000002 91.769973000000007 16674.000000000004 103471.25000000001 1529.0000000000002 6962.5000000000009 3.2953650630963693 2.1904524999999997 60.389750862887375 1575.729166666667 -0.35242888228830432 60.369299087965715 3017.5000000000005 9.8750000000000018 91672.000000000015 29879.000000000004 1732.5000000000002 69.222267541666682 3694.5000000000005 58.782972000000008 1380.5000000000002 20.500000000000004 90746.500000000015 -0.75000000000000033 -5253.9999999999991 45522.041666666679 -3491.9999999999995 63.26292827384507 2.2814562089568122 3.5000000000000004 68.326919500000017 83524.000000000015 80.854427000000015 24.875000000000004 24.325000000000006 10.575000000000001 225.50000000000003 56.128643000000004 6050.6918534010247 1409.5833333333337 8383.0000000000018 -0.24999999999999992 733.50000000000011 27491.500000000004 1697.5000000000002 73172.000000000015 -0.32499999999999923 16633.500000000004 108381.00000000001 12.500000000000002 92190.000000000015 14.125000000000002
decision_type=2 2 2 2 2 2 2 2 2 2 2 2 2 2 2 2 2 2 2 2 2 2 2 2 2 2 2 2 2 2 2 2 2 2 2 2 2 2 2 2 2 2 2 2 2 2 2 2 2 2 2 2 2 2 2 2 2 2 2 2 2 2
left_child=1 2 3 -1 5 54 11 15 -5 45 35 23 -13 14 18 40 -12 53 22 34 21 -21 55 -7 25 26 31 -28 -26 30 -30 -25 -33 -29 -20 41 37 38 39 -15 -8 42 -11 44 51 46 -6 -48 50 -50 -49 -24 -53 -4 -3 56 -2 -22 -36 -60 -31 -43
right_child=13 4 17 8 9 6 7 -9 -10 10 16 12 -14 36 -16 -17 -18 -19 19 20 57 -23 43 24 28 -27 27 33 29 60 -32 32 -34 -35 58 -37 -38 -39 -40 -41 -42 61 -44 -45 -46 -47 47 48 49 -51 -52 52 -54 -55 -56 -57 -58 -59 59 -61 -62 -63
leaf_value=-43.790558884877804 19.706962357261766 -4.1540577063772428 -28.336556566580612 -13.684100051383021 28.36674107048632 7.9059475696001522 -13.059872014216284 0.86437294049196067 -23.614849839502977 -7.0810010843454121 -6.8538542215901916 -0.5029754512469321 -59.888288580713095 32.477087336102336 -14.271539574470811 -11.996687168283621 -0.34352026568571276 -21.621955710003324 -0.35051009042632075 -18.841000895761827 -5.214423411904713 0.19529045643219772 0.65640971955806693 5.6583761032879138 1.773785634136102 -28.615862605006487 -15.845053170907828 4.7497654894645809 -8.3075204081508502 -3.4964084677003315 0.19192029722865217 -6.627705236232214 2.5122982099262603 -11.819283118143726 13.165259058142263 -3.233756946734649 239.97603571545923 67.970548539333322 8.6083258031041385 -63.215802757778221 -25.211674230666766 0.06606183771625572 0.091869897714953658 34.191621208679543 -16.182688910437125 38.327747874222851 -9.5429205000257156 20.121208650654939 12.148529441183172 -11.437619317042243 -8.7750573322010279 -4.2527604938135291 43.795018894403569 4.7815369428987538 1.8182091043459041 58.348893339723148 -9.8379517567102948 4.619327313043935 -18.595235055803318 4.6625172711685128 1.0713641451660341 26.765617675749336
leaf_weight=21 23 30 21 43 261 96 22 29 20 36 22 39 22 20 32 34 27 34 27 36 36 23 101 102 185 20 22 33 30 28 26 27 30 29 149 28 1751 311 77 25 21 105 110 66 23 666 32 135 21 24 21 20 26 113 284 1084 20 54 20 68 42 118
leaf_count=21 23 30 21 43 261 96 22 29 20 36 22 39 22 20 32 34 27 34 27 36 36 23 101 102 185 20 22 33 30 28 26 27 30 29 149 28 1751 311 77 25 21 105 110 66 23 666 32 135 21 24 21 20 26 113 284 1084 20 54 20 68 42 118
internal_value=0.0011184 -7.9758e-05 -0.00401031 -0.0108799 0.000278554 -0.000854834 -0.00169155 -0.00658812 -0.00646593 0.00109271 -0.00069267 -0.00097661 -0.00628478 0.00202224 0.00127261 -0.00941634 -0.00672098 -0.000553242 0.00142728 -0.000261438 -0.0028169 -0.00761421 0.00194116 -0.000487987 -0.00101899 -0.00257697 -0.00155492 -0.0048157 0.000289296 -0.00197462 -0.00550802 0.000150849 -0.00325744 -0.00178744 0.00117001 4.53287e-05 0.00264136 0.00139922 -0.00164619 -0.00758315 -0.0136427 0.000471417 -0.00129363 -0.000292249 -0.0013933 0.00178174 0.000868245 -0.000849421 0.00014918 -0.00359202 0.0012492 -0.000244731 -0.00344902 0.000961969 0.00136581 0.0024115 -0.00111369 0.000299667 0.00184732 -3.40521e-05 0.000813124 0.00164052
internal_weight=7001 3009 252 84 2757 1151 837 106 63 1606 446 731 61 3992 1808 77 49 168 1776 413 149 59 1363 670 574 263 243 84 311 126 56 159 57 62 264 397 2184 433 122 45 43 369 146 236 170 1160 494 233 201 45 156 147 46 134 314 1127 43 90 237 88 70 223
internal_count=7001 3009 252 84 2757 1151 837 106 63 1606 446 731 61 3992 1808 77 49 168 1776 413 149 59 1363 670 574 263 243 84 311 126 56 159 57 62 264 397 2184 433 122 45 43 369 146 236 170 1160 494 233 201 45 156 147 46 134 314 1127 43 90 237 88 70 223
is_linear=0
shrinkage=0.03


Tree=80
num_leaves=63
num_cat=0
split_feature=14 5 32 25 43 9 10 53 52 24 14 22 0 1 60 64 5 44 20 29 22 41 49 26 30 33 35 13 35 48 2 60 68 36 36 31 26 67 14 5 0 56 60 43 41 51 61 56 27 47 44 38 3 37 67 15 51 51 27 1 35 38
split_gain=7.75985 4.56624 4.09513 6.74929 4.31964 2.96201 2.69015 2.61309 1.96317 2.21031 1.84362 1.76549 2.25292 2.97013 4.02808 2.76626 2.64705 2.03703 1.75638 3.24063 2.44418 1.63234 3.61665 1.41862 1.40409 1.91089 2.52572 2.36614 1.93257 2.49175 1.80847 1.38656 1.35039 1.4141 1.2718 1.20853 1.13042 1.12257 1.0361 1.0233 0.967877 1.61255 1.88567 1.8649 0.878286 0.847695 1.23874 0.934825 0.799893 0.768409 0.721253 1.7266 0.695577 1.11204 0.649633 0.81017 0.645798 0.511248 0.511218 0.784413 0.646312 0.606096
threshold=95141.166666666686 4.5000000000000009 50.780440741239012 71.083855000000014 29836.500000000004 1.0000000180025095e-35 0.35201941816566318 2596.0000000000005 1220.5000000000002 91.769973000000007 82828.708333333343 -0.52499999999999936 111709.50000000001 8.7250000000000014 1935.5000000000002 2464.5000000000005 3.5000000000000004 32492.500000000004 10.929166666666667 51.676446409520231 1.3999999999999997 46862.500000000007 834.50000000000011 68.178545125000014 54.513220968077256 1.9810884900192802 12358.500000000002 77242.500000000015 9825.5000000000018 553.50000000000011 76.822585000000018 4584.0000000000009 92713.500000000015 13001.500000000002 10734.500000000002 63.859604734072505 51.055602395833347 88130.000000000015 73270.250000000015 1.5000000000000002 86123.000000000015 26.500000000000004 1935.5000000000002 29241.500000000004 29975.500000000004 586.50000000000011 1502.5000000000002 13.500000000000002 13.275171745817127 84.500000000000014 32548.500000000004 14889.958333333334 59.870102863903476 14551.000000000002 74914.500000000015 7248.0484098756788 2571.5000000000005 1299.5000000000002 15.526498704642714 21.975000000000005 13754.500000000002 15484.208333333334
decision_type=2 2 2 2 2 2 2 2 2 2 2 2 2 2 2 2 2 2 2 2 2 2 2 2 2 2 2 2 2 2 2 2 2 2 2 2 2 2 2 2 2 2 2 2 2 2 2 2 2 2 2 2 2 2 2 2 2 2 2 2 2 2
left_child=1 5 3 44 6 8 -5 24 40 10 21 12 13 -2 16 35 -15 23 19 20 37 22 34 -18 45 26 -26 -28 29 30 -27 36 -21 -34 -10 -16 -12 -7 -20 -35 41 57 -43 -44 -3 46 -4 -47 -36 -30 56 -52 -42 -54 55 -40 -51 -1 61 60 -60 -38
right_child=11 2 7 4 -6 18 -8 -9 9 -11 31 -13 -14 14 15 -17 17 -19 38 32 -22 -23 -24 -25 25 28 27 -29 49 -31 -32 -33 33 39 48 -37 58 -39 54 -41 52 42 43 -45 -46 47 -48 -49 -50 50 51 -53 53 -55 -56 -57 -58 -59 59 -61 -62 -63
leaf_value=8.3586257618833439 65.118370475964838 -9.8162413684718288 29.093553463275022 -38.67877063395931 -0.83895084147559928 -3.5098963599969482 -14.976414190008269 -21.805113155891579 -9.7453956697931314 -48.964106818719841 -2.5762360554380073 122.63565550436785 73.956368472494319 84.570015621597989 -15.465373866789349 -26.16205896688837 -3.9497994029271308 -34.701965240690555 -11.024460891316291 44.350902550368239 -9.5882044615668729 6.6670933438471254 -29.139112706912719 5.0691857995138783 0.10504053838965303 2.8731752266057229 -0.37674671960476791 -23.073564043116097 -4.8608728132856909 -21.702156669844712 -4.9184249040760415 -4.0052911465165648 -14.342744622596344 -7.9106347708685538 -6.7172844921992727 0.40603951907634317 4.4033212635709376 12.583687246871005 18.071611291437506 23.591627960373987 10.178055063646275 0.31410801664036364 -6.1573455342785133 -29.817966007180736 1.1480922471743906 -14.580341581439029 -2.9872900893256888 11.359824914886358 4.311797138175816 1.4449561736829926 1.8653538079899077 -17.968109476157309 -2.4049456962030717 4.6206105856835222 50.161590562302024 -11.150079069401041 -4.9357616740679893 -2.2908261811433093 -4.0872627435355184 28.956173573749442 3.2735804687870123 -0.46302068108864031
leaf_weight=117 197 33 27 26 29 20 21 21 24 35 24 2380 373 125 20 32 35 33 20 234 23 25 31 51 43 46 20 32 22 25 33 34 25 28 25 28 194 29 53 64 250 62 23 20 59 37 22 243 36 279 54 27 23 28 1002 22 23 21 24 28 22 39
leaf_count=117 197 33 27 26 29 20 21 21 24 35 24 2380 373 125 20 32 35 33 20 234 23 25 31 51 43 46 20 32 22 25 33 34 25 28 25 28 194 29 53 64 250 62 23 20 59 37 22 243 36 279 54 27 23 28 1002 22 23 21 24 28 22 39
internal_value=0.00112697 0.00018996 -0.00140897 -0.00572873 -0.012339 0.000879813 -0.0179618 -0.000644586 -0.000315178 -0.00159675 -0.00108477 0.00219266 0.00105022 -0.000218768 -0.00199013 -0.00782772 -6.14501e-05 -0.00327456 0.00173475 8.50864e-05 -0.00570042 -0.00399716 -0.00550388 -0.000801394 -0.000405101 -0.00126635 -0.0051735 -0.00961612 -0.000530348 -0.00417867 -0.00151707 3.28678e-05 0.00128169 -0.00133219 -0.00225617 -0.00318087 0.00063425 -0.00183299 0.00236806 0.000358306 0.000953869 -0.000444261 -0.00325404 -0.00807425 -0.000228013 0.00116682 -0.00244399 0.00181007 1.10478e-10 0.000399901 0.000720439 -0.00177559 0.00209233 -0.00105675 0.00249559 -0.000159787 0.0014002 0.0016727 0.00113318 -0.00101215 -0.00344902 0.00182754
internal_weight=7001 3727 1122 168 76 2605 47 954 1085 541 506 3274 894 521 324 80 244 119 1520 423 72 141 116 86 933 604 95 52 509 104 79 365 351 117 85 48 331 49 1097 92 544 243 105 43 92 329 49 280 61 405 383 81 301 51 1077 75 302 138 307 74 46 233
internal_count=7001 3727 1122 168 76 2605 47 954 1085 541 506 3274 894 521 324 80 244 119 1520 423 72 141 116 86 933 604 95 52 509 104 79 365 351 117 85 48 331 49 1097 92 544 243 105 43 92 329 49 280 61 405 383 81 301 51 1077 75 302 138 307 74 46 233
is_linear=0
shrinkage=0.03


Tree=81
num_leaves=63
num_cat=0
split_feature=70 70 22 37 36 16 47 25 15 0 16 70 5 62 50 56 32 3 4 1 11 22 70 25 45 58 70 60 16 64 52 17 39 60 54 37 7 2 46 63 38 24 39 0 25 36 21 11 19 22 0 13 49 22 63 27 5 24 19 37 30 45
split_gain=7.38554 4.00805 5.78396 6.55976 3.22458 2.86592 2.18752 2.79917 2.40667 2.00091 1.97156 2.84728 3.60389 4.24989 4.51552 1.62494 1.38463 2.24865 1.55423 1.76755 1.92394 1.63791 2.01764 1.25592 1.86406 1.24448 1.18112 2.61842 1.68182 2.72675 1.00443 0.977092 0.958378 1.01071 0.967274 0.936231 0.91983 1.89129 0.912797 0.90374 0.865017 0.861391 1.80853 0.888778 1.03038 1.1034 0.775981 0.74392 0.740653 0.736349 0.773319 2.31512 0.73389 0.748802 1.46276 0.709442 0.779253 0.714668 0.672844 1.33623 0.657399 0.584736
threshold=97069.041666666672 80161.104166666672 -0.29999999999999932 13149.500000000002 11902.500000000002 570.50000000000011 855.50000000000011 55.605611000000003 9717.0970897872048 86403.500000000015 -2482.4999999999995 119178.81250000001 3.5000000000000004 2402.9166666666674 731.18750000000011 15.500000000000002 48.969196959553649 48.746079142492569 20.500000000000004 14.425000000000002 83758.500000000015 1.6000000000000005 90717.312500000015 64.583915000000005 29020.500000000004 4406.0208333333348 106968.27083333334 3867.5000000000005 1540.0000000000002 3326.0000000000005 1305.5000000000002 11.575000000000001 30148.500000000004 3101.5000000000005 662.02083333333337 14551.000000000002 2.5000000000000004 73.816475000000011 25481.375000000004 5410.0000000000009 9903.3958333333339 91.769973000000007 38207.500000000007 75388.000000000015 66.569677000000027 13237.000000000002 4.7075349606154244 107872.00000000001 18.475000000000005 -0.57499999999999918 96670.500000000015 86711.000000000015 357.00000000000006 -1.3999999999999995 1755.5000000000002 17.022673600133494 4.5000000000000009 63.272869500000006 15.675000000000002 11809.500000000002 67.382948223007915 32513.500000000004
decision_type=2 2 2 2 2 2 2 2 2 2 2 2 2 2 2 2 2 2 2 2 2 2 2 2 2 2 2 2 2 2 2 2 2 2 2 2 2 2 2 2 2 2 2 2 2 2 2 2 2 2 2 2 2 2 2 2 2 2 2 2 2 2
left_child=1 2 3 4 31 6 16 8 -8 35 11 12 46 25 15 -15 17 -3 21 -20 -21 41 23 -23 -25 61 27 36 29 47 -22 -1 34 38 -7 -9 37 -12 -34 49 -4 43 58 44 -18 -46 60 -29 -36 -35 51 -51 -45 54 -54 56 -55 -57 -43 -60 -2 -14
right_child=10 5 40 -5 -6 32 7 9 -10 -11 26 -13 13 14 -16 -17 18 -19 19 20 30 22 -24 24 -26 -27 -28 28 -30 -31 -32 -33 33 39 48 -37 -38 -39 -40 -41 -42 42 -44 52 45 -47 -48 -49 -50 50 -52 -53 53 55 -56 57 -58 -59 59 -61 -62 -63
leaf_value=-13.174955303467675 30.199124881776651 57.717660454060912 -12.392489403806517 -40.635714811380446 -23.952895306315572 -2.8976713866459622 -57.485847976215304 -21.64407614698078 -0.4858251040363486 0.5408306804602937 176.90063700923065 123.59629078699534 -1.1921737866071169 -16.952085162908073 -55.005219733065388 13.261618031269414 -10.734691202227262 -20.35091981976225 10.436623186399421 -30.667177974777758 0.3195846148491141 25.483042242595197 -8.8518885157465199 2.3984704634315346 -10.392601047792004 -5.3522371216990408 257.0875042261643 -12.495017766787647 19.811974141569458 -25.56125149491001 -5.2660593016686947 1.4864916877481613 -1.2186188010019472 0.39361671054706071 0.73100377515439152 -0.76485312263285887 88.028148436999842 -19.177866944021876 41.479680382615932 7.4263860695536028 6.4667548193296387 4.6069399337011196 -6.7417388927181383 5.8133593019954208 0.6641266902360845 -2.5330700734674325 -1.1425988657458805 32.596062576502568 -1.3339345872679553 5.2352902826492125 13.179631488821318 -7.0688602647219012 2.5872739885641094 4.8688852274834762 -25.362593020230733 -1.7635058125642236 -1.2906618890036134 3.0005077418422998 5.1644757899335136 -6.0154090299280956 -11.993678440615305 26.72031504101103
leaf_weight=20 246 21 33 27 34 22 20 20 20 120 32 343 86 28 37 25 36 33 39 22 36 46 31 26 26 30 1612 30 59 33 26 42 31 51 144 25 874 20 832 107 96 105 30 584 179 29 23 28 23 21 32 26 26 212 23 22 39 20 28 25 20 65
leaf_count=20 246 21 33 27 34 22 20 20 20 120 32 343 86 28 37 25 36 33 39 22 36 46 31 26 26 30 1612 30 59 33 26 42 31 51 144 25 874 20 832 107 96 105 30 584 179 29 23 28 23 21 32 26 26 212 23 22 39 20 28 25 20 65
internal_value=0.00110554 0.000104689 -0.00353431 -0.00818846 -0.0044641 0.000396124 -0.000353111 -0.00327645 -0.010399 -0.00152635 0.00205508 0.000837117 -0.0004767 -0.0029657 -0.00829079 -0.00259887 5.40844e-06 -0.00471349 0.000165828 -0.00307067 -0.00552913 0.000435748 -0.00278854 -0.000642202 -0.00385797 -0.000298178 0.00246308 0.00168665 -0.00197868 -0.00454446 -0.00275362 -0.000338164 0.00148476 0.00182438 -0.000475939 -0.00691796 0.00228377 -0.0015547 0.00230101 7.59174e-05 0.000883036 0.000744422 -0.00113238 0.00104863 -0.000553052 0.000245075 0.00184711 -0.000567986 0.000287253 -0.00159108 -0.0034134 -0.00585987 0.00147392 0.000359544 -0.00305499 0.000941658 0.00155317 -0.00263658 0.000132827 -0.00259887 0.00231116 0.000794176
internal_weight=7001 3410 252 123 96 3158 1869 205 40 165 3591 903 560 271 90 53 1664 54 1610 123 84 1487 129 98 52 181 2688 1076 150 91 62 62 1289 1100 189 45 926 52 863 237 129 1358 188 1170 244 208 289 58 167 130 79 47 926 342 49 293 251 42 158 53 266 151
internal_count=7001 3410 252 123 96 3158 1869 205 40 165 3591 903 560 271 90 53 1664 54 1610 123 84 1487 129 98 52 181 2688 1076 150 91 62 62 1289 1100 189 45 926 52 863 237 129 1358 188 1170 244 208 289 58 167 130 79 47 926 342 49 293 251 42 158 53 266 151
is_linear=0
shrinkage=0.03


Tree=82
num_leaves=63
num_cat=0
split_feature=14 16 70 4 20 1 5 32 33 40 70 68 31 0 69 4 56 10 26 22 24 40 67 22 2 26 41 69 16 70 5 33 20 62 39 3 50 25 64 39 22 26 30 22 53 15 65 38 33 45 1 45 21 22 1 21 40 47 21 33 19 61
split_gain=7.34581 5.19232 7.03466 5.43905 3.96032 3.27467 3.69814 2.28259 2.69283 2.71483 1.90799 1.8758 1.67341 1.70675 1.72549 1.42425 1.8475 1.69373 1.61602 1.37837 1.3023 1.21742 1.46966 1.21289 1.22109 1.19811 1.25782 2.254 1.11984 2.05494 2.91749 5.26011 3.1192 0.991062 0.983168 0.959373 0.884609 1.66786 0.819391 0.818286 1.25635 1.10757 0.777392 1.4892 0.933038 0.866605 0.890789 0.73738 1.09758 0.713546 3.09097 0.935437 1.33883 0.792618 0.709525 1.1737 0.705334 1.86596 0.936231 0.685177 0.65562 0.641598
threshold=103471.25000000001 -591.49999999999989 80025.666666666672 21.500000000000004 14.507291666666669 4.0250000000000012 4.5000000000000009 49.128310853823464 2.0228758121583628 37873.000000000007 84076.729166666686 112451.50000000001 49.376053764952061 85511.000000000015 91771.000000000015 3.5000000000000004 55.500000000000007 0.46472317204376884 68.908376541666684 -0.57499999999999918 92.050195000000016 34109.000000000007 82834.000000000015 -1.3500000000000008 51.345223000000011 78.253181729166684 49934.500000000007 97271.000000000015 -2910.4999999999995 119178.81250000001 3.5000000000000004 2.3736575434332465 24.776041666666675 1282.854166666667 34151.000000000007 52.876078437296322 414.93750000000006 73.259935000000013 2177.5000000000005 42701.500000000007 -0.79999999999999793 56.632188437500005 58.121280003584992 0.94999999999999962 1237.5000000000002 5281.6240629855629 2512.5000000000005 9387.5625000000018 3.4005514625841964 27506.500000000004 13.575000000000001 29066.000000000004 4.8779650023534948 1.8000000000000005 16.375000000000004 3.6088426709032877 45155.500000000007 703.50000000000011 3.6715634366306591 1.6638021946809285 12.975000000000001 3028.5000000000005
decision_type=2 2 2 2 2 2 2 2 2 2 2 2 2 2 2 2 2 2 2 2 2 2 2 2 2 2 2 2 2 2 2 2 2 2 2 2 2 2 2 2 2 2 2 2 2 2 2 2 2 2 2 2 2 2 2 2 2 2 2 2 2 2
left_child=1 2 4 10 -1 35 11 -8 9 59 21 15 -5 14 60 16 20 47 34 -11 23 49 -23 -7 -25 26 27 39 29 30 -2 32 -32 -29 -19 -4 -26 -38 -12 40 -10 -42 61 44 -44 -46 -47 48 -17 50 -3 -51 53 -53 -24 -56 -15 58 -58 -9 -14 -40
right_child=28 3 5 12 -6 6 7 8 25 19 38 -13 13 56 -16 17 -18 18 -20 -21 -22 22 54 24 36 -27 -28 33 -30 -31 31 -33 -34 -35 -36 -37 37 -39 42 -41 41 -43 43 -45 45 46 -48 -49 -50 51 -52 52 -54 -55 55 -57 57 -59 -60 -61 -62 -63
leaf_value=-37.796185278775219 52.69188621078461 -15.406351431660962 -7.1844379322948333 -22.373780563701956 -17.898692936919801 -23.270085013768707 -23.539146366408342 0.90362695619049893 -12.627159820348369 -24.21209170832805 76.32018260424644 -37.057486706524195 0.57903992593746467 1.0604040887543578 -21.91422887091715 28.528466010267397 4.1609543470100707 -4.322969126029462 -11.090933240863178 -19.923386295959897 -32.706016926207191 -5.8073304915657342 1.3339855754175274 -3.3239312514239474 1.5306020640750735 3.2538412903006155 1.2806036090038697 -6.0064071552715799 239.7499227738839 111.49552307228311 -10.592465657947731 3.128323170702715 -66.477148916959436 -13.023346506502628 16.835279055001109 46.641202838511298 -8.660398941306779 2.79087617510215 40.416590530336606 1.4722233626349084 -5.6155306279920003 0.42562851068218877 26.344662419015147 -6.7114896088979865 21.989383991588213 6.0336915822467638 -14.972201188683485 9.3940959267891611 -32.0518169128556 28.030051194307465 11.136900802212951 2.458002754342457 -4.0258244137936492 -1.0912968005959329 4.8439288579597806 -14.018687161944792 -14.481487065361105 12.465559370358493 -23.717269152121947 -1.8685146422891221 -9.2634372380083594 0.42528496512430503
leaf_weight=33 120 20 31 33 31 27 20 23 37 22 879 32 20 160 20 28 86 20 32 27 27 37 36 22 93 46 53 20 1651 305 29 62 20 23 57 302 29 37 675 28 20 85 166 29 24 23 28 530 20 182 46 162 20 32 25 22 25 46 20 24 23 196
leaf_count=33 120 20 31 33 31 27 20 23 37 22 879 32 20 160 20 28 86 20 32 27 27 37 36 22 93 46 53 20 1651 305 29 62 20 23 57 302 29 37 675 28 20 85 166 29 24 23 28 530 20 182 46 162 20 32 25 22 25 46 20 24 23 196
internal_value=0.00113125 0.000475478 -0.000762425 0.00125937 -0.0105304 -0.000413081 -0.00102377 -0.00337071 -0.0028743 -0.00727367 0.00173053 -5.48023e-05 -0.00226448 -0.00157593 -0.00599049 0.000169626 -0.00147618 0.000943094 -0.00247479 -0.01222 -0.00285836 0.000211304 -0.00247294 -0.00203268 -0.00112645 -0.00150913 -0.00228861 -0.00332238 0.00257327 0.00137101 -0.000752921 -0.00426643 -0.011609 -0.00946636 -7.78209e-05 0.00226959 -0.000188561 -0.0028593 0.00216672 -0.00174603 -0.00268121 -0.000970504 0.00163001 0.000211033 0.000995438 -0.00175766 -0.00399217 0.00159315 -0.00193347 0.000915386 -0.00195159 0.00140116 4.20365e-05 0.000819165 -0.000216606 -0.00267516 -0.000454002 -0.00256861 -0.00691796 -0.00203822 -0.0025058 0.00206635
internal_weight=7001 4814 1865 2949 64 1801 1468 428 408 96 2602 1040 347 314 63 1008 321 687 109 49 235 582 120 208 181 312 266 213 2187 536 231 111 49 43 77 333 159 66 2020 170 142 105 1141 270 241 75 51 578 48 462 66 396 214 194 83 47 251 91 45 47 43 871
internal_count=7001 4814 1865 2949 64 1801 1468 428 408 96 2602 1040 347 314 63 1008 321 687 109 49 235 582 120 208 181 312 266 213 2187 536 231 111 49 43 77 333 159 66 2020 170 142 105 1141 270 241 75 51 578 48 462 66 396 214 194 83 47 251 91 45 47 43 871
is_linear=0
shrinkage=0.03


Tree=83
num_leaves=63
num_cat=0
split_feature=43 5 70 28 1 32 9 16 5 62 2 38 25 16 1 17 25 22 21 52 26 25 7 49 5 28 4 45 16 38 48 56 34 16 66 28 39 43 20 29 2 17 55 25 43 43 36 31 60 70 36 2 22 0 69 31 68 54 21 14 52 24
split_gain=7.68366 4.63011 3.50796 5.92605 3.84189 3.25958 3.10124 2.11716 2.75406 3.93668 2.6662 2.39976 2.81733 1.88078 1.84319 3.33463 2.0968 3.13086 1.46377 2.61369 1.44306 1.42427 1.73716 1.89016 2.20585 1.64109 1.44503 1.3699 1.17816 1.1213 1.80805 2.2103 1.09625 0.992211 1.24016 0.980436 1.73646 0.961493 0.927369 0.899689 1.35804 0.855434 1.75298 3.10915 0.960535 1.27055 0.809842 0.803481 0.766203 2.60088 1.71243 0.995413 0.758774 0.757191 1.03719 1.2436 0.732523 0.712456 0.691403 0.659323 0.607142 0.59541
threshold=30521.000000000004 4.5000000000000009 80025.666666666672 1.2150195000000041 17.275000000000002 48.969196959553649 1.0000000180025095e-35 -591.49999999999989 4.5000000000000009 2353.3541666666674 78.503473000000014 20314.291666666668 90.653508000000002 -2520.4999999999995 10.825000000000001 20.375000000000004 56.409456500000005 -0.3499999999999997 4.6621154869671697 1380.5000000000002 81.349445854166689 62.277493500000006 6.5000000000000009 226.50000000000003 5.5000000000000009 2.8942800000000024 13.500000000000002 29091.000000000004 36.500000000000007 22766.104166666672 615.50000000000011 10.500000000000002 0.20066878436285054 1275.0000000000002 4088.8958333333335 2.0470550000000078 44303.500000000007 29855.500000000004 13.544791666666669 56.889689972962472 73.349402000000012 15.125000000000002 8352.5000000000018 65.426361000000014 28197.000000000004 27897.500000000004 16176.500000000002 61.800207175893036 3069.5000000000005 100672.66666666669 16266.500000000002 44.986072500000006 2.024999999999999 114996.50000000001 112451.50000000001 68.257785687008166 78144.000000000015 866.06250000000011 4.8056159457579488 76320.875000000015 1944.5000000000002 63.272869500000006
decision_type=2 2 2 2 2 2 2 2 2 2 2 2 2 2 2 2 2 2 2 2 2 2 2 2 2 2 2 2 2 2 2 2 2 2 2 2 2 2 2 2 2 2 2 2 2 2 2 2 2 2 2 2 2 2 2 2 2 2 2 2 2 2
left_child=1 6 3 38 -5 -4 14 8 29 11 -11 12 35 20 33 16 17 27 37 61 -12 39 47 24 26 28 56 -16 -25 30 52 -32 -19 -1 -35 -10 -37 46 -3 -7 -41 42 44 57 45 58 -18 -23 -9 50 51 -50 60 54 -33 -56 -24 -44 -8 -46 -2 -20
right_child=7 2 5 4 -6 21 41 48 9 10 13 -13 -14 -15 15 -17 18 32 19 -21 -22 22 23 25 -26 -27 -28 -29 -30 -31 31 53 -34 34 -36 36 -38 -39 -40 40 -42 -43 43 -45 59 -47 -48 -49 49 -51 -52 -53 -54 -55 55 -57 -58 -59 -60 -61 -62 -63
leaf_value=5.1073577299055772 29.66437469274884 -26.203202738590065 -20.052425029705674 -37.899784346412325 -12.067278375712803 5.3722611611748334 9.6253718350168942 136.14255058162354 2.9777615253412084 5.4608503877553716 -25.265893684413502 58.06840946177126 -30.000162559215703 -2.8489911881250816 -44.789427794457502 2.0996675488107717 0.7235885182433941 1.6642651702817426 -4.2336491098175761 -23.833679498840276 -16.15517328185712 5.0461626134433226 -12.825520376443251 0.019262792417288982 5.6110142138993044 -24.031481371396247 -4.6213325441304152 -5.5965681226665085 -2.19193604853437 206.09187582837239 -19.313396329406451 1.6254155556848888 -9.6019834846316421 -3.3905947132267298 15.874852430138755 -8.6302386941328493 0.0055323163661638829 -7.7418911272006978 0.41993816237054366 1.2597719916828365 -12.021867573838502 65.405241372374761 -2.1418971275473577 -19.116810552148362 -10.745873713687214 -7.9385452375874692 -1.4371061400879388 -4.2683340701432648 -3.9099364713237446 130.38595692060019 -23.509235075478522 2.3438956612584452 -13.648835222183607 64.144751934971751 -33.520326069607002 11.502673712998662 -1.8047663425380533 11.31636483154138 -3.4982527893295488 39.615208914402288 -6.9420517643168624 0.078323192556762511
leaf_weight=184 515 21 27 29 20 198 183 1695 92 20 20 217 25 22 25 194 199 31 20 20 22 103 20 38 88 29 24 24 36 534 39 55 25 29 25 27 61 21 60 45 21 409 21 20 20 31 31 28 25 474 32 71 24 60 20 21 71 37 20 443 31 29
leaf_count=184 515 21 27 29 20 198 183 1695 92 20 20 217 25 22 25 194 199 31 20 20 22 103 20 38 88 29 24 24 36 534 39 55 25 29 25 27 61 21 60 45 21 409 21 20 20 31 31 28 25 474 32 71 24 60 20 21 71 37 20 443 31 29
internal_value=0.00113982 -4.1392e-05 -0.00189139 -0.00643351 -0.014664 -0.0010754 0.000734898 0.00197533 0.00120326 -0.000669828 -0.00659929 0.00050462 -0.00181375 -0.00959438 -0.000637032 -0.00150218 -0.00299224 -0.00667935 -0.00177132 -0.00564399 -0.0133254 -0.00067608 -0.00172958 -0.00296962 -0.00127031 -0.00628516 -0.0040139 -0.01222 -0.00384615 0.00193519 0.001192 -0.00129165 -0.00176471 0.00160017 -0.00194085 -0.000483065 -0.00275823 -0.000692951 -0.00140567 0.00105642 -0.00195159 0.00173043 0.00113792 -0.0031114 0.00161813 3.84452e-05 -0.00011734 0.00114416 0.00258065 0.00164923 -0.00213115 -9.36523e-05 0.00204701 0.000288277 -0.00134235 -0.0049635 -0.0022393 0.000361446 0.000915805 0.00240985 0.0022798 -0.00183299
internal_weight=7001 2899 858 130 49 728 2041 4102 1805 506 84 422 205 64 857 619 425 105 320 69 42 701 437 306 203 103 115 49 74 1299 765 195 56 238 54 180 88 251 81 264 66 1184 775 78 697 234 230 131 2297 602 128 96 570 156 96 41 91 58 203 463 546 49
internal_count=7001 2899 858 130 49 728 2041 4102 1805 506 84 422 205 64 857 619 425 105 320 69 42 701 437 306 203 103 115 49 74 1299 765 195 56 238 54 180 88 251 81 264 66 1184 775 78 697 234 230 131 2297 602 128 96 570 156 96 41 91 58 203 463 546 49
is_linear=0
shrinkage=0.03


Tree=84
num_leaves=63
num_cat=0
split_feature=38 5 42 56 9 11 56 52 56 23 47 48 1 7 36 33 21 11 42 64 52 22 21 33 41 1 55 25 7 60 50 23 24 22 0 68 22 0 28 69 67 31 44 21 22 50 25 61 63 45 12 66 69 25 29 55 64 26 34 23 58 63
split_gain=6.57148 5.19503 4.91161 7.15726 3.96621 3.20537 2.04549 2.63148 2.73175 3.22314 2.50192 1.74048 1.95426 2.07265 2.3262 2.53697 1.94837 1.79375 1.78543 1.58039 1.5612 1.3641 1.30301 1.27266 2.31939 1.24259 1.92632 3.78165 1.08261 1.01611 1.0216 1.34554 1.01311 1.70384 0.950278 1.86114 0.871654 0.869845 1.45394 1.18137 0.841982 0.822917 0.793284 0.963747 0.911212 0.994033 0.737572 0.715099 0.709037 0.685764 1.24761 0.641681 0.601458 0.782463 0.702449 0.678378 0.584159 0.577424 0.562814 0.532283 0.531675 1.42138
threshold=20092.562500000004 4.5000000000000009 30334.583333333336 3780.0000000000005 1.0000000180025095e-35 70908.500000000015 27.500000000000004 798.50000000000011 19.500000000000004 82.23948750000001 90.500000000000014 222.50000000000003 23.625000000000004 8.5000000000000018 16674.000000000004 2.4196290838167003 4.8221747753554718 88654.500000000015 30334.583333333336 2438.5000000000005 580.50000000000011 0.67500000000000082 3.7038653657823253 2.0228758121583628 32419.000000000004 16.375000000000004 8352.5000000000018 65.426361000000014 1.5000000000000002 4514.0000000000009 193.79166666666671 58.298707000000007 47.904905000000007 -0.24999999999999992 107142.50000000001 106638.00000000001 -1.0499999999999992 86403.500000000015 3.997062500000006 89600.500000000015 81802.000000000015 68.893286965451821 28369.000000000004 4.5743832238867901 2.024999999999999 248.77083333333337 46.668126000000008 1761.0000000000002 4205.5000000000009 28199.500000000004 88115.500000000015 5470.2708333333348 95349.000000000015 64.79483500000002 56.024019966870235 3378.5000000000005 7754.5000000000009 51.055602395833347 1.0361624970849592 87.167712500000007 4914.0625000000009 1133.5000000000002
decision_type=2 2 2 2 2 2 2 2 2 2 2 2 2 2 2 2 2 2 2 2 2 2 2 2 2 2 2 2 2 2 2 2 2 2 2 2 2 2 2 2 2 2 2 2 2 2 2 2 2 2 2 2 2 2 2 2 2 2 2 2 2 2
left_child=1 4 3 5 11 -3 7 -4 10 22 -9 37 13 46 16 19 18 -18 -15 -16 21 -8 -10 24 -12 26 28 48 40 30 31 -22 33 -20 35 -31 -7 38 59 -40 -6 60 43 56 -44 -46 -13 -5 -28 50 -32 -48 -34 55 -55 -54 58 -14 -30 -1 -2 -62
right_child=41 2 6 47 25 36 20 8 9 -11 23 12 57 14 15 -17 17 -19 32 -21 29 -23 -24 -25 -26 -27 27 -29 42 34 49 -33 52 -35 -36 -37 -38 -39 39 -41 -42 -43 44 -45 45 -47 51 -49 -50 -51 -52 -53 53 54 -56 -57 -58 -59 -60 -61 61 -63
leaf_value=2.7575474583283288 158.3494618118809 -11.713229711147212 6.2385594434350624 12.980513034779779 13.850080359815374 -21.180837740661556 9.0874677883740311 -6.7554515061351976 -24.901912172492818 -1.951443571300137 1.5119582417004427 -9.9762797769456917 -0.779210447987849 -20.755534753015972 5.7546141408093288 -41.736184909137066 -0.62336220098326978 -19.830865780765908 -11.552144931368911 -29.239327180379366 12.779678703655735 -3.8130474232820055 -2.3830349472693872 0.42055827770089782 -22.025161213420802 108.21450981134528 13.537760872865583 -18.017563623711489 17.455943381116054 2.0989047612169496 3.0063805069032643 -26.951480452887303 1.2251257988571829 6.2376616635116466 48.637601627944484 -12.333193615984117 -37.108497138667623 19.816379253976958 2.0343704291399769 -3.3647912354149319 -21.340581709452966 -6.7392067048308784 51.398020185586653 -3.4069630223703804 -11.334975330894645 33.116607246268785 2.6911682000778416 -18.88685068481697 -1.8892254591977715 5.1930616780119356 -6.9473937623963913 -2.0388712854112607 -3.4708817948026209 -2.7646801717896086 2.2925578183867552 -1.5844325017245475 -3.1279319416643987 28.623049022354461 -4.951979921977923 -1.5758131445287704 -36.720025843448553 120.16852699900583
leaf_weight=116 1908 29 132 44 22 20 33 20 35 39 27 25 32 30 32 27 27 27 26 28 32 31 25 177 21 789 43 21 163 27 61 20 181 23 24 36 22 276 20 20 25 36 783 32 29 26 212 22 22 518 25 23 21 28 59 29 32 154 20 27 30 157
leaf_count=116 1908 29 132 44 22 20 33 20 35 39 27 25 32 30 32 27 27 27 26 28 32 31 25 177 21 789 43 21 163 27 61 20 181 23 24 36 22 276 20 20 25 36 783 32 29 26 212 22 22 518 25 23 21 28 59 29 32 154 20 27 30 157
internal_value=0.00114411 0.000535307 -0.000990775 -0.0063895 0.00116431 -0.0129958 -0.000411503 -0.00197227 -0.00335658 -0.00756811 -0.00164015 -3.32616e-05 -0.000746875 -0.00139456 -0.00245865 -0.00695752 -0.0015828 -0.00693161 -0.000846134 -0.00344426 0.000505514 -0.00397816 -0.0119301 -0.00071968 -0.00505197 0.0020268 0.00142107 -0.00289199 0.00175161 0.000896246 0.00130316 -0.00270633 -0.000261509 -0.00427699 -0.00213548 -0.00408875 -0.0183135 0.00148987 -9.83068e-05 -0.00516209 -0.00267516 0.0025339 0.00194636 0.00043707 0.00238754 -0.00130671 0.000795848 0.000680787 0.000645161 0.0016537 -0.000801394 0.00132709 0.000348947 -0.00113786 0.000551091 -0.00413174 0.00117155 0.00201505 0.00183506 0.00129979 0.00261181 0.00105826
internal_weight=7001 4870 1420 137 3450 71 1283 476 344 99 245 1443 984 798 538 87 451 54 397 60 807 64 60 225 48 2007 1218 86 1132 743 656 52 367 49 87 63 42 459 183 40 47 2131 1085 247 838 55 260 66 65 604 86 235 318 137 87 50 215 186 183 143 2095 187
internal_count=7001 4870 1420 137 3450 71 1283 476 344 99 245 1443 984 798 538 87 451 54 397 60 807 64 60 225 48 2007 1218 86 1132 743 656 52 367 49 87 63 42 459 183 40 47 2131 1085 247 838 55 260 66 65 604 86 235 318 137 87 50 215 186 183 143 2095 187
is_linear=0
shrinkage=0.03


end of trees

feature_importances:
Column_4=394
Column_16=258
Column_70=241
Column_5=240
Column_0=160
Column_1=101
Column_49=98
Column_22=96
Column_17=95
Column_14=92
Column_15=85
Column_21=85
Column_48=85
Column_67=85
Column_62=79
Column_26=77
Column_38=76
Column_20=75
Column_2=74
Column_43=73
Column_60=73
Column_33=72
Column_45=72
Column_25=71
Column_51=71
Column_27=69
Column_59=68
Column_65=66
Column_11=65
Column_24=65
Column_58=65
Column_34=63
Column_42=62
Column_32=61
Column_56=61
Column_53=60
Column_18=59
Column_28=59
Column_64=58
Column_66=58
Column_19=57
Column_47=55
Column_52=55
Column_39=54
Column_12=53
Column_30=53
Column_50=53
Column_44=51
Column_31=49
Column_61=49
Column_35=48
Column_3=44
Column_36=44
Column_69=44
Column_54=43
Column_13=42
Column_68=42
Column_37=41
Column_46=41
Column_7=39
Column_63=39
Column_55=37
Column_40=36
Column_23=33
Column_41=33
Column_29=29
Column_57=27
Column_6=24
Column_8=19
Column_9=19
Column_10=9

parameters:
[boosting: gbdt]
[objective: quantile]
[metric: quantile]
[tree_learner: serial]
[device_type: cpu]
[data_sample_strategy: bagging]
[data: ]
[valid: ]
[num_iterations: 1500]
[learning_rate: 0.03]
[num_leaves: 63]
[num_threads: 24]
[seed: 42]
[deterministic: 0]
[force_col_wise: 0]
[force_row_wise: 0]
[histogram_pool_size: -1]
[max_depth: -1]
[min_data_in_leaf: 20]
[min_sum_hessian_in_leaf: 0.001]
[bagging_fraction: 0.8]
[pos_bagging_fraction: 1]
[neg_bagging_fraction: 1]
[bagging_freq: 0]
[bagging_seed: 400]
[bagging_by_query: 0]
[feature_fraction: 0.8]
[feature_fraction_bynode: 1]
[feature_fraction_seed: 30056]
[extra_trees: 0]
[extra_seed: 12879]
[early_stopping_round: 0]
[early_stopping_min_delta: 0]
[first_metric_only: 0]
[max_delta_step: 0]
[lambda_l1: 0.1]
[lambda_l2: 0.1]
[linear_lambda: 0]
[min_gain_to_split: 0]
[drop_rate: 0.1]
[max_drop: 50]
[skip_drop: 0.5]
[xgboost_dart_mode: 0]
[uniform_drop: 0]
[drop_seed: 17869]
[top_rate: 0.2]
[other_rate: 0.1]
[min_data_per_group: 100]
[max_cat_threshold: 32]
[cat_l2: 10]
[cat_smooth: 10]
[max_cat_to_onehot: 4]
[top_k: 20]
[monotone_constraints: ]
[monotone_constraints_method: basic]
[monotone_penalty: 0]
[feature_contri: ]
[forcedsplits_filename: ]
[refit_decay_rate: 0.9]
[cegb_tradeoff: 1]
[cegb_penalty_split: 0]
[cegb_penalty_feature_lazy: ]
[cegb_penalty_feature_coupled: ]
[path_smooth: 0]
[interaction_constraints: ]
[verbosity: -1]
[saved_feature_importance_type: 0]
[use_quantized_grad: 0]
[num_grad_quant_bins: 4]
[quant_train_renew_leaf: 0]
[stochastic_rounding: 1]
[linear_tree: 0]
[max_bin: 255]
[max_bin_by_feature: ]
[min_data_in_bin: 3]
[bin_construct_sample_cnt: 200000]
[data_random_seed: 175]
[is_enable_sparse: 1]
[enable_bundle: 1]
[use_missing: 1]
[zero_as_missing: 0]
[feature_pre_filter: 1]
[pre_partition: 0]
[two_round: 0]
[header: 0]
[label_column: ]
[weight_column: ]
[group_column: ]
[ignore_column: ]
[categorical_feature: ]
[forcedbins_filename: ]
[precise_float_parser: 0]
[parser_config_file: ]
[objective_seed: 16083]
[num_class: 1]
[is_unbalance: 0]
[scale_pos_weight: 1]
[sigmoid: 1]
[boost_from_average: 1]
[reg_sqrt: 0]
[alpha: 0.1]
[fair_c: 1]
[poisson_max_delta_step: 0.7]
[tweedie_variance_power: 1.5]
[lambdarank_truncation_level: 30]
[lambdarank_norm: 1]
[label_gain: ]
[lambdarank_position_bias_regularization: 0]
[eval_at: ]
[multi_error_top_k: 1]
[auc_mu_weights: ]
[num_machines: 1]
[local_listen_port: 12400]
[time_out: 120]
[machine_list_filename: ]
[machines: ]
[gpu_platform_id: -1]
[gpu_device_id: -1]
[gpu_use_dp: 0]
[num_gpu: 1]

end of parameters

pandas_categorical:null
