index,Load_MW,Coal_Gen,Gas_Gen,Nuclear_Gen,Oil_Gen,Other_Gen,Solar_Gen,Hydro_Gen,Wind_Gen,Temp_C,Humidity_Pct,Total_Gen_MW,Temp_Sensitive_Share_Pct
2025-12-31 23:00:00,114250,22152,45962,32337,324,2149,23,3492,8131,-0.15,86.37924,114570,59.4518634895697
2025-12-31 22:00:00,111444,22231,43797,32354,246,1945,698,2006,8301,-0.15,85.42747,111578,59.17654017817132
2025-12-31 21:00:00,110552,22162,43197,32367,223,1692,2334,838,8198,-0.1,84.80392,111011,58.876147408815335
2025-12-31 20:00:00,111490,22615,42905,32286,203,1644,3586,442,7782,0.0,82.64729,111463,58.781837919309545
2025-12-31 19:00:00,111905,22908,43256,32222,222,1598,4272,446,7031,-0.1,80.51402,111955,59.09874503148587
2025-12-31 18:00:00,110517,23328,42605,32225,248,1364,4758,441,6062,-0.15,78.14217,111031,59.382514793165875
2025-12-31 17:00:00,109444,23368,43010,32230,230,1440,4971,451,4696,-0.4,76.941345,110396,60.127178520960896
2025-12-31 16:00:00,110288,23726,44191,32226,244,1720,4939,621,3781,-0.8,78.331314,111448,60.9405283181394
2025-12-31 15:00:00,111768,23751,45465,32220,521,1873,3895,1958,3754,-1.5,80.612816,113437,61.017128450152946
2025-12-31 14:00:00,113380,23054,47743,32223,585,2024,1285,3525,4121,-2.2,82.046875,114560,61.79905726256983
2025-12-31 13:00:00,112487,22630,46519,32229,535,2009,42,4322,4522,-2.75,83.8564,112808,61.297957591660165
2025-12-31 12:00:00,108879,22689,43308,32231,293,1904,6,3759,4781,-3.05,84.457214,108971,60.56381973185526
2025-12-31 11:00:00,105064,22975,41400,32235,178,1683,6,1850,5056,-3.35,83.46403,105383,61.08670278887487
2025-12-31 10:00:00,103018,23187,40614,32235,177,1624,8,605,5374,-3.8,83.72597,103824,61.45110957004161
2025-12-31 09:00:00,102954,23347,41171,32232,174,1646,11,438,5609,-4.2,84.64214,104628,61.66418167221012
2025-12-31 08:00:00,104243,23565,42302,32227,174,1719,11,443,5518,-4.4,84.29473,105959,62.1627233175096
2025-12-31 07:00:00,105527,23639,43076,32130,174,1852,11,445,5891,-4.65,82.65986,107218,62.22369378276036
2025-12-31 06:00:00,107352,23808,44856,32058,176,1920,11,460,6184,-4.95,82.93933,109473,62.7223150913924
2025-12-31 05:00:00,109898,23827,46553,32063,176,1938,11,698,6611,-5.15,78.2298,111877,62.90837258775262
2025-12-31 04:00:00,113286,24041,47839,32057,174,1967,11,1577,6997,-5.05,72.65622,114663,62.688051071400544
2025-12-31 03:00:00,116720,24043,49380,32057,173,2506,11,3035,6741,-5.05,69.03942,117946,62.2513692706832
2025-12-31 02:00:00,119473,24042,51118,32056,174,2413,11,4086,6314,-5.0,65.07814,120214,62.52183605902807
2025-12-31 01:00:00,120992,23901,52274,32056,382,2387,11,4525,5804,-5.0,61.310974,121340,62.77814405801879
2025-12-31 00:00:00,121718,23739,52514,32055,434,2378,27,4746,5444,-5.4,61.208626,121337,62.8439799896157
2025-12-30 23:00:00,121270,23775,51726,32060,374,2239,73,4568,5346,-6.15,66.90796,120161,62.833198791621236
2025-12-30 22:00:00,116079,23563,48417,32055,222,2038,1380,2681,5079,-6.15,64.286514,115435,62.355438125351924
2025-12-30 21:00:00,113686,23037,45372,32056,240,1841,5443,1314,5097,-5.7,62.36908,114400,59.79807692307693
2025-12-30 20:00:00,112806,23008,42861,32060,300,1772,7627,762,5155,-5.6,63.14701,113545,58.01136113435202
2025-12-30 19:00:00,113083,23436,43708,32067,303,1781,7556,590,4907,-5.85,64.87532,114348,58.71899814601043
2025-12-30 18:00:00,113753,23512,45473,32061,317,1727,7158,596,4832,-5.65,67.28907,115676,59.63639821570593
2025-12-30 17:00:00,114645,23625,46915,32058,252,1933,6888,635,4448,-6.3,66.07663,116754,60.41763023108416
2025-12-30 16:00:00,115290,23287,48273,32052,287,1768,6043,857,4439,-6.5,70.384445,117006,61.15925679025007
2025-12-30 15:00:00,116174,22497,49772,32044,406,1761,4407,2431,4930,-6.55,72.358826,118248,61.11646708612408
2025-12-30 14:00:00,117077,22032,51010,32051,349,1982,1560,4065,5438,-6.6,74.0903,118487,61.64558137179606
2025-12-30 13:00:00,115888,21220,49892,32054,364,1950,52,4307,5779,-6.5,74.10923,115618,61.505993876386036
2025-12-30 12:00:00,111657,21133,47219,32057,353,1571,10,3292,5946,-6.05,75.075935,111581,61.25774101325494
2025-12-30 11:00:00,106611,21313,45691,32057,325,1244,10,861,6149,-6.15,75.65096,107650,62.24245239201115
2025-12-30 10:00:00,103481,21372,44568,31941,176,1380,10,486,6104,-5.85,75.704765,106037,62.18584079142187
2025-12-30 09:00:00,103669,21250,44419,31871,173,1582,10,488,6272,-5.6,75.15813,106065,61.91392070899921
2025-12-30 08:00:00,104000,21025,43847,31866,171,1613,10,478,7029,-5.4,74.90077,106039,61.177491300370626
2025-12-30 07:00:00,104572,21020,43989,31860,169,1608,10,474,7341,-5.2,77.01287,106471,61.057940659898
2025-12-30 06:00:00,105613,21575,44332,31865,169,1605,10,514,7564,-4.95,78.26228,107634,61.2325101733653
2025-12-30 05:00:00,107367,21794,45719,31866,168,1590,10,663,7958,-5.4,78.8006,109768,61.50517454995992
2025-12-30 04:00:00,109708,22132,46682,31864,167,1741,10,1007,8386,-5.35,77.89318,111989,61.44710641223692
2025-12-30 03:00:00,112495,22083,47582,31864,165,1999,10,2395,8739,-5.4,76.97875,114837,60.66424584410947
2025-12-30 02:00:00,114340,21805,47968,31855,222,2010,10,3532,8977,-5.3,78.8165,116379,59.95325617164609
2025-12-30 01:00:00,115261,21491,48074,31857,268,2019,21,3849,9102,-5.45,78.48626,116681,59.619818136628936
2025-12-30 00:00:00,115352,20753,48684,31846,254,1991,22,4170,9141,-5.0,74.97407,116861,59.41845440309428
2025-12-29 23:00:00,113592,19574,46648,31842,252,1855,24,4865,9119,-4.7,62.86834,114179,57.99840601161335
2025-12-29 22:00:00,108010,18511,43416,31843,231,1739,629,2588,9084,-4.7,61.14374,108041,57.31805518275469
2025-12-29 21:00:00,104704,18201,41095,31829,157,1354,2127,1096,9003,-4.75,59.21133,104862,56.5466994716866
2025-12-29 20:00:00,103726,18329,40043,31815,159,1242,2957,715,9006,-4.55,56.487644,104266,55.98373391134215
2025-12-29 19:00:00,104074,18682,39946,31806,169,1206,3058,699,9127,-5.9,58.43233,104693,55.99992358610413
2025-12-29 18:00:00,104120,18565,39955,31785,172,1137,3011,675,9107,-6.85,61.82797,104407,56.04988171291196
2025-12-29 17:00:00,103990,19475,39928,31782,173,1076,2802,732,9090,-5.55,56.66795,105058,56.543052409145425
2025-12-29 16:00:00,103107,19121,40281,31793,180,1160,1993,794,9140,-5.2,58.150963,104462,56.86469721046888
2025-12-29 15:00:00,101281,17937,39785,31812,177,1261,1466,1429,9101,-4.35,61.72078,102968,56.058192836609436
2025-12-29 14:00:00,99216,17084,39200,31817,180,1279,634,1599,8969,-3.15,66.54338,100762,55.85835930211787
2025-12-29 13:00:00,96478,15782,38889,31809,175,1270,30,1666,8567,-2.1,70.748856,98188,55.679920153175544
2025-12-29 12:00:00,91873,14536,36509,31809,176,1180,6,1425,8062,-0.65,70.77565,93703,54.4753102888915
2025-12-29 11:00:00,87106,13854,33943,31803,175,1067,6,859,7991,0.4,70.722404,89698,53.286583870320406
2025-12-29 10:00:00,85338,13546,33480,31808,175,1049,6,569,8016,2.35,68.783455,88649,53.04741170233167
2025-12-29 09:00:00,85019,13225,33191,31793,172,1044,6,537,7997,3.65,74.56703,87965,52.76644119820383
2025-12-29 08:00:00,85970,13130,34197,31785,172,1063,6,545,7912,6.7,80.89129,88810,53.290170025897986
2025-12-29 07:00:00,87032,13406,35109,31784,173,1190,6,578,8063,10.2,87.69893,90309,53.72111306735763
2025-12-29 06:00:00,88628,13660,35964,31783,174,1160,6,682,8090,12.4,85.58091,91519,54.222620439471584
2025-12-29 05:00:00,90609,14085,36763,31780,174,1226,6,726,8029,15.8,93.481544,92789,54.79959909040942
2025-12-29 04:00:00,92292,14867,37232,31775,172,1266,6,806,8330,16.45,88.25055,94454,55.15806636034471
2025-12-29 03:00:00,94774,15694,38324,31777,170,1396,6,1140,8197,17.5,79.94174,96704,55.85911647915288
2025-12-29 02:00:00,97589,16279,39623,31799,169,1416,6,2081,8313,18.5,71.96545,99686,56.07808518748871
2025-12-29 01:00:00,98993,16577,40200,31776,265,1452,6,2536,8484,18.55,68.53307,101296,56.0505844258411
2025-12-29 00:00:00,100072,16774,40854,31770,325,1435,6,2986,8613,18.4,71.71289,102763,56.07854967254752
2025-12-28 23:00:00,99831,15740,40899,32046,241,1461,23,3079,8768,18.45,77.78287,102257,55.388873133379626
2025-12-28 22:00:00,96873,14455,38567,32855,172,1459,479,2011,8411,18.6,80.35085,98409,53.87921836417401
2025-12-28 21:00:00,94995,14890,37782,32862,171,1447,1303,1125,7696,18.35,85.09126,97276,54.14696327974012
2025-12-28 20:00:00,95012,15469,38396,32866,172,1449,1570,745,6259,17.55,88.91118,96926,55.57332397911809
2025-12-28 19:00:00,95244,15625,38535,32883,175,1461,2105,603,5466,16.85,89.42787,96853,55.91979597947405
2025-12-28 18:00:00,95524,15836,38563,32887,173,1460,2176,628,5264,15.4,93.16028,96987,56.08896037613288
2025-12-28 17:00:00,95148,15641,38255,32896,173,1463,2053,653,5299,13.05,95.20562,96433,55.88958136737424
2025-12-28 16:00:00,95191,15693,38892,32902,175,1468,1623,873,4675,10.75,95.758606,96301,56.681654396112194
2025-12-28 15:00:00,94823,15564,38571,32911,175,1481,1250,1127,4564,9.35,94.74629,95643,56.60111037922273
2025-12-28 14:00:00,93489,15209,38347,32907,175,1493,590,1121,4051,8.0,95.01545,93893,57.03939590810817
2025-12-28 13:00:00,91378,14784,37635,32915,177,1381,31,985,4100,7.1,94.00362,92008,56.972219806973314
2025-12-28 12:00:00,89063,14147,36318,32920,178,1307,6,907,4228,6.75,91.73673,90011,56.06536978813701
2025-12-28 11:00:00,87562,13785,35787,32926,178,1311,6,658,4301,7.4,89.895775,88952,55.72893245795485
2025-12-28 10:00:00,86738,13547,36070,32934,176,1399,6,673,4100,6.6,91.0923,88905,55.80900961700692
2025-12-28 09:00:00,87056,13241,36590,32933,174,1474,6,650,4144,5.85,91.99997,89212,55.85683540330897
2025-12-28 08:00:00,87580,13314,37196,32936,172,1470,6,592,4586,4.85,93.897484,90272,55.953119461183974
2025-12-28 07:00:00,88421,13467,37776,32932,172,1532,6,546,4767,4.25,94.53311,91198,56.18873220903967
2025-12-28 06:00:00,89990,13912,38598,32933,172,1523,6,527,5147,4.15,93.863884,92818,56.57307849770519
2025-12-28 05:00:00,92594,14761,40450,32930,170,1520,6,727,5402,3.75,91.86863,95966,57.531834191276076
2025-12-28 04:00:00,95384,15484,41881,32926,168,1526,6,1484,5428,3.75,90.89455,98903,58.00127397551136
2025-12-28 03:00:00,97530,15578,42515,32928,166,1528,6,2577,5431,4.5,88.09512,100729,57.67256698666719
2025-12-28 02:00:00,99364,15738,42971,32930,166,1509,6,4077,5628,4.75,87.495895,103025,56.98519776753215
2025-12-28 01:00:00,100362,16099,43224,32927,166,1514,6,3999,5764,5.0,87.210625,103699,57.20691617084061
2025-12-28 00:00:00,101176,16346,43807,32927,166,1517,6,4167,5453,5.05,87.83404,104389,57.62388757436129
2025-12-27 23:00:00,100905,16282,43829,32926,168,1516,18,4366,4589,4.9,84.46197,103694,57.969602869982836
2025-12-27 22:00:00,97064,15818,42289,32923,168,1494,581,2810,3996,5.25,82.42984,100079,58.0611317059523
2025-12-27 21:00:00,94686,15800,41310,32930,169,1502,1809,1250,4086,5.35,81.56895,98856,57.77089908553856
2025-12-27 20:00:00,94429,15588,40433,32936,169,1502,2921,903,3925,5.2,82.423386,98377,56.94522093578783
2025-12-27 19:00:00,94736,15300,39942,32930,170,1492,3670,646,3669,4.9,83.26929,97819,56.473691205185084
2025-12-27 18:00:00,95266,15096,39406,32936,171,1490,4074,632,3492,4.6,84.42724,97297,56.016115604797676
2025-12-27 17:00:00,96171,15158,40187,32938,171,1494,4088,643,3108,5.05,82.992294,97787,56.59750273553744
2025-12-27 16:00:00,95972,15560,39893,32934,171,1496,3977,708,2431,4.85,82.6722,97170,57.06802511063085
2025-12-27 15:00:00,94573,15591,38976,32946,172,1495,3201,970,2199,4.4,84.40401,95550,57.10832025117739
2025-12-27 14:00:00,93081,15802,38984,32945,173,1494,1269,1397,1992,4.25,86.212074,94056,58.248277621842306
2025-12-27 13:00:00,90835,15666,38209,32942,174,1469,50,1711,1831,4.4,88.399216,92052,58.52670229870074
2025-12-27 12:00:00,88161,15365,37158,32942,176,1383,6,1092,1634,4.45,89.665726,89756,58.51753643210482
2025-12-27 11:00:00,86924,15336,36865,32939,175,1324,6,609,1511,4.3,90.93321,88765,58.808088773728386
2025-12-27 10:00:00,86836,15563,36975,32940,174,1328,6,527,1522,4.8,91.28933,89035,59.008255180546975
2025-12-27 09:00:00,86652,15260,36954,32935,172,1320,6,528,1644,5.25,91.96276,88819,58.786971256150146
2025-12-27 08:00:00,86852,15138,37161,32928,171,1324,6,537,1676,5.6,92.630035,88941,58.80190238472696
2025-12-27 07:00:00,86927,15520,37682,32929,171,1429,6,570,1615,5.8,92.965256,89922,59.16460932808434
2025-12-27 06:00:00,88756,16164,38840,32928,173,1494,6,584,1566,6.5,94.62872,91755,59.946596915699416
2025-12-27 05:00:00,91694,17115,41274,32918,173,1498,6,660,1591,7.55,94.99796,95235,61.31044258938415
2025-12-27 04:00:00,94667,17656,43135,32928,172,1654,6,887,1801,8.75,93.760086,98239,61.88071946986431
2025-12-27 03:00:00,97568,17588,44316,32929,168,2063,6,1792,2165,9.95,94.4519,101027,61.27470874122759
2025-12-27 02:00:00,100308,17770,45368,32931,184,2093,6,3043,2607,10.9,94.49223,104002,60.70844791446318
2025-12-27 01:00:00,102376,17951,45883,32936,251,2086,9,4002,3134,12.65,93.63386,106252,60.077927944885744
2025-12-27 00:00:00,104335,18146,46477,32934,249,2162,9,4655,3848,14.1,95.866234,108480,59.571349557522126
2025-12-26 23:00:00,105346,17716,46201,32932,168,2163,10,5063,4602,14.7,92.21972,108855,58.7175600569565
2025-12-26 22:00:00,103153,16826,44662,32954,168,2094,167,3857,5551,14.75,95.5765,106279,57.8552677386878
2025-12-26 21:00:00,101655,17207,44614,32953,168,1870,486,1645,6168,14.8,95.578186,105111,58.81496703484888
2025-12-26 20:00:00,101440,17304,44534,32949,169,1789,825,889,6632,14.3,96.18463,105091,58.8423366415773
2025-12-26 19:00:00,101682,16855,44107,32958,169,1776,1176,889,7502,13.4,95.84409,105432,57.821154867592384
2025-12-26 18:00:00,101668,16493,43691,32962,170,1743,1546,876,7826,11.45,94.83051,105307,57.15099660991198
2025-12-26 17:00:00,101747,16537,43899,32966,171,1787,1463,798,7562,9.45,98.33259,105183,57.45795423214778
2025-12-26 16:00:00,101197,16290,43295,32968,172,1785,1169,888,6805,7.85,95.66204,103372,57.64133421042449
2025-12-26 15:00:00,99516,15428,42280,32970,171,1788,1083,1221,6361,6.0,93.62576,101302,56.96629878975736
2025-12-26 14:00:00,97403,14709,41440,32971,174,1736,601,1743,5635,4.3,92.55517,99009,56.711006070155236
2025-12-26 13:00:00,94907,13784,40282,32971,173,1589,49,1965,5449,3.55,89.914085,96262,56.16546508487254
2025-12-26 12:00:00,91217,12766,37722,32976,174,1525,6,1849,5629,3.1,87.33821,92647,54.495018726996015
2025-12-26 11:00:00,87326,12606,34920,32976,174,1518,6,1072,5922,3.45,83.08864,89194,53.28385317398031
2025-12-26 10:00:00,84539,12600,32541,32975,172,1515,6,697,6200,2.7,87.61452,86706,52.06214102830254
2025-12-26 09:00:00,83937,12467,32299,32975,171,1473,6,679,6281,2.3,86.631996,86351,51.84190107815775
2025-12-26 08:00:00,83560,12385,32465,32973,171,1323,6,688,6059,2.05,85.98072,86070,52.108748692924365
2025-12-26 07:00:00,83606,12315,32978,32974,169,1255,6,681,6327,1.8,86.58096,86705,52.238048555446625
2025-12-26 06:00:00,84447,12219,33668,32969,170,1160,6,693,6942,1.5,84.98727,87827,52.24703109522129
2025-12-26 05:00:00,85913,12222,34017,32963,171,1145,6,823,7318,0.9,84.918884,88665,52.15022838775165
2025-12-26 04:00:00,87105,12293,35050,32965,169,1209,6,926,7059,1.3,84.345535,89677,52.79280082964417
2025-12-26 03:00:00,88339,12338,35669,32962,168,1408,6,1226,6925,1.8,83.79154,90702,52.92827060042777
2025-12-26 02:00:00,88898,12394,35208,32951,167,1362,6,2306,6736,2.25,82.93698,91130,52.23526829803578
2025-12-26 01:00:00,88806,12534,35131,32941,167,1378,6,2594,6217,2.95,81.24181,90968,52.39754638993932
2025-12-26 00:00:00,88600,12588,35261,32927,168,1375,6,2644,5925,4.1,78.806625,90894,52.642638678020546
2025-12-25 23:00:00,87947,12549,35069,32923,169,1419,31,2460,5538,5.55,73.83705,90158,52.81616717318486
2025-12-25 22:00:00,84403,12452,32163,32917,170,1371,1051,1739,4911,6.85,71.99389,86774,51.41517044275935
2025-12-25 21:00:00,82966,12445,29540,32918,170,1167,3801,1394,4567,8.5,67.37872,86002,48.8186321248343
2025-12-25 20:00:00,81769,12448,27458,32927,171,1116,5497,887,4531,9.35,65.68126,85035,46.92891162462515
2025-12-25 19:00:00,82545,12459,27964,32941,171,1125,5817,729,4526,9.35,69.7301,85732,47.15042224606915
2025-12-25 18:00:00,84804,12403,31347,32945,171,1117,5017,657,4732,8.75,77.32104,88389,49.497109368812865
2025-12-25 17:00:00,87108,12311,33782,32942,172,1120,4180,692,4895,8.8,82.025,90094,51.16100961218283
2025-12-25 16:00:00,88055,12356,34459,32939,174,1162,3893,958,4557,8.2,88.42338,90498,51.730424981767555
2025-12-25 15:00:00,88727,12476,37088,32946,174,1329,1597,1059,4169,7.7,94.03145,90838,54.56306831942579
2025-12-25 14:00:00,87770,12625,37491,32955,176,1341,315,1058,3734,7.3,96.63357,89695,55.8737945258933
2025-12-25 13:00:00,86210,12402,36365,32953,175,1349,12,1106,3370,6.9,98.298676,87732,55.586331099256824
2025-12-25 12:00:00,84464,12628,35726,32962,177,1338,8,848,3039,6.65,96.95006,86726,55.754906256485945
2025-12-25 11:00:00,83272,12663,35084,32969,178,1288,8,789,2673,5.3,93.91893,85652,55.74534161490683
2025-12-25 10:00:00,82114,12652,33972,32968,177,1390,8,714,2635,4.8,95.5569,84516,55.16588574944389
2025-12-25 09:00:00,81587,12674,34624,32966,174,1499,8,596,2114,4.75,91.60825,84655,55.871478353316405
2025-12-25 08:00:00,82101,12882,35554,32966,173,1509,8,642,1785,5.2,85.097374,85519,56.63770624071843
2025-12-25 07:00:00,82622,13100,35955,32964,173,1513,8,695,1578,5.2,84.496605,85986,57.04998488125974
2025-12-25 06:00:00,83710,13494,36207,32962,173,1520,8,827,1833,5.05,79.80218,87024,57.111831218974075
2025-12-25 05:00:00,86137,13914,38930,32964,173,1554,8,982,1905,3.75,80.18753,90430,58.43635961517195
2025-12-25 04:00:00,88161,14362,39886,32969,172,1713,8,1193,2139,3.3,80.99673,92442,58.68328249064278
2025-12-25 03:00:00,89766,13970,39603,32962,170,1833,8,2769,2590,3.8,79.33155,93905,57.05021031893936
2025-12-25 02:00:00,90856,13713,39396,32965,168,1832,8,3882,3149,4.05,78.79897,95113,55.83779294102804
2025-12-25 01:00:00,91600,13926,39616,32956,168,1814,9,4019,3761,4.5,78.30291,96269,55.61707299338312
2025-12-25 00:00:00,92721,14692,40408,32954,169,1751,16,4090,3613,4.55,79.158936,97693,56.401175109782685
2025-12-24 23:00:00,93156,15234,41146,32949,170,1701,27,4096,2751,4.5,79.72159,98074,57.48720354018394
2025-12-24 22:00:00,89677,13917,40480,32946,171,1677,945,2023,2289,5.1,80.09484,94448,57.594655260037264
2025-12-24 21:00:00,87777,12566,37991,32944,171,1260,4435,1472,2541,6.65,72.47078,93380,54.14114371385735
2025-12-24 20:00:00,87681,12386,36199,32941,172,1111,6923,928,2678,6.9,70.98421,93338,52.05275450513188
2025-12-24 19:00:00,88084,12368,36069,32944,172,1130,7221,875,2825,6.55,74.28184,93604,51.74672022563138
2025-12-24 18:00:00,89653,12238,36056,32950,171,1370,7366,898,3554,5.8,77.94745,94603,51.04912106381404
2025-12-24 17:00:00,91670,12274,36818,32955,173,1617,7310,862,4627,5.35,80.41666,96636,50.80094374767168
2025-12-24 16:00:00,92678,12303,36183,32955,173,1597,7229,975,5875,4.25,85.599724,97290,49.83657107616404
2025-12-24 15:00:00,93119,12791,35381,32961,174,1584,5956,1493,6922,2.65,89.52154,97262,49.52807879747486
2025-12-24 14:00:00,93348,13471,37890,32955,175,1717,1941,2572,6916,0.7,92.34184,97637,52.60403330704548
2025-12-24 13:00:00,92286,13066,38180,32952,175,1810,55,3252,6408,-0.65,95.359344,95898,53.43802790464869
2025-12-24 12:00:00,88829,12585,36432,32947,176,1721,6,2341,5822,-0.35,94.32961,92030,53.261979789199174
2025-12-24 11:00:00,85583,12538,35671,32947,175,1349,6,1141,5230,0.25,96.78996,89057,54.13274644328913
2025-12-24 10:00:00,85526,12838,36629,32953,173,1312,6,736,4585,1.1,96.81194,89232,55.43639053254438
2025-12-24 09:00:00,86018,13370,37442,32955,172,1233,6,734,3929,2.1,96.491646,89841,56.557696374706424
2025-12-24 08:00:00,86270,13880,37752,32961,172,1275,6,753,3752,3.15,96.17908,90551,57.01980099612373
2025-12-24 07:00:00,86837,14201,37994,32968,173,1276,6,770,3647,4.2,95.872795,91035,57.335090899104735
2025-12-24 06:00:00,88873,14422,39560,32965,173,1321,6,818,3697,4.5,96.558235,92962,58.068888362987025
2025-12-24 05:00:00,92169,15526,41233,32963,171,1527,6,951,3724,4.55,96.22139,96101,59.06182037647891
2025-12-24 04:00:00,94839,16244,42405,32954,169,1759,6,1054,3662,5.5,96.249695,98253,59.691816025973765
2025-12-24 03:00:00,97857,16918,43553,32957,168,2063,6,1491,3925,6.75,94.966644,101081,59.82429932430428
2025-12-24 02:00:00,100187,17589,44777,32955,166,2041,6,1958,4145,7.85,93.71659,103637,60.17734978820305
2025-12-24 01:00:00,101725,17670,45807,32954,229,2050,6,2403,4140,8.9,92.18521,105259,60.30553206851671
2025-12-24 00:00:00,102877,17836,46592,32959,334,2098,8,2704,3948,9.55,90.981094,106479,60.50770574479475
2025-12-23 23:00:00,103050,17409,46663,32961,390,2097,33,3219,3633,10.05,90.40152,106405,60.21521545040177
2025-12-23 22:00:00,100240,16901,45630,32963,350,2043,818,1490,3301,11.7,87.24767,103496,60.41876014531963
2025-12-23 21:00:00,99803,16505,43706,32961,241,1988,3164,1261,3329,12.4,85.01028,103155,58.36944404052154
2025-12-23 20:00:00,100418,16953,43664,32964,242,1945,4366,968,3195,12.85,83.93118,104297,58.11960075553467
2025-12-23 19:00:00,102261,17647,44829,32963,242,2014,3938,950,3088,12.05,89.047775,105671,59.12312744272317
2025-12-23 18:00:00,103095,18047,45209,32964,242,2043,2962,1303,3351,11.3,91.09943,106121,59.60742925528406
2025-12-23 17:00:00,104778,18195,45696,32977,241,2042,2249,2094,3829,11.7,90.519745,107323,59.5315076917343
2025-12-23 16:00:00,105709,17926,45849,32976,243,2036,1557,2614,4895,10.8,92.91867,108096,58.99848283007697
2025-12-23 15:00:00,105498,17519,45586,32974,244,1868,768,3376,6228,9.45,95.07118,108563,58.127538848410595
2025-12-23 14:00:00,104729,16998,44148,32973,247,1881,134,4228,7065,8.45,96.663795,107674,56.78808254546131
2025-12-23 13:00:00,102482,16317,41985,32979,274,1774,6,4356,6928,7.9,96.31984,104619,55.727927049579904
2025-12-23 12:00:00,97961,15513,39769,32982,269,1595,6,2705,7579,7.25,95.64165,100418,55.051883128522775
2025-12-23 11:00:00,93719,15091,38705,32986,256,1312,6,1248,7711,7.65,93.706856,97315,55.28027539433798
2025-12-23 10:00:00,91339,14944,37745,32993,232,1101,6,917,7582,6.95,90.48674,95520,55.16017587939699
2025-12-23 09:00:00,90794,14993,37340,32992,199,1156,6,860,7554,5.85,86.37684,95100,55.02944269190326
2025-12-23 08:00:00,91699,15342,37736,32988,172,1273,6,824,7335,4.35,77.99822,95676,55.47681759270873
2025-12-23 07:00:00,92808,16427,38120,32990,167,1392,6,791,7071,3.8,76.23652,96964,56.25489872530011
2025-12-23 06:00:00,95237,16823,39368,32992,168,1578,6,795,7095,3.75,63.46397,98825,56.8590943587149
2025-12-23 05:00:00,98681,17804,40894,32995,166,1882,6,785,6724,3.65,63.44027,101256,57.969898080113765
2025-12-23 04:00:00,102460,19146,43793,32996,165,1954,6,766,6265,3.1,62.605877,105091,59.89000009515563
2025-12-23 03:00:00,105786,19438,45114,32994,164,2112,6,1797,6055,2.75,60.675797,107680,59.94799405646359
2025-12-23 02:00:00,108562,19570,46201,33000,404,2129,6,3546,6028,2.65,58.411205,110884,59.31514014645936
2025-12-23 01:00:00,110293,19309,47223,32997,619,2132,6,4225,6033,1.8,56.877323,112544,59.11643446118852
2025-12-23 00:00:00,111302,18948,47332,32997,761,2098,9,4929,6261,2.05,51.758476,113335,58.48149291922178
2025-12-22 23:00:00,110712,19202,47358,32995,774,2081,17,4652,5860,1.35,49.794895,112939,58.934469049663974
2025-12-22 22:00:00,105797,18642,45521,33007,830,1978,723,2430,4884,2.45,48.220264,108015,59.401934916446784
2025-12-22 21:00:00,103445,17822,44113,33013,504,1522,3545,1368,4624,3.2,47.51871,106511,58.14892358535738
2025-12-22 20:00:00,103959,18176,43684,33018,273,1448,5785,771,3950,3.6,46.552914,107105,57.75640726389991
2025-12-22 19:00:00,104487,18327,43787,33021,276,1438,6349,788,4031,2.1,53.588554,108017,57.50391142135034
2025-12-22 18:00:00,105511,18697,43976,33024,268,1433,6077,750,5056,1.3,57.398014,109281,57.35031707250117
2025-12-22 17:00:00,107360,19143,44035,33005,270,1428,6105,749,5905,1.0,49.88692,110640,57.10231381055676
2025-12-22 16:00:00,109144,19768,45585,32968,294,1538,6120,764,5905,-0.2,55.905582,112942,57.864213490109975
2025-12-22 15:00:00,112463,19742,46897,32971,318,1865,5228,2241,5909,-2.25,67.26581,115171,57.86091984961492
2025-12-22 14:00:00,116731,19840,50369,32973,352,1953,2081,5196,5928,-3.45,74.67771,118692,59.15225962996664
2025-12-22 13:00:00,117155,19149,50489,32985,374,1960,87,5939,5628,-5.05,82.60663,116611,59.71820840229481
2025-12-22 12:00:00,112281,18008,46583,33031,313,1884,11,5225,5694,-5.1,81.96386,110749,58.3219713044813
2025-12-22 11:00:00,105743,17365,43528,33031,277,1788,11,3360,5624,-5.55,76.055504,104984,58.00217175950622
2025-12-22 10:00:00,101067,17792,41601,33033,169,1727,11,1428,5260,-5.2,74.06335,101021,58.79272626483603
2025-12-22 09:00:00,99160,17587,40863,33040,170,1673,11,732,5325,-5.1,76.43214,99401,58.802225329725054
2025-12-22 08:00:00,98744,17758,40502,33035,169,1672,11,722,5335,-5.05,81.02507,99204,58.72747066650539
2025-12-22 07:00:00,98773,18200,40351,33030,168,1817,11,687,5157,-4.95,83.58137,99421,58.89198459078062
2025-12-22 06:00:00,99557,18990,41800,33034,167,1850,11,688,4788,-4.25,84.312904,101328,59.99328912048002
2025-12-22 05:00:00,101607,19465,43590,33030,169,1879,11,713,4501,-2.9,77.40006,103358,61.006404922695864
2025-12-22 04:00:00,104141,19774,45971,33022,190,1935,13,1122,4573,-2.65,75.977455,106600,61.67448405253283
2025-12-22 03:00:00,106162,19596,47314,33028,327,2089,12,1558,4273,-2.4,75.443306,108197,61.84090131889054
2025-12-22 02:00:00,107532,19239,47460,33022,328,2094,12,3389,3638,-2.1,73.22821,109182,61.08974006704402
2025-12-22 01:00:00,107383,19250,47198,33026,325,2129,12,3953,3162,-1.65,70.30162,109055,60.93072302966394
2025-12-22 00:00:00,106910,18607,48384,33020,333,2110,12,4003,2508,-1.35,68.24599,108977,61.4726043110014
2025-12-21 23:00:00,104669,16965,46975,33015,308,2088,46,3896,2143,-1.0,71.24346,105436,60.64342349861528
2025-12-21 22:00:00,98704,14932,43141,33010,184,1730,1649,2311,1992,0.15,69.09074,98949,58.68983011450343
2025-12-21 21:00:00,96213,15043,40243,33010,159,1328,5061,1049,2013,2.25,57.648785,97906,56.468449328948175
2025-12-21 20:00:00,96616,15682,39329,32997,158,1271,6068,694,2008,2.55,55.793995,98207,56.0153553209038
2025-12-21 19:00:00,97535,16427,40066,32998,158,1261,6137,650,2101,2.3,57.661934,99798,56.60734684061804
2025-12-21 18:00:00,97880,16924,40027,33001,159,1261,6220,615,2073,1.7,60.411934,100280,56.791982449142395
2025-12-21 17:00:00,98028,16867,40072,33009,159,1253,6580,638,2079,1.1,60.48974,100657,56.56735249411368
2025-12-21 16:00:00,98580,16921,40062,33017,159,1286,7039,739,2133,0.35,65.32169,101356,56.22064801294447
2025-12-21 15:00:00,98530,17865,39978,33020,159,1466,5901,985,2413,-0.45,68.441444,101787,56.8274927053553
2025-12-21 14:00:00,98771,19012,41342,33019,160,1588,1962,1554,3032,-1.2,70.12704,101669,59.36322772919965
2025-12-21 13:00:00,97570,17876,41004,33014,159,1596,74,2307,3740,-1.9,70.78985,99770,59.015736193244464
2025-12-21 12:00:00,94584,16772,40305,33017,159,1452,6,966,4237,-1.65,68.180466,96914,58.89448376911488
2025-12-21 11:00:00,92030,15739,39203,33009,158,1395,6,665,5235,-1.2,64.960625,95410,57.585158788386956
2025-12-21 10:00:00,91542,15696,38941,33007,156,1374,6,608,6239,-0.55,64.369965,96027,56.89753923375718
2025-12-21 09:00:00,91711,15696,38980,33002,152,1412,6,590,7074,0.4,61.946457,96912,56.41819382532607
2025-12-21 08:00:00,92483,15626,38644,32994,145,1258,6,611,8159,1.65,58.37204,97443,55.69409808811305
2025-12-21 07:00:00,93724,16098,38524,33002,142,1254,6,577,8951,2.6,60.638245,98554,55.42342269212818
2025-12-21 06:00:00,95449,16726,39390,33004,143,1391,6,598,9344,3.1,67.68102,100602,55.78020317687521
2025-12-21 05:00:00,97974,17100,40259,33012,147,1677,6,690,9309,3.4,73.71085,102200,56.124266144814094
2025-12-21 04:00:00,100493,17487,41737,33004,156,1864,6,805,8886,4.3,71.240814,103945,56.976285535619795
2025-12-21 03:00:00,102661,18029,42969,33003,168,2044,6,946,8385,4.55,67.74585,105550,57.79062055897679
2025-12-21 02:00:00,104139,18395,43500,33002,169,2098,6,1778,7802,4.65,60.922073,106750,57.98126463700234
2025-12-21 01:00:00,104626,18554,43294,33001,169,2119,10,2302,7457,4.65,57.414337,106906,57.85269302003629
2025-12-21 00:00:00,104907,18345,43733,32994,169,2104,15,2759,7112,5.05,56.04351,107231,57.89184097882142
2025-12-20 23:00:00,104269,17269,43059,33004,171,2032,21,2842,6853,5.65,42.563316,105251,57.31822025443939
2025-12-20 22:00:00,99878,15933,40898,33008,171,1875,1173,1530,6333,7.3,37.13447,100921,56.31236313552185
2025-12-20 21:00:00,98334,14883,39257,33019,171,1370,4152,1104,6202,8.1,35.43447,100158,54.054593741887814
2025-12-20 20:00:00,98100,14201,37164,33024,171,1287,6501,702,6340,7.55,38.070866,99390,51.68024952208472
2025-12-20 19:00:00,99768,14937,37982,33024,170,1292,6645,632,6767,6.35,42.12815,101449,52.163155871423086
2025-12-20 18:00:00,100860,15327,37977,33039,168,1292,6602,649,7267,4.65,51.317486,102321,52.094877884305276
2025-12-20 17:00:00,102287,15842,38736,33049,167,1278,6873,629,7724,3.15,49.739967,104298,52.3289037181921
2025-12-20 16:00:00,104239,16838,39385,33049,166,1341,7455,665,8141,1.4,58.52922,107040,52.52522421524664
2025-12-20 15:00:00,106142,18391,38886,33051,166,1582,6400,1244,8191,-1.1,71.49444,107911,53.07799946252004
2025-12-20 14:00:00,108751,19775,41056,33047,166,1911,2245,3512,8462,-3.25,83.47668,110174,55.2135712600069
2025-12-20 13:00:00,107716,19023,41458,33040,165,1942,58,4107,8216,-4.65,88.90545,108009,55.99625957096168
2025-12-20 12:00:00,104198,18228,39308,33023,165,1892,7,3096,8060,-5.05,87.85393,103779,55.440888811802004
2025-12-20 11:00:00,100989,18588,38751,32998,163,1788,7,1497,8133,-5.2,87.16705,101925,56.2560706401766
2025-12-20 10:00:00,99574,18922,38301,32973,162,1775,7,659,8137,-5.75,85.44348,100936,56.69235951494016
2025-12-20 09:00:00,99003,18383,38042,32940,162,1801,7,556,8155,-6.3,82.76114,100046,56.39905643404034
2025-12-20 08:00:00,99050,18551,37671,32870,163,1795,7,553,8207,-6.6,80.168236,99817,56.32507488704329
2025-12-20 07:00:00,99824,19349,38201,32883,159,1857,7,554,8007,-6.65,77.98397,101017,56.97060890741162
2025-12-20 06:00:00,101391,19900,40311,32913,156,1887,7,562,7384,-6.35,75.02093,103120,58.38925523661753
2025-12-20 05:00:00,103846,20013,42941,32965,153,1905,7,726,6434,-6.0,66.14671,105144,59.87407745567983
2025-12-20 04:00:00,106812,20051,44563,33043,177,2026,13,1309,5876,-6.15,66.64159,107058,60.35420052681724
2025-12-20 03:00:00,109328,19987,45465,33035,423,2075,18,2772,4666,-6.7,70.06239,108441,60.35724495347701
2025-12-20 02:00:00,110814,20240,46789,33032,422,2086,18,3979,3489,-6.4,68.19842,110055,60.90500204443233
2025-12-20 01:00:00,111754,20313,47468,33031,420,2109,21,4454,2716,-6.05,66.39939,110532,61.322512937429885
2025-12-20 00:00:00,112227,19610,47567,33012,418,2091,27,4692,3212,-5.65,64.92318,110629,60.722776125609016
2025-12-19 23:00:00,111364,18467,46983,33008,397,2094,49,4564,3714,-5.0,52.41013,109276,59.89421281891724
2025-12-19 22:00:00,106358,16757,44420,33003,271,1982,1148,2053,4757,-4.3,52.4006,104391,58.60371104788727
2025-12-19 21:00:00,102452,15471,40914,32982,154,1420,4170,1122,5015,-3.75,51.72123,101248,55.68998893805309
2025-12-19 20:00:00,101208,15645,39391,32969,248,1280,5494,662,5354,-3.6,56.074444,101043,54.467899805033504
2025-12-19 19:00:00,101934,15641,39562,32962,257,1263,5177,573,6012,-3.8,60.4105,101447,54.41560617859572
2025-12-19 18:00:00,102271,16276,39715,32959,282,1312,4742,752,6996,-4.2,61.514618,103034,54.34225595434516
2025-12-19 17:00:00,103123,16861,40164,32959,296,1385,4384,843,8250,-3.85,57.589367,105142,54.23617583838999
2025-12-19 16:00:00,103519,17360,40887,32955,219,1409,3881,961,9135,-3.7,57.859165,106807,54.534815133839544
2025-12-19 15:00:00,103487,17916,41462,32936,179,1549,2205,1339,9411,-3.65,64.37957,106997,55.49501387889379
2025-12-19 14:00:00,102827,17375,41812,32910,167,1579,503,1678,9621,-3.9,64.82713,105645,56.024421411330394
2025-12-19 13:00:00,100936,16421,40111,32889,167,1551,15,1604,9663,-3.65,74.066635,102421,55.19571181691255
2025-12-19 12:00:00,96247,14779,37514,32887,167,1486,6,1289,9720,-2.35,82.64871,97848,53.44309541329408
2025-12-19 11:00:00,91306,14277,34710,32903,168,1202,6,654,9782,0.1,83.892334,93702,52.27956713837485
2025-12-19 10:00:00,87890,14104,31979,32917,168,1036,6,408,9851,3.45,93.165726,90469,50.93789032707336
2025-12-19 09:00:00,86917,14448,31466,32917,167,1020,6,405,9834,4.4,91.90962,90263,50.86691113745388
2025-12-19 08:00:00,87987,14628,32561,32917,167,1026,6,397,9795,5.05,93.57836,91497,51.57436855853197
2025-12-19 07:00:00,89604,15228,33711,32923,167,1040,6,373,9507,6.05,94.2816,92955,52.648055510731
2025-12-19 06:00:00,92034,16116,35455,32929,167,1216,6,415,8958,6.55,92.68405,95262,54.13596187356974
2025-12-19 05:00:00,95701,16764,37920,32926,166,1440,8,367,8743,7.4,88.967606,98334,55.61047043748856
2025-12-19 04:00:00,98659,17127,39556,32921,167,1957,12,394,8745,10.45,93.52635,100879,56.189097830073656
2025-12-19 03:00:00,100593,17192,40357,32922,206,2418,12,487,8818,10.75,92.29448,102412,56.19361012381362
2025-12-19 02:00:00,102803,17645,41914,32928,401,2405,12,914,8372,10.85,87.167564,104591,56.944670191507875
2025-12-19 01:00:00,104097,17494,42568,32925,392,2439,12,1531,7987,10.25,89.201416,105348,57.01294756426321
2025-12-19 00:00:00,104866,17463,43156,32928,386,2458,13,1775,7322,10.1,88.286896,105501,57.45822314480431
2025-12-18 23:00:00,105357,17044,43127,32927,285,2414,14,2450,7061,8.65,87.85739,105322,57.13051404265016
2025-12-18 22:00:00,101663,16290,41921,32926,198,2285,153,1656,6609,8.2,89.64832,102038,57.04835453458516
2025-12-18 21:00:00,99735,15900,40504,32932,141,2285,942,675,7181,9.15,85.23431,100560,56.089896579156715
2025-12-18 20:00:00,98937,15358,38999,32938,163,2058,2152,412,8295,11.45,71.86007,100375,54.15392278953923
2025-12-18 19:00:00,98939,14458,38140,32940,145,1916,3494,700,8735,11.85,64.417946,100528,52.32174120643005
2025-12-18 18:00:00,98860,14136,37131,32955,140,1912,4583,957,8877,9.6,67.8508,100691,50.915176132921516
2025-12-18 17:00:00,100706,14579,37314,32982,156,2014,4993,1010,9402,5.9,70.02661,102450,50.65202537823329
2025-12-18 16:00:00,104419,15473,38398,33001,167,2050,4983,1267,9452,5.65,69.472565,104791,51.408040766859756
2025-12-18 15:00:00,107223,17039,40070,33012,172,2100,3418,1777,9524,4.6,70.78388,107112,53.31708865486593
2025-12-18 14:00:00,111224,18597,42636,33018,256,2273,1136,2937,9515,3.7,71.90631,110368,55.4807552913888
2025-12-18 13:00:00,112336,18684,42790,33008,321,2277,28,3969,9375,2.95,74.71429,110452,55.65675587585558
2025-12-18 12:00:00,107861,17470,40889,33014,204,2078,5,2975,9154,2.6,75.201355,105789,55.165470890168166
2025-12-18 11:00:00,101325,16720,39086,33018,155,2018,4,865,9140,2.2,77.0878,101006,55.2501831574362
2025-12-18 10:00:00,97963,16408,37537,33032,154,1853,4,386,8915,2.45,76.566124,98289,54.88406637568802
2025-12-18 09:00:00,97468,16588,37357,33023,153,1854,4,341,8947,1.5,79.27386,98267,54.896353811554235
2025-12-18 08:00:00,97529,16895,37214,33023,155,1879,4,341,8856,1.05,80.08684,98367,55.007268697835656
2025-12-18 07:00:00,97764,17597,37047,33024,154,1876,4,337,8676,1.35,79.2511,98715,55.355315808134534
2025-12-18 06:00:00,98520,18396,37610,33023,155,1842,4,346,8353,1.05,78.62271,99729,56.15818869135357
2025-12-18 05:00:00,100904,19170,39697,33015,155,1858,4,330,7958,-0.4,83.21111,102187,57.60713202266433
2025-12-18 04:00:00,103576,19856,41773,32982,152,2069,4,322,7445,-0.75,84.10067,104603,58.9170482682141
2025-12-18 03:00:00,107064,20486,44103,32982,156,2716,4,386,7335,-0.6,85.69449,108168,59.71174469343984
2025-12-18 02:00:00,109156,20786,44355,32979,146,2740,4,1002,7248,-0.2,86.374016,109260,59.62017206663006
2025-12-18 01:00:00,109685,21113,44510,32983,251,2734,4,1865,6628,0.25,85.15758,110088,59.609585059225346
2025-12-18 00:00:00,109710,20515,45604,32977,474,2727,15,2442,5121,2.0,83.81585,109875,60.17656427758817
2025-12-17 23:00:00,108631,19575,45859,32976,475,2584,44,2857,3345,0.25,80.56452,107715,60.747342524253824
2025-12-17 22:00:00,103855,18526,44085,32953,508,2464,1118,1042,2022,2.2,74.57987,102718,60.954263128176166
2025-12-17 21:00:00,103225,18034,42813,32897,341,2197,4056,326,1766,3.55,72.40468,102430,59.40349506980377
2025-12-17 20:00:00,102594,17083,41430,32894,189,2094,5568,295,1834,4.2,73.057655,101387,57.71252724708296
2025-12-17 19:00:00,102404,16832,40982,32911,178,1800,6525,299,2035,4.3,72.811615,101562,56.924834091490915
2025-12-17 18:00:00,103562,17290,41198,32924,262,1851,6592,300,2448,5.35,67.18178,102865,56.8589899382686
2025-12-17 17:00:00,105984,18081,41528,32956,369,2132,6025,301,3131,3.65,71.896614,104523,57.02955330405748
2025-12-17 16:00:00,107900,19209,42355,32982,302,2286,5219,317,4263,3.2,71.283966,106933,57.57249866738986
2025-12-17 15:00:00,110357,20280,44247,32983,433,2525,3573,522,5643,3.0,70.20324,110206,58.55125855216594
2025-12-17 14:00:00,113149,20092,46625,32980,590,2364,1552,2751,6613,2.75,68.8681,113567,58.74681905835322
2025-12-17 13:00:00,114126,19295,46586,32983,680,2324,95,4345,7146,2.55,66.56463,113454,58.06846827789236
2025-12-17 12:00:00,110576,18195,44233,32966,678,2359,6,3505,7335,2.9,63.73529,109277,57.12821545247399
2025-12-17 11:00:00,104163,17717,41002,32933,550,1937,3,689,8113,2.7,66.598076,102944,57.03974976686354
2025-12-17 10:00:00,101290,17667,38260,32810,374,1819,2,309,9129,2.6,65.10557,100370,55.720832918202646
2025-12-17 09:00:00,101509,18084,39190,32719,306,1884,2,304,9309,2.7,63.687958,101798,56.26240201182734
2025-12-17 08:00:00,102266,19267,39277,32586,228,1887,2,306,9481,2.6,63.42682,103034,56.820078808936856
2025-12-17 07:00:00,103364,19805,40337,32566,263,1894,2,307,9493,3.0,63.285706,104667,57.46032655946956
2025-12-17 06:00:00,105249,20033,42841,32746,400,1923,2,311,9451,3.05,63.770744,107707,58.37503597723453
2025-12-17 05:00:00,108175,20449,44496,32893,468,2100,2,313,9064,2.3,78.52877,109785,59.156533224028784
2025-12-17 04:00:00,112022,21809,46900,32964,999,2349,5,328,9297,0.65,82.12399,114651,59.928827485150585
2025-12-17 03:00:00,116710,22217,49332,32999,1244,2827,6,1283,9049,-0.1,83.86794,118957,60.146943853661405
2025-12-17 02:00:00,119178,22186,49830,32998,1174,2797,2,2719,8838,-0.35,83.83738,120544,59.742500663658085
2025-12-17 01:00:00,120321,21508,50749,32998,1178,2835,7,3181,8610,-0.05,82.0302,121066,59.683974030693996
2025-12-17 00:00:00,120893,21443,51467,32998,1407,2775,2,3332,8220,1.0,78.905914,121644,59.937193778566964
2025-12-16 23:00:00,119689,21193,50519,33000,956,2622,21,3032,7625,0.7,79.445564,118968,60.27839419003429
2025-12-16 22:00:00,114320,19819,48049,33001,618,2644,1224,678,6966,0.35,76.20989,112999,60.06070850184515
2025-12-16 21:00:00,112635,20039,44807,32998,556,2274,4418,323,5923,-0.15,73.04591,111338,58.24246887855
2025-12-16 20:00:00,112108,20718,44635,33000,543,2220,6131,319,4424,-1.1,71.22329,111990,58.356103223502096
2025-12-16 19:00:00,113371,20573,45935,33010,713,2563,6686,319,4506,-1.85,75.82845,114305,58.18468133502471
2025-12-16 18:00:00,115309,20264,45749,33023,1439,2642,7190,318,5272,-2.75,68.73194,115897,56.958333692847965
2025-12-16 17:00:00,117320,20487,46629,33036,1895,2660,7345,320,5566,-5.4,74.3163,117938,56.9078668452916
2025-12-16 16:00:00,120713,21736,46837,33036,2773,2690,7700,368,5820,-7.15,76.071686,120960,56.69064153439154
2025-12-16 15:00:00,123727,23771,49540,33045,3330,2601,6126,548,5779,-8.7,76.09915,124740,58.77104377104377
2025-12-16 14:00:00,128639,24514,53773,33050,4070,2507,1978,3853,5908,-10.45,77.65868,129653,60.381942569782424
2025-12-16 13:00:00,129850,24373,53339,33044,3927,2477,64,5227,5801,-12.45,79.25713,128252,60.59320712347566
2025-12-16 12:00:00,124675,24220,52290,33052,2826,2602,2,3569,4269,-12.65,79.55328,122830,62.28934299438248
2025-12-16 11:00:00,117516,24922,50114,33049,1843,1910,2,1284,3521,-12.2,81.27952,116645,64.32851815337133
2025-12-16 10:00:00,113027,25121,48100,33051,1102,1718,2,687,3150,-11.8,80.34427,112931,64.836935828072
2025-12-16 09:00:00,111633,25079,47392,33049,861,1751,2,514,2728,-11.55,80.05416,111376,65.06877603792559
2025-12-16 08:00:00,110776,25281,46732,33050,792,1763,2,514,2670,-11.15,79.46469,110804,64.99133605285007
2025-12-16 07:00:00,111636,25691,47304,33044,841,1763,2,629,2762,-10.65,78.2597,112036,65.15316505408975
2025-12-16 06:00:00,113298,25720,49099,33035,1055,1784,2,778,2768,-9.75,74.083755,114241,65.49224884235957
2025-12-16 05:00:00,116808,25991,52250,33030,1085,1911,2,607,2930,-8.15,74.68728,117806,66.41512316859922
2025-12-16 04:00:00,120080,25666,55729,33031,1715,2346,2,817,3019,-7.35,75.13468,122325,66.53995503780912
2025-12-16 03:00:00,125097,25893,58607,33027,2173,2572,2,2513,3098,-7.25,73.67276,127885,66.07498924815263
2025-12-16 02:00:00,128331,25786,59454,33016,2320,2673,3,3746,3124,-7.7,75.67144,130122,65.50775426138546
2025-12-16 01:00:00,130199,25826,60026,33021,2683,2947,9,3423,3156,-8.2,77.41609,131091,65.49038454203568
2025-12-16 00:00:00,131251,25660,60177,33018,3703,2904,4,3595,3267,-9.25,76.61637,132328,64.86684601898314
2025-12-15 23:00:00,130738,24875,59194,33014,3617,3047,21,3469,3334,-9.05,78.83923,130571,64.3856599091682
2025-12-15 22:00:00,127019,24064,56834,33017,3221,2908,1132,1222,4148,-9.5,77.505936,126546,63.92774169076857
2025-12-15 21:00:00,126176,24155,54815,33021,1808,2843,4499,567,5139,-9.8,77.768814,126847,62.25610381010193
2025-12-15 20:00:00,126181,24463,52700,33025,1185,2831,5986,362,6118,-10.4,78.619934,126670,60.91655482750454
2025-12-15 19:00:00,127327,25027,53526,33038,838,2786,5930,337,6833,-10.95,76.00288,128315,61.21887542376183
2025-12-15 18:00:00,128197,25228,53747,33040,850,2579,5726,337,7233,-11.5,72.836395,128740,61.344570452073945
2025-12-15 17:00:00,129731,25891,55145,33050,1005,2880,5394,352,7682,-14.35,79.61391,131399,61.67170221995602
2025-12-15 16:00:00,131271,26002,55374,33059,2214,2883,5219,672,7847,-15.3,79.79824,133270,61.061003976889026
2025-12-15 15:00:00,133632,25264,57055,33062,3914,2557,4060,1621,7783,-16.1,80.35168,135316,60.834638919270446
2025-12-15 14:00:00,135723,24399,59640,33071,4407,2596,1734,4335,7552,-16.35,81.69336,137734,61.01543554968272
2025-12-15 13:00:00,135399,23531,59790,33070,4061,2614,69,5360,7326,-16.4,82.38455,135821,61.34618357985878
2025-12-15 12:00:00,130835,23157,56194,33066,3517,2478,2,4151,7090,-16.7,83.047424,129655,61.20165053410975
2025-12-15 11:00:00,124617,24032,52998,33070,2784,2007,2,2455,6088,-17.7,81.84589,123436,62.40480896983052
2025-12-15 10:00:00,121089,24051,53347,33072,2087,2033,2,964,5492,-18.7,83.49153,121048,63.939924657986914
2025-12-15 09:00:00,119814,24336,52294,33068,1787,2163,2,489,5025,-17.8,82.53954,119164,64.3063341277567
2025-12-15 08:00:00,119328,25151,52683,33058,1785,2115,2,494,4236,-16.9,81.96236,119524,65.11997590442087
2025-12-15 07:00:00,119558,25392,52926,33039,1742,2087,2,374,4179,-16.0,81.05326,119741,65.40616831327615
2025-12-15 06:00:00,120571,25825,55108,33026,1900,1923,2,329,3727,-15.85,81.420494,121840,66.42564018384766
2025-12-15 05:00:00,122797,25960,55345,33033,2664,1839,2,745,3715,-14.15,81.32937,123303,65.93919044954299
2025-12-15 04:00:00,125720,25357,56327,33035,3228,2301,2,1556,3354,-13.8,80.36949,125160,65.26366251198465
2025-12-15 03:00:00,129395,25506,57571,33049,3474,2625,2,2848,3556,-13.9,80.019196,128631,64.58551982026106
2025-12-15 02:00:00,131810,26337,58098,33068,3736,2515,2,3965,3554,-13.25,78.47223,131275,64.31917729956199
2025-12-15 01:00:00,132244,25936,58037,33069,3335,2702,3,4956,3438,-13.45,77.78716,131476,63.86945145882138
2025-12-15 00:00:00,131986,25935,57643,33062,3148,2758,9,4713,3500,-13.85,77.069916,130768,63.91318977119784
2025-12-14 23:00:00,129859,26084,57314,33063,2780,2689,65,3883,3355,-13.2,77.18414,129233,64.53305270325691
2025-12-14 22:00:00,122581,25894,53312,33058,1208,2748,1140,1373,3350,-13.2,75.59058,122083,64.87881195580056
2025-12-14 21:00:00,117027,24909,48755,33058,345,2732,4060,597,3460,-12.9,74.08502,117916,62.471589945384856
2025-12-14 20:00:00,114914,25038,46202,33059,204,2584,5256,470,3309,-13.1,76.56109,116122,61.34927059471935
2025-12-14 19:00:00,114719,25531,46187,33056,219,2582,4757,429,3371,-13.0,74.06556,116132,61.7555884682947
2025-12-14 18:00:00,114939,25894,47622,33053,237,2628,4303,418,3394,-12.9,72.856926,117549,62.54072769653506
2025-12-14 17:00:00,114658,25565,47345,33057,231,2634,3835,435,4064,-13.65,73.938446,117166,62.22795008790947
2025-12-14 16:00:00,114087,25027,46764,33054,226,2628,3336,425,5382,-13.95,74.191414,116842,61.44280310162442
2025-12-14 15:00:00,113265,24600,46280,33056,166,2461,1970,435,6757,-14.9,74.95384,115725,61.24864981637502
2025-12-14 14:00:00,110688,23493,46254,33066,154,2442,375,487,7168,-15.6,76.75827,113439,61.48414566418956
2025-12-14 13:00:00,107006,21337,44563,33062,158,2346,3,563,7513,-15.8,77.7096,109545,60.157925966497785
2025-12-14 12:00:00,103367,20135,42747,33065,163,2126,2,534,7744,-15.0,77.8479,106516,59.03526230801006
2025-12-14 11:00:00,100737,19873,41107,33068,162,1778,2,369,7861,-13.35,79.441605,104220,58.51084244866628
2025-12-14 10:00:00,99544,19841,39985,33071,161,1663,2,354,7845,-12.7,79.54533,102922,58.12751403975827
2025-12-14 09:00:00,99600,20143,40262,33063,160,1625,3,354,7695,-12.05,80.30596,103305,58.47248439088138
2025-12-14 08:00:00,100050,20966,40395,33064,160,1627,4,352,7349,-10.55,78.91558,103917,59.048086453612015
2025-12-14 07:00:00,100814,21404,40941,33061,159,1649,4,354,7338,-9.65,78.108986,104910,59.42712801448861
2025-12-14 06:00:00,101813,21316,40977,33063,159,1671,4,347,7292,-9.05,79.47445,104829,59.423441986473215
2025-12-14 05:00:00,103513,21484,42040,33055,158,1655,4,357,7119,-7.6,80.0166,105872,60.000755629439325
2025-12-14 04:00:00,105642,21794,44148,33052,156,1876,4,371,6778,-7.05,81.05209,108179,60.95637785522143
2025-12-14 03:00:00,107730,22923,44389,33045,155,2077,4,807,6319,-6.7,85.33479,109719,61.349447224272915
2025-12-14 02:00:00,109451,24017,45241,33044,153,2199,4,1282,5253,-6.45,85.36352,111193,62.286295000584566
2025-12-14 01:00:00,110445,24805,45807,33041,153,2230,5,1452,4525,-6.0,85.74686,112018,63.036297737863556
2025-12-14 00:00:00,111041,24898,46147,33044,154,2371,4,2075,3883,-5.55,85.46621,112576,63.108477828311536
2025-12-13 23:00:00,110714,24380,45863,33033,156,2359,9,2624,3705,-4.8,83.92267,112129,62.644810887459975
2025-12-13 22:00:00,107194,23405,44089,33036,157,2271,467,1000,3449,-4.05,82.73925,107874,62.56743979086712
2025-12-13 21:00:00,105641,22520,42806,33034,155,2192,2228,383,3404,-2.6,83.243225,106722,61.21137160098199
2025-12-13 20:00:00,105801,22138,42516,33032,155,2014,3503,346,3427,-1.5,84.32473,107131,60.35041211227375
2025-12-13 19:00:00,106402,21916,42783,33038,158,2059,3737,340,3395,-0.6,80.44156,107426,60.2265745722637
2025-12-13 18:00:00,106327,21766,41861,33039,156,1934,4387,342,3835,0.1,75.59977,107320,59.2871785314946
2025-12-13 17:00:00,107207,22434,42070,33038,157,1942,4565,350,4178,1.05,67.48497,108734,59.32275093347067
2025-12-13 16:00:00,108307,23079,43559,33032,157,2072,4303,410,4213,0.75,70.2647,110825,60.12903225806452
2025-12-13 15:00:00,110012,23635,45063,33048,157,1851,3208,644,5128,0.3,74.23484,112734,60.93813756275836
2025-12-13 14:00:00,110305,23510,45512,33062,203,1793,1377,887,6174,0.2,77.61785,112518,61.34307399704936
2025-12-13 13:00:00,109407,23176,45170,33061,203,1708,102,1639,6423,-0.05,79.33189,111482,61.30675804165695
2025-12-13 12:00:00,106776,22624,44421,33067,204,1739,3,745,6927,0.0,79.63526,109730,61.09997266016586
2025-12-13 11:00:00,105178,21858,44499,33073,204,1716,3,379,7025,-0.1,82.634254,108757,61.0140036963138
2025-12-13 10:00:00,104333,20716,44500,33078,204,1934,3,380,7015,-0.05,81.42364,107830,60.48038579245109
2025-12-13 09:00:00,104071,20147,45044,33081,204,2008,3,386,7065,0.0,81.43056,107938,60.396709221960755
2025-12-13 08:00:00,104256,20509,44935,33081,205,2008,3,391,6984,-0.05,81.72642,108116,60.5312812164712
2025-12-13 07:00:00,104992,20799,45676,33074,204,2017,3,389,6592,-0.6,82.56885,108754,61.124188535594094
2025-12-13 06:00:00,106492,21637,46125,33070,204,2011,3,392,5664,-0.65,81.94925,109106,62.10657525708944
2025-12-13 05:00:00,108961,22006,47585,33067,204,2011,3,393,4774,-0.45,77.80241,110043,63.23982443226739
2025-12-13 04:00:00,111685,22577,50261,33065,252,2080,3,390,3799,-0.4,76.941345,112427,64.78692840687735
2025-12-13 03:00:00,113803,23249,52055,33071,667,2198,3,626,2637,-0.65,77.76995,114506,65.76423942850155
2025-12-13 02:00:00,115392,23775,52426,33068,560,2177,3,1905,1798,-0.65,76.03756,115712,65.85401686946902
2025-12-13 01:00:00,116163,24399,53344,33061,654,2163,8,2200,1173,-0.85,80.104805,117002,66.44587272012444
2025-12-13 00:00:00,116586,24194,53617,33056,677,2129,21,3424,680,-0.55,78.37102,117798,66.05460194570367
2025-12-12 23:00:00,116147,23767,52782,33047,700,2145,18,4251,535,0.0,75.58223,117245,65.2897778156851
2025-12-12 22:00:00,111212,23739,49577,33048,594,2143,460,1488,386,0.25,75.34411,111435,65.79261452864898
2025-12-12 21:00:00,108349,23478,46741,33045,480,2118,2321,406,310,0.75,66.66079,108899,64.48084922726564
2025-12-12 20:00:00,108914,23484,46216,33049,535,2124,3735,399,279,0.9,65.696106,109821,63.46691434242996
2025-12-12 19:00:00,109227,23557,46876,33055,503,2108,4432,378,240,1.0,64.49041,111149,63.36809148080504
2025-12-12 18:00:00,109733,23525,46643,33058,480,2095,4969,370,257,0.7,65.650276,111397,62.989128971157214
2025-12-12 17:00:00,110840,23672,47191,33064,526,2121,5014,367,370,0.75,62.74398,112325,63.08746939683952
2025-12-12 16:00:00,112739,23984,48519,33065,596,2219,4147,1061,434,-0.35,61.523968,114025,63.585178688884014
2025-12-12 15:00:00,115340,24147,50793,33070,648,2303,2249,2648,540,-1.25,62.97859,116398,64.38254952834241
2025-12-12 14:00:00,117415,23884,53456,33078,807,2337,513,4290,826,-2.15,66.77088,119191,64.88744955575505
2025-12-12 13:00:00,117261,23554,52874,33073,788,2351,26,4534,1094,-2.55,68.510185,118294,64.60851776083317
2025-12-12 12:00:00,112841,23314,50027,33075,755,2358,2,2702,1362,-2.4,66.7142,113595,64.56358114353624
2025-12-12 11:00:00,106323,23219,46960,33081,445,2324,2,636,1721,-2.9,65.06391,108388,64.747942576669
2025-12-12 10:00:00,103077,22906,45620,33074,160,2303,2,388,2051,-2.75,64.34343,106504,64.34124539923383
2025-12-12 09:00:00,102109,22776,45247,33071,158,2291,5,386,2155,-2.3,62.234688,106089,64.11880590824684
2025-12-12 08:00:00,102468,22825,45909,33067,158,2285,6,392,2205,-2.15,62.030106,106847,64.32936816195121
2025-12-12 07:00:00,103308,23145,45893,33065,158,2310,6,401,2181,-2.05,62.78271,107159,64.42575985218227
2025-12-12 06:00:00,104567,23454,46184,33062,158,2307,6,401,2081,-2.0,64.27283,107653,64.68746806870222
2025-12-12 05:00:00,107578,23620,48738,33065,382,2310,6,384,2126,-2.15,61.071125,110631,65.40481420216757
2025-12-12 04:00:00,110774,24059,51393,33066,477,2398,6,614,1990,-2.05,66.02456,114003,66.1842232221959
2025-12-12 03:00:00,114714,23769,53141,33061,491,2869,13,2289,1790,-1.75,69.744865,117423,65.49824140074773
2025-12-12 02:00:00,117420,23838,54190,33058,583,2881,15,3997,1767,-1.55,71.13232,120329,64.8455484546535
2025-12-12 01:00:00,118695,23394,54730,33060,898,2902,6,3984,1777,-1.6,73.04507,120751,64.69842899851761
2025-12-12 00:00:00,119379,23161,54709,33045,1075,2909,6,4573,1649,-1.5,72.5105,121127,64.28789617508896
2025-12-11 23:00:00,118853,23278,53619,33044,1109,2897,7,4069,1596,-1.4,65.41509,119619,64.28493801151991
2025-12-11 22:00:00,113975,23492,52010,33040,585,2733,588,1350,1613,-1.35,62.954178,115411,65.42010726880453
2025-12-11 21:00:00,110266,23464,47867,33033,342,2353,3388,403,1851,-1.0,58.3496,112701,63.292251177895494
2025-12-11 20:00:00,110626,23566,46706,33012,300,2318,4978,341,2020,-0.65,52.405476,113241,62.05526266988105
2025-12-11 19:00:00,111121,23558,47129,33004,295,2310,5163,338,2099,-0.1,48.41209,113896,62.06275900821802
2025-12-11 18:00:00,111179,23303,47614,32993,282,2226,5231,338,2231,-0.55,52.63947,114218,62.089162828976164
2025-12-11 17:00:00,110940,23088,47266,32978,302,2159,5193,345,2460,-0.25,56.109035,113791,61.8273852940918
2025-12-11 16:00:00,111670,23557,48181,32979,311,2259,5041,470,2393,-0.85,62.112732,115191,62.27743486904359
2025-12-11 15:00:00,112417,23310,49431,32976,674,2225,4201,1209,2180,-1.55,62.17926,116206,62.59659570073835
2025-12-11 14:00:00,113594,23387,51662,32973,777,2301,1672,3039,2325,-1.85,69.45704,118136,63.52762917315636
2025-12-11 13:00:00,113328,23184,51354,32966,955,2242,87,3660,2710,-2.45,74.290085,117158,63.621775721675
2025-12-11 12:00:00,108502,21820,48213,32951,854,2067,2,2524,2946,-2.65,73.40394,111377,62.87923000260377
2025-12-11 11:00:00,101951,21144,45071,32935,306,2044,2,556,3240,-2.85,70.32245,105298,62.88343558282209
2025-12-11 10:00:00,99371,20911,43335,32914,275,2032,2,350,3863,-3.05,67.872284,103682,61.96446827800389
2025-12-11 09:00:00,98108,20685,42302,32890,293,2022,2,334,4464,-3.1,64.259636,102992,61.15717725648594
2025-12-11 08:00:00,98067,20667,41548,32878,309,1982,2,334,5421,-2.35,59.60544,103141,60.32033817783423
2025-12-11 07:00:00,98742,20829,42051,32862,307,2001,2,338,6150,-1.75,62.61326,104540,60.14922517696576
2025-12-11 06:00:00,100525,21399,41896,32847,329,2038,2,338,6242,-0.85,76.57721,105091,60.22875412737532
2025-12-11 05:00:00,103186,22430,43264,32830,304,1391,2,348,6464,-1.05,76.83212,107033,61.377332224641
2025-12-11 04:00:00,106460,23482,45412,32814,308,1421,2,353,6357,-0.75,83.47699,110149,62.54618743701713
2025-12-11 03:00:00,109545,23684,47358,32798,310,1574,2,504,6620,-0.45,78.975235,112850,62.9525919361985
2025-12-11 02:00:00,111700,23480,48643,32782,377,1569,2,1537,6747,0.0,82.341606,115137,62.64102764532687
2025-12-11 01:00:00,113600,23659,49487,32765,512,1594,4,2070,7087,0.3,83.60757,117178,62.42298042294628
2025-12-11 00:00:00,114775,23570,48604,32748,514,1586,2,2781,8204,0.9,89.3785,118009,61.15974205357219
2025-12-10 23:00:00,115016,23402,47612,32730,537,1577,2,2865,8760,1.55,88.46381,117485,60.445163212324985
2025-12-10 22:00:00,112038,23056,46385,32718,525,1538,258,953,9180,2.95,77.49286,114613,60.58736792510449
2025-12-10 21:00:00,111245,22606,45429,32669,386,1554,1176,350,9327,3.95,75.43727,113497,59.944315708785254
2025-12-10 20:00:00,110611,22340,44178,32743,410,1547,2370,331,9251,4.4,74.70072,113170,58.77706105858444
2025-12-10 19:00:00,111872,22682,44392,32917,480,1339,2849,327,9140,4.95,78.09262,114126,58.77188370748121
2025-12-10 18:00:00,111465,22783,43157,32996,541,1287,3076,325,8728,4.45,89.03271,112893,58.409290212856426
2025-12-10 17:00:00,111889,22899,42993,32995,1051,1264,2656,332,9098,4.55,90.629944,113288,58.16326530612245
2025-12-10 16:00:00,112115,22931,42958,33010,1033,1267,2239,602,9175,3.85,92.201454,113215,58.19811862385726
2025-12-10 15:00:00,112419,23053,42688,33022,1017,1291,1885,1504,9230,3.0,95.49305,113690,57.82478670067728
2025-12-10 14:00:00,114135,23095,43954,33026,1115,1308,1031,3406,9272,2.8,94.47015,116207,57.69790115913843
2025-12-10 13:00:00,114519,22662,43306,33024,1098,1286,65,3896,9290,3.05,88.27897,114627,57.550140891761984
2025-12-10 12:00:00,110362,21977,42002,33029,1090,1327,3,1505,9000,3.95,77.65387,109933,58.19817525219907
2025-12-10 11:00:00,104335,21331,39241,33025,1072,1357,3,386,8806,5.0,70.60731,105221,57.566455365373834
2025-12-10 10:00:00,101681,21311,38861,33017,925,1373,3,338,8862,5.35,66.93807,104690,57.47635877352183
2025-12-10 09:00:00,101156,21491,38984,33020,835,1446,3,330,8936,5.25,64.285416,105045,57.57056499595411
2025-12-10 08:00:00,101183,21859,38193,33021,790,1444,3,334,8902,4.45,69.47728,104546,57.44074378742372
2025-12-10 07:00:00,102486,21914,38643,33026,854,1435,3,335,8954,3.75,75.67683,105164,57.58339355673044
2025-12-10 06:00:00,103717,23158,38905,33022,723,1452,3,336,9049,3.6,74.28706,106648,58.194246493136305
2025-12-10 05:00:00,106903,24362,41934,33016,735,1438,3,343,9000,3.2,73.9439,110831,59.81719915908003
2025-12-10 04:00:00,110937,24606,44728,33021,1049,1495,3,686,8843,2.9,72.01475,114431,60.590224676879515
2025-12-10 03:00:00,115697,24515,48143,33026,1317,1914,3,1555,8369,2.6,69.34791,118842,61.138318103027544
2025-12-10 02:00:00,118996,24405,50303,33027,1535,1881,3,2592,7816,2.25,67.999855,121562,61.456705220381366
2025-12-10 01:00:00,120649,24298,51877,33025,1437,2003,4,3216,7231,1.65,68.634544,123091,61.885109390613444
2025-12-10 00:00:00,121902,24391,52037,33037,1803,2008,4,3793,6393,1.8,67.39713,123466,61.90206210616688
2025-12-09 23:00:00,121664,24398,51813,33031,1595,1875,24,3555,6145,2.2,68.49658,122436,62.245581364958014
2025-12-09 22:00:00,116946,23634,47981,33030,1357,1896,2287,490,6254,2.7,65.37148,116929,61.24656843041504
2025-12-09 21:00:00,114633,22802,44755,33027,1211,1909,4818,337,6236,3.75,60.024323,115095,58.696728789261044
2025-12-09 20:00:00,113574,23207,43496,33030,1239,2199,5996,327,6160,3.9,57.003986,115654,57.6746156639632
2025-12-09 19:00:00,114978,23237,45435,33029,1157,2252,6383,326,6104,2.85,60.247276,117923,58.23461072055493
2025-12-09 18:00:00,115778,22955,45125,33043,1203,2223,6765,321,6590,1.85,63.724922,118225,57.58511313174033
2025-12-09 17:00:00,116980,23369,46439,33031,1185,2072,5999,321,7329,-0.15,65.205765,119745,58.29721491502776
2025-12-09 16:00:00,118679,23710,49670,33051,1306,2174,4392,795,7678,-2.35,73.18038,122776,59.767381247149274
2025-12-09 15:00:00,121844,23273,51406,33057,1759,2119,2453,3037,7688,-3.6,74.076004,124792,59.842778383229685
2025-12-09 14:00:00,125523,23616,53048,33052,2777,2335,758,4809,7715,-4.8,74.42828,128110,59.84232300366872
2025-12-09 13:00:00,126648,23386,52921,33049,3033,2329,25,5274,7408,-7.4,71.32736,127425,59.88385324700805
2025-12-09 12:00:00,122332,22765,51556,33058,2085,2275,2,3784,7235,-8.4,68.57749,122760,60.54170739654611
2025-12-09 11:00:00,115206,22485,47988,33057,1202,2050,2,2343,7055,-7.8,66.257645,116182,60.657416811554285
2025-12-09 10:00:00,110272,22783,46335,33057,414,1936,2,332,7080,-8.2,64.832184,111939,61.74612958843656
2025-12-09 09:00:00,108676,22507,46095,33069,337,1906,2,294,6564,-8.1,61.75941,110774,61.92969469370069
2025-12-09 08:00:00,108303,22619,45688,33070,315,2129,2,296,5920,-8.25,60.46909,110039,62.07526422450223
2025-12-09 07:00:00,108935,23291,46206,33069,314,2197,2,297,5792,-8.65,60.612804,111168,62.515292170408756
2025-12-09 06:00:00,109805,23694,46398,33075,268,2304,2,310,5503,-8.65,59.13266,111554,62.83235025189594
2025-12-09 05:00:00,112559,23685,48251,33075,343,2358,2,374,5551,-7.3,50.258823,113639,63.30221138869578
2025-12-09 04:00:00,116322,23815,52078,33075,631,2396,2,789,5239,-6.95,49.74146,118025,64.3024782884982
2025-12-09 03:00:00,120057,23726,54932,33059,747,2498,2,2285,4515,-6.45,49.48099,121764,64.59873197332546
2025-12-09 02:00:00,123068,24016,55838,33058,873,2526,2,4110,3649,-5.75,48.880684,124072,64.36101618415114
2025-12-09 01:00:00,124327,24136,57476,33054,999,2534,2,4950,2706,-5.15,48.860485,125857,64.84502252556473
2025-12-09 00:00:00,125213,24123,57907,33050,1333,2536,3,5626,1843,-4.95,50.337173,126421,64.88637172621637
2025-12-08 23:00:00,124864,23880,57462,33048,1279,2465,31,5727,1231,-4.05,42.638035,125123,65.00963052356481
2025-12-08 22:00:00,119894,23841,55046,33058,605,2389,1237,2892,910,-3.05,39.89647,119978,65.75122105719382
2025-12-08 21:00:00,116707,23823,53293,33046,500,2353,3742,593,975,-1.5,35.43272,118325,65.17304035495457
2025-12-08 20:00:00,115290,23686,52072,33052,407,2395,4005,435,1162,-0.9,33.77016,117214,64.63221116931425
2025-12-08 19:00:00,114898,23665,51756,33056,401,2394,3836,413,1175,-0.9,35.04174,116696,64.63032151916089
2025-12-08 18:00:00,114888,23525,52222,33059,467,2415,3779,440,1247,-1.35,36.363865,117154,64.65592297318061
2025-12-08 17:00:00,115432,23419,51808,33063,544,2400,3740,788,1641,-1.7,31.889791,117403,64.0758754035246
2025-12-08 16:00:00,115853,23582,52529,33063,583,2225,3353,1002,2345,-2.3,37.429344,118682,64.13019665998215
2025-12-08 15:00:00,116315,23554,53429,33059,592,2080,2137,1476,2722,-3.0,49.104794,119049,64.66496988634933
2025-12-08 14:00:00,115938,23551,53254,33059,569,2097,647,2706,2908,-3.7,60.19787,118791,64.65557155003326
2025-12-08 13:00:00,114700,23341,52049,33060,562,2281,24,2669,2914,-3.5,64.41551,116900,64.49101796407186
2025-12-08 12:00:00,109430,22647,47451,33061,872,2170,2,2020,3001,-2.95,67.1085,111224,63.02416744587499
2025-12-08 11:00:00,102372,22345,43304,33054,352,1887,2,816,3002,-3.75,67.1896,104762,62.66489757736584
2025-12-08 10:00:00,99378,22014,41543,33058,269,1858,2,335,3332,-4.1,67.90386,102411,62.06071613400904
2025-12-08 09:00:00,97575,21733,39692,33049,267,1822,2,328,3768,-4.35,69.46229,100661,61.02164691389913
2025-12-08 08:00:00,97567,21641,39645,33048,268,1808,2,330,4136,-4.15,69.505104,100878,60.75259224013164
2025-12-08 07:00:00,98429,21600,40038,33055,267,1802,2,333,4299,-3.0,71.11054,101396,60.78938025168645
2025-12-08 06:00:00,98806,21465,40065,33056,266,1783,2,339,4706,-1.85,75.54098,101682,60.512185047501035
2025-12-08 05:00:00,100657,21958,42333,33050,265,1822,2,420,4978,-2.1,80.22183,104828,61.32998817109932
2025-12-08 04:00:00,103220,22002,43485,33045,266,1927,2,559,5715,-1.05,82.20181,107001,61.20223175484342
2025-12-08 03:00:00,106055,21962,45399,33036,266,1941,2,716,5814,-0.45,84.449585,109136,61.72207154376191
2025-12-08 02:00:00,107643,21878,47138,33029,275,1962,2,1557,4848,-0.05,86.071625,110689,62.35127248416735
2025-12-08 01:00:00,108222,21821,47502,33047,441,2016,2,2193,4619,0.7,91.00675,111641,62.094570990944185
2025-12-08 00:00:00,108039,21761,47578,33039,443,2015,11,2374,4786,1.65,88.4727,112007,61.90595230655227
2025-12-07 23:00:00,106701,21648,46083,33031,445,2008,22,2081,5145,0.7,90.34565,110463,61.31555362429049
2025-12-07 22:00:00,102672,21492,42867,33023,366,1860,596,1014,4965,1.25,87.15792,106183,60.611397304653295
2025-12-07 21:00:00,100572,20779,40896,33029,267,1781,2663,459,4796,1.9,85.65304,104670,58.92328269800324
2025-12-07 20:00:00,99428,20727,39546,33038,267,1765,4385,373,4722,2.15,85.99136,104823,57.49978535245127
2025-12-07 19:00:00,99781,21585,38795,33037,267,1761,4800,374,4294,1.95,88.17961,104913,57.55244821900051
2025-12-07 18:00:00,99584,21512,38822,33038,268,1778,4805,371,3981,2.25,86.6269,104575,57.694477647621326
2025-12-07 17:00:00,99669,21338,38208,33035,268,1887,4374,368,3390,1.15,89.39912,102868,57.88583427304895
2025-12-07 16:00:00,100744,21544,40290,33032,390,1950,3407,378,2739,0.8,87.43277,103730,59.61052733056975
2025-12-07 15:00:00,102312,21542,42483,33042,439,1911,2259,440,2490,0.25,86.739426,104606,61.20585817257136
2025-12-07 14:00:00,102335,21159,43169,33041,443,1809,924,778,2552,-1.05,91.55622,103875,61.92827918170879
2025-12-07 13:00:00,100981,20828,41083,33042,442,1798,45,1490,2702,-0.55,93.28806,101430,61.03815439219166
2025-12-07 12:00:00,98491,20649,40546,33039,443,1499,7,773,3219,-1.05,95.34434,100175,61.08809583229349
2025-12-07 11:00:00,96886,20115,40037,33036,288,1477,24,414,3462,-0.15,92.29015,98853,60.849948914044084
2025-12-07 10:00:00,95674,19952,39297,33034,265,1468,24,362,3068,-0.05,92.63466,97470,60.786908792448955
2025-12-07 09:00:00,95010,20110,39922,33037,263,1495,24,362,2597,0.1,90.6317,97810,61.37613740926285
2025-12-07 08:00:00,95182,19965,40429,33041,263,1499,24,363,2612,-0.05,87.99578,98196,61.50352356511467
2025-12-07 07:00:00,95952,20126,41403,33049,309,1473,24,438,2405,-0.15,84.17291,99227,62.00832434720389
2025-12-07 06:00:00,97659,20611,42676,33044,321,1578,24,429,2055,0.65,80.622,100738,62.823363576803196
2025-12-07 05:00:00,100081,20825,43828,33044,268,1777,24,614,2218,-0.8,88.251915,102598,63.015848262149355
2025-12-07 04:00:00,102440,20715,45624,33037,281,1847,68,998,2350,0.0,88.00042,104920,63.228173846740376
2025-12-07 03:00:00,104420,20627,46512,33039,306,2043,68,2010,2381,-0.2,90.609604,106986,62.75493989867833
2025-12-07 02:00:00,106010,20771,47207,33038,271,2080,68,2978,1835,-0.55,91.58958,108248,62.798388884783094
2025-12-07 01:00:00,106933,21041,47084,33049,425,2063,68,2901,1618,0.05,90.62801,108249,62.93360677696792
2025-12-07 00:00:00,107490,21157,47165,33046,443,2065,68,3142,1659,0.05,90.296394,108745,62.82771621683756
2025-12-06 23:00:00,107420,21137,46515,33043,448,2055,72,3307,1386,0.0,89.30383,107963,62.66220834915666
2025-12-06 22:00:00,103937,21066,44734,33043,318,1969,415,1158,758,0.2,88.34277,103461,63.598844008853575
2025-12-06 21:00:00,103022,21005,44086,33035,269,1572,1332,459,763,0.7,85.2083,102521,63.49040684347597
2025-12-06 20:00:00,103511,21135,43917,33040,269,1534,2344,375,983,0.65,83.03706,103597,62.79332413100766
2025-12-06 19:00:00,103585,21186,43428,33041,270,1524,3065,375,1121,0.5,83.01794,104010,62.12287280069224
2025-12-06 18:00:00,103913,21219,44412,33039,270,1529,3452,374,1179,0.3,84.5379,105474,62.224813698162585
2025-12-06 17:00:00,104017,21227,43433,33042,310,1515,3085,376,1303,0.4,85.174515,104291,61.99959728068577
2025-12-06 16:00:00,104978,21141,45219,33042,356,1777,2330,643,1417,0.1,85.14062,105925,62.648100070804816
2025-12-06 15:00:00,106411,21024,46924,33034,356,2060,1468,1411,1711,-0.7,86.321556,107988,62.92180612660666
2025-12-06 14:00:00,105945,20591,47121,33027,358,2066,532,1593,2221,-2.0,89.1351,107509,62.9826340120362
2025-12-06 13:00:00,103725,20247,45070,33030,357,2056,61,1719,2691,-2.95,91.77135,105231,62.07011241934411
2025-12-06 12:00:00,100996,19970,42963,33012,328,1991,45,850,3175,-3.15,91.41394,102334,61.4976449664823
2025-12-06 11:00:00,99121,19975,42218,33008,290,1906,45,449,3995,-3.7,91.03157,101886,61.041752546964254
2025-12-06 10:00:00,98263,20816,39655,32988,266,1860,45,420,4645,-3.9,90.67333,100695,60.05362729033219
2025-12-06 09:00:00,98183,20917,38700,32976,265,1858,45,423,5162,-4.2,89.96509,100346,59.41143642995237
2025-12-06 08:00:00,99046,21170,39140,32965,265,1886,45,431,5667,-4.6,89.249756,101569,59.37835363152143
2025-12-06 07:00:00,100109,21301,40155,32953,264,1875,45,387,6067,-5.0,88.1962,103047,59.6388055935641
2025-12-06 06:00:00,102028,21932,40631,32940,265,1947,45,387,6298,-5.45,87.478035,104445,59.90042606156351
2025-12-06 05:00:00,105271,22373,41743,32934,299,2070,45,389,6452,-6.75,87.00901,106305,60.31324961196557
2025-12-06 04:00:00,108888,22307,44280,32909,711,2278,45,400,6763,-7.05,87.65979,109693,60.703053066284994
2025-12-06 03:00:00,112182,22638,46579,32871,1040,2768,45,554,6676,-7.5,88.65042,113171,61.161428281096754
2025-12-06 02:00:00,114744,22687,47937,32817,1036,2867,45,2114,6430,-6.95,88.01197,115933,60.91794398488782
2025-12-06 01:00:00,116671,22460,48514,32825,1323,2893,46,3551,6368,-5.55,85.46621,117980,60.15765383963384
2025-12-06 00:00:00,118596,22660,49532,32827,1550,2921,47,4125,5838,-3.95,82.75243,119500,60.41171548117155
2025-12-05 23:00:00,119358,23211,49643,32829,1474,2911,62,4961,5029,-5.15,82.91309,120120,60.65101565101565
2025-12-05 22:00:00,116449,22997,47942,32833,1290,2871,1051,2904,4389,-4.85,81.05385,116277,61.00862595354197
2025-12-05 21:00:00,114323,22597,48284,32822,938,2869,2720,736,3759,-3.25,79.138664,114725,61.78339507517978
2025-12-05 20:00:00,115282,23134,48698,32817,936,2938,3180,588,3595,-2.6,73.978386,115886,61.98505427747959
2025-12-05 19:00:00,116420,23773,49438,32820,709,2869,3238,815,3223,-2.8,73.65765,116885,62.63506865722719
2025-12-05 18:00:00,117157,23802,50148,32836,796,2890,3249,1281,3246,-3.5,74.094734,118248,62.53805561193424
2025-12-05 17:00:00,118229,23942,49649,32827,753,2849,2863,2136,3698,-4.6,78.01634,118717,61.98859472527102
2025-12-05 16:00:00,118708,23598,49600,32834,730,2839,2396,2755,4482,-5.65,78.14829,119234,61.39020749115185
2025-12-05 15:00:00,119354,23706,49979,32852,695,2739,1583,3955,4910,-6.55,77.69406,120419,61.190509803270245
2025-12-05 14:00:00,119842,23720,50321,32862,729,2837,406,5219,4743,-7.45,78.160545,120837,61.273451012520994
2025-12-05 13:00:00,118374,23603,48226,32875,969,2701,48,5188,4463,-8.05,79.63064,118073,60.834399058209755
2025-12-05 12:00:00,113465,23206,45648,32872,818,2578,45,3576,4452,-8.65,80.17518,113195,60.82777507840452
2025-12-05 11:00:00,107168,23145,43450,32856,444,2132,45,1277,4273,-11.55,84.41692,107622,61.87861217966587
2025-12-05 10:00:00,104787,22721,43827,32811,310,2106,45,488,3953,-11.3,83.76443,106261,62.626928035685715
2025-12-05 09:00:00,103987,22694,42927,32728,263,2184,45,459,3629,-10.95,82.12641,104929,62.53847839967979
2025-12-05 08:00:00,103987,22492,43461,32473,261,2169,45,490,3148,-10.4,79.583084,104539,63.0893733439195
2025-12-05 07:00:00,104049,22757,44350,32411,263,2186,45,477,2521,-9.95,78.05896,105010,63.90534234834777
2025-12-05 06:00:00,103915,22945,45742,32409,318,2259,45,484,2237,-9.15,76.01852,106439,64.53179755540732
2025-12-05 05:00:00,106012,23055,48874,32407,1128,1508,45,505,1740,-8.3,77.70899,109262,65.8316706631766
2025-12-05 04:00:00,108881,22852,51660,32397,1158,2164,45,692,1283,-9.65,78.425,112251,66.37980953399078
2025-12-05 03:00:00,112942,22373,54678,32386,1167,2166,45,2187,1100,-11.1,80.12364,116102,66.36492050093882
2025-12-05 02:00:00,115072,22500,55105,32295,1109,2189,45,3995,766,-10.75,79.204994,118004,65.76471984000543
2025-12-05 01:00:00,116204,22578,55831,32244,1090,2192,45,4618,822,-9.3,77.53996,119420,65.65818120917768
2025-12-05 00:00:00,116310,22766,54852,32239,1084,2184,47,5199,963,-8.85,76.07232,119334,65.0426533929978
2025-12-04 23:00:00,115246,22977,53234,32241,1058,2185,65,4154,1088,-9.35,79.10845,117002,65.13649339327533
2025-12-04 22:00:00,110672,22695,49642,32235,1152,2341,1049,1414,1253,-6.95,74.61383,111781,64.7131444520983
2025-12-04 21:00:00,107989,22351,45972,32218,972,2051,3945,700,1403,-4.8,70.46339,109612,62.33167901324672
2025-12-04 20:00:00,107213,22234,45052,32223,900,2020,5085,444,1411,-3.7,69.061226,109369,61.522003492763034
2025-12-04 19:00:00,108054,22328,45519,32254,871,2001,5476,414,1456,-2.95,64.54688,110319,61.500738766667574
2025-12-04 18:00:00,108428,22470,45409,32248,820,2039,5720,415,1497,-2.3,66.47937,110618,61.36343090636244
2025-12-04 17:00:00,109262,22693,46775,32257,916,2216,5702,435,1797,-2.6,70.374435,112791,61.590020480357474
2025-12-04 16:00:00,110580,22972,47280,32266,861,2096,5296,567,2524,-2.4,78.07472,113862,61.69924996926104
2025-12-04 15:00:00,112429,23341,48319,32289,861,2795,3854,1736,3464,-2.4,81.09395,116659,61.42689376730471
2025-12-04 14:00:00,115159,23383,49796,32292,1063,2910,1780,3923,4044,-1.65,85.25914,119191,61.39641415878716
2025-12-04 13:00:00,116179,23107,49572,32278,1150,2755,299,4957,4584,-1.7,89.82708,118702,61.22811747064076
2025-12-04 12:00:00,112447,21889,47083,32272,1130,2531,135,4052,5079,-2.1,90.80594,114171,60.411137679445744
2025-12-04 11:00:00,106073,21694,44892,32263,876,2095,135,1001,5156,-2.1,89.46021,108112,61.58983276602042
2025-12-04 10:00:00,103330,21453,44078,32293,212,2218,135,384,5419,-2.35,89.10516,106192,61.709921651348495
2025-12-04 09:00:00,102485,20981,44013,32285,211,2267,135,383,5675,-2.55,89.08801,105950,61.3440302029259
2025-12-04 08:00:00,102434,21101,43723,32282,212,2214,135,385,5657,-2.7,89.07512,105709,61.32306615330767
2025-12-04 07:00:00,102965,21357,44309,32280,182,2246,135,385,5455,-2.8,89.066505,106349,61.74576159625384
2025-12-04 06:00:00,103741,21553,44426,32270,378,2739,135,381,5559,-3.0,89.72217,107441,61.409517781852365
2025-12-04 05:00:00,105879,21869,45227,32270,861,2189,135,391,5749,-3.25,90.04058,108691,61.73096208517725
2025-12-04 04:00:00,108130,22226,47162,32250,954,2199,135,510,5505,-3.45,90.02475,110941,62.544956328138376
2025-12-04 03:00:00,111849,22014,49677,32258,1019,2345,135,1517,5396,-3.0,89.04926,114361,62.688329063229595
2025-12-04 02:00:00,114141,22151,49895,32258,1107,2267,135,3744,4353,-2.7,90.0839,115910,62.15684582866017
2025-12-04 01:00:00,114799,22457,50129,32270,1106,2344,135,4494,3886,-2.55,90.43379,116821,62.13437652476866
2025-12-04 00:00:00,114712,22492,50004,32279,1061,2328,135,4486,3771,-2.25,90.456505,116556,62.198428223343285
2025-12-03 23:00:00,113428,21767,49146,32303,1039,2252,147,4326,3342,-2.7,89.410255,114322,62.0291807351166
2025-12-03 22:00:00,107993,20680,46363,32574,855,1979,1024,1825,3192,-2.4,88.7676,108492,61.79533974855289
2025-12-03 21:00:00,105739,20108,43847,33064,610,1613,4093,454,3359,-2.3,89.10945,107148,59.68846828685557
2025-12-03 20:00:00,106232,20143,41950,33062,584,1501,6056,440,3598,-2.35,87.45039,107334,57.850261799616156
2025-12-03 19:00:00,106476,20914,41922,33059,593,1542,6525,428,3900,-2.4,87.11774,108883,57.70965164442566
2025-12-03 18:00:00,107402,20901,42373,33064,650,1561,6403,477,4491,-2.6,87.09767,109920,57.5636826783115
2025-12-03 17:00:00,108668,21366,42425,33075,684,1575,5990,571,4920,-2.95,87.39151,110606,57.67408639675967
2025-12-03 16:00:00,109309,21386,43548,33084,738,1649,5533,677,5115,-3.15,88.701164,111730,58.11688892866732
2025-12-03 15:00:00,109856,21208,44353,33083,609,1616,4742,1275,5696,-3.45,89.010315,112582,58.233998330106054
2025-12-03 14:00:00,112403,21959,46441,33081,690,1857,2328,3255,6154,-3.15,91.41394,115765,59.08521573878115
2025-12-03 13:00:00,113759,21605,47655,33078,1028,1989,292,4842,5958,-3.45,91.04947,116447,59.47770230233497
2025-12-03 12:00:00,109192,20742,44553,33087,1102,1889,92,3481,5955,-3.5,89.68138,110901,58.87683609705954
2025-12-03 11:00:00,102450,19753,42050,33085,801,1826,92,951,5752,-3.75,88.3121,104310,59.24935289042278
2025-12-03 10:00:00,98837,19081,41404,33085,190,1613,92,532,5797,-4.05,87.61535,101794,59.419022732184615
2025-12-03 09:00:00,98411,19033,41575,33074,188,1580,92,450,6019,-4.75,87.882675,102011,59.413200537196964
2025-12-03 08:00:00,98424,19642,41458,33066,188,1537,92,450,5914,-4.25,86.93033,102347,59.69886757794561
2025-12-03 07:00:00,99245,20434,42076,33068,190,1585,92,452,5753,-3.9,86.30671,103650,60.30873130728413
2025-12-03 06:00:00,101045,20665,43769,33066,190,1675,92,476,5443,-3.6,88.661026,105376,61.146750683267534
2025-12-03 05:00:00,104175,21145,44850,33063,410,1814,92,600,5573,-3.65,86.005936,107547,61.36386882014375
2025-12-03 04:00:00,106260,21799,46907,33062,669,1821,92,1081,4965,-3.55,84.71903,110396,62.23595057791948
2025-12-03 03:00:00,109401,22164,49109,33057,771,1822,92,1878,4379,-3.4,86.03309,113272,62.921993078607244
2025-12-03 02:00:00,112106,22234,51277,33056,750,1889,92,2131,3904,-3.05,88.043625,115333,63.738045485680594
2025-12-03 01:00:00,114026,22192,53048,33053,728,2012,92,2651,3250,-2.7,89.746506,117026,64.29340488438467
2025-12-03 00:00:00,115408,22318,54114,33053,694,1984,92,2814,2653,-2.45,89.766754,117722,64.92584223849408
2025-12-02 23:00:00,115353,22252,53104,33055,740,1929,98,2702,2315,-2.05,88.13686,116195,64.85304875424931
2025-12-02 22:00:00,112297,22031,52485,33057,674,1995,454,1111,2103,-1.9,86.84221,113910,65.41655693091036
2025-12-02 21:00:00,110458,21400,51820,33070,564,1980,1661,407,1893,-1.5,84.95792,112795,64.91422492131743
2025-12-02 20:00:00,110073,21382,51255,33030,464,1853,2001,398,2034,-1.15,83.42684,112417,64.61389291655176
2025-12-02 19:00:00,111107,21770,50318,33008,562,1981,2330,2303,1981,-1.1,82.812065,114253,63.09506096120015
2025-12-02 18:00:00,111953,22183,50030,33058,526,1835,2277,3221,1620,-1.15,84.681816,114750,62.93071895424836
2025-12-02 17:00:00,112295,22361,50941,33053,600,1796,1860,3395,1050,-1.45,86.2423,115056,63.70984564038381
2025-12-02 16:00:00,112311,22320,51040,33044,707,1845,1200,3790,832,-1.6,88.50761,114778,63.91468748366411
2025-12-02 15:00:00,111649,22525,50454,33038,673,1941,504,4399,993,-2.05,91.83026,114527,63.72209173382696
2025-12-02 14:00:00,110973,22290,49357,33023,643,2006,132,4847,1113,-2.3,93.54106,113411,63.17464796183791
2025-12-02 13:00:00,109220,21657,48475,33019,676,1988,92,4839,1160,-4.05,96.31198,111906,62.67045556091719
2025-12-02 12:00:00,104926,20650,45318,33011,683,1474,82,4406,1843,-1.85,95.314095,107467,61.38442498627485
2025-12-02 11:00:00,99396,20241,42977,32958,451,1344,34,1137,2410,-1.65,95.67453,101552,62.25185126831574
2025-12-02 10:00:00,97820,20176,42832,32827,167,1352,34,494,2484,-1.75,95.67102,100366,62.77823167208019
2025-12-02 09:00:00,97812,19841,43029,32761,166,1379,34,463,2402,-1.6,94.62163,100075,62.822882837871596
2025-12-02 08:00:00,98097,19887,43576,32954,167,1381,34,456,2261,-1.5,92.549164,100716,63.011835259541684
2025-12-02 07:00:00,99087,19991,44447,33070,166,1374,34,399,2265,-1.4,90.185196,101746,63.33221944843041
2025-12-02 06:00:00,100362,20343,46538,33075,177,1349,34,354,1997,-1.1,87.24709,103867,64.3910000288831
2025-12-02 05:00:00,101581,20751,47407,33077,681,1350,34,418,1813,-0.85,80.104805,105531,64.58576152978746
2025-12-02 04:00:00,104506,20841,48668,33076,1012,1708,34,811,1777,-0.95,79.79044,107927,64.40371732745281
2025-12-02 03:00:00,108218,20940,51362,33065,1134,2054,94,1948,1891,-0.75,77.17201,112488,64.27530047649526
2025-12-02 02:00:00,111003,21029,51994,33065,1142,2057,159,3687,1929,-0.7,76.02891,115062,63.4640454711373
2025-12-02 01:00:00,112143,21222,52249,33056,1125,2013,158,4088,1683,-0.65,75.1843,115594,63.55952731110611
2025-12-02 00:00:00,112311,21302,52917,33062,1090,2053,153,5006,1179,-0.6,75.4766,116762,63.56434456415615
2025-12-01 23:00:00,110762,21151,51229,33067,1131,2040,160,4958,883,-0.4,74.10607,114619,63.148343642851536
2025-12-01 22:00:00,104873,20666,48971,33071,982,1924,877,2231,456,-0.25,71.125084,109178,63.78299657440144
2025-12-01 21:00:00,101728,20495,45684,33051,928,1876,4166,878,223,0.05,66.0003,107301,61.676032842191596
2025-12-01 20:00:00,101951,20372,45071,32951,878,1814,6699,444,323,0.1,66.262695,108552,60.28723561058295
2025-12-01 19:00:00,102217,20052,45032,32925,879,1812,7276,429,490,0.0,68.2797,108895,59.76766610037192
2025-12-01 18:00:00,101802,19959,44130,32934,741,1796,7107,428,603,-0.35,71.64404,107698,59.508068859217445
2025-12-01 17:00:00,101793,20059,44273,32941,790,1812,7033,427,741,-0.6,70.78585,108076,59.524778859321216
2025-12-01 16:00:00,103658,20264,46170,32942,861,1795,6825,493,815,-1.05,74.26605,110165,60.3040893205646
2025-12-01 15:00:00,105276,20215,47200,32958,739,1707,5571,1561,658,-1.75,81.4922,110609,60.94892820656547
2025-12-01 14:00:00,107906,20269,49044,32965,828,1804,2661,3660,584,-3.0,88.04833,111815,61.98899968698296
2025-12-01 13:00:00,108790,19548,49191,32960,1082,1799,289,5626,735,-3.95,91.35881,111230,61.79897509664659
2025-12-01 12:00:00,104294,18837,46270,32958,1014,1746,62,4489,1019,-4.05,91.35188,106395,61.19366511584191
2025-12-01 11:00:00,97202,18643,44403,32970,604,1367,62,1647,1307,-3.15,89.37257,101003,62.4199281209469
2025-12-01 10:00:00,93329,18399,43180,32961,168,1311,62,541,1588,-2.95,88.05301,98210,62.70135424091233
2025-12-01 09:00:00,92129,18527,42276,32954,167,1278,62,520,1666,-2.4,84.53459,97450,62.39404822986147
2025-12-01 08:00:00,91983,18347,42073,32937,167,1267,62,511,1736,-2.35,83.905685,97100,62.224510813594236
2025-12-01 07:00:00,92348,18492,42138,32895,168,1275,62,503,2050,-2.35,83.58985,97583,62.13172376336043
2025-12-01 06:00:00,93343,18856,42768,32788,166,1270,62,498,2402,-2.2,82.66843,98810,62.36615727153122
2025-12-01 05:00:00,94642,19195,43879,32743,167,1228,62,638,2672,-2.5,82.31703,100584,62.70778652668416
2025-12-01 04:00:00,96272,19173,45014,32698,167,1209,62,841,3167,-2.25,80.80903,102331,62.724882977787765
2025-12-01 03:00:00,99243,18962,46654,32559,167,1228,62,1919,3630,-2.3,80.49654,105181,62.383890626634084
2025-12-01 02:00:00,102232,18907,48359,32368,185,1219,62,2760,4110,-2.1,78.717735,107970,62.300639066407335
2025-12-01 01:00:00,103814,18864,48163,32292,376,1239,62,3904,4692,-2.05,76.66265,109592,61.1604861668735
2025-12-01 00:00:00,104718,18542,47932,32147,958,1201,62,4142,5306,-2.15,76.354675,110290,60.272010155045784
2025-11-30 23:00:00,104621,17733,47422,32091,943,1071,82,4084,6097,-2.05,74.36396,109523,59.4897875332122
2025-11-30 22:00:00,101422,16914,44702,32024,877,1007,343,2238,7046,-1.75,71.910965,105151,58.59763578092457
2025-11-30 21:00:00,99149,16429,42970,32015,808,668,1005,961,7787,-0.85,67.06352,102643,57.86950888029383
2025-11-30 20:00:00,98578,15723,41478,31972,1044,612,1828,724,8239,-0.25,63.221546,101620,56.28911631568588
2025-11-30 19:00:00,98588,15821,40838,31975,958,621,2582,433,8442,-0.3,65.669624,101670,55.72833677584341
2025-11-30 18:00:00,98985,15708,41221,31976,358,614,2693,478,8466,-0.05,68.787575,101514,56.07994956360699
2025-11-30 17:00:00,98556,15263,40735,31972,345,629,2420,489,8681,0.2,71.75305,100534,55.70055901486064
2025-11-30 16:00:00,97783,14909,41111,31911,209,626,1716,512,8913,0.4,71.79256,99907,56.07214709680003
2025-11-30 15:00:00,96911,14595,40738,31891,169,641,886,683,9066,0.3,82.9924,98669,56.079417040813226
2025-11-30 14:00:00,95668,14254,40175,31890,169,631,541,893,9060,1.9,87.22169,97613,55.75999098480735
2025-11-30 13:00:00,93742,13748,38964,31869,169,631,133,1007,8996,4.5,83.815796,95517,55.185987834626296
2025-11-30 12:00:00,91168,13289,36890,31841,170,627,79,874,8935,4.55,81.169876,92705,54.127609082573755
2025-11-30 11:00:00,90268,13291,36711,31799,169,632,79,504,8937,4.4,79.70689,92122,54.27802262217494
2025-11-30 10:00:00,89981,13369,36722,31778,169,631,107,501,8948,4.65,72.61408,92225,54.313906207644344
2025-11-30 09:00:00,90107,13412,36644,31745,168,625,116,520,9126,4.55,68.99328,92356,54.198969206115464
2025-11-30 08:00:00,90667,13691,36501,31722,168,629,116,512,9424,4.35,65.505486,92763,54.10778004161142
2025-11-30 07:00:00,91761,14054,37391,31710,167,634,116,473,9441,3.55,67.03353,93986,54.73687570489222
2025-11-30 06:00:00,93753,14800,39278,31713,168,634,116,435,9158,2.95,68.1507,96302,56.154596996947106
2025-11-30 05:00:00,96025,15424,40643,31810,168,633,116,400,8655,2.75,57.780014,97849,57.29951251418001
2025-11-30 04:00:00,97366,15668,41370,31895,167,724,116,802,8353,1.6,62.949867,99095,57.558908118472175
2025-11-30 03:00:00,99904,15871,42712,31897,168,966,117,2247,8254,0.85,64.45518,102232,57.303975271930504
2025-11-30 02:00:00,101857,15902,42582,31888,243,1126,120,3539,8605,0.6,62.232243,104005,56.23191192731119
2025-11-30 01:00:00,102873,15954,43683,31895,365,1128,123,4061,8460,0.4,62.183086,105669,56.43755500667178
2025-11-30 00:00:00,103202,15803,44337,31898,670,1139,124,4294,8048,0.3,62.873516,106313,56.56881096385202
2025-11-29 23:00:00,102384,15453,44154,31894,727,1122,120,3951,7694,-0.05,57.48053,105115,56.70646434857062
2025-11-29 22:00:00,98527,15131,42773,31897,887,1018,637,1596,7434,-0.3,58.98697,101373,57.119745888944784
2025-11-29 21:00:00,96299,14949,40877,31897,699,852,3323,761,7161,-0.1,58.136223,100519,55.53775903063103
2025-11-29 20:00:00,95296,14813,39543,31893,748,653,5327,521,6813,0.5,51.11753,100311,54.18747694669578
2025-11-29 19:00:00,95068,14723,38692,31894,690,645,5834,538,6873,0.85,46.82435,99889,53.47435653575469
2025-11-29 18:00:00,95804,15052,39196,31903,708,633,6232,500,7073,0.65,49.014336,101297,53.55341224320562
2025-11-29 17:00:00,96959,15366,39348,31914,679,621,6329,496,6916,0.3,41.430573,101669,53.815814063283796
2025-11-29 16:00:00,98163,15303,40199,31912,825,711,6090,528,6614,-0.65,50.38827,102182,54.3168072654675
2025-11-29 15:00:00,98275,15256,40056,31919,674,669,5514,776,6271,-2.0,60.871597,101135,54.69125426410244
2025-11-29 14:00:00,99557,15402,41532,31916,826,981,2867,2316,6042,-3.65,72.92976,101882,55.882295204255904
2025-11-29 13:00:00,99851,15141,42085,31912,964,986,359,3463,5644,-4.85,83.59402,100554,56.91071464088947
2025-11-29 12:00:00,97466,14863,40491,31912,1049,859,62,3314,4742,-4.9,85.2116,97292,56.89470871191876
2025-11-29 11:00:00,94862,15010,41025,31911,783,888,62,2045,3399,-4.9,77.9672,95123,58.90794024578704
2025-11-29 10:00:00,93301,15005,42195,31913,167,940,62,615,2498,-4.7,75.61488,93395,61.2452486749826
2025-11-29 09:00:00,92747,15089,42284,31909,166,985,62,459,2001,-4.65,73.01917,92955,61.721262976709156
2025-11-29 08:00:00,92860,15150,42572,31910,167,989,62,451,1782,-4.45,69.71333,93083,62.01132322765703
2025-11-29 07:00:00,93536,15864,42414,31916,166,988,62,701,1836,-4.35,69.73461,93947,62.0328483080886
2025-11-29 06:00:00,94796,16382,43721,31908,190,963,62,821,1964,-4.15,74.548805,96011,62.60011873639478
2025-11-29 05:00:00,96420,16526,45260,31910,855,960,62,424,2088,-3.05,73.61033,98085,62.992302594688276
2025-11-29 04:00:00,98615,16685,46400,31908,907,944,62,1391,2090,-2.5,70.1247,100387,62.841802225387745
2025-11-29 03:00:00,101156,16736,46767,31905,1106,970,62,3485,1973,-2.3,69.09488,103004,61.65100384451089
2025-11-29 02:00:00,102892,16816,47097,31901,1120,977,63,4639,2006,-1.35,63.93303,104619,61.091197583612924
2025-11-29 01:00:00,103747,16881,47561,31902,1110,1007,67,4896,2097,-0.7,60.031513,105521,61.070308279868456
2025-11-29 00:00:00,104280,16673,47568,31899,956,976,67,4971,2224,-0.6,60.99016,105334,60.98790513984089
2025-11-28 23:00:00,103564,16176,47224,31897,1001,974,90,4417,2271,-0.35,59.201817,104050,60.932244113407016
2025-11-28 22:00:00,98981,15133,44279,31897,1038,921,1441,1555,2876,-0.15,57.67618,99140,59.9273754286867
2025-11-28 21:00:00,95805,14585,40382,31894,1042,667,4913,750,3498,0.15,54.293316,97731,56.24315723772396
2025-11-28 20:00:00,96018,14460,39527,31895,353,625,6655,456,3870,0.45,53.54111,97841,55.178299485900595
2025-11-28 19:00:00,95861,14731,39702,31896,168,627,6899,451,3979,1.1,50.8936,98453,55.28831015814652
2025-11-28 18:00:00,95659,14833,39855,31903,168,631,7180,455,3957,1.0,53.28196,98982,55.250449576690706
2025-11-28 17:00:00,95053,14796,39396,31904,169,619,7919,485,4101,0.55,56.54271,99389,54.52514865830223
2025-11-28 16:00:00,94770,14335,38152,31901,169,621,8483,816,4294,-0.35,63.68283,98771,53.14009172732887
2025-11-28 15:00:00,95979,14798,38579,31912,168,743,7714,1069,4895,-1.4,69.55225,99878,53.44219948336971
2025-11-28 14:00:00,96914,15293,39858,31911,168,912,3614,2675,5766,-2.25,74.04373,100197,55.04256614469495
2025-11-28 13:00:00,97231,15014,40654,31911,168,978,334,4343,6028,-3.2,76.17275,99430,55.98712662174394
2025-11-28 12:00:00,94851,14464,39255,31908,168,962,15,3600,6180,-3.15,73.87524,96552,55.63737675035214
2025-11-28 11:00:00,91052,13937,38914,31914,168,974,15,1208,6167,-3.05,71.37541,93297,56.648123733882116
2025-11-28 10:00:00,88205,13285,38055,31911,168,926,15,444,6627,-2.85,69.512184,91431,56.15163347223589
2025-11-28 09:00:00,87616,12862,37242,31909,168,910,15,432,7306,-2.55,70.65632,90844,55.153890185372724
2025-11-28 08:00:00,87732,12760,37004,31902,169,679,15,441,7786,-2.3,73.47049,90756,54.832738331349994
2025-11-28 07:00:00,87871,12938,37219,31901,167,634,15,492,7940,-1.75,69.744865,91306,54.93286311961973
2025-11-28 06:00:00,88761,13252,37733,31906,167,631,15,494,7989,-0.95,64.27507,92187,55.306062676950106
2025-11-28 05:00:00,89979,13647,38653,31901,168,732,15,511,7804,-1.15,68.550865,93431,55.97713820894564
2025-11-28 04:00:00,91443,13705,39441,31894,168,847,15,675,7706,-0.75,62.858387,94451,56.26832961006236
2025-11-28 03:00:00,92683,13634,40059,31892,168,886,15,1489,8026,-0.9,66.03474,96169,55.83192088926785
2025-11-28 02:00:00,93159,13351,39493,31888,167,880,15,2601,8130,-1.1,66.75155,96525,54.74643874643874
2025-11-28 01:00:00,93043,13387,39851,31886,167,912,15,2758,8042,-1.5,73.34251,97018,54.87435321280587
2025-11-28 00:00:00,93099,13191,40060,31894,168,954,15,3217,7835,-1.55,67.422104,97334,54.70955678385765
2025-11-27 23:00:00,93405,12954,39623,31886,168,966,22,3306,8136,-1.5,66.15082,97061,54.169027724832844
2025-11-27 22:00:00,91886,12732,37803,31883,168,910,604,1343,8684,-1.05,62.543606,94127,53.68810224483942
2025-11-27 21:00:00,91419,12416,36618,31882,169,684,2214,802,8919,-0.7,60.031513,93704,52.328609237599245
2025-11-27 20:00:00,91500,12261,35826,31874,169,629,3541,514,8852,-0.35,60.35295,93666,51.33879956440971
2025-11-27 19:00:00,92402,12465,36631,31882,170,630,4508,497,8711,-0.15,60.40386,95494,51.41265419816952
2025-11-27 18:00:00,93557,12564,36948,31881,170,624,4865,513,8615,0.15,60.48006,96180,51.47847785402371
2025-11-27 17:00:00,93485,12446,37143,31881,172,618,5008,591,8713,0.35,59.382984,96572,51.34925237128775
2025-11-27 16:00:00,92975,12659,36868,31884,170,620,4787,987,8656,0.45,59.865356,96631,51.253738448324036
2025-11-27 15:00:00,91739,12386,36110,31886,169,603,4182,1122,8194,-0.1,63.98642,94652,51.23610700249335
2025-11-27 14:00:00,90833,12505,36056,31881,169,597,2424,1312,8225,-1.1,68.56167,93169,52.121413774968076
2025-11-27 13:00:00,89128,12289,37038,31886,168,608,247,895,8554,-1.3,69.30828,91685,53.800512624747775
2025-11-27 12:00:00,86158,11683,34986,31881,169,608,15,661,8738,-1.15,66.485115,88741,52.59012181516999
2025-11-27 11:00:00,83847,11485,33199,31877,168,594,15,569,8842,-1.25,65.95445,86749,51.509527487348564
2025-11-27 10:00:00,82645,11444,32770,31874,169,588,15,553,8920,-1.15,64.72322,86333,51.21332514797354
2025-11-27 09:00:00,83210,11472,32957,31870,170,586,15,537,9096,-0.6,61.46148,86703,51.24274823247177
2025-11-27 08:00:00,83475,11528,32870,31864,171,588,15,538,9325,-0.2,61.797855,86899,51.09149702528223
2025-11-27 07:00:00,83990,11745,33345,31862,171,599,15,540,9461,0.2,61.19129,87738,51.391643301648095
2025-11-27 06:00:00,85605,12236,34755,31836,172,597,15,541,9618,0.55,61.983486,89770,52.34599532137685
2025-11-27 05:00:00,86939,12470,34913,31824,172,640,15,553,9682,0.75,60.17122,90269,52.490888344835994
2025-11-27 04:00:00,89509,12857,36864,31806,172,750,15,731,9779,1.85,60.449768,92974,53.478391808462575
2025-11-27 03:00:00,92439,13140,37906,31788,170,987,15,1424,9966,2.05,65.46673,95396,53.50958111451214
2025-11-27 02:00:00,94703,14053,38117,31770,192,1064,15,2245,9972,2.2,60.99571,97428,53.547234881143005
2025-11-27 01:00:00,96305,14559,38225,31762,262,1119,15,2841,9970,2.3,59.88225,98753,53.45052808522273
2025-11-27 00:00:00,97866,14703,38606,31754,259,1140,20,3853,10014,2.6,60.866394,100349,53.12359864074381
2025-11-26 23:00:00,98224,14606,38679,31739,257,1141,21,4142,9795,2.6,60.410854,100380,53.08328352261407
2025-11-26 22:00:00,95054,14006,37682,31738,260,1054,540,2016,9518,3.3,58.3602,96814,53.38897266924205
2025-11-26 21:00:00,93314,13492,36245,31736,268,719,2583,826,9279,3.85,59.16106,95148,52.27330054231303
2025-11-26 20:00:00,93081,13426,35714,31735,263,594,3775,540,8997,3.8,58.271355,95044,51.70236942889609
2025-11-26 19:00:00,93411,14028,35517,31712,270,591,4009,519,8741,3.4,59.712383,95387,51.941040183672825
2025-11-26 18:00:00,93540,14658,35616,31695,279,584,3702,512,8733,4.0,60.311054,95779,52.48958539972228
2025-11-26 17:00:00,94084,14792,37137,31664,287,597,3320,543,8259,5.2,59.06649,96599,53.75728527210427
2025-11-26 16:00:00,93980,14052,37178,31637,352,609,3275,569,8425,5.65,62.07055,96097,53.310717296065434
2025-11-26 15:00:00,92865,13947,36938,31637,182,603,2149,993,8745,6.0,68.056274,95194,53.45399920163035
2025-11-26 14:00:00,91585,13573,36988,31623,167,600,861,1621,8850,6.9,74.08084,94283,53.62684683346944
2025-11-26 13:00:00,89184,12359,35920,31617,167,615,56,2065,9004,8.85,82.88558,91803,52.589784647560535
2025-11-26 12:00:00,84668,11675,32036,31614,168,607,15,1428,8841,10.6,90.13695,86384,50.60080570476014
2025-11-26 11:00:00,80704,11410,30038,31629,168,607,15,491,8988,10.95,95.12788,83346,49.730041033762866
2025-11-26 10:00:00,79969,11459,30200,31629,168,605,15,481,8912,10.85,96.08218,83469,49.9095472570655
2025-11-26 09:00:00,79396,11626,29335,31623,167,604,15,484,8805,11.2,95.4548,82659,49.554192525919746
2025-11-26 08:00:00,79816,11920,30174,31616,168,604,15,455,8556,11.5,95.465294,83508,50.40714662068305
2025-11-26 07:00:00,81341,12496,31556,31614,166,609,15,378,8242,11.4,97.38401,85076,51.77958531195637
2025-11-26 06:00:00,83448,13305,32237,31640,166,803,15,377,7954,11.65,97.06697,86497,52.65153704752766
2025-11-26 05:00:00,85922,14393,33443,31626,166,931,15,385,7322,12.3,95.80893,88281,54.186064951688365
2025-11-26 04:00:00,88389,15224,35587,31573,167,1028,15,421,7049,12.55,96.133156,91064,55.79702187472547
2025-11-26 03:00:00,90855,15521,37715,31566,575,1326,15,877,6151,12.65,96.13613,93746,56.78748959955625
2025-11-26 02:00:00,93304,15535,39758,31526,639,1362,15,1735,5319,12.75,96.1391,95889,57.663548477927606
2025-11-26 01:00:00,95234,15962,41232,31501,660,1372,15,2258,4523,12.95,95.82975,97523,58.64667821949694
2025-11-26 00:00:00,96684,16090,42486,31481,634,1380,21,3360,3776,13.15,95.52227,99228,59.03172491635426
2025-11-25 23:00:00,97231,15748,41981,31468,552,1367,16,4488,3136,12.9,96.77704,98756,58.45619506662886
2025-11-25 22:00:00,94874,15273,41638,31440,601,1327,241,2501,3128,12.85,97.09405,96149,59.190423197329146
2025-11-25 21:00:00,93695,15134,42390,31442,615,1340,1020,610,3087,12.8,97.73243,95638,60.14764005939062
2025-11-25 20:00:00,93779,14983,42628,31448,468,1353,1963,385,2890,12.9,96.14353,96118,59.93778480617574
2025-11-25 19:00:00,94495,14880,42638,31448,561,1338,2582,379,2628,12.95,95.82975,96454,59.632570966471064
2025-11-25 18:00:00,94466,14928,42593,31449,600,1283,2814,518,2391,12.95,94.267075,96576,59.56034625579855
2025-11-25 17:00:00,94232,14872,42899,31464,343,1346,2931,1543,2336,12.8,95.19647,97734,59.11044262999571
2025-11-25 16:00:00,94207,14694,42059,31482,352,1365,2996,2316,2423,11.65,96.42559,97687,58.09677848639021
2025-11-25 15:00:00,94330,14997,42065,31494,409,1381,2648,2935,2403,10.9,96.4048,98332,58.02993938900867
2025-11-25 14:00:00,94940,15265,41861,31487,484,1381,1498,4138,2578,10.25,96.063934,98692,57.88311109309772
2025-11-25 13:00:00,94880,14913,41172,31490,698,1369,212,4246,2723,9.65,95.40011,96823,57.925286347252204
2025-11-25 12:00:00,90912,13960,40382,31566,349,1361,15,2626,2534,9.45,92.53118,92793,58.56260709320746
2025-11-25 11:00:00,84706,13180,37716,31761,166,1043,15,771,2349,9.25,89.12022,87001,58.50047700601142
2025-11-25 10:00:00,82060,13111,36993,31758,167,999,15,447,2394,8.65,88.15944,85884,58.33915513949047
2025-11-25 09:00:00,82090,13152,36732,31709,167,1002,15,457,2539,8.4,79.44999,85773,58.158161659263406
2025-11-25 08:00:00,82853,13681,37250,31577,168,1020,15,453,2597,8.5,71.54786,86761,58.702642892543885
2025-11-25 07:00:00,84052,13859,38357,31339,168,1032,15,470,2928,8.2,70.98722,88168,59.22330097087378
2025-11-25 06:00:00,85331,14389,38551,31261,169,1100,15,459,3321,8.05,70.957855,89265,59.30655912171624
2025-11-25 05:00:00,87766,14434,39100,31210,169,1334,15,511,3926,7.75,71.403114,90699,59.02380401106958
2025-11-25 04:00:00,90005,14822,40715,31227,219,1308,15,580,4195,7.35,72.34541,93081,59.665237803633396
2025-11-25 03:00:00,93483,15450,43149,31267,389,1369,15,1441,4138,7.2,73.87248,97218,60.27587483799296
2025-11-25 02:00:00,96186,15483,43712,31264,405,1370,15,3449,3556,8.05,68.976,99254,59.639913756624416
2025-11-25 01:00:00,97631,15526,44582,31234,427,1363,15,4401,3280,8.1,68.256035,100828,59.61439282738922
2025-11-25 00:00:00,98289,15521,44703,31235,480,1374,15,4901,2890,8.25,68.287506,101119,59.55755100426231
2025-11-24 23:00:00,97573,15842,44777,31226,506,1358,20,4065,2354,8.7,67.90006,100148,60.52941646363382
2025-11-24 22:00:00,92890,15538,42936,31216,551,1334,789,2185,1596,9.3,67.31184,96145,60.81855530708825
2025-11-24 21:00:00,90707,14922,41320,31173,474,1366,3965,819,1126,10.7,63.26409,95165,59.09945883465559
2025-11-24 20:00:00,91040,14451,39662,31147,423,1356,6338,483,1304,11.2,57.641933,95164,56.8628893278971
2025-11-24 19:00:00,91989,14082,38877,31125,423,1349,7226,441,1904,10.95,59.86014,95427,55.49687195447829
2025-11-24 18:00:00,92257,13911,38536,31084,426,1318,7566,442,1962,9.8,65.08972,95245,55.06535776156228
2025-11-24 17:00:00,92777,14132,38114,31048,299,1305,7713,424,2353,7.15,72.822975,95388,54.7720887323353
2025-11-24 16:00:00,93385,13443,38250,31001,255,1310,7961,570,2964,4.8,80.05151,95754,53.985212106021685
2025-11-24 15:00:00,94942,13312,37528,30954,320,1257,7554,1315,4378,2.45,87.90736,96618,52.61959469250036
2025-11-24 14:00:00,98634,14381,41163,30917,340,1336,3829,2859,4765,0.2,94.01126,99590,55.77266793854805
2025-11-24 13:00:00,100571,14609,42586,30875,399,1412,450,4542,4623,-1.15,96.044624,99496,57.484723003939855
2025-11-24 12:00:00,96399,13982,39806,30855,362,1394,21,3950,4308,-1.55,96.742676,94678,56.81150848137899
2025-11-24 11:00:00,89074,13213,36659,30861,201,1302,21,1769,3946,-0.4,88.61465,87972,56.69076524348656
2025-11-24 10:00:00,84671,13045,35665,30887,166,1254,21,419,3382,-0.1,87.345314,84839,57.41463242140996
2025-11-24 09:00:00,84243,13164,35386,31071,165,1300,21,403,3092,0.25,86.42098,84602,57.38635020448689
2025-11-24 08:00:00,84452,13081,35537,31302,174,1350,21,407,2854,0.7,84.895996,84726,57.382621627363505
2025-11-24 07:00:00,84572,13002,34974,31301,186,1316,21,408,3082,1.35,82.821945,84290,56.91778384149958
2025-11-24 06:00:00,84872,13127,35248,31390,185,1306,21,439,3134,2.1,82.01657,84850,57.012374779021805
2025-11-24 05:00:00,85967,13274,36568,31408,185,1394,21,561,3109,3.6,79.30157,86520,57.607489597780855
2025-11-24 04:00:00,86920,13521,37522,31535,186,1355,21,614,2994,4.6,76.3711,87748,58.16998678032548
2025-11-24 03:00:00,89615,14073,39221,31711,263,1374,21,1199,2761,5.15,75.37316,90623,58.80847025589531
2025-11-24 02:00:00,91692,13968,39868,31713,295,1413,22,2866,2391,5.85,73.89151,92536,58.17843866171004
2025-11-24 01:00:00,92193,13678,39711,31709,363,1408,26,3574,2187,6.6,71.433975,92656,57.62066137109307
2025-11-24 00:00:00,92569,13368,40048,31688,369,1399,26,3994,2002,7.05,70.00806,92894,57.502099166792256
2025-11-23 23:00:00,91294,12309,39892,31666,419,1376,59,4451,1815,8.05,71.71394,91987,56.74823616380576
2025-11-23 22:00:00,86035,11017,35906,31651,357,1312,1888,1969,1857,9.4,68.7684,85957,54.58892236816082
2025-11-23 21:00:00,83365,10567,31366,31629,194,985,6630,1051,2008,11.75,57.984875,84430,49.66599549923013
2025-11-23 20:00:00,83311,10499,29763,31640,186,938,8579,758,2202,12.35,55.153942,84565,47.61071365222019
2025-11-23 19:00:00,83276,10644,30185,31659,186,940,8363,586,2250,12.25,58.110672,84813,48.14002570360676
2025-11-23 18:00:00,83542,10775,30723,31660,187,946,7867,644,2219,11.65,63.926594,85021,48.80911774738006
2025-11-23 17:00:00,83147,10800,30576,31607,187,941,7855,519,2094,10.45,69.95047,84579,48.91994466711595
2025-11-23 16:00:00,83701,10995,30628,31496,187,941,8041,519,2308,8.95,76.28403,85115,48.902073665041414
2025-11-23 15:00:00,84655,11517,31343,31475,185,937,6887,759,3095,7.15,81.52286,86198,49.72273138587902
2025-11-23 14:00:00,86336,12186,33358,31447,186,990,3103,1576,3885,5.45,85.12512,86731,52.511789325615986
2025-11-23 13:00:00,86028,12377,34355,31408,184,1019,311,1932,3949,4.05,85.884186,85535,54.634944759455195
2025-11-23 12:00:00,83793,12109,34202,31320,185,1026,21,799,4076,4.15,82.87889,83738,55.30464066493109
2025-11-23 11:00:00,81633,11728,33119,31201,184,1020,21,485,4468,4.4,80.56954,82226,54.54114270425413
2025-11-23 10:00:00,80772,11362,32690,31116,184,1011,21,465,5218,4.65,80.02979,82067,53.67809229044561
2025-11-23 09:00:00,80890,11107,31885,31010,184,981,21,461,6238,4.65,81.18363,81887,52.50161808345647
2025-11-23 08:00:00,80953,11352,31579,30897,184,976,21,450,6900,4.45,83.51119,82359,52.12666496679172
2025-11-23 07:00:00,81317,11606,31915,30913,183,990,21,458,7026,4.1,83.767624,83112,52.36427952642217
2025-11-23 06:00:00,82711,11762,32296,30952,182,1038,21,472,7165,4.15,81.99261,83888,52.520026702269696
2025-11-23 05:00:00,84552,12016,33335,31003,183,1187,21,561,7299,3.95,82.26096,85605,52.97704573330997
2025-11-23 04:00:00,86221,12493,34269,30948,184,1228,21,665,7308,3.05,86.08658,87116,53.67785481427063
2025-11-23 03:00:00,87977,13023,35282,31125,183,1339,21,1071,6775,4.8,79.7656,88819,54.38588590279107
2025-11-23 02:00:00,89559,13315,36256,31019,184,1359,21,2119,6045,3.8,79.33155,90318,54.884962023074024
2025-11-23 01:00:00,90098,13435,36699,30839,183,1381,24,3106,5116,4.35,77.71781,90783,55.22399568201095
2025-11-23 00:00:00,90850,13670,37775,30791,184,1402,26,3489,4178,5.15,75.10286,91515,56.21482817024531
2025-11-22 23:00:00,90274,13325,37829,30728,184,1391,46,3440,3428,6.25,74.75943,90371,56.60444169036527
2025-11-22 22:00:00,86691,12605,36326,30663,183,1351,1435,1499,2931,7.25,74.143524,86993,56.24705436069569
2025-11-22 21:00:00,85048,12008,33714,30625,183,1232,4576,768,2566,8.85,63.281784,85672,53.36866187319077
2025-11-22 20:00:00,84808,12239,33871,30586,184,1200,5414,506,1924,9.2,63.58848,85924,53.663702807131884
2025-11-22 19:00:00,85566,12726,34602,30599,183,1280,5178,442,1447,9.15,65.869415,86457,54.74166348589472
2025-11-22 18:00:00,85800,12927,35364,30610,183,1287,4920,439,1084,8.85,69.38444,86814,55.62582072016035
2025-11-22 17:00:00,86107,13025,35564,30562,183,1169,4725,474,975,8.35,71.26737,86677,56.05754698478258
2025-11-22 16:00:00,86225,13356,35861,30356,183,1171,4538,664,849,7.6,77.408424,86978,56.58557336337925
2025-11-22 15:00:00,85655,13464,35295,30625,182,1188,3586,1049,1007,7.1,83.538124,86396,56.43664058521228
2025-11-22 14:00:00,84374,13340,35278,30741,182,1226,1373,1346,1065,6.35,89.50209,84551,57.50138969379428
2025-11-22 13:00:00,82537,13013,34783,30732,182,1211,114,1234,1054,6.5,93.00333,82323,58.05910863306731
2025-11-22 12:00:00,80583,12560,33836,30728,183,1035,21,952,1119,6.95,94.64755,80434,57.68207474451103
2025-11-22 11:00:00,78577,12372,33609,30725,183,1014,21,478,1168,7.9,94.686966,79570,57.78685434208872
2025-11-22 10:00:00,77749,12012,33209,30725,183,986,21,479,1441,8.05,96.32416,79056,57.201224448492205
2025-11-22 09:00:00,77621,12020,32766,30728,183,963,21,502,1879,8.2,96.65727,79062,56.64668235056032
2025-11-22 08:00:00,78328,12472,32939,30731,183,971,21,522,1765,8.45,95.35707,79604,57.04612833525954
2025-11-22 07:00:00,79734,13324,33678,30745,182,1133,21,541,1350,8.4,96.33421,80974,58.04579247659743
2025-11-22 06:00:00,81873,14026,33636,30864,181,1298,21,512,1257,8.3,96.65988,81795,58.27006540742099
2025-11-22 05:00:00,84497,14875,34328,30993,181,1319,21,507,1416,8.5,96.994125,83640,58.827116212338595
2025-11-22 04:00:00,87341,15100,35940,31063,425,1338,21,564,1865,8.45,97.65419,86316,59.131563093748554
2025-11-22 03:00:00,89789,15264,37786,31226,873,1349,21,766,1745,8.4,98.65299,89030,59.586656183308996
2025-11-22 02:00:00,91451,15267,38324,31132,847,1386,21,1241,1923,8.35,98.65245,90141,59.452413441164396
2025-11-22 01:00:00,93078,15703,39507,31091,818,1377,21,1622,2164,8.4,98.31875,92303,59.81387387192182
2025-11-22 00:00:00,94806,16326,40212,31087,979,1380,22,2165,1792,8.35,98.318085,93963,60.17049264072028
2025-11-21 23:00:00,95547,16201,40418,31033,1108,1401,34,2932,1508,8.55,94.39165,94635,59.828815977175466
2025-11-21 22:00:00,92881,15911,38686,31034,1020,1370,277,1935,1326,8.75,92.491104,91559,59.63040225428412
2025-11-21 21:00:00,91221,15871,38284,31032,1093,1369,1003,919,1035,8.8,90.92968,90606,59.769772421252455
2025-11-21 20:00:00,91438,15796,38649,30979,1014,1373,1606,724,867,8.95,89.400764,91008,59.82441104078763
2025-11-21 19:00:00,92277,15875,38789,30978,983,1353,2013,1149,932,8.75,89.691216,92072,59.370927100530025
2025-11-21 18:00:00,93029,15951,38401,30950,916,1347,2481,1475,974,8.55,89.983444,92495,58.76209524839181
2025-11-21 17:00:00,94192,16307,39157,30865,972,1346,2385,1752,913,9.25,89.72999,93697,59.195064943381325
2025-11-21 16:00:00,94601,16427,39254,30860,830,1345,2040,2406,929,8.85,90.93311,94091,59.17781721950027
2025-11-21 15:00:00,94855,16583,39144,30846,820,1327,1394,2886,986,8.3,91.83431,93986,59.29287340667759
2025-11-21 14:00:00,95042,16606,39844,30794,733,1364,601,3450,853,7.55,93.38045,94245,59.8970767679983
2025-11-21 13:00:00,94228,16074,38283,30762,727,1372,95,3750,782,6.9,94.97254,91845,59.18340682671893
2025-11-21 12:00:00,90322,15347,36815,30733,734,1371,25,1916,819,6.6,95.289566,87760,59.43710118505013
2025-11-21 11:00:00,85256,14801,34657,30732,600,1352,25,963,990,7.05,95.306114,84120,58.79457917261056
2025-11-21 10:00:00,81847,13996,33562,30701,181,1325,25,639,988,6.95,94.9745,81417,58.412862178660475
2025-11-21 09:00:00,81184,13934,33235,30555,181,1305,25,554,922,6.8,95.62627,80711,58.441848075231384
2025-11-21 08:00:00,81798,14529,33625,30527,181,1309,25,523,783,6.6,96.2821,81502,59.08321268189738
2025-11-21 07:00:00,82948,15168,34227,30533,180,1343,25,488,715,6.25,97.61307,82679,59.743102843527375
2025-11-21 06:00:00,85109,16083,35421,30529,180,1312,25,483,609,6.05,98.28713,84642,60.849223789608
2025-11-21 05:00:00,87869,16904,36789,30499,234,1304,25,542,512,5.3,98.61936,86809,61.851881717333455
2025-11-21 04:00:00,91137,17405,39690,30456,606,1465,25,634,526,5.9,98.28509,90807,62.87510874712302
2025-11-21 03:00:00,94329,17296,42005,30362,1063,2019,25,812,619,5.7,97.94196,94201,62.95156102376832
2025-11-21 02:00:00,97068,17060,43339,30313,1270,2192,25,1566,597,5.5,97.259964,96362,62.679271912164545
2025-11-21 01:00:00,99021,16896,44343,30301,1507,2232,25,2145,482,6.3,95.27848,97931,62.532803708733695
2025-11-21 00:00:00,100148,16949,44266,30278,2069,2227,25,2484,416,7.4,92.4129,98714,62.01248049921997
2025-11-20 23:00:00,100657,17007,44830,30261,2082,2169,30,2868,371,7.6,87.7616,99618,62.07412315043466
2025-11-20 22:00:00,97410,16768,43937,30198,1579,2182,318,1360,384,7.9,85.68945,96726,62.75975435767012
2025-11-20 21:00:00,95033,16925,42170,30189,1329,2132,1199,718,364,8.15,82.22545,95026,62.1882432176457
2025-11-20 20:00:00,95100,16960,41756,30166,1055,2231,1945,526,448,8.1,82.79205,95087,61.749766003764975
2025-11-20 19:00:00,95761,16979,41352,30041,932,2218,2527,531,573,8.0,83.35649,95153,61.302323626159975
2025-11-20 18:00:00,95968,17139,40222,30088,1054,2246,2938,551,838,7.7,85.075745,95076,60.33173461231015
2025-11-20 17:00:00,96808,16976,40840,30259,949,2271,2811,947,818,7.9,84.803276,95871,60.306036236192384
2025-11-20 16:00:00,97696,16981,42980,30274,1054,2223,2340,556,567,7.25,87.72941,96975,61.83139984532096
2025-11-20 15:00:00,98255,16611,43971,30295,1179,2307,1537,1980,396,6.75,90.1585,98276,61.64475558630795
2025-11-20 14:00:00,98926,16036,43486,30303,1122,2233,878,3793,386,5.9,93.94734,98237,60.59020531978786
2025-11-20 13:00:00,98611,15568,42871,30293,1120,2166,128,4240,300,5.35,96.245255,96686,60.44204952113026
2025-11-20 12:00:00,94717,14894,40428,30296,1062,2076,21,3254,238,5.2,95.90533,92269,59.95729876773348
2025-11-20 11:00:00,88525,15321,37931,30294,877,1633,21,1143,275,4.9,97.246864,87495,60.86290645179725
2025-11-20 10:00:00,85710,15090,37369,30263,168,1569,21,440,280,4.85,97.58634,85200,61.571596244131456
2025-11-20 09:00:00,84651,14780,37176,30221,160,1556,21,423,279,4.85,96.23037,84616,61.40209889382623
2025-11-20 08:00:00,85317,15173,37474,30211,160,1566,21,422,234,4.85,95.22436,85261,61.748044240625845
2025-11-20 07:00:00,86116,15625,37680,30210,161,1579,22,446,222,4.75,95.55513,85945,62.02222351503869
2025-11-20 06:00:00,87387,15752,38382,30207,161,1696,23,486,234,4.3,97.23368,86941,62.265214340759826
2025-11-20 05:00:00,89610,16145,40296,30200,342,1795,23,487,266,3.35,96.526566,89554,63.024543850637606
2025-11-20 04:00:00,91958,16474,42695,30180,533,1865,23,576,287,3.55,95.85145,92633,63.87464510487623
2025-11-20 03:00:00,95556,16522,44719,30148,1006,2327,23,1185,293,3.85,94.51585,96223,63.64486661193269
2025-11-20 02:00:00,98514,16561,45969,30117,1422,2493,23,2324,337,4.4,92.23478,99246,63.00505813836325
2025-11-20 01:00:00,99953,16136,46427,30093,1631,2509,38,3341,307,5.25,88.47403,100482,62.262892856431996
2025-11-20 00:00:00,100896,16197,46502,30061,1827,2600,55,4090,298,6.4,84.93148,101630,61.693397618813336
2025-11-19 23:00:00,100685,16187,45392,30013,2003,2594,64,3629,198,7.9,83.925224,100080,61.52977617905675
2025-11-19 22:00:00,96931,15942,43722,29945,1940,2535,833,1675,215,8.65,79.21091,96807,61.63190678360036
2025-11-19 21:00:00,94844,15615,42284,29919,1054,2428,3235,673,150,9.45,71.980675,95358,60.71750665911617
2025-11-19 20:00:00,96089,16119,41570,29923,936,2442,4380,481,83,9.5,71.990135,95934,60.13405049304731
2025-11-19 19:00:00,96876,16431,40808,29910,915,2423,4803,439,119,9.4,71.97121,95848,59.718512645021285
2025-11-19 18:00:00,96911,16458,40285,29905,903,2361,4908,421,298,8.95,73.411804,95539,59.39249939815154
2025-11-19 17:00:00,97008,16997,40603,29894,857,2445,5133,412,541,8.9,71.12369,96882,59.453768501888895
2025-11-19 16:00:00,97284,17444,40374,29885,843,2341,4543,431,650,7.35,78.4645,96511,59.90819699308887
2025-11-19 15:00:00,97209,17570,40593,29874,990,2212,3562,1020,781,5.6,88.50462,96602,60.20889836649344
2025-11-19 14:00:00,97721,17589,41680,29871,994,2352,1659,2831,1090,4.2,91.89704,98066,60.43786837436013
2025-11-19 13:00:00,97369,16736,40537,29853,1067,2307,189,4017,1160,2.6,97.54244,95866,59.74276594413035
2025-11-19 12:00:00,93128,15764,37137,29850,1087,2053,21,3292,1239,2.45,96.84638,90443,58.4909832712316
2025-11-19 11:00:00,86999,16112,36448,29846,730,1775,21,723,1317,4.15,96.20937,86972,60.43324288276687
2025-11-19 10:00:00,84461,15518,35851,29697,276,1696,21,386,1520,4.1,96.887726,84965,60.45901253457306
2025-11-19 09:00:00,83386,15351,35558,29648,276,1628,21,362,1574,4.4,97.57765,84418,60.30585894003649
2025-11-19 08:00:00,83777,15300,35652,29788,277,1659,21,356,1884,4.0,98.60489,84937,59.98799109928535
2025-11-19 07:00:00,84903,15860,35985,29790,278,1682,21,347,2038,3.75,98.94993,86001,60.28418274206114
2025-11-19 06:00:00,86614,16842,36537,29803,278,1653,21,346,1893,3.45,99.297165,87373,61.09324390830119
2025-11-19 05:00:00,89145,17632,39489,29815,287,1688,21,336,1408,3.3,98.59701,90676,62.994618201067546
2025-11-19 04:00:00,91599,17789,41339,29740,501,1704,21,665,1570,3.6,98.6004,93329,63.35437002432256
2025-11-19 03:00:00,95948,18126,43406,29705,1061,2342,21,1515,1803,4.65,96.22437,97979,62.8012125047204
2025-11-19 02:00:00,99297,18046,45421,29707,1361,2374,21,2211,2016,4.6,97.240295,101157,62.74108563915498
2025-11-19 01:00:00,101367,17533,46217,29718,1614,2409,21,2765,1940,4.6,96.90011,102217,62.36731659117368
2025-11-19 00:00:00,102677,17470,47332,29725,1736,2477,21,2932,1805,4.5,95.21114,103498,62.61183790991131
2025-11-18 23:00:00,103324,17389,46985,29743,1742,2407,84,1815,1986,4.75,96.22738,102151,63.01847265322904
2025-11-18 22:00:00,100394,17110,44715,29758,1545,2327,358,981,2279,4.9,92.264885,99073,62.40348026202901
2025-11-18 21:00:00,98015,17032,43659,29768,893,2411,1021,310,2374,5.2,89.409645,97468,62.26761603808429
2025-11-18 20:00:00,98228,16944,43569,29788,741,2504,2050,307,1746,4.6,95.885864,97649,61.96991264631486
2025-11-18 19:00:00,98622,17114,42986,29803,717,2485,3005,306,1936,4.6,95.214935,98352,61.10704408654628
2025-11-18 18:00:00,98628,16990,41345,29810,749,2450,3749,309,3110,4.6,90.31391,98512,59.216136105246065
2025-11-18 17:00:00,97924,17099,40083,29800,741,2391,4262,308,3978,4.95,88.13578,98662,57.957470961464395
2025-11-18 16:00:00,98547,17425,41313,29781,735,2428,4445,341,4667,3.85,85.2508,101135,58.078805556928856
2025-11-18 15:00:00,99551,17028,41437,29785,1426,2371,4328,787,5058,3.4,80.71847,102220,57.19526511445901
2025-11-18 14:00:00,102238,16723,42828,29779,2327,2318,2848,2953,5101,3.15,77.243614,104877,56.781753864050266
2025-11-18 13:00:00,104292,16377,43339,29767,2590,2199,546,4456,4990,2.6,76.311485,104264,57.27384332080104
2025-11-18 12:00:00,100949,15889,41704,29741,2338,2141,21,3566,4792,1.8,86.26702,100192,57.48263334397956
2025-11-18 11:00:00,93854,15613,38095,29736,1158,1743,21,1004,5409,0.95,84.92461,92779,57.888099677728796
2025-11-18 10:00:00,90350,16281,36245,29635,193,1705,21,413,5367,0.2,88.34277,89860,58.45314934342311
2025-11-18 09:00:00,89294,16531,35646,29464,162,1739,21,297,5052,0.7,87.423096,88912,58.68386719452943
2025-11-18 08:00:00,88620,16451,35979,29312,162,1743,21,306,4501,0.6,87.41341,88475,59.259677875105965
2025-11-18 07:00:00,88844,16439,36036,29241,163,1776,21,295,4325,-0.3,88.6235,88296,59.43077829120232
2025-11-18 06:00:00,89631,16277,37191,29176,162,1808,21,504,4402,0.4,87.07383,89541,59.713427368468075
2025-11-18 05:00:00,91687,16162,37778,29126,296,1754,21,884,4340,1.2,82.802666,90361,59.69389448987948
2025-11-18 04:00:00,94775,15893,40647,29056,529,1860,21,1500,4297,1.65,78.71602,93803,60.27525772096841
2025-11-18 03:00:00,98413,15791,42551,28965,1339,2276,21,2480,4357,2.4,73.25562,97780,59.66659848639804
2025-11-18 02:00:00,101087,15693,43786,28916,1907,2395,21,3779,4116,3.05,70.21344,100613,59.1166151491358
2025-11-18 01:00:00,102311,15809,44818,28880,2073,2430,21,3671,3640,3.6,68.793785,101342,59.82415977580865
2025-11-18 00:00:00,102610,15630,45451,28862,2201,2392,21,4016,3078,3.95,67.36838,101651,60.08893173702177
2025-11-17 23:00:00,101079,15328,44213,28879,2216,2318,54,4037,2600,4.6,64.844765,99645,59.75312358874003
2025-11-17 22:00:00,95938,14607,40755,28836,1442,2179,2006,2824,2447,5.85,60.10688,95096,58.21695970387819
2025-11-17 21:00:00,93101,14425,36873,28735,581,1976,6833,639,2369,7.7,44.820427,92431,55.49869632482609
2025-11-17 20:00:00,93652,14619,35825,28734,581,2025,8782,317,2203,8.0,43.263054,93086,54.19074834024451
2025-11-17 19:00:00,94442,14897,36231,28730,642,2085,8647,275,2143,7.8,44.184837,93650,54.59476775226909
2025-11-17 18:00:00,95171,15169,36497,28737,665,2236,8261,281,2231,7.2,46.203876,94077,54.918843075353166
2025-11-17 17:00:00,95996,15297,37489,28742,687,2317,8487,301,2252,5.9,51.668194,95572,55.23165780772611
2025-11-17 16:00:00,97019,15234,38560,28751,740,2281,8739,348,2270,4.5,59.547047,96923,55.501790080785774
2025-11-17 15:00:00,97954,15222,38080,28759,1212,2318,8557,746,2434,2.55,65.8257,97328,54.765329607101755
2025-11-17 14:00:00,99071,15904,40036,28764,1426,2325,4827,2317,2578,0.6,71.02892,98177,56.97872210395511
2025-11-17 13:00:00,100455,15556,41965,28762,1455,2477,670,4455,2721,-1.2,75.94204,98061,58.65838610660711
2025-11-17 12:00:00,96185,14277,39103,28759,881,2059,33,3833,3371,-1.6,78.4994,92316,57.82312925170068
2025-11-17 11:00:00,88648,13478,35273,28762,540,1667,29,2347,3671,-0.8,74.03208,85767,56.84120932293306
2025-11-17 10:00:00,84115,13215,33082,28765,163,1498,28,1232,3851,-0.6,73.79043,81834,56.57428452721363
2025-11-17 09:00:00,82319,13113,32782,28765,163,1535,28,318,4036,-0.35,72.733185,80740,56.84295268763934
2025-11-17 08:00:00,81713,13068,32495,28755,163,1537,28,241,4600,0.0,71.17542,80887,56.329199995054836
2025-11-17 07:00:00,81807,13078,32279,28747,163,1517,28,221,5354,0.4,68.883705,81387,55.730030594566706
2025-11-17 06:00:00,82823,13778,32129,28847,164,1487,56,220,5922,0.75,67.16537,82603,55.57546336089489
2025-11-17 05:00:00,84921,14691,34345,28976,260,1571,70,239,6201,2.15,60.525303,86353,56.785519900872
2025-11-17 04:00:00,86921,14631,35968,29135,309,1644,70,378,6323,2.65,57.753815,88458,57.20115761152185
2025-11-17 03:00:00,89244,14509,36905,29332,411,1882,70,1220,6405,3.4,54.769257,90734,56.66453589613596
2025-11-17 02:00:00,91551,14421,37462,29446,491,1922,70,2740,6169,4.4,50.478622,92721,55.95604016350125
2025-11-17 01:00:00,92152,14279,37744,29580,418,1930,75,3432,6172,5.35,47.783096,93630,55.562319769304715
2025-11-17 00:00:00,92421,13994,38712,29573,431,1876,84,3217,6324,6.1,47.641308,94211,55.94463491524344
2025-11-16 23:00:00,91002,13383,37140,29571,688,1914,145,3288,6579,6.8,45.742767,92708,54.4969150450878
2025-11-16 22:00:00,85566,11278,32478,29666,505,1808,2339,1722,7416,7.8,43.042236,87212,50.17199467963125
2025-11-16 21:00:00,81663,10523,27354,29861,161,1371,7230,611,7359,8.95,38.782597,84470,44.84077187167041
2025-11-16 20:00:00,80414,10458,26285,29862,162,1174,8773,249,6895,9.55,35.199257,83858,43.81573612535477
2025-11-16 19:00:00,80117,10616,26822,29860,162,1227,8326,251,6294,9.8,34.483227,83558,44.80480624237057
2025-11-16 18:00:00,79669,10582,27081,29867,162,1254,7664,257,5928,9.65,35.900677,82795,45.48946192402923
2025-11-16 17:00:00,79158,10402,26999,29866,162,1256,8000,262,6111,8.55,40.29668,83058,45.029979050783794
2025-11-16 16:00:00,79172,10408,26390,29858,163,1169,8174,301,6345,7.9,46.063946,82808,44.43773548449425
2025-11-16 15:00:00,79771,10967,27102,29856,163,1135,7591,403,5669,7.3,49.43363,82886,45.9293487440581
2025-11-16 14:00:00,79154,11714,28990,29854,163,1251,3850,393,6371,7.1,56.58461,82586,49.28680405879931
2025-11-16 13:00:00,76709,11421,28950,29841,163,1302,441,458,7134,7.35,70.06849,79710,50.64734663153933
2025-11-16 12:00:00,74648,10619,27288,29816,164,1263,15,414,7526,8.25,75.371704,77105,49.162829907269305
2025-11-16 11:00:00,73482,10114,26426,29798,165,1195,15,344,8303,8.9,75.21973,76360,47.852278679937136
2025-11-16 10:00:00,72554,9879,25610,29788,165,1135,15,321,8788,9.65,77.73178,75701,46.880490350193526
2025-11-16 09:00:00,72459,9828,25475,29773,164,1116,15,284,8949,10.45,76.53002,75604,46.69461933231046
2025-11-16 08:00:00,73031,9996,25844,29755,165,1112,15,262,9058,11.6,74.905174,76207,47.02980041203564
2025-11-16 07:00:00,74449,10562,27315,29708,164,1259,15,259,8812,12.7,75.85939,78094,48.50180551642892
2025-11-16 06:00:00,75796,11738,27133,29631,164,1268,15,251,8581,13.5,80.17747,78781,49.340577042687954
2025-11-16 05:00:00,78119,12458,26961,29569,165,1271,15,244,9059,14.15,82.7007,79742,49.433171979634324
2025-11-16 04:00:00,80272,12662,27814,29609,165,1282,15,246,9256,14.95,81.44576,81049,49.94015965650409
2025-11-16 03:00:00,82193,12607,28488,29753,398,1268,15,540,9301,15.7,81.54319,82370,49.89073691878111
2025-11-16 02:00:00,84364,12857,29351,29812,453,1305,15,1384,9221,16.15,85.687614,84398,50.01066375980473
2025-11-16 01:00:00,86102,13220,30288,29808,506,1295,15,2157,9199,16.0,87.92661,86488,50.305244658218484
2025-11-16 00:00:00,87411,13474,31081,29802,505,1277,16,2621,9048,16.8,84.92624,87824,50.732146110402624
2025-11-15 23:00:00,87460,13715,30419,29803,468,1263,47,2697,8477,17.7,82.063805,86889,50.79354118472994
2025-11-15 22:00:00,84856,14221,29622,29801,468,1241,657,1350,7012,18.1,77.98211,84372,51.96392168017826
2025-11-15 21:00:00,83412,14026,29106,29802,357,1241,1708,661,6948,18.15,77.737625,83849,51.440088730932985
2025-11-15 20:00:00,83639,13635,28621,29806,359,1240,3146,225,7205,18.55,77.048065,84237,50.16322993458932
2025-11-15 19:00:00,84000,13287,27931,29820,351,1237,4102,209,7384,17.45,80.45476,84321,48.88224760142788
2025-11-15 18:00:00,84689,13520,28015,29834,518,1268,4465,211,7298,16.95,83.85052,85129,48.790658882402
2025-11-15 17:00:00,84953,13594,28082,29844,328,1276,4378,215,7626,17.55,76.39327,85343,48.83353057661437
2025-11-15 16:00:00,84699,13359,27557,29853,162,1246,4225,238,7794,16.85,79.07438,84434,48.45915152663619
2025-11-15 15:00:00,83501,13314,27035,29864,162,1246,3836,674,7439,15.3,84.4869,83570,48.28168002871844
2025-11-15 14:00:00,83419,13132,27578,29868,163,1281,2371,1616,7273,13.95,88.32464,83282,48.88211138061045
2025-11-15 13:00:00,81757,12895,27353,29863,163,1272,444,2033,7247,12.4,91.77958,81270,49.523809523809526
2025-11-15 12:00:00,79691,12864,27329,29867,163,1293,15,1427,7151,11.8,91.742355,80109,50.17288943814053
2025-11-15 11:00:00,77517,13224,27018,29869,164,1301,15,551,6990,10.75,94.48588,79132,50.85426881666078
2025-11-15 10:00:00,77384,13621,27626,29863,165,1301,15,308,7138,10.6,93.84808,80037,51.534915101765435
2025-11-15 09:00:00,77398,12932,27342,29859,165,1283,15,279,7319,10.4,93.21,79194,50.854862742126926
2025-11-15 08:00:00,77819,13690,27521,29851,166,1287,15,257,7613,11.25,88.68408,80400,51.257462686567166
2025-11-15 07:00:00,78593,14757,28164,29812,166,1265,15,238,7782,11.3,86.624886,82199,52.21596369785521
2025-11-15 06:00:00,80204,14531,30255,29791,167,1301,15,221,7298,10.35,86.531105,83579,53.585230739779135
2025-11-15 05:00:00,82861,14423,31539,29773,167,1264,15,216,7090,9.85,89.169044,84487,54.401268834258524
2025-11-15 04:00:00,85955,15849,32780,29754,167,1505,15,201,7220,9.55,87.6394,87491,55.58171697660331
2025-11-15 03:00:00,88968,16638,34442,29753,306,1852,15,304,6590,9.35,85.84188,89900,56.818687430478306
2025-11-15 02:00:00,91104,16572,35896,29745,683,1838,15,940,6106,9.5,84.69042,91795,57.15779726564628
2025-11-15 01:00:00,92495,16359,37864,29732,657,1789,15,1855,5032,9.65,82.98454,93303,58.11495879017824
2025-11-15 00:00:00,94154,16442,38979,29732,649,1914,21,2450,4194,10.2,75.441216,94381,58.72050518642523
2025-11-14 23:00:00,94039,16353,38709,29725,692,2002,73,2945,3289,11.45,75.39342,93788,58.709003284002215
2025-11-14 22:00:00,91042,15359,35836,29730,629,1974,1824,1758,2858,12.7,68.96563,89968,56.90356571225325
2025-11-14 21:00:00,89256,15045,33221,29722,591,1909,5669,240,2386,14.4,59.868546,88783,54.36401112825654
2025-11-14 20:00:00,90354,15109,32692,29732,618,1991,7309,239,1826,14.5,55.905045,89516,53.399392287412304
2025-11-14 19:00:00,90769,15614,32907,29741,559,2081,7267,230,1523,13.15,56.142075,89922,53.958986677342594
2025-11-14 18:00:00,91450,15757,33979,29758,657,2102,7063,229,1678,11.95,55.635265,91223,54.52133782050579
2025-11-14 17:00:00,91240,15246,34185,29772,679,2035,6968,268,2340,10.35,61.426025,91493,54.02708403921611
2025-11-14 16:00:00,91773,14815,34209,29787,715,1993,7368,549,2918,9.15,65.17411,92354,53.082703510405615
2025-11-14 15:00:00,94380,15588,33901,29796,1157,2062,6969,1002,4056,7.1,70.77097,94531,52.352138451936405
2025-11-14 14:00:00,97981,16778,36244,29803,1793,2104,4276,1796,4464,4.25,80.54829,97258,54.51685208414732
2025-11-14 13:00:00,100573,17267,38375,29802,1739,2147,780,3881,4524,2.0,85.35341,98515,56.48073897376034
2025-11-14 12:00:00,97459,16962,35480,29785,967,2049,17,3581,4526,1.8,87.21191,93367,56.16759668833742
2025-11-14 11:00:00,90410,16852,32806,29788,599,1997,15,1111,4729,1.25,87.79543,87897,56.49567106954731
2025-11-14 10:00:00,86416,16233,31449,29791,169,1901,15,285,5022,1.4,86.53995,84865,56.1857067106581
2025-11-14 09:00:00,85447,16102,31280,29783,169,1953,15,218,5297,1.95,81.69775,84817,55.863800888972726
2025-11-14 08:00:00,86198,16408,31721,29779,170,1980,15,214,5374,3.3,79.256454,85661,56.18542860811805
2025-11-14 07:00:00,86394,16688,31877,29777,171,2006,15,212,5368,3.25,77.541336,86114,56.396172515502705
2025-11-14 06:00:00,86653,16912,32121,29777,171,2022,15,211,5315,2.55,76.863686,86544,56.656729524865966
2025-11-14 05:00:00,88637,17677,34337,29775,323,2054,15,287,5655,3.3,74.77668,90123,57.71445690889119
2025-11-14 04:00:00,91289,17600,35083,29775,345,2035,15,894,5625,3.9,72.20789,91372,57.65770695617913
2025-11-14 03:00:00,94455,18051,36569,29772,663,2541,15,1875,4781,4.45,70.75393,94267,57.9418036004116
2025-11-14 02:00:00,96645,18210,38338,29743,712,2593,15,2684,4468,5.45,65.75372,96763,58.43969285780722
2025-11-14 01:00:00,97774,18433,38497,29761,925,2463,15,3049,4309,6.05,63.771374,97452,58.41850346837417
2025-11-14 00:00:00,98120,18632,39516,29763,1280,2554,41,3325,3414,6.75,60.992245,98525,59.0185232174575
2025-11-13 23:00:00,96849,17597,38656,29757,1276,2428,133,3555,2646,7.55,62.97722,96048,58.56759120439781
2025-11-13 22:00:00,92210,15731,36080,29761,696,2193,2149,2452,2446,9.1,58.13909,91508,56.619093412597806
2025-11-13 21:00:00,89831,14920,32563,29759,502,2049,6717,683,2560,11.1,49.77883,89753,52.9040812006284
2025-11-13 20:00:00,90558,15003,31509,29769,555,2085,8625,315,2534,11.75,44.522457,90395,51.45417335029593
2025-11-13 19:00:00,91117,15225,31688,29773,621,2082,8655,317,2522,11.7,45.321404,90883,51.61911468591486
2025-11-13 18:00:00,91688,15559,32159,29779,639,2110,8588,328,2450,11.3,47.90048,91612,52.08706283019692
2025-11-13 17:00:00,92669,15665,33358,29785,667,2176,8784,333,2205,9.75,58.721268,92973,52.728211416217604
2025-11-13 16:00:00,93271,15747,34049,29793,672,2250,8789,346,2115,8.3,65.91524,93761,53.109501818453296
2025-11-13 15:00:00,93961,15970,33888,29801,1030,2407,7464,778,2552,6.3,71.37557,93890,53.1025668335286
2025-11-13 14:00:00,96794,17114,35903,29803,1123,2566,3473,2385,3059,4.2,77.4141,95426,55.55823360509714
2025-11-13 13:00:00,98615,16762,36314,29805,1324,2573,313,3718,3625,2.35,79.69255,94434,56.204333185081644
2025-11-13 12:00:00,94766,16094,34055,29801,743,2344,17,3537,3994,2.0,79.05935,90585,55.36126290224651
2025-11-13 11:00:00,87732,15485,32183,29802,410,1886,17,1063,4758,2.3,78.24201,85604,55.68431381711135
2025-11-13 10:00:00,84671,14930,31034,29803,167,1801,17,295,5631,2.75,76.616394,83678,54.92961112837305
2025-11-13 09:00:00,84111,14522,30788,29800,167,1742,17,298,6222,3.2,74.758865,83556,54.22710517497248
2025-11-13 08:00:00,84136,14600,30791,29786,167,1810,17,306,6651,3.55,73.20235,84128,53.95468809433245
2025-11-13 07:00:00,84764,14629,30273,29797,166,1836,17,344,7486,3.7,72.43336,84548,53.108293513743675
2025-11-13 06:00:00,86182,15209,30714,29911,166,1955,17,380,8248,3.8,71.40236,86600,53.02886836027714
2025-11-13 05:00:00,87594,16297,30979,30053,308,2050,17,408,8632,4.05,70.15962,88744,53.272333904263945
2025-11-13 04:00:00,90094,16991,32191,30147,752,2290,17,460,8951,4.2,69.42556,91799,53.57574701249469
2025-11-13 03:00:00,93904,17127,33561,30464,1263,2636,17,1304,9087,4.55,67.74585,95459,53.09923632135263
2025-11-13 02:00:00,96543,17111,34970,30781,1331,2608,17,2325,8937,5.55,62.960815,98080,53.10053017944535
2025-11-13 01:00:00,98169,16862,35992,30910,1571,2542,17,3078,8873,6.75,57.32642,99845,52.93605087886224
2025-11-13 00:00:00,99196,16902,36207,30874,1673,2611,24,3460,8750,7.2,56.610786,100501,52.8442503059671
2025-11-12 23:00:00,98046,16285,35103,30869,1863,2595,93,3070,8360,7.4,59.190437,98238,52.3096968586494
2025-11-12 22:00:00,94382,15202,33163,30871,1376,2517,2546,1334,8276,8.4,60.51898,95285,50.758251561106164
2025-11-12 21:00:00,92783,13986,29308,30929,897,2211,7394,465,8438,9.5,59.71461,93628,46.240440893749735
2025-11-12 20:00:00,92398,14240,28764,31026,787,2262,8402,344,8309,9.95,58.771473,94134,45.68381243758897
2025-11-12 19:00:00,93768,14518,29489,31055,886,2240,8210,338,8250,10.15,59.03097,94986,46.329985471543175
2025-11-12 18:00:00,94806,14786,30584,31063,1070,2383,7924,334,7836,10.0,58.784008,95980,47.270264638466344
2025-11-12 17:00:00,95956,15065,31255,31047,1008,2505,8220,370,7539,8.0,64.91515,97009,47.748147079136984
2025-11-12 16:00:00,97768,15660,32790,31026,1161,2660,8452,577,7395,7.25,66.39239,99721,48.58555369480852
2025-11-12 15:00:00,98788,15994,32586,30998,1295,2652,8108,1010,8083,5.9,70.02661,100726,48.229851279709315
2025-11-12 14:00:00,101121,16558,34431,30970,1330,2706,4658,3135,8575,4.05,74.63845,102363,49.81194376874456
2025-11-12 13:00:00,102368,16816,36053,30949,1540,2667,764,4239,8528,2.45,74.89943,101556,52.05896254283351
2025-11-12 12:00:00,98956,16102,33796,30938,1547,2461,16,3536,8520,2.05,75.104324,96916,51.4858227743613
2025-11-12 11:00:00,92447,15284,31086,30927,991,1809,15,2243,8730,1.8,77.30566,91085,50.90849206784871
2025-11-12 10:00:00,88307,14462,30665,30893,279,1698,15,1108,8924,2.0,74.81922,88044,51.255054291036295
2025-11-12 09:00:00,87917,14641,31277,30867,270,1697,15,812,8764,2.1,72.39243,88343,51.97695346546982
2025-11-12 08:00:00,88319,14886,31820,30829,271,1733,15,858,8638,2.15,70.02919,89050,52.449185850645705
2025-11-12 07:00:00,89436,15329,32770,30798,282,1739,15,893,8620,2.15,67.72564,90446,53.17979789045397
2025-11-12 06:00:00,90924,16352,34525,30774,380,1770,15,716,8866,2.2,64.770615,93398,54.47332919334461
2025-11-12 05:00:00,93714,17012,36738,30775,761,1859,15,554,8857,1.8,66.64554,96571,55.65853102898386
2025-11-12 04:00:00,97699,17985,38230,30880,985,2125,15,1196,8769,1.45,65.57493,100185,56.11119429056246
2025-11-12 03:00:00,102415,18127,40974,31008,1609,2759,16,2338,8518,1.75,64.18191,105349,56.10020028666622
2025-11-12 02:00:00,105790,18042,42029,31123,2048,2713,19,3147,8380,0.85,64.944496,107501,55.87948019088195
2025-11-12 01:00:00,107878,18143,43134,31162,2342,2772,15,3717,8175,1.05,62.81681,109460,55.98118033985018
2025-11-12 00:00:00,109091,18858,43871,31160,2527,2681,15,3594,8063,0.8,63.234158,110769,56.63046520235806
2025-11-11 23:00:00,108465,18804,42473,31168,2409,2568,43,3378,8221,0.5,67.36372,109064,56.18444216240006
2025-11-11 22:00:00,104470,18532,39958,31168,1645,2478,1488,1481,8564,0.6,67.38582,105314,55.53867482006191
2025-11-11 21:00:00,102490,17651,36082,31165,1168,2357,4885,550,8962,0.75,67.16537,102820,52.25928807624975
2025-11-11 20:00:00,101960,17523,35129,31171,1155,2329,6650,274,8932,0.6,66.12554,103163,51.03767823735254
2025-11-11 19:00:00,102546,17302,35014,31173,1152,2568,7347,286,9030,0.7,64.66432,103872,50.365834873690694
2025-11-11 18:00:00,102930,17644,34805,31183,1106,2571,8101,295,8951,0.8,68.195526,104656,50.11561687815319
2025-11-11 17:00:00,103996,18590,35656,31193,1196,2623,8444,306,8632,-1.05,71.77644,106640,50.86834208552138
2025-11-11 16:00:00,104957,18944,36915,31199,1376,2572,8275,396,8132,-1.7,72.195724,107809,51.812928419705216
2025-11-11 15:00:00,105418,19065,36925,31196,1659,2431,8194,690,7157,-2.45,72.60255,107317,52.17253557218334
2025-11-11 14:00:00,106137,19474,38418,31195,2452,2512,4718,2470,6838,-3.2,74.723526,108077,53.56551347650287
2025-11-11 13:00:00,106589,19621,40127,31197,2834,2479,841,3819,6153,-3.15,75.88973,107071,55.80222469202678
2025-11-11 12:00:00,103160,18473,38185,31188,2897,2502,17,3300,5884,-2.55,75.99495,102446,55.30523397692443
2025-11-11 11:00:00,97117,18136,36078,31185,1977,1788,17,2403,5593,-3.1,78.55949,97177,55.78892124679709
2025-11-11 10:00:00,92986,17830,35576,31172,402,1539,17,1381,5644,-2.85,79.20071,93561,57.081476256132355
2025-11-11 09:00:00,91400,17820,35384,31167,379,1564,17,889,5486,-2.5,79.859,92706,57.39002869285699
2025-11-11 08:00:00,91439,17847,35914,31156,381,1547,17,661,5374,-2.05,82.377144,92897,57.871621257952356
2025-11-11 07:00:00,91947,18394,36095,31141,380,1559,17,447,5225,-3.4,77.02046,93258,58.42823135816766
2025-11-11 06:00:00,93227,19606,36431,31123,438,1587,17,402,5007,-3.75,76.96119,94611,59.22884231220471
2025-11-11 05:00:00,95074,19468,37794,31111,666,1555,17,412,5256,-4.55,78.93518,96279,59.4750672524642
2025-11-11 04:00:00,97954,18943,39564,31088,1341,1969,17,1322,5509,-4.25,76.87614,99753,58.651870119194406
2025-11-11 03:00:00,101531,19299,40447,31067,2075,2235,17,2312,5931,-4.55,76.23123,103383,57.79093274522891
2025-11-11 02:00:00,104572,19613,42274,31036,2215,2314,17,2886,6106,-4.55,75.05618,106461,58.13114661707104
2025-11-11 01:00:00,106109,19280,42862,30842,2211,2369,22,3833,6165,-4.55,73.61006,107584,57.76137715645449
2025-11-11 00:00:00,106839,18730,42975,30742,2031,2440,23,4308,6128,-4.15,71.98763,107377,57.46575151103123
2025-11-10 23:00:00,105606,17718,41552,30705,1839,2354,94,4319,6370,-3.85,67.43022,104951,56.473973568617744
2025-11-10 22:00:00,100650,17154,37875,30700,1616,2176,1951,2142,6412,-2.45,70.67691,100026,55.01469617899346
2025-11-10 21:00:00,97714,17545,36003,30720,1108,2068,4984,518,5381,-1.9,74.39158,98327,54.459100755641884
2025-11-10 20:00:00,97347,17621,35191,30877,984,2047,6021,281,4970,-1.05,73.42778,97992,53.89419544452608
2025-11-10 19:00:00,97500,18120,35189,31076,993,2024,6144,284,4679,-0.15,75.83944,98509,54.11586758570282
2025-11-10 18:00:00,98047,18176,35926,31142,1193,2091,5862,307,5007,0.3,79.38504,99704,54.262617347348154
2025-11-10 17:00:00,97841,17764,36052,31141,1202,2115,5129,297,5682,-0.35,78.9907,99382,54.150651023324144
2025-11-10 16:00:00,97477,17839,35679,31144,1116,2125,4414,383,6129,-0.25,82.003265,98829,54.15212134090196
2025-11-10 15:00:00,97096,17503,36065,31137,1235,2234,3402,1022,6115,-0.65,83.8006,98713,54.266408679707844
2025-11-10 14:00:00,96969,17048,35847,31140,1262,2178,1805,2780,6248,-1.2,87.56215,98308,53.80538715058795
2025-11-10 13:00:00,95638,16387,35057,31137,1312,2048,273,3446,6577,-1.85,89.815056,96237,53.4555316562237
2025-11-10 12:00:00,91036,15766,32331,31125,1243,1986,23,2099,6634,-1.45,89.51393,91207,52.733891039064986
2025-11-10 11:00:00,84422,15505,29383,31113,646,1460,23,682,6390,-0.75,87.605484,85202,52.684209290861716
2025-11-10 10:00:00,80062,14921,27424,31118,181,1370,23,425,6529,-0.55,87.949165,81991,51.64591235623423
2025-11-10 09:00:00,79079,14465,27060,31112,171,1369,23,399,6972,-0.3,88.95059,81571,50.90657218864547
2025-11-10 08:00:00,79551,14027,27436,31103,172,1375,23,383,7095,0.0,89.96194,81614,50.80378366456736
2025-11-10 07:00:00,80060,13879,28179,31094,172,1374,23,351,7295,0.45,88.68958,82367,51.06171160780409
2025-11-10 06:00:00,81252,13883,28500,31091,247,1344,23,331,7087,0.75,87.74835,82506,51.36959736261605
2025-11-10 05:00:00,83492,14757,29057,31081,172,1465,23,305,6983,0.85,86.16718,83843,52.257194995408085
2025-11-10 04:00:00,85360,14974,30123,31075,203,1997,23,409,6847,1.15,85.88446,85651,52.65204142391799
2025-11-10 03:00:00,87656,14954,31792,31071,513,2013,23,1182,6790,1.3,87.162834,88338,52.917204374108536
2025-11-10 02:00:00,90099,14882,31981,31063,551,2080,23,2287,7189,1.5,87.500175,90056,52.037621035799944
2025-11-10 01:00:00,91639,14680,32290,31054,564,2078,23,2731,7220,1.5,87.81888,90640,51.820388349514566
2025-11-10 00:00:00,92307,14765,32585,31043,743,2033,28,2888,7028,1.6,88.789825,91113,51.96843480074194
2025-11-09 23:00:00,91676,13949,32057,31033,723,1925,34,2875,7258,2.05,90.446754,89854,51.20083691321477
2025-11-09 22:00:00,87759,13412,30035,31038,629,1383,678,1624,7481,3.0,84.544464,86280,50.35581826611034
2025-11-09 21:00:00,85336,12744,29030,31037,170,1209,2476,620,7727,3.75,81.35178,85013,49.13836707327114
2025-11-09 20:00:00,84713,12029,28202,31030,168,1224,3664,350,7750,4.4,82.61462,84417,47.65746235947736
2025-11-09 19:00:00,83761,11588,27177,31033,235,1224,3971,318,7779,5.5,84.23275,83325,46.52265226522652
2025-11-09 18:00:00,83514,11514,27013,31034,258,1211,3879,314,7496,6.95,88.00738,82719,46.57575647674658
2025-11-09 17:00:00,83360,11665,26942,31049,330,1103,3694,309,7413,8.65,85.4738,82505,46.79352766499
2025-11-09 16:00:00,82797,12120,27180,31048,242,1099,3169,316,7110,8.9,85.50054,82284,47.761411696077
2025-11-09 15:00:00,81929,11765,26722,31053,170,1009,2450,334,6812,8.2,89.34069,80315,47.920064745066306
2025-11-09 14:00:00,80406,11830,26005,31062,191,980,1389,412,6568,7.25,93.68734,78437,48.23616405522904
2025-11-09 13:00:00,78241,11521,26040,31050,173,1022,232,510,6419,6.6,94.30609,76967,48.801434380968466
2025-11-09 12:00:00,76854,10529,25872,30961,173,1039,17,476,6272,6.25,96.271835,75339,48.31627709420088
2025-11-09 11:00:00,74860,10626,24780,30948,175,1014,17,331,6045,5.85,95.261795,73936,47.88736204284787
2025-11-09 10:00:00,73941,10755,24837,30929,175,939,17,324,5828,6.55,93.97793,73804,48.22502845374235
2025-11-09 09:00:00,73785,10849,25188,30925,174,1003,17,320,5305,5.95,96.59756,73781,48.84319811333541
2025-11-09 08:00:00,73974,10988,25590,30928,175,1002,17,327,5141,5.8,97.60452,74168,49.317765073886314
2025-11-09 07:00:00,74947,11255,26388,30923,176,995,17,330,4934,6.1,97.61023,75018,50.1786237969554
2025-11-09 06:00:00,75789,11979,26116,30920,176,940,17,327,4545,6.2,96.60427,75020,50.77979205545188
2025-11-09 05:00:00,77416,13260,27555,30923,175,941,17,367,3681,6.35,95.94228,76919,53.06231230255204
2025-11-09 04:00:00,78941,13760,29263,30952,211,1011,17,680,3267,6.8,94.64127,79161,54.348732330314164
2025-11-09 03:00:00,80884,13930,29825,31032,507,1086,18,1650,2728,6.9,94.319374,80776,54.16831732197682
2025-11-09 02:00:00,82801,14390,30384,31031,515,1087,21,2455,2365,7.25,93.04379,82248,54.43779787958369
2025-11-09 01:00:00,84109,14316,31210,31032,506,1093,21,3175,1752,8.5,87.84378,83105,54.78130076409362
2025-11-09 00:00:00,85170,13924,32770,31029,512,1098,22,3325,1097,9.95,79.401665,83777,55.73606121011734
2025-11-08 23:00:00,84911,13041,32516,31024,583,1085,76,3191,908,11.1,78.22315,82424,55.271522857420166
2025-11-08 22:00:00,81953,12012,30698,31012,523,1069,1676,2284,751,12.5,74.55098,80025,53.3708216182443
2025-11-08 21:00:00,80222,11938,29667,30999,462,1007,4323,711,752,14.1,65.36388,79859,52.09807285340412
2025-11-08 20:00:00,80323,11783,29638,30981,387,977,5749,361,777,14.75,60.571934,80653,51.357048094925176
2025-11-08 19:00:00,80480,11345,28459,31008,344,959,6832,340,856,14.75,63.534447,80143,49.66622162883845
2025-11-08 18:00:00,80070,11601,28059,31017,267,983,7160,336,833,14.5,68.861145,80256,49.416866028708135
2025-11-08 17:00:00,80341,11838,28853,31014,178,997,7635,345,716,13.85,69.904434,81576,49.88109247817986
2025-11-08 16:00:00,80480,11695,29018,31034,172,987,7817,346,683,12.3,76.309265,81752,49.80061649867893
2025-11-08 15:00:00,80254,12218,28411,31023,178,889,7758,367,760,10.25,83.34205,81604,49.78800058820646
2025-11-08 14:00:00,78912,12600,28350,31033,172,862,4626,712,1260,8.4,88.44074,79615,51.435031087106694
2025-11-08 13:00:00,77911,12578,29565,31021,174,916,701,1162,1577,6.3,91.07177,77694,54.2422838314413
2025-11-08 12:00:00,76188,11774,28802,31026,174,928,18,861,1628,5.4,92.29483,75211,53.94955525122654
2025-11-08 11:00:00,74722,11460,27981,31022,175,904,20,566,1996,5.8,87.594765,74124,53.20948680589282
2025-11-08 10:00:00,73299,11025,27763,30998,176,904,26,346,2498,6.15,88.24317,73736,52.60388412715634
2025-11-08 09:00:00,73266,10543,27807,30999,176,896,27,334,2931,6.25,90.75156,73713,52.02610123044782
2025-11-08 08:00:00,74085,10768,27844,30968,177,879,27,299,3452,6.4,93.64556,74414,51.88808557529497
2025-11-08 07:00:00,74953,11429,27466,30913,175,822,27,274,3971,6.55,94.63081,75077,51.8068116733487
2025-11-08 06:00:00,76799,11694,29544,30765,174,1104,27,274,4346,7.8,89.61695,77928,52.918078226054824
2025-11-08 05:00:00,79566,11758,30015,30628,173,1206,27,277,5114,8.2,87.816475,79198,52.74501881360641
2025-11-08 04:00:00,81849,12946,29435,30775,172,1226,27,340,5898,9.4,87.92516,80819,52.43940162585531
2025-11-08 03:00:00,84563,14021,30465,30964,191,1249,27,666,6098,10.9,88.95372,83681,53.16141059499767
2025-11-08 02:00:00,87141,13844,31542,30982,806,1249,27,1619,6212,12.35,91.472466,86281,52.60254285416256
2025-11-08 01:00:00,89235,14003,32873,30976,882,1251,29,2405,5720,13.2,92.74058,88139,53.18417499631264
2025-11-08 00:00:00,91195,14361,33816,30971,877,1272,36,2966,5573,13.25,92.13479,89872,53.60623998575752
2025-11-07 23:00:00,91725,13852,33198,30962,861,1254,94,3427,5661,13.9,90.97214,89309,52.682260466470346
2025-11-07 22:00:00,89267,13208,30097,30962,709,1238,1414,2357,6585,14.75,88.10415,86570,50.02310269146355
2025-11-07 21:00:00,87665,13226,28958,30957,165,1238,3510,702,6616,14.9,85.2783,85372,49.411985194208874
2025-11-07 20:00:00,88361,13234,29508,30955,172,1240,4502,449,6294,14.95,84.17113,86354,49.496259582648165
2025-11-07 19:00:00,89274,13411,29119,30956,171,1246,5141,444,5851,15.0,81.72118,86339,49.259315025654686
2025-11-07 18:00:00,89212,13520,29099,30937,196,1249,5518,466,5518,14.8,79.03793,86503,49.26881148630684
2025-11-07 17:00:00,89547,13658,29887,30949,214,1245,5586,416,5601,13.5,79.90998,87556,49.73388459957056
2025-11-07 16:00:00,90671,13393,30745,30853,240,1256,5711,456,6403,12.95,77.191826,89057,49.5615167813872
2025-11-07 15:00:00,92077,13291,31394,30751,904,1256,5430,779,6919,12.9,64.431145,90724,49.25378069750011
2025-11-07 14:00:00,93778,13210,32080,30969,966,1264,3913,1392,7575,10.8,61.750492,91369,49.56823430266283
2025-11-07 13:00:00,95556,12685,33787,30989,1052,1287,964,2971,7818,8.75,58.259224,91553,50.75966926261292
2025-11-07 12:00:00,93057,11927,31808,30969,1058,1280,16,2648,7650,7.1,56.58461,87356,50.06525024039562
2025-11-07 11:00:00,87278,11219,29245,30961,844,1337,15,1413,7796,4.8,60.95914,82830,48.851865266207895
2025-11-07 10:00:00,83358,10824,27776,30957,184,1275,15,841,8102,4.65,59.806015,79974,48.26568634806312
2025-11-07 09:00:00,82197,11165,27518,30986,171,1280,15,303,8087,4.85,60.07793,79525,48.642565231059415
2025-11-07 08:00:00,82175,11382,27884,30988,171,1299,15,302,8150,5.1,59.91918,80191,48.965594642790336
2025-11-07 07:00:00,82400,11612,28269,30981,170,1315,15,384,7761,5.35,59.761482,80507,49.53730731489187
2025-11-07 06:00:00,83174,12158,28566,30919,171,1389,15,871,7324,5.95,59.69284,81413,50.02149533858229
2025-11-07 05:00:00,84576,12944,29543,30908,171,1457,15,726,7202,6.1,61.278496,82966,51.2101342718704
2025-11-07 04:00:00,87394,13345,31699,30908,174,1470,15,1620,6932,5.95,63.055653,86163,52.27765978436219
2025-11-07 03:00:00,90767,13743,33808,30926,271,1931,15,2962,6654,6.3,61.55115,90310,52.65308382238955
2025-11-07 02:00:00,92871,13516,34408,30908,930,1933,15,3709,6461,6.6,63.438457,91880,52.15933826730518
2025-11-07 01:00:00,93943,13828,34928,30893,848,2020,15,3584,5881,7.05,65.637115,91997,52.99738034935921
2025-11-07 00:00:00,94281,13861,36295,30873,1006,2090,19,3308,4829,7.8,63.94713,92281,54.35138327499702
2025-11-06 23:00:00,92582,12954,35750,30864,1019,2016,145,3056,4036,8.8,64.1771,89840,54.211932324131794
2025-11-06 22:00:00,88398,11737,33121,30830,517,1956,2951,1690,3822,10.7,58.129852,86624,51.784724787587734
2025-11-06 21:00:00,85896,10819,29604,30785,177,1501,8214,621,4023,12.3,45.33049,85744,47.14382347452883
2025-11-06 20:00:00,86197,10702,28591,30754,173,1369,9713,368,4299,12.6,43.810444,85969,45.706010306040554
2025-11-06 19:00:00,86626,10875,28624,30719,172,1399,9588,365,4199,12.6,45.091328,85941,45.96060087734609
2025-11-06 18:00:00,86590,10864,28996,30694,188,1405,9102,372,3856,12.0,47.926163,85477,46.632427436620375
2025-11-06 17:00:00,86995,11160,29883,30666,369,1404,9149,370,3029,10.45,66.38658,86030,47.70777635708473
2025-11-06 16:00:00,87561,10687,30549,30618,552,1400,9593,454,2417,8.75,71.847755,86270,47.798771299408834
2025-11-06 15:00:00,87827,10529,30891,30571,548,1293,9341,742,2387,6.65,76.711105,86302,47.994252740376815
2025-11-06 14:00:00,89241,11952,33378,30511,573,1384,6147,1815,2102,4.5,81.745995,87862,51.5922696956591
2025-11-06 13:00:00,90759,12409,35844,30468,737,1450,1202,3194,2069,2.6,86.66246,87373,55.22644295148387
2025-11-06 12:00:00,87225,11273,33457,30427,745,1428,11,2816,2200,1.5,89.427864,82357,54.31232317835764
2025-11-06 11:00:00,80284,10837,30081,30372,436,1388,8,1399,2320,2.45,83.87034,76841,53.25021798258742
2025-11-06 10:00:00,76319,10570,28643,30323,247,1362,8,456,2613,3.0,82.433754,74222,52.83204440731859
2025-11-06 09:00:00,76133,10289,28509,30255,247,1374,8,405,3086,3.45,81.31065,74173,52.30744340932685
2025-11-06 08:00:00,75838,10370,28308,30314,247,1374,8,372,3438,3.9,80.20916,74431,51.96490709516196
2025-11-06 07:00:00,76390,10951,28794,30314,247,1377,8,337,3437,4.55,78.3107,75465,52.666799178427084
2025-11-06 06:00:00,76696,11310,29095,30311,246,1339,13,315,3514,5.3,75.941826,76143,53.06462839656961
2025-11-06 05:00:00,78155,12482,29797,30113,245,1386,22,324,3761,7.15,65.8957,78130,54.11365672596954
2025-11-06 04:00:00,81442,13777,31001,30222,244,1450,22,1049,3768,8.2,66.128136,81533,54.920093704389636
2025-11-06 03:00:00,85488,13694,32820,30508,276,2023,22,2299,3970,9.1,68.22433,85612,54.33116852777648
2025-11-06 02:00:00,88634,13147,33502,30538,899,2060,22,3306,4857,10.1,66.54334,88331,52.81158370221101
2025-11-06 01:00:00,90854,13342,34156,30498,996,2060,23,3759,5434,11.75,61.975628,90268,52.6188682589622
2025-11-06 00:00:00,92212,13043,35613,30421,1194,2079,24,3988,5541,13.8,59.311924,91903,52.94277662317879
2025-11-05 23:00:00,91704,11803,34486,30324,1345,2058,121,3276,6694,15.5,62.847485,90107,51.3711476355888
2025-11-05 22:00:00,88577,10982,31821,30168,1326,1982,1738,1389,8430,16.75,63.344242,87836,48.730588824627716
2025-11-05 21:00:00,87839,10728,29486,30135,435,1957,5113,717,9435,17.75,60.46714,88006,45.69461173101834
2025-11-05 20:00:00,87088,10304,28602,30089,220,1998,6887,494,9454,18.3,58.608322,88048,44.187261493730695
2025-11-05 19:00:00,86551,10062,27657,30087,313,1901,7457,407,9262,18.05,57.573833,87146,43.28253735111193
2025-11-05 18:00:00,85681,10147,27220,29948,359,1847,8028,405,8937,17.8,56.934105,86891,43.00445385598048
2025-11-05 17:00:00,85725,10464,27482,29920,314,1965,8330,420,8421,16.2,63.86111,87316,43.458243620871315
2025-11-05 16:00:00,86436,10534,28059,29886,313,1950,8147,493,8310,15.0,66.67721,87692,44.00971582356429
2025-11-05 15:00:00,87776,10886,27912,29873,331,1802,8406,909,8000,13.35,71.970795,88119,44.02909701653446
2025-11-05 14:00:00,90790,11925,30269,29903,463,2052,5610,1818,8413,11.85,73.428,90453,46.647430157098164
2025-11-05 13:00:00,93007,12358,32281,29890,850,2128,1135,3212,8755,10.2,74.66352,90609,49.265525499674425
2025-11-05 12:00:00,90329,11367,30424,29886,801,2128,16,2634,8804,9.85,72.307365,86060,48.560306762723684
2025-11-05 11:00:00,83895,11068,27920,29882,605,1530,15,815,8754,7.35,75.48311,80589,48.378811003983174
2025-11-05 10:00:00,80309,10827,27576,29790,175,1483,15,421,8128,6.55,72.451904,78415,48.974048332589426
2025-11-05 09:00:00,80048,10455,27254,29751,173,1451,15,372,8539,6.15,70.58241,78010,48.33867452890655
2025-11-05 08:00:00,80032,10613,27463,29689,173,1449,15,349,8557,5.8,70.00634,78308,48.62338458395055
2025-11-05 07:00:00,80578,10987,27896,29591,173,1456,15,360,8465,5.75,69.49312,78943,49.25452541707308
2025-11-05 06:00:00,81381,11479,28770,29396,173,1442,15,434,8411,6.2,68.591156,80120,50.23589615576635
2025-11-05 05:00:00,82067,12186,29686,29119,173,1399,15,664,8421,6.8,69.21068,81663,51.27413883888664
2025-11-05 04:00:00,84969,12958,32100,29014,171,1511,15,1206,8525,7.3,68.08749,85500,52.69941520467836
2025-11-05 03:00:00,88850,13133,33712,28985,316,2113,15,2024,8480,7.9,66.061935,88778,52.76645114780689
2025-11-05 02:00:00,91609,13294,35203,29002,971,2134,15,2834,8022,8.55,62.986588,91475,53.01667122164526
2025-11-05 01:00:00,93361,13193,36452,28921,1003,2166,15,3405,7683,9.05,60.678013,92838,53.474870204011296
2025-11-05 00:00:00,94052,13260,37762,28759,1025,2229,15,3470,6788,9.4,58.633224,93308,54.681270630599734
2025-11-04 23:00:00,92258,13088,36714,28695,976,2165,109,3687,6092,10.2,59.464104,91526,54.41295369621747
2025-11-04 22:00:00,88388,11975,33911,28634,826,2058,2661,1587,6677,12.25,55.12778,88329,51.94896353406017
2025-11-04 21:00:00,87112,11072,30263,28558,484,2002,7057,634,6734,14.6,40.164677,86804,47.618773328418044
2025-11-04 20:00:00,86691,10864,28549,28532,515,1895,8464,511,6517,15.35,31.806997,85847,45.910748191550084
2025-11-04 19:00:00,86318,10955,27285,28564,478,1870,8524,568,6349,15.2,37.277153,84593,45.20468596692398
2025-11-04 18:00:00,86268,11146,27833,28579,465,1926,8302,617,5528,13.85,51.978725,84396,46.185838191383475
2025-11-04 17:00:00,86835,12040,29140,28608,471,2028,8336,545,3915,11.7,61.532516,85083,48.399797844457765
2025-11-04 16:00:00,87940,12881,30536,28508,502,2033,8149,616,2650,9.3,66.36936,85875,50.55836972343523
2025-11-04 15:00:00,89297,13361,31748,28367,735,1982,7773,1196,2295,6.85,70.469444,87457,51.57849000080039
2025-11-04 14:00:00,90752,14028,33189,28239,752,2030,5323,2250,2284,4.85,75.592804,88095,53.5978205346501
2025-11-04 13:00:00,92683,14624,34930,28159,919,2091,1276,3612,2369,3.15,78.37539,87980,56.32416458285974
2025-11-04 12:00:00,89742,13966,34078,28049,979,2093,20,3395,2386,2.0,79.05935,84966,56.544970929548285
2025-11-04 11:00:00,83126,13649,31682,28040,572,1568,15,1118,2475,2.4,75.44265,79119,57.29470797153655
2025-11-04 10:00:00,79020,13422,30106,28003,174,1435,15,434,2753,3.0,74.72321,76342,57.01710722800032
2025-11-04 09:00:00,78062,13134,29572,27976,173,1442,15,447,3075,3.65,72.423805,75834,56.31510931772028
2025-11-04 08:00:00,78435,13125,30133,27899,174,1459,15,445,3440,4.2,70.70392,76690,56.406311122701794
2025-11-04 07:00:00,79034,13169,29884,27775,175,1500,15,445,4061,4.5,70.507,77024,55.89556501869547
2025-11-04 06:00:00,79830,13999,30262,27651,173,1488,15,456,4746,4.9,70.33174,78790,56.17591064855946
2025-11-04 05:00:00,80920,14441,30632,27541,173,1513,15,1212,5167,6.1,65.18706,80694,55.856693186606186
2025-11-04 04:00:00,83963,15076,32950,27466,288,1670,15,1615,5061,6.6,64.59643,84141,57.078000023769626
2025-11-04 03:00:00,88005,15525,35284,27432,914,2259,15,2479,4884,7.5,62.965446,88792,57.22249752229931
2025-11-04 02:00:00,90881,15371,37111,27392,1128,2201,15,3666,4549,8.4,62.057034,91433,57.399407216212964
2025-11-04 01:00:00,92692,15226,37795,27283,1197,2132,20,3953,4452,9.15,64.485306,92058,57.59521171435399
2025-11-04 00:00:00,94104,15093,38273,27231,1351,2069,22,3897,4502,9.85,66.723,92438,57.73166879421883
2025-11-03 23:00:00,92934,14608,37318,27211,1118,2015,188,3735,4633,10.95,64.2145,90826,57.17085416070288
2025-11-03 22:00:00,89166,13253,32827,27203,436,1971,3065,2846,5918,12.45,60.016888,87519,52.65142426216022
2025-11-03 21:00:00,86799,12689,29291,27199,347,1650,6962,1099,6167,13.45,57.60517,85404,49.15460634162334
2025-11-03 20:00:00,87468,13369,29172,27190,341,1655,7322,542,5875,13.45,56.809536,85466,49.77534926169471
2025-11-03 19:00:00,88875,14218,30318,27186,298,1806,6921,417,5430,13.25,55.00259,86594,51.43081506801857
2025-11-03 18:00:00,89174,14138,31390,27181,255,1814,6600,499,4892,12.7,55.634506,86769,52.4703523147668
2025-11-03 17:00:00,89095,14294,31560,27190,293,1846,6429,510,5330,10.8,65.54119,87452,52.43333485797923
2025-11-03 16:00:00,90058,15025,32086,27191,291,1881,6120,577,5275,8.5,74.62663,88446,53.265269203807975
2025-11-03 15:00:00,90324,14954,33489,27198,398,1564,4323,1418,5592,6.2,85.80834,88936,54.46950616173428
2025-11-03 14:00:00,91271,14531,33839,27190,389,1485,2527,2405,6847,6.05,86.39723,89213,54.218555591673855
2025-11-03 13:00:00,91193,13892,33937,27172,430,1434,352,3052,7642,4.5,90.94721,87911,54.40616077623961
2025-11-03 12:00:00,87035,13100,31919,27132,599,1376,26,2302,7212,3.85,91.87495,83666,53.807998470107336
2025-11-03 11:00:00,80575,12045,28981,27128,333,1347,26,1029,7011,3.95,93.85423,77900,52.664955070603334
2025-11-03 10:00:00,77092,11603,27455,26994,173,1299,26,723,6817,4.0,92.865906,75090,52.014915434811556
2025-11-03 09:00:00,75441,11624,27410,26967,172,1333,26,479,6542,4.05,91.23863,74553,52.35738333802799
2025-11-03 08:00:00,75303,11749,27453,26949,172,1349,26,466,6283,3.95,89.945114,74447,52.657595336279506
2025-11-03 07:00:00,75971,12132,28069,26932,171,1373,26,434,6150,3.9,88.986435,75287,53.39700081023284
2025-11-03 06:00:00,76824,12386,28606,26902,172,1350,26,470,6433,4.4,87.462685,76345,53.693103674110944
2025-11-03 04:00:00,78031,15029,31938,28331,254,1140,14,557,305,5.7,87.893745,77568,60.54945338283828
2025-11-03 03:00:00,79951,14858,33656,28338,325,1144,14,825,452,6.2,87.020424,79612,60.93804954027031
2025-11-03 02:00:00,82692,14742,34947,28337,981,1158,14,1549,539,7.2,84.1356,82267,60.39967423146584
2025-11-03 01:00:00,85194,14696,35764,28320,1033,1147,14,2656,670,8.1,81.083405,84300,59.8576512455516
2025-11-03 00:00:00,86676,14548,36321,28296,1029,1149,14,2802,647,8.75,79.50112,84806,59.98278423696437
2025-11-02 23:00:00,87598,13949,35852,28221,1056,1163,107,2389,667,9.15,80.94584,83404,59.71056544050645
2025-11-02 22:00:00,86372,12704,33069,28065,880,1126,2170,1590,1110,11.0,76.35733,80714,56.71011224818495
2025-11-02 21:00:00,81952,12181,29979,27937,254,1131,5949,976,1585,12.0,65.12521,79992,52.705270527052704
2025-11-02 20:00:00,79286,11782,28525,27924,172,1152,7400,589,1961,11.65,64.37288,79505,50.69744041255267
2025-11-02 19:00:00,78838,11615,27924,27936,174,1126,8289,573,2162,11.65,63.704483,79799,49.548239952881616
2025-11-02 18:00:00,78775,11447,27498,27886,174,1123,8560,585,2041,11.95,61.59195,79314,49.102302241722775
2025-11-02 17:00:00,78902,11755,28027,27772,244,1131,8890,572,1803,10.75,67.15028,80194,49.6072025338554
2025-11-02 16:00:00,79104,12627,29453,27840,330,1150,8108,568,1393,9.05,72.15705,81469,51.65154844173857
2025-11-02 15:00:00,80323,13181,30436,27936,376,1159,7525,594,1345,7.85,77.17715,82552,52.835788351584455
2025-11-02 14:00:00,81499,12879,31089,27950,570,1171,5600,1094,2012,6.85,80.62803,82365,53.38189765070115
2025-11-02 13:00:00,81208,13480,31681,27960,645,1193,1379,2197,2388,5.25,86.62089,80923,55.80737244046809
2025-11-02 12:00:00,81026,13411,30757,27962,678,1180,31,2032,2614,4.55,90.31017,78665,56.146952265937834
2025-11-02 11:00:00,79015,13306,30042,27963,713,1161,20,651,2749,3.2,88.60927,76605,56.58638470073755
2025-11-02 10:00:00,76726,13745,29490,27966,664,1144,20,399,2703,3.85,88.03606,76131,56.79026940405354
2025-11-02 09:00:00,76027,13764,29564,27954,338,1121,20,386,2720,3.2,87.34785,75867,57.11046963765537
2025-11-02 08:00:00,75438,13667,29249,27838,175,1136,20,390,2805,3.65,85.22864,75280,57.00850159404889
2025-11-02 07:00:00,74846,13763,29232,27762,164,1130,20,390,3102,3.8,85.55094,75563,56.89954078054073
2025-11-02 06:00:00,74622,13435,30301,27665,164,1137,20,417,3316,4.05,84.96874,76455,57.20489176639853
2025-11-02 05:00:00,76677,15029,31938,28331,254,1140,14,557,305,5.25,78.69997,77568,60.54945338283828
2025-11-02 04:00:00,77950,15029,31938,28331,254,1140,14,557,305,6.05,74.99139,77568,60.54945338283828
2025-11-02 03:00:00,80283,14858,33656,28338,325,1144,14,825,452,7.1,72.04161,79612,60.93804954027031
2025-11-02 02:00:00,82381,14742,34947,28337,981,1158,14,1549,539,7.35,72.34541,82267,60.39967423146584
2025-11-02 01:00:00,84081,14696,35764,28320,1033,1147,14,2656,670,8.4,70.77631,84300,59.8576512455516
2025-11-02 00:00:00,84835,14548,36321,28296,1029,1149,14,2802,647,9.25,69.465706,84806,59.98278423696437
2025-11-01 23:00:00,83914,13949,35852,28221,1056,1163,107,2389,667,10.05,69.14308,83404,59.71056544050645
2025-11-01 22:00:00,80998,12704,33069,28065,880,1126,2170,1590,1110,12.05,60.76227,80714,56.71011224818495
2025-11-01 21:00:00,79378,12181,29979,27937,254,1131,5949,976,1585,13.35,54.454334,79992,52.705270527052704
2025-11-01 20:00:00,78790,11782,28525,27924,172,1152,7400,589,1961,13.7,49.44112,79505,50.69744041255267
2025-11-01 19:00:00,78948,11615,27924,27936,174,1126,8289,573,2162,13.05,52.31258,79799,49.548239952881616
2025-11-01 18:00:00,79551,11447,27498,27886,174,1123,8560,585,2041,12.5,59.19796,79314,49.102302241722775
2025-11-01 17:00:00,80690,11755,28027,27772,244,1131,8890,572,1803,11.4,68.938576,80194,49.6072025338554
2025-11-01 16:00:00,81754,12627,29453,27840,330,1150,8108,568,1393,10.1,74.64613,81469,51.65154844173857
2025-11-01 15:00:00,82928,13181,30436,27936,376,1159,7525,594,1345,8.6,78.38147,82552,52.835788351584455
2025-11-01 14:00:00,83292,12879,31089,27950,570,1171,5600,1094,2012,6.8,82.91849,82365,53.38189765070115
2025-11-01 13:00:00,83758,13480,31681,27960,645,1193,1379,2197,2388,5.0,87.210625,80923,55.80737244046809
2025-11-01 12:00:00,82224,13411,30757,27962,678,1180,31,2032,2614,3.6,90.23896,78665,56.146952265937834
2025-11-01 11:00:00,79032,13306,30042,27963,713,1161,20,651,2749,4.1,90.59736,76605,56.58638470073755
2025-11-01 10:00:00,77299,13745,29490,27966,664,1144,20,399,2703,4.65,89.04945,76131,56.79026940405354
2025-11-01 09:00:00,76899,13764,29564,27954,338,1121,20,386,2720,5.35,86.02133,75867,57.11046963765537
2025-11-01 08:00:00,76453,13667,29249,27838,175,1136,20,390,2805,5.75,83.37391,75280,57.00850159404889
2025-11-01 07:00:00,76759,13763,29232,27762,164,1130,20,390,3102,4.55,85.937164,75563,56.89954078054073
2025-11-01 06:00:00,77005,13435,30301,27665,164,1137,20,417,3316,4.35,85.91601,76455,57.20489176639853
2025-11-01 05:00:00,78376,12728,31976,27566,173,1160,20,508,3782,5.65,80.17392,77913,57.376817732599186
2025-11-01 04:00:00,80084,12548,33321,27572,172,1184,20,629,4254,6.15,78.83694,79700,57.552070263488076
2025-11-01 03:00:00,82897,13385,34110,27547,174,1294,20,1243,4394,6.75,76.99952,82167,57.80301094113208
2025-11-01 02:00:00,85296,13391,35059,27494,640,1830,20,1891,4572,7.55,73.41481,84897,57.069154387080815
2025-11-01 01:00:00,87053,12995,34899,27444,712,1859,20,2752,5182,8.6,67.87893,85863,55.77955580401337
2025-11-01 00:00:00,87560,12620,34572,27342,692,1855,28,3035,5687,9.55,62.773884,85831,54.98246554275262
2025-10-31 23:00:00,87548,12333,34443,27326,746,1856,127,2851,5874,9.8,59.153816,85556,54.67296273785591
2025-10-31 22:00:00,86903,11458,32959,27314,573,1798,2246,2322,6015,10.75,56.11484,84685,52.449666410816555
2025-10-31 21:00:00,86047,11000,30922,27275,170,1756,5884,1154,6222,11.85,52.17273,84383,49.68062287427563
2025-10-31 20:00:00,85698,10918,30412,27281,171,1486,7486,580,5862,12.15,49.185085,84196,49.08784265285762
2025-10-31 19:00:00,85801,10880,30732,27271,171,1465,8057,361,5550,11.8,54.621914,84487,49.252547729236454
2025-10-31 18:00:00,86845,10933,31624,27267,173,1467,7947,346,5307,11.5,56.50859,85064,50.029389636038744
2025-10-31 17:00:00,87505,11527,32059,27265,172,1469,8548,345,4649,11.15,60.120396,86034,50.66136643652509
2025-10-31 16:00:00,87951,11842,33381,27279,175,1529,8606,344,3949,10.6,62.79807,87105,51.91780035589232
2025-10-31 15:00:00,88727,11811,33974,27294,264,1543,8195,408,4290,9.15,74.740135,87779,52.159400312147554
2025-10-31 14:00:00,90133,12269,34658,27307,714,1530,5853,1230,5511,7.45,80.99456,89072,52.6843452487875
2025-10-31 13:00:00,91516,13177,36622,27316,1054,1546,1375,2684,6058,6.05,85.49146,89832,55.435702199661584
2025-10-31 12:00:00,90708,12292,35938,27307,1104,1562,23,2877,6363,5.35,87.24437,87466,55.14142638282304
2025-10-31 11:00:00,85739,11388,33256,27293,1015,1532,14,2097,6331,4.9,86.58559,82926,53.83595012420712
2025-10-31 10:00:00,79437,11054,30910,27277,668,1241,14,544,6222,4.6,88.7306,77930,53.84832542024894
2025-10-31 09:00:00,77204,10654,31218,27163,179,1192,14,367,6044,4.35,89.65778,76831,54.498835105621424
2025-10-31 08:00:00,76543,10477,31135,27163,178,1197,14,367,5864,4.45,89.665726,76395,54.46953334642319
2025-10-31 07:00:00,76935,10630,31323,27160,176,1191,14,370,5750,4.85,90.01445,76614,54.758921345968105
2025-10-31 06:00:00,77634,11281,31938,27165,175,1190,14,369,5460,5.35,89.73672,77592,55.70032993092071
2025-10-31 05:00:00,79435,12090,33726,27155,175,1189,14,368,5428,6.0,85.18592,80145,57.16638592551001
2025-10-31 04:00:00,81835,12662,35429,27145,175,1377,14,376,5385,6.35,84.03591,82563,58.24764119520851
2025-10-31 03:00:00,84776,13379,37609,27141,239,1663,14,559,4798,6.6,87.363846,85402,59.70351982389172
2025-10-31 02:00:00,88383,13324,39028,27128,830,2360,14,1217,4878,7.05,87.40645,88779,58.968900302999586
2025-10-31 01:00:00,91091,13574,40265,27115,923,2536,14,1957,4677,7.95,81.629555,91061,59.12410362284623
2025-10-31 00:00:00,92562,13779,40256,27098,911,2732,14,2933,4383,8.2,81.66272,92106,58.66610209975464
2025-10-30 23:00:00,92401,13459,39631,27081,933,2586,157,2910,4406,8.2,83.09223,91163,58.236345885940565
2025-10-30 22:00:00,90312,12497,37271,27079,771,2363,1837,1916,5126,8.45,85.45236,88860,56.00720234076074
2025-10-30 21:00:00,89122,11973,35260,27069,263,2309,4332,656,5543,8.85,86.08488,87405,54.03924260625822
2025-10-30 20:00:00,89072,12151,35477,27070,262,2329,5108,271,5263,9.35,87.02438,87931,54.16519771184224
2025-10-30 19:00:00,90197,12460,35671,27081,265,2390,5480,257,4650,9.55,88.84181,88254,54.53690484283998
2025-10-30 18:00:00,91187,12720,36441,27097,263,2457,5353,321,4403,9.2,90.648,89055,55.20296446016507
2025-10-30 17:00:00,91798,13167,36485,27101,266,2553,4607,391,4402,9.1,91.57184,88972,55.80632108978105
2025-10-30 16:00:00,92129,14314,37562,27116,289,2769,3670,296,3704,8.7,93.43889,89720,57.81988408381632
2025-10-30 15:00:00,92205,14672,39278,27134,539,2849,2457,559,3724,8.25,96.32992,91212,59.14791913344736
2025-10-30 14:00:00,92281,14454,38957,27134,844,2563,1104,1458,5167,8.1,96.984665,91681,58.25743610999008
2025-10-30 13:00:00,91685,14127,37977,27151,814,2452,226,2537,5641,7.95,96.98112,90925,57.30437173494638
2025-10-30 12:00:00,90156,13533,37127,27160,764,2434,11,2754,5730,7.65,95.983444,89513,56.59513143342308
2025-10-30 11:00:00,85284,12272,33931,27170,706,2254,8,1745,6393,7.9,96.6494,84479,54.69169852862842
2025-10-30 10:00:00,79144,11867,31516,27178,473,1734,10,352,6681,7.8,95.98815,79811,54.35716881131674
2025-10-30 09:00:00,76946,11197,31674,27183,175,1617,11,248,6513,7.75,94.03377,78618,54.53076903508103
2025-10-30 08:00:00,76163,10795,31250,27183,173,1628,11,247,6412,7.7,95.0038,77699,54.11266554267108
2025-10-30 07:00:00,76472,10894,31281,27178,175,1629,11,241,6651,7.85,92.43911,78060,54.02895208813733
2025-10-30 06:00:00,77805,11062,31782,27169,175,1639,11,234,6971,7.7,94.6787,79043,54.20340827144719
2025-10-30 05:00:00,79846,11632,32306,27162,175,1643,11,231,7323,8.1,94.69521,80483,54.592895394058374
2025-10-30 04:00:00,82243,12819,33780,27166,175,1779,11,231,7422,8.15,94.05221,83383,55.88549224662101
2025-10-30 03:00:00,85377,13524,36309,27157,177,2029,11,496,7706,8.1,94.0499,87409,57.01129174341315
2025-10-30 02:00:00,89338,13381,37246,27153,913,2722,11,1392,8018,8.25,93.097206,90836,55.73451054647936
2025-10-30 01:00:00,92419,13437,38318,27149,1118,2799,11,1852,8173,8.6,88.155,92857,55.736239594214766
2025-10-30 00:00:00,94202,13286,38854,27147,1244,2807,11,2434,8329,8.6,85.46845,94112,55.402074124447466
2025-10-29 23:00:00,94216,13181,38179,27135,1200,2639,53,2563,8635,8.9,82.60632,93585,54.88058983811508
2025-10-29 22:00:00,92048,13207,36861,27134,724,2419,597,1806,8653,9.45,76.89761,91401,54.77839410947364
2025-10-29 21:00:00,90157,12922,35924,27130,181,2419,1441,947,8531,9.3,77.67703,89495,54.579585451701206
2025-10-29 20:00:00,88913,12570,34791,27128,175,2471,2223,490,8221,9.3,80.40968,88069,53.77715200581362
2025-10-29 19:00:00,88977,12680,34145,27133,179,2446,3072,265,8256,9.0,81.48641,88176,53.10401923425876
2025-10-29 18:00:00,89679,12844,33998,27144,175,2477,3707,270,8061,8.55,82.276886,88676,52.82376291217466
2025-10-29 17:00:00,90135,13176,33303,27144,322,2458,4103,272,7814,8.3,78.06271,88592,52.46410511107098
2025-10-29 16:00:00,90916,13554,34398,27152,229,2650,3799,243,7418,7.75,77.16108,89443,53.6117974575987
2025-10-29 15:00:00,91187,13490,35747,27171,188,2656,3405,636,7132,7.55,73.41481,90425,54.45064970970418
2025-10-29 14:00:00,92356,13465,37867,27173,695,2718,1951,1028,7106,6.75,72.7483,92003,55.79383280979968
2025-10-29 13:00:00,93174,13162,38991,27173,762,2627,365,2164,7419,5.85,72.57924,92663,56.282442830471716
2025-10-29 12:00:00,92374,12166,38079,27178,765,2570,9,2587,7298,5.35,73.00856,90652,55.42624542205357
2025-10-29 11:00:00,87521,11180,34553,27181,710,2410,8,1697,7210,5.3,72.21444,84949,53.83583091031089
2025-10-29 10:00:00,81214,10821,31976,27181,396,1739,8,370,7043,5.3,70.412285,79534,53.80969145271205
2025-10-29 09:00:00,78534,10693,31358,27177,177,1611,8,244,6758,5.5,67.703804,78026,53.893573936892835
2025-10-29 08:00:00,77418,10607,31018,27169,176,1626,8,249,6688,5.85,65.8434,77541,53.6812782914845
2025-10-29 07:00:00,77740,10564,31229,27166,176,1660,8,254,6994,6.5,64.34032,78051,53.54575854249145
2025-10-29 06:00:00,78500,10903,31624,27155,174,1690,8,258,6956,7.25,61.781086,78768,53.9901990656104
2025-10-29 05:00:00,80321,11883,31807,27140,173,1779,8,258,6978,8.3,58.144722,80026,54.59475670407118
2025-10-29 04:00:00,83231,12901,33586,27143,173,1889,8,259,6402,8.0,57.44084,82361,56.44297665157052
2025-10-29 03:00:00,85921,13324,36210,27135,249,2119,8,274,5694,8.65,56.374287,85013,58.26638278851469
2025-10-29 02:00:00,89564,13968,38031,27126,1068,2740,8,857,5033,9.15,56.91246,88831,58.53699721943916
2025-10-29 01:00:00,92567,14179,39756,27124,1500,2775,8,2006,4212,9.55,57.63155,91560,58.90672782874618
2025-10-29 00:00:00,94022,14023,40855,27326,1648,2640,15,2696,3737,10.2,56.171925,92940,59.0466967936303
2025-10-28 23:00:00,93359,13168,38727,28370,1597,2580,130,2577,3957,10.9,57.362076,91106,56.961122209294665
2025-10-28 22:00:00,90911,12372,35964,28370,989,2440,2026,2133,4280,12.65,53.699535,88574,54.57131889719331
2025-10-28 21:00:00,89623,12890,33892,28356,319,2463,3967,1161,4422,13.8,49.294632,87470,53.48348005030296
2025-10-28 20:00:00,88745,13141,33436,28363,171,2675,4900,471,3877,14.05,49.190365,87034,53.5158673621803
2025-10-28 19:00:00,89179,13197,33469,28371,177,2830,5617,231,3659,13.95,49.684982,87551,53.30150426608491
2025-10-28 18:00:00,89617,13418,33296,28387,178,2920,5940,234,3661,13.4,51.6749,88034,53.06358906786014
2025-10-28 17:00:00,89467,13233,33537,28392,183,2757,5789,228,3413,12.35,54.38201,87532,53.43188776675959
2025-10-28 16:00:00,89855,13257,34626,28373,225,2559,5812,227,3434,11.2,56.231598,88513,54.09713827347395
2025-10-28 15:00:00,90554,13238,35706,28352,476,2703,5215,529,3792,9.85,59.588844,90011,54.37557631844997
2025-10-28 14:00:00,92258,13027,36889,28359,1280,2797,3231,1492,4487,8.25,65.436455,91562,54.51606561674057
2025-10-28 13:00:00,93925,13038,38015,28356,1457,2852,593,2371,5385,6.65,68.43935,92067,55.45200777694505
2025-10-28 12:00:00,93398,12634,36765,28345,1431,2668,9,2433,5814,6.2,70.33943,90099,54.82746756345798
2025-10-28 11:00:00,88181,11682,33185,28329,1174,2473,8,1954,5688,6.9,69.97778,84493,53.101440356005824
2025-10-28 10:00:00,81251,11179,30662,28321,751,1821,8,857,5779,7.1,70.77097,79378,52.71107863639799
2025-10-28 09:00:00,77872,11123,29747,28293,176,1661,8,302,5928,7.35,71.325485,77238,52.91436857505373
2025-10-28 08:00:00,77085,11026,29263,28244,172,1670,8,260,6130,7.65,71.13116,76773,52.47808474333424
2025-10-28 07:00:00,77348,11058,29065,28209,171,1686,8,234,6746,8.05,69.71337,77177,51.988286665716466
2025-10-28 06:00:00,78289,11179,29397,28160,170,1718,8,223,7332,8.45,67.12956,78187,51.89609525880261
2025-10-28 05:00:00,80035,11584,29986,28127,170,1813,8,222,7423,9.25,65.6591,79333,52.39937982932701
2025-10-28 04:00:00,81801,12116,31103,28108,171,2019,8,221,7505,9.95,62.645855,81251,53.19196071432967
2025-10-28 03:00:00,84791,12289,33571,28093,420,2262,8,602,7475,10.4,61.65519,84720,54.13125590179415
2025-10-28 02:00:00,88642,12804,34966,28081,1245,2981,8,1560,7311,10.8,61.533688,88956,53.700705966994924
2025-10-28 01:00:00,91444,13055,36721,28067,1311,3082,8,2185,7060,10.95,62.22154,91489,54.40654067702128
2025-10-28 00:00:00,93018,12962,36789,28057,1251,3021,8,2807,6720,11.15,61.617153,91615,54.304426131092065
2025-10-27 23:00:00,91970,12468,36454,28049,1309,2868,148,2740,6132,12.15,62.503036,90168,54.25649897968236
2025-10-27 22:00:00,89210,11450,34567,28037,722,2456,1699,2119,6195,13.75,58.081688,87245,52.74456988939195
2025-10-27 21:00:00,86796,11360,33352,28019,171,2492,3980,602,5794,15.1,52.496616,85770,52.130115424973766
2025-10-27 20:00:00,85481,10799,32453,28029,171,2524,5466,277,5351,15.35,50.595196,85070,50.84283531209592
2025-10-27 19:00:00,85878,10288,32048,28040,172,2596,6311,272,5508,15.05,51.57962,85235,49.66973661054731
2025-10-27 18:00:00,86510,10247,31997,28033,175,2562,6297,273,5814,14.25,54.122772,85398,49.467200637017264
2025-10-27 17:00:00,87269,10803,32580,28022,177,2689,6642,235,5621,13.05,59.127613,86769,49.998271271998064
2025-10-27 16:00:00,88507,10871,34287,28007,240,2796,6808,222,4770,11.35,62.97269,88001,51.31532596220497
2025-10-27 15:00:00,89032,11095,34946,27969,597,2779,6566,251,4366,8.9,68.18244,88569,51.98319953934221
2025-10-27 14:00:00,91184,11873,36353,27913,1095,2921,4456,928,5486,6.7,72.48021,91025,52.98104916231804
2025-10-27 13:00:00,93823,12398,37892,27918,1338,2888,1011,2466,5918,4.85,75.32116,91829,54.76483463829509
2025-10-27 12:00:00,92920,11628,37198,27890,1415,2642,14,2868,5823,4.1,76.56349,89478,54.56760320972754
2025-10-27 11:00:00,87596,10371,33170,27871,1375,2482,10,2123,6141,4.35,75.23412,83543,52.118070933531236
2025-10-27 10:00:00,80460,10239,30941,27848,750,1897,10,761,6146,4.9,73.188255,78592,52.39719055374593
2025-10-27 09:00:00,76937,9900,29824,27815,180,1685,10,255,6081,5.4,71.199356,75750,52.44092409240923
2025-10-27 08:00:00,75743,9585,29503,27789,180,1653,10,203,6216,5.95,69.53417,75139,52.020921225994485
2025-10-27 07:00:00,75594,9436,29546,27752,179,1664,10,213,6419,6.25,69.097046,75219,51.824671957882984
2025-10-27 06:00:00,75699,9459,29544,27738,178,1651,10,221,6362,6.55,68.911385,75163,51.89122307518327
2025-10-27 05:00:00,76805,10187,29477,27830,176,1799,10,229,6629,6.85,73.02633,76337,51.95907620157983
2025-10-27 04:00:00,78577,10663,30292,27923,175,2080,10,452,6608,7.45,71.59856,78203,52.37011367850338
2025-10-27 03:00:00,81445,11502,31688,27994,242,2262,10,923,6478,8.0,70.69754,81099,53.25589711340461
2025-10-27 02:00:00,83970,11616,32763,28166,1031,2831,10,1282,5974,8.55,69.3233,83673,53.03861460686243
2025-10-27 01:00:00,85883,11167,33986,28380,1045,2688,10,1897,5821,8.95,68.91777,84994,53.12492646539756
2025-10-27 00:00:00,86890,10631,35512,28372,994,2661,10,2509,5070,9.65,66.9146,85759,53.80543149990088
2025-10-26 23:00:00,84758,9737,34963,28345,1064,2633,202,2304,4019,10.8,62.844738,83267,53.682731454237576
2025-10-26 22:00:00,81545,9078,32038,28322,777,2291,2813,792,4370,12.75,57.028355,80481,51.08783439569587
2025-10-26 21:00:00,79649,8578,29286,28297,173,2175,5766,371,4721,14.1,49.20422,79367,47.70748547885141
2025-10-26 20:00:00,78252,8331,27750,28279,173,1681,7241,338,4534,14.4,47.415295,78327,46.06457543375848
2025-10-26 19:00:00,78170,8416,26951,28266,174,1599,7966,285,4684,14.35,47.23419,78341,45.14494326087234
2025-10-26 18:00:00,78085,8472,26001,28251,175,1608,8448,246,4807,13.95,47.45636,78008,44.191621372166956
2025-10-26 17:00:00,78533,8783,26034,28255,177,1598,8137,241,4772,13.35,48.649807,77997,44.63889636780902
2025-10-26 16:00:00,79463,9803,26900,28251,176,1612,7248,230,3998,12.15,57.88226,78218,46.923981692193614
2025-10-26 15:00:00,80998,11025,29809,28263,176,1733,5496,219,3208,10.05,68.90206,79929,51.087840458406845
2025-10-26 14:00:00,80916,11488,31041,28277,175,1776,2956,382,3309,7.95,74.26825,79404,53.560274041609986
2025-10-26 13:00:00,80400,10845,31094,28260,176,1779,737,1357,3340,5.9,77.686295,77588,54.05346187554777
2025-10-26 12:00:00,78517,10231,30056,28260,175,1711,17,1727,3135,4.45,82.326195,75312,53.49346717654557
2025-10-26 11:00:00,75724,10326,29002,28263,175,1687,8,1179,2582,4.7,79.18149,73222,53.71063341618639
2025-10-26 10:00:00,73946,10579,28594,28251,173,1756,8,262,2263,4.8,78.631,71886,54.49322538463679
2025-10-26 09:00:00,73759,10520,29535,28240,173,1834,8,214,2215,4.8,79.1965,72739,55.06674548729017
2025-10-26 08:00:00,73608,10419,29600,28172,172,1867,8,217,2414,4.85,79.488014,72869,54.91910140114452
2025-10-26 07:00:00,73977,10379,29205,28095,170,1923,8,309,2763,4.95,79.78757,72852,54.334815790918576
2025-10-26 06:00:00,74917,10854,29309,27993,170,2096,8,428,3086,5.7,79.61343,73944,54.315427891377254
2025-10-26 05:00:00,75981,11710,30034,27916,170,2318,8,429,3267,6.05,79.10189,75852,55.03348626272214
2025-10-26 04:00:00,78053,11955,31983,27828,169,2390,8,429,3268,6.3,80.266815,78030,56.30911188004614
2025-10-26 03:00:00,80177,12169,33473,27773,170,2469,8,543,3285,7.55,78.49509,79890,57.13105520090124
2025-10-26 02:00:00,82116,12233,33939,27724,663,2512,8,1486,2963,7.6,78.227875,81528,56.63330389559415
2025-10-26 01:00:00,83563,12068,34459,27678,701,2425,8,2227,2439,7.45,78.479805,82005,56.73678434241815
2025-10-26 00:00:00,84586,12064,35357,27626,700,2403,8,2693,1974,8.45,73.06371,82825,57.2544521581648
2025-10-25 23:00:00,83775,11859,35238,27605,716,2256,116,2461,1526,9.55,66.42386,81777,57.59198796727686
2025-10-25 22:00:00,81730,11558,33596,27600,540,2098,1590,1678,1159,11.35,63.858234,79819,56.570490735288594
2025-10-25 21:00:00,80985,10989,32667,27588,172,1915,3999,1129,1094,11.95,52.94662,79553,54.876623131748644
2025-10-25 20:00:00,80021,10607,31288,27578,172,1753,5922,517,1040,11.9,54.841866,78877,53.11434258402322
2025-10-25 19:00:00,79646,10575,30258,27562,173,1736,7032,289,851,12.0,57.037113,78476,52.03246852540904
2025-10-25 18:00:00,80366,10802,30658,27543,173,1781,7175,198,777,11.15,61.83364,79107,52.41002692555653
2025-10-25 17:00:00,80762,10898,29969,27488,202,1909,7378,194,861,9.55,71.00116,78899,51.79660071737284
2025-10-25 16:00:00,82405,12093,31086,27420,212,2103,7176,191,904,8.9,73.40273,81185,53.18593336207428
2025-10-25 15:00:00,84442,12515,33147,27377,268,2214,6941,190,1017,6.5,80.579,83669,54.574573617468836
2025-10-25 14:00:00,84640,12601,33574,27346,570,2205,5194,606,1535,4.85,84.15652,83631,55.21277995001853
2025-10-25 13:00:00,85619,12575,34425,27302,614,2311,1587,2408,2069,3.05,87.33339,83291,56.428665762207196
2025-10-25 12:00:00,83982,12061,33174,27245,636,2161,39,2322,2687,2.0,89.46874,80325,56.31497043261749
2025-10-25 11:00:00,80634,11137,31199,27195,653,2044,8,1876,2865,1.9,91.090836,76977,54.9982462293932
2025-10-25 10:00:00,77996,11457,30608,27109,427,2219,8,508,3202,1.75,90.42443,75538,55.687203791469194
2025-10-25 09:00:00,77590,11301,31638,27034,174,2450,8,214,3472,1.9,88.81576,76291,56.28317888086406
2025-10-25 08:00:00,77542,11283,31257,26964,175,2458,8,205,3522,2.25,86.6269,75872,56.06811471952763
2025-10-25 07:00:00,77520,11959,31302,26881,173,2488,8,184,3121,2.75,85.12829,76116,56.835619317883236
2025-10-25 06:00:00,77732,12237,31598,26844,172,2514,8,185,2848,3.4,83.38211,76406,57.37114886265476
2025-10-25 05:00:00,79180,12713,33757,26796,171,2505,8,192,2507,4.5,78.867676,78649,59.08530305534717
2025-10-25 04:00:00,81122,13101,36169,26730,170,2392,8,243,1823,5.1,77.83702,80636,61.10174115779553
2025-10-25 03:00:00,83815,13230,38442,26707,205,2347,40,963,1573,5.65,76.81992,83507,61.87744739961919
2025-10-25 02:00:00,86431,13232,38760,26692,1021,2479,63,2001,1144,6.6,74.02693,85392,60.886265692336515
2025-10-25 01:00:00,88256,13095,39401,26679,1175,2441,99,2579,782,7.3,71.062706,86251,60.864221864094326
2025-10-25 00:00:00,89413,12933,40270,26647,1171,2296,150,3115,620,8.4,65.46997,87202,61.011215339097724
2025-10-24 23:00:00,88547,12446,39119,26598,1173,2060,458,2895,679,9.1,65.625824,85428,60.36077164395749
2025-10-24 22:00:00,86520,11932,36628,26555,846,1880,3648,2305,744,11.15,59.488834,84538,57.441623885116755
2025-10-24 21:00:00,85309,11810,35053,26514,171,1769,7335,937,850,12.9,43.11361,84439,55.499236134961336
2025-10-24 20:00:00,85699,11805,35125,26471,171,1696,8439,279,968,13.35,38.23812,84954,55.241660192574805
2025-10-24 19:00:00,86192,11761,34973,26430,183,1647,8772,232,1101,12.6,43.49531,85099,54.91721406832043
2025-10-24 18:00:00,86785,11896,35470,26278,199,1632,8998,218,1089,11.65,47.65539,85780,55.21799953369084
2025-10-24 17:00:00,87605,12053,35922,26238,173,1672,9432,224,1119,11.4,50.0416,86833,55.24973224465353
2025-10-24 16:00:00,88931,12177,36477,26218,176,1567,9917,228,1125,10.65,56.48943,87885,55.36098310291858
2025-10-24 15:00:00,89604,12788,36969,26195,246,1544,9835,249,1021,8.25,74.582794,88847,56.003016421488624
2025-10-24 14:00:00,91019,13253,39479,26161,445,1752,7109,883,1178,5.75,81.91226,90260,58.42233547529359
2025-10-24 13:00:00,93564,13247,42350,26117,1345,1830,1978,2378,1613,3.85,88.03606,90858,61.19108939223844
2025-10-24 12:00:00,92961,12707,41532,26136,1475,1716,38,2965,1807,2.15,91.43679,88376,61.372997193808274
2025-10-24 11:00:00,87969,11775,37891,26143,1229,1629,8,2337,1691,2.8,87.30923,82703,60.05344425232458
2025-10-24 10:00:00,81550,11094,35593,26140,675,1615,8,1421,1396,3.15,85.788086,77942,59.89966898462959
2025-10-24 09:00:00,78447,11226,35923,26121,178,1769,8,374,1292,3.4,84.28714,76891,61.31927013564656
2025-10-24 08:00:00,77841,11206,35886,26062,171,1848,8,242,1280,3.55,83.10118,76703,61.395251815443984
2025-10-24 07:00:00,77745,11240,36007,25933,172,1683,8,240,1457,3.75,82.23477,76740,61.56763096168882
2025-10-24 06:00:00,78426,11463,36208,25916,171,1589,8,237,1765,4.1,80.23798,77357,61.62467520715643
2025-10-24 05:00:00,79693,12015,37400,26097,171,1583,8,281,2012,5.35,75.9503,79567,62.10489273191148
2025-10-24 04:00:00,82190,12543,38920,26105,170,1640,8,689,2035,6.2,71.1007,82110,62.675678967239065
2025-10-24 03:00:00,84597,12322,40612,26102,239,1620,8,1134,2091,7.2,68.06634,84128,62.920787371624186
2025-10-24 02:00:00,88166,12423,41801,26096,1107,1775,8,1988,2297,8.35,64.76305,87495,61.97382707583291
2025-10-24 01:00:00,90608,12389,42397,26094,1398,1790,14,2782,2430,8.8,65.095566,89294,61.35462629068022
2025-10-24 00:00:00,91636,11959,42062,26069,1389,1764,18,3189,2922,9.15,62.45738,89372,60.44510584970685
2025-10-23 23:00:00,90149,11237,40164,25940,1378,1594,407,3041,4189,9.3,59.452312,87950,58.44343376918704
2025-10-23 22:00:00,87843,10893,36042,25829,986,1501,3544,2659,5414,10.65,54.706543,86868,54.0302527973477
2025-10-23 21:00:00,86146,11285,33714,25767,446,1323,7518,1179,5294,11.3,51.468163,86526,52.006333356447776
2025-10-23 20:00:00,85897,11792,33826,25757,468,1311,7870,854,5129,11.25,51.087337,87007,52.43026423161354
2025-10-23 19:00:00,86079,12039,33957,25662,443,1363,8061,406,5086,11.2,53.884827,87017,52.85863681809302
2025-10-23 18:00:00,86593,12158,34096,25565,461,1352,8074,232,5417,11.1,55.216743,87355,52.94945910365749
2025-10-23 17:00:00,86982,12460,33698,25570,565,1363,8704,232,5035,10.9,57.769917,87627,52.67554520866856
2025-10-23 16:00:00,87501,12838,34606,25579,523,1417,9261,233,3423,10.1,64.24669,87880,53.98725534820209
2025-10-23 15:00:00,88141,13056,35540,25589,450,1633,9389,240,2985,8.9,69.8848,88882,54.67473729214014
2025-10-23 14:00:00,89009,13516,36776,25588,665,1856,6831,859,4150,7.4,74.17031,90241,55.73076539488703
2025-10-23 13:00:00,90889,13716,38913,25594,1343,1865,1931,2341,4916,6.55,76.96702,90619,58.07722442313422
2025-10-23 12:00:00,90434,13221,38284,25593,1381,1675,44,3054,4854,6.15,77.17565,88106,58.45799378021928
2025-10-23 11:00:00,85467,12281,35437,25594,1327,1520,8,2286,4894,4.65,81.76606,83347,57.252210637455455
2025-10-23 10:00:00,78692,11641,33388,25600,376,1368,8,688,4909,4.8,82.07841,77978,57.74577444920362
2025-10-23 09:00:00,75804,11602,32312,25593,178,1345,8,230,4706,5.25,80.97715,75974,57.801353094479694
2025-10-23 08:00:00,75385,11723,32566,25591,179,1391,8,217,4750,6.15,78.55788,76425,57.95093228655544
2025-10-23 07:00:00,75820,11849,32695,25586,178,1424,8,213,4840,6.6,77.24825,76793,58.0052869402159
2025-10-23 06:00:00,76892,12066,33043,25585,178,1567,8,212,4870,6.6,77.52222,77529,58.18338944137032
2025-10-23 05:00:00,78830,12513,33630,25581,177,1791,8,213,4997,7.4,71.3352,78910,58.47547839310607
2025-10-23 04:00:00,80513,12912,34543,25571,219,1890,8,330,5095,7.5,71.60821,80568,58.90055605203058
2025-10-23 03:00:00,83156,13108,36144,25563,402,1888,8,736,5494,8.15,70.47757,83343,59.095544916789656
2025-10-23 02:00:00,87296,13183,38461,25553,1345,2036,8,1607,5535,8.3,69.02751,87728,58.86832026262995
2025-10-23 01:00:00,90333,12941,39382,25555,1847,2138,8,2638,5407,7.9,70.427925,89916,58.190978246363265
2025-10-23 00:00:00,91931,12867,40064,25559,1654,2224,17,3185,5691,7.95,69.446434,91261,57.99958361183857
2025-10-22 23:00:00,91170,12253,38408,25553,1409,2113,164,3293,6695,8.5,67.37872,89888,56.360137059451766
2025-10-22 22:00:00,89230,11557,35416,25548,1023,1892,2166,2336,7662,8.7,66.9459,87600,53.62214611872146
2025-10-22 21:00:00,87577,11537,32742,25548,345,1885,4894,1483,8214,8.95,65.82523,86648,51.10216046533099
2025-10-22 20:00:00,86717,11534,31820,25548,344,1982,6523,351,8309,8.9,66.047676,86411,50.17185312055178
2025-10-22 19:00:00,87253,11729,32156,25550,352,2138,6428,215,8441,9.5,62.98501,87009,50.437311082761546
2025-10-22 18:00:00,87379,11592,32521,25540,399,2086,6597,219,8450,8.95,64.89872,87404,50.4702301954144
2025-10-22 17:00:00,86927,11417,32395,25541,396,1965,6654,223,8504,9.65,61.25777,87095,50.3036913714909
2025-10-22 16:00:00,86743,11503,32909,25541,349,1739,6804,227,8648,9.25,61.598366,87720,50.62927496580028
2025-10-22 15:00:00,86168,11694,31988,25548,354,1613,7241,277,8441,9.35,61.622345,87156,50.11932626554684
2025-10-22 14:00:00,86511,12378,32843,25579,354,1737,5597,1243,8072,8.6,66.924286,87803,51.50279603202625
2025-10-22 13:00:00,87356,12662,34519,25582,362,1810,1796,2639,8027,8.5,67.14033,87397,53.984690550018875
2025-10-22 12:00:00,86884,12244,34174,25577,275,1722,40,2960,7957,8.1,71.21883,84949,54.642197082955654
2025-10-22 11:00:00,81968,10896,31445,25578,177,1584,8,2048,7901,7.5,72.63051,79637,53.167497519996985
2025-10-22 10:00:00,75763,9900,29243,25575,177,1441,8,624,7840,7.8,69.41582,74808,52.324617687947814
2025-10-22 09:00:00,73692,9246,28300,25572,175,1404,8,270,7870,8.2,66.36391,72845,51.54231587617544
2025-10-22 08:00:00,72968,9579,27917,25569,173,1496,8,233,7905,8.65,65.7588,72880,51.448957189901215
2025-10-22 07:00:00,73710,10019,28718,25552,171,1672,8,224,8023,9.05,67.496124,74387,52.07495933429228
2025-10-22 06:00:00,74620,10410,29409,25552,169,1836,8,231,7999,9.6,68.56879,75614,52.660882905282094
2025-10-22 05:00:00,76064,10806,29883,25541,169,2020,8,220,8232,9.65,63.692375,76879,52.92602661324939
2025-10-22 04:00:00,79011,11173,32573,25535,168,2052,8,207,8010,9.5,62.09776,79726,54.87043122695231
2025-10-22 03:00:00,82042,11513,34847,25528,306,2069,9,635,7818,10.2,60.742027,82725,56.04110003022061
2025-10-22 02:00:00,86202,12001,35667,25693,1367,2279,10,1929,7971,10.9,63.978912,86917,54.84312620085829
2025-10-22 01:00:00,89361,12459,36182,26187,1414,2404,10,2963,7990,10.75,76.05484,89609,54.281377986586165
2025-10-22 00:00:00,91338,12839,36525,26168,1499,2417,10,3402,7924,11.45,74.62361,90784,54.37522030313712
2025-10-21 23:00:00,90169,11900,35882,26068,1548,2366,288,3571,7770,12.2,67.457504,89393,53.451612542369084
2025-10-21 22:00:00,88351,10468,34313,26028,1285,2400,2703,2899,7550,12.0,70.257256,87646,51.093033338657776
2025-10-21 21:00:00,86571,10036,32036,26062,365,2389,7060,1418,7111,16.35,44.41724,86477,48.65108641604126
2025-10-21 20:00:00,85081,9820,29846,26140,338,2246,8777,533,7687,16.75,41.808178,85387,46.45437830114654
2025-10-21 19:00:00,85293,10068,29611,26150,344,2013,9364,319,7746,16.8,44.54524,85615,46.34585061029025
2025-10-21 18:00:00,86130,10175,29939,26158,348,1806,9734,287,7367,16.5,48.00177,85814,46.74528631691798
2025-10-21 17:00:00,85675,10213,29588,26172,351,1590,9729,246,7500,15.55,52.435097,85389,46.611390225907314
2025-10-21 16:00:00,85955,10370,29861,26192,349,1631,10281,247,6879,14.9,57.96836,85810,46.88381307539914
2025-10-21 15:00:00,85854,10455,30082,26200,268,1707,10268,295,6032,13.95,68.51717,85307,47.51896092934929
2025-10-21 14:00:00,86672,11524,31082,26205,171,1928,7281,1420,5936,12.3,80.27993,85547,49.80420119934072
2025-10-21 13:00:00,88841,12448,34348,26220,173,2137,2075,2800,6297,10.55,80.58338,86498,54.10067284792712
2025-10-21 12:00:00,88971,12139,35059,26216,174,2018,103,3142,5972,9.5,79.33591,84823,55.64292703629911
2025-10-21 11:00:00,84089,11009,33008,26211,174,1720,72,2952,5569,9.55,76.11864,80715,54.53385368271078
2025-10-21 10:00:00,77282,10468,31014,26207,173,1588,72,853,5273,8.95,75.75453,75648,54.83555414551608
2025-10-21 09:00:00,74679,10242,29898,26205,174,1441,72,296,5543,8.55,74.63539,73871,54.33796753800544
2025-10-21 08:00:00,73999,10109,29268,26214,174,1429,72,275,5744,8.4,73.31161,73285,53.73132291737737
2025-10-21 07:00:00,74266,10295,29504,26210,176,1464,72,284,5711,8.25,74.060936,73716,53.98963589994031
2025-10-21 06:00:00,75092,10515,29117,26205,176,1595,72,280,6870,8.5,74.62663,74830,52.96271548844047
2025-10-21 05:00:00,76498,10909,29962,26159,232,1762,72,275,7469,9.25,72.19474,76840,53.18974492451848
2025-10-21 04:00:00,78094,11330,30901,26068,334,1844,72,371,7621,9.65,71.0206,78541,53.76936886466941
2025-10-21 03:00:00,81470,11941,32905,26050,333,1932,72,1261,7523,10.1,69.88059,82017,54.678908031261805
2025-10-21 02:00:00,85479,12606,34537,26042,722,2074,72,2263,7301,10.6,68.29798,85617,55.0626627889321
2025-10-21 01:00:00,88682,12855,36455,26036,909,2257,72,2821,6895,11.2,65.62941,88300,55.84371460928652
2025-10-21 00:00:00,90477,12727,37074,26032,852,2337,72,3250,6990,11.95,61.59195,89334,55.74697203752211
2025-10-20 23:00:00,89011,12012,35713,26008,1068,2291,666,3092,7305,12.6,60.68322,88155,54.13759854801202
2025-10-20 22:00:00,86876,10849,33074,25977,773,2005,4971,2626,6783,14.65,53.11004,87058,50.452571848652624
2025-10-20 21:00:00,84737,10190,30602,25941,224,1798,9422,1375,6845,15.8,43.641167,86397,47.214602358878196
2025-10-20 20:00:00,83661,10357,29476,25895,322,1923,10270,508,7194,15.95,41.724686,85945,46.34708243644191
2025-10-20 19:00:00,84328,10762,30255,25859,328,2005,9878,356,6708,15.7,42.247017,86151,47.610590707014424
2025-10-20 18:00:00,84681,10644,29994,25836,338,1839,9704,268,6580,15.25,44.57301,85203,47.69550367944791
2025-10-20 17:00:00,84926,10769,29803,25934,394,1814,9921,226,6752,14.35,49.795296,85613,47.38999918236716
2025-10-20 16:00:00,84998,11024,31373,25922,431,1851,10182,221,4987,12.95,63.341618,85991,49.30399692991127
2025-10-20 15:00:00,84926,10693,32307,25892,468,1741,10268,225,4357,11.0,69.57646,85951,50.0285046130935
2025-10-20 14:00:00,84682,11269,32425,25874,497,2039,7749,891,4784,9.0,75.49949,85528,51.08736320269386
2025-10-20 13:00:00,85499,11451,36015,25920,504,2199,2328,2198,4476,7.3,80.97396,85091,55.78263271086249
2025-10-20 12:00:00,84317,10685,36321,26056,330,2113,70,2594,4224,6.5,82.01097,82393,57.05096306725086
2025-10-20 11:00:00,79363,9580,34164,26072,175,1834,26,1968,3805,6.9,82.06331,77624,56.353705039678445
2025-10-20 10:00:00,73096,8885,31877,26064,175,1653,26,444,3926,7.7,79.62528,73050,55.800136892539356
2025-10-20 09:00:00,71157,8333,30666,26055,173,1595,26,236,4124,8.15,79.13688,71208,54.767722727783394
2025-10-20 08:00:00,70354,8308,29932,26042,171,1651,26,231,4632,8.2,80.534805,70993,53.864465510684155
2025-10-20 07:00:00,71063,8392,29874,26023,171,1782,26,230,5314,8.3,82.53047,71812,53.28635882582298
2025-10-20 06:00:00,72170,8924,29687,25992,171,2000,26,222,6027,8.45,85.158066,73049,52.85630193431806
2025-10-20 05:00:00,74187,9331,31255,25938,170,2114,26,215,6656,9.4,81.25933,75705,53.61072584373555
2025-10-20 04:00:00,75856,9724,31937,25914,169,2024,26,214,7099,9.7,84.13529,77107,54.03011399743214
2025-10-20 03:00:00,78496,10077,33430,25896,208,1909,26,468,7459,9.6,84.701614,79473,54.744378593987896
2025-10-20 02:00:00,81983,10581,34369,25886,652,1760,26,1735,7556,9.4,86.14129,82565,54.441954823472415
2025-10-20 01:00:00,85001,10800,35941,25881,784,1781,26,2847,7532,9.35,91.587845,85592,54.609075614543414
2025-10-20 00:00:00,86439,10827,35545,25868,756,1799,27,3278,7921,9.85,92.2416,86021,53.907766708129415
2025-10-19 23:00:00,85342,10314,33566,25832,282,1664,196,3038,8705,10.85,86.873634,83597,52.48992188714906
2025-10-19 22:00:00,83178,10425,31649,25810,208,1586,1198,2564,8913,11.85,87.261734,82353,51.089820650128104
2025-10-19 21:00:00,81197,10082,30589,25791,169,1584,3047,1338,9062,13.3,77.506805,81662,49.80407043667802
2025-10-19 20:00:00,79506,9552,28765,25769,169,1519,4495,595,9201,13.9,86.305176,80065,47.8573658902142
2025-10-19 19:00:00,79340,9478,28299,25750,169,1568,4950,624,9200,14.45,88.94846,80038,47.19883055548614
2025-10-19 18:00:00,79060,9486,29251,25735,170,1606,5069,329,8850,14.6,89.5445,80496,48.122888093818325
2025-10-19 17:00:00,78722,9136,28728,25730,171,1622,5560,327,8721,14.9,91.93197,79995,47.332958309894366
2025-10-19 16:00:00,77627,9106,28324,25750,171,1722,5633,296,7979,15.45,94.07026,78981,47.39114470568871
2025-10-19 15:00:00,76991,9109,28482,25750,172,1726,5201,211,7483,16.45,93.813446,78134,48.110937619986174
2025-10-19 14:00:00,75820,9166,28182,25758,170,1695,3945,225,7561,17.25,95.659294,76702,48.692341790305335
2025-10-19 13:00:00,74530,9256,28427,25751,171,1678,1502,215,8169,17.65,92.388374,75169,50.13103806090277
2025-10-19 12:00:00,73067,9144,27995,25721,171,1544,64,235,7843,18.55,88.70912,72717,51.07333910914916
2025-10-19 11:00:00,71561,8994,27599,25550,170,1522,8,267,7604,19.15,81.72066,71714,51.02629890955741
2025-10-19 10:00:00,70037,8871,27213,25471,169,1507,8,250,7493,20.45,74.19666,70982,50.835423065002395
2025-10-19 09:00:00,69283,9161,26460,25450,170,1574,8,232,7092,21.3,69.74464,70147,50.78050379916461
2025-10-19 08:00:00,69680,9871,27944,25429,169,1706,8,199,5439,21.3,69.29912,70765,53.43743375962693
2025-10-19 07:00:00,70582,10297,29025,25436,170,1800,8,178,4139,21.1,70.83213,71053,55.34178711665939
2025-10-19 06:00:00,71950,10745,30220,25434,171,1917,8,297,3346,21.0,70.13558,72138,56.78699159943442
2025-10-19 05:00:00,73098,11014,31356,25276,172,2059,8,542,2725,20.35,69.561226,73152,57.920494313210845
2025-10-19 04:00:00,75996,11567,33837,25416,181,2183,8,565,2901,20.0,71.773926,76658,59.229304182211905
2025-10-19 03:00:00,78854,11353,36353,25523,340,2057,8,652,3637,20.35,72.53346,79923,59.68995157839421
2025-10-19 02:00:00,81763,11540,38240,25508,910,2030,8,1440,3529,21.2,71.07779,83205,59.82813532840574
2025-10-19 01:00:00,84283,11403,38761,25497,1106,1967,8,2774,3439,21.95,69.20402,84955,59.047731151786245
2025-10-19 00:00:00,85944,11221,38507,25488,1260,1987,14,3050,3983,22.7,66.75324,85510,58.15460180095895
2025-10-18 23:00:00,85428,10612,38162,25482,1257,1939,254,2927,3938,23.0,66.180176,84571,57.672251717491804
2025-10-18 22:00:00,84311,9804,36265,25477,929,2043,2940,2211,4087,24.2,61.173355,83756,55.0038206218062
2025-10-18 21:00:00,82521,9682,34481,25485,303,2179,6444,787,3606,25.65,52.966957,82967,53.229597309773766
2025-10-18 20:00:00,81267,9871,32992,25493,171,2171,8252,302,3732,26.35,51.14454,82984,51.652125710980435
2025-10-18 19:00:00,81157,9534,31900,25507,172,1922,9230,314,3848,25.85,55.61971,82427,50.26750943258884
2025-10-18 18:00:00,80324,9341,31007,25518,172,1694,9286,328,3882,24.8,58.828026,81228,49.67252671492589
2025-10-18 17:00:00,79469,9237,30586,25536,173,1619,9111,307,3843,22.3,64.15598,80412,49.523702929910954
2025-10-18 16:00:00,79319,9504,31434,25562,173,1621,8704,253,3637,19.95,66.83046,80888,50.610720996934035
2025-10-18 15:00:00,78957,9386,30781,25583,172,1585,8115,383,3934,17.15,70.08072,79939,50.247063385831694
2025-10-18 14:00:00,79059,9917,30880,25604,170,1617,5730,911,4268,14.4,74.87647,79097,51.57844166023996
2025-10-18 13:00:00,78416,10697,31686,25523,171,1623,1747,1143,4676,11.95,75.477585,77266,54.853363704604874
2025-10-18 12:00:00,76681,10082,31456,25479,171,1623,66,1362,4786,10.55,76.283615,75025,55.365544818393865
2025-10-18 11:00:00,74167,9361,30277,25486,173,1605,17,612,5239,10.5,75.23236,72770,54.47024872887178
2025-10-18 10:00:00,72528,9250,30771,25487,174,1694,17,239,5310,10.75,74.758835,72942,54.866880535219764
2025-10-18 09:00:00,71736,9212,30563,25482,173,1792,17,156,5355,10.95,75.05071,72750,54.67353951890034
2025-10-18 08:00:00,71931,9276,30881,25478,172,1829,17,151,5697,11.05,73.78965,73501,54.634630821349376
2025-10-18 07:00:00,72217,9271,30822,25477,171,1770,17,151,5836,11.15,74.31611,73515,54.5371692851799
2025-10-18 06:00:00,73090,9473,30992,25477,170,1846,17,151,6005,11.85,71.68915,74131,54.585800812075924
2025-10-18 05:00:00,75342,10225,32178,25459,171,1934,17,151,6243,12.15,70.52806,76378,55.51729555631203
2025-10-18 04:00:00,77748,11226,33764,25472,171,1962,17,160,6172,12.95,68.54629,78944,56.989764896635585
2025-10-18 03:00:00,80180,12013,35434,25471,412,2216,17,407,5983,13.65,65.71281,81953,57.89537905872878
2025-10-18 02:00:00,83273,12318,36865,25462,635,2593,17,1142,5674,14.1,64.91987,84706,58.063183245578834
2025-10-18 01:00:00,85529,12574,38615,25454,654,2616,19,1978,4884,14.85,62.06087,86794,58.97757909532917
2025-10-18 00:00:00,87037,12472,39988,25446,630,2598,23,3068,3830,15.2,60.267017,88055,59.57640111294078
2025-10-17 23:00:00,86560,11935,39845,25439,556,2622,291,3181,3437,15.7,61.42021,87306,59.308638581540784
2025-10-17 22:00:00,85465,11153,37666,25434,301,2681,3126,2656,3704,17.1,55.615627,86721,56.29432317431764
2025-10-17 21:00:00,84031,11751,34881,25437,173,2641,6850,1188,3731,18.25,46.530567,86652,53.81526104417671
2025-10-17 20:00:00,83569,11657,33910,25439,248,2364,8775,308,4081,18.65,44.298904,86782,52.507432416860645
2025-10-17 19:00:00,83759,11426,32388,25444,252,2247,9919,310,4282,18.35,45.607834,86268,50.78824129457041
2025-10-17 18:00:00,84250,11781,32820,25440,254,2362,9874,280,4048,17.4,48.08496,86859,51.34873760922874
2025-10-17 17:00:00,84340,11948,32591,25458,330,2206,10231,293,3481,15.55,56.173744,86538,51.467563382560265
2025-10-17 16:00:00,84496,12147,32471,25495,324,2116,10511,354,3170,13.35,62.78178,86588,51.529080242065874
2025-10-17 15:00:00,85061,12054,33718,25515,287,1992,10480,298,3112,10.85,68.34983,87456,52.33717526527625
2025-10-17 14:00:00,86423,12407,35459,25527,647,1976,8120,650,3554,8.4,74.34799,88340,54.1838351822504
2025-10-17 13:00:00,87988,12925,38103,25533,671,2128,2775,2064,4205,6.35,81.1286,88404,57.72137007375232
2025-10-17 12:00:00,87580,12537,37657,25530,670,2040,84,2704,4456,5.3,83.31864,85678,58.58446742454305
2025-10-17 11:00:00,82945,11374,35158,25533,670,1818,8,2342,4393,5.35,83.029854,81296,57.237748474709704
2025-10-17 10:00:00,76262,10634,33079,25537,537,1722,8,561,4487,5.65,81.32038,76565,57.09266636191471
2025-10-17 09:00:00,73431,10184,31536,25532,174,1762,8,198,4795,5.95,79.08689,74189,56.23475178260928
2025-10-17 08:00:00,73753,10406,31692,25526,173,1926,8,187,4886,6.15,77.72593,74804,56.27773915833379
2025-10-17 07:00:00,73905,10861,31547,25529,173,2043,8,189,4829,6.55,75.61387,75179,56.40936963779779
2025-10-17 06:00:00,74786,11496,32369,25493,172,2116,8,199,4803,7.4,73.38738,76656,57.22317887706115
2025-10-17 05:00:00,75836,11523,33787,25457,225,1996,8,213,4732,8.95,73.411804,77941,58.1337165291695
2025-10-17 04:00:00,78036,11622,34971,25443,182,1957,8,604,5085,9.7,73.803635,79872,58.33458533653846
2025-10-17 03:00:00,81725,12412,37064,25452,312,2220,8,1166,4786,10.55,73.70037,83420,59.309518101174774
2025-10-17 02:00:00,85762,12913,38602,25474,480,2448,14,1992,4658,11.5,70.40093,86581,59.49919728346866
2025-10-17 01:00:00,88554,13205,39922,25466,965,2366,18,2467,3908,12.6,64.14195,88317,60.15489656578009
2025-10-17 00:00:00,90080,13379,41430,25454,1063,2364,18,2967,2586,13.75,60.54017,89261,61.40307637153965
2025-10-16 23:00:00,88716,12355,40446,25445,1027,2114,809,2776,2208,14.55,61.568653,87180,60.56549667354898
2025-10-16 22:00:00,86940,10737,36691,25437,837,1870,5656,2186,2236,16.6,53.624905,85650,55.37419731465265
2025-10-16 21:00:00,85104,10562,34194,25444,398,1811,9996,844,2064,17.4,45.34063,85313,52.46093795787278
2025-10-16 20:00:00,84175,10770,34176,25458,172,1555,10788,329,1856,17.5,46.803658,85104,52.813028764805416
2025-10-16 19:00:00,84350,11083,34481,25468,172,1596,10554,297,1507,17.15,50.21374,85158,53.50524906644121
2025-10-16 18:00:00,84085,10760,34655,25479,174,1587,10414,298,1507,16.4,53.20633,84874,53.50873058887292
2025-10-16 17:00:00,83695,10573,34253,25486,174,1589,10492,270,1708,15.55,57.53682,84545,53.020285055296
2025-10-16 16:00:00,83733,10763,33617,25493,180,1642,10626,252,2156,14.25,66.06727,84729,52.378760518830624
2025-10-16 15:00:00,83788,11539,32704,25502,187,1799,10587,276,2384,12.65,74.830215,84978,52.064063640000946
2025-10-16 14:00:00,84415,12948,33570,25513,234,2030,8299,634,2458,10.6,83.100975,85686,54.28891534206288
2025-10-16 13:00:00,85807,13989,37436,25517,175,2251,2741,1505,2581,8.75,89.38479,86195,59.66123325018853
2025-10-16 12:00:00,85480,13430,37352,25513,175,2116,107,2134,2432,7.75,92.11612,83259,60.992805582579656
2025-10-16 11:00:00,81005,11958,35189,25515,175,1889,35,1584,2336,8.3,92.46517,78681,59.921709180107015
2025-10-16 10:00:00,74717,11043,33126,25509,176,1677,35,588,2181,8.6,91.539696,74335,59.41884711105132
2025-10-16 09:00:00,71907,10669,31648,25507,177,1650,35,421,2323,8.9,90.62674,72430,58.424685903631094
2025-10-16 08:00:00,71621,10865,31663,25497,177,1769,35,155,2585,9.3,88.5184,72746,58.46094630632612
2025-10-16 07:00:00,72316,11161,32069,25484,176,1867,35,155,2735,9.7,86.76174,73682,58.671045845661084
2025-10-16 06:00:00,73570,11681,32591,25479,175,1991,35,155,2652,10.05,84.75184,74759,59.21962573068126
2025-10-16 05:00:00,75387,12360,33312,25473,230,2100,35,156,2810,11.35,82.911125,76476,59.72069668915738
2025-10-16 04:00:00,77255,13382,34670,25453,276,2155,35,199,2609,11.9,81.041885,78779,60.99595069752092
2025-10-16 03:00:00,81158,14174,37222,25436,587,2189,35,594,2357,13.05,75.661354,82594,62.22728043199264
2025-10-16 02:00:00,85403,14501,39905,25438,1039,2442,35,1295,2310,13.65,71.29965,86965,62.560800321968614
2025-10-16 01:00:00,88713,14920,41829,25423,1237,2427,35,1788,2150,14.15,69.02363,89809,63.18854457793762
2025-10-16 00:00:00,90462,14801,42092,25419,1269,2293,43,2238,1754,15.0,67.12871,89909,63.27842596403029
2025-10-15 23:00:00,89430,13930,41604,25411,1221,2209,300,2256,1670,15.4,67.438835,88601,62.678750804166995
2025-10-15 22:00:00,88179,13044,40730,25406,951,2209,2627,2027,1705,16.75,61.873375,88699,60.62526071319857
2025-10-15 21:00:00,86658,12448,38677,25406,477,2116,5320,1624,1637,17.3,58.167454,87705,58.29200159626019
2025-10-15 20:00:00,85370,12967,38001,25412,477,2130,6830,632,1297,17.0,61.517082,87746,58.08583867070863
2025-10-15 19:00:00,85254,12549,37374,25422,478,2143,7099,432,1196,16.75,65.93758,86693,57.58596426470418
2025-10-15 18:00:00,85538,13026,37224,25422,480,2107,7035,207,1039,16.35,68.54345,86540,58.065634388721975
2025-10-15 17:00:00,86197,13554,37697,25426,481,2216,6445,206,1035,16.5,71.359764,87060,58.86859637031932
2025-10-15 16:00:00,86100,13636,37836,25432,482,2020,6129,221,1318,15.35,76.291794,87074,59.11293842019432
2025-10-15 15:00:00,85755,13598,37964,25438,486,1786,5603,151,1579,15.25,75.77127,86605,59.536978234513015
2025-10-15 14:00:00,85069,13471,38051,25431,486,1737,4405,256,1588,13.95,84.33624,85425,60.312554872695344
2025-10-15 13:00:00,85262,13940,39045,25451,489,1741,1467,1263,1436,12.2,89.6554,84832,62.458741984156916
2025-10-15 12:00:00,84485,13360,38939,25454,440,1643,42,1899,1434,11.0,92.30908,83211,62.851065363954284
2025-10-15 11:00:00,80233,12348,36863,25448,314,1449,8,1037,1592,11.25,92.942856,79059,62.24591760583868
2025-10-15 10:00:00,74234,11979,33832,25440,278,1374,8,288,1625,11.45,91.41456,74824,61.2250080188175
2025-10-15 09:00:00,71991,12007,32765,25444,277,1259,8,181,1510,11.55,90.5091,73451,60.95492232917182
2025-10-15 08:00:00,71746,12070,32495,25447,276,1355,8,186,1596,11.7,89.9169,73433,60.68797407160269
2025-10-15 07:00:00,72453,12482,32450,25448,277,1497,8,189,2000,11.9,89.03557,74351,60.43227394386088
2025-10-15 06:00:00,73909,13305,32625,25449,278,1597,8,185,2437,12.15,88.75937,75884,60.5265932212324
2025-10-15 05:00:00,75986,13302,33054,25446,443,1652,8,181,2974,13.75,85.15587,77060,60.15572281339217
2025-10-15 04:00:00,78875,13853,35071,25426,278,1682,8,180,3558,14.25,83.81437,80056,61.11222144498851
2025-10-15 03:00:00,82408,14490,36330,25411,393,1915,8,288,3778,15.1,80.66375,82613,61.51574207449191
2025-10-15 02:00:00,86814,14656,38366,25320,987,1995,8,1193,4034,16.0,77.409454,86559,61.25532873531348
2025-10-15 01:00:00,90423,15150,39170,25265,1209,2008,8,2216,3549,17.05,73.369354,88575,61.3265594129269
2025-10-15 00:00:00,92468,15231,40518,25269,1285,2008,12,2661,2700,17.95,69.77545,89684,62.161589581196196
2025-10-14 23:00:00,91578,14159,40925,25382,1257,1998,782,2680,2103,19.1,65.785835,89286,61.69388257957574
2025-10-14 22:00:00,90513,13187,39588,25388,947,1981,4228,2223,1413,20.4,62.299625,88955,59.32774998594795
2025-10-14 21:00:00,89024,13234,37718,25388,454,1972,6730,1550,1306,21.5,54.708138,88352,57.66932270916335
2025-10-14 20:00:00,87836,13235,36751,25396,481,1956,7174,1546,1149,22.0,52.194912,87688,57.00437916248517
2025-10-14 19:00:00,87480,13154,37387,25405,466,1972,7190,679,1021,21.65,52.97157,87274,57.91071796869629
2025-10-14 18:00:00,87906,13709,37823,25397,432,1922,6954,295,977,20.4,60.689312,87509,58.88765726953798
2025-10-14 17:00:00,88272,13915,37992,25392,384,1965,6531,302,1066,20.15,59.642143,87547,59.290438278867356
2025-10-14 16:00:00,87861,13886,37837,25392,429,1915,6155,382,1065,18.25,70.98591,87061,59.410068802333996
2025-10-14 15:00:00,87543,14185,37557,25376,468,1959,5609,648,1369,16.7,80.09142,87171,59.35689621548451
2025-10-14 14:00:00,86507,14624,37364,25358,464,1751,3994,840,1443,14.15,88.05184,85838,60.565250821314564
2025-10-14 13:00:00,86056,14918,38322,25321,406,1706,1093,1707,1573,11.85,92.97492,85046,62.601415704442296
2025-10-14 12:00:00,84629,14456,38060,25296,290,1706,24,2003,1439,10.55,93.84573,83274,63.064101640367944
2025-10-14 11:00:00,80005,13296,34902,25259,240,1679,8,1756,1428,10.7,91.673515,78568,61.345585989206796
2025-10-14 10:00:00,73984,13166,32016,25213,181,1586,8,247,1542,10.75,90.75676,73959,61.090604253708136
2025-10-14 09:00:00,72472,12824,31871,25199,179,1571,8,220,1793,10.85,89.85262,73665,60.6733184008688
2025-10-14 08:00:00,71607,12419,31012,25204,177,1635,8,224,2040,11.1,88.07671,72719,59.724418652621736
2025-10-14 07:00:00,72197,12751,31511,25224,176,1676,8,205,1719,11.4,86.63471,73270,60.409444520267506
2025-10-14 06:00:00,73473,13518,32119,25245,174,1684,8,209,1498,11.75,86.08906,74455,61.29474179034317
2025-10-14 05:00:00,75306,14263,33670,25263,320,1694,8,215,1398,13.3,83.98304,76831,62.387577930783145
2025-10-14 04:00:00,78025,15043,36314,25292,414,1935,8,220,1367,13.9,83.220276,80593,63.723896616331444
2025-10-14 03:00:00,81806,15407,39869,25340,588,1995,8,398,1196,14.6,79.79894,84801,65.18319359441516
2025-10-14 02:00:00,86380,15644,42311,25419,1120,1971,8,1559,1024,15.5,74.813675,89056,65.07703018325547
2025-10-14 01:00:00,89954,15854,43636,25423,1136,2004,99,2453,1049,16.6,67.912865,91654,64.90715080629323
2025-10-14 00:00:00,91983,15461,44143,25419,1243,2000,149,2582,1005,17.7,61.886135,92002,64.78554814025782
2025-10-13 23:00:00,91724,14833,43470,25415,1183,2010,889,2519,954,19.15,58.037853,91273,63.87759797530486
2025-10-13 22:00:00,91028,14587,41933,25420,851,2014,3451,2272,897,20.8,52.053246,91425,61.82116488925349
2025-10-13 21:00:00,89876,15433,40921,25414,426,1994,5139,1246,827,22.15,46.042828,91400,61.65645514223195
2025-10-13 20:00:00,89245,15575,40003,25416,425,1985,5876,1109,706,22.75,41.510326,91095,61.01103243866294
2025-10-13 19:00:00,89009,15695,39945,25419,428,1988,6185,785,720,22.85,42.95891,91165,61.03219437284045
2025-10-13 18:00:00,89162,15091,40047,25423,428,1995,6440,665,718,22.25,47.159462,90807,60.719988547138435
2025-10-13 17:00:00,88789,14601,38792,25438,497,1990,6531,509,793,21.1,54.067593,89151,59.89052282083207
2025-10-13 16:00:00,88253,14153,37870,25443,608,1946,6431,262,1045,19.65,63.99124,87758,59.28006563504182
2025-10-13 15:00:00,87441,13800,37556,25436,437,1988,6069,247,1252,17.6,74.67677,86785,59.17612490637782
2025-10-13 14:00:00,85947,14096,36402,25466,423,1764,4399,406,1800,15.2,82.5573,84756,59.58044268252395
2025-10-13 13:00:00,84695,14504,36785,25632,311,1725,1155,1297,1920,12.9,86.780716,83329,61.5500006000312
2025-10-13 12:00:00,82816,13743,35566,25652,324,1733,21,1639,2063,11.1,89.87159,80741,61.07058371830916
2025-10-13 11:00:00,78266,12452,32218,25649,327,1740,8,1302,2256,11.55,87.82125,75952,58.813461133347374
2025-10-13 10:00:00,72704,11980,29037,25644,264,1732,8,341,2866,11.95,89.039635,71872,57.0695124666073
2025-10-13 09:00:00,70783,11511,27986,25644,230,1753,8,230,3340,12.05,90.54455,70702,55.86404910752171
2025-10-13 08:00:00,69904,11403,27792,25640,226,1749,8,233,3360,12.2,91.15941,70411,55.66601809376376
2025-10-13 07:00:00,70048,11375,27904,25639,223,1753,8,232,3748,12.55,89.980576,70882,55.414632769955695
2025-10-13 06:00:00,71127,11618,27835,25637,224,1726,8,223,3841,13.0,89.4202,71112,55.48008774890314
2025-10-13 05:00:00,72929,12236,28078,25631,219,1705,8,203,4506,14.45,88.36735,72586,55.539635742429674
2025-10-13 04:00:00,75022,12706,29184,25679,218,1751,8,238,4729,14.9,87.25691,74513,56.21837800115416
2025-10-13 03:00:00,78089,13014,31432,25678,215,2031,8,433,4560,15.2,86.71639,77371,57.445296041152375
2025-10-13 02:00:00,81159,12936,34041,25649,214,2014,8,821,4245,15.55,85.34683,79928,58.77414673205885
2025-10-13 01:00:00,83941,13276,35420,25567,213,2035,8,1638,3699,16.1,81.32853,81856,59.48983580922595
2025-10-13 00:00:00,85207,13475,35810,25621,305,2062,11,2542,2445,17.2,71.72631,82271,59.905677577761296
2025-10-12 23:00:00,84253,13057,35240,25694,312,2041,835,2421,1850,18.2,66.90437,81450,59.29650092081032
2025-10-12 22:00:00,82989,12453,33459,25783,218,2023,3456,2023,1513,20.05,61.007084,80928,56.731909845788856
2025-10-12 21:00:00,81491,12120,31906,25862,218,2013,4836,1258,1403,20.9,50.37224,79616,55.29793006430869
2025-10-12 20:00:00,80152,11978,30791,26019,220,1994,5416,995,1326,21.2,49.287666,78739,54.31742846619846
2025-10-12 19:00:00,79676,11945,30080,26331,221,1834,5762,791,1349,21.25,49.797306,78313,53.66286568002758
2025-10-12 18:00:00,79554,11354,29751,26531,221,1808,5878,795,1700,20.4,54.972263,78038,52.673056715958886
2025-10-12 17:00:00,79237,11370,29252,26551,222,1796,5944,589,1897,18.75,63.79207,77621,52.33377565349583
2025-10-12 16:00:00,78937,11488,29168,26566,225,1785,5865,240,2154,17.0,70.749405,77491,52.4654476003665
2025-10-12 15:00:00,78220,11645,29022,26577,229,1844,5506,241,2559,14.6,76.6798,77623,52.39039975265063
2025-10-12 14:00:00,77165,11746,28063,26609,229,1690,3995,245,3323,11.9,84.10337,75900,52.449275362318836
2025-10-12 13:00:00,75130,12212,27658,26596,231,1668,978,247,3711,9.65,90.066246,73301,54.39216381768325
2025-10-12 12:00:00,72659,12053,27675,26500,231,1627,13,255,3640,8.3,92.78203,71994,55.18237630913687
2025-10-12 11:00:00,70349,11117,26437,26491,233,1683,8,280,3714,8.55,89.983444,69963,53.676943527293
2025-10-12 10:00:00,68554,10582,25635,26491,234,1636,8,258,3709,8.75,89.079285,68553,52.83065657228714
2025-10-12 09:00:00,68290,10791,25404,26480,233,1700,8,239,3968,8.9,88.78733,68823,52.591430190488644
2025-10-12 08:00:00,68754,11140,25670,26474,231,1703,8,213,4289,9.2,87.60717,69728,52.790844424047734
2025-10-12 07:00:00,69822,11614,25792,26474,229,1701,8,213,4128,9.6,86.16172,70159,53.31603928220186
2025-10-12 06:00:00,71243,12162,25617,26574,229,1703,8,213,4086,10.0,84.45766,70592,53.517395738893924
2025-10-12 05:00:00,72942,12689,27060,26646,227,1688,8,213,4546,11.4,80.42683,73077,54.39331116493562
2025-10-12 04:00:00,74511,12675,28692,26949,226,1767,8,319,5101,11.85,78.870155,75737,54.61927459497999
2025-10-12 03:00:00,77248,12433,30432,27208,223,1999,8,789,5009,12.45,76.852425,78101,54.88406038334976
2025-10-12 02:00:00,80144,12574,32669,27493,219,1979,8,1246,4524,13.15,74.41113,80712,56.05486173059768
2025-10-12 01:00:00,82448,12799,33781,27764,215,2005,8,1894,4025,14.2,68.80054,82491,56.466766071450216
2025-10-12 00:00:00,83665,12724,34651,27859,214,2009,26,2708,2608,15.5,61.1651,82799,57.21687459993478
2025-10-11 23:00:00,82645,12105,34292,27861,215,1999,963,2653,1508,16.95,60.277065,81596,56.86185597333202
2025-10-11 22:00:00,81712,11243,32622,27857,218,1994,3728,1991,1137,19.3,58.07457,80790,54.29508602549821
2025-10-11 21:00:00,80392,10984,31467,27883,331,1987,5301,1171,883,20.4,51.774757,80007,53.05910732810879
2025-10-11 20:00:00,78972,10482,30606,27887,408,1984,6099,936,696,20.55,53.926254,79098,51.945687628005764
2025-10-11 19:00:00,78635,10816,30213,27897,247,1742,6720,743,597,20.35,55.50912,78975,51.951883507439064
2025-10-11 18:00:00,78728,11094,29882,27912,225,1692,6873,644,642,19.25,60.21983,78964,51.89200141836786
2025-10-11 17:00:00,78599,10681,29555,27944,226,1697,7028,251,1138,18.15,67.11472,78520,51.24299541518085
2025-10-11 16:00:00,78801,11013,28852,27972,233,1701,6886,235,1717,16.55,69.271,78609,50.71302268188121
2025-10-11 15:00:00,78869,11526,29314,27993,276,1722,6132,236,1911,14.55,75.15253,79110,51.624320566300085
2025-10-11 14:00:00,78527,11769,28583,28006,409,1712,4636,619,2600,12.65,84.18915,78334,51.512753082952486
2025-10-11 13:00:00,77451,12133,29333,28025,232,1741,1429,727,2869,10.6,91.052376,76489,54.211716717436495
2025-10-11 12:00:00,75181,11931,28886,28082,226,1729,89,544,2360,9.4,94.74833,73847,55.272387503893185
2025-10-11 11:00:00,72758,12152,28064,28138,228,1754,55,231,2196,9.1,95.057816,72818,55.22810294158038
2025-10-11 10:00:00,71120,11934,27192,28202,228,1702,55,218,2611,8.85,95.04824,72142,54.234703778658755
2025-10-11 09:00:00,70362,11664,27143,28252,224,1732,55,205,2687,8.9,95.050156,71962,53.92707262166143
2025-10-11 08:00:00,70321,11618,27050,28296,219,1737,55,195,2611,9.25,93.15001,71781,53.86940833925412
2025-10-11 07:00:00,71103,11947,27886,28351,218,1720,55,196,2572,9.6,90.67625,72945,54.606895606278705
2025-10-11 06:00:00,71866,11722,29147,28372,217,1715,55,196,2524,10.15,87.99236,73948,55.267214799588906
2025-10-11 05:00:00,73356,12283,29945,28347,214,1716,55,265,2638,11.05,86.308525,75463,55.95854922279793
2025-10-11 04:00:00,75752,13246,30969,28359,214,1716,55,706,2744,11.45,86.93147,78009,56.67935751003089
2025-10-11 03:00:00,79308,13461,32545,28355,286,1741,55,1337,3202,12.3,84.43177,80982,56.810155343162684
2025-10-11 02:00:00,82669,13759,33763,28345,886,1797,43,1754,3175,12.9,81.72144,83522,56.897583870118055
2025-10-11 01:00:00,85026,13908,34788,28332,991,2058,55,2082,2688,14.05,75.57317,84902,57.35553932769546
2025-10-11 00:00:00,86392,13795,35482,28323,977,2027,73,2488,2094,15.1,69.68023,85259,57.79683083310852
2025-10-10 23:00:00,85397,13465,34617,28317,887,1912,734,2133,1844,16.2,68.51315,83909,57.30255395726323
2025-10-10 22:00:00,84964,13158,33212,28319,398,1833,3611,2034,1918,18.0,60.93161,84483,54.88678195613319
2025-10-10 21:00:00,84041,13354,31426,28307,214,1780,6425,1422,1733,19.0,51.751835,84661,52.89330388254332
2025-10-10 20:00:00,83381,13517,30489,28310,215,1919,7887,730,2058,19.3,46.98229,85125,51.695741556534514
2025-10-10 19:00:00,83925,13399,30428,28315,215,1959,8214,301,2724,19.0,47.543648,85555,51.22669627724855
2025-10-10 18:00:00,85290,13344,30939,28322,216,2018,8313,280,3139,18.05,50.802456,86571,51.15223342689815
2025-10-10 17:00:00,85033,12931,30654,28343,217,1781,8778,298,3203,15.8,59.595295,86205,50.5597123136709
2025-10-10 16:00:00,84933,12427,30895,28368,221,1742,8889,298,3241,14.0,64.67666,86081,50.32701757646868
2025-10-10 15:00:00,85315,13558,31552,28388,223,1756,8514,300,3153,12.05,69.070656,87444,51.587301587301596
2025-10-10 14:00:00,84589,13403,32017,28426,225,1741,6755,404,4234,9.9,76.97002,87205,52.08416948569463
2025-10-10 13:00:00,85273,14067,32816,28447,243,1770,2396,1546,5091,7.3,84.44112,86376,54.27780865055107
2025-10-10 12:00:00,84514,13622,32923,28443,311,1809,90,1807,4960,5.65,86.35639,83965,55.433811707258975
2025-10-10 11:00:00,79953,12168,30140,28433,314,1763,8,1634,4866,5.7,86.36151,79326,53.33434182991705
2025-10-10 10:00:00,74219,11547,28215,28437,317,1721,8,352,4921,5.75,85.458984,75518,52.652347784634124
2025-10-10 09:00:00,72199,11463,27801,28440,233,1732,8,221,5021,5.75,84.85859,74919,52.40860128939254
2025-10-10 08:00:00,71604,11395,27371,28426,224,1696,8,228,4866,6.0,83.4045,74214,52.235427277872105
2025-10-10 07:00:00,71979,11927,27326,28410,222,1736,8,233,4524,6.35,81.702835,74386,52.769338316349845
2025-10-10 06:00:00,73109,12413,27921,28395,221,1724,8,252,4637,7.1,80.66294,75571,53.37232536290376
2025-10-10 05:00:00,74378,12755,29269,28371,221,1720,8,259,4353,8.65,75.70396,76956,54.60782784968033
2025-10-10 04:00:00,76497,13299,31559,28353,220,1695,8,437,3984,9.1,73.69593,79555,56.38614794796053
2025-10-10 03:00:00,80403,14056,33807,28339,272,1747,8,1053,3276,9.95,68.16261,82558,57.97499939436518
2025-10-10 02:00:00,84581,14793,36555,28322,741,2015,8,2043,2373,10.7,66.44083,86850,59.12262521588947
2025-10-10 01:00:00,87512,14513,39563,28287,824,2030,10,2016,1607,11.4,67.28848,88850,60.86212718064154
2025-10-10 00:00:00,88682,13583,40554,28257,792,2069,22,2274,787,12.55,65.69821,88338,61.283932169621224
2025-10-09 23:00:00,87164,12027,39004,28212,791,2063,1265,2220,582,13.75,67.55141,86164,59.22543057425374
2025-10-09 22:00:00,85877,10906,35788,28162,761,2008,5922,1991,487,15.9,55.497753,86025,54.27956989247312
2025-10-09 21:00:00,84120,10607,32683,28122,497,1890,9689,1277,538,16.4,50.356266,85303,50.74850825879512
2025-10-09 20:00:00,82768,10672,32146,28126,399,1919,10448,553,631,16.5,49.350227,84894,50.43701557236082
2025-10-09 19:00:00,83012,10994,32918,28143,218,1999,10177,327,738,16.3,48.95496,85514,51.350656032930274
2025-10-09 18:00:00,83166,10514,32162,28157,217,1902,10071,329,893,15.8,49.672924,84245,50.657012285595584
2025-10-09 17:00:00,82807,10420,31594,28154,218,1699,10188,319,1066,14.8,53.520035,83658,50.22113844461976
2025-10-09 16:00:00,82848,10639,31285,28161,221,1670,10402,340,1204,14.15,57.581684,83922,49.9559114415767
2025-10-09 15:00:00,83269,11059,31971,28181,223,1627,10462,324,1513,12.7,72.340034,85360,50.41002811621368
2025-10-09 14:00:00,83633,12697,31717,28182,225,1659,8563,412,2530,10.5,79.481606,85985,51.653195324765946
2025-10-09 13:00:00,84056,14472,34070,28180,226,1721,3050,922,3368,8.25,84.842384,86009,56.438279714913556
2025-10-09 12:00:00,83337,13615,34039,28171,226,1726,114,1572,3283,6.8,87.382805,82746,57.59069924830204
2025-10-09 11:00:00,79027,11657,31547,28149,226,1610,11,1599,3181,6.75,87.98931,77980,55.40394973070018
2025-10-09 10:00:00,73267,10854,28905,28109,226,1535,11,629,3271,6.85,86.780495,73540,54.06445471852054
2025-10-09 09:00:00,70831,10548,27564,28024,227,1543,11,263,3693,7.1,84.71334,71873,53.0268668345554
2025-10-09 08:00:00,70294,10599,27073,28040,226,1561,11,268,3819,7.35,83.277214,71597,52.61672975124656
2025-10-09 07:00:00,71099,10757,27672,28054,222,1624,11,274,3828,7.7,81.596306,72442,53.047955605864004
2025-10-09 06:00:00,72428,11363,28444,28036,218,1692,11,294,3795,8.45,78.35853,73853,53.900315491584635
2025-10-09 05:00:00,74821,12421,29424,28075,215,1732,11,290,4117,10.1,71.10784,76285,54.853509864324565
2025-10-09 04:00:00,77825,13760,31710,28116,291,2045,11,294,4637,10.85,67.17159,80864,56.230213692125055
2025-10-09 03:00:00,81503,14395,33859,28265,448,2092,11,394,4973,11.35,68.2167,84437,57.14793277828441
2025-10-09 02:00:00,86028,15023,35826,28319,1289,2055,11,1086,4806,12.05,69.30849,88415,57.511734434202346
2025-10-09 01:00:00,89919,16366,38208,28313,1373,2074,11,1994,3996,13.15,67.425804,92335,59.10434829696215
2025-10-09 00:00:00,91697,16383,39537,28303,1405,2066,24,2400,2867,14.7,63.9567,92985,60.13873205355702
2025-10-08 23:00:00,91526,15741,39207,28292,1586,2054,1135,2238,2156,15.55,65.01879,92409,59.46174073953836
2025-10-08 22:00:00,91784,14774,36962,28275,1331,2037,5194,2249,1940,17.45,53.847183,92762,55.77283801556672
2025-10-08 21:00:00,91129,14840,36375,28271,1258,2024,7699,668,1841,18.45,45.63588,92976,55.08410772672517
2025-10-08 20:00:00,90686,14843,36136,28260,885,2024,8036,471,1844,18.95,42.1461,92499,55.113028248954045
2025-10-08 19:00:00,90589,14613,36742,28261,567,2007,7829,463,1913,19.1,44.731922,92395,55.582012013637105
2025-10-08 18:00:00,90752,14512,36032,28261,569,2054,7775,282,1815,18.85,46.538105,91300,55.36035049288061
2025-10-08 17:00:00,90904,15364,35192,28274,773,2000,7845,250,1681,18.15,54.764034,91379,55.325621860602546
2025-10-08 16:00:00,91702,15995,36104,28285,801,1943,7140,249,1569,17.15,66.02307,92086,56.5764611341572
2025-10-08 15:00:00,91463,16483,37166,28290,836,1837,6375,294,1648,15.35,75.78769,92929,57.73117110912632
2025-10-08 14:00:00,90522,16743,36860,28281,872,1700,4516,879,2243,13.35,81.77966,92094,58.20466045562143
2025-10-08 13:00:00,89494,17431,37780,28267,888,1684,1408,1694,2264,11.75,86.669,91416,60.395335608646185
2025-10-08 12:00:00,88264,16781,37655,28273,733,1657,56,1713,2265,10.95,88.65882,89133,61.07277888099806
2025-10-08 11:00:00,84041,15670,34596,28264,227,1674,24,1537,2593,11.75,82.40219,84585,59.426612283501804
2025-10-08 10:00:00,78221,15275,31909,28215,228,1646,24,278,2379,12.45,83.324455,79954,59.0139330114816
2025-10-08 09:00:00,76437,15061,31512,28199,228,1694,24,210,1978,13.45,84.56034,78906,59.02339492560769
2025-10-08 08:00:00,75922,15265,31611,28200,227,1619,23,202,1632,14.05,86.89108,78779,59.50316708767565
2025-10-08 07:00:00,76861,15528,31981,28201,226,1628,24,186,1413,14.3,86.62945,79187,59.99595893265308
2025-10-08 06:00:00,78923,17461,32832,28195,224,1676,28,176,1112,14.6,86.94339,81704,61.5551258200333
2025-10-08 05:00:00,81258,18175,35137,28182,548,1976,30,176,1246,14.85,91.332535,85470,62.37510237510237
2025-10-08 04:00:00,84820,18390,38779,28165,1142,2107,30,177,1466,15.65,91.97687,90256,63.34094132246055
2025-10-08 03:00:00,89436,18974,41587,28163,1185,2137,29,446,1829,16.45,92.320404,94350,64.18759936406995
2025-10-08 02:00:00,94846,18992,44792,28152,1836,2262,29,1436,2083,18.6,97.524345,99582,64.05173625755658
2025-10-08 01:00:00,99170,19145,45993,28136,1971,2259,29,2383,2267,18.8,96.01051,102183,63.746415744301885
2025-10-08 00:00:00,101502,19121,46044,28139,2032,2233,43,2981,2805,18.75,97.22182,103398,63.02346273622314
2025-10-07 23:00:00,101430,18370,45188,28135,2003,2214,400,2895,3234,19.2,97.23125,102439,62.04472905826882
2025-10-07 22:00:00,101510,18312,44382,28112,1914,2269,1874,2660,3328,19.3,96.62773,102851,60.956140436164944
2025-10-07 21:00:00,101028,18884,42997,28094,1652,2289,3858,2547,3047,19.8,94.25956,103368,59.86475504991874
2025-10-07 20:00:00,100287,19013,42033,28084,1482,2269,4952,2083,2913,19.45,96.93358,102829,59.36652111758356
2025-10-07 19:00:00,99936,19135,41899,28087,1491,2277,5304,1349,3073,19.4,97.539246,102615,59.478633728012476
2025-10-07 18:00:00,98629,19334,41409,28098,1211,2283,5713,813,2994,19.95,94.85559,101855,59.63673850080997
2025-10-07 17:00:00,96901,19202,40300,28085,1217,2242,5850,717,2676,20.65,88.04865,100289,59.33053475455933
2025-10-07 16:00:00,95501,19697,40021,28098,1001,2243,5724,226,2569,20.25,90.24868,99579,59.970475702708406
2025-10-07 15:00:00,94110,19943,39517,28117,735,2234,5355,226,2189,20.2,88.8425,98316,60.478457219577685
2025-10-07 14:00:00,92325,20337,38858,28130,321,1997,4090,175,2254,19.25,93.646706,96162,61.557579917223016
2025-10-07 13:00:00,90446,20012,38533,28134,321,2189,1803,676,2150,18.4,96.60485,93818,62.40273721460701
2025-10-07 12:00:00,88955,19790,38663,28142,285,2325,151,1257,1756,18.25,96.297066,92369,63.28205350279856
2025-10-07 11:00:00,85209,18608,37532,28148,222,2310,23,369,1752,18.25,97.51778,88964,63.10417697045996
2025-10-07 10:00:00,80083,17599,34741,28139,222,2113,23,174,1602,18.5,95.699844,84613,61.85810691028565
2025-10-07 09:00:00,77120,16613,33689,28137,220,2169,23,181,1380,18.5,96.00153,82412,61.0372275882153
2025-10-07 08:00:00,76610,16551,33432,28134,217,2116,24,185,1694,18.75,95.4076,82353,60.69359950457178
2025-10-07 07:00:00,77661,17340,33540,28129,301,2241,24,183,1903,18.75,96.00902,83661,60.81686807473016
2025-10-07 06:00:00,79886,18044,34179,28104,322,2402,23,188,2053,19.15,94.82492,85315,61.21197913614254
2025-10-07 05:00:00,83241,17442,35862,28084,416,2378,24,205,2669,19.5,90.19555,87080,61.212677997243915
2025-10-07 04:00:00,87250,17913,38348,28121,1257,2635,24,207,3095,19.75,87.694695,91600,61.42030567685589
2025-10-07 03:00:00,92338,18893,40952,28112,1290,2704,23,631,3787,20.25,85.82888,96392,62.085027803137194
2025-10-07 02:00:00,98378,19303,45210,28102,1704,2763,24,1619,3983,20.7,84.00612,102708,62.812049694278926
2025-10-07 01:00:00,103743,19749,47469,28090,2182,2847,23,2542,3653,20.85,83.75924,106555,63.082914926563745
2025-10-07 00:00:00,107463,20044,49512,28062,2467,2858,40,2833,2930,21.4,81.4891,108746,63.961892851231305
2025-10-06 23:00:00,108773,19667,50630,28037,2458,2854,829,2829,2239,22.55,75.73101,109543,64.1729731703532
2025-10-06 22:00:00,110666,18821,49950,28022,2186,2900,4283,2665,1846,23.85,69.13419,110673,62.13891373686445
2025-10-06 21:00:00,109970,18800,48846,28033,2111,2789,6773,2389,1407,25.25,60.44862,111148,60.86119408356425
2025-10-06 20:00:00,107737,18706,47780,28034,1841,2691,7632,2465,1147,25.05,62.344807,110296,60.279611227968374
2025-10-06 19:00:00,104415,18247,44623,28042,1684,2597,8508,2390,938,25.25,62.783985,107029,58.7410888637659
2025-10-06 18:00:00,101327,17454,43702,28066,1368,2511,8046,2155,864,24.3,67.92936,104166,58.710135744868765
2025-10-06 17:00:00,97377,16550,40944,28096,1333,2461,8478,897,953,23.7,68.45473,99712,57.66006097560976
2025-10-06 16:00:00,93728,15267,39365,28131,1196,2557,9020,184,1210,22.0,71.67976,96930,56.36232332611163
2025-10-06 15:00:00,91571,14445,38288,28176,916,2658,8972,180,1715,20.15,74.14572,95350,55.304667016255905
2025-10-06 14:00:00,89566,14145,38267,28207,340,2460,7254,187,2410,17.7,78.1755,93270,56.193845823951975
2025-10-06 13:00:00,87532,14186,37998,28228,328,2272,2784,471,3763,15.35,84.21625,90030,57.962901255137176
2025-10-06 12:00:00,85972,13458,37804,28223,332,2045,227,581,4276,13.75,86.29024,86946,58.95843397051043
2025-10-06 11:00:00,81952,11746,36177,28223,281,1812,92,275,4427,13.45,87.12159,83033,57.715607047800276
2025-10-06 10:00:00,76487,10891,32412,28225,236,1585,92,181,4613,13.2,87.96834,78235,55.349907330478686
2025-10-06 09:00:00,73207,10610,30712,28218,233,1512,92,185,4702,13.4,87.69544,76264,54.18283856078884
2025-10-06 08:00:00,72494,10727,30954,28210,230,1531,92,186,4753,13.55,87.41954,76683,54.35494177327439
2025-10-06 07:00:00,73430,11029,31445,28199,227,1576,92,187,5160,13.9,86.02063,77915,54.51325162035552
2025-10-06 06:00:00,75123,11784,31256,28367,222,1609,92,189,5602,15.05,82.81075,79121,54.3976946701887
2025-10-06 05:00:00,77858,12849,31881,28483,223,1782,92,189,5949,16.65,76.75122,81448,54.91847559178863
2025-10-06 04:00:00,81739,14471,32968,28619,454,2263,92,334,5938,17.2,75.34556,85139,55.719470512925916
2025-10-06 03:00:00,86731,16465,35126,28680,847,2459,92,845,5728,18.2,70.28303,90242,57.16961060260189
2025-10-06 02:00:00,91854,16572,39291,28904,998,2660,92,1444,5128,19.4,64.568405,95089,58.74812018214514
2025-10-06 01:00:00,97201,17253,42504,29070,1200,2743,92,2519,4318,20.6,58.583336,99699,59.93741160894292
2025-10-06 00:00:00,100857,17537,44191,29111,1373,2766,121,2938,3932,21.85,54.259483,101969,60.53604526866009
2025-10-05 23:00:00,102797,16533,44800,29087,1332,2890,1833,2766,4490,22.6,57.364254,103731,59.12697265041309
2025-10-05 22:00:00,104315,15791,43134,29079,1302,2828,6862,2671,4184,25.1,49.037067,105851,55.66787276454639
2025-10-05 21:00:00,102081,15216,39969,29084,1209,2736,9906,2184,3941,26.25,41.935196,104245,52.93779078133244
2025-10-05 20:00:00,98261,14873,38229,29092,1026,2737,10337,917,3797,26.65,40.6891,101008,52.57207349912878
2025-10-05 19:00:00,94075,13762,35659,29116,959,2644,10225,667,3876,26.6,41.348885,96908,50.99785363437487
2025-10-05 18:00:00,90280,13125,33261,29137,827,2499,10280,461,3305,26.1,45.465397,92895,49.93379622154045
2025-10-05 17:00:00,86226,11186,31436,29161,805,2310,10501,140,2978,23.3,60.967052,88517,48.15120259385203
2025-10-05 16:00:00,82542,10572,28591,29200,879,2105,10806,137,2390,21.15,65.15776,84680,46.248228625413326
2025-10-05 15:00:00,79641,10705,27043,29242,633,2008,10757,133,1606,18.8,72.72557,82127,45.96295980615388
2025-10-05 14:00:00,76843,10944,26135,29282,223,1828,8811,205,2227,16.35,81.361115,79655,46.549494695875964
2025-10-05 13:00:00,74598,11713,27787,29291,224,1882,3414,279,2944,13.9,90.97214,77534,50.945391699125544
2025-10-05 12:00:00,72677,11653,28678,29279,226,2000,254,280,2735,12.6,95.503395,75105,53.699487384328606
2025-10-05 11:00:00,71203,10856,28418,29270,230,1975,92,274,2714,12.95,90.60788,73829,53.19589863061941
2025-10-05 10:00:00,70358,10696,27604,29270,229,1803,92,213,2966,13.25,90.9283,72873,52.55718853347605
2025-10-05 09:00:00,70282,10781,27097,29262,224,1799,92,162,3085,13.6,90.65323,72502,52.24407602548895
2025-10-05 08:00:00,71079,11433,27691,29254,220,1958,92,153,3403,14.0,89.79257,74204,52.72492048946148
2025-10-05 07:00:00,72678,11999,28295,29271,220,2147,92,153,3650,14.65,87.80739,75827,53.13938306935524
2025-10-05 06:00:00,74811,12743,29228,29250,217,2315,92,152,3814,15.6,85.91073,77811,53.939674339103725
2025-10-05 05:00:00,77942,13155,31355,29253,391,2279,92,176,3907,17.4,77.87701,80608,55.21784438269154
2025-10-05 04:00:00,81693,13378,33780,29235,1078,2600,92,417,3912,18.05,76.47267,84492,55.81356814846375
2025-10-05 03:00:00,85877,14714,35766,29207,1116,2714,92,873,3846,19.05,73.957664,88328,57.150620414817496
2025-10-05 02:00:00,89933,14623,39530,29193,1106,2750,92,1372,3414,20.1,72.25592,92080,58.810816681146825
2025-10-05 01:00:00,94111,14940,42418,29177,1193,2749,92,2190,2703,21.0,71.04064,95462,60.08464100898787
2025-10-05 00:00:00,97537,15311,44302,29159,1362,2729,112,2605,2112,23.05,64.31869,97692,61.02137329566393
2025-10-04 23:00:00,100021,14971,44621,29138,1356,2747,1653,2759,2522,24.1,61.34573,99767,59.73117363456855
2025-10-04 22:00:00,101806,14099,42509,29131,1178,2720,6441,2265,2510,25.8,58.321068,100853,56.12921777240142
2025-10-04 21:00:00,100206,13707,40554,29139,1110,2623,9272,1306,2411,26.6,47.407696,100122,54.19488224366273
2025-10-04 20:00:00,96303,13027,38239,29153,1068,2544,9811,1022,2359,26.7,49.620358,97223,52.73032101457474
2025-10-04 19:00:00,93524,13087,36545,29166,1073,2480,9954,664,2340,26.3,55.20241,95309,52.07483028884995
2025-10-04 18:00:00,89907,12098,34634,29186,1060,2433,9969,562,1877,25.4,62.226353,91819,50.895784096973394
2025-10-04 17:00:00,86405,11119,33097,29216,866,2376,10275,259,938,23.9,68.92668,88146,50.162230844281076
2025-10-04 16:00:00,83305,10099,31075,29258,742,2209,10729,258,629,21.8,75.849945,84999,48.440569889057514
2025-10-04 15:00:00,80619,10115,29243,29303,624,2116,10621,302,665,19.2,83.837425,82989,47.4255624239357
2025-10-04 14:00:00,79028,10544,28658,29329,240,1975,8792,382,1416,16.45,91.1411,81336,48.197600078685944
2025-10-04 13:00:00,77355,11323,30219,29311,226,2103,3601,364,2067,13.9,97.7516,79214,52.442750018936046
2025-10-04 12:00:00,75772,11276,30649,29302,228,2047,286,366,2165,13.1,98.70166,76319,54.933895884380036
2025-10-04 11:00:00,73852,10825,30509,29299,231,2042,92,333,2280,13.2,98.059586,75611,54.66664903254818
2025-10-04 10:00:00,72155,10223,29841,29295,231,1909,92,241,2437,13.45,97.10744,74269,53.944445192475996
2025-10-04 09:00:00,71448,10235,29825,29288,229,1764,92,207,2601,13.8,95.54442,74241,53.95940248649668
2025-10-04 08:00:00,71628,10423,29533,29280,223,1775,92,195,2623,14.05,93.70093,74144,53.889728096676734
2025-10-04 07:00:00,72660,11224,29948,29206,221,1783,92,209,2539,14.55,91.6116,75222,54.733987397303984
2025-10-04 06:00:00,74876,12583,31070,29182,220,1760,92,249,2370,15.6,88.464714,77526,56.307561334262054
2025-10-04 05:00:00,78024,13116,33763,29235,220,1771,92,274,2198,17.25,82.80735,80669,58.11278186168168
2025-10-04 04:00:00,81863,13514,36625,29220,401,2359,92,392,2082,17.95,79.74574,84685,59.20647103973549
2025-10-04 03:00:00,85955,13307,39798,29220,1296,2588,92,934,1776,18.9,75.6244,89011,59.66116547393019
2025-10-04 02:00:00,90641,13156,42838,29220,1284,2599,92,1670,1528,20.05,69.72811,92387,60.60809421238918
2025-10-04 01:00:00,94699,13783,45085,29223,1277,2603,92,2280,770,20.8,67.00609,95113,61.89269605626991
2025-10-04 00:00:00,97889,14415,46031,29202,1373,2665,121,2446,508,21.35,66.47412,96761,62.46938332592676
2025-10-03 23:00:00,100330,14552,46945,29191,1333,2874,1648,2531,444,22.7,68.25708,99518,61.79485118270062
2025-10-03 22:00:00,101683,13920,45629,29180,1231,2889,6332,2652,254,25.35,58.029057,102087,58.33161910919118
2025-10-03 21:00:00,100139,13476,43353,29182,1176,2762,9475,1988,186,26.2,47.91648,101598,55.93515620386228
2025-10-03 20:00:00,97331,12765,41840,29198,703,2635,10091,897,157,26.35,48.267376,98286,55.55725128706022
2025-10-03 19:00:00,94712,12519,41164,29219,539,2426,10161,253,190,25.9,52.35544,96471,55.64677467840077
2025-10-03 18:00:00,92424,12139,39761,29240,435,2334,10355,366,166,24.85,56.44696,94796,54.74914553356681
2025-10-03 17:00:00,89921,11950,37686,29268,273,2475,10563,347,106,22.35,66.46838,92668,53.563258082617516
2025-10-03 16:00:00,88459,10961,37319,29297,220,2593,10776,374,88,20.35,71.14806,91628,52.69131706465272
2025-10-03 15:00:00,86906,10583,36564,29323,222,2601,10553,360,146,18.0,75.72311,90352,52.18146803612538
2025-10-03 14:00:00,85549,11499,36222,29360,223,2119,8694,332,449,15.75,79.95987,88898,53.680622736169546
2025-10-03 13:00:00,84063,12795,37445,29374,225,1999,3646,930,833,13.9,84.89067,87247,57.58364184441872
2025-10-03 12:00:00,83463,12071,38338,29374,224,1792,314,1801,1087,12.65,87.919586,85001,59.304008188138965
2025-10-03 11:00:00,79799,10868,36191,29364,227,1614,92,809,1470,13.0,86.79037,80635,58.360513424691504
2025-10-03 10:00:00,75035,10224,33974,29363,227,1557,92,199,1780,13.4,87.98599,77416,57.09155730081636
2025-10-03 09:00:00,72944,9816,33260,29363,225,1429,92,196,2180,13.5,88.285995,76561,56.263632920155175
2025-10-03 08:00:00,72439,9796,32708,29363,222,1450,92,197,2508,13.6,89.467064,76336,55.68015091175854
2025-10-03 07:00:00,73071,10276,32674,29348,219,1501,92,198,2607,14.05,89.79635,76915,55.840863290645515
2025-10-03 06:00:00,74881,11594,33214,29342,216,1460,92,203,2491,14.45,90.120804,78612,56.99893146084567
2025-10-03 05:00:00,77761,13150,34696,29329,216,1385,93,203,2534,16.25,81.0828,81606,58.63049285591746
2025-10-03 04:00:00,81178,13980,37628,29271,478,1891,101,204,2357,16.45,81.10918,85910,60.07216854848097
2025-10-03 03:00:00,85104,14654,41385,29273,612,2059,101,806,1868,17.25,77.3485,90758,61.74552105599507
2025-10-03 02:00:00,90289,15149,44251,29292,616,2080,101,2198,1505,17.9,72.32723,95192,62.40020169762165
2025-10-03 01:00:00,94649,15517,47520,29272,900,2245,100,2781,1015,19.05,67.96397,99350,63.44942123804731
2025-10-03 00:00:00,96956,15405,48567,29263,1152,2170,141,3026,790,20.1,64.931984,100514,63.64486539188571
2025-10-02 23:00:00,97453,15224,47190,29249,1124,2093,1579,3047,680,21.15,66.43249,100186,62.298125486594934
2025-10-02 22:00:00,97783,14967,44550,29245,1038,2073,5599,2320,590,23.7,53.848206,100382,59.29051025084179
2025-10-02 21:00:00,96050,14651,41896,29249,975,2050,8057,1468,578,24.4,44.703167,98924,57.16206380655857
2025-10-02 20:00:00,93929,14164,40453,29253,778,2064,8885,1026,558,24.55,43.003654,97181,56.20131507187619
2025-10-02 19:00:00,91674,13193,39475,29274,611,2050,9296,344,555,24.4,44.11595,94798,55.55813413785101
2025-10-02 18:00:00,90013,12407,39173,29290,612,2059,9474,159,547,23.8,49.819927,93721,55.0356910404285
2025-10-02 17:00:00,88479,11550,38215,29325,598,2067,9738,155,569,21.25,63.513744,92217,53.96510404806055
2025-10-02 16:00:00,86629,10775,37864,29363,339,2083,9619,154,619,19.35,66.488106,90816,53.55774312896406
2025-10-02 15:00:00,85353,10204,37024,29392,255,2107,10124,261,1008,17.15,68.93213,90375,52.25781466113416
2025-10-02 14:00:00,84041,10595,36085,29419,286,1583,8584,482,1845,14.8,73.45801,88879,52.52084294377749
2025-10-02 13:00:00,83166,11636,37738,29428,188,1579,3528,1140,2614,12.55,77.38992,87851,56.20197834970575
2025-10-02 12:00:00,82368,11148,38320,29426,196,1513,224,1662,3028,11.25,78.24597,85517,57.84580843574961
2025-10-02 11:00:00,79183,10478,35871,29418,228,1484,10,826,3337,11.35,77.99497,81652,56.76407191495616
2025-10-02 10:00:00,74223,10091,33263,29404,226,1333,10,201,3530,11.55,77.76056,78058,55.54075174869968
2025-10-02 09:00:00,71878,9691,32462,29390,223,1330,10,198,3797,12.1,74.9907,77101,54.67244264017328
2025-10-02 08:00:00,71304,9802,32128,29317,220,1322,10,183,3939,12.8,71.86797,76921,54.510471782738136
2025-10-02 07:00:00,72566,10121,32930,29164,219,1396,10,156,4184,13.05,70.94378,78180,55.066513174724996
2025-10-02 06:00:00,74314,10384,32665,29103,220,1619,10,154,4623,13.7,68.69918,78778,54.64596714818858
2025-10-02 05:00:00,77425,12051,32769,29054,272,1995,10,155,4998,15.65,58.353474,81304,55.12643904358949
2025-10-02 04:00:00,81039,13576,34353,29070,907,2793,9,198,5053,15.95,58.0309,85959,55.75797764050303
2025-10-02 03:00:00,85336,14317,37497,29038,1080,2907,10,491,4851,16.75,54.03214,90191,57.44919116098058
2025-10-02 02:00:00,90392,14855,41402,29051,1120,2794,9,1484,4548,17.65,49.66457,95263,59.054407272498246
2025-10-02 01:00:00,94843,15215,44000,29047,1129,2823,9,2710,3650,18.35,47.36394,98583,60.06613716360833
2025-10-02 00:00:00,97771,15467,46373,29065,1285,2767,31,2985,2513,19.6,44.566597,100486,61.54091117170552
2025-10-01 23:00:00,99233,15347,46198,29233,1446,2619,1698,2941,1974,21.3,45.80785,101456,60.66176470588235
2025-10-01 22:00:00,100813,14670,42962,29233,1375,2368,6783,2602,1688,23.55,43.73415,101681,56.6792222735811
2025-10-01 21:00:00,99511,14710,41063,29243,1360,2209,9085,1510,1555,24.75,38.318752,100735,55.366059462947334
2025-10-01 20:00:00,97020,14440,40418,29245,980,2206,9685,865,1483,25.15,39.340996,99322,55.23247618855842
2025-10-01 19:00:00,94882,13693,39254,29252,960,2163,9838,474,1393,25.0,43.271446,97027,54.56934667669824
2025-10-01 18:00:00,92556,13006,38104,29270,960,2036,9868,439,1259,24.35,48.201733,94942,53.83286638158034
2025-10-01 17:00:00,90810,12394,36846,29303,992,2106,9765,429,1266,22.7,58.13795,93101,52.88879818691529
2025-10-01 16:00:00,89214,11690,36667,29321,721,2188,9487,417,1474,21.0,65.12562,91965,52.58196052846191
2025-10-01 15:00:00,87923,10664,36658,29329,531,2308,8529,243,1935,19.2,71.16391,90197,52.46515959510848
2025-10-01 14:00:00,87295,11247,36849,29339,273,1837,6793,263,2958,17.2,76.83769,89559,53.70314541252136
2025-10-01 13:00:00,86219,11836,37634,29332,233,1748,2516,735,4267,15.4,82.85328,88301,56.02428058572383
2025-10-01 12:00:00,85327,11457,38014,29334,218,1687,126,1810,4384,14.05,85.752365,87030,56.84361714351374
2025-10-01 11:00:00,81897,10089,35991,29334,220,1558,10,1040,4032,13.75,85.438225,82274,56.00797335731823
2025-10-01 10:00:00,76801,10021,33464,29330,219,1432,9,237,4127,13.95,83.22624,78839,55.15671177970294
2025-10-01 09:00:00,74865,10136,32196,29318,216,1350,10,241,4572,14.15,80.80271,78039,54.24467253552711
2025-10-01 08:00:00,74466,10572,31924,29308,214,1386,23,246,4613,14.4,78.979744,78286,54.28301356564392
2025-10-01 07:00:00,76021,11391,32946,29288,215,1468,14,246,4271,14.9,76.472984,79839,55.53301018299327
2025-10-01 06:00:00,78439,12614,33552,29270,213,1437,10,238,4316,15.8,72.42254,81650,56.54133496631965
2025-10-01 05:00:00,81821,14575,35005,29244,270,1507,10,238,4695,17.55,64.375534,85544,57.95847750865052
2025-10-01 04:00:00,85934,15815,38041,29224,1108,2079,10,277,4321,18.3,62.645226,90875,59.263823933975246
2025-10-01 03:00:00,90884,16508,41720,29198,1147,2366,10,648,4313,19.0,62.597054,95910,60.71108330726723
2025-10-01 02:00:00,96926,16842,44777,29182,1200,2496,10,2164,4372,20.1,66.428444,101043,60.98294785388399
2025-10-01 01:00:00,102364,17269,47916,29171,1543,2651,10,3216,3589,21.15,64.9474,105365,61.86589474683244
2025-10-01 00:00:00,105274,17628,49991,29147,1557,2688,56,3570,2451,22.5,60.19635,107088,63.14339608546242
2025-09-30 23:00:00,107212,17344,49960,29135,1581,2776,1708,3669,2042,24.05,58.462105,108215,62.19470498544564
2025-09-30 22:00:00,108737,16837,48617,29133,1541,2713,4709,3483,1843,26.0,53.056282,108876,60.117932326683565
2025-09-30 21:00:00,108034,16600,47419,29134,1570,2589,6093,3288,1659,27.05,47.223415,108352,59.084280862374484
2025-09-30 20:00:00,106069,16061,45544,29147,1578,2536,6586,2651,1636,27.25,43.750183,105739,58.26137943426739
2025-09-30 19:00:00,103991,16065,43863,29162,1587,2470,7046,1915,1494,27.15,43.72272,103602,57.84444315746801
2025-09-30 18:00:00,101036,15603,42235,29185,1556,2459,7460,1285,1384,26.7,48.36072,101167,57.17081657062085
2025-09-30 17:00:00,98079,14970,40990,29209,1136,2260,7352,1081,1242,25.75,56.487106,98240,56.962540716612374
2025-09-30 16:00:00,96591,14903,41602,29229,1165,2178,6887,638,809,23.9,65.53211,97411,58.006795947069634
2025-09-30 15:00:00,95142,15176,41532,29252,876,2172,6196,498,576,21.45,69.99698,96278,58.90026797399198
2025-09-30 14:00:00,93108,16109,41499,29269,263,1525,4450,302,855,18.8,72.96205,94272,61.10828241683639
2025-09-30 13:00:00,91254,16407,42375,29271,227,1414,1374,299,932,16.35,76.95626,92299,63.68649714514783
2025-09-30 12:00:00,89109,15698,42578,29276,229,1432,43,300,775,14.9,78.01162,90331,64.51384353101372
2025-09-30 11:00:00,85602,14590,40242,29277,284,1424,11,324,754,14.9,79.31459,86906,63.09345729869054
2025-09-30 10:00:00,80550,13769,37453,29275,333,1413,11,367,787,15.6,76.07995,83408,61.41137540763476
2025-09-30 09:00:00,77737,13266,36638,29266,333,1410,11,377,856,16.1,72.95906,82157,60.7422374234697
2025-09-30 08:00:00,77558,13368,36521,29257,328,1408,11,378,1131,16.4,73.01276,82402,60.54343341181039
2025-09-30 07:00:00,78802,14158,36949,29233,328,1416,11,380,1401,16.9,72.38322,83876,60.931613333969196
2025-09-30 06:00:00,81050,15080,37471,29152,329,1417,11,377,1647,17.6,69.478065,85484,61.474661925038596
2025-09-30 05:00:00,84696,16352,38130,29167,452,1416,11,351,1875,18.25,68.24836,87754,62.084919205962116
2025-09-30 04:00:00,89055,17158,40074,29205,1209,1835,11,297,1959,19.0,66.19736,91748,62.37956140733313
2025-09-30 03:00:00,94411,18398,44162,29198,1248,1921,11,585,1787,20.15,62.44692,97310,64.28938444147569
2025-09-30 02:00:00,100432,18655,48317,29183,1213,2012,11,1922,1743,21.3,61.69646,103056,64.98602701443875
2025-09-30 01:00:00,106032,19198,51945,29152,1695,2152,11,3457,1270,22.4,68.85197,108880,65.34074210139603
2025-09-30 00:00:00,108943,19275,53823,29121,1827,2105,65,3839,733,23.1,71.42747,110788,65.98007004368705
2025-09-29 23:00:00,110598,18888,53042,29127,1755,2146,1451,3865,500,24.2,71.403725,110774,64.93400978568978
2025-09-29 22:00:00,111710,18275,52430,29129,1751,2165,3937,3643,383,26.6,57.778122,111713,63.291649136626894
2025-09-29 21:00:00,111320,17622,52029,29125,1683,2207,5066,3282,289,27.4,49.804443,111303,62.57782809088703
2025-09-29 20:00:00,109504,16823,50911,29144,1555,2051,5721,3089,241,27.55,50.32252,109535,61.837768749714705
2025-09-29 19:00:00,107523,15915,49938,29156,1131,1989,6179,2617,273,27.35,53.738037,107198,61.431183417601076
2025-09-29 18:00:00,104525,14905,48706,29174,1113,1938,6679,1793,222,26.7,58.718845,104530,60.85430020089926
2025-09-29 17:00:00,101278,14980,46233,29201,1197,1962,6993,560,225,25.55,64.651085,101351,60.397036043058286
2025-09-29 16:00:00,98629,14615,44174,29228,1157,1984,6959,365,227,23.95,72.257195,98709,59.55789239076478
2025-09-29 15:00:00,95661,14036,42853,29246,779,2167,6382,386,246,21.8,80.020485,96095,59.200790884021025
2025-09-29 14:00:00,93474,14409,42574,29261,325,1841,4819,310,313,19.4,86.28831,93852,60.71580786770661
2025-09-29 13:00:00,91611,15612,43627,29271,327,1752,1656,278,409,17.15,90.60486,92932,63.74445831360565
2025-09-29 12:00:00,88697,14368,43223,29279,330,1605,87,274,470,16.2,92.603615,89636,64.24985496898567
2025-09-29 11:00:00,84552,12524,41300,29269,273,1464,30,280,535,16.0,91.70147,85675,62.82346075284505
2025-09-29 10:00:00,79655,11613,38614,29267,222,1548,30,255,644,16.4,90.55296,82193,61.1086102222817
2025-09-29 09:00:00,76532,11062,36594,29259,216,1519,29,243,870,16.8,88.85058,79792,59.725285742931625
2025-09-29 08:00:00,75804,10928,36113,29281,215,1597,30,249,1141,17.1,87.177345,79554,59.130904794227824
2025-09-29 07:00:00,77024,11340,36716,29290,218,1686,30,249,1339,17.65,83.93019,80868,59.42523618736707
2025-09-29 06:00:00,79304,12330,37452,29280,218,1801,29,235,1501,18.15,80.28986,82846,60.08980518069671
2025-09-29 05:00:00,82640,13316,38683,29270,217,1828,30,228,1793,18.7,78.576096,85365,60.91372342294852
2025-09-29 04:00:00,86411,14125,41052,29246,868,2250,30,327,1933,19.45,79.19016,89831,61.4231167414367
2025-09-29 03:00:00,91651,14950,44054,29229,922,2468,30,1455,1677,20.45,75.633,94785,62.25035606899826
2025-09-29 02:00:00,97986,16063,47728,29203,947,2616,30,2841,1330,21.55,70.69014,100758,63.31110184799223
2025-09-29 01:00:00,103749,16699,51791,29165,1206,2602,31,3431,1163,23.2,63.737953,106088,64.55961088907323
2025-09-29 00:00:00,107478,16900,53836,29119,1472,2541,136,3706,685,23.1,73.0186,108395,65.25762258406753
2025-09-28 23:00:00,110457,16869,55902,29098,1490,2592,1847,3542,329,24.75,70.61792,111669,65.16669800929533
2025-09-28 22:00:00,112853,16531,54188,29084,1282,2584,5535,3359,221,27.3,57.94511,112784,62.70304298482054
2025-09-28 21:00:00,111206,16108,51862,29080,1091,2560,7580,1857,241,28.35,42.51615,110379,61.57874233323367
2025-09-28 20:00:00,107526,15171,49597,29086,915,2532,8313,988,214,28.4,41.309135,106816,60.635110844817255
2025-09-28 19:00:00,103011,13859,47109,29079,911,2298,8240,1014,202,28.3,41.415585,102712,59.35820546771555
2025-09-28 18:00:00,98299,12960,44662,29057,778,2180,8231,790,201,27.9,45.80685,98859,58.28705530098423
2025-09-28 17:00:00,93550,11652,41724,29038,684,2143,8386,531,101,26.65,59.263363,94259,56.62695339437083
2025-09-28 16:00:00,88808,10501,38989,28965,391,2155,8358,267,93,24.7,68.65072,89719,55.1611141452758
2025-09-28 15:00:00,85676,10088,37160,28973,233,2180,7878,279,180,22.0,77.0868,86971,54.32615469524325
2025-09-28 14:00:00,82281,10102,36587,28969,223,1777,5822,327,473,19.0,85.97574,84280,55.39748457522544
2025-09-28 13:00:00,78947,10206,36901,28948,224,1718,2066,325,819,16.35,91.42834,81207,58.00854606130014
2025-09-28 12:00:00,76144,9822,36575,28773,224,1621,107,341,934,15.9,90.51812,78397,59.182111560391334
2025-09-28 11:00:00,74698,9540,36091,28611,224,1559,30,355,1002,15.8,89.05728,77412,58.94564150260941
2025-09-28 10:00:00,73348,9509,35614,28539,225,1543,30,262,1007,16.15,88.224915,76729,58.808273273468956
2025-09-28 09:00:00,73296,9875,35374,28480,225,1552,30,248,1175,16.65,86.295166,76959,58.79624215491366
2025-09-28 08:00:00,74164,10321,35529,28404,222,1707,30,233,1147,17.0,84.40039,77593,59.090381864343435
2025-09-28 07:00:00,75847,10925,36829,28377,219,1839,30,239,979,17.3,83.081505,79437,60.11556327655878
2025-09-28 06:00:00,78119,11874,37276,28390,216,1795,30,242,1091,17.65,82.057556,80914,60.743505450231105
2025-09-28 05:00:00,80803,12308,39267,28460,214,1749,30,286,1105,18.15,80.031364,83419,61.826442417195125
2025-09-28 04:00:00,84661,12723,41688,28622,801,2090,30,445,1011,18.9,76.11419,87410,62.24802654158563
2025-09-28 03:00:00,88668,13122,44090,29003,873,2383,30,859,838,19.65,73.822426,91198,62.733831882278125
2025-09-28 02:00:00,93228,13854,46270,29260,921,2500,30,1989,683,21.35,66.68848,95507,62.952453746845784
2025-09-28 01:00:00,97104,14736,48508,29288,973,2484,32,2952,613,21.8,67.860176,99586,63.50691864318277
2025-09-28 00:00:00,99973,14721,49833,29275,979,2538,156,3628,728,21.5,67.79976,101858,63.37646527518702
2025-09-27 23:00:00,101558,14019,49240,29264,983,2576,1913,3685,866,23.45,62.783142,102546,61.68841300489536
2025-09-27 22:00:00,102453,13706,49340,29269,962,2584,4597,2284,877,25.1,50.98301,103619,60.84405369671585
2025-09-27 21:00:00,101802,13391,49059,29265,901,2600,5727,1229,886,25.5,47.11128,103058,60.59694540938112
2025-09-27 20:00:00,100516,13227,48121,29265,934,2488,6118,1084,827,25.6,47.291927,102064,60.10738360244553
2025-09-27 19:00:00,98433,12334,47074,29271,997,2276,6467,937,722,25.55,48.681175,100078,59.36169787565698
2025-09-27 18:00:00,95845,11411,45464,29292,989,2101,6675,792,541,25.3,50.870667,97265,58.47427132061893
2025-09-27 17:00:00,94500,11431,44573,29311,985,2137,6684,521,378,24.75,53.594143,96020,58.32534888564882
2025-09-27 16:00:00,92167,10980,43044,29342,841,2239,6670,326,243,23.3,68.809746,93685,57.665581469819074
2025-09-27 15:00:00,89238,10291,41275,29379,599,2195,6333,331,247,21.1,77.193146,90650,56.884721456150025
2025-09-27 14:00:00,85755,10480,39680,29405,208,1632,4950,328,445,18.65,83.77495,87128,57.570471031126615
2025-09-27 13:00:00,82460,10479,39385,29419,209,1604,1743,311,497,16.15,88.797646,83647,59.612418855428174
2025-09-27 12:00:00,79551,10367,38288,29419,209,1520,82,313,430,14.8,93.12946,80628,60.34504142481521
2025-09-27 11:00:00,77811,10203,37403,29415,212,1445,31,338,470,14.7,92.21972,79517,59.8689588389904
2025-09-27 10:00:00,76392,10196,36919,29404,212,1419,31,291,484,14.95,90.45139,78956,59.67247580931152
2025-09-27 09:00:00,75931,10372,37254,29393,212,1444,31,277,627,15.3,88.43944,79610,59.82414269564125
2025-09-27 08:00:00,76691,10527,37512,29383,211,1547,31,264,808,15.6,86.4726,80283,59.83707634243862
2025-09-27 07:00:00,78468,11097,37510,29295,212,1646,31,266,1014,16.0,85.672195,81071,59.95608787359228
2025-09-27 06:00:00,80791,12296,38507,29307,213,1730,31,265,989,16.35,86.545525,83338,60.96018622957114
2025-09-27 05:00:00,84608,13693,40801,29357,338,1638,31,284,917,17.4,82.29187,87059,62.594332579055575
2025-09-27 04:00:00,89110,14237,43357,29227,1264,2232,31,438,731,18.0,79.495445,91517,62.932569905044964
2025-09-27 03:00:00,93714,14351,46705,29239,1465,2476,31,778,458,18.6,77.55485,95503,63.930975990283024
2025-09-27 02:00:00,98625,14087,49901,29307,1524,2463,31,2476,278,19.9,71.75565,100067,63.945156744980856
2025-09-27 01:00:00,103427,14364,51768,29291,1891,2496,94,3965,179,20.85,68.76742,104048,63.5591265569737
2025-09-27 00:00:00,107345,14667,53741,29270,2062,2445,284,4322,171,20.4,73.24378,106962,63.95542342140199
2025-09-26 23:00:00,111070,14615,54635,29262,1985,2552,2176,4495,150,21.7,72.54224,109870,63.02903431327933
2025-09-26 22:00:00,114632,14504,54579,29256,1867,2564,5961,4219,214,23.65,54.18621,113164,61.04679933547771
2025-09-26 21:00:00,114228,14502,53267,29253,1790,2579,7882,3442,253,24.05,52.898327,112968,59.98955456412436
2025-09-26 20:00:00,111814,13862,52027,29267,1748,2566,8725,2164,262,24.1,54.300198,110621,59.562831650409954
2025-09-26 19:00:00,108832,13478,51415,29288,1708,2557,9117,1041,245,23.95,56.589058,108849,59.617451699142855
2025-09-26 18:00:00,105952,12858,50211,29313,1443,2458,9058,748,249,23.35,59.62319,106338,59.30993624104271
2025-09-26 17:00:00,102305,12279,47712,29334,1332,2402,9141,714,292,22.65,65.05962,103206,58.127434451485385
2025-09-26 16:00:00,100253,11538,46529,29364,1352,2405,8892,383,250,21.5,74.61027,100713,57.65591333790076
2025-09-26 15:00:00,97443,11410,45097,29386,914,2395,8083,368,188,19.75,83.89959,97841,57.75390684886704
2025-09-26 14:00:00,94797,11967,45347,29414,239,1872,5407,554,305,17.75,90.069916,95105,60.263918826560115
2025-09-26 13:00:00,91701,12147,45620,29424,230,1736,2162,697,342,16.1,92.8966,92358,62.54682864505511
2025-09-26 12:00:00,89472,11747,45254,29419,223,1571,142,1025,314,14.85,95.88976,89695,63.5498076815876
2025-09-26 11:00:00,86324,11114,43450,29417,226,1416,15,709,303,14.4,96.18754,86650,62.97057126370456
2025-09-26 10:00:00,82150,10733,40252,29406,225,1422,15,333,367,15.25,95.285126,82753,61.61105941778546
2025-09-26 09:00:00,79714,10643,38759,29405,221,1541,15,273,397,15.6,95.6049,81254,60.799468333866635
2025-09-26 08:00:00,79711,11164,39291,29396,219,1675,15,273,423,15.8,95.30468,82456,61.190210536528575
2025-09-26 07:00:00,81143,11931,39444,29381,218,1725,15,274,462,16.05,95.00811,83450,61.56381066506891
2025-09-26 06:00:00,83701,12885,40026,29380,217,1745,15,275,570,16.7,94.427025,85113,62.16559162525114
2025-09-26 05:00:00,86994,14168,43116,29380,261,1883,15,285,879,16.75,94.73127,89987,63.658083945458785
2025-09-26 04:00:00,91273,14433,47018,29369,1102,2342,15,363,1222,17.2,94.447845,95864,64.1022698823333
2025-09-26 03:00:00,95874,14447,50796,29367,1744,2518,15,617,1156,17.55,94.462364,100660,64.81521955096365
2025-09-26 02:00:00,101638,14150,54025,29346,2590,2519,15,2668,1077,18.45,91.55983,106390,64.08027070213366
2025-09-26 01:00:00,106612,14480,56069,29324,3063,2470,16,4449,994,19.15,92.181595,110865,63.63505163938123
2025-09-26 00:00:00,109260,14526,56938,29311,2441,2570,109,4520,1062,18.3,93.89817,111477,64.10649730437669
2025-09-25 23:00:00,110273,14221,56468,29282,2154,2514,1533,4244,1611,19.1,89.03492,112027,63.099966972247756
2025-09-25 22:00:00,111158,14175,54831,29251,1689,2525,4825,3367,1816,18.95,89.02302,112479,61.35011868882191
2025-09-25 21:00:00,110228,14174,54371,29258,1810,2469,5428,2544,1776,22.5,71.77055,111830,61.293928284002504
2025-09-25 20:00:00,108291,14047,53705,29270,1871,2549,5474,1157,1701,22.95,68.09028,109774,61.719532858418205
2025-09-25 19:00:00,106403,13820,52891,29277,1637,2579,5640,817,1958,22.95,69.178246,108619,61.417431572745095
2025-09-25 18:00:00,106280,13374,52706,29305,1603,2593,5930,913,1750,22.8,71.37267,108174,61.08676761513857
2025-09-25 17:00:00,104725,13689,51383,29348,1599,2542,6105,482,1508,22.85,73.66727,106656,61.011101110111014
2025-09-25 16:00:00,103860,14399,51555,29444,1558,2494,5369,317,1178,21.4,82.51848,106314,62.03698478093196
2025-09-25 15:00:00,101733,14739,50634,29584,1191,2379,4644,211,793,20.5,90.2663,104175,62.75305975521959
2025-09-25 14:00:00,99131,15473,49614,29632,369,1901,3237,256,827,19.75,92.795166,101309,64.2460196033916
2025-09-25 13:00:00,96277,15260,48725,29680,240,1789,1160,534,1242,18.85,95.11176,98630,64.8737706580148
2025-09-25 12:00:00,94135,14670,47880,29727,226,1643,138,682,1323,18.75,97.527145,96289,64.96069125237565
2025-09-25 11:00:00,90053,13551,45406,29777,229,1541,32,263,1227,18.7,99.06592,92026,64.06559015930281
2025-09-25 10:00:00,85168,12543,42455,29843,229,1584,32,181,1137,18.8,99.06666,88004,62.494886596063814
2025-09-25 09:00:00,82419,12329,40838,30148,229,1499,32,170,966,18.85,98.757706,86211,61.6707844706592
2025-09-25 08:00:00,81978,12831,40171,30246,226,1511,32,168,877,18.8,97.52807,86062,61.58583346889451
2025-09-25 07:00:00,82897,13522,40761,30304,222,1580,32,161,921,19.2,96.323395,87503,62.03558735129081
2025-09-25 06:00:00,85099,14426,40848,30354,219,1609,32,158,1268,19.3,95.12816,88914,62.16568819308546
2025-09-25 05:00:00,87767,15316,41621,30366,221,1676,32,174,1609,19.45,94.24465,91015,62.557820139537434
2025-09-25 04:00:00,90612,15967,43495,30371,1134,1949,32,195,2029,19.75,93.08604,95172,62.47846005127558
2025-09-25 03:00:00,95196,16276,45880,30360,1451,2128,32,865,2249,19.7,93.375244,99241,62.631372114347904
2025-09-25 02:00:00,100771,16528,49201,30357,1871,2249,32,2319,2338,20.45,89.70037,104895,62.66170932837599
2025-09-25 01:00:00,104991,16636,51919,30342,2123,2296,32,3248,2028,21.15,85.91858,108624,63.11220356458978
2025-09-25 00:00:00,106760,16673,52329,30328,1998,2256,123,3982,1683,21.7,83.072624,109372,63.0892733057821
2025-09-24 23:00:00,106919,16410,51375,30320,1778,2226,1003,3772,1553,23.0,75.565796,108437,62.51095105914033
2025-09-24 22:00:00,107327,15790,50952,30302,1754,2248,2892,4077,1451,24.25,66.02106,109466,60.97052966217821
2025-09-24 21:00:00,106993,15501,50992,30263,1730,2322,3980,3599,1499,24.25,67.069855,109886,60.51089310740222
2025-09-24 20:00:00,106739,15864,51466,30134,1578,2411,4769,2198,1277,24.1,67.46328,109697,61.37815984028734
2025-09-24 19:00:00,106323,15584,51086,30066,1476,2528,5645,1398,1164,24.35,67.30153,108947,61.194892929589614
2025-09-24 18:00:00,105148,15443,49607,30147,1474,2474,6346,813,1011,23.75,71.09828,107315,60.61594371709453
2025-09-24 17:00:00,103785,15840,48354,30290,1453,2450,6049,491,844,23.15,75.58987,105771,60.6914938877386
2025-09-24 16:00:00,102225,15808,48032,30287,1345,2547,5522,353,938,21.0,85.63518,104832,60.89743589743589
2025-09-24 15:00:00,99471,15790,47607,30294,764,2583,4738,242,957,20.45,87.75609,102975,61.56542850206361
2025-09-24 14:00:00,97431,16262,47824,30351,389,1995,3079,199,861,20.15,89.678055,100960,63.47662440570523
2025-09-24 13:00:00,95064,15812,47566,30393,393,1780,1278,205,794,20.05,95.74937,98221,64.52591604646665
2025-09-24 12:00:00,92809,14738,45604,30397,360,1781,281,219,760,18.9,96.61759,94140,64.09815168897387
2025-09-24 11:00:00,89142,13609,43037,30395,228,1773,95,330,699,18.75,96.91739,90166,62.82412439278664
2025-09-24 10:00:00,84301,12711,41046,30401,227,1685,95,215,701,18.6,97.21868,87081,61.73218038378062
2025-09-24 09:00:00,81618,12160,40263,30399,223,1568,95,212,741,18.6,97.524345,85661,61.198211554849934
2025-09-24 08:00:00,81351,12142,40104,30389,225,1528,95,226,732,18.7,96.309586,85441,61.148628878407315
2025-09-24 07:00:00,82878,12822,40202,30381,221,1598,95,213,834,19.6,89.63696,86366,61.394530254961445
2025-09-24 06:00:00,85031,13973,40155,30379,218,1813,95,219,943,20.0,91.65503,87795,61.65271370806994
2025-09-24 05:00:00,88515,15314,41244,30376,339,2166,95,210,1072,20.0,91.65503,90816,62.27757223396758
2025-09-24 04:00:00,92843,16071,44083,30359,1030,2319,95,221,1243,20.25,89.405075,95421,63.04063046918393
2025-09-24 03:00:00,97896,16911,47869,30357,1187,2862,95,296,1247,20.55,87.21653,100824,64.25057525985876
2025-09-24 02:00:00,103688,17223,51954,30327,1480,2981,95,1752,1349,21.25,84.067375,107161,64.55426881048143
2025-09-24 01:00:00,108740,17450,54186,30292,1610,2948,96,4395,1306,21.65,81.77668,112283,63.799506603849196
2025-09-24 00:00:00,111710,17749,54719,30266,1711,2963,156,4550,1143,22.3,77.37512,113257,63.98544902301845
2025-09-23 23:00:00,113105,17723,54352,30247,1687,3073,1487,4338,710,23.2,76.78816,113617,63.43680963236136
2025-09-23 22:00:00,114822,17493,53908,30249,1537,3028,4977,3685,699,24.45,63.807774,115576,61.77839689901018
2025-09-23 21:00:00,114624,17659,53236,30251,1531,2908,6802,3355,713,24.9,61.13878,116455,60.877592202996865
2025-09-23 20:00:00,112760,17595,52414,30268,1360,2786,7517,2846,797,25.0,61.94077,115583,60.57032608601611
2025-09-23 19:00:00,109719,16676,50122,30280,1312,2504,8342,1882,917,24.5,63.81864,112035,59.62243941625385
2025-09-23 18:00:00,105925,15791,47908,30303,1228,2189,8608,1642,660,24.3,66.86914,108329,58.80142898023614
2025-09-23 17:00:00,101788,15424,46024,30328,1265,2036,8178,472,468,23.4,71.03389,104195,58.97403906137531
2025-09-23 16:00:00,98662,14585,44766,30357,1068,2221,7359,171,522,22.05,78.315865,101049,58.73487120110046
2025-09-23 15:00:00,96520,14361,44077,30373,785,1835,6424,170,642,21.25,82.500374,98667,59.22750260978849
2025-09-23 14:00:00,94106,14105,43453,30392,385,1580,5249,275,936,20.6,85.863846,96375,59.72295719844358
2025-09-23 13:00:00,91985,13952,43010,30437,390,1597,2141,637,1448,19.45,92.19876,93612,60.84903644831859
2025-09-23 12:00:00,89817,13205,41743,30446,355,1476,193,641,1315,18.75,94.51167,89374,61.48096761921812
2025-09-23 11:00:00,86156,12318,40515,30440,226,1383,15,397,1053,18.85,94.81336,86347,61.186839149015015
2025-09-23 10:00:00,81870,11719,37655,30440,228,1306,15,415,1353,18.95,94.817215,83131,59.39300621909997
2025-09-23 09:00:00,79168,11530,36349,30439,226,1299,15,347,1935,19.0,94.52187,82140,58.28950572193815
2025-09-23 08:00:00,78679,11514,35613,30439,225,1322,15,313,2370,19.1,93.93427,81811,57.604723081248245
2025-09-23 07:00:00,80005,12341,36081,30456,222,1380,15,144,2306,19.35,93.35812,82945,58.37844354692868
2025-09-23 06:00:00,82054,13474,35837,30452,221,1446,15,143,2625,19.5,93.65844,84213,58.55509244415945
2025-09-23 05:00:00,85445,15316,38143,30456,251,1481,15,142,2788,19.7,93.961136,88592,60.3429203539823
2025-09-23 04:00:00,88724,15222,40270,30457,1064,1448,15,176,2840,19.4,94.24254,91492,60.65229746863113
2025-09-23 03:00:00,93225,16464,43349,30453,1144,2017,15,923,2236,19.75,94.2574,96601,61.91757849297627
2025-09-23 02:00:00,98909,17405,47212,30429,1397,2109,15,2504,1311,19.95,94.85559,102382,63.113633255845755
2025-09-23 01:00:00,103823,17755,50757,30410,1433,2246,15,4115,862,19.8,96.64035,107593,63.67700500961958
2025-09-23 00:00:00,106481,17625,52348,30383,1424,2294,68,4583,725,21.7,87.86457,109450,63.93147555961626
2025-09-22 23:00:00,107375,17405,51895,30366,1410,2165,1083,4324,765,22.6,80.62978,109413,63.337994571029036
2025-09-22 22:00:00,108179,16936,50858,30350,1360,2035,3160,4630,780,23.3,78.74119,110109,61.56989891834455
2025-09-22 21:00:00,107100,16604,49490,30339,1315,1925,5051,3532,691,23.8,74.98969,108947,60.66619548954997
2025-09-22 20:00:00,104996,16638,48193,30370,1260,1972,6401,1579,615,24.6,70.81076,107028,60.57386852038719
2025-09-22 19:00:00,103570,16860,48318,30370,1343,1929,6648,864,649,25.25,66.64385,106981,60.9248371206102
2025-09-22 18:00:00,101777,16338,46849,30407,1440,1838,7027,637,735,25.75,64.28992,105271,60.02317827321865
2025-09-22 17:00:00,99172,15400,45006,30422,1289,1698,7369,464,924,24.25,70.52497,102572,58.89131536871661
2025-09-22 16:00:00,96716,14819,43630,30432,1227,1593,7153,231,834,23.7,71.98677,99919,58.49638206947627
2025-09-22 15:00:00,94696,14709,43236,30455,797,1195,6351,194,1059,22.3,79.58874,97996,59.12996448834647
2025-09-22 14:00:00,92733,14153,43520,30498,225,1109,5352,192,1308,20.9,85.89376,96357,59.85346160631817
2025-09-22 13:00:00,91060,14121,42818,30503,228,1123,2706,199,2029,20.35,89.133224,93727,60.749837293415986
2025-09-22 12:00:00,88492,13580,42810,30504,230,1131,310,203,1924,19.0,90.1599,90692,62.177479821814494
2025-09-22 11:00:00,84901,12570,40118,30502,232,1136,15,196,1763,18.9,90.15276,86532,60.88845744926732
2025-09-22 10:00:00,80418,12025,37362,30505,230,1134,15,170,1642,19.25,88.48597,83083,59.44296667188234
2025-09-22 09:00:00,76997,11057,36025,30501,227,1133,15,157,1807,20.0,84.99531,80922,58.18195299176985
2025-09-22 08:00:00,76195,11155,35297,30515,221,1128,15,142,1963,20.2,85.01642,80436,57.750261077129636
2025-09-22 07:00:00,77166,11940,36212,30522,220,1122,15,140,1856,20.5,85.31589,82027,58.70262230728906
2025-09-22 06:00:00,78975,12168,36423,30520,217,1127,15,137,2544,21.0,82.211075,83151,58.43706028790995
2025-09-22 05:00:00,81675,12648,36892,30509,272,1130,15,131,3675,21.2,79.93884,85272,58.09644431935453
2025-09-22 04:00:00,84372,14122,37286,30504,470,1127,15,183,3699,21.15,80.69152,87406,58.81518431228977
2025-09-22 03:00:00,88745,16050,40395,30492,549,1200,15,746,3025,21.25,80.19799,92472,61.04009862444848
2025-09-22 02:00:00,93891,16401,44673,30478,619,1670,15,2215,2860,21.75,77.53597,98931,61.733935773417834
2025-09-22 01:00:00,98189,16282,47705,30455,622,1637,15,4000,2651,21.9,76.58729,103367,61.902734915398526
2025-09-22 00:00:00,100242,16262,49114,30446,620,1695,101,4805,2271,21.7,80.51086,105314,62.0772167043318
2025-09-21 23:00:00,100694,15498,48184,30442,585,1703,1616,4449,2170,24.65,60.694824,104647,60.85410953013465
2025-09-21 22:00:00,101702,14831,45803,30436,537,1712,4380,3384,2603,27.45,48.404938,103686,58.4784831124742
2025-09-21 21:00:00,100516,15567,44923,30416,537,1668,5152,1791,2315,27.75,46.807003,102369,59.09015424591429
2025-09-21 20:00:00,98888,14758,44836,30427,535,1586,5980,634,2103,27.65,48.303345,100859,59.086447416690625
2025-09-21 19:00:00,96880,13969,43636,30436,508,1579,6752,287,1836,30.05,40.706455,99003,58.185105501853485
2025-09-21 18:00:00,94498,13742,42329,30458,543,1084,7469,362,1250,28.9,44.91452,97237,57.664263603360865
2025-09-21 17:00:00,91522,13226,40459,30482,547,990,7464,187,908,28.1,47.808903,94263,56.95235670411508
2025-09-21 16:00:00,88859,12871,38801,30499,552,976,7128,184,1085,26.65,51.715965,92096,56.10667129951356
2025-09-21 15:00:00,85630,12937,37332,30527,490,991,6373,185,1114,24.75,57.516365,89949,55.88611324194821
2025-09-21 14:00:00,82872,12656,36654,30544,209,1027,5045,188,1359,22.8,64.05925,87682,56.237312105107094
2025-09-21 13:00:00,79801,12065,36398,30556,202,1025,2228,187,1607,20.9,71.25003,84268,57.51056154174776
2025-09-21 12:00:00,76957,11580,35961,30564,200,1035,172,189,1512,19.85,69.239395,81213,58.53865760407817
2025-09-21 11:00:00,75466,10893,35622,30557,199,1041,15,200,1650,19.65,68.75232,80177,58.01539094752859
2025-09-21 10:00:00,74606,10934,34640,30560,198,1038,15,176,1896,19.95,67.26635,79457,57.356809343418455
2025-09-21 09:00:00,74727,11422,35052,30553,188,1018,15,164,1564,20.1,67.07902,79976,58.10993297989396
2025-09-21 08:00:00,75504,11575,34835,30547,170,1025,15,157,1775,20.55,66.30721,80099,57.94079826215059
2025-09-21 07:00:00,77179,13360,35199,30544,144,1036,15,140,1586,20.8,67.00609,82024,59.20096557105238
2025-09-21 06:00:00,79381,14061,35850,30535,124,1032,15,139,1789,21.4,65.421936,83545,59.741456699982045
2025-09-21 05:00:00,81791,14925,37471,30522,162,1029,15,138,1829,22.1,62.279846,86091,60.86118177277532
2025-09-21 04:00:00,84966,15048,39744,30511,428,1024,15,208,2118,22.9,58.943504,89096,61.497710334919645
2025-09-21 03:00:00,88810,15357,43208,30498,417,1021,15,878,2255,23.65,55.42961,93649,62.53670621149185
2025-09-21 02:00:00,93621,15789,47117,30489,479,1416,15,2464,1485,25.3,45.54405,99254,63.37880589195398
2025-09-21 01:00:00,97375,15865,48940,30471,481,1607,15,4164,1181,27.6,41.08741,102724,63.08652311047077
2025-09-21 00:00:00,99957,15646,48804,30447,477,1579,143,4609,1289,27.8,43.900997,102994,62.57646076470474
2025-09-20 23:00:00,102409,15552,49117,30425,474,1567,2021,4340,987,29.45,30.883467,104483,61.89427945215969
2025-09-20 22:00:00,104642,15272,47681,30419,404,1554,5654,3964,704,30.25,28.146658,105652,59.58524211562488
2025-09-20 21:00:00,104255,14853,46534,30420,393,1545,7736,3430,1048,30.6,27.959896,105959,57.93467284515709
2025-09-20 20:00:00,102731,15200,46613,30439,395,1473,8082,1790,562,30.55,28.607782,104554,59.120645790691896
2025-09-20 19:00:00,99991,14824,44319,30450,398,1526,8564,1130,322,30.4,29.633995,101533,58.25002708479017
2025-09-20 18:00:00,97316,14003,43426,30458,398,1012,9428,461,234,29.65,34.165607,99420,57.76403138201569
2025-09-20 17:00:00,94432,12886,41834,30487,401,956,9677,316,192,28.25,41.806427,96749,56.55872412117955
2025-09-20 16:00:00,91436,12170,39453,30514,398,966,9722,294,267,26.25,51.28274,93784,55.04457050243112
2025-09-20 15:00:00,87795,11185,38161,30545,354,986,9020,185,278,23.75,61.461914,90714,54.39733668452499
2025-09-20 14:00:00,84792,11181,37331,30574,85,997,7098,184,528,21.2,71.30542,87978,55.14105799177067
2025-09-20 13:00:00,82174,11833,37499,30598,86,1000,3694,184,1051,18.9,81.167755,85945,57.39949968002792
2025-09-20 12:00:00,80007,12460,37786,30594,88,1002,413,189,1386,19.2,82.25017,83918,59.87511618484711
2025-09-20 11:00:00,78540,12003,37471,30588,91,1003,15,202,1455,18.75,84.32288,82828,59.73100883759115
2025-09-20 10:00:00,77491,12070,36682,30581,94,1003,15,188,1521,19.45,80.208885,82154,59.34221096964238
2025-09-20 09:00:00,77442,12161,36867,30571,95,1006,15,172,1496,20.15,76.80203,82383,59.51227801852323
2025-09-20 08:00:00,78578,12549,37197,30548,93,1006,15,170,1418,20.9,73.09714,82996,59.937828329076105
2025-09-20 07:00:00,80440,13749,38127,30589,89,1003,15,162,1556,21.55,70.24012,85290,60.82307421737602
2025-09-20 06:00:00,83217,14929,39489,30690,87,1001,15,142,1507,22.15,67.93045,87860,61.93717277486911
2025-09-20 05:00:00,87050,16042,41493,30774,296,1160,15,142,1292,22.85,66.36006,91214,63.076939943429736
2025-09-20 04:00:00,91051,16308,44219,30844,1310,1512,15,180,1206,23.55,64.01791,95594,63.31673535995983
2025-09-20 03:00:00,96797,16576,48007,30910,1395,1627,15,1004,1388,24.15,59.050568,100922,63.99298468123897
2025-09-20 02:00:00,103063,16864,51321,30880,1513,2153,15,2427,1713,25.3,45.69341,106886,63.79226465580151
2025-09-20 01:00:00,108756,17322,54409,30860,1525,2262,17,3786,1452,26.45,44.6805,111633,64.25608914926589
2025-09-20 00:00:00,113266,17406,56565,30845,1849,2445,176,4418,1093,27.15,37.10937,114797,64.4363528663641
2025-09-19 23:00:00,118519,17359,58924,30836,1887,2651,2559,4309,928,29.8,28.690819,119453,63.86026303232234
2025-09-19 22:00:00,122368,17230,57508,30834,1759,2630,6560,4546,721,30.8,26.73095,121788,61.36729398627122
2025-09-19 21:00:00,122305,17119,56807,30811,1501,2481,8817,4475,535,31.25,26.317322,122546,60.32510241052339
2025-09-19 20:00:00,120036,16742,55779,30811,1446,2508,9550,3655,318,31.2,26.659126,120809,60.02946800321168
2025-09-19 19:00:00,116502,15802,54228,30820,1553,2460,10016,2370,281,30.75,27.628538,117530,59.58478686292862
2025-09-19 18:00:00,111855,15221,52150,30844,1353,2407,10467,687,264,30.05,29.43973,113393,59.41372042365931
2025-09-19 17:00:00,106122,14459,47141,30874,1278,2410,10695,292,213,29.2,32.17757,107362,57.37598032823532
2025-09-19 16:00:00,101621,13921,43982,30924,1253,2341,10794,193,117,27.25,37.881386,103525,55.931417531997106
2025-09-19 15:00:00,98032,13789,42159,30961,980,2160,10455,189,114,24.45,45.761063,100807,55.5001140793794
2025-09-19 14:00:00,94344,14242,41819,31001,107,1444,8612,177,227,21.05,57.737392,97629,57.42248717082015
2025-09-19 13:00:00,91021,14816,42320,31027,85,1245,3946,177,473,17.65,71.105896,94089,60.72548331898522
2025-09-19 12:00:00,88087,14938,42159,31029,86,1251,382,165,503,17.4,73.43097,90513,63.081546297216974
2025-09-19 11:00:00,85316,13268,40464,31030,88,1245,15,141,607,17.05,73.85298,86858,61.8618895208271
2025-09-19 10:00:00,81104,12521,37518,31040,91,1246,15,127,866,17.75,70.196556,83424,59.981540084388186
2025-09-19 09:00:00,78497,12177,36193,31034,93,1245,15,111,1402,18.4,67.16653,82270,58.79421417284551
2025-09-19 08:00:00,78523,12396,36036,31015,93,1251,15,95,1881,19.5,61.68693,82782,58.50547220410234
2025-09-19 07:00:00,79845,12713,36253,31003,91,1248,15,86,2574,20.6,59.553337,83983,58.30465689484776
2025-09-19 06:00:00,82705,14542,37023,30977,89,1232,15,85,2828,21.0,56.784218,86791,59.412842345404485
2025-09-19 05:00:00,86540,16693,39139,30933,208,1228,15,87,2829,21.5,53.99174,91132,61.264978273273925
2025-09-19 04:00:00,91707,17453,42813,30902,1248,1492,15,142,2297,23.05,43.15926,96362,62.541250700483594
2025-09-19 03:00:00,97586,17617,48009,30905,1447,1921,15,190,1978,23.6,41.055687,102082,64.28753355145864
2025-09-19 02:00:00,103669,17458,52370,30883,1571,2636,15,1632,1629,24.85,37.20512,108194,64.53962326931253
2025-09-19 01:00:00,109902,17620,56421,30851,1802,2753,17,3992,1192,26.15,33.63739,114648,64.58115274579582
2025-09-19 00:00:00,113860,17550,58227,30829,2325,2733,263,4376,694,26.75,34.03393,116997,64.76832739301007
2025-09-18 23:00:00,117694,17364,58675,30808,1795,2774,3122,4936,529,28.65,29.252342,120003,63.364249227102654
2025-09-18 22:00:00,119591,17146,56529,30804,1573,2763,7454,3956,723,29.55,27.48893,120948,60.91460793068095
2025-09-18 21:00:00,117993,16897,54457,30806,1508,2555,8932,3759,658,30.1,26.903631,119572,59.67450573712909
2025-09-18 20:00:00,114183,16660,52300,30816,1334,2348,9206,2234,487,30.1,27.917906,115385,59.765134116219606
2025-09-18 19:00:00,110047,16045,49968,30810,1299,2280,9081,839,394,29.7,29.343807,110716,59.62372195527295
2025-09-18 18:00:00,105818,15216,47367,30858,1331,2141,8855,278,235,28.9,31.881159,106281,58.88446664973043
2025-09-18 17:00:00,101330,14838,45025,30888,1357,1913,8861,231,210,27.9,35.0482,103323,57.93772925679664
2025-09-18 16:00:00,97835,14316,42842,30929,1168,1787,8592,229,131,26.3,40.859776,99994,57.16142968578115
2025-09-18 15:00:00,94502,13953,41814,30981,394,1794,7968,127,107,23.4,50.701874,97138,57.41007638617225
2025-09-18 14:00:00,91850,13904,41345,31008,84,1294,6474,109,381,20.05,63.04042,94599,58.40336578610768
2025-09-18 13:00:00,89816,14787,41927,31023,86,1209,2825,116,747,16.95,75.05764,92720,61.16695427092321
2025-09-18 12:00:00,88030,14756,41914,31012,86,1218,208,124,902,17.45,72.24544,90220,62.813123475947684
2025-09-18 11:00:00,85227,13627,40046,30999,89,1227,16,130,982,16.8,76.02384,87116,61.610955507599066
2025-09-18 10:00:00,80399,12224,37872,30996,88,1198,16,123,1101,17.1,73.86166,83618,59.91054557631132
2025-09-18 09:00:00,77380,11369,36349,30993,87,1211,16,124,1290,17.7,72.05442,81439,58.59354854553715
2025-09-18 08:00:00,76952,11841,36675,30996,84,1213,17,122,1111,18.45,66.73661,82059,59.12331371330384
2025-09-18 07:00:00,78126,12593,36756,31083,81,1219,16,116,1119,19.05,66.643135,82983,59.46880686405649
2025-09-18 06:00:00,80317,14781,37221,31203,80,1207,16,119,1088,20.05,62.834435,85715,60.66849442921309
2025-09-18 05:00:00,83503,16493,38955,31313,82,1197,21,123,894,20.75,60.572544,89078,62.246570421428416
2025-09-18 04:00:00,86977,16913,42079,31403,400,1190,34,126,799,22.15,50.872936,92944,63.47047684627303
2025-09-18 03:00:00,92394,17316,47318,31515,411,1305,44,233,642,23.2,51.317905,98784,65.42962423064463
2025-09-18 02:00:00,97659,17219,50455,31594,473,1754,34,1581,389,24.0,49.063553,103499,65.38613899651205
2025-09-18 01:00:00,102914,17156,52411,31645,504,1763,234,3892,228,25.05,41.18853,107833,64.5136461009153
2025-09-18 00:00:00,105173,17016,53929,31639,583,1760,469,4402,99,26.5,34.077972,109897,64.55590234492298
2025-09-17 23:00:00,106773,16896,52782,31619,515,1746,2446,4066,72,28.15,28.91824,110142,63.26197091027945
2025-09-17 22:00:00,107591,16839,51370,31615,482,1725,4749,3130,91,29.2,26.842575,110001,62.00761811256261
2025-09-17 21:00:00,106481,16451,51067,31623,501,1707,5559,1985,130,29.8,27.095955,109023,61.930051457032
2025-09-17 20:00:00,104517,15755,49456,31637,483,1726,5991,1378,171,30.05,27.531712,106597,61.175267596649064
2025-09-17 19:00:00,102700,15683,49115,31652,410,1743,6011,435,181,29.95,28.635685,105230,61.57749691152713
2025-09-17 18:00:00,100666,15392,47407,31660,412,1762,6232,235,174,29.45,31.08987,103274,60.80814144896102
2025-09-17 17:00:00,98659,14799,46558,31677,413,1782,6446,221,84,28.35,36.835636,101980,60.16571876838596
2025-09-17 16:00:00,96277,14268,44184,31713,418,1793,6391,241,82,26.0,46.940556,99090,58.98879806236754
2025-09-17 15:00:00,93655,13756,43050,31745,245,1804,5637,214,80,23.25,55.329548,96531,58.84741689198288
2025-09-17 14:00:00,91073,13817,41878,31766,85,1298,4372,132,158,20.65,63.794567,93506,59.563022693730886
2025-09-17 13:00:00,89078,14828,41648,31775,86,1213,1856,132,303,18.1,73.0755,91841,61.493232869851155
2025-09-17 12:00:00,87582,15122,41616,31784,87,1205,136,131,397,18.1,73.79371,90478,62.709166869294194
2025-09-17 11:00:00,84566,13713,40330,31791,90,1200,18,120,390,17.95,70.92939,87652,61.656322730799076
2025-09-17 10:00:00,79060,11804,38134,31791,93,1185,18,113,550,18.1,69.576,83688,59.67163751075423
2025-09-17 09:00:00,76183,11330,36611,31792,93,1192,18,111,786,18.2,72.14569,81933,58.512443093747336
2025-09-17 08:00:00,75754,11484,36500,31795,92,1193,18,110,1054,18.95,68.166145,82246,58.34204702964277
2025-09-17 07:00:00,77135,12071,36797,31784,90,1191,18,110,1386,19.5,65.22775,83447,58.56172181144919
2025-09-17 06:00:00,79005,12804,37897,31789,88,1200,18,110,1696,20.05,63.04042,85602,59.228756337468745
2025-09-17 05:00:00,82204,13967,39345,31768,85,1198,18,109,2391,20.9,57.700733,88881,59.98132334244664
2025-09-17 04:00:00,85624,15242,41574,31754,81,1209,18,266,2841,22.05,52.726776,92985,61.10232833252675
2025-09-17 03:00:00,90622,16070,45048,31742,275,1309,18,790,2946,23.1,49.47024,98198,62.23955681378439
2025-09-17 02:00:00,96914,16091,51540,31714,471,1834,18,1541,2384,24.05,51.03922,105593,64.04875323174831
2025-09-17 01:00:00,101849,16482,55082,31690,507,1838,19,2904,1822,24.9,50.111336,110344,64.85536141521061
2025-09-17 00:00:00,104500,16426,56186,31671,548,1834,299,3463,1263,26.5,39.458717,111690,65.01208702659146
2025-09-16 23:00:00,105887,16201,55306,31665,662,1820,2105,3270,889,28.7,31.403255,111918,63.89231401561858
2025-09-16 22:00:00,106847,16327,54505,31682,744,1803,3944,3085,741,29.3,29.728455,112831,62.777073676560526
2025-09-16 21:00:00,106472,16192,54075,31676,643,1797,4849,2350,677,29.95,29.216444,112259,62.59364505295789
2025-09-16 20:00:00,104893,15777,52832,31682,468,1781,5745,1491,687,30.05,29.341627,110463,62.110389904311845
2025-09-16 19:00:00,103476,15529,51796,31684,453,1799,6064,924,721,29.6,31.443266,108970,61.783059557676424
2025-09-16 18:00:00,101502,14761,50033,31692,417,1829,6522,1027,789,29.35,33.303825,107070,60.51555057439059
2025-09-16 17:00:00,98694,14134,47687,31700,404,2044,6695,246,625,27.9,40.637783,103535,59.71024291302458
2025-09-16 16:00:00,96228,13251,45817,31725,410,2196,6434,181,601,25.6,48.85259,100615,58.70695224370124
2025-09-16 15:00:00,94003,12889,44816,31744,147,2190,5737,205,590,22.85,57.611652,98318,58.69220285197013
2025-09-16 14:00:00,91500,12803,43664,31776,83,1592,4105,221,990,20.1,65.56966,95234,59.29289959468257
2025-09-16 13:00:00,89775,13227,43948,31795,83,1393,1753,237,1582,17.8,72.072716,94018,60.812823076432174
2025-09-16 12:00:00,88573,13337,44190,31799,82,1254,170,224,1794,18.5,67.40825,92850,61.95691976305869
2025-09-16 11:00:00,85515,11717,42937,31791,81,1239,45,235,2063,17.8,72.072716,90108,60.65388200825675
2025-09-16 10:00:00,80436,10685,38937,31786,82,1231,45,144,2728,17.95,72.100105,85638,57.943903407365895
2025-09-16 09:00:00,77778,10592,37884,31778,83,1230,45,143,2949,18.5,68.07519,84704,57.22988288628636
2025-09-16 08:00:00,77495,11129,36523,31770,82,1184,45,138,3416,19.2,64.10218,84287,56.53540878189993
2025-09-16 07:00:00,79102,11718,37538,31754,81,1208,45,139,3817,19.8,60.548798,86300,57.07531865585168
2025-09-16 06:00:00,81497,12341,39281,31734,81,1237,45,138,4001,20.55,56.86,88858,58.094937990951856
2025-09-16 05:00:00,85415,13773,41255,31729,107,1228,45,136,4304,21.35,53.59801,92577,59.44024973805588
2025-09-16 04:00:00,89754,14309,43627,31714,1168,1221,46,180,4315,22.3,49.58335,96580,59.98757506730173
2025-09-16 03:00:00,94783,14636,47615,31686,1427,1261,47,726,4220,23.2,47.575634,101618,61.25981617429983
2025-09-16 02:00:00,101959,15484,53604,31670,1512,1877,47,1676,3584,24.6,43.303474,109454,63.12058033511795
2025-09-16 01:00:00,107995,15927,58916,31653,1569,1988,47,3235,2261,26.2,37.586315,115596,64.74531990726324
2025-09-16 00:00:00,111037,15983,60256,31636,1563,1990,377,3803,1770,27.65,31.427416,117378,64.95169452537954
2025-09-15 23:00:00,113601,15661,59262,31609,1553,2029,2738,3957,1358,29.15,28.131126,118167,63.404334543485064
2025-09-15 22:00:00,115332,15504,58227,31581,1530,1970,5493,3901,860,30.15,26.37763,119066,61.92447886046395
2025-09-15 21:00:00,115066,15224,57374,31569,1517,1943,6810,3758,611,30.7,25.81978,118806,61.10634143056748
2025-09-15 20:00:00,113375,15145,56636,31584,1469,1935,7551,3289,576,31.3,25.719044,118185,60.7361340271608
2025-09-15 19:00:00,110888,14683,54520,31613,1465,1875,8192,2583,746,31.0,27.145987,115677,59.82433845967652
2025-09-15 18:00:00,108092,14034,51972,31631,1331,1979,8609,1869,768,30.35,30.51926,112193,58.83254748513722
2025-09-15 17:00:00,103990,13949,50179,31655,1015,1757,8712,853,553,29.15,35.74811,108673,59.01005769602386
2025-09-15 16:00:00,99680,13359,47693,31685,717,1569,8930,228,578,27.0,44.68581,104759,58.27852499546579
2025-09-15 15:00:00,96196,12763,45668,31709,511,1522,8593,231,675,24.45,52.149742,101672,57.47009992918404
2025-09-15 14:00:00,93053,12538,44218,31729,82,1441,7082,227,1197,21.6,61.16666,98514,57.612116044420084
2025-09-15 13:00:00,90408,12628,43889,31746,84,1308,3368,228,2337,18.95,69.96914,95588,59.125622463070684
2025-09-15 12:00:00,88085,12278,44263,31743,84,1245,336,225,2634,18.5,69.882195,92808,60.92254978019136
2025-09-15 11:00:00,85254,10901,42834,31735,83,1221,2,203,3172,18.05,71.41428,90151,59.6055506871804
2025-09-15 10:00:00,80613,10229,39614,31725,82,1193,2,185,3791,18.75,67.68103,86821,57.40892180463252
2025-09-15 09:00:00,77531,9898,37382,31724,80,1012,2,173,4315,19.2,65.59183,84586,55.895774714491765
2025-09-15 08:00:00,77083,9662,37386,31744,80,985,2,173,4449,19.55,63.969185,84481,55.69062866206602
2025-09-15 07:00:00,78399,9567,38306,31752,79,998,2,172,4569,20.0,61.8019,85445,56.02785417520042
2025-09-15 06:00:00,80764,9753,39939,31735,79,1083,2,179,4819,20.5,59.92164,87589,56.73315142312391
2025-09-15 05:00:00,84239,10743,42187,31719,78,1179,2,182,4521,21.05,57.35944,90611,58.41454128085994
2025-09-15 04:00:00,87939,12108,45180,31700,83,1186,3,187,4337,21.95,51.838398,94784,60.440580688723834
2025-09-15 03:00:00,93235,12931,48903,31677,966,1205,3,651,4192,23.15,46.317844,100528,61.50923125895274
2025-09-15 02:00:00,99537,13628,52899,31641,1404,1526,3,2118,3727,24.35,42.52205,106946,62.20616011819049
2025-09-15 01:00:00,105441,14310,57573,31632,1553,1687,3,3556,2570,25.25,39.764557,112884,63.67864356330393
2025-09-15 00:00:00,108004,14546,58393,31615,1601,1724,396,4464,1568,26.4,37.021576,114307,63.80974043584382
2025-09-14 23:00:00,110643,14545,57599,31607,1568,1762,3453,4499,1182,28.4,31.742184,116215,62.07804500279654
2025-09-14 22:00:00,111903,14323,56031,31606,1428,1709,6918,3871,912,29.25,29.914473,116798,60.2356204729533
2025-09-14 21:00:00,110061,14244,54265,31612,1204,1647,8342,2791,707,29.7,28.471706,114812,59.67059192418911
2025-09-14 20:00:00,107045,13863,53079,31620,1182,1636,9022,959,661,29.85,26.927052,112022,59.75790469729161
2025-09-14 19:00:00,103129,12623,50391,31643,1188,1364,9194,638,572,29.6,27.875904,107613,58.55612240156859
2025-09-14 18:00:00,98500,11582,47434,31684,877,1176,9514,273,507,29.0,30.656372,103047,57.270954030685026
2025-09-14 17:00:00,93510,10631,45241,31720,117,1141,9722,218,433,28.1,34.412663,99223,56.309525009322435
2025-09-14 16:00:00,88791,9956,42121,31754,81,1099,9585,217,304,26.75,39.52874,95117,54.750465216522805
2025-09-14 15:00:00,85540,9752,40194,31778,82,1107,9095,217,239,24.5,51.32353,92464,54.01669839072504
2025-09-14 14:00:00,81799,9542,38546,31801,82,843,7725,211,441,21.55,62.762497,89191,53.915753831664624
2025-09-14 13:00:00,78364,9555,38908,31823,85,829,3664,210,814,18.5,72.671906,85888,56.42581035767511
2025-09-14 12:00:00,75243,9424,38910,31817,86,833,392,208,899,17.25,76.34543,82569,58.53770785645944
2025-09-14 11:00:00,74320,9335,38600,31815,90,832,3,192,1047,16.85,75.53499,81914,58.51869033376468
2025-09-14 10:00:00,73594,9291,36992,31812,92,812,3,179,1215,17.0,74.57519,80396,57.56878451664262
2025-09-14 09:00:00,73673,9284,37028,31792,90,796,3,163,1403,17.55,72.501015,80559,57.488300500254475
2025-09-14 08:00:00,74787,9277,38415,31764,87,810,3,152,1562,18.35,69.624794,82070,58.111368344096505
2025-09-14 07:00:00,76560,9456,39604,31732,83,1023,3,145,1630,18.6,68.99328,83676,58.63090969931641
2025-09-14 06:00:00,78649,10072,41013,31617,85,1189,3,145,1678,19.2,62.64242,85802,59.5382392018834
2025-09-14 05:00:00,80513,10772,41748,31558,83,1183,3,149,1719,20.0,58.631397,87215,60.218999025397004
2025-09-14 04:00:00,83926,12057,43713,31513,270,1174,3,240,1809,20.7,57.084984,90779,61.43491336101962
2025-09-14 03:00:00,88486,12969,46379,31542,735,1172,3,1040,1912,21.7,53.335297,95752,61.98095078953965
2025-09-14 02:00:00,93347,13008,49226,31668,745,1315,3,2615,1765,22.6,50.991886,100345,62.02003089341771
2025-09-14 01:00:00,97383,13444,51510,31696,740,1337,4,4425,1252,23.75,47.09983,104408,62.21170791510229
2025-09-14 00:00:00,99558,13444,52736,31670,777,1321,157,4824,900,24.85,52.25321,105829,62.5348439463663
2025-09-13 23:00:00,101999,13182,53317,31566,769,1309,2056,4484,920,26.9,37.783176,107603,61.80032155237307
2025-09-13 22:00:00,103348,12624,52005,31427,743,1306,5582,4130,1210,27.35,35.716152,109027,59.27797701486788
2025-09-13 21:00:00,102146,12254,51065,31317,715,1283,7278,2993,1319,27.9,33.789608,108224,58.507355115316386
2025-09-13 20:00:00,99344,11820,49562,31285,717,1269,8153,1531,1289,28.1,33.17594,105626,58.11258591634635
2025-09-13 19:00:00,96415,11497,47359,31264,722,1231,8804,739,1557,28.1,32.95534,103173,57.045932559875155
2025-09-13 18:00:00,93314,10865,44315,31130,421,931,9689,453,1643,27.75,33.973415,99447,55.48684223757378
2025-09-13 17:00:00,90355,10495,42710,31111,82,833,10031,289,1643,26.9,38.0341,97194,54.74103339712328
2025-09-13 16:00:00,87683,10068,41012,31130,83,713,10104,259,1683,25.1,47.776386,95052,53.739006017758705
2025-09-13 15:00:00,84809,9856,38828,31132,84,675,9802,249,1534,22.35,58.24229,92160,52.82552083333333
2025-09-13 14:00:00,82391,9596,36482,31211,85,668,8435,233,2432,18.85,70.86745,89142,51.69056112719033
2025-09-13 13:00:00,79807,9339,36117,31207,86,753,4716,230,3324,15.7,81.27622,85772,52.99631581401856
2025-09-13 12:00:00,77223,9272,37069,31202,87,820,550,223,3771,15.85,90.22228,82994,55.83656649878305
2025-09-13 11:00:00,76037,9311,36511,31193,89,816,3,197,3998,15.2,89.590576,82118,55.80018997053021
2025-09-13 10:00:00,74493,9225,35017,31183,92,760,3,178,4097,15.65,87.61058,80555,54.92148221711874
2025-09-13 09:00:00,74080,8773,35492,31169,95,783,3,161,4293,16.3,85.14848,80769,54.80444229840656
2025-09-13 08:00:00,74804,8777,36140,31162,97,770,3,148,4306,16.65,84.36161,81403,55.17855607287201
2025-09-13 07:00:00,76458,9137,37623,31128,96,800,3,142,4262,17.05,83.59111,83191,56.20800326958445
2025-09-13 06:00:00,79022,9559,38939,31126,94,801,3,144,4451,17.65,81.52931,85117,56.97804198926184
2025-09-13 05:00:00,81970,10426,41326,31137,91,813,3,144,4280,18.7,76.08214,88220,58.66243482203583
2025-09-13 04:00:00,85242,10692,44896,31219,88,807,3,238,4096,19.8,69.00551,92039,60.396136420430466
2025-09-13 03:00:00,90026,11381,47304,31600,104,798,3,1213,3433,21.6,52.60974,95836,61.23481781376518
2025-09-13 02:00:00,95400,11924,51914,31731,856,796,3,2388,2013,22.35,47.029873,101625,62.81722017220173
2025-09-13 01:00:00,100271,12003,55921,31713,958,800,4,4051,833,23.5,45.802853,106283,63.908621322318716
2025-09-13 00:00:00,103826,12088,58047,31695,955,821,476,4565,389,24.3,43.363697,109036,64.322792472211
2025-09-12 23:00:00,107768,12007,57375,31700,938,821,4049,4575,345,26.6,29.68555,111810,62.05348358823003
2025-09-12 22:00:00,109757,11683,55462,31696,918,849,8262,4242,400,27.3,28.586613,113512,59.152336316865174
2025-09-12 21:00:00,108389,11218,53422,31717,912,838,9919,2515,403,27.65,28.488325,110944,58.26362849725988
2025-09-12 20:00:00,105562,11112,52073,31722,909,801,10335,1712,368,27.65,28.780676,109032,57.95087680680901
2025-09-12 19:00:00,102592,10879,50698,31731,907,779,10246,1118,332,27.3,30.597227,106690,57.71581216608867
2025-09-12 18:00:00,99307,10737,48620,31749,849,776,10168,229,295,26.6,33.65067,103423,57.3924562234706
2025-09-12 17:00:00,95905,10125,45893,31769,360,766,10406,240,296,25.5,38.019382,99855,56.09934404887086
2025-09-12 16:00:00,93636,9248,45496,31801,131,771,10765,243,259,23.9,43.396477,98714,55.45717932613409
2025-09-12 15:00:00,91724,9162,43545,31845,132,784,10806,239,412,21.5,50.532295,96925,54.379159143667785
2025-09-12 14:00:00,89534,9310,41028,31895,125,781,9378,227,1208,18.1,61.36262,93952,53.57842302452316
2025-09-12 13:00:00,87720,9565,42722,31910,86,786,4498,219,2005,14.6,73.422485,91791,56.96310095761022
2025-09-12 12:00:00,85791,9711,44470,31907,85,773,530,212,2071,14.75,73.941765,89759,60.36274913936207
2025-09-12 11:00:00,82414,9204,42134,31900,89,780,22,194,2097,14.4,74.37702,86420,59.40523027077066
2025-09-12 10:00:00,77645,8993,38433,31888,91,794,22,174,2309,15.05,70.848465,82704,57.34426388082802
2025-09-12 09:00:00,75376,8966,36925,31890,90,798,22,165,2404,15.6,68.16273,81260,56.47428008860448
2025-09-12 08:00:00,75496,9051,37134,31886,87,785,22,163,2477,16.1,68.721825,81605,56.59579682617487
2025-09-12 07:00:00,76751,9204,38484,31870,85,807,22,164,2485,16.6,66.791084,83121,57.37178330385822
2025-09-12 06:00:00,79200,9734,39748,31848,86,810,22,163,2565,17.5,62.462696,84976,58.23055921672001
2025-09-12 05:00:00,82485,10662,42022,31685,84,899,22,161,2855,18.35,60.407436,88390,59.60402760493268
2025-09-12 04:00:00,85663,11526,44629,31703,81,1045,22,160,3015,19.35,57.510548,92181,60.91819355398618
2025-09-12 03:00:00,90702,11808,47449,31795,640,1230,22,894,2877,20.3,55.680805,96715,61.269709972599905
2025-09-12 02:00:00,97073,12362,51372,31776,746,1634,28,2511,2381,21.45,53.09491,102810,61.9920241221671
2025-09-12 01:00:00,102056,12675,54823,31752,756,1762,40,4150,1501,23.05,44.62618,107459,62.81279371667333
2025-09-12 00:00:00,104713,12428,56282,31740,771,1771,542,4553,794,24.0,43.280186,108881,63.10559234393512
2025-09-11 23:00:00,107406,11899,55888,31732,769,1795,4020,4497,371,25.5,39.047638,110971,61.0853285993638
2025-09-11 22:00:00,108404,11539,53903,31732,762,1694,7978,4037,218,26.5,35.005188,111863,58.50191752411432
2025-09-11 21:00:00,107008,11374,53127,31744,724,1545,8880,3115,174,27.25,31.210316,110683,58.27543525202606
2025-09-11 20:00:00,104197,11437,52150,31757,750,1425,9057,1768,139,27.6,29.26001,108483,58.61471382612944
2025-09-11 19:00:00,101385,10989,49196,31766,698,1355,9215,1551,116,27.5,29.732878,104886,57.381347367618176
2025-09-11 18:00:00,98796,10836,46792,31783,772,1349,9144,579,116,27.15,31.393925,101371,56.84860561699105
2025-09-11 17:00:00,95947,10735,45461,31809,793,1353,8827,164,148,26.4,33.70777,99290,56.5978446973512
2025-09-11 16:00:00,94844,10508,46164,31831,226,1404,8363,152,129,25.15,38.81914,98777,57.373680107717384
2025-09-11 15:00:00,93216,10034,45772,31856,182,1324,7698,289,137,22.9,49.416744,97292,57.35928956132056
2025-09-11 14:00:00,91125,10109,45029,31888,148,1039,6277,295,258,19.6,62.11737,95043,58.0137411487432
2025-09-11 13:00:00,89314,11011,45591,31909,118,940,2822,244,416,16.3,74.210686,93051,60.829007748439025
2025-09-11 12:00:00,86883,10755,45622,31918,87,941,253,362,433,15.0,80.11939,90371,62.38395060362284
2025-09-11 11:00:00,83367,9478,43894,31916,89,945,1,377,389,14.3,81.90171,87089,61.284433166071494
2025-09-11 10:00:00,78431,8528,40885,31902,91,948,1,158,575,15.0,77.768555,83088,59.470681686886195
2025-09-11 09:00:00,75577,8326,39310,31898,93,948,1,155,753,15.6,74.582924,81484,58.46055667370281
2025-09-11 08:00:00,75432,8430,39448,31891,93,946,1,158,939,15.85,73.88781,81906,58.454814055136374
2025-09-11 07:00:00,76502,8710,40187,31881,92,951,1,159,1145,16.3,69.22142,83126,58.822751004499196
2025-09-11 06:00:00,78330,9473,40786,31876,87,984,1,232,1225,17.1,61.95447,84664,59.36289331947463
2025-09-11 05:00:00,81217,10550,43040,31851,256,1045,1,405,1427,18.25,56.096386,88575,60.50239909681061
2025-09-11 04:00:00,84215,11266,45439,31844,719,1173,1,664,1348,19.05,58.40077,92454,61.33320353905726
2025-09-11 03:00:00,88342,11503,48990,31826,730,1301,1,1524,1025,20.2,54.376293,96900,62.428276573787414
2025-09-11 02:00:00,94145,11874,52380,31810,760,1667,1,3181,548,20.75,52.913097,102221,62.8579254751959
2025-09-11 01:00:00,98222,11857,54226,31799,974,1672,2,4924,287,21.95,49.48947,105741,62.4951532518134
2025-09-11 00:00:00,99300,11775,53730,31792,1168,1702,418,5300,219,22.1,49.03895,106104,61.73659805473874
2025-09-10 23:00:00,99937,11350,52283,31786,1294,1750,2909,4484,202,24.65,31.442436,106058,59.99830281544061
2025-09-10 22:00:00,99845,11263,51509,31795,1318,1717,5548,3391,174,25.4,29.861616,106715,58.82209623764232
2025-09-10 21:00:00,98255,11528,51976,31799,925,1719,6171,2893,148,25.7,29.740425,107159,59.26147127166173
2025-09-10 20:00:00,95979,11186,48211,31832,825,1735,7652,2234,102,25.65,30.137474,103777,57.23522553166887
2025-09-10 19:00:00,94433,10871,47960,31840,861,1732,7930,777,113,25.3,31.302427,102084,57.62999098781396
2025-09-10 18:00:00,93395,10540,46501,31843,791,1730,7701,432,150,24.8,32.470726,99688,57.21952491774336
2025-09-10 17:00:00,92449,10432,45891,31849,790,1732,7596,355,154,23.85,36.17678,98799,57.007662020870654
2025-09-10 16:00:00,91269,10282,45662,31842,486,1756,7183,301,124,21.9,45.513615,97636,57.29853742472039
2025-09-10 15:00:00,90598,10351,45833,31844,242,1760,6338,303,136,19.05,54.994736,96807,58.03712541448449
2025-09-10 14:00:00,89300,10230,46348,31821,133,1434,5037,184,332,15.8,65.51279,95519,59.2321946419037
2025-09-10 13:00:00,87003,10432,46743,31764,110,1307,2468,304,512,12.8,77.690544,93640,61.05830841520717
2025-09-10 12:00:00,85419,10026,47868,31709,88,1145,214,162,595,13.1,75.41471,91807,63.06055093838161
2025-09-10 11:00:00,82074,9014,45946,31613,92,1014,1,159,714,12.4,79.48591,88553,62.0645263288652
2025-09-10 10:00:00,78020,7832,43926,31836,91,930,1,150,941,12.7,78.4649,85707,60.389466437980566
2025-09-10 09:00:00,74813,7297,41684,31956,90,930,1,151,1091,13.35,75.45655,83200,58.87139423076923
2025-09-10 08:00:00,74224,7063,41795,31943,87,949,1,150,1218,13.95,72.81474,83206,58.719323125736125
2025-09-10 07:00:00,75068,7179,42093,31927,85,993,1,177,1459,14.6,70.52469,83914,58.717258145243946
2025-09-10 06:00:00,76702,7619,42237,31923,84,1029,1,180,1589,15.15,68.07061,84662,58.88828518107297
2025-09-10 05:00:00,79100,8433,42342,31913,106,1052,1,161,1601,15.9,64.00918,85609,59.31035288345852
2025-09-10 04:00:00,80971,9326,42997,31924,578,1052,1,208,1457,16.9,58.66072,87543,59.76834241458483
2025-09-10 03:00:00,85368,9712,45659,31909,729,1167,1,1503,1379,17.7,56.33624,92059,60.14729684224247
2025-09-10 02:00:00,91231,9735,49738,31878,745,1305,1,3237,1304,19.0,52.27827,97943,60.72205262244367
2025-09-10 01:00:00,95337,9658,52231,31864,738,1393,9,4908,914,20.4,47.28583,101715,60.845499680479776
2025-09-10 00:00:00,96020,9447,52389,31869,728,1397,491,4837,746,20.8,55.622623,101904,60.6806406029204
2025-09-09 23:00:00,96678,9111,51477,31860,714,1364,3440,4347,660,22.55,54.79473,102973,58.83872471424548
2025-09-09 22:00:00,96442,8901,48777,31851,702,1269,6860,3865,610,23.45,38.860348,102835,56.087907813487625
2025-09-09 21:00:00,94649,8626,47498,31852,701,1269,8275,2157,633,23.8,38.567287,101011,55.56226549583708
2025-09-09 20:00:00,92244,8456,46131,31830,694,1230,9095,813,714,23.7,39.72652,98963,55.15899881773997
2025-09-09 19:00:00,90201,7868,44638,31713,402,1167,9633,783,728,23.4,40.861725,96932,54.1678702595634
2025-09-09 18:00:00,88600,7416,43783,31655,130,1154,9986,744,806,22.85,41.678673,95674,53.51401634717896
2025-09-09 17:00:00,87646,6794,43297,31608,129,1087,10119,375,798,21.8,46.566334,94207,53.17120808432494
2025-09-09 16:00:00,87167,6760,43341,31569,102,1072,10180,367,822,19.95,53.05788,94213,53.178436096929296
2025-09-09 15:00:00,86304,6508,42188,31450,94,1009,10027,354,947,17.3,62.000717,92577,52.60053793058751
2025-09-09 14:00:00,85037,6880,41050,31447,47,1032,9033,179,1951,14.1,71.14457,91619,52.31447625492529
2025-09-09 13:00:00,84269,7575,42847,31420,47,1089,4797,343,2435,11.25,79.86113,90553,55.68230759886475
2025-09-09 12:00:00,83152,7898,44329,31391,48,1108,641,480,2342,11.85,69.50697,88237,59.18945567052371
2025-09-09 11:00:00,80403,7118,42165,31344,63,1056,15,365,2277,10.85,73.24757,84403,58.39010461713446
2025-09-09 10:00:00,75092,6435,38395,31282,92,1016,15,153,2361,11.6,70.42053,79749,56.21387102032628
2025-09-09 09:00:00,72513,6398,36546,31248,94,1008,15,139,2632,12.15,68.61764,78080,55.00000000000001
2025-09-09 08:00:00,72198,6380,36112,31230,93,1000,34,138,2741,12.5,67.9859,77728,54.66755866611774
2025-09-09 07:00:00,73187,6372,37228,31226,88,995,73,136,2683,12.85,67.82587,78801,55.32924709077296
2025-09-09 06:00:00,74860,6444,38886,31217,85,1029,73,136,2655,13.6,65.70191,80525,56.293076684259546
2025-09-09 05:00:00,77142,6790,40443,31171,83,1152,73,138,2720,14.2,65.608665,82570,57.20358483710791
2025-09-09 04:00:00,79278,7544,42330,31080,113,1215,73,205,2670,14.8,62.686752,85230,58.51695412413469
2025-09-09 03:00:00,83745,8525,44545,31037,673,1391,73,1446,1964,16.35,53.19313,89654,59.194235616927294
2025-09-09 02:00:00,89414,8962,48562,31012,732,1499,73,3064,1172,17.7,50.53523,95076,60.50317640624343
2025-09-09 01:00:00,93725,8949,49968,30992,752,1501,75,4616,647,18.35,47.36394,97500,60.427692307692304
2025-09-09 00:00:00,94782,8787,49824,30965,765,1465,769,4422,443,18.65,51.13658,97440,60.150862068965516
2025-09-08 23:00:00,95677,8363,48768,30976,729,1367,4777,3694,412,20.8,33.974224,99086,57.65799406576105
2025-09-08 22:00:00,95291,7658,45848,30982,722,1266,8906,3176,415,21.6,30.687931,98973,54.06120861244986
2025-09-08 21:00:00,93078,7379,44911,30980,660,1185,10310,1704,434,21.9,32.319614,97563,53.59613788013898
2025-09-08 20:00:00,90508,7254,44666,31003,253,982,10732,756,441,21.95,33.596836,96087,54.034364690332715
2025-09-08 19:00:00,88711,6775,42741,31019,81,937,11203,788,546,21.85,33.920162,94090,52.62620894887873
2025-09-08 18:00:00,88023,6755,41825,31047,81,948,11380,767,638,21.4,34.384995,93441,51.99002579167603
2025-09-08 17:00:00,87399,6302,40681,31060,109,919,11526,649,755,20.8,36.049423,92001,51.067923174748096
2025-09-08 16:00:00,86506,6201,40132,31084,83,933,11665,610,688,19.5,44.99794,91396,50.69477876493501
2025-09-08 15:00:00,86391,6349,39961,31099,85,931,11858,348,582,17.25,54.34682,91213,50.77127163891112
2025-09-08 14:00:00,84919,6940,38450,31121,87,1014,10789,243,1153,14.25,68.11555,89797,50.54734567969976
2025-09-08 13:00:00,83431,7809,42029,31157,88,1181,5812,412,1339,11.0,79.28308,89827,55.48220468233382
2025-09-08 12:00:00,82459,7684,44105,31169,90,1170,757,1622,1103,10.6,77.082,87700,59.052451539338655
2025-09-08 11:00:00,79011,6984,41588,31170,93,1066,16,2125,964,10.1,79.4235,84006,57.81967954669904
2025-09-08 10:00:00,73354,6683,38890,31166,95,1038,16,790,767,10.65,77.35489,79445,57.364214236264075
2025-09-08 09:00:00,71405,6694,38273,31157,94,1032,16,209,732,11.15,75.60132,78207,57.49741071771069
2025-09-08 08:00:00,70853,6765,37705,31143,90,1034,16,211,696,11.4,75.6432,77660,57.262425959309816
2025-09-08 07:00:00,71430,6952,38582,31135,87,1046,16,218,538,11.85,73.67943,78574,57.95046707562298
2025-09-08 06:00:00,72744,7216,39152,31080,86,1145,16,219,669,12.2,72.24736,79583,58.26369953382004
2025-09-08 05:00:00,74708,7371,39986,30928,85,1192,16,216,818,12.9,68.77074,80612,58.746836699250736
2025-09-08 04:00:00,76092,7723,41184,30969,109,1254,16,294,781,13.95,61.21647,82330,59.403619579740074
2025-09-08 03:00:00,80412,8369,43390,31070,424,1352,16,1126,867,14.9,56.007664,86614,59.758237698293584
2025-09-08 02:00:00,85219,8473,46114,31059,659,1426,16,2607,830,15.9,51.451653,91184,59.86466924021758
2025-09-08 01:00:00,88884,8537,48056,31001,762,1405,22,4270,564,16.75,49.24849,94617,59.81271864464103
2025-09-08 00:00:00,88963,7988,48177,31030,757,1305,834,4126,532,17.4,47.919556,94749,59.27767047673327
2025-09-07 23:00:00,89195,7366,46153,31000,745,1193,4299,3169,867,19.5,39.203182,94792,56.45940585703435
2025-09-07 22:00:00,88471,7118,43775,30891,746,1112,6687,2152,1267,20.2,36.12806,93748,54.28702478986218
2025-09-07 21:00:00,86064,7098,42109,30819,547,1108,7038,1329,1520,20.65,36.510555,91568,53.738205486632886
2025-09-07 20:00:00,83687,7054,41111,30799,61,1077,6797,897,1657,20.7,37.29305,89453,53.8439180351693
2025-09-07 19:00:00,83036,7122,39971,30686,43,951,6793,837,1818,20.0,40.44949,88221,53.380714342390135
2025-09-07 18:00:00,82983,7218,40029,30532,144,957,6624,591,1824,19.35,44.49629,87919,53.73923725247103
2025-09-07 17:00:00,82998,7340,40007,30425,74,953,6738,246,1714,18.1,49.448074,87497,54.112712435854945
2025-09-07 16:00:00,82608,7559,40122,30378,44,953,6680,237,1235,17.45,53.482277,87208,54.67502981377855
2025-09-07 15:00:00,81572,7606,40429,30341,46,949,6113,233,760,16.2,59.894577,86477,55.54656151346601
2025-09-07 14:00:00,80001,7575,40342,30282,47,950,4607,236,1008,13.85,71.33757,85047,56.34178748221571
2025-09-07 13:00:00,78034,7863,40569,30224,49,949,1982,241,1552,11.75,81.021706,83429,58.051756583442206
2025-09-07 12:00:00,75315,7672,39654,30179,57,951,199,253,1761,11.7,76.99396,80726,58.62547382503778
2025-09-07 11:00:00,73937,7613,39491,30085,92,950,2,257,1516,10.4,82.79386,80006,58.875584331175155
2025-09-07 10:00:00,72919,7568,38872,29983,89,948,2,251,1437,11.35,80.4199,79150,58.673404927353126
2025-09-07 09:00:00,72810,7789,39094,29860,85,932,2,235,1504,11.0,79.5539,79501,58.97158526307845
2025-09-07 08:00:00,73423,8126,40064,29601,81,929,2,223,1462,11.3,77.45711,80488,59.87227909750522
2025-09-07 07:00:00,73269,8241,40492,29466,79,942,2,226,1319,11.9,74.44696,80767,60.337761709609126
2025-09-07 06:00:00,74945,8844,40727,29448,79,1080,2,247,1374,12.35,71.538704,81801,60.59950367354923
2025-09-07 05:00:00,78370,9608,42805,29451,139,1392,2,252,1243,13.55,62.183147,84892,61.74080007538991
2025-09-07 04:00:00,82381,10612,45400,29689,813,1384,2,349,1345,14.4,57.644447,89594,62.51757930218541
2025-09-07 03:00:00,86948,10807,47671,30242,1128,1465,2,1282,1585,15.1,54.911533,94182,62.090420674863566
2025-09-07 02:00:00,91411,10543,49776,30663,1243,1393,2,2669,1933,16.05,50.610054,98222,61.410885544989924
2025-09-07 01:00:00,94931,10168,51271,31007,1283,1285,35,3786,1861,17.15,45.270073,100696,61.01434019226186
2025-09-07 00:00:00,96410,9416,51420,31235,1262,1244,732,4086,2176,17.8,48.694153,101571,59.8950487836095
2025-09-06 23:00:00,98591,8851,50774,31221,1285,1332,3250,3174,2917,19.45,39.052807,102804,57.998716003268356
2025-09-06 22:00:00,100208,8746,50556,31221,1248,1362,5235,2574,3442,20.5,34.60796,104384,56.81138871857756
2025-09-06 21:00:00,101777,8693,49419,31225,1160,1468,6894,2428,4106,20.65,34.772427,105393,55.13838679988234
2025-09-06 20:00:00,102222,8987,49747,31224,1160,1539,8065,1365,4256,20.6,38.576317,106343,55.23071570296118
2025-09-06 19:00:00,102938,8793,50203,31221,1166,1562,8780,1009,4575,20.65,42.050804,107309,54.97768127556868
2025-09-06 18:00:00,101511,8739,49255,31209,1162,1564,9296,677,4585,20.75,43.095684,106487,54.46110792866735
2025-09-06 17:00:00,98928,8854,47065,31178,1128,1468,9445,692,4108,20.1,46.567898,103938,53.80034251188208
2025-09-06 16:00:00,96199,9024,46399,31213,792,1352,8961,701,2734,18.65,52.895782,101176,54.77880129675021
2025-09-06 15:00:00,92768,9111,45778,31345,518,1247,7806,479,1736,16.2,67.15445,98020,55.99775556008978
2025-09-06 14:00:00,89072,8760,44262,31685,85,1140,6175,267,1906,16.7,68.614006,94280,56.238862961391604
2025-09-06 13:00:00,85632,8536,42828,31809,86,1133,3186,295,2673,15.7,73.861664,90546,56.726967508227865
2025-09-06 12:00:00,82272,8261,43051,31789,89,1136,511,317,2302,15.2,70.87712,87456,58.671789242590556
2025-09-06 11:00:00,80519,8064,42415,31779,92,1140,1,306,2000,15.35,71.38112,85797,58.83539051481986
2025-09-06 10:00:00,79178,7937,42381,31763,93,1148,1,248,2078,15.55,70.94383,85649,58.74908054968534
2025-09-06 09:00:00,78794,8222,42200,31740,91,1200,1,213,1831,15.8,71.70379,85498,58.974478935179775
2025-09-06 08:00:00,79534,8742,43079,31723,89,1306,1,190,1624,15.85,70.76481,86754,59.733268782995594
2025-09-06 07:00:00,80407,8817,43393,31677,86,1422,1,311,1735,16.05,71.27526,87442,59.70814940188925
2025-09-06 06:00:00,82686,9356,44298,31453,100,1514,1,376,1895,17.0,69.35997,88993,60.2901351791714
2025-09-06 05:00:00,85643,10378,45802,31376,104,1513,1,387,2327,17.25,64.95517,91888,61.13964826745604
2025-09-06 04:00:00,90524,11031,49389,31261,326,1575,1,488,2887,18.15,57.213318,96958,62.31564182429506
2025-09-06 03:00:00,95944,10740,52317,31479,1305,1630,1,1574,3407,18.9,54.956383,102453,61.54724605428831
2025-09-06 02:00:00,101450,10513,55033,31676,1555,1658,1,3088,3681,19.35,51.323387,107205,61.14080499976681
2025-09-06 01:00:00,105472,11041,56612,31676,1749,1690,5,4048,3331,20.45,46.6647,110152,61.41785895853003
2025-09-06 00:00:00,108136,11367,57049,31669,1841,1684,412,4406,3391,21.25,56.103718,111819,61.184592958262904
2025-09-05 23:00:00,110977,11406,57441,31654,1782,1760,3094,4613,4078,23.35,49.863693,115828,59.43899575232241
2025-09-05 22:00:00,113326,11144,56613,31644,1670,1823,6350,4604,4864,24.9,45.583984,118712,57.076790888873916
2025-09-05 21:00:00,112673,10707,53279,31657,1617,1805,8518,3631,5627,25.8,50.837376,116841,54.7633108241114
2025-09-05 20:00:00,110870,10300,50869,31672,1414,1768,9529,2272,6217,26.35,54.86506,114041,53.637726782472974
2025-09-05 19:00:00,108162,9744,49163,31694,1038,1727,10017,2016,6838,25.25,61.218468,112237,52.48447481668256
2025-09-05 18:00:00,104679,8661,46990,31719,857,1643,10554,1723,7085,24.8,62.09211,109232,50.94752453493482
2025-09-05 17:00:00,100778,7871,45476,31739,515,1548,10356,850,6996,24.5,60.27533,105351,50.63739309546184
2025-09-05 16:00:00,97848,7748,42988,31772,238,1415,10644,639,6517,22.8,66.77379,101961,49.76020243034101
2025-09-05 15:00:00,95317,7708,40795,31793,240,1269,10576,256,6265,20.1,69.73774,98902,49.0414753998908
2025-09-05 14:00:00,92624,8141,40749,31811,241,1330,8794,217,5655,16.95,74.322296,96938,50.43429821122779
2025-09-05 13:00:00,91246,8875,42963,31820,242,1450,4401,216,5927,13.75,81.83118,95894,54.057605272488374
2025-09-05 12:00:00,88814,8974,44057,31830,244,1385,704,217,6294,12.95,81.182335,93705,56.59356491115736
2025-09-05 11:00:00,85250,8334,42194,31820,247,1285,13,198,6429,12.05,85.54415,90520,55.81970835174547
2025-09-05 10:00:00,80327,7413,38848,31802,250,1203,13,174,6609,11.95,86.979385,86312,53.597414032811194
2025-09-05 09:00:00,77496,7182,37154,31716,252,1153,13,160,6573,11.9,89.03557,84203,52.65370592496704
2025-09-05 08:00:00,77071,7383,36940,31721,250,1114,13,156,6207,12.15,90.55162,83784,52.90150864126802
2025-09-05 07:00:00,78463,7609,38841,31675,248,1223,13,159,5587,12.6,88.208145,85355,54.41977622869193
2025-09-05 06:00:00,80720,8276,40854,31664,245,1393,13,160,4986,13.3,81.77321,87591,56.090237581486676
2025-09-05 05:00:00,83720,9219,42928,31666,242,1460,13,162,4111,14.05,77.36397,89801,58.06950924822664
2025-09-05 04:00:00,86236,10396,45493,31656,308,1449,13,165,3403,14.7,74.92732,92883,60.17139842597676
2025-09-05 03:00:00,91147,10601,48809,31705,1341,1365,13,1475,2556,15.5,72.36777,97865,60.706074694732536
2025-09-05 02:00:00,96495,10723,52271,31746,1544,1468,13,3148,1947,16.15,72.968025,102860,61.24246548706981
2025-09-05 01:00:00,100675,10937,56170,31743,1669,1655,17,3861,1806,17.25,69.409256,107858,62.21791614901073
2025-09-05 00:00:00,102279,10697,55187,31742,1670,1691,914,4432,2058,18.6,66.330536,108391,60.783644398520174
2025-09-04 23:00:00,103763,10571,53657,31740,1596,1684,4295,3666,2280,20.5,50.602993,109489,58.661600708746995
2025-09-04 22:00:00,104847,10429,52093,31707,1516,1663,7631,2613,2199,21.45,47.89333,109851,56.915276146780634
2025-09-04 21:00:00,104227,10262,51405,31695,1283,1581,9153,1786,1836,21.95,49.325344,109001,56.574710323758495
2025-09-04 20:00:00,103395,10278,51626,31697,1372,1568,9323,1290,1652,22.3,50.5774,108806,56.893921291105265
2025-09-04 19:00:00,101995,10096,51631,31714,1080,1663,9175,883,1933,21.85,54.081364,108175,57.06216778368385
2025-09-04 18:00:00,99961,9871,49922,31731,753,1633,9407,792,1891,21.35,57.057663,106000,56.40849056603774
2025-09-04 17:00:00,96455,9681,47996,31736,726,1583,9180,572,1422,20.2,64.11222,102896,56.05368527445187
2025-09-04 16:00:00,93898,9686,47349,31762,351,1517,8838,213,1209,17.75,80.75586,100925,56.51226158038148
2025-09-04 15:00:00,92225,9652,46722,31787,244,1476,8248,220,1082,19.3,78.41166,99431,56.69660367491024
2025-09-04 14:00:00,90469,9838,47008,31813,244,1455,6758,252,1015,18.1,86.43676,98383,57.7803075734629
2025-09-04 13:00:00,88945,10138,47618,31835,247,1460,3752,457,1463,17.05,90.59796,96970,59.560688872847265
2025-09-04 12:00:00,86808,10006,47826,31839,248,1355,721,432,1880,17.55,83.64888,94307,61.32312553681063
2025-09-04 11:00:00,83777,9260,46705,31830,251,1247,13,452,2056,17.15,84.144775,91814,60.95475635523994
2025-09-04 10:00:00,80233,8507,43990,31835,253,1039,13,428,2295,17.4,80.97108,88360,59.41263014938887
2025-09-04 09:00:00,77107,8159,42149,31836,252,1013,13,410,2610,18.7,71.07042,86442,58.19856088475509
2025-09-04 08:00:00,76839,8318,41999,31829,249,1009,13,284,2760,19.15,72.31797,86461,58.1961809370699
2025-09-04 07:00:00,78221,8574,42784,31830,245,1011,13,163,3146,19.15,75.4215,87766,58.51696556753184
2025-09-04 06:00:00,80381,8687,43332,31817,245,1116,13,158,3665,19.4,74.49654,89033,58.42665079240281
2025-09-04 05:00:00,83066,8901,43912,31909,243,1305,13,157,3911,19.7,71.95103,90351,58.453143850095735
2025-09-04 04:00:00,86253,9899,45697,32068,344,1366,13,298,3766,20.5,65.65475,93451,59.492140266021764
2025-09-04 03:00:00,92036,10849,48066,32293,812,1373,13,1353,3323,21.1,60.45668,98082,60.067086723353924
2025-09-04 02:00:00,98859,11287,53361,32528,896,1433,14,2663,3005,22.0,56.29053,105187,61.460066358010025
2025-09-04 01:00:00,103589,11318,55986,32622,882,1542,22,4268,2504,23.2,53.545776,109144,61.66532287620024
2025-09-04 00:00:00,105635,11335,56338,32612,872,1633,782,4283,2109,24.05,51.87701,109964,61.54104979811574
2025-09-03 23:00:00,108259,11132,55103,32594,863,1650,4405,3841,2516,25.3,45.69341,112104,59.08352957967602
2025-09-03 22:00:00,109245,10893,53351,32593,720,1593,8154,3285,2584,26.15,44.16354,113173,56.766189815592064
2025-09-03 21:00:00,107618,10537,52510,32598,730,1578,9366,2350,2622,26.45,42.405754,112291,56.14608472629151
2025-09-03 20:00:00,104652,10645,50384,32607,808,1503,9993,906,2680,27.15,40.03313,109526,55.72101601446232
2025-09-03 19:00:00,101736,10327,48910,32613,467,1389,10474,306,2651,26.95,41.71837,107137,55.29088923527819
2025-09-03 18:00:00,98858,9494,46935,32626,260,1250,10527,357,2686,26.45,44.826176,104135,54.18831324722716
2025-09-03 17:00:00,95859,9177,44096,32641,267,1079,11203,155,2249,25.5,50.758896,100867,52.81509314245491
2025-09-03 16:00:00,93387,9234,43033,32662,269,1086,11348,128,1534,23.8,58.778667,99294,52.63862871875441
2025-09-03 15:00:00,91627,9410,41899,32688,274,1024,11186,133,1132,21.1,67.284225,97746,52.492173592781285
2025-09-03 14:00:00,89283,9680,39571,32711,245,1004,9971,146,1751,18.15,73.56236,95079,51.800082037042884
2025-09-03 13:00:00,87411,9718,41674,32734,228,1039,5708,148,2351,15.25,80.41862,93600,54.90598290598291
2025-09-03 12:00:00,85045,9548,43303,32740,230,1195,952,149,2123,14.8,82.23628,90240,58.56715425531915
2025-09-03 11:00:00,82105,8966,42246,32742,230,1097,1,147,1698,14.25,82.712975,87127,58.77856462405454
2025-09-03 10:00:00,78451,8526,40587,32733,230,992,1,139,1553,15.15,75.00335,84761,57.9429218626491
2025-09-03 09:00:00,75621,8385,39621,32720,226,1031,1,139,1380,15.65,73.852936,83503,57.490150054489064
2025-09-03 08:00:00,75132,8325,39952,32724,219,1108,1,139,1094,16.45,70.64451,83562,57.773868504822765
2025-09-03 07:00:00,76285,8409,40707,32723,217,1165,1,139,756,16.65,70.44905,84117,58.39009950426192
2025-09-03 06:00:00,78391,9159,41957,32713,216,1258,1,139,585,17.7,64.40857,86028,59.41786395127168
2025-09-03 05:00:00,80663,10557,42166,32697,216,1483,1,140,343,18.35,61.216934,87603,60.18401196306063
2025-09-03 04:00:00,83963,11392,45784,32699,522,1582,1,301,336,19.4,55.453217,92617,61.73380696848311
2025-09-03 03:00:00,89950,11723,50104,32681,559,1493,1,1712,244,20.25,55.483856,98517,62.75769664118883
2025-09-03 02:00:00,96892,12196,55544,32660,552,1515,1,3356,164,21.35,52.893684,105988,63.91289579952447
2025-09-03 01:00:00,101922,12342,58951,32637,553,1595,17,4569,192,22.4,48.31182,110856,64.31135887998846
2025-09-03 00:00:00,104292,11981,59439,32623,551,1594,1123,4809,177,24.1,35.880512,112297,63.59920567780083
2025-09-02 23:00:00,107126,11417,57670,32614,549,1621,5250,4567,162,25.9,29.38998,113850,60.68247694334651
2025-09-02 22:00:00,106707,10741,55205,32611,548,1634,8518,3953,150,26.7,28.033915,113360,58.17395906845449
2025-09-02 21:00:00,104840,10539,53700,32616,548,1619,9465,2804,112,27.2,27.035812,111403,57.66361767636419
2025-09-02 20:00:00,102496,10294,52587,32622,551,1631,9940,1714,95,27.2,26.943039,109434,57.460204324067476
2025-09-02 19:00:00,99943,9844,50738,32635,552,1643,10091,1067,86,26.95,27.24755,106656,56.80130513051304
2025-09-02 18:00:00,97169,9486,48346,32662,560,1588,10412,729,94,26.45,28.843138,103877,55.67353697161066
2025-09-02 17:00:00,94512,9107,46072,32673,346,1482,10606,212,95,25.35,34.680653,100593,54.85371745548895
2025-09-02 16:00:00,92146,8864,44728,32706,221,1346,10737,180,84,23.45,43.85225,98866,54.206704023627935
2025-09-02 15:00:00,90082,8620,43437,32742,223,1196,10448,193,89,20.85,51.206352,96948,53.695795684284356
2025-09-02 14:00:00,87725,8542,40674,32784,224,1144,10369,199,116,18.0,59.523388,94052,52.32849912814188
2025-09-02 13:00:00,85957,8485,43232,32810,226,1280,6133,207,263,15.1,68.75046,92636,55.82818774558487
2025-09-02 12:00:00,84124,8579,46145,32807,227,1327,1077,182,322,14.7,67.9781,90666,60.3577967485055
2025-09-02 11:00:00,80458,8124,43968,32797,230,1174,19,181,391,13.5,73.22599,86884,59.955803139818606
2025-09-02 10:00:00,75527,7720,40435,32806,233,1005,19,181,646,14.25,68.11555,83045,57.986633752784634
2025-09-02 09:00:00,73093,7578,39142,32803,229,1032,19,183,904,15.0,63.16062,81890,57.05214311881792
2025-09-02 08:00:00,72502,7541,38437,32794,224,1073,19,182,1096,15.4,63.466217,81366,56.50763218051766
2025-09-02 07:00:00,73447,7560,39036,32784,223,1187,19,184,1486,16.0,62.749683,82479,56.494380387735056
2025-09-02 06:00:00,75298,7731,39817,32765,222,1360,19,185,1943,16.75,59.22152,84042,56.57647366792794
2025-09-02 05:00:00,77888,8111,40013,32753,221,1562,19,187,2200,17.5,54.596508,85066,56.572543671972355
2025-09-02 04:00:00,81067,8629,43849,32749,380,1609,19,252,2148,18.6,51.645523,89635,58.54632676967702
2025-09-02 03:00:00,85421,9059,47533,32734,555,1661,19,795,2030,19.6,51.73663,94386,59.95804462526222
2025-09-02 02:00:00,91003,9344,51998,32702,657,1623,19,2452,1788,20.6,51.311127,100583,60.98644900231649
2025-09-02 01:00:00,95133,9134,54515,32676,669,1674,31,3979,1065,22.15,46.50692,103743,61.35257318566072
2025-09-02 00:00:00,96932,8764,54287,32660,676,1691,1207,4485,690,23.35,52.54603,104460,60.35898908673176
2025-09-01 23:00:00,98616,8410,52438,32650,665,1717,5731,4015,548,25.25,36.084873,106174,57.30969917305555
2025-09-01 22:00:00,98480,8119,49874,32645,658,1626,9376,2671,580,25.8,35.398506,105549,54.94414916294802
2025-09-01 21:00:00,95759,8046,48106,32654,551,1572,10100,1521,609,26.05,35.947983,103159,54.432478019368155
2025-09-01 20:00:00,92258,7633,45854,32665,556,1392,10309,733,700,26.05,36.0686,99842,53.57164319625007
2025-09-01 19:00:00,89143,7382,44262,32682,231,1245,10806,489,827,25.75,37.45948,97924,52.738858706752175
2025-09-01 18:00:00,86394,7249,42294,32698,219,1138,10957,512,902,25.15,41.905216,95969,51.623961904364954
2025-09-01 17:00:00,83873,7178,40250,32720,220,978,10931,437,684,24.05,49.399296,93398,50.780530632347585
2025-09-01 16:00:00,81172,7174,37789,32739,223,873,11141,569,391,22.6,53.91881,90899,49.46479059175569
2025-09-01 15:00:00,78509,7043,36124,32776,225,870,11367,409,280,20.45,57.590523,89094,48.451074146407166
2025-09-01 14:00:00,76160,6878,33609,32814,226,877,10830,381,650,17.95,62.77394,86265,46.93328696458587
2025-09-01 13:00:00,73073,6856,34160,32827,226,949,6471,190,1266,15.55,72.13631,82945,49.44963530050033
2025-09-01 12:00:00,70915,6833,36301,32834,227,1346,1156,185,1345,14.65,75.420555,80227,53.76494197713987
2025-09-01 11:00:00,70620,6722,37995,32845,231,1349,21,190,1317,13.75,80.21217,80670,55.432006941861914
2025-09-01 10:00:00,69720,6664,37305,32843,235,1248,20,171,1510,14.3,78.44131,79996,54.963998199909994
2025-09-01 09:00:00,69441,6662,37026,32836,234,1253,20,167,1752,14.75,77.988884,79950,54.644152595372105
2025-09-01 08:00:00,69750,6682,37158,32817,229,1249,20,168,2018,15.15,77.79146,80341,54.56740643009174
2025-09-01 07:00:00,70897,6655,38085,32804,227,1249,20,169,2325,15.5,78.10212,81534,54.87281379547183
2025-09-01 06:00:00,72731,6663,38182,32789,223,1328,20,168,2490,15.8,77.63404,81863,54.78054798871285
2025-09-01 05:00:00,74283,6979,39287,32776,229,1651,20,173,2297,16.2,74.19345,83412,55.46683930369731
2025-09-01 04:00:00,76915,7565,41803,32760,529,1913,20,349,2225,16.7,67.93333,87164,56.638061585058054
2025-09-01 03:00:00,81101,8113,44490,32740,565,2056,20,1878,2110,17.45,62.24299,91972,57.19458095942244
2025-09-01 02:00:00,85101,8268,47027,32727,563,2027,21,3465,1659,18.6,62.299454,95757,57.74512568271771
2025-09-01 01:00:00,88503,8608,49475,32710,581,2080,45,4096,1258,20.4,56.44837,98853,58.756942126187376
2025-09-01 00:00:00,90154,8424,48811,32706,564,2071,1400,4034,1022,21.45,50.855938,99032,57.794450278697795
2025-08-31 23:00:00,92006,7738,46932,32700,563,2010,6346,3397,955,22.8,45.156006,100641,54.3217972794388
2025-08-31 22:00:00,91435,7328,44145,32689,247,1879,10087,2939,849,23.65,42.04414,100163,51.38923554605992
2025-08-31 21:00:00,89127,7371,42236,32692,219,1726,10952,1772,726,24.2,39.8678,97694,50.77793927979201
2025-08-31 20:00:00,85735,7364,40957,32707,220,1687,10908,755,606,24.35,38.59311,95204,50.75522036889206
2025-08-31 19:00:00,82844,7317,39730,32715,220,1605,11202,487,508,24.2,37.524723,93784,50.16527339418238
2025-08-31 18:00:00,80629,7218,37834,32746,221,1494,11345,452,423,23.6,37.60857,91733,49.11209706430619
2025-08-31 17:00:00,78792,7080,36032,32783,224,1253,11271,363,407,22.6,38.487446,89413,48.21670226924496
2025-08-31 16:00:00,77308,7058,35499,32810,226,1241,11122,346,420,21.45,39.49056,88722,47.966682446292914
2025-08-31 15:00:00,75976,7047,34530,32840,227,1237,11078,232,412,20.0,45.13796,87603,47.46070340056847
2025-08-31 14:00:00,74107,7060,32284,32861,227,1154,10372,278,679,17.35,56.629616,84915,46.33339221574516
2025-08-31 13:00:00,72306,7139,33171,32878,230,1174,6271,280,1354,14.6,63.934204,82497,48.86238287452877
2025-08-31 12:00:00,70241,7019,35790,32889,231,1325,1169,286,1575,13.4,65.658325,80284,53.32195705246375
2025-08-31 11:00:00,69188,7018,35883,32886,233,1370,22,282,1535,12.55,68.9352,79229,54.14810233626576
2025-08-31 10:00:00,68751,6996,35947,32877,233,1248,19,281,1695,12.85,68.05848,79296,54.15531678773205
2025-08-31 09:00:00,68407,6989,35472,32873,230,1246,19,204,1810,13.25,66.75867,78843,53.8551298149487
2025-08-31 08:00:00,69113,7008,35983,32866,227,1241,19,205,1912,13.6,65.92679,79461,54.10327078692691
2025-08-31 07:00:00,70227,7045,37490,32853,225,1239,19,214,2135,14.0,65.11953,81220,54.83255355823688
2025-08-31 06:00:00,71409,7131,37399,32833,221,1328,19,254,2390,14.35,65.41855,81575,54.5878026356114
2025-08-31 05:00:00,73513,7380,38940,32826,218,1635,19,249,2428,14.65,66.6029,83695,55.343807873827586
2025-08-31 04:00:00,76178,7940,40475,32806,419,1893,19,222,2348,15.35,66.97634,86122,56.216762267481016
2025-08-31 03:00:00,80264,8382,44190,32792,551,2051,19,1034,2000,16.15,66.91984,91019,57.75936892297213
2025-08-31 02:00:00,84380,8854,47270,32780,573,2046,19,2297,1307,17.3,62.835537,95146,58.98724066171989
2025-08-31 01:00:00,87330,9274,48207,32761,541,2064,35,3637,791,18.45,56.335632,97310,59.069982530058574
2025-08-31 00:00:00,88908,9091,48738,32755,539,2054,1399,3478,436,19.15,54.65298,98490,58.71560564524317
2025-08-30 23:00:00,90866,8337,47184,32749,543,2053,6050,3094,290,20.65,47.195183,100300,55.354935194416754
2025-08-30 22:00:00,90753,7686,45127,32751,551,2045,9800,2608,247,21.4,44.31591,100815,52.38605366264941
2025-08-30 21:00:00,88317,7666,43540,32755,559,1898,10830,1227,217,21.85,43.113018,98692,51.8846512381956
2025-08-30 20:00:00,85267,7673,41338,32774,272,1739,11343,731,185,21.95,42.850716,96055,51.023892561553275
2025-08-30 19:00:00,82654,7667,38626,32790,220,1642,11788,712,190,21.65,44.087357,93635,49.439846211352595
2025-08-30 18:00:00,82018,7611,38532,32812,220,1618,11856,699,201,21.0,45.11091,93549,49.32495269858577
2025-08-30 17:00:00,80945,7523,37199,32848,224,1525,11917,395,267,20.2,46.59557,91898,48.664824044048835
2025-08-30 16:00:00,79720,7491,36516,32862,226,1393,11606,276,292,19.15,50.581936,90662,48.53963071628687
2025-08-30 15:00:00,78582,7484,35150,32874,227,1405,11391,234,261,17.75,58.278008,89026,47.889380630377644
2025-08-30 14:00:00,77092,7538,33969,32902,228,1385,10082,181,434,15.7,67.72783,86719,47.86378994222719
2025-08-30 13:00:00,75446,7674,35981,32915,229,1442,5890,156,809,13.1,76.43909,85096,51.30088370781235
2025-08-30 12:00:00,73241,7681,38317,32912,228,1547,1072,157,801,12.65,76.62487,82715,55.61022789095086
2025-08-30 11:00:00,72067,7580,38883,32908,230,1454,3,170,827,11.6,80.18226,82055,56.62421546523673
2025-08-30 10:00:00,71253,7534,38186,32897,230,1426,0,157,938,12.7,77.93757,81368,56.18916527381772
2025-08-30 09:00:00,70943,7529,37571,32875,226,1471,0,147,1194,12.1,79.44269,81013,55.67007764185995
2025-08-30 08:00:00,71535,7570,38260,32852,222,1534,0,141,1486,12.0,79.15989,82065,55.84597575092914
2025-08-30 07:00:00,72507,7699,39141,32715,222,1603,0,143,1698,12.25,78.132515,83221,56.2838706576465
2025-08-30 06:00:00,73832,8043,39300,32619,219,1720,0,138,1871,12.9,75.381165,83910,56.42116553450125
2025-08-30 05:00:00,76457,8680,39378,32564,219,1964,0,151,2041,13.5,72.48745,84997,56.54081908773251
2025-08-30 04:00:00,80486,9568,42999,32657,342,2035,0,318,2021,14.1,70.42787,89940,58.446742272626196
2025-08-30 03:00:00,85635,10091,46134,32672,556,2039,0,1140,2084,14.8,68.689835,94716,59.36167067866042
2025-08-30 02:00:00,90556,10289,49935,32765,583,2057,4,1878,1911,16.0,66.664635,99422,60.574118404377295
2025-08-30 01:00:00,94215,10291,51957,32747,644,2050,36,3663,1367,17.4,62.64873,102755,60.57904724830908
2025-08-30 00:00:00,96265,9809,52750,32720,642,2040,1064,4773,951,18.3,59.19883,104749,59.72276584979331
2025-08-29 23:00:00,99574,9372,51639,32711,639,2066,5288,4359,1063,19.75,52.651855,107137,56.94671308698209
2025-08-29 22:00:00,101245,9331,50036,32712,639,2066,8851,4050,1216,20.65,49.46986,108901,54.514650921479145
2025-08-29 21:00:00,99981,9154,47995,32711,593,2047,10405,3002,1179,21.3,47.37359,107086,53.367386960013455
2025-08-29 20:00:00,97697,9308,47908,32724,563,2037,10634,1629,1233,21.65,47.310825,106036,53.95903278131955
2025-08-29 19:00:00,95968,9117,46536,32739,419,2043,10994,715,1262,21.7,49.422314,103825,53.60269684565374
2025-08-29 18:00:00,94485,8631,45661,32757,217,1989,10835,406,1239,21.15,53.54644,101735,53.366098196294296
2025-08-29 17:00:00,92681,8268,44937,32785,220,1823,10735,180,1203,19.75,60.93719,100151,53.12478157981448
2025-08-29 16:00:00,90654,7991,43732,32816,223,1656,10512,170,1177,18.55,67.86243,98277,52.62981165481242
2025-08-29 15:00:00,89745,7938,42656,32832,224,1595,10196,141,1083,16.95,75.79939,96665,52.33952309522578
2025-08-29 14:00:00,88129,8220,42057,32846,225,1518,8663,128,1005,15.9,82.91377,94662,53.1121252456107
2025-08-29 13:00:00,86305,8536,42831,32848,226,1592,5220,131,1401,14.7,91.02565,92785,55.36131917874656
2025-08-29 12:00:00,83111,8640,43023,32846,227,1663,959,259,1615,14.4,93.10881,89232,57.897391070468
2025-08-29 11:00:00,80346,8255,41491,32839,227,1487,2,509,1688,13.3,96.786934,86498,57.51115632731393
2025-08-29 10:00:00,77077,7762,39857,32835,226,1395,1,149,1959,13.35,95.84249,84184,56.565380594887394
2025-08-29 09:00:00,75913,7481,38642,32846,227,1393,1,150,2509,14.05,93.70093,83249,55.403668512534686
2025-08-29 08:00:00,75743,7592,38446,32834,225,1435,1,149,2627,14.95,91.042274,83309,55.26173642703669
2025-08-29 07:00:00,76948,7818,38940,32826,221,1549,1,136,2980,15.3,89.88999,84471,55.353908441950495
2025-08-29 06:00:00,78765,8396,39700,32821,221,1707,0,136,3072,15.8,87.90904,86053,55.89113685751804
2025-08-29 05:00:00,80837,9447,41502,32813,221,1900,0,152,2921,16.15,85.687614,88956,57.27438284095507
2025-08-29 04:00:00,83678,10098,44688,32801,399,1986,0,374,2565,16.7,82.20481,92911,58.96610735004466
2025-08-29 03:00:00,88719,10143,48488,32781,558,1967,0,2274,2580,16.85,81.161766,98791,59.34852365093987
2025-08-29 02:00:00,94471,10342,52131,32777,553,1948,0,4186,2382,17.25,78.618645,104319,59.88650197950517
2025-08-29 01:00:00,97550,10475,54265,32761,548,1938,45,4976,1739,17.85,74.962814,106747,60.64807441895322
2025-08-29 00:00:00,99040,9783,54450,32740,545,1928,1174,5094,1119,18.5,73.38446,106833,60.12468057622644
2025-08-28 23:00:00,100683,9355,53297,32729,544,1950,4536,4479,1037,19.45,65.430786,107927,58.05034884690578
2025-08-28 22:00:00,101093,9332,51998,32724,544,1986,6711,3439,1204,19.85,60.960503,107938,56.81965572828847
2025-08-28 21:00:00,99613,9438,50960,32731,545,1965,7042,2173,1368,19.45,61.47247,106222,56.86016079531547
2025-08-28 20:00:00,98225,9407,50123,32723,565,1965,7345,1430,1264,18.65,66.34108,104822,56.79151323195513
2025-08-28 19:00:00,96860,9628,49621,32723,567,1949,7575,627,1298,18.85,67.48015,103988,56.976766549986536
2025-08-28 18:00:00,94940,9258,47570,32739,564,1894,8212,687,1252,20.1,57.694992,102176,55.61775759473849
2025-08-28 17:00:00,92513,8863,45731,32751,487,1945,8692,665,1208,22.2,45.59664,100342,54.40792489685277
2025-08-28 16:00:00,90194,8531,44619,32771,222,1865,8917,284,1057,21.8,50.11079,98266,54.08788390694645
2025-08-28 15:00:00,88759,8518,43945,32800,189,1965,8807,275,979,19.95,54.312134,97478,53.820349207000554
2025-08-28 14:00:00,87799,8413,43625,32834,215,1953,7431,270,1478,16.75,61.25229,96219,54.08287344495369
2025-08-28 13:00:00,86000,8700,44221,32831,301,1923,4343,246,1929,13.95,69.21749,94494,56.00461404956929
2025-08-28 12:00:00,84607,9100,45168,32779,311,1850,762,234,2419,13.55,67.279884,92623,58.59019897865541
2025-08-28 11:00:00,82160,8686,43743,32730,230,1732,3,252,2852,12.05,75.49437,90228,58.10723943786851
2025-08-28 10:00:00,78224,8083,40696,32699,230,1500,1,241,3216,12.3,77.61311,86666,56.28389449149609
2025-08-28 09:00:00,75483,7949,38677,32674,231,1418,2,244,3532,12.75,77.682816,84727,55.03086383325269
2025-08-28 08:00:00,74790,8004,38113,32667,229,1407,6,253,3414,13.15,78.006294,84093,54.84047423685682
2025-08-28 07:00:00,75727,8058,38780,32667,227,1499,6,262,2948,13.65,77.56106,84447,55.46437410446789
2025-08-28 06:00:00,77466,8329,39605,32652,227,1563,6,268,2627,14.25,75.10202,85277,56.20976347667015
2025-08-28 05:00:00,80010,9063,41874,32642,225,1738,6,262,1913,14.85,70.33636,87723,58.06572962620977
2025-08-28 04:00:00,82289,9888,44114,32630,352,1874,6,311,1348,15.75,67.28559,90523,59.65555715122124
2025-08-28 03:00:00,87339,10137,47600,32618,552,2005,6,1398,837,17.0,61.517082,95153,60.67806585183861
2025-08-28 02:00:00,93213,10585,50126,32696,551,2257,6,3560,537,17.6,61.041443,100318,60.51855100779521
2025-08-28 01:00:00,97043,10910,52782,32798,578,2377,35,4360,393,18.55,55.609352,104233,61.10540807613711
2025-08-28 00:00:00,98452,10718,52191,32794,578,2362,1452,4905,481,19.25,51.64382,105481,59.640124761805446
2025-08-27 23:00:00,100371,10438,49609,32792,546,2381,5968,4662,699,21.05,35.499603,107095,56.068910780148464
2025-08-27 22:00:00,100534,10221,47597,32782,553,2315,9459,3143,939,21.75,33.656578,107009,54.030969357717574
2025-08-27 21:00:00,99115,10183,46051,32785,556,2158,10355,2088,1082,22.2,32.974003,105258,53.42491782097323
2025-08-27 20:00:00,96590,10169,45605,32794,416,2033,10577,1113,1135,22.3,33.93116,103842,53.71044471408486
2025-08-27 19:00:00,95178,10204,44259,32803,396,1800,10982,1137,1189,22.05,36.65936,102770,52.99503746229445
2025-08-27 18:00:00,93282,10042,41863,32821,419,1664,11291,1107,1160,21.45,40.30902,100367,51.71520519692727
2025-08-27 17:00:00,92012,9558,41345,32830,449,1604,11633,927,1001,21.0,44.054356,99347,51.237581406585
2025-08-27 16:00:00,90650,9392,40770,32856,335,1625,11976,200,713,19.45,53.641945,97867,51.25527501609327
2025-08-27 15:00:00,89222,9408,39457,32890,243,1573,11901,221,486,17.3,61.381042,96179,50.8063090695474
2025-08-27 14:00:00,88165,9473,39787,32909,283,1568,10906,173,393,14.8,68.921585,95492,51.585473128639045
2025-08-27 13:00:00,86364,9714,41869,32923,248,1744,6539,177,627,12.35,77.8839,93841,54.96851056574419
2025-08-27 12:00:00,83620,9857,43218,32918,231,1768,1225,171,807,12.15,79.4499,90195,58.84472531736793
2025-08-27 11:00:00,81044,9623,41976,32906,234,1581,97,174,916,11.4,82.35804,87507,58.96556846880821
2025-08-27 10:00:00,78085,8962,39735,32899,236,1481,94,160,1000,12.05,79.16718,84567,57.58392753674602
2025-08-27 09:00:00,75659,8832,38435,32886,232,1468,94,158,973,12.5,77.120865,83078,56.89472543874431
2025-08-27 08:00:00,75381,8864,39064,32891,226,1457,94,154,972,13.0,74.6372,83722,57.246601848976375
2025-08-27 07:00:00,76145,9023,39972,32885,224,1511,94,153,857,13.6,71.53182,84719,57.83236346038079
2025-08-27 06:00:00,77339,9375,40441,32877,224,1501,96,151,847,14.25,68.34656,85512,58.256151183459636
2025-08-27 05:00:00,79491,10588,41484,32881,224,1533,96,152,861,14.8,66.185524,87819,59.294685660278525
2025-08-27 04:00:00,83266,12153,44913,32858,299,1715,100,165,912,15.4,63.681366,93115,61.28550716855501
2025-08-27 03:00:00,88867,13243,48129,32839,816,1852,117,1076,983,16.25,59.502083,99055,61.95749835949725
2025-08-27 02:00:00,95300,13666,51429,32791,929,2055,134,3452,1020,17.2,57.169132,105476,61.71546133717622
2025-08-27 01:00:00,99188,13784,52537,32816,837,2096,171,5631,1089,18.1,52.930267,108961,60.86673213351567
2025-08-27 00:00:00,100750,13216,52447,32808,723,2061,1582,5569,1398,18.55,48.733143,109804,59.80018942843613
2025-08-26 23:00:00,102827,12987,51192,32800,674,1916,4385,4676,2103,19.6,42.770237,110733,57.95833220449189
2025-08-26 22:00:00,103455,12729,50602,32798,677,1817,6481,3213,2079,20.45,41.564743,110396,57.36711475053444
2025-08-26 21:00:00,102071,12229,48993,32801,771,1809,8061,2057,2360,21.1,40.485508,109081,56.12526471154463
2025-08-26 20:00:00,100302,12128,47313,32804,558,1834,8998,1605,2444,21.15,40.638493,107684,55.19947253073808
2025-08-26 19:00:00,98904,12262,47072,32816,238,1855,9280,941,1909,21.3,41.381042,106373,55.779192088217876
2025-08-26 18:00:00,97042,11903,46019,32815,235,1779,9254,1014,1630,21.0,43.905212,104649,55.34883276476603
2025-08-26 17:00:00,95466,11561,45074,32836,242,1728,9615,1042,1412,20.1,49.155365,103510,54.7145203361994
2025-08-26 16:00:00,93442,11509,43300,32848,237,1646,10410,693,825,19.45,52.57315,101468,54.01604446722119
2025-08-26 15:00:00,91788,11205,42310,32869,240,1632,10376,467,482,18.75,56.411026,99581,53.74017131782167
2025-08-26 14:00:00,90171,11005,41982,32894,243,1618,8973,221,581,16.5,69.261086,97517,54.33616702728755
2025-08-26 13:00:00,88298,11147,43272,32908,230,1757,5301,179,1002,13.85,78.636284,95796,56.807173577184855
2025-08-26 12:00:00,85892,11218,44698,32897,224,1663,1012,181,1366,13.05,80.924225,93259,59.95775206682465
2025-08-26 11:00:00,83026,10674,43799,32899,225,1503,9,187,1401,12.35,84.154915,90697,60.06042096210459
2025-08-26 10:00:00,80238,10331,42329,32892,226,1475,8,177,1240,12.85,82.81653,88678,59.38338708586121
2025-08-26 09:00:00,77723,10129,40776,32873,227,1492,8,174,1433,13.4,81.24208,87112,58.43626595646983
2025-08-26 08:00:00,77153,10277,40464,32857,223,1491,8,175,1561,14.05,78.66592,87056,58.285471420694726
2025-08-26 07:00:00,78303,10624,41545,32845,219,1486,8,184,1582,14.8,75.1945,88493,58.95268552314873
2025-08-26 06:00:00,80623,11152,41807,32845,219,1465,8,209,1465,15.6,72.86925,89170,59.391050801839185
2025-08-26 05:00:00,83658,11897,42502,32838,216,1630,11,198,1299,16.25,72.02569,90591,60.049011491207736
2025-08-26 04:00:00,87148,13010,45106,32822,214,1824,26,299,1462,16.65,70.91709,94763,61.3277333980562
2025-08-26 03:00:00,92742,14283,48290,32787,300,2021,26,587,1722,17.15,69.61927,100016,62.56298992161254
2025-08-26 02:00:00,99551,14883,52232,32707,1072,2111,26,2144,1817,17.8,66.60041,106992,62.72898908329595
2025-08-26 01:00:00,104473,14590,53216,32753,1137,2113,68,4623,1888,18.5,61.65998,110388,61.42515490814219
2025-08-26 00:00:00,107478,14107,53272,32722,1204,2044,1510,5190,1852,19.4,53.09213,111901,60.2130454598261
2025-08-25 23:00:00,111135,13886,53042,32715,1209,2029,4938,4874,1936,20.65,46.877872,114629,58.38662118661072
2025-08-25 22:00:00,112363,13491,52077,32712,1147,2027,7499,4098,2073,22.0,39.647343,115124,56.95424064486988
2025-08-25 21:00:00,111565,13434,51873,32705,802,2021,8579,2534,2487,23.25,33.851093,114435,57.069078516188235
2025-08-25 20:00:00,109922,13238,51388,32714,421,1944,9234,1576,2787,23.25,35.638622,113302,57.03871070237065
2025-08-25 19:00:00,108469,13134,50987,32730,232,1912,9394,993,2966,23.0,37.310455,112348,57.07355716167623
2025-08-25 18:00:00,106518,12896,49233,32744,241,1920,9828,746,3219,22.9,39.10017,110827,56.05944399830366
2025-08-25 17:00:00,104006,12439,47626,32759,243,1822,9877,611,3194,22.4,41.411503,108571,55.32324469701854
2025-08-25 16:00:00,101260,12214,46171,32782,232,1668,10433,314,2526,21.7,45.611183,106340,54.90408124882452
2025-08-25 15:00:00,98411,12051,44281,32788,227,1592,11200,288,1428,20.3,56.797993,103855,54.24100909922488
2025-08-25 14:00:00,96222,12324,42868,32813,240,1638,10297,280,1145,18.15,70.04356,101605,54.320161409379466
2025-08-25 13:00:00,93885,11940,44728,32826,234,1667,6178,261,2085,15.95,78.16968,99919,56.71393829001491
2025-08-25 12:00:00,90541,12161,45368,32823,229,1626,1224,261,2567,15.25,80.684,96259,59.764801213393035
2025-08-25 11:00:00,87168,11619,43901,32799,231,1482,30,266,2576,14.5,83.56712,92904,59.76061310600189
2025-08-25 10:00:00,82617,10914,40905,32781,231,1455,26,256,2567,14.9,81.17095,89135,58.13541257642901
2025-08-25 09:00:00,79619,10644,39201,32742,232,1437,26,257,2434,15.45,77.58039,86973,57.31088958642337
2025-08-25 08:00:00,79022,10448,39116,32708,227,1433,26,261,2462,16.1,73.201065,86681,57.1797741142811
2025-08-25 07:00:00,80236,10442,40308,32680,223,1449,26,264,2790,16.7,69.993416,88182,57.55142772901499
2025-08-25 06:00:00,82514,10792,40747,32619,222,1509,26,284,3185,17.55,66.10827,89384,57.66020764342612
2025-08-25 05:00:00,85461,11659,41565,32586,220,1635,26,284,3499,18.35,62.65658,91474,58.184839407919185
2025-08-25 04:00:00,89941,12571,45170,32548,695,1792,26,272,3286,19.6,57.572136,96360,59.92216687422167
2025-08-25 03:00:00,95815,13814,48776,32530,831,1898,26,1065,3099,20.3,54.76466,102039,61.33929183939474
2025-08-25 02:00:00,101922,14632,52272,32580,908,1907,26,2842,3180,20.95,53.14116,108347,61.749748493267
2025-08-25 01:00:00,105793,14584,54187,32528,859,1907,70,4494,2844,22.15,52.579353,111473,61.69296600970638
2025-08-25 00:00:00,108406,13756,54597,32474,850,1910,1362,5390,3191,22.0,56.106747,113530,60.206993746146395
2025-08-24 23:00:00,110795,12569,52511,32411,848,1899,5135,5097,4062,24.2,42.763718,114532,56.822547410330735
2025-08-24 22:00:00,111618,12511,50866,32340,842,1857,7835,4273,4267,24.85,42.37982,114791,55.21077436384385
2025-08-24 21:00:00,110060,12739,49374,32279,846,1874,8567,2694,4291,25.45,42.127804,112664,55.131186536959454
2025-08-24 20:00:00,107620,12783,47985,32263,848,1845,9211,1273,4182,25.65,42.743008,110390,55.048464534831055
2025-08-24 19:00:00,104949,12817,46664,32240,559,1871,9530,646,3821,25.9,42.81237,108148,54.99963013647964
2025-08-24 18:00:00,101827,12512,45306,32244,270,1779,9444,606,3243,25.7,44.620518,105404,54.85370574171758
2025-08-24 17:00:00,98042,11675,43070,32241,219,1703,8995,577,2362,25.05,47.76293,100842,54.287895916384045
2025-08-24 16:00:00,94131,11051,41209,32251,220,1565,9065,195,1283,24.15,51.734543,96839,53.96586086184285
2025-08-24 15:00:00,91692,10949,40957,32252,223,1539,8198,201,817,22.9,56.88143,95136,54.55978809283552
2025-08-24 14:00:00,87345,10425,38464,32256,223,1403,7229,254,868,21.5,69.11636,91122,53.65224643884024
2025-08-24 13:00:00,82885,10211,37244,32268,223,1386,4081,238,1614,19.85,80.26306,87265,54.38033575889531
2025-08-24 12:00:00,79241,9959,37020,32267,224,1360,679,271,1889,18.85,92.16433,83669,56.14863330504727
2025-08-24 11:00:00,77968,10126,36729,32243,226,1392,9,271,1883,18.3,95.39212,82879,56.53422459247819
2025-08-24 10:00:00,77692,10145,36688,32220,226,1392,7,180,2095,18.65,94.50761,82953,56.45727098477451
2025-08-24 09:00:00,78074,10216,37430,32105,228,1375,7,174,1814,19.0,93.04773,83349,57.16445308282043
2025-08-24 08:00:00,79412,10510,38617,32155,225,1426,7,172,1934,19.3,91.612236,85046,57.76520941608071
2025-08-24 07:00:00,81566,11337,39684,32396,223,1499,7,171,2067,19.65,89.64071,87384,58.387118923372704
2025-08-24 06:00:00,83402,11964,40234,32523,221,1590,7,165,2490,20.25,84.48725,89194,58.521873668632416
2025-08-24 05:00:00,86963,12846,41498,32515,219,1701,7,163,3507,20.8,80.390854,92456,58.77822964437137
2025-08-24 04:00:00,91130,13782,44381,32492,217,1818,7,168,4040,21.45,76.51715,96905,60.02063876992931
2025-08-24 03:00:00,96120,14051,47926,32476,664,1841,8,379,4245,22.05,73.06591,101590,61.00698887685796
2025-08-24 02:00:00,101272,13941,50612,32464,968,1775,17,2373,4258,22.8,66.13854,106408,60.665551462296065
2025-08-24 01:00:00,105361,13945,52898,32435,875,1782,61,4306,4130,23.7,62.042145,110432,60.52865111561866
2025-08-24 00:00:00,108741,13725,55021,32428,855,1867,826,4531,4063,24.5,66.281296,113316,60.667513855060186
2025-08-23 23:00:00,112500,13192,55143,32420,854,1850,3255,4548,4077,25.8,58.877552,115339,59.247089015857604
2025-08-23 22:00:00,114688,12792,55059,32411,847,1752,5973,4086,3921,26.55,55.61585,116841,58.071224998074314
2025-08-23 21:00:00,113859,12765,53886,32416,857,1690,7980,2828,3526,26.85,55.338593,115948,57.483527098354436
2025-08-23 20:00:00,111174,12437,52142,32422,858,1612,8866,1743,3178,27.0,54.852856,113258,57.01937170001236
2025-08-23 19:00:00,107824,11780,49972,32440,860,1588,9719,756,2661,27.05,53.832863,109776,56.25273283777875
2025-08-23 18:00:00,104348,11929,47701,32468,866,1501,10072,586,1987,26.65,55.993805,107110,55.67173933339558
2025-08-23 17:00:00,101621,11710,45500,32484,606,1407,10258,559,1584,26.1,58.76241,104108,54.952549275752105
2025-08-23 16:00:00,97289,11336,42829,32505,259,1384,10096,204,1336,24.75,65.71018,99949,54.19263824550521
2025-08-23 15:00:00,93001,11264,40956,32526,226,1377,9118,194,1090,23.85,70.45035,96751,53.97360234002749
2025-08-23 14:00:00,89120,11102,39512,32548,226,1387,7407,209,1318,22.6,79.13424,93709,54.01188786562656
2025-08-23 13:00:00,84880,10846,37425,32579,227,1356,4442,228,2075,20.2,90.52801,89178,54.12882100966606
2025-08-23 12:00:00,81117,10727,37323,32602,230,1362,1092,224,2294,18.4,96.60485,85854,55.96710694900645
2025-08-23 11:00:00,79289,10734,37830,32600,233,1391,12,228,2179,17.6,95.67071,85207,56.99531728613846
2025-08-23 10:00:00,78340,10889,37762,32595,234,1395,7,177,1882,17.85,94.474754,84941,57.2762270281725
2025-08-23 09:00:00,78208,11107,37690,32591,235,1363,7,183,1678,18.3,92.71785,84854,57.50701204421712
2025-08-23 08:00:00,79207,11331,38899,32573,229,1377,7,214,1572,18.7,91.28635,86202,58.27010974223336
2025-08-23 07:00:00,81251,12049,40150,32556,225,1443,7,293,1379,18.95,90.441605,88102,59.248371206102014
2025-08-23 06:00:00,84251,13473,41213,32540,225,1536,7,432,1189,19.6,87.95852,90615,60.34983170556751
2025-08-23 05:00:00,88072,15984,42913,32506,225,1637,7,396,980,20.2,86.36594,94648,62.22741103879639
2025-08-23 04:00:00,92137,17778,45616,32351,223,1705,7,351,841,21.05,82.47621,98872,64.11724249534751
2025-08-23 03:00:00,97236,19359,48926,32317,219,1783,8,1539,561,21.7,78.51163,104712,65.21220108488043
2025-08-23 02:00:00,103755,20048,52810,32465,707,2087,18,3190,393,22.75,72.957504,111718,65.21599026119335
2025-08-23 01:00:00,108497,20324,54491,32446,894,2447,66,4958,272,23.6,71.518524,115898,64.55245129337867
2025-08-23 00:00:00,112680,20420,57038,32437,956,2477,1692,5372,178,24.2,73.66692,120570,64.24317823670897
2025-08-22 23:00:00,117085,19352,57031,32439,962,2570,5694,5568,137,25.65,57.55016,123753,61.72214006933166
2025-08-22 22:00:00,118284,19014,54826,32449,957,2627,8373,5285,90,25.9,56.88392,123621,59.73095186092978
2025-08-22 21:00:00,116449,18866,53438,32478,1000,2617,9098,4336,84,25.75,57.02839,121917,59.30592124150037
2025-08-22 20:00:00,113077,17882,51430,32474,656,2598,9754,3449,105,25.9,57.42795,118348,58.566262209754285
2025-08-22 19:00:00,109621,17337,49898,32496,658,2559,9772,2134,115,25.3,60.269066,114969,58.480981829884584
2025-08-22 18:00:00,106280,17257,48820,32499,379,1951,10078,1007,110,24.85,62.695457,112101,58.94416642135217
2025-08-22 17:00:00,102159,16366,46698,32537,327,1702,9955,798,101,24.25,65.39872,108484,58.13207477600384
2025-08-22 16:00:00,99557,15664,45364,32561,329,1473,9994,653,93,23.45,68.62195,106131,57.50252046998521
2025-08-22 15:00:00,97306,15152,44486,32582,331,1311,9362,299,106,22.5,71.54381,103629,57.54952764187631
2025-08-22 14:00:00,95374,15200,44112,32608,332,1167,7541,260,113,20.7,80.63202,101333,58.53177148609041
2025-08-22 13:00:00,93314,15487,44205,32638,334,1193,4457,312,261,18.85,87.06059,98887,60.36384964656628
2025-08-22 12:00:00,90480,15715,44487,32657,334,1200,1014,301,256,17.25,92.957115,95964,62.73394189487724
2025-08-22 11:00:00,87147,15159,42733,32654,337,1193,12,299,176,16.5,95.329414,92563,62.54334885429383
2025-08-22 10:00:00,82815,14697,39914,32651,334,995,7,255,193,16.65,95.03061,89046,61.328976034858385
2025-08-22 09:00:00,80082,14777,38035,32646,332,828,7,256,271,16.9,94.134384,87152,60.59757664769598
2025-08-22 08:00:00,80149,14849,38314,32644,328,814,7,252,335,17.2,93.2515,87543,60.72787087488434
2025-08-22 07:00:00,81426,15072,39557,32635,329,818,7,252,426,17.55,92.38275,89096,61.31476160545928
2025-08-22 06:00:00,83962,15685,41419,32626,329,837,7,253,531,17.85,91.5226,91687,62.2814575675941
2025-08-22 05:00:00,87459,16443,43091,32626,327,839,7,279,831,18.2,90.38921,94443,63.036964094744974
2025-08-22 04:00:00,91718,17885,44941,32609,346,1098,7,324,1037,18.6,88.713196,98247,63.946990747809096
2025-08-22 03:00:00,96050,19533,47933,32575,426,1172,9,387,875,19.1,86.533165,102910,65.5582547857351
2025-08-22 02:00:00,100744,19699,51766,32574,464,1162,17,1957,928,19.65,84.68971,108567,65.82571131190878
2025-08-22 01:00:00,103568,19858,52305,32559,485,1164,42,3711,989,20.35,81.61302,111113,64.94559592486928
2025-08-22 00:00:00,104521,20127,52064,32545,475,1169,599,3896,983,21.8,79.02148,111858,64.53807505945038
2025-08-21 23:00:00,105720,19840,52304,32545,511,1173,2063,3806,1144,23.25,73.04471,113386,63.626902792231846
2025-08-21 22:00:00,105662,19316,52336,32547,489,1177,3168,3313,1228,24.0,70.69969,113574,63.08838290453801
2025-08-21 21:00:00,104676,18993,51506,32577,672,1175,3588,2741,1281,24.4,67.94924,112533,62.647401206757124
2025-08-21 20:00:00,103826,19253,50429,32561,552,1151,4665,1381,1166,23.65,71.75242,111158,62.687345940013316
2025-08-21 19:00:00,103323,19213,50786,32575,538,1159,4779,1094,1194,24.3,67.503494,111338,62.87071799385654
2025-08-21 18:00:00,102744,18680,50130,32584,481,1156,4816,1021,1190,24.15,68.75888,110058,62.521579530792856
2025-08-21 17:00:00,101354,18757,47374,32604,399,1134,4613,1128,1160,23.45,69.274956,107169,61.707210107400456
2025-08-21 16:00:00,100383,18957,47353,32622,476,1164,4185,875,930,22.75,71.13831,106562,62.22668493459207
2025-08-21 15:00:00,98750,18558,46326,32637,453,1168,3246,472,895,22.1,72.61318,103755,62.53578140812491
2025-08-21 14:00:00,97142,18170,45906,32641,333,1265,2496,454,966,21.35,75.777916,102231,62.67766137472977
2025-08-21 13:00:00,95390,17771,44516,32642,336,1302,1522,421,1264,20.15,84.21011,99774,62.4280874776996
2025-08-21 12:00:00,94630,17599,44974,32631,338,1297,337,419,1433,19.3,87.378204,99028,63.18717938360867
2025-08-21 11:00:00,91388,16556,43226,32627,341,1295,8,443,1258,18.8,89.29357,95754,62.432900975416175
2025-08-21 10:00:00,86312,15577,39893,32627,344,1297,7,261,1289,18.85,89.29741,91295,60.75907771509941
2025-08-21 09:00:00,83806,15403,38831,32621,336,1301,7,196,1353,19.15,88.19828,90048,60.227878464818765
2025-08-21 08:00:00,83613,15512,38723,32618,277,1262,7,197,1274,19.75,86.59531,89870,60.34828085011683
2025-08-21 07:00:00,85125,16109,39659,32605,230,1309,7,194,1221,20.4,86.11422,91334,61.05940832548667
2025-08-21 06:00:00,87673,16945,41023,32575,227,1299,7,192,1467,20.75,88.05717,93735,61.842428121832825
2025-08-21 05:00:00,91363,19123,43518,32551,267,1294,7,194,2023,20.8,89.7263,98977,63.28844074886084
2025-08-21 04:00:00,95348,20496,45199,32511,1246,1301,7,221,2494,20.7,89.16052,103475,63.48876540227108
2025-08-21 03:00:00,100759,21675,48175,32488,1390,1296,7,607,2766,20.6,87.769165,108404,64.43489170141324
2025-08-21 02:00:00,106165,22319,50776,32452,1630,1403,8,2386,2468,20.7,85.87384,113442,64.43380758449251
2025-08-21 01:00:00,110038,22325,52340,32430,1744,1823,32,4345,2236,21.15,83.79312,117275,63.66659560861223
2025-08-21 00:00:00,111418,21809,52264,32406,1729,1830,678,4813,2443,22.65,78.89448,117972,62.7886278099888
2025-08-20 23:00:00,113794,22200,53096,32382,1728,1837,2194,4493,2234,23.35,75.38597,120164,62.66102992576812
2025-08-20 22:00:00,115533,22151,53359,32362,1652,1876,4010,4766,1689,24.35,69.448,121865,61.9620071390473
2025-08-20 21:00:00,114608,21755,52452,32387,1367,1874,4768,4315,1487,24.75,67.8059,120405,61.6311614966156
2025-08-20 20:00:00,113299,22531,52144,32391,1476,1853,5922,3015,1238,24.6,69.49584,120570,61.93497553288546
2025-08-20 19:00:00,112068,22520,51741,32401,1141,1879,6796,1720,1176,25.25,64.790276,119374,62.20868865917202
2025-08-20 18:00:00,110317,22675,51499,32438,875,1382,6480,1179,1014,24.8,67.60374,117542,63.104252097122725
2025-08-20 17:00:00,108226,22611,50651,32466,563,1284,6169,1154,1011,24.15,70.72752,115909,63.20648094625957
2025-08-20 16:00:00,106141,23172,49021,32487,249,1272,5330,778,1015,23.05,75.57383,113324,63.70495217253186
2025-08-20 15:00:00,103826,23486,47716,32518,241,1280,4349,238,803,22.65,79.38875,110631,64.3598991241153
2025-08-20 14:00:00,102091,22772,47476,32523,236,1281,2765,243,628,22.6,84.21619,107924,65.09024869352508
2025-08-20 13:00:00,100499,22324,47081,32521,225,1295,1445,247,877,22.1,87.62726,106015,65.4671508748762
2025-08-20 12:00:00,98839,21707,46985,32520,221,1283,267,240,837,21.15,91.44055,104060,66.01191620219105
2025-08-20 11:00:00,95035,19674,45733,32524,223,1295,5,249,653,21.15,94.608406,100356,65.17497708158953
2025-08-20 10:00:00,89752,18144,42672,32528,223,1296,4,248,579,22.15,94.64794,95694,63.552573829080195
2025-08-20 09:00:00,87012,17855,41380,32534,222,1296,4,235,597,22.7,95.83204,94123,62.93360815103641
2025-08-20 08:00:00,87143,18191,41393,32526,221,1287,4,226,827,22.6,97.00482,94675,62.93530499075786
2025-08-20 07:00:00,88710,19054,41999,32504,223,1302,4,227,1225,22.75,96.41927,96538,63.242453748782864
2025-08-20 06:00:00,91574,20509,43405,32489,222,1292,4,222,1178,22.9,96.13034,99321,64.35094290230666
2025-08-20 05:00:00,95754,22552,45231,32464,222,1297,4,230,1044,23.25,94.40335,103044,65.78063739761654
2025-08-20 04:00:00,100017,23804,49333,32436,301,1277,4,289,1167,23.4,94.98479,108611,67.3384832107245
2025-08-20 03:00:00,104940,24189,53178,32412,883,1341,4,407,1568,23.75,91.87883,113982,67.87650681686583
2025-08-20 02:00:00,111074,24425,56523,32403,923,1894,4,1537,1779,24.2,91.07279,119488,67.74571505088377
2025-08-20 01:00:00,114903,24546,57757,32382,1134,1893,49,3636,1943,23.85,89.94836,123340,66.72855521323172
2025-08-20 00:00:00,117033,24468,59376,32345,1197,1902,558,4391,1939,25.1,85.26067,126176,66.45003804209992
2025-08-19 23:00:00,120015,24122,59898,32320,1114,1894,2200,4996,1608,25.4,84.77541,128152,65.56276921156126
2025-08-19 22:00:00,121549,24335,59403,32284,942,1898,3994,4271,1624,28.8,63.948837,128751,65.03871814587848
2025-08-19 21:00:00,121006,24643,58593,32268,978,1881,5168,3074,1570,31.5,53.934566,128175,64.93934074507509
2025-08-19 20:00:00,119541,24911,58407,32174,898,1873,6497,1654,1244,31.35,54.899754,127658,65.26657162104999
2025-08-19 19:00:00,117434,24523,57130,32052,912,1863,7391,1367,1189,31.1,55.516323,126427,64.58509653792306
2025-08-19 18:00:00,115034,24482,54802,31966,1057,1378,7765,1230,1106,30.3,56.877552,123786,64.0492462798701
2025-08-19 17:00:00,111495,22813,51480,31929,1052,1299,7495,1624,1052,29.35,58.24918,118744,62.56568752947518
2025-08-19 16:00:00,108036,23133,48536,31907,862,1322,6862,1620,1114,28.05,61.84839,115356,62.1285412115538
2025-08-19 15:00:00,104436,23068,47221,31845,405,1321,6103,1599,999,26.35,67.49236,112561,62.445251907854406
2025-08-19 14:00:00,101564,22369,46692,31775,243,1328,5078,1199,1308,24.05,74.79735,109992,62.78729362135428
2025-08-19 13:00:00,99618,22510,47416,31778,234,1321,2973,429,1750,21.9,82.57865,108411,64.50083478613794
2025-08-19 12:00:00,97615,21782,48315,31783,231,1331,539,364,2421,21.05,87.26185,106766,65.65479647078658
2025-08-19 11:00:00,93704,19641,45821,31720,234,1336,9,350,2942,20.1,91.08956,102053,64.14510107493166
2025-08-19 10:00:00,88677,18242,43164,31713,233,1322,9,295,2648,20.35,89.97394,97626,62.89922766476144
2025-08-19 09:00:00,85927,17631,41830,31689,230,1228,9,290,2539,20.7,89.718925,95446,62.298053349537966
2025-08-19 08:00:00,85814,18165,41815,31646,226,1185,9,268,2560,20.95,90.017265,95874,62.56127834449382
2025-08-19 07:00:00,87327,19261,43640,31579,225,1303,10,268,1945,21.55,87.306946,98231,64.03375716423533
2025-08-19 06:00:00,90220,19852,45105,31500,223,1287,10,262,1994,21.95,85.73072,100233,64.80600201530434
2025-08-19 05:00:00,94411,21625,45447,31479,223,1261,10,269,2189,22.45,84.46145,102503,65.43418241417325
2025-08-19 04:00:00,99460,24849,48855,31483,309,1267,10,319,1960,23.45,79.49946,109052,67.58610571103694
2025-08-19 03:00:00,104623,25886,52422,31469,923,1669,10,514,1726,24.1,76.925835,114619,68.32026103874576
2025-08-19 02:00:00,111219,26357,57466,31477,1106,1792,10,1451,2014,24.55,74.41621,121673,68.89203027787595
2025-08-19 01:00:00,115977,26442,60344,31485,1430,1864,82,3118,1826,25.35,66.041565,126591,68.55621647668477
2025-08-19 00:00:00,118801,25916,58981,31529,1652,1870,1666,5005,1877,26.6,67.75136,128496,66.06976092641015
2025-08-18 23:00:00,122254,25404,58228,31567,1965,1852,4775,5192,1953,28.15,51.122414,130936,63.8724262234985
2025-08-18 22:00:00,123674,25109,57227,31580,1492,1862,6830,5169,1995,28.75,48.748936,131264,62.725499756216486
2025-08-18 21:00:00,123104,25252,57486,31544,1524,1843,7291,4269,1761,29.1,47.168434,130970,63.17324578147667
2025-08-18 20:00:00,122170,25086,57454,31545,1163,1865,7657,3890,1386,29.05,47.7575,130046,63.46984913030774
2025-08-18 19:00:00,120754,25058,56494,31553,1168,1837,8068,3243,1515,28.7,50.30288,128936,63.24998448842837
2025-08-18 18:00:00,118254,23926,55582,31578,1313,1845,8356,2666,1469,27.9,53.706734,126735,62.735629463052824
2025-08-18 17:00:00,114486,23101,53217,31604,1317,1806,8241,2282,1323,26.8,57.101814,122891,62.102188117925635
2025-08-18 16:00:00,111293,22477,51972,31621,1081,1330,7570,1765,1040,25.1,64.962204,118856,62.63798209598169
2025-08-18 15:00:00,108006,22061,50977,31641,718,1224,6897,1358,1112,23.7,73.351944,115988,62.97030727316619
2025-08-18 14:00:00,105350,21450,49460,31654,218,1210,6246,1321,1486,22.0,82.076416,113045,62.727232518023804
2025-08-18 13:00:00,103122,21126,49309,31647,218,1204,4216,300,2125,20.85,86.42852,110145,63.9475237187344
2025-08-18 12:00:00,101684,21097,50017,31632,218,1213,1053,268,2461,19.7,90.49359,107959,65.87130299465538
2025-08-18 11:00:00,98916,19925,49311,31614,219,1240,19,284,2312,18.7,93.32614,104924,65.98680950020967
2025-08-18 10:00:00,94497,18477,46786,31614,218,1257,10,296,2178,18.75,92.15858,100836,64.72192470942917
2025-08-18 09:00:00,92043,18468,44694,31595,218,1229,10,288,1966,19.05,89.31293,98468,64.1446967542755
2025-08-18 08:00:00,92153,19063,44835,31561,218,1226,10,229,1780,19.6,85.7636,98922,64.59432684337155
2025-08-18 07:00:00,94476,20313,46265,31560,221,1235,10,220,2092,20.35,82.39116,101916,65.32634718788022
2025-08-18 06:00:00,98111,21669,47756,31550,221,1222,10,228,2340,21.05,81.188446,104996,66.12156653586804
2025-08-18 05:00:00,103015,23621,49965,31550,292,1237,10,221,2366,21.9,80.53737,109262,67.3482088923871
2025-08-18 04:00:00,108730,26282,54072,31531,1033,1275,10,210,2429,22.95,79.18332,116842,68.7715033977508
2025-08-18 03:00:00,115762,27692,59990,31462,1387,1838,10,241,2555,24.05,79.09171,125175,70.04753345316557
2025-08-18 02:00:00,121256,27712,64518,31366,1967,1861,10,923,2031,25.3,75.931145,130388,70.73503696659202
2025-08-18 01:00:00,125961,27808,66963,31311,2147,1870,88,3448,1694,26.0,74.42635,135329,70.03007485461356
2025-08-18 00:00:00,130576,27675,69198,31279,2130,1867,1617,3860,1587,27.2,64.0011,139213,69.58617370504192
2025-08-17 23:00:00,135636,27575,69121,31254,2079,1863,5216,3923,1295,28.95,56.905834,142326,67.9398001770583
2025-08-17 22:00:00,138283,27634,68575,31257,2038,1863,7567,3822,1086,30.45,51.39158,143842,66.88519347617526
2025-08-17 21:00:00,137603,27401,66613,31278,1855,1859,8951,3870,892,31.2,49.390152,142719,65.87349967418493
2025-08-17 20:00:00,134997,26734,64151,31297,1669,1888,9931,3252,781,31.45,49.30171,139703,65.05586852107686
2025-08-17 19:00:00,131736,26149,62848,31317,1600,1882,10112,2437,697,31.2,50.79007,137042,64.94140482479823
2025-08-17 18:00:00,127659,25141,60907,31361,1509,1877,10249,969,682,30.85,52.949253,132695,64.84645239082106
2025-08-17 17:00:00,121780,22769,57346,31414,1340,1826,10434,927,858,30.1,56.480408,126914,63.125423515136234
2025-08-17 16:00:00,115514,21370,53330,31440,896,1319,10584,456,903,29.15,61.5229,120298,62.095795441320725
2025-08-17 15:00:00,108621,19939,49185,31474,616,962,9728,327,1406,27.6,67.94857,113637,60.8287793588356
2025-08-17 14:00:00,102050,18620,45578,31485,340,889,8051,347,1934,26.0,71.72854,107244,59.861623960314795
2025-08-17 13:00:00,95550,18131,41964,31498,334,807,5144,357,2478,24.55,75.578514,100713,59.66955606525474
2025-08-17 12:00:00,90253,17738,42274,31523,336,840,1161,382,1841,23.7,86.16819,96095,62.45069982829492
2025-08-17 11:00:00,88712,17546,42545,31549,339,794,22,376,2376,22.35,92.07883,95547,62.8915612211791
2025-08-17 10:00:00,89312,17969,42440,31545,340,809,9,328,2584,22.7,90.14204,96024,62.910314088144624
2025-08-17 09:00:00,90034,18513,42677,31526,338,798,9,323,2577,22.85,89.876335,96761,63.23828815328489
2025-08-17 08:00:00,92148,19366,44391,31501,333,855,9,330,2159,23.4,86.9366,98944,64.43745957309184
2025-08-17 07:00:00,94982,20509,45872,31472,328,989,9,331,2276,23.8,85.12733,101786,65.21623798950739
2025-08-17 06:00:00,99300,22843,47263,31462,325,1193,9,327,2080,24.15,84.38462,105502,66.44992511990294
2025-08-17 05:00:00,103995,25125,49516,31437,326,1189,9,326,2240,24.65,83.66825,110168,67.75197879602062
2025-08-17 04:00:00,109032,26085,53248,31257,713,1349,9,403,2520,25.3,81.22804,115584,68.63666251384275
2025-08-17 03:00:00,114895,26910,57018,31271,1441,1789,12,721,2342,25.95,79.11371,121504,69.07426915986305
2025-08-17 02:00:00,121558,27494,61709,31390,1839,1784,43,2590,1812,26.65,74.76123,128661,69.33180995017916
2025-08-17 01:00:00,127324,27773,65453,31363,1890,1779,95,3700,1508,27.65,69.8574,133561,69.80031596049744
2025-08-17 00:00:00,131323,27432,68173,31334,1922,1772,1831,4177,881,29.65,64.52124,137522,69.51978592516107
2025-08-16 23:00:00,136883,27185,68037,31332,1915,1757,6209,4376,946,30.7,53.902386,141757,67.17269693912823
2025-08-16 22:00:00,139995,27139,68309,31342,1923,1787,9032,4205,837,31.5,52.78603,144574,66.02016960172645
2025-08-16 21:00:00,139815,26824,67586,31339,1924,1786,9793,4026,570,32.2,51.360626,143848,65.63177798787609
2025-08-16 20:00:00,137408,27005,66766,31385,1597,1772,10095,2701,536,32.2,51.202938,141857,66.10248348689173
2025-08-16 19:00:00,134306,26864,65618,31445,1592,1775,10395,1110,344,31.8,52.53726,139143,66.46543484041597
2025-08-16 18:00:00,130557,25649,62316,31489,1515,1789,10372,821,505,31.4,53.41479,134456,65.42288927232701
2025-08-16 17:00:00,126281,23941,59606,31521,1514,1774,10458,749,246,30.7,55.078823,129809,64.36148495096641
2025-08-16 16:00:00,120821,22878,56435,31522,1444,1280,10286,422,327,29.85,60.186737,124594,63.6571584506477
2025-08-16 15:00:00,113866,21485,52080,31539,824,1205,9351,408,361,28.1,68.88314,117253,62.74039896633775
2025-08-16 14:00:00,106802,19559,49558,31555,330,1203,7477,528,663,25.95,79.11371,110873,62.338892246083354
2025-08-16 13:00:00,100148,18312,46105,31568,354,924,4510,506,1571,23.9,87.51579,103850,62.02888781896967
2025-08-16 12:00:00,94826,18048,45235,31564,333,890,972,539,1825,23.3,92.13312,99406,63.66114721445385
2025-08-16 11:00:00,92814,18213,45569,31559,334,889,20,410,1290,22.0,96.69501,98284,64.89560864433682
2025-08-16 10:00:00,92385,18120,45117,31538,336,903,13,275,1023,22.35,96.114555,97325,64.97508348317493
2025-08-16 09:00:00,92609,18293,45504,31507,332,887,13,273,980,22.5,96.11888,97789,65.23944410925564
2025-08-16 08:00:00,95065,19399,47182,31388,326,895,13,261,859,22.75,95.833534,100323,66.36663576647429
2025-08-16 07:00:00,98262,21403,48395,31265,324,997,13,236,941,23.2,93.54289,103574,67.38949929518992
2025-08-16 06:00:00,102404,23410,50812,31179,321,1218,13,229,1128,23.75,90.4911,108310,68.52737512695042
2025-08-16 05:00:00,106978,24243,55248,31077,493,1221,13,230,1097,24.35,86.49427,113622,69.96092306067487
2025-08-16 04:00:00,113005,24896,61012,31172,1556,1215,13,231,862,25.2,81.962616,120957,71.02358689451623
2025-08-16 03:00:00,119623,25194,66150,31349,1837,1613,13,824,667,25.4,82.488,127647,71.55984864509153
2025-08-16 02:00:00,127185,25519,70993,31429,2696,1796,19,2623,635,25.5,84.27313,135710,71.1163510426645
2025-08-16 01:00:00,133322,25741,73440,31396,3253,1807,131,4455,303,26.1,82.32128,140526,70.57839830351679
2025-08-16 00:00:00,138090,25737,74092,31410,4055,1825,1963,5014,207,27.95,66.573654,144303,69.18012792526837
2025-08-15 23:00:00,143330,25627,74649,31383,4547,1842,5904,5407,173,28.8,60.87925,149532,67.05989353449428
2025-08-15 22:00:00,145797,25669,74156,31379,4022,1836,8302,5142,141,29.8,55.02842,150647,66.26418050143712
2025-08-15 21:00:00,145391,25643,73646,31388,3517,1825,9326,5043,90,30.15,53.10227,150478,65.98240274325815
2025-08-15 20:00:00,143296,26172,72845,31395,2014,1812,10024,4778,66,30.5,51.085403,149106,66.40711976714552
2025-08-15 19:00:00,140374,25863,71277,31393,1940,1799,10178,3888,61,30.3,53.139915,146399,66.35291224666835
2025-08-15 18:00:00,135837,24776,69142,31417,1801,1771,10244,2356,55,29.5,57.03766,141562,66.34407538746274
2025-08-15 17:00:00,130204,23377,64711,31457,1591,1702,10283,1417,83,28.8,61.06723,134621,65.4340704644892
2025-08-15 16:00:00,124360,22400,59874,31512,1510,1648,10190,1011,131,28.1,64.58972,128276,64.13826436745767
2025-08-15 15:00:00,118671,21363,56514,31545,1190,1284,9443,748,192,27.15,67.44329,122279,63.68795950244932
2025-08-15 14:00:00,112257,20495,53660,31572,353,1184,8007,753,573,25.25,73.61683,116597,63.59940650274021
2025-08-15 13:00:00,107145,19964,51324,31590,330,1192,5123,526,1119,23.2,80.45841,111168,64.12636729994243
2025-08-15 12:00:00,101740,19478,50367,31627,327,1223,1241,480,1236,22.15,80.06785,105979,65.90456599892431
2025-08-15 11:00:00,97270,18754,48447,31642,331,1248,16,439,1188,20.7,86.685356,102065,65.84137559398422
2025-08-15 10:00:00,93600,18286,46504,31652,340,1269,5,316,1132,21.25,83.80439,99504,65.1129602830037
2025-08-15 09:00:00,91587,17950,45267,31653,338,1238,5,307,1307,21.55,82.53658,98065,64.4643858665171
2025-08-15 08:00:00,92013,18364,45248,31647,332,1164,5,308,1514,21.95,81.5587,98582,64.5269927572985
2025-08-15 07:00:00,94610,19345,47093,31629,329,1250,5,325,1529,22.35,82.11942,101505,65.4529333530368
2025-08-15 06:00:00,98676,21061,49356,31624,326,1244,5,361,1517,22.9,81.93206,105494,66.74976775930385
2025-08-15 05:00:00,103654,23444,51432,31598,495,1160,8,380,1185,23.75,77.351654,109702,68.25399719239394
2025-08-15 04:00:00,109477,25498,56261,31569,1125,1010,11,447,768,24.5,71.6814,116689,70.0657302744903
2025-08-15 03:00:00,115891,26141,60874,31544,1351,1513,11,1192,525,24.85,75.86025,123151,70.65716072139081
2025-08-15 02:00:00,123922,26537,66709,31523,2038,1534,22,2855,368,26.1,75.824036,131586,70.86316173453103
2025-08-15 01:00:00,129506,26434,69983,31507,2395,1508,146,4751,294,26.65,72.508644,137018,70.3681268154549
2025-08-15 00:00:00,134408,26339,70462,31494,3490,1524,1953,4981,321,27.35,57.59465,140564,68.86613926752226
2025-08-14 23:00:00,138867,26165,70335,31487,4192,1528,5019,4633,295,28.85,50.34185,143654,67.17529619780862
2025-08-14 22:00:00,140764,26264,69707,31484,2356,1525,6798,5807,451,29.65,46.5722,144392,66.4655936616987
2025-08-14 21:00:00,140578,25911,67421,31473,2084,1750,8744,4975,295,30.25,45.27921,142653,65.4258936019572
2025-08-14 20:00:00,140151,25916,67230,31458,2032,1833,9518,4118,267,30.35,45.449604,142372,65.42438119855028
2025-08-14 19:00:00,138058,25818,65443,31479,1648,1855,9535,3785,236,30.2,46.132866,139799,65.28015221854233
2025-08-14 18:00:00,134871,25038,63926,31515,1669,1882,9272,1876,167,29.5,50.036545,135345,65.73127932321106
2025-08-14 17:00:00,129610,23904,60932,31550,1546,1881,9434,1299,153,28.55,55.58247,130699,64.90944842730244
2025-08-14 16:00:00,124052,23029,57013,31571,1532,1369,9752,1130,123,27.75,64.91484,125519,63.76883181032353
2025-08-14 15:00:00,118815,22788,54045,31597,1060,1283,9462,574,141,26.7,72.51736,120950,63.524596940884656
2025-08-14 14:00:00,113835,22172,52436,31608,333,1287,8017,442,194,25.0,80.94191,116489,64.04724909648122
2025-08-14 13:00:00,108712,22001,50667,31632,330,1256,4964,416,314,22.95,89.33363,111580,65.12636673238931
2025-08-14 12:00:00,104002,21690,50260,31633,328,1296,1097,406,429,21.65,93.75799,107139,67.15575094036718
2025-08-14 11:00:00,99967,20305,49512,31634,332,1305,30,389,470,20.85,95.77455,103977,67.14658049376304
2025-08-14 10:00:00,95661,18975,46826,31639,333,1295,16,372,518,21.05,95.19105,99974,65.81811270930442
2025-08-14 09:00:00,93115,18597,45651,31625,333,1296,16,351,671,21.4,94.61833,98540,65.19991881469454
2025-08-14 08:00:00,93508,18848,45870,31607,330,1350,16,346,777,21.7,94.339424,99144,65.27676914387153
2025-08-14 07:00:00,95626,19855,46664,31600,328,1598,16,346,862,22.3,92.928345,101269,65.68545161895545
2025-08-14 06:00:00,99056,21729,48599,31595,328,1720,16,353,926,22.85,91.26516,105266,66.80979613550434
2025-08-14 05:00:00,103467,24293,50700,31586,323,1823,16,478,1093,23.6,88.29653,110312,67.98263108274712
2025-08-14 04:00:00,107748,25258,54527,31573,850,2267,16,659,1228,24.25,85.95827,116378,68.55677189846878
2025-08-14 03:00:00,113921,25607,59653,31569,1530,2374,16,972,1124,24.65,85.73575,122845,69.40453416907485
2025-08-14 02:00:00,121904,26546,64397,31548,1936,2259,24,2695,806,25.25,83.48091,130211,69.84279361958667
2025-08-14 01:00:00,126129,26766,65666,31522,2022,2150,164,5191,591,25.75,80.30106,134072,68.94206098215884
2025-08-14 00:00:00,130307,26741,67214,31493,2302,2106,1746,5251,552,26.15,81.82995,137405,68.37815217786834
2025-08-13 23:00:00,134871,26420,68673,31471,2556,2022,4313,4950,541,26.7,75.227036,140946,67.46768265860685
2025-08-13 22:00:00,138442,26631,69271,31444,2230,1884,6090,4729,482,26.55,73.61052,142761,67.17660985843472
2025-08-13 21:00:00,140198,26796,69897,31444,2271,1941,6950,4846,408,26.8,71.65127,144553,66.89103650564154
2025-08-13 20:00:00,140539,26715,69162,31452,2105,2677,7734,4509,315,27.6,72.89526,144669,66.27335503805239
2025-08-13 19:00:00,138904,26561,68822,31463,2348,2655,7362,2991,331,27.8,71.82939,142533,66.91994134691616
2025-08-13 18:00:00,135152,25734,67336,31477,2284,2548,7557,1267,454,27.45,75.34677,138657,67.12246767202521
2025-08-13 17:00:00,130063,24660,63816,31502,1738,2454,7520,1209,246,26.45,79.6651,133145,66.45086184235232
2025-08-13 16:00:00,125532,24406,60092,31537,1986,2395,6865,890,102,24.95,82.68643,128273,65.87356653387697
2025-08-13 15:00:00,121303,25085,58680,31556,1032,1920,5649,534,162,23.75,86.173004,124618,67.21741642459355
2025-08-13 14:00:00,115702,24826,56345,31552,458,1921,4522,346,342,22.8,91.26202,120312,67.46708557749851
2025-08-13 13:00:00,111344,24956,54855,31597,394,1898,2384,276,705,22.6,91.811165,117065,68.17665399564345
2025-08-13 12:00:00,107186,23726,53849,31621,348,1828,651,269,1022,22.5,94.66168,113314,68.46020791782128
2025-08-13 11:00:00,103540,22351,52725,31621,349,1731,94,263,1209,22.2,95.52376,110343,68.03875189182821
2025-08-13 10:00:00,99169,20742,50205,31608,350,1635,84,252,1303,22.3,96.11314,106179,66.81829740344136
2025-08-13 09:00:00,96820,20441,48873,31605,347,1535,84,233,1178,22.5,96.41266,104296,66.45892459921761
2025-08-13 08:00:00,96916,21191,48497,31587,343,1584,84,219,1158,22.75,96.71334,104663,66.58322425307894
2025-08-13 07:00:00,99724,22913,49194,31561,344,1716,84,220,1279,22.95,96.13174,107311,67.1944162294639
2025-08-13 06:00:00,103812,24801,50315,31537,343,1842,84,237,1251,23.55,92.14731,110410,68.03369260030794
2025-08-13 05:00:00,108869,26740,52954,31541,341,2075,84,304,1073,23.7,89.39042,115112,69.2317047744805
2025-08-13 04:00:00,114168,27350,57654,31501,1869,1833,84,221,690,26.4,74.03746,121202,70.13415620204287
2025-08-13 03:00:00,121341,27315,63131,31460,2539,1882,84,1113,770,27.1,71.48578,128294,70.49901008620823
2025-08-13 02:00:00,129873,27422,68594,31433,2861,1863,84,2683,1005,27.75,69.66294,135945,70.6285630218103
2025-08-13 01:00:00,135916,27612,71185,31452,3431,1852,174,4781,1074,28.85,64.7476,141561,69.79111478443922
2025-08-13 00:00:00,140553,27640,72713,31555,4471,1850,1184,5158,1392,29.5,57.214317,145963,68.75235504888225
2025-08-12 23:00:00,144795,27484,72182,31626,4551,1840,4305,5321,1599,30.75,50.67455,148908,66.93125956966718
2025-08-12 22:00:00,146576,27539,71849,31909,3310,1846,6722,5543,1656,31.25,49.40314,150374,66.09387261095668
2025-08-12 21:00:00,146497,27764,70282,32253,2677,1824,8328,5102,1939,31.55,46.930782,150169,65.29043943823292
2025-08-12 20:00:00,145332,27934,69932,32310,2689,1833,8715,5186,1295,32.05,46.48058,149894,65.2901383644442
2025-08-12 19:00:00,142162,27799,67824,32326,2650,1847,9695,4248,933,31.75,48.619625,147322,64.90748157098058
2025-08-12 18:00:00,138430,27415,65244,32343,2593,1836,9844,2918,789,31.5,49.46803,142982,64.80466072652501
2025-08-12 17:00:00,132896,26868,61757,32364,2443,1819,9967,1066,704,31.2,51.582745,136988,64.69544777644757
2025-08-12 16:00:00,125786,26090,56837,32392,2426,1774,9556,681,424,30.3,57.75847,130180,63.70179751113842
2025-08-12 15:00:00,119177,25756,54298,32415,1794,1290,8748,272,228,28.55,64.28895,124801,64.14531934840265
2025-08-12 14:00:00,113572,25398,52057,32458,899,1253,7302,269,390,26.35,71.13137,120026,64.5318514321897
2025-08-12 13:00:00,109593,24852,50960,32481,813,1177,4402,240,949,24.15,78.13371,115874,65.42623884564269
2025-08-12 12:00:00,104813,23941,50506,32495,708,1245,976,243,1245,22.55,84.734505,111359,66.85315062096463
2025-08-12 11:00:00,100582,22432,49035,32489,319,1496,21,251,1570,21.45,87.84297,107613,66.41112133292447
2025-08-12 10:00:00,96259,20545,46513,32480,317,1447,12,234,1987,21.55,87.85162,103535,64.76843579465881
2025-08-12 09:00:00,93994,20136,44936,32471,271,1428,12,222,1961,22.1,85.21471,101437,64.15016216962253
2025-08-12 08:00:00,94690,21158,45570,32473,215,1429,12,229,1858,22.7,82.16229,102944,64.81970780230027
2025-08-12 07:00:00,97054,22473,46461,32464,208,1513,12,237,1784,23.15,80.70196,105152,65.55652769324408
2025-08-12 06:00:00,101038,24370,48477,32443,206,1575,12,237,1707,23.65,80.0211,109027,66.81555944857695
2025-08-12 05:00:00,105290,25982,50516,32433,284,1790,12,240,1570,23.95,80.06141,112827,67.80114688859936
2025-08-12 04:00:00,110111,26807,54904,32438,1244,1857,12,357,1274,24.65,77.72558,118893,68.72650198077262
2025-08-12 03:00:00,118365,27231,62192,32430,1256,2232,12,1352,971,25.7,73.69304,127676,70.03900498135907
2025-08-12 02:00:00,127548,27237,68321,32406,2189,2502,13,3075,738,26.85,69.279465,136481,70.01560656794719
2025-08-12 01:00:00,132750,27252,70184,32381,2864,2489,159,4734,534,27.95,64.35946,140597,69.30162094497038
2025-08-12 00:00:00,138415,27148,72279,32341,3222,2502,1979,5253,466,28.65,58.99212,145190,68.48061161237
2025-08-11 23:00:00,142620,27222,72092,32300,3039,2520,5102,5268,392,29.9,51.733295,147935,67.13353837834184
2025-08-11 22:00:00,143422,27203,72290,32307,2466,2513,6938,5125,382,30.45,49.81391,149224,66.67359137940278
2025-08-11 21:00:00,141428,27131,70656,32312,1664,2493,7641,4960,312,30.7,48.95324,147169,66.44537912196182
2025-08-11 20:00:00,138498,27274,68889,32243,1422,2517,8281,4413,271,30.7,48.95324,145310,66.17782671529832
2025-08-11 19:00:00,135294,27280,66789,32165,1574,2506,8606,3053,364,30.6,49.233982,142337,66.08892979337769
2025-08-11 18:00:00,131334,27033,63216,32169,1409,2460,9512,1740,607,30.25,51.340446,138146,65.32871020514528
2025-08-11 17:00:00,126119,27063,58159,32203,1685,1925,9940,1323,687,29.75,53.83305,132985,64.08391923901192
2025-08-11 16:00:00,119701,26643,54326,32255,1324,1705,9838,516,617,28.8,60.13233,127224,63.6428661258882
2025-08-11 15:00:00,113764,25746,51597,32256,425,1730,9192,250,646,27.0,69.09524,121842,63.4781109962082
2025-08-11 14:00:00,109835,25138,50765,32185,267,1634,7798,243,714,25.0,75.41699,118744,63.92154550966785
2025-08-11 13:00:00,105169,24027,49371,32142,226,1560,4834,242,1094,23.05,81.19149,113496,64.67012053288221
2025-08-11 12:00:00,99994,22718,48492,32139,226,1511,1181,242,1512,21.8,83.86621,108021,65.92236694716767
2025-08-11 11:00:00,95597,20763,46687,32134,230,1473,43,244,1752,20.9,88.069954,103326,65.2788262392815
2025-08-11 10:00:00,91651,19063,44509,32115,234,1188,28,230,2175,21.0,88.90636,99542,63.86449940728537
2025-08-11 09:00:00,89072,18281,42682,32072,233,1132,28,213,2670,21.4,87.83865,97311,62.64759379720689
2025-08-11 08:00:00,89189,18444,42730,32059,231,1130,28,211,3112,21.85,86.523994,97945,62.4575016590944
2025-08-11 07:00:00,91117,18855,44260,32056,227,1210,28,210,3496,22.6,83.95547,100342,62.899882402184524
2025-08-11 06:00:00,94021,19847,45097,32038,224,1478,28,209,3521,23.1,83.23536,102442,63.39587278655239
2025-08-11 05:00:00,97120,21682,45704,32009,220,1466,28,210,3236,23.6,82.526054,104555,64.45028932140978
2025-08-11 04:00:00,102425,23638,50130,31941,525,1537,29,653,3051,24.5,78.18451,111504,66.1572679007031
2025-08-11 03:00:00,109436,25223,55427,31816,558,1890,29,1496,2430,25.3,75.697754,118869,67.84779883737559
2025-08-11 02:00:00,117051,26001,59476,31793,587,2361,29,3698,2098,26.2,72.20744,126043,67.81574542021373
2025-08-11 01:00:00,121556,26498,60931,31779,592,2470,185,4490,1947,27.2,65.80888,128892,67.83120752257705
2025-08-11 00:00:00,126794,26478,62416,31769,890,2473,2563,4637,2074,28.6,56.821697,133300,66.68717179294823
2025-08-10 23:00:00,130402,26375,60552,31758,866,2512,6695,3999,2341,29.85,49.970467,135098,64.34366163821818
2025-08-10 22:00:00,130661,26029,59533,31720,881,2376,9145,3967,1937,30.65,46.986244,135588,63.10440451957401
2025-08-10 21:00:00,128265,25167,58071,31624,927,2296,10200,3704,1684,31.05,45.066574,133673,62.26986751251188
2025-08-10 20:00:00,124374,24197,56514,31633,636,1794,10483,2447,1984,31.15,44.810432,129688,62.234748010610076
2025-08-10 19:00:00,120006,23143,54429,31657,621,1776,10643,1190,2170,31.05,45.208687,125629,61.746889651274785
2025-08-10 18:00:00,115715,21715,52148,31686,550,1691,10859,835,2293,30.6,47.71629,121777,60.65431074833507
2025-08-10 17:00:00,110445,20400,48183,31705,559,1560,11060,1011,2727,29.85,51.398407,117205,58.51542169702658
2025-08-10 16:00:00,104153,19190,44492,31737,248,1374,11099,612,2153,28.45,62.12862,110905,57.42031468373834
2025-08-10 15:00:00,99409,17885,42757,31772,224,1015,10645,358,2015,26.35,70.26001,106671,56.849565486402106
2025-08-10 14:00:00,93741,16624,39753,31812,224,935,9627,353,1789,24.35,75.78116,101117,55.75422530336145
2025-08-10 13:00:00,88259,16402,36373,31842,225,943,6648,346,2380,22.5,80.61663,95159,55.45980937168318
2025-08-10 12:00:00,83697,16093,36955,31851,225,944,1858,300,2716,21.45,82.52451,90942,58.331683930417185
2025-08-10 11:00:00,82046,16161,37473,31841,227,950,54,190,3043,20.5,85.58451,89939,59.63375176508522
2025-08-10 10:00:00,82647,16295,37772,31828,228,940,21,188,3269,20.4,87.202896,90541,59.71548801095636
2025-08-10 09:00:00,83486,16447,39080,31793,226,960,21,199,3117,20.7,86.685356,91843,60.45860871269449
2025-08-10 08:00:00,85000,16853,40053,31746,223,957,21,199,3226,21.1,85.9136,93278,61.006882651857886
2025-08-10 07:00:00,87352,17790,41534,31716,221,1108,21,202,3287,21.7,84.11719,95879,61.873820127452305
2025-08-10 06:00:00,89305,18620,41603,31697,226,1237,21,209,3780,22.3,82.62659,97393,61.835039479223354
2025-08-10 05:00:00,92804,20583,41778,31666,219,1290,30,253,4024,23.15,80.20236,99843,62.45906072533878
2025-08-10 04:00:00,98586,22958,45971,31622,412,1617,61,523,3937,24.3,75.77326,107101,64.35887620096918
2025-08-10 03:00:00,105340,23904,51124,31486,558,1583,110,2408,3365,25.05,74.96072,114538,65.5048979378023
2025-08-10 02:00:00,111770,24843,55582,31545,554,1603,133,3700,2704,25.45,74.106575,120664,66.65202545912618
2025-08-10 01:00:00,116964,25087,59244,31641,553,1685,343,4406,2483,26.7,64.69343,125442,67.22708502734332
2025-08-10 00:00:00,121919,24954,60319,31628,547,1800,2933,4893,2479,29.45,46.666462,129553,65.82093814886572
2025-08-09 23:00:00,126237,24447,60005,31632,542,1888,7375,4576,1858,30.7,41.808575,132323,63.82261587176833
2025-08-09 22:00:00,126845,23664,57674,31626,536,1861,10129,4168,1798,31.15,41.533966,131456,61.87469571567673
2025-08-09 21:00:00,124810,22622,56034,31630,541,1742,11098,3969,1991,30.6,43.269226,129627,60.6787166253944
2025-08-09 20:00:00,121373,21794,54533,31635,547,1730,11237,2859,2305,30.8,43.049717,126640,60.27084649399874
2025-08-09 19:00:00,117475,20860,53176,31646,543,1700,11460,1576,2434,31.05,42.439854,123395,59.999189594391986
2025-08-09 18:00:00,113313,19316,51123,31687,344,1641,11485,863,2733,30.55,45.216885,119192,59.09708705282234
2025-08-09 17:00:00,108809,18167,47285,31717,215,1612,11847,389,2959,29.5,50.51031,114191,57.31800229440148
2025-08-09 16:00:00,104381,17277,43763,31746,217,1495,11830,370,2877,28.1,59.047127,109575,55.70613734884782
2025-08-09 15:00:00,99384,16111,41596,31792,220,1130,11530,349,2468,26.15,66.82693,105196,54.85664854176965
2025-08-09 14:00:00,94724,15477,38582,31836,220,1055,10498,339,2282,24.05,72.72797,100289,53.90321969508122
2025-08-09 13:00:00,89717,15384,36368,31874,222,1046,7281,335,2751,22.1,78.07756,95261,54.32653446846033
2025-08-09 12:00:00,85672,15372,37614,31895,223,1044,2096,320,3365,20.9,80.91344,91929,57.63795972979147
2025-08-09 11:00:00,83774,15451,38052,31880,226,1051,132,307,3743,19.85,83.91083,90842,58.89676581317011
2025-08-09 10:00:00,83807,15436,38082,31873,229,1053,91,280,4117,20.05,83.668396,91161,58.70712256337688
2025-08-09 09:00:00,84110,15807,38164,31849,232,1100,91,263,4436,20.5,83.19332,91942,58.70113767375085
2025-08-09 08:00:00,85662,16246,38391,31820,231,1169,91,259,4857,20.8,83.490585,93064,58.70906043153099
2025-08-09 07:00:00,88434,17188,40856,31782,227,1170,91,265,4799,21.25,83.019844,96378,60.22536263462616
2025-08-09 06:00:00,92126,18812,42779,31772,226,1266,91,268,4770,22.0,79.79708,99984,61.60085613698192
2025-08-09 05:00:00,96065,20532,44302,31659,222,1603,91,271,4737,22.75,76.239624,103417,62.69182049372927
2025-08-09 04:00:00,100723,22674,47108,31520,428,1741,91,473,4470,23.6,71.743385,108505,64.31224367540666
2025-08-09 03:00:00,106956,23441,50635,31595,537,1782,91,1978,4212,24.45,67.74609,114271,64.82484619894812
2025-08-09 02:00:00,113833,24464,55093,31693,551,1834,96,3768,3638,25.4,66.25887,121137,65.67522722207087
2025-08-09 01:00:00,118797,24410,59021,31681,548,1975,314,5086,2842,26.25,65.204704,125877,66.27978105611034
2025-08-09 00:00:00,123976,24237,61141,31677,546,2076,2762,5474,2242,28.3,61.52265,130155,65.59717260189774
2025-08-08 23:00:00,128536,24082,61672,31688,544,2118,6529,4520,2378,29.55,48.49854,133531,64.22029341501224
2025-08-08 22:00:00,130363,23456,60372,31709,542,2110,8570,4708,2788,30.1,46.692352,134255,62.439387732300474
2025-08-08 21:00:00,129416,22255,59092,31710,541,1996,9511,5004,2679,30.3,46.893204,132788,61.26080669940055
2025-08-08 20:00:00,126835,21210,57174,31712,546,1886,10055,4576,2672,30.15,48.199944,129831,60.37387064722601
2025-08-08 19:00:00,123927,20985,56434,31728,561,1867,10142,3413,2740,29.75,50.10146,127870,60.54508485180261
2025-08-08 18:00:00,120708,20586,55173,31730,552,1832,10241,1580,2316,29.05,53.49067,124010,61.09104104507701
2025-08-08 17:00:00,116431,19798,53573,31748,549,1816,10450,434,1827,28.1,58.31636,120195,61.04330462997629
2025-08-08 16:00:00,112318,18813,50722,31769,581,1729,10684,374,1452,27.1,64.17844,116124,59.87995590920051
2025-08-08 15:00:00,108482,18155,48265,31786,454,1732,10070,346,1241,25.5,68.37941,112049,59.27763746218172
2025-08-08 14:00:00,103800,17308,45974,31811,226,1643,8799,316,1466,23.65,72.88567,107543,58.843439368438666
2025-08-08 13:00:00,100539,16998,44934,31849,222,1667,5779,299,2046,21.9,78.540535,103794,59.66818891265391
2025-08-08 12:00:00,96130,16317,44764,31881,224,1717,1579,294,2320,20.7,81.91539,99096,61.63820941309437
2025-08-08 11:00:00,92089,15393,43500,31883,228,1623,53,284,2401,19.75,86.322334,95365,61.75536098149216
2025-08-08 10:00:00,88842,15109,40964,31875,230,1292,20,271,2799,20.1,85.81386,92560,60.580164217804665
2025-08-08 09:00:00,87082,15594,39500,31866,228,1202,20,260,2873,20.55,83.9894,91543,60.18373878942136
2025-08-08 08:00:00,87566,16447,40252,31853,225,1247,20,264,2569,20.95,81.94652,92877,61.047406785318216
2025-08-08 07:00:00,90002,17455,42572,31851,223,1344,20,263,2063,21.5,78.73047,95791,62.66455094946289
2025-08-08 06:00:00,93413,18685,44525,31849,220,1533,20,259,1716,22.15,75.66693,98807,63.97320027933243
2025-08-08 05:00:00,97650,20356,46854,31817,217,1709,20,271,1634,22.75,73.88235,102878,65.32980812224189
2025-08-08 04:00:00,102549,21650,51830,31808,216,1720,20,332,1545,23.25,72.35958,109121,67.33809257613107
2025-08-08 03:00:00,108527,22304,56771,31786,470,1820,32,1259,1323,23.75,71.99571,115765,68.30648296117133
2025-08-08 02:00:00,115196,22618,62615,31767,568,1943,34,2415,1229,24.55,73.49769,123189,69.18880744222292
2025-08-08 01:00:00,119321,22678,64174,31746,651,1897,251,5145,813,25.5,72.98026,127355,68.19677280043972
2025-08-08 00:00:00,123108,22724,65752,31727,698,2007,2132,5093,570,27.25,60.905983,130703,67.69240185764673
2025-08-07 23:00:00,126668,22597,65419,31711,696,2052,4727,5200,576,28.0,55.621708,132978,66.18839206485283
2025-08-07 22:00:00,128586,22360,65559,31697,719,2105,5794,5243,453,28.15,56.183678,133930,65.64548644814455
2025-08-07 21:00:00,128095,21982,63652,31684,816,2099,7364,4897,472,27.65,57.48608,132966,64.40293007234932
2025-08-07 20:00:00,126193,21800,61945,31688,812,2070,8375,4420,643,29.0,50.222225,131753,63.56212002762746
2025-08-07 19:00:00,123911,21484,59672,31696,755,2010,8924,3753,805,29.15,50.419693,129099,62.86338391467014
2025-08-07 18:00:00,120870,21326,57252,31709,626,1972,9267,2445,707,29.45,51.295868,125304,62.70988954861776
2025-08-07 17:00:00,116138,20819,55496,31744,606,2020,8996,1032,624,28.75,54.941082,121337,62.895077346563696
2025-08-07 16:00:00,111095,19658,52759,31790,577,1981,9243,384,607,27.5,57.81134,116999,61.89540081539159
2025-08-07 15:00:00,107140,18864,49981,31832,493,1996,8300,390,611,25.7,66.73555,112467,61.21351151893444
2025-08-07 14:00:00,104123,18074,48608,31833,222,1994,6947,504,812,23.7,74.043015,108994,61.17951446868635
2025-08-07 13:00:00,100149,17508,47342,31827,224,1883,4274,494,1202,21.75,82.0456,104754,61.90694388758424
2025-08-07 12:00:00,95677,16901,46664,31885,225,1790,1064,417,1411,20.65,88.3245,100357,63.33888019769424
2025-08-07 11:00:00,91574,15734,45642,31907,227,1700,34,411,1346,19.65,90.774864,97001,63.27357449923197
2025-08-07 10:00:00,87867,14885,43232,31909,229,1358,19,354,1424,19.95,84.18797,93410,62.21710737608394
2025-08-07 09:00:00,85608,14757,41672,31911,231,1295,19,431,1549,20.2,78.54291,91865,61.42600555162466
2025-08-07 08:00:00,86206,15285,41987,31903,232,1289,19,435,1523,20.7,73.29613,92673,61.80009279941299
2025-08-07 07:00:00,88299,16443,43176,31881,231,1292,19,445,1462,21.45,69.55053,94949,62.790550716700544
2025-08-07 06:00:00,91450,17484,44693,31876,225,1406,19,514,1417,22.0,69.8788,97634,63.68375770735605
2025-08-07 05:00:00,94844,18658,46247,31865,222,1642,19,546,1497,22.95,67.6593,100696,64.45638357035037
2025-08-07 04:00:00,98936,20101,50498,31852,679,1637,21,482,1509,23.75,66.54592,106779,66.11693310482399
2025-08-07 03:00:00,104358,20601,55210,31830,771,1630,45,1717,1140,24.3,67.92936,112944,67.1226448505454
2025-08-07 02:00:00,110408,21517,59375,31821,802,1626,45,3979,791,24.9,65.53525,119956,67.43472606622429
2025-08-07 01:00:00,114223,21159,60962,31796,755,1705,245,5760,712,25.9,59.274574,123094,66.71405592474045
2025-08-07 00:00:00,117034,20807,61204,31772,749,1817,1984,5537,701,27.75,51.18114,124571,65.83474484430566
2025-08-06 23:00:00,119685,20439,61495,32507,772,1852,3824,5651,574,28.6,47.185,127114,64.45710149944145
2025-08-06 22:00:00,121076,20080,60372,32592,726,1813,5329,5555,892,29.2,46.15727,127359,63.16946584065516
2025-08-06 21:00:00,121152,19930,60413,32604,664,1788,6129,5008,1172,29.55,45.09044,127708,62.91148557647133
2025-08-06 20:00:00,120351,19873,59516,32616,681,1803,6624,4742,889,29.65,44.974205,126744,62.63728460518841
2025-08-06 19:00:00,118873,19499,58441,32628,654,1836,7209,2609,718,29.6,44.817814,123594,63.06131365600272
2025-08-06 18:00:00,116950,19500,57460,32626,629,1818,7297,1223,597,28.65,46.304092,121150,63.52455633512175
2025-08-06 17:00:00,113571,18934,55359,32639,610,1684,7345,941,471,27.8,51.519775,117983,62.96924133137824
2025-08-06 16:00:00,110073,19010,52521,32658,667,1666,6907,579,450,26.75,57.089725,114458,62.49541316465428
2025-08-06 15:00:00,106634,18380,50472,32680,651,1670,5737,554,402,25.2,62.37822,110546,62.28357425867964
2025-08-06 14:00:00,104201,18585,49876,32682,271,1763,4383,657,438,23.65,70.41296,108655,63.00768487414293
2025-08-06 13:00:00,101936,17834,49125,32694,244,1739,2563,776,705,22.25,79.08502,105680,63.36014383043149
2025-08-06 12:00:00,97719,17193,48163,32709,226,1613,629,634,799,20.6,91.121864,101966,64.09587509562012
2025-08-06 11:00:00,93492,15758,46309,32709,228,1594,31,661,821,20.25,93.40199,98111,63.26201954928601
2025-08-06 10:00:00,89351,14934,43325,32702,226,1271,19,552,825,20.55,93.707344,93854,62.074072495578235
2025-08-06 09:00:00,86963,15068,42641,32692,223,1187,19,433,685,20.95,93.14667,92948,62.08740370960106
2025-08-06 08:00:00,87121,15363,42790,32683,220,1159,19,318,660,21.15,95.48887,93212,62.387889971248335
2025-08-06 07:00:00,89046,16071,43760,32669,218,1175,19,285,810,21.75,93.76253,95007,62.97535971033713
2025-08-06 06:00:00,92279,16762,45154,32660,215,1301,19,288,1174,22.35,87.378586,97573,63.45607903825854
2025-08-06 05:00:00,96093,17663,47500,32652,220,1662,19,289,1250,22.65,86.066216,101255,64.35534047701348
2025-08-06 04:00:00,99866,18225,51252,32634,470,1776,19,360,1148,22.85,86.085686,105884,65.61614597106266
2025-08-06 03:00:00,106074,19229,56409,32624,560,1868,19,1506,840,23.4,84.04402,113055,66.9037194285967
2025-08-06 02:00:00,112797,19676,60924,32609,564,2418,19,3139,592,24.05,78.3613,119941,67.1997065223735
2025-08-06 01:00:00,116501,18873,62131,32600,548,2478,162,5168,490,24.85,73.77717,122450,66.15271539403838
2025-08-06 00:00:00,119623,18387,62731,32604,657,2514,1047,5434,559,26.0,62.752308,123933,65.45310772756248
2025-08-05 23:00:00,122955,18036,63112,32593,964,2448,2761,5626,458,26.5,59.60192,125998,64.40419689201416
2025-08-05 22:00:00,124851,18164,63351,32597,990,2539,4268,5449,367,26.15,61.809162,127725,63.82070855353298
2025-08-05 21:00:00,124744,18034,63022,32598,1034,2523,5625,5327,328,25.7,65.08901,128491,63.08301748760614
2025-08-05 20:00:00,122958,18542,60557,32609,940,2597,6646,4803,358,29.8,46.61228,127052,62.257186034064794
2025-08-05 19:00:00,120405,18690,60154,32609,562,2529,7125,2426,415,29.2,48.100925,124510,63.323427837121514
2025-08-05 18:00:00,116869,18228,58423,32611,796,1988,7635,1023,572,29.25,46.612946,121276,63.203766614993896
2025-08-05 17:00:00,112113,16871,55512,32618,800,1774,8097,678,636,28.3,48.9404,116986,61.87321559844767
2025-08-05 16:00:00,107204,16486,51602,32641,663,1756,8168,586,370,26.8,55.67743,112272,60.64557503206498
2025-08-05 15:00:00,102638,16100,48966,32681,257,1692,7087,406,256,24.85,63.693344,107445,60.55749453208619
2025-08-05 14:00:00,100037,16266,48106,32737,236,1688,5371,370,431,23.1,68.553185,105205,61.187205931277035
2025-08-05 13:00:00,97627,16311,47673,32760,229,1708,3024,373,859,21.05,74.53512,102937,62.158407569678545
2025-08-05 12:00:00,94051,15865,46840,32769,228,1594,749,378,959,19.8,76.01353,99382,63.09492664667646
2025-08-05 11:00:00,90437,14677,45585,32767,224,1555,25,398,597,18.6,80.868645,95828,62.88558667612806
2025-08-05 10:00:00,86656,14052,43141,32760,227,1223,19,308,653,18.4,83.74642,92383,61.90857625320676
2025-08-05 09:00:00,84457,14096,41494,32739,228,1164,20,312,926,18.7,84.31738,90979,61.10201255234724
2025-08-05 08:00:00,84497,14719,40957,32749,225,1110,22,312,1181,19.2,82.77629,91275,60.99808271706382
2025-08-05 07:00:00,86242,15214,42295,32742,223,1176,22,312,1233,19.6,81.77748,93217,61.69368248280893
2025-08-05 06:00:00,89364,15522,44286,32721,223,1409,22,316,1353,20.0,80.538925,95852,62.39619413262112
2025-08-05 05:00:00,93235,16132,46155,32694,228,1754,22,320,1588,20.4,78.82201,98893,62.98423548683931
2025-08-05 04:00:00,97334,17164,48935,32676,614,1913,22,372,1700,21.15,75.266235,103396,63.92800495183566
2025-08-05 03:00:00,103836,18765,53221,32653,692,1956,22,2064,1373,21.9,71.43414,110746,65.00099326386506
2025-08-05 02:00:00,111384,19247,58109,32625,872,2327,24,4202,1007,23.0,63.49077,118413,65.32728669994005
2025-08-05 01:00:00,115674,19041,60618,32602,868,2472,279,4958,785,24.1,57.35888,121623,65.49665770454601
2025-08-05 00:00:00,120859,18791,61964,32594,869,2465,2171,5442,883,26.3,45.224766,125179,64.51161936107495
2025-08-04 23:00:00,124627,18358,60695,32596,720,2482,6144,5517,1150,27.75,34.890045,127662,61.92367345020444
2025-08-04 22:00:00,125334,17814,58532,32601,717,2435,8908,5446,1010,28.0,34.04342,127463,59.896597443964126
2025-08-04 21:00:00,123248,17215,56878,32610,715,2446,9829,4824,1095,27.6,34.964077,125612,58.985606470719354
2025-08-04 20:00:00,120314,16490,55205,32631,683,2417,10438,4500,956,27.4,35.7302,123320,58.13736620175154
2025-08-04 19:00:00,116491,16421,54566,32664,700,2048,10522,2373,854,27.5,35.99631,120148,59.08296434397576
2025-08-04 18:00:00,112223,16542,52708,32683,757,1870,10983,868,738,26.95,37.053177,117149,59.112753843396014
2025-08-04 17:00:00,107630,16094,49372,32691,789,1694,11386,806,632,26.25,39.781414,113464,57.697595713177755
2025-08-04 16:00:00,103159,15522,46785,32711,482,1515,11159,451,456,25.0,48.376324,109081,57.11993839440416
2025-08-04 15:00:00,98735,15187,44112,32748,217,1396,10136,432,393,23.3,55.88324,104621,56.67982527408455
2025-08-04 14:00:00,95001,15060,42621,32778,217,1308,8066,411,679,21.0,65.12562,101140,57.030848329048844
2025-08-04 13:00:00,92335,14616,42330,32818,218,1314,4978,421,1381,18.3,73.828354,98076,58.063134711856115
2025-08-04 12:00:00,88589,13910,41670,32836,218,1357,1619,419,1723,16.9,72.38322,93752,59.28406860653639
2025-08-04 11:00:00,85553,13247,40494,32837,220,1348,63,387,1886,15.6,80.20226,90482,59.394133639839964
2025-08-04 10:00:00,82379,12957,38626,32835,223,1306,22,379,1755,15.65,82.3425,88103,58.548517076603524
2025-08-04 09:00:00,80053,12741,37377,32817,224,1041,22,385,1704,15.95,81.04316,86311,58.06675858233598
2025-08-04 08:00:00,79609,12957,37000,32808,222,947,22,384,1913,16.3,80.561295,86253,57.919144841338856
2025-08-04 07:00:00,81113,13561,37520,32791,220,1016,22,385,2090,17.0,77.05778,87605,58.30831573540323
2025-08-04 06:00:00,83730,14753,38719,32779,217,1310,22,382,2075,18.0,72.81962,90257,59.24415834782898
2025-08-04 05:00:00,86419,15854,40115,32767,214,1343,22,419,1978,18.55,70.580154,92712,60.36866856501856
2025-08-04 04:00:00,89008,17247,43513,32741,214,1343,22,580,1723,19.75,64.43356,97383,62.3928201020712
2025-08-04 03:00:00,94483,17856,47069,32724,214,1347,22,2075,1549,20.7,63.805584,102856,63.122229135879294
2025-08-04 02:00:00,100402,18445,49844,32699,211,1367,23,4259,1130,21.65,62.78492,107978,63.243438478208525
2025-08-04 01:00:00,104170,18845,51732,32673,221,1362,371,5145,865,23.15,57.31259,111214,63.46053554408617
2025-08-04 00:00:00,107434,18075,52223,32660,306,1368,2592,5210,807,25.75,49.85018,113241,62.078222551902584
2025-08-03 23:00:00,109779,17234,51576,32650,307,1270,5535,4797,945,27.1,38.851734,114314,60.19385202162465
2025-08-03 22:00:00,109592,16350,50289,32659,306,1253,7132,4865,971,27.75,36.546696,113825,58.54513507577421
2025-08-03 21:00:00,106574,15713,48077,32659,298,1225,8594,3686,880,27.8,38.665234,111132,57.40020876075298
2025-08-03 20:00:00,102521,14778,45300,32684,210,1226,9715,2216,891,27.4,40.23444,107020,56.13717062231358
2025-08-03 19:00:00,98279,14070,42729,32719,211,1244,10365,1339,885,26.95,42.267357,103562,54.84540661632645
2025-08-03 18:00:00,94451,13458,39268,32747,211,1122,10883,1340,1003,26.4,44.958607,100032,52.709133077415224
2025-08-03 17:00:00,90252,13298,36119,32757,212,770,10956,1274,1192,25.7,47.62742,96578,51.16796786017519
2025-08-03 16:00:00,86640,13214,33027,32778,215,665,11011,750,963,24.5,53.703636,92623,49.92388499616725
2025-08-03 15:00:00,84121,13190,31239,32812,216,669,11070,538,652,22.6,61.198944,90386,49.15473635297502
2025-08-03 14:00:00,81713,13134,29236,32846,216,674,10350,585,687,20.25,66.892586,87728,48.297008936713475
2025-08-03 13:00:00,78107,13310,28140,32876,217,669,7310,574,1071,17.75,73.25254,84167,49.24732971354569
2025-08-03 12:00:00,75290,13390,30785,32894,219,676,2276,585,1105,16.45,73.26324,81930,53.91797876235811
2025-08-03 11:00:00,74152,13418,31095,32883,223,671,92,598,1088,15.05,74.98647,80068,55.593995104161465
2025-08-03 10:00:00,73995,13402,31084,32871,225,651,22,456,1194,15.15,73.03133,79905,55.6736124147425
2025-08-03 09:00:00,74221,13401,31928,32864,222,639,22,432,1319,15.4,71.15255,80827,56.08150741707598
2025-08-03 08:00:00,74956,13584,32868,32848,221,701,22,432,1404,15.65,70.491005,82080,56.593567251461984
2025-08-03 07:00:00,75992,13787,33881,32664,221,803,22,431,1491,15.95,70.08032,83300,57.224489795918366
2025-08-03 06:00:00,77670,14162,34689,32702,221,850,22,436,1663,16.3,70.14829,84745,57.64469880228922
2025-08-03 05:00:00,80520,14915,35952,32722,218,965,22,454,1849,16.7,70.69225,87097,58.402700437443315
2025-08-03 04:00:00,85190,15940,40356,32569,219,1103,22,859,1955,17.45,65.43215,93023,60.51836642550767
2025-08-03 03:00:00,89690,16540,43367,32626,216,1089,22,2242,1491,18.55,58.66916,97593,61.38452552949495
2025-08-03 02:00:00,94717,17638,45672,32742,215,1092,136,4055,1085,19.35,56.56133,102635,61.68461051298289
2025-08-03 01:00:00,97652,17787,46034,32728,214,1145,541,4960,989,20.35,53.874702,104398,61.13239717235962
2025-08-03 00:00:00,100833,16936,46266,32730,213,1124,3210,5356,1122,22.7,42.343544,106957,59.091036584795766
2025-08-02 23:00:00,103232,15813,45554,32722,213,1139,6857,4861,1313,24.0,35.73038,108472,56.57404675861052
2025-08-02 22:00:00,103375,15374,44214,32737,211,1140,8545,4974,1464,24.85,33.61238,108659,54.839451863168264
2025-08-02 21:00:00,101700,15091,42356,32760,210,1132,8644,4410,1497,25.45,31.667496,106100,54.14420358152686
2025-08-02 20:00:00,99196,14948,40646,32775,211,1117,8785,3050,1640,25.55,32.46067,103172,53.88477493893692
2025-08-02 19:00:00,96821,14861,39479,32794,212,1125,9465,1519,1882,25.0,36.503105,101337,53.62305969191904
2025-08-02 18:00:00,94593,14630,37321,32816,212,1125,9930,1675,1779,24.45,40.20641,99488,52.21835799292377
2025-08-02 17:00:00,91841,14606,35956,32823,214,946,10113,1262,1259,23.8,42.086212,97179,52.029759515944804
2025-08-02 16:00:00,89071,14552,34689,32835,215,750,9665,883,842,23.35,42.954987,94431,52.144952399106224
2025-08-02 15:00:00,86215,14430,33638,32851,215,680,8668,657,735,22.35,48.78164,91874,52.31948102836493
2025-08-02 14:00:00,84899,14453,33340,32876,214,684,7425,555,962,20.2,61.242535,90509,52.80469345589941
2025-08-02 13:00:00,82556,14337,33473,32886,215,726,4564,540,1430,17.55,69.69751,88171,54.22417801771557
2025-08-02 12:00:00,79962,14276,34159,32904,217,796,1350,501,1823,16.45,73.02169,86026,56.302745681538134
2025-08-02 11:00:00,78109,14196,34487,32903,219,798,67,511,1896,15.4,77.82953,85077,57.222280992512665
2025-08-02 10:00:00,77580,14123,34133,32892,219,800,22,489,1867,15.35,79.1176,84545,57.07729611449523
2025-08-02 09:00:00,77242,14218,33499,32879,216,800,22,490,1905,15.65,77.611084,84029,56.786347570481624
2025-08-02 08:00:00,78099,14423,34658,32867,212,808,22,530,1905,15.95,75.885796,85425,57.45507755340943
2025-08-02 07:00:00,79392,14733,35153,32861,211,985,22,501,2114,16.3,74.45598,86580,57.61838761838762
2025-08-02 06:00:00,80735,15402,35559,32846,209,1135,22,444,2618,16.85,72.135864,88235,57.75599251997507
2025-08-02 05:00:00,84144,16205,37685,32817,208,1237,22,513,3071,17.5,69.45843,91758,58.73057390091327
2025-08-02 04:00:00,88213,17470,40536,32792,207,1317,22,717,3271,18.0,67.30515,96332,60.21467425154673
2025-08-02 03:00:00,92892,18616,44278,32808,208,1359,22,1191,3272,18.5,65.22649,101754,61.80985514082984
2025-08-02 02:00:00,97297,19426,47702,32788,206,1339,158,2366,2749,19.3,63.286808,106734,62.89279892068132
2025-08-02 01:00:00,99655,19208,48411,32742,205,1348,480,3952,2031,20.55,58.764187,108377,62.392389529143635
2025-08-02 00:00:00,102205,18674,47903,32705,204,1347,2406,4728,1903,22.3,50.41051,109870,60.59615909711478
2025-08-01 23:00:00,104485,18477,47691,32668,206,1338,4540,4764,1903,23.6,43.602566,111587,59.297229964063916
2025-08-01 22:00:00,105572,17910,46833,32596,206,1326,5747,4809,1663,24.15,42.184246,111090,58.27977315689981
2025-08-01 21:00:00,105134,17689,46290,32538,208,1328,6121,4663,1488,24.65,40.26273,110325,57.99138907772491
2025-08-01 20:00:00,104167,17694,46728,32481,210,1324,6672,3521,1486,24.9,40.198868,110116,58.503759671619015
2025-08-01 19:00:00,103870,17935,47065,32419,211,1323,7224,1725,1424,24.85,39.25643,109326,59.45520736146936
2025-08-01 18:00:00,103131,17933,45913,32354,211,1321,7560,1177,1397,24.55,38.13378,107866,59.19010624293104
2025-08-01 17:00:00,102217,17966,46087,32292,212,1341,7477,916,1159,24.15,38.53649,107450,59.61191251744997
2025-08-01 16:00:00,101416,17958,46291,32235,213,1329,6983,723,888,23.55,39.15227,106620,60.25980116300882
2025-08-01 15:00:00,99408,17491,45313,32141,215,1349,6418,538,738,22.2,47.61949,104203,60.27081753884245
2025-08-01 14:00:00,96714,17184,43980,32088,217,1346,5608,535,895,20.15,56.760735,101853,60.051250331359896
2025-08-01 13:00:00,94818,17207,44401,32043,218,1285,3606,542,1435,18.0,64.47456,100737,61.15727091336848
2025-08-01 12:00:00,92030,16744,43820,32061,218,1322,1031,567,2118,16.7,62.698715,97881,61.8751340913967
2025-08-01 11:00:00,90042,16200,43257,32109,220,1321,43,541,2417,15.7,66.60119,96108,61.86477712573355
2025-08-01 10:00:00,88459,15601,42112,32112,224,1362,22,463,2726,15.85,69.82758,94622,60.99321510853712
2025-08-01 09:00:00,86772,15606,40887,32110,224,1347,24,486,2822,16.2,71.30346,93506,60.41644386456484
2025-08-01 08:00:00,87217,15917,41405,32023,222,1343,27,481,2960,16.55,71.36915,94378,60.73661234609761
2025-08-01 07:00:00,89160,16703,42238,31916,220,1349,27,480,3298,17.0,70.749405,96231,61.24949340649063
2025-08-01 06:00:00,92128,17421,43794,31829,220,1347,27,478,3766,17.65,70.40844,98882,61.90712161970834
2025-08-01 05:00:00,95748,18188,46020,31692,227,1411,27,473,3856,18.5,74.58573,101894,63.01450527018274
2025-08-01 04:00:00,101081,19753,49582,31566,1124,1762,27,463,4068,19.3,81.2197,108345,63.99464673035211
2025-08-01 03:00:00,105699,20881,51950,31512,1394,2236,27,512,4041,19.9,83.12305,112553,64.70818192318286
2025-08-01 02:00:00,111301,21676,55639,31498,1886,2427,28,1350,3532,20.65,80.88074,118036,65.50120302280659
2025-08-01 01:00:00,114875,21434,56698,31478,1970,2441,201,3442,3414,21.35,77.72106,121078,64.53030278002609
2025-08-01 00:00:00,118043,21185,57012,31459,2118,2594,1000,4675,3696,21.7,76.31476,123739,63.19511229280986
2025-07-31 23:00:00,121259,21210,57369,31425,2128,2690,2828,4429,3942,22.25,75.444954,126021,62.353893398719265
2025-07-31 22:00:00,124078,21000,57650,31358,2113,2781,4223,4460,4105,23.15,75.35367,127690,61.59448664734904
2025-07-31 21:00:00,126179,20791,57835,31331,2101,2861,5094,4793,4292,24.35,74.61442,129098,60.904119351190566
2025-07-31 20:00:00,128658,20759,59549,31317,2013,2958,6589,4382,4279,23.9,77.85561,131846,60.91045613822187
2025-07-31 19:00:00,132149,21186,61828,31318,2064,2983,7127,4109,4313,23.55,81.25533,134928,61.52466500652199
2025-07-31 18:00:00,133316,21185,61993,31292,2066,2956,7777,3657,4087,25.55,75.970406,135013,61.607400768814855
2025-07-31 17:00:00,131386,21628,61829,31311,1953,2941,7524,1509,4433,23.2,86.65134,133128,62.68929150892374
2025-07-31 16:00:00,127947,21638,60481,31361,1572,2890,6836,1058,4853,22.7,90.97616,130689,62.835433739641445
2025-07-31 15:00:00,123958,21583,58441,31413,1121,2379,6600,609,5212,22.5,91.24311,127358,62.833901286138286
2025-07-31 14:00:00,120773,21750,56681,31437,339,2269,6270,744,5290,21.8,96.69009,124780,62.85542554896618
2025-07-31 13:00:00,116247,21789,54607,31456,329,2276,4118,614,5297,22.15,92.351006,120486,63.406536859054164
2025-07-31 12:00:00,111610,21231,52652,31454,327,2293,1400,596,5302,21.55,92.88956,115255,64.10394342978613
2025-07-31 11:00:00,107665,20410,51396,31449,328,2303,90,597,5092,21.65,92.0385,111665,64.3048403707518
2025-07-31 10:00:00,104272,19615,50579,31430,328,2270,23,602,3982,21.95,92.62467,108829,64.4993521947275
2025-07-31 09:00:00,102725,19656,49950,31408,329,2271,23,730,2943,22.6,90.69069,107310,64.86441151803187
2025-07-31 08:00:00,103635,20718,50864,31358,331,2292,23,722,2412,23.05,90.99888,108720,65.84069168506255
2025-07-31 07:00:00,105959,21729,52858,31311,328,2296,23,745,2378,23.55,91.309044,111668,66.79353082351255
2025-07-31 06:00:00,109059,23267,54415,31265,440,2295,23,797,2331,24.2,89.42805,114833,67.64780159013523
2025-07-31 05:00:00,114102,24591,55837,31159,828,2555,23,754,2477,24.8,86.80002,118224,68.03017999729327
2025-07-31 04:00:00,120331,25640,59727,30989,1573,2660,23,892,2496,25.4,85.55014,124000,68.84435483870968
2025-07-31 03:00:00,128001,26943,65698,30905,1833,2669,33,1538,2627,26.25,83.08969,132246,70.05202425782254
2025-07-31 02:00:00,136150,27454,70090,30901,2391,2725,52,3953,2317,27.15,78.090004,139883,69.73256221270633
2025-07-31 01:00:00,141432,27715,71126,30942,3247,2734,223,5899,1976,28.1,71.230316,143862,68.7054260332819
2025-07-31 00:00:00,146378,28551,72911,30886,4142,2743,1995,6046,1662,30.8,55.614166,148936,68.1245635709298
2025-07-30 23:00:00,150075,28995,72980,30834,3970,2748,5368,6107,929,32.3,46.546852,151931,67.11928441200283
2025-07-30 22:00:00,151026,28997,73304,30820,3216,2730,7876,6343,1031,32.9,44.303696,154317,66.29276100494437
2025-07-30 21:00:00,150281,28547,71872,30829,2826,2718,8899,6013,1801,33.15,43.95848,153505,65.41741311357936
2025-07-30 20:00:00,150043,28506,72618,30846,2414,2709,9503,5207,1353,33.1,45.75622,153156,66.02679620778814
2025-07-30 19:00:00,149420,28177,71754,30863,2334,2707,10124,4808,1657,32.65,48.553482,152424,65.56119771164646
2025-07-30 18:00:00,147078,27741,70117,31663,2325,2708,10302,3556,1730,32.15,50.408005,150142,65.17696580570393
2025-07-30 17:00:00,143194,27265,68485,32096,2242,2710,10402,2154,1015,31.35,54.229748,146369,65.4168573946669
2025-07-30 16:00:00,137615,26645,65886,32136,1764,2686,10154,837,1017,30.4,58.854565,141125,65.56669619131975
2025-07-30 15:00:00,131249,26096,60456,32192,1393,2556,10140,719,1024,29.1,65.396034,134576,64.31458803947211
2025-07-30 14:00:00,126146,26733,58643,32225,736,2114,9076,441,665,27.35,74.87477,130633,65.35561458436995
2025-07-30 13:00:00,120219,26463,55883,32245,661,1881,6033,465,706,25.05,87.61619,124337,66.22807370292028
2025-07-30 12:00:00,113804,25639,54006,32261,654,1718,1933,554,979,23.4,92.13877,117744,67.6425125696426
2025-07-30 11:00:00,108521,24169,52652,32243,658,1663,108,589,386,22.4,96.70481,112468,68.30476224348259
2025-07-30 10:00:00,105045,23091,50986,32228,660,1580,35,596,64,22.55,96.120316,109240,67.81124130355181
2025-07-30 09:00:00,103742,22957,50235,32218,658,1604,35,555,34,22.85,96.1289,108296,67.58513703183866
2025-07-30 08:00:00,105310,24200,50879,32206,643,1729,35,511,42,23.35,94.40744,110245,68.10195473717629
2025-07-30 07:00:00,108624,25784,53710,32181,640,1860,35,488,67,23.8,93.00495,114765,69.26676251470396
2025-07-30 06:00:00,113627,26397,58512,32166,652,1991,35,525,80,24.2,91.349495,120358,70.54703467987171
2025-07-30 05:00:00,118610,26520,63635,32118,1137,2174,35,599,110,24.85,88.667595,126328,71.36580963840163
2025-07-30 04:00:00,125244,27144,67989,32071,3076,2343,35,958,117,25.45,86.33581,133733,71.13651828643641
2025-07-30 03:00:00,132299,27906,70959,32034,4052,2468,35,1829,149,26.15,83.07819,139432,70.9055310115325
2025-07-30 02:00:00,140090,28291,73030,32004,5354,2474,37,3985,231,26.8,79.47154,145406,69.68144368182881
2025-07-30 01:00:00,145268,29179,74105,32006,5747,2481,365,5353,249,27.85,73.38233,149485,69.09322005552396
2025-07-30 00:00:00,150565,29486,75898,31996,5941,2502,2662,5942,283,29.5,66.88552,154710,68.11712235796006
2025-07-29 23:00:00,153305,29370,75752,31981,5924,2414,5877,5972,212,30.6,60.54116,157502,66.74327945041968
2025-07-29 22:00:00,154380,29290,74981,31988,5761,2316,7767,6098,83,31.2,58.68126,158284,65.8758939627505
2025-07-29 21:00:00,153805,29319,74831,32008,5331,2288,9293,5813,97,31.25,59.411427,158980,65.51138507988426
2025-07-29 20:00:00,151932,29193,73891,32039,4568,2250,10009,5154,132,31.1,60.286545,157236,65.56004986135491
2025-07-29 19:00:00,150175,28825,73993,32074,3617,2243,10201,4669,98,30.55,62.021637,155720,66.02748522989982
2025-07-29 18:00:00,147063,28319,72745,32133,2783,2197,9843,3451,74,29.55,65.091866,151545,66.68910224685737
2025-07-29 17:00:00,141789,27454,70450,32180,2550,2163,9599,1874,121,27.85,71.61999,146391,66.87842831868079
2025-07-29 16:00:00,135572,27052,66246,32240,2498,2097,9545,1028,232,26.85,75.02207,140938,66.19790262384878
2025-07-29 15:00:00,129688,26963,61700,32311,2194,1937,8748,843,1013,25.95,78.87293,135709,65.33317613422838
2025-07-29 14:00:00,123687,26688,58384,32345,1366,1555,7614,766,1395,24.95,82.93926,130113,65.38316693950644
2025-07-29 13:00:00,117260,25554,56515,32358,1096,1446,5039,519,1524,23.65,89.65998,124051,66.15746749320844
2025-07-29 12:00:00,110998,23641,53977,32340,870,1447,1730,652,2613,23.25,95.558235,117270,66.187430715443
2025-07-29 11:00:00,105919,22684,52159,32333,819,1454,104,650,2003,22.75,97.00816,112206,66.70142416626562
2025-07-29 10:00:00,102447,21612,50604,32326,813,1465,17,620,1220,23.0,95.550064,108677,66.45012284107953
2025-07-29 09:00:00,100553,21691,49867,32315,813,1455,17,527,304,23.35,94.98293,106989,66.8835113890213
2025-07-29 08:00:00,101491,22602,50214,32287,865,1460,17,453,381,23.85,93.85741,108279,67.24849693846451
2025-07-29 07:00:00,104732,24229,52292,32261,1010,1468,17,462,270,24.35,93.31429,112009,68.31683168316832
2025-07-29 06:00:00,108968,25763,54896,32211,1109,1462,17,466,142,24.5,94.169876,116066,69.49408095394
2025-07-29 05:00:00,113820,26990,59915,32169,1316,1436,17,462,127,24.9,94.754524,122432,70.98225953998954
2025-07-29 04:00:00,120192,28083,64569,32132,2407,1939,17,817,225,25.15,95.048485,130189,71.16730292113773
2025-07-29 03:00:00,128695,28754,68937,32077,2870,2085,17,2450,347,26.0,91.46011,137537,71.02888677228673
2025-07-29 02:00:00,137452,28989,72928,32055,3766,2146,18,4182,373,26.45,88.264206,144457,70.55179049821054
2025-07-29 01:00:00,143272,29057,74586,32028,5435,2235,243,5284,508,26.85,84.41794,149376,69.38397065124249
2025-07-29 00:00:00,149174,29139,75926,32062,5717,2300,2385,6298,637,26.8,83.9067,154464,68.01908535322147
2025-07-28 23:00:00,151822,29160,74723,32060,4931,2228,6589,6060,780,26.85,84.16472,156531,66.36576780318275
2025-07-28 22:00:00,152155,28931,73303,32071,4597,2198,8977,5911,747,27.75,77.94096,156735,65.22729447794046
2025-07-28 21:00:00,151419,28911,74721,32111,4517,2140,9004,5885,507,29.75,70.24713,157796,65.67466855940582
2025-07-28 20:00:00,149135,28821,74291,32156,3559,2134,9307,5256,294,31.45,65.483826,155818,66.17463964368686
2025-07-28 19:00:00,146983,28484,72306,32202,3198,2058,9447,4903,173,30.8,67.954994,152771,65.97456323516899
2025-07-28 18:00:00,143671,28273,71473,32230,3192,2060,9356,2495,190,30.35,70.35721,149269,66.82298400873592
2025-07-28 17:00:00,139062,28054,69612,32286,2615,2046,9322,1553,390,29.5,71.69633,145878,66.95046545743703
2025-07-28 16:00:00,132453,28297,63297,32308,2526,1933,9673,863,706,28.8,73.32127,139603,65.61033788672164
2025-07-28 15:00:00,125513,27177,58835,32334,1976,1704,8949,711,1139,27.4,77.89031,132825,64.75588179936005
2025-07-28 14:00:00,120718,27192,56255,32345,1127,1389,8246,534,1322,24.25,88.35015,128410,64.98481426680165
2025-07-28 13:00:00,116286,26946,54950,32355,908,1344,5973,626,1218,22.95,91.55127,124320,65.87516087516087
2025-07-28 12:00:00,110119,25533,52601,32347,701,1350,1960,605,1727,23.15,94.68707,116824,66.88180510853934
2025-07-28 11:00:00,104026,23753,50561,32332,589,1340,99,549,1932,23.05,94.68315,111155,66.85619180423733
2025-07-28 10:00:00,99883,21984,49047,32304,513,1343,9,534,1388,23.05,97.01481,107122,66.30850805623496
2025-07-28 09:00:00,97486,21852,47338,32287,497,1320,9,541,1379,23.05,97.60552,105223,65.75558575596591
2025-07-28 08:00:00,97553,22479,46972,32256,498,1292,9,545,1356,23.35,96.72787,105407,65.88841348297552
2025-07-28 07:00:00,99632,23419,48425,32231,545,1287,9,540,1322,23.65,95.8611,107778,66.65924400155876
2025-07-28 06:00:00,103027,24225,49387,32199,650,1231,9,541,1357,23.95,94.71801,109599,67.16484639458389
2025-07-28 05:00:00,107020,26077,51521,32166,822,1276,9,527,1523,24.35,93.03269,113921,68.11562398504226
2025-07-28 04:00:00,112174,27837,56373,32146,1025,2432,9,536,1412,24.8,91.3866,121770,69.15496427691549
2025-07-28 03:00:00,117848,28211,62108,32108,1329,2509,9,1655,1110,25.6,88.194115,129039,69.99356783608056
2025-07-28 02:00:00,123468,28974,65022,32081,1605,2532,16,4049,988,26.15,85.88322,135267,69.48923240701723
2025-07-28 01:00:00,127519,29545,66929,32047,1903,2716,295,5007,918,26.45,86.69016,139360,69.22646383467278
2025-07-28 00:00:00,130964,29264,67864,32015,1991,2797,1819,5436,716,26.2,86.66707,141902,68.44723823483812
2025-07-27 23:00:00,133638,29227,67457,31975,2044,2778,3503,5247,1017,26.85,84.41794,143248,67.49413604378421
2025-07-27 22:00:00,135324,29204,67725,31944,1914,2786,4707,5266,1057,27.55,80.77902,144603,67.03111277082772
2025-07-27 21:00:00,135003,28997,67280,31938,1531,2760,5413,4894,1194,28.2,76.3809,144007,66.85577784413258
2025-07-27 20:00:00,133188,28832,64635,31958,1433,2623,6619,4057,1191,26.5,83.36952,141348,66.12544924583298
2025-07-27 19:00:00,130831,28736,62186,32185,1307,2512,7884,2069,950,24.0,89.95909,137829,65.96724927264944
2025-07-27 18:00:00,128919,28182,61538,32270,1315,2408,8139,973,675,28.6,72.62648,135500,66.2140221402214
2025-07-27 17:00:00,125169,26254,58822,32305,1160,2259,8989,929,714,28.8,75.560265,131432,64.73005052042122
2025-07-27 16:00:00,119255,25468,54708,32354,1282,2279,8797,502,731,26.75,80.92014,126121,63.57069798051078
2025-07-27 15:00:00,112916,23758,51158,32377,1340,1518,8573,487,899,26.25,83.593346,120110,62.372824910498714
2025-07-27 14:00:00,107672,22308,48772,32383,541,1437,7789,509,1144,24.45,89.44678,114883,61.87164332407754
2025-07-27 13:00:00,100694,20969,45857,32395,494,1444,5271,474,1206,24.15,90.793564,108110,61.812968273055226
2025-07-27 12:00:00,95056,20076,44305,32395,495,1435,1595,462,1701,25.1,91.40506,102464,62.83279981261711
2025-07-27 11:00:00,93064,19540,43752,32391,498,1449,73,432,1977,23.85,94.42783,100112,63.22119226466357
2025-07-27 10:00:00,93214,19777,43880,32374,501,1446,3,388,2196,23.5,94.41357,100565,63.29935862377567
2025-07-27 09:00:00,93802,20247,44167,32347,502,1429,3,380,2449,23.3,94.11871,101524,63.44706670343958
2025-07-27 08:00:00,95523,21197,45333,32328,499,1425,3,391,2318,23.25,93.54524,103494,64.28391984076372
2025-07-27 07:00:00,98598,22489,47286,32312,568,1428,3,495,2037,23.15,94.112274,106618,65.44392128908815
2025-07-27 06:00:00,102561,23758,48919,32289,683,1424,3,500,1694,23.4,92.41998,109270,66.51139379518624
2025-07-27 05:00:00,106733,25246,50749,32276,651,1603,3,484,1424,23.6,90.48091,112436,67.58956206197303
2025-07-27 04:00:00,111036,26256,54381,32255,1633,2014,3,423,1106,23.85,91.60584,118071,68.29534771451075
2025-07-27 03:00:00,116763,28132,58442,32218,1956,2012,6,1639,929,24.5,90.54191,125334,69.0746325817416
2025-07-27 02:00:00,121858,28562,60924,32086,2216,2008,7,3816,815,24.95,88.40747,130434,68.60634497140316
2025-07-27 01:00:00,125475,28681,62616,32105,2472,1999,227,4636,842,25.25,86.84138,133578,68.34733264459717
2025-07-27 00:00:00,129471,28491,63400,32184,2527,2065,1742,5530,733,28.0,75.66219,136672,67.23469328026223
2025-07-26 23:00:00,132874,28281,63497,32182,2593,2081,4352,5530,446,29.9,68.396034,138962,66.04539370475382
2025-07-26 22:00:00,134428,28124,63021,32166,2502,2061,6254,5508,717,31.35,57.477325,140353,64.93983028506693
2025-07-26 21:00:00,134701,27696,62839,32165,2213,2000,7567,5326,932,31.65,52.823624,140738,64.32875271781609
2025-07-26 20:00:00,134254,27350,62260,32173,2150,1974,8703,4631,732,32.75,55.914776,139973,64.01948947296978
2025-07-26 19:00:00,132873,26983,61575,32183,2094,2008,9121,3327,698,32.45,58.792324,137989,64.1775793722688
2025-07-26 18:00:00,130409,27300,60224,32187,2121,2000,9543,1940,684,31.6,59.672188,135999,64.35635556143795
2025-07-26 17:00:00,126673,26017,58054,32207,2061,1980,9843,1326,710,30.85,62.27598,132198,63.59475937608738
2025-07-26 16:00:00,121772,24819,55350,32223,2055,1986,9935,642,752,29.65,66.10891,127762,62.748704622657755
2025-07-26 15:00:00,117887,23715,52885,32251,1385,1498,9839,671,740,28.25,71.04125,122984,62.28452481623626
2025-07-26 14:00:00,111273,21696,50550,32232,596,1412,8417,530,680,26.75,78.984665,116113,62.220423208426276
2025-07-26 13:00:00,104654,20500,47483,32226,502,1419,6179,469,964,25.2,85.79006,109742,61.94802354613548
2025-07-26 12:00:00,99347,19984,46173,32230,500,1405,2107,425,1205,23.7,94.42173,104029,63.59476684386085
2025-07-26 11:00:00,96542,20124,46146,32172,503,1338,90,444,1165,22.6,97.5975,101982,64.98205565688062
2025-07-26 10:00:00,96122,20543,46100,32071,511,1398,4,390,1074,22.45,97.29775,102091,65.27803626176646
2025-07-26 09:00:00,97110,21087,46225,31931,577,1426,4,385,1468,22.7,96.41797,103103,65.28617014053907
2025-07-26 08:00:00,98785,21863,47543,31791,711,1404,4,373,1774,23.1,95.26313,105463,65.81075827541413
2025-07-26 07:00:00,101882,23035,49131,31765,874,1305,4,374,1549,23.5,94.98844,108037,66.79748604644705
2025-07-26 06:00:00,105288,24633,50426,31696,978,1305,4,393,1252,23.95,93.86188,110687,67.81193816798721
2025-07-26 05:00:00,108261,25281,53515,31600,1139,1616,4,536,949,24.35,91.635925,114640,68.73342637822749
2025-07-26 04:00:00,114257,25925,58317,31597,2042,2014,4,980,951,24.7,89.19477,121830,69.14717228925552
2025-07-26 03:00:00,121585,26908,63435,31541,2460,2047,4,2213,795,24.9,88.13594,129403,69.81522839501403
2025-07-26 02:00:00,128504,27534,67246,31506,2869,2087,4,3916,813,24.95,86.550644,135975,69.7039897039897
2025-07-26 01:00:00,133080,28065,68908,31392,3417,2087,185,4933,847,25.35,82.98576,139834,69.34865626385572
2025-07-26 00:00:00,137621,28357,70064,31286,3653,2086,1789,5405,549,27.8,76.08939,143189,68.73502852872777
2025-07-25 23:00:00,142410,28590,70709,31240,3829,2083,4533,5384,535,27.95,73.17703,146903,67.59494360224093
2025-07-25 22:00:00,146593,29009,71211,31201,3782,2006,6972,5402,702,31.4,58.017086,150285,66.68662873872975
2025-07-25 21:00:00,148836,29232,71276,31160,3556,1827,8752,5303,795,31.8,56.71401,151901,66.16677967886979
2025-07-25 20:00:00,148888,29153,70761,31165,3040,1744,9791,4914,923,32.2,56.12289,151491,65.9537530282327
2025-07-25 19:00:00,147878,29310,71057,31169,2565,1694,10243,4080,618,32.15,58.36874,150736,66.58462477444009
2025-07-25 18:00:00,145397,28424,69585,31210,2452,1715,10581,3699,759,31.75,61.53799,148425,66.0326764359104
2025-07-25 17:00:00,140761,28020,66874,31257,2459,1744,10736,2060,982,31.0,65.78611,144132,65.8382593733522
2025-07-25 16:00:00,135025,27165,63131,31309,2354,1700,10311,973,1129,29.6,70.64371,138072,65.3977634857176
2025-07-25 15:00:00,128750,27112,59318,31345,1988,1595,9379,774,1081,27.6,78.62732,132592,65.18492820079643
2025-07-25 14:00:00,122739,27862,56745,31344,1036,1186,8064,773,874,25.6,84.28394,127884,66.15917550279941
2025-07-25 13:00:00,116333,26767,54619,31299,841,1103,5759,744,1028,23.2,94.68896,122160,66.62246234446627
2025-07-25 12:00:00,109772,25199,52660,31320,731,1100,2144,544,1369,22.05,95.81199,115067,67.66405659311532
2025-07-25 11:00:00,104385,23764,51639,31317,641,1078,111,603,1472,21.55,98.17909,110625,68.16090395480225
2025-07-25 10:00:00,101141,22217,50208,31307,566,1069,5,511,1776,23.15,94.975586,107659,67.27259216600562
2025-07-25 09:00:00,99407,22229,48696,31299,569,1045,5,496,2526,24.0,90.78367,106865,66.36878304402751
2025-07-25 08:00:00,100254,23420,48723,31281,600,1066,5,469,2462,24.05,92.17556,108026,66.78299668598301
2025-07-25 07:00:00,103017,24669,50523,31273,647,1094,5,526,2580,24.8,87.06412,111317,67.54763423376482
2025-07-25 06:00:00,107314,26369,51926,31265,790,1104,5,807,2165,25.25,85.79498,114431,68.42114461990195
2025-07-25 05:00:00,112858,28773,55756,31212,1019,1238,5,791,1531,25.45,86.33581,120325,70.25057136920839
2025-07-25 04:00:00,118134,29158,60854,31183,1123,2385,5,938,1314,25.75,84.55574,126960,70.89792060491493
2025-07-25 03:00:00,124995,29468,66902,31160,1577,2354,5,2032,1228,25.85,80.804565,134726,71.53036533408547
2025-07-25 02:00:00,133043,29810,71524,31152,1831,2360,9,3984,1236,26.6,77.06739,141906,71.4092427381506
2025-07-25 01:00:00,137524,30216,73685,31145,2250,2322,453,5020,1099,27.45,74.890945,146190,71.07257678363773
2025-07-25 00:00:00,142381,30088,74026,31119,2078,2303,3239,5872,1249,30.4,66.46112,149974,69.42136637017083
2025-07-24 23:00:00,144951,29702,72270,31105,1913,2260,6919,5603,2144,31.1,61.208267,151916,67.12393691250428
2025-07-24 22:00:00,145427,29273,70440,31108,1509,2256,8917,5593,3085,32.5,55.34793,152181,65.52263423160578
2025-07-24 21:00:00,144991,28880,69136,31114,1350,2257,10159,5115,3334,32.85,52.961357,151345,64.76328917374211
2025-07-24 20:00:00,145192,28461,68692,31130,1581,2236,10562,4714,2998,32.95,50.923687,150374,64.60757843776184
2025-07-24 19:00:00,143323,28831,67421,31158,1590,2126,10450,4135,2446,32.85,52.47886,148157,64.96621826845846
2025-07-24 18:00:00,139145,28250,65837,31183,1609,2143,10629,2585,1910,32.25,53.462135,144146,65.27201587279563
2025-07-24 17:00:00,133157,27199,62580,31237,1524,2145,10859,1637,1500,31.55,56.48175,138681,64.73777950836812
2025-07-24 16:00:00,126290,25581,58252,31311,1388,2051,11064,1202,1399,30.05,63.825294,132248,63.390750710785795
2025-07-24 15:00:00,119688,24900,54082,31353,1269,1434,10698,762,1632,28.15,69.73808,126130,62.619519543328316
2025-07-24 14:00:00,114761,25179,51785,31395,253,1368,9533,629,1931,25.85,75.32115,122073,63.04752074578326
2025-07-24 13:00:00,110076,24463,49922,31418,225,1273,6993,422,2685,23.45,81.74672,117401,63.35976695258132
2025-07-24 12:00:00,103718,23000,48753,31435,224,1188,2526,454,3693,21.65,86.23617,111273,64.48374718035822
2025-07-24 11:00:00,98578,21501,47641,31453,227,1106,126,537,4070,20.35,88.299416,106661,64.82406877865387
2025-07-24 10:00:00,95224,20491,45729,31449,228,1092,12,539,4200,19.95,88.54376,103740,63.83265856950068
2025-07-24 09:00:00,93341,20050,44474,31438,224,1117,12,550,4300,20.25,87.46352,102165,63.15665834679195
2025-07-24 08:00:00,94044,20751,45196,31422,222,1135,12,605,4136,20.65,85.33138,103479,63.72983890451203
2025-07-24 07:00:00,96716,22016,46745,31405,222,1236,20,636,4432,20.9,84.55774,106712,64.43605217782442
2025-07-24 06:00:00,100679,23634,47321,31401,221,1349,105,644,4745,21.6,80.49757,109420,64.84646316943886
2025-07-24 05:00:00,106403,25618,50576,31381,305,1460,162,632,4414,22.45,74.76795,114548,66.51709327094318
2025-07-24 04:00:00,111721,26319,54979,31363,1051,1702,219,672,4000,23.9,66.99872,120305,67.57657620215286
2025-07-24 03:00:00,118720,27223,59117,31340,1398,2084,219,2042,3507,24.9,63.503586,126930,68.02174426849444
2025-07-24 02:00:00,126546,28411,63203,31330,1597,2043,225,3853,3089,25.25,63.579865,133751,68.49593647897959
2025-07-24 01:00:00,131692,28944,66483,31314,1700,2066,832,4878,2627,25.8,62.51157,138844,68.72965342398663
2025-07-24 00:00:00,137325,28687,68269,31305,1823,2061,4060,5658,2477,27.95,57.557766,144340,67.17195510599973
2025-07-23 23:00:00,140410,28024,67604,31304,1776,2058,8375,5276,2467,29.4,44.337326,146884,65.10443615369952
2025-07-23 22:00:00,140693,27377,66108,31313,1862,2136,10262,5165,2076,29.9,43.91046,146299,63.89995830456804
2025-07-23 21:00:00,138903,26980,65150,31326,1755,2123,10752,4866,1902,30.0,42.83158,144854,63.60197164041035
2025-07-23 20:00:00,136075,26157,63109,31328,1692,2050,11065,4699,1996,29.75,42.219265,142096,62.820909807454115
2025-07-23 19:00:00,132006,25256,60862,31346,1430,1980,11322,4249,1892,29.4,42.53079,138337,62.252325841965636
2025-07-23 18:00:00,127389,25324,59290,31367,1505,1369,11272,2139,1430,28.85,43.905247,133696,63.2883556725706
2025-07-23 17:00:00,121876,24062,56276,31390,1343,1093,11229,1432,1145,28.05,46.737724,127970,62.778776275689616
2025-07-23 16:00:00,116122,23413,53309,31421,427,1031,10931,1181,1205,27.05,50.031612,122918,62.417221236922174
2025-07-23 15:00:00,110471,22149,49599,31452,272,905,10599,905,1342,25.5,58.62048,117223,61.20641853561162
2025-07-23 14:00:00,106072,21201,48212,31495,270,821,9903,615,1585,23.1,68.12011,114102,60.83416592171916
2025-07-23 13:00:00,102254,20753,46254,31531,275,711,7474,609,2487,20.55,75.167984,110094,60.86344396606537
2025-07-23 12:00:00,97222,20650,45669,31551,252,703,2673,602,3022,18.9,75.6244,105122,63.0876505393733
2025-07-23 11:00:00,92611,19884,44811,31556,222,693,126,614,3119,17.35,78.889336,101025,64.0386043058649
2025-07-23 10:00:00,89143,18518,43378,31553,220,689,10,627,3149,17.1,79.11031,98144,63.06651450929247
2025-07-23 09:00:00,87089,18187,42381,31547,218,701,10,635,3346,17.45,78.13826,97025,62.42514815769131
2025-07-23 08:00:00,87451,18584,42948,31532,214,693,10,617,3328,17.9,76.94711,97926,62.83520209137512
2025-07-23 07:00:00,89704,19843,44102,31509,212,699,10,625,3571,18.45,75.79617,100571,63.58194708216086
2025-07-23 06:00:00,93257,21222,45148,31484,213,694,10,686,3687,18.95,74.6615,103144,64.34693244396183
2025-07-23 05:00:00,98083,23149,47150,31471,214,692,10,765,3868,19.55,74.04339,107319,65.50471025633858
2025-07-23 04:00:00,102661,25207,50502,31392,290,700,12,1121,3594,20.35,72.30092,112818,67.1071992058005
2025-07-23 03:00:00,109608,26842,53938,31227,945,702,21,2936,2854,21.25,69.95878,119465,67.61813083329845
2025-07-23 02:00:00,117067,27692,58473,31316,1452,1270,24,4367,1963,22.0,68.9933,126557,68.08394636408892
2025-07-23 01:00:00,121947,27764,61487,31187,1511,1311,626,5402,1244,23.3,62.34969,130532,68.37480464560414
2025-07-23 00:00:00,127230,27352,62940,31359,1557,1297,3754,5268,1088,25.6,58.458557,134615,67.07424878356795
2025-07-22 23:00:00,130598,26951,62067,31413,1571,1270,7826,4902,1143,27.05,47.071545,137143,64.9088907199055
2025-07-22 22:00:00,131861,26257,61049,31417,1476,1269,9839,5056,1327,27.65,44.28744,137690,63.40765487689738
2025-07-22 21:00:00,130280,25734,59685,31416,1384,1276,10455,4898,1477,27.85,44.342087,136325,62.65835320007336
2025-07-22 20:00:00,127237,25226,59139,31833,1262,1253,10887,3391,1421,27.6,46.46713,134412,62.765973276195574
2025-07-22 19:00:00,124311,24103,56663,32625,1401,1260,11163,3045,1320,27.1,49.566776,131580,61.381668946648425
2025-07-22 18:00:00,119982,23563,54178,32634,1331,757,11229,1874,1275,26.4,51.98294,126841,61.29011912551935
2025-07-22 17:00:00,115218,23115,51200,32653,690,669,11188,1589,1011,25.5,54.13035,122115,60.856569626990954
2025-07-22 16:00:00,109939,22339,48802,32681,235,664,11227,1271,789,24.55,56.19264,118008,60.284895939258355
2025-07-22 15:00:00,106052,21430,47256,32723,232,655,11015,940,798,23.3,61.359318,115049,59.70151848342879
2025-07-22 14:00:00,102293,20520,44784,32755,222,680,9772,693,956,21.5,69.11636,110382,59.161819861934006
2025-07-22 13:00:00,98892,20624,44008,32785,223,665,6571,637,1717,19.55,73.56765,107230,60.27417700270446
2025-07-22 12:00:00,95070,20675,43884,32795,225,661,2249,655,2160,17.9,78.20522,103304,62.49419189963602
2025-07-22 11:00:00,91135,19776,43543,32794,227,663,133,640,1908,16.7,80.35295,99684,63.51972232253923
2025-07-22 10:00:00,88009,18441,42977,32788,226,645,11,658,1579,16.6,80.601776,97325,63.106087849987155
2025-07-22 09:00:00,86148,17982,41638,32783,227,648,11,647,1529,16.9,80.64215,95465,62.452207615356414
2025-07-22 08:00:00,86177,18445,41788,32776,225,638,11,640,1642,17.35,80.180725,96165,62.63505433369729
2025-07-22 07:00:00,88509,19297,43380,32768,222,637,11,627,1883,17.75,80.75586,98825,63.42221097900329
2025-07-22 06:00:00,92173,19686,44557,32752,220,706,11,687,2246,18.25,80.30343,100865,63.692063649432406
2025-07-22 05:00:00,96923,20930,46028,32720,218,983,11,732,2401,18.8,79.097725,104023,64.36845697586111
2025-07-22 04:00:00,102124,23284,49153,32678,331,1227,11,1120,2825,19.45,78.685074,110629,65.47740646665883
2025-07-22 03:00:00,108993,24851,52600,32640,1373,1390,11,1737,2294,20.5,76.368164,116896,66.25633041335888
2025-07-22 02:00:00,116377,25537,58172,32622,1577,1760,13,3847,1330,21.4,72.95204,124858,67.04336125838954
2025-07-22 01:00:00,121842,26254,60921,32595,1697,1663,505,5833,864,22.5,68.87155,130332,66.88687352300279
2025-07-22 00:00:00,128123,26368,62973,32593,1673,1690,3201,5899,649,24.65,61.66613,135046,66.15597648208758
2025-07-21 23:00:00,132101,25669,63825,32583,1666,1728,6536,5726,649,25.9,54.752792,138382,64.67170585769826
2025-07-21 22:00:00,133192,25054,62663,32574,1588,1718,8697,5921,686,26.55,50.707016,138901,63.15073325606008
2025-07-21 21:00:00,131645,25300,61506,32589,1514,1768,9530,5799,567,26.75,51.576843,138573,62.64279477243042
2025-07-21 20:00:00,129207,23543,59167,32606,1491,1740,9536,5353,652,26.55,53.36598,134088,61.68337211383569
2025-07-21 19:00:00,126559,23714,58173,32617,1496,1726,9497,4625,665,26.05,54.44214,132513,61.79544648449586
2025-07-21 18:00:00,123301,22725,56259,32633,1507,1349,9765,4123,821,25.8,52.835674,129182,61.141645120837275
2025-07-21 17:00:00,119491,22268,54135,32646,1504,1298,9661,2457,919,25.0,52.63049,124888,61.17721478444687
2025-07-21 16:00:00,115225,21393,51906,32647,1370,1296,9741,1699,784,24.2,53.97536,120836,60.65990267800987
2025-07-21 15:00:00,111357,21382,50392,32670,934,1290,8585,1202,730,23.3,57.164078,117185,61.24845330033707
2025-07-21 14:00:00,108459,21467,50497,32697,224,1373,6901,988,780,22.4,64.38399,114927,62.617139575556656
2025-07-21 13:00:00,105082,21074,49503,32710,225,1509,4571,838,951,20.9,72.86398,111381,63.36538547867231
2025-07-21 12:00:00,101257,20182,48246,32717,226,1383,1616,775,1403,20.1,86.62858,106548,64.22269775124826
2025-07-21 11:00:00,96148,19145,45808,32712,227,1284,87,679,1642,19.6,93.370346,101584,63.94018743109151
2025-07-21 10:00:00,92893,18269,45045,32721,230,1238,10,602,1297,19.8,94.84989,99412,63.68848831127026
2025-07-21 09:00:00,91016,17830,43696,32723,230,1268,10,600,1174,20.2,95.16063,97531,63.08353241533461
2025-07-21 08:00:00,91209,18131,43652,32711,228,1397,10,600,1458,20.6,95.76668,98187,62.92380865083972
2025-07-21 07:00:00,93691,18779,45448,32677,224,1550,10,774,1657,20.95,96.9678,101119,63.51625312750324
2025-07-21 06:00:00,96987,19305,46952,32631,221,1620,10,873,1906,21.35,96.38193,103518,64.00529376533551
2025-07-21 05:00:00,100671,19924,48096,32580,278,1587,10,1066,2273,21.65,96.0944,105814,64.28260910654545
2025-07-21 04:00:00,105644,21342,51192,32562,1121,1595,10,1078,2146,21.7,96.09582,111046,65.31887686184103
2025-07-21 03:00:00,111505,22508,55065,32542,1428,1744,10,2125,1659,22.15,95.52211,117081,66.25583997403507
2025-07-21 02:00:00,117742,23425,58581,32523,1668,2214,21,4691,1382,22.65,94.95712,124505,65.86562788643026
2025-07-21 01:00:00,121302,23711,60931,32496,1873,2218,245,4981,1404,23.45,89.09857,127859,66.19948537060355
2025-07-21 00:00:00,124874,23601,62815,32490,1871,2205,1783,4777,1268,23.6,94.41765,130810,66.0622276584359
2025-07-20 23:00:00,127722,22455,62676,32523,1845,2207,4877,5151,1425,23.95,93.294876,133159,63.93184088195315
2025-07-20 22:00:00,128313,21930,61752,32531,1765,2200,5898,4952,1497,24.6,86.517815,132525,63.144312393887944
2025-07-20 21:00:00,126994,22228,59625,32538,1509,2198,6246,4807,1537,27.15,74.1621,130688,62.6323763467189
2025-07-20 20:00:00,125224,22667,58475,32522,1471,2188,6482,3767,1570,29.25,63.460102,129142,62.83161171423705
2025-07-20 19:00:00,122765,21995,56628,32535,1414,1996,6999,3197,1482,29.25,62.304962,126246,62.27761671656924
2025-07-20 18:00:00,119744,21545,54913,32531,1308,1984,7696,1814,1614,28.85,63.763775,123405,61.95697094931324
2025-07-20 17:00:00,114956,20281,52769,32549,1299,1563,8100,1639,1607,28.3,66.035,119807,60.973065012895745
2025-07-20 16:00:00,110011,19248,49574,32564,1239,1422,8269,1061,1627,27.25,70.6429,115004,59.84313589092554
2025-07-20 15:00:00,105188,18777,47325,32560,320,1365,7381,908,1578,26.5,72.705154,110214,59.97604660025042
2025-07-20 14:00:00,101923,18288,46568,32538,221,1288,5493,725,1539,25.65,77.63437,106660,60.80630039377461
2025-07-20 13:00:00,96657,17208,43639,32532,225,1160,3756,750,1539,24.15,85.94848,100809,60.35869813211122
2025-07-20 12:00:00,91908,16788,41639,32531,228,1093,1477,732,1596,23.3,91.29343,96084,60.808251113608925
2025-07-20 11:00:00,89771,16905,41798,32525,230,1126,106,718,1239,22.95,93.24602,94647,62.023096347480646
2025-07-20 10:00:00,89260,16807,41761,32518,232,1122,9,702,1202,22.95,92.96168,94353,62.0732780091783
2025-07-20 09:00:00,89517,16869,41854,32466,230,1120,9,682,1325,23.0,92.96422,94555,62.104595209137536
2025-07-20 08:00:00,90995,17247,43155,32428,226,1256,9,654,1365,23.0,93.53348,96340,62.69669919036745
2025-07-20 07:00:00,93145,17908,44355,32410,223,1378,9,661,1385,22.9,94.10151,98329,63.32109550590365
2025-07-20 06:00:00,94923,18700,46148,32357,223,1398,9,772,1290,22.7,95.54024,100897,64.27148478150986
2025-07-20 05:00:00,98065,20062,47321,32303,239,1346,9,889,1216,22.25,97.59122,103385,65.17676645548194
2025-07-20 04:00:00,102754,22398,49553,32247,1034,1358,9,901,1040,22.0,98.786896,108540,66.28984706099133
2025-07-20 03:00:00,108137,24265,52113,32258,1528,1730,9,1634,981,22.6,94.95527,114518,66.69519202221484
2025-07-20 02:00:00,113193,24699,54713,32303,1666,1795,14,3798,838,22.6,96.709656,119826,66.2727621718158
2025-07-20 01:00:00,115899,24407,56152,32347,1659,1771,360,4722,689,23.55,94.702576,122107,65.97410467868346
2025-07-20 00:00:00,118668,24011,56765,32356,1655,1836,1100,5092,1126,26.65,77.781136,123941,65.17294519166377
2025-07-19 23:00:00,121499,23668,56979,32350,1639,1876,2014,5466,1516,27.35,72.40933,125508,64.25646173949072
2025-07-19 22:00:00,123387,23735,56650,32343,1630,1820,2667,5365,2000,28.5,63.88476,126210,63.69146660328025
2025-07-19 21:00:00,123260,22903,54790,32363,1633,1870,4551,5046,2776,29.55,55.137966,125932,61.69440650509799
2025-07-19 20:00:00,121540,21432,52749,32379,1631,1936,6672,4631,3217,29.35,55.088833,124647,59.51286432886471
2025-07-19 19:00:00,119343,20748,51913,32393,1631,1986,8071,2807,3187,28.85,57.951447,122736,59.201049406856995
2025-07-19 18:00:00,117012,20263,51314,32404,1587,1963,8851,1808,2171,28.55,59.151936,120361,59.46859863244739
2025-07-19 17:00:00,113728,19330,50395,32407,1542,1656,8972,1531,1856,27.7,63.320366,117689,59.24512911147176
2025-07-19 16:00:00,111003,18657,49425,32401,1551,1611,8695,1039,1692,26.45,69.203094,115071,59.16521104361655
2025-07-19 15:00:00,107772,18453,47543,32398,1186,1504,7359,881,1383,25.4,74.55664,110707,59.61321325661431
2025-07-19 14:00:00,102735,17918,46327,32388,235,1331,6052,795,1051,23.9,83.58389,106097,60.55307878639359
2025-07-19 13:00:00,97015,16949,43381,32381,225,1221,4096,791,1178,21.85,92.334274,100222,60.19636407176069
2025-07-19 12:00:00,91616,16162,41402,32395,228,1121,1441,820,1547,20.35,98.162575,95116,60.519786366121366
2025-07-19 11:00:00,88820,15931,41209,32394,231,1113,85,844,1216,19.45,99.38,93023,61.42566892058953
2025-07-19 10:00:00,88360,15697,41206,32385,233,1074,9,724,881,19.5,97.541084,92209,61.71089589953258
2025-07-19 09:00:00,88614,15778,41740,32347,232,1096,9,670,773,19.75,96.63907,92645,62.08430028603811
2025-07-19 08:00:00,89940,16308,42464,32251,227,1101,9,646,805,19.95,96.044655,93811,62.649369476927006
2025-07-19 07:00:00,92189,17115,43930,32152,223,1198,9,666,774,20.4,95.16784,96067,63.54419311522167
2025-07-19 06:00:00,95347,18645,45546,31953,221,1263,9,799,685,20.85,93.43104,99121,64.760242531855
2025-07-19 05:00:00,98320,20612,46908,31806,270,1544,9,939,480,21.45,90.61324,102568,65.82949847905779
2025-07-19 04:00:00,103074,22608,50711,31956,1157,1706,23,1198,415,21.8,89.52242,109774,66.79086122396924
2025-07-19 03:00:00,109039,23854,55039,32284,1650,2201,65,1548,262,22.4,86.84436,116903,67.48586434907573
2025-07-19 02:00:00,115081,24069,58498,32444,1811,2177,70,3436,151,23.1,85.05479,122656,67.31590790503522
2025-07-19 01:00:00,119327,24107,60296,32431,1899,2300,368,5576,99,23.45,84.30885,127076,66.41930813056753
2025-07-19 00:00:00,123410,24015,61226,32419,1881,2447,1732,6065,158,25.05,82.69825,129943,65.59876253434199
2025-07-18 23:00:00,126573,23715,61001,32408,1857,2460,3932,6105,154,25.85,78.378944,131632,64.35821076941777
2025-07-18 22:00:00,127693,23330,59976,32411,1813,2414,5991,5919,123,26.4,77.03734,131977,63.12160452200004
2025-07-18 21:00:00,126995,22816,58324,32430,1732,2376,7135,5602,81,25.65,81.520065,130496,62.178151054438445
2025-07-18 20:00:00,125099,22243,57257,32444,1761,2322,7546,5129,59,24.65,83.4129,128761,61.74229774543534
2025-07-18 19:00:00,123207,21729,56447,32453,1555,2187,7433,4886,74,25.55,77.85774,126764,61.670505821842156
2025-07-18 18:00:00,120818,21350,55494,32484,1533,2089,7541,3461,128,26.0,73.51735,124080,61.93101225016119
2025-07-18 17:00:00,118182,20778,54691,32514,1508,2221,7745,2127,193,27.05,71.040306,121777,61.97311479179155
2025-07-18 16:00:00,115371,20789,52601,32582,1515,2101,7555,1576,261,25.5,74.11491,118980,61.682635737098664
2025-07-18 15:00:00,112868,21578,51120,32697,1188,1922,6612,1056,325,24.75,77.2625,116498,62.40278803069581
2025-07-18 14:00:00,111017,21671,50839,32732,227,1893,5676,1107,444,23.8,81.53834,114589,63.2783251446474
2025-07-18 13:00:00,108330,21453,50052,32732,226,1960,3943,1077,711,22.75,85.01833,112154,63.756085382598926
2025-07-18 12:00:00,104504,20580,49155,32733,227,1937,1644,1016,796,21.0,91.1476,108088,64.5168751387758
2025-07-18 11:00:00,100758,19145,49258,32726,228,1864,137,994,684,21.05,90.586105,105036,65.12338626756541
2025-07-18 10:00:00,97887,18183,47857,32722,228,1737,9,855,889,21.3,89.2071,102480,64.44184231069478
2025-07-18 09:00:00,96577,17825,47122,32699,229,1681,9,693,1144,21.45,88.391,101402,64.04903256346029
2025-07-18 08:00:00,97380,18756,47067,32677,228,1771,9,670,1404,21.75,87.59652,102582,64.16622799321519
2025-07-18 07:00:00,100078,20212,47970,32652,224,1916,9,650,1779,22.15,87.63166,105412,64.6814404432133
2025-07-18 06:00:00,103329,21501,48996,32604,222,1955,9,689,2354,22.75,86.34216,108330,65.07615618942121
2025-07-18 05:00:00,107870,23089,50384,32462,399,1935,9,908,2804,23.55,85.88959,111990,65.60675060273239
2025-07-18 04:00:00,114308,24410,55510,32256,1696,1352,9,1245,2864,24.25,89.1603,119342,66.9672034991872
2025-07-18 03:00:00,121650,24729,60172,32258,2108,1872,9,2011,2801,24.6,89.187126,125960,67.40314385519213
2025-07-18 02:00:00,129225,25184,64547,32366,2396,2046,12,3843,2685,25.5,84.27313,133079,67.42686674832242
2025-07-18 01:00:00,133627,25061,66160,32296,3072,2053,292,5600,2478,26.15,82.57693,137012,66.57883980965171
2025-07-18 00:00:00,138295,25706,66901,32200,3695,2036,2226,5946,2179,24.35,87.02329,140889,65.73046866682282
2025-07-17 23:00:00,141871,25990,66989,32174,3825,2023,4948,6066,1981,26.65,74.76123,143996,64.57054362621184
2025-07-17 22:00:00,142890,25749,66092,32183,3538,2035,6492,6255,2071,28.25,66.2274,144415,63.59519440501333
2025-07-17 21:00:00,141763,25340,65026,32204,3268,1989,7439,5764,1890,27.8,69.036446,142920,63.228379513014275
2025-07-17 20:00:00,140576,25474,63793,32257,2956,2007,7788,5650,1837,28.5,66.27831,141762,62.96962514637209
2025-07-17 19:00:00,139400,25362,62359,32300,2895,1997,9080,5202,1812,28.95,64.37364,141007,62.21038671838986
2025-07-17 18:00:00,137238,25585,61018,32325,2736,2017,9849,3617,1900,28.35,67.06344,139047,62.28325674052658
2025-07-17 17:00:00,132347,25079,58095,32355,2575,2017,9679,2111,2026,28.05,67.415115,133937,62.09934521454117
2025-07-17 16:00:00,127504,24435,55290,32384,2299,1950,9097,1971,2046,25.95,77.91612,129472,61.57702051408799
2025-07-17 15:00:00,121952,23630,52396,32404,1608,1928,8804,1449,2106,24.4,89.17183,124325,61.1510154836115
2025-07-17 14:00:00,116923,23136,49990,32441,1037,1821,7605,1473,2257,24.25,86.48483,119760,61.06045424181696
2025-07-17 13:00:00,113740,23893,48935,32459,895,1527,5158,1376,2501,24.1,87.26659,116744,62.38264921537724
2025-07-17 12:00:00,109472,23577,47884,32456,925,1359,2013,1275,2517,24.6,84.43301,112006,63.801046372515756
2025-07-17 11:00:00,104425,21458,47021,32446,923,1370,122,1258,2706,24.05,85.938705,107304,63.81775143517483
2025-07-17 10:00:00,100388,19617,44779,32442,810,1361,9,1035,3128,24.0,87.25765,103181,62.410715151045245
2025-07-17 09:00:00,98031,19157,43893,32405,567,1356,9,1028,3093,24.2,87.00967,101508,62.11333096898767
2025-07-17 08:00:00,98155,19734,44059,32377,617,1348,9,988,3303,24.1,87.53331,102435,62.27656562698296
2025-07-17 07:00:00,100665,20830,44879,32370,683,1347,9,1014,3796,24.0,88.0605,104928,62.622941445562674
2025-07-17 06:00:00,104574,23221,46665,32361,889,1344,9,969,4074,24.3,88.6235,109532,63.804185078333276
2025-07-17 05:00:00,109791,25465,50263,32327,1025,1353,9,1187,4224,24.7,89.73686,115853,65.36559260442112
2025-07-17 04:00:00,115194,26029,55448,32273,1093,1927,9,1487,4382,24.9,88.67159,122648,66.43157654425673
2025-07-17 03:00:00,120959,26139,60235,32222,1307,2391,9,1554,4290,24.85,89.20625,128147,67.40228019383989
2025-07-17 02:00:00,127789,26922,65967,32168,1779,2675,10,2610,3865,24.95,89.75502,135996,68.30274419835878
2025-07-17 01:00:00,133218,27031,67340,32162,2564,2685,485,4875,3807,25.3,87.37317,140949,66.95400463997616
2025-07-17 00:00:00,137252,27449,66323,32135,2845,2691,2675,5927,3962,25.0,87.6118,144007,65.11627906976744
2025-07-16 23:00:00,140702,27209,66573,32130,3210,2702,4992,5885,3968,24.85,86.80462,146669,63.94125548002645
2025-07-16 22:00:00,143009,27268,66020,32137,3209,2748,6715,5662,3314,23.75,89.12178,147073,63.4297253744739
2025-07-16 21:00:00,144407,28857,65902,32121,3035,2705,6935,5638,3139,23.35,91.01823,148332,63.883046139740586
2025-07-16 20:00:00,144713,28725,65899,32142,2644,2690,6860,5693,3390,26.9,78.05395,148043,63.91656478185392
2025-07-16 19:00:00,143182,28226,65711,32163,1999,2687,8413,5330,2806,28.85,70.50671,147335,63.75742355855702
2025-07-16 18:00:00,140597,28695,65464,32182,1918,2706,8872,4332,1866,28.15,77.298416,146035,64.47700893621392
2025-07-16 17:00:00,135874,28114,62749,32248,1851,2637,8675,2142,1242,26.45,82.612305,139658,65.06107777570924
2025-07-16 16:00:00,130616,27480,59485,32269,1943,2529,7037,1721,844,25.3,86.32158,133308,65.23614486752483
2025-07-16 15:00:00,125622,28106,57497,32318,1335,2535,5235,1184,721,23.5,92.98969,128931,66.3944280273945
2025-07-16 14:00:00,121850,27952,55527,32349,542,2573,4307,1143,634,23.35,89.637825,125027,66.76877794396411
2025-07-16 13:00:00,116577,27806,52400,32370,352,2036,3034,1038,742,23.3,89.90885,119778,66.96221342817546
2025-07-16 12:00:00,111032,26302,50488,32364,336,1784,1244,1022,969,22.4,95.53035,114509,67.06023107354007
2025-07-16 11:00:00,105353,24148,48288,32352,289,1687,118,769,1016,22.0,96.69501,108667,66.65869123100849
2025-07-16 10:00:00,101141,22190,46637,32338,235,1576,9,651,1263,22.65,92.94633,104899,65.6126369174158
2025-07-16 09:00:00,98689,21626,45381,32326,233,1548,9,606,972,23.55,90.75397,102701,65.24473958384047
2025-07-16 08:00:00,99204,22748,45410,32292,231,1580,9,607,901,23.9,90.50133,103778,65.67673302626761
2025-07-16 07:00:00,102002,24422,47062,32174,230,1636,9,706,916,24.05,89.4168,107155,66.710839438197
2025-07-16 06:00:00,105989,26200,48436,32123,229,1803,9,973,963,24.25,87.01423,110736,67.39994220488369
2025-07-16 05:00:00,110833,27821,51542,32197,374,1912,9,1041,1097,24.5,84.93962,115993,68.42050813411154
2025-07-16 04:00:00,116678,28205,57274,32274,1366,1991,9,1517,1307,24.85,82.67464,123943,68.96637970680071
2025-07-16 03:00:00,123729,28469,62422,32273,1499,2654,9,2431,1198,25.3,80.98042,130955,69.4062846015807
2025-07-16 02:00:00,131243,28412,67371,32262,2036,2695,24,4203,987,25.95,79.59725,137990,69.41300094209726
2025-07-16 01:00:00,135674,28333,69572,32244,3620,2686,348,5307,722,26.55,79.67867,142832,68.54556401926739
2025-07-16 00:00:00,140523,28324,70674,32236,4144,2599,1805,6451,609,28.1,70.58334,146842,67.41804115988613
2025-07-15 23:00:00,143098,28295,70977,32251,3531,2677,3714,6625,505,29.05,61.879776,148575,66.8160861517752
2025-07-15 22:00:00,143989,28147,69358,32276,3055,2689,5892,6244,323,29.35,60.07275,147984,65.88887987890583
2025-07-15 21:00:00,142423,27462,66350,32285,2291,2442,7456,5456,187,29.65,57.961216,143929,65.17935926741657
2025-07-15 20:00:00,140418,27383,65327,32313,2033,2473,8435,3587,184,29.9,56.606792,141735,65.41080184852012
2025-07-15 19:00:00,137398,27330,64698,32333,1863,2491,8919,2506,189,29.6,57.592823,140329,65.58017230935872
2025-07-15 18:00:00,133081,26461,62011,32374,1758,2401,9018,1769,209,29.3,58.417606,136001,65.05246284953787
2025-07-15 17:00:00,127747,25422,58616,32386,1612,2229,8864,1510,298,28.85,59.958317,130937,64.18201119622414
2025-07-15 16:00:00,123702,24821,56050,32408,1563,2181,8534,1040,317,28.2,62.265312,126914,63.72110247884394
2025-07-15 15:00:00,119715,23811,53856,32400,1208,2191,8091,968,158,27.25,69.35557,122683,63.3070596578173
2025-07-15 14:00:00,114169,23131,51316,32380,331,1722,6895,977,192,25.5,81.50132,116944,63.66038445751813
2025-07-15 13:00:00,108938,22440,48847,32381,235,1665,4548,1034,631,23.3,89.360214,111781,63.773807713296534
2025-07-15 12:00:00,103905,21436,47605,32387,218,1817,1490,966,699,20.65,97.56226,106618,64.75548218874862
2025-07-15 11:00:00,98847,19984,45889,32392,220,1945,89,949,469,19.4,98.7629,101937,64.62128569606718
2025-07-15 10:00:00,94958,18821,44023,32388,222,2010,9,884,325,19.6,97.54293,98682,63.683346506961755
2025-07-15 09:00:00,92993,18465,42852,32388,219,1947,9,857,267,20.35,97.85927,97004,63.21079543111624
2025-07-15 08:00:00,93212,19237,43296,32362,218,1891,9,809,247,20.75,97.86567,98069,63.76428840918129
2025-07-15 07:00:00,95376,20667,44460,32331,215,1988,9,816,264,21.45,97.27754,100750,64.64218362282878
2025-07-15 06:00:00,99069,22537,46076,32309,214,2005,9,782,267,22.15,97.589455,104199,65.84804076814557
2025-07-15 05:00:00,104281,24998,49179,32268,302,2003,9,732,180,22.95,96.42459,109671,67.63592927939017
2025-07-15 04:00:00,110437,26553,53198,32213,1029,2015,11,993,143,23.45,95.56475,116155,68.65911928027205
2025-07-15 03:00:00,116649,27339,58263,32170,1203,2484,10,1380,145,24.15,91.3464,122994,69.5985170008293
2025-07-15 02:00:00,123565,27749,63602,32139,1575,2718,16,2705,165,25.25,87.36876,130669,69.91023119485111
2025-07-15 01:00:00,128688,27634,66016,32089,2129,2706,591,5293,169,25.85,85.07931,136627,68.54428480461402
2025-07-15 00:00:00,133676,27139,68416,32040,2220,2691,3030,5622,218,27.4,69.38405,141376,67.58926550475329
2025-07-14 23:00:00,137696,26781,68986,32018,2273,2796,5999,5618,195,27.95,64.956825,144666,66.19869215987171
2025-07-14 22:00:00,140372,26659,69468,31997,2394,3062,7850,5541,148,28.25,67.454765,147119,65.33962302625766
2025-07-14 21:00:00,140906,26214,68957,31958,1880,3054,8364,5505,292,28.7,66.116714,146224,65.08575883575884
2025-07-14 20:00:00,139693,25604,68262,31959,1785,3014,8865,5369,290,28.05,66.59391,145148,64.66916526579767
2025-07-14 19:00:00,137578,24677,67499,31965,1776,3006,9287,5027,184,27.8,67.77981,143421,64.26952817230391
2025-07-14 18:00:00,134156,24176,64542,31985,1741,3026,9567,4363,108,27.25,70.21148,139508,63.59348567824068
2025-07-14 17:00:00,128924,23769,61194,31820,1517,2951,9801,2242,67,26.55,76.8256,133361,63.70903037619694
2025-07-14 16:00:00,123900,23050,57446,31819,1735,2865,9114,1486,49,24.85,84.717575,127564,63.102442695431314
2025-07-14 15:00:00,118746,22880,54278,31953,1052,2797,8515,686,29,23.2,91.56648,122190,63.14592028807595
2025-07-14 14:00:00,115280,22978,53310,31984,236,2355,6951,542,31,22.05,95.226425,118387,64.43950771621884
2025-07-14 13:00:00,111356,22506,51965,32041,220,2338,4474,415,79,21.7,97.282616,114038,65.30367070625582
2025-07-14 12:00:00,106534,21664,50315,32054,222,2249,1539,433,145,21.65,93.75799,108621,66.2661916204049
2025-07-14 11:00:00,101807,20593,49169,32054,223,2248,132,454,146,21.4,96.383286,105019,66.42797969891163
2025-07-14 10:00:00,97631,18828,47195,32047,227,2058,9,559,163,21.45,96.68144,101086,65.31369329086125
2025-07-14 09:00:00,95156,18352,45908,32055,231,1957,9,519,209,21.3,96.38061,99240,64.75211608222492
2025-07-14 08:00:00,94973,19084,45431,32049,232,2044,9,537,222,21.7,90.91087,99608,64.76889406473376
2025-07-14 07:00:00,97117,20685,46210,32051,228,2222,9,455,210,23.65,83.04246,102070,65.53835603017536
2025-07-14 06:00:00,100493,22270,48341,32046,226,2309,9,440,184,24.35,80.609726,105825,66.72430900070871
2025-07-14 05:00:00,103688,22842,49622,32050,222,2324,9,486,271,24.95,81.1836,107826,67.20457032626639
2025-07-14 04:00:00,108426,23458,52313,32048,1194,2326,9,1364,260,25.25,82.47008,112972,67.07060156498954
2025-07-14 03:00:00,115210,24447,56327,32035,1558,2595,9,2510,272,25.8,80.30766,119753,67.45050228386764
2025-07-14 02:00:00,121693,24955,59813,32021,1599,2915,16,4239,319,26.6,76.36659,125877,67.3419290259539
2025-07-14 01:00:00,125689,24905,60860,32027,1589,2971,326,5766,650,27.55,71.78501,129094,66.43608533316808
2025-07-14 00:00:00,129964,25179,62111,32036,1788,2989,2712,5766,545,29.1,59.279556,133126,65.56946051109476
2025-07-13 23:00:00,132367,25226,61902,32015,1680,2983,5246,5243,501,30.05,55.08975,134796,64.63693284667201
2025-07-13 22:00:00,133111,25146,61293,32010,1621,3040,6261,5722,539,30.6,53.877563,135632,63.73053556682788
2025-07-13 21:00:00,130715,24466,58941,32019,1481,3057,7327,5482,464,30.5,54.69127,133237,62.600478845966215
2025-07-13 20:00:00,127476,23356,57002,32044,1402,2989,8447,4143,434,30.1,57.00504,129817,61.90098369242857
2025-07-13 19:00:00,124896,22842,56449,32056,1255,3001,9067,2650,370,29.35,61.756554,127690,62.09648367139165
2025-07-13 18:00:00,122118,22466,54854,32071,1264,2436,9318,1475,206,29.2,62.29398,124090,62.30961398984608
2025-07-13 17:00:00,117951,21243,52637,32079,1428,2154,9075,1250,105,28.8,63.363167,119971,61.58154887431129
2025-07-13 16:00:00,112401,20128,50175,32104,1084,1963,8438,628,70,27.8,67.987854,114590,61.3517758966751
2025-07-13 15:00:00,107057,19109,47536,32115,249,1954,7695,665,93,26.3,75.16285,109416,60.90973897784602
2025-07-13 14:00:00,103161,18129,45363,32125,220,1850,6930,493,199,24.9,80.43464,105309,60.29114320713329
2025-07-13 13:00:00,98000,17353,43168,32123,220,1535,4521,497,523,24.1,84.89786,99940,60.557334400640386
2025-07-13 12:00:00,93219,16783,41661,32097,219,1500,1758,418,1054,23.0,88.5183,95490,61.204314587914965
2025-07-13 11:00:00,90667,16693,41608,32076,220,1509,130,437,1285,22.1,91.49923,93958,62.050064922625005
2025-07-13 10:00:00,90970,16903,42033,32040,221,1582,9,438,1297,21.85,91.766556,94523,62.350962199676275
2025-07-13 09:00:00,91588,17189,42982,31998,223,1681,9,416,1329,22.15,90.381424,95827,62.791280119381796
2025-07-13 08:00:00,93392,17833,44429,31899,221,1829,9,387,1294,22.5,89.02465,97901,63.59689890808061
2025-07-13 07:00:00,96203,18934,45593,31769,218,2119,9,401,1429,22.85,88.23422,100472,64.22386336491759
2025-07-13 06:00:00,98904,20525,46154,31605,216,2281,9,420,1471,23.3,86.92742,102681,64.9380119009359
2025-07-13 05:00:00,102039,22024,47448,31472,226,2173,9,453,1736,23.6,85.89451,105541,65.82465582096057
2025-07-13 04:00:00,107335,23487,50951,31396,932,2252,9,1263,1751,24.0,84.627556,112041,66.43817888094536
2025-07-13 03:00:00,113943,23880,54371,31318,1232,2841,9,2718,1354,24.3,83.11786,117723,66.47044332883124
2025-07-13 02:00:00,119727,24324,58163,31215,1469,3005,17,4459,863,24.7,79.91595,123515,66.78298182406995
2025-07-13 01:00:00,123890,24482,60553,31157,1531,2993,239,5378,1020,25.2,74.985085,127353,66.77110079856776
2025-07-13 00:00:00,127815,24609,61256,31080,1618,2966,2020,5576,1293,29.05,66.38993,130418,65.838304528516
2025-07-12 23:00:00,131998,24892,61665,31025,1651,2975,4163,5625,1119,30.0,61.148952,133115,65.02422717199414
2025-07-12 22:00:00,134579,25016,61492,30987,1648,2981,5238,5463,1223,30.5,59.238956,134048,64.53509190737647
2025-07-12 21:00:00,134828,25134,61576,30986,1584,3037,6330,5105,949,29.45,64.479126,134701,64.372202136584
2025-07-12 20:00:00,133962,24934,60422,31024,1560,3055,7530,4078,1327,27.65,68.796745,133930,63.73180019413126
2025-07-12 19:00:00,132840,24829,59605,31040,1456,2996,8511,3136,1573,33.4,46.981987,133146,63.41459750950085
2025-07-12 18:00:00,130991,24760,58757,31065,1404,2896,9512,1774,1595,32.6,46.337734,131763,63.384258099770044
2025-07-12 17:00:00,128000,24211,56440,31121,1455,2884,10121,1358,1455,31.95,55.89227,129045,62.49835328761285
2025-07-12 16:00:00,122874,22721,53873,31150,1591,2857,10386,868,1241,30.8,61.327442,124687,61.429018261727364
2025-07-12 15:00:00,116801,21383,50965,31096,875,2329,10638,716,1147,29.3,66.440506,119149,60.72061032824446
2025-07-12 14:00:00,109988,20045,47831,31106,239,2045,9639,522,1142,27.6,72.23266,112569,60.29723991507431
2025-07-12 13:00:00,104032,19173,46232,31127,224,1928,7069,480,1133,25.9,79.106804,107366,60.917795205185996
2025-07-12 12:00:00,97781,18242,45017,31143,226,1954,2768,435,1802,24.05,82.834015,101587,62.27076299132763
2025-07-12 11:00:00,94146,17627,44614,31153,228,1848,209,499,2637,22.75,87.95458,98815,62.987400698274556
2025-07-12 10:00:00,93940,17917,43790,31145,232,1828,1,566,2837,22.5,89.02465,98316,62.76394483095326
2025-07-12 09:00:00,94455,18510,43886,31195,235,1950,1,517,2784,22.8,87.41868,99078,62.97664466380024
2025-07-12 08:00:00,96103,19571,45563,31204,233,2152,1,451,2382,23.05,86.37088,101557,64.13541164075347
2025-07-12 07:00:00,99318,21096,47485,31199,230,2297,1,442,2259,23.45,84.30885,105009,65.30964012608443
2025-07-12 06:00:00,103222,22576,48772,31190,225,2360,1,440,2845,23.95,81.05587,108409,65.81372395280835
2025-07-12 05:00:00,107331,23406,51142,31181,232,2370,1,380,3689,24.5,76.98666,112401,66.3232533518385
2025-07-12 04:00:00,113788,24536,54763,31163,1466,2650,1,403,3739,25.35,69.63873,118721,66.79441716292821
2025-07-12 03:00:00,121037,26321,58856,31138,1829,2975,1,1051,3525,25.95,68.043686,125696,67.76428844195519
2025-07-12 02:00:00,128579,27126,64032,31122,2080,3101,13,2825,3059,27.1,63.583736,133358,68.35585416697911
2025-07-12 01:00:00,133839,27372,66050,31104,2034,3074,714,5017,2831,28.5,59.6928,138196,67.60108830935772
2025-07-12 00:00:00,139682,27191,67619,31066,2017,3081,3935,5878,2478,29.9,54.374474,143265,66.17806163403483
2025-07-11 23:00:00,143859,26887,66861,31057,1963,3075,7468,5763,2826,30.8,48.674305,145900,64.25496915695682
2025-07-11 22:00:00,144933,26313,65666,31063,1895,3054,9243,5938,2921,31.3,46.718086,146093,62.95921091359613
2025-07-11 21:00:00,143686,26287,65213,31083,1918,3042,9449,5399,2649,31.65,45.79781,145040,63.08604522890238
2025-07-11 20:00:00,141260,26325,63973,31110,1922,3059,10054,4893,1931,31.65,45.941364,143267,63.02777331834966
2025-07-11 19:00:00,138201,26479,62826,31128,1895,3056,10331,4003,1485,31.6,47.68174,141203,63.24582338902148
2025-07-11 18:00:00,134294,25992,61896,31160,1837,2903,9682,2479,950,31.05,51.06752,136899,64.19915412092126
2025-07-11 17:00:00,128957,25176,59378,31201,1722,2795,9510,1210,838,30.15,54.100067,131830,64.13866343017523
2025-07-11 16:00:00,124005,23972,55789,31239,1757,2812,9509,879,504,29.0,57.986904,126461,63.07161891808541
2025-07-11 15:00:00,119165,23178,54085,31282,923,2326,8855,509,338,28.4,66.055466,121496,63.593040100085595
2025-07-11 14:00:00,114369,22076,52279,31308,221,2134,7734,666,609,26.15,79.624466,117027,63.536619754415646
2025-07-11 13:00:00,109729,21541,49688,31249,220,1956,5488,726,1472,23.7,91.31841,112340,63.40484244258501
2025-07-11 12:00:00,103455,20070,47507,31202,219,1786,2174,759,2192,21.65,97.880035,105909,63.806664211728936
2025-07-11 11:00:00,97894,18935,45574,31182,220,1699,161,694,2312,20.85,99.69285,100777,64.01162963771495
2025-07-11 10:00:00,94549,18054,44333,31166,222,1578,8,568,2533,20.7,99.69249,98462,63.36149986796937
2025-07-11 09:00:00,92652,17746,42951,31160,223,1506,8,555,2692,21.2,97.272446,96841,62.67696533493046
2025-07-11 08:00:00,93008,18452,43325,31115,221,1568,8,633,1990,21.55,96.09148,97312,63.48343472541927
2025-07-11 07:00:00,95363,19903,44900,31062,220,1754,8,622,1484,22.2,93.20901,99953,64.83347173171391
2025-07-11 06:00:00,98808,22005,47135,31002,218,1919,8,530,1364,22.3,93.787605,104181,66.36526813910406
2025-07-11 05:00:00,102896,24392,50305,30945,238,1982,8,592,1332,22.65,94.37875,109794,68.0337723372862
2025-07-11 04:00:00,108282,25242,55383,30992,1286,1992,8,693,1604,23.15,93.54055,117200,68.79266211604096
2025-07-11 03:00:00,114521,25959,59057,31216,1468,2533,8,1103,1846,23.85,91.050385,123190,69.01209513759234
2025-07-11 02:00:00,121689,26325,62601,31495,1613,2608,9,3307,1851,24.8,86.80002,129809,68.50526542843717
2025-07-11 01:00:00,125836,26335,64318,31718,1662,2721,560,4873,1422,25.8,81.29124,133609,67.84947121825626
2025-07-11 00:00:00,130838,26373,65170,31739,1660,2735,3513,6352,1203,27.7,65.709305,138745,65.97931456989441
2025-07-10 23:00:00,133830,26139,64567,31834,1654,2724,6526,6261,1287,28.1,64.78872,140992,64.33414661824784
2025-07-10 22:00:00,134832,25662,64163,31842,1654,2633,7118,5780,1044,28.3,63.64581,139896,64.20841196317264
2025-07-10 21:00:00,133550,25306,62294,32075,1647,2592,7689,5710,642,28.1,64.58972,137955,63.498967054474285
2025-07-10 20:00:00,131216,25046,60743,32166,1637,2570,8513,5481,429,27.4,67.07895,136585,62.80997181242449
2025-07-10 19:00:00,129208,24807,59835,32159,1650,2513,8931,4936,482,26.15,70.65767,135313,62.55274807298633
2025-07-10 18:00:00,125973,25144,58543,32215,1663,2376,8809,2519,197,25.15,74.28564,131466,63.65676296532944
2025-07-10 17:00:00,121724,24705,56295,32282,1671,2290,8446,1578,67,28.3,60.0178,127334,63.61223239668903
2025-07-10 16:00:00,117086,23803,53754,32371,1636,1962,7661,997,75,27.25,67.255714,122259,63.43663861147236
2025-07-10 15:00:00,112808,22560,52167,32400,799,1856,6920,523,80,26.35,71.7911,117305,63.70316695793018
2025-07-10 14:00:00,109402,22116,50555,32434,231,1848,5582,578,133,25.0,76.58908,113477,64.04029010284023
2025-07-10 13:00:00,107313,21843,49571,32457,231,1841,3641,679,377,22.85,85.29193,110640,64.54627621113521
2025-07-10 12:00:00,102828,20871,47540,32478,221,1762,1511,676,602,22.35,89.56356,105661,64.74574346258318
2025-07-10 11:00:00,97955,18941,46293,32491,224,1669,151,669,866,21.25,95.492226,101304,64.39429834952223
2025-07-10 10:00:00,94203,18146,44326,32485,228,1509,13,630,968,20.9,95.776146,98305,63.54915823203295
2025-07-10 09:00:00,92194,17999,43105,32473,231,1448,13,623,690,21.45,93.74877,96582,63.26644716406784
2025-07-10 08:00:00,92578,18749,43280,32456,229,1442,13,656,579,21.6,94.335236,97404,63.6821896431358
2025-07-10 07:00:00,94601,20085,44452,32442,226,1535,13,703,705,22.1,93.77849,100161,64.4332624474596
2025-07-10 06:00:00,97963,22805,45841,32426,225,1613,13,701,796,22.6,92.093155,104420,65.74027963991573
2025-07-10 05:00:00,101997,25493,47039,32421,240,1825,13,687,886,22.95,90.43647,108604,66.78575374755994
2025-07-10 04:00:00,107516,27478,50197,32408,1202,2118,13,737,881,23.6,87.75774,115034,67.52351478693257
2025-07-10 03:00:00,113292,28337,54301,32372,1684,2414,13,924,748,24.25,85.17368,120793,68.41290472130007
2025-07-10 02:00:00,120478,28454,58851,32332,1928,3009,23,2853,577,25.1,78.03119,128027,68.19264686355223
2025-07-10 01:00:00,125358,28742,61554,32314,2102,3091,434,4818,559,26.3,68.323814,133614,67.57974463753798
2025-07-10 00:00:00,130340,28730,63588,32295,2224,3073,1585,5430,651,27.65,58.941967,137576,67.10327382683026
2025-07-09 23:00:00,135270,28795,65456,32274,2168,3059,3100,5522,679,28.2,57.259094,141053,66.81956427725748
2025-07-09 22:00:00,138464,27981,65763,32272,2093,3061,5157,5806,768,28.65,57.188583,142901,65.60066059719666
2025-07-09 21:00:00,138528,27260,64674,32305,1949,3038,7782,5145,834,28.75,58.288345,142987,64.29535552183066
2025-07-09 20:00:00,138054,27085,64531,32318,1961,2962,8594,5028,526,28.8,58.11964,143005,64.06489283591483
2025-07-09 19:00:00,136601,26553,63219,32347,1945,2889,9435,4555,277,28.95,56.553288,141220,63.5688995892933
2025-07-09 18:00:00,133474,26765,61667,32359,1903,2663,9231,3210,192,28.8,54.953445,137990,64.0858033190811
2025-07-09 17:00:00,128997,26776,59131,32379,1954,2669,8359,1633,166,28.65,55.260735,133067,64.55920701601448
2025-07-09 16:00:00,123753,25993,56912,32403,1725,2670,7258,729,171,27.0,63.958202,127861,64.83994337600988
2025-07-09 15:00:00,118569,25267,54952,32416,1279,2211,6216,516,175,26.8,67.16563,123032,65.2017361336888
2025-07-09 14:00:00,113930,25609,52054,32450,404,2062,5597,605,161,26.1,72.41237,118942,65.29484959055675
2025-07-09 13:00:00,110911,25899,50528,32469,391,2060,3961,680,226,24.5,79.15452,116214,65.7640215464574
2025-07-09 12:00:00,105906,24619,49026,32477,310,1981,1535,668,338,23.05,82.20502,110954,66.37435333561656
2025-07-09 11:00:00,100913,23312,47692,32432,224,1726,140,640,388,22.8,83.977684,106554,66.63663494566136
2025-07-09 10:00:00,96960,22288,45388,32476,226,1721,21,636,383,22.9,83.47039,103139,65.61630421082228
2025-07-09 09:00:00,94758,21959,44190,32491,224,1710,21,629,406,22.95,86.09546,101630,65.08806454786973
2025-07-09 08:00:00,95323,22150,44879,32511,221,1680,21,610,389,23.05,84.52606,102461,65.41903748743424
2025-07-09 07:00:00,97594,22895,45504,32569,218,1831,21,600,409,23.5,83.02496,104047,65.73856045825444
2025-07-09 06:00:00,101272,25362,46549,32593,216,2009,21,590,586,24.15,78.86172,107926,66.62991308859775
2025-07-09 05:00:00,106311,27692,49098,32550,236,2092,21,545,746,24.2,78.382904,112980,67.96778190830236
2025-07-09 04:00:00,110879,29371,52851,32477,1108,2196,28,473,848,24.8,73.54033,119352,68.89034117568201
2025-07-09 03:00:00,116831,29528,56927,32401,1791,2927,29,1641,896,25.35,71.16918,126140,68.53892500396384
2025-07-09 02:00:00,123848,29608,61244,32309,2051,3003,31,3622,974,26.0,65.96984,132842,68.39102091206094
2025-07-09 01:00:00,128655,29289,65062,32241,2433,2886,467,5232,900,27.2,60.894646,138510,68.11854739729984
2025-07-09 00:00:00,134164,28474,66669,32199,2608,3033,2827,5901,1275,28.1,56.34756,142986,66.54008084707593
2025-07-08 23:00:00,138452,27786,66613,32184,3326,3005,6256,5625,1214,28.7,48.89051,146009,64.6528638645563
2025-07-08 22:00:00,142209,28185,67273,32153,3644,3060,8140,5743,894,29.15,47.935665,149092,64.02623883239879
2025-07-08 21:00:00,143899,28448,67700,32127,3277,3108,9343,5294,1161,29.45,47.261677,150458,63.903547833947016
2025-07-08 20:00:00,143670,28297,66779,32125,2908,3120,9888,5208,1380,29.35,48.14061,149705,63.508900838315355
2025-07-08 19:00:00,142491,27914,66321,32136,2464,3060,10386,4234,1377,29.1,51.528713,147892,63.71879479620264
2025-07-08 18:00:00,139324,27471,64760,32195,1868,3044,10929,2752,1173,28.55,55.063698,144192,63.964020195295156
2025-07-08 17:00:00,134344,26930,61001,32221,1686,2946,10999,2048,947,27.5,60.584274,138778,63.360907348426984
2025-07-08 16:00:00,128694,26222,57428,32225,1798,2765,10845,1203,924,25.95,69.752396,133410,62.70144666816581
2025-07-08 15:00:00,123265,25634,54482,32236,1059,2144,10320,527,927,25.0,76.58908,127329,62.920465879728894
2025-07-08 14:00:00,118503,25668,52002,32250,385,2045,8827,680,1125,23.3,88.001396,122982,63.15558374396253
2025-07-08 13:00:00,113673,25278,49685,32260,388,1935,5980,683,1574,22.55,92.090324,117783,63.64500819303295
2025-07-08 12:00:00,107992,24732,48095,32263,318,1725,2416,688,2087,21.75,90.35368,112324,64.83654428261102
2025-07-08 11:00:00,102101,23295,46098,32265,229,1679,256,683,1949,20.8,96.06963,106454,65.18590189189698
2025-07-08 10:00:00,98040,22290,44840,32267,231,1706,30,612,1711,20.8,96.9644,103687,64.74292823594085
2025-07-08 09:00:00,96153,21987,43723,32309,230,1722,30,609,1764,21.35,96.08568,102374,64.18621915720789
2025-07-08 08:00:00,96673,22752,43572,32307,229,1737,30,606,1783,21.45,96.9791,103016,64.38223188630893
2025-07-08 07:00:00,99083,23991,45353,32306,231,1698,34,603,1697,21.9,95.80734,105913,65.47260487381152
2025-07-08 06:00:00,102384,25624,46365,32335,230,1782,35,593,1513,22.3,94.94415,108477,66.3633765683048
2025-07-08 05:00:00,107133,27190,48886,32378,255,2007,35,522,1392,22.65,94.37875,112665,67.52407579993786
2025-07-08 04:00:00,112371,27628,53259,32451,1427,2129,35,461,1201,23.35,91.57558,118591,68.20669359394896
2025-07-08 03:00:00,118661,27947,57835,32483,1876,2266,35,1267,1043,23.7,90.487686,124752,68.76202385532896
2025-07-08 02:00:00,125793,28508,62861,32497,2035,2841,52,3214,1102,24.6,87.311165,133110,68.64172488918939
2025-07-08 01:00:00,130489,28170,64587,32513,2035,2800,472,5072,955,24.8,85.7506,136604,67.90211121197036
2025-07-08 00:00:00,135034,27553,64570,32499,2053,2924,2422,6043,805,26.7,74.31412,138869,66.33805961013617
2025-07-07 23:00:00,138373,27689,64947,32482,2059,3122,4876,5779,977,27.2,73.49566,141931,65.26833461329801
2025-07-07 22:00:00,140277,28432,65374,32441,2043,3129,6263,5657,986,27.35,73.297485,144325,64.99636237658063
2025-07-07 21:00:00,140440,28538,64237,32448,2018,3094,8234,5265,771,27.95,68.85438,144605,64.15753258877632
2025-07-07 20:00:00,139738,28390,62914,32479,2005,3097,8651,5029,839,27.45,72.42677,143404,63.66907478173551
2025-07-07 19:00:00,138515,28400,61860,32479,1986,3095,8872,3960,930,26.75,73.195175,141582,63.75104179909875
2025-07-07 18:00:00,135889,28056,60418,32511,1922,2917,8672,3030,883,27.9,68.21595,138409,63.92214379122745
2025-07-07 17:00:00,131573,27593,58171,32541,1931,2436,8577,1824,833,30.8,58.053585,133906,64.0479142084746
2025-07-07 16:00:00,126953,27355,55278,32558,1865,2072,8285,1104,727,29.95,64.97746,129244,63.935656587539846
2025-07-07 15:00:00,122123,27002,53276,32562,1197,1966,7512,608,873,28.85,69.86891,124996,64.22445518256585
2025-07-07 14:00:00,117422,27034,51583,32572,236,2257,6235,825,870,27.9,71.62891,121612,64.64575864223924
2025-07-07 13:00:00,112895,26070,49849,32590,219,2201,4291,821,962,25.85,80.804565,117003,64.88637043494612
2025-07-07 12:00:00,108074,25210,47802,32617,219,2132,1941,810,1133,23.55,85.6262,111864,65.26854037044984
2025-07-07 11:00:00,102364,23278,45838,32625,220,1957,174,747,1250,22.5,89.574776,106089,65.14907294818502
2025-07-07 10:00:00,98518,22013,44292,32619,222,1812,22,617,1158,22.3,91.23047,102755,64.52727361198968
2025-07-07 09:00:00,96239,21713,43531,32615,221,1797,22,602,1122,22.75,90.42276,101623,64.20200151540497
2025-07-07 08:00:00,96222,22202,43496,32594,216,1823,22,579,985,23.3,88.27169,101917,64.46225850446933
2025-07-07 07:00:00,98596,23646,44818,32583,214,1860,22,571,880,23.85,86.447014,104594,65.45690957416296
2025-07-07 06:00:00,102125,25195,45820,32562,213,1840,22,566,1177,24.55,84.94486,107395,66.12505237674007
2025-07-07 05:00:00,105531,26432,47851,32532,246,1879,22,598,1709,25.25,84.75966,111269,66.75983427549453
2025-07-07 04:00:00,109793,27393,50351,32515,1183,1971,22,974,2283,25.4,85.80978,116692,66.62324752339492
2025-07-07 03:00:00,116777,28065,53983,32500,1498,2272,22,2694,2616,25.6,84.28394,123650,66.35503437120906
2025-07-07 02:00:00,123238,28797,58652,32484,1945,2607,76,3824,2114,26.1,81.823814,130499,67.01124146545185
2025-07-07 01:00:00,126780,28535,60297,32458,1991,2824,624,4813,1840,26.7,77.78841,133382,66.59969111274386
2025-07-07 00:00:00,131702,28457,60383,32431,1938,2986,3094,5488,2231,28.9,67.583275,137008,64.8429288800654
2025-07-06 23:00:00,134479,28094,60298,32418,1845,3040,5228,5525,2779,29.8,62.807735,139227,63.48768557822836
2025-07-06 22:00:00,135319,27949,59878,32409,1798,3023,6995,5237,2988,30.05,60.23225,140277,62.609693677509505
2025-07-06 21:00:00,134158,27522,58457,32410,1726,2996,7752,4909,3198,29.65,60.326073,138970,61.86874865078794
2025-07-06 20:00:00,131184,27502,57248,32413,1705,2615,8599,3459,2904,31.15,50.934956,136445,62.11293927956319
2025-07-06 19:00:00,127481,26525,55998,32424,1658,2425,8929,2603,2794,31.65,51.37905,133356,61.881730105882006
2025-07-06 18:00:00,123372,24974,53398,32462,1687,1940,9703,1760,2613,31.4,52.59858,128537,60.97232703423917
2025-07-06 17:00:00,118458,23767,50578,32481,1240,1777,9964,1371,2359,30.9,52.310577,123537,60.180350826068306
2025-07-06 16:00:00,112621,21709,47658,32497,236,1726,10302,1258,2029,30.5,56.57649,117415,59.07848230634928
2025-07-06 15:00:00,106812,20141,45047,32504,215,1678,9912,598,1795,29.0,64.38422,111890,58.26079184913755
2025-07-06 14:00:00,101416,18760,43054,32546,217,1556,8498,650,1942,26.85,70.56929,107223,57.649944508174556
2025-07-06 13:00:00,93993,17727,38314,32570,219,1377,6629,606,2212,24.6,76.29126,99654,56.23557508981074
2025-07-06 12:00:00,87796,17477,35609,32581,221,1418,2958,579,3024,22.5,79.36791,93867,56.554486667305866
2025-07-06 11:00:00,84308,17280,34610,32598,226,1382,284,536,3734,21.1,83.00218,90650,57.242140099282956
2025-07-06 10:00:00,85417,17216,35998,32585,229,1422,22,444,4406,20.8,83.490585,92322,57.639565867290564
2025-07-06 09:00:00,86898,17527,37737,32567,226,1453,22,434,4388,21.25,81.214195,94354,58.57091379273799
2025-07-06 08:00:00,89024,18585,38841,32561,222,1490,22,492,4251,21.75,79.762825,96464,59.53101675236358
2025-07-06 07:00:00,92130,19914,40474,32543,221,1521,22,483,4130,22.45,78.37393,99308,60.80879687437064
2025-07-06 06:00:00,96191,21056,42322,32509,220,1610,22,585,4064,23.2,76.07204,102388,61.89983201156386
2025-07-06 05:00:00,100409,22729,44331,32493,219,1634,22,561,4103,23.6,76.13496,106092,63.209290050145164
2025-07-06 04:00:00,106111,24021,48261,32482,681,1838,22,757,3949,24.35,73.92197,112011,64.53116211800626
2025-07-06 03:00:00,112131,25216,51851,32450,1534,2005,45,1732,3217,25.2,72.47804,118050,65.2833545108005
2025-07-06 02:00:00,118144,25785,54931,32418,1543,2280,69,3692,2702,26.15,69.79015,123420,65.39944903581268
2025-07-06 01:00:00,123090,26338,57678,32402,1638,2694,829,4936,2581,27.45,62.87504,129096,65.08025035632397
2025-07-06 00:00:00,128891,26019,57732,32383,1648,2900,4154,5358,3105,30.15,51.314873,133299,62.829428577858806
2025-07-05 23:00:00,131868,25902,56603,32359,1635,2847,7909,4878,3755,31.2,41.812386,135888,60.71544212881196
2025-07-05 22:00:00,132356,25870,55710,32365,1597,2730,9676,5060,3835,31.6,41.001854,136843,59.615764050773514
2025-07-05 21:00:00,130298,25180,55012,32385,1621,2502,10398,5077,3522,31.75,40.912994,135697,59.096369116487466
2025-07-05 20:00:00,126994,24204,52681,32396,1475,2265,10954,4879,3279,31.6,41.78911,132133,58.187583722461454
2025-07-05 19:00:00,123259,23813,50512,32422,1278,2090,11265,4051,3204,31.4,43.486412,128635,57.77976444979982
2025-07-05 18:00:00,119483,23307,49546,32441,1293,1684,11389,1731,3296,31.1,44.796963,124687,58.428705478518204
2025-07-05 17:00:00,114806,21280,47371,32442,1098,1594,11685,1323,3247,30.65,47.282314,120040,57.19010329890036
2025-07-05 16:00:00,109374,19734,45122,32466,535,1592,11908,767,2453,30.0,53.064587,114577,56.60472869773165
2025-07-05 15:00:00,102755,17225,41689,32493,219,1573,11615,843,1449,28.65,61.79098,107106,55.00532183070976
2025-07-05 14:00:00,95266,16173,36108,32557,219,1362,10716,802,1072,26.9,71.23114,99009,52.804290519043725
2025-07-05 13:00:00,88869,16053,31370,32590,221,1353,8275,665,1740,24.8,80.91617,92267,51.39757443072821
2025-07-05 12:00:00,83528,16024,30933,32601,222,1349,3529,614,2313,22.75,79.15531,87585,53.613061597305474
2025-07-05 11:00:00,81347,16155,32025,32608,224,1350,340,572,2247,21.7,82.55463,85521,56.337040025256954
2025-07-05 10:00:00,81883,16083,33459,32603,225,1358,22,632,2256,21.1,82.22335,86638,57.182760451533966
2025-07-05 09:00:00,82619,16281,34787,32594,227,1362,22,621,2148,21.2,82.49432,88042,58.00413439040458
2025-07-05 08:00:00,84327,16713,36314,32579,228,1378,22,618,1878,21.4,82.51848,89730,59.09617742115234
2025-07-05 07:00:00,86688,17432,37829,32562,224,1389,22,622,1598,22.25,79.08502,91678,60.2772748096599
2025-07-05 06:00:00,90645,18554,40853,32551,224,1515,22,648,1279,23.6,74.026184,95646,62.111327185663804
2025-07-05 05:00:00,94539,20332,42836,32540,225,1591,22,736,1079,23.9,73.84596,99361,63.57423938970018
2025-07-05 04:00:00,98978,21945,45596,32526,851,1573,22,935,1016,24.55,73.9557,104464,64.65480931229898
2025-07-05 03:00:00,103962,22835,48034,32518,900,1568,22,2097,982,24.8,74.68851,108956,65.04368736003524
2025-07-05 02:00:00,109235,23959,50535,32500,1031,1705,58,3498,855,25.55,73.6677,114141,65.26489166907596
2025-07-05 01:00:00,115168,24754,52523,32494,1257,1849,862,4501,588,27.05,66.80213,118828,65.03265223684653
2025-07-05 00:00:00,121176,24696,53976,32470,1230,1918,4109,5059,681,29.45,53.758213,124139,63.37412094506965
2025-07-04 23:00:00,124456,24097,53550,32461,1255,1791,7853,5210,755,31.15,41.533966,126972,61.152852597423056
2025-07-04 22:00:00,125102,23562,52997,32465,1307,1635,9876,5004,524,31.95,36.642876,127370,60.10756065007459
2025-07-04 21:00:00,123023,22767,51777,32488,884,1524,10757,4882,497,32.25,35.338253,125576,59.361661463974
2025-07-04 20:00:00,119624,21800,49887,32498,327,1403,10979,4698,497,32.2,36.47737,122089,58.717001531669524
2025-07-04 19:00:00,116323,21493,48540,32524,249,1394,11360,3176,491,31.7,38.49851,119227,58.73921175572647
2025-07-04 18:00:00,112193,20143,47264,32558,217,1415,11668,1670,424,31.05,41.5066,115359,58.432371986581025
2025-07-04 17:00:00,107427,18437,44827,32580,217,1408,11670,1257,373,30.4,45.319588,110769,57.113452319692335
2025-07-04 16:00:00,103291,17409,42526,32597,220,1408,11671,1161,321,29.6,50.69492,107313,55.85064251302265
2025-07-04 15:00:00,98708,16513,39718,32616,224,1370,11321,817,376,28.25,62.468876,102955,54.61706570831917
2025-07-04 14:00:00,94953,16254,37640,32628,222,1165,10419,829,539,26.5,71.37776,99696,54.05833734553042
2025-07-04 13:00:00,89934,16300,33446,32639,223,1006,8242,815,1021,24.45,79.636665,93692,53.09524826025701
2025-07-04 12:00:00,85400,16514,32946,32646,224,1019,3607,809,1397,21.85,88.97361,89162,55.47206208923083
2025-07-04 11:00:00,83252,16502,34489,32637,225,1041,353,809,1386,20.45,90.54515,87442,58.31408247752796
2025-07-04 10:00:00,83556,16474,35990,32631,226,1043,22,776,1154,20.0,90.51424,88316,59.404864350740525
2025-07-04 09:00:00,84927,17104,36817,32656,228,1038,22,757,1075,20.65,87.22562,89697,60.11460806938916
2025-07-04 08:00:00,86754,18139,37888,32648,226,1037,22,870,1033,21.15,85.116035,91863,60.98973471364968
2025-07-04 07:00:00,90100,19244,40257,32634,222,1128,22,879,1020,21.6,83.32113,95406,62.36609856822422
2025-07-04 06:00:00,94785,20930,42575,32626,222,1352,22,976,1048,22.15,80.57045,99751,63.66352217020381
2025-07-04 05:00:00,99443,22732,45711,32614,206,1674,22,999,1015,22.75,78.41734,104973,65.20057538605165
2025-07-04 04:00:00,104359,24065,49007,32579,919,1752,22,1135,1048,23.5,76.11925,110527,66.11235263781701
2025-07-04 03:00:00,111602,25428,53126,32562,1142,2048,22,2527,1044,24.3,74.1438,117899,66.62821567612957
2025-07-04 02:00:00,118980,26116,56856,32503,1225,2543,40,4564,1089,25.4,68.147125,124936,66.41160274060319
2025-07-04 01:00:00,125317,26826,60006,32485,1466,2664,738,5398,1022,26.6,63.67352,130605,66.4844378086597
2025-07-04 00:00:00,132129,26458,62437,32467,1558,2888,3913,5484,1239,27.25,60.52723,136444,65.15127085104511
2025-07-03 23:00:00,137155,25960,63056,32474,1472,3092,7508,5547,1168,28.5,49.775913,140277,63.45730233751791
2025-07-03 22:00:00,139569,25865,62544,32459,1438,3049,9456,5571,1154,29.15,44.6959,141536,62.46396676463939
2025-07-03 21:00:00,138768,25381,61559,32468,1376,3168,10490,5395,1059,29.6,42.178112,140896,61.705087440381554
2025-07-03 20:00:00,136509,24807,61291,32469,1392,3146,10695,4906,839,29.9,41.589123,139545,61.69909348238919
2025-07-03 19:00:00,133583,24119,60368,32487,1348,2544,10729,4510,730,29.7,43.577118,136835,61.74370592319216
2025-07-03 18:00:00,130352,23349,58857,32520,1282,2384,10809,3078,657,28.9,48.480396,132936,61.838779563098036
2025-07-03 17:00:00,125921,22897,56388,32549,1282,2329,11161,1897,600,28.45,51.19983,129103,61.412205758193075
2025-07-03 16:00:00,121551,21840,53116,32563,1223,2174,11698,1183,487,27.9,52.202232,124284,60.31025715297223
2025-07-03 15:00:00,118035,21280,51187,32585,1016,2025,11444,1002,395,27.4,65.24317,120934,59.92276779069575
2025-07-03 14:00:00,111751,19905,47978,32610,393,1877,10574,1104,288,25.4,73.41523,114729,59.168126628838394
2025-07-03 13:00:00,105264,19176,45690,32624,220,1784,7652,1078,394,23.3,79.478775,108618,59.71938352759211
2025-07-03 12:00:00,99016,18756,44545,32647,217,1745,2963,1033,699,21.3,83.54787,102605,61.693874567516204
2025-07-03 11:00:00,93367,18113,42668,32662,219,1751,275,1021,859,20.0,85.53358,97568,62.29603968514267
2025-07-03 10:00:00,90359,17481,40939,32663,221,1766,32,1021,922,19.25,87.6506,95045,61.46562154768793
2025-07-03 09:00:00,89289,17335,40496,32662,222,1833,32,974,1210,19.75,86.050156,94764,61.02633911612004
2025-07-03 08:00:00,90274,17961,41285,32642,220,2108,32,969,1560,19.95,83.65697,96777,61.219091313018595
2025-07-03 07:00:00,92965,19103,42757,32632,217,2382,32,968,1578,20.5,80.861046,99669,62.065436595129874
2025-07-03 06:00:00,96471,20545,44254,32631,215,2446,32,1049,1486,20.95,78.15493,102658,63.12123750706229
2025-07-03 05:00:00,100461,22114,46512,32622,237,2446,29,1072,1415,21.35,76.01846,106447,64.46964216934249
2025-07-03 04:00:00,106278,23968,51481,32591,684,2440,32,1341,1312,21.95,73.5128,113849,66.27111349243296
2025-07-03 03:00:00,114127,24528,57002,32567,729,2638,32,2926,1277,22.35,72.88748,121699,66.99315524367498
2025-07-03 02:00:00,121425,24673,61192,32537,858,3158,49,4956,1255,23.2,72.3507,128678,66.72857831175493
2025-07-03 01:00:00,126720,25067,63927,32518,1223,3227,828,5810,1060,24.35,71.430984,133660,66.58237318569505
2025-07-03 00:00:00,132113,25006,64859,32511,1137,3210,3769,6112,1045,26.35,61.85398,137649,65.28561776692892
2025-07-02 23:00:00,134993,24747,63900,32510,1108,3214,7039,6228,970,27.55,52.444084,139716,63.44799450313493
2025-07-02 22:00:00,135348,24260,63059,32513,1155,3145,8085,6139,967,28.5,47.308838,139323,62.6737868119406
2025-07-02 21:00:00,133138,23688,61809,32522,1112,2988,8277,5697,857,28.75,47.225044,136950,62.42935377875137
2025-07-02 20:00:00,129737,23025,59328,32543,1045,2940,8413,5264,880,28.8,46.196857,133438,61.716302702378634
2025-07-02 19:00:00,126225,22771,57495,32555,801,2392,8454,3975,768,28.65,47.802948,129211,62.120098134059795
2025-07-02 18:00:00,122671,22714,56409,32569,716,2354,8417,2121,391,28.3,50.358078,125691,62.95041013278596
2025-07-02 17:00:00,118082,21886,54080,32592,683,2238,8153,1546,106,27.7,54.337646,121284,62.63480755911745
2025-07-02 16:00:00,114695,21138,52493,32603,741,2087,8013,1257,89,26.9,57.306156,118421,62.17731652325179
2025-07-02 15:00:00,111819,20132,50302,32598,668,2006,7827,1642,124,25.85,68.66066,115299,61.08812739052377
2025-07-02 14:00:00,108037,19464,48136,32634,393,2068,7067,1639,300,24.05,76.205505,111701,60.51870618884343
2025-07-02 13:00:00,104016,18878,46632,32654,396,1969,5255,752,603,22.15,81.07583,107139,61.144867881910415
2025-07-02 12:00:00,99409,18748,45770,32663,280,1873,2198,730,723,20.25,83.69115,102985,62.64795844054959
2025-07-02 11:00:00,95123,18111,44923,32640,227,1775,184,801,772,19.05,84.89455,99433,63.39344080938923
2025-07-02 10:00:00,92064,17382,43331,32631,229,1731,17,805,735,18.9,84.33946,96861,62.68054222029507
2025-07-02 09:00:00,90182,17312,42131,32628,228,1718,17,762,716,19.35,82.7943,95512,62.23615880727029
2025-07-02 08:00:00,90472,17916,42157,32615,225,1645,17,846,660,19.9,81.81528,96081,62.52328764271813
2025-07-02 07:00:00,91953,19077,43249,32609,225,1713,17,1100,755,20.55,82.15574,98745,63.11813256367411
2025-07-02 06:00:00,95513,20775,44929,32601,224,1763,17,1151,980,21.3,84.865906,102440,64.1390081999219
2025-07-02 05:00:00,99936,21873,47298,32581,266,1901,17,1191,1126,21.55,90.90105,106253,65.10027952151938
2025-07-02 04:00:00,104341,22631,49956,32563,1481,1941,17,1286,1163,21.75,91.76059,111038,65.37131432482573
2025-07-02 03:00:00,111137,27247,58717,32440,2077,2856,42,1492,2109,22.3,90.39177,126980,67.69885021263191
2025-07-02 02:00:00,117714,23968,60911,32498,2256,3156,950,5105,1149,22.7,88.76668,129993,65.29505434908035
2025-07-02 01:00:00,122557,23968,60911,32498,2256,3156,950,5105,1149,23.75,82.289955,129993,65.29505434908035
2025-07-02 00:00:00,126965,23314,61985,32476,2119,3186,3326,5625,1388,23.85,81.796394,133419,63.933172936388374
2025-07-01 23:00:00,130568,23632,61405,32448,1945,3045,6354,5988,1666,24.1,80.32893,136483,62.30592821083945
2025-07-01 22:00:00,133496,24017,61765,32437,2090,2953,7623,6257,1898,26.25,70.458435,139040,61.695914844649025
2025-07-01 21:00:00,134389,23286,62996,32449,2000,2829,8614,5572,2470,25.9,70.61154,140216,61.53506019284533
2025-07-01 20:00:00,135200,23286,62996,32449,2000,2829,8614,5572,2470,25.05,69.798874,140216,61.53506019284533
2025-07-01 19:00:00,134788,22870,61703,32457,1893,2611,8874,5562,2350,24.15,72.29272,138320,61.14300173510699
2025-07-01 18:00:00,133455,24022,61658,32475,1891,2348,8521,3089,2034,24.4,73.01618,136038,62.98240197591849
2025-07-01 17:00:00,129542,24006,59846,32471,1894,2362,8127,1717,1488,24.25,80.101654,131911,63.56710206123826
2025-07-01 16:00:00,125650,23756,57425,32499,1486,2346,7587,1375,974,24.2,83.61769,127448,63.697351076517485
2025-07-01 15:00:00,121740,23549,55639,32493,774,2206,7329,972,965,23.85,85.393974,123927,63.898908228231136
2025-07-01 14:00:00,118093,24224,53100,32507,341,2132,6265,821,1098,23.6,89.38289,120488,64.17568554544852
2025-07-01 13:00:00,113365,23831,50341,32522,214,2168,4623,778,1597,22.75,93.23619,116074,63.90061512483416
2025-07-01 12:00:00,108396,22566,48911,32515,214,2029,2130,781,2243,21.5,90.89774,111389,64.16881379669447
2025-07-01 11:00:00,103236,21417,47446,32504,217,1886,244,802,2539,22.25,96.40599,107055,64.32487973471581
2025-07-01 10:00:00,99739,20562,45483,32509,218,1754,17,799,2855,21.85,96.39533,104197,63.38474236302388
2025-07-01 09:00:00,97890,20185,44414,32506,218,1726,17,777,3021,21.9,95.80734,102864,62.80039664022399
2025-07-01 08:00:00,98434,21050,44969,32496,216,1729,17,704,2754,22.1,94.93667,103935,63.51950738442296
2025-07-01 07:00:00,100741,22309,45632,32489,215,1907,17,621,2983,22.3,93.50043,106173,63.990845130117826
2025-07-01 06:00:00,104470,24170,46871,32476,213,2041,17,546,3033,22.4,92.93349,109367,64.95652253421964
2025-07-01 05:00:00,108731,26001,50010,32476,277,2126,17,605,2544,22.55,92.94119,114056,66.64357859297188
2025-07-01 04:00:00,113682,26469,53934,32469,1486,2198,17,852,2139,22.9,92.3925,119564,67.24683014954334
2025-07-01 03:00:00,119906,27247,58717,32440,2077,2856,42,1492,2109,23.55,91.58773,126980,67.69885021263191
2025-07-01 02:00:00,127216,27386,63996,32413,2282,2887,67,3629,1997,24.2,88.07733,134657,67.86279213111833
2025-07-01 01:00:00,131807,27373,65831,32404,2721,2864,541,5782,1524,24.65,85.21473,139040,67.03394706559264
2025-07-01 00:00:00,136132,27318,65972,32375,2701,2898,2434,6261,1734,26.35,80.62415,141693,65.83952629981721
2025-06-30 23:00:00,139442,27031,66191,32380,2587,2957,4992,5993,1745,27.35,75.78936,143876,64.79329422558314
2025-06-30 22:00:00,142048,26920,66996,32380,2311,3000,6024,6136,1974,27.65,75.83635,145741,64.44034279989846
2025-06-30 21:00:00,142918,27235,67188,32360,2188,2865,6784,5743,1928,25.6,84.28394,146291,64.54464047685778
2025-06-30 20:00:00,142515,27459,66213,32347,2210,2805,7952,5181,2229,25.0,80.94191,146396,63.98535479111451
2025-06-30 19:00:00,141773,26703,65331,32333,2146,2702,9069,4548,1913,28.5,68.75009,144745,63.58354347300425
2025-06-30 18:00:00,138768,27366,64398,32350,2253,2087,8715,3308,1504,27.55,72.444244,141981,64.63118304561878
2025-06-30 17:00:00,133821,27419,61724,32364,1984,1984,8411,2362,1093,26.75,77.7957,137341,64.90632804479361
2025-06-30 16:00:00,127915,26741,58521,32401,1625,2014,8567,1337,832,25.8,83.290054,132038,64.57383480513185
2025-06-30 15:00:00,121821,25729,55324,32435,768,1857,8305,895,580,24.8,84.712296,125893,64.38245176459374
2025-06-30 14:00:00,115309,24789,51865,32464,220,1651,7389,865,375,24.25,86.74916,119618,64.08232874650972
2025-06-30 13:00:00,109843,23772,49809,32452,216,1522,5478,852,348,23.5,90.198296,114449,64.29151849295319
2025-06-30 12:00:00,105076,23611,48105,32439,216,1301,2253,827,533,23.3,92.69663,109285,65.62291256805601
2025-06-30 11:00:00,100644,22273,46704,32393,219,1320,266,756,829,22.85,91.54515,104760,65.84287896143566
2025-06-30 10:00:00,97019,20857,44926,32364,222,1326,7,757,822,22.9,92.959114,101281,64.95097797217642
2025-06-30 09:00:00,95057,20525,43445,32331,227,1319,7,715,916,22.8,92.38699,99485,64.30115092727546
2025-06-30 08:00:00,95293,21024,43573,32288,224,1322,7,643,885,23.1,90.170204,99966,64.61897044995298
2025-06-30 07:00:00,97744,22437,45187,32247,220,1332,7,594,789,23.0,90.43991,102813,65.77378347096185
2025-06-30 06:00:00,101864,24731,47220,32212,219,1361,7,629,635,22.8,92.95402,107014,67.23512811407853
2025-06-30 05:00:00,105939,25550,50343,32161,326,1549,7,645,680,23.05,92.683395,111261,68.21168244038792
2025-06-30 04:00:00,111266,26900,54120,32111,1367,1695,7,841,829,23.4,91.858345,117870,68.73674387036566
2025-06-30 03:00:00,118665,27711,59848,32096,1737,2199,7,1754,868,23.7,90.76386,126220,69.37014736174932
2025-06-30 02:00:00,125461,28023,63759,32245,2222,2294,12,3877,789,24.2,87.809326,133221,68.89454365302767
2025-06-30 01:00:00,130078,28397,64839,32361,2281,2286,432,5540,974,24.65,84.180984,137110,68.00087520968565
2025-06-30 00:00:00,135168,28649,66579,32341,2264,2303,2244,5851,919,27.7,72.91247,141150,67.46581650726178
2025-06-29 23:00:00,138167,28404,65430,32312,2316,2307,4413,5946,1057,28.15,70.16417,142185,65.99430319653972
2025-06-29 22:00:00,139587,27768,65805,32309,1986,2288,5817,6235,1436,28.05,70.145615,143644,65.14229623235221
2025-06-29 21:00:00,138057,26572,63893,32319,1846,2257,8004,5993,1178,27.75,69.66294,142062,63.679942560290584
2025-06-29 20:00:00,135362,25896,62281,32350,1827,2197,9548,3874,970,30.0,63.814625,138943,63.46271492626473
2025-06-29 19:00:00,132168,25937,60157,32355,1786,2168,9527,2613,708,29.5,65.27978,135251,63.65498221824608
2025-06-29 18:00:00,127897,25344,56827,32409,1769,1762,10261,1966,511,28.5,68.12467,130849,62.79834007137999
2025-06-29 17:00:00,122518,23899,53980,32460,1417,1632,10415,1726,358,28.1,69.72868,125887,61.86421155480709
2025-06-29 16:00:00,116141,22124,50689,32489,614,1509,10275,1742,192,27.75,69.026855,119634,60.86313255429059
2025-06-29 15:00:00,109070,20422,46957,32526,276,1463,9479,1199,165,26.1,74.67148,112487,59.899366148977215
2025-06-29 14:00:00,103053,19363,44628,32553,223,1076,8254,994,198,23.7,83.56126,107289,59.64357949090774
2025-06-29 13:00:00,97744,18268,42563,32566,222,995,6316,984,242,21.35,93.744194,102156,59.54716316222248
2025-06-29 12:00:00,91331,17641,41092,32574,223,993,2844,943,427,22.45,94.3705,96737,60.71410111953027
2025-06-29 11:00:00,87533,17362,40269,32578,225,971,314,956,744,21.75,97.28361,93419,61.690876588274335
2025-06-29 10:00:00,87673,17421,40643,32570,227,967,7,959,936,21.0,98.17156,93730,61.9481489384402
2025-06-29 09:00:00,88628,17920,40832,32554,225,983,7,1071,994,21.25,97.27348,94586,62.1149007252659
2025-06-29 08:00:00,90494,18572,42365,32536,224,1099,7,1103,1156,21.75,96.68886,97062,62.78152108961282
2025-06-29 07:00:00,92667,19654,43263,32489,220,1315,7,1126,1205,21.9,96.989204,99279,63.37392600650692
2025-06-29 06:00:00,95015,20605,44150,32431,216,1318,7,925,1116,22.4,96.70481,100768,64.26147189583995
2025-06-29 05:00:00,99746,21857,46404,32404,226,1370,7,1049,1006,22.85,96.1289,104323,65.43235911543955
2025-06-29 04:00:00,105960,24311,50726,32357,672,1563,8,943,619,23.25,94.97926,111199,67.47992338060594
2025-06-29 03:00:00,112205,25682,53504,32307,1665,1691,10,1575,527,23.7,92.43638,116961,67.7029095168475
2025-06-29 02:00:00,117689,25653,57159,32255,1724,1691,30,3712,468,23.75,91.043976,122692,67.49584324976364
2025-06-29 01:00:00,121807,25335,58596,32202,1786,1691,620,5489,447,23.95,88.056305,126166,66.5242616869838
2025-06-29 00:00:00,126106,25386,58907,32166,1730,1684,2354,5649,526,25.1,82.452194,128402,65.64773134374853
2025-06-28 23:00:00,129567,26150,59481,32141,1644,1691,4255,5643,482,24.75,83.42427,131487,65.12506939849567
2025-06-28 22:00:00,130635,26010,59117,32103,1564,1681,6295,5381,547,25.05,82.44626,132698,64.15092917753094
2025-06-28 21:00:00,128848,25543,57460,32056,1493,1627,7529,5208,586,26.3,75.855484,131502,63.119192103542154
2025-06-28 20:00:00,125399,24834,55325,32003,1508,1604,9050,3165,675,30.8,59.48922,128164,62.544084142192816
2025-06-28 19:00:00,120793,24016,53433,32054,1520,1574,10194,1563,761,30.7,61.305176,125115,61.90224993006434
2025-06-28 18:00:00,116937,22736,51775,32053,1341,1518,10655,1306,565,30.6,62.790325,121949,61.10013202240281
2025-06-28 17:00:00,112357,21335,49030,32082,743,1449,10650,1387,564,29.85,65.15415,117240,60.017911975435
2025-06-28 16:00:00,107517,20187,47102,32158,252,1404,9945,1253,563,28.85,67.163216,112864,59.619542103770904
2025-06-28 15:00:00,102735,18546,44203,32208,212,1289,8690,999,547,28.0,69.28582,106694,58.81211689504564
2025-06-28 14:00:00,97774,17425,41674,32477,212,1252,7048,1019,552,25.4,79.76579,101659,58.134547851149435
2025-06-28 13:00:00,94028,17272,40347,32600,213,1045,4652,1081,828,23.85,83.0657,98038,58.772108774148805
2025-06-28 12:00:00,89886,17148,38673,32583,214,910,1870,1076,1179,24.15,86.21159,93653,59.6040703447834
2025-06-28 11:00:00,86547,17181,37788,32564,217,902,192,941,1153,22.9,91.54824,90938,60.446677956409864
2025-06-28 10:00:00,86253,17079,38341,32547,217,925,10,907,1203,22.55,92.656784,91229,60.74822698922492
2025-06-28 09:00:00,86317,17117,38488,32526,219,916,10,866,1265,22.6,92.093155,91407,60.832321375824606
2025-06-28 08:00:00,87480,17501,39159,32488,217,916,10,841,1390,22.75,90.70069,92522,61.23948898640323
2025-06-28 07:00:00,89674,18349,40617,32414,214,1062,10,838,1490,22.95,88.78664,94994,62.073394109101635
2025-06-28 06:00:00,92796,19812,41812,32235,214,1329,10,908,1654,23.25,86.12462,97974,62.89831996243902
2025-06-28 05:00:00,95409,21699,43680,32132,213,1318,10,1025,1904,23.6,83.807655,101981,64.10900069620811
2025-06-28 04:00:00,100312,24594,46656,32102,330,1329,10,1251,1989,24.15,80.83219,108261,65.8131737190678
2025-06-28 03:00:00,105683,25647,49347,32322,1071,1334,10,1617,2209,24.75,78.94619,113557,66.04084292469861
2025-06-28 02:00:00,110449,26261,51337,32432,1269,1329,59,3463,2359,25.35,80.00325,118509,65.47857124775334
2025-06-28 01:00:00,113975,26769,52384,32443,1461,1329,500,5419,2316,25.9,79.106804,122621,64.55093336377945
2025-06-28 00:00:00,116900,26547,52489,32449,1557,1323,1700,5249,3222,27.35,80.510635,124536,63.46437977773495
2025-06-27 23:00:00,119622,26599,52873,32456,1374,1325,3243,5223,3795,27.7,77.2317,126888,62.6316121303827
2025-06-27 22:00:00,122089,26447,54132,32457,1563,1341,4220,5705,3984,26.5,77.996056,129849,62.05592649924143
2025-06-27 21:00:00,122398,26015,52273,32472,1439,1328,6339,5273,4236,26.0,77.2127,129375,60.51246376811594
2025-06-27 20:00:00,122595,26307,52469,32497,1476,1310,7015,4092,3906,31.8,58.28733,129072,61.03260195859676
2025-06-27 19:00:00,122190,25745,52843,32500,1531,1304,7435,3412,3865,31.8,58.46447,128635,61.09379251370156
2025-06-27 18:00:00,121290,25669,52195,32505,1562,1292,7659,2791,4019,31.25,63.69462,127692,60.97797826018858
2025-06-27 17:00:00,119939,25739,52747,32532,1328,1294,7930,1749,3495,30.05,72.00869,126814,61.890642988944435
2025-06-27 16:00:00,117730,24989,52033,32551,926,1292,8142,1283,2663,28.2,76.61123,123879,62.175187077712934
2025-06-27 15:00:00,114666,24459,50384,32569,467,1304,7854,1010,2416,25.2,83.984856,120463,62.12945053667931
2025-06-27 14:00:00,111392,24218,48928,32580,252,1321,6523,1028,2324,24.55,84.170105,117174,62.42511137283016
2025-06-27 13:00:00,108027,23684,48448,32596,298,1277,4472,1036,2259,25.8,81.29124,114070,63.2348557903042
2025-06-27 12:00:00,103361,22570,47194,32600,298,1309,1796,1037,2689,24.75,86.53191,109493,63.71548866137561
2025-06-27 11:00:00,98753,21661,45917,32606,300,1314,202,964,2729,23.85,91.32776,105693,63.93800913967812
2025-06-27 10:00:00,96467,20843,44373,32602,297,1322,16,964,2964,23.6,92.99478,103381,63.08315841402192
2025-06-27 09:00:00,94932,20678,42734,32589,293,1319,16,1005,3064,23.55,93.27542,101698,62.3532419516608
2025-06-27 08:00:00,95937,21347,43391,32559,289,1315,16,1031,3221,23.55,92.428215,103169,62.74946931733369
2025-06-27 07:00:00,98410,22491,44186,32559,290,1311,16,1183,3686,23.7,90.76386,105722,63.06823556118878
2025-06-27 06:00:00,102204,23663,45532,32551,290,1314,16,1206,3784,23.8,89.67103,108356,63.85894643582266
2025-06-27 05:00:00,105890,25752,46721,32520,367,1317,15,1188,3973,23.95,89.68201,111853,64.79307662735913
2025-06-27 04:00:00,111967,27914,51017,32497,1082,1474,15,1239,3214,24.5,88.63955,118452,66.63543038530375
2025-06-27 03:00:00,118632,28706,54926,32495,1712,2027,15,1971,2499,25.05,86.56005,124351,67.25478685334255
2025-06-27 02:00:00,125923,28912,59380,32484,2252,2003,50,3679,1970,25.75,81.03797,130730,67.53767306662587
2025-06-27 01:00:00,131228,28825,60879,32443,2726,2037,302,5419,1604,26.4,74.94942,134235,66.82608857600478
2025-06-27 00:00:00,136730,28693,62048,32398,3136,2068,1662,6257,1960,25.8,84.305504,138222,65.64873898511091
2025-06-26 23:00:00,141264,28553,63564,32369,3290,2154,4113,6179,2185,26.1,82.072205,142407,64.68572471858826
2025-06-26 22:00:00,144274,28269,64384,32332,3339,2229,5740,6293,2163,26.6,79.92724,144749,64.00942320845049
2025-06-26 21:00:00,145462,28957,64249,32303,3279,2226,6656,6126,2001,29.55,69.159325,145797,63.92861307159955
2025-06-26 20:00:00,145838,29405,64730,32308,3280,2247,7448,6408,1596,32.0,60.125393,147422,63.85410590006919
2025-06-26 19:00:00,145733,29222,64004,32350,3272,2351,8520,5888,1290,31.8,61.92113,146897,63.4635152521835
2025-06-26 18:00:00,145025,28693,64417,32378,2715,2438,9441,4698,1029,31.25,64.8555,145809,63.85751222489695
2025-06-26 17:00:00,141898,27846,63494,32391,2495,2473,10464,2941,696,30.5,66.88296,142800,63.963585434173666
2025-06-26 16:00:00,137481,27516,61294,32404,2392,2064,11053,1906,637,29.35,71.66978,139266,63.770051556015105
2025-06-26 15:00:00,132268,27341,58564,32439,1664,1991,10810,1192,592,27.55,78.38361,134593,63.82575616859718
2025-06-26 14:00:00,126730,26897,56963,32481,819,1986,9676,1059,603,25.35,86.06523,130484,64.26841605101009
2025-06-26 13:00:00,120484,25839,53531,32501,772,1999,7587,1041,1180,24.35,89.711296,124450,63.77661711530735
2025-06-26 12:00:00,113433,24980,51154,32517,742,1945,3512,1018,2025,24.65,87.84787,117893,64.57889781411959
2025-06-26 11:00:00,106917,23599,49898,32507,666,1873,394,982,2193,23.3,94.40544,112112,65.55676466390752
2025-06-26 10:00:00,103298,22945,48297,32503,611,1780,16,820,2151,22.9,95.256195,109123,65.28596171292943
2025-06-26 09:00:00,102048,23051,46901,32493,588,1790,16,905,2115,23.2,94.40132,107859,64.85504223106092
2025-06-26 08:00:00,103216,23610,47266,32450,665,1885,16,937,2302,23.35,94.69482,109131,64.94579908550274
2025-06-26 07:00:00,105952,24887,48852,32423,752,1969,16,957,2356,23.8,93.287605,112212,65.7140056321962
2025-06-26 06:00:00,110229,26703,51624,32420,775,1981,16,966,2088,24.15,91.623924,116573,67.1913736456984
2025-06-26 05:00:00,115468,27507,54882,32420,871,2227,16,1131,1626,24.4,90.810005,120680,68.27063307921777
2025-06-26 04:00:00,121351,28454,59008,32419,1844,2729,16,1572,1444,24.75,89.198616,127486,68.60518017664685
2025-06-26 03:00:00,128863,29047,64799,32409,2433,2738,16,2365,1026,25.25,85.79498,134833,69.60165538110107
2025-06-26 02:00:00,136160,29134,67262,32374,3730,2725,27,4813,1014,25.65,83.52602,141079,68.32767456531447
2025-06-26 01:00:00,140653,29342,68061,32323,4533,2716,573,5981,1513,26.0,79.36204,145042,67.15503095655052
2025-06-26 00:00:00,145435,29382,68192,32274,5613,2708,2380,6249,1890,29.65,65.31085,148688,65.62331862692349
2025-06-25 23:00:00,148986,29329,69456,32259,5843,2749,4734,6166,1560,30.45,62.18841,152096,64.94911108773405
2025-06-25 22:00:00,151768,29386,70791,32277,5302,2751,6286,6218,1218,30.45,61.81133,154229,64.95341343067776
2025-06-25 21:00:00,151989,29334,70179,32283,5345,2758,7563,5974,1127,30.2,61.007202,154563,64.38345529007589
2025-06-25 20:00:00,152445,29325,69426,32289,5499,2775,8294,5696,1293,29.5,62.35986,154597,63.876401223827116
2025-06-25 19:00:00,153156,28973,69695,32279,5570,2785,9148,5165,999,29.7,63.945133,154614,63.81569586195299
2025-06-25 18:00:00,151594,28502,69541,32295,4901,2788,9640,5067,531,27.7,80.55603,153265,63.96959514566274
2025-06-25 17:00:00,148029,27887,69370,32358,3463,2762,10261,3400,326,31.05,58.8255,149827,64.91286617231874
2025-06-25 16:00:00,143478,27409,65837,32415,3183,2717,10846,1640,258,33.25,52.10075,144305,64.61730362773292
2025-06-25 15:00:00,138713,27170,63097,32455,2500,2589,10781,1228,250,31.95,58.676826,140070,64.44420646819448
2025-06-25 14:00:00,132069,27060,59815,32504,1706,2511,9721,938,256,30.6,65.50657,134511,64.58579595720796
2025-06-25 13:00:00,124676,27732,56638,32529,1347,2029,7039,800,345,28.55,72.617836,128459,65.67854334846139
2025-06-25 12:00:00,117547,27702,53167,32536,853,1836,3126,810,632,26.05,82.31529,120662,67.0211002635461
2025-06-25 11:00:00,110986,26675,51552,32547,740,1755,381,783,663,24.85,86.01677,115096,67.9667408076736
2025-06-25 10:00:00,107709,25640,50251,32549,709,1748,57,669,776,24.2,88.07733,112399,67.51928397939484
2025-06-25 09:00:00,106703,25861,49190,32530,690,1846,57,649,1022,24.7,85.21982,111845,67.1026867539899
2025-06-25 08:00:00,108296,27023,50237,32526,712,1944,57,646,992,25.5,80.268036,114137,67.69058237030936
2025-06-25 07:00:00,111878,28467,52433,32503,810,2088,57,645,662,26.1,78.89393,117665,68.75451493647219
2025-06-25 06:00:00,116862,29450,55797,32486,935,2170,57,713,618,26.5,80.399704,122226,69.7453896879551
2025-06-25 05:00:00,122533,29885,60097,32450,1268,2418,57,807,640,26.75,80.92014,127622,70.50665245804015
2025-06-25 04:00:00,127900,29724,63984,32404,2636,2961,75,1453,595,27.35,79.30681,133832,70.01912845956124
2025-06-25 03:00:00,135516,29688,68405,32325,3836,3232,92,2745,794,28.05,76.81957,141117,69.51182352232544
2025-06-25 02:00:00,143447,29907,70568,32128,5191,3311,225,5192,962,29.1,72.71267,147484,68.12603401046893
2025-06-25 01:00:00,149052,30023,72796,32001,6516,3365,717,6288,1158,30.65,62.42138,152864,67.26174900565208
2025-06-25 00:00:00,154755,30561,74383,31974,6763,3424,3434,6680,855,32.25,52.328323,158074,66.3891595075724
2025-06-24 23:00:00,157708,30833,73651,31955,6653,3507,6827,6316,1025,33.1,48.67054,160767,64.99094963518633
2025-06-24 22:00:00,158646,30820,72899,31972,6426,3497,8871,6077,1222,33.95,46.98196,161784,64.10955347871236
2025-06-24 21:00:00,157937,30788,72116,31994,6049,3539,9880,5727,1259,34.0,48.161716,161352,63.77609202241064
2025-06-24 20:00:00,156919,30333,70648,32014,5869,3521,10452,5462,1135,34.15,48.942406,159434,63.3371802752236
2025-06-24 19:00:00,156546,30473,70882,32032,5722,3460,10652,5345,1046,33.65,51.413517,159612,63.50086459664686
2025-06-24 18:00:00,155328,30666,71048,32028,5369,3252,10813,4345,1280,33.55,51.076065,158801,64.05123393429513
2025-06-24 17:00:00,151589,30175,70200,32046,4346,3042,10748,2485,1163,33.4,50.1111,154205,65.09192308939399
2025-06-24 16:00:00,146950,29569,67893,32108,2908,2806,11045,1596,1070,32.9,50.755238,148995,65.41293331991007
2025-06-24 15:00:00,140571,28806,64252,32139,1726,2668,10927,1399,987,31.75,58.987236,142904,65.11924088898841
2025-06-24 14:00:00,134029,28502,60599,32180,846,2632,9904,1368,1053,29.8,68.37676,137084,64.99737387295382
2025-06-24 13:00:00,127501,28390,56949,32200,817,2491,7804,1394,1586,27.55,77.67721,131631,64.83199246378133
2025-06-24 12:00:00,119055,27743,52790,32169,756,2437,3565,1388,2307,25.2,87.62917,123155,65.39157971661727
2025-06-24 11:00:00,111721,26667,50765,32052,669,2401,402,1306,2540,23.55,92.428215,116802,66.29338538723653
2025-06-24 10:00:00,108473,25887,49907,31940,638,1964,20,897,2531,22.75,94.67145,113784,66.61217745904521
2025-06-24 09:00:00,107746,25886,49698,31815,612,1904,20,671,2558,23.15,93.54055,113164,66.79155915308755
2025-06-24 08:00:00,109634,27049,50149,31635,723,1961,20,680,2856,24.0,88.86982,115073,67.08611055590798
2025-06-24 07:00:00,113657,28662,52788,31548,804,2020,20,725,2987,24.75,85.74564,119554,68.12820984659652
2025-06-24 06:00:00,118553,29623,55841,31595,808,2027,20,855,2818,25.25,84.75966,123587,69.15290443169589
2025-06-24 05:00:00,124044,30157,59615,31572,1048,2217,20,1051,2377,25.7,84.29472,128057,70.1031571878148
2025-06-24 04:00:00,130752,30631,63283,31493,2552,2814,20,1189,2207,26.25,82.33923,134189,69.98636251853728
2025-06-24 03:00:00,139273,31007,67982,31570,3930,2986,31,2611,2316,26.9,79.96731,142433,69.49864146651407
2025-06-24 02:00:00,147753,31001,71040,31580,5083,3242,40,5377,2350,28.15,73.655685,149713,68.15774181266823
2025-06-24 01:00:00,153409,30925,72933,31742,6099,3400,903,6222,2805,29.75,66.12923,155029,66.99262718588135
2025-06-24 00:00:00,158200,30877,72690,32210,5749,3273,4351,6739,4106,31.45,56.803646,159995,64.73139785618301
2025-06-23 23:00:00,160299,31081,71865,32195,5617,3159,7730,6559,4515,32.9,47.14103,162721,63.26534374788749
2025-06-23 22:00:00,160560,31136,70991,32213,5107,3000,9436,6124,4415,33.6,42.73008,162422,62.87756584699117
2025-06-23 21:00:00,158769,30929,70034,32233,4619,2950,10115,5945,3593,33.95,41.254086,160418,62.937450909498935
2025-06-23 20:00:00,157001,30791,69589,32250,3932,2894,10531,5291,3253,33.95,42.163857,158531,63.31884615627228
2025-06-23 19:00:00,155369,30207,69618,32296,3964,2945,10797,4637,2539,33.7,44.105984,157003,63.58158761297554
2025-06-23 18:00:00,153347,29672,69722,32335,2885,2988,11110,3448,2184,33.35,46.824207,154344,64.39770901363188
2025-06-23 17:00:00,149251,29191,66674,32406,2378,2909,11286,2645,2499,32.65,51.949837,149988,63.91511320905673
2025-06-23 16:00:00,143767,28878,62578,32460,2029,2916,11417,1936,3232,31.7,57.735203,145446,62.8796941820332
2025-06-23 15:00:00,137625,28503,58955,32539,1441,2665,11241,1489,3328,30.4,67.267105,140161,62.398242021675074
2025-06-23 14:00:00,130309,27371,55190,32577,615,2382,10484,1245,3029,28.75,75.325775,132893,62.12592085361908
2025-06-23 13:00:00,122677,25793,52443,32663,526,2244,8325,993,3443,26.65,81.64424,126430,61.88088270189037
2025-06-23 12:00:00,114486,23465,49600,32692,408,2121,3753,998,4703,24.6,86.517815,117740,62.05622558179038
2025-06-23 11:00:00,106882,21819,47144,32687,368,1851,404,979,5365,23.0,90.71738,110617,62.3439435168193
2025-06-23 10:00:00,103225,21128,45379,32677,352,1563,15,876,5637,22.4,90.67729,107627,61.793973631152035
2025-06-23 09:00:00,101480,20855,44321,32650,332,1470,15,777,6092,22.95,88.514244,106512,61.19122727955536
2025-06-23 08:00:00,102419,21740,44502,32632,311,1401,15,789,6485,23.5,86.14885,107875,61.406257242178455
2025-06-23 07:00:00,105341,23098,46374,32610,341,1499,15,811,6417,23.75,85.90924,111165,62.494490172266445
2025-06-23 06:00:00,109601,24907,49072,32577,360,1593,15,934,6391,24.45,82.88089,115849,63.858125663579315
2025-06-23 05:00:00,114153,26113,51680,32539,277,1783,15,1150,6550,25.3,79.02322,120107,64.7697469756134
2025-06-23 04:00:00,119845,27369,55605,32503,990,2217,15,1516,6591,26.3,76.55371,126806,65.43381228017601
2025-06-23 03:00:00,127550,28226,60333,32455,1406,2478,15,2968,6040,27.1,76.67574,133921,66.12779175782738
2025-06-23 02:00:00,134563,28568,65618,32393,1659,2649,26,5061,5055,27.95,76.3426,141029,66.78484567003949
2025-06-23 01:00:00,138826,28619,67852,32347,1753,2703,799,5991,4650,29.3,71.877014,144714,66.66321157593599
2025-06-23 00:00:00,142419,28175,66555,32333,1743,2746,4086,6538,5023,30.95,61.17485,147199,64.35505675989647
2025-06-22 23:00:00,143536,27447,65273,32338,1645,2656,7047,6076,5309,32.25,53.79,147791,62.7372438105162
2025-06-22 22:00:00,142360,26926,63213,32340,1599,2348,8816,5706,5321,32.95,50.30337,146269,61.62549822587151
2025-06-22 21:00:00,138845,26141,59601,32383,1445,2189,9976,5745,5124,33.35,49.48851,142604,60.12594317129955
2025-06-22 20:00:00,135169,26095,57231,32452,1268,2107,10273,5229,4631,33.5,49.07421,139286,59.82367215656994
2025-06-22 19:00:00,131620,25745,56055,32542,1246,2115,10675,3297,4018,33.35,49.186058,135693,60.28313914498169
2025-06-22 18:00:00,128349,25161,54514,32619,1262,2098,10832,1863,3449,32.85,52.47886,131798,60.452358912881834
2025-06-22 17:00:00,124160,23405,53449,32670,1270,2102,11000,1503,3380,32.15,55.940434,128779,59.678984927666775
2025-06-22 16:00:00,119137,21261,51068,32695,992,2116,10947,1302,3651,31.2,63.110306,124032,58.31478973168215
2025-06-22 15:00:00,112960,18975,46993,32714,184,1630,10897,1300,4021,29.85,71.11507,116714,56.52106859502716
2025-06-22 14:00:00,106714,17801,41947,32756,91,1495,10422,1308,4369,28.4,75.72495,110189,54.22319832288159
2025-06-22 13:00:00,99390,17353,37058,32791,92,1423,8357,1257,4503,26.65,79.21062,102834,52.911488418227435
2025-06-22 12:00:00,93357,17234,35487,32821,95,1405,3817,1219,5219,24.05,80.07485,97297,54.185637789448805
2025-06-22 11:00:00,90050,16996,36343,32832,97,1435,434,1224,5649,22.65,79.885765,95010,56.14040627302389
2025-06-22 10:00:00,90303,16943,37307,32819,97,1449,14,1186,6290,22.05,79.55422,96105,56.448675927371106
2025-06-22 09:00:00,91537,17112,38062,32813,93,1443,14,1177,7011,22.65,75.27268,97725,56.45842926579688
2025-06-22 08:00:00,93563,17661,40141,32810,90,1469,14,1182,7222,23.1,71.87895,100589,57.46353975086739
2025-06-22 07:00:00,96151,18361,42437,32789,88,1528,14,1203,7306,23.2,73.2657,103726,58.61404083836261
2025-06-22 06:00:00,99666,19690,44248,32784,85,1517,14,1227,7331,23.6,72.421646,106896,59.81327645562041
2025-06-22 05:00:00,104194,22778,46329,32771,84,1572,14,1318,7064,24.15,69.846535,111930,61.74126686321808
2025-06-22 04:00:00,110382,24897,49877,32756,498,1596,14,1390,6620,24.7,68.00876,117648,63.55739154086767
2025-06-22 03:00:00,116975,25766,53241,32725,780,2124,14,2416,6432,25.35,68.35,123498,63.97431537352831
2025-06-22 02:00:00,123159,26132,56121,32718,1106,2101,29,4455,6361,25.95,71.719574,129023,63.75064910907358
2025-06-22 01:00:00,127434,26547,58062,32699,1152,2078,871,5344,6111,27.1,69.32707,132864,63.68090679190751
2025-06-22 00:00:00,132216,26522,58455,32688,1262,1967,4087,5848,6199,28.5,63.493286,137028,62.014332837084396
2025-06-21 23:00:00,134891,26244,57529,32681,1198,1941,7676,5322,6424,29.75,58.163685,139015,60.26184224723951
2025-06-21 22:00:00,135055,25825,55758,32712,895,1948,9807,5492,6389,30.2,55.29711,138826,58.766369412069785
2025-06-21 21:00:00,132823,24983,53658,32736,775,1943,10509,5390,6259,30.45,54.678967,136253,57.71689430691435
2025-06-21 20:00:00,129655,24301,51721,32768,872,1935,10824,3916,6329,30.4,55.005398,132666,57.30330303167352
2025-06-21 19:00:00,126278,23777,49770,32830,859,2253,11170,2315,6217,30.3,55.150978,129191,56.928888235248586
2025-06-21 18:00:00,122703,22487,48183,32869,354,2187,11486,2074,6094,29.85,56.594757,125734,56.205958611036
2025-06-21 17:00:00,118023,20979,46031,32903,83,2050,11707,1687,6021,29.25,59.13161,121461,55.16997225446851
2025-06-21 16:00:00,112305,19512,43051,32937,85,1514,11752,1567,5860,28.15,65.39932,116278,53.804675003010026
2025-06-21 15:00:00,106018,18149,39289,32973,85,1385,11397,1589,5865,26.6,70.090385,110732,51.871184481450705
2025-06-21 14:00:00,99273,17636,33798,33001,85,1267,10488,1582,5750,24.5,76.51205,103607,49.64336386537589
2025-06-21 13:00:00,93633,17439,31092,33035,86,1259,8297,1429,5597,22.45,83.67849,98234,49.403465195349874
2025-06-21 12:00:00,87580,17076,30148,33051,87,1252,3579,1328,5761,20.65,87.22562,92282,51.173576645499665
2025-06-21 11:00:00,84057,16989,30386,33054,89,1262,424,1243,6405,19.4,90.188446,89852,52.72559319770289
2025-06-21 10:00:00,83302,17000,30163,33060,91,1255,16,1217,6818,19.25,90.46243,89620,52.625530015621514
2025-06-21 09:00:00,83345,16784,30694,33026,89,1249,16,1193,7023,19.55,89.070465,90074,52.709994004929285
2025-06-21 08:00:00,84721,16907,32526,32985,88,1260,16,1206,6960,19.9,87.70791,91948,53.76190890503329
2025-06-21 07:00:00,86469,17398,33609,32940,86,1275,16,1293,6861,19.85,88.25742,93478,54.56578018357261
2025-06-21 06:00:00,89313,18262,35182,32897,83,1281,16,1262,6765,20.45,86.11909,95748,55.81735388728746
2025-06-21 05:00:00,93894,19919,38210,32854,81,1284,16,1284,6776,21.2,81.97757,100424,57.88357364773361
2025-06-21 04:00:00,99198,22334,41669,32808,81,1359,16,1310,6545,22.0,79.79708,106122,60.31077439173781
2025-06-21 03:00:00,105249,24247,45869,32759,80,2044,22,2000,5922,22.8,78.66982,112943,62.08087265257697
2025-06-21 02:00:00,111267,25229,49298,32826,138,2243,100,4069,4959,23.45,76.5875,118862,62.70044252999276
2025-06-21 01:00:00,115051,25423,51158,32902,416,2268,834,5360,4464,24.45,71.6724,122825,62.3496845104824
2025-06-21 00:00:00,119183,24810,51648,32904,635,2392,3287,5770,4848,26.1,65.99051,126294,60.53969309705924
2025-06-20 23:00:00,122018,24389,51169,32876,666,2393,6225,5663,5156,27.35,53.908287,128537,58.783074134295966
2025-06-20 22:00:00,123146,24361,51000,32869,766,2361,7918,5516,4855,27.85,49.447952,129646,58.12828779908366
2025-06-20 21:00:00,121922,23318,49885,32888,883,2187,9485,5272,4587,28.1,49.043476,128505,56.965098634294385
2025-06-20 20:00:00,119104,22409,48357,32902,876,2064,10607,4610,4267,28.35,47.118164,126092,56.12251372014085
2025-06-20 19:00:00,116085,21854,45828,32926,740,1984,11012,3600,4795,27.9,49.935444,122739,55.14302707370925
2025-06-20 18:00:00,112029,21359,43335,32961,499,1925,11129,2094,4528,27.65,50.66993,117830,54.90452346601036
2025-06-20 17:00:00,107737,20687,42740,32985,86,1225,11293,1842,2957,27.75,51.018944,113815,55.72815533980583
2025-06-20 16:00:00,103664,20081,40166,33007,85,1023,11436,1411,2317,27.2,55.775723,109526,55.00703029417673
2025-06-20 15:00:00,100555,19793,37112,33029,87,927,11425,1381,2490,25.8,71.471596,106244,53.56067166145853
2025-06-20 14:00:00,97354,19766,34837,33057,95,855,10483,1359,2614,23.75,79.29487,103066,52.97867385946869
2025-06-20 13:00:00,94903,19348,33963,33075,95,811,8451,1332,3101,21.5,85.15249,100176,53.2173374860246
2025-06-20 12:00:00,90930,18490,34115,33098,91,814,3987,1321,4001,19.45,91.62143,95917,54.844292461190406
2025-06-20 11:00:00,86402,18141,33053,33120,93,811,478,1321,4305,18.05,93.29397,91322,56.058781016622504
2025-06-20 10:00:00,83134,17964,31337,33111,94,813,2,1329,4155,17.6,92.38557,88805,55.51601824221609
2025-06-20 09:00:00,81758,18179,30411,33100,90,807,2,1327,3941,17.8,89.78678,87857,55.30578098500973
2025-06-20 08:00:00,82384,18507,31624,33095,87,806,2,1356,3670,17.75,89.21172,89147,56.234085274883064
2025-06-20 07:00:00,84547,19121,33525,33070,84,869,2,1363,3741,17.6,91.21577,91775,57.3642059384364
2025-06-20 06:00:00,87721,19381,36626,33042,82,954,2,1368,3704,17.8,89.50079,95159,58.856230099097296
2025-06-20 05:00:00,90866,19398,38836,33017,83,1162,2,1414,3211,18.75,85.40512,97123,59.95902103518219
2025-06-20 04:00:00,95259,20649,41957,33000,81,1445,2,1486,3064,19.0,83.81475,101684,61.56917509145982
2025-06-20 03:00:00,101168,21175,45417,33002,79,2052,2,2445,2858,19.5,81.504875,107030,62.21806970008409
2025-06-20 02:00:00,107020,21407,48609,32998,330,2252,16,4440,2899,20.1,78.77888,112951,61.987941673823165
2025-06-20 01:00:00,110795,21338,49913,32982,533,2320,734,5562,3022,21.35,72.24929,116404,61.21009587299405
2025-06-20 00:00:00,114546,20870,49972,32963,699,2621,3201,5876,3445,22.6,66.94579,119647,59.20917365249442
2025-06-19 23:00:00,118393,21222,50965,32938,847,2835,4958,5950,3836,23.35,62.3609,123551,58.42688444448042
2025-06-19 22:00:00,121818,20772,50693,32869,932,2755,7381,6340,4400,24.0,59.015045,126142,56.65440535269776
2025-06-19 21:00:00,124599,21549,51727,32872,980,2857,8328,6117,4326,24.9,55.029816,128756,56.91074590698686
2025-06-19 20:00:00,126376,22027,52041,32878,1077,2793,9152,5492,4412,25.4,56.22184,129872,57.031538745842056
2025-06-19 19:00:00,125906,22124,50446,32875,1164,2684,9489,4931,4692,24.5,69.47671,128405,56.516490790857056
2025-06-19 18:00:00,123508,21697,49561,32903,1280,2615,9829,3197,4515,25.3,59.8885,125597,56.735431578779746
2025-06-19 17:00:00,119532,20922,49170,32938,764,2456,9522,2246,4121,22.85,76.49449,122139,57.38707538132783
2025-06-19 16:00:00,115790,19689,47935,32941,645,2307,9088,1914,3889,23.8,72.45701,118408,57.11100601310722
2025-06-19 15:00:00,111233,18811,46561,32974,108,1766,8352,1564,3947,22.45,79.60939,114083,57.302139670240095
2025-06-19 14:00:00,106426,17812,43664,32994,85,1564,7536,1375,3924,23.4,77.540146,108954,56.42381188391431
2025-06-19 13:00:00,102731,17162,42184,33014,90,1604,6075,1322,3874,22.3,82.62659,105325,56.34559696178495
2025-06-19 12:00:00,98446,16744,40605,33029,90,1596,2996,1282,4138,21.5,89.22252,100480,57.0750398089172
2025-06-19 11:00:00,93104,16433,39032,33034,91,1593,414,1204,4226,21.3,91.16683,96027,57.759796723838086
2025-06-19 10:00:00,89562,16099,37220,33031,93,1513,1,1236,4412,21.45,92.0269,93605,56.961700763848086
2025-06-19 09:00:00,88042,16208,36615,33030,96,1458,1,1279,4574,21.55,91.46534,93261,56.63996740330899
2025-06-19 08:00:00,88190,16683,36574,33037,97,1422,1,1293,4732,21.55,92.88956,93839,56.753588593228834
2025-06-19 07:00:00,90040,17222,38124,33018,96,1542,1,1311,4918,21.55,91.74863,96232,57.513093357718844
2025-06-19 06:00:00,93450,18617,40135,32912,92,1604,1,1317,5019,22.05,88.16726,99697,58.93055959557459
2025-06-19 05:00:00,97122,19705,42838,32843,89,1606,1,1351,5136,22.8,84.76103,103569,60.38776081646052
2025-06-19 04:00:00,101917,20365,45738,32776,616,1642,1,1492,5398,22.95,85.03917,108028,61.19061724738031
2025-06-19 03:00:00,107206,21099,48912,32710,1062,2121,1,2394,5228,22.7,86.07109,113527,61.6690302747364
2025-06-19 02:00:00,113726,22193,51671,32743,1231,2429,3,4705,5066,22.95,86.6279,120041,61.53230979415366
2025-06-19 01:00:00,117492,22460,53967,32760,1461,2557,127,5457,5317,23.35,81.22983,124106,61.5820347122621
2025-06-19 00:00:00,122047,22006,55553,32759,1559,2550,1706,6111,5459,22.2,89.276375,127703,60.733890354964245
2025-06-18 23:00:00,125827,21829,55669,32768,1365,2624,5156,6148,4972,27.8,71.17622,130531,59.371337077016186
2025-06-18 22:00:00,127931,21844,55792,32738,1479,2544,7469,6076,4574,28.25,68.49276,132516,58.586132995260954
2025-06-18 21:00:00,127796,21753,55427,32726,1442,2405,8458,5934,4511,28.3,69.55418,132656,58.18055723073212
2025-06-18 20:00:00,126072,21385,54310,32701,1433,2211,9114,5212,4038,28.2,68.9023,130404,58.04653231495966
2025-06-18 19:00:00,124574,20957,53184,32721,1254,2130,10136,4556,3182,27.3,70.8686,128120,57.86840462066812
2025-06-18 18:00:00,121533,21268,51360,32745,1285,2232,10224,3230,2676,26.95,74.355354,125020,58.0931051031835
2025-06-18 17:00:00,117431,21270,50729,32772,1319,2339,9532,1796,2211,26.4,74.26454,121968,59.03105732651187
2025-06-18 16:00:00,113239,20535,48558,32783,1299,2342,8893,1585,1573,26.0,76.742065,117568,58.76854246053348
2025-06-18 15:00:00,110528,20712,48760,32789,1056,1916,7588,1406,1442,25.35,80.00325,115669,60.06103623269847
2025-06-18 14:00:00,106563,20498,48016,32785,110,1716,6429,1329,1129,23.65,86.42804,112012,61.1666607149234
2025-06-18 13:00:00,103259,19936,47358,32787,93,1586,4723,1334,1173,22.95,93.24602,108990,61.743279199926604
2025-06-18 12:00:00,99171,18913,45494,32837,90,1388,2280,1455,1370,21.9,93.769394,103827,62.03299719726083
2025-06-18 11:00:00,94389,18140,44157,32866,89,1392,320,1424,1223,21.4,95.79179,99611,62.54028169579665
2025-06-18 10:00:00,90271,16837,42505,33010,90,1358,5,1300,1108,21.15,96.67406,96213,61.67773585690084
2025-06-18 09:00:00,87749,16334,41340,33027,90,1350,5,1298,1185,21.1,96.97121,94629,60.947489670185675
2025-06-18 08:00:00,87765,16376,41048,33027,85,1384,5,1313,1415,20.9,97.26634,94653,60.6679133255153
2025-06-18 07:00:00,89411,17208,42266,33025,82,1496,5,1319,1590,21.05,96.67158,96991,61.31909146209442
2025-06-18 06:00:00,92033,17814,43055,33002,82,1631,5,1298,2065,21.4,94.910484,98952,61.51366319023365
2025-06-18 05:00:00,95504,18329,45347,32979,121,1654,5,1247,2288,21.8,94.05381,101970,62.44581739727371
2025-06-18 04:00:00,99209,18543,47204,32960,974,1898,5,1687,2522,22.25,93.498,105793,62.14683391150643
2025-06-18 03:00:00,105655,18790,49673,32938,1173,2346,18,3615,2681,22.7,92.098885,111234,61.54862721829656
2025-06-18 02:00:00,111765,19099,53257,32921,1183,2306,45,4846,2455,22.95,89.88358,116112,62.31569519085022
2025-06-18 01:00:00,114922,19006,55036,32905,1173,2212,615,6260,1825,23.35,88.54676,119032,62.2034410914712
2025-06-18 00:00:00,117205,18581,55286,32874,1169,2209,2833,6036,1578,23.7,88.30479,120566,61.26685798649702
2025-06-17 23:00:00,118499,18112,55693,32860,1166,2276,5070,6096,1238,24.55,84.94486,122511,60.24356996514598
2025-06-17 22:00:00,118471,17925,55596,32867,1144,2203,6115,6163,1182,25.15,80.71403,123195,59.67855838305126
2025-06-17 21:00:00,116876,17811,53451,32864,1120,2110,7165,5440,1305,24.35,83.123604,121266,58.76502894463411
2025-06-17 20:00:00,115375,17825,52251,32854,1126,2062,7681,4552,1417,24.55,82.89262,119768,58.50978558546524
2025-06-17 19:00:00,113245,17714,51477,32856,1070,2130,7935,2717,1600,24.85,79.44686,117499,58.886458608158364
2025-06-17 18:00:00,110119,17438,50142,32854,1174,2121,7446,2203,1686,27.25,66.02275,115064,58.73253146075228
2025-06-17 17:00:00,106864,17003,47313,32857,1053,2012,7387,1520,1675,27.15,69.33658,110820,58.036455513445226
2025-06-17 16:00:00,104342,17036,46584,32842,909,1981,6148,1312,1635,25.55,75.970406,108447,58.66460114157146
2025-06-17 15:00:00,101616,16701,46889,32848,231,1967,4338,1373,1366,25.25,79.01623,105713,60.153434298525255
2025-06-17 14:00:00,100185,16497,46402,32862,91,1570,2996,1412,1236,24.1,85.41933,103066,61.02788504453457
2025-06-17 13:00:00,97564,16047,45254,32871,101,1458,1869,1421,1404,23.1,90.44677,100425,61.04157331341797
2025-06-17 12:00:00,93995,14913,43889,32869,101,1397,737,1420,1479,20.05,98.463295,96805,60.742730230876504
2025-06-17 11:00:00,89063,13657,42078,32852,94,1332,63,1379,1373,20.0,98.46271,92828,60.041151376739776
2025-06-17 10:00:00,84880,12721,39625,32848,98,1293,1,1158,1482,19.8,98.46038,89226,58.66675632663125
2025-06-17 09:00:00,82409,12209,37950,32827,94,1284,1,1170,1703,19.8,98.46038,87238,57.49673307503611
2025-06-17 08:00:00,82150,12449,38440,32817,84,1317,1,1153,1597,19.85,97.85119,87858,57.92187393293724
2025-06-17 07:00:00,83753,12966,39844,32803,82,1348,1,1165,1579,20.15,97.55309,89788,58.81632289392792
2025-06-17 06:00:00,85496,14295,39991,32781,77,1418,1,1163,1474,19.6,97.847145,91200,59.52412280701754
2025-06-17 05:00:00,88308,15994,41960,32754,78,1536,1,1184,1180,20.35,96.35488,94687,61.20586775375712
2025-06-17 04:00:00,91384,17139,44187,32741,80,1634,1,1462,1149,20.45,96.357605,98393,62.32760460601872
2025-06-17 03:00:00,96640,17358,47346,32717,79,1939,1,2982,1057,20.95,94.01655,103479,62.52862899718784
2025-06-17 02:00:00,102120,17417,50271,32697,79,2040,4,4681,1032,21.0,95.483864,108221,62.546086249434026
2025-06-17 01:00:00,104794,17360,51296,32675,79,2082,192,6299,784,23.75,86.173004,110767,61.98235936695947
2025-06-17 00:00:00,106453,17231,50711,32656,86,2050,1094,6386,787,25.3,75.931145,111001,61.20845758146323
2025-06-16 23:00:00,107898,17389,51108,32637,81,2166,2796,6066,548,25.5,74.57308,112791,60.729136189944235
2025-06-16 22:00:00,108445,17181,49934,32613,80,2161,4328,5799,338,26.0,72.84202,112434,59.692797552341816
2025-06-16 21:00:00,107710,17016,49002,32616,79,2141,5186,4675,258,26.25,71.77324,110973,59.490146251790975
2025-06-16 20:00:00,106822,17024,48936,32617,81,2151,5788,3166,186,26.7,69.037735,109949,59.9914505816333
2025-06-16 19:00:00,105487,16832,47824,32630,82,2121,5970,2520,178,26.8,67.790955,108157,59.77976460145899
2025-06-16 18:00:00,103918,16539,47189,32849,85,2125,6138,1927,128,24.8,78.71081,106980,59.57001308655824
2025-06-16 17:00:00,101431,16514,45987,32666,88,1829,6028,1896,119,26.75,67.99068,105127,59.45285226440401
2025-06-16 16:00:00,98732,15946,44813,32843,89,1727,5090,1790,119,25.85,76.01735,102417,59.32511204194616
2025-06-16 15:00:00,96265,15474,44211,33132,94,1620,3972,1635,160,24.55,80.14178,100298,59.507667151887375
2025-06-16 14:00:00,93350,15088,43367,33199,90,1511,2937,1686,314,23.55,82.52008,98192,59.5313263809679
2025-06-16 13:00:00,90235,13853,42084,33210,89,1485,2188,1741,502,21.7,89.237976,95152,58.78699344207163
2025-06-16 12:00:00,86206,13277,39746,33217,87,1487,921,1755,728,20.5,93.12404,91218,58.12778179745226
2025-06-16 11:00:00,82422,13057,37987,33220,87,1448,72,1624,883,19.15,96.020966,88378,57.75645522641382
2025-06-16 10:00:00,79645,12477,36609,33215,89,1280,3,1489,1119,18.8,95.70952,86281,56.89085661964975
2025-06-16 09:00:00,77346,12238,35080,33217,88,1011,3,1427,1442,19.1,94.525955,84506,55.99365725510614
2025-06-16 08:00:00,77103,12244,35352,33203,85,933,3,1413,1638,19.45,93.07073,84871,56.08040437840959
2025-06-16 07:00:00,78160,12363,36151,33189,82,957,3,1422,1795,19.8,92.218765,85962,56.43656499383448
2025-06-16 06:00:00,80395,12522,36129,33178,79,948,3,1441,1912,20.25,91.670235,86212,56.43181923630121
2025-06-16 05:00:00,83075,13453,37168,33171,79,1016,3,1340,1732,20.8,90.85154,87962,57.54871421750302
2025-06-16 04:00:00,85595,14882,39573,33161,78,1239,8,1288,1675,21.35,89.76689,91904,59.252045612813376
2025-06-16 03:00:00,89792,15927,42095,33146,111,1144,8,1626,1588,21.9,88.42818,95645,60.663913429870874
2025-06-16 02:00:00,93813,16056,43401,33136,82,1138,11,3429,1330,22.85,84.7663,98583,60.31161559295213
2025-06-16 01:00:00,95510,15832,43768,33116,88,1154,370,4729,1174,23.8,81.287125,100231,59.46264129860024
2025-06-16 00:00:00,96809,15200,43831,33104,173,1140,1421,4985,959,23.85,75.93763,100813,58.554948270560345
2025-06-15 23:00:00,97859,14922,43927,33099,174,1147,2710,4694,689,26.25,66.63989,101362,58.05824668021546
2025-06-15 22:00:00,97905,14030,42883,33094,176,1155,3831,4489,669,26.75,65.10706,100327,56.727501071496214
2025-06-15 21:00:00,96918,14119,42120,33096,178,1152,4705,2889,553,26.9,66.5657,98812,56.91515200582925
2025-06-15 20:00:00,95894,14134,42127,33107,179,1135,5727,1662,567,26.65,68.18128,98638,57.037855593179096
2025-06-15 19:00:00,94248,13546,41543,33120,92,1141,6897,1525,658,24.9,75.86817,98522,55.915430056231095
2025-06-15 18:00:00,92099,12561,39893,33140,81,1143,7052,1487,809,26.9,67.60179,96166,54.545265478443525
2025-06-15 17:00:00,89796,12207,39354,33170,83,1157,6354,1351,924,26.2,70.88519,94600,54.50422832980972
2025-06-15 16:00:00,87713,11718,38966,33195,84,1156,5539,1656,823,24.95,76.345634,93137,54.41875946186801
2025-06-15 15:00:00,85507,11552,37537,33210,85,1158,4619,1686,742,23.6,82.781,90589,54.18869840709137
2025-06-15 14:00:00,83019,11626,36258,33232,87,1152,3713,1737,541,22.2,87.907555,88346,54.20052973535871
2025-06-15 13:00:00,80820,11334,35103,33244,87,1153,2749,1800,628,21.4,91.73966,86098,53.935050756115125
2025-06-15 12:00:00,77301,10990,32979,33246,87,1166,1085,1826,1029,19.95,93.9723,82408,53.355256771187264
2025-06-15 11:00:00,75292,11059,32455,33235,90,1178,100,1800,1217,19.3,96.02542,81134,53.63226267655976
2025-06-15 10:00:00,75210,11187,32735,33220,90,1170,3,1827,1255,18.95,97.53083,81487,53.90062218513383
2025-06-15 09:00:00,75389,11451,32599,33199,87,1169,3,1789,1450,19.25,97.23226,81747,53.88576950836116
2025-06-15 08:00:00,76366,11923,33507,33183,85,1170,3,1779,1414,19.6,97.23954,83064,54.6927670230184
2025-06-15 07:00:00,77978,12386,34049,33171,82,1172,3,1731,1495,20.05,96.947334,84089,55.221253671704986
2025-06-15 06:00:00,79729,13120,35023,33148,80,1170,3,1747,1594,20.3,96.65289,85885,56.05519007975781
2025-06-15 05:00:00,82543,14049,36143,33122,79,1164,3,1753,1882,20.5,96.06085,88195,56.910255683428765
2025-06-15 04:00:00,86618,15501,39086,33096,350,1153,3,1757,1503,21.3,93.74194,92449,59.045527804519246
2025-06-15 03:00:00,91232,16580,41841,33084,397,1156,3,1897,1301,22.05,90.653786,96259,60.6914678108021
2025-06-15 02:00:00,95368,16729,43799,33064,398,1155,8,3354,1164,22.3,90.6706,99671,60.72779444371984
2025-06-15 01:00:00,97664,16533,43780,33052,391,1151,321,4483,1212,22.65,91.53299,100923,59.76140225716635
2025-06-15 00:00:00,99933,16193,43632,33052,387,1147,1395,5517,1254,23.6,83.29294,102577,58.32204100334383
2025-06-14 23:00:00,101922,15929,43992,33053,385,1166,2832,5792,1450,24.35,78.40448,104599,57.28639853153472
2025-06-14 22:00:00,102876,15528,44254,33049,386,1188,4522,5647,1111,24.8,77.987495,105685,56.56621090977906
2025-06-14 21:00:00,101687,14275,43383,33055,383,1173,6416,4750,858,24.7,76.30683,104293,55.28463079976604
2025-06-14 20:00:00,99988,13939,41888,33081,386,1175,7644,4247,942,25.35,73.63379,103302,54.04251611779055
2025-06-14 19:00:00,98239,12884,42137,33097,389,1157,8035,2940,1119,25.55,73.44082,101758,54.070441636038446
2025-06-14 18:00:00,97151,12625,41563,33117,482,1155,8011,2410,1073,25.3,73.8531,100436,53.952765940499425
2025-06-14 17:00:00,95672,13196,42187,33123,216,1137,7317,1382,1086,24.8,77.50853,99644,55.58086788968729
2025-06-14 16:00:00,93952,13027,42068,33137,86,869,5960,1426,1283,22.9,81.67813,97856,56.302117396991505
2025-06-14 15:00:00,91396,12790,40768,33149,85,824,4578,1292,1408,24.5,76.04,94894,56.43981705903429
2025-06-14 14:00:00,89418,12812,40278,33158,86,826,3297,1238,1449,23.6,79.27402,93144,56.99776689856566
2025-06-14 13:00:00,86827,12536,39199,33171,85,820,1912,1248,1671,22.1,88.171425,90642,57.07618984576687
2025-06-14 12:00:00,83574,11837,36994,33178,86,818,1010,1244,1826,20.15,96.349434,86993,56.132102582966446
2025-06-14 11:00:00,81457,11991,36404,33180,87,826,173,1216,1751,19.35,96.32753,85628,56.517727846031676
2025-06-14 10:00:00,81337,12138,36485,33166,88,829,3,1189,1831,19.15,98.45279,85729,56.71709689836578
2025-06-14 09:00:00,81431,12083,37040,33158,89,830,3,1298,1859,19.4,97.84389,86360,56.88165817508105
2025-06-14 08:00:00,82274,11976,37098,33145,87,829,3,1335,2067,19.65,97.24062,86540,56.70672521377398
2025-06-14 07:00:00,84149,12604,38078,33130,85,832,3,1345,2224,19.9,98.15639,88301,57.39685847272398
2025-06-14 06:00:00,86166,13845,39440,33103,82,849,3,1287,2311,20.25,97.55491,90920,58.60646722393312
2025-06-14 05:00:00,88861,14431,41972,33081,135,1082,3,1356,2245,20.95,94.01655,94305,59.80912995069191
2025-06-14 04:00:00,93794,15153,44971,33064,1145,1487,3,1614,2087,21.4,92.88177,99524,60.41155902093968
2025-06-14 03:00:00,99199,15904,47743,33048,1289,2426,3,2042,1882,21.7,92.61124,104337,61.00137055886214
2025-06-14 02:00:00,103542,16528,49935,33035,1305,2525,5,3178,1755,22.1,91.78147,108266,61.388616924981065
2025-06-14 01:00:00,106363,16589,50669,33012,1301,2570,155,3847,1605,22.7,90.41932,109748,61.28403251084302
2025-06-14 00:00:00,109824,16416,51553,32993,1273,2633,898,4630,1634,24.05,76.680016,112030,60.67035615460144
2025-06-13 23:00:00,113796,16554,52966,32974,1289,2689,1947,5346,1561,25.75,66.74573,115326,60.28128956176404
2025-06-13 22:00:00,116993,16343,53537,32977,1274,2513,3638,6013,1314,26.35,64.0177,117609,59.41722147114592
2025-06-13 21:00:00,117605,16065,53409,32975,1288,2294,5358,6142,977,26.55,62.4819,118508,58.62389037027036
2025-06-13 20:00:00,117119,15841,52422,32982,1281,2272,6960,5836,757,26.25,63.597736,118351,57.67843110746846
2025-06-13 19:00:00,116244,15817,52467,32963,1277,2536,7518,4555,606,27.0,57.87365,117739,57.99607606655399
2025-06-13 18:00:00,114592,15802,50963,32944,1272,2585,7641,4315,542,28.15,55.310776,116064,57.524296939619525
2025-06-13 17:00:00,111310,15552,48906,32920,1250,2487,7829,3733,427,27.8,58.42765,113104,56.990026877917664
2025-06-13 16:00:00,107639,15433,47279,32981,1234,2580,7071,2861,276,26.1,67.233315,109715,57.15900287107506
2025-06-13 15:00:00,104118,15435,46404,33061,382,2202,6990,1514,180,25.7,69.70512,106168,58.24636425288222
2025-06-13 14:00:00,101183,15733,46071,33118,83,2030,5332,1400,169,24.1,75.74147,103936,59.46351600985221
2025-06-13 13:00:00,98307,15364,45149,33132,85,1796,3782,1377,324,22.8,80.40543,101009,59.90852300290073
2025-06-13 12:00:00,94548,15094,44441,33143,86,1600,1521,1372,452,20.85,88.6174,97709,60.930927550174495
2025-06-13 11:00:00,90299,14478,43026,33133,88,1399,217,1418,482,19.6,91.91859,94241,61.01802824672913
2025-06-13 10:00:00,86870,13439,41226,33120,86,1330,0,1447,665,19.2,91.89488,91313,59.865517505722075
2025-06-13 09:00:00,85112,13105,40272,33101,83,1356,0,1448,868,19.55,90.483246,90233,59.154633005663115
2025-06-13 08:00:00,85661,14063,40065,33077,81,1512,0,1447,738,20.05,89.10978,90983,59.49243265225371
2025-06-13 07:00:00,88027,15062,41524,33059,79,1678,0,1431,663,20.3,88.29522,93496,60.522375288782406
2025-06-13 06:00:00,91620,16341,43802,33058,80,1821,0,1443,704,20.65,85.06373,97249,61.844337730979234
2025-06-13 05:00:00,96491,17075,47088,33031,187,1728,0,1423,737,21.7,80.76388,101269,63.35897461217155
2025-06-13 04:00:00,101649,17380,50516,32973,1183,1943,0,1476,841,22.4,80.35219,106312,63.864850628339234
2025-06-13 03:00:00,108044,18357,53519,32963,1176,2542,0,2454,965,22.85,79.41651,111976,64.18875473315711
2025-06-13 02:00:00,115438,19423,56454,32965,1360,2599,1,4967,898,23.5,76.356926,118667,63.941112524964815
2025-06-13 01:00:00,119566,19572,58739,32941,1422,2709,238,5365,837,24.85,69.110596,121823,64.28260673271879
2025-06-13 00:00:00,124223,19678,59532,32926,1363,2852,1586,5743,1067,26.7,65.29896,124747,63.496516950307424
2025-06-12 23:00:00,128046,19697,60255,32914,1316,2899,4102,5630,994,27.7,57.139095,127807,62.55682396112889
2025-06-12 22:00:00,130146,19335,60130,32898,1185,2888,6787,5626,1040,28.2,54.462215,129889,61.179160667954946
2025-06-12 21:00:00,129393,19040,58292,32905,1262,2876,8815,5189,919,28.65,52.22897,129298,59.80912311095299
2025-06-12 20:00:00,127091,18724,56273,32913,1257,2796,9885,4987,770,28.7,51.102905,127605,58.77277536146702
2025-06-12 19:00:00,123656,17847,54959,32937,1218,2531,10562,4771,583,28.55,51.06422,125408,58.05530747639705
2025-06-12 18:00:00,119568,17214,52430,32949,960,2101,11083,4227,433,28.15,51.937054,121397,57.3687982404837
2025-06-12 17:00:00,114789,16670,49914,32964,1056,2032,10957,3171,293,27.5,55.150448,117057,56.88169011678072
2025-06-12 16:00:00,109511,16424,47487,32948,855,1622,11139,2089,261,26.45,61.490086,112825,56.646133392421895
2025-06-12 15:00:00,104162,15435,44054,33059,340,1366,10613,2092,455,24.7,70.82919,107414,55.38291097994675
2025-06-12 14:00:00,100128,15185,41950,33090,91,1210,9327,2038,845,22.6,76.45559,103736,55.077311637232974
2025-06-12 13:00:00,96098,14800,40590,33120,93,1264,7057,1664,1420,20.5,80.861046,100008,55.38556915446764
2025-06-12 12:00:00,92227,14777,40713,33142,91,1269,3131,1580,1915,18.15,86.71821,96618,57.43236249974125
2025-06-12 11:00:00,87325,14655,39163,33158,88,1278,372,1528,2259,16.6,87.979065,92501,58.18099263791743
2025-06-12 10:00:00,83508,14053,36420,33154,90,1259,0,1348,2577,15.8,88.19489,88901,56.77438948943207
2025-06-12 09:00:00,81567,13525,35263,33143,92,1242,0,1273,2805,16.35,85.430534,87343,55.85793938838831
2025-06-12 08:00:00,82021,13495,35290,33120,89,1179,0,1304,3581,17.15,81.99477,88058,55.40098571396125
2025-06-12 07:00:00,84151,13631,36336,33106,86,1200,0,1310,4183,17.5,81.773994,89852,55.61033699861996
2025-06-12 06:00:00,87545,14367,38430,33084,84,1321,0,1303,4404,18.0,81.837395,92993,56.77524114718312
2025-06-12 05:00:00,92148,15008,41422,33064,124,1426,0,1375,4698,18.75,80.11357,97117,58.10517211198864
2025-06-12 04:00:00,96745,15793,44071,33036,761,1452,0,1444,4763,19.55,79.20435,101320,59.08409001184366
2025-06-12 03:00:00,103764,16752,48171,33015,885,2105,0,2572,4235,20.2,79.04435,107735,60.261753376340096
2025-06-12 02:00:00,111111,17742,52092,33000,915,2270,3,4387,3269,21.2,75.75385,113678,61.431411530815105
2025-06-12 01:00:00,115265,18028,54478,32977,902,2397,503,5297,2768,22.45,71.08297,117350,61.78610992756711
2025-06-12 00:00:00,119675,17644,54595,32960,912,2403,3321,5839,3571,24.3,64.997314,121245,59.581013650047424
2025-06-11 23:00:00,121929,17379,54008,32949,895,2348,7215,5458,3671,25.6,57.53812,123923,57.605932716283505
2025-06-11 22:00:00,121457,17267,51767,32934,910,2175,9320,5609,3258,26.05,53.580338,123240,56.01590392729633
2025-06-11 21:00:00,118880,17028,49782,32942,902,2028,10202,5342,2649,26.4,52.316364,120875,55.27197518097208
2025-06-11 20:00:00,114992,16417,48333,32943,895,1864,10525,4329,2359,26.35,51.63845,117665,55.02910806102069
2025-06-11 19:00:00,111325,16080,46975,32979,929,1604,10532,2938,2451,26.05,52.0593,114488,55.07564111522605
2025-06-11 18:00:00,107761,15378,45352,32997,982,1328,10609,2120,3241,25.6,52.27824,112007,54.219825546617614
2025-06-11 17:00:00,103705,14757,41987,33008,781,1299,10555,2028,4047,25.0,53.313385,108462,52.31694049528868
2025-06-11 16:00:00,100166,14684,39492,33018,495,780,10784,1984,4204,24.1,56.262493,105441,51.380392826319934
2025-06-11 15:00:00,97468,14549,38022,33038,162,692,10523,1660,3504,22.45,67.12894,102150,51.464512971120904
2025-06-11 14:00:00,94291,14439,38076,33064,91,686,8994,1542,2410,20.2,74.63095,99302,52.88413123602748
2025-06-11 13:00:00,91628,14314,37416,33069,88,798,6607,1555,2994,17.8,81.28582,96841,53.41745748185169
2025-06-11 12:00:00,88301,14103,36314,33071,111,809,2962,1445,3867,15.95,83.46295,92682,54.39783345201873
2025-06-11 11:00:00,83774,13928,33970,33053,110,804,338,1451,4312,14.65,82.76196,87966,54.45058317986495
2025-06-11 10:00:00,80401,13536,31884,33039,88,768,2,1455,4465,14.0,81.591896,85237,53.28671820922839
2025-06-11 09:00:00,78029,12967,30711,33026,86,741,2,1461,4454,14.35,80.02903,83448,52.34157798868757
2025-06-11 08:00:00,78267,12672,32161,33001,82,820,2,1464,4166,14.65,79.54193,84368,53.139816043997726
2025-06-11 07:00:00,79849,12893,33258,32980,81,842,2,1453,4011,14.9,81.17095,85520,53.96515434985968
2025-06-11 06:00:00,82628,13155,34840,32949,79,897,2,1465,3978,15.4,82.04156,87365,54.936187260344525
2025-06-11 05:00:00,86097,13774,36661,32931,138,1068,2,1490,3970,16.15,80.277824,90034,56.017726636603946
2025-06-11 04:00:00,90300,15305,40197,32894,571,1378,2,1494,3340,16.35,78.48632,95181,58.312058078818254
2025-06-11 03:00:00,96547,16854,44250,32866,679,1373,2,2269,2602,16.9,74.55822,100895,60.561970365231176
2025-06-11 02:00:00,102569,17222,48358,32822,694,1380,7,4009,1970,17.8,69.746254,106462,61.59944393304654
2025-06-11 01:00:00,105530,16954,48643,32784,687,1382,434,5383,2106,19.35,63.297985,108373,60.5289140284019
2025-06-11 00:00:00,108576,16791,47719,32744,681,1405,2555,5440,2838,21.15,59.683918,110173,58.5533660697267
2025-06-10 23:00:00,110583,16845,46881,32722,671,1441,4964,5397,3300,22.1,53.790817,112221,56.78616301761702
2025-06-10 22:00:00,110672,16779,45912,32723,566,1459,6632,5413,3578,22.4,48.31182,113062,55.44833807999151
2025-06-10 21:00:00,108557,15873,44060,32723,672,1407,7978,4939,3675,22.45,47.057228,111327,53.83509840380142
2025-06-10 20:00:00,105750,14530,43015,32681,697,1386,9221,3336,3826,22.15,44.674965,108692,52.94317889081073
2025-06-10 19:00:00,103878,14096,42295,32638,676,1366,9699,2596,4110,22.0,45.388824,107476,52.46845807436079
2025-06-10 18:00:00,101561,14149,41119,32635,649,1342,9552,2179,4215,22.6,43.90879,105840,52.21844293272865
2025-06-10 17:00:00,99483,13775,39513,32659,530,1310,9922,1831,4169,22.3,46.39303,103709,51.38223297881572
2025-06-10 16:00:00,97624,13733,39048,32799,371,1197,9789,1728,3123,21.55,50.2107,101788,51.85385310645656
2025-06-10 15:00:00,95575,14090,39241,32984,219,1111,8844,1444,1560,20.75,53.798973,99493,53.602766023740365
2025-06-10 14:00:00,93667,14256,38631,33037,225,1204,7496,1506,1224,19.95,61.58789,97579,54.199161704875024
2025-06-10 13:00:00,91909,14487,38326,33055,226,1256,5479,1437,1777,18.2,79.01185,96043,54.98891121685079
2025-06-10 12:00:00,89171,14285,37690,33063,225,1107,2386,1206,2542,15.7,90.50412,92504,56.18675949148145
2025-06-10 11:00:00,84935,13945,36758,33062,226,1044,237,1238,2664,14.25,92.495155,89174,56.85850135689775
2025-06-10 10:00:00,81300,13337,34741,33052,225,904,1,1237,2840,13.3,93.35787,86337,55.686438027728556
2025-06-10 09:00:00,78844,13160,33950,33039,222,914,1,1236,2842,14.6,93.422615,85364,55.18719835059276
2025-06-10 08:00:00,78458,13333,33976,33010,218,908,1,1245,2687,15.55,94.683525,85378,55.41123005926585
2025-06-10 07:00:00,79880,13803,35198,33006,218,916,15,1244,2523,16.0,95.61819,86923,56.37288174591305
2025-06-10 06:00:00,82244,14196,36606,32997,216,920,17,1240,2352,16.65,95.33469,88544,57.374864474159736
2025-06-10 05:00:00,85053,14730,37235,33003,270,921,17,1196,2265,17.15,94.14533,89637,57.97271216127269
2025-06-10 04:00:00,88237,15990,38298,32999,525,1098,17,1413,2302,17.55,94.462364,92642,58.59977116210789
2025-06-10 03:00:00,93673,17048,41013,32985,586,1277,17,3174,2615,18.05,94.1845,98715,58.81679582636884
2025-06-10 02:00:00,99045,16762,43377,32972,542,1330,23,4726,3489,18.5,93.022026,103221,58.26236909156083
2025-06-10 01:00:00,101818,16306,42983,32958,525,1268,535,5352,4550,19.1,91.31178,104477,56.748375240483554
2025-06-10 00:00:00,103923,16215,42063,32961,521,1232,2484,5269,5744,20.95,84.2982,106489,54.72677929175783
2025-06-09 23:00:00,105717,16347,41825,32974,521,1234,4382,4943,6153,21.25,84.86061,108379,53.67460485887487
2025-06-09 22:00:00,106193,15963,40722,32966,508,1282,6203,4908,5750,19.8,86.0551,108302,52.33975365182545
2025-06-09 21:00:00,105668,16538,40745,32950,523,1289,6678,3432,5456,21.65,75.82598,107611,53.23154696081256
2025-06-09 20:00:00,104944,16428,40084,32943,515,1343,7406,2877,5300,21.95,77.81039,106896,52.86633737464451
2025-06-09 19:00:00,103984,16378,40700,32940,526,1352,7566,1705,5098,20.4,86.65705,106265,53.71288759233991
2025-06-09 18:00:00,102662,15943,40451,32944,528,1259,7922,1488,4456,19.05,90.44858,104991,53.71317541503557
2025-06-09 17:00:00,99922,15062,39293,32948,531,1242,8022,1573,3700,19.55,84.41089,102371,53.09609166658527
2025-06-09 16:00:00,97051,15092,38696,32966,455,1250,7816,1311,3124,23.6,69.52262,100710,53.40879753748386
2025-06-09 15:00:00,94726,14491,38139,32965,277,1208,7171,1091,2455,22.2,78.583725,97797,53.81555671441865
2025-06-09 14:00:00,92428,13817,36973,32962,219,1111,6344,1004,2342,21.1,82.22335,94772,53.59177816232642
2025-06-09 13:00:00,90518,13744,37205,32965,221,1098,4158,969,2558,19.65,91.06034,92918,54.832217654275816
2025-06-09 12:00:00,87621,12832,37214,32963,222,1052,1926,1063,3270,19.2,89.89016,90542,55.2737955865786
2025-06-09 11:00:00,83272,12326,35772,32952,225,1016,278,1089,3242,18.05,92.41082,86900,55.348676639815885
2025-06-09 10:00:00,79576,11813,33075,32946,228,954,12,1075,3095,17.7,92.68547,83198,53.95322002932763
2025-06-09 09:00:00,76884,11635,31590,32925,228,790,12,1084,2940,18.0,91.241516,81204,53.23013644648047
2025-06-09 08:00:00,76359,11563,31558,32908,225,774,12,1116,2882,18.25,90.10604,81038,53.210839359312914
2025-06-09 07:00:00,77238,11598,32156,32889,221,786,12,1106,3141,18.3,90.10965,81909,53.41781733387051
2025-06-09 06:00:00,79174,11883,33803,32852,217,815,12,1072,3411,18.45,89.55027,84065,54.3460417534051
2025-06-09 05:00:00,81761,12457,35080,32832,217,891,12,1024,4054,18.7,88.72133,86567,54.91353518084259
2025-06-09 04:00:00,84429,13335,36573,32812,217,958,12,1100,3983,19.3,86.27859,88990,56.08270592201371
2025-06-09 03:00:00,88692,14623,38236,32796,216,958,12,2114,3844,20.1,83.40993,92799,56.96074311145595
2025-06-09 02:00:00,93361,15321,40759,32764,234,955,14,4488,3338,20.75,83.2225,97873,57.29874429107108
2025-06-09 01:00:00,95696,14695,40727,32732,214,956,348,5309,4446,21.15,83.00807,99427,55.74139821175335
2025-06-09 00:00:00,97196,14433,40554,32695,213,960,1905,4887,5109,23.5,66.91717,100756,54.57441740442257
2025-06-08 23:00:00,97979,13752,39642,32615,214,951,3766,3988,5239,24.2,63.955753,100167,53.30498068226063
2025-06-08 22:00:00,98377,14017,39693,32557,214,954,4886,3136,4664,24.5,64.42665,100121,53.645089441775454
2025-06-08 21:00:00,97689,13299,39481,32569,213,942,6285,1898,4307,24.55,64.234215,98994,53.31636260783482
2025-06-08 20:00:00,96076,12965,38381,32559,214,958,7506,1413,3658,24.25,67.706116,97654,52.57951543203555
2025-06-08 19:00:00,94335,12673,37770,32578,217,958,7931,1310,2651,23.35,71.47304,96088,52.49666971942386
2025-06-08 18:00:00,92804,12541,37392,32611,218,963,8090,1294,1780,23.25,71.68009,94889,52.62253791271907
2025-06-08 17:00:00,90581,12142,36721,32648,217,965,7695,1501,1132,23.25,72.58732,93021,52.52899882822158
2025-06-08 16:00:00,88244,12470,34869,32682,216,940,7377,1154,777,22.2,75.43686,90485,52.316958611924626
2025-06-08 15:00:00,87163,12821,34961,32723,215,935,6122,1152,692,21.55,76.291176,89621,53.31562914941811
2025-06-08 14:00:00,84498,12514,33740,32761,213,916,4288,1154,815,20.4,80.592224,86401,53.53410261455307
2025-06-08 13:00:00,81042,11845,32527,32784,212,810,2701,960,1091,19.1,89.31676,82930,53.5053659713011
2025-06-08 12:00:00,77645,11274,30900,32806,209,731,967,895,1419,17.6,96.584274,79201,53.2493276600043
2025-06-08 11:00:00,75903,11210,30970,32819,210,742,68,883,1698,17.3,96.88346,78600,53.66412213740458
2025-06-08 10:00:00,75958,11329,31325,32819,212,741,10,909,1472,17.2,96.26768,78817,54.11776647170027
2025-06-08 09:00:00,76374,11591,32319,32820,208,740,10,840,1164,17.45,95.66584,79692,55.09963358931888
2025-06-08 08:00:00,77434,12203,33492,32821,198,798,10,945,1110,17.8,92.98577,81577,56.014562928276355
2025-06-08 07:00:00,78835,12570,33823,32823,198,888,10,1134,1346,18.15,87.8325,82792,56.035607305053624
2025-06-08 06:00:00,81327,13659,34700,32814,208,889,10,1063,1464,19.25,83.8431,84807,57.022415602485644
2025-06-08 05:00:00,84468,15264,36228,32817,218,1012,10,1056,1382,20.3,80.323746,87987,58.52228170070579
2025-06-08 04:00:00,87720,16981,39380,32831,221,1173,10,1168,1156,20.75,82.18036,92920,60.655402496771416
2025-06-08 03:00:00,92807,17205,42554,32866,226,1235,10,2312,961,21.25,81.47004,97369,61.37374318314864
2025-06-08 02:00:00,97343,17257,44867,32853,301,1262,11,3711,854,21.9,78.29402,101116,61.43834803591914
2025-06-08 01:00:00,99770,17248,45860,32846,300,1332,172,4976,772,22.25,77.854904,103506,60.97037852878094
2025-06-08 00:00:00,102872,17145,46875,32839,300,1422,1381,5679,846,23.5,69.50344,106487,60.12001464967555
2025-06-07 23:00:00,105355,16719,46003,32840,303,1368,3748,6030,895,25.3,54.427837,107906,58.12651752451208
2025-06-07 22:00:00,105413,16284,43797,32845,342,1280,5470,5993,1231,25.45,54.990894,107242,56.02375934801663
2025-06-07 21:00:00,103722,15452,41795,32864,387,1253,6889,5319,1541,25.7,55.76008,105500,54.262559241706164
2025-06-07 20:00:00,101986,14961,40868,32863,257,1306,7992,3986,1652,25.4,56.401485,103885,53.7411560860567
2025-06-07 19:00:00,99766,14768,41023,32888,214,1397,8515,2230,1729,24.8,59.204033,102764,54.290412985092054
2025-06-07 18:00:00,97950,13667,40885,32914,215,1426,9099,1756,1464,24.05,62.318943,101426,53.78502553585866
2025-06-07 17:00:00,95706,13142,40088,32926,217,1372,9202,1423,1024,23.7,64.25437,99394,53.554540515524074
2025-06-07 16:00:00,93774,13209,39851,32894,219,1268,8352,994,667,23.05,67.03779,97454,54.44620025858353
2025-06-07 15:00:00,91948,13347,38990,32938,223,1163,7786,945,454,21.85,73.030914,95846,54.605304342382574
2025-06-07 14:00:00,89930,13493,38660,32989,224,1160,6583,1058,496,20.7,80.88725,94663,55.09333107972492
2025-06-07 13:00:00,86192,13203,37365,33010,226,967,4156,1006,689,19.8,85.78376,90622,55.80101961995984
2025-06-07 12:00:00,82525,13182,36864,33015,225,950,1466,931,844,18.35,92.135445,87477,57.210466751260334
2025-06-07 11:00:00,80437,13348,37284,33011,223,919,150,933,674,17.4,96.88581,86542,58.505696655958964
2025-06-07 10:00:00,79531,13436,37322,32983,222,881,15,982,525,17.3,97.80935,86366,58.77081258828706
2025-06-07 09:00:00,79511,13812,37125,32958,222,895,15,960,550,17.45,97.19442,86537,58.86152743913008
2025-06-07 08:00:00,80263,14481,37127,32877,220,982,15,944,730,17.85,95.67883,87376,59.06427394250138
2025-06-07 07:00:00,82291,15073,38331,32719,219,1052,15,1031,1013,18.3,94.79207,89453,59.70062490917017
2025-06-07 06:00:00,83902,15394,38581,32647,218,926,15,1103,1346,18.7,96.61247,90230,59.819350548598024
2025-06-07 05:00:00,86923,16262,40108,32625,216,858,15,1116,1604,18.95,92.46097,92804,60.740916339812934
2025-06-07 04:00:00,91301,17683,44693,32695,582,938,15,1349,1686,19.5,89.62947,99641,62.60073664455395
2025-06-07 03:00:00,97055,17999,48515,32709,728,1333,15,2772,1547,20.1,87.72546,105618,62.97600787744513
2025-06-07 02:00:00,102445,17983,51849,32609,829,1896,17,4354,931,21.0,85.63518,110468,63.214686606075965
2025-06-07 01:00:00,105358,17724,52742,32567,767,1924,123,5520,743,22.15,82.60862,112110,62.85433948800285
2025-06-07 00:00:00,108467,17527,54837,32564,757,2020,930,5597,342,23.75,79.540764,114574,63.15918096601323
2025-06-06 23:00:00,111383,17743,55792,32570,730,2107,2470,5174,245,24.35,74.38298,116831,62.941342623105164
2025-06-06 22:00:00,114253,17536,55564,32533,756,2123,4471,5482,278,24.4,71.66341,118743,61.56152362665589
2025-06-06 21:00:00,115346,17270,54890,32367,727,2094,5883,5105,375,24.05,78.11918,118711,60.78627928330146
2025-06-06 20:00:00,115464,17688,54781,32352,699,2068,6960,4016,167,25.75,65.91811,118731,61.036292122529076
2025-06-06 19:00:00,115174,17491,55047,32270,629,2038,7532,2848,90,26.3,63.8075,117945,61.50154733138328
2025-06-06 18:00:00,113297,17492,54901,32430,737,2084,7771,2395,94,26.35,65.83714,117904,61.399952503731846
2025-06-06 17:00:00,109922,16785,52339,32451,822,1595,8155,2171,90,25.35,74.54841,114408,60.41885182854346
2025-06-06 16:00:00,106093,16759,50247,32383,827,1503,7784,1685,172,24.0,79.82126,111360,60.170617816091955
2025-06-06 15:00:00,102061,16030,47443,32380,725,1480,7345,1365,114,22.25,84.43982,106882,59.38605190771131
2025-06-06 14:00:00,97924,15485,46044,32431,289,1431,6142,1259,60,21.1,90.30838,103141,59.655229249280104
2025-06-06 13:00:00,94407,15475,44726,32446,251,1248,4172,1155,67,20.4,91.3938,99540,60.47920433996383
2025-06-06 12:00:00,91388,15002,44182,32456,213,1248,1685,1124,88,19.35,93.65138,95998,61.65128440175837
2025-06-06 11:00:00,87226,14390,42993,32449,216,1151,207,1096,86,18.4,97.21452,92588,61.976714045016635
2025-06-06 10:00:00,84312,13713,41857,32437,213,1057,11,1133,85,18.2,97.51682,90506,61.39924424900006
2025-06-06 09:00:00,82151,13584,40786,32433,212,1060,11,1110,102,17.95,98.74918,89298,60.886022083361325
2025-06-06 08:00:00,82273,14306,40414,32429,213,1170,11,1033,202,18.1,99.061676,89778,60.950344182316385
2025-06-06 07:00:00,84096,14996,42070,32421,214,1339,11,962,278,18.15,98.751114,92291,61.83268140988829
2025-06-06 06:00:00,86914,15543,42693,32415,216,1392,11,1013,451,18.1,97.82259,93734,62.129003349905055
2025-06-06 05:00:00,90245,16845,43728,32407,235,1432,11,1072,602,18.7,95.106285,96332,62.87941701615247
2025-06-06 04:00:00,94870,18071,46872,32392,440,1587,11,1462,1132,19.15,94.23186,101967,63.69021350044623
2025-06-06 03:00:00,100887,18570,50478,32380,522,2257,11,2557,1271,20.2,91.95396,108046,63.90611406252892
2025-06-06 02:00:00,107440,19089,54269,32347,503,2441,14,4093,1373,21.05,88.91033,114129,64.27638899841408
2025-06-06 01:00:00,110753,19078,54903,32339,490,2521,184,5339,1555,22.6,83.4361,116409,63.55264627305449
2025-06-06 00:00:00,113362,18750,55423,32327,571,2514,1415,5340,1406,22.0,89.53741,117746,62.99407198546023
2025-06-05 23:00:00,116028,18425,55912,32316,649,2521,3023,5598,1317,22.95,84.77691,119761,62.071124990606286
2025-06-05 22:00:00,117706,18355,56389,32324,665,2447,4322,5924,1339,23.7,81.77778,121765,61.3838130825771
2025-06-05 21:00:00,117069,17848,54891,32322,553,2383,5323,5979,1485,23.45,82.25363,120784,60.22238044774142
2025-06-05 20:00:00,115582,17839,54078,32345,592,2540,6191,4993,1536,22.4,86.57608,120114,59.87395307790931
2025-06-05 19:00:00,113222,17593,52769,32370,597,2336,6828,3545,1711,23.6,75.19132,117749,59.75592149402543
2025-06-05 18:00:00,110508,16832,51713,32404,591,2341,6672,2842,1792,25.95,68.25522,115187,59.507583321034495
2025-06-05 17:00:00,106874,16430,50005,32428,611,2290,7187,1645,1782,25.0,71.54872,112378,59.117442915873205
2025-06-05 16:00:00,102800,16005,47240,32385,639,1809,7305,1152,1763,24.1,73.19205,108298,58.39904707381485
2025-06-05 15:00:00,99642,15644,46072,32413,582,1692,6064,1058,1721,23.55,73.32614,105246,58.63975828059974
2025-06-05 14:00:00,96696,15619,45943,32442,312,1651,4482,1069,1326,22.6,75.977196,102844,59.859593170238426
2025-06-05 13:00:00,94085,15316,45455,32471,267,1579,3055,1085,1235,20.95,80.919945,100463,60.490927007953175
2025-06-05 12:00:00,90701,15023,43984,32485,227,1388,1363,1097,1362,19.55,84.67892,96929,60.87651786359088
2025-06-05 11:00:00,87038,14402,42676,32482,228,1186,159,1070,1576,18.45,87.30113,93779,60.864372620735985
2025-06-05 10:00:00,83033,13103,40960,32481,217,1095,0,927,1488,17.85,88.935295,90271,59.88966556258377
2025-06-05 09:00:00,81127,12597,40194,32469,211,1067,0,902,1200,18.25,88.40268,88640,59.55663357400722
2025-06-05 08:00:00,81247,13117,39854,32474,210,1111,0,915,1229,18.75,86.49954,88910,59.57822517152176
2025-06-05 07:00:00,83161,13865,40966,32451,210,1263,0,956,1484,19.35,84.38893,91195,60.12500685344592
2025-06-05 06:00:00,86454,14911,41962,32429,210,1325,3,1016,1620,19.8,83.37518,93476,60.84235525696435
2025-06-05 05:00:00,90464,16268,42960,32396,212,1351,10,1169,1654,20.45,81.367905,96020,61.68298271193501
2025-06-05 04:00:00,94605,17801,45243,32312,543,1609,10,1572,1794,22.0,75.4045,100884,62.49157448158281
2025-06-05 03:00:00,101180,18252,49030,32238,608,2125,10,3190,1773,22.55,76.447815,107226,62.74784100871057
2025-06-05 02:00:00,108440,18706,54201,32207,673,2292,12,4857,1816,23.75,71.77044,114764,63.52776131888048
2025-06-05 01:00:00,111831,18641,55640,32079,678,2513,200,5195,1669,25.0,65.76233,116615,63.697637525189734
2025-06-05 00:00:00,115211,18521,56681,32043,764,2441,1520,5717,1657,26.25,57.512184,119344,63.01280332484247
2025-06-04 23:00:00,117618,18408,56089,32031,703,2222,4005,5894,1917,27.75,51.18114,121269,61.43119841014604
2025-06-04 22:00:00,117955,17842,54181,32037,605,2035,6437,5999,2435,28.9,45.202606,121571,59.24356960130295
2025-06-04 21:00:00,116248,17319,52238,32006,619,1944,7884,5528,2692,29.15,44.128006,120230,57.85328121101223
2025-06-04 20:00:00,112976,16991,49528,32022,633,1733,8859,4529,2867,29.35,42.928146,117162,56.775234290981714
2025-06-04 19:00:00,109859,16937,48896,32050,661,1645,9315,2941,2621,29.15,44.553337,115066,57.21325152521162
2025-06-04 18:00:00,106385,16175,46837,32041,632,1415,10067,2287,2295,28.95,45.797123,111749,56.387081763595205
2025-06-04 17:00:00,102469,15180,44581,32084,652,1294,10113,1819,2282,28.7,48.58143,108005,55.331697606592286
2025-06-04 16:00:00,98407,14288,42971,32014,378,894,10254,1274,2785,27.6,54.31268,104858,54.606229376871575
2025-06-04 15:00:00,94754,13385,40974,32038,339,606,10081,1300,3585,26.55,62.67737,102308,53.13269734527114
2025-06-04 14:00:00,91718,12830,38594,32068,291,479,9447,1231,3942,24.9,69.33639,98882,52.0054206023341
2025-06-04 13:00:00,90282,12650,38130,32083,279,573,7103,1270,4484,23.15,74.41546,96572,52.58252909746096
2025-06-04 12:00:00,87140,12453,37788,32027,254,810,3197,1335,4581,20.35,82.13105,92445,54.34690897290281
2025-06-04 11:00:00,82998,12435,37553,31977,250,847,415,1350,4221,18.65,84.31186,89048,56.13601653041056
2025-06-04 10:00:00,79647,12076,35910,31959,229,828,28,1325,4065,18.05,84.78738,86420,55.52649849571858
2025-06-04 09:00:00,77605,11915,33918,31754,225,737,28,1395,4556,18.15,82.91551,84528,54.2222695438198
2025-06-04 08:00:00,77508,12032,34174,31588,222,731,28,1270,4829,18.5,79.56565,84874,54.44070033225723
2025-06-04 07:00:00,79165,12219,35956,31451,219,804,28,1267,4829,18.85,76.10618,86773,55.51842162884768
2025-06-04 06:00:00,81898,12331,36831,31299,218,810,28,1237,5231,19.15,74.45433,87985,55.87543331249645
2025-06-04 05:00:00,84341,13502,37165,31216,246,827,28,1240,5517,19.85,71.74649,89741,56.45914353528487
2025-06-04 04:00:00,88439,15162,40514,31191,558,892,28,1701,6125,20.65,68.94982,96171,57.89271194018987
2025-06-04 03:00:00,95696,15860,44207,31172,601,1076,28,3620,6687,21.55,66.94462,103251,58.17570774132938
2025-06-04 02:00:00,102194,16441,46526,31135,660,1194,29,5715,6771,22.2,67.50794,108471,58.04961694830877
2025-06-04 01:00:00,104683,16211,47525,31048,617,1173,389,5703,6778,23.4,64.59964,109444,58.23617557837798
2025-06-04 00:00:00,106920,15880,47414,30988,570,1147,3004,5714,6775,24.8,61.504795,111492,56.769992465827144
2025-06-03 23:00:00,108449,15479,45537,30980,594,1138,6809,5992,6550,26.45,54.19655,113079,53.958736812317056
2025-06-03 22:00:00,108244,14704,43824,30966,576,1130,9293,5413,6860,27.2,48.183628,112766,51.9021690935211
2025-06-03 21:00:00,105197,14078,41503,30802,625,1033,10888,2630,6597,27.35,46.101685,108156,51.38965938089426
2025-06-03 20:00:00,101995,13971,41302,30783,530,996,11061,2227,6586,27.2,43.736443,107456,51.43779779630733
2025-06-03 19:00:00,99302,13442,40106,30806,321,649,11293,1657,6854,26.75,41.936584,105128,50.93600182634502
2025-06-03 18:00:00,95884,13002,38048,30821,326,510,11548,1449,6886,26.2,40.296528,102590,49.76118530071157
2025-06-03 17:00:00,92089,12771,35204,30841,345,479,11685,1552,6547,25.4,41.698376,99424,48.25293691663985
2025-06-03 16:00:00,89281,12638,33845,30873,361,482,11349,1318,5972,23.95,50.186886,96838,48.00078481587807
2025-06-03 15:00:00,88090,12556,33796,30894,360,487,10707,1300,4957,21.7,60.0088,95057,48.76232155443576
2025-06-03 14:00:00,87074,12367,34710,30924,300,489,9503,1384,4151,19.1,67.09121,93828,50.173722129854625
2025-06-03 13:00:00,85904,12129,35320,30940,276,586,7066,1450,4384,16.6,72.567856,92151,51.490488437455916
2025-06-03 12:00:00,83861,11916,35376,30941,234,609,3018,1516,5430,14.25,80.54836,89040,53.113207547169814
2025-06-03 11:00:00,80227,11705,35143,30942,227,617,353,1428,5749,12.45,82.2135,86164,54.37073487767513
2025-06-03 10:00:00,76502,11334,32531,30942,224,609,9,1225,5679,11.5,85.48612,82553,53.135561396920764
2025-06-03 09:00:00,73833,11280,30279,30940,219,606,9,1238,5754,11.85,85.81072,80325,51.73856209150327
2025-06-03 08:00:00,73198,11286,29875,30925,218,603,9,1236,6152,12.2,84.98853,80304,51.25647539350469
2025-06-03 07:00:00,73769,11298,30953,30908,218,613,10,1274,6377,12.7,82.24516,81651,51.74584512130899
2025-06-03 06:00:00,74770,11268,30793,30876,217,607,10,1325,6299,13.35,80.694435,81395,51.67516432213281
2025-06-03 05:00:00,77004,11530,31931,30848,215,703,9,1328,5709,14.45,76.14619,82273,52.82534975022182
2025-06-03 04:00:00,80016,12622,34778,30897,213,830,9,1829,5246,15.5,73.33754,86424,54.845876145515135
2025-06-03 03:00:00,85970,13871,38449,31130,214,845,9,3185,4741,16.35,73.97477,92444,56.5964259443555
2025-06-03 02:00:00,91434,14940,40870,31524,214,849,11,5035,3638,17.35,74.39064,97081,57.488076966656706
2025-06-03 01:00:00,93479,14676,42217,31670,210,856,519,5796,2697,18.85,68.145966,98641,57.676828093794676
2025-06-03 00:00:00,94629,13266,41907,31642,210,846,3596,5835,2828,21.3,62.70641,100130,55.1013682213123
2025-06-02 23:00:00,94829,12426,39688,31578,210,811,7619,5589,2755,22.9,45.183674,100676,51.764074853987054
2025-06-02 22:00:00,93373,12245,37672,31428,210,690,9793,4302,2710,23.35,40.847603,99050,50.39575971731449
2025-06-02 21:00:00,91047,11842,35893,31283,211,575,10987,3041,2378,23.45,39.924072,96210,49.61542459203825
2025-06-02 20:00:00,88448,11287,34942,31275,211,501,11602,1859,2069,23.25,39.199554,93746,49.31303735626054
2025-06-02 19:00:00,86890,11020,33680,31312,213,472,12025,1798,1844,22.8,38.41356,92364,48.39547875795765
2025-06-02 18:00:00,85422,10872,31615,31348,212,460,12148,1799,1880,22.15,39.690044,90334,47.03323222706843
2025-06-02 17:00:00,83978,10743,30284,31890,214,459,12124,1727,1665,21.3,40.95986,89106,46.04291517967365
2025-06-02 16:00:00,82749,10845,29416,32057,216,459,12050,1635,1287,20.05,47.189457,87965,45.769340078440294
2025-06-02 15:00:00,82586,11019,30135,32076,273,464,11758,1406,992,17.85,62.960346,88123,46.70063434063752
2025-06-02 14:00:00,82141,11328,29940,32106,363,480,11113,1268,882,15.0,72.27615,87480,47.174211248285324
2025-06-02 13:00:00,82047,11411,30433,32121,270,608,8819,1383,1387,12.25,78.66286,86432,48.412624953720844
2025-06-02 12:00:00,81013,11135,33318,32127,225,762,4096,1673,1725,10.75,84.54231,85061,52.26014272110603
2025-06-02 11:00:00,77517,10991,32921,32128,229,794,469,1675,1871,8.75,88.1683,81078,54.16019142060732
2025-06-02 10:00:00,73488,10327,30391,32127,228,755,0,1318,1865,8.0,86.294945,77011,52.87296619963382
2025-06-02 09:00:00,71878,9960,29862,32121,227,853,0,1316,1812,8.5,83.705956,76151,52.29346955391262
2025-06-02 08:00:00,70803,9852,29216,32105,224,855,0,1323,1879,9.0,81.48641,75454,51.77724176319347
2025-06-02 07:00:00,70920,9895,29730,32069,221,865,0,1354,1922,9.7,78.278145,76056,52.099768591564114
2025-06-02 06:00:00,71240,9958,29997,32052,218,871,0,1358,1895,10.85,73.24757,76349,52.33205411989679
2025-06-02 05:00:00,72394,10253,30444,32033,215,826,0,1361,2072,11.45,69.9074,77204,52.71358996943164
2025-06-02 04:00:00,73908,10835,33831,32026,216,804,0,1539,1809,12.65,61.972187,81060,55.10239328892179
2025-06-02 03:00:00,77866,11248,36872,32015,214,870,0,3554,1749,13.65,58.663136,86522,55.615912715841056
2025-06-02 02:00:00,81700,11396,38373,31999,240,888,3,5561,1435,14.65,56.331287,89895,55.36347961510651
2025-06-02 01:00:00,82371,11085,38192,31987,209,897,488,5833,946,16.0,52.194023,89637,54.97395048919531
2025-06-02 00:00:00,81792,10555,36281,31976,208,885,2907,5248,1069,17.3,60.36038,89129,52.54855322061282
2025-06-01 23:00:00,81125,10159,34517,31939,208,800,6171,3477,1272,18.55,45.50723,88543,50.456840179347886
2025-06-01 22:00:00,79580,9612,33612,31913,210,675,7741,2728,1450,18.95,42.88059,87941,49.15113542033864
2025-06-01 21:00:00,77307,9311,30037,31894,211,581,9365,2707,1584,19.1,42.33486,85690,45.91901038627611
2025-06-01 20:00:00,75210,9385,26565,31886,213,559,10588,2373,1494,18.95,43.776886,83063,43.280401622864574
2025-06-01 19:00:00,73525,9394,24815,31876,213,557,11269,1918,1406,18.6,45.05403,81448,42.00103133287496
2025-06-01 18:00:00,73956,9537,25590,31902,213,565,11735,1516,1372,18.05,46.795708,82430,42.61433943952444
2025-06-01 17:00:00,74354,9611,25469,31935,215,556,11744,1379,1457,17.15,49.86992,82366,42.59038923827793
2025-06-01 16:00:00,74310,9560,25089,31963,217,545,11365,1377,1512,15.9,56.070717,81628,42.447444504336744
2025-06-01 15:00:00,74413,9395,26254,31954,219,549,10376,1407,1391,14.5,63.69439,81545,43.71696609234165
2025-06-01 14:00:00,74066,9446,27425,31930,220,561,8723,1419,1143,12.65,72.330795,80867,45.594618323914574
2025-06-01 13:00:00,72875,9335,28232,31900,222,561,6177,1401,1344,10.6,79.76841,79172,47.4498560097004
2025-06-01 12:00:00,70444,9172,28892,31869,221,562,2632,1399,1785,9.45,82.95988,76532,49.73605811947943
2025-06-01 11:00:00,68072,8968,29101,31827,224,567,363,1402,2164,8.2,84.251724,74616,51.01988849576499
2025-06-01 10:00:00,67321,8786,28988,31795,226,572,0,1398,2409,7.3,86.52369,74174,50.9262005554507
2025-06-01 09:00:00,66898,8689,28607,31767,228,569,0,1422,2616,7.6,88.065865,73898,50.46956615875937
2025-06-01 08:00:00,66905,8844,28299,31709,227,568,0,1431,2952,7.8,90.86043,74030,50.172902877211946
2025-06-01 07:00:00,67592,8875,29605,31638,224,563,0,1431,2985,8.55,89.67565,75321,51.08800998393542
2025-06-01 06:00:00,68588,8762,29953,31531,220,568,0,1436,3398,8.75,87.86646,75868,51.029419518110394
2025-06-01 05:00:00,70393,8864,30003,31408,218,580,0,1486,4150,9.65,82.98454,76709,50.66810934831636
2025-06-01 04:00:00,73306,9435,31938,31353,216,591,0,2134,5049,10.7,77.362785,80716,51.257495416026565
2025-06-01 03:00:00,77240,9749,35175,31318,217,592,0,3186,5521,11.25,75.35963,85758,52.384617178572256
2025-06-01 02:00:00,80084,9857,36743,31376,215,601,6,4745,5182,12.5,70.83783,88725,52.52183713722175
2025-06-01 01:00:00,80576,9876,35604,31345,213,599,411,5324,4823,14.25,61.497997,88195,51.56754918079256
2025-06-01 00:00:00,80593,9684,34420,31319,214,575,2561,4849,4514,16.15,56.134396,88136,50.04084596532632
2025-05-31 23:00:00,80803,9135,33662,31295,215,593,5602,3543,4280,17.55,49.129093,88325,48.45400509482027
2025-05-31 22:00:00,80370,8700,32089,31133,213,611,8115,2737,4088,18.3,43.743748,87686,46.517117897954066
2025-05-31 21:00:00,79968,8581,31163,31024,213,574,9340,2638,4251,18.5,43.04962,87784,45.27476533309031
2025-05-31 20:00:00,79770,8389,30677,30892,212,563,9777,2526,4391,18.5,44.256504,87427,44.68413647957725
2025-05-31 19:00:00,79138,8336,30256,30765,214,554,10281,2040,4332,18.25,47.17412,86778,44.47210122381249
2025-05-31 18:00:00,78322,8313,29194,30774,215,559,10748,1571,4026,17.85,47.879192,85400,43.9192037470726
2025-05-31 17:00:00,78212,8410,28898,30760,216,560,10587,1501,3827,17.2,48.52911,84759,44.01656461260751
2025-05-31 16:00:00,77547,8515,28317,30735,217,558,10502,1271,3598,16.15,55.561916,83713,43.997945360935574
2025-05-31 15:00:00,77916,8460,30425,30726,218,553,9517,1265,3238,15.2,61.721165,84402,46.071183147318784
2025-05-31 14:00:00,78106,8342,30942,30682,219,558,8609,1222,3122,14.25,68.11555,83696,46.93653221181419
2025-05-31 13:00:00,76204,8314,29871,30621,223,559,6598,1219,3710,13.45,75.9829,81115,47.07514023300253
2025-05-31 12:00:00,73616,8278,29921,30444,223,570,3063,1151,4498,12.3,82.19448,78148,48.880329630956645
2025-05-31 11:00:00,71619,8070,30377,30406,225,566,399,1159,5010,12.0,86.98415,76212,50.447436099301946
2025-05-31 10:00:00,71133,7950,30262,30374,229,556,16,1170,5697,12.15,89.65154,76254,50.11146956225247
2025-05-31 09:00:00,70377,7958,29835,30274,229,525,19,1190,6242,12.65,88.80088,76272,49.550293685756245
2025-05-31 08:00:00,71249,8044,31130,30138,225,549,19,1113,6313,12.85,88.81742,77531,50.526886019785636
2025-05-31 07:00:00,72701,8417,32589,30004,222,554,19,1140,6408,13.15,87.67287,79353,51.67542499968495
2025-05-31 06:00:00,74412,8825,32497,29915,219,564,19,1212,6960,13.15,86.23035,80211,51.51662490182145
2025-05-31 05:00:00,75970,9530,32174,29899,217,721,19,1329,7299,13.9,80.50057,81188,51.36719712272749
2025-05-31 04:00:00,79248,10067,35289,29928,217,947,19,1621,7138,14.8,78.515686,85226,53.21850139628752
2025-05-31 03:00:00,83948,10386,39130,30283,217,1255,19,2305,6465,14.3,86.06105,90060,54.98112369531424
2025-05-31 02:00:00,88315,10796,41211,30457,308,1449,19,4167,5770,14.05,89.50202,94177,55.22261273984094
2025-05-31 01:00:00,89965,10547,40498,30315,299,1497,164,4749,6519,14.25,91.59283,94588,53.96561931746099
2025-05-31 00:00:00,90934,10840,40623,30234,296,1578,1187,4048,6597,16.05,85.39925,95403,53.94274813161012
2025-05-30 23:00:00,92715,10954,40204,30214,298,1554,2147,3593,6998,17.0,75.80753,95962,53.31068547966904
2025-05-30 22:00:00,93982,10885,39678,30181,326,1581,3594,3331,6734,17.1,80.14645,96310,52.500259578444606
2025-05-30 21:00:00,94132,10664,38992,30121,385,1501,4960,3161,6511,16.3,87.668846,96295,51.56654031881198
2025-05-30 20:00:00,93380,10715,39187,30065,219,1428,6135,1987,5667,15.85,89.35029,95403,52.30653124115594
2025-05-30 19:00:00,92795,10598,39819,30079,215,1393,6561,1726,4731,15.2,89.29943,95122,53.00245999873846
2025-05-30 18:00:00,92200,10854,39625,30092,231,1493,6924,1556,3358,15.2,86.1514,94133,53.62518989089905
2025-05-30 17:00:00,91132,11245,39271,30082,236,1533,6472,1350,2688,14.7,94.0367,92877,54.390215015558205
2025-05-30 16:00:00,89881,11474,39106,29993,249,1482,5855,1401,1975,14.75,92.52318,91535,55.257551756158854
2025-05-30 15:00:00,88781,11488,38704,29935,242,1353,5143,2207,1395,14.5,93.72224,90467,55.48100412305039
2025-05-30 14:00:00,87805,11502,38875,29888,241,1391,4038,3075,844,14.25,94.01641,89854,56.06539497406905
2025-05-30 13:00:00,86305,11377,38883,29889,242,1366,2461,3336,927,14.55,88.08675,88481,56.80315547970751
2025-05-30 12:00:00,83597,10693,38092,29890,241,1201,954,2867,1443,14.35,91.00228,85381,57.138004942551625
2025-05-30 11:00:00,79173,9874,36468,29880,241,1044,111,1767,1487,14.05,90.387566,80872,57.302898407359784
2025-05-30 10:00:00,75126,9790,33974,29820,227,958,27,1310,1261,13.95,90.08419,77367,56.56675326689674
2025-05-30 09:00:00,73931,9853,33803,29759,229,1007,27,1258,1563,14.65,87.52014,77499,56.33104943289591
2025-05-30 08:00:00,73591,10208,33548,29699,226,1006,27,1232,1706,14.9,86.40404,77652,56.34883840725288
2025-05-30 07:00:00,74118,10851,34078,29573,222,971,27,1214,1766,15.2,83.37477,78702,57.0874945998831
2025-05-30 06:00:00,75357,11282,34641,29450,220,1042,27,1238,1628,15.55,80.459526,79528,57.744442209033295
2025-05-30 05:00:00,77155,12035,36347,29434,217,1060,27,1313,1407,15.95,79.464485,81840,59.1177908113392
2025-05-30 04:00:00,80698,12322,40497,29429,233,1061,28,2063,1303,16.25,79.50703,86936,60.756188460476665
2025-05-30 03:00:00,85768,12539,43326,29421,236,1335,28,3888,1198,16.6,78.26672,91971,60.74197301323243
2025-05-30 02:00:00,89969,13071,44839,29386,232,1456,30,4519,1114,17.65,77.40993,94647,61.185246230731025
2025-05-30 01:00:00,91132,13015,44429,29522,231,1373,188,4917,848,18.55,74.35262,94523,60.772510394295566
2025-05-30 00:00:00,91119,12856,43635,29608,229,1373,1337,5039,786,19.95,63.224636,94863,59.55008802167336
2025-05-29 23:00:00,91422,12530,42459,29534,226,1311,3428,4850,892,21.25,57.786198,95230,57.74335818544576
2025-05-29 22:00:00,91438,12700,41401,29332,204,1299,4944,4691,886,21.95,51.326946,95457,56.67578071801963
2025-05-29 21:00:00,90268,12419,41014,29250,195,1313,5989,3576,801,22.45,49.623497,94557,56.508772486436754
2025-05-29 20:00:00,89255,12316,41264,29226,195,1139,7095,2274,730,22.45,51.458584,94239,56.85544201445262
2025-05-29 19:00:00,88758,11568,40598,29186,212,1180,7657,1995,609,22.25,57.4655,93005,56.089457556045375
2025-05-29 18:00:00,88408,11362,40368,29167,233,1257,8163,1688,468,21.5,64.604294,92706,55.800056091299375
2025-05-29 17:00:00,88180,11487,39943,29185,233,1299,8083,1655,401,19.9,76.02951,92286,55.72892963179681
2025-05-29 16:00:00,87561,11810,40235,29185,236,1376,7217,1495,373,17.45,86.373535,91927,56.61557540222133
2025-05-29 15:00:00,86906,12042,41090,29190,238,1274,6030,1426,393,17.25,87.47182,91683,57.95185585113926
2025-05-29 14:00:00,86188,12452,41078,29197,240,1252,4530,1447,438,17.05,88.87083,90634,59.06172076704107
2025-05-29 13:00:00,85216,12751,41121,29222,242,1239,2716,1424,550,16.1,92.0036,89265,60.35064134879292
2025-05-29 12:00:00,83340,12611,40012,29234,243,1130,1226,1494,577,14.05,94.93202,86527,60.81685485455407
2025-05-29 11:00:00,79589,12141,37955,29192,246,1080,167,1485,518,12.85,96.458466,82784,60.51410900657132
2025-05-29 10:00:00,75957,11516,37181,29148,230,967,9,1351,536,12.35,97.08282,80938,60.165805925523244
2025-05-29 09:00:00,73681,11322,35861,29167,225,818,9,1336,524,12.4,96.7646,79262,59.52789482980495
2025-05-29 08:00:00,72904,11362,35451,29179,225,836,9,1269,565,12.45,97.08506,78896,59.33507402149666
2025-05-29 07:00:00,73344,11618,36009,29128,224,842,9,1175,586,12.65,97.08955,79591,59.83968036587052
2025-05-29 06:00:00,74982,11334,36105,29117,221,849,9,1188,616,13.05,97.09851,79439,59.71751910270774
2025-05-29 05:00:00,76883,11743,36442,29120,299,798,9,1234,636,13.35,95.84249,80281,60.020428245786675
2025-05-29 04:00:00,78628,12630,38208,29112,386,834,9,1445,757,14.1,92.4867,83381,60.9707247454456
2025-05-29 03:00:00,82538,12676,40533,29105,407,873,9,2832,746,15.05,89.87137,87181,61.032793842695085
2025-05-29 02:00:00,86554,12656,42387,29110,410,886,10,4578,637,16.25,87.381004,90674,60.704281271367755
2025-05-29 01:00:00,87710,12392,42592,29105,398,874,150,4718,689,16.35,86.82625,90918,60.476473305616054
2025-05-29 00:00:00,87674,11980,42048,29084,382,875,913,4593,726,18.8,77.3356,90601,59.632895884151395
2025-05-28 23:00:00,88132,12008,41900,29037,342,878,2053,3811,785,19.2,73.74474,90814,59.36089149250115
2025-05-28 22:00:00,88329,12104,42175,29038,389,874,2786,2998,806,19.8,69.67974,91170,59.5360315893386
2025-05-28 21:00:00,87468,11864,41235,29041,390,771,3394,2550,987,19.35,71.65475,90232,58.84719390016846
2025-05-28 20:00:00,87057,12006,41274,29048,388,776,3607,2432,1061,19.3,72.34504,90592,58.81314023313317
2025-05-28 19:00:00,87151,11700,40707,29053,393,809,3948,2422,1202,19.25,72.10213,90234,58.07899461400359
2025-05-28 18:00:00,87592,12073,40407,29059,420,849,3739,2347,1554,18.5,74.34412,90448,58.022289050061914
2025-05-28 17:00:00,87833,12394,40926,29062,435,847,2897,2005,1894,17.15,78.34838,90460,58.943179305770514
2025-05-28 16:00:00,87931,12314,41094,29070,468,839,2612,1954,1988,15.85,83.179085,90339,59.11953862672821
2025-05-28 15:00:00,88074,12271,41482,29084,301,861,1879,2331,1935,14.85,86.96705,90144,59.63014731984381
2025-05-28 14:00:00,86980,11962,41063,29093,239,859,1305,3013,1981,14.25,88.35029,89515,59.23588225437078
2025-05-28 13:00:00,85919,11382,40601,29139,239,851,804,3021,2013,13.65,89.76612,88050,59.03804656445202
2025-05-28 12:00:00,83159,10446,39302,29168,241,869,277,2385,2012,13.55,94.91272,84700,58.73435655253837
2025-05-28 11:00:00,78761,9649,37134,29170,242,848,27,1525,2008,13.2,95.21112,80603,58.04126397280498
2025-05-28 10:00:00,74747,9516,35482,29172,225,762,8,1325,1880,13.0,94.89137,78370,57.41737909914508
2025-05-28 09:00:00,72754,9424,35223,29166,227,664,8,1309,1944,13.0,94.26925,77965,57.26543962034246
2025-05-28 08:00:00,72138,9691,34504,29167,225,655,8,1295,1990,13.0,93.65073,77535,57.000064487005865
2025-05-28 07:00:00,72714,10062,34795,29156,223,654,8,1208,2330,13.05,92.12296,78436,57.189300831250954
2025-05-28 06:00:00,73914,10243,35360,29135,220,633,8,1357,2562,13.1,90.618385,79518,57.34927940843583
2025-05-28 05:00:00,75288,10358,34823,29122,221,834,8,1374,2914,13.15,89.43195,79654,56.72157079368267
2025-05-28 04:00:00,77457,11073,37221,29097,238,1180,8,1723,3169,13.1,88.83804,83709,57.692721212772824
2025-05-28 03:00:00,81901,11310,38970,29082,239,1312,8,3493,3577,13.0,88.53589,87991,57.142207725790136
2025-05-28 02:00:00,86299,11569,41512,29064,300,1447,41,4996,3653,12.9,88.821556,92582,57.33403901406321
2025-05-28 01:00:00,87915,11522,41463,29062,231,1363,138,5250,4085,13.15,87.96391,93114,56.90336576669459
2025-05-28 00:00:00,87642,11424,40655,29052,231,1301,472,5015,4506,14.65,90.4302,92656,56.20682956311518
2025-05-27 23:00:00,88194,11640,40350,29055,232,1295,956,4684,4552,15.4,87.303085,92764,56.045448665430555
2025-05-27 22:00:00,88551,11721,40420,29172,232,1299,1609,3590,4318,16.05,80.26414,92361,56.45348144779723
2025-05-27 21:00:00,87809,11955,40475,29218,229,1223,2125,2457,4159,17.1,73.61956,91841,57.08779303361244
2025-05-27 20:00:00,87181,11827,39175,29212,238,1105,2822,2061,4462,17.3,73.41339,90902,56.106576312952406
2025-05-27 19:00:00,87499,12180,39297,29204,219,1055,3564,2018,4338,17.75,70.89163,91875,56.02938775510204
2025-05-27 18:00:00,87265,12155,38644,29213,215,919,4546,2158,4133,16.9,75.0493,91983,55.22650924627377
2025-05-27 17:00:00,86353,12017,38456,29220,216,900,4828,1601,3848,15.75,81.016655,91086,55.41246733855917
2025-05-27 16:00:00,85436,11863,38294,29239,217,897,4748,1409,3484,16.6,71.61499,90151,55.63665405819126
2025-05-27 15:00:00,84800,11782,38543,29255,219,862,4000,1429,3383,16.85,69.10095,89473,56.24601835190505
2025-05-27 14:00:00,83669,11861,37779,29275,369,841,3184,1485,3353,16.25,70.606224,88147,56.31501922924206
2025-05-27 13:00:00,82971,11968,39086,29296,404,912,1978,1520,3143,15.75,73.1387,88307,57.81421631354253
2025-05-27 12:00:00,80586,10813,38108,29310,256,809,996,1521,3800,14.15,73.342354,85613,57.142022823636594
2025-05-27 11:00:00,76598,10201,36744,29315,225,724,124,1531,3783,13.3,72.69642,82647,56.80181978777209
2025-05-27 10:00:00,72694,9349,34340,29312,226,655,11,1491,3813,12.95,71.40886,79197,55.16496837001401
2025-05-27 09:00:00,69557,9169,31782,29308,229,608,11,1516,4020,13.15,70.24272,76643,53.43084169461007
2025-05-27 08:00:00,68531,9142,30571,29306,227,609,11,1468,4433,13.25,69.31246,75767,52.414639618831416
2025-05-27 07:00:00,68675,9158,31005,29299,224,628,11,1366,4360,13.65,66.84374,76051,52.81061393012584
2025-05-27 06:00:00,69780,9206,30942,29287,222,635,11,1375,4289,14.15,64.05109,75967,52.849263495991686
2025-05-27 05:00:00,71183,9455,31730,29276,221,631,11,1402,4298,14.6,60.951897,77024,53.47034690486082
2025-05-27 04:00:00,73104,10066,34624,29270,220,644,11,1859,4000,15.1,58.217354,80694,55.38206062408605
2025-05-27 03:00:00,77448,10404,37758,29250,219,856,11,3443,3840,15.45,59.307873,85781,56.14530024131218
2025-05-27 02:00:00,81643,10707,38889,29231,265,987,12,5097,4034,15.7,62.04774,89222,55.58718701665508
2025-05-27 01:00:00,82344,10302,37950,29214,211,973,260,5279,4035,16.35,61.158314,88224,54.69260065288357
2025-05-27 00:00:00,82202,9658,37437,29211,210,941,2215,5126,3735,17.75,52.65884,88533,53.19485389628726
2025-05-26 23:00:00,81968,9540,36431,29202,212,926,5588,3899,2950,19.2,45.845722,88748,51.79947717131653
2025-05-26 22:00:00,80605,9269,35043,29208,214,798,7500,3029,2139,20.15,39.800198,87200,50.81651376146789
2025-05-26 21:00:00,78132,9230,32753,29220,214,668,8130,2228,1767,20.55,39.233192,84210,49.855124094525586
2025-05-26 20:00:00,75926,9036,31169,29241,216,585,8353,2251,1598,20.45,40.300037,82449,48.76347802884207
2025-05-26 19:00:00,74588,8881,30111,29251,217,590,8635,1862,1690,20.15,41.622063,81237,47.99783349951377
2025-05-26 18:00:00,74166,8840,29610,29267,219,630,9049,1766,2102,19.5,45.15202,81483,47.18775695543856
2025-05-26 17:00:00,73960,8785,29169,29286,220,650,8739,1570,2440,18.75,46.66979,80859,46.938497879023984
2025-05-26 16:00:00,73315,8828,28510,29302,222,652,8249,1577,2085,17.95,47.415718,79425,47.01038715769594
2025-05-26 15:00:00,73407,9040,30149,29326,224,655,7528,1558,1589,16.9,49.973545,80069,48.94403576914911
2025-05-26 14:00:00,72718,8953,31059,29337,224,650,6665,1489,1324,15.5,57.72143,79701,50.20263233836464
2025-05-26 13:00:00,70902,8899,30381,29360,225,647,5331,1429,1759,13.3,65.18815,78031,50.338967846112446
2025-05-26 12:00:00,69079,9134,29805,29365,226,643,2438,1372,2331,11.2,67.01296,75314,51.70220676102717
2025-05-26 11:00:00,68525,9406,31915,29367,227,642,223,1375,2042,9.4,66.391174,75197,54.95033046531111
2025-05-26 10:00:00,68546,9125,32598,29363,231,645,11,1381,2328,9.1,67.74521,75682,55.129357046589675
2025-05-26 09:00:00,67934,8850,31951,29358,231,647,11,1425,2745,9.55,68.3183,75218,54.24366508016698
2025-05-26 08:00:00,67376,8944,31743,29351,228,646,11,1406,2297,9.95,68.40152,74626,54.52121244606437
2025-05-26 07:00:00,67123,9176,32110,29341,225,650,11,1410,2048,10.35,70.66365,74971,55.06929346013793
2025-05-26 06:00:00,67295,8831,31375,29325,223,653,11,1434,1891,10.95,70.29277,73743,54.52178511858753
2025-05-26 05:00:00,68784,9291,32206,29313,220,657,11,1602,1946,11.5,70.40093,75246,55.14844642904606
2025-05-26 04:00:00,71637,10107,34098,29298,220,655,11,2615,2085,12.45,71.31376,79089,55.89272844516937
2025-05-26 03:00:00,74852,10549,36569,29283,219,732,11,4235,1511,13.35,70.28184,83109,56.69422084250804
2025-05-26 02:00:00,77588,10619,38376,29259,240,676,17,4951,1505,13.85,70.379295,85643,57.20841166236587
2025-05-26 01:00:00,77767,10342,37549,29250,327,686,330,5365,1601,14.25,69.04374,85450,56.045640725570514
2025-05-26 00:00:00,77247,9978,35961,29240,376,670,1667,5063,1499,15.7,57.7713,84454,54.3952921116821
2025-05-25 23:00:00,77261,9795,35595,29232,266,683,3485,3966,1458,16.8,56.29942,84480,53.72869318181818
2025-05-25 22:00:00,76430,9697,34069,29234,253,688,5460,2998,1600,17.5,49.62369,83999,52.10300122620507
2025-05-25 21:00:00,75122,9116,31912,29249,214,678,7210,2493,1655,17.6,49.82136,82527,49.714638845468755
2025-05-25 20:00:00,73721,9082,30034,29258,215,679,8107,2327,1998,17.6,51.37853,81700,47.87760097919217
2025-05-25 19:00:00,73487,8957,29273,29269,217,668,8918,2151,2499,17.4,52.387367,81952,46.64925810230379
2025-05-25 18:00:00,72852,8823,27649,29276,217,668,9982,2096,2978,18.15,50.829346,81689,44.647382144474776
2025-05-25 17:00:00,73639,8831,28669,29285,217,672,10375,1574,3032,18.15,51.002617,82655,45.36930615207792
2025-05-25 16:00:00,74111,8858,28679,29305,219,663,10519,1579,2674,18.05,52.559376,82496,45.50160007757952
2025-05-25 15:00:00,73643,8919,29122,29308,221,659,10218,1580,2393,16.6,60.193535,82420,46.15505945158942
2025-05-25 14:00:00,73025,8989,28503,29297,221,656,9954,1567,1960,14.5,70.268364,81147,46.20257064340025
2025-05-25 13:00:00,71942,9087,29135,29296,220,662,7914,1523,2007,12.1,78.90709,79844,47.870848153900106
2025-05-25 12:00:00,70093,9106,30685,29298,222,661,3596,1565,2316,9.8,85.30459,77449,51.377035210267394
2025-05-25 11:00:00,67458,9064,31009,29301,224,664,479,1571,2383,8.4,86.03848,74695,53.64883861034875
2025-05-25 10:00:00,66579,9088,31039,29262,224,662,11,1582,2485,7.4,88.047905,74353,53.96823262006913
2025-05-25 09:00:00,66131,9033,30345,29173,223,658,11,1578,2743,7.8,86.5738,73764,53.38376443793721
2025-05-25 08:00:00,66211,9046,30458,29104,221,638,11,1456,3035,8.45,83.7,73969,53.406156633184175
2025-05-25 07:00:00,66718,9202,31485,28993,218,640,11,1463,3000,9.1,80.938995,75012,54.240654828560764
2025-05-25 06:00:00,67447,9079,31030,28856,217,640,11,1514,2963,9.5,79.33591,74310,53.97523886421747
2025-05-25 05:00:00,69362,9054,31900,28783,216,637,11,1774,3098,10.15,77.80965,75473,54.26311396128417
2025-05-25 04:00:00,72102,9311,33528,28711,217,633,11,2722,3136,10.95,74.28106,78269,54.73303606791961
2025-05-25 03:00:00,75586,9570,36454,28571,216,640,11,3830,2665,11.8,71.67969,81957,56.15627707212318
2025-05-25 02:00:00,78383,9990,38282,28482,240,624,13,5002,2096,13.05,66.48781,84729,56.97222910691735
2025-05-25 01:00:00,78317,9634,37806,28476,212,619,394,4926,1474,14.45,61.756023,83541,56.78648807172526
2025-05-25 00:00:00,78061,9272,36099,28457,211,596,3118,4732,1431,16.0,52.55503,83916,54.06716240049574
2025-05-24 23:00:00,77601,9119,34616,28465,213,596,6833,3090,1758,17.65,43.862946,84690,51.64127996221514
2025-05-24 22:00:00,76548,8851,32792,28475,215,590,8763,2878,1993,18.05,41.597748,84557,49.24843596627127
2025-05-24 21:00:00,75201,8535,30863,28487,216,589,9849,2285,2208,18.3,40.94998,83032,47.449176221215914
2025-05-24 20:00:00,74738,8425,30455,28485,218,583,10492,1821,2252,18.25,41.22207,82731,46.99568480980527
2025-05-24 19:00:00,74829,8392,30938,28494,218,592,10829,1607,2239,18.25,40.36794,83309,47.20978525729513
2025-05-24 18:00:00,75876,8362,31275,28516,218,599,11143,1481,2231,17.55,42.62961,83825,47.28541604533254
2025-05-24 17:00:00,76256,8175,30933,28529,219,590,11402,1369,2228,16.9,45.51522,83445,46.86679849002337
2025-05-24 16:00:00,76420,8301,30628,28546,221,589,11418,1266,2304,15.55,54.275986,83273,46.74864601971828
2025-05-24 15:00:00,76017,8143,29613,28556,223,577,11320,1256,2476,14.15,60.844727,82164,45.95199844214011
2025-05-24 14:00:00,74860,8187,28456,28576,224,580,10772,1255,2558,12.65,67.089874,80608,45.458267169511714
2025-05-24 13:00:00,73933,8412,28384,28590,225,598,9160,1336,2773,10.9,76.079636,79478,46.29708850247867
2025-05-24 12:00:00,71349,8467,29324,28588,228,602,4466,1289,3235,8.35,84.26902,76199,49.59513904381947
2025-05-24 11:00:00,70052,8640,31875,28615,229,611,492,1302,3347,7.0,87.40173,75111,53.940168550545195
2025-05-24 10:00:00,69099,8576,32121,28724,230,626,11,1305,3332,6.8,87.68785,74925,54.316983650316985
2025-05-24 09:00:00,68364,8336,32166,28855,229,619,11,1306,3372,7.15,86.508606,74894,54.0790984591556
2025-05-24 08:00:00,68083,8270,31710,28975,225,615,11,1317,3501,7.4,85.63633,74624,53.57525728987993
2025-05-24 07:00:00,68626,8391,31785,29096,224,612,11,1505,3365,7.8,83.622345,74989,53.575857792476235
2025-05-24 06:00:00,69912,8393,31523,29218,221,617,11,1658,3428,8.4,81.12422,75069,53.172414711798474
2025-05-24 05:00:00,71242,8836,30601,29337,219,690,14,1882,3658,9.3,76.07713,75237,52.41702885548334
2025-05-24 04:00:00,74767,9318,35164,29358,420,737,14,2347,3176,10.0,73.09284,80534,55.23381428961681
2025-05-24 03:00:00,78670,9651,36998,29337,408,731,14,3747,3088,10.85,73.24757,83974,55.551718389025176
2025-05-24 02:00:00,81873,10257,38338,29308,531,732,17,5169,2738,11.45,76.17023,87090,55.798599150304284
2025-05-24 01:00:00,82325,9873,38074,29289,534,739,399,5466,2765,12.55,72.55899,87139,55.023583011051315
2025-05-24 00:00:00,81868,9292,36510,29284,458,718,2791,4949,3306,14.2,62.121506,87308,52.46025564667613
2025-05-23 23:00:00,82074,9221,35276,29282,512,704,5731,3323,4136,14.75,58.33053,88185,50.458694789363264
2025-05-23 22:00:00,82181,9223,34459,29284,516,620,6825,2821,4871,14.5,62.831646,88619,49.291912569539264
2025-05-23 21:00:00,81875,9201,33020,29277,227,576,7755,2355,5290,15.15,51.606598,87701,48.1419824175323
2025-05-23 20:00:00,82681,9351,33459,29279,234,577,8119,2330,5649,15.3,48.508793,88998,48.10220454392233
2025-05-23 19:00:00,83754,9375,34244,29287,235,573,8394,2304,5794,15.6,46.59601,90206,48.35487661574618
2025-05-23 18:00:00,83949,9215,33639,29290,235,578,9346,1902,6150,15.15,48.80741,90355,47.428476564661615
2025-05-23 17:00:00,84134,9199,33567,29301,236,580,9649,1611,6186,14.55,48.81205,90329,47.344706572640014
2025-05-23 16:00:00,84032,9155,34149,29312,238,572,9389,1388,5951,13.6,51.91118,90154,48.03336513077623
2025-05-23 15:00:00,83808,9304,34640,29326,234,564,9482,1199,5007,12.25,59.13622,89756,48.959401042827224
2025-05-23 14:00:00,83916,9311,35367,29330,233,576,9224,1226,4121,11.65,61.73598,89388,49.98210050566072
2025-05-23 13:00:00,83406,9357,34812,29338,234,668,7977,1401,4382,10.05,70.35936,88169,50.09583867345666
2025-05-23 12:00:00,82098,9445,35469,29335,220,701,3866,2095,4779,7.7,75.27738,85910,52.28029333022931
2025-05-23 11:00:00,78553,9199,34428,29339,222,702,374,2736,4431,6.5,78.333824,81431,53.57541968046567
2025-05-23 10:00:00,74050,9183,33543,29341,224,701,11,1179,4131,6.75,78.92756,78313,54.5579916488961
2025-05-23 09:00:00,72184,9310,33408,29339,223,698,11,1111,3617,7.0,79.52295,77717,54.966094934184284
2025-05-23 08:00:00,71883,9427,33690,29340,218,675,11,1143,3276,7.35,78.189224,77780,55.434559012599635
2025-05-23 07:00:00,72366,9689,34713,29332,215,658,11,1241,3001,7.9,75.04742,78860,56.30484402739031
2025-05-23 06:00:00,73233,9926,33831,29322,213,656,11,1249,2737,8.35,73.56043,77945,56.138302649303995
2025-05-23 05:00:00,75090,10389,34741,29325,329,763,11,1301,2589,9.1,72.16648,79448,56.804450709898305
2025-05-23 04:00:00,77679,10724,36719,29326,455,814,11,1845,2583,10.0,72.0845,82477,57.522703299101565
2025-05-23 03:00:00,81774,11228,38736,29325,442,856,11,3146,2754,10.9,75.04217,86498,57.76318527596014
2025-05-23 02:00:00,85865,11641,40219,29275,505,835,12,5138,3042,11.3,73.83413,90667,57.19831912382675
2025-05-23 01:00:00,87012,11060,40197,29223,522,849,197,5320,3589,11.9,71.45325,90957,56.35300196796288
2025-05-23 00:00:00,86512,10251,38316,29214,490,866,1373,5253,4507,12.65,68.71981,90270,53.80192755068129
2025-05-22 23:00:00,86706,10346,38326,29210,460,766,3219,3401,5018,12.95,67.614876,90746,53.63542194697287
2025-05-22 22:00:00,87039,10367,37642,29203,437,641,5310,2468,5414,13.25,66.07676,91482,52.47917623138978
2025-05-22 21:00:00,87044,10210,37036,29226,452,618,6291,2289,5606,13.25,66.53068,91728,51.50662829234258
2025-05-22 20:00:00,86801,9877,36345,29229,445,589,6920,1861,5513,13.1,68.57694,90779,50.917062316174444
2025-05-22 19:00:00,87171,9887,36429,29213,476,518,7348,1715,5207,12.65,72.084946,90793,51.01274327315982
2025-05-22 18:00:00,87567,9846,36655,29212,476,509,7003,1496,4798,12.55,72.06631,89995,51.670648369353856
2025-05-22 17:00:00,87290,9988,37324,29234,563,511,6127,1427,4429,13.3,67.919365,89603,52.801803511043154
2025-05-22 16:00:00,87054,9866,37139,29240,580,510,5745,1485,4325,12.55,69.40895,88890,52.879964000449995
2025-05-22 15:00:00,87003,9998,37637,29229,465,507,5362,1817,3957,11.25,76.13733,88972,53.5393157397833
2025-05-22 14:00:00,86149,10014,36867,29214,657,503,4966,1922,3761,11.25,77.1853,87904,53.33204404805242
2025-05-22 13:00:00,85134,10020,36911,29204,490,682,3506,2078,3791,11.15,79.84692,86682,54.14157495212385
2025-05-22 12:00:00,83193,9829,36799,29188,389,817,1429,2035,4199,10.75,83.97053,84685,55.06051839168684
2025-05-22 11:00:00,78903,9195,34760,29162,232,802,145,1992,4402,10.75,85.406425,80690,54.473912504647416
2025-05-22 10:00:00,74768,8698,32985,29144,223,783,21,1350,4414,10.75,87.15808,77618,53.70274936226133
2025-05-22 09:00:00,73709,8547,32734,29120,225,796,21,1237,4593,10.9,87.46699,77273,53.422282039004564
2025-05-22 08:00:00,72944,8525,32312,29070,224,780,21,1245,4823,11.15,84.5872,77000,53.03506493506494
2025-05-22 07:00:00,73447,8702,32997,29041,222,803,21,1274,4868,11.25,83.7448,77928,53.50964993327174
2025-05-22 06:00:00,74405,8755,32406,29022,217,809,21,1275,5110,11.65,82.66834,77615,53.03227468917091
2025-05-22 05:00:00,76531,9356,33163,29030,217,813,21,1286,5257,12.1,83.84421,79143,53.72427125582806
2025-05-22 04:00:00,79253,10481,35638,29020,216,864,21,1367,5035,12.55,85.02655,82642,55.80576462331502
2025-05-22 03:00:00,82042,11150,38568,29021,215,879,21,1770,5067,13.15,87.38268,86691,57.350820731102424
2025-05-22 02:00:00,86210,11221,40042,29018,231,879,21,4181,5307,13.4,85.96986,90900,56.394939493949394
2025-05-22 01:00:00,87867,10839,39604,29015,185,873,41,5135,5710,14.0,81.05149,91402,55.18807028292597
2025-05-22 00:00:00,87940,10463,39218,29009,192,880,356,5013,6376,16.35,74.21928,91507,54.2920213754139
2025-05-21 23:00:00,88441,10531,39216,29002,415,884,1099,3467,7279,17.05,72.64914,91893,54.1357883625521
2025-05-21 22:00:00,88945,10441,38526,28999,405,879,1831,3137,7942,18.05,70.948265,92160,53.132595486111114
2025-05-21 21:00:00,88420,10577,37987,28986,251,852,2621,2980,8335,18.75,66.36213,92589,52.45115510481807
2025-05-21 20:00:00,87892,10283,36499,28958,222,805,3914,2593,8410,19.45,58.692345,91684,51.02526067798089
2025-05-21 19:00:00,87998,10163,36794,28957,304,840,4353,2348,8174,20.25,59.274582,91933,51.077415074021296
2025-05-21 18:00:00,88169,10269,36763,28961,309,1025,4933,1896,7521,20.95,60.0279,91677,51.301853245634135
2025-05-21 17:00:00,88095,10516,37086,28987,341,1179,4521,1315,6811,18.5,83.75781,90756,52.45052668694081
2025-05-21 16:00:00,88155,10760,37869,29030,369,1358,3376,1300,6116,17.9,79.99696,90178,53.92556942935084
2025-05-21 15:00:00,87575,10749,38647,29040,326,1391,2173,1737,5398,19.55,78.69956,89461,55.21512167313131
2025-05-21 14:00:00,86722,10503,38648,29047,278,1267,1510,2170,5050,18.15,85.34287,88473,55.55480202999785
2025-05-21 13:00:00,85376,10035,38898,29055,229,1151,911,2078,4520,17.05,88.87083,86877,56.32445871749715
2025-05-21 12:00:00,82931,9315,37572,29081,224,1035,524,2117,4065,16.6,95.94393,83933,55.86241406836405
2025-05-21 11:00:00,78886,8839,35276,29104,226,968,46,1520,3847,16.15,97.16657,79826,55.26394908926916
2025-05-21 10:00:00,75292,8513,33658,29067,225,992,24,1209,3588,15.8,98.09802,77276,54.571924012630056
2025-05-21 09:00:00,73399,8453,33252,28958,222,1041,24,1215,3186,15.2,99.35949,76351,54.622729237338085
2025-05-21 08:00:00,72631,8539,32776,28950,219,1070,24,1219,3298,14.3,98.71368,76095,54.293974636966944
2025-05-21 07:00:00,73576,8887,33641,28986,218,1166,24,1219,3226,14.85,94.96264,77367,54.969172903175775
2025-05-21 06:00:00,74791,9159,34389,29027,216,1269,24,1224,3186,14.3,94.01868,78494,55.47939969934008
2025-05-21 05:00:00,75869,9590,34135,29030,216,1362,24,1374,3243,14.95,90.157234,78974,55.36632309367639
2025-05-21 04:00:00,78066,10477,36383,29025,496,1343,24,2032,2853,14.85,87.25225,82633,56.70857889705081
2025-05-21 03:00:00,82546,11128,39580,29019,477,1360,24,3622,2966,14.65,85.53248,88176,57.50771184902922
2025-05-21 02:00:00,87637,11195,42513,29010,551,1460,24,4798,3147,14.95,81.71476,92698,57.938682603723926
2025-05-21 01:00:00,89414,10769,43140,29006,542,1416,64,5231,3755,14.75,79.29302,93923,57.397016705173385
2025-05-21 00:00:00,89163,10307,42376,29000,534,1224,1239,4951,4056,15.9,78.93706,93687,56.23298856831791
2025-05-20 23:00:00,89653,10210,41098,29000,531,1050,3381,4652,3867,16.15,77.687515,93789,54.70577573062939
2025-05-20 22:00:00,89427,10067,38840,28991,536,950,4545,4648,4622,15.7,79.16808,93199,52.47588493438771
2025-05-20 21:00:00,87808,9823,36817,28981,550,848,5547,3160,5814,16.85,67.964005,91540,50.950404194887476
2025-05-20 20:00:00,86088,9397,34950,28990,536,747,7219,2098,6230,17.55,62.68294,90167,49.183182317255756
2025-05-20 19:00:00,85166,9284,34807,29021,387,723,7793,1873,6260,17.55,63.313004,90148,48.90957092780761
2025-05-20 18:00:00,84350,9130,33623,29035,214,680,8498,1781,6472,16.2,69.66386,89433,47.804501694005566
2025-05-20 17:00:00,83537,8975,33398,29053,214,704,8343,1333,6516,14.6,76.6798,88536,47.859627722056565
2025-05-20 16:00:00,84263,8915,33897,29075,214,798,7939,1295,6864,12.7,82.521225,88997,48.104992303111345
2025-05-20 15:00:00,84588,8737,33680,29078,215,902,7396,1450,7065,13.05,75.40633,88523,47.91636071981293
2025-05-20 14:00:00,84269,8582,33125,29080,216,950,6894,1455,7009,12.1,77.31939,87311,47.76832243359943
2025-05-20 13:00:00,83724,8638,33516,29088,217,991,5580,1464,6600,10.55,80.8591,86094,48.9627616326341
2025-05-20 12:00:00,82198,8837,33922,29092,217,1143,2699,1665,6551,10.4,79.467094,84126,50.82733043292205
2025-05-20 11:00:00,78989,8409,32840,29086,218,1159,375,1566,6896,9.65,80.45855,80549,51.209822592459254
2025-05-20 10:00:00,75530,7829,31124,29080,219,1074,22,1435,7381,9.45,80.15388,78164,49.834962386776525
2025-05-20 09:00:00,72494,7355,29163,29040,220,1028,22,1445,7534,9.55,81.000336,75807,48.17233237036157
2025-05-20 08:00:00,71695,7671,28193,28977,216,949,22,1436,7642,9.9,81.32636,75106,47.751178334620406
2025-05-20 07:00:00,72485,7987,28968,28968,213,1032,22,1427,7759,10.4,80.56265,76376,48.38561851890646
2025-05-20 06:00:00,74162,8626,29287,28965,213,1039,22,1394,7748,10.95,80.09096,77294,49.05037907211426
2025-05-20 05:00:00,76244,9727,29738,28952,211,1049,22,1411,7563,11.75,77.527504,78673,50.16333430783115
2025-05-20 04:00:00,79020,10476,31721,28916,693,1117,22,1513,7013,12.6,74.063736,81471,51.7938898503762
2025-05-20 03:00:00,84228,11359,35232,28898,1170,1104,22,2955,6817,13.3,72.45071,87557,53.21219319985838
2025-05-20 02:00:00,89992,11546,39113,28887,1195,1088,22,5235,6556,14.35,69.76692,93642,54.098588240319515
2025-05-20 01:00:00,92113,11348,39794,28875,1067,1084,273,5378,6149,16.2,65.37984,93968,54.42491060786651
2025-05-20 00:00:00,93456,10688,39863,28864,860,1140,2783,5202,6115,17.85,61.50921,95515,52.924671517562686
2025-05-19 23:00:00,94478,9890,37126,28864,850,1081,6453,5359,6337,19.35,53.25751,95960,48.9954147561484
2025-05-19 22:00:00,94191,9710,35154,28876,833,978,9257,4815,5928,20.05,51.165092,95551,46.9529361283503
2025-05-19 21:00:00,92381,9680,33886,28873,813,849,10466,4010,5474,20.75,51.009293,94051,46.3216765371979
2025-05-19 20:00:00,90782,9372,33441,28881,853,739,11216,3733,4525,21.45,50.017212,92760,46.154592496765844
2025-05-19 19:00:00,89371,9464,32416,28914,761,705,11468,2878,4194,21.4,50.00384,90800,46.12334801762115
2025-05-19 18:00:00,87890,9685,32188,28936,569,713,11661,2588,3920,21.0,49.730152,90260,46.39153556392643
2025-05-19 17:00:00,86042,9129,30824,28968,312,711,11505,2128,4866,20.3,52.444565,88443,45.17372771163348
2025-05-19 16:00:00,85638,9102,30677,29900,208,734,11040,1648,4995,18.8,58.92575,88304,45.04778945461134
2025-05-19 15:00:00,85275,9075,31018,30087,211,797,10516,1475,4675,17.55,64.161766,87854,45.635941448311975
2025-05-19 14:00:00,84538,8838,30524,30094,213,844,10133,1494,4531,16.15,72.968025,86671,45.415421536615476
2025-05-19 13:00:00,83679,8962,30871,30089,214,1077,8154,1490,4196,14.05,83.238205,85053,46.83315109402373
2025-05-19 12:00:00,81590,9349,32104,30082,214,1188,3664,2087,3850,11.4,87.51317,82538,50.2229276212169
2025-05-19 11:00:00,77490,8209,30741,30058,217,1072,434,2295,4650,10.25,87.7035,77676,50.14418868118853
2025-05-19 10:00:00,73065,7797,29135,30019,219,1074,22,1529,4682,10.35,85.65423,74477,49.58846355250614
2025-05-19 09:00:00,71764,8081,28408,29956,220,1059,22,1504,4550,11.0,84.284546,73800,49.44308943089431
2025-05-19 08:00:00,70971,8255,28016,29808,220,1068,22,1515,4676,11.65,83.22834,73580,49.29464528404458
2025-05-19 07:00:00,71756,8519,29067,29693,217,1082,22,1532,4580,12.45,82.2135,74712,50.30784880608202
2025-05-19 06:00:00,73069,8774,29429,29663,216,1137,22,1539,4831,13.15,82.57721,75611,50.525717157556436
2025-05-19 05:00:00,75164,9469,30384,29658,234,1175,22,1555,5235,13.7,83.19631,77732,51.26974733700407
2025-05-19 04:00:00,77659,9766,32085,29786,589,1105,22,1812,5640,14.45,81.650246,80805,51.7925870923829
2025-05-19 03:00:00,82265,10632,34092,30024,696,1157,22,3083,4968,15.35,77.56503,84674,52.81904716914283
2025-05-19 02:00:00,87007,11300,37739,30170,737,1236,23,5175,3540,16.15,74.18483,89920,54.53625444839858
2025-05-19 01:00:00,88672,11057,39361,30017,713,1215,388,5522,2815,17.05,70.758934,91088,55.35086948884596
2025-05-19 00:00:00,89226,10230,38605,29829,706,1109,2866,5511,2209,18.1,65.789055,91065,53.626530500192175
2025-05-18 23:00:00,89101,9772,36168,29781,705,1115,6110,5040,2308,19.5,58.70445,90999,50.48407125353026
2025-05-18 22:00:00,88431,9549,34685,29718,702,1085,7780,4277,2389,20.45,52.659126,90185,49.04806786050895
2025-05-18 21:00:00,86103,9135,33904,29642,669,983,8709,2828,2239,20.85,50.696365,88109,48.84745031722071
2025-05-18 20:00:00,83892,8560,32526,29573,654,899,9308,2339,2340,21.0,49.896614,86199,47.66412603394471
2025-05-18 19:00:00,82994,8437,31280,29524,348,667,10185,2343,2378,21.15,49.60455,85162,46.636997721988685
2025-05-18 18:00:00,81531,8268,30395,29503,323,577,10223,2092,2434,20.65,51.324394,83815,46.1289745272326
2025-05-18 17:00:00,80172,8391,30125,29482,329,554,9623,1848,2610,19.8,53.19644,82962,46.42607458836576
2025-05-18 16:00:00,79077,8505,29783,29499,244,546,9306,1630,2868,18.9,55.698128,82381,46.476736140614946
2025-05-18 15:00:00,78518,8318,29025,29539,216,542,9445,1621,2968,18.65,57.529488,81674,45.722016798491566
2025-05-18 14:00:00,77074,8308,27654,29538,216,542,8872,1625,2865,17.75,62.9377,79620,45.167043456417986
2025-05-18 13:00:00,74709,8264,27263,29535,216,558,6515,1626,2835,16.55,71.36915,76812,46.251887725876166
2025-05-18 12:00:00,71982,8222,27253,29495,215,779,2633,1678,3163,14.4,78.979744,73438,48.30605408644026
2025-05-18 11:00:00,69932,8260,28660,29453,217,918,276,1726,3400,13.4,82.88384,72910,50.637772596351674
2025-05-18 10:00:00,69689,8134,28901,29384,220,911,22,1620,4092,13.25,83.41977,73284,50.53626985426559
2025-05-18 09:00:00,69631,8113,28829,29207,222,925,22,1624,4549,13.6,80.72836,73491,50.26737967914438
2025-05-18 08:00:00,69637,8343,29108,28983,220,930,22,1639,4948,13.95,78.651115,74193,50.47780787944954
2025-05-18 07:00:00,70796,8741,29788,28878,219,1115,22,1641,5205,14.6,77.44933,75609,50.95821925961195
2025-05-18 06:00:00,73398,9143,30451,28805,217,1352,22,1640,5156,14.3,78.44131,76786,51.56408720339645
2025-05-18 05:00:00,76634,9456,31950,28710,221,1615,22,1632,5014,14.5,76.91976,78620,52.66598829814296
2025-05-18 04:00:00,80847,9926,35514,28833,375,1740,22,1830,5057,14.85,75.705475,83297,54.551784578076045
2025-05-18 03:00:00,85843,10081,37702,29170,857,1830,22,3884,5453,15.55,73.10298,88999,53.68936729626176
2025-05-18 02:00:00,90367,10412,39948,29459,962,1901,23,5045,5973,17.1,64.70636,93723,53.73280838214739
2025-05-18 01:00:00,92376,10343,40046,29427,1073,1801,247,5164,7343,17.85,60.288933,95444,52.79430870458069
2025-05-18 00:00:00,94162,10169,39314,29252,1082,1682,2002,5129,8212,17.7,59.650833,96842,51.0966316267735
2025-05-17 23:00:00,95956,10069,38729,29156,849,1599,5322,4416,8639,18.65,56.00922,98779,49.4011885117282
2025-05-17 22:00:00,96073,9575,37224,29133,512,1368,7797,4022,8916,19.25,54.678616,98547,47.48901539367002
2025-05-17 21:00:00,94718,9513,35090,29110,432,1063,8863,4016,8937,20.0,50.809505,97024,45.97109993403694
2025-05-17 20:00:00,92097,9750,32935,29114,435,926,9508,3191,8641,20.1,50.496037,94500,45.16931216931217
2025-05-17 19:00:00,90608,9430,31476,29033,456,899,9757,2880,8706,20.65,47.195183,92637,44.157302157885084
2025-05-17 18:00:00,89314,9329,30563,28843,374,907,10078,2470,8607,21.25,47.678673,91171,43.75514143751851
2025-05-17 17:00:00,88369,9453,30269,28745,350,911,10400,1919,8702,21.15,49.60455,90749,43.7712812262394
2025-05-17 16:00:00,87106,9561,30654,28721,221,930,8939,1603,8102,20.8,50.009945,88731,45.32237887547757
2025-05-17 15:00:00,85958,9658,30226,28712,211,930,7891,1597,8177,19.75,62.356094,87402,45.632823047527516
2025-05-17 14:00:00,84109,10120,29646,28709,209,855,6532,1594,8026,19.1,68.41934,85691,46.40627370435635
2025-05-17 13:00:00,81491,10201,28973,28708,210,762,4972,1611,7913,19.75,78.22709,83350,46.999400119976
2025-05-17 12:00:00,77796,10152,28519,28708,210,887,1768,1618,7467,18.65,87.31936,79329,48.747620668355836
2025-05-17 11:00:00,75305,9990,29091,28687,212,935,118,1614,7244,17.75,92.983185,77891,50.17396104813137
2025-05-17 10:00:00,74169,10162,29095,28676,212,954,22,1601,6924,17.55,93.86404,77646,50.558947015944156
2025-05-17 09:00:00,74007,9956,28411,28672,212,936,22,1588,7348,17.6,92.09187,77145,49.733618510596926
2025-05-17 08:00:00,74728,10001,28902,28778,210,946,22,1589,7517,17.9,93.880005,77965,49.89803116783172
2025-05-17 07:00:00,75662,10534,29617,28782,208,956,22,1589,7490,17.4,92.37429,79198,50.696987297659035
2025-05-17 06:00:00,77478,11266,30613,28908,207,980,22,1933,6963,17.3,90.90539,80892,51.77149779953518
2025-05-17 05:00:00,80809,12276,31678,28874,226,1066,22,2233,7483,17.6,89.19996,83858,52.41479644160366
2025-05-17 04:00:00,85792,12791,35616,28865,629,1305,22,2265,7502,18.4,91.556786,88995,54.392943423787855
2025-05-17 03:00:00,92213,13362,38845,29322,878,2170,22,3523,7669,19.95,93.38743,95791,54.500944765165826
2025-05-17 02:00:00,97962,14684,41621,29465,1136,2413,23,4370,7602,21.1,86.723015,101314,55.57474781372762
2025-05-17 01:00:00,101187,15012,43534,29454,1310,2349,90,3705,7499,22.95,74.14886,102953,56.86672559323186
2025-05-17 00:00:00,103683,15208,44185,29438,1251,2331,843,3710,7348,21.1,89.46964,104314,56.93674866269149
2025-05-16 23:00:00,107052,15301,44605,29439,1345,2183,2535,4580,6867,20.7,88.605194,106855,56.06288896167704
2025-05-16 22:00:00,110447,15347,45128,29566,1474,1967,4819,4399,7307,19.65,87.96287,110007,54.97377439617479
2025-05-16 21:00:00,110623,14792,43747,29602,1384,1884,6694,4498,7515,20.9,88.069954,110116,53.1612118129972
2025-05-16 20:00:00,108677,14379,41482,29596,1493,1741,8488,4581,7374,20.75,86.41891,109134,51.18569831583192
2025-05-16 19:00:00,106993,14419,40741,29599,1181,1880,8797,4208,6675,24.6,72.597885,107500,51.31162790697674
2025-05-16 18:00:00,106687,14749,40940,29604,1087,1977,8460,3943,6542,23.7,74.97334,107302,51.89931222158022
2025-05-16 17:00:00,105148,14963,39529,29625,1123,2037,8242,3230,5787,25.1,63.54719,104536,52.12749674753196
2025-05-16 16:00:00,102120,15238,39465,29628,907,1987,8168,1836,4126,25.4,62.81714,101355,53.97168368605397
2025-05-16 15:00:00,99415,14771,39288,29638,294,2036,8642,1531,3117,25.25,63.579865,99317,54.43076210517837
2025-05-16 14:00:00,96668,15120,38207,29663,342,1539,8168,1530,2919,24.35,73.235176,97488,54.701091416379455
2025-05-16 13:00:00,93610,14461,36461,29683,375,1485,6382,1540,3518,23.15,82.21719,93905,54.22714445450188
2025-05-16 12:00:00,89939,14030,35515,29694,328,1468,2395,1687,4553,20.45,91.68236,89670,55.25259284041485
2025-05-16 11:00:00,85314,13263,34524,29700,187,1354,181,1697,4997,19.9,94.55836,85903,55.62902343340744
2025-05-16 10:00:00,81662,12979,33080,29701,190,1202,22,1579,4849,20.4,93.99228,83602,55.09317958900505
2025-05-16 09:00:00,79244,12924,31444,29703,186,1153,22,1581,4468,19.95,95.15163,81481,54.4519581252071
2025-05-16 08:00:00,79414,13410,31634,29683,185,1303,22,1580,4375,19.1,96.92549,82192,54.80338719096749
2025-05-16 07:00:00,81125,14125,32798,29672,189,1500,22,1581,4542,19.05,95.11909,84429,55.576875244288104
2025-05-16 06:00:00,83448,14728,33631,29660,198,1620,22,1584,4901,18.8,95.70952,86344,56.007365885296025
2025-05-16 05:00:00,87256,15697,35474,29647,271,1629,22,1585,5813,20.3,90.81832,90138,56.7696199161286
2025-05-16 04:00:00,91310,16234,37645,29636,780,1648,22,1765,6414,19.8,91.07008,94144,57.23041298436438
2025-05-16 03:00:00,97763,17181,40839,29623,937,2107,22,3318,6775,19.85,91.93335,100802,57.55838177813932
2025-05-16 02:00:00,104141,17953,44068,29588,1036,2597,23,5151,7014,20.55,88.592964,107430,57.73154612305687
2025-05-16 01:00:00,107852,18140,45904,29586,1168,2495,185,5492,6585,24.3,74.838326,109555,58.45830861211264
2025-05-16 00:00:00,109374,18159,45929,29569,1386,2320,1782,5478,6328,25.0,77.299965,110951,57.76243566980018
2025-05-15 23:00:00,110676,17901,44873,29559,1006,2383,5333,5488,6061,26.2,71.104065,112604,55.74757557457994
2025-05-15 22:00:00,110108,17385,42909,29551,842,2102,6928,5487,6069,26.65,65.899185,111273,54.18565150575611
2025-05-15 21:00:00,108162,17045,40202,29558,692,1834,7685,5423,6150,26.4,64.629845,108589,52.71896785125565
2025-05-15 20:00:00,105087,16673,38567,29566,669,1774,8097,4833,6153,26.7,63.299614,106332,51.95049467704924
2025-05-15 19:00:00,102353,16035,37533,29577,561,1737,8478,3761,5970,27.3,58.49252,103652,51.680623625207424
2025-05-15 18:00:00,99930,15681,37161,29615,588,1653,8410,2958,5477,26.6,61.9099,101543,52.03903764907477
2025-05-15 17:00:00,97010,14798,36567,29630,607,1716,8670,2131,4192,25.65,66.9338,98311,52.24745959251762
2025-05-15 16:00:00,94610,14798,36170,29623,636,1544,8440,1743,3461,24.85,73.09404,96415,52.863143701706164
2025-05-15 15:00:00,93255,14887,35982,29672,386,1211,7449,1645,3507,23.05,78.95111,94739,53.69383252937017
2025-05-15 14:00:00,91291,14919,34913,29703,386,1120,6518,1648,2937,21.3,83.54787,92144,54.0805695433235
2025-05-15 13:00:00,89421,15127,34893,29717,333,1051,4459,1655,2517,19.3,87.65504,89752,55.731348605045014
2025-05-15 12:00:00,86609,14679,35153,29733,216,950,1568,1659,2718,16.55,94.42076,86676,57.49227006322396
2025-05-15 11:00:00,82971,13867,34483,29732,216,855,101,1676,2555,14.95,95.89289,83485,57.91459543630593
2025-05-15 10:00:00,78047,12700,31603,29724,216,748,22,1669,2708,14.0,96.80414,79390,55.80425746315657
2025-05-15 09:00:00,75225,12193,29319,29714,214,705,22,1671,2890,14.45,96.189,76728,54.10280471275154
2025-05-15 08:00:00,74665,12221,29320,29705,209,697,22,1671,2975,15.15,96.520256,76820,54.07576152043738
2025-05-15 07:00:00,75661,12662,29271,29707,207,768,22,1673,3009,15.75,96.22648,77319,54.23375884323387
2025-05-15 06:00:00,77690,13565,31065,29712,205,854,22,1674,2990,15.95,96.85137,80087,55.72689699951303
2025-05-15 05:00:00,80434,14165,32452,29714,226,1004,22,1676,3144,16.85,95.64621,82403,56.571969467131055
2025-05-15 04:00:00,83397,15326,34633,29715,333,1183,22,1700,3121,17.35,94.75494,86033,58.06957795264608
2025-05-15 03:00:00,87896,16574,37864,29703,327,1318,22,3112,2709,17.8,93.875435,91629,59.41132174311626
2025-05-15 02:00:00,93158,17088,40819,29692,344,1315,57,4628,2428,18.55,92.43876,96371,60.087578213362946
2025-05-15 01:00:00,95404,17346,41163,29691,331,1219,187,5238,1926,18.65,91.86212,97101,60.2558161089999
2025-05-15 00:00:00,96268,17535,40829,29690,425,1122,1385,5270,1736,19.95,84.18797,97992,59.559964078700304
2025-05-14 23:00:00,97543,17503,40111,29684,416,1092,2661,5218,1631,20.55,79.59726,98316,58.600838113837014
2025-05-14 22:00:00,97888,17475,39418,29685,422,1140,3801,5115,1308,20.1,79.788,98364,57.83925013216217
2025-05-14 21:00:00,97151,17290,39718,29690,418,1220,4131,4277,1140,20.7,75.43264,97884,58.240366147685016
2025-05-14 20:00:00,96013,17255,39833,29693,431,1335,3878,3684,1296,22.9,64.49203,97405,58.60890098044248
2025-05-14 19:00:00,95052,17059,39249,29698,477,1402,5409,3353,1049,23.25,62.738613,97696,57.635931870291515
2025-05-14 18:00:00,93895,16419,38064,29708,447,1276,6901,2542,875,23.4,64.39427,96232,56.61630226951534
2025-05-14 17:00:00,92465,16107,37565,29742,310,1270,7368,2053,691,22.95,69.61768,95106,56.43387378293694
2025-05-14 16:00:00,90884,15661,37313,29755,315,1216,6902,1599,631,21.85,75.61872,93392,56.72220318656844
2025-05-14 15:00:00,90238,15920,37782,29774,323,1243,5179,1545,609,20.35,80.84135,92375,58.13477672530446
2025-05-14 14:00:00,89344,15822,36922,29799,419,1155,3869,1585,697,18.85,87.89357,90268,58.43045154429034
2025-05-14 13:00:00,87839,15785,36093,29806,395,1148,2352,1610,820,17.65,92.682785,88009,58.94624413412265
2025-05-14 12:00:00,85168,15319,34502,29820,351,1093,1000,1617,1038,16.1,96.23649,84740,58.79277790889781
2025-05-14 11:00:00,81631,14530,33193,29831,214,1080,92,1622,1133,15.35,99.04167,81695,58.41605973437787
2025-05-14 10:00:00,76404,12937,30918,29822,214,1013,22,1597,1282,15.3,99.35997,77805,56.36527215474584
2025-05-14 09:00:00,73421,12269,28914,29824,211,950,22,1579,1483,15.4,99.36047,75252,54.72678467017488
2025-05-14 08:00:00,72851,12605,29230,29815,211,964,22,1568,1697,15.1,99.67904,76112,54.96505150304814
2025-05-14 07:00:00,73960,13070,29858,29807,212,1024,22,1564,1816,15.45,99.04241,77373,55.48188644617631
2025-05-14 06:00:00,75839,13769,30185,29816,208,1046,22,1564,1798,15.6,99.04352,78408,56.058055300479545
2025-05-14 05:00:00,78472,15336,31104,29807,205,1124,22,1577,1888,16.1,98.416435,81063,57.288775396913515
2025-05-14 04:00:00,81726,16464,34422,29800,206,1137,22,1637,1923,16.55,98.42188,85611,59.43862354136735
2025-05-14 03:00:00,85760,17197,38224,29781,285,1163,22,2476,1945,17.1,96.26486,91093,60.840020638248824
2025-05-14 02:00:00,90606,17427,40208,29761,361,1287,22,3962,2226,17.5,95.36441,95254,60.50664539021984
2025-05-14 01:00:00,92956,17247,40686,29737,367,1284,108,4919,2190,17.95,94.18015,96538,60.01056578756552
2025-05-14 00:00:00,93534,16854,40107,29712,384,1272,1041,4869,2164,19.2,89.89016,96403,59.08633548748483
2025-05-13 23:00:00,94429,16617,39728,29697,380,1473,2318,4576,1881,19.7,86.59053,96670,58.2859211751319
2025-05-13 22:00:00,94729,16066,38184,29665,356,1504,4043,4547,2262,19.8,87.14808,96627,56.143727943535445
2025-05-13 21:00:00,93952,15580,37438,29667,375,1462,5140,3407,2011,19.25,87.6506,95080,55.761464030290284
2025-05-13 20:00:00,93014,15421,36812,29672,331,1479,5491,2758,1936,22.95,70.95076,93900,55.62619808306709
2025-05-13 19:00:00,93072,15947,37609,29675,354,1561,4888,2383,1666,22.8,73.65875,94083,56.92420522304773
2025-05-13 18:00:00,93186,16319,38274,29676,345,1490,4036,2402,1498,21.6,79.74224,94040,58.05295618885581
2025-05-13 17:00:00,92288,16214,38152,29683,304,1418,3438,2452,1306,19.85,85.78876,92967,58.4788150634096
2025-05-13 16:00:00,91559,16271,37839,29695,306,1332,3080,2379,1249,20.05,84.19906,92151,58.718841900793265
2025-05-13 15:00:00,91008,16772,38657,29721,314,1318,2132,2125,1284,20.1,85.00588,92323,60.03812701060407
2025-05-13 14:00:00,89849,16596,38250,29741,348,1329,1565,1551,1554,18.95,89.87181,90934,60.31407394373941
2025-05-13 13:00:00,88665,15964,37882,29770,389,1325,1013,1526,1847,18.75,89.28967,89716,60.01827990547951
2025-05-13 12:00:00,86192,15046,36626,29785,348,1235,413,1524,2132,17.25,94.75099,87109,59.31878451135933
2025-05-13 11:00:00,81906,14510,34317,29802,215,1126,44,1509,2295,16.45,97.17304,83818,58.25359707938629
2025-05-13 10:00:00,77533,13432,31765,29820,218,994,32,1459,2593,16.45,96.863304,80313,56.27606987660777
2025-05-13 09:00:00,74470,12847,29299,29825,218,883,32,1462,2854,16.55,96.557076,77420,54.438129682252644
2025-05-13 08:00:00,73729,12889,28751,29822,217,844,32,1465,2815,16.7,95.33643,76835,54.19405218975727
2025-05-13 07:00:00,74874,13250,29853,29822,215,843,32,1461,2512,16.75,95.948524,77988,55.268759296301994
2025-05-13 06:00:00,76704,14019,30330,29815,214,995,32,1472,2346,17.0,94.43954,79223,55.979955316006716
2025-05-13 05:00:00,79421,15420,31712,29802,212,1088,32,1479,2161,17.2,92.95448,81906,57.54401386955779
2025-05-13 04:00:00,82490,16372,34176,29799,230,1105,32,1547,2367,17.2,94.14751,85628,59.03209230625497
2025-05-13 03:00:00,87108,16688,37212,29800,234,1197,32,2651,2615,17.35,94.45408,90429,59.60477280518418
2025-05-13 02:00:00,92316,16804,39784,29787,230,1279,32,4625,2809,17.6,93.86631,95350,59.347666491872054
2025-05-13 01:00:00,94829,16565,41285,29772,237,1221,149,4829,2878,17.65,92.094826,96936,59.67855079640175
2025-05-13 00:00:00,95004,16019,40003,29759,327,1159,680,4306,3834,18.4,88.41527,96087,58.30341253239252
2025-05-12 23:00:00,95618,16226,39612,29758,328,1125,1321,4196,3856,18.85,87.06059,96422,57.910020534732745
2025-05-12 22:00:00,96026,16594,38911,29750,293,1097,1984,4123,4092,20.0,82.087746,96844,57.313824294742055
2025-05-12 21:00:00,94668,16507,36748,29754,254,1040,2963,3286,4695,21.2,74.79758,95247,55.91252217917625
2025-05-12 20:00:00,93144,16536,36221,29763,242,1066,3667,2402,4094,21.85,73.72885,93991,56.129842218935856
2025-05-12 19:00:00,91903,16645,35028,29795,228,1070,4829,2383,3058,20.75,79.122375,93036,55.54086590137152
2025-05-12 18:00:00,90354,16315,33482,29813,220,1018,5585,1958,2276,21.05,75.2499,90667,54.922959842059406
2025-05-12 17:00:00,88522,16085,32395,29812,224,990,5612,1712,2029,22.75,66.55112,88859,54.55834524358816
2025-05-12 16:00:00,86614,15558,32945,29785,211,808,5858,1485,1656,22.05,64.93131,88306,54.926052589857996
2025-05-12 15:00:00,85109,14486,32677,29801,213,808,6136,1492,1677,19.95,65.537674,87290,54.03024401420552
2025-05-12 14:00:00,83966,14181,31737,29865,221,747,5393,1472,2081,19.0,64.69337,85697,53.581805664142266
2025-05-12 13:00:00,83254,14296,31871,29880,214,840,3605,1672,3023,17.65,66.78952,85401,54.059085959180806
2025-05-12 12:00:00,81401,13754,31128,29895,215,830,1444,1762,4205,15.2,68.770645,83233,53.92332368171279
2025-05-12 11:00:00,77426,13076,29603,29904,219,794,144,1717,4604,13.95,73.80144,80061,53.30810257178901
2025-05-12 10:00:00,73133,12247,27738,29900,220,691,18,1486,4818,13.8,75.53162,77118,51.84911434425167
2025-05-12 09:00:00,70279,11630,25816,29898,219,672,18,1475,4936,13.95,75.051384,74664,50.15268402442944
2025-05-12 08:00:00,69429,11400,24689,29900,218,675,18,1468,5040,14.45,72.41763,73408,49.16221665213601
2025-05-12 07:00:00,70126,11312,25099,29892,219,684,18,1472,5062,15.05,69.43684,73758,49.36549255673961
2025-05-12 06:00:00,71705,11962,25726,29882,216,684,18,1468,4954,15.65,67.717514,74910,50.31103991456415
2025-05-12 05:00:00,73569,13095,26620,29872,212,686,18,1463,4588,16.3,66.72795,76554,51.878412623768845
2025-05-12 04:00:00,75688,13962,29511,29859,213,684,18,1543,4278,16.55,68.58381,80068,54.295099165709146
2025-05-12 03:00:00,80853,14631,32878,29846,212,710,18,2680,4170,17.15,68.47736,85145,55.79775676786658
2025-05-12 02:00:00,85595,14960,35379,29834,212,769,18,4701,3482,18.25,66.25667,89355,56.33596329248503
2025-05-12 01:00:00,86937,14848,36050,29816,210,798,282,5290,2695,19.5,63.33153,89989,56.56024625231972
2025-05-12 00:00:00,86832,13672,34651,29802,209,799,2620,5209,2648,20.7,66.12416,89610,53.92590112710634
2025-05-11 23:00:00,86599,12545,32204,29799,209,753,5888,4930,2444,22.55,59.242455,88772,50.40891272022709
2025-05-11 22:00:00,85464,12073,31339,29793,209,679,7229,3574,2359,23.7,50.615177,87255,49.75302274941264
2025-05-11 21:00:00,83095,11281,29521,29798,208,671,8086,2336,2445,24.2,48.161358,84346,48.37455243876414
2025-05-11 20:00:00,80767,10361,27316,29807,209,601,9039,1914,2864,24.25,47.23567,82111,45.88544774756122
2025-05-11 19:00:00,78186,9931,24592,29822,210,561,9642,1835,3324,23.95,47.778896,79917,43.19856851483414
2025-05-11 18:00:00,75897,9867,22106,29831,209,567,10198,1482,3227,23.25,49.34767,77487,41.26240530669661
2025-05-11 17:00:00,73901,9936,20977,29830,210,569,10447,1439,2387,22.1,53.790817,75795,40.785012203971235
2025-05-11 16:00:00,72925,9940,21316,29849,213,567,10297,1426,1810,20.5,60.11853,75418,41.44368718343101
2025-05-11 15:00:00,72840,9919,21408,29852,213,565,10026,1431,1842,18.5,65.87438,75256,41.627245668119485
2025-05-11 14:00:00,71984,9934,20963,29875,215,562,9214,1404,1922,16.15,69.65404,74089,41.70254693679223
2025-05-11 13:00:00,71123,9994,22254,29896,215,570,7026,1447,2467,13.65,73.006195,73869,43.65566069663864
2025-05-11 12:00:00,69163,10074,23222,29908,215,584,2731,1451,3553,11.2,73.816345,71738,46.41333742228665
2025-05-11 11:00:00,67344,10084,24771,29915,219,587,192,1457,3619,10.0,81.06139,70844,49.1996499350686
2025-05-11 10:00:00,66816,10072,24921,29895,221,597,18,1464,3524,10.15,83.61486,70712,49.48665007353773
2025-05-11 09:00:00,66940,10498,24728,29852,219,586,18,1465,3429,10.45,81.39972,70795,49.7577512536196
2025-05-11 08:00:00,66391,10735,24110,29829,217,580,18,1463,3464,10.55,80.58338,70416,49.48449216087253
2025-05-11 07:00:00,66165,10785,23634,29795,216,590,18,1470,3924,11.85,75.718346,70432,48.86841208541572
2025-05-11 06:00:00,67691,10904,24922,29777,214,595,18,1461,4196,12.15,74.99922,72087,49.69828124349744
2025-05-11 05:00:00,69389,11314,25695,29767,212,639,39,1490,4186,12.55,75.32231,73342,50.46085462627145
2025-05-11 04:00:00,72428,11902,28422,29746,208,754,18,1914,4666,13.3,72.942856,77630,51.94383614581991
2025-05-11 03:00:00,76490,12682,29734,29715,210,822,18,2703,5174,14.6,66.8181,81058,52.327962693380044
2025-05-11 02:00:00,79733,13155,31285,29679,206,866,18,3605,5583,15.65,62.03613,84397,52.65590009123547
2025-05-11 01:00:00,80568,12870,31355,29636,206,918,214,4528,5387,16.8,60.241302,85114,51.95972460464788
2025-05-11 00:00:00,79918,12224,30599,29601,202,854,1786,4444,4981,19.0,65.76454,84691,50.56381433682445
2025-05-10 23:00:00,79790,11785,29453,29573,206,713,4599,2838,4525,20.85,50.190865,83692,49.27352674090714
2025-05-10 22:00:00,79585,11274,28940,29561,209,612,7412,1897,3625,21.3,42.812717,83530,48.143182090266976
2025-05-10 21:00:00,77977,10488,27215,29543,210,570,9451,1405,2913,21.5,41.43776,81795,46.0945045540681
2025-05-10 20:00:00,76333,10382,26004,29526,212,554,10454,1397,1896,21.25,41.508095,80425,45.24215107242773
2025-05-10 19:00:00,74760,10365,25207,29515,212,544,11134,1386,1414,20.75,42.223064,79777,44.589292653270995
2025-05-10 18:00:00,74120,10360,24365,29503,211,543,11500,1382,1290,20.05,42.024384,79154,43.87017712307654
2025-05-10 17:00:00,74371,10471,24430,29529,213,542,11571,1389,1466,19.15,42.203148,79611,43.839419175742044
2025-05-10 16:00:00,74666,10660,24677,29548,215,545,11606,1399,1653,18.05,45.366776,80303,44.004582643238734
2025-05-10 15:00:00,75220,11150,24311,29501,216,534,11331,1412,1706,16.4,53.20633,80161,44.237222589538554
2025-05-10 14:00:00,75582,11698,24148,29593,217,533,11100,1433,1794,13.8,64.85351,80516,44.52034378260222
2025-05-10 13:00:00,74943,12083,24154,29644,218,528,9031,1424,2644,10.9,75.30035,79726,45.45192283571232
2025-05-10 12:00:00,72301,12039,25544,29676,218,532,3803,1476,2986,8.3,79.43533,76274,49.27367123790545
2025-05-10 11:00:00,70139,12099,27454,29696,219,534,302,1763,2755,6.25,87.02528,74822,52.86279436529363
2025-05-10 10:00:00,68801,12128,27090,29721,223,533,20,1771,2246,6.2,84.018234,73732,53.18993110182825
2025-05-10 09:00:00,67494,12044,26671,29753,223,535,20,1668,2107,6.55,82.30652,73021,53.018994535818464
2025-05-10 08:00:00,67424,12029,26935,29764,218,528,20,1411,2231,6.8,80.9051,73136,53.27608838328594
2025-05-10 07:00:00,68458,12462,27740,29787,217,531,20,1416,2316,7.2,78.165985,74489,53.97038488904402
2025-05-10 06:00:00,69915,13003,27972,29798,214,613,20,1420,2142,7.55,76.05113,75182,54.50107738554442
2025-05-10 05:00:00,71464,13752,28213,29836,213,759,20,1457,1798,8.3,71.25767,76048,55.18225331369662
2025-05-10 04:00:00,74378,14310,30785,29871,213,842,20,1870,1709,9.15,64.943794,79620,56.637779452398895
2025-05-10 03:00:00,78568,14547,33843,29927,236,891,20,2886,1875,9.5,65.94657,84225,57.45325022261799
2025-05-10 02:00:00,82277,14634,35666,29891,256,905,20,4540,2120,10.55,63.007523,88032,57.13831334060342
2025-05-10 01:00:00,83283,14252,36346,29900,542,925,286,5024,2107,12.0,57.037113,89382,56.608713163724246
2025-05-10 00:00:00,82835,13610,35163,29909,537,918,2973,4037,1788,13.25,53.8588,88935,54.84117613987743
2025-05-09 23:00:00,82935,13365,33485,29905,423,886,6841,2771,1756,14.8,46.698368,89432,52.38617049825566
2025-05-09 22:00:00,83220,13495,32654,29904,209,805,8563,2475,1778,15.8,43.79525,89883,51.34341310370147
2025-05-09 21:00:00,83444,13798,32787,29904,270,780,8676,1957,1718,16.2,45.317265,89890,51.82445210813216
2025-05-09 20:00:00,83716,13788,32443,29917,203,770,9316,1617,1784,16.3,47.284016,89838,51.460406509494874
2025-05-09 19:00:00,84618,14056,32975,29917,206,766,9222,1622,1797,16.05,49.226624,90561,51.93295127041442
2025-05-09 18:00:00,85082,13745,32970,29928,210,772,9379,1615,1711,15.4,53.67835,90330,51.71593047713938
2025-05-09 17:00:00,85144,13718,33319,29931,207,820,9055,1656,1580,14.5,55.327595,90286,52.09777817158806
2025-05-09 16:00:00,85354,13872,33760,29939,208,842,8307,1572,1286,13.5,57.41797,89786,53.050586951195065
2025-05-09 15:00:00,85803,14306,35202,29950,210,861,7233,1766,951,12.15,61.854324,90479,54.71766929342721
2025-05-09 14:00:00,85372,14228,35244,29959,211,892,6389,2262,1014,10.45,68.98394,90199,54.84761471856673
2025-05-09 13:00:00,84591,14429,34954,29969,213,892,4757,2644,1594,8.55,77.020096,89452,55.206144077270494
2025-05-09 12:00:00,82762,14292,34203,29973,213,906,1746,3228,2548,6.95,81.78249,87109,55.6716297971507
2025-05-09 11:00:00,78756,13591,32958,29971,215,882,98,2855,2546,5.9,84.2794,83116,56.00486067664468
2025-05-09 10:00:00,74565,13339,31471,29957,214,862,26,1457,2511,5.95,85.48066,79837,56.12685847414106
2025-05-09 09:00:00,73620,13114,30786,29941,210,903,26,1420,2644,6.25,85.213425,79044,55.53868731339507
2025-05-09 08:00:00,73090,13284,30530,29934,207,882,26,1400,2717,6.9,82.06331,78980,55.47480374778425
2025-05-09 07:00:00,73836,13550,31288,29939,208,893,26,1394,3092,7.95,78.55607,80390,55.77559397935067
2025-05-09 06:00:00,74741,13433,30716,29929,208,908,26,1391,3706,8.35,77.52748,80317,54.96843756614416
2025-05-09 05:00:00,77266,13526,31661,29903,237,900,26,1399,4043,8.95,74.705284,81695,55.311830589387355
2025-05-09 04:00:00,80002,13943,34212,29906,574,912,26,1726,4469,9.65,72.01849,85768,56.14564872679787
2025-05-09 03:00:00,84991,14194,37895,29888,643,913,26,2971,4903,10.25,71.13685,91433,56.96958428576116
2025-05-09 02:00:00,89649,14195,39777,29880,609,900,26,4510,5407,10.9,73.25663,95304,56.63141106354402
2025-05-09 01:00:00,91806,13796,39872,29869,703,880,189,5116,5739,11.7,73.905075,96164,55.80882658791232
2025-05-09 00:00:00,92036,13100,38935,29856,934,882,1544,4833,5763,13.85,69.904434,95847,54.28964912829822
2025-05-08 23:00:00,92841,12988,36871,29846,814,879,4605,4887,5947,15.65,68.4017,96837,51.48755124590807
2025-05-08 22:00:00,93552,13387,35086,29837,731,865,6571,4261,6539,17.15,66.02307,97277,49.82986728620332
2025-05-08 21:00:00,92948,13554,34818,29826,676,836,7540,3377,6119,19.35,65.195465,96746,49.99896636553449
2025-05-08 20:00:00,91813,13160,33854,29821,676,741,8710,2794,5412,18.9,68.827515,95168,49.40105917955616
2025-05-08 19:00:00,90864,13062,34014,29825,690,651,9288,2474,4707,21.15,61.662125,94711,49.704891723242284
2025-05-08 18:00:00,90405,13416,35207,29844,316,623,9597,1538,3999,20.45,62.310963,94540,51.431140258091816
2025-05-08 17:00:00,89010,13419,33678,29868,224,620,9799,1440,3432,19.95,66.61345,92480,50.92668685121108
2025-05-08 16:00:00,87185,13602,32881,29889,211,615,9035,1433,3439,19.4,68.25677,91105,51.02134899292026
2025-05-08 15:00:00,85952,13624,32353,29903,208,620,8428,1447,4060,17.65,76.40917,90643,50.72316670895711
2025-05-08 14:00:00,84754,13239,32010,29928,209,677,7933,1442,4239,16.0,79.99461,89677,50.45775393913713
2025-05-08 13:00:00,83220,13308,32062,29939,208,767,5941,1503,3522,14.05,84.62681,87250,52.0
2025-05-08 12:00:00,81736,13506,32827,29941,208,863,2002,1899,3143,12.3,87.59569,84389,54.90407517567455
2025-05-08 11:00:00,78254,12923,31735,29934,209,865,178,1982,3191,11.65,89.91314,81017,55.121764567930185
2025-05-08 10:00:00,74358,12111,29899,29923,210,872,41,1418,3445,12.05,89.94319,77919,53.914962974370816
2025-05-08 09:00:00,72787,11701,28945,29910,212,870,41,1409,3194,12.35,89.96566,76282,53.28386775386067
2025-05-08 08:00:00,71761,11722,28411,29900,214,864,41,1408,3152,12.4,89.37302,75712,53.00744928148774
2025-05-08 07:00:00,72693,11996,29007,29893,214,863,41,1412,3506,12.5,89.678444,76932,53.29771746477409
2025-05-08 06:00:00,74097,12475,29631,29890,210,869,41,1418,3834,13.25,87.102745,78368,53.728562678644344
2025-05-08 05:00:00,76149,13162,31703,29872,214,993,41,1422,3527,13.4,87.98599,80934,55.434057380087474
2025-05-08 04:00:00,78646,14128,33752,29862,385,1161,41,1679,3758,13.95,88.90776,84766,56.48491140315692
2025-05-08 03:00:00,84226,15032,36668,29851,459,1314,41,2887,4312,14.85,87.25225,90564,57.086701117441805
2025-05-08 02:00:00,89394,15026,39339,29824,533,1364,41,3828,4565,16.2,81.34158,94520,57.5169276343631
2025-05-08 01:00:00,91247,15061,38872,29805,511,1257,172,4772,4110,17.95,73.52739,94560,57.03574450084602
2025-05-08 00:00:00,90949,14959,38002,29781,506,1129,1522,4744,2932,19.7,71.026924,93575,56.597381779321395
2025-05-07 23:00:00,91262,15017,36860,29773,490,1177,4354,4533,1850,21.4,54.144474,94054,55.15661215897251
2025-05-07 22:00:00,91120,14711,36604,29771,492,1265,6220,4287,829,21.55,52.24987,94179,54.48666900264391
2025-05-07 21:00:00,89890,14184,35415,29762,545,1078,7986,3423,860,21.6,52.436085,93253,53.18756501131331
2025-05-07 20:00:00,88081,14124,33659,29775,676,817,9613,1956,848,21.4,54.32337,91468,52.24012769493156
2025-05-07 19:00:00,86861,14184,33437,29800,330,745,9907,1506,594,21.4,56.69685,90503,52.61814525485343
2025-05-07 18:00:00,86160,13942,32816,29829,346,686,10443,1426,531,20.9,59.429737,90019,51.94236772236972
2025-05-07 17:00:00,85794,13888,32407,29841,329,692,10671,1424,462,19.85,64.66637,89714,51.60287134672403
2025-05-07 16:00:00,85011,13885,32416,29861,314,699,10854,1424,435,19.15,69.780266,89888,51.509656461374156
2025-05-07 15:00:00,83814,14103,33147,29882,338,774,9592,1418,442,17.85,74.962814,89696,52.677934356047096
2025-05-07 14:00:00,83206,13747,33574,29900,358,789,8458,1424,988,16.2,84.86162,89238,53.02785808736189
2025-05-07 13:00:00,82094,13607,32666,29898,388,875,6648,1545,2129,14.3,91.89577,87756,52.729158120242495
2025-05-07 12:00:00,80842,13719,32994,29901,270,1083,2893,1930,2869,11.5,93.57799,85659,54.53367421987182
2025-05-07 11:00:00,78098,13011,32677,29902,214,1054,195,1961,3251,9.7,97.02219,82265,55.537591928523675
2025-05-07 10:00:00,73776,12127,30277,29895,213,987,36,1393,3104,10.0,95.73395,78032,54.341808488825095
2025-05-07 09:00:00,72026,11885,30296,29889,210,1040,36,1398,2461,10.5,93.84338,77215,54.62798679013146
2025-05-07 08:00:00,71070,11637,29676,29886,208,975,36,1408,2494,10.55,94.47742,76320,54.1312893081761
2025-05-07 07:00:00,71517,11659,29735,29881,207,936,36,1410,3542,11.0,96.72939,77406,53.47647469188435
2025-05-07 06:00:00,73153,11774,30180,29870,205,1008,36,1406,3661,11.0,97.05216,78140,53.69081136421807
2025-05-07 05:00:00,74905,12096,31384,29866,207,1038,36,1403,2998,12.7,93.01998,79028,55.01847446474667
2025-05-07 04:00:00,77196,12841,34064,29862,387,1146,36,1461,2076,13.3,89.44368,81873,57.28994906745813
2025-05-07 03:00:00,82146,13733,37749,29860,390,1296,36,2531,1540,13.65,87.42875,87135,59.08303207666265
2025-05-07 02:00:00,87154,13952,40481,29850,409,1358,38,3989,1128,14.3,82.17338,91205,59.68203497615262
2025-05-07 01:00:00,89417,13680,41079,29853,512,1283,122,4492,1304,14.8,77.48028,92325,59.31112916328188
2025-05-07 00:00:00,89086,13162,38969,29849,605,1162,1538,4268,1867,16.25,65.17184,91420,57.023627215051405
2025-05-06 23:00:00,89314,12747,36673,29838,599,1064,4997,3965,2609,16.2,68.74194,92492,53.43164814254205
2025-05-06 22:00:00,88816,12541,33765,29832,700,905,6913,3379,3159,15.75,70.7457,91194,50.7774634296116
2025-05-06 21:00:00,87747,12593,33320,29831,458,819,7738,1926,3504,15.35,75.78769,90189,50.907538613356394
2025-05-06 20:00:00,86753,12538,32911,29833,380,769,8033,1425,3765,14.85,82.242546,89654,50.69377830325473
2025-05-06 19:00:00,86918,12536,33069,29811,266,828,8197,1392,3673,13.65,89.176674,89772,50.80091788085371
2025-05-06 18:00:00,86988,12338,33499,29825,205,883,7815,1477,3593,12.3,94.550896,89635,51.13739052825347
2025-05-06 17:00:00,86930,12484,33584,29847,203,858,7292,1520,3625,12.0,89.93945,89413,51.5227092257278
2025-05-06 16:00:00,87109,12532,34641,29865,205,889,7040,1512,3282,11.45,93.57554,89966,52.43425293999956
2025-05-06 15:00:00,86654,12171,35857,29888,209,891,6374,1492,2615,12.1,86.41342,89497,53.6643686380549
2025-05-06 14:00:00,85783,12015,36843,29901,211,1020,5168,1526,1781,12.15,84.13204,88465,55.22862148872435
2025-05-06 13:00:00,84923,11967,37076,29909,210,1166,3327,1606,1677,12.1,85.54941,86938,56.41146564218178
2025-05-06 12:00:00,83262,11741,37279,29916,210,1199,1258,2401,1217,10.2,91.95162,85221,57.521033548069134
2025-05-06 11:00:00,79357,11119,34401,29915,210,1096,89,2837,1127,9.0,94.4111,80794,56.340817387429766
2025-05-06 10:00:00,74006,10962,31507,29915,212,1007,24,1055,996,8.85,95.04824,75678,56.1180263749042
2025-05-06 09:00:00,72621,10993,30665,29918,211,1020,24,927,976,8.65,96.0147,74734,55.74169721947173
2025-05-06 08:00:00,72415,10889,30459,29907,208,1061,24,1014,1009,9.05,95.702385,74571,55.44782824422363
2025-05-06 07:00:00,72795,11126,31005,29908,204,1105,24,1033,1017,9.2,94.41974,75422,55.86035904643207
2025-05-06 06:00:00,74201,11304,31222,29899,204,1145,24,1083,1277,10.15,92.88352,76158,55.83917644896137
2025-05-06 05:00:00,75910,11809,31760,29887,203,1203,24,1118,1417,10.8,91.06584,77421,56.27542914713063
2025-05-06 04:00:00,77883,11960,34153,29880,372,1203,24,1526,1488,11.15,89.57412,80606,57.20790015631591
2025-05-06 03:00:00,82374,12160,37052,29887,404,1315,24,2605,1276,11.9,89.03557,84723,58.08576183562904
2025-05-06 02:00:00,87035,12394,40344,29873,429,1470,24,3832,1199,12.65,86.75654,89565,58.882375928096906
2025-05-06 01:00:00,89386,12445,40931,29855,438,1573,97,4396,1636,13.45,83.72147,91371,58.41678431887579
2025-05-06 00:00:00,89589,12487,39419,29855,414,1519,859,4272,1617,13.2,88.846275,90442,57.3914774109374
2025-05-05 23:00:00,89750,12578,38561,29850,397,1458,2186,4229,1295,15.55,72.37691,90554,56.47348543410562
2025-05-05 22:00:00,89854,12644,38504,29848,437,1466,3382,3028,1064,16.6,67.014114,90373,56.59654985449194
2025-05-05 21:00:00,89463,12591,38311,29850,431,1531,4927,1905,1185,17.35,62.637314,90731,56.102104021778665
2025-05-05 20:00:00,88723,12215,37318,29862,407,1339,6454,1341,1308,17.1,64.06191,90244,54.88785958069234
2025-05-05 19:00:00,89157,12253,37795,29878,381,1326,6215,1429,1282,15.7,70.73615,90559,55.265627933170634
2025-05-05 18:00:00,90064,12269,38567,29887,377,1334,6832,1421,1360,16.05,70.333496,92047,55.22830727780374
2025-05-05 17:00:00,89529,12157,38415,29883,362,1320,6929,1421,1241,15.65,75.08743,91728,55.132565846851556
2025-05-05 16:00:00,88355,12044,38162,29874,395,1273,6565,1529,1280,15.1,78.04184,91122,55.097561510941375
2025-05-05 15:00:00,88051,12302,39060,29890,307,1294,5169,1629,1463,14.4,81.37387,91114,56.37113945167592
2025-05-05 14:00:00,86757,12259,38370,29891,210,1204,4027,1539,1466,12.35,90.26526,88966,56.908257086977045
2025-05-05 13:00:00,85611,12086,38356,29911,210,1347,2401,1748,1367,11.0,92.929436,87426,57.696795003774625
2025-05-05 12:00:00,83389,11649,36980,29900,211,1255,771,2086,1375,9.15,97.99736,84227,57.735642964845
2025-05-05 11:00:00,79560,11081,34964,29892,213,1156,54,1934,1459,8.4,99.66174,80753,57.019553453122484
2025-05-05 10:00:00,74303,10453,32657,29878,213,1152,34,1120,1494,8.45,99.66186,77001,55.98628589239101
2025-05-05 09:00:00,72251,10308,31232,29868,213,1156,34,947,1801,8.5,100.0,75559,54.97690546460382
2025-05-05 08:00:00,71724,10373,30800,29862,210,1212,34,951,1991,8.65,98.990234,75433,54.58221202921798
2025-05-05 07:00:00,71981,10510,31204,29858,208,1322,34,1040,1832,9.0,97.33458,76008,54.881065151036736
2025-05-05 06:00:00,73263,10530,31332,29861,207,1361,34,1043,2113,9.35,97.34188,76481,54.73516298165557
2025-05-05 05:00:00,74748,10789,31761,29859,204,1387,34,1102,2663,9.5,96.365524,77799,54.69221969434055
2025-05-05 04:00:00,76819,10939,33487,29855,207,1380,34,1462,3507,9.9,96.053246,80871,54.93440170147519
2025-05-05 03:00:00,80068,11181,34570,29832,318,1381,34,2605,4369,10.1,97.684326,84290,54.27808755487009
2025-05-05 02:00:00,84326,11594,36378,29818,328,1742,34,4239,4945,11.1,95.77004,89078,53.85392577291812
2025-05-05 01:00:00,86112,11352,36099,29792,365,1756,72,4830,5235,12.35,93.00148,89501,53.01728472307572
2025-05-05 00:00:00,85327,10942,35147,29776,390,1686,890,3910,5038,14.8,77.48028,87779,52.50572460383462
2025-05-04 23:00:00,85062,10653,34105,29766,333,1563,3183,3197,4733,16.45,64.78005,87533,51.13271566152194
2025-05-04 22:00:00,84054,10332,32983,29751,305,1371,4765,2390,4698,17.3,58.75843,86595,50.020209018996475
2025-05-04 21:00:00,82760,10284,31854,29747,268,1325,5548,1711,4791,17.6,61.041443,85528,49.2680759517351
2025-05-04 20:00:00,81661,10409,31602,29755,254,1341,5686,1200,4975,17.7,62.092957,85222,49.29595644317195
2025-05-04 19:00:00,81373,10546,31610,29753,254,1395,5633,1076,4626,17.8,64.85951,84893,49.65780453040887
2025-05-04 18:00:00,81459,10606,31573,29749,253,1485,5260,1130,4467,17.05,64.26504,84523,49.90239343137371
2025-05-04 17:00:00,81190,10623,31378,29750,252,1556,4766,834,4308,16.3,65.62099,83467,50.32048594055135
2025-05-04 16:00:00,80536,10779,32373,29735,244,1564,3629,826,3534,14.65,74.91885,82684,52.18905713318175
2025-05-04 15:00:00,79546,10781,32712,29725,207,1541,2527,709,3422,12.7,83.354324,81624,53.284573164755464
2025-05-04 14:00:00,77672,10456,32809,29731,208,1303,1472,811,3165,11.4,88.99475,79955,54.11168782440122
2025-05-04 13:00:00,75353,10320,32231,29715,209,1254,755,774,2849,10.1,94.7766,78107,54.47783169242193
2025-05-04 12:00:00,73871,10097,31210,29703,209,996,283,864,3147,10.8,95.76025,76509,53.98972669881975
2025-05-04 11:00:00,72072,9891,30429,29671,211,959,39,746,3689,10.65,94.798676,75635,53.308653401203145
2025-05-04 10:00:00,71328,9860,30146,29638,213,908,26,784,3808,10.5,94.79267,75383,53.070320894631415
2025-05-04 09:00:00,71099,9841,29943,29609,214,934,26,729,4161,10.2,95.419624,75457,52.72406801224538
2025-05-04 08:00:00,71734,9802,29850,29607,213,1037,26,795,4578,9.9,94.44976,75908,52.236918374874854
2025-05-04 07:00:00,72904,9724,30864,29601,211,1212,26,679,4904,9.55,96.36694,77221,52.560831898058815
2025-05-04 06:00:00,74462,9627,31032,29594,210,1349,26,747,5094,9.45,96.3641,77679,52.342331904375705
2025-05-04 05:00:00,75656,10240,31262,29594,207,1407,26,1007,5118,9.55,96.36694,78861,52.626773690417316
2025-05-04 04:00:00,78555,11049,33985,29573,577,1450,26,1601,4854,9.7,92.54541,83115,54.18275882812969
2025-05-04 03:00:00,82384,11630,35898,29546,679,1560,26,2544,5166,9.85,91.31017,87049,54.59913382118118
2025-05-04 02:00:00,86405,11659,37588,29493,672,1715,26,3511,5417,10.05,91.94245,90081,54.66968617133469
2025-05-04 01:00:00,88694,11169,37417,29450,680,1669,83,4662,5222,10.35,92.894356,90352,53.7741278554985
2025-05-04 00:00:00,88855,10790,37000,29409,657,1566,511,4305,5228,11.5,90.80873,89466,53.41694051371471
2025-05-03 23:00:00,90001,10501,37746,29367,648,1580,1531,4077,5407,12.3,89.66309,90857,53.10212751906843
2025-05-03 22:00:00,90668,10527,36662,29332,666,1492,3288,3948,5165,12.4,90.26888,91080,51.810496267018
2025-05-03 21:00:00,89822,10779,34929,29302,606,1419,4999,3597,4767,12.45,90.57277,90398,50.56306555454767
2025-05-03 20:00:00,88373,11076,34459,29262,645,1410,5891,2155,4537,12.15,95.804085,89435,50.91407167216414
2025-05-03 19:00:00,87221,11029,34683,29209,302,1388,6047,1212,4425,12.75,90.294235,88295,51.77190101364744
2025-05-03 18:00:00,86273,11071,35218,29162,226,1418,6160,1037,3700,11.8,96.429726,87992,52.605918719883626
2025-05-03 17:00:00,85491,10962,34967,29144,335,1355,6241,900,3113,12.0,95.48266,87017,52.781640369123274
2025-05-03 16:00:00,83580,10870,34006,29129,236,1293,6223,941,2863,11.75,97.06925,85561,52.44912986056731
2025-05-03 15:00:00,82707,10973,33330,29129,238,1398,5836,867,2853,12.25,96.76086,84624,52.35276044620911
2025-05-03 14:00:00,81324,11391,33870,29129,239,1367,4703,801,2787,14.5,97.44585,84287,53.69867239313299
2025-05-03 13:00:00,78347,11246,32454,29120,242,1318,3267,899,2580,14.45,95.566414,81126,53.86682444592362
2025-05-03 12:00:00,74818,11304,30940,29151,241,1308,1367,820,2219,15.15,95.58991,77350,54.614091790562384
2025-05-03 11:00:00,73254,11206,31660,29148,244,1394,98,725,1826,15.05,96.5176,76301,56.1801287008034
2025-05-03 10:00:00,72003,10770,31177,29151,246,1308,24,739,1722,15.1,95.58821,75137,55.827355364201395
2025-05-03 09:00:00,71571,10810,30966,29149,246,1355,24,748,1656,15.15,93.75286,74954,55.735517784241004
2025-05-03 08:00:00,72189,11091,31625,29128,243,1476,24,744,1632,15.25,94.67147,75963,56.232639574529706
2025-05-03 07:00:00,72505,11238,31549,29117,241,1411,24,779,1746,15.35,96.215004,76105,56.22101044609421
2025-05-03 06:00:00,73690,11456,31658,29113,240,1347,27,1044,1685,15.55,95.29581,76570,56.30664751208045
2025-05-03 05:00:00,77085,11958,33227,29090,238,1400,27,1481,1930,15.65,95.91469,79351,56.94320172398584
2025-05-03 04:00:00,81737,12640,36502,29069,643,1474,27,1958,2177,15.9,93.48646,84490,58.16309622440525
2025-05-03 03:00:00,87007,13106,38846,29020,960,1471,28,3256,2524,16.65,93.22382,89211,58.23497102375268
2025-05-03 02:00:00,92120,13154,40622,28971,1284,1482,28,4123,3051,16.75,92.04204,92715,58.001402146362516
2025-05-03 01:00:00,94966,12781,41258,28922,1731,1375,44,4554,2773,16.9,91.4631,93438,57.834071790920184
2025-05-03 00:00:00,96422,12515,42400,28898,2225,1321,653,4678,1800,20.05,77.52575,94490,58.117261085829185
2025-05-02 23:00:00,98521,12608,42675,28846,2274,1170,2633,4798,2182,21.3,70.64326,97186,56.88370752989114
2025-05-02 22:00:00,99556,12717,42596,28768,1672,1103,6100,4341,2362,22.15,66.42693,99659,55.502262715861086
2025-05-02 21:00:00,98740,12215,40157,28697,1403,1003,8380,3753,2562,22.85,60.667706,98170,53.348273403280025
2025-05-02 20:00:00,97574,12728,39386,28546,1299,1378,8546,3138,2792,21.4,71.799,97813,53.279216464069194
2025-05-02 19:00:00,96377,13449,39082,28494,1170,1749,8422,2523,2867,20.05,76.29713,97756,53.73685502680142
2025-05-02 18:00:00,95072,13448,37547,28489,1025,1667,9196,1869,2907,23.4,58.683346,96148,53.03802471190249
2025-05-02 17:00:00,92656,13400,36546,28471,754,1737,9215,1620,3001,23.15,64.3403,94744,52.716794731064766
2025-05-02 16:00:00,90626,13058,35333,28463,712,1739,9254,1597,3274,21.4,71.57031,93430,51.79385636305255
2025-05-02 15:00:00,88916,13043,34975,28445,431,1766,8695,1163,3840,20.7,75.19257,92358,51.99116481517573
2025-05-02 14:00:00,87234,13005,34794,28412,339,1556,7822,811,4069,19.75,79.23262,90808,52.63743282530173
2025-05-02 13:00:00,85845,12994,34703,28397,335,1510,5790,871,3971,18.5,82.163536,88571,53.85171218570412
2025-05-02 12:00:00,83350,12812,34822,28382,329,1409,1594,935,4846,16.4,90.55296,85129,55.9550799375066
2025-05-02 11:00:00,79587,12165,33796,28346,281,1307,88,752,4849,15.25,93.45464,81584,56.33580113747794
2025-05-02 10:00:00,75643,11543,31187,28312,227,1218,26,820,4512,15.5,91.967896,77845,54.891129809236304
2025-05-02 09:00:00,73592,11476,30091,28270,220,1201,26,790,3905,15.85,91.10173,75979,54.70853788546835
2025-05-02 08:00:00,73387,11673,30069,28228,219,1192,26,818,3558,16.35,90.25815,75783,55.08095483155853
2025-05-02 07:00:00,74639,12456,31301,28199,216,1204,26,829,3061,16.55,90.56337,77292,56.6125860373648
2025-05-02 06:00:00,75574,12646,31510,28136,214,1197,26,808,3073,16.45,91.43467,77610,56.894730060559205
2025-05-02 05:00:00,77615,13311,33121,28017,274,1205,26,890,2997,16.45,91.1411,79841,58.155584223644496
2025-05-02 04:00:00,80970,13187,35412,28009,781,1241,26,1695,3244,16.75,89.13292,83595,58.13625216819188
2025-05-02 03:00:00,86466,12959,38438,27996,991,1373,26,3359,3221,17.25,87.47182,88363,58.16574810723946
2025-05-02 02:00:00,92353,13262,40806,27993,1582,1714,25,4348,3870,17.4,88.33122,93600,57.76495726495726
2025-05-02 01:00:00,95600,12758,41244,27982,2086,1862,118,4817,4737,17.55,89.196045,95604,56.48508430609598
2025-05-02 00:00:00,95818,11804,39953,27969,2058,1856,889,4976,5875,20.6,78.103355,95380,54.26399664499895
2025-05-01 23:00:00,96532,11749,38549,27963,1528,1739,2689,4678,6670,21.35,74.822464,95565,52.63223983676032
2025-05-01 22:00:00,97333,12718,37761,27958,1413,1666,4739,4125,6774,22.6,66.732666,97154,51.95771661485888
2025-05-01 21:00:00,96406,12885,37430,27954,1119,1591,5724,3384,6913,24.3,62.57325,97000,51.871134020618555
2025-05-01 20:00:00,94928,13015,36075,27932,996,1509,7106,2676,6971,23.55,67.56575,96280,50.98670544245949
2025-05-01 19:00:00,93697,13142,35736,27927,882,1533,7804,1419,6814,23.0,72.54317,95257,51.31171462464701
2025-05-01 18:00:00,92141,13356,35461,27951,774,1545,8196,800,6769,25.35,54.615078,94852,51.46649517142495
2025-05-01 17:00:00,90009,12783,34064,27991,966,1468,9023,815,6858,26.05,56.20235,93968,49.854205687042395
2025-05-01 16:00:00,88590,12559,33672,28049,787,1578,9221,813,6803,24.55,67.97904,93482,49.45444042703408
2025-05-01 15:00:00,87481,12571,34077,28072,288,1648,8487,830,6378,23.4,74.92428,92351,50.51163495793224
2025-05-01 14:00:00,85614,12401,33783,28093,220,1366,7559,1029,6022,20.95,79.150635,90473,51.04727377228565
2025-05-01 13:00:00,83468,12376,33918,28108,221,1397,4607,1252,5772,18.55,90.98828,87651,52.81628275775518
2025-05-01 12:00:00,81485,12556,35336,28093,222,1474,1452,1461,5423,17.0,90.3045,86017,55.6773661020496
2025-05-01 11:00:00,77870,12006,34485,28041,225,1416,80,1496,5192,15.75,93.17814,82941,56.05309798531486
2025-05-01 10:00:00,73462,10843,32783,27958,225,1337,26,1016,4784,15.85,88.48572,78972,55.242364382312715
2025-05-01 09:00:00,71553,10701,31014,27934,222,1304,26,948,5217,15.7,87.61506,77366,53.91903420107024
2025-05-01 08:00:00,70990,10984,30479,27930,222,1263,26,963,4979,15.35,85.60517,76846,53.95596387580356
2025-05-01 07:00:00,72082,11232,31949,27926,224,1466,26,933,4393,15.3,78.5897,78149,55.254705754392255
2025-05-01 06:00:00,73753,11404,32084,27910,222,1467,26,974,4380,15.25,73.53766,78467,55.42202454535028
2025-05-01 05:00:00,75925,11917,32480,27917,253,1551,30,1036,4189,15.7,69.565445,79373,55.934637723155234
2025-05-01 04:00:00,79637,12313,34824,27912,757,1538,70,1599,3576,16.45,68.10863,82589,57.074186635024034
2025-05-01 03:00:00,85387,13155,38439,27896,973,1741,70,3183,3361,16.55,71.36915,88818,58.08957643720868
2025-05-01 02:00:00,91482,13775,41533,27885,1018,2016,70,4027,3019,17.4,71.76329,93343,59.25243456927676
2025-05-01 01:00:00,94468,13745,43509,27867,1142,2077,149,4398,2365,18.25,70.29261,95252,60.107924243060516
2025-05-01 00:00:00,95073,12927,43807,27860,1166,2087,1540,4446,2213,19.85,68.56916,96046,59.0696124773546
2025-04-30 23:00:00,96149,12451,41976,27866,1004,2006,5416,4051,2859,21.35,59.34269,97629,55.748804146308984
2025-04-30 22:00:00,95980,12372,39194,27862,848,1913,7899,3811,3323,20.95,58.8604,97222,53.03943551870975
2025-04-30 21:00:00,94090,12153,36908,27822,885,1804,9124,3606,3422,21.0,57.535885,95724,51.25255944172831
2025-04-30 20:00:00,92087,12182,35915,27746,921,1646,8845,2789,3534,20.55,56.672607,93578,51.3977644318109
2025-04-30 19:00:00,90679,12488,34608,27699,968,1348,9975,1552,3254,20.2,56.77315,91892,51.25146911591869
2025-04-30 18:00:00,89487,12613,33925,27710,904,1381,10378,915,2950,19.7,57.21587,90776,51.26685467524455
2025-04-30 17:00:00,87722,12500,33226,27717,827,1481,10548,921,2634,18.55,59.061882,89854,50.88922029069379
2025-04-30 16:00:00,87005,12171,32426,27730,746,1523,10701,931,2800,17.2,60.74321,89028,50.09322909646403
2025-04-30 15:00:00,86479,12385,32101,27735,344,1602,10056,962,2892,15.6,63.511433,88077,50.508078158883706
2025-04-30 14:00:00,85607,12587,32277,27746,217,1489,8891,966,2896,13.9,70.151306,87069,51.52694989031688
2025-04-30 13:00:00,84255,12645,32405,27743,217,1631,6477,1092,3352,12.25,75.784874,85562,52.65187817021575
2025-04-30 12:00:00,82514,12834,33710,27737,216,1649,1631,1420,3691,9.8,78.29342,82888,56.15288099604285
2025-04-30 11:00:00,78679,12470,32143,27735,219,1540,62,1362,3378,9.35,80.41668,78909,56.53727711667871
2025-04-30 10:00:00,74445,11779,30880,27733,220,1480,29,1057,2945,10.25,78.90199,76123,56.039567542004384
2025-04-30 09:00:00,72045,11533,29560,27727,217,1390,34,945,2895,12.05,80.516624,74301,55.30611970229204
2025-04-30 08:00:00,71789,11754,29543,27722,215,1407,34,864,2688,13.45,78.31403,74227,55.63608929365326
2025-04-30 07:00:00,72938,12166,30252,27711,214,1481,34,941,2536,14.85,80.09858,75335,56.30583394172696
2025-04-30 06:00:00,74524,12973,30108,27689,210,1445,34,939,2670,15.9,81.83644,76068,56.63485302623968
2025-04-30 05:00:00,76317,13988,31186,27678,226,1500,37,957,2860,17.2,89.741974,78432,57.59638922888617
2025-04-30 04:00:00,80020,14263,33621,27663,746,1491,34,1774,3029,17.85,91.23187,82621,57.95620968034761
2025-04-30 03:00:00,85456,14708,36135,27652,793,1716,34,3117,3385,18.25,91.25755,87540,58.07973497829564
2025-04-30 02:00:00,91149,15121,39106,27627,926,1897,36,4298,3365,18.45,93.31379,92376,58.70247683380965
2025-04-30 01:00:00,94081,14740,40734,27596,923,1906,104,4779,3489,19.3,90.46593,94271,58.84524403050779
2025-04-30 00:00:00,94006,14100,40126,27590,968,1867,967,4510,4535,20.7,81.39989,94663,57.2832046311653
2025-04-29 23:00:00,94810,13218,39004,27583,924,1894,4295,4445,5590,22.9,71.61661,96953,53.86321207182861
2025-04-29 22:00:00,94869,12407,36471,27572,799,1800,8184,3705,6361,24.9,65.329544,97299,50.23484311246775
2025-04-29 21:00:00,93859,12505,33592,27557,730,1676,9150,3192,6938,23.5,73.54748,95340,48.350115376547095
2025-04-29 20:00:00,91380,12645,33530,27566,695,1471,8433,1817,7268,23.55,70.61602,93425,49.42467219694942
2025-04-29 19:00:00,89955,12679,33217,27582,677,1516,8230,1208,7358,26.1,61.02643,92467,49.635004920674405
2025-04-29 18:00:00,88620,12210,31436,27597,642,1438,9835,1155,7921,24.9,64.91984,92234,47.320944554069
2025-04-29 17:00:00,86624,11725,30038,27620,365,1408,10107,883,7879,24.8,65.30849,90025,46.390447098028325
2025-04-29 16:00:00,85384,11321,28490,27642,219,1321,10295,831,7820,24.75,64.480255,87939,45.271153868022154
2025-04-29 15:00:00,84569,11234,28221,27660,219,1172,9117,815,7870,23.0,70.96002,86308,45.714186402187515
2025-04-29 14:00:00,83983,11236,27944,27687,217,1013,8608,936,8036,22.15,73.31498,85677,45.729892503238915
2025-04-29 13:00:00,83678,11582,29330,27699,219,1102,5744,1080,8306,21.2,75.03565,85062,48.09668241988197
2025-04-29 12:00:00,82872,12129,30433,27705,220,1197,1994,1145,8753,19.0,78.87265,83576,50.926103187517946
2025-04-29 11:00:00,79429,11681,29267,27705,223,1209,93,1209,8819,18.4,80.58264,80206,51.05353714185971
2025-04-29 10:00:00,74512,10596,26906,27698,225,1183,14,972,8747,18.4,79.80833,76341,49.12432375787585
2025-04-29 09:00:00,72048,10100,25837,27698,222,1049,14,900,8619,18.05,79.24603,74439,48.27711280377221
2025-04-29 08:00:00,71253,10098,25698,27693,221,1080,14,880,8553,17.4,78.385345,74237,48.2185433139809
2025-04-29 07:00:00,72109,10385,26118,27690,219,1111,14,895,8629,16.8,77.53237,75061,48.63111336113295
2025-04-29 06:00:00,73673,11076,26754,27682,216,1131,14,915,8616,16.5,77.232704,76404,49.51311449662321
2025-04-29 05:00:00,75422,11451,28399,27681,217,1193,14,1014,8517,16.65,73.78336,78486,50.77338633641668
2025-04-29 04:00:00,78013,11844,30445,27669,281,1193,14,1348,8556,16.85,66.179146,81350,51.9840196681008
2025-04-29 03:00:00,83445,12602,33713,27666,310,1186,14,2447,8548,17.3,62.000717,86486,53.552019980112384
2025-04-29 02:00:00,88819,13233,36374,27657,306,1345,14,3798,8204,18.15,59.75871,90931,54.55455235288296
2025-04-29 01:00:00,91251,13477,37458,27647,450,1376,100,4340,7531,19.0,58.194553,92379,55.13699000855172
2025-04-29 00:00:00,90930,12456,36224,27636,546,1345,2200,4473,7347,19.4,60.65483,92227,52.7828076376766
2025-04-28 23:00:00,90740,11425,33124,27633,626,1300,7275,4167,7188,21.2,52.15822,92738,48.03748193836399
2025-04-28 22:00:00,88986,10916,31355,27641,508,1231,10401,3088,6851,22.2,41.4952,91991,45.95123435988303
2025-04-28 21:00:00,86218,10464,29299,27654,213,1171,11420,1966,6571,22.65,36.205486,88758,44.79934203114085
2025-04-28 20:00:00,83623,10526,28051,27675,214,1095,11765,1154,6248,22.55,39.000637,86728,44.48044460843096
2025-04-28 19:00:00,82528,10580,27242,27692,215,1075,11993,904,5981,22.0,39.647343,85682,44.14229359725497
2025-04-28 18:00:00,82060,10567,27148,27706,217,1048,12083,889,5593,21.1,40.20929,85251,44.23995026451303
2025-04-28 17:00:00,82221,10517,27356,27720,222,915,12075,971,5525,20.05,40.18563,85301,44.39924502643579
2025-04-28 16:00:00,82151,10432,26760,27740,226,897,12146,921,5884,18.65,43.54133,85006,43.752205726654594
2025-04-28 15:00:00,82397,10475,26835,27764,220,962,11975,869,5553,16.65,52.547203,84653,44.07404344795813
2025-04-28 14:00:00,82437,10828,27212,27783,221,984,10902,807,5166,14.0,58.7497,83903,45.33806896058544
2025-04-28 13:00:00,82188,11340,28986,27802,222,1044,7471,1198,5335,11.7,61.10386,83398,48.35367754622413
2025-04-28 12:00:00,82277,11822,32021,27806,221,1200,2692,2086,5379,8.55,64.57811,83227,52.67881817198745
2025-04-28 11:00:00,79152,11152,31363,27801,224,1204,131,2652,5020,7.2,67.09894,79547,53.44639018441928
2025-04-28 10:00:00,73355,10217,28406,27805,227,1209,42,1136,4869,7.45,67.63457,73911,52.256091786067024
2025-04-28 09:00:00,70194,9699,26452,27796,228,1158,42,860,4725,7.9,67.24999,70960,50.94560315670801
2025-04-28 08:00:00,69466,9404,26481,27793,225,1144,44,771,4462,8.2,67.07569,70324,51.02809851544281
2025-04-28 07:00:00,69371,9717,26900,27781,224,1194,44,841,4204,8.65,66.2271,70905,51.64233834003243
2025-04-28 06:00:00,69789,10327,27028,27780,222,1185,44,791,4149,9.3,64.97753,71526,52.22576405782513
2025-04-28 05:00:00,70927,10797,28156,27787,219,1206,44,903,3930,10.0,64.22394,73042,53.32959119410749
2025-04-28 04:00:00,72308,10971,28916,27872,220,1183,44,1610,4044,10.9,64.880066,74860,53.28212663638793
2025-04-28 03:00:00,76242,11789,30858,27967,218,1206,44,2718,4106,11.75,67.13012,78906,54.04785440904367
2025-04-28 02:00:00,80169,12270,32721,28000,316,1365,44,3534,3844,12.15,70.28672,82094,54.804248787974764
2025-04-28 01:00:00,81416,12035,33999,28027,391,1367,159,4148,3400,13.8,62.670254,83526,55.11337787036372
2025-04-28 00:00:00,79655,10900,31230,28159,290,1361,2499,4118,3594,14.9,64.65633,82151,51.28361188543049
2025-04-27 23:00:00,78012,9980,25546,28307,213,1221,7934,3212,3795,16.4,50.1827,80208,44.292339916217834
2025-04-27 22:00:00,75556,9645,22268,28343,213,945,10892,2021,3880,16.95,47.1376,78207,40.805810221591415
2025-04-27 21:00:00,73432,9046,20196,28486,212,964,11816,1809,3999,17.1,47.01642,76528,38.21085093037843
2025-04-27 20:00:00,71519,8915,18779,28613,213,819,12071,1247,4182,16.95,46.974545,74839,37.00477024011545
2025-04-27 19:00:00,70541,8979,18545,28630,215,770,12168,777,4055,16.55,46.700005,74139,37.124860060157275
2025-04-27 18:00:00,70858,8935,19147,28643,214,656,12186,771,4073,15.8,48.30971,74625,37.630820770519264
2025-04-27 17:00:00,71122,8895,18440,28656,215,660,12152,767,4150,14.9,49.425426,73935,36.971664299722725
2025-04-27 16:00:00,71635,8982,18744,28676,216,659,11920,762,4019,13.75,53.05545,73978,37.478709886723074
2025-04-27 15:00:00,72016,9060,19919,28684,218,655,11526,801,3615,12.3,59.980347,74478,38.909476623969496
2025-04-27 14:00:00,72294,9052,20305,28689,219,659,10804,904,3541,10.35,67.77135,74173,39.57909212247044
2025-04-27 13:00:00,72194,9354,21601,28705,219,784,7795,810,4070,8.2,75.363144,73338,42.20867762960539
2025-04-27 12:00:00,71098,9527,24682,28705,221,1028,2365,885,4350,6.75,84.08293,71763,47.66941181388738
2025-04-27 11:00:00,69447,9442,25872,28699,223,1194,95,804,3989,5.1,87.838646,70318,50.22042720213885
2025-04-27 10:00:00,68625,9432,25466,28698,225,1154,13,913,3609,5.15,85.39371,69510,50.20572579484966
2025-04-27 09:00:00,68177,9608,25329,28689,224,1134,13,988,3210,5.65,81.03241,69195,50.49064238745574
2025-04-27 08:00:00,67671,9834,25135,28686,221,1105,13,956,3190,6.1,80.52275,69140,50.577089962395135
2025-04-27 07:00:00,68333,9843,25691,28677,219,1146,13,984,3451,6.45,81.71615,70024,50.74545869987433
2025-04-27 06:00:00,69158,9765,26549,28675,219,1170,13,937,3620,7.4,78.7482,70948,51.183965721373404
2025-04-27 05:00:00,71247,9864,28002,28659,215,1193,13,1004,4200,7.7,79.90424,73150,51.76486671223513
2025-04-27 04:00:00,74158,9937,30280,28644,319,1188,13,1457,4534,8.35,78.070465,76372,52.65935159482533
2025-04-27 03:00:00,76853,10378,32114,28616,393,1223,13,1993,4503,9.5,72.24175,79233,53.629169664155086
2025-04-27 02:00:00,79980,10495,34296,28604,415,1351,14,2959,4292,10.75,67.85539,82426,54.34086331982627
2025-04-27 01:00:00,81697,9862,34290,28586,476,1355,86,3915,4340,11.45,66.60282,82910,53.25292485828006
2025-04-27 00:00:00,81466,9632,33064,28558,527,1359,1599,3581,4168,12.8,59.27188,82488,51.76025603724178
2025-04-26 23:00:00,81743,9509,31672,28545,541,1333,4984,2331,3875,14.45,52.50528,82790,49.74151467568547
2025-04-26 22:00:00,81804,9495,30369,28536,615,1245,7417,1650,3675,15.1,47.112865,83002,48.027758367268255
2025-04-26 21:00:00,80939,9633,29809,28546,398,1317,7829,1519,3631,15.3,51.826527,82682,47.70324859098716
2025-04-26 20:00:00,80232,9521,28921,28561,212,1286,7891,1244,3621,15.1,55.291645,81257,47.309154903577536
2025-04-26 19:00:00,80358,9852,29094,28583,212,1282,7414,829,3653,14.65,58.909866,80919,48.12961109257405
2025-04-26 18:00:00,80432,10058,29705,28591,214,1290,7038,810,3626,13.85,64.42272,81332,48.88973589730979
2025-04-26 17:00:00,80750,10287,30346,28596,214,1301,6142,825,3937,13.5,67.49915,81648,49.76606897903194
2025-04-26 16:00:00,80709,10387,30748,28598,216,1322,5330,833,4634,13.0,70.452896,82068,50.12306867475752
2025-04-26 15:00:00,80492,9926,30388,28598,217,1352,4432,871,5756,12.65,74.57688,81540,49.44076526857984
2025-04-26 14:00:00,79034,9964,29259,28584,216,1166,3489,869,6274,12.05,79.16718,79821,49.138697836408966
2025-04-26 13:00:00,77360,9981,29455,28586,217,1179,2181,817,5691,11.7,82.67455,78107,50.489712829835995
2025-04-26 12:00:00,74270,9735,28679,28572,218,1169,662,834,5728,11.45,86.0585,75597,50.8141857481117
2025-04-26 11:00:00,72234,9656,27764,28533,222,1162,26,860,5767,11.7,86.08397,73990,50.574401946208944
2025-04-26 10:00:00,70801,9354,27153,28498,226,1165,11,839,5564,13.6,89.172676,72810,50.14009064688917
2025-04-26 09:00:00,70191,9189,27160,28463,228,1168,11,855,5436,15.75,92.57878,72510,50.12963729140808
2025-04-26 08:00:00,70540,9206,27339,28414,226,1167,11,902,5666,16.55,96.249306,72931,50.1090071437386
2025-04-26 07:00:00,71764,9434,28203,28357,224,1165,11,943,6030,16.85,95.64621,74367,50.60981349254373
2025-04-26 06:00:00,73378,9750,29039,28285,223,1171,11,970,5884,17.15,95.3522,75333,51.49005084093292
2025-04-26 05:00:00,74523,10435,29368,28080,244,1373,11,926,5636,17.3,95.357445,76073,52.32211165590945
2025-04-26 04:00:00,78255,11866,32478,27898,472,1565,11,1092,5312,17.2,95.65768,80694,54.953280293454284
2025-04-26 03:00:00,82348,12187,35866,28031,586,1703,11,1753,4867,17.4,96.57915,85004,56.53028092795633
2025-04-26 02:00:00,86586,11827,37640,28350,606,1861,11,2669,5287,17.55,97.5046,88251,56.0526226331713
2025-04-26 01:00:00,88957,11488,37952,28485,619,1944,27,3656,5152,17.55,95.972885,89323,55.34968597113845
2025-04-26 00:00:00,88927,11564,37266,28498,604,1893,400,3548,4940,17.25,97.19014,88713,55.04266567470382
2025-04-25 23:00:00,89755,12191,37163,28480,578,1830,1497,3325,4214,18.95,91.01457,89278,55.28125630054437
2025-04-25 22:00:00,90595,12382,37326,28489,617,1699,2655,3122,3071,21.4,78.468216,89361,55.626056109488474
2025-04-25 21:00:00,89887,12211,36477,28502,614,1635,4023,2615,2475,21.0,81.95273,88552,54.98238323245099
2025-04-25 20:00:00,89124,12689,36270,28494,663,1651,5177,1420,1386,19.65,86.31265,87750,55.79373219373219
2025-04-25 19:00:00,88909,12813,36792,28503,662,1690,6003,1045,1161,19.75,81.79637,88669,55.944016510843696
2025-04-25 18:00:00,88189,12608,35711,28488,498,1742,7110,1213,1056,23.35,67.739624,88426,54.64343066518897
2025-04-25 17:00:00,86455,12588,35006,28493,473,1792,7454,861,744,22.7,71.35436,87411,54.4485247852101
2025-04-25 16:00:00,85041,12423,33814,28505,492,1775,7714,958,597,21.45,75.076744,86278,53.5907183754839
2025-04-25 15:00:00,83821,12158,32749,28525,396,1787,7212,839,767,19.95,79.26089,84433,53.18655028247249
2025-04-25 14:00:00,82749,12067,32929,28539,247,1608,6183,864,1047,18.15,86.16577,83484,53.897752862824014
2025-04-25 13:00:00,82215,12073,32841,28567,228,1432,3940,884,1378,17.0,94.43954,81343,55.21556864143196
2025-04-25 12:00:00,80677,12022,32900,28593,223,1348,1281,965,1810,15.45,96.2179,79142,56.76126456243208
2025-04-25 11:00:00,77134,11767,30773,28592,224,1290,54,974,2070,15.4,96.83816,75744,56.16286438529785
2025-04-25 10:00:00,73115,11507,28282,28591,225,1299,11,857,2173,15.4,97.150345,72945,54.546576187538555
2025-04-25 09:00:00,70740,10959,26933,28591,225,1283,11,815,2359,16.05,95.92703,71176,53.23704619534675
2025-04-25 08:00:00,70090,10969,26525,28589,223,1289,11,805,2423,16.2,96.547905,70834,52.93220769686874
2025-04-25 07:00:00,71060,11647,26706,28583,218,1299,11,762,2361,16.3,96.550545,71587,53.57536982971769
2025-04-25 06:00:00,72350,12503,27209,28582,218,1383,11,800,2531,16.6,95.637985,73237,54.223957835520295
2025-04-25 05:00:00,74699,12685,28876,28559,322,1436,11,1169,3097,17.2,90.02992,76155,54.5742236228744
2025-04-25 04:00:00,78362,12732,31405,28544,615,1489,11,1577,3626,17.8,83.14084,79999,55.171939649245616
2025-04-25 03:00:00,83758,13344,34473,28536,798,1643,11,2220,3903,18.1,78.48835,84928,56.302986058779204
2025-04-25 02:00:00,89397,14096,37480,28511,869,1853,11,3466,3272,18.9,75.13736,89558,57.589495075816785
2025-04-25 01:00:00,92242,14157,38826,28476,1098,1823,34,4193,2281,20.25,69.76671,90888,58.29482439926063
2025-04-25 00:00:00,92594,14058,38742,28457,976,1839,964,3812,1456,19.9,81.29724,90304,58.469170800850456
2025-04-24 23:00:00,93753,13950,38389,28447,689,1920,3827,3652,852,20.85,75.217155,91726,57.06015742537558
2025-04-24 22:00:00,93951,13785,37480,28452,815,1921,6047,3497,663,22.4,64.79823,92660,55.32592272825383
2025-04-24 21:00:00,92348,13639,36626,28442,821,1882,7570,2290,677,24.95,45.15058,91947,54.66736271982773
2025-04-24 20:00:00,90296,13151,34690,28414,819,1774,9461,1065,789,25.05,46.836136,90163,53.06056808225104
2025-04-24 19:00:00,88532,12648,33726,28340,832,1760,9953,770,769,25.8,41.672318,88798,52.22414919254938
2025-04-24 18:00:00,87270,12312,32433,28232,877,1833,10883,702,564,25.8,47.192314,87836,50.94152739195774
2025-04-24 17:00:00,85641,12167,31687,28145,818,1873,10982,732,365,24.35,51.954975,86769,50.541091864606024
2025-04-24 16:00:00,84207,11970,30922,28027,717,1876,11056,800,341,22.6,55.70877,85709,50.04375269808305
2025-04-24 15:00:00,83798,11869,30832,27905,639,1811,10775,892,317,20.5,60.316,85040,50.212841015992474
2025-04-24 14:00:00,83242,11677,31384,27766,480,1557,9865,935,437,18.5,65.011765,84101,51.201531491896645
2025-04-24 13:00:00,82433,11871,32325,27708,495,1631,6561,1028,714,16.35,71.09552,82333,53.679569552913165
2025-04-24 12:00:00,80981,12129,33326,27618,362,1658,1763,1999,820,13.3,75.95826,79675,57.0505177282711
2025-04-24 11:00:00,77514,11725,31325,27602,222,1578,67,2020,830,11.6,77.24064,75369,57.118974644747844
2025-04-24 10:00:00,72637,11704,29080,27557,223,1623,13,937,1018,11.7,75.17854,72155,56.52276349525327
2025-04-24 09:00:00,70578,11570,27920,27521,224,1567,13,796,1130,12.3,72.51298,70741,55.82335562120977
2025-04-24 08:00:00,69810,11442,27064,27489,225,1531,13,793,1353,12.7,72.586555,69910,55.079387784294084
2025-04-24 07:00:00,70435,11907,27084,27384,225,1592,14,806,1812,13.8,67.56186,70824,55.053371738393764
2025-04-24 06:00:00,71825,12829,27576,27333,221,1516,15,826,2188,14.6,63.934204,72504,55.72795983669866
2025-04-24 05:00:00,73628,13055,29374,27244,299,1471,15,1142,2310,14.6,63.717,74910,56.639967961553864
2025-04-24 04:00:00,77500,13717,32654,27148,571,1487,15,1427,2100,15.3,63.44356,79119,58.60918363477799
2025-04-24 03:00:00,82949,14018,37425,27156,667,1712,15,2254,1746,16.05,65.566956,84993,60.526160977962896
2025-04-24 02:00:00,88762,13952,41177,27343,995,1988,21,3704,1380,17.1,71.00225,90560,60.87566254416961
2025-04-24 01:00:00,91954,13798,42186,27513,1487,1877,137,3970,1052,18.65,65.90631,92020,60.838948054770704
2025-04-24 00:00:00,91934,13428,41305,27523,1253,1846,1675,3799,1001,20.1,61.82484,91830,59.60252640749211
2025-04-23 23:00:00,92343,12955,39322,27523,1100,1735,5588,3498,1094,22.8,44.259804,92815,56.32387006410602
2025-04-23 22:00:00,91445,13142,37436,27535,631,1769,8581,2740,1134,23.35,37.79327,92968,54.40366577747182
2025-04-23 21:00:00,88963,12806,33869,27552,601,1743,10419,1271,1380,23.55,37.85015,89641,52.068807800002226
2025-04-23 20:00:00,86421,12377,32166,27567,546,1263,11164,1008,1385,23.5,37.9644,87476,50.92025241209017
2025-04-23 19:00:00,85226,11985,31450,27595,579,1211,11139,909,1157,23.1,38.89257,86025,50.491136297587914
2025-04-23 18:00:00,84105,12010,31325,27626,629,1217,11071,932,843,22.55,40.48412,85653,50.59367447725124
2025-04-23 17:00:00,83356,12157,30868,27724,401,1080,10841,900,824,21.65,43.20271,84795,50.74002004835191
2025-04-23 16:00:00,82844,12206,30916,27749,383,1070,10770,946,853,20.25,47.72589,84893,50.795707537723956
2025-04-23 15:00:00,82969,12269,30754,27813,386,1092,10351,937,1176,18.3,56.867832,84778,50.747835523366916
2025-04-23 14:00:00,83092,12156,31669,27919,387,943,9015,893,1356,15.8,65.73338,84338,51.96352770992909
2025-04-23 13:00:00,82715,12382,33523,27936,395,955,5420,1230,1845,13.1,73.65117,83686,54.85385847095093
2025-04-23 12:00:00,81679,12389,34679,27918,404,982,1424,1983,2151,10.2,82.20545,81930,57.44904186500671
2025-04-23 11:00:00,78123,12019,32522,27847,222,973,33,1894,2968,8.55,85.169,78478,56.75603353806162
2025-04-23 10:00:00,72675,11551,28919,27782,225,963,13,1051,3498,8.7,84.01909,74002,54.687711142942085
2025-04-23 09:00:00,70550,11341,28308,27638,225,957,13,893,4350,9.3,80.40968,73725,53.779586300440826
2025-04-23 08:00:00,69951,11330,27307,27569,220,952,13,835,4631,10.1,75.685234,72857,53.03128045349108
2025-04-23 07:00:00,70648,11565,28045,27510,218,948,13,889,4387,10.9,72.75342,73575,53.83622154264356
2025-04-23 06:00:00,72305,11808,29453,27406,216,949,13,904,3724,11.45,72.604645,74473,55.403971909282554
2025-04-23 05:00:00,74045,12342,30271,27312,308,956,13,855,3554,12.15,70.28672,75611,56.35820184893733
2025-04-23 04:00:00,77272,12903,32502,27330,350,1303,13,1412,3525,13.0,66.02263,79338,57.229826816909934
2025-04-23 03:00:00,82439,13809,35281,27364,349,1731,13,2200,3587,13.75,64.842415,84334,58.209026015604614
2025-04-23 02:00:00,87908,14253,37242,28104,390,1768,16,3423,3305,14.4,64.325966,88501,58.18578321148914
2025-04-23 01:00:00,90722,13944,38243,28264,433,1782,100,3985,3084,15.25,64.297295,89835,58.09205766126788
2025-04-23 00:00:00,90254,13197,36761,28253,430,1690,1302,3908,3556,16.2,66.484055,89097,56.07147266462395
2025-04-22 23:00:00,90283,12857,34789,28251,423,1724,3916,3217,4240,17.95,53.250816,89417,53.28516948678663
2025-04-22 22:00:00,90202,12563,33478,28251,356,1720,6203,2277,4955,18.4,50.03843,89803,51.26888856719709
2025-04-22 21:00:00,89327,12278,32307,28186,335,1650,7760,1405,5408,18.5,49.388412,89329,49.911003145674975
2025-04-22 20:00:00,88350,12251,31153,28092,331,1422,8768,824,5609,18.15,50.312614,88450,49.07179197286602
2025-04-22 19:00:00,86971,12343,29643,28038,343,1336,9566,861,5310,17.7,50.70819,87440,48.016925892040256
2025-04-22 18:00:00,85907,11772,28785,28054,324,1217,10088,859,4888,16.9,52.25455,85987,47.16643213509018
2025-04-22 17:00:00,85036,11708,28133,28071,285,1179,10246,848,4459,16.05,53.296875,84929,46.910949145757044
2025-04-22 16:00:00,85019,12004,28691,28092,242,1213,10213,842,3688,15.0,55.456783,84985,47.88492086838854
2025-04-22 15:00:00,84042,11819,28990,28093,217,1207,9755,913,2697,13.95,57.930927,83691,48.76151557515145
2025-04-22 14:00:00,82748,11807,28762,28076,217,1004,8544,1207,2482,12.8,62.43807,82099,49.41473099550542
2025-04-22 13:00:00,82886,12528,29983,28029,219,1033,5366,1969,3041,11.05,78.21554,82168,51.736685814428974
2025-04-22 12:00:00,82053,13063,32101,27960,218,1070,1161,2907,3104,9.0,90.01743,81584,55.35889390076486
2025-04-22 11:00:00,78403,12358,31195,27923,219,1084,27,2283,3064,7.85,91.17705,78153,55.72786713241974
2025-04-22 10:00:00,73379,11295,29223,27931,221,1078,13,1079,2728,8.0,89.94166,73568,55.07557633753806
2025-04-22 09:00:00,71561,10843,28116,27947,221,1073,13,870,2411,9.15,86.11569,71494,54.49268470081405
2025-04-22 08:00:00,70680,11030,27608,27808,218,1053,13,881,2289,9.85,83.00915,70900,54.49647390691115
2025-04-22 07:00:00,71223,11490,27883,27789,215,1064,13,901,2227,10.45,80.84546,71582,55.004051297812296
2025-04-22 06:00:00,72602,12242,28047,27753,215,1068,13,918,2305,10.9,78.99832,72561,55.52431747081765
2025-04-22 05:00:00,73377,12966,29064,27658,213,1056,13,939,2493,11.3,77.193214,74402,56.49041692427623
2025-04-22 04:00:00,76900,13649,32001,27654,210,1075,13,1981,2894,12.05,75.23789,79477,57.43800093108698
2025-04-22 03:00:00,82128,14206,35224,27655,221,1378,13,2970,3166,13.3,74.437096,84833,58.26741951834782
2025-04-22 02:00:00,87274,14771,37628,27648,487,1739,15,3830,3499,15.0,73.24854,89617,58.46993316000313
2025-04-22 01:00:00,89768,14533,38019,27601,555,1845,60,4384,4352,16.7,70.69225,91349,57.52881804945867
2025-04-22 00:00:00,89244,13878,36273,27595,548,1761,1111,4625,5507,19.9,58.995667,91298,54.93110473394817
2025-04-21 23:00:00,89136,13236,34514,27590,336,1822,3460,4196,6722,21.35,55.760834,91876,51.972223431581696
2025-04-21 22:00:00,88635,13012,33018,27584,206,1947,5938,2927,7612,22.55,53.20426,92244,49.900264515849265
2025-04-21 21:00:00,87544,12727,32116,27594,206,1905,7224,2099,8109,23.15,50.469795,91980,48.75298978038704
2025-04-21 20:00:00,86642,13024,30882,27547,207,1652,8135,1293,8412,23.05,53.33293,91152,48.16789538353519
2025-04-21 19:00:00,86918,13333,30717,27443,210,1704,8661,812,8381,22.6,62.192154,91261,48.26815397595906
2025-04-21 18:00:00,86812,13104,30470,27451,211,1704,8707,823,8189,22.0,62.25726,90659,48.063623026947134
2025-04-21 17:00:00,86406,12843,30508,27466,212,1730,7573,819,8216,22.15,70.13022,89367,48.508957445141945
2025-04-21 16:00:00,85556,12748,30167,27469,213,1686,6339,921,8117,21.15,70.38929,87660,48.95619438740589
2025-04-21 15:00:00,85123,12540,30856,27487,274,1711,5349,860,8278,20.55,75.890785,87355,49.67775170282182
2025-04-21 14:00:00,84236,12101,31558,27506,390,1556,3785,924,8348,19.7,76.732,86168,50.66730108625011
2025-04-21 13:00:00,82593,12304,31853,27519,223,1487,1876,934,8378,18.7,78.82941,84574,52.211081419821696
2025-04-21 12:00:00,79924,11903,30842,27522,218,1371,485,1005,8455,19.1,73.727455,81801,52.254862409994985
2025-04-21 11:00:00,76199,11034,28864,27528,222,1295,21,915,8215,18.35,74.56041,78094,51.08971239787948
2025-04-21 10:00:00,71142,9949,26482,27520,223,1256,13,849,8232,17.4,75.87257,74524,48.884922977832645
2025-04-21 09:00:00,68258,9495,24359,27510,221,1121,13,838,8125,16.15,75.171104,71682,47.22803493206105
2025-04-21 08:00:00,67089,9488,23718,27515,219,1096,13,818,7838,15.2,69.00194,70705,46.964146807156496
2025-04-21 07:00:00,67502,9736,24122,27512,216,1116,13,875,7792,15.55,58.728333,71382,47.43212574598638
2025-04-21 06:00:00,68848,10375,24045,27505,212,1106,13,869,7779,16.1,55.170242,71904,47.86938139741878
2025-04-21 05:00:00,70781,11417,25130,27500,210,1078,13,923,7281,16.2,56.918373,73552,49.688655644985865
2025-04-21 04:00:00,73487,12971,26830,27505,557,1083,13,1074,7304,16.3,57.332523,77337,51.4643702238256
2025-04-21 03:00:00,76398,13311,28216,27510,715,1122,13,2394,7643,16.4,56.38977,80924,51.31604962681035
2025-04-21 02:00:00,80432,13328,30683,27503,708,1374,13,3646,7887,17.1,55.05181,85142,51.69129219421672
2025-04-21 01:00:00,82011,13165,32213,27492,718,1421,35,4192,7564,17.7,57.680855,86800,52.278801843317964
2025-04-21 00:00:00,80384,12248,31115,27484,712,1406,851,3979,7218,17.9,62.55412,85013,51.00749297166316
2025-04-20 23:00:00,79715,11494,28650,27485,709,1377,3677,4033,7114,19.2,61.010036,84539,47.48577579578656
2025-04-20 22:00:00,78835,10795,25920,27480,685,1291,7426,3379,7072,20.25,56.03847,84048,43.683371406815155
2025-04-20 21:00:00,77586,10561,24372,27487,697,1276,9056,2524,6877,20.35,55.50912,82850,42.164152082076036
2025-04-20 20:00:00,76574,10261,23059,27498,680,1167,9774,1561,6617,20.15,55.82791,80617,41.331232866516984
2025-04-20 19:00:00,75756,10266,22535,27498,693,1186,10558,949,6325,19.65,56.636253,80010,40.99612548431446
2025-04-20 18:00:00,76103,10250,22705,27506,706,1163,10439,921,5922,18.8,57.75901,79612,41.39451338994122
2025-04-20 17:00:00,75904,10234,22668,27506,500,1147,10230,899,5925,17.7,59.053707,79109,41.590716606201575
2025-04-20 16:00:00,75520,10222,23538,27440,185,1139,9611,916,5786,16.45,61.38851,78837,42.8225325671956
2025-04-20 15:00:00,74721,10537,23586,27391,183,1162,8388,883,6329,15.05,64.03528,78459,43.49150511732242
2025-04-20 14:00:00,73966,10782,23981,27390,191,1073,6951,828,6602,13.55,67.50962,77798,44.68366796061595
2025-04-20 13:00:00,72323,10900,25742,27386,214,1102,3512,831,6532,12.3,72.01963,76219,48.07462706149385
2025-04-20 12:00:00,69856,10785,25921,27429,197,1108,675,841,6133,10.35,79.732574,73089,50.220963482877046
2025-04-20 11:00:00,68464,10729,25635,27498,189,1098,33,813,5525,10.05,83.033714,71520,50.84451901565995
2025-04-20 10:00:00,67860,10714,25316,27487,188,1080,30,924,3835,10.15,85.34224,69574,51.78658694339839
2025-04-20 09:00:00,67401,11094,25308,27476,179,1063,30,905,3292,10.35,84.210175,69347,52.49253752866022
2025-04-20 08:00:00,67802,11227,26197,27470,175,1080,30,935,2633,10.85,84.267426,69747,53.6567881055816
2025-04-20 07:00:00,68948,11476,27253,27447,174,1093,30,974,2470,11.6,86.65431,70917,54.611729204563076
2025-04-20 06:00:00,70670,12399,27963,27435,175,1106,30,964,2166,12.45,87.609344,72238,55.87363991251142
2025-04-20 05:00:00,73455,13579,29452,27416,181,1152,30,1117,2097,13.15,86.517166,75024,57.35631264661974
2025-04-20 04:00:00,76716,13800,30968,27400,590,1294,30,1651,2095,14.4,87.785126,77828,57.52171455003341
2025-04-20 03:00:00,81068,14498,33854,27397,669,1409,30,2769,1883,15.2,87.56999,82509,58.602091893005614
2025-04-20 02:00:00,84530,14590,35649,27400,673,1794,30,4193,1634,15.85,85.100624,85963,58.4425857636425
2025-04-20 01:00:00,85998,14254,35866,27384,668,1742,48,4697,2084,17.6,83.117134,86743,57.77987849163622
2025-04-20 00:00:00,85122,13402,35111,27377,687,1718,693,4611,2513,19.95,70.61606,86112,56.337095875139354
2025-04-19 23:00:00,85099,12861,34000,27370,666,1681,2670,4405,2879,21.3,67.75943,86532,54.15453242731013
2025-04-19 22:00:00,84812,13177,33345,27375,668,1695,4426,3495,3046,22.0,69.21376,87227,53.33440333841586
2025-04-19 21:00:00,83315,13433,30945,27380,689,1606,6527,2504,3337,23.1,65.571884,86421,51.350944793510834
2025-04-19 20:00:00,81423,13635,29067,27394,678,1332,7664,1597,3000,24.75,59.570454,84367,50.614576789503005
2025-04-19 19:00:00,80776,12983,27154,27407,673,1142,9286,941,3013,24.5,61.047432,82599,48.592597973341086
2025-04-19 18:00:00,80228,12767,26344,27415,630,1147,9216,1002,2727,23.15,66.63359,81248,48.137800315084675
2025-04-19 17:00:00,79997,13477,27846,27430,621,1169,7579,994,2177,23.45,65.229706,81293,50.83217497201481
2025-04-19 16:00:00,79908,12943,28516,27449,715,1140,7286,973,2833,23.9,60.32867,81855,50.649318917598194
2025-04-19 15:00:00,79106,12367,28427,27461,267,1099,7028,903,3687,23.35,58.86068,81239,50.214798311155974
2025-04-19 14:00:00,77243,12364,27665,27481,216,972,5625,768,3763,22.65,61.804554,78854,50.763436223907476
2025-04-19 13:00:00,74817,12031,27202,27491,215,1048,3306,822,4094,21.2,68.8364,76209,51.480796231416235
2025-04-19 12:00:00,71210,11765,25838,27492,214,1085,858,786,4798,18.7,78.576096,72836,51.62694272063265
2025-04-19 11:00:00,69362,11372,25268,27486,215,1091,25,863,5397,18.5,78.29402,71717,51.08969979223894
2025-04-19 10:00:00,68305,11204,24583,27479,218,1088,13,833,5880,18.9,76.36012,71298,50.19355381637634
2025-04-19 09:00:00,68321,11009,24903,27477,218,1088,13,910,5800,19.65,72.87683,71418,50.284242067826035
2025-04-19 08:00:00,68671,10789,24768,27478,215,1048,13,951,6489,20.25,71.129486,71751,49.55610374768296
2025-04-19 07:00:00,69790,11053,25060,27474,214,926,13,936,7470,19.95,71.53373,73146,49.37112077215432
2025-04-19 06:00:00,71109,11320,24842,27479,212,813,13,1045,7989,20.3,69.32736,73713,49.057832404053556
2025-04-19 05:00:00,73388,12310,26909,27465,211,739,13,1080,7830,20.85,65.30468,76557,51.2284964144363
2025-04-19 04:00:00,75917,13091,29153,27458,211,725,13,1560,8339,20.8,61.78308,80550,52.44444444444445
2025-04-19 03:00:00,79765,13466,31750,27449,210,752,13,2844,8273,20.7,56.897144,84757,53.34780608091367
2025-04-19 02:00:00,83146,13706,32624,27446,207,891,13,4057,8322,20.4,54.06707,87266,53.0905507299521
2025-04-19 01:00:00,84755,13634,33245,27449,205,889,25,4440,8500,21.85,48.64656,88387,53.03834274271103
2025-04-19 00:00:00,83777,12749,32605,27440,206,894,781,4441,8519,21.2,61.27344,87635,51.753294916414674
2025-04-18 23:00:00,83782,12197,31276,27432,207,881,4519,3090,8522,22.25,61.713512,88124,49.33162362126095
2025-04-18 22:00:00,83799,11971,30668,27434,209,885,7201,1516,8445,23.25,57.708736,88329,48.27293414393914
2025-04-18 21:00:00,83265,11888,28409,27430,210,881,9370,1103,8468,23.8,52.833954,87759,45.917797604804065
2025-04-18 20:00:00,82544,11599,26906,27410,211,881,10991,1088,8547,24.2,50.746925,87633,43.93892711649721
2025-04-18 19:00:00,81153,11462,25847,27433,212,883,11078,1106,8470,24.3,49.95263,86491,43.13628007538357
2025-04-18 18:00:00,80114,11462,24682,27457,211,879,11166,1099,8398,24.05,50.213367,85354,42.345994329498325
2025-04-18 17:00:00,79625,11474,24275,27484,212,896,11149,1096,8246,23.45,48.435467,84832,42.14093738211995
2025-04-18 16:00:00,79721,11456,24253,27507,230,908,10891,1188,8263,22.4,49.119698,84696,42.16137716066874
2025-04-18 15:00:00,80014,11629,23906,27533,214,844,10438,1438,8090,20.95,52.4401,84092,42.257289635161484
2025-04-18 14:00:00,81125,12161,24225,27551,215,731,9273,1800,8303,18.75,55.66009,84259,43.183517487746116
2025-04-18 13:00:00,81905,12781,26654,27583,315,747,5432,1955,8467,15.8,51.424698,83934,46.98334405604403
2025-04-18 12:00:00,81410,12951,29089,27591,333,756,1328,2344,8469,11.55,62.145176,82861,50.73556920626109
2025-04-18 11:00:00,78853,12474,28673,27595,328,753,38,2220,8130,10.25,61.185406,80211,51.29845033723554
2025-04-18 10:00:00,75154,12244,28009,27601,218,800,14,1347,7718,10.0,57.33586,77951,51.63885004682429
2025-04-18 09:00:00,73501,11837,27856,27601,216,752,14,1172,7308,10.0,53.949657,76756,51.71322111626453
2025-04-18 08:00:00,73177,11879,27861,27605,214,748,14,1291,7400,10.3,53.069244,77012,51.6023476860749
2025-04-18 07:00:00,73268,11800,28211,27592,216,752,14,1038,7833,10.45,51.419353,77456,51.65642429250155
2025-04-18 06:00:00,73980,11936,26917,27576,214,758,14,1014,7809,10.25,53.63041,76238,50.9627744694247
2025-04-18 05:00:00,75213,12341,26844,27559,231,753,14,1049,7865,11.1,52.154865,76656,51.11798163222709
2025-04-18 04:00:00,76588,12816,27772,27554,537,743,14,1403,7702,11.9,50.720524,78541,51.67746781935549
2025-04-18 03:00:00,80065,13346,30276,27550,759,749,17,2060,7622,12.05,50.761845,82379,52.95281564476384
2025-04-18 02:00:00,83969,13376,32155,27541,903,747,20,3546,7498,12.5,53.09433,85786,53.07509383815541
2025-04-18 01:00:00,85440,12778,31722,27550,888,754,25,4756,7342,13.15,55.556564,85815,51.85573617665909
2025-04-18 00:00:00,83723,12557,30805,27548,845,733,473,4185,7063,13.4,60.875153,84209,51.49330831621322
2025-04-17 23:00:00,82429,11970,29330,27537,813,728,3253,2879,7110,15.05,52.120136,83620,49.390098062664435
2025-04-17 22:00:00,81323,11702,26786,27541,635,727,6922,1565,7098,15.9,43.210526,82976,46.3844967219437
2025-04-17 21:00:00,81395,11585,26321,27539,598,729,9226,1144,6599,16.05,40.58694,83741,45.26575990255669
2025-04-17 20:00:00,81568,11265,25446,27548,602,730,10714,1153,6636,15.9,39.970886,84094,43.65471971841035
2025-04-17 19:00:00,81995,11219,25408,27555,602,716,11330,1073,6554,15.45,40.846893,84457,43.3676308654108
2025-04-17 18:00:00,82805,11284,25739,27564,605,707,11596,1055,6368,14.65,43.00332,84918,43.598530346922914
2025-04-17 17:00:00,83353,11245,25539,27575,606,699,11736,1054,6152,13.5,45.026787,84606,43.47682197480084
2025-04-17 16:00:00,84414,11261,26937,27575,621,757,11729,1030,6086,12.2,48.500652,85996,44.41834503930415
2025-04-17 15:00:00,85391,11656,27829,27564,594,831,11635,969,6042,10.45,58.27317,87120,45.322543617998164
2025-04-17 14:00:00,86941,12101,29155,27559,584,802,10920,1594,5803,7.55,71.61784,88518,46.607469667186336
2025-04-17 13:00:00,90386,13043,33551,27540,702,820,7233,2269,6292,4.45,79.14388,91450,50.95024603608529
2025-04-17 12:00:00,92580,13956,36987,27523,1066,910,1852,3946,6199,1.95,88.17961,92439,55.10985622951352
2025-04-17 11:00:00,89759,13663,36243,27505,1128,892,20,3840,5139,0.35,90.65005,88430,56.43559877869502
2025-04-17 10:00:00,83449,13048,34024,27508,783,879,13,2601,4576,0.7,87.1036,83432,56.41959919455365
2025-04-17 09:00:00,79096,13562,32183,27512,331,713,13,1435,4225,1.35,83.73666,79974,57.1998399479831
2025-04-17 08:00:00,77779,13688,31727,27504,209,703,13,1185,4264,2.1,81.123955,79293,57.274917079691775
2025-04-17 07:00:00,77434,13875,32045,27508,207,707,13,1201,4089,2.7,79.16581,79645,57.65584782472221
2025-04-17 06:00:00,77804,13534,32797,27492,207,711,13,1233,3689,3.0,79.2112,79676,58.14925448064662
2025-04-17 05:00:00,79088,13317,33031,27490,278,706,13,1632,3547,3.5,77.58162,80014,57.92486314894894
2025-04-17 04:00:00,80981,13632,33551,27490,802,703,13,2268,3811,4.3,73.34199,82270,57.3514039139419
2025-04-17 03:00:00,84405,13691,35746,27569,964,750,13,3390,3320,5.5,68.44384,85443,57.85962571538921
2025-04-17 02:00:00,88111,13444,37354,27593,1185,1042,13,4330,3315,6.2,68.34457,88276,57.54451946168834
2025-04-17 01:00:00,89093,12813,38127,27584,1223,1038,44,4950,2389,7.2,65.200584,88168,57.776063878051
2025-04-17 00:00:00,86402,11913,35207,27582,1020,1025,1534,4748,2343,8.45,61.62612,85372,55.193740336410066
2025-04-16 23:00:00,84401,11749,32024,27583,1003,1016,6338,2548,2511,10.4,46.9568,84772,51.63615344689284
2025-04-16 22:00:00,83375,11343,29215,27584,745,980,9985,1816,2500,11.15,43.547222,84168,48.18695941450433
2025-04-16 21:00:00,83364,11434,28941,27584,682,999,10986,1149,2442,11.5,42.549755,84217,47.94162698742534
2025-04-16 20:00:00,83701,11732,29010,27583,681,1006,11086,1020,2490,11.95,39.385525,84608,48.15383888048411
2025-04-16 19:00:00,84609,12020,29350,27598,702,997,11002,1017,2602,12.05,39.270817,85288,48.50623768877216
2025-04-16 18:00:00,85470,11995,29832,27601,766,1019,10975,979,2730,11.25,42.16676,85897,48.694366508725565
2025-04-16 17:00:00,86269,12307,30380,27623,804,1020,10853,999,2662,10.3,47.27112,86648,49.26484165820331
2025-04-16 16:00:00,86819,12406,31071,27648,866,1018,10542,1134,2680,9.45,51.5158,87365,49.764779946202715
2025-04-16 15:00:00,87651,12366,31838,27659,866,1011,10286,1359,2729,8.5,55.52525,88114,50.16682933472547
2025-04-16 14:00:00,88564,12420,32758,27660,721,988,9583,1883,2717,7.35,62.252983,88730,50.91626281979037
2025-04-16 13:00:00,89458,13208,34581,27664,776,1014,6019,3213,2643,5.75,75.47674,89118,53.624408088152784
2025-04-16 12:00:00,89878,13840,36006,27664,957,1029,1448,4403,2949,3.35,83.37592,88296,56.45329346742775
2025-04-16 11:00:00,86652,13247,34265,27659,1016,1020,24,3651,3416,2.6,85.72889,84298,56.36195402026145
2025-04-16 10:00:00,80295,12603,31299,27617,816,1005,15,2089,3870,3.05,85.16184,79314,55.35214464029049
2025-04-16 09:00:00,76796,12626,28709,27525,330,724,15,968,4290,3.45,84.293015,75187,54.9762591937436
2025-04-16 08:00:00,76468,12877,28932,27527,310,688,15,888,4307,3.95,82.853546,75544,55.34390553849412
2025-04-16 07:00:00,76448,13161,29186,27573,285,697,15,891,4450,4.55,80.0153,76258,55.53122295365732
2025-04-16 06:00:00,76953,13281,29568,27615,217,696,15,967,4737,5.7,75.73842,77096,55.578758949880665
2025-04-16 05:00:00,77388,13307,30097,27631,268,693,15,1311,4315,6.05,74.724205,77637,55.90633332045287
2025-04-16 04:00:00,79378,13123,31284,27638,687,688,15,1904,4608,5.25,75.93335,79947,55.545548926163576
2025-04-16 03:00:00,83046,13415,32324,27624,640,767,15,3395,5449,5.15,74.56484,83629,54.69275012256514
2025-04-16 02:00:00,87274,14029,33906,27601,631,1012,15,4270,5674,6.05,70.05697,87138,55.0104432050311
2025-04-16 01:00:00,89219,13458,34429,27594,813,1038,35,4652,6378,7.1,63.098415,88397,54.172652918085454
2025-04-16 00:00:00,87543,12459,31197,27581,677,1017,938,4440,7396,7.85,57.81994,85705,50.93751823114171
2025-04-15 23:00:00,85815,12210,29879,27580,697,1013,3532,2590,7607,8.4,55.902588,85108,49.453635380927764
2025-04-15 22:00:00,84716,11584,28488,27580,770,994,5477,1625,7679,8.85,53.640263,84197,47.59314464885922
2025-04-15 21:00:00,84248,11754,28741,27570,467,1008,5806,967,7599,9.1,52.935024,83912,48.258890265992946
2025-04-15 20:00:00,84844,12055,29217,27565,501,1013,5602,1006,7711,9.2,54.517136,84670,48.744537616629266
2025-04-15 19:00:00,85305,12283,29753,27554,435,1011,5029,1001,7716,9.65,54.050148,84782,49.58127904508032
2025-04-15 18:00:00,85005,12164,28917,27557,488,1005,4950,1036,8060,9.9,52.96093,84177,48.80311724105159
2025-04-15 17:00:00,85466,12603,28579,27553,497,979,4745,1214,8360,8.9,58.2973,84530,48.718798059860404
2025-04-15 16:00:00,86514,13149,29821,27558,340,980,4482,1382,8838,9.35,55.749134,86550,49.64760254188331
2025-04-15 15:00:00,86061,12512,29619,27553,334,998,4576,1574,9049,9.0,55.85825,86215,48.867366467552046
2025-04-15 14:00:00,85766,12186,29722,27547,441,1010,4509,2002,8946,9.6,52.120247,86363,48.52541018723296
2025-04-15 13:00:00,85583,12171,29455,27549,469,1019,3357,2726,8918,8.95,58.730026,85664,48.5921740754576
2025-04-15 12:00:00,83999,12519,29481,27549,489,1045,734,3261,8693,8.55,59.907387,83771,50.136682145372504
2025-04-15 11:00:00,79880,11793,28540,27503,568,1034,47,2076,8447,8.35,59.215088,80008,50.41120887911209
2025-04-15 10:00:00,75042,11127,26354,27427,572,1020,43,1131,8308,9.25,56.938313,75982,49.328788397251984
2025-04-15 09:00:00,72749,10744,25170,27426,565,753,43,976,8007,9.45,59.915527,73684,48.7405678301938
2025-04-15 08:00:00,71745,10977,24276,27425,562,669,43,942,8235,10.2,62.044193,73129,48.2065938273462
2025-04-15 07:00:00,72082,11333,24620,27414,563,666,43,844,8212,10.65,62.589386,73695,48.78621344731665
2025-04-15 06:00:00,73317,11652,24849,27419,646,642,43,864,8562,11.05,61.37742,74677,48.878503421401504
2025-04-15 05:00:00,74441,12052,25626,27417,770,722,43,926,8297,11.8,57.793915,75853,49.67239265421276
2025-04-15 04:00:00,76492,12480,26909,27502,743,829,43,1729,8231,12.6,53.30891,78466,50.19881222440292
2025-04-15 03:00:00,81098,12699,30491,27523,837,867,43,3225,7769,13.9,46.94068,83454,51.7530615668512
2025-04-15 02:00:00,86121,12948,33175,27520,864,960,43,4522,7565,15.5,48.0582,87597,52.653629690514514
2025-04-15 01:00:00,88666,12688,34387,27505,1243,1002,62,4981,7944,16.8,46.932636,89812,52.41504476016567
2025-04-15 00:00:00,87392,12106,32914,27503,1084,988,651,4834,7571,15.9,74.63405,87651,51.36279106912642
2025-04-14 23:00:00,86113,11836,30946,27500,1029,973,3205,3920,7765,17.25,70.79692,87174,49.076559524628905
2025-04-14 22:00:00,84800,11568,28931,27506,1032,956,6385,1683,7246,18.1,71.89216,85307,47.47441593304183
2025-04-14 21:00:00,84427,11829,27610,27489,704,931,7488,1166,7417,18.95,75.87699,84634,46.59947538814188
2025-04-14 20:00:00,83933,11764,27127,27401,211,853,8285,1129,7915,22.95,55.074768,84685,45.92430772864143
2025-04-14 19:00:00,83904,11548,27611,27411,207,933,9412,922,7332,22.55,58.479816,85376,45.86651986506747
2025-04-14 18:00:00,83814,11499,27887,27428,208,971,9499,968,6717,21.35,59.92638,85177,46.240182208812236
2025-04-14 17:00:00,83879,11670,27781,27445,209,976,9903,984,6364,20.85,60.398148,85332,46.232363005671964
2025-04-14 16:00:00,84426,11878,28284,27493,212,1032,9030,995,6702,19.8,62.984303,85626,46.90397776376334
2025-04-14 15:00:00,85461,12162,30523,27597,214,1093,7368,1322,5448,18.3,66.26725,85727,49.791780885835266
2025-04-14 14:00:00,87143,12569,33105,27593,214,1044,5000,2043,6269,16.85,69.10095,87837,51.99858829422681
2025-04-14 13:00:00,88085,12253,33709,27498,215,1047,2866,3695,7049,15.1,66.0265,88332,52.0332382375583
2025-04-14 12:00:00,87457,12101,34154,27487,216,1092,633,4364,6941,11.4,74.61495,86988,53.174001011633784
2025-04-14 11:00:00,83747,11433,32990,27491,218,1002,14,3627,5448,10.4,72.913124,82223,54.02746190238741
2025-04-14 10:00:00,77661,11172,31044,27491,216,1053,11,1467,4826,10.85,68.58766,77280,54.62732919254658
2025-04-14 09:00:00,75373,11516,30435,27487,208,1121,11,916,4584,10.8,65.0848,76278,54.99750911140827
2025-04-14 08:00:00,73854,11050,29384,27494,179,1158,11,862,4497,9.85,66.489105,74635,54.175654853620955
2025-04-14 07:00:00,73734,10946,29467,27605,169,1204,11,557,4280,8.95,67.952805,74239,54.43634747235281
2025-04-14 06:00:00,74430,11195,29481,27643,170,1153,11,607,4175,9.05,65.38285,74435,54.64633572915967
2025-04-14 05:00:00,75384,11467,29449,27830,170,1082,11,726,4260,9.25,62.70341,74995,54.5583038869258
2025-04-14 04:00:00,76817,11658,30024,28060,169,986,11,947,4801,9.7,62.587093,76656,54.37539135879774
2025-04-14 03:00:00,78910,12131,31631,28189,169,956,11,1875,4954,10.85,58.996426,79916,54.75999799789779
2025-04-14 02:00:00,82138,12123,33156,28370,169,1005,11,3529,4384,11.8,54.621914,82747,54.719808573120474
2025-04-14 01:00:00,83533,11805,33089,28449,176,990,36,4353,4279,12.35,52.68001,83177,53.97405532779494
2025-04-14 00:00:00,80779,11444,31749,28442,210,920,587,2969,4881,11.3,68.91819,81202,53.192039604935836
2025-04-13 23:00:00,78932,10903,29535,28436,209,977,3374,2071,5257,13.05,58.9225,80762,50.0705777469602
2025-04-13 22:00:00,78281,10254,27060,28441,207,927,6593,1497,6147,14.3,51.556686,81126,45.99511870423785
2025-04-13 21:00:00,77106,9903,24719,28452,180,854,8266,1098,6425,14.9,47.05665,79897,43.333291612951676
2025-04-13 20:00:00,76578,9705,23748,28461,168,852,9294,1093,6477,14.7,43.94528,79798,41.92210331085992
2025-04-13 19:00:00,76637,9612,22906,28471,167,835,10321,1069,6520,13.85,45.61166,79901,40.697863606212685
2025-04-13 18:00:00,77804,9688,24022,28474,165,887,10084,1067,6472,12.1,48.82073,80859,41.6898551800047
2025-04-13 17:00:00,78882,9987,24450,28493,166,976,10175,1118,6226,12.85,49.73212,81591,42.206861050851195
2025-04-13 16:00:00,80097,10415,26862,28501,166,1075,8670,1281,5591,11.6,57.33782,82561,45.15085815336539
2025-04-13 15:00:00,81345,10741,28019,28514,165,1071,7845,1522,5468,9.75,69.56686,83345,46.50548923150759
2025-04-13 14:00:00,82146,11113,28677,28518,164,996,7106,1770,5433,7.05,79.81038,83777,47.4951358964871
2025-04-13 13:00:00,82234,11941,28993,28517,164,985,4369,1877,5236,3.95,88.35934,82082,49.86964255256938
2025-04-13 12:00:00,81066,12598,29976,28517,165,1109,955,1813,4836,2.3,89.81617,79969,53.23812977528792
2025-04-13 11:00:00,79360,12467,29682,28514,165,1142,15,1926,4292,0.7,91.67214,78203,53.89690932572919
2025-04-13 10:00:00,77244,12127,29023,28518,167,1169,11,1360,4113,0.75,92.009605,76488,53.79928877732455
2025-04-13 09:00:00,76926,12452,30401,28522,166,1215,11,1059,3517,0.75,92.68121,77343,55.40643626443247
2025-04-13 08:00:00,76508,12289,30369,28527,167,1276,11,944,3682,1.35,90.72295,77265,55.209991587394036
2025-04-13 07:00:00,76353,12112,30722,28522,167,1255,11,981,3714,2.1,87.24122,77484,55.28109028960818
2025-04-13 06:00:00,77180,12044,30777,28525,167,1221,11,1258,3667,2.85,83.91855,77670,55.13196858503927
2025-04-13 05:00:00,78729,12207,31306,28531,167,1199,11,1200,4376,3.2,83.35735,78997,55.081838550831044
2025-04-13 04:00:00,80602,12294,32393,28670,196,1160,11,1322,4244,3.75,82.82814,80290,55.656993398928876
2025-04-13 03:00:00,83067,12711,34095,28831,206,1109,11,1774,4067,4.8,78.631,82804,56.52625477030095
2025-04-13 02:00:00,85573,12888,35263,28999,203,1128,11,3157,3596,6.1,70.82633,85245,56.4854243650654
2025-04-13 01:00:00,86305,12582,35621,29157,203,1086,29,4264,3143,7.0,68.268005,86085,55.99465644421212
2025-04-13 00:00:00,84719,12040,33380,29316,203,977,1279,3733,2805,8.55,62.538292,83733,54.24384651212784
2025-04-12 23:00:00,83797,12364,31645,29352,205,1026,3777,2293,2313,9.5,55.588352,82975,53.03886712865321
2025-04-12 22:00:00,84148,12641,31318,29350,205,1086,5113,1317,2101,9.9,50.34795,83131,52.8791906749588
2025-04-12 21:00:00,84060,12714,31249,29338,205,1168,5782,1149,1547,10.45,48.707703,83152,52.870646526842414
2025-04-12 20:00:00,84006,12884,31012,29315,205,1190,6728,1119,1319,10.4,48.166664,83772,52.39936971780548
2025-04-12 19:00:00,84691,12746,31126,29264,206,1123,7274,1092,1300,10.8,44.897335,84131,52.147246555966284
2025-04-12 18:00:00,85610,12661,31408,29251,206,1115,7682,1088,1204,11.1,42.12269,84615,52.081782189919046
2025-04-12 17:00:00,86484,12922,32241,29259,206,1101,7553,1151,1055,10.25,41.410908,85488,52.829636908104064
2025-04-12 16:00:00,87669,13167,33460,29242,207,1031,7043,1837,1003,9.0,43.39682,86990,53.600413840671344
2025-04-12 15:00:00,88107,13523,33657,29254,207,1135,6604,2133,897,7.7,48.820045,87410,53.97551767532319
2025-04-12 14:00:00,88366,13334,34220,29239,208,1288,5631,2144,931,5.4,70.17833,86995,54.66291166158974
2025-04-12 13:00:00,87805,13590,34419,29180,210,1316,3151,2295,1220,2.4,84.169,85381,56.229137630151904
2025-04-12 12:00:00,85903,13650,34579,29208,211,1360,417,2261,1340,0.25,85.78722,83026,58.089032351311644
2025-04-12 11:00:00,83492,13625,34356,29133,211,1342,11,1176,1259,-0.7,86.64215,81113,59.15327999210977
2025-04-12 10:00:00,81560,13367,33583,29081,213,1353,11,892,1304,-0.35,85.72185,79804,58.83163751190417
2025-04-12 09:00:00,80287,13278,32422,29034,215,1405,11,880,1302,-0.1,84.80392,78547,58.181725591047396
2025-04-12 08:00:00,79612,13364,32565,29034,214,1423,11,837,1526,0.35,82.69282,78974,58.15711499987337
2025-04-12 07:00:00,79902,13443,33135,29164,254,1396,11,931,1520,0.6,81.81484,79854,58.32895033436021
2025-04-12 06:00:00,80840,13730,33424,29147,684,1242,11,1344,1360,0.95,80.9628,80942,58.25652936670702
2025-04-12 05:00:00,82006,14253,34366,29178,822,1250,11,1474,1250,1.4,80.13807,82604,58.857924555711584
2025-04-12 04:00:00,84411,15353,36095,29167,206,1338,11,1432,1174,2.05,79.06697,84776,60.68698688308012
2025-04-12 03:00:00,87513,15598,37993,29283,206,1434,11,2086,1172,2.6,78.57543,87783,61.04940592141986
2025-04-12 02:00:00,90892,15697,39721,29359,204,1668,11,3428,925,3.5,75.90929,91013,60.89020249854416
2025-04-12 01:00:00,92470,15657,40344,29364,202,1691,25,3714,945,5.05,69.34884,91942,60.90905135846511
2025-04-12 00:00:00,92169,15563,39417,29365,202,1722,434,2663,1325,6.9,59.496017,90691,60.62343562205732
2025-04-11 23:00:00,92148,15326,38565,29370,203,1827,1369,2254,1721,7.7,57.991447,90635,59.45937000055166
2025-04-11 22:00:00,92171,15763,39075,29371,204,2007,2075,1551,1752,7.9,54.76453,91798,59.73768491688271
2025-04-11 21:00:00,91732,15511,37845,29381,206,1959,2518,1211,1734,7.95,60.191032,90365,59.044984230620265
2025-04-11 20:00:00,91772,15369,37745,29386,208,2049,3018,1165,1751,8.1,60.01155,90691,58.5658995931239
2025-04-11 19:00:00,92514,15267,38224,29383,208,2173,3492,1057,1978,7.65,61.43299,91782,58.28049072802946
2025-04-11 18:00:00,93743,15394,38999,29391,211,2161,3599,1106,2455,7.4,62.040714,93316,58.28903939303013
2025-04-11 17:00:00,94446,15543,39978,29395,210,2154,3173,1144,2972,6.75,63.93424,94569,58.70951368841798
2025-04-11 16:00:00,94679,15516,39397,29399,212,2074,2526,2351,3346,5.7,67.99238,94821,57.91227681631707
2025-04-11 15:00:00,95197,15314,39692,29397,213,2127,1836,3770,2903,4.55,72.070595,95252,57.747868811153566
2025-04-11 14:00:00,95225,15220,40427,29398,214,2111,1306,4157,2765,3.75,76.228065,95598,58.20937676520429
2025-04-11 13:00:00,94632,14974,39817,29397,215,1964,584,4499,3044,3.0,80.36987,94494,57.98357567676254
2025-04-11 12:00:00,92676,15114,38585,29402,211,1975,76,2969,3269,2.75,83.90652,91601,58.622722459361796
2025-04-11 11:00:00,89140,14846,37160,29398,217,1963,12,2216,2895,2.8,84.82709,88707,58.62671491539563
2025-04-11 10:00:00,83340,14491,33977,29390,220,1545,12,1262,2611,3.05,85.16184,83508,58.03994826842938
2025-04-11 09:00:00,80552,14806,31789,29373,218,1622,12,914,2396,3.25,84.57342,81130,57.432515715518306
2025-04-11 08:00:00,79517,14686,30779,29356,213,1665,12,896,2435,3.35,84.58497,80042,56.801429249643945
2025-04-11 07:00:00,79596,14799,31118,29350,211,1691,12,908,2503,3.5,85.21198,80592,56.97463768115942
2025-04-11 06:00:00,80325,14843,31304,29333,208,1707,12,905,2782,3.65,86.45845,81094,56.90556637975682
2025-04-11 05:00:00,82055,14988,31723,29319,208,1645,12,937,3350,4.0,86.80336,82182,56.83848044583972
2025-04-11 04:00:00,83795,15078,33519,29311,529,1547,12,1251,3965,4.2,86.20687,85212,57.03069990142233
2025-04-11 03:00:00,87015,15118,36129,29300,560,1548,12,1580,4625,5.0,82.986015,88872,57.6638311279143
2025-04-11 02:00:00,90953,15094,37812,29281,529,1804,12,3200,4425,5.85,80.773285,92157,57.40855279577243
2025-04-11 01:00:00,93200,15094,38946,29270,625,1788,18,3741,3790,6.45,81.428764,93272,57.93807359121709
2025-04-11 00:00:00,91851,14886,37804,29268,712,1722,591,3273,2573,8.65,74.91444,90829,58.01010690418259
2025-04-10 23:00:00,90415,14567,37065,29261,616,1841,2727,2261,2027,11.9,63.540386,90365,57.137165938139766
2025-04-10 22:00:00,89684,14830,36349,29259,479,1944,4419,1339,1558,14.2,56.60694,90177,56.75393947458887
2025-04-10 21:00:00,89316,15171,36014,29261,381,2019,5201,1092,1336,15.15,53.798183,90475,56.57363912683062
2025-04-10 20:00:00,89086,15332,34810,29263,326,1996,6267,935,1406,15.7,52.113796,90335,55.50672496817401
2025-04-10 19:00:00,89438,15161,34911,29263,392,1978,6784,933,1463,15.35,56.703773,90885,55.0937998569621
2025-04-10 18:00:00,89399,15080,34720,29268,358,1878,7066,958,1428,14.4,60.074444,90756,54.87240513023932
2025-04-10 17:00:00,88939,14793,34393,29279,359,1712,7566,954,1261,13.2,67.436295,90317,54.45929337776941
2025-04-10 16:00:00,89351,14904,34400,29285,358,1560,7315,1335,1190,12.7,70.87642,90347,54.57181754789866
2025-04-10 15:00:00,90545,15059,34457,29298,342,1615,7318,2322,1195,10.9,77.92573,91606,54.05322795450079
2025-04-10 14:00:00,92316,15411,36708,29301,314,1892,5629,3251,1324,8.8,85.19625,93830,55.5462005755089
2025-04-10 13:00:00,94380,15730,38940,29307,312,2004,3388,4085,1502,7.0,93.675095,95268,57.38548095897889
2025-04-10 12:00:00,94756,15655,39684,29309,393,1962,708,4188,1632,5.4,90.69104,93531,59.16647956292566
2025-04-10 11:00:00,90983,15509,37440,29308,364,1898,13,3522,1616,5.25,88.47403,89670,59.048734247797476
2025-04-10 10:00:00,84431,15100,34040,29311,223,1977,12,1935,1542,5.3,86.320526,84140,58.402662229617306
2025-04-10 09:00:00,81746,15531,32020,29309,224,2079,12,1110,1384,5.25,86.31539,81669,58.22405074140738
2025-04-10 08:00:00,81381,15977,31678,29325,220,1785,12,1045,1495,4.9,87.510086,81537,58.445858935207326
2025-04-10 07:00:00,81567,15810,31648,29346,216,1768,12,1059,1573,5.0,85.07511,81432,58.27930052067983
2025-04-10 06:00:00,82045,15665,32096,29369,212,1643,12,1053,1804,5.1,84.48508,81854,58.349011654897744
2025-04-10 05:00:00,82356,15422,32950,29388,325,1460,12,1085,1812,5.2,83.306335,82454,58.66543769859558
2025-04-10 04:00:00,84625,15482,33945,29404,1272,1396,12,1859,1642,5.1,83.294,85012,58.14120359478662
2025-04-10 03:00:00,88509,15591,36914,29426,1298,1443,12,2750,1828,5.0,84.17415,89262,58.821222916806704
2025-04-10 02:00:00,92564,15582,38895,29446,1282,2034,12,3916,1655,4.85,84.15652,92822,58.68975027471935
2025-04-10 01:00:00,94379,15191,40061,29442,1331,2129,13,4314,1646,4.85,81.79277,94127,58.69941674546092
2025-04-10 00:00:00,92101,15107,38022,29441,1290,2011,345,3686,1566,6.8,64.64219,91468,58.084794682293264
2025-04-09 23:00:00,89739,14510,35711,29441,1214,1916,2972,2193,2148,7.4,61.817223,90105,55.73608567782033
2025-04-09 22:00:00,88450,14326,32248,29454,633,1757,6137,1366,3094,7.8,53.9441,89015,52.321518845138456
2025-04-09 21:00:00,87116,14179,29712,29464,379,1592,7468,1092,4050,8.15,48.053654,87936,49.91243631732169
2025-04-09 20:00:00,86375,14224,28685,29468,412,1467,8284,1005,4339,8.6,44.750927,87884,48.8245869555323
2025-04-09 19:00:00,87107,14917,28850,29467,493,1583,8753,1010,4287,8.4,44.52656,89360,48.97829006266786
2025-04-09 18:00:00,88667,15113,30355,29473,577,1626,9330,1021,4718,8.45,45.544094,92213,49.3075813605457
2025-04-09 17:00:00,90255,15049,30440,29482,737,1660,10379,1107,5157,7.7,46.349434,94011,48.38689089574624
2025-04-09 16:00:00,92021,15138,31108,29489,878,1738,10776,1141,5205,6.45,48.281456,95473,48.43882563656741
2025-04-09 15:00:00,93981,15580,32350,29495,957,1968,10860,1436,5029,5.0,53.578873,97675,49.0708983875096
2025-04-09 14:00:00,96607,16216,34086,29503,1223,2033,10219,1820,4715,3.25,65.740135,99815,50.3952311776787
2025-04-09 13:00:00,100006,16967,37713,29585,1455,2168,6094,3401,4329,1.05,78.04375,101712,53.759635047978605
2025-04-09 12:00:00,103210,17044,42117,29610,2022,2166,1184,4368,3872,-0.7,77.47058,102383,57.78400711055547
2025-04-09 11:00:00,100212,16787,40423,29614,1896,2116,10,4261,3497,-1.75,76.13423,98604,58.019958622368264
2025-04-09 10:00:00,92901,16838,37810,29610,992,1517,9,2539,3402,-1.55,75.308044,92717,58.94064734622562
2025-04-09 09:00:00,88287,16771,34844,29609,390,1429,9,1674,3111,-1.45,74.47421,87837,58.76225280918064
2025-04-09 08:00:00,86251,16749,34364,29579,355,1476,9,936,2689,-1.25,73.38992,86157,59.32541755167892
2025-04-09 07:00:00,85920,16731,35343,29568,354,1603,9,974,2432,-1.0,70.97337,87014,59.845542096674095
2025-04-09 06:00:00,86133,16178,35047,29554,351,1606,9,1952,2462,-0.8,70.4771,87159,58.77189963170757
2025-04-09 05:00:00,87306,15753,35850,29524,380,1510,9,2749,2289,-0.65,71.313866,88064,58.59715661337209
2025-04-09 04:00:00,89253,15667,37102,29494,816,1442,9,3137,1917,0.0,67.508354,89584,58.90449187354885
2025-04-09 03:00:00,92677,15528,39515,29464,979,1632,9,3757,1665,1.0,59.777668,92549,59.47444056661877
2025-04-09 02:00:00,96278,15313,41418,29445,1191,2142,14,4453,1521,1.55,57.027763,95497,59.40605464045991
2025-04-09 01:00:00,97608,14882,41759,29413,1377,2124,129,4600,1632,2.0,57.801918,95916,59.05271279035823
2025-04-09 00:00:00,94084,14009,38578,29382,1104,2056,1376,4221,2043,2.95,50.83567,92769,56.68596190537788
2025-04-08 23:00:00,90822,13206,34274,29355,984,1926,5682,2211,2366,4.4,40.119514,90004,52.75321096840141
2025-04-08 22:00:00,89101,12983,30378,29333,914,1788,9144,1400,2563,4.9,39.80731,88503,48.993819418550785
2025-04-08 21:00:00,87881,12850,28920,29320,901,1754,10187,1035,2579,5.05,40.62875,87546,47.71205994562858
2025-04-08 20:00:00,87563,13014,28897,29323,901,1646,10801,869,2562,5.05,40.62875,88013,47.61910172360901
2025-04-08 19:00:00,88870,13144,30306,29325,903,1674,10966,818,2527,4.8,38.115894,89663,48.45923067486031
2025-04-08 18:00:00,90583,13652,31505,29331,907,1822,10992,798,2493,3.55,44.954586,91500,49.35191256830601
2025-04-08 17:00:00,91951,13761,32892,29378,947,1821,10507,812,2469,2.45,47.298218,92587,50.388283452320515
2025-04-08 16:00:00,93216,14114,34801,29385,1005,1829,9665,797,2344,1.1,51.289413,93940,52.07047051309346
2025-04-08 15:00:00,94283,13810,36006,29386,1050,1978,9223,1110,2316,-0.45,56.054703,94879,52.50476923239072
2025-04-08 14:00:00,95176,13759,34864,29384,1254,1936,8366,2838,2535,-1.85,56.331593,94936,51.2166090840145
2025-04-08 13:00:00,97622,14842,38917,29382,1415,2058,4632,3709,2291,-3.2,61.767212,97246,55.28145116508648
2025-04-08 12:00:00,98746,15327,41271,29374,1532,2214,715,4478,2226,-4.85,63.081165,97137,58.2661601655394
2025-04-08 11:00:00,94381,14783,37742,29365,918,2086,67,4029,2704,-5.25,64.7609,91694,57.282919274979825
2025-04-08 10:00:00,86824,14527,33669,29358,364,1464,67,2661,2964,-4.85,65.11376,85074,56.651856031219886
2025-04-08 09:00:00,82649,14732,32245,29359,354,1406,67,761,3400,-4.15,64.006645,82324,57.063553763179634
2025-04-08 08:00:00,81848,14694,31658,29371,289,1408,67,699,3828,-2.85,62.0977,82014,56.51717999365962
2025-04-08 07:00:00,81567,14776,31352,29369,268,1478,67,696,4132,-0.65,62.401573,82138,56.15914680172393
2025-04-08 06:00:00,82455,14779,32231,29364,291,1644,67,710,4286,0.9,59.2979,83372,56.385836971645155
2025-04-08 05:00:00,83827,14591,33258,29350,288,1711,67,787,4426,1.5,59.67838,84478,56.64078221548806
2025-04-08 04:00:00,85214,14696,35448,29345,287,1764,67,938,4719,2.65,59.075222,87264,57.46241290795746
2025-04-08 03:00:00,88476,14962,37796,29328,373,1891,67,1652,4876,3.7,57.5951,90945,58.01088570014844
2025-04-08 02:00:00,92722,14809,40202,29296,672,2376,67,3028,4806,4.95,60.99617,95256,57.7506928697405
2025-04-08 01:00:00,95138,14404,40855,29227,663,2264,75,3731,5451,5.25,71.16985,96670,57.16251163752975
2025-04-08 00:00:00,94278,13950,39424,29183,637,2174,432,3472,6121,6.9,58.20934,95393,55.95169456878387
2025-04-07 23:00:00,93358,13930,38738,29158,617,2242,1934,2114,6676,7.95,63.98176,95409,55.20233940194321
2025-04-07 22:00:00,93080,13690,37639,29127,576,2242,2978,1365,7022,10.6,59.774075,94639,54.23662549266158
2025-04-07 21:00:00,92379,13650,37841,29097,646,2337,3268,880,7086,12.6,44.286945,94805,54.31253625863614
2025-04-07 20:00:00,92916,13646,37416,29047,628,2266,4319,655,6622,12.45,44.243565,94599,53.97731477076925
2025-04-07 19:00:00,93739,13984,37044,29011,565,2300,5088,632,7038,11.45,46.410805,95662,53.34197486985428
2025-04-07 18:00:00,94328,14449,37622,29015,649,2371,5083,675,6871,10.1,48.43245,96735,53.8285005427198
2025-04-07 17:00:00,94111,14505,37573,29021,652,2356,5209,798,6294,8.7,50.749226,96408,54.01833872707659
2025-04-07 16:00:00,93617,14533,37292,29034,604,2360,4999,1039,6254,7.25,55.80251,96115,53.9197835925714
2025-04-07 15:00:00,93728,14722,38131,29034,609,2448,4498,1371,5753,5.45,68.18575,96566,54.732514549634445
2025-04-07 14:00:00,93799,14796,37352,29033,563,2450,3697,2615,5706,3.45,81.604614,96212,54.20113915104145
2025-04-07 13:00:00,93349,14804,38664,29018,564,2456,1302,3429,5783,1.5,90.07874,96020,55.68423245157259
2025-04-07 12:00:00,91476,14696,38095,29014,563,2401,118,2832,5028,0.45,85.80891,92747,56.919361273140915
2025-04-07 11:00:00,86715,14583,35475,28990,495,2379,2,1466,4521,0.0,84.50267,87911,56.9416796532857
2025-04-07 10:00:00,80460,14591,31838,28954,212,1838,2,746,4021,0.3,82.381256,82202,56.48159412179752
2025-04-07 09:00:00,77304,14554,29167,28924,212,1785,2,746,3721,0.85,77.72336,79111,55.26538660868906
2025-04-07 08:00:00,75717,14587,28345,28844,211,1795,2,672,2948,1.4,76.388954,77404,55.46483385871531
2025-04-07 07:00:00,75469,14884,28827,28782,209,1792,2,688,2456,2.2,72.14462,77640,56.29958784131891
2025-04-07 06:00:00,76108,15158,29926,28771,208,1788,2,685,1728,2.3,71.89797,78266,57.60355710014565
2025-04-07 05:00:00,77616,15745,31907,28773,205,1715,2,694,1101,2.45,72.45971,80142,59.45945945945946
2025-04-07 04:00:00,79198,16053,34712,28743,204,1574,2,771,721,2.75,69.63603,82780,61.325199323508095
2025-04-07 03:00:00,81275,16478,36231,28739,214,1612,2,1282,518,3.45,66.27345,85076,61.955193003902394
2025-04-07 02:00:00,84991,16453,37880,28889,268,2104,2,2875,595,3.5,68.017715,89066,61.00307637033211
2025-04-07 01:00:00,86904,16306,37888,28917,382,2063,15,3677,737,3.55,70.057724,89985,60.225593154414625
2025-04-07 00:00:00,86300,15994,36651,28898,458,1990,206,3565,852,3.95,60.07467,88614,59.40934840995779
2025-04-06 23:00:00,84813,15819,35577,28879,457,2123,973,2676,820,4.3,59.05588,87324,58.856671705373095
2025-04-06 22:00:00,84110,15734,33981,28865,427,2142,2361,1521,1078,4.55,60.89734,86109,57.73496382491958
2025-04-06 21:00:00,82593,15172,32351,28847,360,2063,3520,968,1397,4.6,62.96573,84678,56.12201516332459
2025-04-06 20:00:00,82251,15418,31921,28843,361,1697,4667,876,1304,4.7,65.34495,85087,55.63599609811134
2025-04-06 19:00:00,83173,15326,32633,28833,362,1628,5512,883,1266,4.65,69.26596,86443,55.480490033895165
2025-04-06 18:00:00,83294,15144,32600,28817,361,1623,6040,876,1775,4.45,71.79018,87236,54.72969874822321
2025-04-06 17:00:00,83134,15059,32416,28815,363,1619,5221,955,2512,4.4,73.360535,86960,54.5940662373505
2025-04-06 16:00:00,82301,14693,31911,28776,363,1618,5009,612,3414,4.3,78.55399,86396,53.94231214408074
2025-04-06 15:00:00,81462,14757,30583,28751,366,1584,4562,595,4006,4.1,85.27845,85204,53.21346415661237
2025-04-06 14:00:00,80542,14964,29947,28716,369,1652,3971,679,3842,4.65,89.9991,84140,53.3765153315902
2025-04-06 13:00:00,78267,15065,28262,28607,372,1707,2448,602,4498,5.05,89.082855,81561,53.12220301369527
2025-04-06 12:00:00,75450,14978,28152,28512,265,1759,365,588,4295,5.8,90.40273,78914,54.65443394074562
2025-04-06 11:00:00,73482,14400,27124,28513,214,1659,19,569,4804,6.8,92.05835,77302,53.71659206747561
2025-04-06 10:00:00,71968,13957,25132,28497,210,1522,55,441,5810,7.85,93.07592,75624,51.688617370147036
2025-04-06 09:00:00,71178,14155,24910,28411,208,1537,55,344,5632,7.95,92.12819,75252,51.912241535108706
2025-04-06 08:00:00,71219,14535,24833,28396,206,1622,55,346,5438,8.05,93.40594,75431,52.190743858625765
2025-04-06 07:00:00,72113,15275,25212,28382,206,1731,55,350,4989,8.2,93.09455,76200,53.132545931758536
2025-04-06 06:00:00,73516,15765,26308,28376,205,1756,55,406,4587,8.4,93.743225,77458,54.317178341811044
2025-04-06 05:00:00,75527,15855,28428,28348,203,1746,55,633,4169,8.6,96.33994,79437,55.7460629177839
2025-04-06 04:00:00,77529,15710,30770,28320,201,1628,55,687,4729,8.95,97.00469,82100,56.61388550548112
2025-04-06 03:00:00,80291,15869,33715,28303,226,1477,55,1391,4713,9.15,95.705734,85749,57.824581044676904
2025-04-06 02:00:00,83446,15935,35499,28294,362,1403,55,2777,4113,9.15,95.05972,88438,58.158257762500284
2025-04-06 01:00:00,85441,16024,36382,28263,702,1377,60,3054,3640,9.65,95.0788,89502,58.55288149985475
2025-04-06 00:00:00,85232,15983,36730,28229,962,1422,256,3034,2982,12.75,94.25837,89598,58.83278644612603
2025-04-05 23:00:00,84667,15731,36548,28170,419,1587,1902,3040,3001,14.85,95.270805,90398,57.832031682116856
2025-04-05 22:00:00,83961,15473,35541,28113,300,1703,3753,2115,3273,16.5,96.555756,90271,56.512058136056986
2025-04-05 21:00:00,82766,15355,34149,27948,540,1686,4702,1236,3944,17.25,95.35569,89560,55.274676194729786
2025-04-05 20:00:00,82143,15326,32519,27778,537,1584,5265,944,4698,18.4,89.2625,88651,53.970062379442986
2025-04-05 19:00:00,81647,15379,31378,27832,547,1517,5344,893,5120,17.75,93.87317,88010,53.12691739575048
2025-04-05 18:00:00,81024,14952,30493,27915,549,1435,5368,982,5054,17.45,93.85946,86748,52.38737492507032
2025-04-05 17:00:00,81255,15454,30112,27907,484,1514,5064,1194,4695,17.7,88.63948,86424,52.723780431361654
2025-04-05 16:00:00,81327,16089,30202,27970,209,1607,4756,1211,4118,16.95,88.0095,86162,53.725540261368124
2025-04-05 15:00:00,80963,16125,29734,28029,210,1643,3532,1175,4385,16.3,90.546,84833,54.057972722879065
2025-04-05 14:00:00,80236,15724,30178,28100,212,1680,2286,1147,4907,15.4,91.664474,84234,54.49343495500629
2025-04-05 13:00:00,78129,15174,29123,28123,214,1654,1007,1109,5576,14.45,94.02544,81980,54.03391070992926
2025-04-05 12:00:00,75220,14729,27530,28170,216,1521,163,749,6067,17.4,90.62206,79145,53.39440267862784
2025-04-05 11:00:00,73293,14360,25799,28190,217,1342,12,573,6725,15.65,93.173065,77218,52.0073039964775
2025-04-05 10:00:00,71611,14230,25231,28194,221,1350,12,434,6928,14.6,94.953094,76600,51.51566579634464
2025-04-05 09:00:00,70404,14264,24394,28199,226,1349,12,441,6402,14.3,94.63309,75287,51.34751019432306
2025-04-05 08:00:00,70900,15109,24199,28209,219,1519,12,498,5994,13.4,95.218414,75759,51.885584551010446
2025-04-05 07:00:00,71782,15804,25210,28211,218,1581,12,495,5192,12.25,96.76086,76723,53.457242287188976
2025-04-05 06:00:00,73462,16205,27028,28221,214,1569,12,439,5095,12.25,96.12424,78783,54.87605194013937
2025-04-05 05:00:00,75762,16668,29259,28290,212,1580,12,622,5242,11.65,96.42559,81885,56.087195457043414
2025-04-05 04:00:00,78231,17031,32105,28420,213,1673,12,736,5609,11.45,94.20119,85799,57.26873273581277
2025-04-05 03:00:00,81528,17429,34900,28593,210,1760,12,1174,5373,11.4,91.41132,89451,58.50018445853037
2025-04-05 02:00:00,84929,17639,37763,28709,460,1756,18,2162,5296,11.2,91.39838,93803,59.06207690585589
2025-04-05 01:00:00,87422,17485,39556,28722,874,1628,77,2748,5437,11.4,90.80182,96527,59.093310679913394
2025-04-05 00:00:00,87294,17157,40120,28716,1035,1514,227,3012,4966,13.0,83.948494,96747,59.20286933961777
2025-04-04 23:00:00,86937,16894,40082,28715,998,1512,1511,2882,4752,13.45,82.61439,97346,58.529369465617485
2025-04-04 22:00:00,86929,17204,39802,28719,999,1573,2754,2029,4003,13.85,79.42765,97083,58.718828219152684
2025-04-04 21:00:00,86910,18217,39384,28712,930,1606,3245,1559,3244,14.15,72.11944,96897,59.44559687090416
2025-04-04 20:00:00,86575,18460,38469,28709,689,1595,4066,1666,2981,14.35,69.53187,96635,58.9113675169452
2025-04-04 19:00:00,86742,18149,38650,28724,530,1673,4858,1695,2173,14.25,69.51201,96452,58.88835897648571
2025-04-04 18:00:00,86236,18089,36512,28731,263,1654,5208,1568,2409,13.2,71.699165,94434,57.81921765465828
2025-04-04 17:00:00,86396,17871,36231,28729,256,1691,5386,807,2944,12.9,72.13149,93915,57.60741095671618
2025-04-04 16:00:00,86730,17420,36254,28740,259,1585,5016,1370,4021,11.85,75.203995,94665,56.69888554375957
2025-04-04 15:00:00,87247,16958,34857,28743,238,1545,4283,1759,4720,11.55,77.232765,93103,55.65341610904052
2025-04-04 14:00:00,86707,17134,36685,28748,299,1732,2727,2201,4120,10.45,83.08268,93646,57.47068748264742
2025-04-04 13:00:00,86411,16695,37260,28747,537,1675,1030,3152,4577,10.0,86.79107,93673,57.59930823182774
2025-04-04 12:00:00,84994,16123,36433,28734,538,1521,129,2693,4781,9.7,88.85432,90952,57.784325798223236
2025-04-04 11:00:00,80971,15862,33682,28725,329,1417,2,1366,4553,9.7,90.376175,85936,57.6522062930553
2025-04-04 10:00:00,75959,15721,31518,28722,222,1432,2,516,3969,9.55,89.448456,82102,57.53696621275973
2025-04-04 09:00:00,74211,15672,30944,28707,223,1496,2,431,3790,9.9,89.47613,81265,57.36294837876085
2025-04-04 08:00:00,73411,16172,30708,28698,220,1567,2,482,2757,10.8,91.06584,80606,58.15944222514453
2025-04-04 07:00:00,74101,16532,30782,28686,214,1608,2,484,1931,11.1,95.77004,80239,58.96633806503072
2025-04-04 06:00:00,75688,17139,32135,28674,205,1686,2,529,1474,11.6,94.83645,81844,60.20477982503299
2025-04-04 05:00:00,77001,17249,32751,28665,212,1627,2,581,1165,11.85,94.218864,82252,60.78879540923017
2025-04-04 04:00:00,80423,17442,35447,28664,325,1642,2,1527,1166,11.95,94.223274,86215,61.3454735254886
2025-04-04 03:00:00,84214,17501,38517,28649,327,1602,2,2280,1521,12.25,92.68837,90399,61.96749964048275
2025-04-04 02:00:00,88182,17773,40495,28613,355,1599,4,3245,1804,12.3,91.77339,93888,62.06117927743695
2025-04-04 01:00:00,90883,17859,42070,28599,386,1558,20,4215,1704,12.65,89.98804,96411,62.15991951125909
2025-04-04 00:00:00,89941,17246,40333,28598,412,1377,323,4312,2303,16.7,63.972847,94904,60.67078310713985
2025-04-03 23:00:00,88507,17130,39726,28600,405,1312,1188,3697,2885,17.7,57.875237,94943,59.88435166362975
2025-04-03 22:00:00,88314,17385,39312,28604,408,1289,2192,2961,3019,20.15,49.33475,95170,59.57444572869601
2025-04-03 21:00:00,87569,17202,37701,28600,410,1106,2993,2383,3883,20.55,60.32776,94278,58.23521924521097
2025-04-03 20:00:00,86669,17199,37875,28594,430,1114,3956,951,4479,21.35,61.108944,94598,58.218989830651815
2025-04-03 19:00:00,86136,16851,37068,28602,359,1194,4877,482,5314,21.65,60.97994,94747,56.9083981550867
2025-04-03 18:00:00,86999,16528,36249,28627,330,1207,5879,495,6205,21.5,66.29166,95520,55.25230318257957
2025-04-03 17:00:00,87362,16599,36369,28674,328,1268,5439,545,6644,19.3,79.1689,95866,55.2521227546784
2025-04-03 16:00:00,87442,16073,36386,28700,334,1101,4668,718,6792,18.4,85.36886,94772,55.35284683239775
2025-04-03 15:00:00,87855,16108,35441,28721,335,1038,3655,1269,6898,19.1,82.23784,93465,55.1532659284224
2025-04-03 14:00:00,87991,16464,36044,28729,287,1073,2141,1996,6842,19.1,84.899864,93576,56.11267846456356
2025-04-03 13:00:00,87498,16219,35995,28712,270,1191,698,2865,7464,18.55,84.8411,93414,55.8952619521699
2025-04-03 12:00:00,86092,15600,34425,28692,234,1302,62,2620,7494,17.95,79.2318,90429,55.31964303486714
2025-04-03 11:00:00,82055,14668,32141,28640,224,1248,2,1626,7322,18.75,82.45797,85871,54.51083602147408
2025-04-03 10:00:00,76514,14149,29844,28591,225,1033,2,925,7323,19.25,83.8431,82092,53.589874774643086
2025-04-03 09:00:00,74533,13867,28374,28575,222,1036,2,820,7096,17.75,92.68816,79992,52.80653065306531
2025-04-03 08:00:00,74152,13622,27630,28487,219,1029,2,789,7788,17.55,93.26905,79566,51.84626599301209
2025-04-03 07:00:00,74751,13781,27688,28470,220,1063,2,773,8095,18.4,90.116875,80092,51.776706787194726
2025-04-03 06:00:00,76142,14380,28117,28525,221,1074,2,737,7989,18.2,89.53128,81045,52.4363008205318
2025-04-03 05:00:00,78344,15251,29717,28557,217,1085,2,733,8368,19.5,76.70077,83930,53.57798165137615
2025-04-03 04:00:00,80854,16447,31853,28561,216,1153,2,828,8916,22.65,59.07478,87976,54.9013367281986
2025-04-03 03:00:00,84248,17599,33849,28564,215,1265,11,1503,9046,22.7,58.51581,92052,55.89014904619128
2025-04-03 02:00:00,89053,18234,36435,28551,214,1219,12,3354,8836,22.4,60.367867,96855,56.444169118785815
2025-04-03 01:00:00,91644,18279,37324,28544,236,1138,15,4042,8811,22.4,62.3475,98389,56.513431379524135
2025-04-03 00:00:00,91386,17950,37198,28548,311,1140,249,3511,9392,17.8,92.3968,98299,56.10230012512844
2025-04-02 23:00:00,90426,17541,36628,28553,311,1101,2077,2664,8936,19.55,85.21726,97811,55.38129658218401
2025-04-02 22:00:00,89280,17864,35656,28442,312,1096,3363,1369,8574,24.4,63.394226,96676,55.360172121312424
2025-04-02 21:00:00,87741,18021,34259,28288,316,1197,4081,747,8688,24.25,61.968517,95597,54.687908616379175
2025-04-02 20:00:00,87505,18103,34100,28274,269,1086,4288,721,8699,23.55,62.6053,95540,54.63994138580699
2025-04-02 19:00:00,87791,17820,34113,28267,219,1035,5074,666,8552,25.05,56.135788,95746,54.24038602134815
2025-04-02 18:00:00,87994,17170,33622,28271,221,1001,6773,620,7448,22.15,58.955616,95126,53.39444526207346
2025-04-02 17:00:00,87915,16929,34215,28293,223,1044,7178,609,6561,16.6,73.53188,95052,53.80633758363843
2025-04-02 16:00:00,87961,16715,34896,28317,224,1102,6463,601,6739,13.85,71.57893,95057,54.294791546124955
2025-04-02 15:00:00,89427,16967,36503,28338,226,1158,4737,724,6803,11.4,73.59907,95456,56.015336909151856
2025-04-02 14:00:00,91097,17131,37136,28321,244,1237,3864,1415,7787,10.5,64.56359,97135,55.86760693879652
2025-04-02 13:00:00,92649,16780,37435,28283,270,1316,2026,3103,8261,7.75,65.32441,97474,55.61996019451341
2025-04-02 12:00:00,93121,16380,36807,28290,258,1270,363,3706,8513,6.3,63.13837,95587,55.64250368773996
2025-04-02 11:00:00,89323,15563,34323,28288,248,1245,0,3230,8315,5.5,61.131523,91212,54.692365039687765
2025-04-02 10:00:00,82424,14877,31733,28226,229,1156,0,1459,8795,5.1,61.033146,86475,53.89997108991038
2025-04-02 09:00:00,79857,14953,30880,28182,228,1069,0,783,8936,5.4,61.106956,85031,53.90151826980748
2025-04-02 08:00:00,78678,14897,30440,28188,226,1048,0,659,8747,5.45,62.02224,84205,53.841220830116974
2025-04-02 07:00:00,78580,14946,30848,28183,225,1069,0,656,8385,5.5,62.948936,84312,54.31492551475472
2025-04-02 06:00:00,79333,15034,30976,28129,223,1088,0,603,7961,5.55,63.88715,84014,54.764682076796724
2025-04-02 05:00:00,80294,14987,31050,28122,222,1063,0,625,7578,5.75,63.469524,83647,55.03723982928258
2025-04-02 04:00:00,81375,15386,32075,28117,255,1082,0,903,7768,6.15,62.645493,85586,55.45416306405253
2025-04-02 03:00:00,84477,15850,34379,28102,256,1165,0,1787,7516,6.6,62.07322,89055,56.4022233451238
2025-04-02 02:00:00,88389,15808,36338,28061,250,1426,0,3007,7190,7.2,62.894653,92080,56.631190269331015
2025-04-02 01:00:00,90228,15812,37478,28041,219,1422,3,4010,6608,7.5,63.64859,93593,56.9380188689325
2025-04-02 00:00:00,87966,15093,35374,27999,210,1387,425,3808,6437,7.55,62.751007,90733,55.62143872681384
2025-04-01 23:00:00,85304,14012,33161,27992,211,1249,3585,2152,6127,8.75,57.21994,88489,53.30945089220129
2025-04-01 22:00:00,83553,13041,30365,27996,212,921,8152,1225,5312,9.35,53.96967,87224,49.76382646977896
2025-04-01 21:00:00,83101,12800,28722,28000,219,797,10574,846,4673,9.25,55.923836,86631,47.9297249252577
2025-04-01 20:00:00,82379,12727,28132,28012,222,751,11077,752,4505,9.1,55.8845,86178,47.412332613892175
2025-04-01 19:00:00,82674,12821,28683,28015,227,764,10797,684,4274,8.55,57.375008,86265,48.11221236886339
2025-04-01 18:00:00,83648,13452,29962,27943,227,785,10409,711,4004,7.7,59.696144,87493,49.6199695975678
2025-04-01 17:00:00,84584,13797,31222,27947,225,874,9942,714,3906,7.05,61.956657,88627,50.79603281167139
2025-04-01 16:00:00,85309,14144,32371,27960,244,919,9294,695,3965,6.0,65.638664,89592,51.918698098044466
2025-04-01 15:00:00,86062,14364,32910,27954,246,1086,8646,852,4244,5.25,67.89622,90302,52.3509999778521
2025-04-01 14:00:00,87062,15112,34740,27958,243,1220,6436,1543,4183,4.6,69.508255,91435,54.521791436539615
2025-04-01 13:00:00,88673,15518,37901,27958,242,1287,2491,3050,4568,4.15,70.43651,93015,57.430521958823846
2025-04-01 12:00:00,88572,15566,37625,27948,251,1303,263,3630,5067,3.65,68.80434,91653,58.03519797497081
2025-04-01 11:00:00,84228,14534,35191,27941,231,1306,2,2815,4819,3.85,71.9354,86839,57.261138428586236
2025-04-01 10:00:00,77526,14185,32379,27913,229,960,2,1080,4813,4.15,74.927284,81561,57.091011635463026
2025-04-01 09:00:00,74769,13881,30975,27906,227,758,2,676,4901,4.2,79.39135,79326,56.54640344905831
2025-04-01 08:00:00,74125,13719,30796,27902,226,758,2,723,4905,4.3,78.83718,79031,56.32599865875416
2025-04-01 07:00:00,74367,13823,30572,27898,224,761,2,700,5047,4.45,78.29512,79027,56.17700279651259
2025-04-01 06:00:00,75567,14245,31588,27877,222,761,2,688,4505,4.85,78.076935,79888,57.37157019827759
2025-04-01 05:00:00,77505,14990,33250,27868,223,998,2,694,4193,5.55,76.803505,82218,58.673283222651975
2025-04-01 04:00:00,80129,15427,36236,27858,224,1234,2,894,3859,5.7,76.00955,85734,60.25964028273497
2025-04-01 03:00:00,84388,16036,38497,27850,246,1360,2,1762,3673,5.6,75.18132,89426,60.98114642274059
2025-04-01 02:00:00,89045,16157,40278,27838,252,1816,2,3019,3828,5.45,73.29026,93190,60.55907286189506
2025-04-01 01:00:00,92215,16675,41595,27832,486,1782,16,4018,3827,5.4,69.92511,96231,60.55221290436553
2025-04-01 00:00:00,92542,16594,40614,27802,503,1812,215,4340,4167,6.75,65.334,96047,59.562505856507755
2025-03-31 23:00:00,91987,16419,39169,27794,648,1838,1295,3918,4424,7.6,62.989002,95505,58.20428249829852
2025-03-31 22:00:00,91252,15890,37231,27800,628,1928,2905,3710,4662,8.6,63.675934,94754,56.06201321316251
2025-03-31 21:00:00,89613,15661,36510,27806,952,1953,3834,2178,4695,9.6,63.680847,93589,55.74479906826657
2025-03-31 20:00:00,88873,14997,36035,27809,929,1680,5225,1631,4539,10.85,61.54562,92845,54.96472615649739
2025-03-31 19:00:00,88213,14818,35556,27821,985,1638,5784,1553,4309,12.1,59.931545,92464,54.47958124242949
2025-03-31 18:00:00,87949,14550,35157,27820,575,1628,6291,1755,4173,11.5,62.569088,91949,54.05931549010865
2025-03-31 17:00:00,87445,14380,35651,27817,249,1695,6104,2121,4469,11.15,64.709915,92486,54.095755033194216
2025-03-31 16:00:00,87256,13985,37006,27823,249,1746,5808,1621,5136,8.9,76.01054,93374,54.60942018120676
2025-03-31 15:00:00,86883,13695,36906,27834,252,1615,5033,1589,5952,8.65,79.76299,92876,54.48232051337267
2025-03-31 14:00:00,86061,13640,37076,27834,404,1692,3286,1533,6309,9.3,82.65662,91774,55.26183886503803
2025-03-31 13:00:00,85436,13718,37034,27850,473,1532,1348,1925,6167,10.35,84.49724,90047,56.361677790487185
2025-03-31 12:00:00,83517,13034,35405,27866,464,1409,98,2182,6726,14.25,95.559654,87184,55.55950633143696
2025-03-31 11:00:00,79007,12413,32611,27881,242,1076,2,1186,7654,14.0,97.11963,83065,54.20333473785589
2025-03-31 10:00:00,73509,11915,29062,27892,225,997,2,624,8016,13.65,96.480156,78733,52.045520937853254
2025-03-31 09:00:00,71536,12006,28059,27893,223,865,2,599,7915,13.8,95.856766,77562,51.655449833681445
2025-03-31 08:00:00,70854,11858,27233,27894,220,866,2,595,8182,14.1,95.55457,76850,50.86662329212752
2025-03-31 07:00:00,71121,12107,27308,27891,219,885,2,605,8001,14.45,93.41519,77018,51.17634838609156
2025-03-31 06:00:00,72336,12109,27863,27870,219,988,2,601,8006,14.75,91.624084,77658,51.47183805918257
2025-03-31 05:00:00,74111,12365,28865,27864,217,1132,2,660,7847,15.75,89.053276,78952,52.22160299929071
2025-03-31 04:00:00,76518,12888,30136,27862,218,1292,2,956,8081,15.95,92.58983,81435,52.83232025541843
2025-03-31 03:00:00,79969,13470,33293,27861,238,1243,2,1257,7395,16.2,92.30615,84759,55.17172217699595
2025-03-31 02:00:00,82852,13478,34704,27851,253,1146,2,2464,7381,16.6,92.033195,87279,55.20457383792207
2025-03-31 01:00:00,85420,13686,35788,27837,259,1158,5,3974,7692,16.95,91.75961,90399,54.72848150975121
2025-03-31 00:00:00,84489,13157,35211,27807,316,1107,309,3862,7369,17.65,89.77561,89138,54.26193093854474
2025-03-30 23:00:00,83089,12707,34603,27809,544,1091,1348,3565,7345,21.0,70.586845,89012,53.150137060171666
2025-03-30 22:00:00,82044,12377,32695,27811,648,1065,3800,2654,7898,21.9,66.58821,88948,50.672302918559154
2025-03-30 21:00:00,80546,12525,32180,27805,607,1078,4476,1324,7951,23.15,57.684505,87946,50.83232892911559
2025-03-30 20:00:00,79103,11831,30272,27813,242,1036,6017,1260,7569,22.5,63.58447,86040,48.934216643421664
2025-03-30 19:00:00,77879,11587,28842,27823,218,1017,6682,1143,8052,22.15,68.80296,85364,47.36071411836371
2025-03-30 18:00:00,77476,11943,28693,27829,201,1047,6289,1026,7908,20.6,69.60964,84936,47.84308184986343
2025-03-30 17:00:00,77186,11949,28672,27832,186,1025,5629,1110,7590,19.85,73.61966,83993,48.36236353029419
2025-03-30 16:00:00,76599,11735,29084,27828,183,1000,5123,833,7425,16.75,89.42015,83211,49.05481246469818
2025-03-30 15:00:00,76161,11559,29448,27823,202,1056,4331,826,7237,15.55,94.989235,82482,49.71630173856114
2025-03-30 14:00:00,75792,11438,30057,27818,223,1104,2563,905,7218,15.3,94.6735,81326,51.02304306125962
2025-03-30 13:00:00,74336,11141,29417,27809,226,1073,932,1087,7175,15.55,90.20067,78860,51.43038295713923
2025-03-30 12:00:00,71491,10607,27507,27789,227,929,132,1072,7383,14.9,88.4056,75646,50.38468656637496
2025-03-30 11:00:00,69308,10491,26359,27760,227,854,2,1042,7565,14.6,90.42665,74300,49.59623149394347
2025-03-30 10:00:00,67807,10395,26610,27739,222,845,2,630,7103,14.35,89.81893,73546,50.31544883474288
2025-03-30 09:00:00,67629,10241,26906,27722,221,830,2,613,6849,14.1,89.21251,73384,50.620026163741414
2025-03-30 08:00:00,67849,10181,27287,27683,219,840,2,624,6523,13.75,92.770546,73359,51.07485107485108
2025-03-30 07:00:00,68514,10222,27588,27627,217,896,2,625,6468,14.5,83.56712,73645,51.34089211759114
2025-03-30 06:00:00,70118,10909,28256,27579,215,1054,2,640,6221,15.75,70.98185,74876,52.306480047011064
2025-03-30 05:00:00,72312,11582,30085,27539,212,1017,2,671,6030,16.7,62.279007,77138,54.01617879644274
2025-03-30 04:00:00,74579,12253,32957,27526,208,887,2,874,5745,17.0,62.97772,80452,56.194998259831955
2025-03-30 03:00:00,76762,12587,34289,27506,218,1026,2,1794,5529,17.95,60.111454,82951,56.51047003652759
2025-03-30 02:00:00,79911,12788,36139,27587,232,1719,2,2902,4769,18.45,57.865982,86138,56.80071513153312
2025-03-30 01:00:00,81926,12759,36951,27593,349,1801,5,3716,4041,19.35,53.615993,87215,56.99707619102219
2025-03-30 00:00:00,81337,12341,35911,27542,333,1553,233,3630,4222,18.8,66.15511,85765,56.260712411823
2025-03-29 23:00:00,80332,12167,34615,27502,340,1417,1626,3708,4727,20.5,58.945637,86102,54.33323267752201
2025-03-29 22:00:00,79922,12153,32775,27467,226,1367,3890,2406,5280,21.7,54.399918,85564,52.50806413912393
2025-03-29 21:00:00,78469,12182,31181,27440,227,1386,5429,1417,5689,22.55,51.315662,84951,51.044719897352586
2025-03-29 20:00:00,77936,11942,30731,27418,228,1084,6725,1209,6312,22.35,53.67855,85649,49.82311527279945
2025-03-29 19:00:00,78083,11171,29975,27395,228,1041,7776,1223,7340,22.55,50.810955,86149,47.76143658080767
2025-03-29 18:00:00,77692,10503,29487,27404,228,1043,8110,1215,7659,22.35,52.11446,85649,46.690562645214776
2025-03-29 17:00:00,77511,10570,29136,27427,228,1032,7731,1114,7786,21.0,57.15896,85024,46.69975536319157
2025-03-29 16:00:00,77601,10688,30485,27438,228,1012,6606,1110,7250,20.3,61.265694,84817,48.54333447304196
2025-03-29 15:00:00,77348,10952,30941,27465,226,917,5099,819,7470,19.15,62.219345,83889,49.93860935283529
2025-03-29 14:00:00,76986,10880,31400,27484,230,806,2922,860,7833,18.4,60.419273,82415,51.30134077534429
2025-03-29 13:00:00,76907,11188,32060,27485,229,783,1304,929,7794,17.8,61.90925,81772,52.888519297559064
2025-03-29 12:00:00,75379,11341,30852,27491,228,801,165,902,8078,16.25,66.0511,79858,52.835032182123264
2025-03-29 11:00:00,73353,11384,29515,27505,229,813,2,877,8106,16.6,63.09824,78431,52.1464726957453
2025-03-29 10:00:00,71623,11031,28467,27499,226,708,2,695,8312,17.15,59.920403,76940,51.33610605666753
2025-03-29 09:00:00,70836,10852,27985,27495,225,684,2,657,8427,17.25,59.143227,76327,50.8823876216804
2025-03-29 08:00:00,71100,11191,28000,27494,228,676,2,651,8063,17.2,58.3393,76305,51.36098551864229
2025-03-29 07:00:00,71980,10936,28391,27487,229,671,2,660,8477,17.15,58.524128,76853,51.17171743458291
2025-03-29 06:00:00,73213,11319,28673,27477,215,673,2,662,8872,16.95,58.4751,77893,51.34222587395529
2025-03-29 05:00:00,75082,11511,30736,27440,214,688,2,748,8685,17.35,55.679398,80024,52.79291212636209
2025-03-29 04:00:00,77151,11618,33225,27420,214,684,2,1086,8701,17.85,53.405468,82950,54.06027727546715
2025-03-29 03:00:00,80104,12218,35421,27401,220,717,2,1783,8487,18.2,54.042225,86249,55.23426358566476
2025-03-29 02:00:00,83597,12482,37410,27365,224,857,2,2264,8314,18.2,55.89539,88918,56.11012393441148
2025-03-29 01:00:00,85709,12856,37713,27228,220,857,46,2960,8072,19.7,50.2193,89952,56.21776058342227
2025-03-29 00:00:00,85395,12588,37401,27109,218,876,865,2818,7736,19.8,59.166744,89611,55.78444610594681
2025-03-28 23:00:00,84510,11638,35862,27118,220,875,3898,2167,7151,21.35,54.31059,88929,53.41339720451146
2025-03-28 22:00:00,84292,11397,34852,27123,222,866,6681,1086,6797,22.5,52.497528,89024,51.9511592379583
2025-03-28 21:00:00,84160,11112,34479,27130,221,859,7624,913,6371,23.15,50.802353,88709,51.39388337147302
2025-03-28 20:00:00,84079,11396,34442,27103,223,825,7913,922,6023,23.7,46.162228,88847,51.592062759575455
2025-03-28 19:00:00,84797,11473,34168,27115,235,843,8525,913,6334,23.25,49.185482,89606,50.935205231792516
2025-03-28 18:00:00,84562,11848,33776,27130,252,805,8148,817,6103,19.25,61.83298,88879,51.332710764072495
2025-03-28 17:00:00,85054,12625,34290,27132,230,842,7864,892,5474,16.85,64.65144,89349,52.50758262543509
2025-03-28 16:00:00,86662,13037,35400,27234,340,861,6865,1071,5800,13.65,73.99747,90608,53.457752074871976
2025-03-28 15:00:00,87560,13455,36821,27336,614,836,5144,1840,5208,10.7,81.71086,91254,55.09457119687904
2025-03-28 14:00:00,89252,14026,39324,27348,630,745,2807,2798,5429,11.3,75.88562,93107,57.29966597570537
2025-03-28 13:00:00,91050,13996,41279,27360,689,693,1136,3600,5334,10.0,73.34686,94087,58.748817583725696
2025-03-28 12:00:00,91192,13681,41789,27365,667,693,114,3406,5070,8.15,76.151344,92785,59.783370156814144
2025-03-28 11:00:00,87435,12887,40082,27360,598,698,0,3066,4399,8.0,78.01617,89090,59.45560668986418
2025-03-28 10:00:00,81203,12064,37579,27365,672,686,0,1387,4292,8.05,76.67029,84045,59.06716639895294
2025-03-28 09:00:00,77997,11990,34886,27359,305,687,0,811,5070,7.65,78.23558,81108,57.79454554421265
2025-03-28 08:00:00,77839,12340,34970,27354,232,682,0,808,5001,7.15,81.52286,81387,58.12967672969884
2025-03-28 07:00:00,77930,12649,35036,27356,229,688,0,837,4509,7.85,79.64712,81304,58.650250910164324
2025-03-28 06:00:00,78708,13010,35752,27320,228,690,0,929,4877,8.4,78.62439,82806,58.88703717121948
2025-03-28 05:00:00,79505,13361,36068,27174,227,667,0,860,4709,8.55,79.471924,83066,59.50569426720921
2025-03-28 04:00:00,81965,13761,38323,27126,227,667,0,1206,3791,9.05,76.30053,85101,61.20257106261972
2025-03-28 03:00:00,85184,13241,40950,27136,226,726,0,2572,3618,9.45,70.98169,88469,61.25422464366049
2025-03-28 02:00:00,88837,13034,42868,27153,256,853,36,3252,3708,9.95,68.88155,91160,61.32294866169372
2025-03-28 01:00:00,91010,13056,43968,27156,300,857,44,3884,3755,9.9,69.59712,93020,61.302945603096106
2025-03-28 00:00:00,89387,12555,41785,27149,309,852,175,3808,3731,10.5,63.6636,90364,60.13456686291001
2025-03-27 23:00:00,86461,12277,38753,27159,260,847,2609,2090,4266,12.55,49.472496,88261,57.81715593523753
2025-03-27 22:00:00,85248,11387,36594,27172,223,856,6531,959,4800,14.1,42.08397,88522,54.20234517972933
2025-03-27 21:00:00,84327,10759,34191,27178,261,841,9126,796,5324,14.8,37.159714,88476,50.80473800804738
2025-03-27 20:00:00,83888,11120,33693,27188,240,752,9518,884,5120,15.15,35.29427,88515,50.62757724679433
2025-03-27 19:00:00,84826,11535,33743,27197,231,695,9871,973,4697,14.85,35.463093,88942,50.907332868611
2025-03-27 18:00:00,86125,11792,35175,27209,226,684,10075,987,4346,14.05,38.02847,90494,51.90067849802197
2025-03-27 17:00:00,87130,11939,36072,27225,231,697,10589,1085,3938,13.2,41.072685,91776,52.31324093444909
2025-03-27 16:00:00,88422,12322,37037,27236,287,691,10750,1091,3641,11.55,50.62397,93055,53.0428241362635
2025-03-27 15:00:00,90754,13015,37552,27244,1032,861,10503,1347,3101,9.25,64.05261,94655,53.42242882045323
2025-03-27 14:00:00,94238,14076,39969,27249,1462,1215,8653,2054,3036,6.1,76.07701,97714,55.30937224962646
2025-03-27 13:00:00,99076,15156,47097,27247,1690,1371,3706,3543,3310,3.2,84.2636,103120,60.36947245927075
2025-03-27 12:00:00,101832,15315,50026,27242,1747,1381,277,3772,3201,0.9,86.80538,102961,63.46189333825429
2025-03-27 11:00:00,97892,14997,47991,27240,1314,1377,0,3403,2761,0.4,87.71523,99083,63.570945570885016
2025-03-27 10:00:00,90497,14468,43721,27242,626,1271,0,2878,2125,1.15,84.01949,92331,63.02217023534891
2025-03-27 09:00:00,86349,14926,42018,27243,287,960,0,2005,1658,2.45,79.998535,89097,63.91236517503395
2025-03-27 08:00:00,84183,14691,41270,27241,227,652,0,1891,1454,2.4,78.25777,87426,64.00956237274953
2025-03-27 07:00:00,83649,14619,41028,27242,227,656,0,1750,1370,2.75,77.460464,86892,64.0415688440823
2025-03-27 06:00:00,83777,14678,41057,27240,224,657,0,1811,1433,2.8,78.32061,87100,63.989667049368535
2025-03-27 05:00:00,84083,14982,42049,27240,222,657,0,1769,1293,3.45,75.07636,88212,64.65220151453317
2025-03-27 04:00:00,86085,15165,43015,27234,235,655,0,2246,1317,3.55,77.02879,89867,64.74011594912483
2025-03-27 03:00:00,89590,15169,44682,27226,268,700,0,3447,1361,4.35,70.99189,92853,64.45779888641185
2025-03-27 02:00:00,93173,15233,46777,27223,267,995,0,3896,1476,4.95,68.82618,95867,64.6833634097239
2025-03-27 01:00:00,94928,14656,47620,27224,266,993,24,4265,1765,5.25,66.18939,96813,64.32607191183001
2025-03-27 00:00:00,92685,13460,45321,27214,260,981,477,3871,2477,6.0,60.14428,94061,62.49242512837414
2025-03-26 23:00:00,89698,12732,42226,27213,218,959,3605,2272,3403,8.1,45.441986,92628,59.33195146176102
2025-03-26 22:00:00,88052,12134,39203,27217,211,932,6753,1183,3922,8.95,38.05968,91555,56.07230626399432
2025-03-26 21:00:00,87629,11835,38032,27222,212,965,8132,1032,4251,9.55,35.06632,91681,54.39185872754442
2025-03-26 20:00:00,87393,11741,37494,27225,221,958,8998,1083,4078,9.85,31.852343,91798,53.634066101657986
2025-03-26 19:00:00,87946,11826,37237,27223,283,945,9547,1140,3953,9.5,33.87484,92154,53.24022831347527
2025-03-26 18:00:00,89335,12055,38109,27224,217,990,10069,1175,3486,9.25,34.843803,93325,53.75194213769087
2025-03-26 17:00:00,89818,12357,38888,27231,218,1001,10602,1174,3056,8.7,36.713364,94527,54.21202407777672
2025-03-26 16:00:00,90879,12720,39574,27235,229,976,10697,1162,3138,7.25,44.520893,95731,54.625983223825095
2025-03-26 15:00:00,91703,13207,40319,27246,246,1002,10386,1119,2923,5.6,52.360275,96448,55.49726277372263
2025-03-26 14:00:00,92972,13761,41388,27250,309,992,8620,2203,2844,3.05,65.69477,97367,56.640340156315794
2025-03-26 13:00:00,95882,14428,45991,27252,313,966,3778,3548,3098,0.5,72.62384,99374,60.79960553062169
2025-03-26 12:00:00,97028,14474,48263,27250,309,982,276,3885,2950,-1.45,75.04102,98389,63.764241937614976
2025-03-26 11:00:00,92459,13493,45073,27251,265,991,0,3136,2926,-2.0,74.09027,93135,62.88291190207763
2025-03-26 10:00:00,85124,13146,41349,27245,226,984,0,1796,2699,-1.6,71.12219,87445,62.31917205100349
2025-03-26 09:00:00,81146,12870,39212,27248,225,820,0,1029,2377,-1.0,67.5442,83781,62.16445256084315
2025-03-26 08:00:00,79558,13048,38749,27247,222,654,0,933,1541,-0.25,63.706802,82394,62.86501444279923
2025-03-26 07:00:00,79130,13246,38533,27243,223,646,0,936,1091,0.45,61.958805,81918,63.20833028150101
2025-03-26 06:00:00,79479,13541,38810,27243,220,644,0,920,908,1.05,60.70753,82286,63.62078603893736
2025-03-26 05:00:00,80297,14114,38846,27237,217,695,0,1020,1330,2.0,56.284737,83459,63.45630788770534
2025-03-26 04:00:00,82222,14419,39922,27224,230,750,0,1403,1601,3.15,55.955353,85549,63.52032168698641
2025-03-26 03:00:00,85667,14105,41471,27218,267,766,0,2701,2033,4.35,71.77076,88561,62.75448560878942
2025-03-26 02:00:00,89329,13847,43633,27217,263,919,3,3566,2952,5.5,71.73416,92400,62.20779220779221
2025-03-26 01:00:00,91539,13910,44927,27212,254,940,20,3676,3865,5.85,70.01648,94804,62.06172735327623
2025-03-26 00:00:00,90130,13144,42549,27203,220,945,355,3713,4854,6.9,61.473328,92983,59.89589494853899
2025-03-25 23:00:00,87305,12607,39789,27203,215,932,1653,2731,5330,7.4,60.054817,90460,57.92173336281229
2025-03-25 22:00:00,85415,12479,36950,27199,212,925,4244,1561,5043,8.35,51.211124,88613,55.78075451683162
2025-03-25 21:00:00,83735,11956,35625,27181,214,883,6241,1188,4807,9.9,38.058517,88095,54.01101084056984
2025-03-25 20:00:00,83267,11412,34251,27188,215,833,7908,1422,4557,10.55,36.990692,87786,52.01626683070193
2025-03-25 19:00:00,83324,11474,33039,27192,216,794,9545,1537,4168,11.05,35.382477,87965,50.603080770761096
2025-03-25 18:00:00,83486,11748,33450,27203,217,800,9924,1426,3435,10.15,37.14834,88203,51.243154994728066
2025-03-25 17:00:00,83994,12611,33849,27214,222,788,9828,1470,3012,9.45,42.10202,88994,52.205766680899835
2025-03-25 16:00:00,85194,13352,35838,27228,237,798,8839,1453,3023,8.05,51.12764,90768,54.1931077031553
2025-03-25 15:00:00,87221,13745,38440,27230,232,899,7680,1379,2511,6.75,56.908264,92116,56.65139606583004
2025-03-25 14:00:00,90052,14300,42026,27239,233,1085,5681,1796,2605,5.3,63.59579,94965,59.31237824461644
2025-03-25 13:00:00,93136,14584,45477,27239,232,1089,2476,3030,2722,3.6,72.945015,96849,62.015095664384766
2025-03-25 12:00:00,94353,14795,46418,27232,224,1112,383,3813,2687,1.75,78.15509,96664,63.325540014896966
2025-03-25 11:00:00,90305,14227,43779,27234,225,1109,153,3006,2750,1.5,75.8435,92483,62.72071623974136
2025-03-25 10:00:00,83734,13839,40491,27228,225,1094,153,1134,2743,2.5,71.67211,86907,62.51510235078877
2025-03-25 09:00:00,81260,14010,38759,27226,224,1098,153,831,2659,3.05,68.424416,84960,62.11040489642185
2025-03-25 08:00:00,80106,13916,38067,27226,220,806,153,1047,2631,3.5,65.31201,84066,61.83593842932934
2025-03-25 07:00:00,79863,13732,37864,27226,217,733,153,1032,3099,4.0,63.055164,84056,61.38288759874369
2025-03-25 06:00:00,80547,13951,38173,27216,215,726,153,1056,3786,4.3,61.061153,85276,61.12388010694686
2025-03-25 05:00:00,81224,13929,37754,27214,213,722,153,1153,4444,4.9,58.99008,85582,60.39003528779416
2025-03-25 04:00:00,82936,14439,38193,27207,214,690,153,1483,5104,5.0,59.894066,87483,60.162545866053975
2025-03-25 03:00:00,86023,14757,40645,27205,222,821,153,2242,5297,5.65,57.46234,91342,60.65336865844847
2025-03-25 02:00:00,90036,14420,42786,27198,207,912,153,3285,5703,6.6,53.027576,94664,60.43057550916927
2025-03-25 01:00:00,92401,13765,43262,27194,274,904,153,4434,6687,7.15,52.40082,96673,58.98958344108489
2025-03-25 00:00:00,90928,12401,40623,27189,323,901,562,4241,8511,8.0,45.922134,94751,55.961414655254295
2025-03-24 23:00:00,88586,11378,37687,27186,312,999,3364,2549,9441,9.55,40.594883,92916,52.80576004132765
2025-03-24 22:00:00,88384,11199,35534,27187,310,996,6298,1721,9562,10.2,40.337025,92807,50.35503787429827
2025-03-24 21:00:00,88692,11266,35048,27194,473,961,6836,1193,9624,10.65,40.470524,92595,50.017819536692045
2025-03-24 20:00:00,90350,11528,36066,27200,520,960,6194,1252,9804,11.15,39.58442,93524,50.889611222787735
2025-03-24 19:00:00,91152,11787,37464,27203,535,943,5841,1234,9518,12.0,36.467003,94525,52.103676276117426
2025-03-24 18:00:00,91889,12183,38467,27211,623,911,5353,1230,9349,11.05,49.05326,95327,53.13290043744164
2025-03-24 17:00:00,92825,12738,39440,27222,719,908,5270,1456,9419,10.55,46.48969,97172,53.69653809739431
2025-03-24 16:00:00,93723,12808,40018,27226,610,876,5833,1700,9253,9.7,52.715996,98324,53.726455392376224
2025-03-24 15:00:00,94223,13148,40203,27241,501,888,5437,2017,9132,8.3,61.369495,98567,54.12663467489119
2025-03-24 14:00:00,94532,13046,40750,27235,441,761,4161,2897,8743,6.0,70.55249,98034,54.87483934145296
2025-03-24 13:00:00,94599,12861,41889,27229,536,733,1744,3765,8628,4.5,76.35434,97385,56.22015710838425
2025-03-24 12:00:00,93360,12927,41166,27229,535,733,82,3802,8576,2.6,80.89876,95050,56.91004734350342
2025-03-24 11:00:00,88397,12110,38293,27224,237,605,7,3155,8444,2.95,81.24181,90075,55.95670274771024
2025-03-24 10:00:00,81521,11422,35145,27230,90,518,7,1797,8741,3.4,81.30378,84950,54.81695114773396
2025-03-24 09:00:00,78439,11530,33242,27238,89,484,7,1302,8765,4.1,81.69232,82657,54.166011348101186
2025-03-24 08:00:00,78004,11996,32447,27238,88,480,7,1160,8903,5.4,83.92343,82319,53.98875107812291
2025-03-24 07:00:00,77678,12217,32525,27230,88,488,7,1156,9057,6.6,89.210846,82768,54.05712352600038
2025-03-24 06:00:00,78480,12298,32729,27296,87,491,7,1165,8909,7.0,90.80448,82982,54.26116507194332
2025-03-24 05:00:00,79547,12527,32515,27453,83,489,7,1183,8707,6.5,92.03998,82964,54.29101779084904
2025-03-24 04:00:00,80947,13159,33765,27613,92,519,7,1259,8866,6.05,89.165695,85280,55.0234521575985
2025-03-24 03:00:00,83465,13406,35551,27774,97,625,7,1725,8481,6.0,89.47408,87666,55.84491136814729
2025-03-24 02:00:00,86932,13102,37308,28042,142,815,7,3176,8169,6.1,87.01066,90761,55.54147706614074
2025-03-24 01:00:00,89312,12914,37746,28208,105,816,11,4079,8145,6.1,84.00642,92024,55.050856298356955
2025-03-24 00:00:00,88537,12653,37299,28212,104,822,73,3886,7851,8.25,59.617985,90900,54.952695269526956
2025-03-23 23:00:00,85937,12513,36494,28202,103,812,1054,2542,7409,7.55,61.18755,89129,54.98434852853728
2025-03-23 22:00:00,84345,12425,34446,28207,103,813,3313,1674,6997,6.95,63.980587,87978,53.27581895473868
2025-03-23 21:00:00,82184,11450,32339,28220,103,809,5489,1211,7394,7.05,60.185986,87015,50.323507441245766
2025-03-23 20:00:00,80667,10827,30223,28223,102,668,6410,1183,7582,7.3,58.52398,85218,48.17057429181628
2025-03-23 19:00:00,80112,10649,30090,28230,93,630,7066,1183,7462,7.1,56.999523,85403,47.70207135580718
2025-03-23 18:00:00,80262,10868,30552,28239,93,714,7458,1189,6713,6.9,55.302597,85826,48.260433901148836
2025-03-23 17:00:00,80520,10952,31283,28248,94,743,7820,1173,5914,6.6,54.4152,86227,48.98117758938616
2025-03-23 16:00:00,81910,11116,31770,28248,107,733,7677,1136,6285,5.55,57.224583,87072,49.253491363469315
2025-03-23 15:00:00,82948,11388,32095,28257,125,748,7246,1287,6259,3.3,65.75147,87405,49.74887020193353
2025-03-23 14:00:00,84091,11917,33027,28261,126,750,6037,1828,6416,0.9,71.62284,88362,50.863493356872866
2025-03-23 13:00:00,85460,12358,35373,28255,127,770,2811,2797,6763,-0.9,77.14705,89254,53.47771528446904
2025-03-23 12:00:00,85030,12463,35604,28238,127,763,175,3236,7028,-1.35,74.77529,87634,54.849715863705875
2025-03-23 11:00:00,82497,12347,35279,28229,113,739,2,1948,6739,-1.9,76.68818,85396,55.77076209658532
2025-03-23 10:00:00,80099,12434,34268,28220,103,637,2,1170,6851,-1.55,75.02303,83685,55.8068949035072
2025-03-23 09:00:00,78649,12262,33843,28207,100,548,2,1203,6287,-1.4,75.05002,82452,55.9173822345122
2025-03-23 08:00:00,78275,12182,33640,28194,97,519,2,1216,5670,-0.9,75.42356,81520,56.20951913640825
2025-03-23 07:00:00,77984,12467,33785,28156,94,524,2,1217,5174,-0.15,72.498314,81419,56.807379112983455
2025-03-23 06:00:00,77677,12503,33807,28122,94,530,2,1220,4556,0.5,69.68734,80834,57.2902491525843
2025-03-23 05:00:00,77794,12813,34142,28061,94,531,2,1268,4130,1.25,67.02394,81041,57.939808245209214
2025-03-23 04:00:00,79298,13165,35919,27974,93,531,3,1589,3423,2.25,65.02484,82697,59.35402735286649
2025-03-23 03:00:00,81583,13939,36834,27886,92,527,3,2877,2855,3.45,66.51867,85013,59.72380694717279
2025-03-23 02:00:00,83684,13992,37489,27850,118,530,5,4196,2540,4.45,62.467495,86720,59.364621771217706
2025-03-23 01:00:00,84644,14015,37794,27771,94,533,42,4717,2522,5.5,58.277378,87488,59.21840709583029
2025-03-23 00:00:00,82881,12586,35906,27697,99,531,614,4332,2935,6.4,54.763767,84700,57.25147579693034
2025-03-22 23:00:00,80375,11155,32678,27664,91,528,4032,2712,3810,7.8,53.160645,82670,53.02165235272771
2025-03-22 22:00:00,80229,10730,30822,27623,82,528,7197,1795,4429,8.35,52.346893,83206,49.93870634329255
2025-03-22 21:00:00,79312,10797,29676,27479,85,521,8236,1518,4908,8.75,53.41891,83220,48.633741888969
2025-03-22 20:00:00,78564,10794,29414,27338,86,510,8392,1482,5292,8.95,56.046944,83308,48.264272338790995
2025-03-22 19:00:00,79220,11220,29965,27295,104,506,8590,1471,5398,10.05,53.384335,84549,48.71139812416468
2025-03-22 18:00:00,79605,11686,30930,27216,106,506,8328,1360,5198,10.65,50.55647,85330,49.94257588187039
2025-03-22 17:00:00,80524,12332,31929,27110,108,504,8285,1362,5038,10.1,54.170547,86668,51.06959892924724
2025-03-22 16:00:00,81760,12575,33300,27064,109,490,7341,1369,5484,10.0,54.926712,87732,52.289928418365015
2025-03-22 15:00:00,82437,12860,32959,27067,143,494,6606,1525,6856,9.3,61.82993,88510,51.76703197378827
2025-03-22 14:00:00,83884,13639,35102,27059,97,489,4866,2011,7065,8.7,70.33835,90328,53.960012399256044
2025-03-22 13:00:00,84858,13761,36166,27052,93,486,2425,2890,7752,7.05,73.58391,90625,55.09186206896551
2025-03-22 12:00:00,84059,13762,35582,27043,95,491,187,3486,8470,6.5,67.91774,89116,55.37052830019301
2025-03-22 11:00:00,81379,14029,34364,27050,97,486,15,2266,8914,7.0,62.394558,87221,55.48319785372789
2025-03-22 10:00:00,79356,13711,33807,27010,100,468,15,1672,9267,7.3,56.02004,86050,55.22138291690878
2025-03-22 09:00:00,78500,13088,33356,26974,103,469,15,1323,9393,8.65,48.0197,84721,54.819938385996394
2025-03-22 08:00:00,78810,12939,33823,27092,104,464,15,1363,9406,8.5,47.800365,85206,54.88111165880337
2025-03-22 07:00:00,78892,12980,33755,27295,102,473,15,1365,9344,7.95,48.53153,85329,54.77035943231492
2025-03-22 06:00:00,79212,12653,33603,27471,101,476,15,1384,9198,7.6,49.88595,84901,54.48227936066713
2025-03-22 05:00:00,80442,12862,33616,28072,99,471,15,1439,9182,7.45,51.90757,85756,54.197956994262796
2025-03-22 04:00:00,82036,13503,33862,28460,130,574,15,1672,8713,7.25,53.99297,86929,54.4869951339599
2025-03-22 03:00:00,84784,14281,35441,28572,138,631,15,2482,8070,7.25,54.19142,89630,55.47472944326677
2025-03-22 02:00:00,87475,14113,36620,28573,173,753,15,3655,8053,7.55,53.287457,91955,55.17155130226742
2025-03-22 01:00:00,89032,13595,36237,28568,257,766,16,4518,8095,8.0,51.113712,92052,54.13461956285578
2025-03-22 00:00:00,87607,12543,34907,28562,258,763,291,4545,7925,8.45,51.42663,89794,52.84317437690714
2025-03-21 23:00:00,85021,11933,32712,28562,222,737,2976,2767,8825,9.55,48.276325,88734,50.31329591813736
2025-03-21 22:00:00,84423,11548,28619,28562,228,710,8300,1589,8742,10.45,43.6618,88298,45.490271580330244
2025-03-21 21:00:00,83345,11474,26417,28576,222,731,9753,1419,8888,10.95,39.81817,87480,43.31390032007316
2025-03-21 20:00:00,83608,11310,26505,28584,242,629,10380,1523,8745,10.95,40.11319,87918,43.01166996519484
2025-03-21 19:00:00,84629,11696,27319,28638,224,653,10779,1516,8972,10.2,42.951923,89797,43.44799937637115
2025-03-21 18:00:00,86663,12176,29436,28667,247,593,10767,1504,8900,9.35,45.974487,92290,45.088308592480224
2025-03-21 17:00:00,87786,12536,29878,28677,264,571,10897,1470,9042,8.0,50.18309,93335,45.442759950715164
2025-03-21 16:00:00,88834,13579,30969,28675,262,512,10834,1505,9010,6.4,55.576927,95346,46.722463448912386
2025-03-21 15:00:00,91235,14612,33770,28670,404,558,10553,1568,8114,4.15,67.41192,98249,49.24426711722257
2025-03-21 14:00:00,93782,15375,35695,28680,403,775,8938,2488,8202,1.5,75.00677,100556,50.78762082819524
2025-03-21 13:00:00,97240,16798,40768,28689,485,806,3275,4095,8160,-0.7,81.333275,103076,55.84811207264543
2025-03-21 12:00:00,98004,16377,42210,28710,444,845,165,4785,8040,-2.3,78.985405,101576,57.67799480192172
2025-03-21 11:00:00,92707,15218,38261,28729,447,838,2,4428,7222,-2.65,80.44536,95145,56.20789321561826
2025-03-21 10:00:00,85272,14634,35564,28766,192,822,2,2795,6466,-2.35,79.5792,89241,56.24992996492644
2025-03-21 09:00:00,80452,14242,33770,28802,85,808,2,1690,5605,-1.85,76.696686,85004,56.482047903628064
2025-03-21 08:00:00,78572,14217,32791,28875,81,535,2,1457,4588,-1.3,74.50168,82546,56.94764131514549
2025-03-21 07:00:00,78446,14313,34631,28900,78,474,2,1472,3886,-0.65,71.85571,83756,58.43641052581307
2025-03-21 06:00:00,79213,14208,35114,28904,79,475,2,1652,3719,0.1,69.34145,84153,58.609912896747595
2025-03-21 05:00:00,80569,14361,36270,28900,77,470,2,2371,3788,1.2,68.02642,86239,58.71009636011549
2025-03-21 04:00:00,82483,14777,37579,28901,76,465,2,2703,3751,2.25,67.7474,88254,59.324223264667886
2025-03-21 03:00:00,85929,15275,39460,28878,149,532,2,3166,4048,2.65,70.65159,91510,59.81313517648344
2025-03-21 02:00:00,89695,14990,40198,28895,580,657,3,4272,4957,2.95,74.1693,94552,58.36788222353837
2025-03-21 01:00:00,92213,14823,40574,28886,667,659,13,4765,5679,3.45,75.900734,96066,57.66556325859305
2025-03-21 00:00:00,91811,14622,38807,28874,555,656,217,4503,6875,4.75,63.233505,95109,56.17659737774553
2025-03-20 23:00:00,89950,14653,36768,28867,605,701,881,4161,7082,5.1,62.165447,93718,54.867794873983655
2025-03-20 22:00:00,88187,15150,35312,28860,868,693,1683,2452,7192,5.45,60.89533,92210,54.72508404728338
2025-03-20 21:00:00,86980,15157,34430,28857,991,659,2610,1705,7427,6.65,57.72149,91836,53.99516529465569
2025-03-20 20:00:00,85961,14480,33727,28872,978,655,3979,1670,7561,7.1,57.207993,91922,52.44337590565915
2025-03-20 19:00:00,85502,13391,34161,28878,312,638,5249,1551,7956,8.05,55.406147,92136,51.61066249891465
2025-03-20 18:00:00,85916,13256,34294,28895,282,626,5737,1526,7926,7.65,64.60389,92542,51.38207516587063
2025-03-20 17:00:00,86300,13348,35141,28911,251,612,5767,1567,8541,8.05,68.48826,94138,51.50842380335252
2025-03-20 16:00:00,87002,13549,35764,28923,319,599,5256,1566,8661,8.55,62.315212,94637,52.107526654479756
2025-03-20 15:00:00,88107,13909,36768,28941,310,622,4329,1875,8551,9.05,58.335327,95305,53.173495619327426
2025-03-20 14:00:00,89102,14291,37735,28945,320,465,3252,2983,8594,8.15,65.64769,96585,53.86550706631464
2025-03-20 13:00:00,89945,14369,37737,28951,290,467,1479,3780,8964,8.55,70.061066,96037,54.25617210033633
2025-03-20 12:00:00,89608,14239,37431,28944,425,472,108,3218,8949,8.85,67.931725,93786,55.09351075853539
2025-03-20 11:00:00,84649,13023,35207,28945,412,470,2,2225,8190,9.7,71.030304,88474,54.51319031579899
2025-03-20 10:00:00,78191,12244,33158,28940,107,471,2,1484,8137,11.15,83.45004,84543,53.70284943756432
2025-03-20 09:00:00,76054,11896,31826,28943,94,470,2,1468,8323,13.05,92.73237,83022,52.66314952663149
2025-03-20 08:00:00,75260,11736,30519,28950,98,474,26,1439,8175,13.55,90.649765,81417,51.899480452485356
2025-03-20 07:00:00,75409,12237,31418,29016,96,470,26,1456,7236,14.05,86.32007,81955,53.267036788481484
2025-03-20 06:00:00,75601,12211,31331,29078,92,468,26,1473,6628,13.6,87.71345,81307,53.55258464830827
2025-03-20 05:00:00,77000,12382,31867,29130,88,497,26,1482,6783,13.75,82.37723,82255,53.794906084736496
2025-03-20 04:00:00,78395,12962,31859,29172,131,506,26,1523,7826,16.8,51.51628,84005,53.35515743110529
2025-03-20 03:00:00,81990,14032,32836,29209,331,544,26,1930,7906,17.4,51.149715,86814,53.98668417536342
2025-03-20 02:00:00,86121,14410,35039,29241,404,655,26,2416,7484,18.7,47.78618,89675,55.142458879286316
2025-03-20 01:00:00,88888,14696,36689,29285,444,653,26,3308,6562,18.2,48.63723,91663,56.05860598060286
2025-03-20 00:00:00,88309,13642,35995,29287,528,637,279,3457,6785,17.35,57.594105,90610,54.780929257256375
2025-03-19 23:00:00,86543,12746,34266,29270,481,633,1846,2970,7280,18.35,55.00036,89492,52.532069905689895
2025-03-19 22:00:00,85137,12431,32301,29266,346,629,4493,1766,7935,19.1,52.481125,89167,50.16654143348996
2025-03-19 21:00:00,83914,12586,30952,29269,341,620,6012,1562,8166,19.6,50.192398,89508,48.64146221566787
2025-03-19 20:00:00,84333,13172,28710,29272,410,466,7710,1481,8733,19.25,50.267838,89954,46.55935255797408
2025-03-19 19:00:00,84599,13277,28940,29288,137,451,8412,1491,8658,18.9,43.612213,90654,46.569373662496965
2025-03-19 18:00:00,84815,13116,29612,29304,80,437,8900,1495,8306,18.8,38.865444,91250,46.82520547945205
2025-03-19 17:00:00,84529,13012,30414,29323,83,433,9035,1477,7420,18.65,37.221767,91197,47.617794444992704
2025-03-19 16:00:00,84090,13137,30635,29346,90,428,8862,1466,6932,17.4,47.42636,90896,48.156134483365605
2025-03-19 15:00:00,85423,13446,31222,29367,106,571,8277,1566,6901,15.65,51.206577,91456,48.84097270818754
2025-03-19 14:00:00,88157,14208,33202,29392,368,839,5955,2258,6419,13.65,49.253025,92641,51.176045163588476
2025-03-19 13:00:00,92411,14884,37677,29403,602,889,2532,3326,6605,12.05,51.673233,95918,54.797848161971686
2025-03-19 12:00:00,93828,14703,38744,29394,655,941,149,3970,6181,9.35,61.185368,94737,56.41618375080486
2025-03-19 11:00:00,89391,14119,36978,29400,538,930,0,2850,5963,9.45,61.86575,90778,56.287867104364494
2025-03-19 10:00:00,81933,13134,34620,29411,175,955,0,1527,5987,10.05,60.705597,85809,55.65150508687899
2025-03-19 09:00:00,78807,12566,33210,29409,89,951,0,1525,6452,11.0,58.411617,84202,54.36450440607111
2025-03-19 08:00:00,77886,12136,32810,29404,87,514,0,1529,6409,11.25,56.845074,82889,54.2243240960803
2025-03-19 07:00:00,77280,12610,32753,29396,84,452,0,1513,6969,12.15,53.188446,83777,54.14731967007651
2025-03-19 06:00:00,77368,12772,32921,29393,84,445,0,1382,6849,12.75,50.77389,83846,54.496338525391785
2025-03-19 05:00:00,78528,13000,33729,29382,83,435,0,1396,6250,12.95,51.189552,84275,55.44823494512015
2025-03-19 04:00:00,80449,13563,34208,29361,80,430,0,1406,6565,12.85,53.375668,85613,55.79876887855816
2025-03-19 03:00:00,83091,13419,34847,29344,124,452,0,2451,7132,13.15,53.643684,87769,54.99208148662967
2025-03-19 02:00:00,87100,13528,36547,29340,336,599,0,4092,7185,14.1,52.778946,91627,54.65092167155969
2025-03-19 01:00:00,89429,13048,36273,29324,366,587,1182,4199,6367,14.75,52.220985,91346,53.99360672607448
2025-03-19 00:00:00,87973,12725,35729,29319,340,602,1773,3932,6177,15.35,55.356174,90597,53.48300716359261
2025-03-18 23:00:00,85260,12348,34142,29330,321,593,3935,3181,6299,17.3,50.773903,90149,51.570178260435505
2025-03-18 22:00:00,84687,11901,31096,29335,302,596,8784,2032,6544,18.65,47.12352,90590,47.463296169555136
2025-03-18 21:00:00,84048,11450,29841,29355,277,549,10516,1539,6492,19.15,42.642384,90019,45.869205389973224
2025-03-18 20:00:00,83490,11489,29350,29371,252,437,10753,1407,6602,18.9,41.696484,89661,45.54823167263359
2025-03-18 19:00:00,84258,11330,29862,29385,257,436,10896,1433,6277,17.9,43.027996,89876,45.83203524856469
2025-03-18 18:00:00,85664,11721,30601,29406,258,439,10844,1428,5651,16.4,46.172714,90348,46.84331695222916
2025-03-18 17:00:00,87290,12274,32259,29431,296,565,10980,1419,5361,14.3,50.840015,92585,48.099584165901604
2025-03-18 16:00:00,88626,12447,32987,29447,297,907,10908,1356,5441,11.7,55.373978,93790,48.44226463375627
2025-03-18 15:00:00,90665,13119,34236,29459,301,914,10595,1441,5823,8.8,61.71022,95888,49.385741698648424
2025-03-18 14:00:00,94873,14149,37808,29464,583,919,8138,2724,6112,6.05,69.55468,99897,52.01057088801465
2025-03-18 13:00:00,99704,15201,42850,29467,987,969,3191,4136,6805,3.6,77.03701,103606,56.030538771885794
2025-03-18 12:00:00,101930,15132,45396,29466,1182,1136,131,4241,7480,1.95,80.80714,104164,58.10836757420989
2025-03-18 11:00:00,97268,13835,42653,29467,724,1087,0,3831,7901,1.95,81.10305,99498,56.77300046232085
2025-03-18 10:00:00,89964,13396,40357,29468,115,580,0,2329,8084,2.0,81.70453,94329,56.98459646556202
2025-03-18 09:00:00,85936,13419,37278,29461,94,472,0,1784,8547,2.1,81.42053,91055,55.6773378727143
2025-03-18 08:00:00,83786,13111,34945,29468,92,463,0,1673,8559,2.3,79.68512,88311,54.41677707193894
2025-03-18 07:00:00,83273,13387,35189,29470,91,462,0,1324,8674,2.65,76.88027,88597,54.828041581543395
2025-03-18 06:00:00,83524,13510,34852,29473,90,459,0,1385,8727,3.0,73.637085,88496,54.648797685771115
2025-03-18 05:00:00,85203,13988,35339,29470,88,463,0,1400,8790,3.1,72.58407,89538,55.09057606826152
2025-03-18 04:00:00,87308,14442,35916,29466,85,544,0,1537,8925,3.5,71.08241,90915,55.3901996370236
2025-03-18 03:00:00,89712,14178,37619,29468,106,684,0,2305,8945,3.95,70.396126,93305,55.51363806869942
2025-03-18 02:00:00,92929,13936,38910,29458,392,910,0,3751,8786,4.5,69.2348,96143,54.9660401693311
2025-03-18 01:00:00,94385,14067,40381,29452,346,953,0,4817,8015,5.15,67.38294,98031,55.541614387285655
2025-03-18 00:00:00,92273,12987,39247,29441,381,852,467,4906,7356,5.9,67.30119,95637,54.61693695954495
2025-03-17 23:00:00,88922,11794,36427,29441,334,827,3878,2924,7042,7.95,65.369286,92667,52.036863176751154
2025-03-17 22:00:00,87928,11545,34285,29438,299,784,7544,1953,6961,8.6,49.07588,92809,49.38098675774979
2025-03-17 21:00:00,88248,11656,34358,29448,250,815,8544,1479,6585,8.55,48.881813,93135,49.40570140119182
2025-03-17 20:00:00,88229,12082,34630,29440,283,859,8374,1383,6333,7.9,50.89844,93384,50.02141694508695
2025-03-17 19:00:00,88839,12576,35133,29452,303,944,8154,1385,6290,6.95,53.713673,94237,50.62661162812908
2025-03-17 18:00:00,89199,12648,35413,29450,315,948,7821,1375,6061,5.9,55.23892,94031,51.11186736289096
2025-03-17 17:00:00,89544,12535,35776,29456,343,892,7661,1409,5445,4.8,55.768784,93517,51.66012596640183
2025-03-17 16:00:00,90651,12715,38516,29458,384,884,7066,1606,4324,3.4,55.60187,94953,53.95406148304951
2025-03-17 15:00:00,91589,12558,39748,29451,353,802,6136,1819,4042,1.95,61.163612,94909,55.11173861277645
2025-03-17 14:00:00,92421,12866,42827,29446,309,670,3759,2991,3253,0.85,64.699425,96121,57.940512479062846
2025-03-17 13:00:00,92498,12672,44012,29434,414,647,1010,4482,2991,-0.05,66.987274,95662,59.25445840563651
2025-03-17 12:00:00,90720,11949,43111,29430,430,655,6,4467,2392,0.2,60.724796,92440,59.56295975768066
2025-03-17 11:00:00,85021,11227,39444,29433,398,606,1,3083,1793,0.95,64.23537,85985,58.930045938245044
2025-03-17 10:00:00,78527,10842,36446,29438,96,474,1,1083,1605,1.45,65.08375,79985,59.12108520347565
2025-03-17 09:00:00,76241,11043,34655,29436,83,470,1,870,1718,2.1,70.27918,78276,58.38060197250754
2025-03-17 08:00:00,75174,10952,33931,29433,84,473,1,966,1874,2.7,67.59403,77714,57.75407262526701
2025-03-17 07:00:00,74979,10612,33461,29421,81,475,1,989,2483,3.15,67.1934,77523,56.8515150342479
2025-03-17 06:00:00,75314,10550,33863,29390,78,469,1,1025,2692,3.5,69.025986,78068,56.89014705128862
2025-03-17 05:00:00,75256,10531,34311,29278,118,467,1,1163,2804,3.7,70.08833,78673,56.99795355458671
2025-03-17 04:00:00,77662,10793,36455,29175,75,467,1,1558,3027,3.8,71.40236,81551,57.93675123542323
2025-03-17 03:00:00,80677,10959,38040,29121,74,507,1,2540,3599,4.2,68.91998,84841,57.75391614903172
2025-03-17 02:00:00,84019,10913,39153,29115,86,649,1,4070,3626,4.45,69.73096,87613,57.14448769018296
2025-03-17 01:00:00,86276,10820,40036,29112,71,638,1,4830,3925,4.6,73.66358,89433,56.864915635168224
2025-03-17 00:00:00,85738,10243,39094,29064,70,638,55,4878,4466,7.5,68.37315,88508,55.74298368509061
2025-03-16 23:00:00,83327,9781,37666,29042,179,638,599,2785,5610,9.3,67.7875,86300,54.97914252607185
2025-03-16 22:00:00,82123,9415,35860,29037,180,636,1350,2407,6553,11.75,65.522675,85438,52.991643062805785
2025-03-16 21:00:00,80720,8960,34546,29039,142,622,2186,1808,7321,13.35,66.32488,84624,51.41094724900738
2025-03-16 20:00:00,79549,9024,33495,29033,74,452,2716,1607,7808,14.95,62.295895,84209,50.492227671626544
2025-03-16 19:00:00,79770,8725,32481,29041,75,437,3601,1511,7854,16.0,58.43978,83725,49.215885338907135
2025-03-16 18:00:00,80274,8963,32511,29049,76,433,3950,1493,7584,15.5,63.70389,84059,49.33915464138284
2025-03-16 17:00:00,80825,9081,33578,29034,77,424,3657,1344,7262,14.95,71.30572,84457,50.50972684324567
2025-03-16 16:00:00,80118,9150,32877,29028,79,421,2749,1384,7152,13.45,81.79257,82840,50.7327378078223
2025-03-16 15:00:00,78967,9555,34264,29045,81,418,1674,1184,6752,13.8,82.11016,82973,52.811155436105715
2025-03-16 14:00:00,77450,9255,34004,29060,81,421,982,1415,6817,14.55,81.93362,82035,52.73237032973731
2025-03-16 13:00:00,75787,9513,33532,29063,83,425,360,1312,6459,15.35,83.11944,80747,53.30848204886869
2025-03-16 12:00:00,74308,9197,31770,29242,85,411,9,1409,6339,14.75,89.55606,78462,52.21253600469017
2025-03-16 11:00:00,73167,9300,31528,29347,88,379,1,1196,6351,15.05,93.74818,78190,52.21639595856248
2025-03-16 10:00:00,72228,8869,31003,29379,91,367,1,1179,6469,15.25,92.851395,77358,51.542180511388615
2025-03-16 09:00:00,71510,8690,30480,29610,94,366,1,1114,6431,16.15,84.85623,76786,51.011903211522934
2025-03-16 08:00:00,71600,8599,29999,29781,95,376,1,1097,6406,15.15,91.64897,76354,50.55137910260105
2025-03-16 07:00:00,72624,8862,30132,29855,93,388,1,1110,6879,14.85,91.03561,77320,50.43197102948784
2025-03-16 06:00:00,73826,9235,30520,30005,90,390,1,1122,7347,14.1,91.88364,78710,50.50819463854657
2025-03-16 05:00:00,75540,9626,32110,30192,91,389,1,1210,7271,14.25,92.79766,80890,51.59599456051428
2025-03-16 04:00:00,76730,9587,33386,30425,85,481,1,1299,6949,14.3,94.32543,82213,52.270322211815646
2025-03-16 03:00:00,78728,9326,34119,30421,95,560,1,2027,7370,13.95,97.11853,83919,51.77015932029695
2025-03-16 02:00:00,81412,9317,34527,30416,112,558,1,3942,6934,14.15,96.80781,85807,51.09606442364842
2025-03-16 01:00:00,83341,9307,35164,30413,95,557,1,4642,6592,14.5,96.81635,86771,51.25099399568981
2025-03-16 00:00:00,83171,9407,34592,30395,78,549,21,4633,6383,15.1,85.57927,86058,51.12714680796672
2025-03-15 23:00:00,81619,9740,34717,30396,78,552,769,2892,6068,15.2,88.14317,85212,52.17222926348401
2025-03-15 22:00:00,81709,9790,33324,30393,76,545,2430,2065,6426,16.2,82.41071,85049,50.6931298427965
2025-03-15 21:00:00,81578,9905,32175,30414,76,390,3667,1409,7631,19.1,65.14157,85667,49.12043143800997
2025-03-15 20:00:00,82256,9931,32081,30418,77,385,4629,1232,8209,20.4,62.503536,86962,48.31075642234539
2025-03-15 19:00:00,82915,9607,31824,30424,80,387,6401,1179,7714,20.35,62.288254,87616,47.287025200876556
2025-03-15 18:00:00,83557,9034,32443,30423,208,390,6322,1156,7489,20.05,63.04042,87465,47.421254215972105
2025-03-15 17:00:00,84044,9091,33441,30419,80,389,5120,1167,7293,19.8,62.778095,87000,48.88735632183908
2025-03-15 16:00:00,84201,8896,34545,30413,81,392,3354,2299,7628,18.95,63.000187,87608,49.58565427814812
2025-03-15 15:00:00,84175,9333,33667,30402,81,395,2034,2784,8066,16.5,75.477325,86762,49.56086766095756
2025-03-15 14:00:00,83225,8928,33651,30397,83,395,864,2877,8728,16.2,74.68501,85923,49.5548339792605
2025-03-15 13:00:00,81416,8334,32283,30376,86,391,215,3338,8840,16.6,65.24804,83863,48.432562631911566
2025-03-15 12:00:00,78585,8205,30860,30359,87,384,4,2475,8641,15.7,65.27106,81015,48.21946553107449
2025-03-15 11:00:00,75830,8330,30311,30330,91,387,1,1122,8344,15.5,64.57059,78916,48.96472198286786
2025-03-15 10:00:00,75153,8375,31196,30235,94,393,1,1082,8238,15.65,61.826286,79614,49.70356972391791
2025-03-15 09:00:00,74772,8301,30935,30186,94,410,1,1132,7712,15.8,59.79822,78771,49.81020934100113
2025-03-15 08:00:00,74670,8643,30650,30176,90,425,1,1090,7752,16.1,58.068047,78827,49.84713359635658
2025-03-15 07:00:00,75196,9086,31682,30170,86,434,1,1251,7081,16.4,57.16281,79791,51.0934817209961
2025-03-15 06:00:00,75828,9493,33410,30050,85,442,1,1308,6162,16.65,53.821762,80951,52.99872762535362
2025-03-15 05:00:00,77655,9297,33550,30100,84,450,1,1405,7749,16.7,49.919037,82636,51.85028316956291
2025-03-15 04:00:00,80414,9712,34964,30143,83,509,1,1785,8549,17.05,47.82259,85746,52.10272199286264
2025-03-15 03:00:00,83134,10327,35766,30314,81,610,1,2059,8907,16.9,47.780968,88065,52.339749048997895
2025-03-15 02:00:00,86421,9979,37754,30432,84,615,1,3384,8877,16.9,49.459827,91126,52.381318174834846
2025-03-15 01:00:00,88444,9828,37751,30420,73,604,1,4139,8661,17.95,47.578922,91477,52.011981153732634
2025-03-15 00:00:00,87840,9696,36567,30400,73,611,213,4181,8516,18.4,51.59227,90257,51.25696621868664
2025-03-14 23:00:00,86336,9611,34801,30399,74,600,1881,3207,8257,20.45,47.619854,88830,49.99662276258021
2025-03-14 22:00:00,85603,9632,32655,30408,90,580,4579,2484,8298,21.85,42.82259,88726,47.660212339111425
2025-03-14 21:00:00,85319,9792,32595,30417,78,447,5847,1660,8319,22.75,40.815716,89155,47.543043014973925
2025-03-14 20:00:00,85507,9922,32013,30391,80,443,7181,1381,8282,23.3,38.165665,89693,46.7539272852954
2025-03-14 19:00:00,85890,10262,31958,30385,80,446,7430,1329,8094,22.9,41.412907,89984,46.919452347083926
2025-03-14 18:00:00,86470,10571,32647,30406,87,436,7493,1297,7468,22.25,45.003548,90405,47.80487804878049
2025-03-14 17:00:00,87225,10764,34054,30452,81,423,6920,1337,6537,20.8,51.193096,90568,49.48546948149456
2025-03-14 16:00:00,89411,10761,36704,30474,84,487,6217,1675,6044,18.6,57.133606,92446,51.343487008632074
2025-03-14 15:00:00,91601,10796,38973,30507,85,596,5412,2245,5698,15.55,62.01289,94312,52.770591229111886
2025-03-14 14:00:00,92935,10978,40128,30546,91,603,3528,2776,6337,12.25,66.77447,94987,53.80315201027509
2025-03-14 13:00:00,93892,11091,41404,30551,110,609,819,3809,6327,9.25,68.496185,94720,55.421241554054056
2025-03-14 12:00:00,92896,10603,40840,30559,109,616,22,4330,6056,6.55,76.69469,93135,55.23487410747839
2025-03-14 11:00:00,88110,10459,38628,30564,93,622,16,3480,5826,6.8,74.855934,89688,54.73084470609223
2025-03-14 10:00:00,82655,10603,37058,30575,96,617,16,1559,5802,7.15,72.822975,86326,55.21048119917522
2025-03-14 09:00:00,80162,10358,35489,30572,98,449,16,1404,6076,7.5,70.59866,84462,54.28121522104615
2025-03-14 08:00:00,79489,9979,35125,30573,94,434,16,1338,6382,8.05,69.71337,83941,53.73297911628405
2025-03-14 07:00:00,79425,9700,34645,30571,88,431,16,1368,6464,9.2,64.95505,83283,53.24616068105136
2025-03-14 06:00:00,80228,9540,34740,30568,86,431,16,1359,6780,9.7,64.15553,83520,53.01724137931034
2025-03-14 05:00:00,81674,9913,35444,30559,85,437,16,1307,7019,10.2,63.37101,84780,53.49964614295825
2025-03-14 04:00:00,83116,10434,36266,30549,86,535,16,1376,7008,10.8,62.186153,86270,54.13237510142576
2025-03-14 03:00:00,85614,10974,38824,30537,86,597,16,1771,6648,11.95,58.239323,89453,55.6694577040457
2025-03-14 02:00:00,89231,10922,41355,30523,83,606,16,3076,5665,13.4,51.6749,92246,56.67129198014006
2025-03-14 01:00:00,91420,11130,42216,30505,83,598,21,4148,4414,14.5,54.000652,93115,57.290447296353975
2025-03-14 00:00:00,90292,10520,42450,30487,81,605,349,4152,2632,14.85,65.97267,91276,58.03277970112626
2025-03-13 23:00:00,87372,9686,39805,30482,77,598,2777,3412,1834,17.2,64.298225,88671,55.81418953209054
2025-03-13 22:00:00,85436,9265,36732,30489,77,568,6461,2393,1581,19.45,51.35,87566,52.52837859443162
2025-03-13 21:00:00,84473,9421,35387,30499,79,533,8262,1502,1554,19.85,48.42866,87237,51.36352694384263
2025-03-13 20:00:00,84833,10011,35235,30508,80,551,8411,1303,1705,19.65,48.702625,87804,51.5306819734864
2025-03-13 19:00:00,85669,9975,35602,30524,81,587,8179,1301,2055,18.9,50.17353,88304,51.613743431781124
2025-03-13 18:00:00,86181,9704,36518,30538,83,585,8094,1333,2604,17.7,52.645634,89459,51.668362042947045
2025-03-13 17:00:00,87342,9659,37648,30560,85,572,7657,1351,2633,15.95,56.08345,90165,52.46714357012144
2025-03-13 16:00:00,89526,9995,40688,30579,99,593,7021,1821,1848,13.5,61.320614,92644,54.70726652562497
2025-03-13 15:00:00,91317,10202,43361,30578,110,598,5828,1992,1885,10.3,67.28897,94554,56.64805296444359
2025-03-13 14:00:00,93332,10281,45335,30588,112,601,3842,2437,2827,6.85,74.33532,96023,57.9194567968091
2025-03-13 13:00:00,95269,10320,47220,30588,116,609,948,3686,3075,4.1,81.399605,96562,59.588658064248875
2025-03-13 12:00:00,94800,10142,46289,30583,118,619,16,4206,2944,2.75,86.05493,94917,59.45299577525628
2025-03-13 11:00:00,89483,9730,43013,30582,97,621,0,3604,3028,2.9,85.761215,90675,58.16708023159636
2025-03-13 10:00:00,82745,9431,40388,30583,97,612,0,2060,3050,3.3,84.57919,86221,57.7805870959511
2025-03-13 09:00:00,79639,9013,38462,30583,96,435,0,1453,3127,3.7,82.82178,83169,57.08256682177254
2025-03-13 08:00:00,78653,8842,37243,30582,93,424,0,1334,3285,4.15,81.99261,81803,56.33656467366722
2025-03-13 07:00:00,78450,8969,37304,30576,88,426,0,1316,3529,4.85,79.772934,82208,56.28770922537952
2025-03-13 06:00:00,78784,8887,37488,30575,87,425,0,1331,3461,5.55,78.46565,82254,56.38023682738833
2025-03-13 05:00:00,78904,8953,38406,30571,86,445,0,1338,3527,6.05,76.61231,83326,56.835801550536445
2025-03-13 04:00:00,80518,9494,40680,30564,85,569,0,1687,3591,6.95,75.147964,86670,57.89085035190954
2025-03-13 03:00:00,84064,10055,42280,30542,99,590,0,2731,3768,8.05,72.989944,90065,58.10803308721479
2025-03-13 02:00:00,87758,10487,44574,30537,108,599,0,3993,3245,10.05,69.384834,93543,58.86169996686016
2025-03-13 01:00:00,89974,10650,46360,30530,109,606,4,4470,2492,12.75,63.51477,95221,59.87124688881654
2025-03-13 00:00:00,88644,10049,45329,30515,106,603,269,4686,1660,13.25,79.341354,93217,59.40761878198183
2025-03-12 23:00:00,85547,10286,41095,30512,97,597,3143,3847,1185,16.15,73.695984,90762,56.6106961063
2025-03-12 22:00:00,84010,10399,37514,30524,92,451,7702,2472,963,18.85,55.872288,90117,53.16754885315756
2025-03-12 21:00:00,83082,10661,35338,30539,93,455,9943,1533,815,19.0,52.809418,89377,51.466260894861094
2025-03-12 20:00:00,82564,10702,34434,30562,95,432,10309,1346,666,18.05,53.09681,88546,50.97463465317462
2025-03-12 19:00:00,83237,10665,35516,30571,104,408,10203,1331,466,16.85,53.507347,89264,51.73530202545259
2025-03-12 18:00:00,84432,10829,37114,30582,96,417,10242,1326,485,15.6,53.36173,91091,52.631983401214164
2025-03-12 17:00:00,84718,11047,38035,30607,97,452,10309,1325,641,13.7,54.736877,92513,53.05416536054393
2025-03-12 16:00:00,85856,11180,38663,30620,99,492,10457,1329,1066,11.45,54.91777,93906,53.07754563073712
2025-03-12 15:00:00,87064,11364,39599,30624,139,640,10046,1335,1986,8.7,54.383434,95733,53.23451683327588
2025-03-12 14:00:00,90063,11844,42007,30626,190,611,7017,2315,3565,5.9,54.025074,98175,54.85204991087343
2025-03-12 13:00:00,93316,12458,45819,30632,130,641,1994,3748,4811,3.45,55.825203,100233,58.14153023455349
2025-03-12 12:00:00,93329,12240,45121,30622,128,657,52,4213,5709,1.45,53.613342,98742,58.091794778311154
2025-03-12 11:00:00,88120,11710,40305,30616,112,633,6,3948,6173,1.5,53.216694,93503,55.62923114766372
2025-03-12 10:00:00,81177,11329,37683,30612,113,633,6,1824,6568,1.75,52.474426,88768,55.21359048305696
2025-03-12 09:00:00,77809,11212,35657,30624,150,568,6,1295,6682,2.15,51.390842,86194,54.37617467573149
2025-03-12 08:00:00,76961,11364,34494,30613,105,470,6,1272,6788,2.5,50.319653,85112,53.87959394679951
2025-03-12 07:00:00,76551,11300,34536,30607,101,459,6,1257,7055,2.9,48.53782,85321,53.72182698280611
2025-03-12 06:00:00,76801,11112,33775,30598,102,458,6,1272,6439,3.25,46.271076,83762,53.58873952388912
2025-03-12 05:00:00,77547,11317,33377,30587,101,464,6,1303,6380,3.95,45.247158,83535,53.503321960854734
2025-03-12 04:00:00,79315,12018,33963,30571,120,466,6,1458,6897,4.8,48.167805,85499,53.77957636931426
2025-03-12 03:00:00,83153,12267,36705,30562,185,468,6,2325,7336,6.05,52.096264,89854,54.50174727891913
2025-03-12 02:00:00,87389,12355,38932,30553,223,468,6,3581,7292,7.65,59.2533,93410,54.90525639653142
2025-03-12 01:00:00,89836,12223,39846,30543,207,478,6,4721,6677,10.45,62.10343,94701,54.98252394378095
2025-03-12 00:00:00,88820,11575,39154,30522,255,478,232,4701,6179,13.5,70.0729,93096,54.4910629887428
2025-03-11 23:00:00,85923,10979,34751,30498,245,464,3235,4079,6004,16.6,63.95054,90255,50.66755304415268
2025-03-11 22:00:00,84469,10685,30211,30488,213,468,8280,2605,6016,18.9,51.550804,88966,45.968122653598
2025-03-11 21:00:00,83120,10856,28752,30470,79,465,9976,1667,5638,19.3,45.250553,87903,45.05875794910299
2025-03-11 20:00:00,82478,10795,28789,30302,79,459,10081,1422,5668,19.25,44.315845,87595,45.18979393801016
2025-03-11 19:00:00,83151,10676,29142,30294,81,466,10021,1418,5804,18.95,42.000546,87902,45.298172965347774
2025-03-11 18:00:00,83998,10864,30719,30243,81,463,10043,1419,5350,18.5,42.01756,89182,46.627122064990694
2025-03-11 17:00:00,84838,11164,31271,30110,82,462,10345,1416,5271,17.35,44.701225,90121,47.08669455509815
2025-03-11 16:00:00,86222,11602,31173,30050,101,466,10637,1401,6003,15.4,48.536545,91433,46.782890203755755
2025-03-11 15:00:00,87855,12258,32461,30040,169,492,10128,1722,5749,13.2,53.094658,93019,48.07512443694299
2025-03-11 14:00:00,91938,13240,36247,30000,179,517,6505,2995,7121,10.7,61.5098,96804,51.12082145365894
2025-03-11 13:00:00,96800,14143,42004,29953,248,515,1996,4369,8043,8.1,58.939274,101271,55.44232801098043
2025-03-11 12:00:00,98043,14230,42761,29849,292,525,23,4853,8464,5.4,66.22276,100997,56.42840876461677
2025-03-11 11:00:00,92786,13513,38092,29785,278,532,8,4574,8037,5.45,66.71715,94819,54.42474609519189
2025-03-11 10:00:00,85636,12566,35400,29746,224,519,11,2510,8167,5.55,67.225266,89143,53.80792658986123
2025-03-11 09:00:00,81425,11904,33106,29746,87,508,11,1417,8655,5.75,66.78302,85434,52.68394316080249
2025-03-11 08:00:00,80792,11842,33189,29751,87,489,11,1436,8657,6.15,65.19839,85462,52.691254592684466
2025-03-11 07:00:00,80196,11980,32580,29745,84,493,11,1434,8433,6.4,64.08473,84760,52.571967909391226
2025-03-11 06:00:00,80323,12026,32703,29736,83,498,11,1428,8472,6.6,64.13101,84957,52.648987134668126
2025-03-11 05:00:00,80950,12353,32730,29718,81,495,11,1476,8456,7.05,63.314816,85320,52.8398968588842
2025-03-11 04:00:00,83072,13005,33898,29730,82,494,11,1701,8401,7.7,62.11258,87322,53.71269554064268
2025-03-11 03:00:00,85182,13592,35512,29724,81,517,11,2099,8234,8.45,60.967106,89770,54.699788348000446
2025-03-11 02:00:00,88593,13629,38849,29655,77,517,12,3447,7647,9.5,59.078884,93833,55.92701927893172
2025-03-11 01:00:00,90929,13517,40260,29621,96,528,25,4764,6514,10.35,59.712452,95325,56.41437188565433
2025-03-11 00:00:00,89644,12960,39583,29598,97,527,299,4839,5479,10.9,60.91142,93382,56.26673234670493
2025-03-10 23:00:00,86765,12271,36522,29558,80,498,2657,3561,5087,13.05,57.504276,90234,54.07385242813131
2025-03-10 22:00:00,85179,11724,32350,29558,77,512,6661,2695,4645,15.55,43.87824,88222,49.958060347759066
2025-03-10 21:00:00,84547,11807,31545,29478,77,508,8177,1688,4092,16.25,37.854042,87372,49.61772650276976
2025-03-10 20:00:00,84429,12536,30440,29438,78,705,8817,1461,3995,16.35,37.613716,87470,49.13227392248771
2025-03-10 19:00:00,84897,12884,31920,29458,78,724,8646,1457,3511,16.15,37.824844,88678,50.524369065608155
2025-03-10 18:00:00,85889,13185,34179,29478,79,730,8723,1477,2387,15.3,42.281322,90238,52.48786542254926
2025-03-10 17:00:00,86953,13394,36016,29502,99,746,9123,1489,1399,13.3,53.308178,91768,53.84229796879087
2025-03-10 16:00:00,88044,13274,36751,29528,100,840,9484,1494,1188,10.55,59.13067,92659,53.98827960586667
2025-03-10 15:00:00,91186,13509,38367,29548,103,850,9198,2142,1852,7.45,65.25694,95569,54.2811999707018
2025-03-10 14:00:00,95600,14249,41867,29565,103,847,6854,3092,3085,4.3,72.811615,99662,56.30631534586904
2025-03-10 13:00:00,100364,15062,47901,29566,84,923,1879,4631,3661,1.75,76.16698,103707,60.712391641837094
2025-03-10 12:00:00,100937,14281,48250,29563,83,971,36,4851,3975,0.4,79.69522,102010,61.29889226546417
2025-03-10 11:00:00,95585,13259,44157,29562,82,907,0,4111,4396,0.8,75.44106,96474,59.51448058544271
2025-03-10 10:00:00,88061,12817,40085,29570,83,577,0,2799,4693,1.15,74.39,90624,58.37526483050848
2025-03-10 09:00:00,83574,12386,37847,29576,85,509,0,1683,5582,1.5,74.178246,87668,57.29912853036456
2025-03-10 08:00:00,82401,11995,36561,29570,83,516,0,1481,6244,2.2,72.14462,86450,56.16657027183343
2025-03-10 07:00:00,82432,12398,35407,29567,80,514,0,1482,6564,2.85,70.69191,86012,55.57945402967028
2025-03-10 06:00:00,82335,12670,34702,29596,80,514,0,1479,6748,3.7,68.06068,85789,55.21920059681311
2025-03-10 05:00:00,83415,12809,35884,29727,79,515,0,1515,6638,4.3,66.2196,87167,55.86173666639899
2025-03-10 04:00:00,84378,13001,37119,29843,81,514,0,1733,6031,5.1,63.31635,88322,56.74690337628224
2025-03-10 03:00:00,86198,13030,38441,29962,94,532,0,2324,5341,5.8,61.205097,89724,57.365922161294634
2025-03-10 02:00:00,88899,13029,40950,30051,92,533,26,3525,4535,6.65,58.571804,92741,58.20403057978672
2025-03-10 01:00:00,89992,12596,41710,30249,89,553,31,4578,3810,7.65,56.112225,93616,58.00931464706888
2025-03-10 00:00:00,87806,11497,39732,30260,87,548,297,4434,3821,7.95,59.543148,90676,56.49675768670872
2025-03-09 23:00:00,83845,10632,34257,30252,87,551,3184,2695,4726,10.25,51.922703,86384,51.96448416373403
2025-03-09 22:00:00,81996,10346,29926,30253,89,552,7365,1881,4772,11.7,46.314896,85184,47.27648384673178
2025-03-09 21:00:00,80595,10285,27037,30258,90,547,9170,1664,5145,12.05,44.770805,84196,44.327521497458314
2025-03-09 20:00:00,79627,10037,26667,30274,90,549,9877,1493,4859,12.05,44.93287,83846,43.77549316604251
2025-03-09 19:00:00,80416,10061,27804,30288,91,550,10054,1493,4552,11.6,46.286255,84893,44.603206389219366
2025-03-09 18:00:00,82042,10297,29364,30301,110,548,10388,1486,4007,10.7,48.954872,86501,45.85033699032381
2025-03-09 17:00:00,83694,10604,32199,30269,78,554,10019,1474,2942,9.4,53.401325,88139,48.56306515844292
2025-03-09 16:00:00,85373,10932,33574,30266,89,549,10022,1530,2581,7.75,58.638264,89543,49.703494410506686
2025-03-09 15:00:00,87486,11577,33847,30314,105,551,9773,1985,3050,5.95,63.285706,91202,49.80592530865551
2025-03-09 14:00:00,90187,12586,37841,30333,80,546,6299,2435,3932,3.95,68.364525,94052,53.61608471909156
2025-03-09 13:00:00,92861,13232,41624,30331,79,563,1773,3945,4580,2.0,71.04514,96127,57.066172875466826
2025-03-09 12:00:00,92509,12756,41787,30320,79,570,65,4215,4918,0.85,72.42023,94710,57.58948368704466
2025-03-09 11:00:00,90127,12381,40867,30300,80,547,25,3283,5201,1.15,70.346725,92684,57.45112425014026
2025-03-09 10:00:00,88840,12285,40384,30276,83,545,25,2573,5635,1.25,69.064186,91806,57.369888678299894
2025-03-09 09:00:00,87707,11929,38952,30229,86,550,25,1935,6368,1.0,69.53055,90074,56.48799875657793
2025-03-09 08:00:00,87444,12224,38689,30110,87,546,25,1516,6962,0.4,70.722404,90159,56.47023591654743
2025-03-09 07:00:00,87929,12259,39313,30014,94,550,25,1502,7277,-0.05,71.16537,91034,56.65136102994486
2025-03-09 06:00:00,88549,12425,39015,29964,101,543,25,1556,7387,-0.55,71.33394,91016,56.51753537839501
2025-03-09 05:00:00,89296,12494,39434,29945,207,530,25,2212,7155,-0.95,72.34271,92002,56.44225125540749
2025-03-09 04:00:00,90816,12754,40622,30029,193,530,25,2969,6308,-0.7,70.49764,93430,57.12940169110564
2025-03-09 03:00:00,92859,12844,41856,30170,189,535,25,3970,5723,-0.2,65.44297,95312,57.39046499916065
2025-03-09 02:00:00,93895,12724,42667,30182,228,534,25,4832,5098,0.25,63.583885,96290,57.52518433897601
2025-03-09 01:00:00,94126,12303,43927,30171,182,540,25,5061,4654,1.1,60.720116,96863,58.051061808946656
2025-03-09 00:00:00,91923,11598,41930,30156,184,533,267,4646,5104,1.85,54.97162,94418,56.69257980469826
2025-03-08 23:00:00,87945,10798,37111,30142,175,536,3612,2298,6069,3.8,45.726543,90741,52.79752261932313
2025-03-08 22:00:00,85684,10712,30954,30133,185,542,8744,1695,6052,4.9,40.74014,89017,46.80678971432423
2025-03-08 21:00:00,83901,11158,27483,30125,135,548,10094,1487,5906,5.4,41.206394,86936,44.447639642955735
2025-03-08 20:00:00,84348,11838,27893,30109,112,549,9743,1469,5798,5.6,41.743233,87511,45.40114956976837
2025-03-08 19:00:00,85487,12091,30409,30103,79,549,8837,1469,5110,4.8,43.29355,88647,47.942964792942796
2025-03-08 18:00:00,86928,12126,33308,30095,76,540,8550,1462,4228,3.05,54.4672,90385,50.267190352381476
2025-03-08 17:00:00,88412,12275,35872,30086,78,528,8570,1549,3154,2.3,62.8821,92112,52.27006253256905
2025-03-08 16:00:00,90284,12614,37373,30082,80,528,8331,1911,2513,1.25,71.159424,93432,53.50094186146074
2025-03-08 15:00:00,90748,12855,38729,30069,81,540,6912,2083,2512,0.5,81.499596,93781,55.004745097621054
2025-03-08 14:00:00,89869,12835,40220,30060,81,534,4184,2420,2588,0.05,86.719025,92922,57.09627429456964
2025-03-08 13:00:00,89138,12821,40763,30053,83,557,1134,3379,3229,0.05,87.35995,92019,58.23145220008911
2025-03-08 12:00:00,87512,12984,39614,30031,83,550,37,2891,4003,-1.0,90.88561,90193,58.31716430321644
2025-03-08 11:00:00,85768,13096,38294,30017,86,531,25,1764,4806,-0.9,91.22897,88619,57.98982159582031
2025-03-08 10:00:00,85150,13070,38208,29996,86,526,25,1651,4976,-0.45,91.93345,88538,57.9163748898778
2025-03-08 09:00:00,84837,13301,37664,29923,83,519,25,1523,5135,0.15,91.301346,88173,57.80114093883615
2025-03-08 08:00:00,84913,13550,37756,29810,82,518,25,1537,4992,0.9,91.02084,88270,58.12393791775236
2025-03-08 07:00:00,84614,14131,37170,29717,81,525,25,1527,4678,1.6,88.46827,87854,58.39347098595397
2025-03-08 06:00:00,86391,15153,39572,29608,81,516,25,1553,3095,1.85,86.58608,89603,61.07496400790152
2025-03-08 05:00:00,88832,15439,41301,29584,126,685,25,1634,2604,2.4,82.35541,91398,62.08013304448675
2025-03-08 04:00:00,91059,15270,42853,29690,174,812,25,2008,2400,2.75,79.173386,93232,62.34232881414107
2025-03-08 03:00:00,94484,15422,45768,29689,231,826,25,2724,2238,2.8,80.34111,96923,63.132589787769675
2025-03-08 02:00:00,96946,15596,46518,29738,222,844,25,3631,2253,3.05,75.55579,98827,62.85124510508262
2025-03-08 01:00:00,98454,15471,46574,29807,194,873,32,4461,2634,3.4,73.44214,100046,62.01647242268557
2025-03-08 00:00:00,98295,15233,46269,29820,196,867,57,4227,2939,4.1,68.899,99608,61.74403662356437
2025-03-07 23:00:00,95912,14943,45226,29840,203,868,904,2560,3014,4.55,71.03157,97558,61.67510609073577
2025-03-07 22:00:00,93860,14375,42161,29853,248,859,3124,1836,3319,5.25,63.584045,95775,59.03001827199164
2025-03-07 21:00:00,93864,13822,40313,29873,81,855,5354,1663,3667,5.55,57.436317,95628,56.60998870623667
2025-03-07 20:00:00,94259,13806,39896,29907,76,857,5826,1623,4575,5.65,55.995216,96566,55.61170598347245
2025-03-07 19:00:00,94410,13877,39456,29938,77,849,6316,1612,4776,5.75,55.198704,96901,55.03864769197428
2025-03-07 18:00:00,95272,13966,40504,29959,151,871,6692,1594,4571,6.8,52.49778,98308,55.407494812222815
2025-03-07 17:00:00,96380,14348,42487,29969,219,886,6157,1626,4155,6.1,56.94738,99847,56.922090798922355
2025-03-07 16:00:00,98526,14380,44400,29998,254,867,5684,1671,3832,4.4,64.56098,101086,58.14850721168114
2025-03-07 15:00:00,100739,14934,47117,30015,555,868,4856,1880,3377,3.35,69.759995,103602,59.89363139707727
2025-03-07 14:00:00,104167,15335,50156,30048,678,886,3361,3800,2783,1.45,76.11568,107047,61.17966874363597
2025-03-07 13:00:00,106262,15279,52823,30064,862,911,856,4540,2491,-0.3,81.388954,107826,63.15916383803535
2025-03-07 12:00:00,104155,15023,50532,30080,754,901,47,4529,2528,-1.5,78.8119,104394,62.79575454528038
2025-03-07 11:00:00,97915,14681,46935,30095,668,883,34,3397,2669,-0.95,77.429436,99362,62.0116342263642
2025-03-07 10:00:00,94028,14996,43950,30116,416,882,34,1814,3242,-0.95,77.72112,95450,61.75589313776847
2025-03-07 09:00:00,93182,14966,43407,30143,108,890,34,1342,3473,-1.0,77.421196,94363,61.86005107934254
2025-03-07 08:00:00,93143,15131,43663,30142,107,887,34,1342,3291,-1.45,78.81971,94597,62.15207670433524
2025-03-07 07:00:00,93546,15204,44428,30151,104,898,34,1387,2977,-1.5,79.40819,95183,62.6498429341374
2025-03-07 06:00:00,94687,15409,44617,30169,103,872,34,1771,2833,-1.15,78.86654,95808,62.65238810955244
2025-03-07 05:00:00,96126,15746,46621,30162,109,855,34,2296,2785,-0.7,77.47058,98608,63.247403861755636
2025-03-07 04:00:00,99581,15632,49429,30151,635,856,34,3074,2913,-0.15,74.991585,102724,63.33573458977454
2025-03-07 03:00:00,103403,15584,50986,30210,659,852,34,4710,2998,0.3,72.585304,106033,62.78234134656192
2025-03-07 02:00:00,105906,15438,52627,30352,651,860,35,5056,3133,0.7,69.729065,108152,62.93457356313337
2025-03-07 01:00:00,106926,15259,52848,30355,641,864,37,5366,3428,1.15,67.253914,108798,62.59949631427049
2025-03-07 00:00:00,105525,15104,50591,30350,632,834,249,4493,4002,2.15,58.50218,106255,61.82767869747307
2025-03-06 23:00:00,102362,14769,46267,30349,513,826,2984,2610,4854,3.35,53.730305,103172,59.159461869499474
2025-03-06 22:00:00,100873,14940,43221,30340,481,799,5693,1556,5375,4.2,48.729324,102405,56.79507836531419
2025-03-06 21:00:00,100392,14996,41915,30303,515,801,6018,1341,5836,4.2,46.197018,101725,55.94593266158762
2025-03-06 20:00:00,99743,14954,42105,30307,538,807,6101,1164,6146,3.2,53.283382,102122,55.873367149096175
2025-03-06 19:00:00,99042,14747,41732,30292,504,803,6035,1163,6757,2.4,57.68821,102033,55.35366009036292
2025-03-06 18:00:00,98812,14473,41800,30348,581,804,5606,1164,7244,1.65,60.858223,102020,55.158792393648305
2025-03-06 17:00:00,98225,14359,42518,30363,514,800,5147,1145,7454,1.05,63.05515,102300,55.598240469208214
2025-03-06 16:00:00,98588,14307,44327,30344,526,784,4176,1293,7807,0.75,64.67603,103564,56.61619867907767
2025-03-06 15:00:00,99315,14138,45592,30343,446,772,3307,2270,8184,0.2,67.55246,105052,56.85755625785326
2025-03-06 14:00:00,100313,14279,47221,30358,476,793,1746,3830,8197,-0.15,67.98898,106900,57.530402245088865
2025-03-06 13:00:00,100104,14084,47762,30358,612,811,346,4169,8390,-0.7,74.0506,106532,58.05391807156535
2025-03-06 12:00:00,95813,13590,43887,30354,539,813,28,3545,8613,-1.15,70.40501,101369,56.70076650652567
2025-03-06 11:00:00,89135,13449,40583,30352,603,701,25,1418,8770,-1.0,69.10814,95901,56.34143543862942
2025-03-06 10:00:00,86876,13298,39726,30329,333,631,25,1117,8949,-0.4,71.09483,94408,56.164731802389625
2025-03-06 09:00:00,84839,12854,38246,30335,80,597,25,1175,9038,0.4,73.42477,92350,55.33297238765565
2025-03-06 08:00:00,84389,12581,37738,30319,78,601,25,1077,9248,0.9,78.30906,91667,54.893254933618415
2025-03-06 07:00:00,84837,12651,38256,30316,76,586,25,1129,9465,1.35,81.31711,92504,55.03221482314278
2025-03-06 06:00:00,86203,12558,37653,30303,76,559,25,1138,9253,1.55,85.92735,91565,54.8364549773385
2025-03-06 05:00:00,87494,13208,37844,30299,74,544,25,1248,9408,1.6,82.5516,92650,55.10199676200755
2025-03-06 04:00:00,89654,13841,39460,30295,110,545,25,1800,9572,1.55,80.75044,95648,55.7262044161927
2025-03-06 03:00:00,93361,14234,41195,30294,210,585,25,2646,9782,1.9,76.47356,98971,56.00529448020127
2025-03-06 02:00:00,96171,14250,43610,30271,128,522,25,4237,9401,2.25,75.694084,102444,56.479637655694816
2025-03-06 01:00:00,97448,14105,45060,30274,108,538,25,4744,8977,2.85,71.47722,103831,56.982018857566615
2025-03-06 00:00:00,97516,13881,44140,30258,105,557,40,4598,8898,4.0,70.663826,102477,56.61855831064532
2025-03-05 23:00:00,95622,13564,42843,30256,210,693,667,2730,8968,5.35,66.45301,99931,56.4459477039157
2025-03-05 22:00:00,93815,13293,41391,30245,197,819,1447,1862,8934,6.3,68.119995,98188,55.6931600602925
2025-03-05 21:00:00,92638,13249,39965,30222,809,807,1490,1390,8950,7.9,68.45692,96882,54.92661175450549
2025-03-05 20:00:00,92061,13236,38971,30186,911,819,1693,1349,9025,9.5,75.84685,96190,54.2748726478844
2025-03-05 19:00:00,91917,13437,39928,30136,553,818,1796,1402,9017,11.45,71.86007,97087,54.966164368041035
2025-03-05 18:00:00,91816,13123,40247,30097,134,796,2290,1336,9032,14.05,53.50759,97055,54.98943897789913
2025-03-05 17:00:00,91939,13049,40223,30072,134,696,2767,1304,8857,15.3,47.169018,97102,54.86189779819159
2025-03-05 16:00:00,91702,12835,39921,30039,141,589,3065,1378,8218,14.65,48.15844,96186,54.84789886262034
2025-03-05 15:00:00,91311,12708,39992,30017,115,595,2453,1742,7835,14.45,60.916214,95457,55.208104172559366
2025-03-05 14:00:00,91574,12753,40693,30026,88,595,1634,2241,7813,14.1,66.48565,95843,55.76411422847782
2025-03-05 13:00:00,91029,12234,40769,30026,85,597,191,2284,7732,12.95,74.37646,93918,56.43540109457186
2025-03-05 12:00:00,87693,11529,37973,30029,85,612,25,1998,7264,11.85,91.13614,89515,55.30022901189745
2025-03-05 11:00:00,82814,11421,35603,30036,86,617,25,1182,7476,12.4,88.19074,86446,54.39696457904356
2025-03-05 10:00:00,80756,11326,34917,30041,85,583,25,1166,7069,12.15,87.87503,85212,54.268178190865136
2025-03-05 09:00:00,79449,11384,33858,30064,83,577,25,1155,6971,11.45,88.10758,84117,53.784609531961436
2025-03-05 08:00:00,79845,11276,34681,30066,79,597,25,1088,7247,10.8,91.06584,85059,54.0295559552781
2025-03-05 07:00:00,80961,11508,34805,30064,79,596,25,1158,8134,10.85,86.873634,86369,53.622248723500334
2025-03-05 06:00:00,82872,12228,34685,30049,77,597,25,1134,8455,11.4,81.24954,87250,53.76848137535817
2025-03-05 05:00:00,85397,12724,36491,30047,78,595,25,1289,8585,12.35,70.808846,89834,54.784380078812035
2025-03-05 04:00:00,87944,13370,37614,30044,77,647,35,1647,8872,13.65,55.29936,92306,55.23367928412021
2025-03-05 03:00:00,91206,14053,40026,30035,74,1233,36,1902,8795,14.25,42.887672,96154,56.24207001268798
2025-03-05 02:00:00,94499,14261,41818,30031,72,1230,36,2789,8390,14.15,36.169624,98627,56.85968345382096
2025-03-05 01:00:00,95850,14091,42744,30024,72,1202,38,3477,8412,14.1,36.55237,100060,56.800919448331
2025-03-05 00:00:00,95007,13806,41535,30012,72,1202,58,3697,8335,12.9,44.055573,98717,56.06025304658772
2025-03-04 23:00:00,91511,13187,39769,30011,74,1206,1238,2354,7509,13.85,44.171516,95348,55.53970717791669
2025-03-04 22:00:00,89403,12585,38408,30003,140,1202,4709,1525,6609,15.65,41.05065,95181,53.57476807346004
2025-03-04 21:00:00,88878,12366,36938,30005,157,1197,7535,1298,6013,16.9,37.37312,95509,51.62236019642128
2025-03-04 20:00:00,89393,12359,36915,29999,156,1187,8362,1288,5453,16.6,37.95616,95719,51.47776303555198
2025-03-04 19:00:00,90145,12744,36886,30012,157,1199,8285,1346,4775,15.3,41.09518,95404,52.020879627688565
2025-03-04 18:00:00,90875,13787,36915,30019,165,1196,8079,1291,4499,13.3,44.171097,95951,52.841554543464895
2025-03-04 17:00:00,92731,14237,40062,30022,241,1205,6969,1301,4601,12.15,43.99725,98638,55.048764167967725
2025-03-04 16:00:00,96049,14478,41678,29991,285,1207,6477,1422,5563,10.7,47.04264,101101,55.54445554445554
2025-03-04 15:00:00,99057,14662,44316,30034,545,1219,4910,2424,5820,8.2,51.924458,103930,56.74781102665255
2025-03-04 14:00:00,102304,14747,47104,30033,749,1223,3179,3711,5676,6.25,48.40477,106422,58.118622089417606
2025-03-04 13:00:00,104149,14661,49740,30032,595,1241,915,4369,5286,4.55,50.521267,106839,60.278549967708415
2025-03-04 12:00:00,101668,14187,48130,30028,318,1248,36,4504,5469,2.1,54.62168,103920,59.966320246343344
2025-03-04 11:00:00,95372,14260,43699,30018,194,694,27,2619,6970,2.0,54.386154,98481,58.85297671632092
2025-03-04 10:00:00,91748,14261,42384,30010,181,609,27,1292,7531,1.6,55.325027,96295,58.8244457136923
2025-03-04 09:00:00,90407,14038,40698,29996,181,608,27,1183,7961,1.25,56.298008,94692,57.80424956701727
2025-03-04 08:00:00,90595,14306,41338,29981,181,606,27,1144,7888,1.15,56.271084,95471,58.283667291638295
2025-03-04 07:00:00,91683,14734,41570,29964,178,601,27,1119,7875,1.3,56.311466,96068,58.60848565599367
2025-03-04 06:00:00,93635,14918,42098,29850,176,597,27,1255,8335,1.95,55.631893,97256,58.6246606893148
2025-03-04 05:00:00,95628,15791,42857,29745,177,587,27,1552,8160,2.35,55.107983,98896,59.302701828183146
2025-03-04 04:00:00,99121,16252,44884,29931,176,991,27,1929,8040,2.45,54.302647,102230,59.802406338648154
2025-03-04 03:00:00,102912,16436,47000,30244,293,1636,27,2665,7800,2.65,53.536774,106101,59.7883149074938
2025-03-04 02:00:00,105673,16592,48092,30293,568,1637,27,4178,6996,2.7,52.5403,108383,59.68094627386213
2025-03-04 01:00:00,106264,16621,48716,30292,496,1626,27,4592,6579,2.75,51.95637,108949,59.970261314927164
2025-03-04 00:00:00,104591,16088,49027,30296,583,1576,98,4095,5780,2.5,56.41866,107543,60.54787387370632
2025-03-03 23:00:00,100133,15455,45962,30302,589,1474,1728,2847,4727,3.2,56.392414,103084,59.57956617903846
2025-03-03 22:00:00,97562,15175,42138,30306,560,1351,5359,1929,4434,4.15,49.837536,101252,56.60431398885948
2025-03-03 21:00:00,96077,14677,40302,30315,498,1289,7449,1557,4073,4.75,41.487003,100160,54.89117412140575
2025-03-03 20:00:00,96591,14496,40377,30323,498,1260,8160,1465,4072,4.45,41.077644,100651,54.51808725198954
2025-03-03 19:00:00,98072,14898,40986,30376,498,1256,8786,1479,4247,4.35,40.573395,102526,54.50714940600433
2025-03-03 18:00:00,99532,15059,41584,30444,499,1251,9196,1491,4731,4.0,41.58103,104255,54.33120713634838
2025-03-03 17:00:00,100794,15169,43253,30455,658,1257,9313,1484,4751,2.6,42.46435,106340,54.93887530562347
2025-03-03 16:00:00,102711,15046,45072,30362,807,1242,9159,1583,5041,1.8,42.387486,108312,55.50446857227269
2025-03-03 15:00:00,105823,15827,46107,30347,1087,1327,9315,2605,4798,0.1,45.32982,111413,55.5895631569027
2025-03-03 14:00:00,110757,16922,50901,30355,1163,1390,6513,3897,4483,-2.45,59.346367,115624,58.65823704421227
2025-03-03 13:00:00,115234,17426,56723,30349,1650,1405,1445,4967,4370,-4.4,70.54686,118335,62.660244221912365
2025-03-03 12:00:00,112815,17250,54921,30327,1716,1399,30,4699,3991,-4.85,74.12922,114333,63.123507648710344
2025-03-03 11:00:00,105732,16968,51325,30289,689,806,24,3482,3300,-4.65,72.16889,106883,63.89510024980586
2025-03-03 10:00:00,101232,16745,48782,30242,197,691,24,2878,2865,-4.5,71.07973,102424,63.976216511755055
2025-03-03 09:00:00,98937,16355,46905,30195,180,692,24,2558,2705,-4.4,71.6575,99614,63.50512980103198
2025-03-03 08:00:00,97992,16028,46279,30146,179,665,24,2296,3098,-4.25,73.09675,98715,63.11806716304513
2025-03-03 07:00:00,98069,15848,46397,30109,177,760,25,2155,3529,-4.1,75.13791,99000,62.87373737373737
2025-03-03 06:00:00,98714,15881,46736,30093,177,933,26,2481,3460,-4.0,75.15603,99787,62.75065890346438
2025-03-03 05:00:00,99764,15837,48472,30097,212,1140,26,2377,3204,-3.85,74.029144,101365,63.44300300892813
2025-03-03 04:00:00,102211,15719,50593,30080,546,1474,26,3339,2778,-3.7,73.48672,104555,63.423078762373876
2025-03-03 03:00:00,104938,15616,52501,30084,525,1935,26,4285,2149,-3.35,70.76445,107121,63.58883878977978
2025-03-03 02:00:00,106559,15611,54944,30068,540,2053,26,4579,1382,-2.8,67.14229,109203,64.60903088742982
2025-03-03 01:00:00,106372,15501,54402,30067,535,1934,28,4910,1039,-2.0,63.776817,108416,64.47664551357734
2025-03-03 00:00:00,103346,14730,52206,30037,531,1819,192,4017,1122,-1.8,56.788715,104654,63.959332658092386
2025-03-02 23:00:00,98173,13686,47164,30002,401,1681,3071,2323,1244,-0.85,57.71352,99572,61.11155746595428
2025-03-02 22:00:00,94274,12752,40604,29954,353,1502,8450,1638,1096,0.45,41.476692,96349,55.37784512553322
2025-03-02 21:00:00,91978,12638,37434,29959,354,1266,10342,1380,1121,0.5,42.325382,94494,52.98960780578661
2025-03-02 20:00:00,91726,12599,36421,29890,355,1204,10631,1352,1125,0.4,43.832672,93577,52.38466717248896
2025-03-02 19:00:00,92836,12919,36796,29765,354,1198,10554,1359,1071,-0.2,48.19242,94016,52.879297140912186
2025-03-02 18:00:00,94598,13747,38101,29626,356,1205,10570,1472,1089,-0.95,49.905663,96166,53.91510513071148
2025-03-02 17:00:00,96198,14171,39769,29415,392,1202,10764,1477,1142,-1.9,47.877857,98332,54.85498108448928
2025-03-02 16:00:00,97404,14292,41220,29256,366,1112,10953,1510,1364,-3.1,47.51823,100073,55.47150580076544
2025-03-02 15:00:00,98996,14271,42455,29123,635,1136,10418,2108,1455,-4.2,52.429474,101601,55.832127636539006
2025-03-02 14:00:00,101039,15094,45418,29102,629,1245,6892,3540,1627,-4.75,55.75639,103547,58.439162892213204
2025-03-02 13:00:00,102743,15523,50156,29088,714,1254,1474,4243,1680,-5.55,62.907616,104132,63.072830638036336
2025-03-02 12:00:00,101612,15364,49801,29048,615,1238,27,3714,1638,-5.45,48.970818,101445,64.23677854995317
2025-03-02 11:00:00,98951,15381,48967,28888,201,632,25,3016,1747,-5.2,49.854404,98857,65.09200157803696
2025-03-02 10:00:00,97122,15198,47943,28715,176,522,25,2540,1876,-5.1,52.594193,96995,65.09716995721429
2025-03-02 09:00:00,95621,15165,47731,28647,173,526,25,1782,1978,-4.9,53.728096,96027,65.49824528518022
2025-03-02 08:00:00,94726,15233,47105,28548,171,529,25,1698,2231,-4.7,54.002502,95540,65.2480636382667
2025-03-02 07:00:00,94333,15192,46099,28531,168,520,25,1954,2343,-4.4,53.22349,94832,64.63113716888815
2025-03-02 06:00:00,94551,15341,45849,28748,167,712,25,2582,2481,-4.0,51.23382,95905,63.80272144309473
2025-03-02 05:00:00,95315,15425,48367,29141,547,719,25,1411,2563,-3.8,52.33411,98198,64.9626265300719
2025-03-02 04:00:00,96284,15370,48528,29534,544,1137,25,1452,2892,-3.6,51.764744,99482,64.23071510423996
2025-03-02 03:00:00,97512,15322,49141,30002,540,1135,25,2106,3318,-3.55,52.19643,101589,63.4547047416551
2025-03-02 02:00:00,98217,15045,49086,30350,564,1140,25,3088,3496,-3.5,51.58629,102794,62.38788256123898
2025-03-02 01:00:00,97925,14538,48278,30309,800,1135,28,3618,3568,-3.3,52.688354,102274,61.419324559516596
2025-03-02 00:00:00,95940,13242,46337,30225,780,1129,113,3186,4013,-3.4,47.427883,99025,60.16561474375158
2025-03-01 23:00:00,90908,11734,42460,30223,634,1133,1397,1838,4506,-2.7,45.941242,93925,57.699228107532605
2025-03-01 22:00:00,86927,11301,37133,30217,408,661,4169,1595,5263,-1.9,46.742393,90747,53.37256328032882
2025-03-01 21:00:00,84813,11042,33197,30210,167,610,6299,1549,5883,-0.8,45.057617,88957,49.73076879840822
2025-03-01 20:00:00,83815,11195,30506,30203,165,607,7539,1386,6292,0.55,43.532333,87893,47.44518903666959
2025-03-01 19:00:00,83697,11191,29728,30201,166,605,8096,1127,6384,1.55,43.663998,87498,46.765640357493886
2025-03-01 18:00:00,83817,11111,29763,30183,167,578,8324,1239,6794,1.45,46.094315,88159,46.36395603398405
2025-03-01 17:00:00,84483,11363,30544,30173,167,576,7965,1110,7575,1.2,51.91668,89473,46.837593463950014
2025-03-01 16:00:00,85449,11441,31484,30183,168,583,7041,1085,8291,0.9,53.459988,90276,47.54862864991803
2025-03-01 15:00:00,87032,11644,32716,30197,169,584,6505,1014,8410,0.7,53.81853,91239,48.61955961814574
2025-03-01 14:00:00,87984,12197,35597,30217,169,589,4374,1040,8026,0.85,58.38567,92209,51.832250647984466
2025-03-01 13:00:00,86852,12426,36917,30215,168,597,880,1136,8268,1.2,72.75813,90607,54.45826481397684
2025-03-01 12:00:00,84728,11605,35658,30211,170,583,27,1088,8186,0.85,75.73076,87528,53.99757791792341
2025-03-01 11:00:00,83031,11149,34671,30196,172,600,25,949,8118,2.2,73.76014,85880,53.35351653469959
2025-03-01 10:00:00,82453,11008,34149,30213,173,600,25,943,8329,3.35,75.883606,85440,52.85229400749064
2025-03-01 09:00:00,82623,11054,34080,30211,171,599,25,909,8450,4.35,73.08572,85499,52.78892150785389
2025-03-01 08:00:00,82982,11146,34249,30206,169,608,25,955,8793,5.05,67.116394,86151,52.6923657299393
2025-03-01 07:00:00,83491,11561,33916,30203,170,631,25,1006,9253,6.55,62.968628,86765,52.41399181697689
2025-03-01 06:00:00,84507,11781,34576,30205,169,658,25,1014,9621,7.85,60.60188,88049,52.64909311860442
2025-03-01 05:00:00,86023,11941,34723,30180,169,647,25,1177,9738,8.65,61.454025,88600,52.66817155756207
2025-03-01 04:00:00,88179,12208,36283,30145,169,661,25,1281,9712,10.0,57.95258,90484,53.59069006675213
2025-03-01 03:00:00,90713,12244,37875,30116,167,668,25,2311,9588,10.3,58.859135,92994,53.89487493816806
2025-03-01 02:00:00,92557,12282,38379,30106,165,676,25,3639,9065,9.75,68.59983,94337,53.70215291985117
2025-03-01 01:00:00,93512,12323,38302,30082,163,679,25,4671,8862,11.85,46.190956,95107,53.22952043487861
2025-03-01 00:00:00,92812,11812,37545,30056,163,678,107,4820,8547,11.25,47.1996,93728,52.659824172072376
2025-02-28 23:00:00,89327,11277,34174,30018,165,680,2439,2921,8131,11.65,45.96726,89805,50.610767774622786
2025-02-28 22:00:00,87449,10644,30568,30009,166,689,7173,1369,8169,12.25,45.479675,88787,46.41670514827621
2025-02-28 21:00:00,87557,10447,28683,29995,166,682,9583,1052,8276,12.55,43.011818,88884,44.02367130192161
2025-02-28 20:00:00,87833,10667,28772,29975,167,688,9970,1016,8303,12.3,42.783615,89558,44.037383594988725
2025-02-28 19:00:00,89129,11125,30671,29950,167,695,9750,993,8197,11.65,43.37634,91548,45.6547384978372
2025-02-28 18:00:00,90102,11515,31342,29934,169,693,9776,1029,8350,10.6,46.504047,92808,46.17813119558659
2025-02-28 17:00:00,91045,11949,32272,29889,172,689,9894,1048,8141,9.55,50.61677,94054,47.0166074808089
2025-02-28 16:00:00,92436,12276,33422,29828,173,691,9867,1115,8487,7.8,61.248314,95859,47.67210173275331
2025-02-28 15:00:00,94706,13001,34819,29782,172,732,8966,1694,8748,4.85,73.17896,97914,48.83877688583859
2025-02-28 14:00:00,97282,13978,37692,29774,170,797,5796,3196,8904,2.0,81.40679,100307,51.51185859411606
2025-02-28 13:00:00,99167,14271,41704,29764,269,853,1064,4727,8680,-0.05,86.071625,101332,55.23921367386413
2025-02-28 12:00:00,96208,13272,39635,29750,292,855,4,4697,8155,-1.9,87.49431,96660,54.73515414856197
2025-02-28 11:00:00,89089,12768,37565,29737,243,802,0,1797,7514,-1.55,84.31874,90426,55.662088337425075
2025-02-28 10:00:00,84682,12263,36417,29602,172,793,0,945,6657,-1.15,81.27035,86849,56.0513074416516
2025-02-28 09:00:00,83190,12069,36323,29547,173,807,0,896,5980,-0.6,78.65706,85795,56.40421936010257
2025-02-28 08:00:00,83189,12344,36054,29550,169,790,0,968,5394,0.1,76.451996,85269,56.759197363637426
2025-02-28 07:00:00,84384,13016,36948,29558,167,702,0,952,5459,0.7,74.86391,86802,57.560885693878014
2025-02-28 06:00:00,85598,13716,37257,29553,166,705,0,1059,5454,1.3,73.04833,87910,57.983164600159256
2025-02-28 05:00:00,87505,14464,38252,29522,166,859,0,1073,5764,1.75,71.259254,90100,58.508324084350726
2025-02-28 04:00:00,90113,15019,40400,29518,166,1113,0,1437,5904,2.4,68.794044,93557,59.23554624453542
2025-02-28 03:00:00,93473,15048,42268,29525,166,1106,0,2890,6033,3.25,69.99635,97036,59.066738117811944
2025-02-28 02:00:00,95811,14756,41824,29513,249,1110,0,4540,6810,4.6,72.342,98802,57.26604724600717
2025-02-28 01:00:00,97148,14619,41888,29515,380,1077,0,5190,8162,6.0,76.60406,100831,56.041296823397566
2025-02-28 00:00:00,96191,14006,39733,29501,376,963,66,5039,9019,4.75,85.653625,98703,54.445153642746426
2025-02-27 23:00:00,93359,13983,37610,29490,383,867,1052,3122,9162,6.15,83.42281,95669,53.928649823871886
2025-02-27 22:00:00,91678,13625,36670,29495,314,700,2393,1319,9139,7.8,81.04247,93655,53.70241845069671
2025-02-27 21:00:00,91979,13449,36436,29494,187,697,3356,1146,8858,7.85,72.69589,93623,53.282847163624325
2025-02-27 20:00:00,92924,13566,36346,29490,170,696,4757,958,8959,10.6,60.411,94942,52.5710433738493
2025-02-27 19:00:00,93088,13965,36213,29496,180,699,5063,1046,9388,10.2,61.173367,96050,52.24154086413326
2025-02-27 18:00:00,93251,14451,36081,29506,172,752,5509,990,8779,9.8,62.168957,96240,52.50623441396509
2025-02-27 17:00:00,93845,14813,37672,29525,178,828,4860,992,7914,8.85,67.69224,96782,54.230125436548114
2025-02-27 16:00:00,94322,14814,39616,29583,187,870,3979,1297,6673,7.9,75.04742,97019,56.102412929426194
2025-02-27 15:00:00,94851,14967,40480,29725,188,868,2260,2213,6527,6.5,86.74581,97228,57.0278109186654
2025-02-27 14:00:00,95304,14761,41230,29852,186,864,1243,3080,6946,6.25,92.98975,98162,57.03938387563415
2025-02-27 13:00:00,94745,14142,40314,29875,181,885,274,3408,7085,6.05,94.609795,96164,56.62826005573811
2025-02-27 12:00:00,90568,13137,38678,29900,183,892,18,2329,6382,3.95,95.8646,91519,56.61665883587015
2025-02-27 11:00:00,84919,12619,36421,29932,186,822,17,1108,5947,4.65,96.22437,87052,56.334145108670675
2025-02-27 10:00:00,82917,12560,35799,29958,185,695,17,947,5665,5.45,96.24823,85826,56.34539649989514
2025-02-27 09:00:00,82212,12658,35096,29978,183,694,17,943,5720,6.5,96.279175,85289,55.99080772432553
2025-02-27 08:00:00,82130,13371,34831,30009,181,690,19,919,5331,7.0,95.63311,85351,56.47502665463791
2025-02-27 07:00:00,82744,13818,35532,30028,178,693,20,940,5419,6.35,95.6108,86628,56.96772406150436
2025-02-27 06:00:00,84036,14140,35612,30054,178,696,20,988,5711,6.9,91.74626,87399,56.925136443208736
2025-02-27 05:00:00,85232,14505,35287,30112,174,742,20,1118,6178,6.5,89.82639,88136,56.49450848688391
2025-02-27 04:00:00,87605,15032,36974,30196,171,850,20,1645,5782,5.4,90.69104,90670,57.35745009374655
2025-02-27 03:00:00,91532,15877,39813,30191,171,880,35,2309,4773,6.35,88.87959,94049,59.21381407564142
2025-02-27 02:00:00,94284,16013,41698,30183,174,894,38,3060,4026,6.95,89.23945,96086,60.06181961992382
2025-02-27 01:00:00,95524,15856,41893,30187,172,892,39,4188,4250,7.0,84.702034,97477,59.243719031156076
2025-02-27 00:00:00,95194,15823,41300,30185,169,880,55,4934,3641,7.0,89.55381,96987,58.89758421231711
2025-02-26 23:00:00,92124,15381,39573,30187,168,866,941,3377,2611,8.0,89.01745,93104,59.02431689293694
2025-02-26 22:00:00,90078,15260,38785,30185,168,753,3732,1421,1707,9.65,86.16682,92011,58.7375422503831
2025-02-26 21:00:00,90224,14795,37951,30190,169,660,6229,1086,1341,11.3,79.86824,92421,57.07144480150615
2025-02-26 20:00:00,89514,14278,37176,30194,171,638,7170,1081,1433,12.9,66.91305,92141,55.842675898894086
2025-02-26 19:00:00,89883,13975,36769,30204,173,631,7492,1089,2246,11.35,71.34831,92579,54.81156633793841
2025-02-26 18:00:00,90554,13856,37121,30222,165,632,7460,1061,2694,9.75,74.58515,93211,54.68989711514736
2025-02-26 17:00:00,91497,14194,37427,30232,138,628,7415,979,3339,8.35,78.34321,94352,54.71108190605393
2025-02-26 16:00:00,92610,14439,38201,30241,160,691,6819,1179,4529,5.05,85.685844,96259,54.685795613916625
2025-02-26 15:00:00,95285,15190,39285,30277,188,738,6370,1816,5386,3.3,87.044846,99250,54.886649874055415
2025-02-26 14:00:00,98901,15740,43206,30405,287,799,4166,3124,5031,1.5,91.393105,102758,57.36390354035695
2025-02-26 13:00:00,102306,15777,45665,30567,337,805,950,4551,5246,-0.95,93.61067,103898,59.136845752565016
2025-02-26 12:00:00,99203,15043,43587,30626,335,803,48,3980,5128,-1.65,93.92182,99550,58.89502762430939
2025-02-26 11:00:00,91655,14336,41162,30697,297,808,47,1489,4130,-2.1,94.24923,92966,59.697093561086845
2025-02-26 10:00:00,87427,13757,39700,30866,129,830,47,1039,2986,-1.7,93.91937,89354,59.826085010184215
2025-02-26 09:00:00,85945,13246,38529,31087,128,730,47,1082,2925,-1.5,93.58245,87774,58.98671588397475
2025-02-26 08:00:00,85081,13288,37749,31420,129,654,47,991,2417,-0.95,93.26659,86695,58.86960032297134
2025-02-26 07:00:00,85223,13577,38508,31489,130,653,47,945,2036,-0.35,93.29877,87385,59.604051038507755
2025-02-26 06:00:00,85929,13905,38567,31494,130,658,47,1005,1878,1.1,92.70145,87684,59.84216048537932
2025-02-26 05:00:00,87635,14619,39913,31487,125,699,47,1343,1632,1.9,91.42003,89865,60.68213431257998
2025-02-26 04:00:00,90244,15334,42122,31485,214,889,47,1434,1364,3.65,87.70395,92889,61.85447146594322
2025-02-26 03:00:00,92913,15465,44064,31484,369,891,47,2440,1239,4.3,86.21726,95999,62.0100209377181
2025-02-26 02:00:00,95042,15115,44982,31463,494,835,48,4202,1191,5.5,83.34325,98330,61.117665005593416
2025-02-26 01:00:00,95724,14901,45555,31463,430,860,54,4772,1291,6.4,80.849754,99326,60.86623844713368
2025-02-26 00:00:00,94427,14066,43988,31460,338,827,141,4992,1624,7.5,76.85007,97436,59.58167412455355
2025-02-25 23:00:00,90771,13341,39699,31460,223,829,2383,3122,2349,9.9,70.57542,93406,56.78436074770358
2025-02-25 22:00:00,89129,13181,35082,31462,123,720,6952,1607,3533,12.85,58.46438,92660,52.086121303690916
2025-02-25 21:00:00,88789,13459,33264,31463,124,663,8843,1132,4190,13.8,56.308975,93138,50.16534604565269
2025-02-25 20:00:00,88989,13936,34100,31468,132,658,8768,1008,3742,14.2,55.058357,93812,51.20453673304055
2025-02-25 19:00:00,90279,14127,36257,31477,148,654,8673,962,2960,14.4,54.35068,95258,52.89214554158181
2025-02-25 18:00:00,90956,14504,37694,31473,125,651,8234,948,2482,13.0,62.700768,96111,54.31012058973479
2025-02-25 17:00:00,92278,15048,39191,31456,125,657,7718,1023,2256,11.45,68.94877,97474,55.644582144982245
2025-02-25 16:00:00,93112,15445,40165,31508,129,651,7443,1120,2348,9.4,80.14681,98809,56.28029835338886
2025-02-25 15:00:00,94173,15325,40058,31521,137,643,6806,1810,3657,7.0,88.0119,99957,55.40682493472193
2025-02-25 14:00:00,97783,15518,43090,31522,210,649,4057,3268,5295,4.25,92.55226,103609,56.566514491984286
2025-02-25 13:00:00,101237,15533,46481,31511,324,643,738,4585,4885,1.7,96.82732,104700,59.23018147086915
2025-02-25 12:00:00,98008,14957,44237,31508,335,648,30,4136,4251,1.8,95.10744,100102,59.13368364268447
2025-02-25 11:00:00,90922,14263,40014,31499,231,648,29,1941,4604,2.15,92.76162,93229,58.21900910660845
2025-02-25 10:00:00,87436,14319,38707,31498,175,637,29,969,4058,2.25,93.43559,90392,58.662270997433396
2025-02-25 09:00:00,87012,14323,38777,31508,174,637,29,1025,3619,3.3,86.11286,90092,58.93975047728988
2025-02-25 08:00:00,86741,14539,38193,31501,172,641,29,1012,3602,3.9,79.34652,89689,58.794278005106534
2025-02-25 07:00:00,86900,14818,38979,31505,170,646,29,1049,3456,4.25,75.48927,90652,59.344526320434184
2025-02-25 06:00:00,88439,15570,38466,31503,167,637,29,1051,4265,4.55,72.85868,91688,58.93464793648023
2025-02-25 05:00:00,90219,15997,39443,31505,165,617,29,1168,4645,4.45,71.270386,93569,59.25039275828533
2025-02-25 04:00:00,92842,16646,40278,31495,165,635,29,1422,5523,5.0,69.59062,96193,59.17686318131257
2025-02-25 03:00:00,96375,17227,42223,31493,162,635,29,2441,5576,5.45,67.4479,99786,59.57749584109996
2025-02-25 02:00:00,99061,17560,43029,31495,161,642,29,3800,5923,6.2,64.97394,102639,59.03116748994047
2025-02-25 01:00:00,100223,17363,43717,31493,160,630,29,4636,5361,6.8,62.121265,103389,59.07785160897194
2025-02-25 00:00:00,99577,16529,43238,31481,161,626,82,4971,4694,6.6,61.848225,101782,58.720598927118736
2025-02-24 23:00:00,95639,15862,41028,31484,161,624,1535,2650,4278,7.5,57.9402,97622,58.27579848804573
2025-02-24 22:00:00,92716,15326,36679,31491,162,632,4997,1503,4304,8.6,53.767715,95094,54.687992933308095
2025-02-24 21:00:00,91625,15125,33661,31490,163,625,7299,1141,4564,9.4,49.84408,94068,51.862482459497386
2025-02-24 20:00:00,91316,14992,32880,31503,163,634,8168,1117,5406,9.9,48.024612,94863,50.46435385766843
2025-02-24 19:00:00,92193,14841,32869,31507,193,632,8612,1138,6194,9.35,47.518536,95986,49.70516533661159
2025-02-24 18:00:00,93641,15028,34291,31519,267,625,8685,1059,6654,8.15,49.128807,98128,50.25986466655796
2025-02-24 17:00:00,95714,15353,36028,31524,237,627,8661,1092,6937,5.8,54.399952,100459,51.146238764072905
2025-02-24 16:00:00,97895,15947,37296,31540,207,626,8230,1153,7400,3.6,58.21953,102399,51.99562495727498
2025-02-24 15:00:00,101988,17157,39723,31552,211,614,7867,1838,7857,2.8,59.33643,106819,53.24895383780039
2025-02-24 14:00:00,106696,18141,45003,31552,199,625,4519,3627,8129,1.2,65.27129,111795,56.481953575741315
2025-02-24 13:00:00,110667,18507,48259,31544,252,643,727,5043,8045,-0.5,71.88535,113020,59.07450008847992
2025-02-24 12:00:00,107204,17763,45595,31538,253,646,0,4106,8010,-2.0,74.65702,107911,58.71319883978464
2025-02-24 11:00:00,99403,16682,42965,31540,254,636,0,1297,7907,-2.2,74.90565,101281,58.89258597367719
2025-02-24 10:00:00,94780,15946,40201,31532,170,640,0,930,7867,-2.15,74.34551,97286,57.71334004892791
2025-02-24 09:00:00,92903,15792,39081,31535,172,633,0,962,7483,-2.1,74.07167,95658,57.36373329988083
2025-02-24 08:00:00,92660,15715,39179,31531,170,646,0,991,7362,-2.0,74.09027,95594,57.42410611544657
2025-02-24 07:00:00,92397,15506,38789,31535,167,634,0,955,7499,-1.85,74.96896,95085,57.101540726718206
2025-02-24 06:00:00,92413,15616,39074,31546,164,617,0,1061,7399,-1.65,75.290215,95477,57.280811085392294
2025-02-24 05:00:00,93619,15952,40087,31776,162,608,0,1159,7503,-1.3,74.21995,97247,57.62542803376968
2025-02-24 04:00:00,95685,16082,40480,32043,162,606,0,2462,7588,-0.9,73.17882,99423,56.89025678163
2025-02-24 03:00:00,98713,16934,41699,32320,161,607,0,3536,7466,-0.3,71.92481,102723,57.078745753141945
2025-02-24 02:00:00,100762,17252,43465,32421,174,619,0,4163,6315,0.75,70.52862,104409,58.15303278453007
2025-02-24 01:00:00,101125,17424,44079,32413,209,625,7,4904,4801,1.55,69.12755,104462,58.875954892688256
2025-02-24 00:00:00,99041,16544,43956,32420,210,631,69,5096,3223,1.25,68.54902,102149,59.22720731480484
2025-02-23 23:00:00,93836,14922,40991,32423,197,619,1632,3145,2717,1.85,65.6664,96646,57.85340314136126
2025-02-23 22:00:00,90184,14105,36228,32429,162,625,5948,1204,3181,3.65,56.089275,93882,53.61304616433395
2025-02-23 21:00:00,90051,14035,33200,32433,163,630,8878,1060,3701,4.2,50.61293,94100,50.19659936238045
2025-02-23 20:00:00,89454,14009,31561,32440,164,628,9625,985,4085,4.3,49.316525,93497,48.73953174968181
2025-02-23 19:00:00,90093,14263,33148,32444,163,624,9953,969,3869,4.1,48.331142,95433,49.67988012532353
2025-02-23 18:00:00,91276,14440,35110,32453,163,622,10112,986,3298,3.65,47.2871,97184,50.9857589726704
2025-02-23 17:00:00,92837,14795,36622,32461,166,618,10348,1152,2627,2.8,46.137703,98789,52.04729271477594
2025-02-23 16:00:00,95075,15165,37957,32461,169,627,10450,1260,2635,1.15,47.09724,100724,52.74016123267543
2025-02-23 15:00:00,96569,15950,37592,32450,248,634,9780,1583,3328,-1.7,61.66186,101565,52.716979274356326
2025-02-23 14:00:00,99573,17500,41527,32460,251,636,5692,2654,4145,-3.9,68.74919,104865,56.288561483812515
2025-02-23 13:00:00,102091,18768,45926,32448,252,640,909,3572,4292,-6.8,75.53383,106807,60.570936361848936
2025-02-23 12:00:00,101057,19059,45160,32441,255,630,0,3346,4123,-8.3,78.95969,105014,61.15279867446245
2025-02-23 11:00:00,98787,19384,44569,32446,247,631,0,1212,4248,-8.0,78.381256,102737,62.24923834645746
2025-02-23 10:00:00,97572,18979,43646,32444,172,639,0,1012,4991,-7.6,77.21034,101883,61.4675657371691
2025-02-23 09:00:00,96804,18520,42980,32443,171,625,0,1125,5831,-7.15,76.071686,101695,60.47494960420866
2025-02-23 08:00:00,96522,18412,41616,32439,171,639,0,1257,6407,-6.75,74.65112,100941,59.46840233403672
2025-02-23 07:00:00,97050,18715,41494,32427,169,635,0,1259,6884,-6.2,73.582756,101583,59.27074412057135
2025-02-23 06:00:00,98481,19423,42365,32434,166,637,0,1189,6957,-5.45,72.86309,103171,59.88892227467021
2025-02-23 05:00:00,99708,19699,43250,32441,164,630,0,1311,6859,-4.7,73.86891,104354,60.32255591544167
2025-02-23 04:00:00,101530,20502,43823,32443,164,637,0,1658,6734,-4.5,75.650604,105961,60.7062976000604
2025-02-23 03:00:00,103567,21353,45147,32442,163,641,0,2789,6262,-4.15,74.83833,108797,61.12300890649558
2025-02-23 02:00:00,104961,21312,45263,32439,161,643,5,4437,5983,-4.0,74.5765,110243,60.389321770996794
2025-02-23 01:00:00,105309,21092,45734,32436,160,653,6,4559,5387,-3.75,74.622574,110027,60.736001163350814
2025-02-23 00:00:00,104533,20083,45223,32435,160,649,78,4460,5459,-3.75,77.854836,108547,60.16380001289764
2025-02-22 23:00:00,100813,18252,41766,32441,159,646,1717,3019,6120,-2.15,73.780174,104120,57.643104110641566
2025-02-22 22:00:00,98442,18012,38359,32448,160,646,5250,1336,6244,-1.05,69.36131,102455,55.02025279390952
2025-02-22 21:00:00,97410,18200,34996,32453,159,643,8174,1139,5904,-0.65,66.344696,101668,52.323248219695486
2025-02-22 20:00:00,96245,18547,32707,32463,160,644,9769,1065,5418,-0.8,65.554245,100773,50.860845663024826
2025-02-22 19:00:00,97310,19249,33744,32475,159,644,10034,973,5018,-1.15,65.72486,102296,51.80358958317041
2025-02-22 18:00:00,99756,20011,36579,32482,159,646,9964,1032,4586,-1.7,66.35997,105459,53.66066433400658
2025-02-22 17:00:00,102309,21008,39522,32486,159,642,10080,1102,3879,-2.4,67.75374,108878,55.594334943698456
2025-02-22 16:00:00,104220,22802,39830,32493,166,646,9937,1292,3113,-4.0,70.90561,110279,56.794131248923186
2025-02-22 15:00:00,107823,23710,43355,32484,314,630,8904,1806,3203,-6.05,75.075935,114406,58.62017726343024
2025-02-22 14:00:00,112257,24897,47510,32467,341,630,5130,2723,4514,-8.15,79.93248,118212,61.2518187662843
2025-02-22 13:00:00,115459,25497,50770,32435,394,645,814,4429,5241,-10.6,86.25588,120225,63.436889166146806
2025-02-22 12:00:00,113755,25370,50211,32478,405,642,0,3071,5437,-11.9,85.412476,117614,64.26190759603449
2025-02-22 11:00:00,110687,25284,48859,32475,359,630,0,1219,5564,-11.5,84.42311,114390,64.81598041786869
2025-02-22 10:00:00,109055,25060,47946,32483,294,632,0,1162,5807,-11.1,83.45073,113384,64.38827347773936
2025-02-22 09:00:00,108537,24777,47647,32490,167,645,0,942,6155,-11.1,83.11257,112823,64.19258484528864
2025-02-22 08:00:00,107713,24963,46580,32488,168,658,0,929,6169,-10.6,82.17535,111955,63.903354026171236
2025-02-22 07:00:00,108012,25387,47252,32494,169,651,0,822,6262,-10.25,81.89276,113037,64.26125958756867
2025-02-22 06:00:00,108506,25539,46783,32482,167,652,0,902,6379,-10.0,81.92805,112904,64.05618932898746
2025-02-22 05:00:00,109564,26437,48160,32469,169,645,0,1459,6162,-9.25,81.053246,115501,64.58558800356707
2025-02-22 04:00:00,112065,27055,50628,32470,453,913,0,2074,5451,-8.35,79.583954,119044,65.25570377339471
2025-02-22 03:00:00,114753,27062,51927,32475,437,1325,0,3960,4727,-7.7,78.11934,121913,64.79128558890356
2025-02-22 02:00:00,116330,27365,52147,32474,362,1320,86,4652,3982,-5.8,75.12164,122388,64.96715364251398
2025-02-22 01:00:00,116823,27792,53298,32471,390,1324,91,4650,3357,-4.2,72.54007,123373,65.72750926053513
2025-02-22 00:00:00,115931,27092,53204,32473,549,1342,145,4657,2856,-4.7,75.61488,122318,65.64528524011183
2025-02-21 23:00:00,111854,25450,49787,32478,347,1367,1742,2778,2805,-2.85,71.141106,116754,64.44061873683128
2025-02-21 22:00:00,108882,24901,44889,32474,176,1362,5876,1527,2924,-2.45,69.0627,114129,61.15010207747373
2025-02-21 21:00:00,108274,24884,43077,32471,184,1350,7834,883,2842,-2.25,68.04888,113525,59.86434706011892
2025-02-21 20:00:00,109151,25034,43812,32472,201,1192,8541,799,2899,-2.2,67.53706,114950,59.892127011744236
2025-02-21 19:00:00,111095,25198,44696,32482,497,1161,9139,858,2935,-2.35,68.02688,116966,59.75582647948977
2025-02-21 18:00:00,112981,25523,46078,32484,935,1143,9227,949,2758,-2.7,67.9497,119097,60.11990226454067
2025-02-21 17:00:00,114840,26397,47940,32488,1779,1123,8845,937,2337,-3.1,69.728485,121846,61.00897854669009
2025-02-21 16:00:00,116450,27305,50627,32488,2271,1254,8155,1174,2082,-4.1,77.797325,125356,62.1685439867258
2025-02-21 15:00:00,119846,28370,54966,32495,2622,1710,6504,1647,2108,-5.05,80.40003,130422,63.89719525846866
2025-02-21 14:00:00,124111,28659,61178,32502,2705,1913,3430,3475,2477,-5.95,82.8076,136339,65.89237122173405
2025-02-21 13:00:00,126083,28752,63984,32499,3388,2004,533,5246,2737,-6.4,83.72234,139143,66.6479808542291
2025-02-21 12:00:00,123089,28732,60936,32498,2833,1973,24,4624,2940,-6.25,76.83299,134560,66.63793103448276
2025-02-21 11:00:00,117263,28456,58276,32497,2289,1821,24,1854,3263,-6.25,79.28398,128480,67.50622665006226
2025-02-21 10:00:00,114785,28332,57070,32508,1302,1545,24,1114,3595,-5.95,83.130295,125490,68.05482508566419
2025-02-21 09:00:00,114310,28343,57083,32507,452,980,24,1088,3888,-6.0,84.42626,124365,68.68974389900696
2025-02-21 08:00:00,114102,28213,56683,32515,516,887,24,1056,4477,-6.2,83.09769,124371,68.26028575793393
2025-02-21 07:00:00,114334,28186,56764,32512,786,888,24,1084,4886,-6.6,81.11724,125130,67.88939502916966
2025-02-21 06:00:00,115266,28276,56165,32516,1280,939,24,1071,5418,-6.65,78.91032,125689,67.18249011448893
2025-02-21 05:00:00,116738,28333,55776,32507,1203,1391,24,1058,6072,-6.85,76.12491,126364,66.56088759456807
2025-02-21 04:00:00,119973,28215,57650,32504,1470,1437,24,2009,6163,-7.0,73.720825,129472,66.31935862580326
2025-02-21 03:00:00,124147,27894,59527,32508,1560,1574,24,3493,5942,-7.15,73.39924,132522,65.96716016963221
2025-02-21 02:00:00,127063,27885,60466,32501,1815,1601,25,4168,5651,-7.15,74.873405,134112,65.87851944643283
2025-02-21 01:00:00,128475,27925,60962,32503,1864,1586,25,4904,5841,-7.2,75.76153,135610,65.54605117616696
2025-02-21 00:00:00,128186,27973,59013,32501,1963,1468,57,4660,6139,-7.55,79.07918,133774,65.0245937177628
2025-02-20 23:00:00,124703,27865,55990,32506,1453,1408,939,2901,6611,-7.6,77.82624,129673,64.66650729141764
2025-02-20 22:00:00,122279,27900,52905,32507,922,1406,2628,1547,6836,-7.35,75.13468,126651,63.801312267569934
2025-02-20 21:00:00,121230,27732,51476,32494,735,1403,4342,962,6547,-7.45,73.340935,125691,63.01803629535926
2025-02-20 20:00:00,120805,27718,51858,32500,711,1406,5382,884,5843,-7.8,71.531235,126302,63.00454466279235
2025-02-20 19:00:00,121103,27767,52203,32499,844,1408,6005,886,5414,-8.0,73.5278,127026,62.955615385826526
2025-02-20 18:00:00,120382,28351,52072,32494,746,1424,6141,915,5128,-8.15,72.32695,127271,63.19035758342435
2025-02-20 17:00:00,121132,28298,53863,32489,1118,1691,5503,953,4843,-8.75,73.97605,128758,63.81040401373118
2025-02-20 16:00:00,122233,28193,55510,32474,1321,1895,4107,1697,4362,-8.65,75.49898,129559,64.60608680215192
2025-02-20 15:00:00,124172,28163,58912,32451,1221,1934,2693,3356,4348,-8.75,76.70407,133078,65.43155142097116
2025-02-20 14:00:00,126016,28384,61796,32453,1801,1961,1140,4672,4341,-8.5,79.24355,136548,66.04271025573425
2025-02-20 13:00:00,126701,28489,61683,32444,1679,1981,118,4965,4203,-8.9,83.73496,135562,66.51716557737419
2025-02-20 12:00:00,122856,28315,58126,32440,973,1921,24,4240,4262,-9.8,84.293274,130301,66.33947552206047
2025-02-20 11:00:00,116645,28110,55136,32440,299,1687,24,1943,4274,-10.1,83.24505,123913,67.18100602842316
2025-02-20 10:00:00,114076,28169,54119,32432,192,1505,24,739,3912,-10.4,82.53609,121092,67.95494334885872
2025-02-20 09:00:00,113515,28143,53276,32436,191,954,24,731,3531,-10.15,81.57698,119286,68.25528561608236
2025-02-20 08:00:00,113320,28142,53071,32433,190,875,24,795,3694,-9.95,80.95028,119224,68.11799637656848
2025-02-20 07:00:00,114036,28192,53258,32425,189,878,24,784,3867,-9.45,78.77459,119617,68.09232801357666
2025-02-20 06:00:00,114842,28426,54015,32429,189,880,24,943,3932,-9.15,76.63395,120838,68.2243996093944
2025-02-20 05:00:00,115516,28913,54360,32425,1050,894,24,1274,3879,-8.95,74.536995,122819,67.8013988063736
2025-02-20 04:00:00,118648,29245,56223,32427,2118,1488,24,1920,3652,-9.4,74.150856,127097,67.24627646600628
2025-02-20 03:00:00,122875,29435,59121,32428,2955,1401,24,3159,3249,-10.25,73.987465,131772,67.20395835230549
2025-02-20 02:00:00,125870,29411,60776,32427,3032,1578,24,4665,2876,-10.05,72.23546,134789,66.90976266609293
2025-02-20 01:00:00,127331,29288,60839,32426,3150,1715,25,5099,3043,-10.05,70.19541,135585,66.47269240697717
2025-02-20 00:00:00,127359,29228,58605,32417,3405,1741,49,5323,3226,-9.45,70.32419,133994,65.54994999776109
2025-02-19 23:00:00,124272,29321,55832,32419,2633,1736,701,4448,3128,-8.3,65.87174,130218,65.39264924971971
2025-02-19 22:00:00,121189,29262,54386,32421,1842,1651,2444,1936,3234,-7.05,59.07713,127176,65.77341636786815
2025-02-19 21:00:00,119157,29229,52367,32411,1774,1581,3885,886,2927,-6.75,58.203106,125060,65.24548216855909
2025-02-19 20:00:00,119634,29203,52404,32423,1912,1462,4524,736,2410,-6.9,58.638115,125074,65.24697379151543
2025-02-19 19:00:00,120680,29228,54195,32438,1839,1434,4786,745,1454,-7.25,58.543835,126119,66.14625869218753
2025-02-19 18:00:00,121969,29182,56118,32454,1905,1394,4863,791,861,-7.8,61.83632,127568,66.8662987583093
2025-02-19 17:00:00,123641,29142,57482,32460,2225,1349,4274,1657,830,-8.4,64.52005,129419,66.93298511037791
2025-02-19 16:00:00,125661,29334,58814,32526,2545,1352,3344,2405,1123,-8.95,66.528015,131443,67.06176821892379
2025-02-19 15:00:00,127613,29472,60800,32539,2962,1713,2057,3380,1513,-9.6,69.15246,134436,67.14868041298462
2025-02-19 14:00:00,128809,29448,62381,32543,3046,1614,874,4558,1735,-10.15,69.8865,136199,67.42266830152937
2025-02-19 13:00:00,128411,29362,62010,32539,2692,1690,121,4556,1731,-10.45,70.1091,134701,67.83320094134416
2025-02-19 12:00:00,124711,29237,59139,32537,2428,1559,25,2611,1791,-11.0,73.53917,129327,68.33530507937245
2025-02-19 11:00:00,119593,29072,55691,32541,2172,1593,34,967,1856,-10.95,72.94668,123926,68.3980762713232
2025-02-19 10:00:00,115781,28881,52455,32537,1414,1385,63,776,1909,-10.85,71.77599,119420,68.10919443979233
2025-02-19 09:00:00,114433,28790,51731,32531,1072,1004,25,800,2114,-10.75,68.89718,118067,68.19941219815867
2025-02-19 08:00:00,114082,28702,51087,32529,1014,991,25,821,2570,-10.75,68.330025,117739,67.7676895506162
2025-02-19 07:00:00,114256,28717,51323,32528,1076,992,25,910,2805,-10.95,70.000755,118376,67.61505710617017
2025-02-19 06:00:00,113969,28861,51438,32532,996,998,25,1046,2887,-11.2,69.657326,118783,67.60142444625914
2025-02-19 05:00:00,114346,28854,52553,32530,562,1326,31,1259,3129,-11.15,68.52297,120244,67.701506935897
2025-02-19 04:00:00,117167,28898,55512,32526,795,1435,40,1672,3251,-11.35,68.477806,124129,68.00183679881414
2025-02-19 03:00:00,120712,28990,57803,32519,1093,1773,40,2996,3193,-11.5,67.87644,128407,67.5921094644373
2025-02-19 02:00:00,122947,29008,59163,32514,1386,1793,46,4239,2610,-11.6,65.89948,130759,67.4301577711668
2025-02-19 01:00:00,123541,28805,59126,32511,1915,1803,93,4906,2429,-11.6,63.99597,131588,66.82296258017448
2025-02-19 00:00:00,122574,28288,57405,32515,1713,1725,185,4752,2826,-11.2,66.82481,129409,66.21873285474736
2025-02-18 23:00:00,117426,27481,53380,32515,818,1500,1526,3833,2757,-10.85,63.915787,123810,65.31055649785962
2025-02-18 22:00:00,112122,26835,48283,32524,591,1431,4990,1796,2648,-9.9,59.287106,119098,63.0724277485768
2025-02-18 21:00:00,111154,26636,46412,32519,556,1393,7176,1035,2578,-9.5,58.65887,118305,61.74548835636702
2025-02-18 20:00:00,111773,26564,47555,32527,563,1256,7394,947,2585,-9.45,59.162064,119391,62.080893869722175
2025-02-18 19:00:00,113111,27282,48993,32529,588,1143,7883,799,2444,-9.55,59.628555,121661,62.69470084908064
2025-02-18 18:00:00,113820,27538,49938,32500,1013,1177,8160,835,2233,-9.8,60.560608,123394,62.787493719305644
2025-02-18 17:00:00,114602,27350,50453,32524,1099,1269,8287,667,2217,-10.3,63.260033,123866,62.81223257391052
2025-02-18 16:00:00,116970,27365,53818,32539,1285,1413,7128,1004,2419,-10.9,65.24809,126971,63.93822211371101
2025-02-18 15:00:00,119622,26716,55671,32542,1565,1622,6026,2856,2729,-11.65,66.16356,129727,63.507982147124345
2025-02-18 14:00:00,123148,26956,59192,32546,1913,1557,3302,4048,2935,-12.3,67.12646,132449,65.04239367605645
2025-02-18 13:00:00,124320,27319,60227,32542,2236,1572,467,4679,3292,-13.1,69.822,132334,66.15533423005425
2025-02-18 12:00:00,120152,26531,56035,32543,2113,1542,25,3810,3745,-14.25,71.06032,126344,65.35015513202052
2025-02-18 11:00:00,112970,26288,50903,32541,1154,1163,25,1603,4009,-13.5,68.85513,117686,65.59063949832606
2025-02-18 10:00:00,109351,26606,48457,32536,244,967,25,1108,4035,-12.95,66.69138,113978,65.85744617382302
2025-02-18 09:00:00,108424,26372,47475,32533,205,881,25,1063,4167,-13.0,66.39829,112721,65.51308096982817
2025-02-18 08:00:00,107962,25897,47825,32537,196,869,25,863,4560,-12.65,69.04653,112772,65.37261022239564
2025-02-18 07:00:00,108158,25783,47686,32531,187,867,25,878,4878,-12.65,75.378235,112835,65.11188904152081
2025-02-18 06:00:00,108751,25574,48164,32519,183,855,25,1131,4894,-12.25,74.82958,113345,65.05624421015483
2025-02-18 05:00:00,109291,25730,48747,32521,183,836,25,1160,4759,-11.8,73.07812,113961,65.35305937996331
2025-02-18 04:00:00,112637,26010,51852,32521,183,860,25,1527,4849,-11.4,71.365974,117827,66.08162814974496
2025-02-18 03:00:00,115992,25847,53974,32516,180,1163,25,2692,5009,-10.95,68.85248,121406,65.74716241371925
2025-02-18 02:00:00,118242,25423,55168,32516,179,1448,27,4423,4754,-10.55,66.97702,123938,65.02525456276526
2025-02-18 01:00:00,119288,24760,55988,32513,178,1478,31,4984,4847,-9.95,67.39337,124779,64.71281225206165
2025-02-18 00:00:00,118343,23963,54703,32512,179,1399,54,5033,5084,-9.95,68.5104,122927,63.994077786003075
2025-02-17 23:00:00,113185,22791,49259,32503,180,1403,1404,3705,5559,-9.2,68.67823,116804,61.68453135166604
2025-02-17 22:00:00,108456,21986,43225,32504,184,1402,5469,2298,6292,-9.0,66.244995,113360,57.525582215949186
2025-02-17 21:00:00,106938,21665,39509,32514,180,1395,8718,1466,6696,-8.9,63.35015,112143,54.549994203829044
2025-02-17 20:00:00,107023,21625,38580,32516,180,1385,9759,1376,6924,-9.05,61.009212,112345,53.58938982598247
2025-02-17 19:00:00,107700,22017,38911,32515,181,1384,9710,1369,6940,-9.5,61.65235,113027,53.90570394684456
2025-02-17 18:00:00,107941,22881,38878,32521,182,1373,9496,1371,6769,-9.85,63.37321,113471,54.42712234844145
2025-02-17 17:00:00,108259,23504,40762,32510,184,1376,9363,1234,6465,-10.35,66.19794,115398,55.6907398741746
2025-02-17 16:00:00,109829,23743,43447,32519,257,1387,9105,1294,6181,-10.8,67.47553,117933,56.97302705773617
2025-02-17 15:00:00,111478,24397,46352,32521,353,1389,7925,2450,5841,-11.05,68.830124,121228,58.36027980334576
2025-02-17 14:00:00,112964,24508,50601,32519,532,1397,4110,3870,5711,-11.0,72.04123,123248,60.941354017915096
2025-02-17 13:00:00,112561,24944,52387,32513,665,1389,541,4412,5479,-10.9,73.55881,122330,63.21507398021744
2025-02-17 12:00:00,109411,24670,50387,32508,624,1232,25,3605,5606,-10.55,72.43006,118657,63.25543372915209
2025-02-17 11:00:00,103856,23943,46572,32510,363,1092,25,1280,6338,-9.2,72.11447,112123,62.8907539041945
2025-02-17 10:00:00,99695,23353,42880,32507,193,745,25,840,7114,-7.65,70.706,107657,61.522241935034415
2025-02-17 09:00:00,98857,22992,41049,32517,195,681,25,833,7927,-6.5,73.816605,106219,60.291473276909024
2025-02-17 08:00:00,97639,22566,40017,32516,195,711,25,807,8340,-5.85,76.301155,105177,59.50255283949913
2025-02-17 07:00:00,97628,22012,40119,32521,195,717,25,786,8676,-5.35,77.288216,105051,59.14365403470695
2025-02-17 06:00:00,97311,21498,38825,32524,191,719,25,923,8859,-4.7,77.999985,103564,58.247074272913366
2025-02-17 05:00:00,98401,22027,38233,32523,437,923,25,1208,8962,-4.6,81.08976,104338,57.754605225325385
2025-02-17 04:00:00,100442,22819,39352,32513,411,1258,26,1401,9067,-4.5,81.41707,106847,58.186940204217244
2025-02-17 03:00:00,102207,23468,40204,32509,409,1232,26,1450,9208,-3.7,79.98355,108506,58.68062595616832
2025-02-17 02:00:00,103613,23510,42057,32492,425,1232,26,1968,8848,-2.75,79.82138,110558,59.30552289296116
2025-02-17 01:00:00,104292,23137,42473,32489,415,1234,25,2799,8523,-2.3,81.415504,111095,59.05756334668527
2025-02-17 00:00:00,103471,22146,41963,32483,429,1236,34,3314,8239,-2.35,87.12275,109844,58.36367939987619
2025-02-16 23:00:00,99616,20582,39012,32471,411,1219,635,2253,8204,-1.7,75.85472,104787,56.871558494851456
2025-02-16 22:00:00,97081,19794,35614,32449,402,1106,2583,1524,8379,-1.4,78.53107,101851,54.401036808671485
2025-02-16 21:00:00,97109,20267,36405,32469,401,1241,3071,664,8355,-1.3,78.25159,102873,55.08928484636396
2025-02-16 20:00:00,98086,20348,36937,32480,401,1334,2674,700,8659,-1.2,80.053024,103533,55.330184578829936
2025-02-16 19:00:00,97976,20264,37194,32478,401,1334,2460,679,8826,-1.45,83.0773,103636,55.44212435833108
2025-02-16 18:00:00,97817,20359,37140,32477,400,1307,2102,680,8895,-1.35,84.97519,103360,55.62983746130031
2025-02-16 17:00:00,97971,20323,37937,32477,417,1246,1686,847,8961,-1.4,88.52554,103894,56.07638554680733
2025-02-16 16:00:00,97306,20069,37728,32486,421,1243,1076,1297,8811,-1.35,90.86037,103131,56.042315113787325
2025-02-16 15:00:00,95992,19542,36785,32500,413,1193,652,1766,8520,-1.0,92.237946,101371,55.56520109301477
2025-02-16 14:00:00,93615,19176,35454,32488,415,1118,350,1728,8559,-0.2,94.68188,99288,55.02175489485134
2025-02-16 13:00:00,92003,19285,35015,32453,417,1120,62,1350,8309,0.7,96.80163,98011,55.40194467967881
2025-02-16 12:00:00,91074,19073,34669,32429,419,1137,25,1241,7907,1.15,96.813225,96900,55.461300309597526
2025-02-16 11:00:00,90088,19030,34575,32395,423,1136,25,990,7178,2.3,97.8851,95752,55.983164842509815
2025-02-16 10:00:00,89071,19018,34415,32365,428,692,25,974,7122,3.4,97.55818,95039,56.22218247245867
2025-02-16 09:00:00,89064,18908,34536,32329,427,635,25,935,6732,3.75,96.87903,94527,56.538343542056765
2025-02-16 08:00:00,89623,18949,35676,32292,426,641,25,824,6157,3.35,98.249695,94990,57.506053268765136
2025-02-16 07:00:00,89658,19022,35944,32262,423,635,25,1045,5797,3.25,98.94568,95153,57.765913844019636
2025-02-16 06:00:00,91420,19438,36886,32217,422,636,25,1105,5416,3.45,98.59871,96145,58.58234957616101
2025-02-16 05:00:00,93689,19779,38878,32160,420,744,25,1253,4484,3.5,98.25181,97743,60.01145862107773
2025-02-16 04:00:00,96320,19982,40382,32184,422,1071,25,1765,4188,3.3,98.94612,100019,60.35253301872644
2025-02-16 03:00:00,99363,20339,41909,32440,418,1153,25,2269,3972,2.85,99.293755,102525,60.7149475737625
2025-02-16 02:00:00,102151,21029,44148,32497,417,1151,25,2457,3621,2.7,99.292885,105345,61.87004603920452
2025-02-16 01:00:00,104316,21460,46063,32485,456,1151,25,2437,3118,2.8,98.59133,107195,62.990811138579225
2025-02-16 00:00:00,105857,21917,47255,32486,463,1170,27,2238,2785,3.75,95.18267,108341,63.84655855124098
2025-02-15 23:00:00,104991,21991,45902,32486,454,1174,89,2240,2572,3.85,94.51585,106908,63.506005163317994
2025-02-15 22:00:00,103507,21945,44856,32498,433,1159,317,1433,2857,4.35,92.88538,105498,63.3196837854746
2025-02-15 21:00:00,102926,22338,44988,32502,421,1160,696,696,2460,4.35,91.58221,105261,63.961011200729615
2025-02-15 20:00:00,103799,22752,45740,32496,463,1159,1112,611,1848,4.35,89.024315,106181,64.50494909635434
2025-02-15 19:00:00,104183,22782,46104,32505,459,1175,1469,604,1663,4.3,87.764595,106761,64.52356197487846
2025-02-15 18:00:00,104671,22843,46457,32510,462,1166,1522,751,1971,4.1,87.74599,107682,64.35615980386694
2025-02-15 17:00:00,104492,22638,45963,32506,470,1168,1306,1138,2529,3.6,86.763336,107718,63.68573497465605
2025-02-15 16:00:00,103489,21848,45238,32519,495,1154,1213,1626,2737,2.35,89.82013,106830,62.79696714406066
2025-02-15 15:00:00,102625,21509,44958,32531,858,694,1255,1668,2687,1.3,92.71295,106160,62.61021100226074
2025-02-15 14:00:00,101187,21397,44279,32540,911,637,923,1416,2934,0.75,92.009605,105037,62.52653826746766
2025-02-15 13:00:00,99803,20800,43841,32548,850,666,147,1299,3101,0.0,90.95716,103252,62.60508271026227
2025-02-15 12:00:00,97706,19805,43030,32548,467,677,25,1125,3790,0.8,66.92381,101467,61.926537692057515
2025-02-15 11:00:00,95762,19248,41704,32547,433,660,25,844,4596,0.45,63.874035,100057,60.91727715202334
2025-02-15 10:00:00,94946,18627,41006,32556,448,655,25,908,5040,0.25,62.86137,99265,60.0745479272654
2025-02-15 09:00:00,94737,18495,40670,32555,430,654,25,945,5417,-0.05,61.363277,99191,59.647548668730025
2025-02-15 08:00:00,95708,19046,40919,32549,444,659,25,929,5480,-0.25,58.99998,100051,59.93443343894613
2025-02-15 07:00:00,96366,19378,41378,32551,457,653,25,882,5608,-0.4,56.944572,100932,60.19498276067055
2025-02-15 06:00:00,98282,19488,42213,32557,667,642,25,785,6270,-0.5,54.96226,102647,60.1098911804534
2025-02-15 05:00:00,100803,20140,43785,32563,195,645,25,784,6554,-0.85,55.51145,104691,61.06064513664021
2025-02-15 04:00:00,103840,20847,45048,32566,193,649,25,1201,7046,-1.0,55.470272,107575,61.25493841505926
2025-02-15 03:00:00,107016,21407,46985,32557,193,641,25,1937,6866,-1.15,55.42906,110611,61.831101789152974
2025-02-15 02:00:00,108897,21894,48008,32551,215,647,25,2872,6221,-1.4,53.64956,112433,62.17213807334146
2025-02-15 01:00:00,110066,21922,48299,32562,428,644,25,3823,5885,-1.45,51.97179,113588,61.82079092861922
2025-02-15 00:00:00,110236,21613,48357,32570,424,634,28,4448,5383,-1.3,43.662846,113457,61.67094141392775
2025-02-14 23:00:00,106556,20546,46587,32572,383,630,879,3014,5049,-1.3,43.838505,109660,61.21922305307314
2025-02-14 22:00:00,102728,19369,43947,32563,186,650,4047,1490,4708,-0.2,33.027637,106960,59.19596110695588
2025-02-14 21:00:00,101577,18679,41438,32579,188,644,7707,735,4411,0.0,32.285576,106381,56.51103110517855
2025-02-14 20:00:00,101939,19387,39442,32586,195,640,9368,682,4025,-0.3,34.65861,106325,55.32941453091935
2025-02-14 19:00:00,103219,20011,40642,32594,191,651,9554,701,3712,-1.0,35.58922,108056,56.131080180647075
2025-02-14 18:00:00,104779,21166,42308,32598,192,635,9625,694,3412,-1.95,33.580997,110630,57.37503389677303
2025-02-14 17:00:00,105932,21599,44306,32603,272,630,9872,674,2978,-3.3,31.1255,112934,58.35709352365098
2025-02-14 16:00:00,108355,21125,46819,32604,275,689,9855,830,3228,-5.15,38.744755,115425,58.864197530864196
2025-02-14 15:00:00,111425,21558,48714,32601,289,863,9098,1924,3269,-7.2,48.442474,118316,59.39348862368572
2025-02-14 14:00:00,115501,22549,54552,32602,586,983,4616,4074,2678,-8.85,57.39151,122640,62.867742987606
2025-02-14 13:00:00,117724,23194,58054,32589,597,1018,510,4729,2424,-10.05,64.64726,123115,65.99358323518662
2025-02-14 12:00:00,113689,22608,54439,32573,398,1003,25,4065,2425,-9.05,46.477184,117536,65.5518309283964
2025-02-14 11:00:00,107157,21966,50250,32565,209,987,25,2281,2525,-8.8,45.384747,110808,65.17218973359324
2025-02-14 10:00:00,102942,21807,47194,32553,209,952,25,926,2698,-8.55,44.508465,106364,64.87251325636494
2025-02-14 09:00:00,100497,21320,46113,32530,208,639,25,623,2563,-8.25,44.226105,104021,64.82633314426894
2025-02-14 08:00:00,100322,21142,45554,32519,202,630,25,802,2461,-7.85,44.91706,103335,64.54347510524023
2025-02-14 07:00:00,100681,21391,46068,32505,197,642,25,883,2579,-7.4,45.24719,104290,64.68405407996931
2025-02-14 06:00:00,101454,21497,45746,32486,195,648,25,895,3263,-6.9,47.733185,104755,64.1907307527087
2025-02-14 05:00:00,102957,22445,46737,32461,413,644,25,1028,3855,-6.45,57.34497,107608,64.29075905137165
2025-02-14 04:00:00,105650,22723,48444,32436,411,693,25,1729,4380,-5.75,57.53602,110841,64.2063857236943
2025-02-14 03:00:00,108895,22893,49541,32397,403,881,25,3258,4818,-5.15,61.272636,114216,63.41843524549976
2025-02-14 02:00:00,110839,22819,49253,32388,396,998,25,4526,5373,-4.15,60.320034,115778,62.25016842578037
2025-02-14 01:00:00,111510,22582,49274,32393,393,1003,25,5172,5640,-2.95,62.31629,116482,61.68850122765749
2025-02-14 00:00:00,110695,21622,49071,32405,393,978,45,5107,5949,-2.0,61.10912,115570,61.16898849182314
2025-02-13 23:00:00,107008,20454,46035,32421,348,874,529,3345,6432,-1.1,60.86377,110438,60.204820804433254
2025-02-13 22:00:00,103879,20046,43841,32430,277,754,1803,1374,7273,0.0,58.387016,107798,59.26547802371102
2025-02-13 21:00:00,103464,20512,42523,32447,253,662,2916,761,8082,0.25,56.027836,108156,58.28155627057213
2025-02-13 20:00:00,103843,21097,42185,32465,284,646,3383,763,8165,0.35,60.069298,108988,58.06327302088303
2025-02-13 19:00:00,105345,21440,43745,32461,561,639,3243,723,7517,0.55,61.983486,110329,59.08238087900733
2025-02-13 18:00:00,106604,21873,45484,32465,718,615,2939,714,6895,0.6,61.52538,111703,60.300081466030456
2025-02-13 17:00:00,108063,22353,47763,32481,713,607,2156,1070,6741,0.15,64.0459,113884,61.567911207895754
2025-02-13 16:00:00,109272,22582,48959,32485,740,663,1664,904,7293,-0.45,66.897736,115290,62.05308352849337
2025-02-13 15:00:00,109952,22636,49301,32482,743,819,938,1552,7371,-0.65,72.128,115842,62.09923861811778
2025-02-13 14:00:00,109820,22540,49340,32473,729,821,270,2656,7037,-0.45,81.065506,115866,62.03718088136295
2025-02-13 13:00:00,108607,22347,48656,32460,731,822,36,2803,6435,-0.1,88.31562,114290,62.1252953014262
2025-02-13 12:00:00,104091,21880,45533,32473,401,822,25,1793,5824,0.45,93.34131,108751,61.98839550900681
2025-02-13 11:00:00,99376,21068,43214,32480,203,808,25,777,5515,1.4,94.40833,104090,61.756172542991635
2025-02-13 10:00:00,96625,20369,41734,32479,205,814,25,607,5304,2.45,95.13271,101537,61.16292582999301
2025-02-13 09:00:00,95004,20255,40704,32476,203,648,25,609,4956,3.6,96.8753,99876,61.03468300692859
2025-02-13 08:00:00,95213,20500,41567,32483,204,641,25,602,4057,5.15,98.27479,100079,62.0180057754374
2025-02-13 07:00:00,96056,20791,42784,32479,205,674,25,690,3466,5.5,97.598816,101114,62.87457720988191
2025-02-13 06:00:00,97700,21063,43112,32481,307,997,25,823,3008,5.15,97.592094,101816,63.0303685078966
2025-02-13 05:00:00,100362,21604,45074,32471,205,1012,31,923,2496,4.7,97.92549,103816,64.22709408954303
2025-02-13 04:00:00,103547,21956,47681,32487,203,1060,34,1269,2285,4.2,97.91717,106975,65.09651787800888
2025-02-13 03:00:00,107865,22435,50990,32492,202,1330,34,1821,1972,3.3,97.90207,111276,65.98457888493475
2025-02-13 02:00:00,111637,22853,53376,32501,290,1727,34,2452,1709,2.4,97.53849,114942,66.31953506986133
2025-02-13 01:00:00,114173,23007,54430,32497,573,1716,34,3281,1540,1.8,96.82988,117078,66.14137583491348
2025-02-13 00:00:00,115990,23154,54937,32497,655,1700,35,4373,1649,2.85,95.14817,119000,65.62268907563025
2025-02-12 23:00:00,114821,22726,53714,32506,587,1697,97,3507,2225,2.35,94.78908,117059,65.30040406974261
2025-02-12 22:00:00,112553,22124,52404,32503,569,1727,411,1233,2881,2.35,92.77302,113852,65.4604223026385
2025-02-12 21:00:00,111748,22082,52207,32508,570,1719,595,726,3278,2.4,89.824066,113685,65.3463517614461
2025-02-12 20:00:00,112550,22162,52701,32513,574,1726,1032,586,3331,2.2,88.52144,114625,65.31123227917121
2025-02-12 19:00:00,113249,22229,52497,32513,657,1705,1552,554,3840,1.9,86.591194,115547,64.67151894899911
2025-02-12 18:00:00,113561,22028,52483,32521,659,1686,1837,734,4482,1.65,84.695045,116430,63.99639268229838
2025-02-12 17:00:00,113823,22004,53220,32523,355,1712,1500,1159,5153,1.45,82.230316,117626,63.95184738068114
2025-02-12 16:00:00,114126,21948,53033,32518,214,1730,950,1639,6018,0.7,81.82839,118050,63.5163066497247
2025-02-12 15:00:00,113956,21999,52878,32513,209,1745,578,2477,6630,-0.45,82.28189,119029,62.906518579505835
2025-02-12 14:00:00,113558,21530,51997,32522,210,1752,191,3635,7153,-0.85,81.61674,118990,61.792587612404404
2025-02-12 13:00:00,111893,21414,50549,32519,211,1754,30,2887,7439,-1.0,81.59606,116803,61.61057507084578
2025-02-12 12:00:00,108242,21061,48286,32522,213,1731,28,1541,7110,-0.6,84.74594,112492,61.64616150481812
2025-02-12 11:00:00,103573,20133,45950,32513,216,1686,28,589,7003,-0.55,85.06678,108118,61.121182411809315
2025-02-12 10:00:00,101156,19634,45196,32516,216,1194,28,524,6488,-0.5,83.819,105796,61.27830919883549
2025-02-12 09:00:00,99955,19886,45286,32512,215,1191,28,609,5658,-0.5,82.581955,105385,61.84181809555439
2025-02-12 08:00:00,100201,20067,45160,32512,214,1182,28,689,5481,-0.55,82.268585,105333,61.924563052414726
2025-02-12 07:00:00,101037,20666,46094,32494,213,1168,28,704,4776,-0.5,80.45608,106143,62.89628143165352
2025-02-12 06:00:00,102643,21527,46962,32493,210,1226,28,817,4009,-0.4,77.81052,107272,63.846110821090306
2025-02-12 05:00:00,104910,19347,47090,32552,208,1132,28,416,527,-0.4,77.2301,101300,65.58440276406714
2025-02-12 04:00:00,107641,21838,48389,32486,208,1230,28,936,3940,-0.4,78.39479,109055,64.39594699922057
2025-02-12 03:00:00,111741,21700,50607,32495,208,1224,28,1423,4328,-0.35,79.5826,112013,64.55232874755609
2025-02-12 02:00:00,115151,21753,53070,32505,204,1240,28,1875,4747,-0.3,80.78538,115422,64.82559650673181
2025-02-12 01:00:00,117161,21505,54818,32489,205,1770,28,2449,5023,-0.15,80.80679,118287,64.52357401912298
2025-02-12 00:00:00,118118,21159,55583,32500,619,1765,28,3059,4938,0.05,80.83529,119651,64.13820193730099
2025-02-11 23:00:00,116488,20989,54994,32506,621,1778,28,4592,4521,0.4,78.22981,120029,63.30386823184397
2025-02-11 22:00:00,113617,20871,53971,32509,724,1761,108,4137,4326,1.0,73.26387,118407,63.20741172396902
2025-02-11 21:00:00,112183,20472,53573,32523,375,1769,411,2342,4202,1.35,68.82745,115667,64.01566566090587
2025-02-11 20:00:00,112112,20687,53253,32489,198,1757,842,1362,4074,1.45,69.106445,114662,64.48518253649857
2025-02-11 19:00:00,111859,20750,53004,32506,201,1757,1181,1316,3999,1.3,70.3774,114714,64.29380895095629
2025-02-11 18:00:00,111617,20323,52137,32548,217,1908,1756,1198,3988,1.05,71.119354,114075,63.51961428884506
2025-02-11 17:00:00,112005,19833,51840,32539,267,1898,1858,1207,4423,0.95,71.09929,113865,62.945593465946516
2025-02-11 16:00:00,112805,19649,52660,32539,390,1930,1736,1729,4332,0.3,72.31357,114965,62.89653372765625
2025-02-11 15:00:00,113623,19761,52991,32538,471,1762,1298,2046,4409,-0.05,72.79086,115276,63.11114195496027
2025-02-11 14:00:00,114016,20275,54766,32504,576,1769,712,2046,4079,-0.6,73.79043,116727,64.28761126388925
2025-02-11 13:00:00,113364,19999,54121,32512,574,1920,267,3989,3964,-1.0,73.99497,117346,63.16363574386856
2025-02-11 12:00:00,109008,19814,53860,32484,575,1947,32,3822,3583,-1.35,70.90219,116117,63.44807392543728
2025-02-11 11:00:00,103437,19434,50567,32488,707,1933,28,2143,3257,-1.25,70.92255,110557,63.3166601843393
2025-02-11 10:00:00,100430,18734,49104,32488,220,1219,28,857,2554,-1.15,70.942894,105204,64.4823390745599
2025-02-11 09:00:00,99449,18442,46597,32483,222,1157,28,632,2155,-1.05,71.233376,101716,63.941759408549295
2025-02-11 08:00:00,98979,18579,47169,32498,212,1223,28,695,1331,-0.9,72.627,101735,64.62672629871726
2025-02-11 07:00:00,99140,18797,46294,32485,208,1200,28,626,1118,-0.8,74.874756,100756,64.60260431140577
2025-02-11 06:00:00,99189,18798,46245,32534,206,1223,28,544,873,-1.0,78.59419,100451,64.75097311126818
2025-02-11 05:00:00,100771,16660,43385,32684,214,848,28,637,2453,-0.9,77.14705,96909,61.96018945608767
2025-02-11 04:00:00,103984,20606,47472,32555,783,1206,28,615,386,-0.9,78.90546,103651,65.68002238280383
2025-02-11 03:00:00,107512,20687,49074,32556,774,1222,28,1636,496,-0.7,76.315315,106473,65.5198970631052
2025-02-11 02:00:00,109475,20799,51218,32548,752,1225,28,3364,512,-0.95,75.98553,110446,65.20562084638647
2025-02-11 01:00:00,110134,20906,51293,32546,774,1576,28,4802,482,-0.45,71.08474,112407,64.22998567704859
2025-02-11 00:00:00,109471,20095,52098,32552,555,1430,28,5218,646,0.2,62.133846,112622,64.10204045390776
2025-02-10 23:00:00,104534,18846,52093,32550,515,1429,28,5682,611,0.65,59.460316,111754,63.477817348819734
2025-02-10 22:00:00,99614,17054,48934,32544,373,1589,574,4388,784,2.35,48.377373,106240,62.11219879518072
2025-02-10 21:00:00,98316,16152,45513,32530,265,1552,3668,1273,900,2.9,44.071304,101853,60.54313569556125
2025-02-10 20:00:00,98755,15829,42978,32542,229,1282,7345,614,1034,2.85,47.233593,101853,57.73713096325096
2025-02-10 19:00:00,100007,16352,42360,32558,218,1209,8036,481,1064,2.2,51.602676,102278,57.40432937679657
2025-02-10 18:00:00,101124,17136,43644,32561,217,1161,7600,544,952,1.3,53.778038,103815,58.546452824736306
2025-02-10 17:00:00,102613,17775,44767,32566,212,1176,7361,634,798,0.35,52.893944,105289,59.40031722212197
2025-02-10 16:00:00,104533,18410,44959,32571,213,1305,6893,950,653,-0.7,50.771618,105954,59.808029899767824
2025-02-10 15:00:00,107655,19383,46657,32553,214,1321,6060,999,674,-2.0,56.2907,107861,61.22694949981921
2025-02-10 14:00:00,110433,20691,48606,32558,399,1280,4468,1602,888,-3.4,63.936615,110492,62.7167577743185
2025-02-10 13:00:00,110175,20822,51537,32561,397,1237,1421,3849,1456,-4.55,73.038605,113280,63.876235875706215
2025-02-10 12:00:00,104981,19526,51986,32580,364,1217,35,4689,1238,-4.25,73.38148,111635,64.05876293277198
2025-02-10 11:00:00,98134,17369,49382,32564,220,1181,28,4087,1300,-3.7,69.33071,106131,62.89491289067285
2025-02-10 10:00:00,94347,16794,46151,32566,222,1183,28,955,1324,-3.35,66.49763,99223,63.43791258075244
2025-02-10 09:00:00,93364,16781,43861,32564,222,838,28,494,1395,-2.95,69.76022,96183,63.04856367549358
2025-02-10 08:00:00,93479,16067,42933,32562,216,824,28,492,1679,-2.45,69.59708,94801,62.235630425839396
2025-02-10 07:00:00,93865,15911,43302,32565,216,818,28,414,1993,-2.05,74.08097,95247,62.16783730721177
2025-02-10 06:00:00,94496,16114,43236,32560,218,843,28,440,2445,-1.8,75.26342,95884,61.897709732593555
2025-02-10 05:00:00,95381,15868,42207,33004,206,672,28,510,5177,-1.5,73.62172,97672,59.4592104185437
2025-02-10 04:00:00,97154,17025,43670,32817,211,1059,28,536,2483,-0.9,73.45612,97829,62.04193030696419
2025-02-10 03:00:00,98893,16998,45175,33008,213,1407,28,1041,2205,-0.4,80.1711,100075,62.126405196102915
2025-02-10 02:00:00,100048,16698,45692,33283,212,1414,28,2469,1986,-0.2,80.79966,101782,61.2976754239453
2025-02-10 01:00:00,101374,16406,45284,33293,212,1406,28,4987,1868,-0.2,80.49956,103484,59.613080282942285
2025-02-10 00:00:00,103462,16566,46240,33510,259,1412,28,5297,1542,0.35,71.245674,104854,59.898525568886264
2025-02-09 23:00:00,101914,16887,47614,33607,602,1412,28,4268,1510,0.7,68.173874,105928,60.89136016917151
2025-02-09 22:00:00,98315,16045,46394,33621,604,1388,280,2892,1454,1.2,63.330315,102678,60.81049494536317
2025-02-09 21:00:00,97122,15770,43206,33622,374,1079,2540,1448,1358,1.55,60.60322,99397,59.33378270973974
2025-02-09 20:00:00,97794,15808,41112,33625,206,986,4578,563,1073,1.5,61.051384,97951,58.11068799705975
2025-02-09 19:00:00,98161,15938,41994,33642,204,770,5230,487,1246,1.3,62.640095,99511,58.21667956306338
2025-02-09 18:00:00,98656,16357,42194,33632,207,725,5321,496,1046,0.9,65.201965,99978,58.563884054491986
2025-02-09 17:00:00,98890,16333,42085,33625,206,724,5492,517,1044,0.6,66.87917,100026,58.40281526803032
2025-02-09 16:00:00,98442,16058,43426,33610,210,755,5523,444,1151,0.35,70.97851,101177,58.79201794874329
2025-02-09 15:00:00,97532,15641,42907,33603,210,766,5298,740,1556,-0.3,73.0173,100721,58.12889069806694
2025-02-09 14:00:00,95695,15515,40985,33588,212,695,5136,974,2132,-1.1,75.3881,99237,56.93440954482703
2025-02-09 13:00:00,93540,15362,41404,33499,216,689,2284,983,2582,-1.85,78.75704,97019,58.51018872591966
2025-02-09 12:00:00,91520,15426,41884,33396,210,668,85,978,2811,-2.15,70.4677,95458,60.03687485595759
2025-02-09 11:00:00,90120,15066,40610,33306,212,680,28,448,2974,-1.55,70.322334,93324,59.658823025159656
2025-02-09 10:00:00,90390,14601,39703,33173,213,672,28,447,3111,-1.4,76.48342,91948,59.059468395179884
2025-02-09 09:00:00,90425,14507,39817,33060,209,668,28,422,3899,-1.4,80.93076,92610,58.65889212827988
2025-02-09 08:00:00,91775,14470,39326,33051,207,665,28,452,4195,-1.5,84.009705,92394,58.224560036366
2025-02-09 07:00:00,93068,14756,40221,33012,206,671,28,424,4614,-1.7,86.53863,93932,58.52850998594729
2025-02-09 06:00:00,94902,15424,40796,33001,206,662,28,489,5096,-2.05,89.13083,95702,58.74485381705712
2025-02-09 05:00:00,96520,16399,42939,32578,214,1648,44,415,2409,-1.45,89.51393,96646,61.39726424270017
2025-02-09 04:00:00,98926,16394,42249,32990,210,779,28,616,4333,0.05,88.6544,97599,60.08565661533417
2025-02-09 03:00:00,101919,17025,43728,32993,206,1559,28,1076,4014,0.55,92.332756,100629,60.37325224338909
2025-02-09 02:00:00,104047,17031,45695,32963,575,1550,28,1334,3514,1.15,93.37821,102690,61.08287077612231
2025-02-09 01:00:00,105665,17236,46710,32927,896,1575,28,2519,3216,0.95,94.046974,105107,60.838954589132975
2025-02-09 00:00:00,106904,16894,47073,32922,870,1836,28,3016,2842,3.6,90.883965,105481,60.64314900313801
2025-02-08 23:00:00,106053,17006,47795,32896,870,2000,28,3755,2378,3.25,93.15499,106728,60.71602578517352
2025-02-08 22:00:00,103939,16457,47505,32854,869,1868,51,3274,2225,3.2,95.500206,105103,60.85649315433432
2025-02-08 21:00:00,102882,17118,47228,32759,869,1959,270,1726,2028,3.05,94.48109,103957,61.896745769885634
2025-02-08 20:00:00,102470,17216,47556,32502,868,2048,537,581,1282,3.4,84.590744,102590,63.13675796861292
2025-02-08 19:00:00,102477,17306,47308,32536,670,1799,927,722,1169,3.45,72.12121,102437,63.076817946640375
2025-02-08 18:00:00,102825,17316,47676,32527,210,1847,1281,1830,1368,3.8,59.369343,104055,62.45927634424102
2025-02-08 17:00:00,103027,16932,47195,32520,210,1662,1665,2025,2363,3.8,54.877995,104572,61.3232987797881
2025-02-08 16:00:00,102919,16475,46929,32535,214,1600,1899,1995,3565,1.7,58.60726,105212,60.2630878607003
2025-02-08 15:00:00,101942,15515,46308,32418,215,1441,1473,2339,4781,0.15,61.64854,104490,59.166427409321464
2025-02-08 14:00:00,100486,14967,45205,32475,214,1402,888,2254,5604,-1.1,64.98406,103009,58.41431331242901
2025-02-08 13:00:00,98384,14829,44019,32462,215,1360,386,1489,6313,-1.6,65.620804,101073,58.223264373274766
2025-02-08 12:00:00,96425,15197,43635,32492,218,1373,44,1000,5864,-1.45,61.96381,99823,58.936317281588416
2025-02-08 11:00:00,95090,15367,42356,32492,223,1348,44,764,5039,-1.45,62.92974,97633,59.122427867626726
2025-02-08 10:00:00,93644,15342,42115,32486,223,1364,44,587,4633,-1.4,65.6671,96794,59.36008430274604
2025-02-08 09:00:00,93350,15325,41454,32515,217,1352,44,504,3377,-1.4,69.287025,94788,59.90104232603283
2025-02-08 08:00:00,93708,15481,41926,32530,214,1415,44,504,3233,-1.4,72.52997,95347,60.20850157844505
2025-02-08 07:00:00,94300,15498,41628,32539,216,1455,44,416,2945,-1.5,73.90189,94741,60.29702029744251
2025-02-08 06:00:00,94544,15933,42070,32565,215,1639,44,416,2402,-1.75,74.13669,95284,60.87380882414676
2025-02-08 05:00:00,95798,13890,39674,32649,212,829,40,408,9446,-2.25,74.611336,97148,55.13649277391197
2025-02-08 04:00:00,98509,16759,45136,32594,215,1570,44,506,2481,-2.7,75.101814,99305,62.32818085695584
2025-02-08 03:00:00,101102,16827,46645,32600,215,1632,44,878,2950,-2.7,77.138374,101791,62.35521804481732
2025-02-08 02:00:00,102548,16706,48132,32612,212,1986,44,2042,2645,-2.1,74.07167,104379,62.11785895630347
2025-02-08 01:00:00,103143,16500,49425,32607,206,1973,44,2821,2055,-1.5,72.5105,105631,62.41065596273822
2025-02-08 00:00:00,103081,16042,48756,32603,591,1854,44,4159,1730,-1.15,70.13743,105779,61.25790563344331
2025-02-07 23:00:00,99785,15504,49484,32634,593,1788,44,4218,1292,-0.2,66.95374,105557,61.56673645518534
2025-02-07 22:00:00,95529,14841,46542,32664,594,1744,615,3856,1393,1.4,52.174244,102249,60.03286095707537
2025-02-07 21:00:00,94532,14356,42703,32660,704,1578,4867,1876,1494,1.85,50.91183,100238,56.92352201759812
2025-02-07 20:00:00,95822,14242,41333,32677,211,1172,7830,420,1685,1.9,52.718517,99570,55.815004519433565
2025-02-07 19:00:00,97186,14566,41376,32682,212,1164,8393,370,1747,1.45,55.28416,100510,55.658143468311614
2025-02-07 18:00:00,98254,15251,42532,32663,213,1211,8361,363,1927,0.9,56.419838,102521,56.36211117722223
2025-02-07 17:00:00,99026,15507,42914,32662,212,1210,7873,600,2000,0.3,60.28692,102978,56.73153489094758
2025-02-07 16:00:00,99504,15869,43893,32641,394,1230,7812,772,1872,0.0,60.90729,104483,57.1978216551975
2025-02-07 15:00:00,101047,15731,44428,32675,468,1216,7435,691,1905,-0.5,62.438454,104549,57.54143989899473
2025-02-07 14:00:00,103680,16021,46322,32684,722,1178,6463,978,2236,-1.0,67.28663,106604,58.48092004052381
2025-02-07 13:00:00,104517,16250,49497,32669,752,1137,2920,3303,2579,-1.75,73.01628,109107,60.259195102055784
2025-02-07 12:00:00,100044,15972,50004,32666,775,1102,131,3773,3292,-2.35,57.764324,107715,61.250522211391164
2025-02-07 11:00:00,93334,15022,47190,32670,219,1079,40,2460,4084,-1.75,60.698654,102764,60.53871005410455
2025-02-07 10:00:00,91477,14152,43507,32674,217,1003,40,389,4375,-1.15,62.03837,96357,59.83893230382847
2025-02-07 09:00:00,90759,13845,42608,32656,221,844,40,399,5059,-0.65,63.124615,95672,59.006814951082866
2025-02-07 08:00:00,91019,13372,40564,32675,221,893,40,405,6638,-0.2,64.45271,94808,56.88971394819002
2025-02-07 07:00:00,92165,13255,39246,32656,216,860,40,400,8448,0.0,66.99844,95121,55.193910913468116
2025-02-07 06:00:00,93933,13394,39633,32641,215,862,40,398,9505,0.15,69.87717,96688,54.84341386728446
2025-02-07 05:00:00,95660,17213,45904,32690,209,1207,40,555,1521,-0.05,76.141174,99339,63.53697943405913
2025-02-07 04:00:00,98693,14455,41284,32649,212,875,40,670,9522,-0.35,85.40519,99707,55.90279518990643
2025-02-07 03:00:00,101991,15132,42804,32642,208,981,40,992,9287,-0.2,87.98183,102086,56.752150147914506
2025-02-07 02:00:00,104482,15433,45029,32668,569,1121,40,1082,9047,0.3,87.70574,104989,57.58889026469439
2025-02-07 01:00:00,106053,15874,46224,32654,568,1187,40,1733,8629,1.4,84.66612,106909,58.084913337511345
2025-02-07 00:00:00,106597,15900,48183,32647,573,1201,40,2126,7493,3.0,80.95483,108163,59.246692491887245
2025-02-06 23:00:00,104634,15730,47235,32650,569,1200,40,3671,6225,4.35,77.99822,107320,58.67033171822587
2025-02-06 22:00:00,103060,15620,47307,32636,569,1197,333,1652,5831,6.45,71.4048,105145,59.84782918826382
2025-02-06 21:00:00,103248,15033,44605,32647,565,1241,2333,1322,6546,7.25,68.565125,104292,57.183676600314506
2025-02-06 20:00:00,105332,15296,42851,32642,568,1181,3785,373,7149,7.55,70.60857,103845,55.99402956329145
2025-02-06 19:00:00,106410,15736,45123,32648,601,1228,3126,320,7241,7.9,70.6778,106023,57.40169585844581
2025-02-06 18:00:00,108066,15573,47268,32650,706,1254,2972,342,7669,7.1,75.70753,108434,57.95322500322777
2025-02-06 17:00:00,109657,15842,47135,32680,571,1154,2848,359,8017,5.85,85.77122,108606,57.98666740327422
2025-02-06 16:00:00,110327,16430,49758,32698,574,1161,1949,424,7202,4.95,91.94407,110196,60.063886166467015
2025-02-06 15:00:00,109800,16656,51160,32669,742,1194,1027,1228,6520,4.35,93.543106,111196,60.98780531673801
2025-02-06 14:00:00,109234,16797,51341,32673,585,1180,506,2923,5147,2.55,97.54146,111152,61.30164099611343
2025-02-06 13:00:00,107486,16664,50954,32680,620,1192,186,4080,4488,1.25,98.219734,110864,60.99184586520422
2025-02-06 12:00:00,102999,16388,49049,32679,575,1212,40,4235,4754,3.9,97.91214,108932,60.07142070282377
2025-02-06 11:00:00,98264,16062,47825,32693,738,1201,40,2261,3875,2.85,97.894455,104695,61.02201633315823
2025-02-06 10:00:00,96363,15955,45926,32690,221,1174,40,645,2537,2.05,97.88083,99188,62.387587208130014
2025-02-06 09:00:00,94872,16200,45138,32706,220,1192,40,514,1645,1.85,96.484604,97655,62.810915979724534
2025-02-06 08:00:00,94632,16600,44382,32715,215,1173,40,457,1427,1.15,96.813225,97009,62.862208661052065
2025-02-06 07:00:00,94714,17037,45540,32697,213,1142,40,470,1307,0.55,94.02797,98446,63.56479694451781
2025-02-06 06:00:00,95530,16976,45717,32709,210,1213,40,564,1273,0.2,95.044395,98702,63.51745658649267
2025-02-06 05:00:00,98126,15218,40688,33643,215,653,17,503,2725,-0.25,90.93935,93662,59.68909483034742
2025-02-06 04:00:00,101858,17450,46369,32692,206,1208,40,620,2375,-0.4,80.4706,100960,63.21216323296355
2025-02-06 03:00:00,106306,17587,48210,32686,208,1718,40,728,3488,-0.5,76.63661,104665,62.86437682128696
2025-02-06 02:00:00,109481,17769,50811,32691,330,1948,40,2261,4175,-0.25,70.85704,110025,62.33128834355828
2025-02-06 01:00:00,111400,17679,51255,32696,331,1806,40,3298,5432,-0.25,66.94255,112537,61.25452073540257
2025-02-06 00:00:00,112377,17182,51940,32696,608,1698,40,4098,6073,0.65,59.688026,114335,60.45567848865176
2025-02-05 23:00:00,110511,16630,52530,32702,608,1637,40,4524,5880,0.75,60.17122,114551,60.37485486813734
2025-02-05 22:00:00,106897,16038,50690,32695,611,1582,68,4030,6000,0.9,57.732353,111714,59.73109905651932
2025-02-05 21:00:00,104591,16077,49691,32705,709,1570,405,1511,5720,0.9,56.203682,108388,60.678303871277265
2025-02-05 20:00:00,104539,15944,48999,32694,516,1501,923,968,5462,0.65,56.35251,107007,60.69042212191725
2025-02-05 19:00:00,104430,15886,48817,32692,443,1577,2181,466,4758,0.3,57.35239,106820,60.5719902639955
2025-02-05 18:00:00,104808,15807,48316,32704,448,1636,2787,480,4393,0.0,59.064983,106571,60.16927682014806
2025-02-05 17:00:00,106340,16144,47894,32694,447,1543,2934,454,4168,-0.75,61.187706,106278,60.255179811437934
2025-02-05 16:00:00,107784,16386,50054,32718,449,1616,2540,667,4421,-1.15,63.24621,108851,61.037565111942016
2025-02-05 15:00:00,109031,16777,52460,32715,439,1682,1706,792,4294,-1.7,66.87257,110865,62.45163036125017
2025-02-05 14:00:00,109552,16538,51316,33655,443,1601,1101,1864,4357,-2.1,69.6711,110875,61.19864712514092
2025-02-05 13:00:00,108626,16124,52378,33652,447,1462,529,3480,3843,-2.35,73.18038,111915,61.208953223428495
2025-02-05 12:00:00,103967,15976,51102,33660,441,1317,78,3973,3930,-2.95,70.573715,110477,60.71671026548512
2025-02-05 11:00:00,96999,15503,48084,33652,444,1225,38,2548,3418,-2.75,71.16145,104912,60.60984444105536
2025-02-05 10:00:00,94837,15397,44062,33640,326,992,0,627,3041,-2.7,70.08286,98085,60.61987052046695
2025-02-05 09:00:00,93515,15413,41396,33630,324,649,17,400,2634,-2.5,69.05195,94463,60.13889035918826
2025-02-05 08:00:00,93242,15432,40378,33648,320,654,17,440,2592,-2.35,70.697495,93481,59.70197152362512
2025-02-05 07:00:00,93154,15174,40981,33648,315,651,17,467,2474,-2.3,72.910385,93727,59.91336541231449
2025-02-05 06:00:00,92874,15154,41070,33621,290,656,17,560,2321,-2.2,74.053055,93689,60.01131402832777
2025-02-05 05:00:00,94450,14823,35856,33567,210,629,22,325,6170,-2.0,74.65702,91602,55.32521123992926
2025-02-05 04:00:00,98008,15566,42350,33628,208,642,17,1419,3576,-1.4,73.361496,97406,59.45834958832105
2025-02-05 03:00:00,101629,16278,44228,33622,210,834,65,2100,4309,-0.85,73.74371,101646,59.526198768274206
2025-02-05 02:00:00,103876,16582,46908,33627,210,821,65,2471,4638,-0.15,73.32109,105322,60.28180247241792
2025-02-05 01:00:00,104514,16459,47565,33632,210,823,65,3846,4961,0.7,71.3157,107561,59.523433214640995
2025-02-05 00:00:00,104373,16109,46544,33626,209,832,65,4673,5077,0.7,68.173874,107135,58.48042189760583
2025-02-04 23:00:00,100155,15825,48519,33625,231,829,65,4367,5105,1.65,66.11469,108566,59.26717388501004
2025-02-04 22:00:00,95428,14629,44944,33609,245,838,388,4399,4451,3.25,57.26143,103503,57.55678579364849
2025-02-04 21:00:00,93511,13978,41805,33604,243,745,3540,1715,3567,4.4,53.013912,99197,56.2345635452685
2025-02-04 20:00:00,93584,14148,38642,33592,244,767,6799,473,3429,4.9,51.195084,98094,53.815727771321384
2025-02-04 19:00:00,93817,14422,38392,33612,236,774,6910,481,3576,4.4,53.013912,98403,53.67112791276689
2025-02-04 18:00:00,94585,14639,38894,33616,232,768,6492,440,3878,4.05,59.212093,98959,54.09614082599865
2025-02-04 17:00:00,94794,14881,38742,33590,231,713,6099,465,4392,3.1,66.44063,99113,54.10289265787536
2025-02-04 16:00:00,95021,14917,38871,33601,236,667,6163,390,5031,2.25,69.2747,99876,53.85477992710962
2025-02-04 15:00:00,97043,14339,38737,33619,235,652,5904,542,5444,1.4,77.24003,99472,53.357728808106806
2025-02-04 14:00:00,98235,14607,41208,33609,242,639,4305,1118,4730,1.35,80.425896,100458,55.56053275995939
2025-02-04 13:00:00,98473,15351,43288,33615,252,622,1986,1971,4769,1.1,84.63131,101854,57.57162212578789
2025-02-04 12:00:00,93671,15153,43515,33603,214,624,90,2892,5519,0.6,88.37883,101610,57.738411573664
2025-02-04 11:00:00,88126,14488,41175,33585,215,605,22,1241,5119,0.85,90.02837,96450,57.71176775531364
2025-02-04 10:00:00,85912,13964,37875,33602,215,606,22,424,4948,1.05,91.36268,91656,56.55821768351227
2025-02-04 09:00:00,84635,13222,35769,33602,217,609,22,363,5742,2.0,90.7699,89546,54.710428159828474
2025-02-04 08:00:00,84893,13191,35104,33600,213,600,22,326,5746,2.55,93.11722,88802,54.38503637305466
2025-02-04 07:00:00,85886,13346,34614,33577,215,612,22,325,6030,3.0,95.49305,88741,54.044917231043144
2025-02-04 06:00:00,87167,14198,34964,33584,209,609,22,326,6191,4.25,94.866875,90103,54.5620012652187
2025-02-04 05:00:00,88675,16074,39740,33637,210,606,22,328,4535,6.15,93.30827,95152,58.657726584832695
2025-02-04 04:00:00,91419,14595,36430,33564,316,610,22,370,6142,10.55,84.80737,92049,55.432432726048084
2025-02-04 03:00:00,95623,15143,38418,33558,312,602,22,674,6154,11.45,79.07932,94883,56.4495220429371
2025-02-04 02:00:00,98557,15357,40796,33528,315,762,22,1028,7374,11.7,77.78375,99182,56.61611986045855
2025-02-04 01:00:00,100331,15675,41468,33550,318,782,22,2513,7332,12.25,75.52791,101660,56.2099154042888
2025-02-04 00:00:00,101026,16149,41958,33555,314,792,22,3432,6755,12.5,77.90692,102977,56.42716334715519
2025-02-03 23:00:00,98003,16076,42837,33537,312,802,101,3688,6044,13.95,71.59775,103397,56.977475168525196
2025-02-03 22:00:00,94451,15536,41524,33530,312,804,480,2742,4945,15.55,65.01879,99873,57.132558349103356
2025-02-03 21:00:00,93811,14205,39015,33544,312,857,3300,1468,4513,16.45,60.565506,97214,54.74520130845352
2025-02-03 20:00:00,95815,14083,37716,33570,314,778,6043,622,3753,16.05,61.294655,96879,53.46772778414311
2025-02-03 19:00:00,97016,15055,38428,33550,317,798,6586,374,3767,15.25,62.57745,98875,54.09152970922882
2025-02-03 18:00:00,97745,15498,40075,33582,318,746,5739,425,3817,13.1,71.19498,100200,55.46207584830339
2025-02-03 17:00:00,99622,15271,40901,33604,319,740,5952,376,4151,12.05,75.23789,101314,55.443472767830706
2025-02-03 16:00:00,102026,15671,41376,33589,324,797,5387,425,4735,9.2,86.12081,102304,55.76223803565843
2025-02-03 15:00:00,104938,16536,43148,33604,444,903,4843,411,5520,7.45,88.05241,105409,56.62135111802598
2025-02-03 14:00:00,107393,16773,45587,33623,503,862,3405,1404,6246,5.25,88.16276,108403,57.526083226478974
2025-02-03 13:00:00,107746,17302,46798,33615,446,837,1513,3493,6527,3.65,90.5646,110531,57.99278030597751
2025-02-03 12:00:00,103021,16846,46777,33618,446,832,65,4333,6567,1.1,96.81194,109484,58.111687552519086
2025-02-03 11:00:00,95633,16037,44593,33606,326,846,22,3569,5113,0.4,97.8523,104112,58.23536191793453
2025-02-03 10:00:00,92250,15517,41428,33634,329,814,22,1202,4759,0.35,97.851425,97705,58.28258533340157
2025-02-03 09:00:00,91428,15206,39731,33627,330,634,22,335,4462,0.6,97.8558,94347,58.228666518278274
2025-02-03 08:00:00,90575,15181,39343,33624,257,627,22,332,4854,-0.1,97.843544,94240,57.85653650254668
2025-02-03 07:00:00,91195,15081,38112,33638,243,623,22,332,4957,0.4,97.145546,93008,57.19185446413212
2025-02-03 06:00:00,92386,15560,38893,33645,206,607,22,331,4980,0.2,98.20445,94244,57.77874453546114
2025-02-03 05:00:00,94151,16163,40606,33680,215,797,22,888,7431,0.45,98.208115,99802,56.881625618725074
2025-02-03 04:00:00,96847,16157,42280,33647,208,795,22,374,3759,0.85,98.21393,97242,60.09440365274264
2025-02-03 03:00:00,100245,16318,45042,33616,206,839,22,662,3392,1.5,97.170815,100097,61.30053847767666
2025-02-03 02:00:00,102980,16257,47797,33600,568,839,22,1373,2685,2.2,95.12302,103141,62.10333427056166
2025-02-03 01:00:00,104650,16188,50018,33565,567,822,22,2212,2015,3.15,92.15873,105409,62.808678575833184
2025-02-03 00:00:00,105295,16656,51242,33543,860,817,22,3155,1738,4.3,90.291504,108033,62.84931456129146
2025-02-02 23:00:00,103354,16582,52182,33511,1088,806,29,3269,1515,6.2,86.71599,108982,63.096658163733466
2025-02-02 22:00:00,101121,15765,50551,33477,860,820,315,3522,1435,8.1,81.64946,106745,62.12562649304417
2025-02-02 21:00:00,100759,16106,48355,33448,857,859,1360,1325,1554,9.85,74.08705,103864,62.06288993298929
2025-02-02 20:00:00,101420,16543,47232,33416,618,957,2699,517,1940,9.1,72.16648,103922,61.36814149073343
2025-02-02 19:00:00,101687,16677,47414,33367,203,924,3320,650,2310,8.35,71.01653,104865,61.11762742573785
2025-02-02 18:00:00,101426,16673,47414,33364,203,902,3258,502,2953,6.45,73.99993,105269,60.87927120044837
2025-02-02 17:00:00,100954,16582,46650,33301,206,916,3738,668,3309,4.55,74.45782,105370,60.009490367277216
2025-02-02 16:00:00,101097,16389,46480,33310,211,917,3124,781,3938,1.95,70.50986,105150,59.78982406086543
2025-02-02 15:00:00,102156,16458,47103,33308,213,871,2206,673,4569,0.35,61.698215,105401,60.30398193565526
2025-02-02 14:00:00,102825,16037,47291,33556,212,860,1667,2528,4732,-0.75,60.483894,106883,59.24983393055958
2025-02-02 13:00:00,101612,15688,46578,33668,215,844,794,3019,5340,-2.45,63.916252,106146,58.660712603395325
2025-02-02 12:00:00,99376,15369,44645,33676,216,850,32,2491,5615,-2.75,54.98647,102894,58.326044278577946
2025-02-02 11:00:00,97262,15459,43888,33688,218,834,22,1215,5957,-2.9,55.163086,101281,58.596380367492415
2025-02-02 10:00:00,95859,15483,42839,33699,218,867,22,478,6080,-3.0,56.46241,99686,58.50570792287784
2025-02-02 09:00:00,95685,15412,40608,33705,220,832,22,355,6758,-3.05,58.26286,97912,57.21464171909469
2025-02-02 08:00:00,95648,15414,41030,33680,214,860,22,373,7158,-3.05,59.657364,98751,57.15790219845876
2025-02-02 07:00:00,96051,15481,39845,33690,214,811,22,373,7679,-3.05,62.781296,98115,56.38893135606177
2025-02-02 06:00:00,97003,15925,41701,33691,218,803,22,376,7078,-3.1,66.296234,99814,57.73338409441562
2025-02-02 05:00:00,98463,14815,34502,33375,198,619,22,568,6430,-2.9,67.38077,90529,54.4764661047841
2025-02-02 04:00:00,100297,16449,40960,33693,216,801,22,1860,7271,-2.7,67.9497,101272,56.687929536298284
2025-02-02 03:00:00,101951,16372,41643,33688,214,837,22,2303,7236,-2.4,69.07342,102315,56.70234081024288
2025-02-02 02:00:00,102971,16486,43310,33695,208,968,22,2786,6985,-2.0,69.1591,104460,57.24296381390006
2025-02-02 01:00:00,103020,16111,43591,33675,212,1018,22,3810,6932,-1.45,70.07502,105371,56.658853005096276
2025-02-02 00:00:00,102141,15675,44403,33681,211,1141,25,3894,6466,-1.75,66.86129,105496,56.9481307348146
2025-02-01 23:00:00,97694,15311,44393,33699,209,1156,25,4350,5822,-1.1,65.98889,104965,56.879912351736294
2025-02-01 22:00:00,92766,14088,40964,33692,207,1050,496,4002,5045,0.3,58.690605,99544,55.30418709314474
2025-02-01 21:00:00,91195,13857,37919,33682,206,816,3749,848,4267,0.5,61.500496,95344,54.30441349219668
2025-02-01 20:00:00,90506,13325,35363,33668,206,752,6924,476,3407,0.45,65.34482,94121,51.72915714877657
2025-02-01 19:00:00,91101,13622,35321,33670,207,772,6969,490,3061,0.3,66.308044,94112,52.00505780346821
2025-02-01 18:00:00,92333,13721,35506,33675,210,745,6471,732,3271,0.0,66.744774,94331,52.185389744622654
2025-02-01 17:00:00,93099,14141,35781,33637,213,744,6972,754,3394,-0.3,66.4241,95636,52.20000836505082
2025-02-01 16:00:00,93091,14071,35799,33630,214,710,7250,660,4360,-1.1,69.88121,96694,51.575071876228094
2025-02-01 15:00:00,93024,13432,35908,33593,214,703,7337,708,4297,-1.55,70.861404,96192,51.293246839654024
2025-02-01 14:00:00,92909,13827,36181,33598,207,668,6406,1313,4273,-2.0,69.1591,96473,51.83626506898303
2025-02-01 13:00:00,90582,14790,39448,33609,205,662,2497,1297,4495,-2.55,74.55636,97003,55.913734626764125
2025-02-01 12:00:00,87470,14210,38837,33592,207,626,51,1574,4753,-2.55,80.765785,93850,56.523175279701654
2025-02-01 11:00:00,85900,13492,37008,33586,206,614,22,595,5256,-2.5,80.773,90779,55.62960596613754
2025-02-01 10:00:00,84876,13197,35464,33579,206,612,22,584,5170,-2.45,81.39451,88834,54.77745007542158
2025-02-01 09:00:00,84270,13472,34348,33556,206,614,22,597,4700,-2.0,79.63231,87515,54.64206136090956
2025-02-01 08:00:00,84521,13538,33806,33532,200,618,22,559,4860,-1.1,80.67058,87135,54.33407930223216
2025-02-01 07:00:00,85697,13755,33524,33525,199,622,22,504,5345,0.3,82.07718,87496,54.03561305659687
2025-02-01 06:00:00,87165,14395,33344,33462,200,614,22,553,6013,1.15,87.46654,88603,53.879665474081015
2025-02-01 05:00:00,89028,16638,38272,33461,209,641,22,540,2531,1.95,89.46467,92314,59.48176874580236
2025-02-01 04:00:00,90547,14180,36667,33293,201,613,22,535,7353,2.85,92.14032,92864,54.754264300482426
2025-02-01 03:00:00,93562,13935,37630,33290,200,623,22,622,7536,4.75,93.2349,93858,54.93937650493298
2025-02-01 02:00:00,96195,14108,39156,33284,201,754,22,960,8058,7.45,88.66438,96543,55.17127083268595
2025-02-01 01:00:00,98081,14681,40322,33451,202,789,22,1513,8094,7.8,86.5738,99074,55.51708823707532
2025-02-01 00:00:00,99609,15324,41593,33498,205,788,22,1967,7917,9.0,83.19036,101314,56.17881043093749
2025-01-31 23:00:00,99292,16085,44138,33503,203,812,22,2021,7157,10.3,80.82495,103941,57.939600350198674
2025-01-31 22:00:00,97760,15423,43921,33504,205,844,191,2435,6348,12.05,80.24512,102871,57.68778372913649
2025-01-31 21:00:00,97850,15097,42129,33489,209,858,1651,1302,6038,12.7,86.76138,100773,56.787036210095955
2025-01-31 20:00:00,98927,15133,41040,33504,296,932,3231,784,5612,11.6,93.89488,100532,55.875741057573705
2025-01-31 19:00:00,100329,15752,41946,33491,297,901,3590,567,5486,11.05,96.73066,102030,56.55003430363619
2025-01-31 18:00:00,101317,16130,43019,33476,305,901,2814,566,5244,8.75,97.99105,102455,57.73168708213362
2025-01-31 17:00:00,101761,16458,44440,33467,306,893,2351,573,4823,7.25,98.30338,103311,58.946288391362
2025-01-31 16:00:00,102085,16936,44797,33454,214,865,2066,1286,4152,6.6,97.956635,103770,59.49021875301147
2025-01-31 15:00:00,101999,17100,46616,33442,423,853,1357,2237,3693,5.9,97.94524,105721,60.26806405539108
2025-01-31 14:00:00,101552,16878,46178,33458,424,864,638,3329,3597,5.65,97.60166,105366,59.844731697131905
2025-01-31 13:00:00,100112,16671,46714,33450,653,838,139,3698,3412,5.3,97.935394,105575,60.03788775751835
2025-01-31 12:00:00,95875,16264,44581,33462,567,822,22,3042,4264,3.95,95.52692,103024,59.059054200962876
2025-01-31 11:00:00,90788,16035,42255,33437,433,827,22,1941,3586,4.25,93.8687,98536,59.15604449135341
2025-01-31 10:00:00,88951,15767,40457,33454,336,643,22,590,3570,3.9,96.20183,94839,59.28362804331552
2025-01-31 09:00:00,87862,15348,39106,33450,220,642,22,650,3100,3.95,96.20335,92538,58.845015020856295
2025-01-31 08:00:00,87932,15490,37210,33444,215,637,22,543,3244,3.8,96.88027,90805,58.03645173723913
2025-01-31 07:00:00,88184,15362,37835,33471,215,641,22,563,3402,3.35,96.185165,91511,58.13180929068636
2025-01-31 06:00:00,89603,16060,38244,33471,212,652,22,543,2893,3.05,96.518234,92097,58.96391847725767
2025-01-31 05:00:00,92191,17710,40187,33507,227,588,27,377,2992,2.95,95.49126,95615,60.55221461067825
2025-01-31 04:00:00,95634,17213,39562,33467,212,655,22,462,2618,2.95,93.47172,94211,60.26366347878698
2025-01-31 03:00:00,99978,17403,42440,33475,212,827,22,453,3131,2.8,93.46401,97963,61.08734930534998
2025-01-31 02:00:00,102995,17641,44585,33460,211,823,22,2072,3589,3.45,83.990486,102403,60.76579787701532
2025-01-31 01:00:00,104516,17773,45756,33471,215,816,22,3175,3304,4.3,73.87579,104532,60.77469100371178
2025-01-31 00:00:00,105135,17893,47231,33471,388,829,22,3296,3375,4.45,64.33559,106505,61.146425050467116
2025-01-30 23:00:00,102841,17769,47448,33482,600,841,22,3923,3370,4.75,62.539627,107455,60.69238285794053
2025-01-30 22:00:00,98661,17056,45635,33474,609,834,32,4036,3518,5.65,60.277767,105194,59.595604312033004
2025-01-30 21:00:00,97227,16900,43860,33456,759,820,991,1411,3596,6.55,58.119606,101793,59.68976255734677
2025-01-30 20:00:00,96756,16656,42173,33468,207,653,4097,895,3528,7.2,56.40441,101677,57.85870944264681
2025-01-30 19:00:00,97187,16538,41176,33478,210,664,5036,551,3943,7.15,55.57229,101596,56.80735462026064
2025-01-30 18:00:00,98274,16497,39954,33514,209,710,6006,476,4323,6.35,57.855747,101689,55.51337902821347
2025-01-30 17:00:00,99606,16788,39963,33504,210,722,6602,477,4723,4.9,60.759384,102989,55.103943139558595
2025-01-30 16:00:00,101320,16995,39870,33524,213,724,6544,467,5563,3.25,61.715256,103900,54.73051010587103
2025-01-30 15:00:00,105124,16796,41054,33524,214,824,6862,494,5972,1.05,70.06363,105740,54.70966521656895
2025-01-30 14:00:00,110336,16945,43941,33534,582,906,5500,1895,6152,-0.9,79.20196,109455,55.62651317893198
2025-01-30 13:00:00,112210,17812,48593,33538,618,909,2633,3555,5726,-2.45,87.112724,113384,58.56646440414873
2025-01-30 12:00:00,107167,18053,50649,33526,616,918,67,4790,5647,-2.9,86.08718,114266,60.12462149720827
2025-01-30 11:00:00,99538,17142,47756,33516,212,962,27,4583,4420,-2.55,85.15679,108618,59.74884457456406
2025-01-30 10:00:00,95409,16853,43989,33525,208,763,27,1464,3550,-2.55,85.80109,100379,60.612279460843396
2025-01-30 09:00:00,93704,16417,41626,33519,207,715,28,476,3396,-2.45,85.48959,96384,60.22057602921647
2025-01-30 08:00:00,92917,16971,40901,33529,204,601,27,477,2926,-2.25,84.87116,95636,60.512777615124016
2025-01-30 07:00:00,93017,17031,39553,33516,202,593,27,386,3144,-2.3,85.828476,94452,59.90767797399737
2025-01-30 06:00:00,93551,17329,39953,33541,203,601,27,396,3012,-2.0,84.58192,95062,60.25751614735646
2025-01-30 05:00:00,94846,19160,35330,33495,168,581,27,358,9087,-1.65,83.67712,98206,55.48540822353013
2025-01-30 04:00:00,97407,19558,41911,33502,486,597,27,373,2666,-1.05,80.67778,99120,62.014729620661825
2025-01-30 03:00:00,100714,19799,43518,33510,485,594,27,1222,2641,-0.1,76.99151,101796,62.199889976030484
2025-01-30 02:00:00,102971,20048,44640,33504,461,766,27,3077,2941,0.5,73.994576,105464,61.33656982477434
2025-01-30 01:00:00,103892,20169,44924,33496,524,844,27,3893,3536,1.15,71.1394,107413,60.60067217189725
2025-01-30 00:00:00,103584,19941,45333,33466,557,848,36,4774,3489,1.8,69.697296,108444,60.19143521080005
2025-01-29 23:00:00,99975,19235,46014,33466,623,852,37,4601,3957,3.15,64.509575,108785,59.979776623615386
2025-01-29 22:00:00,95560,17004,42256,33453,482,740,359,3988,4948,4.75,59.831192,103230,57.40579288966386
2025-01-29 21:00:00,95233,15654,36728,33451,446,724,4213,1515,6430,5.65,56.410965,99161,52.825203457004264
2025-01-29 20:00:00,95494,15488,35047,33410,328,750,7820,703,6380,6.05,55.894714,99926,50.572423593459156
2025-01-29 19:00:00,95881,15774,35663,33400,269,744,8141,348,6144,6.3,52.749317,100483,51.189753490640214
2025-01-29 18:00:00,96901,15925,36247,33390,250,733,7933,352,5990,5.75,57.488346,100820,51.74766911327118
2025-01-29 17:00:00,97212,16584,36956,33401,219,736,7707,358,6789,5.7,57.68766,102750,52.10705596107056
2025-01-29 16:00:00,98675,16631,36382,33372,222,737,7965,384,7577,5.0,63.2927,103270,51.33436622446015
2025-01-29 15:00:00,101165,17122,37479,33355,209,743,8035,352,7668,4.05,68.13568,104963,52.01928298543296
2025-01-29 14:00:00,104366,18219,39093,33434,194,697,7108,1148,7807,2.75,71.194725,107700,53.214484679665745
2025-01-29 13:00:00,106365,19445,42742,33458,185,617,2702,2268,8463,1.95,73.44206,109880,56.595376774663265
2025-01-29 12:00:00,102099,19727,44821,33473,188,592,57,4347,8342,1.6,75.58112,111547,57.866190932969964
2025-01-29 11:00:00,95524,18184,41284,33479,167,592,27,4012,7641,1.85,74.792404,105386,56.42874765149071
2025-01-29 10:00:00,92435,17067,39321,33507,168,573,27,713,8457,2.1,73.74166,99833,56.48232548355754
2025-01-29 09:00:00,92664,16863,37223,33501,168,567,27,354,8453,2.4,72.18336,97156,55.66923298612541
2025-01-29 08:00:00,92635,17349,36930,33507,170,563,27,354,8781,2.75,70.411545,97681,55.56761294417542
2025-01-29 07:00:00,93596,17461,35937,33504,172,558,27,356,8336,3.05,68.424416,96351,55.42028624508308
2025-01-29 06:00:00,94877,17968,35863,33501,170,582,27,358,8795,3.3,66.73146,97264,55.34524592860668
2025-01-29 05:00:00,96611,21103,36774,33584,209,607,22,445,9178,3.55,64.60247,101922,56.78558113066855
2025-01-29 04:00:00,99648,19919,36170,33497,167,579,27,361,9035,3.85,62.322678,99755,56.2267555511002
2025-01-29 03:00:00,103690,20734,37929,33492,166,581,27,362,9353,3.9,60.510647,102644,57.15190366704337
2025-01-29 02:00:00,106452,20975,41054,33491,165,588,27,597,9546,3.75,59.13551,106443,58.27438159390472
2025-01-29 01:00:00,107544,21089,41993,33511,166,595,34,2309,9471,3.4,59.045933,109168,57.78433240510039
2025-01-29 00:00:00,107162,20730,42000,33505,222,613,27,3395,9317,3.0,62.581715,109809,57.12646504384886
2025-01-28 23:00:00,103387,20274,42162,33503,319,596,27,4019,8970,3.2,63.098125,109870,56.827159370164736
2025-01-28 22:00:00,98556,18814,38555,33505,318,614,338,3634,8579,3.75,63.935566,104357,54.97379188746323
2025-01-28 21:00:00,97668,17896,34215,33491,279,686,4117,1420,8819,4.25,62.882168,100923,51.63441435549875
2025-01-28 20:00:00,98090,18321,30370,33484,279,767,7704,600,9008,4.45,59.755592,100533,48.432852894074585
2025-01-28 19:00:00,99318,18763,29775,33482,324,780,8282,375,9052,4.35,57.980278,100833,48.137018634772346
2025-01-28 18:00:00,100253,19280,32591,33501,294,800,7920,382,8044,4.0,57.24402,102812,50.45228183480528
2025-01-28 17:00:00,101105,19494,34429,33544,297,810,7844,393,6019,3.35,58.15462,102830,52.438976952251295
2025-01-28 16:00:00,102477,20152,38625,33587,296,802,8047,384,3263,2.4,59.90764,105156,55.895051162083
2025-01-28 15:00:00,105427,20648,41094,33630,393,795,7944,445,2334,1.0,60.9262,107283,57.550590494300124
2025-01-28 14:00:00,109415,21239,42444,33648,393,733,6701,2381,2694,-0.65,66.09192,110233,57.77126631770886
2025-01-28 13:00:00,110737,22178,46953,33631,623,670,2304,4218,3481,-1.7,69.75539,114058,60.61039120447491
2025-01-28 12:00:00,106535,21574,48444,33630,568,658,53,4686,4775,-2.0,74.94184,114388,61.21096618526419
2025-01-28 11:00:00,100430,20793,44659,33632,571,636,22,3492,5922,-1.4,70.892006,109727,59.64985828465191
2025-01-28 10:00:00,97004,20592,41844,33636,216,612,22,431,6597,-0.95,67.29776,103950,60.06349206349206
2025-01-28 09:00:00,95952,20413,37913,33625,213,609,22,421,7453,-0.55,63.87903,100669,57.93839215647319
2025-01-28 08:00:00,96127,20209,37532,33618,214,604,22,418,7647,-0.2,61.090897,100264,57.588965132051385
2025-01-28 07:00:00,96723,20177,37064,33603,212,596,22,487,8069,0.2,57.99169,100230,57.10964781003691
2025-01-28 06:00:00,98383,20249,37015,33612,210,600,22,466,8484,0.05,56.407948,100658,56.88966599773491
2025-01-28 05:00:00,100526,23026,38063,33687,249,811,18,370,4576,-0.4,53.720104,100800,60.60416666666667
2025-01-28 04:00:00,103902,21808,37212,33591,207,674,22,435,9640,-0.9,49.52774,103589,56.97516145536689
2025-01-28 03:00:00,107904,22651,39444,33562,205,672,22,467,9773,-1.0,45.903416,106796,58.143563429341924
2025-01-28 02:00:00,110548,23083,42513,33585,206,1050,22,593,9871,-0.95,44.475956,110923,59.136518125185944
2025-01-28 01:00:00,111690,22789,42214,33617,206,1033,22,2398,9938,-1.15,44.951363,112217,57.926160920359656
2025-01-28 00:00:00,111557,21774,43399,33609,600,1077,22,2899,9809,-1.5,49.942295,113189,57.5789166791826
2025-01-27 23:00:00,107703,21280,42570,33603,609,1071,22,4234,9549,-1.05,50.271908,112938,56.53544422603552
2025-01-27 22:00:00,102967,20508,39050,33608,203,1072,298,4306,9359,0.0,52.38548,108404,54.940777093096195
2025-01-27 21:00:00,101458,19736,36283,33636,206,1035,3556,1546,9347,0.7,48.08032,105345,53.17670511177559
2025-01-27 20:00:00,101521,19536,32257,33625,206,1114,7016,586,9330,0.95,43.999596,103670,49.959486833220794
2025-01-27 19:00:00,102901,19798,31954,33623,269,1130,7718,371,8823,0.85,40.781143,103686,49.91223501726366
2025-01-27 18:00:00,104620,20175,32622,33646,207,1120,7817,366,9022,0.25,40.922104,104975,50.294832102881635
2025-01-27 17:00:00,105415,20685,34677,33642,227,1119,8153,369,8388,-0.8,46.330723,107260,51.61476785381316
2025-01-27 16:00:00,107203,20749,35553,33654,202,1120,8210,347,7723,-2.35,53.805874,107558,52.345711151192845
2025-01-27 15:00:00,112014,21721,36964,33665,204,1276,8015,360,6864,-4.55,62.656696,109069,53.805389249007504
2025-01-27 14:00:00,117604,22833,39750,33676,204,1235,5978,2803,7627,-6.65,72.9154,114106,54.84637091826898
2025-01-27 13:00:00,118700,24572,46997,33676,205,1357,1610,4361,8044,-7.9,80.92813,120822,59.235073082716724
2025-01-27 12:00:00,113190,23996,47155,33678,565,1361,20,4956,7727,-7.75,82.241135,119458,59.561519529876605
2025-01-27 11:00:00,105709,22491,42996,33669,570,1364,18,4504,7429,-7.5,81.62875,113041,57.93207774170433
2025-01-27 10:00:00,101595,22032,39974,33686,366,1326,18,768,6796,-6.9,81.39304,104966,59.072461558981004
2025-01-27 09:00:00,99471,22346,38381,33664,238,904,18,400,6236,-6.15,79.610634,102187,59.42732441504302
2025-01-27 08:00:00,99061,22037,36172,33669,207,779,18,367,5768,-5.4,77.27976,99017,58.78687498106385
2025-01-27 07:00:00,99057,22097,36851,33674,210,812,18,371,5573,-4.55,74.76495,99606,59.181173824869994
2025-01-27 06:00:00,99590,22420,37212,33672,210,798,18,378,5054,-3.35,69.67551,99762,59.77426274533389
2025-01-27 05:00:00,101215,22394,37687,33657,204,778,18,396,7892,-2.9,67.11977,103026,58.316347329800244
2025-01-27 04:00:00,103595,23984,39214,33686,243,826,18,606,4348,-2.45,65.16977,102925,61.40199174155939
2025-01-27 03:00:00,105931,24235,41583,33695,231,816,18,578,4158,-2.05,63.76476,105314,62.496913990542566
2025-01-27 02:00:00,107850,24800,44124,33676,222,808,18,579,3393,-1.75,62.856323,107620,64.04385801895558
2025-01-27 01:00:00,108179,24830,45440,33662,201,810,20,1736,2864,-1.7,64.84308,109563,64.13661546324946
2025-01-27 00:00:00,106870,24515,45647,33661,442,833,20,3344,2146,-1.35,70.36371,110608,63.433024736004626
2025-01-26 23:00:00,102802,23209,45513,33662,568,822,20,3706,1720,-0.8,67.33114,109220,62.92071049258377
2025-01-26 22:00:00,97853,21478,43273,33654,592,802,220,2439,1786,0.45,61.253864,104244,62.11484593837535
2025-01-26 21:00:00,98036,20098,39167,33681,197,840,2841,875,2007,1.2,54.5835,99706,59.43975287344794
2025-01-26 20:00:00,98636,20027,37146,33671,196,868,6415,557,2222,1.55,52.418068,101102,56.54982097287887
2025-01-26 19:00:00,99315,20581,36999,33682,198,854,5936,441,2344,1.5,51.602306,101035,56.99015192754986
2025-01-26 18:00:00,100758,21207,37531,33696,200,835,6211,469,2181,1.3,50.950954,102330,57.40056679370663
2025-01-26 17:00:00,101279,21701,38227,33677,200,866,6431,434,2079,0.75,50.2038,103615,57.837185735656035
2025-01-26 16:00:00,102835,21852,37694,33688,201,868,5963,435,2167,0.15,54.50418,102868,57.88583427304895
2025-01-26 15:00:00,103480,22798,39730,33679,202,861,4970,872,2632,-0.55,60.30196,105744,59.13148736571342
2025-01-26 14:00:00,103606,23303,40973,33696,200,828,3165,1071,3241,-1.15,68.28956,106477,60.366088451026975
2025-01-26 13:00:00,101680,23548,41465,33688,205,812,1199,1362,3882,-1.75,71.63697,106161,61.24000339107582
2025-01-26 12:00:00,99321,22917,40495,33684,202,807,51,2262,4122,-3.15,84.12554,104540,60.65812129328487
2025-01-26 11:00:00,97920,22175,39001,33666,203,764,18,418,4460,-2.65,84.18628,100705,60.74772851397646
2025-01-26 10:00:00,97131,21618,38546,33687,200,766,18,406,5074,-2.15,83.30052,100315,59.97507850271644
2025-01-26 09:00:00,98101,21309,37486,33661,200,798,18,348,5559,-1.45,80.31748,99379,59.16239849465179
2025-01-26 08:00:00,98118,21386,38507,33667,200,793,18,351,6010,-1.35,78.53897,100932,59.33995165061625
2025-01-26 07:00:00,98676,21511,37436,33662,200,802,18,356,6915,-0.9,75.13965,100900,58.42120911793855
2025-01-26 06:00:00,100162,21594,37107,33667,206,801,18,359,7607,-0.35,70.56941,101359,57.91394942728322
2025-01-26 05:00:00,102166,28260,43951,33726,734,664,23,717,7493,-0.45,68.441444,115568,62.483559462827074
2025-01-26 04:00:00,105198,23473,38645,33667,204,778,18,435,8030,-0.85,68.61566,105250,59.01947743467934
2025-01-26 03:00:00,108111,23757,40258,33659,204,1135,18,499,8345,-0.75,67.342255,107875,59.34183082271147
2025-01-26 02:00:00,109803,24452,42196,33658,208,1129,18,662,8300,-0.6,67.375565,110623,60.24786888802509
2025-01-26 01:00:00,110954,24709,42930,33661,206,1142,18,1400,8045,-0.3,66.4241,112111,60.33217079501565
2025-01-26 00:00:00,111207,24279,42637,33659,205,1132,18,2705,7768,-0.25,74.133736,112403,59.532218890954866
2025-01-25 23:00:00,108243,24124,42451,33666,201,1161,18,3085,7517,0.5,70.47755,112223,59.323846270372385
2025-01-25 22:00:00,104065,22895,41422,33674,204,1154,194,2567,6611,1.4,64.341354,108721,59.1578443906881
2025-01-25 21:00:00,104191,21212,38763,33672,204,1143,3383,854,6114,2.0,58.685112,105345,56.93198538136599
2025-01-25 20:00:00,104493,20881,36407,33675,207,1190,7030,456,5803,2.0,54.803066,105649,54.224838853183655
2025-01-25 19:00:00,105782,21292,35659,33689,207,1103,8097,435,5948,1.45,53.407677,106430,53.51028845250399
2025-01-25 18:00:00,106790,22414,36631,33700,208,1104,8073,424,5857,0.65,53.183884,108411,54.4640304028189
2025-01-25 17:00:00,109316,23681,37676,33710,208,1212,7810,407,4911,-0.8,55.309166,109615,55.97500342106464
2025-01-25 16:00:00,112723,24454,39652,33711,212,1220,7962,416,4087,-2.3,56.876472,111714,57.38403423026658
2025-01-25 15:00:00,116305,25876,40827,33711,210,1400,7221,832,4151,-4.2,59.830017,114228,58.39461428021151
2025-01-25 14:00:00,120652,26548,44280,33725,1237,1522,6033,1068,4617,-6.3,65.0273,119030,59.504326640342775
2025-01-25 13:00:00,120943,26388,50002,33725,2423,1464,2116,3090,4711,-7.7,67.633385,123919,61.64510688433573
2025-01-25 12:00:00,118190,26653,51082,33741,2732,1500,34,3450,5106,-8.9,71.59328,124298,62.539220260985694
2025-01-25 11:00:00,114853,26293,47859,33719,2406,1392,18,2957,5963,-9.1,71.26217,120607,61.4823351878415
2025-01-25 10:00:00,112812,26216,46963,33727,1640,1407,18,1148,6626,-9.5,72.6418,117745,62.15040978385494
2025-01-25 09:00:00,112307,26656,44121,33740,1512,955,18,864,7204,-10.3,76.742355,115070,61.50777787433736
2025-01-25 08:00:00,112575,26699,43741,33719,1145,653,22,857,7330,-10.4,77.3519,114166,61.69963036280504
2025-01-25 07:00:00,112196,26766,44760,33732,707,666,23,682,7344,-10.4,76.4129,114680,62.37007324729683
2025-01-25 06:00:00,112854,27511,43726,33718,705,668,23,719,7647,-10.15,73.405174,114717,62.098032549665696
2025-01-25 05:00:00,114624,31356,48099,33748,530,674,16,474,3854,-9.9,69.65482,118751,66.90891024075587
2025-01-25 04:00:00,117053,29110,46774,33733,721,669,23,520,7011,-9.75,67.43948,118561,64.00418350047656
2025-01-25 03:00:00,119235,29636,48122,33723,910,723,23,647,6770,-9.35,64.28735,120554,64.50055576753985
2025-01-25 02:00:00,120554,29940,49807,33737,907,721,23,1103,6867,-8.7,59.855347,123105,64.77965964014459
2025-01-25 01:00:00,121345,30136,50606,33718,929,726,23,2323,6625,-8.15,58.300114,125086,64.54919015717186
2025-01-25 00:00:00,121420,30034,50687,33718,868,1445,23,2757,6245,-8.25,70.29521,125777,64.17787035785557
2025-01-24 23:00:00,118979,30143,51509,33725,830,1458,24,3481,4931,-7.9,69.805275,126101,64.75127080673428
2025-01-24 22:00:00,114484,29611,48717,33719,651,1461,261,3652,4149,-7.15,65.6121,122221,64.08718632640871
2025-01-24 21:00:00,114298,28352,45336,33717,651,1496,2834,1078,3320,-6.6,63.919464,116784,63.09768461433073
2025-01-24 20:00:00,114667,28408,45515,33741,684,1533,4993,403,2756,-6.3,62.97313,118033,62.62909525302246
2025-01-24 19:00:00,115265,29545,43291,33714,649,1554,6322,390,2761,-6.3,62.217865,118226,61.60742983776834
2025-01-24 18:00:00,115973,29076,43529,33709,668,1548,6929,447,2788,-6.4,58.772335,118694,61.16989906819216
2025-01-24 17:00:00,117795,29481,44420,33730,669,1564,7314,427,2632,-7.0,55.35224,120237,61.462777680747195
2025-01-24 16:00:00,119950,29698,46076,33747,970,1545,7213,469,1645,-7.9,57.180622,121363,62.43583299687714
2025-01-24 15:00:00,124624,30394,49631,33749,1080,1509,7304,488,870,-8.7,61.352253,125025,64.00719856028795
2025-01-24 14:00:00,129092,30575,54984,33764,3071,1552,4920,1190,1104,-10.1,67.63671,131160,65.23254040866118
2025-01-24 13:00:00,129739,31138,59576,33760,4531,1604,1502,2342,1032,-11.4,72.85648,135485,66.95501347012585
2025-01-24 12:00:00,125270,31133,59654,33750,4156,1583,19,3900,1131,-8.7,68.78945,135326,67.0876254378316
2025-01-24 11:00:00,119171,30962,56895,33755,2962,1578,16,2717,1763,-8.5,69.39395,130648,67.24710672953279
2025-01-24 10:00:00,115302,31003,52826,33743,1842,1561,16,699,1869,-8.5,72.25637,123559,67.84532085886094
2025-01-24 09:00:00,113724,30548,50140,33745,1057,1356,16,474,2246,-8.6,74.00483,119582,67.47503804920473
2025-01-24 08:00:00,113310,30347,49258,33748,1172,816,16,494,2777,-8.8,76.69533,118628,67.1047307549651
2025-01-24 07:00:00,113568,30245,49723,33741,792,722,16,522,3135,-8.4,77.69217,118896,67.25878078320548
2025-01-24 06:00:00,114390,30518,48532,33746,638,671,16,529,3504,-6.8,74.05237,118154,66.90420976014354
2025-01-24 05:00:00,116103,28953,55927,33796,2674,1524,7,777,4377,-5.25,73.764496,128035,66.2943726324833
2025-01-24 04:00:00,119470,31610,49689,33742,863,708,16,526,3984,-4.1,78.09793,121138,67.11271442487082
2025-01-24 03:00:00,123301,31860,52356,33746,1024,1247,16,540,4534,-3.55,80.62067,125323,67.19915737733696
2025-01-24 02:00:00,125749,32172,55217,33744,1300,1266,16,1269,4811,-3.9,85.326,129795,67.32847952540546
2025-01-24 01:00:00,126922,32278,56489,33747,1299,1242,16,1609,5377,-3.5,83.76339,132057,67.2187010154706
2025-01-24 00:00:00,127121,32203,57019,33748,1336,1244,16,2158,5009,-2.5,79.859,132733,67.2191542419745
2025-01-23 23:00:00,124656,31827,56946,33747,1587,1260,16,1914,5089,-2.15,77.23042,132386,67.05618418866042
2025-01-23 22:00:00,120260,30972,54586,33754,1356,1276,56,1903,5287,-1.65,72.48126,129190,66.22648811827541
2025-01-23 21:00:00,120118,30424,51048,33742,1115,1237,1296,976,5165,-1.5,69.00129,125003,65.1760357751414
2025-01-23 20:00:00,120591,29891,50587,33748,1076,1402,3243,630,5491,-1.45,65.655525,126068,63.836976869625914
2025-01-23 19:00:00,122117,30339,49030,33752,1071,1476,4249,530,5788,-1.45,60.539654,126235,62.8740048322573
2025-01-23 18:00:00,123919,31233,49561,33766,1087,1480,4768,539,5694,-2.45,59.346367,128128,63.05725524475524
2025-01-23 17:00:00,126320,32412,49974,33754,1652,1812,4694,517,5430,-4.1,56.38544,130245,63.25463549464471
2025-01-23 16:00:00,129823,32350,53149,33775,2464,1425,4374,536,5208,-5.85,55.449467,133281,64.14942865074542
2025-01-23 15:00:00,134499,31597,57327,33781,3548,1560,3804,1094,5293,-7.15,54.85757,138004,64.43581345468247
2025-01-23 14:00:00,138677,31144,62535,33783,5126,1811,2434,1984,4683,-8.65,57.684895,143500,65.2815331010453
2025-01-23 13:00:00,139455,30567,63595,33785,5842,1829,816,4813,3857,-10.2,60.203197,145104,64.8927665674275
2025-01-23 12:00:00,134850,29865,65700,33788,6404,1794,8,5174,4543,-11.0,66.87174,147276,64.88837285097368
2025-01-23 11:00:00,128252,28912,61935,33779,5556,1745,7,4344,4712,-11.25,67.65203,140990,64.43506631676006
2025-01-23 10:00:00,124276,28600,57672,33786,5018,1687,7,1855,4642,-11.1,67.968094,133267,64.73620626261565
2025-01-23 09:00:00,122533,28021,55149,33796,4252,1543,7,1270,4313,-10.75,67.767006,128351,64.79887184361634
2025-01-23 08:00:00,121978,28240,54478,33775,3142,1335,7,782,4107,-9.95,65.47773,125866,65.71909808844326
2025-01-23 07:00:00,122392,28275,54822,33772,2880,1328,7,784,4327,-9.85,66.31632,126195,65.84809223820278
2025-01-23 06:00:00,123051,28860,55544,33788,2792,1327,7,782,4309,-9.85,67.139885,127409,66.24649750017659
2025-01-23 05:00:00,125342,31635,56406,33812,4002,1898,7,697,4268,-9.25,63.785275,132725,66.33339611979657
2025-01-23 04:00:00,128820,29163,56905,33789,2972,1666,7,658,4636,-8.75,59.350292,129796,66.31020986779254
2025-01-23 03:00:00,133049,29740,59953,33787,3294,1859,7,488,4922,-9.45,58.186493,134050,66.91010816859381
2025-01-23 02:00:00,135592,30209,63601,33779,3306,2038,7,1419,4744,-10.55,58.127598,139103,67.43923567428453
2025-01-23 01:00:00,136635,31718,64670,33787,3270,2067,7,2413,5127,-10.85,57.315865,143059,67.37639715082588
2025-01-23 00:00:00,136693,32488,64462,33769,3114,2055,7,3335,4883,-11.8,65.85141,144113,67.27359780172503
2025-01-22 23:00:00,133559,32795,64450,33755,3016,2052,7,3150,4267,-11.4,63.51164,143492,67.77032865943747
2025-01-22 22:00:00,128223,32353,61697,33751,2545,2016,105,2044,4123,-10.45,57.186443,138634,67.84050088722825
2025-01-22 21:00:00,127432,30645,54882,33758,2048,1989,2936,937,6113,-10.15,51.980656,133308,64.15743991358357
2025-01-22 20:00:00,127921,29829,50861,33768,1849,1839,6627,675,6722,-10.75,50.493652,132170,61.050162669289556
2025-01-22 19:00:00,129802,30212,51693,33749,1974,1863,7075,657,5735,-11.6,49.805157,132958,61.602160080626966
2025-01-22 18:00:00,132167,30934,52901,33762,2841,1724,6667,626,5799,-12.55,49.513798,135254,61.983379419462636
2025-01-22 17:00:00,134719,31862,52651,33772,3775,1719,6250,713,5312,-13.5,48.577583,136054,62.11724756346745
2025-01-22 16:00:00,137842,33186,55121,33788,3788,1763,5859,772,4519,-15.0,51.64123,138796,63.62359145796709
2025-01-22 15:00:00,141835,32989,59736,33782,5813,2089,4941,586,3812,-16.55,54.951054,143748,64.50524529036926
2025-01-22 14:00:00,144420,32974,62841,33791,6630,2237,3076,3561,3704,-18.15,59.326744,148814,64.38574327684223
2025-01-22 13:00:00,143095,32880,66894,33801,6933,2256,790,5563,3678,-19.05,63.191753,152795,65.29925717464576
2025-01-22 12:00:00,138079,32664,66130,33781,6095,1998,7,5343,3015,-20.0,64.37719,149033,66.29001630511362
2025-01-22 11:00:00,131923,32644,62859,33781,5684,2039,7,4325,3064,-19.65,61.908314,144403,66.13643760863694
2025-01-22 10:00:00,127508,31886,60509,33787,5695,2013,7,1490,2699,-19.35,59.79459,138086,66.91120026650059
2025-01-22 09:00:00,125897,31538,58528,33801,4279,2088,7,1276,2492,-19.2,58.237717,134009,67.20891880396093
2025-01-22 08:00:00,125418,31585,57227,33794,3968,1891,7,1320,3284,-19.0,57.51055,133076,66.73780396164598
2025-01-22 07:00:00,125429,31361,56826,33805,3837,1873,7,531,3466,-18.9,56.508934,131706,66.957465870955
2025-01-22 06:00:00,126391,31531,56417,33798,3807,1872,7,548,4260,-18.7,57.08,132240,66.50635208711434
2025-01-22 05:00:00,127950,32181,55831,33822,2693,1769,7,812,5010,-18.35,56.16137,132125,66.61267738883633
2025-01-22 04:00:00,131067,31978,58309,33802,5228,2737,7,576,4086,-18.05,55.495865,136723,66.03643863870747
2025-01-22 03:00:00,134917,32244,60334,33800,5737,2733,7,585,4285,-17.6,54.63987,139725,66.25729110753265
2025-01-22 02:00:00,137415,33032,63355,33808,5967,2853,7,722,3828,-17.05,54.07366,143572,67.13495667678934
2025-01-22 01:00:00,138606,32903,66122,33788,6342,2736,7,3100,2954,-16.4,52.602814,147952,66.93049097004435
2025-01-22 00:00:00,139334,33051,66760,33772,6701,2915,7,3391,2143,-15.65,60.017212,148740,67.10434314911927
2025-01-21 23:00:00,137483,32924,66005,33785,6766,2622,7,4375,2061,-14.55,56.02318,148545,66.59867380255142
2025-01-21 22:00:00,133384,32788,63405,33772,6006,2326,173,3568,2380,-13.7,52.03524,144418,66.60734811450097
2025-01-21 21:00:00,131951,31971,59330,33800,6057,2487,1688,1618,2757,-12.85,51.16998,139708,65.3513041486529
2025-01-21 20:00:00,132337,31836,56634,33799,5534,2455,3165,816,3447,-12.2,52.711433,137686,64.25489882776752
2025-01-21 19:00:00,132523,31751,57360,33793,4833,2181,3620,668,3930,-11.65,54.017227,138136,64.50961371402096
2025-01-21 18:00:00,132196,32401,56255,33806,5172,2065,4491,572,3510,-11.5,57.134068,138272,64.11710252256422
2025-01-21 17:00:00,132554,32405,56124,33809,4557,1928,4748,729,3606,-11.15,62.519333,137906,64.19517642452105
2025-01-21 16:00:00,135096,32315,56933,33800,4459,2421,5004,602,3740,-11.8,64.48528,139274,64.0808765455146
2025-01-21 15:00:00,138058,32378,60317,33805,5354,2259,4508,720,3765,-13.05,64.99575,143106,64.77366427682976
2025-01-21 14:00:00,140181,32334,64128,33811,5732,2344,2911,2892,3518,-14.3,64.68602,147670,65.32267894629918
2025-01-21 13:00:00,139225,32476,64845,33800,6085,2151,915,5066,3410,-15.5,68.693436,148748,65.42676204049802
2025-01-21 12:00:00,134631,32204,63494,33816,5815,2263,7,5478,3522,-16.75,72.37519,146599,65.27875360677767
2025-01-21 11:00:00,128626,31786,60147,33808,5622,2133,7,4484,3535,-16.95,71.70881,141522,64.96021819929057
2025-01-21 10:00:00,124182,31326,56677,33810,5045,1800,7,1216,4459,-16.8,69.897354,134340,65.50766711329462
2025-01-21 09:00:00,122649,31698,54307,33819,4058,1662,7,691,4515,-16.6,67.55299,130757,65.77468127901375
2025-01-21 08:00:00,122556,31723,53138,33814,3306,1653,7,702,4747,-16.75,64.91543,129090,65.73785730885429
2025-01-21 07:00:00,123191,31860,53718,33813,2844,1678,7,610,5053,-17.3,63.646652,129583,66.04107020210984
2025-01-21 06:00:00,123709,31900,54824,33819,2798,1680,7,806,5169,-17.35,61.970783,131003,66.20001068677817
2025-01-21 05:00:00,125258,28984,44744,33761,1279,1077,7,474,5595,-17.0,60.17605,115921,63.601935801105924
2025-01-21 04:00:00,127645,33147,54748,33816,3472,1924,7,777,5302,-16.85,59.162422,133193,65.99070521724114
2025-01-21 03:00:00,130739,33077,54769,33805,3563,1931,7,774,5290,-15.7,58.19229,133216,65.94252942589479
2025-01-21 02:00:00,132549,33428,60031,33814,3695,1938,7,925,4206,-14.75,54.515854,138044,67.70232679435543
2025-01-21 01:00:00,133563,33329,59941,33805,3434,1951,7,1645,3914,-14.35,54.15847,138026,67.57422514598699
2025-01-21 00:00:00,133247,32862,61816,33803,3600,1955,7,2194,3337,-14.65,64.32142,139574,67.83355066129795
2025-01-20 23:00:00,129679,31662,61412,33799,3430,1955,7,2642,3132,-14.1,65.01333,138039,67.42587239838016
2025-01-20 22:00:00,122651,31089,59145,33808,3432,1834,155,1861,3943,-13.35,61.422302,135267,66.70806626893477
2025-01-20 21:00:00,119575,29602,51665,33806,2426,1813,3470,1260,4507,-12.95,59.97317,128549,63.21869481676248
2025-01-20 20:00:00,119455,28611,45340,33800,2267,1621,7275,663,5805,-12.85,58.983887,125382,58.98055542262844
2025-01-20 19:00:00,120816,30204,43359,33816,2064,1722,7638,736,6000,-13.0,58.440033,125539,58.59772660288834
2025-01-20 18:00:00,120730,31577,43643,33800,2009,1767,7468,698,5933,-13.45,59.837784,126895,59.2773552937468
2025-01-20 17:00:00,122637,31454,43325,33800,1954,1736,7457,681,5354,-13.9,60.75225,125761,59.46120021310263
2025-01-20 16:00:00,123349,32090,46540,33798,1858,1839,7573,602,4404,-14.55,61.10371,128704,61.09367230233714
2025-01-20 15:00:00,124394,31703,50052,33808,1901,1885,7727,628,3397,-15.45,63.84221,131101,62.360317617714585
2025-01-20 14:00:00,126033,31957,50924,33804,2038,1939,6270,987,3416,-16.2,66.48308,131335,63.10655956142689
2025-01-20 13:00:00,124698,31943,57505,33813,2370,1635,2074,1140,3470,-16.45,67.58845,133950,66.77715565509519
2025-01-20 12:00:00,119965,31739,55438,33790,2412,1697,12,1638,3691,-16.0,59.138065,130417,66.84481317619635
2025-01-20 11:00:00,114393,31362,51479,33804,2056,1872,7,1491,3769,-15.55,59.004112,125840,65.83041958041959
2025-01-20 10:00:00,110362,30574,48355,33785,1875,1878,7,770,3690,-14.9,59.183956,120934,65.26617824598542
2025-01-20 09:00:00,108392,30319,45747,33800,1729,1150,7,472,3922,-14.05,57.39798,117146,64.93264814846431
2025-01-20 08:00:00,107579,30110,45070,33795,1403,1104,7,472,3986,-13.3,57.361813,115947,64.83996998628683
2025-01-20 07:00:00,107499,29690,43543,33787,1286,1138,7,470,4410,-12.65,58.787277,114331,64.05349380308053
2025-01-20 06:00:00,108557,29502,42900,33782,1284,1057,7,471,4959,-12.0,59.974224,113962,63.53170355030624
2025-01-20 05:00:00,110050,22064,38546,32847,653,597,7,435,5016,-11.2,60.952637,100165,60.51015823890581
2025-01-20 04:00:00,112723,29157,46893,33748,1000,1051,7,459,6561,-10.2,62.50178,118876,63.974225243110475
2025-01-20 03:00:00,113755,29587,49320,33761,999,1040,7,500,7220,-8.9,65.99837,122434,64.44860087884085
2025-01-20 02:00:00,115275,29624,49221,33743,997,1206,7,548,7630,-7.55,71.01119,122976,64.11413609159511
2025-01-20 01:00:00,116068,29691,50069,33692,996,1752,7,1564,7612,-6.35,72.11249,125383,63.61308949379102
2025-01-20 00:00:00,116202,29189,49216,33634,1000,1795,7,1429,7641,-5.85,71.92833,123911,63.275254012960914
2025-01-19 23:00:00,113768,28241,49611,33590,996,1800,7,1744,7757,-4.95,60.35281,123746,62.912740613838025
2025-01-19 22:00:00,110106,26508,46575,33534,994,1810,89,1464,8062,-4.6,53.38121,119036,61.395712221512824
2025-01-19 21:00:00,107646,25618,44596,33540,988,1817,1096,779,7727,-4.1,50.58784,116161,60.445416275686334
2025-01-19 20:00:00,106790,25725,43110,33540,922,1788,1867,832,7146,-3.7,53.20975,114930,59.89297833463848
2025-01-19 19:00:00,106417,25262,41700,33518,751,1544,2170,619,7148,-3.4,54.153435,112712,59.40982326637803
2025-01-19 18:00:00,106010,25537,41266,33470,670,1427,2595,503,6864,-3.35,52.885098,112332,59.469251860556206
2025-01-19 17:00:00,104757,25752,42446,33423,685,1402,2457,502,5897,-3.55,52.82783,112564,60.58597775487723
2025-01-19 16:00:00,104111,25523,42323,33378,887,1377,2244,541,4697,-3.85,55.33875,110970,61.139046589168245
2025-01-19 15:00:00,102988,24415,42544,33324,803,1356,1637,581,4826,-4.1,55.713253,109486,61.15759092486711
2025-01-19 14:00:00,100684,23636,43831,33243,609,1351,877,725,5307,-4.35,58.846207,109579,61.56927878516869
2025-01-19 13:00:00,97903,22905,44296,33178,573,1332,207,646,4806,-4.6,64.1508,107943,62.25600548437601
2025-01-19 12:00:00,95201,21187,42345,33114,546,1322,7,556,4673,-5.0,63.8001,103750,61.23566265060241
2025-01-19 11:00:00,93458,20814,40094,33084,604,1329,7,593,4851,-4.4,62.446228,101376,60.08128156565656
2025-01-19 10:00:00,93194,21026,38716,33066,655,1337,7,442,4887,-4.05,64.79144,100136,59.66086122872893
2025-01-19 09:00:00,93564,21475,38722,33021,656,612,7,450,5171,-3.6,73.7904,100114,60.128453562938255
2025-01-19 08:00:00,93955,21677,38468,32927,657,583,7,451,5471,-3.15,80.371895,100241,60.00039903831765
2025-01-19 07:00:00,93952,21861,38664,32895,655,579,7,452,5334,-2.65,75.977455,100447,60.25565721226119
2025-01-19 06:00:00,94783,21770,37520,32847,652,587,7,447,6198,-2.35,76.61146,100028,59.27340344703483
2025-01-19 05:00:00,96661,21550,38914,32509,260,591,7,458,7444,-1.8,79.66257,101733,59.43400863043456
2025-01-19 04:00:00,99533,22294,40621,32848,302,595,7,463,5362,-1.3,85.9373,102492,61.385278851032275
2025-01-19 03:00:00,101656,23180,42449,32837,300,563,7,602,4798,-0.9,85.02681,104736,62.661358081271004
2025-01-19 02:00:00,103241,23394,44213,32866,300,568,7,756,5075,-0.55,82.88324,107179,63.07858815626195
2025-01-19 01:00:00,103663,23295,44449,32856,299,1289,7,1205,5218,0.05,83.886246,108618,62.369036439632474
2025-01-19 00:00:00,104253,23068,43965,32821,291,1301,7,2112,4854,-1.05,83.4394,108419,61.827723922928634
2025-01-18 23:00:00,102307,23444,44074,32756,336,1279,7,2836,4576,-0.6,84.74594,109308,61.768580524755734
2025-01-18 22:00:00,99130,22494,41808,32755,280,1278,23,2921,4796,0.3,88.028244,106355,60.45978092238259
2025-01-18 21:00:00,99345,22120,39835,32636,314,1263,1027,816,5508,1.7,91.73733,103519,59.84891662400139
2025-01-18 20:00:00,100480,22236,38380,32577,282,1258,2071,797,5179,2.8,88.57426,102780,58.97645456314458
2025-01-18 19:00:00,101783,22850,40129,32579,276,1261,1772,475,5589,3.35,87.675804,104931,60.019441347170996
2025-01-18 18:00:00,102322,23207,39888,32578,268,932,2079,467,6342,3.7,86.773346,105761,59.65809703009616
2025-01-18 17:00:00,102752,23385,39506,32590,266,936,2167,587,7330,3.45,91.84961,106767,58.904905073665084
2025-01-18 16:00:00,103565,23126,40121,32573,258,951,2056,490,7449,2.55,94.4592,107024,59.09609059650172
2025-01-18 15:00:00,104306,22510,41502,32586,334,933,1600,1067,6427,1.7,97.175385,106959,59.84723118204172
2025-01-18 14:00:00,102688,22263,42099,32591,420,579,776,1090,7129,1.55,97.17196,106947,60.18121125417263
2025-01-18 13:00:00,100578,22046,41346,32581,438,575,198,1020,7052,1.7,97.175385,105256,60.226495401687316
2025-01-18 12:00:00,98508,21003,40892,32580,426,603,7,1210,7290,1.0,99.28303,104011,59.50812894789974
2025-01-18 11:00:00,96873,20780,40102,32567,424,614,7,523,7062,1.45,97.16968,102079,59.64204194790309
2025-01-18 10:00:00,95775,20307,40952,32590,341,586,7,486,6465,2.5,88.86738,101734,60.21487408339395
2025-01-18 09:00:00,95785,19916,38327,32584,325,581,7,485,6840,3.15,81.56394,99065,58.79271185585222
2025-01-18 08:00:00,96229,20279,37826,32587,276,583,7,437,7074,2.7,75.771866,99069,58.65104119351159
2025-01-18 07:00:00,96921,20440,38390,32578,386,599,7,435,7391,2.2,74.30573,100226,58.69734400255423
2025-01-18 06:00:00,98257,21028,39684,32572,257,583,7,452,7545,1.35,73.329704,102128,59.446968510104966
2025-01-18 05:00:00,100287,26651,42129,32915,413,586,6,382,2666,0.85,72.42023,105748,65.0414192230586
2025-01-18 04:00:00,103328,22479,39299,32376,264,582,7,434,8453,1.1,70.599915,103894,59.462529116214604
2025-01-18 03:00:00,105907,23772,41497,32364,259,605,7,441,8519,1.05,70.85411,107464,60.73568823047718
2025-01-18 02:00:00,107874,24108,43000,32586,265,620,7,688,8317,0.6,72.64309,109591,61.234955425171776
2025-01-18 01:00:00,108655,24065,44208,32567,254,629,7,1403,8789,0.7,73.75581,111922,61.00051821804471
2025-01-18 00:00:00,109139,23875,44125,32562,252,618,7,3227,8731,0.1,81.14291,113397,59.96631304179123
2025-01-17 23:00:00,106577,23297,44439,32548,288,649,17,3337,8542,0.45,81.19192,113117,59.8813617758604
2025-01-17 22:00:00,101401,21670,43340,32555,382,645,103,2889,8306,1.05,81.57511,109890,59.15915915915916
2025-01-17 21:00:00,100421,20514,39615,32562,256,673,3005,1065,7693,1.55,81.64339,105383,57.0575899338603
2025-01-17 20:00:00,100791,20708,35467,32559,252,766,7488,546,7585,1.6,82.5516,105371,53.31163223277752
2025-01-17 19:00:00,102093,20996,35558,32579,255,796,8065,518,7486,1.45,81.03311,106253,53.225791271775854
2025-01-17 18:00:00,104139,21395,36234,32570,327,800,7790,520,7711,1.05,80.67923,107347,53.68477926723616
2025-01-17 17:00:00,106301,22055,37843,32591,280,778,7716,572,7196,0.1,82.354836,109031,54.93666938760536
2025-01-17 16:00:00,108493,22924,39050,32579,304,780,7875,625,7697,-1.25,83.10291,111834,55.4160630935136
2025-01-17 15:00:00,113003,23707,40243,32595,684,780,7480,757,7576,-2.7,84.18023,113822,56.1842174623535
2025-01-17 14:00:00,116571,25130,43786,32610,733,734,5712,1325,7612,-4.0,86.6254,117642,58.581118988116486
2025-01-17 13:00:00,116467,26378,49454,32601,843,646,1679,3276,7752,-3.85,87.63479,122629,61.838553686322165
2025-01-17 12:00:00,111376,25946,49769,32582,1288,593,9,5024,6945,-5.75,93.35795,122156,61.98221945708766
2025-01-17 11:00:00,104690,25253,45978,32567,1200,584,6,3820,6158,-3.3,90.71785,115566,61.63664053441323
2025-01-17 10:00:00,100982,24466,43867,32570,1218,565,6,1339,5245,-2.05,88.13686,109276,62.532486547823865
2025-01-17 09:00:00,99586,24513,41798,32553,448,559,6,545,4370,-1.9,87.49431,104792,63.278685395831744
2025-01-17 08:00:00,100061,25167,41046,32538,408,564,6,492,3661,-2.2,88.45354,103882,63.738665023776974
2025-01-17 07:00:00,100945,25682,41596,32524,294,606,6,379,3244,-1.85,88.815956,104331,64.4851482301521
2025-01-17 06:00:00,102913,25801,42568,32655,414,591,6,382,2688,-1.45,87.8646,105105,65.04828504828505
2025-01-17 05:00:00,106461,27721,45468,33824,377,672,135,446,8552,-1.0,85.96971,117195,62.45061649387772
2025-01-17 04:00:00,109942,27846,44561,32796,195,603,6,392,2870,-1.15,84.99817,109269,66.26490587449322
2025-01-17 03:00:00,113185,28245,46553,32895,194,594,6,379,2997,-1.05,85.32681,111863,66.86571967495955
2025-01-17 02:00:00,116459,27861,48908,33040,371,758,6,680,3459,-1.15,85.63402,115083,66.70750675599349
2025-01-17 01:00:00,118677,27590,50283,33037,802,760,6,1756,3975,-1.2,85.30994,118209,65.87738666260606
2025-01-17 00:00:00,119892,27205,53155,33046,630,777,18,1972,4329,-1.1,87.5718,121132,66.34085130271109
2025-01-16 23:00:00,118934,27284,52935,33054,816,777,18,3147,4592,-1.5,87.207504,122623,65.41921173026267
2025-01-16 22:00:00,115939,26996,51012,33046,741,769,32,3716,4904,-1.75,86.53342,121216,64.35454065469905
2025-01-16 21:00:00,116146,26333,47741,33100,480,778,1236,1432,6612,-1.8,85.88304,117712,62.928163653663184
2025-01-16 20:00:00,117430,26293,46688,33081,502,867,3109,462,7137,-1.7,84.61728,118139,61.77553559789739
2025-01-16 19:00:00,117670,26818,47046,33091,547,853,3699,494,7263,-1.6,81.51304,119811,61.65043276493811
2025-01-16 18:00:00,118203,26966,47833,33084,571,935,3992,450,7349,-1.6,76.160225,121180,61.7255322660505
2025-01-16 17:00:00,119590,26926,46815,33096,569,934,4350,503,7904,-2.05,77.54082,121097,60.89415922772653
2025-01-16 16:00:00,121769,27326,48775,33087,583,932,4453,532,7852,-2.65,78.03423,123540,61.60029140359398
2025-01-16 15:00:00,124272,27948,48727,33090,996,884,4280,662,7601,-3.65,77.87124,124188,61.74106999065933
2025-01-16 14:00:00,126576,28651,50986,33108,1394,919,3202,1370,7700,-4.25,78.67838,127330,62.54378386868766
2025-01-16 13:00:00,127263,28560,53504,33117,2079,879,965,3296,8034,-4.8,79.81734,130434,62.91611082999832
2025-01-16 12:00:00,123703,27376,53866,33332,2228,869,128,4879,8126,-6.0,81.520874,130804,62.10972141524724
2025-01-16 11:00:00,117186,26279,51344,33573,1308,880,127,4471,8062,-6.9,79.49449,126044,61.58405001428072
2025-01-16 10:00:00,113437,25562,47450,33584,1401,681,127,1590,7748,-7.65,76.28576,118143,61.79968343448194
2025-01-16 09:00:00,111709,26224,45606,33581,700,684,127,564,7762,-8.4,75.242096,115248,62.32646119672359
2025-01-16 08:00:00,111567,26520,44714,33817,478,677,127,528,7976,-9.45,75.657936,114837,62.03053022980398
2025-01-16 07:00:00,112371,27042,44442,33832,379,692,127,443,7901,-10.4,77.037766,114858,62.23684897873897
2025-01-16 06:00:00,113480,28235,44681,33802,372,678,135,448,8293,-11.05,78.51318,116644,62.51157367717156
2025-01-16 05:00:00,115510,29168,45644,33845,189,806,49,590,4324,-10.0,78.050606,114615,65.27243380011343
2025-01-16 04:00:00,119196,28471,46129,33818,380,692,135,1333,7663,-11.25,78.15966,118621,62.889370347577575
2025-01-16 03:00:00,123180,28877,48508,33806,377,688,135,2048,7785,-11.15,77.2224,122224,63.31407906794083
2025-01-16 02:00:00,125544,28926,49556,33814,362,1423,135,3068,8130,-10.65,75.747025,125414,62.578340536144296
2025-01-16 01:00:00,126453,29199,51519,33822,368,1410,135,3958,6971,-9.45,74.44242,127382,63.36688072098099
2025-01-16 00:00:00,126554,29465,52875,33820,363,1414,143,4416,5965,-13.4,88.45778,128461,64.0972746592351
2025-01-15 23:00:00,123407,29463,53501,33819,362,1399,143,4780,4404,-13.55,89.54291,127871,64.88101289580905
2025-01-15 22:00:00,117692,28679,50802,33809,361,1400,202,5187,3759,-11.4,84.435524,124199,63.994879185822754
2025-01-15 21:00:00,115554,27582,45857,33799,364,1456,2859,1724,3495,-9.95,82.265724,117136,62.69549924873651
2025-01-15 20:00:00,114982,26691,42127,33820,349,1776,7150,827,3555,-9.95,80.299644,116295,59.175372973902576
2025-01-15 19:00:00,116088,26776,41341,33819,282,1625,7894,522,3670,-10.7,79.8599,115929,58.75751537579036
2025-01-15 18:00:00,117242,27780,41831,33808,256,1741,7812,535,3455,-11.75,79.04413,117218,59.38593048849153
2025-01-15 17:00:00,118871,29245,41587,33820,258,1642,7684,518,2756,-12.85,78.213585,117510,60.2774231980257
2025-01-15 16:00:00,121014,29734,44244,33823,258,1788,7773,522,2315,-14.0,77.36741,120457,61.41444664901168
2025-01-15 15:00:00,125008,29448,46445,33843,264,1777,7899,599,2187,-15.45,79.10123,122462,61.97269357025036
2025-01-15 14:00:00,129366,29909,51081,33853,277,1873,6045,1584,2506,-17.65,82.560715,127128,63.70744446542068
2025-01-15 13:00:00,130473,30272,56495,33846,806,1761,2028,4956,2164,-18.65,83.86087,132328,65.56964512423674
2025-01-15 12:00:00,125374,30158,56471,33849,1466,1701,61,5371,2150,-18.15,84.653534,131227,66.01461589459487
2025-01-15 11:00:00,118296,29805,52710,33850,1279,1712,49,3823,2136,-17.85,83.966125,125364,65.82033119555854
2025-01-15 10:00:00,114018,29383,51311,33845,525,973,49,1110,2295,-17.2,82.97873,119491,67.53144588295352
2025-01-15 09:00:00,111970,28844,48541,33838,240,952,49,635,2593,-16.5,81.67137,115692,66.88880821491546
2025-01-15 08:00:00,111887,28387,46236,33844,212,862,49,618,2896,-15.3,80.81644,113104,65.97733059838733
2025-01-15 07:00:00,111485,28934,45423,33839,188,828,49,560,3269,-14.35,80.62164,113090,65.75028738173137
2025-01-15 06:00:00,111422,28852,45208,33846,188,816,49,578,3829,-13.7,79.71733,113366,65.32822892225182
2025-01-15 05:00:00,112180,25368,42107,33838,187,640,49,446,7065,-13.05,79.16034,109700,61.50865998176845
2025-01-15 04:00:00,114786,29430,46745,33858,187,819,49,591,4627,-11.9,78.372444,116306,65.49533128127526
2025-01-15 03:00:00,118526,30000,49817,33847,188,824,59,924,4671,-11.9,76.14373,120330,66.33175434222555
2025-01-15 02:00:00,121269,30137,50363,33848,186,1538,49,3083,4670,-11.0,73.53917,123874,64.98538837851365
2025-01-15 01:00:00,122488,30049,52038,33844,187,1518,49,3570,4442,-9.4,75.667046,125697,65.30545677303357
2025-01-15 00:00:00,122852,29891,52726,33830,187,1353,49,4536,4146,-8.25,78.65344,126718,65.19752521346612
2025-01-14 23:00:00,120451,29702,53744,33847,187,1337,49,4784,4159,-7.3,78.495316,127809,65.28961184267149
2025-01-14 22:00:00,115390,28826,51232,33840,185,1350,95,4129,4298,-6.85,81.08108,123955,64.5863418175951
2025-01-14 21:00:00,113366,27069,45911,33826,184,1345,2019,2111,5044,-6.45,77.10151,117509,62.10588125164881
2025-01-14 20:00:00,112720,25542,43975,33833,184,1399,4561,1130,6318,-6.05,79.00551,116942,59.445708128816
2025-01-14 19:00:00,113402,25012,43417,33845,185,1487,5765,650,7309,-7.0,82.667694,117670,58.15331010452962
2025-01-14 18:00:00,114522,25144,42702,33844,186,1547,6160,651,7358,-7.75,81.59333,117592,57.69610177563099
2025-01-14 17:00:00,115506,26187,43947,33852,186,1549,5834,603,7471,-8.8,79.83244,119629,58.62625283167125
2025-01-14 16:00:00,117171,27247,44317,33856,190,1563,6076,666,7662,-9.85,77.13319,121577,58.863107331156385
2025-01-14 15:00:00,119314,27655,45448,33860,248,1770,5910,953,7660,-11.35,76.871635,123504,59.19079543982381
2025-01-14 14:00:00,122810,27801,48731,33871,214,1717,4951,2058,7487,-12.8,77.89815,126830,60.34219033351731
2025-01-14 13:00:00,123770,28595,55318,33860,612,1601,1814,2791,6637,-13.65,77.752846,131228,63.94443259060566
2025-01-14 12:00:00,118518,27354,55506,33867,959,1516,50,4509,5984,-16.0,78.34026,129745,63.86373270646267
2025-01-14 11:00:00,111188,26343,52008,33856,968,1506,49,3350,5226,-16.15,78.64975,123306,63.54192010121162
2025-01-14 10:00:00,106045,26223,48052,33856,558,780,49,1459,4763,-16.35,78.95292,115740,64.17401071366857
2025-01-14 09:00:00,104279,26075,44458,33859,197,734,49,519,4213,-16.25,79.30723,110104,64.06034294848507
2025-01-14 08:00:00,104347,25944,43382,33863,195,614,49,542,4427,-15.3,78.45847,109016,63.59250018345931
2025-01-14 07:00:00,105075,25576,42796,33858,192,615,49,428,5386,-13.95,77.052246,108900,62.7842056932966
2025-01-14 06:00:00,105749,25581,41885,33854,190,632,49,427,6574,-13.1,75.609146,109192,61.78657777126529
2025-01-14 05:00:00,107081,22427,37755,33822,198,631,0,431,8113,-12.25,73.90363,103377,58.216044187778714
2025-01-14 04:00:00,108928,26153,42882,33844,187,630,49,444,7181,-11.35,71.67231,111370,61.98707012660501
2025-01-14 03:00:00,112378,27023,43903,33834,187,636,49,545,6888,-10.65,70.64538,113065,62.730287887498335
2025-01-14 02:00:00,114850,27761,46147,33824,331,637,49,1132,6389,-10.15,70.462265,116270,63.56583813537456
2025-01-14 01:00:00,115534,28014,48315,33820,324,616,49,2005,5965,-9.55,69.163506,119108,64.08385666789805
2025-01-14 00:00:00,115759,27855,47882,33830,288,632,49,3530,5425,-10.3,79.59881,119491,63.3830162941142
2025-01-13 23:00:00,112730,27441,48985,33814,298,633,58,4120,4849,-9.4,79.10046,120198,63.58342068919616
2025-01-13 22:00:00,107155,25882,45641,33824,183,638,111,4448,5212,-8.3,78.02,115939,61.69019915645296
2025-01-13 21:00:00,105984,22950,41237,33812,182,648,2683,2103,6319,-7.35,76.036095,109934,58.386850291993376
2025-01-13 20:00:00,105846,22165,38014,33807,186,703,6692,1293,7119,-6.65,76.16032,109979,54.71862810172852
2025-01-13 19:00:00,107296,22331,37874,33817,186,699,7207,733,7472,-6.05,75.66892,110319,54.57355487268739
2025-01-13 18:00:00,108431,23473,39289,33815,188,695,6899,740,7422,-5.65,76.63558,112521,55.77803254503604
2025-01-13 17:00:00,110566,24348,39173,33834,187,682,6837,635,7511,-5.5,76.06433,113207,56.110487867358025
2025-01-13 16:00:00,112412,25463,40637,33821,192,672,6630,646,7411,-5.35,75.20362,115472,57.24331439656367
2025-01-13 15:00:00,114097,26592,41959,33832,192,664,6182,711,7532,-5.15,76.42345,117664,58.25996056567854
2025-01-13 14:00:00,116521,27483,44427,33821,193,639,4335,2315,7425,-4.9,76.16994,120638,59.60808368839005
2025-01-13 13:00:00,116460,27203,47641,33851,194,612,787,3416,7757,-3.8,76.06791,121461,61.61977918838145
2025-01-13 12:00:00,111286,26087,46852,33831,196,616,0,4939,7887,-2.9,81.33131,120408,60.57653976479968
2025-01-13 11:00:00,104714,25096,44353,33824,198,628,0,3347,7784,-1.85,86.523,115230,60.26989499262345
2025-01-13 10:00:00,99949,23531,41387,33839,198,615,0,700,7964,-2.4,86.79105,108234,59.97930410037511
2025-01-13 09:00:00,98383,22252,38447,33833,202,615,0,584,7842,-2.6,87.42592,103775,58.49096603228138
2025-01-13 08:00:00,97916,22104,38199,33838,204,605,0,432,8075,-1.15,86.918396,103457,58.28798437998396
2025-01-13 07:00:00,98097,22341,37920,33838,205,614,0,432,8238,0.4,87.71523,103588,58.17372668648878
2025-01-13 06:00:00,98742,22470,38487,33828,200,624,0,432,8225,1.2,88.755104,104266,58.462969712082554
2025-01-13 05:00:00,101083,23606,39031,33815,195,588,0,1692,6417,1.45,86.54508,105344,59.459485115431356
2025-01-13 04:00:00,103849,23726,37778,33828,195,624,0,718,7893,1.5,84.6777,104762,58.70831026517248
2025-01-13 03:00:00,106823,24891,39783,33846,193,627,0,719,7400,1.4,83.43698,107459,60.18481467350338
2025-01-13 02:00:00,109316,25326,40808,33827,192,621,0,1089,7585,1.2,82.499435,109448,60.425042029091436
2025-01-13 01:00:00,109852,26050,42409,33804,194,610,0,2054,7515,1.2,80.99799,112636,60.7789694236301
2025-01-13 00:00:00,110098,25726,42272,33820,190,609,0,2126,7205,0.45,84.244675,111948,60.74070103976846
2025-01-12 23:00:00,107928,25419,43047,33808,188,605,0,2163,6880,0.5,82.71227,112110,61.07037730800107
2025-01-12 22:00:00,103499,24025,40311,33803,189,605,14,2141,6755,0.45,81.794495,107843,59.65709410902886
2025-01-12 21:00:00,100206,21468,38432,33797,187,607,1463,1640,6801,0.35,82.99879,104395,57.37822692657695
2025-01-12 20:00:00,99112,20416,34932,33807,187,664,4756,1048,7193,-0.5,84.13083,103003,53.734357251730536
2025-01-12 19:00:00,99590,20386,33182,33812,191,689,6268,594,6920,-1.0,83.75754,102042,52.49603104603987
2025-01-12 18:00:00,100586,20475,33640,33816,190,656,6559,692,6547,-1.8,86.20509,102575,52.756519619790396
2025-01-12 17:00:00,101899,21542,34026,33818,192,646,6875,593,6348,-2.4,86.79105,104040,53.410226835832376
2025-01-12 16:00:00,103564,21881,36232,33830,193,649,6217,509,6400,-2.9,87.72652,105911,54.86965471008677
2025-01-12 15:00:00,105064,22290,39021,33829,195,640,5798,594,6156,-3.9,88.29829,108523,56.49585802088036
2025-01-12 14:00:00,106902,23803,38806,33827,192,629,4672,1219,6202,-5.0,86.85321,109350,57.25560128029264
2025-01-12 13:00:00,105898,25047,42678,33826,194,621,1599,2310,5681,-6.1,88.776764,111956,60.49251491657437
2025-01-12 12:00:00,103379,24680,41719,33834,195,621,1,3164,5682,-10.6,86.60396,109896,60.41985149595982
2025-01-12 11:00:00,101067,24761,40235,33840,197,631,0,1881,5870,-11.95,87.87668,107415,60.50923986407858
2025-01-12 10:00:00,99568,24214,40333,33827,200,625,0,454,5230,-10.55,87.30896,104883,61.54190860291945
2025-01-12 09:00:00,98667,23520,39427,33848,202,629,0,455,5439,-10.5,88.01848,103520,60.80660741885626
2025-01-12 08:00:00,98706,23026,39550,33847,201,630,0,457,5979,-10.3,88.39142,103690,60.34911756196355
2025-01-12 07:00:00,99493,22818,39058,33835,198,619,0,463,6330,-11.0,87.2628,103321,59.88714782086895
2025-01-12 06:00:00,101001,23514,38686,33835,197,609,0,868,6485,-10.35,87.68058,104194,59.69633568151716
2025-01-12 05:00:00,103506,26348,41767,33851,270,591,0,456,2949,-9.65,87.749886,106232,64.1190978236313
2025-01-12 04:00:00,106029,25122,41273,33816,193,596,0,618,5976,-8.9,85.417435,107594,61.7088313474729
2025-01-12 03:00:00,108378,25784,42810,33800,192,582,0,630,5733,-7.3,83.28005,109531,62.6251928677726
2025-01-12 02:00:00,110346,26200,44293,33777,191,613,0,1408,5696,-5.8,82.82745,112178,62.84030736864625
2025-01-12 01:00:00,111765,26340,45523,33759,189,630,0,1924,4917,-5.25,83.866684,113282,63.43726276019138
2025-01-12 00:00:00,112812,26574,46173,33751,185,611,0,2161,4718,-5.75,87.11129,114173,63.71646536396521
2025-01-11 23:00:00,111048,27422,47015,33721,184,604,0,2758,3758,-4.95,85.86349,115462,64.46882957163396
2025-01-11 22:00:00,106799,26275,45202,33701,186,598,23,3148,3072,-3.75,84.373276,112205,63.7021523105031
2025-01-11 21:00:00,105986,24282,42083,33660,187,593,1663,1415,2867,-2.65,81.98572,106750,62.168618266978925
2025-01-11 20:00:00,105413,24476,40005,33623,186,597,4869,966,2992,-2.05,80.532974,107714,59.86315613569266
2025-01-11 19:00:00,106280,24504,39778,33584,190,629,5707,563,2930,-1.8,81.17892,107885,59.583816100477364
2025-01-11 18:00:00,107150,25038,40762,33555,186,626,5929,602,2913,-1.8,82.720856,109611,60.03047139429437
2025-01-11 17:00:00,107945,25028,40738,33546,185,607,5039,628,2964,-2.0,83.0066,108735,60.482825217271355
2025-01-11 16:00:00,108826,25590,41571,33561,184,604,4318,604,2920,-2.35,84.22257,109352,61.41725802911699
2025-01-11 15:00:00,109513,26240,44546,33557,186,607,2601,739,2808,-2.65,86.43919,111284,63.60842529024837
2025-01-11 14:00:00,108513,26063,45930,33524,186,580,885,1385,3414,-3.5,88.66997,111967,64.29840935275573
2025-01-11 13:00:00,106234,25828,45173,33475,188,599,111,1848,3901,-4.3,88.59817,111123,63.89406333522313
2025-01-11 12:00:00,103565,24866,44105,33536,189,589,0,1256,4340,-4.55,88.5756,108881,63.3453035883212
2025-01-11 11:00:00,101395,23786,40946,33537,191,605,0,728,4842,-4.9,88.543884,104635,61.86457686242653
2025-01-11 10:00:00,101008,22766,39621,33588,193,584,0,501,4733,-5.2,89.54095,101986,61.17212166375777
2025-01-11 09:00:00,101482,22834,39025,33645,191,585,0,547,4358,-5.75,90.53409,101185,61.1345555171221
2025-01-11 08:00:00,101735,23366,40005,33750,187,590,0,544,3787,-6.05,90.8608,102229,61.989259407800134
2025-01-11 07:00:00,102430,23960,40945,33797,187,592,0,451,3432,-6.3,90.4921,103364,62.79265508300762
2025-01-11 06:00:00,104083,25279,40884,33857,184,582,0,456,3005,-6.35,90.838646,104247,63.46753383790421
2025-01-11 05:00:00,106901,27932,44520,33735,852,649,0,1479,6634,-6.25,90.14702,115801,62.56595366188547
2025-01-11 04:00:00,109586,29227,43436,33841,523,591,0,502,2650,-6.05,89.815674,110770,65.59808612440192
2025-01-11 03:00:00,112745,30500,47342,33852,521,607,0,508,2373,-5.95,89.82382,115703,67.27742582301236
2025-01-11 02:00:00,115156,30778,49960,33844,525,1132,0,716,2008,-5.85,89.83197,118963,67.86816068861748
2025-01-11 01:00:00,117410,31008,51340,33857,520,1123,0,1852,1938,-5.85,89.83197,121638,67.69923872474062
2025-01-11 00:00:00,119166,31105,53442,33848,561,1131,0,2043,1839,-6.25,87.39856,123969,68.20011454476523
2025-01-10 23:00:00,119011,31309,56007,33836,582,1129,0,2167,1483,-6.35,87.05007,126513,69.01741323026093
2025-01-10 22:00:00,115490,31071,55170,33838,514,1133,4,2849,1376,-6.3,85.713295,125955,68.46969155650827
2025-01-10 21:00:00,114035,30348,52339,33827,518,1136,331,1985,1123,-6.45,84.043236,121607,67.99526343055909
2025-01-10 20:00:00,114546,30498,50143,33835,517,1142,1243,1019,1201,-6.7,83.68439,119598,67.42671282128464
2025-01-10 19:00:00,115018,30658,50230,33851,517,1163,2277,571,1518,-6.8,83.01908,120785,66.96858053566254
2025-01-10 18:00:00,114923,30736,49200,33825,519,1205,3402,722,1745,-7.35,83.93098,121354,65.87009904906307
2025-01-10 17:00:00,116454,30827,47527,33839,614,1220,4514,629,2121,-7.85,83.53768,121291,64.60001154248872
2025-01-10 16:00:00,119074,31226,50018,33840,710,1205,4222,701,1974,-8.4,84.131485,123896,65.57435268289534
2025-01-10 15:00:00,121958,31193,51388,33848,941,1255,3735,1510,2205,-9.15,83.03716,126075,65.50148720999405
2025-01-10 14:00:00,124752,30437,52651,33855,1770,1263,2728,2637,2581,-10.45,83.53545,127922,64.95208017385595
2025-01-10 13:00:00,125139,29842,54382,33848,1998,1234,944,4587,3207,-10.8,83.489914,130042,64.76676765967918
2025-01-10 12:00:00,120922,29200,54045,33836,2384,1198,2,5192,2830,-12.6,84.63269,128687,64.68796381918919
2025-01-10 11:00:00,115080,27954,50181,33821,2438,1220,0,3886,3027,-14.05,85.86799,122527,63.769618124984696
2025-01-10 10:00:00,112060,28142,48641,33803,1355,652,0,2505,2963,-13.85,85.18166,118061,65.0367183066381
2025-01-10 09:00:00,110870,28090,47816,33799,1005,657,0,785,3497,-14.35,86.55071,115649,65.63480877482728
2025-01-10 08:00:00,110144,27453,46297,33806,854,648,0,632,4941,-14.8,86.86303,114631,64.33687222479085
2025-01-10 07:00:00,110395,27296,44850,33783,855,651,0,850,6053,-14.5,86.53424,114338,63.09888226136543
2025-01-10 06:00:00,112032,27809,43356,33760,851,655,0,1646,5968,-14.05,86.225105,114045,62.40080669911
2025-01-10 05:00:00,115302,29369,46694,33848,2012,646,0,616,3743,-13.55,85.21752,116928,65.05114258347017
2025-01-10 04:00:00,117675,29047,47051,33628,857,629,0,931,6804,-13.15,85.265114,118947,63.976392847234486
2025-01-10 03:00:00,120793,29844,49472,33747,1167,636,0,982,7090,-12.2,86.78369,122938,64.51707364687891
2025-01-10 02:00:00,122906,29888,50313,33842,1106,1349,0,1857,7538,-12.3,89.2859,125893,63.705686575107435
2025-01-10 01:00:00,124082,30370,51467,33823,1382,1352,0,3440,6720,-11.05,86.206184,128554,63.659629416432004
2025-01-10 00:00:00,124417,30365,52457,33831,1381,1350,0,3881,6376,-12.25,86.77834,129641,63.88565345839665
2025-01-09 23:00:00,121907,30067,52332,33827,1380,1350,0,4141,5924,-10.15,86.30531,129021,63.86479720355601
2025-01-09 22:00:00,115948,29092,51015,33804,1031,1360,18,4303,5456,-8.25,86.1704,126079,63.53714734412551
2025-01-09 21:00:00,114662,26984,47529,33811,1034,1396,2215,2128,4148,-6.9,81.39304,119245,62.48731603002222
2025-01-09 20:00:00,114701,26508,44000,33822,1024,1489,6388,1329,4596,-6.15,77.76072,119156,59.17284903823558
2025-01-09 19:00:00,116110,27139,42621,33813,1030,1507,7323,769,5276,-5.95,76.28362,119478,58.38731816736136
2025-01-09 18:00:00,117532,28413,43965,33825,1031,1494,7072,674,4364,-6.2,76.84158,120838,59.896721230076636
2025-01-09 17:00:00,119041,29163,45190,33841,1030,1467,6904,863,3733,-6.65,77.3718,122191,60.84981708963836
2025-01-09 16:00:00,120468,30204,46602,33847,1129,1444,6871,659,3395,-7.6,79.70037,124151,61.864986991647264
2025-01-09 15:00:00,123531,29981,47288,33853,1605,1275,6892,788,3364,-9.5,82.3279,125046,61.792460374582156
2025-01-09 14:00:00,127127,30994,49244,33849,1879,1351,5479,2223,3277,-11.3,83.76443,128296,62.54131071896239
2025-01-09 13:00:00,127179,32536,53556,33846,2111,1368,1692,4686,2894,-12.05,83.325775,132689,64.88254489822066
2025-01-09 12:00:00,122558,32236,54395,33860,2106,1358,1,5540,2346,-12.25,82.61862,131842,65.70819617420852
2025-01-09 11:00:00,116529,31153,49448,33834,2174,1375,0,4661,2350,-11.6,83.38513,124995,64.48337933517341
2025-01-09 10:00:00,112741,30672,47010,33856,2375,649,0,2187,2642,-10.9,83.47687,119391,65.06520592004422
2025-01-09 09:00:00,112237,28628,46106,33863,2067,640,0,794,2902,-10.25,83.56139,115000,64.98608695652173
2025-01-09 08:00:00,112210,27948,45960,33867,1984,631,0,795,3460,-9.45,83.33034,114645,64.46683239565616
2025-01-09 07:00:00,112404,27960,46432,33874,1985,649,0,551,3713,-9.2,82.699265,115164,64.59657531867597
2025-01-09 06:00:00,112991,28508,46178,33864,2008,644,0,629,3854,-8.35,80.54082,115685,64.55979599775252
2025-01-09 05:00:00,114234,29597,44347,33848,196,524,0,772,2796,-7.95,79.96311,112080,65.97430406852249
2025-01-09 04:00:00,116880,30333,45400,33850,1933,673,0,999,3904,-7.8,82.23427,117092,64.67820175588426
2025-01-09 03:00:00,120851,30748,47438,33849,2202,923,6,1454,3842,-7.15,83.29951,120462,64.90511530607162
2025-01-09 02:00:00,123551,30790,48262,33854,2384,1374,6,3127,3810,-6.5,83.38351,123607,63.95430679492262
2025-01-09 01:00:00,124865,30534,50952,33840,2293,1348,6,4209,3659,-5.7,82.519646,126841,64.24263447938759
2025-01-09 00:00:00,125530,30725,50516,33846,2268,1340,6,4767,3752,-6.7,82.70783,127220,63.85867002043704
2025-01-08 23:00:00,124237,30778,51313,33835,2272,1340,6,4751,3522,-5.9,82.814224,127817,64.2254160244725
2025-01-08 22:00:00,120055,29604,50258,33852,2278,1364,154,4639,3555,-5.5,83.18875,125704,63.53178896455165
2025-01-08 21:00:00,118061,28613,47621,33836,2492,1366,1185,1877,3679,-5.45,83.84172,120669,63.17612642849447
2025-01-08 20:00:00,116800,28599,43766,33841,2173,1424,3631,1372,3747,-5.15,81.640434,118553,61.04020986394271
2025-01-08 19:00:00,116748,28480,42474,33854,2154,1465,5234,683,3726,-5.2,83.227554,118070,60.09485898195985
2025-01-08 18:00:00,117375,29219,41947,33839,2163,1448,5631,701,3477,-5.4,83.52428,118425,60.09373020899304
2025-01-08 17:00:00,117865,30332,42713,33844,2083,1286,5714,734,2865,-5.5,84.1605,119571,61.089227321005936
2025-01-08 16:00:00,118498,30643,45308,33849,2042,1432,5524,749,2338,-5.3,82.893394,121885,62.31365631537925
2025-01-08 15:00:00,120079,30522,46660,33836,2037,1420,5198,884,2307,-5.4,81.92245,122864,62.819051959890615
2025-01-08 14:00:00,122504,30525,47584,33865,2475,1360,4146,2024,2809,-5.7,82.84067,124788,62.59335833573741
2025-01-08 13:00:00,122247,30590,50482,33863,2340,1324,1408,4906,3001,-5.8,81.54911,127914,63.38008349359726
2025-01-08 12:00:00,117496,29821,49567,33858,2337,1288,10,5500,2718,-6.8,85.32329,125099,63.460139569460985
2025-01-08 11:00:00,111403,29378,46237,33862,1878,1281,0,4245,2458,-6.4,84.049446,119339,63.36151635257543
2025-01-08 10:00:00,108375,28026,43258,33860,1814,1271,0,2442,2323,-6.15,83.42849,112994,63.08653556826026
2025-01-08 09:00:00,107438,27454,42313,33850,1679,560,0,698,2435,-6.25,83.74127,108989,64.01288203396673
2025-01-08 08:00:00,107172,28030,42102,33867,1609,574,0,712,2485,-6.3,81.797424,109379,64.11834081496448
2025-01-08 07:00:00,107763,28037,40664,33865,2199,539,0,617,2619,-5.05,79.47052,108540,63.29555924083288
2025-01-08 06:00:00,108931,28586,41736,33851,1920,544,0,633,2739,-4.7,91.654976,110009,63.9238607750275
2025-01-08 05:00:00,110613,30138,44877,33928,180,591,0,710,3513,-5.25,93.74198,113937,65.83901629848073
2025-01-08 04:00:00,113484,30286,44548,33843,195,543,0,1347,3141,-5.4,86.811806,113903,65.69976207825957
2025-01-08 03:00:00,117621,30777,46993,33846,195,1056,6,1586,3324,-5.4,81.605385,117783,66.02820440980447
2025-01-08 02:00:00,120537,30736,49351,33858,192,1260,0,3028,3107,-5.55,80.325676,121532,65.89787051969851
2025-01-08 01:00:00,122122,30865,51261,33862,191,1225,0,4317,3034,-6.8,80.13805,124755,65.82982645986132
2025-01-08 00:00:00,123234,31058,52459,33849,187,1233,0,4518,3055,-6.8,84.328896,126359,66.09501499695313
2025-01-07 23:00:00,121798,31279,52062,33844,198,1233,0,5227,2794,-7.5,82.92669,126637,65.81093993066798
2025-01-07 22:00:00,116225,31083,50329,33849,187,1230,10,4738,2697,-6.2,78.67281,124123,65.58977788161742
2025-01-07 21:00:00,115001,30724,46191,33825,187,1222,1030,2168,2730,-4.95,76.16116,118077,65.13969697739611
2025-01-07 20:00:00,115247,30146,43484,33837,183,1236,3873,1410,2914,-4.5,74.484,117083,62.88701177796947
2025-01-07 19:00:00,116152,30342,42838,33835,384,1223,5177,735,3068,-4.55,73.61006,117602,62.22683287699189
2025-01-07 18:00:00,117159,31011,43301,33859,385,1224,5362,806,3012,-4.7,78.911514,118960,62.46805648957633
2025-01-07 17:00:00,117818,31191,45588,33855,558,1212,4989,802,3060,-5.15,79.45506,121255,63.32027545255866
2025-01-07 16:00:00,118405,31150,47162,33865,869,1224,4503,901,3068,-6.25,78.35682,122742,63.802121523195
2025-01-07 15:00:00,120171,31533,47832,33870,868,1221,4025,868,3164,-8.15,80.251015,123381,64.32513920295669
2025-01-07 14:00:00,121970,30869,49197,33885,1236,1232,3052,3514,3263,-8.95,82.73297,126248,63.41961852861036
2025-01-07 13:00:00,120988,31180,51812,33883,1253,1235,1024,4918,3241,-8.4,82.806816,128546,64.56210228245142
2025-01-07 12:00:00,116311,30443,51169,33877,1339,1237,0,5112,3084,-10.25,83.56139,126261,64.63753653147053
2025-01-07 11:00:00,111274,28702,48313,33901,1652,1261,0,3936,2980,-10.0,82.2588,120745,63.783179427719574
2025-01-07 10:00:00,108847,29336,46543,33898,1257,1246,0,804,3073,-9.1,80.75117,116157,65.32451767865905
2025-01-07 09:00:00,107466,29310,45175,33892,428,1265,0,796,3323,-8.05,78.99962,114189,65.22957552829082
2025-01-07 08:00:00,106546,29774,44993,33924,185,569,0,562,3332,-7.0,80.10777,113339,65.96758397374249
2025-01-07 07:00:00,106846,29528,44430,33901,185,588,0,572,3200,-6.35,81.47132,112404,65.79659086865236
2025-01-07 06:00:00,107886,29783,44385,33923,182,588,0,611,3566,-6.0,81.839226,113038,65.6133335692422
2025-01-07 05:00:00,109650,23526,41059,33935,179,602,0,807,6992,-5.6,82.21338,107100,60.30345471521942
2025-01-07 04:00:00,112121,30283,45157,33917,202,587,0,1052,3760,-5.15,84.20339,114958,65.6239670140399
2025-01-07 03:00:00,115181,30464,47223,33936,173,582,0,1429,4342,-4.4,84.61836,118149,65.753413063166
2025-01-07 02:00:00,118026,30003,48696,33921,249,554,0,1831,5116,-3.95,86.63062,120370,65.38090886433497
2025-01-07 01:00:00,120032,30186,50118,33925,258,773,0,2932,5721,-4.15,83.36237,123913,64.80675958131916
2025-01-07 00:00:00,121865,29944,51052,33916,257,750,0,3664,5877,-4.0,81.80044,125460,64.55922206280886
2025-01-06 23:00:00,121822,29828,50114,33924,254,748,0,5042,5735,-3.8,81.51549,125645,63.62529348561423
2025-01-06 22:00:00,118123,29210,50548,33922,170,742,2,5360,5280,-3.45,81.564415,125234,63.6871776035262
2025-01-06 21:00:00,116938,28700,49211,33918,170,726,237,2373,5058,-3.05,83.18564,120393,64.71389532614023
2025-01-06 20:00:00,116737,28511,49043,33911,171,768,709,1671,5127,-2.4,89.100876,119911,64.67630159034617
2025-01-06 19:00:00,117920,27870,49338,33906,193,779,1013,1034,5662,-2.65,88.081055,119795,64.45010225802412
2025-01-06 18:00:00,118861,27921,49305,33913,186,585,1222,1320,5866,-3.3,84.42732,120318,64.18490998853039
2025-01-06 17:00:00,118680,28613,50470,33912,173,590,1324,940,6254,-3.95,82.43633,122276,64.67581536851058
2025-01-06 16:00:00,117945,28896,50100,33918,175,847,1104,1296,6404,-4.5,82.36245,122740,64.3604366954538
2025-01-06 15:00:00,116820,27945,50321,33932,176,788,744,1375,6400,-5.35,81.92937,121681,64.32064167782974
2025-01-06 14:00:00,115290,27068,50391,33941,176,748,371,2652,6445,-5.8,81.867035,121792,63.59941539674199
2025-01-06 13:00:00,112725,25665,49419,33937,754,759,98,4024,6688,-6.15,82.13814,121344,61.87697784810127
2025-01-06 12:00:00,108302,23506,45964,33941,1400,776,0,4764,7264,-6.4,81.783455,117615,59.06559537473962
2025-01-06 11:00:00,104282,23064,42921,33942,1676,780,0,2321,7377,-6.35,83.07808,112081,58.87260106530099
2025-01-06 10:00:00,102596,22368,42200,33950,1256,755,0,1151,7296,-6.0,85.084274,108976,59.24974306269271
2025-01-06 09:00:00,101356,22397,40256,33949,566,579,0,1025,7644,-5.65,85.45487,106416,58.87554503082243
2025-01-06 08:00:00,101112,22244,39830,33956,252,591,0,834,7613,-5.5,85.14234,105320,58.93847322445879
2025-01-06 07:00:00,101656,22533,39863,33943,248,598,0,670,7126,-5.4,85.81367,104981,59.43551690305865
2025-01-06 06:00:00,103107,22718,40281,33947,200,616,0,670,7145,-5.35,85.15972,105577,59.6711404946153
2025-01-06 05:00:00,105120,25735,45465,33629,183,630,0,954,3354,-5.35,85.4889,109950,64.75670759436107
2025-01-06 04:00:00,107154,24371,41665,33938,179,624,0,836,5872,-5.3,85.49457,107485,61.43740987114481
2025-01-06 03:00:00,110196,25272,42283,33941,180,619,0,981,5269,-5.4,86.47795,108545,62.236860288359665
2025-01-06 02:00:00,113024,26057,43636,33954,180,619,0,1631,5183,-5.35,82.56656,111260,62.639762717957936
2025-01-06 01:00:00,114677,27358,45712,33934,181,604,0,2347,4078,-5.25,77.606834,114214,63.97639518798046
2025-01-06 00:00:00,115860,27643,46675,33928,178,638,0,2626,3622,-5.2,75.230865,115310,64.45061139536901
2025-01-05 23:00:00,115131,28026,47546,33939,180,635,0,2650,4571,-5.0,73.52404,117547,64.29087939292369
2025-01-05 22:00:00,110993,27027,47048,33943,182,639,0,3455,3918,-4.7,69.66003,116212,63.741265962207
2025-01-05 21:00:00,108881,26851,44726,33938,181,633,180,2095,2802,-4.4,64.9637,111406,64.24878372798592
2025-01-05 20:00:00,108268,26627,43780,33924,185,653,821,1526,2616,-4.4,64.199135,110132,63.9296480586932
2025-01-05 19:00:00,107624,26467,43185,33932,186,652,2200,1146,2385,-4.6,64.1508,110153,63.23204996686427
2025-01-05 18:00:00,107200,25450,42483,33944,186,641,3753,958,2429,-4.85,65.63094,109844,61.84498015367248
2025-01-05 17:00:00,106331,24052,42582,33954,187,642,4272,1056,2332,-5.35,67.35709,109077,61.088955508494
2025-01-05 16:00:00,106952,23391,41714,33959,187,644,4352,978,2121,-5.95,69.11687,107346,60.64967488308833
2025-01-05 15:00:00,107913,23824,42033,33950,190,642,4378,948,1823,-6.8,71.73584,107788,61.098638067317324
2025-01-05 14:00:00,109746,23556,43307,33952,367,616,4020,1198,1892,-7.95,75.62623,108908,61.394020641275205
2025-01-05 13:00:00,109692,24536,44220,33937,368,608,1384,3816,1921,-8.3,76.7826,110790,62.059752685260406
2025-01-05 12:00:00,107226,25047,44684,33931,369,615,0,4381,1770,-8.15,72.910706,110797,62.935819561901496
2025-01-05 11:00:00,105016,24716,44491,33919,190,622,0,2561,1921,-8.65,72.518265,108420,63.83231876037632
2025-01-05 10:00:00,103976,24091,43640,33899,192,618,0,1343,2405,-9.35,72.96742,106188,63.78404339473387
2025-01-05 09:00:00,104383,23678,43519,33887,188,613,0,842,2561,-11.65,75.5636,105288,63.82208798723501
2025-01-05 08:00:00,104692,24586,43632,33848,183,609,0,795,2800,-11.1,75.3549,106453,64.08274074004491
2025-01-05 07:00:00,105636,24111,43796,33851,184,625,0,869,3103,-12.0,77.07439,106539,63.73910023559448
2025-01-05 06:00:00,107331,25091,43844,33764,183,627,0,891,3247,-11.1,76.60111,107647,64.03801313552631
2025-01-05 05:00:00,109102,22220,42159,33932,169,879,41,836,7776,-10.55,76.075165,108012,59.60356256712217
2025-01-05 04:00:00,110821,25775,46343,33652,361,624,0,1215,3315,-10.6,76.066154,111285,64.80478051848857
2025-01-05 03:00:00,113493,26160,46894,33691,359,627,0,1630,3402,-10.55,74.53692,112763,64.78543493876538
2025-01-05 02:00:00,115336,26046,47570,33926,185,624,0,2741,3418,-10.4,73.05637,114510,64.28783512356999
2025-01-05 01:00:00,116125,26035,48949,33932,184,631,0,3798,3160,-10.05,71.64725,116689,64.25969885764725
2025-01-05 00:00:00,116431,25848,48623,33902,181,641,0,4562,3480,-9.5,68.89237,117237,63.521755077322005
2025-01-04 23:00:00,114546,25665,48912,33916,181,638,10,5354,3247,-8.3,67.49668,117923,63.242115617818406
2025-01-04 22:00:00,109749,24483,47418,33907,182,636,15,5160,3386,-7.05,63.551777,115187,62.42110654848203
2025-01-04 21:00:00,107804,23413,45320,33920,184,642,1490,2300,3575,-6.25,60.74451,110844,62.00876908087041
2025-01-04 20:00:00,107175,22872,42214,33927,179,669,5432,1592,4034,-6.25,63.239082,110919,58.67885574157719
2025-01-04 19:00:00,107911,22722,41081,33923,172,690,6295,1030,4407,-6.3,64.250084,110320,57.83448150833937
2025-01-04 18:00:00,108996,23244,41704,33920,171,660,5981,959,4528,-6.55,65.754005,111167,58.42381282215045
2025-01-04 17:00:00,109627,24485,42654,33926,172,654,5808,958,4614,-6.8,67.29572,113271,59.272894209462265
2025-01-04 16:00:00,108741,24288,43178,33919,176,668,5958,918,4431,-7.4,70.75849,113536,59.42256200676438
2025-01-04 15:00:00,108904,23768,43039,33934,178,679,6062,1042,4852,-8.1,73.803856,113554,58.832802014900395
2025-01-04 14:00:00,109541,23727,43457,33941,175,840,4882,1307,5699,-8.35,76.16158,114028,58.91886203388641
2025-01-04 13:00:00,108391,24739,44741,33938,419,817,1611,2557,5970,-8.2,75.88403,114792,60.52686598369225
2025-01-04 12:00:00,105629,24242,42776,33944,422,837,39,3490,6440,-7.1,72.5372,112190,59.73616186825921
2025-01-04 11:00:00,104623,24324,41818,33933,175,860,39,1084,6645,-6.95,72.56703,108878,60.748727934017886
2025-01-04 10:00:00,103271,24004,42818,33954,178,862,39,886,6655,-6.35,71.543015,109396,61.08267212695162
2025-01-04 09:00:00,102472,23076,42786,33924,181,853,39,683,6739,-6.25,73.28299,108281,60.82507549800981
2025-01-04 08:00:00,102562,22262,42587,33934,177,657,39,755,7276,-6.05,73.32176,107687,60.21989655204435
2025-01-04 07:00:00,103093,22384,42624,33921,173,650,39,746,7278,-6.2,75.64197,107815,60.29587719705051
2025-01-04 06:00:00,103732,22357,42701,33944,172,906,39,791,7594,-6.05,76.86741,108504,59.9590798495908
2025-01-04 05:00:00,105865,20350,39530,33923,183,696,0,909,5927,-5.9,75.99358,101518,58.984613566067104
2025-01-04 04:00:00,108406,23151,41666,33920,169,890,41,1210,7969,-5.6,74.57091,109016,59.45641006824687
2025-01-04 03:00:00,111208,23911,42713,33913,166,856,41,1442,8270,-5.5,73.42798,111312,59.85338507977577
2025-01-04 02:00:00,113166,24366,43672,33916,166,1091,41,2029,8233,-5.25,75.22178,113514,59.93798121817573
2025-01-04 01:00:00,114065,24322,44478,33902,166,1072,41,3080,8105,-4.95,72.67587,115166,59.73985377628814
2025-01-04 00:00:00,114940,24201,44775,33890,170,1058,41,3411,8406,-4.25,74.24162,115952,59.486684145163515
2025-01-03 23:00:00,114156,23584,45058,33868,182,1088,41,4806,8136,-4.1,76.309715,116763,58.78745835581477
2025-01-03 22:00:00,110020,22819,43588,33874,184,954,45,4854,8689,-4.0,75.15603,115007,57.741702678967364
2025-01-03 21:00:00,108562,21685,42697,33832,184,890,612,2218,8961,-3.65,72.08733,111079,57.96055059912315
2025-01-03 20:00:00,107821,22119,41870,33853,183,621,1690,1433,8983,-3.45,68.31337,110752,57.77683472984686
2025-01-03 19:00:00,107800,21544,41552,33851,266,674,2442,1128,8661,-3.15,69.179634,110118,57.298534299569546
2025-01-03 18:00:00,106781,21280,41816,33841,290,679,3412,1091,8252,-3.3,71.04927,110661,57.01737739583051
2025-01-03 17:00:00,107001,20852,41388,33900,328,695,3541,1182,7556,-3.15,68.91189,109442,56.87030573271687
2025-01-03 16:00:00,107675,21322,41290,33894,284,683,3518,1101,7380,-3.5,74.094734,109472,57.19453376205787
2025-01-03 15:00:00,109246,22145,42905,33890,344,703,3386,1113,7091,-2.95,80.09575,111577,58.30054581141275
2025-01-03 14:00:00,110854,21823,44076,33904,279,692,1946,2570,7014,-1.65,86.54383,112304,58.679120957401345
2025-01-03 13:00:00,109821,21936,44037,33936,198,678,628,4183,7439,-0.6,87.61988,113035,58.365108152342195
2025-01-03 12:00:00,105045,21245,42817,33927,198,669,1,5198,7519,0.4,89.99328,111574,57.41660243425888
2025-01-03 11:00:00,99764,20095,40425,33935,188,689,0,3728,7534,0.1,91.63266,106594,56.776178771788274
2025-01-03 10:00:00,98357,19605,39653,33939,190,681,0,967,7758,-0.25,91.27388,102793,57.647894311869486
2025-01-03 09:00:00,97620,19648,39180,33938,192,685,0,841,7686,-0.6,90.24678,102170,57.57854556131937
2025-01-03 08:00:00,97378,19235,38899,33925,185,678,0,812,7494,-0.85,90.2276,101228,57.42877464733078
2025-01-03 07:00:00,97663,19329,38985,33918,184,680,0,899,7044,-0.95,89.55499,101039,57.71434792505864
2025-01-03 06:00:00,98258,19860,39078,33914,185,689,0,868,6544,-0.7,86.64215,101138,58.274832407206
2025-01-03 05:00:00,99966,15964,38446,33912,185,709,0,685,5248,-0.9,85.66154,95149,57.18399562790991
2025-01-03 04:00:00,103088,21430,41141,33921,182,704,0,769,4694,-0.55,82.88324,102841,60.84246555362161
2025-01-03 03:00:00,106602,21859,44001,33912,189,698,0,891,4185,-0.85,83.15397,105735,62.287794959095855
2025-01-03 02:00:00,109556,22305,45733,33913,530,1078,0,2039,3394,-0.85,79.20963,108992,62.4247651203758
2025-01-03 01:00:00,110824,22444,47629,33910,532,1082,0,4077,2835,-1.1,76.534645,112509,62.28212854082784
2025-01-03 00:00:00,111514,21925,47846,33911,580,1079,0,4798,2529,-1.35,69.29765,112668,61.926190222600916
2025-01-02 23:00:00,110497,22254,47596,33907,578,1106,0,4781,2168,-0.85,66.807884,112390,62.149657442832996
2025-01-02 22:00:00,105313,22083,47062,33902,218,1100,6,4752,2184,0.9,56.854366,111307,62.12098071100649
2025-01-02 21:00:00,102728,20635,43875,33884,214,1096,1617,2458,2492,1.35,52.563866,106271,60.70329628967451
2025-01-02 20:00:00,102892,20164,41759,33893,201,960,4580,1255,2840,1.8,47.843754,105652,58.610343391511755
2025-01-02 19:00:00,102859,20299,41156,33890,180,762,5674,1144,3235,1.05,51.07684,106340,57.79104758322362
2025-01-02 18:00:00,102315,20442,41208,33891,190,770,5799,952,3420,-0.25,57.649624,106672,57.79398530073496
2025-01-02 17:00:00,102636,19810,41406,33907,200,743,5939,956,3550,-0.75,60.483894,106511,57.473875937696576
2025-01-02 16:00:00,103422,20144,41483,33909,192,796,5759,1039,3651,-0.45,68.701775,106973,57.60986417133296
2025-01-02 15:00:00,104114,20984,41613,33899,192,891,5220,993,3583,-0.55,70.528435,107375,58.29755529685681
2025-01-02 14:00:00,105539,21065,42356,33911,194,913,4533,1432,4016,-0.55,67.90148,108420,58.49566500645638
2025-01-02 13:00:00,104586,21374,43165,33908,205,896,1520,3729,4334,-0.6,75.76093,109131,59.13901641146878
2025-01-02 12:00:00,99584,19844,43129,33902,208,899,0,4638,4636,-1.45,71.69685,107256,58.712799283956144
2025-01-02 11:00:00,93184,18545,41748,33919,194,904,0,2643,4539,-1.7,67.3887,102492,58.82703040237287
2025-01-02 10:00:00,89719,17378,39688,33913,194,890,0,782,4414,-1.95,66.816124,97259,58.67426150793242
2025-01-02 09:00:00,89969,16738,37642,33915,195,702,0,676,4452,-2.35,68.5537,94320,57.654792196776924
2025-01-02 08:00:00,89725,16526,38299,33913,193,698,0,585,4857,-2.15,68.86162,95071,57.66742750155147
2025-01-02 07:00:00,89301,16267,38190,33912,190,700,0,578,4790,-1.95,68.11476,94627,57.54911388927051
2025-01-02 06:00:00,89689,16167,37895,33909,189,695,0,607,4699,-1.7,67.64808,94161,57.414428478881916
2025-01-02 05:00:00,90679,13924,29646,33867,185,710,0,748,7828,-1.1,67.52205,86908,50.13347447875914
2025-01-02 04:00:00,93232,16560,36977,33916,183,703,0,981,6065,-1.1,74.256836,95385,56.12727368034807
2025-01-02 03:00:00,96304,17280,38521,33894,181,870,0,984,6670,-1.3,76.212074,98400,56.708333333333336
2025-01-02 02:00:00,98089,17606,39464,33905,180,1095,0,1514,6962,-0.9,75.708405,100726,56.65865814188989
2025-01-02 01:00:00,99339,17924,40265,33898,178,1101,5,2134,7427,-0.85,78.32336,102932,56.531496521975676
2025-01-02 00:00:00,99908,17010,41005,33897,178,1102,5,3511,7726,-0.15,59.71139,104434,55.551831778922576
2025-01-01 23:00:00,99108,16879,40946,33889,178,1104,5,3635,7982,-0.15,55.05868,104618,55.27251524594238
2025-01-01 22:00:00,94354,15804,39262,33882,179,1106,0,4391,8155,0.25,54.321056,102779,53.577092596736684
2025-01-01 21:00:00,91074,14649,35833,33880,181,904,652,2305,9228,0.6,60.825665,97632,51.7064077351688
2025-01-01 20:00:00,90216,14580,31287,33885,183,828,3098,1562,9620,0.9,60.439148,95043,48.259208989615225
2025-01-01 19:00:00,89800,14691,30829,33845,180,741,4120,1193,9678,1.15,67.253914,95277,47.77648330656927
2025-01-01 18:00:00,89172,14897,30960,33864,184,729,4190,1017,9558,2.45,64.82862,95399,48.06863803603812
2025-01-01 17:00:00,87942,14863,31608,33865,186,710,4189,845,9278,2.8,62.300022,95544,48.63832370426191
2025-01-01 16:00:00,86612,14312,30328,33863,186,735,4066,915,9531,2.8,67.365715,93936,47.52171691364333
2025-01-01 15:00:00,84912,14073,28962,33870,188,736,4158,801,9150,2.35,83.55443,91938,46.80871891927168
2025-01-01 14:00:00,83944,13934,27840,33876,188,730,3641,805,8629,1.9,88.4949,89643,46.60040382405765
2025-01-01 13:00:00,83033,14112,29987,33858,190,736,1419,964,8124,1.95,82.29631,89390,49.33325875377559
2025-01-01 12:00:00,81300,14100,30208,33879,192,724,0,926,8174,1.55,79.28143,88203,50.23411902089499
2025-01-01 11:00:00,80676,13985,28526,33867,190,726,0,1081,8338,1.45,74.99787,86713,49.02494435667086
2025-01-01 10:00:00,80261,14004,28865,33867,191,736,0,600,8090,1.6,77.84422,86353,49.643903512327306
2025-01-01 09:00:00,80413,14050,28127,33870,190,731,0,622,8005,1.6,80.757545,85595,49.27507447864946
2025-01-01 08:00:00,80508,13942,28688,33874,191,719,0,590,8271,1.8,80.49067,86275,49.411764705882355
2025-01-01 07:00:00,81101,14051,28214,33879,188,695,0,598,8512,2.05,80.82127,86137,49.06718367252168
2025-01-01 06:00:00,81170,13987,29350,33860,185,694,0,717,8148,2.15,85.06084,86941,49.846447590894975
2025-01-01 05:00:00,82531,13878,35650,33595,191,681,0,659,6286,2.35,85.39213,90940,54.46228282383989
2025-01-01 04:00:00,84245,13544,30526,33850,184,688,0,905,8017,2.6,86.03909,87714,50.2428346672139
2025-01-01 03:00:00,86432,13744,31019,33845,183,713,0,926,8219,3.1,86.40195,88649,50.49464742975104
2025-01-01 02:00:00,88981,14077,32284,33845,182,710,0,1518,8242,3.5,88.00407,90858,51.02577648638535
2025-01-01 01:00:00,91598,14259,32504,33846,181,702,0,2627,8205,4.35,88.08153,92324,50.650968328928556
2025-01-01 00:00:00,94357,14383,34347,33816,180,716,0,3363,8388,7.9,94.686966,95193,51.19073881482882
